# Blender 5.2.2 LTS
# www.blender.org
mtllib esquina_07.mtl
g esquina_07_Holocron.007
v 3.907876 5.082652 -2.846751
v 2.679742 5.099771 -3.998704
v 3.532247 5.089259 -3.289365
v 3.111101 5.095056 -3.679739
v 2.170728 5.103930 -4.283185
v 4.262281 5.074288 -2.288686
v 3.903821 5.194274 -2.841367
v 2.675687 5.211396 -3.993319
v 3.528192 5.200879 -3.283978
v 3.107046 5.206679 -3.674354
v 2.166677 5.215552 -4.277800
v 4.258226 5.185910 -2.283300
v 4.133680 5.126853 -2.074329
v 3.750425 5.136253 -2.701413
v 3.375043 5.142863 -3.144255
v 4.061273 5.140669 -2.986706
v 4.386827 5.133345 -2.497657
v 2.376424 5.161603 -4.398441
v 2.833211 5.157792 -4.138725
v 3.685392 5.147271 -3.429088
v 4.691720 5.124909 -1.935757
v 2.522218 5.153377 -3.853299
v 1.960981 5.157880 -4.162545
v 2.953657 5.148660 -3.534407
v 1.874910 5.164881 -4.624175
v 3.264486 5.153075 -3.819685
v 0.528421 5.245538 -4.833163
v 4.937158 5.255953 -4.831415
v 4.933099 5.177026 -0.428670
v 5.179319 5.015682 -4.836083
v 5.182806 0.611396 -4.898926
v 5.175252 4.944723 -0.424526
v 4.940118 5.019785 -5.074538
v 0.521696 5.014796 -5.078556
v 4.943609 0.615832 -5.139529
v 2.874048 4.020752 -4.948216
v 4.052030 2.817840 -4.979099
v 3.324605 3.654778 -4.958579
v 3.723909 3.242180 -4.969124
v 4.347330 2.315124 -4.989927
v 2.308507 4.363023 -4.937012
v 2.869272 4.018370 -5.059914
v 4.047254 2.815457 -5.090798
v 3.319829 3.652398 -5.070277
v 3.719129 3.239799 -5.080820
v 4.342554 2.312743 -5.101625
v 2.303731 4.360642 -5.048709
v 2.097192 4.230748 -4.992686
v 2.732355 3.861122 -5.005042
v 3.183137 3.495403 -5.015404
v 3.010961 4.178002 -5.003088
v 2.515043 4.492916 -4.993033
v 4.458436 2.524121 -5.043742
v 4.189012 2.975163 -5.033971
v 3.461298 3.811773 -5.013452
v 1.946729 4.785611 -4.982564
v 3.910272 2.658134 -5.035927
v 4.231451 2.103746 -5.047808
v 3.582223 3.082557 -5.025950
v 4.694841 2.027642 -5.053868
v 3.860815 3.399419 -5.023994
v 5.080434 2.912343 -3.883341
v 5.060808 4.083304 -2.673353
v 5.082357 3.360426 -3.514199
v 5.075216 3.757337 -3.099226
v 5.035726 4.376395 -2.169856
v 5.066297 2.349648 -4.230160
v 5.190435 2.899105 -3.868177
v 5.170808 4.070065 -2.658190
v 5.192354 3.347187 -3.499037
v 5.185216 3.744098 -3.084063
v 5.145723 4.363156 -2.154692
v 5.176298 2.336410 -4.214997
v 5.090280 2.134579 -4.094440
v 5.107641 2.766578 -3.719632
v 5.109605 3.214885 -3.350743
v 5.163232 3.044869 -4.031885
v 5.152315 2.551480 -4.350717
v 5.121507 4.483319 -2.370178
v 5.143617 4.215896 -2.821971
v 5.165105 3.492730 -3.662493
v 5.132974 1.985908 -4.648236
v 5.087999 3.937474 -2.509572
v 5.059946 4.256229 -1.954371
v 5.102422 3.611580 -2.935527
v 5.092020 4.717746 -1.873531
v 5.158010 3.889854 -3.247762
v 3.324834 5.092280 -3.492676
v 3.727087 5.086034 -3.073205
v 2.896642 5.097547 -3.847940
v 2.450136 5.101810 -4.137657
v 1.812814 5.106344 -4.450925
v 4.078844 5.078984 -2.601887
v 4.477243 5.067961 -1.867562
v 3.320783 5.203902 -3.487292
v 3.723032 5.197654 -3.067821
v 2.892587 5.209168 -3.842554
v 2.446084 5.213433 -4.132272
v 1.808759 5.217967 -4.445539
v 4.074792 5.190606 -2.596501
v 4.473188 5.179584 -1.862176
v 3.924936 5.132460 -2.447864
v 3.569788 5.139638 -2.928010
v 4.228696 5.137136 -2.750525
v 2.610136 5.159787 -4.274581
v 3.880327 5.144050 -3.213017
v 4.709817 5.116475 -1.379388
v 2.286085 5.155457 -3.995347
v 3.167543 5.145886 -3.347485
v 4.410127 5.118322 -1.506705
v 1.406068 5.164763 -4.630050
v 4.540308 5.129224 -2.223032
v 2.129484 5.163276 -4.513556
v 2.739130 5.151149 -3.702543
v 1.492090 5.161036 -4.382910
v 3.478071 5.150296 -3.632483
v 3.050100 5.155566 -3.987951
v 2.856855 4.779076 -5.031161
v 5.130258 2.909748 -2.783860
v 4.693193 5.175983 -2.757898
v 3.463499 3.514337 -3.385616
v 2.732790 5.250746 -4.832289
v 4.935129 5.216491 -2.630044
v 2.730760 5.211283 -2.630916
v 5.181062 2.813538 -4.867505
v 5.177282 4.980202 -2.630303
v 5.179029 2.778059 -2.661727
v 2.730905 5.017291 -5.076546
v 4.941862 2.817808 -5.107033
v 2.732652 2.815313 -5.109042
v 3.471818 3.553842 -5.001946
v 3.470960 5.140206 -3.368935
v 5.082883 3.530520 -3.389756
v 2.858991 5.172740 -2.756206
v 5.131925 2.934752 -4.627392
v 4.701269 2.942575 -5.058652
v 2.860651 5.201666 -4.590996
v 5.129739 4.747100 -2.757888
v 2.857378 2.942060 -5.059281
v 3.532312 3.451817 -4.963884
v 3.104322 3.844899 -4.953340
v 3.896661 3.031417 -4.974180
v 4.195859 2.591303 -4.984094
v 4.522684 1.960944 -4.997194
v 2.625574 4.186392 -4.943059
v 1.882864 4.568850 -4.929376
v 3.527536 3.449435 -5.075583
v 3.099546 3.842519 -5.065038
v 3.891881 3.029037 -5.085880
v 4.191083 2.588921 -5.095792
v 4.517908 1.958560 -5.108893
v 2.620794 4.184012 -5.054756
v 1.878088 4.566470 -5.041073
v 2.475122 4.030117 -4.999740
v 2.962770 3.685427 -5.010165
v 2.771245 4.340285 -4.998072
v 4.329607 2.755085 -5.038834
v 3.241098 4.001990 -5.008211
v 1.390069 4.791730 -4.976629
v 4.057336 2.425140 -5.041055
v 3.390764 3.292347 -5.020712
v 1.523763 4.494887 -4.982600
v 4.710725 1.559087 -5.061176
v 2.237188 4.640433 -4.987846
v 4.578805 2.279746 -5.048770
v 3.754911 2.871722 -5.031007
v 4.461790 1.639758 -5.057317
v 3.669084 3.608901 -5.018758
v 4.033632 3.188731 -5.029052
v 5.079809 3.566916 -3.309944
v 5.082540 3.141379 -3.705813
v 5.068899 3.928981 -2.887596
v 5.050432 4.226100 -2.446347
v 5.015237 4.550314 -1.815486
v 5.075754 2.665154 -4.050904
v 5.050470 1.926030 -4.439666
v 5.189809 3.553676 -3.294780
v 5.192537 3.128140 -3.690649
v 5.178895 3.915742 -2.872432
v 5.160429 4.212859 -2.431182
v 5.125238 4.537075 -1.800322
v 5.185754 2.651916 -4.035740
v 5.160470 1.912793 -4.424504
v 5.102540 2.510668 -3.890632
v 5.109769 2.995753 -3.542261
v 5.158964 2.806399 -4.196013
v 5.133611 4.355483 -2.601427
v 5.165308 3.273766 -3.854203
v 5.085927 1.431309 -4.660459
v 5.077249 4.083477 -2.276102
v 5.107042 3.421294 -3.146397
v 5.067640 1.563846 -4.363600
v 5.046377 4.732528 -1.407111
v 5.143301 2.274976 -4.500570
v 5.107336 4.602700 -2.125676
v 5.096090 3.783160 -2.723824
v 5.033140 4.484689 -1.490131
v 5.162576 3.699298 -3.458328
v 5.151704 4.061564 -3.036204
v 0.039556 5.245726 -5.077917
v 4.080278 5.088950 -3.004923
v 4.078474 5.085074 -3.003324
v 4.080575 5.087481 -3.005214
v 4.080331 5.086229 -3.005013
v 4.079595 5.085383 -3.004349
v 3.281671 5.097480 -3.836286
v 3.283491 5.101357 -3.837900
v 3.282800 5.097789 -3.837317
v 3.283540 5.098635 -3.837987
v 3.283784 5.099887 -3.838191
v 3.737291 5.080227 -2.690193
v 3.735231 5.084167 -2.688241
v 3.736146 5.080514 -2.689137
v 3.735353 5.081363 -2.688395
v 3.735029 5.082644 -2.688081
v 2.938463 5.096578 -3.521238
v 2.940530 5.092636 -3.523195
v 2.938264 5.095056 -3.521076
v 2.938585 5.093772 -3.521393
v 2.939382 5.092921 -3.522136
v 3.704401 5.095549 -3.447305
v 3.702596 5.091677 -3.445708
v 3.704694 5.094081 -3.447597
v 3.704454 5.092830 -3.447397
v 3.703718 5.091985 -3.446732
v 3.359849 5.090778 -3.131082
v 3.361902 5.086839 -3.133026
v 3.359651 5.089257 -3.130922
v 3.359972 5.087973 -3.131234
v 3.360761 5.087124 -3.131974
v 2.507028 5.101296 -3.840130
v 2.509130 5.097350 -3.842118
v 2.506830 5.099771 -3.839971
v 2.507158 5.098486 -3.840293
v 2.507967 5.097636 -3.841047
v 2.850355 5.102195 -4.155291
v 2.852212 5.106086 -4.156936
v 2.851499 5.102505 -4.156336
v 2.852254 5.103354 -4.157016
v 2.852502 5.104611 -4.157226
v 1.945791 5.105807 -4.149375
v 1.948884 5.101850 -4.150904
v 1.945669 5.104280 -4.149182
v 1.946214 5.102992 -4.149405
v 1.947343 5.102137 -4.150009
v 2.392576 5.106011 -4.415468
v 2.395414 5.109920 -4.416645
v 2.394098 5.106322 -4.416335
v 2.395174 5.107173 -4.416863
v 2.395635 5.108436 -4.416972
v 0.926473 5.112599 -4.622862
v 0.939134 5.108523 -4.617896
v 0.925951 5.112549 -4.620970
v 0.929327 5.111058 -4.622221
v 0.932733 5.109743 -4.621054
v 0.925153 5.112856 -4.622753
v 0.927106 5.111224 -4.621965
v 0.929327 5.109936 -4.621013
v 0.927846 5.110334 -4.620852
v 0.935873 5.108823 -4.617785
v 0.932222 5.109693 -4.618333
v 0.936178 5.108852 -4.619534
v 0.932291 5.109292 -4.619590
v 0.929109 5.109917 -4.619860
v 0.924867 5.112830 -4.621728
v 0.928739 5.111002 -4.619451
v 0.926828 5.111197 -4.620664
v 0.925794 5.111310 -4.621588
v 1.893892 5.113230 -4.642368
v 1.895105 5.109265 -4.639475
v 1.894422 5.111731 -4.642568
v 1.894842 5.110453 -4.642088
v 1.895078 5.109586 -4.641002
v 4.405824 5.081638 -2.515868
v 4.404684 5.077733 -2.513194
v 4.406171 5.080163 -2.516078
v 4.406076 5.078902 -2.515646
v 4.405553 5.078049 -2.514632
v 4.119928 5.070843 -2.064260
v 4.118486 5.074768 -2.061158
v 4.119020 5.071124 -2.062765
v 4.118425 5.071966 -2.061650
v 4.118238 5.073248 -2.061085
v 4.707868 5.069348 -1.954615
v 4.710710 5.073226 -1.953961
v 4.709390 5.069648 -1.954782
v 4.710466 5.070489 -1.954715
v 4.710927 5.071747 -1.954427
v 4.712728 5.056045 -0.814252
v 4.710916 5.056020 -0.813736
v 4.707307 5.052257 -0.827655
v 4.712656 5.056243 -0.812921
v 4.711957 5.054563 -0.817297
v 4.711759 5.054680 -0.815040
v 4.711420 5.054747 -0.813702
v 4.710599 5.053832 -0.815868
v 4.709253 5.054543 -0.816705
v 4.707983 5.053310 -0.820393
v 4.711671 5.056231 -0.812642
v 4.710489 5.054671 -0.814759
v 4.709573 5.053456 -0.817191
v 4.709024 5.052513 -0.824550
v 4.710657 5.053323 -0.820913
v 4.707300 5.052506 -0.824238
v 4.709196 5.052892 -0.820511
v 4.710706 5.053462 -0.817412
v 4.037645 5.196173 -2.964189
v 4.042268 5.192391 -2.968489
v 4.038984 5.195899 -2.965421
v 4.040330 5.195086 -2.966671
v 4.041486 5.193852 -2.967748
v 3.245485 5.204797 -3.801469
v 3.240846 5.208580 -3.797152
v 3.244699 5.206258 -3.800726
v 3.243543 5.207490 -3.799645
v 3.242189 5.208306 -3.798391
v 3.765619 5.188340 -2.714586
v 3.770013 5.192372 -2.718558
v 3.766309 5.189870 -2.715197
v 3.767385 5.191173 -2.716166
v 3.768686 5.192052 -2.717347
v 2.973249 5.204780 -3.551556
v 2.968851 5.200746 -3.547580
v 2.971921 5.204459 -3.550344
v 2.970621 5.203578 -3.549163
v 2.969541 5.202275 -3.548192
v 3.661767 5.202775 -3.406574
v 3.666387 5.198998 -3.410869
v 3.663106 5.202503 -3.407804
v 3.664453 5.201690 -3.409054
v 3.665605 5.200459 -3.410129
v 3.394620 5.198982 -3.161390
v 3.390241 5.194951 -3.157428
v 3.393301 5.198661 -3.160182
v 3.392004 5.197783 -3.159006
v 3.390928 5.196481 -3.158038
v 2.541845 5.209495 -3.870480
v 2.537412 5.205454 -3.866471
v 2.540506 5.209170 -3.869255
v 2.539194 5.208291 -3.868062
v 2.538106 5.206985 -3.867084
v 2.814214 5.209500 -4.120512
v 2.809530 5.213298 -4.116156
v 2.813425 5.210968 -4.119767
v 2.812257 5.212205 -4.118676
v 2.810888 5.213021 -4.117409
v 1.981855 5.213990 -4.179138
v 1.976171 5.209953 -4.175714
v 1.980039 5.213673 -4.178137
v 1.978319 5.212792 -4.177135
v 1.976961 5.211486 -4.176284
v 2.357431 5.213288 -4.380237
v 2.351495 5.217113 -4.376465
v 2.356546 5.214765 -4.379533
v 2.355104 5.216008 -4.378568
v 2.353334 5.216834 -4.377491
v 0.956815 5.216695 -4.648866
v 0.956331 5.216691 -4.647306
v 0.975114 5.220644 -4.644752
v 0.960962 5.218228 -4.648743
v 0.958700 5.218288 -4.648652
v 0.957326 5.218304 -4.648405
v 0.960237 5.219059 -4.647926
v 0.960557 5.218201 -4.646312
v 0.965608 5.219485 -4.645476
v 0.955240 5.216948 -4.648036
v 0.958501 5.218276 -4.647512
v 0.961961 5.219365 -4.647065
v 0.970869 5.220364 -4.646517
v 0.965898 5.219517 -4.647919
v 0.970720 5.220342 -4.644928
v 0.966066 5.219926 -4.646758
v 0.962083 5.219380 -4.648098
v 1.854330 5.220366 -4.600354
v 1.855928 5.216544 -4.605981
v 1.854505 5.220095 -4.602087
v 1.854871 5.219275 -4.603764
v 1.855371 5.218026 -4.605131
v 4.364023 5.188830 -2.473785
v 4.367826 5.185058 -2.479444
v 4.365045 5.188563 -2.475537
v 4.366128 5.187752 -2.477226
v 4.367105 5.186521 -2.478598
v 4.148870 5.178936 -2.087501
v 4.152483 5.182993 -2.092918
v 4.149503 5.180470 -2.088222
v 4.150411 5.181777 -2.089505
v 4.151460 5.182662 -2.091155
v 4.672723 5.176600 -1.917551
v 4.667085 5.180449 -1.915462
v 4.671861 5.178077 -1.916975
v 4.670484 5.179326 -1.916376
v 4.668809 5.180160 -1.915845
v 4.742807 5.160181 -0.840556
v 4.738512 5.164449 -0.859192
v 4.741300 5.160186 -0.840078
v 4.742670 5.161770 -0.844794
v 4.741804 5.163140 -0.849823
v 4.742620 5.161778 -0.842480
v 4.742052 5.162938 -0.845922
v 4.741903 5.162589 -0.844037
v 4.738756 5.164078 -0.854726
v 4.739370 5.163138 -0.849525
v 4.740346 5.164081 -0.854880
v 4.740659 5.163566 -0.849977
v 4.741022 5.162938 -0.845793
v 4.742029 5.160378 -0.838976
v 4.740266 5.161773 -0.844381
v 4.741495 5.161779 -0.842281
v 4.742403 5.161770 -0.841080
v 4.690584 5.248390 -4.592096
v 4.694841 5.248327 -4.587841
v 4.699430 5.252726 -4.596576
v 4.692213 5.248384 -4.591774
v 4.693597 5.248370 -4.590852
v 4.692529 5.250029 -4.592421
v 4.693555 5.249966 -4.592103
v 4.694890 5.250846 -4.592094
v 4.695192 5.249989 -4.589733
v 4.696184 5.251408 -4.592058
v 4.694517 5.248350 -4.589471
v 4.694871 5.249946 -4.590774
v 4.697317 5.252375 -4.594846
v 4.694894 5.251428 -4.593386
v 4.696260 5.251883 -4.593439
v 5.175943 1.101673 -4.653267
v 5.175939 1.100378 -4.650266
v 5.180254 1.088003 -4.658078
v 5.175943 1.099530 -4.652413
v 5.177576 1.098697 -4.653658
v 5.178400 1.096608 -4.653870
v 5.177576 1.097607 -4.652749
v 5.178968 1.094281 -4.655103
v 5.179910 1.091299 -4.656262
v 1.030691 5.236534 -4.588809
v 1.017076 5.240870 -4.593342
v 1.029443 5.236477 -4.585793
v 1.027723 5.238164 -4.589136
v 1.029291 5.236527 -4.588579
v 1.025636 5.238984 -4.589311
v 1.020357 5.240510 -4.591588
v 1.022661 5.240024 -4.590744
v 1.028615 5.236495 -4.586946
v 1.026624 5.238144 -4.588230
v 4.691526 5.182533 -0.926915
v 4.688509 5.182502 -0.925668
v 4.696123 5.186532 -0.913192
v 4.690641 5.182498 -0.924786
v 4.691873 5.184111 -0.923922
v 4.692060 5.184890 -0.921817
v 4.690969 5.184087 -0.922820
v 4.692857 5.185401 -0.920255
v 4.695089 5.186269 -0.916068
v 4.693510 5.185849 -0.918819
v 1.017240 4.779231 -5.075278
v 1.016000 4.776224 -5.075323
v 1.003511 4.783833 -5.079520
v 1.015840 4.779002 -5.075281
v 1.014223 4.779601 -5.076908
v 1.012163 4.779786 -5.077730
v 1.015169 4.777373 -5.075308
v 1.013284 4.778893 -5.076863
v 1.006792 4.782092 -5.079203
v 1.009164 4.781229 -5.078736
v 5.174901 4.767857 -4.601440
v 5.179163 4.776719 -4.605812
v 5.174898 4.772057 -4.597120
v 5.176530 4.769807 -4.601753
v 5.177915 4.772175 -4.602695
v 5.174901 4.769480 -4.601095
v 5.176473 4.770827 -4.601418
v 5.177351 4.772155 -4.601404
v 5.178838 4.774952 -4.603741
v 5.177911 4.773448 -4.601362
v 5.178365 4.773539 -4.602734
v 5.174898 4.771756 -4.598756
v 5.174901 4.770852 -4.600151
v 5.176530 4.772431 -4.599037
v 5.176473 4.772124 -4.600076
v 5.171571 4.722166 -0.918576
v 5.175817 4.726484 -0.904688
v 5.171571 4.719142 -0.917375
v 5.173196 4.722467 -0.915516
v 5.174016 4.722602 -0.913473
v 5.175497 4.725463 -0.907697
v 5.175027 4.723975 -0.910431
v 5.171571 4.721257 -0.916459
v 5.173196 4.721490 -0.914564
v 4.696500 4.780257 -5.074026
v 4.705305 4.784868 -5.078213
v 4.700761 4.775998 -5.074091
v 4.698434 4.780628 -5.075649
v 4.700788 4.781634 -5.077017
v 4.698133 4.779932 -5.074030
v 4.699464 4.780308 -5.075598
v 4.703199 4.783123 -5.077915
v 4.702157 4.781708 -5.077467
v 4.701383 4.780334 -5.076857
v 4.700437 4.777628 -5.074064
v 4.699514 4.779009 -5.074045
v 4.701108 4.777956 -5.075691
v 4.700788 4.778985 -5.075617
v 4.701803 1.110483 -5.130198
v 4.706445 1.096877 -5.134619
v 4.698785 1.109229 -5.130219
v 4.702157 1.107551 -5.131869
v 4.701574 1.109082 -5.130221
v 4.702352 1.105457 -5.132718
v 4.705404 1.099744 -5.134270
v 4.703813 1.102488 -5.133767
v 4.699941 1.108403 -5.130231
v 4.701467 1.106534 -5.131829
v 5.170072 5.167521 0.055853
v 5.171205 5.163973 0.058252
v 5.174688 5.162982 0.055681
v 5.169561 5.167226 0.056911
v 5.169595 5.166449 0.057737
v 5.171838 5.167171 0.055826
v 5.171609 5.166727 0.057745
v 5.171571 5.166089 0.058989
v 5.172746 5.165536 0.058911
v 5.172536 5.162971 0.058183
v 5.173669 5.162431 0.057668
v 5.170171 5.165307 0.058208
v 5.171957 5.164737 0.058872
v 5.173315 5.164367 0.058958
v 5.174333 5.164716 0.055734
v 5.173334 5.166185 0.055784
v 5.174421 5.162435 0.056790
v 5.173929 5.164443 0.057686
v 0.037393 5.246768 -5.074135
v 0.039804 5.250209 -5.072964
v 0.038797 5.245228 -5.077349
v 0.039857 5.247497 -5.077231
v 0.037927 5.247250 -5.076840
v 0.036676 5.247189 -5.076235
v 0.036733 5.248347 -5.075653
v 0.037454 5.248081 -5.073082
v 0.037935 5.249194 -5.072489
v 0.037454 5.245772 -5.075478
v 0.036775 5.247542 -5.074875
v 0.036668 5.248887 -5.074473
v 0.039819 5.249904 -5.074726
v 0.039838 5.248952 -5.076224
v 0.038759 5.249943 -5.072449
v 0.037908 5.249499 -5.074503
v 5.174890 5.259182 -5.066263
v 5.179468 5.254627 -5.066340
v 5.174928 5.254698 -5.070862
v 5.176641 5.258830 -5.066267
v 5.178129 5.257840 -5.066284
v 5.174898 5.258859 -5.068003
v 5.176588 5.258352 -5.067950
v 5.177938 5.257676 -5.067917
v 5.177534 5.257283 -5.068897
v 5.179124 5.254654 -5.068068
v 5.178144 5.254676 -5.069535
v 5.179121 5.256363 -5.066309
v 5.178617 5.256332 -5.067980
v 5.177946 5.256310 -5.069319
v 5.174917 5.256431 -5.070492
v 5.174905 5.257892 -5.069487
v 5.176668 5.254692 -5.070515
v 5.176599 5.256363 -5.069990
v 5.176549 5.257697 -5.069298
v 5.185358 0.134778 -5.139781
v 5.181917 0.132254 -5.140958
v 5.180765 0.134789 -5.144437
v 5.185106 0.133683 -5.139281
v 5.184366 0.132819 -5.139329
v 5.185022 0.134792 -5.141551
v 5.184625 0.132847 -5.141350
v 5.184022 0.131582 -5.141331
v 5.183454 0.131659 -5.142512
v 5.180883 0.132345 -5.142291
v 5.180299 0.132857 -5.143420
v 5.183244 0.132317 -5.139918
v 5.182664 0.131675 -5.141719
v 5.182279 0.131597 -5.143085
v 5.182535 0.134797 -5.144070
v 5.184030 0.134798 -5.143056
v 5.180261 0.133715 -5.144173
v 5.182313 0.132861 -5.143685
v 1.030717 5.160326 -4.589806
v 1.029470 5.160285 -4.586788
v 1.036733 5.156010 -4.585607
v 1.028856 5.160323 -4.589766
v 1.027967 5.160317 -4.589178
v 1.031637 5.158688 -4.589314
v 1.029806 5.158646 -4.589216
v 1.030164 5.157844 -4.588301
v 1.030481 5.158651 -4.586525
v 1.032220 5.157263 -4.586210
v 1.028181 5.160302 -4.588133
v 1.029256 5.158627 -4.587889
v 1.030756 5.157498 -4.587560
v 1.034891 5.156352 -4.587042
v 1.033102 5.157294 -4.588343
v 1.034414 5.156337 -4.585886
v 1.032449 5.156748 -4.587369
v 4.690607 5.161416 -4.593275
v 4.690607 5.157098 -4.589073
v 4.694864 5.161359 -4.589019
v 4.690607 5.159781 -4.592973
v 4.690607 5.158387 -4.592068
v 4.692239 5.161412 -4.592952
v 4.692277 5.159734 -4.592583
v 4.692194 5.158600 -4.591850
v 4.692235 5.157423 -4.589068
v 4.693616 5.158348 -4.589059
v 4.690607 5.157444 -4.590698
v 4.692277 5.157837 -4.590734
v 4.693403 5.158585 -4.590641
v 4.694543 5.161381 -4.590649
v 4.693620 5.161400 -4.592030
v 4.694543 5.159728 -4.589041
v 4.694150 5.159711 -4.590713
v 4.693403 5.159811 -4.591835
v 4.691549 5.111716 -0.927819
v 4.687295 5.107536 -0.933892
v 4.688535 5.111698 -0.926572
v 4.691038 5.110098 -0.928759
v 4.690046 5.108735 -0.930243
v 4.691511 5.111691 -0.925957
v 4.690938 5.110032 -0.926928
v 4.690012 5.109248 -0.927300
v 4.687582 5.107829 -0.931568
v 4.687913 5.108724 -0.929360
v 4.688734 5.107836 -0.932045
v 4.689069 5.108195 -0.929598
v 4.689268 5.108921 -0.927893
v 4.689878 5.111682 -0.925283
v 4.690923 5.111678 -0.925067
v 4.688249 5.110081 -0.927607
v 4.689611 5.110024 -0.926380
v 5.087907 4.767831 -4.601520
v 5.087903 4.772034 -4.597198
v 5.083642 4.767771 -4.597261
v 5.087907 4.769457 -4.601171
v 5.087907 4.770827 -4.600229
v 5.086278 4.767828 -4.601198
v 5.086236 4.769494 -4.600780
v 5.086320 4.770607 -4.600018
v 5.086275 4.771708 -4.597206
v 5.084894 4.770785 -4.597219
v 5.087907 4.771731 -4.598834
v 5.086236 4.771341 -4.598882
v 5.085111 4.770590 -4.598810
v 5.083971 4.767794 -4.598892
v 5.084898 4.767814 -4.600275
v 5.083971 4.769402 -4.597239
v 5.084363 4.769466 -4.598908
v 5.085111 4.769399 -4.600036
v 5.088949 1.101651 -4.653345
v 5.084684 1.107593 -4.649004
v 5.088949 1.100355 -4.650346
v 5.087320 1.102558 -4.652817
v 5.085935 1.104008 -4.651807
v 5.088953 1.099788 -4.653331
v 5.087278 1.100726 -4.652748
v 5.086488 1.101073 -4.651816
v 5.085008 1.105280 -4.649321
v 5.085931 1.103092 -4.649687
v 5.085012 1.105776 -4.650469
v 5.085401 1.103340 -4.650839
v 5.086153 1.101650 -4.651064
v 5.088949 1.099088 -4.651708
v 5.088953 1.098890 -4.652757
v 5.087316 1.101363 -4.650048
v 5.087278 1.100159 -4.651429
v 5.084577 4.722142 -0.918653
v 5.084577 4.719121 -0.917453
v 5.080324 4.717965 -0.924768
v 5.084577 4.721895 -0.917256
v 5.082952 4.721837 -0.920048
v 5.083005 4.721459 -0.918357
v 5.083047 4.720938 -0.917285
v 5.082128 4.720465 -0.918470
v 5.082948 4.718385 -0.918677
v 5.081567 4.717910 -0.920498
v 5.084577 4.720258 -0.916607
v 5.083005 4.719821 -0.917706
v 5.081747 4.719508 -0.918999
v 5.080648 4.719575 -0.923358
v 5.081567 4.720937 -0.921700
v 5.080648 4.717759 -0.922637
v 5.081117 4.719481 -0.920951
v 5.081750 4.720801 -0.919512
v 1.017213 4.777899 -4.988295
v 1.023263 4.773576 -4.984101
v 1.015970 4.774892 -4.988343
v 1.018598 4.777551 -4.986670
v 1.020235 4.776608 -4.985302
v 1.015810 4.777670 -4.988301
v 1.016901 4.777197 -4.986735
v 1.018049 4.776503 -4.985485
v 1.017000 4.776188 -4.985873
v 1.021127 4.773407 -4.984427
v 1.018995 4.773596 -4.985350
v 1.021875 4.775212 -4.984400
v 1.019468 4.775156 -4.984873
v 1.017515 4.775218 -4.985504
v 1.015138 4.776043 -4.988325
v 1.017183 4.774118 -4.986723
v 1.016229 4.775567 -4.986759
v 1.015825 4.776688 -4.986780
v 4.696470 4.778925 -4.987046
v 4.700735 4.774666 -4.987108
v 4.696470 4.774600 -4.982849
v 4.698102 4.778601 -4.987049
v 4.699483 4.777678 -4.987063
v 4.696470 4.778576 -4.985420
v 4.698144 4.778185 -4.985384
v 4.699266 4.777437 -4.985480
v 4.700410 4.774642 -4.985480
v 4.699483 4.774620 -4.984095
v 4.700410 4.776297 -4.987082
v 4.700017 4.776311 -4.985411
v 4.699266 4.776209 -4.984289
v 4.696470 4.776236 -4.983149
v 4.696470 4.777631 -4.984053
v 4.698102 4.774605 -4.983174
v 4.698144 4.776283 -4.983538
v 4.698057 4.777419 -4.984270
v 4.701776 1.109153 -5.043217
v 4.698755 1.107898 -5.043236
v 4.697511 1.115084 -5.038867
v 4.701734 1.107292 -5.043246
v 4.701150 1.106399 -5.043259
v 4.701257 1.110040 -5.041574
v 4.701162 1.108211 -5.041560
v 4.700235 1.108557 -5.040765
v 4.698472 1.108884 -5.041590
v 4.698133 1.110595 -5.040183
v 4.700101 1.106613 -5.043256
v 4.699834 1.107661 -5.041569
v 4.699491 1.109137 -5.040421
v 4.698953 1.113252 -5.039220
v 4.700265 1.111481 -5.040169
v 4.697797 1.112771 -5.039227
v 4.699289 1.110820 -5.039647
v 3.028528 4.196560 -4.950981
v 3.026948 4.194663 -4.947144
v 3.028806 4.196838 -4.949507
v 3.028604 4.196574 -4.948258
v 3.027952 4.195810 -4.947430
v 3.876787 3.416061 -4.968048
v 3.878381 3.417977 -4.971890
v 3.877794 3.417215 -4.968334
v 3.878450 3.417985 -4.969167
v 3.878656 3.418253 -4.970413
v 2.721159 3.846860 -4.949289
v 2.719266 3.844820 -4.953272
v 2.720129 3.845696 -4.949599
v 2.719408 3.844901 -4.950463
v 2.719106 3.844593 -4.951753
v 3.569139 3.066256 -4.974180
v 3.571031 3.068302 -4.970195
v 3.568975 3.066030 -4.972663
v 3.569276 3.066339 -4.971372
v 3.570001 3.067138 -4.970506
v 3.478864 3.830331 -4.961344
v 3.477285 3.828433 -4.957507
v 3.479143 3.830609 -4.959869
v 3.478940 3.830345 -4.958624
v 3.478288 3.829581 -4.957792
v 3.170049 3.479100 -4.963633
v 3.171930 3.481132 -4.959652
v 3.169889 3.478874 -4.962115
v 3.170187 3.479179 -4.960827
v 3.170904 3.479974 -4.959961
v 3.897188 2.641833 -4.984163
v 3.899110 2.643914 -4.980174
v 3.897027 2.641608 -4.982643
v 3.897336 2.641926 -4.981351
v 3.898069 2.642735 -4.980483
v 4.204946 2.991761 -4.978027
v 4.206567 2.993713 -4.981880
v 4.205968 2.992931 -4.978314
v 4.206636 2.993713 -4.979147
v 4.206846 2.993989 -4.980398
v 4.218362 2.087447 -4.996052
v 4.219808 2.090510 -4.992036
v 4.218168 2.087296 -4.994527
v 4.218370 2.087826 -4.993228
v 4.218946 2.088953 -4.992354
v 4.474855 2.539740 -4.987818
v 4.475988 2.542663 -4.991676
v 4.475690 2.541285 -4.988100
v 4.476198 2.542383 -4.988932
v 4.476305 2.542867 -4.990187
v 4.713537 1.078677 -5.016679
v 4.708280 1.091162 -5.012427
v 4.711656 1.078112 -5.016648
v 4.712827 1.081487 -5.015095
v 4.711580 1.084849 -5.013731
v 4.713457 1.077357 -5.016957
v 4.712617 1.079267 -5.015297
v 4.711614 1.081446 -5.013980
v 4.711484 1.079967 -5.014403
v 4.708242 1.087902 -5.012778
v 4.708871 1.084278 -5.013704
v 4.709985 1.088246 -5.012795
v 4.710123 1.084368 -5.013295
v 4.710466 1.081201 -5.013969
v 4.712438 1.077051 -5.016939
v 4.710069 1.080840 -5.015063
v 4.711324 1.078961 -5.015280
v 4.712270 1.077949 -5.015406
v 4.712381 2.046173 -5.001831
v 4.709444 2.047262 -4.997863
v 4.712564 2.046686 -5.000325
v 4.712072 2.047074 -4.999044
v 4.710977 2.047275 -4.998179
v 2.532606 4.511469 -4.940943
v 2.529935 4.510209 -4.937070
v 2.532800 4.511797 -4.939462
v 2.532365 4.511672 -4.938205
v 2.531358 4.511115 -4.937365
v 2.087160 4.215893 -4.936954
v 2.084108 4.214446 -4.940916
v 2.085683 4.214957 -4.937256
v 2.084585 4.214354 -4.938114
v 2.084032 4.214174 -4.939401
v 1.964979 4.801268 -4.926659
v 1.964281 4.804155 -4.930496
v 1.965116 4.802799 -4.926933
v 1.965028 4.803883 -4.927758
v 1.964738 4.804362 -4.929010
v 0.824724 4.781649 -4.918984
v 0.824247 4.779826 -4.918991
v 0.838220 4.776454 -4.915216
v 0.823396 4.781550 -4.919193
v 0.827779 4.780921 -4.917500
v 0.825525 4.780676 -4.917633
v 0.824193 4.780310 -4.917711
v 0.826375 4.779522 -4.916799
v 0.827241 4.778203 -4.917528
v 0.830949 4.776992 -4.916296
v 0.823137 4.780564 -4.919197
v 0.825269 4.779402 -4.917646
v 0.827714 4.778517 -4.916434
v 0.835081 4.778111 -4.915461
v 0.831415 4.779677 -4.916262
v 0.834806 4.776379 -4.915484
v 0.831041 4.778201 -4.915857
v 0.827913 4.779656 -4.916419
v 2.989213 4.154793 -5.059072
v 2.993394 4.159444 -5.055197
v 2.990415 4.156151 -5.058770
v 2.991632 4.157514 -5.057928
v 2.992681 4.158669 -5.056673
v 3.843248 3.380863 -5.076101
v 3.839052 3.376194 -5.079981
v 3.842531 3.380086 -5.077580
v 3.841482 3.378927 -5.078836
v 3.840261 3.377559 -5.079679
v 2.745443 3.877426 -5.056814
v 2.749338 3.881967 -5.060756
v 2.746046 3.878155 -5.058329
v 2.746999 3.879273 -5.059610
v 2.748155 3.880610 -5.060463
v 3.599210 3.103406 -5.081661
v 3.595308 3.098861 -5.077718
v 3.598024 3.102049 -5.081369
v 3.596868 3.100710 -5.080515
v 3.595914 3.099588 -5.079233
v 3.439550 3.788568 -5.069439
v 3.443727 3.793214 -5.065565
v 3.440752 3.789925 -5.069138
v 3.441968 3.791286 -5.068296
v 3.443014 3.792439 -5.067042
v 3.200113 3.516238 -5.071118
v 3.196226 3.511707 -5.067178
v 3.198930 3.514886 -5.070824
v 3.197778 3.513551 -5.069971
v 3.196828 3.512435 -5.068690
v 3.927293 2.679018 -5.091641
v 3.923357 2.674434 -5.087691
v 3.926095 2.677648 -5.091345
v 3.924928 2.676295 -5.090491
v 3.923967 2.675166 -5.089208
v 4.171449 2.956608 -5.086065
v 4.167211 2.951894 -5.089956
v 4.170724 2.955827 -5.087547
v 4.169668 2.954657 -5.088808
v 4.168432 2.953275 -5.089654
v 4.247854 2.125863 -5.103495
v 4.244535 2.120045 -5.099567
v 4.246889 2.124019 -5.103211
v 4.245920 2.122268 -5.102363
v 4.245092 2.120871 -5.101084
v 4.440881 2.505575 -5.095816
v 4.437257 2.499624 -5.099754
v 4.440202 2.504698 -5.097308
v 4.439275 2.503259 -5.098582
v 4.438241 2.501476 -5.099439
v 4.739370 1.111224 -5.120149
v 4.737821 1.110707 -5.120159
v 4.734884 1.129493 -5.123829
v 4.739412 1.109916 -5.120426
v 4.739164 1.115393 -5.121617
v 4.739122 1.113128 -5.121713
v 4.738904 1.111751 -5.121753
v 4.738367 1.114662 -5.122464
v 4.736742 1.114932 -5.121609
v 4.735807 1.119986 -5.122815
v 4.737989 1.112907 -5.121710
v 4.737474 1.116370 -5.122747
v 4.736738 1.125280 -5.123606
v 4.738241 1.120330 -5.122832
v 4.735155 1.125099 -5.123594
v 4.737081 1.120477 -5.123244
v 4.738504 1.116518 -5.122752
v 4.671724 2.007450 -5.109791
v 4.677293 2.009106 -5.105917
v 4.673448 2.007655 -5.109510
v 4.675115 2.008043 -5.108675
v 4.676466 2.008551 -5.107413
v 2.491926 4.470503 -5.048992
v 2.497480 4.474364 -5.045132
v 2.493650 4.471558 -5.048700
v 2.495313 4.472661 -5.047864
v 2.496660 4.473647 -5.046611
v 2.110281 4.247052 -5.044456
v 2.115640 4.250844 -5.048427
v 2.110994 4.247723 -5.045974
v 2.112264 4.248679 -5.047260
v 2.113897 4.249775 -5.048122
v 1.929174 4.767064 -5.034642
v 1.927225 4.761445 -5.038587
v 1.928625 4.766213 -5.036133
v 1.928060 4.764846 -5.037407
v 1.927568 4.763171 -5.038269
v 0.850866 4.813946 -5.022498
v 0.869607 4.810117 -5.026740
v 0.850420 4.812428 -5.022528
v 0.855112 4.813921 -5.024068
v 0.860166 4.813187 -5.025426
v 0.849542 4.813960 -5.022699
v 0.852800 4.813825 -5.024089
v 0.856260 4.813349 -5.025239
v 0.854375 4.813153 -5.024902
v 0.865137 4.810259 -5.026387
v 0.859918 4.810750 -5.025464
v 0.865255 4.811850 -5.026364
v 0.860345 4.812052 -5.025869
v 0.856153 4.812317 -5.025255
v 0.854749 4.811510 -5.024108
v 0.852624 4.812697 -5.024108
v 0.851404 4.813577 -5.024090
v 5.115087 3.066356 -4.056138
v 5.110948 3.065073 -4.054709
v 5.113679 3.066747 -4.056580
v 5.112398 3.066641 -4.056464
v 5.111436 3.066053 -4.055806
v 5.105722 3.910043 -3.270569
v 5.109865 3.911341 -3.272015
v 5.106214 3.911027 -3.271672
v 5.107175 3.911620 -3.272335
v 5.108457 3.911731 -3.272455
v 5.049928 2.759627 -3.711986
v 5.053495 2.757440 -3.709521
v 5.050024 2.758576 -3.710805
v 5.050733 2.757791 -3.709924
v 5.051954 2.757392 -3.709471
v 5.048280 3.602441 -2.925415
v 5.044713 3.604634 -2.927887
v 5.046739 3.602392 -2.925367
v 5.045518 3.602795 -2.925818
v 5.044809 3.603580 -2.926705
v 5.116956 3.514217 -3.686748
v 5.112821 3.512934 -3.685318
v 5.115549 3.514606 -3.687189
v 5.114271 3.514499 -3.687073
v 5.113313 3.513912 -3.686415
v 5.055459 3.205747 -3.340631
v 5.051893 3.207926 -3.343088
v 5.053918 3.205698 -3.340580
v 5.052698 3.206095 -3.341030
v 5.051988 3.206877 -3.341911
v 5.033861 3.928335 -2.499462
v 5.030294 3.930558 -2.501968
v 5.032320 3.928288 -2.499414
v 5.031099 3.928695 -2.499874
v 5.030389 3.929493 -2.500771
v 5.091318 4.236047 -2.844737
v 5.095483 4.237375 -2.846217
v 5.091814 4.237044 -2.845856
v 5.092782 4.237648 -2.846532
v 5.094068 4.237764 -2.846658
v 5.005815 4.247092 -1.944262
v 5.002298 4.248840 -1.947751
v 5.004274 4.247009 -1.944289
v 5.003061 4.247313 -1.944962
v 5.002370 4.247956 -1.946177
v 5.069154 4.503952 -2.391964
v 5.073396 4.504792 -2.394413
v 5.069673 4.504766 -2.393457
v 5.070661 4.505212 -2.394448
v 5.071970 4.505219 -2.394782
v 4.947073 4.738193 -0.935001
v 4.943906 4.733290 -0.947944
v 4.946832 4.736320 -0.934462
v 4.945772 4.737611 -0.937983
v 4.944715 4.736474 -0.941490
v 4.947187 4.738093 -0.933657
v 4.945703 4.737386 -0.935756
v 4.944574 4.736485 -0.938081
v 4.944810 4.736323 -0.936566
v 4.943876 4.733222 -0.944666
v 4.944421 4.733773 -0.940952
v 4.944059 4.734959 -0.944988
v 4.944120 4.735056 -0.941076
v 4.944448 4.735341 -0.937851
v 4.947061 4.737078 -0.933366
v 4.945459 4.734861 -0.937369
v 4.945550 4.736094 -0.935465
v 4.945634 4.737029 -0.934438
v 5.043935 4.739204 -1.897753
v 5.039911 4.736578 -1.899320
v 5.042516 4.739501 -1.898432
v 5.041254 4.739105 -1.898969
v 5.040338 4.738078 -1.899281
v 5.104181 2.572962 -4.374964
v 5.100000 2.570594 -4.374182
v 5.102766 2.573272 -4.375458
v 5.101472 2.572931 -4.375482
v 5.100503 2.571989 -4.375034
v 5.032609 2.128787 -4.086194
v 5.036138 2.125439 -4.084331
v 5.032690 2.127291 -4.085243
v 5.033388 2.126130 -4.084556
v 5.034597 2.125480 -4.084234
v 5.080781 2.008363 -4.670038
v 5.084863 2.007380 -4.672472
v 5.081239 2.008479 -4.671527
v 5.082174 2.008334 -4.672510
v 5.083448 2.007949 -4.672844
v 4.985143 0.871955 -4.662622
v 4.984903 0.871476 -4.660814
v 4.981828 0.885693 -4.657762
v 4.985239 0.870613 -4.662512
v 4.983819 0.875110 -4.662039
v 4.983751 0.872855 -4.661802
v 4.983686 0.871521 -4.661443
v 4.982858 0.873763 -4.660743
v 4.983491 0.874574 -4.659342
v 4.982412 0.878363 -4.658245
v 4.985109 0.870354 -4.661534
v 4.983598 0.872599 -4.660536
v 4.982481 0.875129 -4.659774
v 4.982023 0.882545 -4.659410
v 4.982725 0.878831 -4.660912
v 4.981824 0.882270 -4.657690
v 4.982122 0.878487 -4.659496
v 4.982614 0.875327 -4.660904
v 5.214368 3.018914 -4.002606
v 5.211381 3.023381 -4.007631
v 5.214319 3.020136 -4.003979
v 5.213731 3.021415 -4.005416
v 5.212701 3.022554 -4.006698
v 5.206159 3.868367 -3.223510
v 5.209146 3.863884 -3.218467
v 5.207479 3.867538 -3.222575
v 5.208509 3.866396 -3.221288
v 5.209093 3.865111 -3.219846
v 5.161783 2.775720 -3.729743
v 5.166505 2.779309 -3.733763
v 5.163415 2.776206 -3.730287
v 5.164884 2.777060 -3.731241
v 5.165967 2.778150 -3.732461
v 5.161287 3.624316 -2.949661
v 5.156564 3.620720 -2.945637
v 5.160753 3.623155 -2.948358
v 5.159666 3.622064 -2.947137
v 5.158193 3.621208 -2.946182
v 5.216241 3.466775 -3.633218
v 5.213258 3.471240 -3.638237
v 5.216192 3.467997 -3.634588
v 5.215608 3.469275 -3.636024
v 5.214578 3.470413 -3.637305
v 5.168466 3.227607 -3.364861
v 5.163747 3.224025 -3.360854
v 5.167932 3.226452 -3.363565
v 5.166845 3.225366 -3.362348
v 5.165376 3.224513 -3.361397
v 5.146871 3.950241 -2.523742
v 5.142133 3.946612 -2.519682
v 5.146329 3.949068 -2.522426
v 5.145242 3.947964 -2.521192
v 5.143766 3.947103 -2.520230
v 5.191751 4.194414 -2.797724
v 5.194742 4.189886 -2.792634
v 5.193075 4.193579 -2.796785
v 5.194108 4.192428 -2.795486
v 5.194696 4.191131 -2.794029
v 5.118886 4.268387 -1.969777
v 5.114076 4.265370 -1.964480
v 5.118322 4.267447 -1.967988
v 5.117208 4.266543 -1.966353
v 5.115716 4.265815 -1.965122
v 5.169622 4.461846 -2.345939
v 5.172563 4.457927 -2.339610
v 5.170949 4.461057 -2.344902
v 5.171972 4.460034 -2.343335
v 5.172540 4.458936 -2.341476
v 5.055254 4.756139 -0.955178
v 5.055089 4.754595 -0.954679
v 5.060670 4.751409 -0.972946
v 5.057172 4.755830 -0.959152
v 5.057004 4.755778 -0.956893
v 5.056867 4.755555 -0.955523
v 5.057870 4.754970 -0.958337
v 5.056932 4.753413 -0.958722
v 5.058637 4.752393 -0.963612
v 5.055292 4.755324 -0.953577
v 5.056890 4.754647 -0.956685
v 5.058279 4.754056 -0.960011
v 5.060102 4.753268 -0.968768
v 5.058877 4.754821 -0.963924
v 5.059949 4.751691 -0.968607
v 5.059213 4.753633 -0.964037
v 5.058378 4.755084 -0.960146
v 5.143339 4.690432 -1.847270
v 5.140111 4.696283 -1.849305
v 5.143213 4.692175 -1.847490
v 5.142557 4.693900 -1.847954
v 5.141466 4.695342 -1.848591
v 5.203416 2.524158 -4.322245
v 5.200452 2.529996 -4.326469
v 5.203378 2.525904 -4.323310
v 5.202798 2.527626 -4.324486
v 5.201776 2.529063 -4.325595
v 5.144422 2.143719 -4.104552
v 5.149198 2.148763 -4.107809
v 5.146059 2.144316 -4.105037
v 5.147539 2.145487 -4.105827
v 5.148641 2.147048 -4.106800
v 5.181093 1.964434 -4.623996
v 5.184206 1.962186 -4.617980
v 5.182432 1.963773 -4.622984
v 5.183492 1.963113 -4.621485
v 5.184118 1.962556 -4.619728
v 5.093362 0.890202 -4.682542
v 5.098531 0.908566 -4.678067
v 5.093183 0.889755 -4.681036
v 5.095232 0.894316 -4.682296
v 5.096876 0.899254 -4.681360
v 5.095071 0.892011 -4.682221
v 5.096414 0.895373 -4.681582
v 5.095914 0.893521 -4.681442
v 5.097864 0.904133 -4.678292
v 5.096612 0.899002 -4.678935
v 5.098032 0.904258 -4.679875
v 5.097196 0.899400 -4.680180
v 5.096303 0.895263 -4.680556
v 5.093366 0.888627 -4.681730
v 5.094968 0.893952 -4.679897
v 5.094945 0.891835 -4.681099
v 5.094938 0.890621 -4.681987
v 3.495267 5.094703 -3.649096
v 3.497079 5.098577 -3.650700
v 3.496393 5.095010 -3.650123
v 3.497129 5.095855 -3.650789
v 3.497373 5.097106 -3.650991
v 3.556650 5.083613 -2.916784
v 3.554597 5.087553 -2.914838
v 3.555509 5.083898 -2.915729
v 3.554716 5.084748 -2.914990
v 3.554395 5.086032 -2.914676
v 3.897531 5.088454 -3.229638
v 3.899335 5.092328 -3.231234
v 3.898653 5.088764 -3.230663
v 3.899389 5.089609 -3.231325
v 3.899629 5.090860 -3.231527
v 3.154409 5.089862 -3.336262
v 3.152349 5.093801 -3.334314
v 3.153265 5.090146 -3.335207
v 3.152471 5.090996 -3.334466
v 3.152151 5.092280 -3.334152
v 2.726018 5.095124 -3.691344
v 2.723936 5.099070 -3.689373
v 2.724863 5.095409 -3.690280
v 2.724061 5.096261 -3.689533
v 2.723737 5.097544 -3.689214
v 3.067266 5.099971 -4.004537
v 3.069105 5.103855 -4.006166
v 3.068403 5.100282 -4.005575
v 3.069150 5.101129 -4.006248
v 3.069398 5.102384 -4.006455
v 2.627141 5.104195 -4.291193
v 2.629129 5.108093 -4.292789
v 2.628335 5.104505 -4.292220
v 2.629137 5.105353 -4.292885
v 2.629415 5.106616 -4.293084
v 2.273130 5.099432 -3.984118
v 2.270895 5.103383 -3.982178
v 2.271917 5.099719 -3.983065
v 2.271066 5.100570 -3.982327
v 2.270708 5.101858 -3.982015
v 1.417127 5.108895 -4.628685
v 1.407945 5.113085 -4.632543
v 1.413660 5.109231 -4.630222
v 1.410696 5.110146 -4.631495
v 1.408689 5.111499 -4.632309
v 2.143487 5.107699 -4.531558
v 2.148469 5.111609 -4.531754
v 2.145830 5.108006 -4.532052
v 2.147600 5.108855 -4.532264
v 2.148530 5.110120 -4.532157
v 1.482126 5.104990 -4.370287
v 1.476900 5.108966 -4.369740
v 1.479768 5.105286 -4.369769
v 1.477945 5.106143 -4.369482
v 1.476938 5.107436 -4.369472
v 3.911726 5.076435 -2.436790
v 3.909742 5.080375 -2.434691
v 3.910608 5.076718 -2.435678
v 3.909841 5.077567 -2.434888
v 3.909536 5.078851 -2.434542
v 4.245985 5.081536 -2.767003
v 4.247701 5.085421 -2.768740
v 4.247072 5.081847 -2.768082
v 4.247781 5.082694 -2.768791
v 4.248003 5.083949 -2.769021
v 4.707586 5.060799 -1.390889
v 4.711694 5.064812 -1.381881
v 4.709207 5.061063 -1.387502
v 4.710554 5.061919 -1.384601
v 4.711427 5.063235 -1.382627
v 4.395223 5.062348 -1.499053
v 4.394937 5.066239 -1.493534
v 4.394758 5.062615 -1.496630
v 4.394536 5.063446 -1.494731
v 4.394601 5.064721 -1.493644
v 4.559343 5.073579 -2.236424
v 4.559301 5.077528 -2.241240
v 4.559762 5.073909 -2.238685
v 4.559900 5.074773 -2.240393
v 4.559740 5.076044 -2.241290
v 3.459066 5.202024 -3.614265
v 3.454443 5.205801 -3.609962
v 3.458284 5.203483 -3.613524
v 3.457128 5.204713 -3.612447
v 3.455781 5.205529 -3.611196
v 3.584985 5.191728 -2.941182
v 3.589368 5.195757 -2.945146
v 3.585676 5.193255 -2.941792
v 3.586751 5.194557 -2.942760
v 3.588048 5.195436 -2.943938
v 3.861322 5.195775 -3.194798
v 3.856706 5.199553 -3.190504
v 3.860540 5.197234 -3.194057
v 3.859388 5.198465 -3.192983
v 3.858041 5.199281 -3.191735
v 3.182737 5.197973 -3.360656
v 3.187124 5.202004 -3.364624
v 3.183427 5.199503 -3.361268
v 3.184507 5.200805 -3.362236
v 3.185804 5.201684 -3.363415
v 2.754320 5.203233 -3.715715
v 2.758733 5.207269 -3.719707
v 2.755014 5.204762 -3.716328
v 2.756097 5.206067 -3.717303
v 2.757402 5.206948 -3.718488
v 3.031099 5.207283 -3.969736
v 3.026441 5.211070 -3.965402
v 3.030313 5.208747 -3.968992
v 3.029153 5.209979 -3.967907
v 3.027792 5.210797 -3.966647
v 2.591138 5.211489 -4.256372
v 2.586282 5.215295 -4.252076
v 2.590333 5.212958 -4.255630
v 2.589132 5.214198 -4.254551
v 2.587709 5.215018 -4.253304
v 2.301275 5.207535 -4.008518
v 2.305879 5.211576 -4.012464
v 2.301984 5.209067 -4.009128
v 2.303106 5.210374 -4.010093
v 2.304475 5.211255 -4.011265
v 1.404191 5.216423 -4.627558
v 1.414739 5.220505 -4.622551
v 1.404947 5.218006 -4.627116
v 1.407220 5.219339 -4.626008
v 1.410657 5.220215 -4.624406
v 2.110498 5.214954 -4.495355
v 2.101827 5.218808 -4.492822
v 2.109403 5.216434 -4.494744
v 2.107370 5.217687 -4.494048
v 2.104711 5.218520 -4.493374
v 1.507280 5.213107 -4.396077
v 1.515665 5.217128 -4.398253
v 1.508276 5.214639 -4.396553
v 1.510217 5.215941 -4.397134
v 1.512815 5.216816 -4.397731
v 3.940130 5.184543 -2.461036
v 3.944421 5.188579 -2.465193
v 3.940813 5.186072 -2.461660
v 3.941869 5.187375 -2.462669
v 3.943136 5.188256 -2.463911
v 4.209695 5.188854 -2.732309
v 4.205179 5.192637 -2.727830
v 4.208921 5.190318 -2.731555
v 4.207788 5.191549 -2.730439
v 4.206476 5.192366 -2.729131
v 4.707941 5.168124 -1.376896
v 4.702825 5.172442 -1.386971
v 4.707506 5.169728 -1.377601
v 4.706380 5.171113 -1.379763
v 4.704736 5.172066 -1.383052
v 4.425321 5.170405 -1.519876
v 4.427499 5.174507 -1.528291
v 4.425844 5.171941 -1.520826
v 4.426443 5.173262 -1.522758
v 4.427022 5.174161 -1.525380
v 4.521307 5.180926 -2.204822
v 4.518945 5.184669 -2.196543
v 4.520692 5.182391 -2.203775
v 4.520029 5.183617 -2.201835
v 4.519414 5.184415 -2.199296
v 4.726106 5.108103 -0.826907
v 4.727769 5.108111 -0.827406
v 4.726789 5.108084 -0.825753
v 0.941141 5.164619 -4.634138
v 0.941648 5.164645 -4.635869
v 0.939977 5.164629 -4.634818
v 2.607351 5.254697 -5.069624
v 2.607343 5.250241 -5.074229
v 2.606611 5.254381 -5.071375
v 2.606351 5.253424 -5.072861
v 2.606607 5.251969 -5.073864
v 5.182413 2.694628 -5.103072
v 5.177858 2.694699 -5.107648
v 5.182077 2.693922 -5.104827
v 5.181089 2.693688 -5.106312
v 5.179609 2.693961 -5.107304
v 2.609647 2.689517 -5.107545
v 2.610330 2.690312 -5.111014
v 2.609167 2.689063 -5.108884
v 2.609128 2.689054 -5.110015
v 5.177076 5.208813 -2.505216
v 5.172494 5.213353 -2.505175
v 5.176729 5.210533 -2.504459
v 5.175733 5.211999 -2.504188
v 5.174249 5.212990 -2.504438
v 2.604295 5.205371 -2.507946
v 2.604997 5.208864 -2.508544
v 2.603811 5.206694 -2.507442
v 2.603773 5.207822 -2.507380
v 5.176561 2.648115 -2.541350
v 5.180021 2.648940 -2.542031
v 5.177892 2.647639 -2.540876
v 5.179018 2.647630 -2.540840
v 2.860639 5.242461 -4.590454
v 2.858232 5.246797 -4.594948
v 2.860452 5.244097 -4.590776
v 2.859933 5.245495 -4.591747
v 2.859151 5.246445 -4.593210
v 4.697763 5.219630 -2.754910
v 4.693185 5.215430 -2.757379
v 4.696012 5.219329 -2.755837
v 4.694524 5.218426 -2.756633
v 4.693532 5.217055 -2.757174
v 2.856527 5.213703 -2.753292
v 2.858976 5.209489 -2.755731
v 2.857461 5.213397 -2.754209
v 2.858259 5.212487 -2.754992
v 2.858789 5.211116 -2.755527
v 5.175424 2.934765 -4.627354
v 5.179708 2.932453 -4.631932
v 5.177053 2.934590 -4.627700
v 5.178445 2.934089 -4.628693
v 5.179376 2.933338 -4.630177
v 5.173234 4.747113 -2.757849
v 5.177492 4.751595 -2.755394
v 5.174863 4.747455 -2.757661
v 5.176248 4.748426 -2.757128
v 5.177167 4.749879 -2.756330
v 5.178033 2.907172 -2.781416
v 5.173753 2.909760 -2.783821
v 5.177701 2.908163 -2.782336
v 5.176775 2.909002 -2.783114
v 5.175386 2.909565 -2.783637
v 2.854467 4.784341 -5.078867
v 2.856870 4.779745 -5.074652
v 2.855386 4.782602 -5.078560
v 2.856168 4.781117 -5.077650
v 2.856687 4.780114 -5.076279
v 4.705865 2.940918 -5.106415
v 4.701284 2.943242 -5.102143
v 4.704111 2.941827 -5.106087
v 4.702627 2.942589 -5.105160
v 4.701631 2.943085 -5.103776
v 2.854970 2.940317 -5.107072
v 2.857393 2.942726 -5.102772
v 2.855897 2.941259 -5.106730
v 2.856683 2.942048 -5.105794
v 2.857210 2.942564 -5.104405
v 2.862787 5.156553 -4.587338
v 2.860662 5.160870 -4.591541
v 2.861974 5.156900 -4.588964
v 2.861284 5.157842 -4.590333
v 2.860826 5.159236 -4.591238
v 4.693208 5.136539 -2.758419
v 4.688951 5.132306 -2.760602
v 4.692884 5.134910 -2.758602
v 4.691961 5.133534 -2.759082
v 4.690580 5.132620 -2.759785
v 2.859003 5.135993 -2.756680
v 2.862016 5.131774 -2.759748
v 2.859231 5.134364 -2.756931
v 2.859884 5.132992 -2.757602
v 2.860864 5.132082 -2.758591
v 5.084165 2.936806 -4.623146
v 5.088430 2.934742 -4.627432
v 5.084489 2.936014 -4.624787
v 5.085416 2.935346 -4.626178
v 5.086797 2.934898 -4.627107
v 5.081983 4.742856 -2.760128
v 5.086240 4.747090 -2.757927
v 5.082307 4.744475 -2.759288
v 5.083230 4.745849 -2.758574
v 5.084611 4.746766 -2.758096
v 5.086763 2.909738 -2.783900
v 5.082506 2.912786 -2.786879
v 5.085134 2.909970 -2.784127
v 5.083749 2.910630 -2.784774
v 5.082830 2.911620 -2.785740
v 2.856840 4.778412 -4.987671
v 2.858980 4.774090 -4.983475
v 2.857004 4.778066 -4.986046
v 2.857465 4.777119 -4.984677
v 2.858160 4.775724 -4.983774
v 4.701253 2.941909 -5.015162
v 4.696992 2.943964 -5.010873
v 4.700929 2.942046 -5.013529
v 4.700006 2.942485 -5.012141
v 4.698621 2.943157 -5.011208
v 2.857362 2.941395 -5.015790
v 2.860380 2.944337 -5.011483
v 2.857591 2.941599 -5.014157
v 2.858247 2.942231 -5.012765
v 2.859224 2.943191 -5.011827
v 4.690595 5.204902 -4.592685
v 4.694852 5.204843 -4.588428
v 4.692228 5.204900 -4.592361
v 4.693609 5.204888 -4.591440
v 4.694532 5.204867 -4.590059
v 4.688520 5.147099 -0.926120
v 4.691537 5.147126 -0.927367
v 4.689676 5.147090 -0.925291
v 4.691308 5.147103 -0.925965
v 5.132444 1.101662 -4.653306
v 5.132444 1.100366 -4.650306
v 5.132448 1.100258 -4.653096
v 5.132444 1.099555 -4.651472
v 5.128076 4.722156 -0.918614
v 5.128076 4.719132 -0.917414
v 5.128072 4.721244 -0.916499
v 4.700750 4.775332 -5.030600
v 4.696485 4.779591 -5.030535
v 4.700422 4.776963 -5.030573
v 4.699499 4.778346 -5.030554
v 4.698118 4.779269 -5.030539
v 1.015985 4.775558 -5.031832
v 1.017225 4.778565 -5.031788
v 1.015153 4.776707 -5.031817
v 1.015825 4.778336 -5.031790
v 1.030706 5.198430 -4.589308
v 1.029455 5.198380 -4.586290
v 1.029306 5.198424 -4.589077
v 1.028627 5.198397 -4.587444
v 5.131402 4.772048 -4.597158
v 5.131406 4.767844 -4.601480
v 5.131402 4.771743 -4.598794
v 5.131402 4.770840 -4.600189
v 5.131402 4.769471 -4.601133
v 4.698770 1.108564 -5.086728
v 4.701787 1.109817 -5.086707
v 4.699926 1.107736 -5.086741
v 4.701559 1.108415 -5.086730
v 3.685068 3.625555 -4.962812
v 3.686651 3.627460 -4.966646
v 3.686071 3.626704 -4.963097
v 3.686727 3.627471 -4.963927
v 3.686929 3.627736 -4.965173
v 2.951566 3.671157 -4.954412
v 2.949682 3.669125 -4.958393
v 2.950540 3.669997 -4.954722
v 2.949819 3.669204 -4.955587
v 2.949518 3.668898 -4.956877
v 3.257089 4.018652 -4.952268
v 3.258668 4.020549 -4.956104
v 3.258092 4.019799 -4.952554
v 3.258741 4.020564 -4.953383
v 3.258943 4.020825 -4.954630
v 3.379564 3.278082 -4.964956
v 3.377679 3.276047 -4.968940
v 3.378534 3.276921 -4.965265
v 3.377817 3.276126 -4.966131
v 3.377515 3.275818 -4.967422
v 3.743734 2.857484 -4.975254
v 3.741827 2.855422 -4.979243
v 3.742696 2.856312 -4.975564
v 3.741968 2.855509 -4.976431
v 3.741663 2.855195 -4.977721
v 4.049585 3.205352 -4.973108
v 4.051195 3.207285 -4.976953
v 4.050600 3.206513 -4.973394
v 4.051263 3.207289 -4.974227
v 4.051469 3.207561 -4.975476
v 4.345590 2.771550 -4.982895
v 4.347162 2.773634 -4.986756
v 4.346593 2.772772 -4.983181
v 4.347246 2.773597 -4.984016
v 4.347444 2.773900 -4.985269
v 4.046129 2.411053 -4.985298
v 4.044256 2.408840 -4.989294
v 4.045103 2.409823 -4.985611
v 4.044389 2.408970 -4.986479
v 4.044088 2.408625 -4.987773
v 4.708864 1.569218 -5.005144
v 4.712934 1.560190 -5.009462
v 4.710474 1.565790 -5.005530
v 4.711816 1.562870 -5.006485
v 4.712678 1.560902 -5.007867
v 4.596242 2.293235 -4.992888
v 4.596349 2.298285 -4.996714
v 4.596689 2.295595 -4.993153
v 4.596864 2.297384 -4.993973
v 4.596746 2.298329 -4.995226
v 4.449121 1.628633 -5.001500
v 4.448705 1.623461 -5.005561
v 4.448656 1.626271 -5.001835
v 4.448411 1.624459 -5.002723
v 4.448427 1.623472 -5.004031
v 2.464071 4.015776 -4.943990
v 2.462034 4.013814 -4.947971
v 2.462984 4.014642 -4.944299
v 2.462217 4.013873 -4.945163
v 2.461881 4.013581 -4.946452
v 2.787092 4.357029 -4.942126
v 2.788808 4.358841 -4.945973
v 2.788148 4.358144 -4.942413
v 2.788846 4.358881 -4.943246
v 2.789079 4.359128 -4.944494
v 1.401353 4.788857 -4.920934
v 1.392278 4.792833 -4.924928
v 1.397935 4.790404 -4.921191
v 1.395010 4.791705 -4.922040
v 1.393026 4.792557 -4.923352
v 1.516168 4.478929 -4.926911
v 1.510675 4.478585 -4.930833
v 1.513761 4.478415 -4.927197
v 1.511869 4.478169 -4.928041
v 1.510786 4.478228 -4.929318
v 2.249914 4.658858 -4.931841
v 2.254747 4.658982 -4.935765
v 2.252164 4.659329 -4.932153
v 2.253873 4.659520 -4.933007
v 2.254777 4.659396 -4.934276
v 3.651517 3.590343 -5.070868
v 3.647333 3.585688 -5.074742
v 3.650800 3.589568 -5.072345
v 3.649755 3.588410 -5.073600
v 3.648534 3.587049 -5.074442
v 2.975858 3.701731 -5.061938
v 2.979749 3.706264 -5.065880
v 2.976461 3.702459 -5.063453
v 2.977411 3.703574 -5.064734
v 2.978567 3.704911 -5.065585
v 3.223531 3.983432 -5.060325
v 3.219354 3.978786 -5.064198
v 3.222814 3.982658 -5.061803
v 3.221769 3.981503 -5.063057
v 3.220556 3.980143 -5.063896
v 3.403852 3.308654 -5.072480
v 3.407743 3.313187 -5.076423
v 3.404455 3.309380 -5.073996
v 3.405405 3.310496 -5.075277
v 3.406560 3.311834 -5.076130
v 3.767999 2.888024 -5.082774
v 3.771913 2.892586 -5.086721
v 3.768602 2.888755 -5.084291
v 3.769559 2.889878 -5.085572
v 3.770723 2.891223 -5.086426
v 4.016065 3.170175 -5.081155
v 4.011850 3.165486 -5.085037
v 4.015348 3.169397 -5.082635
v 4.014291 3.168233 -5.083893
v 4.013063 3.166858 -5.084737
v 4.312051 2.736536 -5.090921
v 4.307874 2.731652 -5.094824
v 4.311330 2.735742 -5.092406
v 4.310285 2.734533 -5.093671
v 4.309072 2.733096 -5.094518
v 4.070425 2.441438 -5.092817
v 4.074289 2.446189 -5.096763
v 4.071023 2.442183 -5.094334
v 4.071970 2.443349 -5.095618
v 4.073118 2.444753 -5.096471
v 4.708513 1.557985 -5.112869
v 4.703302 1.568486 -5.116810
v 4.708063 1.558756 -5.114443
v 4.706914 1.561024 -5.115744
v 4.705240 1.564441 -5.116575
v 4.561254 2.261205 -5.100830
v 4.558923 2.252547 -5.104833
v 4.560670 2.260118 -5.102332
v 4.560026 2.258093 -5.103620
v 4.559412 2.255433 -5.104499
v 4.474874 1.656057 -5.109074
v 4.476888 1.664553 -5.112951
v 4.475332 1.657087 -5.110590
v 4.475877 1.659063 -5.111858
v 4.476423 1.661683 -5.112686
v 2.488210 4.046421 -5.051512
v 2.492292 4.050862 -5.055457
v 2.488828 4.047142 -5.053026
v 2.489820 4.048237 -5.054310
v 2.491037 4.049544 -5.055163
v 2.753679 4.321730 -5.050178
v 2.749319 4.317183 -5.054055
v 2.752950 4.320961 -5.051657
v 2.751863 4.319828 -5.052913
v 2.750589 4.318501 -5.053756
v 1.387857 4.790629 -5.028309
v 1.398057 4.785798 -5.032659
v 1.388578 4.790234 -5.029918
v 1.390771 4.789176 -5.031309
v 1.394098 4.787620 -5.032273
v 1.536848 4.511189 -5.034369
v 1.545236 4.513609 -5.038394
v 1.537794 4.511755 -5.035891
v 1.539720 4.512415 -5.037191
v 1.542333 4.513066 -5.038070
v 2.219629 4.621882 -5.039935
v 2.211420 4.619407 -5.043756
v 2.218603 4.621272 -5.041414
v 2.216684 4.620585 -5.042660
v 2.214162 4.619930 -5.043482
v 0.837331 4.796126 -4.970760
v 0.837797 4.797801 -4.970738
v 0.836164 4.796782 -4.970737
v 4.724741 1.094409 -5.068402
v 4.726457 1.094952 -5.068412
v 4.725442 1.093262 -5.068427
v 5.110292 3.719496 -3.481147
v 5.114427 3.720786 -3.482582
v 5.110780 3.720478 -3.482245
v 5.111742 3.721067 -3.482906
v 5.113019 3.721175 -3.483022
v 5.052057 2.988796 -3.534607
v 5.055627 2.986614 -3.532150
v 5.052152 2.987747 -3.533429
v 5.052866 2.986963 -3.532548
v 5.054082 2.986566 -3.532099
v 5.113019 3.293975 -3.877029
v 5.117158 3.295255 -3.878457
v 5.113512 3.294951 -3.878125
v 5.114469 3.295539 -3.878783
v 5.115751 3.295646 -3.878898
v 5.049333 3.414338 -3.138747
v 5.052900 3.412155 -3.136286
v 5.049425 3.413290 -3.137568
v 5.050138 3.412505 -3.136687
v 5.051359 3.412107 -3.136235
v 5.038385 3.776229 -2.716201
v 5.041952 3.774022 -2.713714
v 5.038476 3.775169 -2.715011
v 5.039186 3.774378 -2.714122
v 5.040407 3.773974 -2.713666
v 5.099412 4.081737 -3.058991
v 5.103563 4.083048 -3.060452
v 5.099908 4.082726 -3.060102
v 5.100870 4.083324 -3.060770
v 5.102151 4.083438 -3.060893
v 5.081304 4.375684 -2.624057
v 5.085489 4.376959 -2.625668
v 5.081804 4.376662 -2.625227
v 5.082777 4.377248 -2.625945
v 5.084070 4.377352 -2.626099
v 5.019556 4.076512 -2.268632
v 5.023118 4.074339 -2.265992
v 5.019643 4.075465 -2.267384
v 5.020353 4.074686 -2.266444
v 5.021574 4.074290 -2.265955
v 4.991907 4.734935 -1.423637
v 4.995447 4.738658 -1.414132
v 4.992013 4.736508 -1.420172
v 4.992723 4.737771 -1.417150
v 4.993928 4.738524 -1.415028
v 5.054857 4.624342 -2.145329
v 5.059236 4.624165 -2.149905
v 5.055421 4.624768 -2.147640
v 5.056455 4.624885 -2.149319
v 5.057794 4.624674 -2.150115
v 4.975618 4.476279 -1.485623
v 4.979013 4.475551 -1.480022
v 4.975641 4.475785 -1.483243
v 4.976297 4.475474 -1.481341
v 4.977479 4.475391 -1.480211
v 5.044839 2.503866 -3.882909
v 5.048398 2.501530 -3.880522
v 5.044931 2.502756 -3.881757
v 5.045640 2.501922 -3.880898
v 5.046857 2.501491 -3.880465
v 5.106672 2.826461 -4.218920
v 5.110822 2.827882 -4.220263
v 5.107164 2.827493 -4.219986
v 5.108129 2.828127 -4.220615
v 5.109411 2.828264 -4.220712
v 5.031282 1.446782 -4.663897
v 5.035013 1.437435 -4.667478
v 5.031457 1.443355 -4.665441
v 5.032228 1.440377 -4.666662
v 5.033479 1.438299 -4.667377
v 5.010068 1.560481 -4.354228
v 5.013502 1.554707 -4.353491
v 5.010110 1.558058 -4.353708
v 5.010778 1.556108 -4.353385
v 5.011968 1.554932 -4.353308
v 5.090913 2.291932 -4.525187
v 5.095178 2.296452 -4.524811
v 5.091447 2.294153 -4.525598
v 5.092443 2.295792 -4.525670
v 5.093751 2.296601 -4.525396
v 5.210725 3.677810 -3.434073
v 5.213712 3.673337 -3.429044
v 5.212045 3.676982 -3.433141
v 5.213075 3.675841 -3.431857
v 5.213663 3.674562 -3.430418
v 5.163915 3.004893 -3.552372
v 5.168634 3.008477 -3.556382
v 5.165544 3.005382 -3.552914
v 5.167013 3.006234 -3.553868
v 5.168096 3.007321 -3.555085
v 5.213457 3.252278 -3.829946
v 5.216444 3.247814 -3.824927
v 5.214777 3.251451 -3.829015
v 5.215806 3.250313 -3.827733
v 5.216394 3.249034 -3.826298
v 5.161184 3.430434 -3.156508
v 5.165906 3.434020 -3.160520
v 5.162817 3.430921 -3.157051
v 5.164285 3.431775 -3.158005
v 5.165369 3.432862 -3.159222
v 5.150228 3.792300 -2.733936
v 5.154958 3.795912 -2.737974
v 5.151861 3.792790 -2.734481
v 5.153333 3.793649 -2.735440
v 5.154420 3.794744 -2.736666
v 5.199846 4.040080 -3.011953
v 5.202837 4.035575 -3.006890
v 5.201169 4.039247 -3.011017
v 5.202199 4.038101 -3.009724
v 5.202787 4.036811 -3.008276
v 5.181737 4.334005 -2.577183
v 5.184724 4.329541 -2.571923
v 5.183065 4.333175 -2.576229
v 5.184099 4.332035 -2.574894
v 5.184682 4.330759 -2.573382
v 5.131383 4.092616 -2.286212
v 5.136133 4.096177 -2.290437
v 5.133020 4.093102 -2.286772
v 5.134496 4.093949 -2.287771
v 5.135587 4.095029 -2.289058
v 5.097284 4.726403 -1.400094
v 5.102006 4.720920 -1.410123
v 5.098897 4.725835 -1.400684
v 5.100362 4.724591 -1.402798
v 5.101453 4.722866 -1.406112
v 5.155443 4.581230 -2.101444
v 5.158231 4.578594 -2.092406
v 5.156759 4.580537 -2.100199
v 5.157754 4.579791 -2.098044
v 5.158269 4.579110 -2.095307
v 5.087266 4.493825 -1.500240
v 5.092241 4.495549 -1.508214
v 5.088922 4.494172 -1.501085
v 5.090448 4.494622 -1.502897
v 5.091611 4.495108 -1.505400
v 5.156686 2.519809 -3.900743
v 5.161413 2.523585 -3.904660
v 5.158315 2.520312 -3.901278
v 5.159788 2.521206 -3.902211
v 5.160875 2.522355 -3.903399
v 5.207109 2.784911 -4.171761
v 5.210096 2.780262 -4.166841
v 5.208429 2.784071 -4.170835
v 5.209459 2.782891 -4.169575
v 5.210046 2.781554 -4.168173
v 5.136823 1.425184 -4.653443
v 5.141340 1.435019 -4.648044
v 5.138425 1.425781 -4.652857
v 5.139844 1.427861 -4.651627
v 5.140871 1.431104 -4.649935
v 5.121782 1.572985 -4.373712
v 5.126680 1.581044 -4.375570
v 5.123426 1.573814 -4.374090
v 5.124933 1.575637 -4.374577
v 5.126077 1.578174 -4.375097
v 5.191431 2.253496 -4.476325
v 5.194314 2.245018 -4.473506
v 5.192750 2.252361 -4.475558
v 5.193758 2.250350 -4.474752
v 5.194307 2.247774 -4.474033
v 5.039045 0.880616 -4.670924
v 5.039251 0.881080 -4.672587
v 5.039011 0.879453 -4.671591
v 5.000959 4.745456 -0.944571
v 5.001161 4.747172 -0.945092
v 5.000906 4.746155 -0.943421
v 5.174634 4.723372 -0.911803
v 5.178834 1.095707 -4.654349
v 1.024713 5.239410 -4.589765
v 1.011262 4.780241 -5.078154
v 4.702817 1.104536 -5.133149
v 0.037328 5.244771 -5.076956
vn 0.0822 -0.9942 -0.0692
vn 0.0003 -0.9999 -0.0152
vn 0.0780 -0.9943 -0.0734
vn 0.7132 0.3616 -0.6005
vn 0.6466 0.4536 -0.6133
vn 0.6828 0.4528 -0.5733
vn -0.0677 -0.9965 0.0500
vn -0.6136 0.2608 0.7453
vn -0.5534 0.3523 0.7547
vn -0.5720 0.2573 0.7789
vn 0.0581 -0.9939 -0.0940
vn 0.0620 -0.9940 -0.0898
vn 0.7472 0.3618 -0.5575
vn 0.7162 0.4508 -0.5327
vn -0.7731 0.2635 0.5769
vn -0.7911 0.3565 0.4971
vn -0.7471 0.3594 0.5592
vn -0.6940 0.2651 0.6694
vn -0.6314 0.3581 0.6878
vn -0.6532 0.2629 0.7101
vn 0.0657 -0.9941 -0.0864
vn 0.0699 -0.9942 -0.0819
vn -0.0636 -0.9965 0.0538
vn -0.5072 0.3474 0.7887
vn -0.5236 0.2533 0.8134
vn 0.4657 0.3504 -0.8126
vn 0.4918 0.4444 -0.7487
vn 0.5129 0.3547 -0.7817
vn 0.5574 0.3591 -0.7486
vn 0.5730 0.4514 -0.6840
vn 0.5982 0.3614 -0.7153
vn -0.4554 0.3408 0.8225
vn -0.4694 0.2477 0.8476
vn -0.4140 0.3348 0.8465
vn -0.4263 0.2424 0.8715
vn 0.3885 0.3423 -0.8555
vn 0.4042 0.4324 -0.8060
vn 0.4209 0.3450 -0.8389
vn 0.0535 -0.9938 -0.0976
vn -0.3945 0.3318 0.8569
vn -0.4060 0.2408 0.8816
vn -0.4312 0.3373 0.8368
vn -0.5234 0.0762 0.8486
vn 0.1790 0.2852 -0.9416
vn 0.3735 0.4272 -0.8234
vn 0.0451 -0.9932 -0.1075
vn 0.0489 -0.9936 -0.1019
vn 0.7793 0.3580 -0.5142
vn 0.7473 0.4476 -0.4912
vn 0.8066 0.3550 -0.4727
vn 0.7743 0.4435 -0.4514
vn -0.8548 0.2599 0.4493
vn -0.8441 0.3491 0.4069
vn -0.8274 0.3520 0.4375
vn -0.0713 -0.9964 0.0456
vn 0.8236 0.3545 -0.4427
vn 0.7919 0.4401 -0.4233
vn 0.9275 0.3035 -0.2184
vn 0.8911 0.3987 -0.2168
vn -0.8708 0.2594 0.4177
vn -0.8258 0.3522 0.4404
vn -0.0789 -0.9963 0.0348
vn 0.6186 0.5242 -0.5853
vn 0.6529 0.5241 -0.5469
vn -0.0003 0.9999 0.0152
vn 0.0481 0.9975 -0.0509
vn -0.5934 0.3557 0.7221
vn -0.5322 0.4330 0.7275
vn -0.0461 0.9953 0.0848
vn -0.0417 0.9952 0.0882
vn 0.6851 0.5218 -0.5083
vn 0.7149 0.5191 -0.4686
vn -0.6708 0.3597 0.6486
vn -0.6819 0.4396 0.5846
vn -0.6451 0.4394 0.6252
vn -0.6071 0.4385 0.6627
vn -0.7090 0.3601 0.6063
vn -0.7185 0.4396 0.5390
vn 0.6095 0.4531 -0.6505
vn 0.5343 0.4487 -0.7164
vn 0.5481 0.5230 -0.6527
vn 0.5113 0.5204 -0.6839
vn -0.4386 0.4200 0.7945
vn -0.0495 0.9955 0.0813
vn 0.4470 0.4388 -0.7795
vn 0.4716 0.5152 -0.7157
vn 0.4286 0.5104 -0.7455
vn -0.3807 0.4094 0.8291
vn -0.0389 0.9950 0.0921
vn 0.3885 0.5030 -0.7721
vn 0.1822 0.3807 -0.9066
vn 0.3596 0.4971 -0.7897
vn -0.3991 0.4495 0.7992
vn 0.0650 0.9973 -0.0339
vn -0.7613 0.4367 0.4793
vn -0.7977 0.4305 0.4223
vn 0.7410 0.5148 -0.4313
vn 0.7593 0.5091 -0.4053
vn 0.0722 0.9970 -0.0270
vn 0.0680 0.9972 -0.0300
vn -0.8144 0.4267 0.3933
vn -0.7842 0.4660 0.4098
vn 0.8548 0.4710 -0.2181
vn -0.7335 0.2656 0.6256
vn 0.9978 -0.0642 -0.0170
vn 0.9981 0.0386 -0.0471
vn 0.9881 0.1403 -0.0625
vn -0.0626 0.9957 0.0680
vn -0.0656 0.9958 0.0638
vn -0.5706 0.4358 0.6960
vn -0.0594 0.9956 0.0718
vn -0.0857 -0.9958 0.0307
vn 0.0744 -0.9942 -0.0779
vn -0.0752 0.9956 0.0552
vn -0.0051 -0.0535 -0.9986
vn -0.2794 -0.1507 -0.9483
vn 0.0288 0.0493 -0.9984
vn -0.1604 0.1645 -0.9732
vn 0.0475 0.1494 -0.9876
vn 0.0450 0.9975 -0.0552
vn 0.6364 0.3625 -0.6808
vn 0.0617 0.9974 -0.0374
vn 0.5829 0.5244 -0.6207
vn 0.0960 -0.9953 -0.0150
vn -0.0909 -0.9954 0.0289
vn 0.1076 -0.9932 -0.0445
vn 0.0903 -0.9939 -0.0631
vn 0.0901 0.9959 -0.0115
vn 0.0758 0.9968 -0.0255
vn -0.0794 0.9954 0.0536
vn 0.0948 0.9955 0.0087
vn 0.0430 -0.9927 -0.1124
vn -0.0562 -0.9965 0.0614
vn -0.4881 0.4275 0.7609
vn 0.0355 0.9972 -0.0663
vn -0.0004 0.9999 0.0153
vn -0.0602 -0.9965 0.0576
vn -0.0520 -0.9965 0.0648
vn -0.0561 0.9956 0.0752
vn -0.8181 0.2621 0.5119
vn 0.0006 0.0906 0.9959
vn -0.0971 -0.0135 0.9952
vn -0.0703 0.1169 0.9907
vn -0.0695 0.9958 0.0588
vn 0.0004 -0.9999 -0.0152
vn 0.0257 -0.9920 -0.1238
vn -0.0428 -0.9961 0.0773
vn -0.0017 -0.9939 -0.1107
vn -0.0379 0.9947 0.0953
vn 0.0043 0.9968 -0.0796
vn -0.0330 0.9995 -0.0004
vn 0.0229 0.9967 -0.0779
vn 0.9457 -0.2049 0.2525
vn 0.8943 -0.4398 0.0824
vn 0.0863 -0.9941 -0.0650
vn 0.9782 0.1413 0.1522
vn 0.0372 0.9974 -0.0621
vn 0.6750 0.3637 -0.6419
vn -0.0529 0.9955 0.0783
vn 0.0410 0.9974 -0.0586
vn -0.0474 -0.9965 0.0692
vn -0.3991 0.4135 0.8184
vn 0.1870 0.4558 -0.8702
vn 0.0517 0.9975 -0.0478
vn 0.0547 0.9975 -0.0443
vn 0.0581 0.9975 -0.0409
vn -0.0756 -0.9963 0.0414
vn -0.0438 -0.9964 0.0732
vn 0.0148 0.0100 -0.9998
vn 0.0007 0.0151 -0.9999
vn 0.0053 0.0141 -0.9999
vn -0.9900 0.0562 -0.1296
vn -1.0000 -0.0003 -0.0004
vn -0.9945 0.0013 -0.1048
vn -0.9869 0.0176 -0.1606
vn -0.9952 0.0012 -0.0981
vn -0.0969 -0.0819 -0.9919
vn 0.0003 0.0153 -0.9999
vn 0.0004 -0.0827 -0.9966
vn 0.9999 -0.0037 -0.0110
vn 1.0000 0.0048 -0.0032
vn 0.9924 0.0888 -0.0849
vn 0.0450 0.0831 0.9955
vn 0.0009 -0.0133 0.9999
vn 0.0003 -0.9999 -0.0136
vn 0.1598 -0.9803 -0.1165
vn 0.0989 -0.9950 -0.0134
vn 0.0696 0.0848 -0.9940
vn 0.0740 -0.0154 -0.9971
vn -0.0019 1.0000 0.0073
vn -0.0023 0.9998 0.0174
vn -0.0006 0.9998 0.0193
vn 0.0948 0.0913 0.9913
vn -0.0009 -0.0141 0.9999
vn -0.0009 0.0671 0.9977
vn -0.0984 0.9951 0.0134
vn 0.0690 0.9961 -0.0558
vn -0.0306 0.9977 -0.0605
vn -0.0009 -0.1118 0.9937
vn 0.0970 -0.0140 0.9952
vn -0.0004 0.9998 0.0179
vn -0.1518 0.9740 0.1683
vn 1.0000 0.0047 0.0012
vn 0.9677 -0.1804 0.1764
vn 0.9881 -0.1424 -0.0582
vn 1.0000 0.0011 0.0007
vn 0.7049 0.0881 -0.7038
vn 0.7624 0.0087 -0.6470
vn 0.7390 0.1109 -0.6645
vn -0.9944 0.1057 0.0010
vn -0.9953 -0.0016 0.0967
vn -1.0000 -0.0003 -0.0009
vn 0.0009 0.0147 -0.9999
vn 0.1024 0.0146 -0.9946
vn 0.0052 0.0150 -0.9999
vn -0.1844 -0.1725 -0.9676
vn -0.2159 0.2031 -0.9551
vn -0.0228 0.9991 0.0361
vn -0.0028 0.9998 0.0181
vn -0.0031 0.9940 0.1096
vn 0.6284 0.0839 -0.7733
vn 0.7072 0.0094 -0.7069
vn -0.4647 -0.4793 0.7446
vn -0.5768 -0.5876 0.5675
vn -0.5150 -0.6165 0.5956
vn 1.0000 0.0006 0.0014
vn 0.9957 0.0023 -0.0924
vn 0.9905 0.1000 -0.0947
vn 0.0007 0.0108 -0.9999
vn 0.0004 -0.0821 -0.9966
vn 0.0038 0.9998 0.0179
vn -0.0993 0.9949 0.0178
vn -0.0019 0.9968 -0.0801
vn -0.1972 0.9804 0.0016
vn 0.0010 0.1092 -0.9940
vn 0.1040 -0.9945 -0.0134
vn 0.0002 -0.9964 0.0850
vn 0.1308 -0.9897 0.0576
vn 0.0728 0.7843 -0.6161
vn 0.0004 0.7180 -0.6960
vn 0.0816 0.7156 -0.6937
vn 0.0014 0.0110 -0.9999
vn 0.0614 -0.1471 -0.9872
vn 0.0778 0.6393 -0.7651
vn -0.0013 0.5697 -0.8219
vn 0.0963 -0.9882 -0.1193
vn 0.0009 0.9999 0.0162
vn 0.1002 0.9948 0.0179
vn 0.0981 0.9918 -0.0823
vn 0.9999 0.0145 0.0058
vn 1.0000 0.0005 0.0055
vn 0.9952 -0.0011 0.0978
vn -0.0207 -0.0057 -0.9998
vn 0.0182 0.9750 0.2217
vn 0.0823 -0.0130 0.9965
vn 0.0009 0.0995 0.9950
vn -0.9951 -0.0992 -0.0018
vn -0.9888 -0.0691 -0.1321
vn 0.7034 0.7075 -0.0686
vn 0.7604 0.6494 0.0102
vn 0.7056 0.7085 0.0111
vn -0.6045 -0.6146 0.5068
vn -0.6043 -0.5287 0.5960
vn -0.7489 -0.4774 0.4596
vn 0.6683 0.7435 -0.0243
vn 0.6467 0.7627 0.0119
vn 0.0003 -0.9929 -0.1189
vn -0.0972 -0.9952 -0.0153
vn 0.0003 -0.9999 -0.0153
vn 0.9949 0.1011 0.0027
vn 1.0000 0.0004 0.0009
vn 0.1033 -0.0140 0.9945
vn 0.9869 0.0607 0.1494
vn -0.4631 -0.7623 0.4521
vn 0.0976 0.1110 -0.9890
vn -0.9904 -0.0969 -0.0986
vn 0.6849 0.7131 -0.1498
vn 0.7022 0.7066 -0.0870
vn -0.9907 0.0955 0.0972
vn -0.9938 0.1111 0.0006
vn 0.7096 0.1694 -0.6840
vn 0.6472 0.0100 -0.7623
vn 0.7039 0.1073 -0.7022
vn 0.1608 0.7204 -0.6747
vn 0.0986 0.7146 -0.6926
vn 0.0977 -0.9917 0.0839
vn 0.1597 0.6331 -0.7575
vn 0.0091 0.9997 0.0226
vn 0.0834 0.9941 -0.0688
vn -0.9900 0.0955 -0.1038
vn -0.9967 0.0007 -0.0813
vn -0.9883 0.1518 -0.0150
vn -0.0960 0.0834 0.9919
vn 0.9995 -0.0207 0.0226
vn 0.9907 -0.0962 0.0962
vn 1.0000 0.0003 0.0009
vn 0.9951 -0.0011 0.0987
vn 0.9951 0.0721 -0.0674
vn 0.9967 0.0737 0.0328
vn -0.0858 0.0152 -0.9962
vn -0.0038 0.0229 -0.9997
vn -0.0973 0.0152 -0.9951
vn -0.0306 0.0892 -0.9955
vn -0.0966 -0.9890 -0.1120
vn 0.0003 -0.9937 -0.1123
vn -0.0002 0.9937 0.1117
vn 0.0736 0.9963 0.0435
vn -0.0972 0.9891 0.1104
vn -0.0003 0.9999 0.0136
vn 0.9957 -0.0926 -0.0003
vn 0.9951 -0.0987 -0.0004
vn 0.9968 -0.0295 -0.0740
vn 0.1599 0.0025 0.9871
vn 0.0855 0.1007 -0.9912
vn 0.0536 -0.9883 -0.1428
vn 0.0811 -0.9966 -0.0152
vn 0.1039 -0.9791 -0.1747
vn 0.0626 0.0674 0.9958
vn 0.0105 -0.0154 0.9998
vn 0.0671 0.0636 0.9957
vn 0.5868 0.7314 -0.3475
vn 0.6015 0.6667 -0.4402
vn 0.5607 0.7020 -0.4391
vn -0.0533 -0.0848 0.9950
vn -0.7308 -0.6250 -0.2743
vn -0.7411 -0.5637 -0.3648
vn -0.7651 -0.5841 -0.2710
vn 0.0878 0.0440 0.9952
vn 0.0839 0.0481 0.9953
vn 0.5433 0.7647 -0.3465
vn 0.5194 0.7345 -0.4367
vn -0.5589 -0.7809 -0.2789
vn -0.4784 -0.7957 -0.3715
vn -0.5414 -0.7530 -0.3740
vn -0.6534 -0.7039 -0.2785
vn -0.6724 -0.6401 -0.3716
vn -0.6946 -0.6638 -0.2773
vn 0.0801 0.0518 0.9954
vn 0.0757 0.0557 0.9956
vn -0.0574 -0.0810 0.9951
vn -0.7761 -0.5182 -0.3594
vn -0.8010 -0.5367 -0.2653
vn 0.8042 0.4885 -0.3385
vn 0.7401 0.5147 -0.4328
vn 0.7722 0.5349 -0.3429
vn 0.7383 0.5790 -0.3459
vn 0.6737 0.5946 -0.4389
vn 0.7041 0.6189 -0.3480
vn -0.8110 -0.4673 -0.3521
vn -0.8361 -0.4832 -0.2598
vn -0.8358 -0.4265 -0.3456
vn -0.8613 -0.4409 -0.2526
vn 0.8484 0.4119 -0.3325
vn 0.7992 0.4281 -0.4219
vn 0.8313 0.4441 -0.3343
vn 0.0920 0.0397 0.9950
vn -0.8467 -0.4073 -0.3423
vn -0.8717 -0.4210 -0.2510
vn -0.8261 -0.4431 -0.3483
vn -0.8381 -0.5382 -0.0894
vn 0.9387 0.2034 -0.2783
vn 0.8172 0.3977 -0.4171
vn 0.1016 0.0314 0.9943
vn 0.0963 0.0352 0.9947
vn 0.4989 0.7954 -0.3440
vn 0.4772 0.7646 -0.4332
vn 0.4569 0.8219 -0.3402
vn 0.4368 0.7907 -0.4289
vn -0.4298 -0.8599 -0.2753
vn -0.3872 -0.8469 -0.3646
vn -0.4181 -0.8308 -0.3673
vn -0.0492 -0.0887 0.9948
vn 0.4269 0.8387 -0.3383
vn 0.4083 0.8077 -0.4253
vn 0.1998 0.9366 -0.2879
vn 0.1996 0.9018 -0.3833
vn -0.3977 -0.8755 -0.2744
vn -0.4206 -0.8295 -0.3675
vn -0.0382 -0.0963 0.9946
vn 0.5745 0.6392 -0.5113
vn 0.5355 0.6729 -0.5104
vn -0.0105 0.0154 -0.9998
vn 0.0547 0.0653 -0.9964
vn -0.7076 -0.6028 -0.3687
vn -0.7143 -0.5409 -0.4441
vn -0.0794 -0.0320 -0.9963
vn -0.0825 -0.0276 -0.9962
vn 0.4960 0.7041 -0.5081
vn 0.4559 0.7331 -0.5047
vn -0.6325 -0.6786 -0.3736
vn -0.5674 -0.6867 -0.4545
vn -0.6089 -0.6507 -0.4537
vn -0.6477 -0.6141 -0.4510
vn -0.5893 -0.7159 -0.3744
vn -0.5214 -0.7225 -0.4540
vn 0.6395 0.6304 -0.4401
vn 0.7069 0.5566 -0.4365
vn 0.6436 0.5703 -0.5104
vn 0.6758 0.5344 -0.5077
vn -0.7829 -0.4486 -0.4311
vn -0.0760 -0.0356 -0.9965
vn 0.7718 0.4705 -0.4277
vn 0.7075 0.4943 -0.5051
vn 0.7387 0.4525 -0.4996
vn -0.8194 -0.3919 -0.4183
vn -0.0105 0.0153 -0.9998
vn -0.0872 -0.0251 -0.9959
vn 0.7657 0.4127 -0.4934
vn 0.9042 0.2075 -0.3732
vn 0.7843 0.3841 -0.4872
vn -0.6173 -0.5771 -0.5347
vn 0.0374 0.0820 -0.9959
vn -0.4608 -0.7641 -0.4514
vn -0.4032 -0.7996 -0.4451
vn 0.4179 0.7585 -0.5001
vn 0.3913 0.7756 -0.4953
vn 0.0301 0.0888 -0.9956
vn 0.0334 0.0849 -0.9958
vn -0.3740 -0.8161 -0.4406
vn -0.5654 -0.6206 -0.5433
vn 0.2019 0.8666 -0.4563
vn -0.6087 -0.7425 -0.2798
vn -0.0046 0.9968 0.0799
vn 0.0260 0.9994 -0.0225
vn 0.0420 0.9916 -0.1225
vn -0.0621 -0.0482 -0.9969
vn -0.0577 -0.0510 -0.9970
vn -0.6814 -0.5781 -0.4488
vn -0.0659 -0.0451 -0.9968
vn -0.0334 -0.1019 0.9942
vn 0.0715 0.0599 0.9956
vn -0.0486 -0.0598 -0.9970
vn 0.9982 0.0153 0.0582
vn 0.9530 -0.2605 0.1548
vn 0.9977 0.0508 -0.0438
vn 0.9959 0.0264 0.0863
vn 0.9871 0.0709 -0.1435
vn 0.0583 0.0617 -0.9964
vn 0.6685 0.6564 -0.3496
vn 0.0409 0.0786 -0.9961
vn 0.6106 0.6044 -0.5118
vn 0.0083 0.0812 0.9967
vn -0.0314 -0.1070 0.9938
vn 0.0375 0.0925 0.9950
vn 0.0566 0.0758 0.9955
vn 0.0141 0.1059 -0.9943
vn 0.0285 0.0923 -0.9953
vn -0.0468 -0.0642 -0.9968
vn -0.0061 0.1100 -0.9939
vn 0.0105 -0.0153 0.9998
vn 0.1054 0.0290 0.9940
vn -0.0648 -0.0739 0.9952
vn -0.7483 -0.4972 -0.4392
vn 0.0699 0.0527 -0.9962
vn -0.0106 0.0153 -0.9998
vn -0.0616 -0.0779 0.9951
vn -0.0682 -0.0693 0.9953
vn -0.0692 -0.0416 -0.9967
vn -0.4929 -0.8244 -0.2781
vn -0.9737 0.1381 -0.1810
vn -0.9913 0.0863 -0.0996
vn -0.9741 0.1419 -0.1763
vn -0.0524 -0.0544 -0.9971
vn 0.0106 -0.0153 0.9998
vn 0.1196 0.0127 0.9927
vn -0.0810 -0.0603 0.9949
vn 0.1071 -0.0153 0.9941
vn -0.0899 -0.0240 -0.9957
vn 0.0845 0.0220 -0.9962
vn 0.0054 -0.0170 -0.9998
vn 0.0810 0.0405 -0.9959
vn -0.2723 0.9362 0.2223
vn -0.1038 0.8840 0.4557
vn 0.0585 0.0717 0.9957
vn 0.0033 0.9913 0.1317
vn 0.0668 0.0549 -0.9963
vn 0.6292 0.6941 -0.3497
vn -0.0722 -0.0383 -0.9967
vn 0.0626 0.0583 -0.9963
vn -0.0729 -0.0648 0.9952
vn -0.8081 -0.4099 -0.4231
vn 0.8683 0.2129 -0.4479
vn 0.0515 0.0688 -0.9963
vn 0.0481 0.0719 -0.9963
vn 0.0447 0.0754 -0.9962
vn -0.0443 -0.0922 0.9948
vn -0.0773 -0.0615 0.9951
vn 0.4737 0.5592 -0.6804
vn 0.5582 0.5671 -0.6057
vn 0.5581 0.5265 -0.6413
vn -0.9993 0.0223 -0.0308
vn 0.1446 -0.7502 0.6452
vn 0.2406 -0.7672 0.5946
vn 0.1430 -0.7850 0.6028
vn -0.9741 0.1622 -0.1576
vn -0.9740 0.1587 -0.1614
vn 0.4724 0.5162 -0.7144
vn 0.5564 0.4856 -0.6743
vn 0.1447 -0.5793 0.8022
vn 0.2401 -0.5061 0.8284
vn 0.2428 -0.5690 0.7857
vn 0.1462 -0.6734 0.7247
vn 0.2436 -0.6994 0.6720
vn 0.1456 -0.7141 0.6848
vn -0.9739 0.1562 -0.1647
vn -0.9738 0.1515 -0.1695
vn -0.9992 0.0188 -0.0351
vn 0.2378 -0.8017 0.5485
vn 0.1413 -0.8193 0.5557
vn 0.4518 0.7769 -0.4385
vn 0.5437 0.7057 -0.4542
vn 0.4594 0.7445 -0.4844
vn 0.4656 0.7103 -0.5279
vn 0.5540 0.6391 -0.5335
vn 0.4698 0.6761 -0.5677
vn 0.2339 -0.8358 0.4967
vn 0.1377 -0.8540 0.5017
vn 0.2302 -0.8601 0.4552
vn 0.1358 -0.8782 0.4585
vn 0.4400 0.8217 -0.3623
vn 0.5274 0.7653 -0.3689
vn 0.4444 0.8042 -0.3947
vn -0.9741 0.1666 -0.1530
vn 0.2283 -0.8707 0.4356
vn 0.1346 -0.8887 0.4384
vn 0.2317 -0.8504 0.4724
vn -0.0375 -0.8415 0.5390
vn 0.3695 0.9152 -0.1609
vn 0.5205 0.7836 -0.3391
vn -0.9733 0.1784 -0.1445
vn -0.9739 0.1715 -0.1484
vn 0.4695 0.4724 -0.7459
vn 0.5532 0.4438 -0.7050
vn 0.4665 0.4306 -0.7727
vn 0.5489 0.4039 -0.7318
vn 0.1413 -0.4503 0.8816
vn 0.2342 -0.4146 0.8793
vn 0.2365 -0.4456 0.8634
vn -0.9993 0.0265 -0.0269
vn 0.4652 0.4005 -0.7894
vn 0.5452 0.3758 -0.7494
vn 0.4081 0.1785 -0.8953
vn 0.4988 0.1709 -0.8497
vn 0.1413 -0.4183 0.8972
vn 0.2366 -0.4482 0.8621
vn -0.9991 0.0376 -0.0196
vn 0.6237 0.5346 -0.5703
vn 0.6236 0.4958 -0.6043
vn 0.9913 -0.0863 0.0996
vn 0.9985 -0.0208 0.0501
vn 0.2424 -0.7341 0.6343
vn 0.3244 -0.7463 0.5812
vn 0.9772 -0.1549 0.1456
vn 0.9772 -0.1585 0.1415
vn 0.6220 0.4567 -0.6360
vn 0.6190 0.4170 -0.6656
vn 0.2441 -0.6597 0.7108
vn 0.3279 -0.6016 0.7284
vn 0.3284 -0.6422 0.6926
vn 0.3274 -0.6804 0.6557
vn 0.2439 -0.6168 0.7484
vn 0.3266 -0.5552 0.7649
vn 0.5567 0.6049 -0.5693
vn 0.5497 0.6724 -0.4957
vn 0.6206 0.6027 -0.5016
vn 0.6159 0.6356 -0.4655
vn 0.3167 -0.8137 0.4875
vn 0.9773 -0.1504 0.1491
vn 0.5360 0.7377 -0.4105
vn 0.6103 0.6678 -0.4260
vn 0.6025 0.6992 -0.3849
vn 0.3086 -0.8488 0.4293
vn 0.9771 -0.1616 0.1383
vn 0.5935 0.7268 -0.3459
vn 0.4617 0.8735 -0.1544
vn 0.5867 0.7446 -0.3184
vn 0.3496 -0.8209 0.4515
vn 0.9987 -0.0386 0.0340
vn 0.3243 -0.4945 0.8064
vn 0.3180 -0.4366 0.8416
vn 0.6139 0.3798 -0.6920
vn 0.6095 0.3535 -0.7096
vn 0.9986 -0.0453 0.0265
vn 0.9987 -0.0421 0.0304
vn 0.3139 -0.4072 0.8577
vn 0.3559 -0.4270 0.8313
vn 0.5671 0.1676 -0.8064
vn 0.1457 -0.6289 0.7637
vn 0.0351 0.0026 -0.9994
vn 0.1395 0.0253 -0.9899
vn 0.2394 0.0336 -0.9703
vn 0.9771 -0.1379 0.1623
vn 0.9772 -0.1336 0.1652
vn 0.3265 -0.7142 0.6192
vn 0.9773 -0.1410 0.1583
vn -0.9990 0.0427 -0.0137
vn -0.9738 0.1472 -0.1736
vn 0.9769 -0.1244 0.1740
vn 0.0191 0.9997 -0.0121
vn -0.1078 0.9615 0.2526
vn 0.1243 0.9916 -0.0356
vn 0.2173 0.9622 0.1640
vn 0.2248 0.9734 -0.0442
vn 0.9984 -0.0179 0.0542
vn 0.4722 0.6405 -0.6056
vn 0.9987 -0.0349 0.0372
vn 0.6225 0.5707 -0.5355
vn -0.9772 0.0840 -0.1948
vn -0.9990 0.0433 -0.0084
vn -0.9721 0.1129 -0.2056
vn -0.9730 0.1316 -0.1894
vn 0.9981 -0.0608 0.0089
vn 0.9986 -0.0476 0.0230
vn 0.9763 -0.1229 0.1784
vn 0.9967 -0.0814 0.0050
vn -0.9735 0.1793 -0.1419
vn -0.9990 0.0114 -0.0422
vn 0.3209 -0.7803 0.5367
vn 0.9980 -0.0059 0.0628
vn 0.9913 -0.0864 0.0997
vn -0.9992 0.0138 -0.0379
vn -0.9989 0.0061 -0.0460
vn 0.9771 -0.1448 0.1557
vn 0.1437 -0.5135 0.8460
vn 0.9774 -0.1281 0.1684
vn -0.9913 0.0863 -0.0997
vn -0.9729 0.1942 -0.1255
vn -0.9985 -0.0025 -0.0554
vn -0.9784 0.1817 -0.0981
vn 0.9765 -0.1659 0.1378
vn 0.9956 0.0085 0.0936
vn 0.9886 -0.0725 0.1319
vn 0.9972 0.0042 0.0751
vn -0.1288 -0.2563 -0.9580
vn -0.3571 -0.0679 -0.9316
vn -0.9735 0.1341 -0.1853
vn 0.2275 -0.1799 -0.9570
vn 0.9981 -0.0071 0.0609
vn 0.4741 0.6007 -0.6437
vn 0.9771 -0.1490 0.1521
vn 0.9982 -0.0142 0.0579
vn -0.9987 0.0033 -0.0510
vn 0.3118 -0.8380 0.4478
vn 0.5339 0.8319 -0.1513
vn 0.9987 -0.0218 0.0469
vn 0.9987 -0.0277 0.0438
vn 0.9987 -0.0308 0.0402
vn -0.9992 0.0312 -0.0232
vn -0.9985 -0.0029 -0.0539
vn -0.1166 -0.4044 -0.9071
vn -0.1894 -0.7105 -0.6777
vn -0.5488 -0.6255 -0.5546
vn -0.0623 -0.5921 -0.8034
vn -0.1659 -0.9050 -0.3917
vn -0.3601 -0.6998 -0.6169
vn -0.8173 -0.5242 -0.2391
vn -0.2667 -0.8747 -0.4047
vn -0.1949 -0.9373 0.2891
vn -0.0563 -0.9623 -0.2661
vn -0.0466 -0.9989 -0.0109
vn -0.2442 -0.9153 0.3202
vn -0.1621 -0.9866 -0.0173
vn -0.0463 -0.8375 -0.5445
vn -0.2214 -0.9751 -0.0139
vn -0.5700 -0.4544 0.6845
vn -0.4673 -0.1737 0.8669
vn -0.6252 -0.2742 0.7308
vn -0.6327 -0.4123 0.6555
vn -0.4713 -0.4879 0.7348
vn -0.3986 -0.3293 0.8560
vn -0.5443 -0.7322 0.4095
vn 0.6573 -0.7385 0.1506
vn 0.7853 -0.6182 0.0327
vn 0.5314 -0.6767 0.5096
vn 0.6008 -0.7373 0.3090
vn 0.3706 -0.9191 0.1337
vn 0.5239 -0.8515 0.0201
vn 0.3867 -0.8932 0.2295
vn -0.8477 0.0920 0.5224
vn -0.6972 -0.4530 0.5556
vn -0.7442 -0.2677 0.6119
vn -0.8692 -0.1560 0.4692
vn -0.7499 -0.4747 0.4607
vn -0.6697 -0.4103 0.6190
vn -0.4170 -0.7474 0.5173
vn 0.2473 -0.9683 0.0344
vn -0.3032 -0.9355 0.1813
vn -0.0061 -0.9995 0.0299
vn -0.0005 -0.9900 0.1413
vn -0.3307 -0.9160 0.2271
vn 0.0001 -0.9807 0.1958
vn -0.1022 0.5031 -0.8582
vn 0.0162 0.2390 -0.9709
vn -0.3056 0.3884 -0.8694
vn -0.1773 0.0072 -0.9841
vn -0.0027 0.5167 -0.8562
vn 0.0053 0.7329 -0.6803
vn -0.1830 0.8414 -0.5085
vn -0.3466 0.7518 0.5610
vn -0.4311 0.4726 0.7686
vn -0.3390 0.6288 0.6998
vn -0.2365 0.9192 0.3150
vn -0.3716 0.7731 0.5140
vn -0.2972 0.9098 0.2898
vn -0.0260 0.9519 -0.3054
vn -0.1380 0.9644 0.2257
vn -0.1151 0.9929 -0.0294
vn -0.2339 0.8505 0.4711
vn -0.1412 0.9894 -0.0353
vn 0.8728 0.4790 0.0939
vn 0.8826 0.3646 0.2967
vn 0.9790 0.2019 -0.0288
vn 0.8707 0.4917 -0.0059
vn 0.9875 -0.0330 0.1544
vn 0.5293 0.8275 0.1876
vn 0.6341 0.7662 0.1040
vn -0.2100 0.9657 0.1526
vn 0.3233 0.9457 0.0336
vn 0.0149 0.9988 0.0468
vn -0.4525 0.8567 0.2477
vn 0.0457 0.9909 0.1264
vn 0.6959 0.7181 -0.0070
vn -0.2972 0.9216 0.2497
vn 0.0513 0.9869 0.1532
vn -0.5428 0.7594 0.3588
vn -0.6834 0.6398 0.3515
vn -0.7558 0.4828 0.4422
vn -0.5018 0.7747 0.3847
vn -0.2768 0.9088 0.3122
vn -0.3439 0.2315 0.9100
vn -0.1057 0.4973 0.8611
vn -0.5983 0.5260 0.6045
vn -0.3883 0.6368 0.6661
vn -0.1718 0.8494 0.4989
vn -0.6598 0.6390 0.3954
vn -0.4252 0.7973 0.4284
vn -0.8533 0.5091 0.1124
vn -0.9066 0.2381 0.3483
vn -0.9888 0.1304 0.0729
vn -0.5426 0.8219 0.1734
vn -0.1948 0.9490 0.2479
vn -0.1272 0.9795 0.1565
vn 0.6723 0.3277 0.6638
vn 0.7490 0.3857 0.5387
vn 0.6670 0.2759 0.6921
vn 0.9152 0.3366 0.2214
vn 0.9216 0.3419 0.1838
vn 0.7132 0.6517 -0.2581
vn 0.4314 -0.3292 0.8399
vn 0.6655 -0.2135 0.7152
vn 0.6989 -0.1926 0.6888
vn 0.4316 0.6329 0.6428
vn 0.2014 0.4827 0.8523
vn 0.1440 0.4387 0.8870
vn 0.3131 0.8767 0.3652
vn 0.2492 0.8974 0.3642
vn 0.2628 0.8616 0.4343
vn 0.5267 0.8170 0.2347
vn 0.5267 0.8170 0.2345
vn 0.7773 0.2981 -0.5540
vn 0.6419 0.4495 -0.6212
vn -0.1016 0.7131 0.6936
vn -0.1525 0.6667 0.7296
vn -0.6589 0.6799 -0.3218
vn -0.5258 0.7635 -0.3749
vn -0.6854 0.6749 -0.2733
vn 0.0023 0.9380 -0.3465
vn 0.0955 0.9309 -0.3525
vn 0.2642 0.7266 -0.6343
vn 0.2642 0.7266 -0.6342
vn 0.2641 0.7268 -0.6340
vn -0.6410 0.7643 0.0705
vn -0.6409 0.7644 0.0705
vn 0.1872 -0.8459 -0.4995
vn 0.1935 -0.7841 -0.5896
vn 0.5214 -0.2038 -0.8286
vn 0.5213 -0.2041 -0.8286
vn 0.3461 -0.2123 -0.9139
vn 0.3529 -0.1654 -0.9209
vn 0.7400 0.6721 -0.0270
vn 0.6221 0.6190 -0.4794
vn 0.7862 0.5739 -0.2291
vn -0.1782 -0.8078 -0.5619
vn -0.2621 -0.8439 -0.4681
vn -0.0400 -0.7223 -0.6904
vn 0.5061 -0.1185 0.8543
vn 0.2425 -0.3576 0.9018
vn 0.1282 -0.0847 0.9881
vn 0.8196 -0.1710 0.5469
vn 0.6449 -0.3989 0.6519
vn 0.5336 -0.6067 0.5892
vn 0.8033 -0.4287 0.4134
vn 0.6445 -0.6642 0.3786
vn 0.8548 -0.4929 0.1624
vn 0.9516 -0.2418 0.1894
vn 0.9818 -0.1449 0.1225
vn 0.2426 -0.9112 0.3330
vn 0.5090 -0.8556 0.0943
vn 0.7697 -0.4782 -0.4230
vn 0.6800 -0.6435 -0.3513
vn 0.6721 -0.6809 -0.2911
vn 0.9316 -0.2753 -0.2371
vn 0.8176 -0.4199 -0.3940
vn 0.7113 0.2793 -0.6450
vn 0.9377 -0.2614 -0.2289
vn -0.0959 -0.8711 -0.4817
vn -0.3453 -0.9024 -0.2576
vn -0.0707 -0.9868 -0.1455
vn -0.1935 -0.4523 -0.8706
vn -0.3876 -0.6468 -0.6568
vn -0.1613 -0.6392 -0.7519
vn -0.5972 -0.5892 -0.5443
vn 0.4976 -0.5600 -0.6624
vn 0.4974 -0.5602 -0.6624
vn 0.4975 -0.5601 -0.6624
vn -0.3026 -0.1269 -0.9446
vn -0.1288 -0.1166 -0.9848
vn -0.9064 -0.3411 -0.2491
vn -0.9374 -0.1012 -0.3333
vn -0.7160 -0.3764 -0.5879
vn -0.5627 -0.3088 -0.7668
vn -0.7951 0.1911 -0.5756
vn -0.8549 0.1927 -0.4817
vn -0.1969 0.3538 -0.9144
vn -0.5381 0.3340 -0.7739
vn -0.2155 0.5258 -0.8229
vn -0.2154 0.5258 -0.8229
vn 0.5641 0.7935 -0.2283
vn 0.6104 0.6337 -0.4752
vn -0.8132 -0.1857 -0.5515
vn -0.8454 -0.2699 -0.4609
vn -0.8484 -0.2801 -0.4492
vn -0.7490 -0.0674 -0.6592
vn -0.2246 0.8270 0.5153
vn 0.3712 0.9178 0.1411
vn -0.2630 0.7367 0.6230
vn 0.2465 0.8932 0.3761
vn 0.6975 0.7036 0.1354
vn 0.4080 0.8063 0.4282
vn 0.6636 0.6637 0.3452
vn -0.2182 -0.2344 0.9473
vn -0.5815 -0.2053 0.7872
vn -0.1771 -0.5961 0.7832
vn -0.0733 -0.3166 0.9457
vn -0.3027 -0.0981 0.9480
vn -0.6594 -0.0234 0.7514
vn -0.0159 -0.0336 0.9993
vn 0.9179 0.3754 0.1289
vn 0.8695 -0.2232 0.4405
vn 0.8992 0.2492 0.3597
vn 0.7677 -0.2590 0.5861
vn 0.8127 0.4081 0.4158
vn -0.3419 0.3539 -0.8706
vn -0.1098 0.4724 -0.8745
vn -0.2872 -0.0017 -0.9579
vn -0.3614 -0.1306 -0.9232
vn -0.1230 0.7146 -0.6886
vn -0.4262 0.3079 -0.8506
vn -0.3345 0.6776 -0.6549
vn -0.9469 -0.2324 0.2220
vn -0.7709 -0.5173 0.3716
vn -0.7881 -0.2066 0.5798
vn -0.9465 -0.0999 0.3068
vn -0.9465 -0.2690 0.1781
vn -0.7090 -0.5543 0.4361
vn -0.9992 -0.0321 0.0254
vn -0.1234 0.9275 -0.3529
vn -0.4838 0.8319 0.2716
vn -0.3608 0.9036 -0.2309
vn -0.6086 0.7435 0.2771
vn -0.4130 0.8196 -0.3971
vn 0.3870 0.9156 -0.1096
vn 0.1248 0.9186 -0.3751
vn 0.7008 0.7068 -0.0961
vn 0.3621 0.8639 -0.3500
vn 0.1085 0.7123 -0.6934
vn 0.5756 0.5870 -0.5693
vn 0.3259 0.6780 -0.6589
vn 0.9132 0.1324 -0.3855
vn 0.9126 0.3914 -0.1183
vn 0.7019 0.1208 -0.7020
vn 0.8573 0.3708 -0.3571
vn 0.6669 0.6745 -0.3167
vn 0.1253 0.4002 -0.9078
vn 0.3860 0.1391 -0.9119
vn 0.3614 0.3761 -0.8532
vn 0.6669 0.3393 -0.6634
vn 0.8676 -0.4478 0.2161
vn 0.9226 -0.1133 -0.3688
vn 0.7643 -0.5970 0.2439
vn 0.9028 -0.3479 -0.2530
vn 0.7067 -0.1109 -0.6988
vn 0.8156 -0.4002 -0.4179
vn 0.6714 -0.3204 -0.6683
vn -0.2161 -0.9546 0.2050
vn -0.1844 -0.8009 0.5697
vn -0.5799 -0.7951 0.1778
vn -0.3028 -0.9505 0.0692
vn -0.0768 -0.9541 0.2895
vn -0.0006 -0.7598 0.6502
vn -0.0139 -0.9999 0.0049
vn 0.3800 -0.1112 -0.9183
vn -0.2262 -0.4525 -0.8626
vn 0.2545 -0.3476 -0.9024
vn -0.2570 -0.5998 -0.7578
vn 0.4185 -0.3992 -0.8158
vn 0.0250 0.1427 0.9895
vn 0.0326 0.3155 0.9484
vn 0.0633 0.5147 0.8551
vn 0.5600 0.6059 0.5651
vn 0.4384 0.7644 0.4728
vn 0.4719 0.5071 0.7213
vn 0.1174 0.7697 0.6276
vn 0.0970 0.7256 0.6813
vn -0.1973 0.6915 0.6949
vn 0.6731 0.4893 -0.5545
vn 0.8481 0.0910 -0.5220
vn 0.6413 0.4671 -0.6087
vn 0.5701 0.7017 -0.4273
vn 0.8410 0.5149 -0.1661
vn 0.6143 0.7789 -0.1264
vn 0.0675 0.9388 0.3377
vn 0.2773 0.9456 -0.1700
vn 0.1861 0.7988 0.5721
vn 0.3732 0.8958 -0.2415
vn 0.5004 0.7430 -0.4444
vn -0.0965 0.3659 0.9256
vn -0.3779 0.0849 0.9220
vn -0.0914 0.6947 0.7134
vn -0.3728 0.3622 0.8543
vn -0.7040 0.0825 0.7054
vn -0.3545 0.6524 0.6698
vn -0.6613 0.3453 0.6659
vn -0.3789 0.9189 0.1095
vn -0.0973 0.9154 0.3907
vn -0.7045 0.7025 0.1010
vn -0.3729 0.8446 0.3842
vn -0.6614 0.6564 0.3630
vn -0.9208 0.0920 0.3790
vn -0.9203 0.3777 0.1019
vn -0.8490 0.3687 0.3786
vn -0.9444 0.3275 -0.0278
vn -0.9906 0.1351 -0.0191
vn -0.8469 0.5288 -0.0560
vn -0.6171 0.7796 -0.1068
vn -0.4617 0.7769 -0.4280
vn -0.5583 0.6194 -0.5519
vn -0.7162 0.5208 -0.4645
vn -0.6843 0.6989 0.2080
vn -0.2768 0.6964 -0.6621
vn 0.1820 0.9470 -0.2646
vn -0.3255 0.9440 -0.0548
vn 0.4544 0.7434 -0.4908
vn 0.2543 0.8967 -0.3623
vn -0.5630 0.8075 -0.1761
vn -0.6727 0.7347 -0.0873
vn 0.6866 0.1692 -0.7070
vn 0.5605 0.4931 -0.6654
vn 0.6148 0.4673 -0.6353
vn 0.1739 0.5223 -0.8349
vn 0.4363 0.7036 -0.5609
vn 0.1363 0.7869 -0.6019
vn 0.0965 -0.3914 0.9152
vn 0.3779 -0.1106 0.9192
vn 0.0959 -0.1112 0.9892
vn 0.0912 -0.7139 0.6943
vn 0.3724 -0.3852 0.8444
vn 0.7038 -0.1016 0.7031
vn 0.3539 -0.6703 0.6522
vn 0.6612 -0.3633 0.6563
vn 0.3788 -0.9216 0.0851
vn 0.0970 -0.9257 0.3657
vn 0.7044 -0.7050 0.0827
vn 0.3727 -0.8546 0.3614
vn 0.6614 -0.6653 0.3462
vn 0.9199 -0.1030 0.3784
vn 0.9211 -0.3782 0.0925
vn 0.8495 -0.3775 0.3685
vn 0.3274 0.0194 0.9447
vn 0.1350 0.0076 0.9908
vn 0.5406 0.0502 0.8398
vn 0.7778 0.1092 0.6189
vn 0.7702 0.4323 0.4689
vn 0.6105 0.5526 0.5674
vn 0.5124 0.4611 0.7245
vn 0.7102 -0.1885 0.6783
vn 0.6874 0.6671 0.2873
vn 0.9436 0.2801 -0.1765
vn 0.9428 0.0626 0.3273
vn 0.7367 0.5084 -0.4459
vn 0.8918 0.3785 -0.2478
vn 0.8053 0.1780 0.5656
vn 0.7336 0.0869 0.6740
vn 0.4828 0.6815 -0.5499
vn 0.4593 0.6514 -0.6039
vn 0.5143 0.8427 -0.1594
vn 0.6967 0.5767 -0.4266
vn 0.7794 0.6139 -0.1253
vn 0.5488 -0.7833 -0.2919
vn 0.4237 -0.9010 -0.0929
vn 0.1904 -0.4703 -0.8617
vn 0.5177 -0.6438 -0.5635
vn 0.8293 -0.4943 -0.2607
vn 0.7663 -0.6380 -0.0759
vn 0.8072 -0.2180 -0.5486
vn 0.5488 0.3689 -0.7501
vn 0.2195 0.5359 -0.8153
vn 0.4242 0.5913 -0.6858
vn 0.8300 0.1799 -0.5280
vn 0.5957 0.2646 -0.7584
vn 0.9440 -0.3170 -0.0915
vn 0.9440 0.1684 -0.2837
vn 0.9619 -0.1012 -0.2540
vn 0.7671 0.4114 -0.4923
vn 0.2825 -0.7788 -0.5601
vn 0.1596 -0.9736 -0.1630
vn 0.0817 -0.8955 -0.4376
vn 0.2547 -0.4848 -0.8367
vn 0.8568 -0.4793 -0.1903
vn 0.5563 -0.6429 -0.5266
vn 0.9199 -0.3783 -0.1033
vn 0.5466 -0.2136 -0.8097
vn 0.2873 0.1776 -0.9412
vn 0.0883 -0.3033 -0.9488
vn 0.4991 0.4171 -0.7596
vn 0.2538 -0.0897 -0.9631
vn 0.0683 -0.6277 -0.7755
vn 0.5320 0.1852 -0.8262
vn 0.7664 0.6247 -0.1497
vn 0.7556 0.3676 -0.5422
vn 0.6938 0.5889 -0.4146
vn 0.8200 0.5316 -0.2123
vn 0.7616 0.2664 -0.5907
vn -0.3781 -0.9190 -0.1112
vn -0.0966 -0.9147 -0.3924
vn -0.7036 -0.7031 -0.1028
vn -0.3736 -0.8433 -0.3864
vn -0.0910 -0.6936 -0.7146
vn -0.6609 -0.6555 -0.3654
vn -0.3543 -0.6511 -0.6712
vn -0.9204 -0.0916 -0.3802
vn -0.9201 -0.3777 -0.1036
vn -0.7036 -0.0812 -0.7059
vn -0.8490 -0.3672 -0.3800
vn -0.6610 -0.3444 -0.6667
vn -0.0966 -0.3647 -0.9261
vn -0.3778 -0.0828 -0.9222
vn -0.3728 -0.3600 -0.8552
vn -0.9439 0.0350 -0.3283
vn -0.8383 0.0701 -0.5408
vn -0.5581 0.5711 -0.6020
vn -0.4629 0.4501 -0.7636
vn -0.7158 0.4828 -0.5044
vn -0.6166 0.1285 -0.7767
vn -0.6718 0.1073 -0.7330
vn -0.6795 -0.1864 -0.7096
vn 0.5596 0.6812 -0.4719
vn 0.5219 0.8500 -0.0716
vn 0.6134 0.6496 -0.4492
vn 0.4354 0.5823 -0.6865
vn 0.1708 0.8478 -0.5021
vn 0.1710 0.8478 -0.5020
vn 0.1709 0.8478 -0.5020
vn 0.1363 0.6260 -0.7679
vn -0.3256 0.0814 -0.9420
vn 0.1818 0.2921 -0.9389
vn -0.5619 0.1983 -0.8031
vn 0.2542 0.3885 -0.8857
vn 0.4536 0.5130 -0.7288
vn 0.9076 -0.1040 0.4068
vn 0.6783 -0.1848 0.7112
vn 0.5632 -0.5492 0.6175
vn 0.8021 -0.0541 0.5947
vn 0.3915 -0.1720 0.9040
vn 0.6220 -0.3574 0.6967
vn 0.2539 -0.8232 0.5079
vn 0.4062 -0.2738 0.8718
vn -0.2882 -0.2156 0.9330
vn 0.2629 -0.0660 0.9626
vn 0.0070 -0.0616 0.9981
vn -0.3180 -0.2647 0.9104
vn 0.0158 -0.1775 0.9840
vn 0.5411 -0.0481 0.8396
vn 0.0141 -0.2366 0.9715
vn -0.6740 -0.5923 0.4414
vn -0.8575 -0.4885 0.1615
vn -0.7204 -0.6430 0.2600
vn -0.6444 -0.6531 0.3977
vn -0.7268 -0.4947 0.4765
vn -0.8491 -0.4216 0.3183
vn -0.3996 -0.5641 0.7225
vn -0.1682 0.6413 0.7486
vn -0.0522 0.7730 0.6322
vn -0.5224 0.5102 0.6832
vn -0.3260 0.5819 0.7450
vn -0.1461 0.3536 0.9239
vn -0.0351 0.5078 0.8607
vn -0.2419 0.3656 0.8988
vn -0.5036 -0.8570 -0.1096
vn -0.5446 -0.7162 0.4364
vn -0.5971 -0.7615 0.2520
vn -0.4515 -0.8812 0.1403
vn -0.4476 -0.7671 0.4596
vn -0.6076 -0.6883 0.3963
vn -0.5161 -0.4376 0.7363
vn -0.0442 0.2308 0.9720
vn -0.1791 -0.3219 0.9297
vn -0.0344 -0.0224 0.9992
vn -0.1461 -0.0197 0.9891
vn -0.2254 -0.3512 0.9088
vn -0.2005 -0.0209 0.9795
vn 0.8608 -0.0481 -0.5067
vn 0.9715 0.0404 -0.2338
vn 0.9965 -0.0243 0.0802
vn 0.8302 -0.1190 -0.5446
vn 0.8589 0.0240 -0.5115
vn 0.6832 0.0315 -0.7296
vn 0.5151 -0.1588 -0.8423
vn -0.5431 -0.3715 -0.7530
vn -0.4786 -0.6923 -0.5401
vn -0.6894 -0.3441 -0.6374
vn -0.3037 -0.2280 -0.9251
vn -0.6992 -0.5350 -0.4741
vn -0.2787 -0.2891 -0.9158
vn -0.4019 -0.2880 -0.8692
vn 0.3101 -0.0043 -0.9507
vn -0.2184 -0.1275 -0.9675
vn 0.0364 -0.0988 -0.9944
vn -0.4618 -0.2298 -0.8567
vn 0.0452 -0.1233 -0.9913
vn -0.0869 0.8780 -0.4707
vn -0.0435 0.9897 0.1364
vn 0.0091 0.9817 -0.1900
vn -0.0101 0.8809 -0.4732
vn -0.1518 0.8534 -0.4987
vn -0.1946 0.5366 -0.8211
vn -0.1436 -0.1981 -0.9696
vn -0.0361 0.3369 -0.9409
vn -0.0424 0.0301 -0.9986
vn -0.2340 -0.4452 -0.8643
vn -0.1229 0.0585 -0.9907
vn -0.0044 0.7095 -0.7047
vn -0.2392 -0.2878 -0.9273
vn -0.1500 0.0634 -0.9866
vn -0.3670 -0.5341 -0.7616
vn -0.3339 -0.6801 -0.6526
vn -0.6861 -0.4929 -0.5350
vn -0.5152 -0.7002 -0.4943
vn -0.3004 -0.2707 -0.9146
vn -0.3477 0.9354 0.0638
vn -0.6736 0.7310 0.1089
vn -0.6341 0.6078 0.4781
vn -0.5362 0.8441 -0.0064
vn -0.8859 0.4585 0.0707
vn -0.6842 0.6729 0.2812
vn -0.5808 0.2908 0.7604
vn -0.8643 0.4721 0.1732
vn -0.9705 -0.2176 0.1038
vn -0.9413 0.3348 -0.0425
vn -0.9951 0.0838 -0.0535
vn -0.9570 -0.2448 0.1555
vn -0.9937 0.0929 0.0633
vn -0.7966 0.6029 -0.0431
vn -0.9882 0.0905 0.1233
vn -0.5557 -0.6409 0.5295
vn -0.2816 -0.8431 0.4581
vn -0.3865 -0.6971 0.6039
vn -0.5172 -0.6145 0.5958
vn -0.5842 -0.6890 0.4289
vn -0.4279 -0.8229 0.3738
vn -0.8114 -0.3405 0.4751
vn -0.6805 -0.1107 -0.7243
vn -0.5414 -0.0032 -0.8408
vn -0.6578 -0.4684 -0.5898
vn -0.6953 -0.2676 -0.6670
vn -0.8851 -0.0751 -0.4592
vn -0.7958 0.0308 -0.6047
vn -0.8655 -0.1732 -0.4700
vn -0.0273 -0.5122 0.8584
vn -0.5552 -0.5093 0.6576
vn -0.3809 -0.5783 0.7215
vn -0.2747 -0.4409 0.8545
vn -0.5773 -0.4112 0.7055
vn -0.5179 -0.5753 0.6331
vn -0.8190 -0.4545 0.3503
vn -0.9394 0.0297 -0.3417
vn -0.9713 -0.1085 0.2117
vn -0.9947 0.0420 -0.0934
vn -0.9928 -0.0709 -0.0962
vn -0.9578 -0.1562 0.2413
vn -0.9873 -0.1276 -0.0952
vn 0.5505 0.8228 0.1413
vn 0.3089 0.9511 -0.0042
vn 0.4180 0.8459 0.3312
vn 0.0612 0.9844 0.1649
vn 0.5749 0.8171 0.0436
vn 0.7789 0.6243 0.0594
vn 0.8518 0.4556 0.2585
vn 0.6686 -0.6102 0.4250
vn 0.3710 -0.7920 0.4849
vn 0.5393 -0.7368 0.4078
vn 0.8656 -0.3770 0.3296
vn 0.6876 -0.5703 0.4494
vn 0.8539 -0.3447 0.3900
vn 0.9641 0.2385 0.1168
vn 0.9271 -0.2913 0.2358
vn 0.9763 -0.0398 0.2125
vn 0.7875 -0.5254 0.3221
vn 0.9707 -0.0365 0.2377
vn 0.5526 -0.1443 -0.8209
vn 0.4312 -0.3387 -0.8363
vn 0.3009 -0.0037 -0.9537
vn 0.5699 -0.0445 -0.8205
vn 0.0563 -0.1694 -0.9839
vn 0.8613 -0.2551 -0.4394
vn 0.8142 -0.1710 -0.5548
vn 0.9270 -0.2162 0.3065
vn 0.9680 -0.1068 -0.2272
vn 0.9895 -0.1178 0.0839
vn 0.7871 -0.2995 0.5392
vn 0.9786 -0.1987 0.0540
vn 0.7796 -0.0572 -0.6236
vn 0.8679 -0.3081 0.3897
vn 0.9733 -0.2241 0.0489
vn 0.6730 -0.4023 0.6207
vn 0.5429 -0.3832 0.7473
vn 0.3731 -0.4604 0.8055
vn 0.6926 -0.4287 0.5801
vn 0.8530 -0.3699 0.3681
vn 0.2942 -0.8964 -0.3315
vn 0.3115 -0.8974 -0.3125
vn 0.4372 -0.7593 -0.4820
vn 0.4616 -0.7618 -0.4545
vn 0.6984 -0.2422 -0.6735
vn 0.6803 0.0140 -0.7328
vn 0.7218 0.0151 -0.6919
vn 0.2764 -0.8962 -0.3470
vn 0.4109 -0.7592 -0.5048
vn 0.6577 -0.2409 -0.7137
vn 0.6390 0.0140 -0.7691
vn -0.3007 -0.9132 0.2750
vn -0.3175 -0.9132 0.2556
vn -0.4518 -0.7858 0.4224
vn -0.7226 -0.3301 0.6074
vn -0.7197 -0.0851 0.6890
vn -0.6842 -0.3301 0.6503
vn -0.3346 -0.9127 0.2348
vn -0.4774 -0.7862 0.3924
vn -0.7606 -0.3286 0.5599
vn -0.7609 -0.0837 0.6434
vn 0.3471 -0.8968 -0.2745
vn 0.3304 -0.8970 -0.2935
vn 0.5123 -0.7608 -0.3983
vn 0.7381 -0.2412 -0.6301
vn 0.7987 0.0146 -0.6016
vn 0.7736 -0.2422 -0.5856
vn 0.4891 -0.7605 -0.4272
vn 0.7623 0.0137 -0.6471
vn -0.2830 -0.9136 0.2920
vn -0.2667 -0.9132 0.3081
vn -0.4243 -0.7869 0.4480
vn -0.3995 -0.7858 0.4722
vn -0.6050 -0.3295 0.7248
vn -0.6768 -0.0848 0.7312
vn -0.6355 -0.0865 0.7672
vn -0.6445 -0.3268 0.6913
vn -0.2493 -0.9127 0.3238
vn -0.2289 -0.9126 0.3388
vn -0.3722 -0.7846 0.4960
vn -0.3403 -0.7841 0.5191
vn -0.5166 -0.3297 0.7902
vn -0.5916 -0.0887 0.8013
vn -0.5407 -0.0899 0.8364
vn -0.5633 -0.3326 0.7564
vn 0.2581 -0.8951 -0.3635
vn 0.3837 -0.7579 -0.5275
vn 0.6172 -0.2418 -0.7487
vn 0.5951 0.0125 -0.8035
vn 0.2378 -0.8940 -0.3798
vn 0.3543 -0.7557 -0.5508
vn 0.5741 -0.2430 -0.7819
vn 0.5468 0.0112 -0.8372
vn 0.2163 -0.8925 -0.3958
vn 0.3234 -0.7528 -0.5733
vn 0.5270 -0.2413 -0.8149
vn 0.4960 0.0112 -0.8683
vn 0.1979 -0.8879 -0.4153
vn 0.2974 -0.7458 -0.5961
vn 0.4770 -0.2384 -0.8460
vn 0.4478 0.0106 -0.8941
vn -0.2079 -0.9109 0.3565
vn -0.1915 -0.9076 0.3735
vn -0.3061 -0.7799 0.5460
vn -0.2813 -0.7726 0.5692
vn -0.4223 -0.3243 0.8465
vn -0.4836 -0.0913 0.8705
vn -0.4386 -0.0908 0.8941
vn -0.4639 -0.3283 0.8228
vn 0.1055 -0.8810 -0.4611
vn -0.0080 -0.9195 -0.3929
vn 0.1787 -0.5268 -0.8310
vn -0.0151 -0.6940 -0.7198
vn 0.1907 -0.0496 -0.9804
vn -0.0195 -0.3522 -0.9357
vn 0.1868 -0.8823 -0.4321
vn 0.2788 -0.7351 -0.6180
vn 0.4282 -0.2314 -0.8735
vn 0.4126 0.0167 -0.9108
vn 0.3952 -0.2158 -0.8929
vn -0.1844 -0.9049 0.3837
vn -0.2704 -0.7700 0.5779
vn -0.4182 -0.0872 0.9042
vn -0.4017 -0.3195 0.8582
vn -0.3545 -0.9117 0.2078
vn -0.5033 -0.7856 0.3599
vn -0.8040 -0.3249 0.4980
vn -0.8013 -0.0853 0.5922
vn -0.3777 -0.9072 0.1856
vn -0.5388 -0.7796 0.3193
vn -0.8391 -0.3212 0.4391
vn -0.8477 -0.0834 0.5238
vn 0.3814 -0.8935 -0.2370
vn 0.3634 -0.8961 -0.2547
vn 0.5594 -0.7526 -0.3474
vn 0.8074 -0.2381 -0.5398
vn 0.8596 0.0142 -0.5107
vn 0.8375 -0.2331 -0.4943
vn 0.5359 -0.7585 -0.3708
vn 0.8318 0.0144 -0.5549
vn 0.3808 -0.9246 -0.0139
vn 0.7121 -0.7020 -0.0108
vn 0.9321 -0.3622 -0.0063
vn 0.4421 -0.8863 -0.1377
vn 0.8165 -0.5313 -0.2258
vn 0.9700 -0.0401 -0.2396
vn -0.3956 -0.9015 0.1758
vn -0.5697 -0.7728 0.2796
vn -0.8610 -0.3029 0.4086
vn -0.8851 -0.0797 0.4585
vn -0.9018 -0.0690 0.4266
vn -0.5891 -0.7633 0.2652
vn -0.8618 -0.3109 0.4008
vn 0.3973 -0.8891 -0.2271
vn 0.8579 -0.2219 -0.4634
vn 0.5782 -0.7462 -0.3299
vn 0.8779 0.0213 -0.4784
vn 0.5234 0.6959 -0.4916
vn 0.4932 0.6963 -0.5215
vn 0.3779 0.8572 -0.3498
vn 0.3572 0.8565 -0.3726
vn 0.2100 0.9596 -0.1871
vn 0.1985 0.9595 -0.2000
vn 0.4641 0.6950 -0.5492
vn 0.3366 0.8557 -0.3931
vn 0.1868 0.9594 -0.2114
vn -0.5831 0.6370 0.5041
vn -0.5514 0.6372 0.5384
vn -0.4226 0.8271 0.3705
vn -0.3995 0.8270 0.3955
vn -0.2318 0.9497 0.2107
vn -0.2193 0.9495 0.2244
vn -0.6142 0.6378 0.4646
vn -0.4457 0.8269 0.3429
vn -0.2439 0.9499 0.1953
vn 0.5530 0.6948 -0.4598
vn 0.5803 0.6936 -0.4267
vn 0.4004 0.8559 -0.3273
vn 0.4198 0.8554 -0.3035
vn 0.2226 0.9591 -0.1746
vn 0.2338 0.9588 -0.1615
vn -0.4885 0.6340 0.5996
vn -0.5190 0.6366 0.5704
vn -0.3554 0.8237 0.4418
vn -0.3767 0.8260 0.4193
vn -0.1953 0.9485 0.2495
vn -0.2069 0.9491 0.2376
vn -0.4191 0.6271 0.6566
vn -0.4561 0.6314 0.6272
vn -0.3056 0.8200 0.4839
vn -0.3323 0.8223 0.4619
vn -0.1687 0.9470 0.2735
vn -0.1828 0.9479 0.2609
vn 0.4333 0.6932 -0.5759
vn 0.3143 0.8548 -0.4130
vn 0.1746 0.9591 -0.2229
vn 0.4003 0.6884 -0.6048
vn 0.2903 0.8529 -0.4339
vn 0.1616 0.9584 -0.2352
vn 0.3649 0.6841 -0.6315
vn 0.2654 0.8498 -0.4553
vn 0.1480 0.9574 -0.2479
vn 0.3320 0.6770 -0.6568
vn 0.2427 0.8450 -0.4765
vn 0.1356 0.9558 -0.2611
vn -0.3453 0.6118 0.7117
vn -0.3777 0.6197 0.6880
vn -0.2547 0.8095 0.5290
vn -0.2767 0.8156 0.5082
vn -0.1419 0.9432 0.3005
vn -0.1529 0.9457 0.2867
vn 0.0440 0.4310 -0.9013
vn 0.1672 0.6465 -0.7444
vn 0.0335 0.7383 -0.6737
vn 0.1250 0.8298 -0.5439
vn 0.0179 0.9349 -0.3544
vn 0.0733 0.9504 -0.3023
vn 0.3089 0.6697 -0.6753
vn 0.2278 0.8386 -0.4948
vn 0.1282 0.9533 -0.2733
vn -0.3306 0.6062 0.7234
vn -0.2450 0.8048 0.5405
vn -0.1370 0.9413 0.3085
vn -0.6520 0.6350 0.4144
vn -0.4737 0.8254 0.3070
vn -0.2597 0.9494 0.1765
vn -0.6872 0.6267 0.3675
vn -0.5026 0.8196 0.2750
vn -0.2768 0.9476 0.1597
vn 0.6064 0.6909 -0.3937
vn 0.6299 0.6868 -0.3627
vn 0.4400 0.8532 -0.2801
vn 0.4600 0.8493 -0.2590
vn 0.2454 0.9580 -0.1486
vn 0.2577 0.9564 -0.1371
vn 0.9062 0.4196 -0.0534
vn 0.6855 0.7273 -0.0346
vn 0.3699 0.9290 -0.0106
vn 0.7310 0.6559 -0.1884
vn 0.5367 0.8330 -0.1344
vn 0.3072 0.9490 -0.0714
vn -0.7053 0.6194 0.3446
vn -0.5212 0.8127 0.2604
vn -0.2897 0.9448 0.1528
vn 0.6484 0.6800 -0.3423
vn 0.4759 0.8446 -0.2452
vn 0.2683 0.9545 -0.1304
vn -0.8028 0.3552 0.4789
vn 0.8807 -0.1401 0.4525
vn 0.8813 -0.1402 0.4513
vn -0.7996 0.3556 0.4839
vn 0.2687 0.1623 0.9494
vn 0.2688 0.1623 0.9494
vn 0.8556 -0.1208 0.5033
vn -0.4718 0.3429 0.8123
vn -0.4778 0.3435 0.8085
vn -0.9439 0.2096 -0.2550
vn -0.9439 0.2096 -0.2552
vn -0.5284 -0.0584 -0.8470
vn -0.1183 -0.1931 -0.9740
vn -0.4758 -0.0801 -0.8759
vn -0.0011 0.9305 -0.3664
vn -0.0003 0.7182 -0.6958
vn 0.0006 0.3950 -0.9187
vn 0.9251 0.0065 -0.3796
vn 0.3856 0.0137 -0.9226
vn 0.7085 0.0109 -0.7056
vn -0.6826 -0.6898 0.2414
vn -0.6576 -0.7533 -0.0035
vn -0.3569 -0.3477 -0.8670
vn -0.7045 -0.7091 0.0292
vn -0.3844 -0.3758 -0.8432
vn 0.9225 0.3858 0.0078
vn 0.7041 0.7100 0.0134
vn 0.3817 0.9241 0.0169
vn -0.6821 -0.2736 0.6782
vn -0.7512 -0.0221 0.6597
vn -0.2960 0.9032 0.3107
vn -0.7057 -0.0663 0.7054
vn -0.2454 -0.6978 0.6729
vn 0.0167 -0.6716 0.7408
vn 0.8700 -0.3534 0.3439
vn -0.0288 -0.7203 0.6930
vn -0.0004 0.3900 0.9208
vn -0.0004 0.4113 0.9115
vn -0.0017 0.7199 0.6941
vn -0.0021 0.8050 0.5933
vn -0.0027 0.9273 0.3744
vn 0.1250 0.9921 0.0101
vn -0.0445 0.9960 -0.0778
vn -0.3347 0.9422 0.0167
vn -0.5041 0.8635 0.0151
vn -0.6700 0.7422 0.0128
vn -0.8451 0.5345 0.0088
vn -0.9144 0.4048 0.0064
vn 0.2999 0.9099 -0.2865
vn 0.4253 0.8052 -0.4132
vn 0.5547 0.6403 -0.5314
vn 0.6747 0.3100 -0.6698
vn 0.4381 0.7916 -0.4260
vn 0.6562 0.3833 -0.6500
vn 0.4004 -0.0128 0.9162
vn 0.7258 -0.0095 0.6878
vn 0.9302 -0.0049 0.3669
vn 0.4209 -0.0126 0.9070
vn 0.8234 -0.0078 0.5674
vn 0.9914 0.1304 -0.0091
vn 0.4001 -0.9164 -0.0121
vn 0.5028 -0.8643 -0.0113
vn 0.7256 -0.6880 -0.0087
vn 0.8932 -0.4497 -0.0052
vn 0.9307 -0.3658 -0.0041
vn 0.9932 -0.0685 -0.0937
vn 0.8957 0.3198 -0.3090
vn 0.7957 0.4355 -0.4210
vn 0.6417 0.5515 -0.5330
vn 0.3427 0.6730 -0.6555
vn 0.3280 0.6785 -0.6574
vn 0.7846 0.4453 -0.4314
vn 0.4353 0.6464 -0.6267
vn 0.1203 0.0160 -0.9926
vn 0.0004 -0.3543 -0.9351
vn 0.0005 -0.5593 -0.8290
vn 0.0004 -0.6775 -0.7355
vn 0.0004 -0.9100 -0.4146
vn -0.3568 0.0142 -0.9341
vn -0.5185 0.0128 -0.8550
vn -0.8113 0.0087 -0.5845
vn -0.9139 0.0060 -0.4059
vn -0.0662 0.1078 -0.9920
vn -0.3759 0.0139 -0.9265
vn -0.5246 0.0128 -0.8513
vn 0.3167 0.3313 -0.8888
vn 0.5388 0.4557 -0.7085
vn 0.5441 0.5558 -0.6286
vn 0.6679 0.6754 -0.3127
vn 0.3401 0.3547 -0.8710
vn 0.0001 0.9185 0.3954
vn 0.0005 0.6976 0.7165
vn 0.0008 0.3827 0.9239
vn -0.9252 0.3794 -0.0085
vn -0.7072 0.7070 0.0089
vn -0.3831 0.9236 0.0122
vn 0.6533 0.3917 -0.6479
vn 0.5006 0.7132 -0.4907
vn 0.2711 0.9273 -0.2583
vn 0.9235 -0.0051 0.3835
vn 0.7064 -0.0098 0.7077
vn 0.3821 -0.0129 0.9240
vn 0.9238 -0.3828 -0.0044
vn 0.7082 -0.7059 -0.0089
vn 0.3836 -0.9234 -0.0122
vn 0.3833 0.6631 -0.6430
vn 0.7081 0.5065 -0.4920
vn 0.9239 0.2754 -0.2655
vn 0.0004 -0.9181 -0.3964
vn 0.0004 -0.6961 -0.7180
vn 0.0004 -0.3686 -0.9296
vn -0.9239 0.0057 -0.3826
vn -0.7067 0.0107 -0.7075
vn -0.3822 0.0140 -0.9240
vn 0.6518 0.6603 -0.3731
vn 0.4991 0.5117 -0.6993
vn 0.2709 0.2858 -0.9192
vn -0.3821 -0.0126 0.9240
vn -0.7070 -0.0098 0.7071
vn -0.7069 -0.0098 0.7072
vn -0.9243 -0.0054 0.3816
vn 0.5785 0.0102 -0.8156
vn 0.5238 0.0941 -0.8466
vn 0.2014 0.0009 -0.9795
vn -0.8242 -0.0057 -0.5663
vn -0.3866 0.0021 -0.9222
vn -0.8344 -0.0050 -0.5512
vn -0.9866 0.0015 -0.1634
vn -0.3816 0.0021 -0.9243
vn -0.3816 0.0236 -0.9240
vn -0.0011 0.1494 0.9888
vn -0.0084 0.3699 0.9290
vn 0.0091 0.9176 0.3973
vn -0.0083 0.9159 0.4014
vn -0.0083 0.9178 0.3969
vn -0.0000 0.8237 -0.5670
vn -0.0074 0.9297 -0.3681
vn -0.0108 0.5509 0.8345
vn -0.0095 0.9821 -0.1880
vn 0.0848 0.8556 -0.5107
vn 0.0004 0.7719 -0.6357
vn -0.0014 -0.9782 -0.2076
vn 0.1472 -0.9732 -0.1769
vn 0.0107 -0.3684 -0.9296
vn 0.1047 -0.3667 -0.9244
vn -0.0031 -0.9183 -0.3958
vn -0.0030 0.3976 -0.9175
vn -0.7073 -0.7068 -0.0111
vn -0.7076 -0.7065 -0.0110
vn -0.9236 -0.3834 -0.0062
vn -0.3822 -0.9240 -0.0143
vn 0.9241 -0.3820 -0.0055
vn 0.1614 -0.9868 -0.0151
vn 0.8110 0.5850 0.0092
vn 0.9241 -0.3822 -0.0055
vn 0.9258 -0.3780 -0.0055
vn 0.1600 -0.9870 -0.0149
vn 0.1609 -0.0129 0.9869
vn 0.0212 0.1231 0.9922
vn 0.9218 -0.0191 0.3872
vn 0.5653 -0.0221 0.8246
vn 0.5517 -0.0216 0.8338
vn 0.9797 -0.0078 -0.2004
vn 0.8134 0.0077 -0.5816
vn 0.1622 -0.0129 0.9867
vn 0.9241 -0.0046 0.3820
vn 0.9238 -0.0191 0.3824
vn -0.0001 -0.9289 0.3703
vn -0.0004 -0.7168 0.6972
vn -0.0004 -0.7172 0.6968
vn -0.0007 -0.3956 0.9184
vn 0.5822 0.8129 0.0128
vn -0.3840 0.9232 0.0140
vn -0.3881 0.9212 0.0265
vn -0.9874 0.1583 0.0022
vn -0.9864 0.1644 0.0021
vn 0.2014 0.9792 0.0247
vn -0.8241 0.5662 0.0182
vn -0.3840 0.9229 0.0265
vn -0.9967 0.0807 0.0009
vn 0.3197 0.2861 0.9033
vn 0.3021 0.3045 0.9033
vn 0.4678 0.4342 0.7699
vn 0.4417 0.4605 0.7700
vn 0.6573 0.7085 0.2569
vn 0.7181 0.6959 -0.0006
vn 0.6764 0.7366 -0.0005
vn 0.3373 0.2697 0.9019
vn 0.4928 0.4098 0.7676
vn 0.6979 0.6688 0.2562
vn 0.7553 0.6553 0.0012
vn -0.2724 -0.3210 0.9071
vn -0.2531 -0.3375 0.9067
vn -0.4152 -0.4725 0.7774
vn -0.5938 -0.7405 0.3147
vn -0.6739 -0.7355 0.0700
vn -0.6376 -0.7031 0.3147
vn -0.2316 -0.3537 0.9062
vn -0.3855 -0.4979 0.7769
vn -0.5451 -0.7777 0.3133
vn -0.6274 -0.7757 0.0692
vn 0.2625 0.3380 0.9038
vn 0.2826 0.3221 0.9036
vn 0.3844 0.5088 0.7703
vn 0.6128 0.7472 0.2571
vn 0.5847 0.8113 0.0017
vn 0.5681 0.7818 0.2571
vn 0.4119 0.4845 0.7717
vn 0.6309 0.7759 0.0010
vn -0.2907 -0.3043 0.9071
vn -0.3068 -0.2879 0.9072
vn -0.4430 -0.4468 0.7773
vn -0.4661 -0.4206 0.7783
vn -0.7130 -0.6254 0.3171
vn -0.7167 -0.6937 0.0713
vn -0.7539 -0.6530 0.0724
vn -0.6779 -0.6635 0.3165
vn -0.3221 -0.2707 0.9072
vn -0.3386 -0.2510 0.9068
vn -0.4912 -0.3949 0.7764
vn -0.5157 -0.3643 0.7754
vn -0.7801 -0.5382 0.3189
vn -0.7889 -0.6099 0.0752
vn -0.8250 -0.5597 0.0783
vn -0.7459 -0.5849 0.3187
vn 0.3532 0.2509 0.9013
vn 0.5151 0.3822 0.7671
vn 0.7339 0.6290 0.2564
vn 0.7907 0.6122 0.0007
vn 0.3705 0.2315 0.8995
vn 0.5394 0.3536 0.7642
vn 0.7687 0.5869 0.2543
vn 0.8254 0.5646 0.0010
vn 0.3879 0.2109 0.8972
vn 0.5637 0.3243 0.7596
vn 0.8024 0.5402 0.2536
vn 0.8576 0.5144 0.0022
vn 0.4076 0.1929 0.8926
vn 0.5874 0.2986 0.7522
vn 0.8343 0.4909 0.2510
vn 0.8844 0.4668 0.0011
vn -0.3573 -0.2300 0.9052
vn -0.3736 -0.2139 0.9026
vn -0.5435 -0.3304 0.7716
vn -0.5656 -0.3051 0.7662
vn -0.8389 -0.4454 0.3129
vn -0.8603 -0.5034 0.0800
vn -0.8849 -0.4589 0.0794
vn -0.8144 -0.4861 0.3170
vn 0.4550 0.1018 0.8847
vn 0.3891 -0.0144 0.9211
vn 0.8249 0.1879 0.5331
vn 0.7167 -0.0109 0.6973
vn 0.9759 0.2107 0.0565
vn 0.9342 -0.0052 0.3566
vn 0.1925 0.0734 0.9786
vn 0.6084 0.2800 0.7426
vn 0.8629 0.4428 0.2437
vn 0.9018 0.4321 -0.0065
vn 0.6213 0.2754 0.7336
vn 0.8832 0.4107 0.2264
vn -0.3842 -0.2071 0.8997
vn -0.5770 -0.2956 0.7614
vn -0.8953 -0.4387 0.0770
vn -0.8508 -0.4252 0.3087
vn -0.2046 -0.3736 0.9048
vn -0.3526 -0.5232 0.7758
vn -0.4819 -0.8193 0.3108
vn -0.5754 -0.8150 0.0689
vn -0.1817 -0.3960 0.9001
vn -0.3102 -0.5563 0.7709
vn -0.4230 -0.8544 0.3017
vn -0.5060 -0.8599 0.0675
vn 0.2246 0.3720 0.9006
vn 0.2427 0.3542 0.9031
vn 0.3313 0.5535 0.7641
vn 0.5212 0.8141 0.2562
vn 0.4922 0.8705 0.0008
vn 0.4753 0.8439 0.2489
vn 0.3553 0.5311 0.7692
vn 0.5372 0.8434 0.0025
vn 0.0015 0.3665 0.9304
vn -0.0076 0.7004 0.7137
vn -0.0153 0.9261 0.3769
vn 0.1239 0.4302 0.8942
vn 0.2056 0.8131 0.5446
vn 0.2183 0.9744 0.0546
vn -0.1711 -0.4124 0.8948
vn -0.2717 -0.5891 0.7610
vn -0.3914 -0.8731 0.2907
vn -0.4400 -0.8959 0.0616
vn -0.4075 -0.9116 0.0542
vn -0.2566 -0.6078 0.7515
vn -0.3838 -0.8751 0.2949
vn 0.2144 0.3876 0.8965
vn 0.4447 0.8646 0.2338
vn 0.3144 0.5736 0.7564
vn 0.4596 0.8881 -0.0053
vn 0.4839 0.5451 -0.6846
vn 0.5144 0.5156 -0.6852
vn 0.3461 0.3995 -0.8489
vn 0.3687 0.3785 -0.8490
vn 0.1874 0.2296 -0.9551
vn 0.1999 0.2178 -0.9553
vn 0.5428 0.4872 -0.6841
vn 0.3893 0.3580 -0.8487
vn 0.2116 0.2064 -0.9553
vn -0.4880 -0.5832 -0.6494
vn -0.5232 -0.5522 -0.6491
vn -0.3576 -0.4171 -0.8355
vn -0.3833 -0.3950 -0.8349
vn -0.2009 -0.2205 -0.9545
vn -0.2154 -0.2090 -0.9539
vn -0.4487 -0.6139 -0.6495
vn -0.3295 -0.4397 -0.8355
vn -0.1857 -0.2328 -0.9546
vn 0.4507 0.5736 -0.6840
vn 0.4176 0.6004 -0.6820
vn 0.3222 0.4203 -0.8483
vn 0.2984 0.4402 -0.8469
vn 0.1740 0.2411 -0.9548
vn 0.1611 0.2528 -0.9540
vn -0.5859 -0.4907 -0.6449
vn -0.5570 -0.5215 -0.6464
vn -0.4296 -0.3513 -0.8319
vn -0.4077 -0.3726 -0.8336
vn -0.2406 -0.1851 -0.9528
vn -0.2282 -0.1964 -0.9536
vn -0.6447 -0.4227 -0.6369
vn -0.6147 -0.4594 -0.6412
vn -0.4735 -0.3028 -0.8271
vn -0.4504 -0.3284 -0.8302
vn -0.2656 -0.1594 -0.9508
vn -0.2528 -0.1733 -0.9519
vn 0.5707 0.4570 -0.6822
vn 0.4098 0.3363 -0.8479
vn 0.2233 0.1944 -0.9552
vn 0.5988 0.4238 -0.6795
vn 0.4317 0.3132 -0.8459
vn 0.2359 0.1817 -0.9546
vn 0.6266 0.3891 -0.6752
vn 0.4535 0.2887 -0.8432
vn 0.2489 0.1684 -0.9538
vn 0.6526 0.3568 -0.6685
vn 0.4754 0.2664 -0.8385
vn 0.2626 0.1564 -0.9521
vn -0.7013 -0.3505 -0.6207
vn -0.6769 -0.3824 -0.6290
vn -0.5198 -0.2530 -0.8160
vn -0.4983 -0.2744 -0.8224
vn -0.2927 -0.1331 -0.9469
vn -0.2793 -0.1440 -0.9494
vn 0.9023 0.0701 -0.4254
vn 0.7440 0.1932 -0.6396
vn 0.6761 0.0596 -0.7344
vn 0.5448 0.1498 -0.8251
vn 0.3583 0.0404 -0.9327
vn 0.3050 0.0948 -0.9476
vn 0.6715 0.3338 -0.6615
vn 0.4939 0.2518 -0.8322
vn 0.2743 0.1489 -0.9500
vn -0.7136 -0.3363 -0.6145
vn -0.5309 -0.2434 -0.8117
vn -0.3009 -0.1284 -0.9450
vn -0.3976 -0.6508 -0.6468
vn -0.2933 -0.4675 -0.8339
vn -0.1660 -0.2474 -0.9546
vn -0.3499 -0.6849 -0.6391
vn -0.2606 -0.4956 -0.8285
vn -0.1497 -0.2652 -0.9525
vn 0.3840 0.6258 -0.6790
vn 0.3528 0.6490 -0.6740
vn 0.2748 0.4598 -0.8444
vn 0.2530 0.4789 -0.8406
vn 0.1480 0.2641 -0.9531
vn 0.1361 0.2760 -0.9515
vn 0.0360 0.9135 -0.4052
vn 0.0233 0.6965 -0.7172
vn 0.0071 0.3838 -0.9234
vn 0.1759 0.7453 -0.6431
vn 0.1268 0.5530 -0.8235
vn 0.0690 0.3229 -0.9439
vn -0.3267 -0.7031 -0.6316
vn -0.2455 -0.5137 -0.8221
vn -0.1422 -0.2780 -0.9500
vn 0.3316 0.6664 -0.6678
vn 0.2392 0.4947 -0.8355
vn 0.1293 0.2867 -0.9493
vn -0.4643 -0.8044 -0.3707
vn -0.4654 -0.8038 -0.3706
vn -0.9559 0.2450 -0.1623
vn -0.9559 0.2449 -0.1624
vn -0.5212 0.8425 0.1358
vn -0.7976 -0.4872 -0.3556
vn -0.7977 -0.4868 -0.3560
vn 0.2753 -0.9350 -0.2237
vn 0.2756 -0.9349 -0.2237
vn 0.8565 -0.5129 0.0579
vn 0.9755 -0.0993 0.1962
vn -0.8371 0.3885 -0.3850
vn -0.8367 0.3708 -0.4031
vn -0.6772 0.5248 -0.5157
vn -0.6765 0.5000 -0.5407
vn -0.1224 0.6769 -0.7259
vn 0.1348 0.7168 -0.6841
vn 0.1366 0.6751 -0.7250
vn -0.8377 0.4036 -0.3680
vn -0.6768 0.5494 -0.4899
vn -0.1232 0.7162 -0.6869
vn 0.1326 0.7533 -0.6442
vn -0.9562 -0.2027 0.2114
vn -0.9563 -0.1823 0.2286
vn -0.8561 -0.3544 0.3761
vn -0.4417 -0.5690 0.6936
vn -0.2044 -0.6675 0.7160
vn -0.4417 -0.6125 0.6556
vn -0.9556 -0.1640 0.2450
vn -0.8567 -0.3239 0.4014
vn -0.4408 -0.5206 0.7312
vn -0.2047 -0.6218 0.7560
vn -0.8366 0.3305 -0.4369
vn -0.8371 0.3489 -0.4213
vn -0.6747 0.4423 -0.5908
vn -0.1220 0.6311 -0.7660
vn 0.1366 0.5839 -0.8002
vn -0.1208 0.5867 -0.8007
vn -0.6773 0.4684 -0.5673
vn 0.1364 0.6298 -0.7647
vn -0.9554 -0.2221 0.1948
vn -0.9550 -0.2367 0.1788
vn -0.8546 -0.3843 0.3492
vn -0.8549 -0.4049 0.3244
vn -0.4415 -0.6858 0.5786
vn -0.2045 -0.7100 0.6738
vn -0.2046 -0.7468 0.6328
vn -0.4400 -0.6542 0.6152
vn -0.9539 -0.2530 0.1611
vn -0.9525 -0.2694 0.1419
vn -0.8517 -0.4315 0.2973
vn -0.8491 -0.4557 0.2671
vn -0.4360 -0.7545 0.4905
vn -0.2041 -0.7824 0.5884
vn -0.2039 -0.8174 0.5388
vn -0.4385 -0.7205 0.5372
vn -0.8374 0.4200 -0.3498
vn -0.6773 0.5720 -0.4626
vn -0.1257 0.7504 -0.6490
vn 0.1295 0.7891 -0.6004
vn -0.8358 0.4396 -0.3290
vn -0.6733 0.6001 -0.4318
vn -0.1276 0.7862 -0.6046
vn 0.1255 0.8237 -0.5529
vn -0.8346 0.4561 -0.3090
vn -0.6719 0.6206 -0.4042
vn -0.1287 0.8203 -0.5573
vn 0.1215 0.8551 -0.5040
vn -0.8309 0.4750 -0.2897
vn -0.6681 0.6413 -0.3773
vn -0.1293 0.8509 -0.5091
vn 0.1205 0.8826 -0.4544
vn -0.9505 -0.2862 0.1206
vn -0.9460 -0.3068 0.1049
vn -0.8438 -0.4828 0.2343
vn -0.8350 -0.5091 0.2090
vn -0.4267 -0.8117 0.3988
vn -0.2018 -0.8528 0.4817
vn -0.1980 -0.8764 0.4389
vn -0.4313 -0.7883 0.4388
vn -0.8306 0.5205 -0.1980
vn -0.8849 0.4574 -0.0879
vn -0.4460 0.8622 -0.2401
vn -0.6391 0.7666 -0.0624
vn 0.0409 0.9776 -0.2065
vn -0.2831 0.9587 -0.0267
vn -0.9464 0.2658 -0.1833
vn -0.6576 0.6626 -0.3585
vn -0.1224 0.8806 -0.4578
vn 0.1231 0.8994 -0.4194
vn -0.6463 0.6777 -0.3508
vn -0.1113 0.8983 -0.4250
vn -0.9436 -0.3159 0.0989
vn -0.8335 -0.5144 0.2014
vn -0.1933 -0.8878 0.4177
vn -0.4175 -0.8269 0.3768
vn -0.9547 -0.1362 0.2646
vn -0.8544 -0.2958 0.4272
vn -0.4376 -0.4581 0.7738
vn -0.2052 -0.5693 0.7961
vn -0.9511 -0.1118 0.2879
vn -0.8516 -0.2510 0.4602
vn -0.4302 -0.3996 0.8094
vn -0.2032 -0.5009 0.8413
vn -0.8322 0.2939 -0.4702
vn -0.8350 0.3112 -0.4538
vn -0.6683 0.3901 -0.6334
vn -0.1208 0.5407 -0.8325
vn 0.1366 0.4918 -0.8599
vn -0.1142 0.4937 -0.8621
vn -0.6733 0.4135 -0.6129
vn 0.1352 0.5368 -0.8328
vn -0.8793 0.0725 -0.4708
vn -0.6260 0.0472 -0.7784
vn -0.2674 0.0143 -0.9635
vn -0.8272 0.1915 -0.5283
vn -0.4291 0.2473 -0.8687
vn 0.0748 0.2232 -0.9719
vn -0.9466 -0.1033 0.3054
vn -0.8425 -0.2125 0.4951
vn -0.4182 -0.3691 0.8300
vn -0.1976 -0.4346 0.8787
vn -0.1887 -0.4033 0.8954
vn -0.8333 -0.1998 0.5154
vn -0.4225 -0.3611 0.8313
vn -0.8268 0.2824 -0.4865
vn -0.1014 0.4620 -0.8811
vn -0.6592 0.3703 -0.6544
vn 0.1415 0.4589 -0.8771
vn 0.7777 0.4309 -0.4577
vn 0.7766 0.4624 -0.4279
vn 0.9126 0.2821 -0.2959
vn 0.9122 0.3039 -0.2750
vn 0.9864 0.1158 -0.1164
vn 0.9863 0.1274 -0.1048
vn 0.7751 0.4895 -0.3996
vn 0.9114 0.3239 -0.2538
vn 0.9857 0.1403 -0.0933
vn 0.5394 -0.5374 0.6483
vn 0.5400 -0.5715 0.6179
vn 0.7525 -0.4210 0.5065
vn 0.7528 -0.4453 0.4848
vn 0.9045 -0.2734 0.3274
vn 0.9046 -0.2873 0.3151
vn 0.5390 -0.4969 0.6802
vn 0.7525 -0.3920 0.5292
vn 0.9047 -0.2578 0.3393
vn 0.7777 0.3980 -0.4866
vn 0.7764 0.3651 -0.5137
vn 0.9126 0.2578 -0.3173
vn 0.9118 0.2341 -0.3373
vn 0.9865 0.1017 -0.1284
vn 0.9862 0.0885 -0.1397
vn 0.5377 -0.6338 0.5560
vn 0.5391 -0.6044 0.5866
vn 0.7510 -0.4919 0.4404
vn 0.7523 -0.4700 0.4617
vn 0.9041 -0.3132 0.2908
vn 0.9043 -0.3006 0.3030
vn 0.5325 -0.6922 0.4871
vn 0.5359 -0.6620 0.5240
vn 0.7491 -0.5345 0.3913
vn 0.7504 -0.5126 0.4174
vn 0.9041 -0.3354 0.2648
vn 0.9041 -0.3239 0.2787
vn 0.7719 0.5173 -0.3696
vn 0.9099 0.3431 -0.2330
vn 0.9855 0.1490 -0.0814
vn 0.7670 0.5460 -0.3370
vn 0.9063 0.3670 -0.2097
vn 0.9843 0.1630 -0.0684
vn 0.7606 0.5743 -0.3029
vn 0.9025 0.3887 -0.1855
vn 0.9830 0.1754 -0.0548
vn 0.7528 0.5998 -0.2711
vn 0.8972 0.4103 -0.1634
vn 0.9804 0.1921 -0.0432
vn 0.5217 -0.7464 0.4131
vn 0.5278 -0.7234 0.4450
vn 0.7399 -0.5805 0.3400
vn 0.7457 -0.5593 0.3621
vn 0.9005 -0.3640 0.2381
vn 0.9028 -0.3505 0.2494
vn 0.4979 0.8672 -0.0118
vn 0.7125 0.6928 -0.1110
vn 0.7841 0.6198 0.0319
vn 0.8756 0.4807 -0.0486
vn 0.9549 0.2884 0.0705
vn 0.9727 0.2312 0.0177
vn 0.7445 0.6193 -0.2493
vn 0.8908 0.4291 -0.1493
vn 0.9792 0.1999 -0.0361
vn 0.5167 -0.7582 0.3976
vn 0.7357 -0.5916 0.3297
vn 0.8983 -0.3722 0.2334
vn 0.5360 -0.4461 0.7167
vn 0.7503 -0.3561 0.5570
vn 0.9044 -0.2383 0.3540
vn 0.5278 -0.3981 0.7503
vn 0.7439 -0.3232 0.5849
vn 0.9016 -0.2210 0.3719
vn 0.7739 0.3319 -0.5394
vn 0.7691 0.3013 -0.5636
vn 0.9103 0.2101 -0.3567
vn 0.9068 0.1895 -0.3766
vn 0.9855 0.0758 -0.1515
vn 0.9845 0.0635 -0.1635
vn 0.5099 0.0061 -0.8602
vn 0.7925 -0.0304 -0.6091
vn 0.9595 -0.0626 -0.2748
vn 0.7364 0.1274 -0.6645
vn 0.8890 0.0646 -0.4533
vn 0.9773 -0.0024 -0.2118
vn 0.5201 -0.3743 0.7677
vn 0.7363 -0.3078 0.6026
vn 0.8976 -0.2157 0.3845
vn 0.7634 0.2806 -0.5818
vn 0.9028 0.1755 -0.3927
vn 0.9831 0.0562 -0.1743
vn 0.2390 -0.4873 0.8399
vn -0.0857 -0.4577 -0.8849
vn -0.0859 -0.4567 -0.8855
vn 0.2393 -0.4938 0.8360
vn 0.1179 -0.9641 -0.2379
vn 0.1182 -0.9641 -0.2379
vn -0.0725 -0.5102 -0.8570
vn 0.2354 -0.8251 0.5136
vn 0.2355 -0.8214 0.5195
vn 0.1358 0.2566 0.9569
vn -0.0477 0.8581 0.5113
vn -0.1329 0.9876 0.0841
vn -0.0625 0.8884 0.4549
vn 0.6802 0.4964 -0.5395
vn 0.6052 0.6449 -0.4667
vn 0.6053 0.6448 -0.4668
vn 0.0607 -0.7747 -0.6294
vn 0.0607 -0.7748 -0.6293
vn -0.4826 -0.4419 0.7562
vn -0.4826 -0.4420 0.7561
vn 0.6888 0.5445 -0.4786
vn 0.6888 0.5444 -0.4787
vn 0.0609 0.5953 0.8012
vn 0.0610 0.5952 0.8012
vn 0.0611 0.5952 0.8013
vn 0.2288 -0.5894 0.7748
vn -0.1015 0.7814 -0.6157
vn 0.8063 0.3787 0.4543
vn 0.0019 -0.4519 0.8921
vn 0.4733 0.6549 0.5892
vn -0.4582 0.8128 -0.3596
vn 0.3432 -0.5052 -0.7918
vn -0.2724 -0.8474 -0.4557
vn -0.1386 0.3628 -0.9215
vn -0.1239 0.8847 0.4494
vn 0.8972 -0.1194 0.4251
vn -0.4342 0.8899 0.1400
vn 0.8972 -0.4277 0.1099
vn -0.1173 -0.4231 -0.8984
vn 0.6694 0.6850 0.2876
vn -0.9904 0.0214 -0.1364
vn -0.2782 0.6815 -0.6768
vn -0.7804 0.2066 0.5902
vn -0.2947 -0.3895 -0.8726
vn -0.6219 -0.7317 -0.2789
vn 0.8102 0.5605 0.1716
vn 0.9663 -0.2415 0.0891
vn -0.4748 -0.0805 -0.8764
vn -0.8823 0.0071 -0.4706
vn 0.3822 0.0028 -0.9241
vn -0.9233 -0.0046 -0.3840
vn -0.0104 0.5388 0.8424
vn 0.0006 -0.9189 -0.3945
vn 0.0007 0.3974 -0.9177
vn 0.9258 -0.3779 -0.0055
vn 0.9242 -0.0046 0.3820
vn -0.8321 0.5544 0.0175
vn -0.1118 0.9602 0.2559
vn -0.1508 -0.0914 -0.9843
vn -0.0627 0.8889 0.4537
vt 0.757132 0.733556
vt 0.752506 0.733510
vt 0.754280 0.730986
vt 0.886390 0.772512
vt 0.877609 0.764021
vt 0.887680 0.770496
vt 0.749512 0.731053
vt 0.744544 0.731235
vt 0.746388 0.728734
vt 0.870592 0.730758
vt 0.860394 0.725417
vt 0.861781 0.723540
vt 0.739912 0.724618
vt 0.738620 0.720459
vt 0.741791 0.722179
vt 0.896698 0.778578
vt 0.897962 0.776543
vt 0.910657 0.757571
vt 0.920912 0.765513
vt 0.909452 0.759571
vt 0.889971 0.744909
vt 0.878720 0.739866
vt 0.880040 0.737940
vt 0.745013 0.724120
vt 0.748215 0.726255
vt 0.741286 0.729057
vt 0.743159 0.726579
vt 0.852104 0.718039
vt 0.853531 0.716179
vt 0.832507 0.730177
vt 0.841726 0.735736
vt 0.840304 0.737666
vt 0.848469 0.744903
vt 0.858534 0.750071
vt 0.857166 0.752035
vt 0.843771 0.710006
vt 0.845218 0.708176
vt 0.833234 0.699034
vt 0.834677 0.697242
vt 0.817397 0.713721
vt 0.826399 0.720355
vt 0.824906 0.722245
vt 0.736722 0.722877
vt 0.735473 0.718946
vt 0.818715 0.683568
vt 0.820126 0.681775
vt 0.801509 0.665837
vt 0.802900 0.663936
vt 0.810032 0.704694
vt 0.818939 0.711862
vt 0.730270 0.719974
vt 0.728991 0.716442
vt 0.732289 0.717617
vt 0.907230 0.784255
vt 0.908471 0.782201
vt 0.918324 0.789704
vt 0.919540 0.787627
vt 0.938353 0.770662
vt 0.961431 0.782291
vt 0.937262 0.772698
vt 0.747697 0.733576
vt 0.930272 0.795041
vt 0.931461 0.792951
vt 0.942687 0.800232
vt 0.943857 0.798131
vt 0.962505 0.780269
vt 0.989872 0.793735
vt 0.758779 0.739686
vt 0.753761 0.738872
vt 0.755450 0.736200
vt 0.878919 0.762031
vt 0.888965 0.768485
vt 0.863874 0.741382
vt 0.851419 0.740746
vt 0.855110 0.734205
vt 0.869239 0.732661
vt 0.859004 0.727303
vt 0.850507 0.720178
vt 0.838857 0.719152
vt 0.842160 0.712120
vt 0.899223 0.774513
vt 0.909708 0.780151
vt 0.888686 0.746859
vt 0.897704 0.755424
vt 0.887397 0.748813
vt 0.877396 0.741798
vt 0.898956 0.753443
vt 0.908243 0.761579
vt 0.867834 0.757150
vt 0.849863 0.742957
vt 0.859899 0.748113
vt 0.851253 0.741017
vt 0.842317 0.711841
vt 0.858837 0.727573
vt 0.846888 0.726914
vt 0.833962 0.728265
vt 0.843145 0.733814
vt 0.835414 0.726361
vt 0.817306 0.685355
vt 0.829865 0.709660
vt 0.831670 0.701138
vt 0.827889 0.718474
vt 0.811711 0.702988
vt 0.820475 0.710016
vt 0.800241 0.667864
vt 0.899399 0.774251
vt 0.893309 0.761992
vt 0.903705 0.768085
vt 0.919757 0.767553
vt 0.936171 0.774741
vt 0.920750 0.785555
vt 0.932649 0.790865
vt 0.914698 0.773889
vt 0.920990 0.785323
vt 0.909894 0.779893
vt 0.960360 0.784315
vt 0.988609 0.795765
vt 0.945025 0.796029
vt 0.900203 0.751471
vt 0.767523 0.749427
vt 0.766197 0.742507
vt 0.768164 0.749265
vt 0.766928 0.742514
vt 0.768804 0.749102
vt 0.897530 0.755688
vt 0.908068 0.761843
vt 0.867883 0.734571
vt 0.887226 0.749078
vt 0.762809 0.744326
vt 0.757638 0.743033
vt 0.751311 0.728552
vt 0.935932 0.774971
vt 0.946594 0.787498
vt 0.928433 0.780152
vt 0.715995 0.715107
vt 0.709801 0.715105
vt 0.715895 0.714427
vt 0.709887 0.714382
vt 0.715797 0.713744
vt 0.843309 0.733541
vt 0.866491 0.759131
vt 0.889138 0.768222
vt 0.883134 0.755462
vt 0.869173 0.755175
vt 0.767412 0.749340
vt 0.763004 0.749199
vt 0.765394 0.742513
vt 0.762775 0.739439
vt 0.945103 0.795732
vt 0.933004 0.790682
vt 0.959995 0.784487
vt 0.966617 0.795898
vt 0.726348 0.718590
vt 0.725540 0.715407
vt 0.734802 0.725305
vt 0.733557 0.721346
vt 0.850672 0.719905
vt 0.820521 0.709606
vt 0.819058 0.697582
vt 0.738011 0.727074
vt 0.731620 0.723755
vt 0.873265 0.748526
vt 0.877227 0.742064
vt 0.922061 0.763483
vt 0.833162 0.866832
vt 0.791764 0.875765
vt 0.790988 0.874899
vt 0.919572 0.767811
vt 0.721461 0.717036
vt 0.722220 0.714532
vt 0.717287 0.718529
vt 0.716122 0.715178
vt 0.817281 0.685753
vt 0.806914 0.684932
vt 0.800567 0.668607
vt 0.813604 0.701168
vt 0.770094 0.756050
vt 0.769420 0.756347
vt 0.759948 0.736351
vt 0.770696 0.755693
vt 0.828013 0.718155
vt 0.876293 0.766019
vt 0.867715 0.734839
vt 0.835572 0.726080
vt 0.802666 0.686362
vt 0.728228 0.722335
vt 0.831787 0.700825
vt 0.804580 0.685501
vt 0.813357 0.701328
vt 0.860067 0.747845
vt 0.869342 0.754909
vt 0.879090 0.761766
vt 0.750718 0.736059
vt 0.723682 0.720711
vt 0.878237 0.828860
vt 0.812367 0.776866
vt 0.895708 0.833456
vt 0.729319 0.780727
vt 0.759256 0.822470
vt 0.758412 0.823120
vt 0.733092 0.782809
vt 0.760106 0.821822
vt 0.787730 0.852526
vt 0.798884 0.818715
vt 0.821484 0.835441
vt 0.736358 0.957321
vt 0.691143 0.886406
vt 0.696625 0.885335
vt 0.884011 0.862979
vt 0.833295 0.867824
vt 0.757155 0.909449
vt 0.736381 0.951903
vt 0.756168 0.909046
vt 0.804453 0.801833
vt 0.855206 0.818373
vt 0.768720 0.967084
vt 0.846059 0.936278
vt 0.755763 0.979947
vt 0.703455 0.804000
vt 0.741818 0.838150
vt 0.704411 0.806152
vt 0.791192 0.915253
vt 0.829192 0.917019
vt 0.789478 0.953253
vt 0.770870 0.869012
vt 0.741086 0.838927
vt 0.899090 0.850986
vt 0.850194 0.940767
vt 0.698268 0.785739
vt 0.685114 0.887580
vt 0.693640 0.767613
vt 0.738981 0.974888
vt 0.842081 0.931952
vt 0.882371 0.864210
vt 0.884123 0.863203
vt 0.778414 0.916213
vt 0.791635 0.875882
vt 0.779355 0.916444
vt 0.784852 0.861386
vt 0.746500 0.825710
vt 0.752670 0.824319
vt 0.814201 0.771051
vt 0.913548 0.838407
vt 0.790748 0.874768
vt 0.835034 0.861249
vt 0.833201 0.866641
vt 0.769307 0.966496
vt 0.841292 0.931080
vt 0.638140 0.976056
vt 0.683661 0.955591
vt 0.685668 0.985005
vt 0.777916 0.867615
vt 0.746311 0.825879
vt 0.783060 0.866534
vt 0.832756 0.850255
vt 0.828948 0.846133
vt 0.772653 0.917482
vt 0.778221 0.916232
vt 0.836966 0.855179
vt 0.913631 0.838784
vt 0.836914 0.854931
vt 0.758144 0.909848
vt 0.770907 0.869182
vt 0.772047 0.868939
vt 0.703231 0.804117
vt 0.698320 0.884971
vt 0.696955 0.885267
vt 0.711581 0.773758
vt 0.693927 0.767353
vt 0.736226 0.956482
vt 0.736198 0.954044
vt 0.736484 0.956493
vt 0.786839 0.870501
vt 0.766410 0.918759
vt 0.783269 0.866601
vt 0.703010 0.803312
vt 0.744319 0.831826
vt 0.742634 0.837198
vt 0.786636 0.855910
vt 0.742284 0.992981
vt 0.882253 0.864011
vt 0.833424 0.868818
vt 0.786996 0.854528
vt 0.786629 0.855636
vt 0.810596 0.782469
vt 0.874988 0.828401
vt 0.810166 0.783796
vt 0.706421 0.945358
vt 0.658893 0.936409
vt 0.679646 0.896762
vt 0.729457 0.780517
vt 0.731467 0.781675
vt 0.828834 0.845973
vt 0.787160 0.854582
vt 0.828533 0.844949
vt 0.766169 0.918681
vt 0.761980 0.914133
vt 0.742553 0.837375
vt 0.741921 0.992859
vt 0.733196 0.993955
vt 0.783222 0.866387
vt 0.787346 0.853463
vt 0.733199 0.782620
vt 0.809739 0.785108
vt 0.792388 0.876714
vt 0.780298 0.916673
vt 0.880890 0.865108
vt 0.770422 0.964947
vt 0.840511 0.930213
vt 0.704986 0.808070
vt 0.699672 0.884679
vt 0.769808 0.869416
vt 0.736172 0.951907
vt 0.884766 0.862688
vt 0.842306 0.932199
vt 0.769092 0.966357
vt 0.770233 0.964807
vt 0.771230 0.963513
vt 0.792512 0.876602
vt 0.772279 0.868797
vt 0.768106 0.869843
vt 0.734091 0.877988
vt 0.736569 0.850405
vt 0.717109 0.882054
vt 0.705062 0.830986
vt 0.758226 0.823182
vt 0.728685 0.780218
vt 0.770707 0.818894
vt 0.753700 0.785294
vt 0.787505 0.853515
vt 0.828229 0.843928
vt 0.830925 0.879001
vt 0.868905 0.880785
vt 0.792908 0.877216
vt 0.817109 0.903764
vt 0.758292 0.909977
vt 0.748621 0.901497
vt 0.729156 0.933121
vt 0.705186 0.807982
vt 0.810698 0.782148
vt 0.877405 0.828903
vt 0.874960 0.828650
vt 0.872835 0.828382
vt 0.736932 0.717212
vt 0.741545 0.717309
vt 0.739761 0.719815
vt 0.868636 0.799794
vt 0.860055 0.791540
vt 0.869896 0.797832
vt 0.744521 0.719758
vt 0.749443 0.719542
vt 0.747646 0.722042
vt 0.852625 0.758926
vt 0.842383 0.753927
vt 0.843695 0.752020
vt 0.754172 0.726002
vt 0.755588 0.730098
vt 0.752368 0.728489
vt 0.878627 0.805771
vt 0.879884 0.803802
vt 0.892608 0.785243
vt 0.902654 0.793245
vt 0.891395 0.787212
vt 0.872090 0.772644
vt 0.860866 0.767780
vt 0.862141 0.765850
vt 0.749094 0.726625
vt 0.745852 0.724538
vt 0.752699 0.721637
vt 0.750893 0.724133
vt 0.833929 0.746975
vt 0.835256 0.745098
vt 0.815138 0.759540
vt 0.824348 0.764677
vt 0.823017 0.766610
vt 0.831224 0.773441
vt 0.841202 0.778233
vt 0.839910 0.780187
vt 0.825471 0.739400
vt 0.826823 0.737556
vt 0.814760 0.729036
vt 0.816110 0.727226
vt 0.799780 0.743951
vt 0.808819 0.750134
vt 0.807422 0.752036
vt 0.757398 0.727632
vt 0.758771 0.731498
vt 0.799949 0.714427
vt 0.801261 0.712592
vt 0.782287 0.697885
vt 0.783438 0.696014
vt 0.792285 0.735375
vt 0.801225 0.742081
vt 0.763910 0.730298
vt 0.765305 0.733765
vt 0.761984 0.732712
vt 0.888794 0.811481
vt 0.890049 0.809500
vt 0.899489 0.817096
vt 0.900738 0.815091
vt 0.919687 0.798824
vt 0.941576 0.811330
vt 0.918543 0.800781
vt 0.746312 0.717253
vt 0.911049 0.822699
vt 0.912277 0.820650
vt 0.923282 0.827991
vt 0.924288 0.825912
vt 0.942741 0.809429
vt 0.968349 0.824433
vt 0.735387 0.711056
vt 0.740352 0.711987
vt 0.738643 0.714602
vt 0.861320 0.789588
vt 0.871156 0.795871
vt 0.846242 0.769581
vt 0.833994 0.769289
vt 0.837434 0.762758
vt 0.851332 0.760844
vt 0.841067 0.755837
vt 0.832442 0.749131
vt 0.820980 0.748528
vt 0.823968 0.741527
vt 0.881140 0.801833
vt 0.891302 0.807519
vt 0.870828 0.774588
vt 0.879784 0.783046
vt 0.869566 0.776533
vt 0.859587 0.769714
vt 0.881027 0.781089
vt 0.890178 0.789187
vt 0.850437 0.784951
vt 0.832533 0.771497
vt 0.842493 0.776283
vt 0.833840 0.769558
vt 0.824112 0.741248
vt 0.840912 0.756109
vt 0.829123 0.755863
vt 0.816497 0.757618
vt 0.825677 0.762748
vt 0.817855 0.755705
vt 0.798633 0.716262
vt 0.811841 0.739549
vt 0.813303 0.731153
vt 0.810212 0.748241
vt 0.793867 0.733657
vt 0.802662 0.740223
vt 0.781618 0.699886
vt 0.881315 0.801580
vt 0.875432 0.789514
vt 0.885617 0.795568
vt 0.901472 0.795238
vt 0.917404 0.802743
vt 0.901983 0.813087
vt 0.913491 0.818624
vt 0.896335 0.801436
vt 0.902224 0.812866
vt 0.891489 0.807271
vt 0.940426 0.813225
vt 0.966583 0.826400
vt 0.925275 0.823877
vt 0.882267 0.779136
vt 0.945722 0.829624
vt 0.945917 0.827622
vt 0.946116 0.825617
vt 0.879613 0.783307
vt 0.890003 0.789445
vt 0.850037 0.762765
vt 0.869399 0.776796
vt 0.731426 0.706246
vt 0.736592 0.707746
vt 0.742732 0.722259
vt 0.917162 0.802958
vt 0.927091 0.815666
vt 0.909658 0.807913
vt 0.778275 0.734638
vt 0.784376 0.734424
vt 0.778396 0.735300
vt 0.784286 0.735145
vt 0.778513 0.735964
vt 0.825829 0.762476
vt 0.849161 0.786903
vt 0.871326 0.795614
vt 0.865408 0.783120
vt 0.851713 0.783001
vt 0.727025 0.700828
vt 0.731384 0.701270
vt 0.728741 0.708016
vt 0.731400 0.711212
vt 0.925363 0.823599
vt 0.913840 0.818455
vt 0.940064 0.813368
vt 0.945732 0.825335
vt 0.767858 0.731537
vt 0.768773 0.734673
vt 0.759225 0.725156
vt 0.760595 0.729047
vt 0.832594 0.748858
vt 0.802693 0.739821
vt 0.800829 0.728135
vt 0.755987 0.723513
vt 0.762438 0.726588
vt 0.855620 0.776416
vt 0.859424 0.769981
vt 0.903835 0.791259
vt 0.721309 0.739146
vt 0.725901 0.739230
vt 0.724124 0.741723
vt 0.901285 0.795489
vt 0.772773 0.732912
vt 0.772104 0.735427
vt 0.776876 0.731282
vt 0.778146 0.734572
vt 0.798623 0.716649
vt 0.788630 0.716236
vt 0.781952 0.700599
vt 0.795652 0.731820
vt 0.966950 0.828632
vt 0.967377 0.830719
vt 0.734168 0.714363
vt 0.966533 0.826547
vt 0.810323 0.747925
vt 0.858786 0.793497
vt 0.849878 0.763034
vt 0.818000 0.755424
vt 0.784541 0.717762
vt 0.765857 0.727879
vt 0.813406 0.730843
vt 0.786377 0.716863
vt 0.795416 0.731984
vt 0.842650 0.776017
vt 0.851874 0.782738
vt 0.861486 0.789328
vt 0.743332 0.714798
vt 0.770435 0.729334
vt 0.911917 0.674709
vt 0.919998 0.683458
vt 0.910528 0.676582
vt 0.728858 0.741683
vt 0.733775 0.741509
vt 0.731953 0.743986
vt 0.926283 0.716223
vt 0.936262 0.721536
vt 0.934894 0.723378
vt 0.738397 0.748034
vt 0.739720 0.752153
vt 0.736551 0.750471
vt 0.902426 0.668015
vt 0.901014 0.669869
vt 0.887247 0.689318
vt 0.877220 0.681375
vt 0.888456 0.687361
vt 0.907429 0.702049
vt 0.918409 0.707175
vt 0.917085 0.709049
vt 0.733333 0.748562
vt 0.730141 0.746449
vt 0.737001 0.743650
vt 0.735161 0.746112
vt 0.944389 0.728745
vt 0.943001 0.730559
vt 0.963497 0.716906
vt 0.954499 0.711523
vt 0.955878 0.709652
vt 0.947990 0.702604
vt 0.938273 0.697486
vt 0.939629 0.695597
vt 0.952502 0.736586
vt 0.951089 0.738364
vt 0.962704 0.747308
vt 0.961301 0.749043
vt 0.978259 0.732927
vt 0.969465 0.726478
vt 0.970923 0.724630
vt 0.741584 0.749729
vt 0.742869 0.753626
vt 0.976669 0.762257
vt 0.975308 0.764002
vt 0.993637 0.779136
vt 0.992417 0.781271
vt 0.985354 0.741755
vt 0.976746 0.734753
vt 0.748051 0.752540
vt 0.749364 0.756059
vt 0.746058 0.754917
vt 0.892861 0.661450
vt 0.891425 0.663285
vt 0.882912 0.654790
vt 0.881440 0.656610
vt 0.859991 0.676118
vt 0.836917 0.664390
vt 0.861090 0.674097
vt 0.730662 0.739192
vt 0.872325 0.647758
vt 0.870817 0.649564
vt 0.861327 0.640413
vt 0.859798 0.642224
vt 0.835847 0.666425
vt 0.808106 0.653272
vt 0.719715 0.733018
vt 0.724699 0.733903
vt 0.722999 0.736534
vt 0.918627 0.685356
vt 0.909135 0.678459
vt 0.932970 0.705884
vt 0.945099 0.706619
vt 0.941469 0.712964
vt 0.927630 0.714366
vt 0.937633 0.719689
vt 0.945946 0.726659
vt 0.957304 0.727668
vt 0.954077 0.734535
vt 0.899598 0.671727
vt 0.889985 0.665125
vt 0.908721 0.700151
vt 0.899974 0.691593
vt 0.910018 0.698249
vt 0.919736 0.705296
vt 0.898714 0.693525
vt 0.889672 0.685396
vt 0.929346 0.690440
vt 0.946625 0.704482
vt 0.936920 0.699373
vt 0.945262 0.706358
vt 0.953923 0.734805
vt 0.937798 0.719425
vt 0.949473 0.720097
vt 0.962079 0.718775
vt 0.953121 0.713389
vt 0.960664 0.720636
vt 0.978022 0.760537
vt 0.966050 0.736924
vt 0.964225 0.745277
vt 0.968010 0.728317
vt 0.983757 0.743384
vt 0.975251 0.736554
vt 0.994693 0.776764
vt 0.898527 0.672995
vt 0.904397 0.685171
vt 0.894213 0.679032
vt 0.878383 0.679370
vt 0.862194 0.672069
vt 0.879964 0.658438
vt 0.869307 0.651378
vt 0.883427 0.673187
vt 0.877321 0.661852
vt 0.888221 0.667324
vt 0.837990 0.662350
vt 0.809238 0.651302
vt 0.858270 0.644037
vt 0.897461 0.695450
vt 0.711235 0.722909
vt 0.712130 0.729981
vt 0.710581 0.723034
vt 0.711395 0.729925
vt 0.709925 0.723158
vt 0.900148 0.691335
vt 0.889847 0.685138
vt 0.928979 0.712505
vt 0.910190 0.697991
vt 0.715705 0.728242
vt 0.720905 0.729688
vt 0.727064 0.744159
vt 0.862434 0.671842
vt 0.851934 0.659336
vt 0.869907 0.666847
vt 0.992555 0.759242
vt 0.997240 0.776739
vt 0.990715 0.760070
vt 0.994812 0.776675
vt 0.988883 0.760902
vt 0.952961 0.713655
vt 0.930696 0.688545
vt 0.908605 0.679070
vt 0.914329 0.691763
vt 0.927997 0.692335
vt 0.711339 0.723002
vt 0.715750 0.723330
vt 0.712939 0.730031
vt 0.715703 0.733226
vt 0.853532 0.651238
vt 0.865499 0.656430
vt 0.838356 0.662174
vt 0.831782 0.651288
vt 0.751997 0.753883
vt 0.752839 0.757089
vt 0.743461 0.747292
vt 0.744752 0.751214
vt 0.945784 0.726925
vt 0.975207 0.736953
vt 0.976514 0.748672
vt 0.740255 0.745584
vt 0.746651 0.748788
vt 0.923885 0.698761
vt 0.919906 0.705037
vt 0.876064 0.683369
vt 0.878568 0.679117
vt 0.756954 0.755396
vt 0.756243 0.757998
vt 0.761065 0.753735
vt 0.762327 0.757069
vt 0.978041 0.760156
vt 0.988496 0.760616
vt 0.994364 0.776085
vt 0.981958 0.745136
vt 0.709076 0.716171
vt 0.709779 0.715928
vt 0.718531 0.736339
vt 0.708453 0.716490
vt 0.967889 0.728628
vt 0.921367 0.681563
vt 0.929147 0.712244
vt 0.960510 0.720910
vt 0.750064 0.750144
vt 0.964111 0.745579
vt 0.982195 0.744980
vt 0.936754 0.699631
vt 0.927827 0.692591
vt 0.918451 0.685610
vt 0.727688 0.736721
vt 0.754645 0.751712
vt 0.709768 0.715829
vt 0.709778 0.715848
vt 0.709751 0.715831
vt 0.709806 0.715846
vt 0.709807 0.715867
vt 0.709763 0.715852
vt 0.709741 0.715834
vt 0.709788 0.715867
vt 0.709898 0.715907
vt 0.709900 0.715883
vt 0.709940 0.715901
vt 0.709844 0.715906
vt 0.709846 0.715887
vt 0.709851 0.715865
vt 0.709803 0.715881
vt 0.802965 0.663923
vt 0.803035 0.663985
vt 0.709769 0.715868
vt 0.709791 0.715892
vt 0.769396 0.756342
vt 0.769388 0.756312
vt 0.769425 0.756365
vt 0.769399 0.756359
vt 0.769366 0.756317
vt 0.769353 0.756272
vt 0.769373 0.756337
vt 0.991006 0.791684
vt 0.990988 0.791616
vt 0.991053 0.791715
vt 0.769345 0.756342
vt 0.769352 0.756325
vt 0.769380 0.756357
vt 0.769414 0.756378
vt 0.769319 0.756233
vt 0.769300 0.756242
vt 0.769288 0.756201
vt 0.769335 0.756282
vt 0.769320 0.756289
vt 0.709909 0.714358
vt 0.709939 0.714356
vt 0.800158 0.667833
vt 0.800191 0.667946
vt 0.800184 0.668006
vt 0.800193 0.668119
vt 0.800262 0.668154
vt 0.800321 0.668301
vt 0.800245 0.668072
vt 0.800245 0.667983
vt 0.800187 0.667838
vt 0.800325 0.668050
vt 0.800302 0.668135
vt 0.800448 0.668472
vt 0.800504 0.668446
vt 0.800372 0.668291
vt 0.800417 0.668253
vt 0.770709 0.755664
vt 0.770703 0.755708
vt 0.988375 0.795902
vt 0.988316 0.795850
vt 0.988484 0.795874
vt 0.770715 0.755682
vt 0.988401 0.795839
vt 0.988549 0.795851
vt 0.987946 0.795734
vt 0.987944 0.795796
vt 0.987769 0.795735
vt 0.988162 0.795743
vt 0.988144 0.795800
vt 0.988154 0.795850
vt 0.988320 0.795806
vt 0.988488 0.795810
vt 0.988390 0.795755
vt 0.988675 0.795823
vt 0.790947 0.874918
vt 0.790921 0.874871
vt 0.790910 0.874946
vt 0.790893 0.874885
vt 0.790845 0.874839
vt 0.790871 0.874904
vt 0.790845 0.874858
vt 0.790833 0.874951
vt 0.790878 0.874981
vt 0.790854 0.875019
vt 0.790809 0.874872
vt 0.790851 0.874924
vt 0.790809 0.874835
vt 0.790787 0.874804
vt 0.790780 0.874811
vt 0.703371 0.803982
vt 0.703301 0.803803
vt 0.703166 0.803648
vt 0.703137 0.803585
vt 0.703205 0.803806
vt 0.703268 0.804033
vt 0.703113 0.803554
vt 0.703187 0.803812
vt 0.884249 0.862912
vt 0.884089 0.863014
vt 0.884431 0.862869
vt 0.884284 0.862934
vt 0.884300 0.862957
vt 0.884130 0.863057
vt 0.884142 0.863115
vt 0.884335 0.862984
vt 0.884324 0.862970
vt 0.884464 0.862854
vt 0.884539 0.862824
vt 0.884402 0.862890
vt 0.769119 0.966441
vt 0.768997 0.966591
vt 0.768931 0.966785
vt 0.768891 0.966840
vt 0.769047 0.966674
vt 0.769215 0.966506
vt 0.769060 0.966687
vt 0.768919 0.966798
vt 0.877466 0.828836
vt 0.877664 0.828865
vt 0.877486 0.828779
vt 0.877685 0.828834
vt 0.877871 0.828827
vt 0.877931 0.828835
vt 0.877419 0.828643
vt 0.877708 0.828781
vt 0.877474 0.828719
vt 0.877711 0.828762
vt 0.877888 0.828831
vt 0.772079 0.868779
vt 0.772030 0.868802
vt 0.772008 0.868762
vt 0.772159 0.868798
vt 0.772093 0.868807
vt 0.772044 0.868847
vt 0.772135 0.868828
vt 0.772100 0.868835
vt 0.772169 0.868845
vt 0.772191 0.868816
vt 0.772229 0.868813
vt 0.772227 0.868803
vt 0.772050 0.868894
vt 0.772104 0.868895
vt 0.772105 0.868864
vt 0.736420 0.956748
vt 0.736413 0.956546
vt 0.736363 0.956948
vt 0.736388 0.956765
vt 0.736296 0.956544
vt 0.736314 0.956780
vt 0.736334 0.956780
vt 0.736353 0.957046
vt 0.786752 0.855745
vt 0.786756 0.855691
vt 0.786802 0.855692
vt 0.786696 0.855805
vt 0.786721 0.855743
vt 0.786693 0.855735
vt 0.786710 0.855681
vt 0.786647 0.855858
vt 0.786666 0.855781
vt 0.786664 0.855824
vt 0.786657 0.855861
vt 0.786667 0.855662
vt 0.786639 0.855708
vt 0.786666 0.855725
vt 0.786649 0.855790
vt 0.729142 0.780556
vt 0.729310 0.780642
vt 0.729012 0.780419
vt 0.729144 0.780514
vt 0.729156 0.780488
vt 0.729327 0.780585
vt 0.729370 0.780545
vt 0.729160 0.780444
vt 0.729154 0.780460
vt 0.728982 0.780397
vt 0.728917 0.780347
vt 0.729045 0.780432
vt 0.742308 0.993066
vt 0.742188 0.992962
vt 0.742296 0.993162
vt 0.742158 0.993087
vt 0.742097 0.992936
vt 0.742112 0.993172
vt 0.742052 0.993074
vt 0.741879 0.993606
vt 0.741997 0.993247
vt 0.742237 0.993302
vt 0.741768 0.993152
vt 0.741946 0.993119
vt 0.742032 0.993136
vt 0.742009 0.992900
vt 0.741850 0.992917
vt 0.741959 0.993022
vt 0.741803 0.993003
vt 0.913706 0.838463
vt 0.913581 0.838500
vt 0.913702 0.838304
vt 0.913612 0.838342
vt 0.913606 0.838592
vt 0.913803 0.838461
vt 0.913747 0.838561
vt 0.914298 0.838444
vt 0.913926 0.838524
vt 0.913853 0.838285
vt 0.913955 0.838771
vt 0.913839 0.838631
vt 0.913811 0.838548
vt 0.913622 0.838685
vt 0.913714 0.838817
vt 0.913750 0.838668
vt 0.913810 0.838815
vt 0.783212 0.866594
vt 0.783267 0.866545
vt 0.783160 0.866580
vt 0.783215 0.866543
vt 0.783259 0.866492
vt 0.783183 0.866508
vt 0.783213 0.866501
vt 0.783094 0.866489
vt 0.783110 0.866561
vt 0.783132 0.866450
vt 0.783137 0.866517
vt 0.783174 0.866536
vt 0.783244 0.866440
vt 0.783174 0.866417
vt 0.783198 0.866462
vt 0.783163 0.866485
vt 0.693553 0.767591
vt 0.693705 0.767538
vt 0.693476 0.767531
vt 0.693609 0.767447
vt 0.693772 0.767470
vt 0.693558 0.767364
vt 0.693675 0.767361
vt 0.693300 0.766947
vt 0.693552 0.767225
vt 0.693385 0.767410
vt 0.693752 0.767079
vt 0.693690 0.767246
vt 0.693631 0.767313
vt 0.693846 0.767409
vt 0.693914 0.767264
vt 0.693767 0.767306
vt 0.693863 0.767183
vt 0.880779 0.864921
vt 0.880791 0.865002
vt 0.880726 0.864983
vt 0.880871 0.864988
vt 0.880845 0.864961
vt 0.880738 0.865041
vt 0.880666 0.865043
vt 0.880773 0.865042
vt 0.880817 0.865050
vt 0.880883 0.865024
vt 0.880795 0.865116
vt 0.880753 0.865071
vt 0.880817 0.865019
vt 0.880600 0.865102
vt 0.880621 0.865143
vt 0.881860 0.865620
vt 0.880689 0.865084
vt 0.880708 0.865127
vt 0.792529 0.876642
vt 0.792475 0.876624
vt 0.792539 0.876682
vt 0.792493 0.876661
vt 0.792443 0.876650
vt 0.792482 0.876693
vt 0.792468 0.876678
vt 0.792504 0.876759
vt 0.792545 0.876722
vt 0.791289 0.875384
vt 0.792464 0.876749
vt 0.792505 0.876719
vt 0.792476 0.876714
vt 0.792503 0.876689
vt 0.792414 0.876679
vt 0.792426 0.876734
vt 0.792449 0.876701
vt 0.771310 0.963534
vt 0.771262 0.963584
vt 0.771297 0.963467
vt 0.771354 0.963485
vt 0.771287 0.963612
vt 0.771351 0.963520
vt 0.771323 0.963562
vt 0.771469 0.963379
vt 0.771430 0.963354
vt 0.771819 0.964636
vt 0.771443 0.963463
vt 0.771402 0.963440
vt 0.771364 0.963413
vt 0.771405 0.963644
vt 0.771354 0.963565
vt 0.771423 0.963550
vt 0.771321 0.963628
vt 0.771382 0.963503
vt 0.769790 0.869292
vt 0.769736 0.869276
vt 0.769773 0.869253
vt 0.769801 0.869332
vt 0.769754 0.869312
vt 0.769704 0.869301
vt 0.769765 0.869340
vt 0.769729 0.869329
vt 0.769765 0.869411
vt 0.769807 0.869373
vt 0.769726 0.869401
vt 0.769767 0.869370
vt 0.769744 0.869345
vt 0.769676 0.869331
vt 0.769688 0.869385
vt 0.771467 0.868969
vt 0.769710 0.869352
vt 0.769737 0.869365
vt 0.705128 0.808042
vt 0.705108 0.807976
vt 0.705193 0.808064
vt 0.705149 0.808105
vt 0.705072 0.807983
vt 0.705120 0.808085
vt 0.705097 0.808040
vt 0.705185 0.808257
vt 0.705225 0.808235
vt 0.703891 0.807946
vt 0.705123 0.808192
vt 0.705164 0.808169
vt 0.705207 0.808148
vt 0.705079 0.808065
vt 0.705059 0.808132
vt 0.705040 0.808005
vt 0.705119 0.808120
vt 0.736318 0.951854
vt 0.736365 0.951807
vt 0.736320 0.951931
vt 0.736280 0.951876
vt 0.736306 0.951789
vt 0.736346 0.951723
vt 0.736281 0.951820
vt 0.736241 0.951853
vt 0.736238 0.951933
vt 0.736196 0.951801
vt 0.736258 0.951787
vt 0.736324 0.951644
vt 0.736257 0.951640
vt 0.735394 0.952356
vt 0.736286 0.951721
vt 0.736225 0.951717
vt 0.872792 0.828315
vt 0.872868 0.828324
vt 0.872740 0.828358
vt 0.872728 0.828297
vt 0.872817 0.828279
vt 0.872879 0.828285
vt 0.872762 0.828275
vt 0.872585 0.828233
vt 0.872582 0.828300
vt 0.873404 0.827471
vt 0.872664 0.828209
vt 0.872662 0.828270
vt 0.872658 0.828330
vt 0.872731 0.828249
vt 0.872858 0.828175
vt 0.872798 0.828239
vt 0.872751 0.828189
vt 0.787462 0.853509
vt 0.787504 0.853471
vt 0.787422 0.853499
vt 0.787463 0.853469
vt 0.787498 0.853431
vt 0.787434 0.853463
vt 0.787462 0.853438
vt 0.787372 0.853428
vt 0.787384 0.853484
vt 0.787401 0.853399
vt 0.787407 0.853450
vt 0.787440 0.853443
vt 0.787486 0.853391
vt 0.787433 0.853374
vt 0.786882 0.855096
vt 0.787451 0.853410
vt 0.787426 0.853427
vt 0.733157 0.782758
vt 0.733173 0.782824
vt 0.733104 0.782696
vt 0.733093 0.782732
vt 0.733217 0.782785
vt 0.733254 0.782846
vt 0.733200 0.782754
vt 0.733185 0.782712
vt 0.733129 0.782667
vt 0.733253 0.782698
vt 0.733235 0.782757
vt 0.733158 0.782727
vt 0.733338 0.782874
vt 0.733364 0.782835
vt 0.733171 0.781541
vt 0.733279 0.782806
vt 0.733306 0.782768
vt 0.784459 0.733698
vt 0.784448 0.733678
vt 0.784477 0.733698
vt 0.784418 0.733682
vt 0.784415 0.733661
vt 0.784465 0.733673
vt 0.784486 0.733694
vt 0.784436 0.733660
vt 0.784321 0.733626
vt 0.784320 0.733649
vt 0.784280 0.733633
vt 0.784373 0.733625
vt 0.784373 0.733644
vt 0.784370 0.733666
vt 0.784418 0.733645
vt 0.783497 0.695996
vt 0.783568 0.696049
vt 0.783370 0.695976
vt 0.783453 0.695961
vt 0.783605 0.696016
vt 0.783714 0.696109
vt 0.783547 0.695979
vt 0.725189 0.693440
vt 0.725213 0.693445
vt 0.725220 0.693475
vt 0.725184 0.693424
vt 0.725211 0.693427
vt 0.725241 0.693471
vt 0.725254 0.693515
vt 0.725235 0.693451
vt 0.969540 0.822433
vt 0.969528 0.822366
vt 0.969582 0.822464
vt 0.969449 0.822319
vt 0.969462 0.822270
vt 0.969580 0.822393
vt 0.969520 0.822310
vt 0.725289 0.693556
vt 0.725311 0.693546
vt 0.725321 0.693591
vt 0.725273 0.693504
vt 0.725288 0.693497
vt 0.725254 0.693463
vt 0.781502 0.699937
vt 0.781567 0.700023
vt 0.781568 0.700129
vt 0.781545 0.699862
vt 0.781573 0.699968
vt 0.781639 0.700165
vt 0.781702 0.700308
vt 0.781624 0.700085
vt 0.781623 0.700001
vt 0.781570 0.699865
vt 0.781700 0.700063
vt 0.781679 0.700145
vt 0.781831 0.700471
vt 0.781885 0.700444
vt 0.781752 0.700297
vt 0.781795 0.700258
vt 0.966427 0.826479
vt 0.966605 0.826519
vt 0.966330 0.826485
vt 0.966283 0.826435
vt 0.966488 0.826466
vt 0.966358 0.826436
vt 0.965953 0.826307
vt 0.965947 0.826364
vt 0.965787 0.826297
vt 0.966151 0.826330
vt 0.966131 0.826380
vt 0.966137 0.826425
vt 0.966290 0.826397
vt 0.966443 0.826419
vt 0.966359 0.826357
vt 0.966638 0.826495
vt 0.768521 0.756118
vt 0.768494 0.756107
vt 0.768538 0.756101
vt 0.768465 0.756131
vt 0.768453 0.756106
vt 0.768505 0.756092
vt 0.768542 0.756087
vt 0.768473 0.756095
vt 0.768359 0.756079
vt 0.768358 0.756101
vt 0.768318 0.756085
vt 0.768408 0.756077
vt 0.768409 0.756095
vt 0.768407 0.756116
vt 0.768451 0.756090
vt 0.768510 0.756071
vt 0.768488 0.756084
vt 0.768459 0.756075
vt 0.709802 0.715936
vt 0.709807 0.715964
vt 0.709776 0.715910
vt 0.709802 0.715919
vt 0.709829 0.715961
vt 0.709839 0.716005
vt 0.709823 0.715942
vt 0.709807 0.715903
vt 0.709818 0.715924
vt 0.709789 0.715898
vt 0.709850 0.715936
vt 0.709843 0.715953
vt 0.709871 0.716045
vt 0.709890 0.716037
vt 0.709900 0.716078
vt 0.709857 0.715996
vt 0.709873 0.715990
vt 0.994720 0.776604
vt 0.994698 0.776516
vt 0.994797 0.776779
vt 0.994726 0.776660
vt 0.994638 0.776490
vt 0.994587 0.776362
vt 0.994660 0.776556
vt 0.994671 0.776635
vt 0.994760 0.776781
vt 0.994591 0.776581
vt 0.994606 0.776508
vt 0.994474 0.776210
vt 0.994424 0.776233
vt 0.994543 0.776371
vt 0.994504 0.776405
vt 0.708439 0.716518
vt 0.708447 0.716475
vt 0.708446 0.716546
vt 0.708433 0.716563
vt 0.708434 0.716500
vt 0.708430 0.716539
vt 0.809869 0.651303
vt 0.809870 0.651237
vt 0.810053 0.651299
vt 0.809650 0.651300
vt 0.809666 0.651243
vt 0.708428 0.716619
vt 0.708442 0.716613
vt 0.708439 0.716681
vt 0.809492 0.651247
vt 0.809492 0.651204
vt 0.809340 0.651256
vt 0.809431 0.651299
vt 0.809175 0.651253
vt 0.809285 0.651225
vt 0.809414 0.651223
vt 0.745026 0.724103
vt 0.748227 0.726238
vt 0.745036 0.724089
vt 0.748237 0.726224
vt 0.745045 0.724075
vt 0.748247 0.726210
vt 0.866455 0.759182
vt 0.876258 0.766071
vt 0.741803 0.722162
vt 0.741813 0.722148
vt 0.741822 0.722134
vt 0.857129 0.752086
vt 0.744531 0.731252
vt 0.747685 0.733594
vt 0.744520 0.731267
vt 0.747674 0.733608
vt 0.744510 0.731282
vt 0.890007 0.744856
vt 0.750706 0.736076
vt 0.750695 0.736091
vt 0.747663 0.733623
vt 0.900237 0.751416
vt 0.754292 0.730969
vt 0.751323 0.728536
vt 0.754302 0.730955
vt 0.751333 0.728522
vt 0.754313 0.730942
vt 0.896665 0.778632
vt 0.751344 0.728508
vt 0.886357 0.772565
vt 0.741273 0.729074
vt 0.737998 0.727090
vt 0.741262 0.729089
vt 0.737987 0.727105
vt 0.741252 0.729104
vt 0.737978 0.727121
vt 0.880078 0.737888
vt 0.870630 0.730706
vt 0.734788 0.725322
vt 0.731607 0.723772
vt 0.734777 0.725337
vt 0.731596 0.723787
vt 0.853615 0.716091
vt 0.861821 0.723489
vt 0.853573 0.716130
vt 0.734768 0.725352
vt 0.738633 0.720442
vt 0.738643 0.720428
vt 0.738652 0.720413
vt 0.848430 0.744953
vt 0.735486 0.718930
vt 0.735496 0.718916
vt 0.735504 0.718901
vt 0.840264 0.737715
vt 0.732303 0.717600
vt 0.732313 0.717586
vt 0.732321 0.717571
vt 0.832466 0.730225
vt 0.729009 0.716428
vt 0.729023 0.716415
vt 0.729033 0.716400
vt 0.824860 0.722290
vt 0.728214 0.722351
vt 0.723663 0.720726
vt 0.728202 0.722366
vt 0.723648 0.720739
vt 0.834774 0.697171
vt 0.845262 0.708128
vt 0.834722 0.697198
vt 0.845307 0.708093
vt 0.722217 0.714513
vt 0.716075 0.715162
vt 0.722213 0.714495
vt 0.716035 0.715145
vt 0.722209 0.714478
vt 0.716007 0.715127
vt 0.722200 0.714459
vt 0.725569 0.715396
vt 0.725592 0.715386
vt 0.725608 0.715372
vt 0.809993 0.704748
vt 0.817344 0.713759
vt 0.717257 0.718539
vt 0.717232 0.718549
vt 0.803179 0.664053
vt 0.820176 0.681736
vt 0.820242 0.681725
vt 0.753749 0.738890
vt 0.753739 0.738905
vt 0.750683 0.736105
vt 0.910689 0.757515
vt 0.757631 0.743056
vt 0.757624 0.743074
vt 0.753727 0.738919
vt 0.922091 0.763426
vt 0.759955 0.736330
vt 0.757143 0.733538
vt 0.759961 0.736312
vt 0.757153 0.733524
vt 0.759971 0.736297
vt 0.918298 0.789762
vt 0.757164 0.733510
vt 0.907199 0.784310
vt 0.767444 0.749375
vt 0.767475 0.749405
vt 0.767501 0.749424
vt 0.765412 0.742506
vt 0.765429 0.742501
vt 0.765446 0.742497
vt 0.765466 0.742497
vt 0.763006 0.749231
vt 0.763007 0.749258
vt 0.757614 0.743090
vt 0.962520 0.780206
vt 0.938376 0.770602
vt 0.763003 0.749279
vt 0.990902 0.791574
vt 0.762774 0.739409
vt 0.762774 0.739383
vt 0.942651 0.800287
vt 0.762779 0.739364
vt 0.930254 0.795102
vt 0.878960 0.761968
vt 0.869214 0.755113
vt 0.879005 0.761899
vt 0.869258 0.755044
vt 0.879049 0.761830
vt 0.869302 0.754973
vt 0.859941 0.748051
vt 0.859985 0.747982
vt 0.860028 0.747911
vt 0.897663 0.755487
vt 0.887356 0.748875
vt 0.897618 0.755555
vt 0.887312 0.748944
vt 0.897573 0.755624
vt 0.887267 0.749013
vt 0.908203 0.761643
vt 0.908158 0.761711
vt 0.908112 0.761780
vt 0.889006 0.768422
vt 0.899264 0.774450
vt 0.889051 0.768353
vt 0.899309 0.774382
vt 0.889096 0.768285
vt 0.899356 0.774314
vt 0.867841 0.734633
vt 0.877355 0.741860
vt 0.867797 0.734703
vt 0.877310 0.741929
vt 0.867754 0.734773
vt 0.877267 0.741999
vt 0.850629 0.719967
vt 0.858961 0.727365
vt 0.850585 0.720037
vt 0.858917 0.727434
vt 0.850544 0.720110
vt 0.858875 0.727505
vt 0.851295 0.740955
vt 0.851339 0.740884
vt 0.851381 0.740813
vt 0.843188 0.733752
vt 0.843231 0.733681
vt 0.843273 0.733608
vt 0.835457 0.726299
vt 0.835499 0.726226
vt 0.835538 0.726151
vt 0.827930 0.718409
vt 0.827965 0.718328
vt 0.827993 0.718240
vt 0.831747 0.700889
vt 0.842273 0.711903
vt 0.831714 0.700967
vt 0.842232 0.711974
vt 0.831688 0.701053
vt 0.842193 0.712049
vt 0.806579 0.684634
vt 0.813411 0.701280
vt 0.806676 0.684696
vt 0.813473 0.701234
vt 0.806790 0.684802
vt 0.813539 0.701196
vt 0.715805 0.713721
vt 0.820511 0.709944
vt 0.820529 0.709844
vt 0.820532 0.709726
vt 0.817274 0.685425
vt 0.817261 0.685522
vt 0.817265 0.685636
vt 0.919717 0.767617
vt 0.919671 0.767685
vt 0.919620 0.767751
vt 0.936129 0.774803
vt 0.936071 0.774864
vt 0.936002 0.774921
vt 0.909749 0.780087
vt 0.920794 0.785493
vt 0.909797 0.780020
vt 0.920854 0.785431
vt 0.909847 0.779953
vt 0.920922 0.785373
vt 0.770700 0.755636
vt 0.967010 0.796101
vt 0.966919 0.796034
vt 0.966780 0.795965
vt 0.967041 0.796168
vt 0.945052 0.795959
vt 0.945075 0.795882
vt 0.945092 0.795804
vt 0.960308 0.784372
vt 0.960223 0.784421
vt 0.960113 0.784459
vt 0.932702 0.790807
vt 0.932787 0.790755
vt 0.932892 0.790713
vt 0.989924 0.793760
vt 0.988657 0.795801
vt 0.770099 0.756077
vt 0.769424 0.756375
vt 0.770098 0.756068
vt 0.801464 0.665799
vt 0.802853 0.663905
vt 0.709783 0.715109
vt 0.709870 0.714381
vt 0.836979 0.855111
vt 0.836975 0.855047
vt 0.836953 0.854987
vt 0.746341 0.825817
vt 0.746435 0.825733
vt 0.746382 0.825768
vt 0.814355 0.770561
vt 0.814316 0.770684
vt 0.814239 0.770930
vt 0.814278 0.770806
vt 0.766221 0.918726
vt 0.766278 0.918754
vt 0.766341 0.918764
vt 0.850539 0.941146
vt 0.850454 0.941051
vt 0.850280 0.940860
vt 0.850368 0.940956
vt 0.684612 0.887679
vt 0.684737 0.887653
vt 0.684990 0.887604
vt 0.684863 0.887628
vt 0.833161 0.866786
vt 0.833169 0.866739
vt 0.884499 0.862833
vt 0.833183 0.866691
vt 0.884625 0.862756
vt 0.768803 0.966951
vt 0.778273 0.916219
vt 0.778321 0.916210
vt 0.778369 0.916207
vt 0.884653 0.862760
vt 0.842247 0.932135
vt 0.842191 0.932073
vt 0.842137 0.932014
vt 0.768803 0.966980
vt 0.768876 0.966878
vt 0.742581 0.837338
vt 0.742603 0.837295
vt 0.742619 0.837249
vt 0.703084 0.803452
vt 0.758185 0.909870
vt 0.758223 0.909900
vt 0.736364 0.957013
vt 0.758257 0.909936
vt 0.736369 0.957162
vt 0.736351 0.957180
vt 0.696711 0.885318
vt 0.696793 0.885301
vt 0.696873 0.885285
vt 0.703060 0.803439
vt 0.878079 0.828854
vt 0.828910 0.846094
vt 0.828878 0.846056
vt 0.828852 0.846016
vt 0.758279 0.823173
vt 0.758327 0.823161
vt 0.758372 0.823144
vt 0.728816 0.780306
vt 0.728947 0.780377
vt 0.728804 0.780280
vt 0.810672 0.782232
vt 0.810646 0.782311
vt 0.810621 0.782389
vt 0.878101 0.828839
vt 0.877969 0.828827
vt 0.833407 0.868955
vt 0.833419 0.868908
vt 0.833426 0.868862
vt 0.833096 0.872076
vt 0.780342 0.916679
vt 0.780389 0.916678
vt 0.780437 0.916670
vt 0.783514 0.916671
vt 0.840457 0.930153
vt 0.840403 0.930094
vt 0.840350 0.930034
vt 0.837562 0.926921
vt 0.739541 0.841757
vt 0.741019 0.839049
vt 0.741037 0.839003
vt 0.741058 0.838962
vt 0.756057 0.908962
vt 0.756092 0.908996
vt 0.756128 0.909025
vt 0.753570 0.907017
vt 0.699751 0.884661
vt 0.699829 0.884644
vt 0.699907 0.884627
vt 0.703981 0.883770
vt 0.828212 0.843886
vt 0.828188 0.843847
vt 0.828157 0.843809
vt 0.826507 0.841088
vt 0.760144 0.821798
vt 0.760187 0.821781
vt 0.760234 0.821768
vt 0.763055 0.820526
vt 0.809714 0.785185
vt 0.809690 0.785260
vt 0.809664 0.785337
vt 0.808415 0.789376
vt 0.791731 0.875794
vt 0.791699 0.875823
vt 0.791667 0.875852
vt 0.770366 0.964905
vt 0.770327 0.964876
vt 0.770289 0.964848
vt 0.704347 0.806180
vt 0.704303 0.806199
vt 0.704260 0.806218
vt 0.704197 0.806246
vt 0.736451 0.954040
vt 0.736325 0.954042
vt 0.736279 0.951938
vt 0.736375 0.954041
vt 0.736274 0.954043
vt 0.787078 0.854555
vt 0.787037 0.854541
vt 0.787119 0.854568
vt 0.872878 0.828243
vt 0.874969 0.828576
vt 0.874979 0.828476
vt 0.874974 0.828526
vt 0.882288 0.864069
vt 0.882336 0.864150
vt 0.882312 0.864109
vt 0.770898 0.869139
vt 0.770889 0.869097
vt 0.770880 0.869054
vt 0.731434 0.781735
vt 0.731388 0.781817
vt 0.731411 0.781776
vt 0.731355 0.781877
vt 0.749082 0.726642
vt 0.745840 0.724555
vt 0.749072 0.726656
vt 0.745830 0.724569
vt 0.858723 0.793591
vt 0.849127 0.786954
vt 0.858752 0.793548
vt 0.752356 0.728506
vt 0.752346 0.728520
vt 0.849096 0.786996
vt 0.839875 0.780237
vt 0.749456 0.719525
vt 0.882358 0.778984
vt 0.872156 0.772544
vt 0.872188 0.772497
vt 0.882330 0.779033
vt 0.872125 0.772591
vt 0.746325 0.717236
vt 0.892690 0.785087
vt 0.892666 0.785138
vt 0.882301 0.779082
vt 0.739749 0.719832
vt 0.742720 0.722275
vt 0.739738 0.719846
vt 0.868576 0.799891
vt 0.878595 0.805824
vt 0.878570 0.805870
vt 0.742710 0.722290
vt 0.868603 0.799846
vt 0.752711 0.721620
vt 0.755999 0.723495
vt 0.852737 0.758789
vt 0.862211 0.765752
vt 0.852698 0.758831
vt 0.862177 0.765797
vt 0.852662 0.758874
vt 0.862247 0.765708
vt 0.759238 0.725139
vt 0.762451 0.726570
vt 0.835379 0.744971
vt 0.843771 0.751927
vt 0.835335 0.745009
vt 0.843733 0.751969
vt 0.835295 0.745048
vt 0.843813 0.751888
vt 0.755576 0.730115
vt 0.755566 0.730130
vt 0.755558 0.730145
vt 0.752338 0.728535
vt 0.831187 0.773491
vt 0.758759 0.731515
vt 0.758749 0.731529
vt 0.758742 0.731545
vt 0.822980 0.766660
vt 0.761971 0.732728
vt 0.761961 0.732743
vt 0.761954 0.732758
vt 0.815099 0.759588
vt 0.765287 0.733780
vt 0.765274 0.733793
vt 0.765264 0.733809
vt 0.807379 0.752081
vt 0.765870 0.727862
vt 0.770453 0.729319
vt 0.765881 0.727847
vt 0.770468 0.729305
vt 0.816203 0.727153
vt 0.826864 0.737508
vt 0.816153 0.727181
vt 0.762461 0.726555
vt 0.826906 0.737472
vt 0.772107 0.735447
vt 0.778193 0.734587
vt 0.772112 0.735464
vt 0.778234 0.734602
vt 0.772117 0.735482
vt 0.778262 0.734619
vt 0.772127 0.735500
vt 0.768744 0.734685
vt 0.768721 0.734697
vt 0.768706 0.734710
vt 0.792249 0.735430
vt 0.799730 0.743990
vt 0.776906 0.731271
vt 0.776930 0.731261
vt 0.801309 0.712551
vt 0.801373 0.712537
vt 0.743344 0.714781
vt 0.903902 0.791096
vt 0.903886 0.791151
vt 0.892640 0.785188
vt 0.740364 0.711969
vt 0.919718 0.798649
vt 0.919721 0.798711
vt 0.903865 0.791203
vt 0.734160 0.714384
vt 0.736921 0.717229
vt 0.734153 0.714402
vt 0.888741 0.811582
vt 0.899462 0.817152
vt 0.899450 0.817205
vt 0.736911 0.717244
vt 0.888762 0.811534
vt 0.726994 0.700789
vt 0.726964 0.700757
vt 0.726938 0.700737
vt 0.726915 0.700732
vt 0.728722 0.708023
vt 0.728705 0.708027
vt 0.728687 0.708028
vt 0.945689 0.829686
vt 0.736600 0.707724
vt 0.942711 0.809228
vt 0.942747 0.809304
vt 0.919712 0.798767
vt 0.942760 0.809369
vt 0.731383 0.701238
vt 0.969221 0.822089
vt 0.969333 0.822201
vt 0.731400 0.711242
vt 0.911041 0.822822
vt 0.923253 0.828048
vt 0.923215 0.828089
vt 0.731400 0.711268
vt 0.911030 0.822759
vt 0.861360 0.789527
vt 0.851752 0.782939
vt 0.861403 0.789459
vt 0.851794 0.782871
vt 0.861446 0.789391
vt 0.851836 0.782801
vt 0.842532 0.776222
vt 0.842574 0.776152
vt 0.842614 0.776082
vt 0.879744 0.783108
vt 0.869526 0.776595
vt 0.879700 0.783176
vt 0.869483 0.776664
vt 0.879655 0.783244
vt 0.869439 0.776732
vt 0.890138 0.789249
vt 0.890093 0.789316
vt 0.890047 0.789383
vt 0.871196 0.795810
vt 0.881180 0.801772
vt 0.871240 0.795743
vt 0.881225 0.801706
vt 0.871285 0.795676
vt 0.881272 0.801640
vt 0.849997 0.762827
vt 0.859547 0.769777
vt 0.849956 0.762897
vt 0.859505 0.769846
vt 0.849915 0.762968
vt 0.859463 0.769915
vt 0.832554 0.748920
vt 0.841027 0.755900
vt 0.832514 0.748990
vt 0.840986 0.755970
vt 0.832476 0.749063
vt 0.840947 0.756042
vt 0.833879 0.769496
vt 0.833920 0.769426
vt 0.833959 0.769355
vt 0.825716 0.762686
vt 0.825756 0.762616
vt 0.825795 0.762543
vt 0.817894 0.755642
vt 0.817933 0.755570
vt 0.817969 0.755495
vt 0.810250 0.748176
vt 0.810282 0.748096
vt 0.810306 0.748009
vt 0.813369 0.730906
vt 0.824072 0.741310
vt 0.813339 0.730984
vt 0.824033 0.741382
vt 0.813318 0.731070
vt 0.823999 0.741456
vt 0.788295 0.715958
vt 0.795467 0.731935
vt 0.788391 0.716015
vt 0.795527 0.731889
vt 0.788506 0.716114
vt 0.795590 0.731849
vt 0.784235 0.735173
vt 0.778506 0.735986
vt 0.802694 0.740152
vt 0.802709 0.740053
vt 0.802707 0.739938
vt 0.798604 0.716331
vt 0.798595 0.716425
vt 0.798603 0.716536
vt 0.901432 0.795300
vt 0.901384 0.795366
vt 0.901333 0.795430
vt 0.917360 0.802802
vt 0.917301 0.802859
vt 0.917232 0.802912
vt 0.891343 0.807458
vt 0.902028 0.813028
vt 0.891391 0.807393
vt 0.902088 0.812968
vt 0.891442 0.807329
vt 0.902156 0.812913
vt 0.946091 0.825552
vt 0.946009 0.825482
vt 0.945882 0.825409
vt 0.925303 0.823812
vt 0.925329 0.823740
vt 0.925350 0.823667
vt 0.940373 0.813276
vt 0.940287 0.813318
vt 0.940179 0.813348
vt 0.913543 0.818568
vt 0.913627 0.818520
vt 0.913730 0.818482
vt 0.968401 0.824466
vt 0.966625 0.826458
vt 0.723789 0.693886
vt 0.724497 0.693669
vt 0.723793 0.693903
vt 0.724497 0.693642
vt 0.725184 0.693414
vt 0.724497 0.693651
vt 0.782241 0.697857
vt 0.783393 0.695990
vt 0.782187 0.697847
vt 0.783344 0.695968
vt 0.784394 0.734420
vt 0.784304 0.735146
vt 0.733321 0.748579
vt 0.730129 0.746465
vt 0.921466 0.681430
vt 0.930765 0.688455
vt 0.921434 0.681471
vt 0.930733 0.688496
vt 0.921403 0.681513
vt 0.736539 0.750488
vt 0.930800 0.688416
vt 0.939700 0.695509
vt 0.939666 0.695548
vt 0.733788 0.741492
vt 0.730674 0.739175
vt 0.733798 0.741477
vt 0.730685 0.739160
vt 0.733809 0.741463
vt 0.907393 0.702101
vt 0.727700 0.736704
vt 0.727711 0.736689
vt 0.730696 0.739146
vt 0.897426 0.695504
vt 0.724112 0.741740
vt 0.912012 0.674573
vt 0.902491 0.667922
vt 0.902518 0.667877
vt 0.911983 0.674617
vt 0.902462 0.667966
vt 0.727052 0.744175
vt 0.911953 0.674659
vt 0.737014 0.743633
vt 0.740268 0.745567
vt 0.737025 0.743618
vt 0.740278 0.745553
vt 0.737035 0.743603
vt 0.740288 0.745537
vt 0.917048 0.709100
vt 0.926245 0.716273
vt 0.743474 0.747275
vt 0.746664 0.748771
vt 0.743484 0.747260
vt 0.746675 0.748756
vt 0.743494 0.747244
vt 0.746683 0.748740
vt 0.934854 0.723427
vt 0.942960 0.730608
vt 0.739708 0.752170
vt 0.939737 0.695472
vt 0.948064 0.702518
vt 0.948028 0.702555
vt 0.742857 0.753642
vt 0.948104 0.702483
vt 0.955955 0.709568
vt 0.955917 0.709604
vt 0.746044 0.754933
vt 0.955997 0.709537
vt 0.963578 0.716825
vt 0.963537 0.716859
vt 0.749346 0.756074
vt 0.749332 0.756087
vt 0.746034 0.754947
vt 0.970967 0.724586
vt 0.750078 0.750127
vt 0.754664 0.751697
vt 0.750089 0.750112
vt 0.754678 0.751683
vt 0.750098 0.750096
vt 0.754689 0.751668
vt 0.754695 0.751649
vt 0.750104 0.750076
vt 0.756246 0.758018
vt 0.762375 0.757083
vt 0.756250 0.758036
vt 0.762415 0.757097
vt 0.756258 0.758053
vt 0.992602 0.759191
vt 0.985397 0.741708
vt 0.762443 0.757114
vt 0.999536 0.776525
vt 0.752809 0.757100
vt 0.752786 0.757111
vt 0.971016 0.724560
vt 0.978310 0.732890
vt 0.978374 0.732883
vt 0.761094 0.753724
vt 0.761119 0.753713
vt 0.761135 0.753700
vt 0.761143 0.753682
vt 0.724711 0.733886
vt 0.724721 0.733870
vt 0.727723 0.736675
vt 0.887215 0.689373
vt 0.720912 0.729666
vt 0.720920 0.729647
vt 0.724733 0.733857
vt 0.876034 0.683426
vt 0.718523 0.736360
vt 0.892946 0.661307
vt 0.882964 0.654687
vt 0.882972 0.654631
vt 0.892924 0.661355
vt 0.882946 0.654738
vt 0.721298 0.739163
vt 0.892897 0.661400
vt 0.711310 0.722965
vt 0.711282 0.722934
vt 0.711257 0.722914
vt 0.712920 0.730038
vt 0.712903 0.730041
vt 0.712885 0.730042
vt 0.712865 0.730040
vt 0.715749 0.723298
vt 0.715749 0.723271
vt 0.720930 0.729632
vt 0.835832 0.666488
vt 0.859967 0.676177
vt 0.715754 0.723250
vt 0.807106 0.655405
vt 0.872332 0.647563
vt 0.861416 0.640334
vt 0.861463 0.640304
vt 0.872352 0.647638
vt 0.861372 0.640368
vt 0.715704 0.733257
vt 0.872353 0.647701
vt 0.918585 0.685415
vt 0.927956 0.692395
vt 0.918538 0.685481
vt 0.927911 0.692461
vt 0.918493 0.685548
vt 0.927867 0.692529
vt 0.936879 0.699432
vt 0.936835 0.699500
vt 0.936792 0.699568
vt 0.900015 0.691531
vt 0.910059 0.698188
vt 0.900060 0.691464
vt 0.910104 0.698121
vt 0.900106 0.691397
vt 0.910149 0.698054
vt 0.889712 0.685333
vt 0.889757 0.685267
vt 0.889804 0.685200
vt 0.909091 0.678518
vt 0.899553 0.671785
vt 0.909042 0.678582
vt 0.899502 0.671847
vt 0.708515 0.745386
vt 0.707383 0.748932
vt 0.708491 0.745377
vt 0.898570 0.672934
vt 0.707407 0.748941
vt 0.706078 0.752436
vt 0.908647 0.679008
vt 0.929021 0.712445
vt 0.919777 0.705235
vt 0.929065 0.712377
vt 0.919822 0.705168
vt 0.929108 0.712308
vt 0.919865 0.705100
vt 0.945827 0.726865
vt 0.937675 0.719629
vt 0.945869 0.726797
vt 0.937719 0.719561
vt 0.945910 0.726726
vt 0.937760 0.719491
vt 0.945221 0.706418
vt 0.945178 0.706486
vt 0.945136 0.706555
vt 0.953079 0.713449
vt 0.953037 0.713518
vt 0.952997 0.713589
vt 0.960622 0.720696
vt 0.960581 0.720767
vt 0.960543 0.720841
vt 0.967970 0.728381
vt 0.967936 0.728459
vt 0.967909 0.728545
vt 0.964150 0.745518
vt 0.953965 0.734746
vt 0.964183 0.745442
vt 0.954006 0.734676
vt 0.964207 0.745359
vt 0.954044 0.734604
vt 0.988815 0.760898
vt 0.982143 0.745027
vt 0.988723 0.760839
vt 0.982084 0.745072
vt 0.988614 0.760739
vt 0.982020 0.745109
vt 0.975216 0.736624
vt 0.975198 0.736722
vt 0.975196 0.736836
vt 0.978052 0.760469
vt 0.978063 0.760376
vt 0.978058 0.760267
vt 0.878422 0.679308
vt 0.878469 0.679242
vt 0.878520 0.679177
vt 0.862237 0.672008
vt 0.862296 0.671947
vt 0.862364 0.671891
vt 0.889938 0.665181
vt 0.879912 0.658491
vt 0.889884 0.665241
vt 0.879846 0.658544
vt 0.710186 0.738017
vt 0.709410 0.741771
vt 0.710163 0.738002
vt 0.877389 0.661804
vt 0.709434 0.741781
vt 0.888268 0.667265
vt 0.709907 0.723172
vt 0.709892 0.723205
vt 0.709881 0.723252
vt 0.708431 0.716740
vt 0.711372 0.729924
vt 0.711347 0.729923
vt 0.853543 0.651166
vt 0.831616 0.651219
vt 0.838041 0.662292
vt 0.838128 0.662243
vt 0.838238 0.662203
vt 0.869246 0.651425
vt 0.858226 0.644096
vt 0.710803 0.734012
vt 0.710781 0.733984
vt 0.711322 0.729923
vt 0.710825 0.734033
vt 0.865610 0.656402
vt 0.808056 0.653249
vt 0.809193 0.651272
vt 0.806953 0.655264
vt 0.709073 0.716143
vt 0.709778 0.715899
vt 0.709074 0.716152
vt 0.993689 0.779170
vt 0.992471 0.781295
vt 0.769542 0.756637
vt 0.997258 0.776795
vt 0.999516 0.776652
vt 0.999523 0.776707
vt 0.994808 0.776742
vt 0.728890 0.780342
vt 0.736362 0.957077
vt 0.884557 0.862802
vt 0.703109 0.803526
vt 0.768854 0.966893
vt 0.877997 0.828839
vt 0.806506 0.684630
vt 0.788224 0.715956
vt 0.806999 0.655295
vt 0.790829 0.874873
vt 0.703262 0.803799
vt 0.703161 0.803632
vt 0.769014 0.966627
vt 0.772148 0.868814
vt 0.772152 0.868835
vt 0.736364 0.956964
vt 0.786687 0.855787
vt 0.781521 0.699876
vt 0.768531 0.756078
vt 0.861862 0.723449
vt 0.768822 0.749087
vt 0.839843 0.780278
vt 0.963624 0.716796
vt 0.746690 0.748720
vt 0.985424 0.741656
vt 0.706102 0.752445
vt 0.709871 0.723306
vt 0.710210 0.738030
s 1
g off
g esquina_07_Holocron_Corners.001
usemtl Holocron_Corners.001
f 1222/1/1 1/2/2 202/3/3
f 1173/4/4 20/5/5 106/6/6
f 89/7/2 227/8/7 3/9/2
f 216/10/8 114/11/9 1183/12/10
f 4/13/2 1187/14/11 206/15/12
f 201/16/13 106/6/6 16/17/14
f 212/18/15 102/19/16 14/20/17
f 226/21/18 109/22/19 1178/23/20
f 3/9/2 1162/24/21 222/25/22
f 1177/26/23 4/13/2 88/27/2
f 1183/12/10 22/28/24 231/29/25
f 1193/30/26 19/31/27 237/32/28
f 1188/33/29 26/34/30 207/35/31
f 231/29/25 108/36/32 1198/37/33
f 1198/37/33 23/38/34 241/39/35
f 1208/40/36 18/41/37 247/42/38
f 90/43/2 236/44/39 1187/14/11
f 241/39/35 115/45/40 1213/46/41
f 1213/46/41 1325/47/42 253/48/43
f 269/49/44 113/50/45 1208/40/36
f 91/51/2 246/52/46 1192/53/47
f 1223/54/48 16/17/14 104/55/49
f 274/56/50 104/55/49 17/57/51
f 280/58/52 110/59/53 13/60/54
f 1/2/2 1167/61/55 89/7/2
f 1238/62/56 17/57/51 112/63/57
f 285/64/58 112/63/57 21/65/59
f 1233/66/60 1322/67/61 110/59/53
f 6/68/2 1217/69/62 93/70/2
f 106/6/6 328/71/63 1252/72/64
f 10/73/65 1268/74/66 97/75/65
f 24/76/67 1262/77/68 114/11/9
f 337/78/69 98/79/65 1278/80/70
f 104/55/49 308/81/71 1302/82/72
f 15/83/73 1247/84/74 333/85/75
f 15/83/73 1257/86/76 109/22/19
f 103/87/77 317/88/78 1247/84/74
f 116/89/79 328/71/63 20/5/5
f 117/90/80 312/91/81 26/34/30
f 19/31/27 1267/92/82 117/90/80
f 22/28/24 1277/93/83 108/36/32
f 1263/94/84 8/95/65 337/78/69
f 105/96/85 342/97/86 19/31/27
f 18/41/37 1272/98/87 105/96/85
f 23/38/34 1292/99/88 115/45/40
f 1278/80/70 11/100/65 347/101/89
f 113/50/45 352/102/90 18/41/37
f 25/103/91 1287/104/92 113/50/45
f 115/45/40 358/105/93 1325/47/42
f 307/106/94 96/107/65 7/108/65
f 14/20/17 1297/109/95 317/88/78
f 102/19/16 384/110/96 1297/109/95
f 112/63/57 380/111/97 1317/112/98
f 100/113/65 379/114/99 1303/115/100
f 13/60/54 1312/116/101 384/110/96
f 110/59/53 396/117/102 1312/116/101
f 21/65/59 1317/112/98 389/118/103
f 1168/119/104 14/20/17 103/87/77
f 1228/120/105 21/121/59 107/122/106
f 107/122/106 389/123/103 1307/124/107
f 7/108/65 1248/125/108 318/126/109
f 227/8/7 88/27/2 3/9/2
f 1178/23/20 24/76/67 216/10/8
f 109/22/19 323/127/110 24/76/67
f 96/107/65 332/128/111 1248/125/108
f 94/129/2 279/130/112 6/68/2
f 202/3/3 89/7/2 1172/131/113
f 16/17/14 1252/72/64 308/81/71
f 385/132/114 101/133/65 12/134/65
f 237/32/28 117/90/80 1188/33/29
f 1203/135/115 1326/136/116 111/137/117
f 111/137/117 357/138/118 1282/139/119
f 97/75/65 343/140/120 8/95/65
f 207/35/31 116/89/79 1163/141/121
f 226/21/18 103/87/77 15/83/73
f 1253/142/122 9/143/65 96/107/65
f 26/34/30 1242/144/123 116/89/79
f 1227/145/124 1232/146/125 94/129/2
f 284/147/126 94/129/2 1237/148/127
f 101/133/65 390/149/128 1318/150/129
f 1313/151/130 1308/152/131 101/133/65
f 5/153/2 1207/154/132 246/52/46
f 1182/155/133 2/156/2 90/43/2
f 114/11/9 338/157/134 22/28/24
f 11/100/65 1288/158/135 99/159/136
f 217/160/137 90/43/2 4/13/2
f 232/161/138 91/51/2 2/156/2
f 95/162/65 332/128/111 9/143/65
f 10/73/65 1258/163/139 95/162/65
f 1218/164/140 13/60/54 102/19/16
f 7/108/65 1303/115/100 307/106/94
s 2
f 1355/165/141 1445/166/142 411/167/143
s 1
f 1298/168/144 12/134/65 100/113/65
f 92/169/145 270/170/146 1207/154/132
f 1212/171/147 1202/172/148 92/169/145
f 1293/173/149 1283/174/150 359/175/151
f 99/159/136 374/176/152 1283/174/150
f 1228/120/105 1323/177/153 289/178/154
f 275/179/155 93/70/2 1222/1/1
f 17/57/51 1302/82/72 380/111/97
f 107/122/106 394/180/156 1323/177/153
f 247/42/38 105/96/85 1193/30/26
f 1237/148/127 6/68/2 275/179/155
f 12/134/65 1318/150/129 379/114/99
f 98/79/65 353/181/157 11/100/65
f 2/156/2 1192/53/47 236/44/39
f 1163/141/121 20/5/5 221/182/158
f 322/183/159 97/75/65 1263/94/84
f 8/95/65 1273/184/160 98/79/65
f 1203/185/115 25/103/91 269/49/44
f 1197/186/161 5/153/2 91/51/2
f 108/36/32 348/187/162 23/38/34
f 111/188/117 375/189/163 25/103/91
f 1172/131/113 3/9/2 222/25/22
f 88/27/2 206/15/12 1162/24/21
f 313/190/164 95/162/65 1243/191/165
f 1243/191/165 9/143/65 327/192/166
f 93/70/2 211/193/167 1/2/2
f 242/194/168 92/169/145 5/153/2
f 347/101/89 99/159/136 1293/173/149
f 318/126/109 100/113/65 7/108/65
s 2
f 457/195/169 130/196/170 34/197/171
f 503/198/172 136/199/173 1391/200/174
f 136/199/173 725/201/175 1435/202/176
f 709/203/177 131/204/178 1431/205/179
f 481/206/180 127/207/181 1380/208/182
f 435/209/183 137/210/184 1355/165/141
f 138/211/185 671/212/186 1421/213/187
f 1431/205/179 1441/214/188 690/215/189
f 447/216/190 124/217/191 29/218/192
f 426/219/193 135/220/194 1454/221/195
f 1406/222/196 1411/223/197 620/224/198
f 1475/225/199 1416/226/200 135/220/194
f 27/227/201 1348/228/202 124/217/191
f 31/229/203 1352/230/204 566/231/205
f 32/232/206 1352/230/204 127/207/181
f 1366/233/207 1471/234/208 437/235/209
f 1361/236/210 1446/237/211 120/238/212
f 33/239/213 1334/240/214 129/241/215
f 34/197/171 1339/242/216 200/243/217
f 413/244/218 122/245/219 1356/246/220
f 446/247/221 134/248/222 1366/233/207
s 3
f 514/249/223 121/250/224 1351/251/225
s 2
f 30/252/226 1333/253/227 548/254/228
f 457/195/169 128/255/229 1385/256/230
f 447/216/190 123/257/231 1360/258/232
f 27/227/201 1328/259/233 532/260/234
f 34/197/171 1329/261/235 128/255/229
f 1375/262/236 1474/263/237 467/264/238
f 427/265/239 119/266/240 1381/267/241
f 35/268/242 1339/242/216 130/196/170
f 35/268/242 1334/240/214 568/269/243
f 482/270/244 119/266/240 1459/271/245
f 480/272/246 138/211/185 1375/262/236
f 28/273/247 1343/274/248 547/275/249
f 29/218/192 1343/274/248 123/257/231
f 428/276/250 125/277/251 1371/278/252
f 490/279/253 128/255/229 33/239/213
f 29/218/192 1348/228/202 513/280/254
f 1470/281/255 1401/282/256 137/210/184
f 1391/200/174 1461/283/257 491/284/258
f 1396/285/259 1466/286/260 139/287/261
s 3
f 1338/288/262 1347/289/263 531/290/264
s 2
f 28/273/247 1328/259/233 122/245/219
f 505/291/265 139/287/261 1479/292/266
f 1386/293/267 1462/294/268 118/295/269
f 30/252/226 1342/296/270 126/297/271
f 31/229/203 1333/253/227 125/277/251
f 1370/298/272 1475/225/199 135/220/194
f 32/232/206 1342/296/270 515/299/273
s 3
f 1351/251/225 1338/288/262 567/300/274
s 2
f 33/239/213 1329/261/235 549/301/275
f 1461/283/257 1435/202/176 708/302/276
f 139/287/261 726/303/277 1479/292/266
f 1466/286/260 1440/304/278 139/287/261
f 120/238/212 603/305/279 1405/306/280
f 134/248/222 585/307/281 1471/234/208
f 1450/308/282 1410/309/283 134/248/222
f 119/266/240 656/310/284 1425/311/285
f 1474/263/237 1421/213/187 637/312/286
f 1459/271/245 1425/311/285 672/313/287
f 436/314/288 124/217/191 1365/315/289
f 445/316/290 120/238/212 1451/317/291
f 1451/317/291 1405/306/280 619/318/292
f 137/210/184 601/319/293 1445/166/142
f 428/276/250 127/207/181 31/229/203
f 466/320/294 125/277/251 30/252/226
f 638/321/295 133/322/296 1415/323/297
f 1415/323/297 1426/324/298 655/325/299
f 490/279/253 129/241/215 1390/326/300
f 504/327/301 129/241/215 35/268/242
f 1441/214/188 1436/328/302 727/329/303
f 118/295/269 707/330/304 1430/331/305
f 413/244/218 123/257/231 28/273/247
f 436/314/288 122/245/219 27/227/201
f 1411/223/197 1400/332/306 586/333/307
f 602/334/308 132/335/309 1406/222/196
f 466/320/294 126/297/271 1376/336/310
f 481/206/180 126/297/271 32/232/206
f 1426/324/298 1420/337/311 673/338/312
f 135/220/194 654/339/313 1454/221/195
f 504/327/301 130/196/170 1395/340/314
f 455/341/315 118/295/269 1467/342/316
f 118/295/269 689/343/317 1467/342/316
s 4
f 1543/344/318 36/345/319 743/346/320
f 1494/347/321 55/348/322 158/349/323
f 141/350/319 768/351/324 38/352/319
f 757/353/325 166/354/326 1504/355/327
f 39/356/319 1508/357/328 747/358/329
f 742/359/330 158/349/323 51/360/331
f 753/361/332 154/362/333 49/363/334
f 767/364/335 161/365/336 1499/366/337
f 38/352/319 1483/367/338 763/368/339
f 1498/369/340 39/356/319 140/370/319
f 1504/355/327 57/371/341 772/372/342
f 1514/373/343 54/374/344 778/375/345
f 1509/376/346 61/377/347 748/378/348
f 772/372/342 160/379/349 1519/380/350
f 1519/380/350 58/381/351 782/382/352
f 1529/383/353 53/384/354 788/385/355
f 142/386/319 777/387/356 1508/357/328
f 782/382/352 167/388/357 1534/389/358
f 1534/389/358 1646/390/359 794/391/360
f 810/392/361 165/393/362 1529/383/353
f 143/394/319 787/395/363 1513/396/364
f 1544/397/365 51/360/331 156/398/366
f 815/399/367 156/398/366 52/400/368
f 821/401/369 162/402/370 48/403/371
f 36/345/319 1488/404/372 141/350/319
f 1559/405/373 52/400/368 164/406/374
f 826/407/375 164/406/374 56/408/376
f 1554/409/377 1643/410/378 162/402/370
f 41/411/319 1538/412/379 145/413/319
f 158/349/323 869/414/380 1573/415/381
f 45/416/382 1589/417/383 149/418/382
f 59/419/384 1583/420/385 166/354/326
f 878/421/386 150/422/382 1599/423/387
f 156/398/366 849/424/388 1623/425/389
f 50/426/390 1568/427/391 874/428/392
f 50/426/390 1578/429/393 161/365/336
f 155/430/394 858/431/395 1568/427/391
f 168/432/396 869/414/380 55/348/322
f 169/433/397 853/434/398 61/377/347
f 54/374/344 1588/435/399 169/433/397
f 57/371/341 1598/436/400 160/379/349
f 1584/437/401 43/438/382 878/421/386
f 157/439/402 883/440/403 54/374/344
f 53/384/354 1593/441/404 157/439/402
f 58/381/351 1613/442/405 167/388/357
f 1599/423/387 46/443/406 888/444/407
f 165/393/362 893/445/408 53/384/354
f 60/446/409 1608/447/410 165/393/362
f 167/388/357 899/448/411 1646/390/359
f 848/449/412 148/450/382 42/451/382
f 49/363/334 1618/452/413 858/431/395
f 154/362/333 925/453/414 1618/452/413
f 164/406/374 921/454/415 1638/455/416
f 152/456/382 920/457/417 1624/458/418
f 48/403/371 1633/459/419 925/453/414
f 162/402/370 937/460/420 1633/459/419
f 56/408/376 1638/455/416 930/461/421
f 1489/462/422 49/363/334 155/430/394
f 1549/463/423 56/408/376 159/464/424
f 159/464/424 930/461/421 1628/465/425
f 42/451/382 1569/466/426 859/467/427
f 768/351/324 140/370/319 38/352/319
f 1499/366/337 59/419/384 757/353/325
f 161/365/336 864/468/428 59/419/384
f 148/450/382 873/469/429 1569/466/426
f 146/470/319 820/471/430 41/411/319
f 743/346/320 141/350/319 1493/472/431
f 51/360/331 1573/415/381 849/424/388
f 926/473/432 153/474/382 47/475/382
f 778/375/345 169/433/397 1509/376/346
f 1524/476/433 1647/477/434 163/478/435
f 163/478/435 898/479/436 1603/480/437
f 149/418/382 884/481/438 43/438/382
f 748/378/348 168/432/396 1484/482/439
f 767/364/335 155/430/394 50/426/390
f 1574/483/440 44/484/382 148/450/382
f 61/377/347 1563/485/441 168/432/396
f 1548/486/442 1553/487/443 146/470/319
f 825/488/444 146/470/319 1558/489/445
f 153/474/382 931/490/446 1639/491/447
f 1634/492/448 1629/493/449 153/474/382
f 40/494/450 1528/495/451 787/395/363
f 1503/496/452 37/497/319 142/386/319
f 166/354/326 879/498/453 57/371/341
f 46/443/406 1609/499/454 151/500/455
f 758/501/456 142/386/319 39/356/319
f 773/502/457 143/394/319 37/497/319
f 147/503/382 873/469/429 44/484/382
f 45/416/382 1579/504/458 147/503/382
f 1539/505/459 48/403/371 154/362/333
f 42/451/382 1624/458/418 848/449/412
s 5
f 1709/506/460 62/507/461 953/508/462
s 4
f 1619/509/463 47/475/382 152/456/382
f 144/510/464 811/511/465 1528/495/451
f 1533/512/466 1523/513/467 144/510/464
f 1614/514/468 1604/515/469 900/516/470
f 151/500/455 915/517/471 1604/515/469
f 1549/463/423 1644/518/472 830/519/473
f 816/520/474 145/413/319 1543/344/318
f 52/400/368 1623/425/389 921/454/415
f 159/464/424 935/521/475 1644/518/472
f 788/385/355 157/439/402 1514/373/343
f 1558/489/445 41/411/319 816/520/474
f 47/475/382 1639/491/447 920/457/417
f 150/422/382 894/522/476 46/443/406
f 37/497/319 1513/396/364 777/387/356
f 1484/482/439 55/348/322 762/523/477
f 863/524/478 149/418/382 1584/437/401
f 43/438/382 1594/525/479 150/422/382
f 1524/526/433 60/446/409 810/392/361
f 1518/527/480 40/494/450 143/394/319
f 160/379/349 889/528/481 58/381/351
f 163/529/435 916/530/482 60/446/409
f 1493/472/431 38/352/319 763/368/339
f 140/370/319 747/358/329 1483/367/338
f 854/531/483 147/503/382 1564/532/484
f 1564/532/484 44/484/382 868/533/485
f 145/413/319 752/534/486 36/345/319
f 783/535/487 144/510/464 40/494/450
f 888/444/407 151/500/455 1614/514/468
f 859/467/427 152/456/382 42/451/382
s 5
f 1660/536/488 81/537/489 188/538/490
f 171/539/461 978/540/491 64/541/461
f 967/542/492 196/543/493 1670/544/494
f 65/545/461 1674/546/495 957/547/496
f 952/548/497 188/538/490 77/549/498
f 963/550/499 184/551/500 75/552/501
f 977/553/502 191/554/503 1665/555/504
f 64/541/461 1649/556/505 973/557/506
f 1664/558/507 65/545/461 170/559/461
f 1670/544/494 83/560/508 982/561/509
f 1680/562/510 80/563/511 988/564/512
f 1675/565/513 87/566/514 958/567/515
f 982/561/509 190/568/516 1685/569/517
f 1685/569/517 84/570/518 992/571/519
f 1695/572/520 79/573/521 998/574/522
f 172/575/461 987/576/523 1674/546/495
f 992/571/519 197/577/524 1700/578/525
f 1700/578/525 1812/579/526 1004/580/527
f 1020/581/528 195/582/529 1695/572/520
f 173/583/461 997/584/530 1679/585/531
f 1710/586/532 77/549/498 186/587/533
f 1025/588/534 186/587/533 78/589/535
f 1031/590/536 192/591/537 74/592/538
f 62/507/461 1654/593/539 171/539/461
f 1725/594/540 78/589/535 194/595/541
f 1036/596/542 194/595/541 82/597/543
f 1720/598/544 1809/599/545 192/591/537
f 67/600/461 1704/601/546 175/602/461
f 188/538/490 1079/603/547 1739/604/548
f 71/605/549 1755/606/550 179/607/549
f 85/608/551 1749/609/552 196/543/493
f 1088/610/553 180/611/549 1765/612/554
f 186/587/533 1059/613/555 1789/614/556
f 76/615/557 1734/616/558 1084/617/559
f 76/615/557 1744/618/560 191/554/503
f 185/619/561 1068/620/562 1734/616/558
f 198/621/563 1079/603/547 81/537/489
f 199/622/564 1063/623/565 87/566/514
f 80/563/511 1754/624/566 199/622/564
f 83/560/508 1764/625/567 190/568/516
f 1750/626/568 69/627/549 1088/610/553
f 187/628/569 1093/629/570 80/563/511
f 79/573/521 1759/630/571 187/628/569
f 84/570/518 1779/631/572 197/577/524
f 1765/612/554 72/632/549 1098/633/573
f 195/582/529 1103/634/574 79/573/521
f 86/635/575 1774/636/576 195/582/529
f 197/577/524 1109/637/577 1812/579/526
f 1058/638/578 178/639/549 68/640/549
f 75/552/501 1784/641/579 1068/620/562
f 184/551/500 1135/642/580 1784/641/579
f 194/595/541 1131/643/581 1804/644/582
f 182/645/549 1130/646/583 1790/647/584
f 74/592/538 1799/648/585 1135/642/580
f 192/591/537 1147/649/586 1799/648/585
f 82/597/543 1804/644/582 1140/650/587
f 1655/651/588 75/552/501 185/619/561
f 1715/652/589 82/653/543 189/654/590
f 189/654/590 1140/655/587 1794/656/591
f 68/640/549 1735/657/592 1069/658/593
f 978/540/491 170/559/461 64/541/461
f 1665/555/504 85/608/551 967/542/492
f 191/554/503 1074/659/594 85/608/551
f 178/639/549 1083/660/595 1735/657/592
f 176/661/461 1030/662/596 67/600/461
f 953/508/462 171/539/461 1659/663/597
f 77/549/498 1739/604/548 1059/613/555
f 1136/664/598 183/665/549 73/666/549
f 988/564/512 199/622/564 1675/565/513
f 1690/667/599 1813/668/600 193/669/601
f 193/669/601 1108/670/602 1769/671/603
f 179/607/549 1094/672/604 69/627/549
f 958/567/515 198/621/563 1650/673/605
f 977/553/502 185/619/561 76/615/557
f 1740/674/606 70/675/549 178/639/549
f 87/566/514 1729/676/607 198/621/563
f 1714/677/608 1719/678/609 176/661/461
f 1035/679/610 176/661/461 1724/680/611
f 183/665/549 1141/681/612 1805/682/613
f 1800/683/614 1795/684/615 183/665/549
f 66/685/461 1694/686/616 997/584/530
f 1669/687/617 63/688/461 172/575/461
f 196/543/493 1089/689/618 83/560/508
f 72/632/549 1775/690/619 181/691/620
f 968/692/621 172/575/461 65/545/461
f 983/693/622 173/583/461 63/688/461
f 177/694/549 1083/660/595 70/675/549
f 71/605/549 1745/695/623 177/694/549
f 1705/696/624 74/592/538 184/551/500
f 68/640/549 1790/647/584 1058/638/578
f 1785/697/625 73/666/549 182/645/549
f 174/698/626 1021/699/627 1694/686/616
f 1699/700/628 1689/701/629 174/698/626
f 1780/702/630 1770/703/631 1110/704/632
f 181/691/620 1125/705/633 1770/703/631
f 1715/652/589 1810/706/634 1040/707/635
f 1026/708/636 175/602/461 1709/506/460
f 78/589/535 1789/614/556 1131/643/581
f 189/654/590 1145/709/637 1810/706/634
f 998/574/522 187/628/569 1680/562/510
f 1724/680/611 67/600/461 1026/708/636
f 73/666/549 1805/682/613 1130/646/583
f 180/611/549 1104/710/638 72/632/549
f 63/688/461 1679/585/531 987/576/523
f 1650/673/605 81/537/489 972/711/639
f 1073/712/640 179/607/549 1750/626/568
f 69/627/549 1760/713/641 180/611/549
f 1690/667/599 86/635/575 1020/581/528
f 1684/714/642 66/685/461 173/583/461
f 190/568/516 1099/715/643 84/570/518
f 193/669/601 1126/716/644 86/635/575
f 1659/663/597 64/541/461 973/557/506
f 170/559/461 957/547/496 1649/556/505
f 1064/717/645 177/694/549 1730/718/646
f 1730/718/646 70/675/549 1078/719/647
f 175/602/461 962/720/648 62/507/461
f 993/721/649 174/698/626 66/685/461
f 1098/633/573 181/691/620 1780/702/630
f 1069/658/593 182/645/549 68/640/549
s 1
f 251/722/650 257/723/651 256/724/652
f 254/725/653 258/726/654 257/723/651
f 256/724/652 268/727/655 265/728/656
f 257/723/651 259/729/657 268/727/655
f 260/730/658 262/731/659 252/732/660
f 261/733/661 263/734/662 260/730/658
f 263/734/662 255/735/663 262/731/659
f 264/736/664 258/726/654 263/734/662
f 253/48/43 267/737/665 266/738/666
f 265/728/667 268/727/668 267/739/665
f 266/740/666 264/736/669 261/733/670
f 267/739/665 259/729/671 264/736/669
f 289/178/154 294/741/672 293/742/673
f 292/743/674 295/744/675 294/741/672
f 293/742/673 306/745/676 303/746/677
f 294/741/672 296/747/678 306/745/676
f 290/748/679 300/749/680 299/750/681
f 297/751/682 301/752/683 300/753/680
f 299/754/681 300/753/680 295/744/684
f 300/753/680 296/747/685 295/744/684
f 302/755/686 304/756/687 291/757/688
f 303/746/677 305/758/689 302/755/686
f 305/758/689 298/759/690 304/756/687
f 306/745/676 301/752/691 305/758/689
f 357/138/118 361/760/692 360/761/693
f 366/762/694 362/763/695 361/764/692
f 360/765/693 373/766/696 370/767/697
f 361/764/692 363/768/698 373/766/696
f 358/105/93 367/769/699 366/770/700
f 364/771/701 368/772/702 367/769/699
f 366/770/700 367/769/699 362/763/703
f 367/769/699 363/768/704 362/763/703
f 369/773/705 371/774/706 359/175/151
f 370/767/697 372/775/707 369/773/705
f 372/775/707 365/776/708 371/774/706
f 373/766/709 368/772/702 372/775/707
f 394/180/156 399/777/710 407/778/711
f 397/779/712 400/780/713 399/781/710
f 407/778/711 399/777/710 410/782/714
f 399/781/710 401/783/715 410/784/716
f 402/785/717 404/786/718 395/787/719
f 403/788/720 405/789/721 402/785/717
f 405/789/721 398/790/722 404/786/718
f 406/791/723 400/780/724 405/789/721
f 396/117/102 409/792/725 408/793/726
f 407/794/727 410/784/728 409/792/725
f 408/793/726 406/791/723 403/788/720
f 409/792/725 401/783/729 406/791/723
s 2
f 414/795/730 416/796/731 411/167/143
f 415/797/732 417/798/733 414/795/730
f 417/798/733 424/799/734 416/796/731
f 417/798/733 422/800/735 418/801/736
f 419/802/737 421/803/738 412/804/739
f 420/805/740 422/806/735 419/802/737
f 421/803/738 422/800/735 415/797/732
f 424/799/734 425/807/741 423/808/742
f 425/807/741 420/805/740 423/809/742
s 6
f 429/810/743 430/811/744 426/219/745
f 430/811/744 431/812/746 1816/813/747
s 7
f 427/265/748 432/814/748 429/815/748
s 8
f 433/816/749 431/812/750 432/817/751
s 9
f 438/818/752 439/819/753 435/209/754
s 10
f 438/818/755 440/820/756 444/821/757
s 11
f 439/819/758 444/822/759 443/823/758
s 2
f 437/235/209 443/824/760 444/825/761
s 10
f 444/826/757 1817/827/762 442/828/763
f 444/822/757 440/829/756 1817/827/762
s 12
f 448/830/764 449/831/765 445/316/766
f 449/831/765 450/832/767 452/833/768
s 13
f 446/247/769 451/834/770 448/835/771
s 14
f 451/836/772 452/837/773 450/832/772
s 2
f 458/838/774 459/839/775 455/341/315
s 15
f 458/838/776 461/840/776 462/841/777
s 2
f 459/839/775 460/842/778 1818/843/779
f 456/844/780 462/845/781 461/846/782
s 16
f 462/847/783 1818/848/784 460/842/785
s 2
f 468/849/786 470/850/787 465/851/788
f 469/852/789 471/853/790 468/849/786
f 471/853/790 477/854/791 470/850/787
f 471/853/790 472/855/792 479/856/793
f 474/857/794 475/858/795 473/859/796
f 475/858/795 469/852/789 473/860/796
f 476/861/797 478/862/798 467/264/238
f 476/861/797 477/854/791 479/863/793
f 479/863/793 474/857/794 478/862/798
s 17
f 483/864/799 487/865/800 480/272/801
f 483/864/799 484/866/802 488/867/803
s 18
f 482/270/804 487/868/804 488/869/804
s 17
f 488/870/803 484/866/802 1815/871/805
s 2
f 492/872/806 494/873/807 489/874/808
f 493/875/809 495/876/810 492/872/811
f 494/873/807 495/877/810 500/878/812
s 19
f 496/879/813 498/880/814 497/881/815
s 2
f 497/881/816 493/875/809 496/882/817
f 499/883/818 501/884/819 491/284/258
f 500/878/812 502/885/820 499/883/818
f 501/884/819 502/885/820 498/886/821
f 502/885/820 495/877/810 498/880/821
f 506/887/822 507/888/823 503/198/172
f 506/887/822 508/889/824 512/890/825
s 20
f 507/888/826 512/891/827 511/892/826
s 2
f 505/291/265 511/893/828 512/894/829
s 21
f 512/895/830 1819/896/831 510/897/832
f 512/891/830 508/898/833 1819/896/831
s 2
f 516/899/834 518/900/835 513/280/254
f 517/901/836 519/902/837 516/899/834
f 519/902/837 528/903/838 518/900/835
f 519/902/837 520/904/839 521/905/840
s 3
f 514/906/223 525/907/841 524/908/842
f 522/909/843 526/910/844 525/907/841
f 524/908/842 520/904/845 517/901/846
f 525/907/841 521/911/847 520/904/845
s 2
f 527/912/848 529/913/849 515/299/273
f 528/903/838 530/914/850 527/912/848
f 530/914/850 523/915/851 529/913/849
f 530/914/850 521/911/840 526/910/852
f 200/243/217 535/916/853 534/917/854
f 1820/918/855 535/916/853 533/919/856
f 535/916/853 544/920/857 534/917/854
f 535/916/853 536/921/858 537/922/859
s 3
f 531/923/264 541/924/860 540/925/861
f 538/926/862 542/927/863 541/924/860
f 540/925/861 536/921/864 1820/918/865
f 541/924/860 537/928/866 536/921/864
s 2
f 543/929/867 545/930/868 532/260/234
f 544/920/857 546/931/869 543/929/867
f 546/931/869 539/932/870 545/930/868
f 546/931/869 537/928/859 542/927/871
f 550/933/872 552/934/873 547/275/249
f 551/935/874 553/936/875 550/933/872
f 553/936/875 562/937/876 552/934/873
f 553/936/875 555/938/877 565/939/878
f 556/940/879 558/941/880 548/254/228
f 557/942/881 559/943/882 556/940/879
f 559/943/882 551/935/874 558/941/880
f 559/943/882 555/938/877 554/944/883
f 561/945/884 563/946/885 549/301/275
f 562/937/876 564/947/886 561/945/884
f 564/947/886 557/942/881 563/946/885
f 564/947/886 555/938/877 560/948/887
f 569/949/888 571/950/889 566/231/205
f 570/951/890 572/952/891 569/949/888
f 572/952/891 581/953/892 571/950/889
f 572/952/891 573/954/893 574/955/894
s 3
f 567/956/274 578/957/895 577/958/896
f 575/959/897 579/960/898 578/957/895
f 577/958/896 573/954/899 570/951/900
f 578/957/895 574/961/901 573/954/899
s 2
f 580/962/902 582/963/903 568/269/243
f 581/953/892 583/964/904 580/962/902
f 583/964/904 576/965/905 582/963/903
f 583/964/904 574/961/894 579/960/906
f 584/966/907 590/967/908 589/968/909
f 588/969/910 590/967/911 587/970/912
f 589/968/909 596/971/913 598/972/914
f 590/967/911 591/973/915 596/971/913
f 585/307/281 595/974/916 594/975/917
f 592/976/918 596/977/919 595/974/916
s 22
f 594/975/920 595/978/920 588/969/920
s 2
f 595/974/916 596/977/919 591/973/921
f 597/979/922 599/980/923 586/981/307
f 598/972/914 600/982/924 597/979/922
f 600/982/925 593/983/926 599/980/923
f 604/984/927 606/985/928 601/319/293
f 605/986/929 607/987/930 604/984/927
f 607/987/930 615/988/931 606/985/928
f 607/987/930 608/989/932 618/990/933
f 609/991/934 611/992/935 602/993/308
f 610/994/936 612/995/937 609/991/934
f 612/995/937 605/986/929 611/992/935
f 612/995/937 613/996/938 608/997/932
f 614/998/939 616/999/940 603/305/279
f 615/988/931 617/1000/941 614/998/939
f 617/1000/941 610/994/936 616/999/940
f 618/990/933 613/996/938 617/1000/941
f 619/318/292 625/1001/942 624/1002/943
f 622/1003/944 631/1004/945 625/1001/946
f 625/1001/946 633/1005/947 624/1002/948
f 625/1001/946 626/1006/949 635/1007/950
f 627/1008/951 629/1009/952 620/1010/198
f 628/1011/953 630/1012/954 627/1008/951
f 630/1012/955 623/1013/956 629/1009/952
f 621/1014/957 635/1015/958 634/1016/959
s 23
f 632/1017/960 633/1005/960 635/1015/960
s 2
f 634/1016/959 631/1018/961 628/1011/953
f 635/1007/958 626/1006/962 631/1018/961
f 639/1019/963 641/1020/964 636/1021/965
f 640/1022/966 642/1023/967 639/1019/963
f 642/1023/967 650/1024/968 641/1020/964
f 643/1025/969 653/1026/970 642/1023/967
f 644/1027/971 646/1028/972 637/312/286
f 645/1029/973 647/1030/974 644/1027/971
f 647/1030/974 640/1022/966 646/1028/972
f 647/1030/974 648/1031/975 643/1025/969
f 649/1032/976 651/1033/977 638/1034/295
f 650/1024/968 652/1035/978 649/1032/976
f 652/1035/978 645/1029/973 651/1033/977
f 652/1035/978 653/1026/970 648/1036/975
f 654/339/313 660/1037/979 659/1038/980
f 657/1039/981 666/1040/982 660/1037/983
f 660/1037/983 668/1041/984 659/1038/985
f 660/1037/983 661/1042/986 670/1043/987
f 662/1044/988 664/1045/989 655/1046/299
f 663/1047/990 665/1048/991 662/1044/988
f 665/1048/992 658/1049/993 664/1045/989
f 656/310/284 670/1050/994 669/1051/995
s 24
f 667/1052/996 668/1041/996 670/1050/996
s 2
f 669/1051/995 666/1053/997 663/1047/990
f 670/1043/994 661/1042/998 666/1053/997
f 671/212/186 676/1054/999 675/1055/1000
f 674/1056/1001 677/1057/1002 676/1054/999
f 675/1055/1000 688/1058/1003 685/1059/1004
f 676/1054/999 678/1060/1005 688/1058/1003
f 672/313/287 682/1061/1006 681/1062/1007
f 679/1063/1008 683/1064/1009 682/1061/1006
f 681/1062/1007 682/1061/1006 677/1057/1010
f 682/1061/1006 678/1060/1005 677/1057/1010
f 684/1065/1011 686/1066/1012 673/1067/312
f 685/1059/1004 687/1068/1013 684/1065/1011
f 687/1068/1013 680/1069/1014 686/1066/1012
f 688/1058/1003 683/1064/1009 687/1068/1013
f 689/343/317 695/1070/1015 694/1071/1016
f 692/1072/1017 696/1073/1018 695/1070/1015
f 694/1071/1019 706/1074/1020 703/1075/1021
f 695/1070/1015 697/1076/1022 706/1074/1020
f 698/1077/1023 700/1078/1024 690/1079/189
f 699/1080/1025 701/1081/1026 698/1077/1023
f 701/1081/1026 693/1082/1027 700/1078/1024
f 702/1083/1028 696/1073/1018 701/1081/1026
f 691/1084/1029 705/1085/1030 704/1086/1031
f 703/1075/1032 706/1074/1033 705/1085/1030
f 704/1086/1031 702/1083/1028 699/1080/1025
f 705/1085/1030 697/1076/1022 702/1083/1028
f 710/1087/1034 712/1088/1035 707/330/304
f 711/1089/1036 713/1090/1037 710/1087/1034
f 713/1090/1037 721/1091/1038 712/1088/1035
f 714/1092/1039 724/1093/1040 713/1090/1037
f 715/1094/1041 717/1095/1042 708/302/276
f 716/1096/1043 718/1097/1044 715/1094/1041
f 718/1097/1044 711/1089/1036 717/1095/1042
f 718/1097/1044 719/1098/1045 714/1092/1039
f 720/1099/1046 722/1100/1047 709/1101/177
f 721/1091/1038 723/1102/1048 720/1099/1046
f 723/1102/1048 716/1096/1043 722/1100/1047
f 723/1102/1048 724/1093/1040 719/1103/1045
f 725/201/175 731/1104/1049 730/1105/1050
f 729/1106/1051 731/1104/1052 728/1107/1053
f 730/1105/1050 737/1108/1054 739/1109/1055
f 731/1104/1052 732/1110/1056 737/1108/1054
f 726/303/277 736/1111/1057 735/1112/1058
f 733/1113/1059 737/1114/1060 736/1111/1057
s 25
f 735/1112/1061 736/1115/1062 729/1106/1063
s 2
f 736/1111/1057 737/1114/1060 732/1110/1064
f 738/1116/1065 740/1117/1066 727/1118/303
f 739/1109/1055 741/1119/1067 738/1116/1065
f 741/1119/1068 734/1120/1069 740/1117/1066
s 4
f 792/1121/1070 798/1122/1071 797/1123/1072
f 795/1124/1073 799/1125/1074 798/1122/1071
f 797/1123/1072 809/1126/1075 806/1127/1076
f 798/1122/1071 800/1128/1077 809/1126/1075
f 801/1129/1078 803/1130/1079 793/1131/1080
f 802/1132/1081 804/1133/1082 801/1129/1078
f 804/1133/1082 796/1134/1083 803/1130/1079
f 805/1135/1084 799/1125/1074 804/1133/1082
f 794/391/360 808/1136/1085 807/1137/1086
f 806/1138/1087 809/1139/1088 808/1136/1085
f 807/1137/1086 805/1140/1089 802/1141/1090
f 808/1136/1085 800/1142/1091 805/1140/1089
f 830/1143/473 835/1144/1092 834/1145/1093
f 833/1146/1094 836/1147/1095 835/1144/1092
f 834/1145/1093 847/1148/1096 844/1149/1097
f 835/1144/1092 837/1150/1098 847/1148/1096
f 831/1151/1099 841/1152/1100 840/1153/1101
f 838/1154/1102 842/1155/1103 841/1152/1100
f 840/1153/1101 841/1152/1100 836/1156/1104
f 841/1152/1100 837/1157/1105 836/1156/1104
f 843/1158/1106 845/1159/1107 832/1160/1108
f 844/1149/1097 846/1161/1109 843/1158/1106
f 846/1161/1109 839/1162/1110 845/1159/1107
f 847/1148/1096 842/1163/1111 846/1161/1109
f 898/1164/436 903/1165/1112 902/1166/1113
f 901/1167/1114 904/1168/1115 903/1165/1112
f 902/1166/1113 914/1169/1116 911/1170/1117
f 903/1165/1112 905/1171/1118 914/1169/1116
f 899/448/411 908/1172/1119 901/1173/1120
f 906/1174/1121 909/1175/1122 908/1172/1119
f 901/1173/1120 908/1172/1119 904/1168/1123
f 908/1172/1119 905/1171/1124 904/1168/1125
f 910/1176/1126 912/1177/1127 900/516/470
f 911/1170/1117 913/1178/1128 910/1176/1126
f 913/1178/1128 907/1179/1129 912/1177/1127
f 914/1169/1130 909/1175/1122 913/1178/1128
f 935/521/475 941/1180/1131 940/1181/1132
f 938/1182/1133 942/1183/1134 941/1180/1131
f 940/1181/1132 941/1180/1131 951/1184/1135
f 941/1180/1131 943/1185/1136 951/1184/1135
f 944/1186/1137 946/1187/1138 936/1188/1139
f 945/1189/1140 947/1190/1141 944/1186/1137
f 947/1190/1141 939/1191/1142 946/1187/1138
f 948/1192/1143 942/1183/1144 947/1190/1141
f 937/460/420 950/1193/1145 949/1194/1146
f 940/1195/1147 951/1184/1148 950/1193/1145
f 949/1194/1146 948/1192/1143 945/1189/1140
f 950/1193/1145 943/1185/1149 948/1192/1143
s 5
f 1002/1196/1150 1008/1197/1151 1007/1198/1152
f 1005/1199/1153 1009/1200/1154 1008/1197/1151
f 1007/1198/1152 1019/1201/1155 1016/1202/1156
f 1008/1197/1151 1010/1203/1157 1019/1201/1155
f 1011/1204/1158 1013/1205/1159 1003/1206/1160
f 1012/1207/1161 1014/1208/1162 1011/1204/1158
f 1014/1208/1162 1006/1209/1163 1013/1205/1159
f 1015/1210/1164 1009/1200/1154 1014/1208/1162
f 1004/1211/527 1018/1212/1165 1017/1213/1166
f 1016/1202/1167 1019/1201/1168 1018/1212/1165
f 1017/1213/1166 1015/1210/1169 1012/1207/1170
f 1018/1212/1165 1010/1203/1171 1015/1210/1169
f 1040/707/635 1045/1214/1172 1044/1215/1173
f 1043/1216/1174 1046/1217/1175 1045/1214/1172
f 1044/1215/1173 1057/1218/1176 1054/1219/1177
f 1045/1214/1172 1047/1220/1178 1057/1218/1176
f 1041/1221/1179 1051/1222/1180 1050/1223/1181
f 1048/1224/1182 1052/1225/1183 1051/1222/1180
f 1050/1223/1181 1051/1222/1180 1046/1217/1184
f 1051/1222/1180 1047/1220/1185 1046/1217/1184
f 1053/1226/1186 1055/1227/1187 1042/1228/1188
f 1054/1219/1177 1056/1229/1189 1053/1226/1186
f 1056/1229/1189 1049/1230/1190 1055/1227/1187
f 1057/1218/1176 1052/1225/1191 1056/1229/1189
f 1108/670/602 1112/1231/1192 1111/1232/1193
f 1117/1233/1194 1113/1234/1195 1112/1231/1192
f 1111/1232/1193 1124/1235/1196 1121/1236/1197
f 1112/1231/1192 1114/1237/1198 1124/1235/1196
f 1109/637/577 1118/1238/1199 1117/1239/1200
f 1115/1240/1201 1119/1241/1202 1118/1238/1199
f 1117/1239/1200 1118/1238/1199 1113/1234/1203
f 1118/1238/1199 1114/1237/1204 1113/1234/1203
f 1120/1242/1205 1122/1243/1206 1110/704/632
f 1121/1236/1197 1123/1244/1207 1120/1242/1205
f 1123/1244/1207 1116/1245/1208 1122/1243/1206
f 1124/1235/1209 1119/1241/1202 1123/1244/1207
f 1145/709/637 1150/1246/1210 1158/1247/1211
f 1148/1248/1212 1151/1249/1213 1150/1246/1210
f 1158/1247/1211 1150/1246/1210 1161/1250/1214
f 1150/1246/1210 1152/1251/1215 1161/1250/1216
f 1153/1252/1217 1155/1253/1218 1146/1254/1219
f 1154/1255/1220 1156/1256/1221 1153/1252/1217
f 1156/1257/1221 1149/1258/1222 1155/1259/1218
f 1157/1260/1223 1151/1261/1224 1156/1256/1221
f 1147/649/586 1160/1262/1225 1159/1263/1226
f 1158/1264/1227 1161/1265/1228 1160/1262/1225
f 1159/1263/1226 1157/1260/1223 1154/1255/1220
f 1160/1262/1225 1152/1266/1229 1157/1260/1223
s 1
f 222/25/22 1164/1267/1230 225/1268/1231
f 225/1268/1231 1165/1269/1232 224/1270/1233
f 224/1270/1234 1166/1271/1235 223/1272/1236
f 1166/1273/1235 221/182/158 223/1274/1236
f 1162/24/21 208/1275/1237 1164/1267/1230
f 1164/1267/1230 209/1276/1238 1165/1269/1232
f 1165/1269/1239 210/1277/1240 1166/1271/1235
f 210/1278/1240 1163/141/121 1166/1273/1235
f 1167/61/55 230/1279/1241 227/8/7
f 1169/1280/1242 229/1281/1243 230/1279/1241
f 1170/1282/1244 228/1283/1245 229/1281/1246
f 228/1284/1245 1168/119/104 226/21/18
f 211/193/167 1169/1280/1242 1167/61/55
f 213/1285/1247 1170/1282/1248 1169/1280/1242
f 214/1286/1249 1171/1287/1250 1170/1282/1244
f 1171/1288/1250 212/18/15 1168/119/104
f 1172/131/113 205/1289/1251 202/3/3
f 1174/1290/1252 204/1291/1253 205/1289/1251
f 1175/1292/1254 203/1293/1255 204/1291/1256
f 203/1294/1255 1173/4/4 201/16/13
f 222/25/22 1174/1290/1252 1172/131/113
f 225/1268/1231 1175/1292/1257 1174/1290/1252
f 224/1270/1234 1176/1295/1258 1175/1292/1254
f 1176/1296/1258 221/182/158 1173/4/4
f 217/160/137 1179/1297/1259 220/1298/1260
f 220/1298/1260 1180/1299/1261 219/1300/1262
f 219/1300/1263 1181/1301/1264 218/1302/1265
f 1181/1303/1264 216/10/8 218/1304/1265
f 1177/26/23 230/1279/1241 1179/1297/1259
f 1179/1297/1259 229/1281/1243 1180/1299/1261
f 1180/1299/1266 228/1283/1245 1181/1301/1264
f 228/1284/1245 1178/23/20 1181/1303/1264
f 232/161/138 1184/1305/1267 235/1306/1268
f 235/1306/1268 1185/1307/1269 234/1308/1270
f 234/1309/1271 1186/1310/1272 233/1311/1273
f 1186/1310/1272 231/29/25 233/1311/1273
f 1182/155/133 220/1298/1260 1184/1305/1267
f 1184/1305/1267 219/1300/1262 1185/1307/1269
f 1185/1307/1274 218/1302/1265 1186/1312/1272
f 218/1304/1265 1183/12/10 1186/1310/1272
f 206/15/12 1189/1313/1275 208/1275/1237
f 208/1275/1237 1190/1314/1276 209/1276/1238
f 209/1276/1277 1191/1315/1278 210/1277/1240
f 1191/1316/1278 207/35/31 210/1278/1240
f 1187/14/11 238/1317/1279 1189/1313/1275
f 1189/1313/1275 239/1318/1280 1190/1314/1276
f 1190/1314/1281 240/1319/1282 1191/1315/1278
f 240/1320/1282 1188/33/29 1191/1316/1278
f 236/44/39 1194/1321/1283 238/1317/1279
f 238/1317/1279 1195/1322/1284 239/1318/1280
f 239/1318/1285 1196/1323/1286 240/1319/1282
f 1196/1324/1286 237/32/28 240/1320/1282
f 1192/53/47 248/1325/1287 1194/1321/1283
f 1194/1321/1283 249/1326/1288 1195/1322/1284
f 1195/1322/1289 250/1327/1290 1196/1323/1286
f 250/1328/1290 1193/30/26 1196/1324/1286
f 242/194/168 1199/1329/1291 245/1330/1292
f 245/1330/1292 1200/1331/1293 244/1332/1294
f 244/1333/1295 1201/1334/1296 243/1335/1297
f 1201/1334/1296 241/39/35 243/1335/1297
f 1197/186/161 235/1306/1268 1199/1329/1291
f 1199/1329/1291 234/1308/1270 1200/1331/1293
f 1200/1336/1298 233/1311/1273 1201/1334/1296
f 233/1311/1273 1198/37/33 1201/1334/1296
f 1202/172/148 273/1337/1299 270/170/146
f 1204/1338/1300 272/1339/1301 273/1337/1299
f 1205/1340/1302 271/1341/1303 272/1339/1301
f 1206/1342/1304 269/1343/44 271/1341/1303
f 252/732/660 1204/1338/1300 1202/172/148
f 262/731/659 1205/1340/1302 1204/1338/1300
f 255/735/663 1206/1342/1304 1205/1340/1302
f 254/725/653 1203/135/115 1206/1342/1304
f 246/52/46 1209/1344/1305 248/1325/1287
f 248/1325/1287 1210/1345/1306 249/1326/1288
f 249/1326/1307 1211/1346/1308 250/1327/1290
f 250/1328/1290 1208/40/36 247/42/38
f 1207/154/132 273/1337/1299 1209/1344/1305
f 1209/1344/1305 272/1339/1301 1210/1345/1306
f 1210/1345/1309 271/1341/1303 1211/1346/1308
f 271/1347/1303 1208/40/36 1211/1348/1308
f 252/732/660 1214/1349/1310 260/730/658
f 260/730/658 1215/1350/1311 261/733/661
f 261/1351/670 1216/1352/1312 266/738/666
f 266/738/666 1213/46/41 253/48/43
f 1212/171/147 245/1330/1292 1214/1349/1310
f 1214/1349/1310 244/1332/1294 1215/1350/1311
f 1215/1353/1313 243/1335/1297 1216/1352/1312
f 1216/1352/1312 241/39/35 1213/46/41
f 1217/69/62 213/1285/1247 211/193/167
f 1219/1354/1314 214/1286/1315 213/1285/1247
f 1220/1355/1316 215/1356/1317 214/1286/1249
f 215/1357/1317 1218/164/140 212/18/15
f 279/130/112 1219/1354/1314 1217/69/62
f 281/1358/1318 1220/1355/1319 1219/1354/1314
f 282/1359/1320 1221/1360/1321 1220/1355/1316
f 1221/1361/1321 280/58/52 1218/164/140
f 1222/1/1 278/1362/1322 275/179/155
f 1224/1363/1323 277/1364/1324 278/1362/1322
f 1225/1365/1325 276/1366/1326 277/1364/1327
f 276/1367/1326 1223/54/48 274/56/50
f 202/3/3 1224/1363/1323 1222/1/1
f 205/1289/1251 1225/1365/1328 1224/1363/1323
f 204/1291/1256 1226/1368/1329 1225/1365/1325
f 1226/1369/1329 201/16/13 1223/54/48
f 291/757/688 1229/1370/1330 302/755/686
f 302/755/686 1230/1371/1331 303/746/677
f 303/746/677 1231/1372/1332 293/742/673
f 293/742/673 1228/120/105 289/178/154
f 1227/145/124 286/1373/1333 1229/1370/1330
f 1229/1370/1330 287/1374/1334 1230/1371/1331
f 1230/1371/1331 288/1375/1335 1231/1372/1332
f 1231/1372/1332 285/1376/58 1228/120/105
f 1232/146/125 281/1358/1318 279/130/112
f 1234/1377/1336 282/1359/1337 281/1358/1318
f 1235/1378/1338 283/1379/1339 282/1359/1320
f 1236/1380/1340 280/58/52 283/1381/1339
f 291/757/688 1234/1377/1336 1232/146/125
f 304/756/687 1235/1378/1341 1234/1377/1336
f 298/759/1342 1236/1382/1340 1235/1378/1338
f 297/1383/682 1233/66/60 1236/1380/1340
f 1237/148/127 286/1373/1333 284/147/126
f 1239/1384/1343 287/1374/1334 286/1373/1333
f 1240/1385/1344 288/1375/1335 287/1374/1334
f 288/1386/1335 1238/62/56 285/64/58
f 275/179/155 1239/1384/1343 1237/148/127
f 278/1362/1322 1240/1385/1345 1239/1384/1343
f 277/1364/1327 1241/1387/1346 1240/1385/1344
f 276/1367/1326 1238/62/56 1241/1388/1346
f 1242/144/123 331/1389/1347 328/71/63
f 1244/1390/1348 330/1391/1349 331/1389/1347
f 1245/1392/1350 329/1393/1351 330/1391/1349
f 1246/1394/1352 327/192/166 329/1393/1351
f 312/91/81 1244/1390/1348 1242/144/123
f 314/1395/1353 1245/1392/1350 1244/1390/1348
f 315/1396/1354 1246/1394/1352 1245/1392/1350
f 316/1397/1355 1243/191/165 1246/1394/1352
f 333/85/75 1249/1398/1356 336/1399/1357
f 336/1399/1357 1250/1400/1358 335/1401/1359
f 335/1401/1359 1251/1402/1360 334/1403/1361
f 334/1403/1361 1248/125/108 332/128/111
f 1247/84/74 319/1404/1362 1249/1398/1356
f 1249/1398/1356 320/1405/1363 1250/1400/1358
f 1250/1400/1358 321/1406/1364 1251/1402/1360
f 1251/1402/1360 318/126/109 1248/125/108
f 308/81/71 1254/1407/1365 311/1408/1366
f 311/1408/1366 1255/1409/1367 310/1410/1368
f 310/1410/1368 1256/1411/1369 309/1412/1370
f 309/1412/1370 1253/142/122 307/106/94
f 1252/72/64 331/1389/1347 1254/1407/1365
f 1254/1407/1365 330/1391/1349 1255/1409/1367
f 1255/1409/1367 329/1393/1351 1256/1411/1369
f 1256/1411/1369 327/192/166 1253/142/122
f 1257/86/76 326/1413/1371 323/127/110
f 1259/1414/1372 325/1415/1373 326/1413/1371
f 1260/1416/1374 324/1417/1375 325/1415/1373
f 1261/1418/1376 322/183/159 324/1417/1375
f 333/85/75 1259/1414/1372 1257/86/76
f 336/1399/1357 1260/1416/1374 1259/1414/1372
f 335/1401/1359 1261/1418/1376 1260/1416/1374
f 334/1403/1361 1258/163/139 1261/1418/1376
f 1262/77/68 341/1419/1377 338/157/134
f 1264/1420/1378 340/1421/1379 341/1419/1377
f 1265/1422/1380 339/1423/1381 340/1421/1379
f 1266/1424/1382 337/78/69 339/1423/1381
f 323/127/110 1264/1420/1378 1262/77/68
f 326/1413/1371 1265/1422/1380 1264/1420/1378
f 325/1415/1373 1266/1424/1382 1265/1422/1380
f 324/1417/1375 1263/94/84 1266/1424/1382
f 1267/92/82 314/1395/1353 312/91/81
f 1269/1425/1383 315/1396/1354 314/1395/1353
f 1270/1426/1384 316/1397/1355 315/1396/1354
f 1271/1427/1385 313/190/164 316/1397/1355
f 342/97/86 1269/1425/1383 1267/92/82
f 344/1428/1386 1270/1426/1384 1269/1425/1383
f 345/1429/1387 1271/1427/1385 1270/1426/1384
f 346/1430/1388 1268/74/66 1271/1427/1385
f 1272/98/87 344/1428/1386 342/97/86
f 1274/1431/1389 345/1429/1387 344/1428/1386
f 1275/1432/1390 346/1430/1388 345/1429/1387
f 1276/1433/1391 343/140/120 346/1430/1388
f 352/102/90 1274/1431/1389 1272/98/87
f 354/1434/1392 1275/1432/1390 1274/1431/1389
f 355/1435/1393 1276/1433/1391 1275/1432/1390
f 356/1436/1394 1273/184/160 1276/1433/1391
f 1277/93/83 351/1437/1395 348/187/162
f 1279/1438/1396 350/1439/1397 351/1437/1395
f 1280/1440/1398 349/1441/1399 350/1439/1397
f 1281/1442/1400 347/101/89 349/1441/1399
f 338/157/134 1279/1438/1396 1277/93/83
f 341/1419/1377 1280/1440/1398 1279/1438/1396
f 340/1421/1379 1281/1442/1400 1280/1440/1398
f 339/1423/1381 1278/80/70 1281/1442/1400
f 375/189/163 1284/1443/1401 378/1444/1402
f 378/1444/1402 1285/1445/1403 377/1446/1404
f 377/1446/1404 1286/1447/1405 376/1448/1406
f 376/1448/1406 1283/174/150 374/176/152
f 1282/139/119 360/761/693 1284/1449/1401
f 1284/1443/1401 370/767/697 1285/1445/1403
f 1285/1445/1403 369/773/705 1286/1447/1405
f 1286/1447/1405 359/175/151 1283/174/150
f 1287/104/92 354/1434/1392 352/102/90
f 1289/1450/1407 355/1435/1393 354/1434/1392
f 1290/1451/1408 356/1436/1394 355/1435/1393
f 1291/1452/1409 353/181/157 356/1436/1394
f 375/189/163 1289/1450/1407 1287/104/92
f 378/1444/1402 1290/1451/1408 1289/1450/1407
f 377/1446/1404 1291/1452/1409 1290/1451/1408
f 376/1448/1406 1288/158/135 1291/1452/1409
f 1292/99/88 364/771/701 358/105/93
f 1294/1453/1410 365/776/708 364/771/701
f 1295/1454/1411 371/774/706 365/776/708
f 1296/1455/1412 359/175/151 371/774/706
f 348/187/162 1294/1453/1410 1292/99/88
f 351/1437/1395 1295/1454/1411 1294/1453/1410
f 350/1439/1397 1296/1455/1412 1295/1454/1411
f 349/1441/1399 1293/173/149 1296/1455/1412
f 317/88/78 1299/1456/1413 319/1404/1362
f 319/1404/1362 1300/1457/1414 320/1405/1363
f 320/1405/1363 1301/1458/1415 321/1406/1364
f 321/1406/1364 1298/168/144 318/126/109
f 1297/109/95 386/1459/1416 1299/1456/1413
f 1299/1456/1413 387/1460/1417 1300/1457/1414
f 1300/1457/1414 388/1461/1418 1301/1458/1415
f 1301/1458/1415 385/132/114 1298/168/144
f 380/111/97 1304/1462/1419 383/1463/1420
f 383/1463/1420 1305/1464/1421 382/1465/1422
f 382/1465/1422 1306/1466/1423 381/1467/1424
f 381/1467/1424 1303/115/100 379/114/99
f 1302/82/72 311/1408/1366 1304/1462/1419
f 1304/1462/1419 310/1410/1368 1305/1464/1421
f 1305/1464/1421 309/1412/1370 1306/1466/1423
f 1306/1466/1423 307/106/94 1303/115/100
f 1307/124/107 397/1468/712 394/180/156
f 1309/1469/1425 398/790/722 397/779/712
f 1310/1470/1426 404/786/718 398/790/722
f 1311/1471/1427 395/787/719 404/786/718
f 389/118/103 1309/1469/1425 1307/1472/107
f 391/1473/1428 1310/1470/1426 1309/1469/1425
f 392/1474/1429 1311/1471/1427 1310/1470/1426
f 393/1475/1430 1308/152/131 1311/1471/1427
f 384/110/96 1314/1476/1431 386/1459/1416
f 386/1459/1416 1315/1477/1432 387/1460/1417
f 387/1460/1417 1316/1478/1433 388/1461/1418
f 388/1461/1418 1313/151/130 385/132/114
f 1312/116/101 408/793/726 1314/1476/1431
f 1314/1476/1431 403/788/720 1315/1477/1432
f 1315/1477/1432 402/785/717 1316/1478/1433
f 1316/1478/1433 395/787/719 1313/151/130
f 389/118/103 1319/1479/1434 391/1473/1428
f 391/1473/1428 1320/1480/1435 392/1474/1429
f 392/1474/1429 1321/1481/1436 393/1475/1430
f 393/1475/1430 1318/150/129 390/149/128
f 1317/112/98 383/1463/1420 1319/1479/1434
f 1319/1479/1434 382/1465/1422 1320/1480/1435
f 1320/1480/1435 381/1467/1424 1321/1481/1436
f 1321/1481/1436 379/114/99 1318/150/129
f 396/117/102 1324/1482/1437 407/1483/727
f 407/778/1438 1323/177/153 394/180/1439
f 1322/67/61 299/750/1440 1324/1482/1437
s 26
f 1324/1484/1441 299/1485/1442 292/743/1441
s 1
f 1324/1486/1443 289/178/154 1323/177/153
f 253/48/43 1327/1487/1444 265/1488/1445
s 27
f 265/728/1446 1327/1489/1446 256/724/1447
s 1
f 1327/1489/1448 251/722/650 256/724/1449
f 1325/47/42 366/770/700 1327/1487/1444
f 366/1490/1450 1326/136/116 1327/1489/1448
s 2
f 532/260/234 1330/1491/1451 543/929/867
f 543/929/867 1331/1492/1452 544/920/857
f 1331/1492/1452 534/917/854 544/920/857
f 1332/1493/1453 200/243/217 534/917/854
f 1328/259/233 552/934/873 1330/1491/1451
f 1330/1491/1451 562/937/876 1331/1492/1452
f 562/937/876 1332/1493/1453 1331/1492/1452
f 561/945/884 1329/261/235 1332/1493/1453
f 1333/253/227 556/940/879 548/254/228
f 1335/1494/1454 557/942/881 556/940/879
f 557/942/881 1337/1495/1455 563/946/885
f 563/946/885 1334/240/214 549/301/275
f 566/231/205 1335/1494/1454 1333/253/227
f 571/950/889 1336/1496/1456 1335/1494/1454
f 1336/1496/1456 580/962/902 1337/1495/1455
f 1337/1495/1455 568/269/243 1334/240/214
s 3
f 1338/1497/262 575/959/897 567/956/274
f 1340/1498/1457 576/965/1458 575/959/897
s 2
f 576/965/905 1341/1499/1459 582/963/903
f 1341/1499/1459 568/269/243 582/963/903
s 3
f 1338/1497/262 540/925/861 1340/1498/1457
f 1340/1498/1457 1820/918/865 1341/1500/1460
s 2
f 1341/1500/1459 1820/918/855 533/919/856
f 1341/1499/1459 200/243/1461 1339/242/216
f 515/299/273 1344/1501/1462 527/912/848
f 527/912/848 1345/1502/1463 528/903/838
f 1345/1502/1463 518/900/835 528/903/838
f 1346/1503/1464 513/280/254 518/900/835
f 1342/296/270 558/941/880 1344/1501/1462
f 1344/1501/1462 551/935/874 1345/1502/1463
f 551/935/874 1346/1503/1464 1345/1502/1463
f 550/933/872 1343/274/248 1346/1503/1464
s 3
f 1347/1504/263 538/926/862 531/923/264
f 1349/1505/1465 539/932/1466 538/926/862
s 2
f 539/932/870 1350/1506/1467 545/930/868
f 1350/1506/1467 532/260/234 545/930/868
s 3
f 1347/1504/263 524/908/842 1349/1505/1465
f 1349/1505/1465 517/901/846 1350/1507/1468
s 2
f 1350/1507/1467 517/901/836 516/899/834
f 1350/1506/1467 513/280/254 1348/228/202
s 3
f 1351/1508/225 522/909/843 514/906/223
f 1353/1509/1469 523/915/1470 522/909/843
s 2
f 523/915/851 1354/1510/1471 529/913/849
f 1354/1510/1471 515/299/273 529/913/849
s 3
f 1351/1508/225 577/958/896 1353/1509/1469
f 1353/1509/1469 570/951/900 1354/1511/1472
s 2
f 1354/1511/1471 570/951/890 569/949/888
f 1354/1510/1471 566/231/205 1352/230/204
f 435/209/183 1357/1512/1473 438/818/1474
f 438/818/1474 1358/1513/1475 1817/1514/1476
f 1817/1514/1476 1359/1515/1477 441/1516/1478
f 441/1516/1478 1356/246/220 436/314/288
f 411/167/143 1357/1512/1473 1355/165/141
f 416/796/731 1358/1513/1475 1357/1512/1473
f 424/799/734 1359/1515/1477 1358/1513/1475
f 423/808/742 1356/246/220 1359/1515/1477
f 1360/258/232 453/1517/1479 447/216/190
f 1362/1518/1480 452/833/1481 453/1517/1479
f 1363/1519/1482 449/831/1483 452/833/1481
f 1364/1520/1484 445/316/290 449/831/1483
f 1360/258/232 423/809/742 1362/1518/1480
f 1362/1518/1480 420/805/740 1363/1519/1482
f 1363/1519/1482 419/802/737 1364/1520/1484
f 1364/1520/1484 412/804/739 1361/236/210
f 1365/315/289 441/1521/1478 436/314/288
f 1367/1522/1485 442/828/1486 441/1521/1478
f 1368/1523/1487 444/825/761 442/828/1486
f 1369/1524/1488 437/235/209 444/825/761
f 1365/315/289 453/1525/1479 1367/1522/1485
f 1367/1522/1485 452/1526/1489 1368/1523/1487
f 1368/1523/1487 451/836/1490 1369/1524/1488
f 1369/1524/1488 446/247/221 1366/233/207
f 465/851/788 1372/1527/1491 468/849/786
f 468/849/786 1373/1528/1492 469/852/789
f 469/852/789 1374/1529/1493 473/860/796
f 473/860/796 1371/278/252 466/320/294
f 426/219/193 1372/1527/1491 1370/298/272
f 430/811/1494 1373/1528/1492 1372/1527/1491
f 1816/813/1495 1374/1529/1493 1373/1528/1492
f 434/1530/1496 1371/278/252 1374/1529/1493
f 480/272/246 1377/1531/1497 483/864/1498
f 483/864/1498 1378/1532/1499 1815/1533/1500
f 1815/1533/1500 1379/1534/1501 485/1535/1502
f 485/1535/1502 1376/336/310 481/206/180
f 467/264/238 1377/1531/1497 1375/262/236
f 478/862/798 1378/1532/1499 1377/1531/1497
f 474/857/794 1379/1534/1501 1378/1532/1499
f 473/859/796 1376/336/310 1379/1534/1501
f 1380/208/182 485/1536/1502 481/206/180
f 1382/1537/1503 1815/871/1504 485/1536/1502
f 1383/1538/1505 488/869/1506 1815/871/1504
f 1384/1539/1507 482/270/244 488/869/1506
f 1380/208/182 434/1540/1496 1382/1537/1503
f 1382/1537/1503 433/816/1508 1383/1538/1505
f 1383/1538/1505 432/817/1509 1384/1539/1507
f 1384/1539/1507 427/265/239 1381/267/241
f 1385/256/230 463/1541/1510 457/195/169
f 1387/1542/1511 1818/843/1512 463/1541/1510
f 1388/1543/1513 459/839/775 1818/843/1512
f 1389/1544/1514 455/341/315 459/839/775
f 1385/256/230 496/882/817 1387/1542/1511
f 1387/1542/1511 493/875/809 1388/1543/1513
f 1388/1543/1513 492/872/806 1389/1544/1514
f 1389/1544/1514 489/874/808 1386/293/267
f 1390/326/300 496/879/817 490/279/253
f 1392/1545/1515 498/886/1516 496/879/817
f 1393/1546/1517 501/884/819 498/886/821
f 1394/1547/1518 491/284/258 501/884/819
f 1390/326/300 509/1548/1519 1392/1545/1515
f 1392/1545/1515 1819/1549/1520 1393/1546/1521
f 1393/1546/1517 506/887/822 1394/1547/1518
f 1394/1547/1518 503/198/172 1391/200/174
f 1395/340/314 509/1550/1519 504/327/301
f 1397/1551/1522 510/897/1523 509/1550/1519
f 1398/1552/1524 512/894/829 510/897/1523
f 1399/1553/1525 505/291/265 512/894/829
f 1395/340/314 463/1554/1510 1397/1551/1522
f 1397/1551/1522 464/1555/1526 1398/1552/1524
f 1398/1552/1524 462/847/781 1399/1553/1525
f 1399/1553/1525 456/844/780 1396/285/259
f 586/981/307 1402/1556/1527 597/979/922
f 597/979/922 1403/1557/1528 598/972/914
f 598/972/914 1404/1558/1529 589/968/909
f 589/968/909 1401/282/256 584/966/907
f 1400/1559/306 611/992/935 1402/1556/1527
f 1402/1556/1527 605/986/929 1403/1557/1528
f 1403/1557/1528 604/984/927 1404/1558/1529
f 1404/1558/1529 601/319/293 1401/282/256
f 1405/306/280 622/1003/944 619/318/292
f 1407/1560/1530 623/1013/956 622/1003/944
f 1408/1561/1531 629/1009/952 623/1013/956
f 1409/1562/1532 620/1010/198 629/1009/952
f 603/305/279 1407/1560/1530 1405/306/280
f 616/999/940 1408/1561/1531 1407/1560/1530
f 610/994/936 1409/1562/1532 1408/1561/1531
f 609/991/934 1406/1563/196 1409/1562/1532
f 1410/309/283 592/976/918 585/307/281
f 1412/1564/1533 593/983/926 592/976/918
f 1413/1565/1534 599/980/923 593/983/926
f 1414/1566/1535 586/981/307 599/980/923
f 1410/309/283 634/1016/959 1412/1564/1533
f 1412/1564/1533 628/1011/953 1413/1565/1534
f 1413/1565/1534 627/1008/951 1414/1566/1535
f 1414/1566/1535 620/1010/198 1411/1567/197
f 1415/1568/297 649/1032/976 638/1034/295
f 1417/1569/1536 650/1024/968 649/1032/976
f 1418/1570/1537 641/1020/964 650/1024/968
f 1419/1571/1538 636/1021/965 641/1020/964
f 655/1046/299 1417/1569/1536 1415/1568/297
f 664/1045/989 1418/1570/1537 1417/1569/1536
f 658/1049/993 1419/1571/1538 1418/1570/1537
f 657/1039/981 1416/226/200 1419/1571/1538
f 673/1067/312 1422/1572/1539 684/1065/1011
f 684/1065/1011 1423/1573/1540 685/1059/1004
f 685/1059/1004 1424/1574/1541 675/1055/1000
f 675/1055/1000 1421/213/187 671/212/186
f 1420/1575/311 651/1033/977 1422/1572/1539
f 1422/1572/1539 645/1029/973 1423/1573/1540
f 1423/1573/1540 644/1027/971 1424/1574/1541
f 1424/1574/1541 637/312/286 1421/213/187
f 1425/311/285 679/1063/1008 672/313/287
f 1427/1576/1542 680/1069/1014 679/1063/1008
f 1428/1577/1543 686/1066/1012 680/1069/1014
f 1429/1578/1544 673/1067/312 686/1066/1012
f 1425/311/285 669/1051/995 1427/1576/1542
f 1427/1576/1542 663/1047/990 1428/1577/1543
f 1428/1577/1543 662/1044/988 1429/1578/1544
f 1429/1578/1544 655/1046/299 1426/1579/298
f 1430/331/305 692/1072/1017 689/343/317
f 1432/1580/1545 693/1082/1027 692/1072/1017
f 1433/1581/1546 700/1078/1024 693/1082/1027
f 1434/1582/1547 690/1079/189 700/1078/1024
f 707/330/304 1432/1580/1545 1430/331/305
f 712/1088/1035 1433/1581/1546 1432/1580/1545
f 721/1091/1038 1434/1582/1547 1433/1581/1546
f 720/1099/1046 1431/1583/179 1434/1582/1547
f 708/302/276 1437/1584/1548 715/1094/1041
f 715/1094/1041 1438/1585/1549 716/1096/1043
f 716/1096/1043 1439/1586/1550 722/1100/1047
f 722/1100/1047 1436/1587/302 709/1101/177
f 1435/202/176 730/1105/1050 1437/1584/1548
f 1437/1584/1548 739/1109/1055 1438/1585/1549
f 1438/1585/1549 738/1116/1065 1439/1586/1550
f 1439/1586/1550 727/1118/303 1436/1587/302
f 1440/304/278 733/1113/1059 726/303/277
f 1442/1588/1551 734/1120/1069 733/1113/1059
f 1443/1589/1552 740/1117/1066 734/1120/1069
f 1444/1590/1553 727/1118/303 740/1117/1066
f 1440/304/278 704/1086/1031 1442/1588/1551
f 1442/1588/1551 699/1080/1025 1443/1589/1552
f 1443/1589/1552 698/1077/1023 1444/1590/1553
f 1444/1590/1553 690/1079/189 1441/1591/188
f 411/167/143 1447/1592/1554 414/795/730
f 1447/1592/1554 415/797/1555 414/795/730
f 1448/1593/1556 421/803/738 415/797/1555
f 1449/1594/1557 412/804/739 421/803/738
f 1445/166/142 606/985/928 1447/1592/1554
f 1447/1592/1554 615/988/931 1448/1593/1556
f 615/988/931 1449/1594/1557 1448/1593/1556
f 614/998/939 1446/237/211 1449/1594/1557
f 621/1014/957 1452/1595/1558 632/1017/1559
f 632/1017/1559 1452/1596/1558 633/1005/1560
s 28
f 633/1005/1561 1453/1597/1562 624/1002/1563
s 2
f 1453/1597/1564 619/318/292 624/1002/943
f 446/247/221 1452/1595/1558 1450/308/282
s 28
f 1452/1596/1565 448/830/1566 1453/1597/1562
s 2
f 1453/1597/1564 445/316/290 1451/317/291
f 426/219/193 1456/1598/1567 429/810/1568
s 29
f 429/810/1569 1456/1598/1570 1457/1599/1571
s 2
f 1457/1600/1572 427/265/239 429/815/1573
f 654/339/313 1456/1598/1567 1454/221/195
s 29
f 1456/1598/1570 668/1041/1574 1457/1599/1571
s 2
f 1457/1599/1572 668/1041/1575 667/1052/1576
f 1457/1600/1572 656/310/284 1455/1601/1577
f 1458/1602/1578 674/1056/1579 671/212/186
f 674/1056/1001 1460/1603/1580 681/1604/1581
f 681/1062/1007 1459/271/245 672/313/287
f 480/272/246 1460/1605/1582 1458/1602/1578
f 1460/1606/1583 482/270/244 1459/271/245
f 1461/283/257 499/883/818 491/284/258
f 499/883/818 1464/1607/1584 500/878/1585
f 1464/1607/1584 494/873/807 500/878/1585
f 494/873/807 1462/294/268 489/874/808
f 708/302/276 1463/1608/1586 1461/283/257
f 1463/1608/1586 711/1089/1036 1464/1607/1584
f 711/1089/1036 1465/1609/1587 1464/1607/1584
f 1465/1609/1587 707/330/304 1462/294/268
f 1466/286/260 703/1610/1032 691/1084/1029
f 703/1075/1021 1469/1611/1588 694/1071/1019
f 1469/1611/1589 689/343/317 694/1071/1016
f 456/844/780 1468/1612/1590 1466/286/260
f 1468/1613/1591 458/838/1592 1469/1611/1588
f 458/838/1593 1467/342/316 1469/1611/1589
f 584/966/907 1472/1614/1594 587/970/1595
s 30
f 1472/1614/1596 588/969/1597 587/970/1598
s 2
f 588/969/1599 1473/1615/1600 594/975/917
f 1473/1615/1600 585/307/281 594/975/917
f 1470/281/255 439/819/1601 1472/1614/1594
s 30
f 1472/1614/1596 443/823/1602 1473/1616/1603
s 2
f 1473/1615/1600 437/235/209 1471/234/208
f 467/264/238 1476/1617/1604 476/861/797
f 1476/1617/1604 477/854/1605 476/861/797
f 1477/1618/1606 470/850/787 477/854/1605
f 470/850/787 1475/225/199 465/851/788
f 637/312/286 1476/1617/1604 1474/263/237
f 646/1028/972 1477/1618/1606 1476/1617/1604
f 640/1022/966 1478/1619/1607 1477/1618/1606
f 1478/1619/1607 636/1021/965 1475/225/199
f 505/291/265 1481/1620/1608 511/893/828
s 31
f 511/892/1609 1482/1621/1610 507/888/1609
s 2
f 1482/1621/1611 503/198/172 507/888/1612
f 726/303/277 1481/1620/1608 1479/292/266
f 1481/1620/1608 735/1112/1058 729/1106/1613
s 31
f 729/1106/1614 1482/1621/1610 1481/1622/1615
s 2
f 1482/1621/1611 725/201/175 1480/1623/1616
s 4
f 763/368/339 1485/1624/1617 766/1625/1618
f 766/1625/1618 1486/1626/1619 765/1627/1620
f 765/1628/1621 1487/1629/1622 764/1630/1623
f 1487/1629/1622 762/523/477 764/1630/1623
f 1483/367/338 749/1631/1624 1485/1624/1617
f 1485/1624/1617 750/1632/1625 1486/1626/1619
f 1486/1633/1626 751/1634/1627 1487/1629/1622
f 751/1634/1627 1484/482/439 1487/1629/1622
f 1488/404/372 771/1635/1628 768/351/324
f 1490/1636/1629 770/1637/1630 771/1638/1628
f 1491/1639/1631 769/1640/1632 770/1637/1633
f 769/1640/1632 1489/462/422 767/364/335
f 752/534/486 1490/1641/1629 1488/404/372
f 754/1642/1634 1491/1639/1635 1490/1636/1629
f 755/1643/1636 1492/1644/1637 1491/1639/1631
f 1492/1644/1637 753/361/332 1489/462/422
f 1493/472/431 746/1645/1638 743/346/320
f 1495/1646/1639 745/1647/1640 746/1645/1638
f 1496/1648/1641 744/1649/1642 745/1650/1643
f 744/1649/1642 1494/347/321 742/359/330
f 763/368/339 1495/1646/1639 1493/472/431
f 766/1625/1618 1496/1651/1644 1495/1646/1639
f 765/1628/1621 1497/1652/1645 1496/1648/1641
f 1497/1652/1645 762/523/477 1494/347/321
f 758/501/456 1500/1653/1646 761/1654/1647
f 761/1655/1647 1501/1656/1648 760/1657/1649
f 760/1657/1650 1502/1658/1651 759/1659/1652
f 1502/1658/1651 757/353/325 759/1659/1652
f 1498/369/340 771/1635/1628 1500/1653/1646
f 1500/1660/1646 770/1637/1630 1501/1656/1648
f 1501/1656/1653 769/1640/1632 1502/1658/1651
f 769/1640/1632 1499/366/337 1502/1658/1651
f 773/502/457 1505/1661/1654 776/1662/1655
f 776/1663/1655 1506/1664/1656 775/1665/1657
f 775/1665/1658 1507/1666/1659 774/1667/1660
f 1507/1666/1659 772/372/342 774/1667/1660
f 1503/496/452 761/1654/1647 1505/1661/1654
f 1505/1668/1654 760/1657/1649 1506/1664/1656
f 1506/1664/1661 759/1659/1652 1507/1666/1659
f 759/1659/1652 1504/355/327 1507/1666/1659
f 747/358/329 1510/1669/1662 749/1631/1624
f 749/1631/1624 1511/1670/1663 750/1632/1625
f 750/1632/1664 1512/1671/1665 751/1672/1627
f 1512/1673/1665 748/378/348 751/1634/1627
f 1508/357/328 779/1674/1666 1510/1669/1662
f 1510/1669/1662 780/1675/1667 1511/1670/1663
f 1511/1670/1668 781/1676/1669 1512/1671/1665
f 781/1677/1669 1509/376/346 1512/1673/1665
f 777/387/356 1515/1678/1670 779/1674/1666
f 779/1674/1666 1516/1679/1671 780/1675/1667
f 780/1675/1672 1517/1680/1673 781/1676/1669
f 1517/1681/1673 778/375/345 781/1677/1669
f 1513/396/364 789/1682/1674 1515/1678/1670
f 1515/1678/1670 790/1683/1675 1516/1679/1671
f 1516/1679/1676 791/1684/1677 1517/1680/1673
f 791/1685/1677 1514/373/343 1517/1681/1673
f 783/535/487 1520/1686/1678 786/1687/1679
f 786/1687/1679 1521/1688/1680 785/1689/1681
f 785/1690/1682 1522/1691/1683 784/1692/1684
f 1522/1691/1683 782/382/352 784/1692/1684
f 1518/527/480 776/1662/1655 1520/1686/1678
f 1520/1686/1678 775/1693/1657 1521/1688/1680
f 1521/1694/1685 774/1667/1660 1522/1691/1683
f 774/1667/1660 1519/380/350 1522/1691/1683
f 1523/513/467 814/1695/1686 811/511/465
f 1525/1696/1687 813/1697/1688 814/1695/1686
f 1526/1698/1689 812/1699/1690 813/1697/1688
f 1527/1700/1691 810/1701/361 812/1699/1690
f 793/1131/1080 1525/1696/1687 1523/513/467
f 803/1130/1079 1526/1698/1689 1525/1696/1687
f 796/1134/1083 1527/1700/1691 1526/1698/1689
f 795/1124/1073 1524/476/433 1527/1700/1691
f 787/395/363 1530/1702/1692 789/1682/1674
f 789/1682/1674 1531/1703/1693 790/1683/1675
f 790/1683/1694 1532/1704/1695 791/1684/1677
f 791/1685/1677 1529/383/353 788/385/355
f 1528/495/451 814/1695/1686 1530/1702/1692
f 1530/1702/1696 813/1697/1688 1531/1703/1693
f 1531/1703/1697 812/1699/1690 1532/1704/1695
f 812/1705/1690 1529/383/353 1532/1706/1695
f 793/1131/1080 1535/1707/1698 801/1129/1078
f 801/1129/1078 1536/1708/1699 802/1132/1081
f 802/1141/1090 1537/1709/1700 807/1137/1086
f 807/1137/1086 1534/389/358 794/391/360
f 1533/512/466 786/1687/1679 1535/1707/1698
f 1535/1707/1698 785/1689/1681 1536/1708/1699
f 1536/1710/1701 784/1692/1684 1537/1709/1700
f 1537/1709/1700 782/382/352 1534/389/358
f 1538/412/379 754/1711/1634 752/534/486
f 1540/1712/1702 755/1643/1703 754/1642/1634
f 1541/1713/1704 756/1714/1705 755/1643/1636
f 756/1714/1705 1539/505/459 753/361/332
f 820/471/430 1540/1715/1702 1538/412/379
f 822/1716/1706 1541/1713/1707 1540/1712/1702
f 823/1717/1708 1542/1718/1709 1541/1713/1704
f 1542/1718/1709 821/401/369 1539/505/459
f 1543/344/318 819/1719/1710 816/520/474
f 1545/1720/1711 818/1721/1712 819/1719/1710
f 1546/1722/1713 817/1723/1714 818/1724/1715
f 817/1723/1714 1544/397/365 815/399/367
f 743/346/320 1545/1720/1711 1543/344/318
f 746/1645/1638 1546/1725/1716 1545/1720/1711
f 745/1650/1643 1547/1726/1717 1546/1722/1713
f 1547/1726/1717 742/359/330 1544/397/365
f 832/1160/1108 1550/1727/1718 843/1158/1106
f 843/1158/1106 1551/1728/1719 844/1149/1097
f 844/1149/1097 1552/1729/1720 834/1145/1093
f 834/1145/1093 1549/1730/423 830/1143/473
f 1548/486/442 827/1731/1721 1550/1727/1718
f 1550/1727/1718 828/1732/1722 1551/1728/1719
f 1551/1728/1719 829/1733/1723 1552/1729/1720
f 1552/1734/1720 826/407/375 1549/463/423
f 1553/487/443 822/1735/1706 820/471/430
f 1555/1736/1724 823/1717/1725 822/1716/1706
f 1556/1737/1726 824/1738/1727 823/1717/1708
f 1557/1739/1728 821/401/369 824/1738/1727
f 832/1160/1108 1555/1740/1724 1553/487/443
f 845/1741/1107 1556/1737/1729 1555/1736/1724
f 839/1742/1730 1557/1739/1728 1556/1737/1726
f 838/1154/1102 1554/409/377 1557/1739/1728
f 1558/489/445 827/1731/1721 825/488/444
f 1560/1743/1731 828/1732/1722 827/1731/1721
f 1561/1744/1732 829/1745/1723 828/1746/1722
f 829/1745/1723 1559/405/373 826/407/375
f 816/520/474 1560/1743/1731 1558/489/445
f 819/1719/1710 1561/1747/1733 1560/1743/1731
f 818/1724/1715 1562/1748/1734 1561/1744/1732
f 817/1723/1714 1559/405/373 1562/1748/1734
f 1563/485/441 872/1749/1735 869/414/380
f 1565/1750/1736 871/1751/1737 872/1749/1735
f 1566/1752/1738 870/1753/1739 871/1751/1737
f 1567/1754/1740 868/533/485 870/1753/1739
f 853/434/398 1565/1750/1736 1563/485/441
f 855/1755/1741 1566/1752/1738 1565/1750/1736
f 856/1756/1742 1567/1754/1740 1566/1752/1738
f 857/1757/1743 1564/532/484 1567/1754/1740
f 874/428/392 1570/1758/1744 877/1759/1745
f 877/1759/1745 1571/1760/1746 876/1761/1747
f 876/1761/1747 1572/1762/1748 875/1763/1749
f 875/1763/1749 1569/466/426 873/469/429
f 1568/427/391 860/1764/1750 1570/1758/1744
f 1570/1758/1744 861/1765/1751 1571/1760/1746
f 1571/1760/1746 862/1766/1752 1572/1762/1748
f 1572/1762/1748 859/467/427 1569/466/426
f 849/424/388 1575/1767/1753 852/1768/1754
f 852/1768/1754 1576/1769/1755 851/1770/1756
f 851/1770/1756 1577/1771/1757 850/1772/1758
f 850/1772/1758 1574/483/440 848/449/412
f 1573/415/381 872/1749/1735 1575/1767/1753
f 1575/1767/1753 871/1751/1737 1576/1769/1755
f 1576/1769/1755 870/1753/1739 1577/1771/1757
f 1577/1771/1757 868/533/485 1574/483/440
f 1578/429/393 867/1773/1759 864/468/428
f 1580/1774/1760 866/1775/1761 867/1773/1759
f 1581/1776/1762 865/1777/1763 866/1775/1761
f 1582/1778/1764 863/524/478 865/1777/1763
f 874/428/392 1580/1774/1760 1578/429/393
f 877/1759/1745 1581/1776/1762 1580/1774/1760
f 876/1761/1747 1582/1778/1764 1581/1776/1762
f 875/1763/1749 1579/504/458 1582/1778/1764
f 1583/420/385 882/1779/1765 879/498/453
f 1585/1780/1766 881/1781/1767 882/1779/1765
f 1586/1782/1768 880/1783/1769 881/1781/1767
f 1587/1784/1770 878/421/386 880/1783/1769
f 864/468/428 1585/1780/1766 1583/420/385
f 867/1773/1759 1586/1782/1768 1585/1780/1766
f 866/1775/1761 1587/1784/1770 1586/1782/1768
f 865/1777/1763 1584/437/401 1587/1784/1770
f 1588/435/399 855/1755/1741 853/434/398
f 1590/1785/1771 856/1756/1742 855/1755/1741
f 1591/1786/1772 857/1757/1743 856/1756/1742
f 1592/1787/1773 854/531/483 857/1757/1743
f 883/440/403 1590/1785/1771 1588/435/399
f 885/1788/1774 1591/1786/1772 1590/1785/1771
f 886/1789/1775 1592/1787/1773 1591/1786/1772
f 887/1790/1776 1589/417/383 1592/1787/1773
f 1593/441/404 885/1788/1774 883/440/403
f 1595/1791/1777 886/1789/1775 885/1788/1774
f 1596/1792/1778 887/1790/1776 886/1789/1775
f 1597/1793/1779 884/481/438 887/1790/1776
f 893/445/408 1595/1791/1777 1593/441/404
f 895/1794/1780 1596/1792/1778 1595/1791/1777
f 896/1795/1781 1597/1793/1779 1596/1792/1778
f 897/1796/1782 1594/525/479 1597/1793/1779
f 1598/436/400 892/1797/1783 889/528/481
f 1600/1798/1784 891/1799/1785 892/1797/1783
f 1601/1800/1786 890/1801/1787 891/1799/1785
f 1602/1802/1788 888/444/407 890/1801/1787
f 879/498/453 1600/1798/1784 1598/436/400
f 882/1779/1765 1601/1800/1786 1600/1798/1784
f 881/1781/1767 1602/1802/1788 1601/1800/1786
f 880/1783/1769 1599/423/387 1602/1802/1788
f 916/530/482 1605/1803/1789 919/1804/1790
f 919/1804/1790 1606/1805/1791 918/1806/1792
f 918/1806/1792 1607/1807/1793 917/1808/1794
f 917/1808/1794 1604/515/469 915/517/471
f 1603/480/437 902/1809/1113 1605/1810/1789
f 1605/1803/1789 911/1170/1117 1606/1805/1791
f 1606/1805/1791 910/1176/1126 1607/1807/1793
f 1607/1807/1793 900/516/470 1604/515/469
f 1608/447/410 895/1794/1780 893/445/408
f 1610/1811/1795 896/1795/1781 895/1794/1780
f 1611/1812/1796 897/1796/1782 896/1795/1781
f 1612/1813/1797 894/522/476 897/1796/1782
f 916/530/482 1610/1811/1795 1608/447/410
f 919/1804/1790 1611/1812/1796 1610/1811/1795
f 918/1806/1792 1612/1813/1797 1611/1812/1796
f 917/1808/1794 1609/499/454 1612/1813/1797
f 1613/442/405 906/1174/1121 899/448/411
f 1615/1814/1798 907/1179/1129 906/1174/1121
f 1616/1815/1799 912/1177/1127 907/1179/1129
f 1617/1816/1800 900/516/470 912/1177/1127
f 889/528/481 1615/1814/1798 1613/442/405
f 892/1797/1783 1616/1815/1799 1615/1814/1798
f 891/1799/1785 1617/1816/1800 1616/1815/1799
f 890/1801/1787 1614/514/468 1617/1816/1800
f 858/431/395 1620/1817/1801 860/1764/1750
f 860/1764/1750 1621/1818/1802 861/1765/1751
f 861/1765/1751 1622/1819/1803 862/1766/1752
f 862/1766/1752 1619/509/463 859/467/427
f 1618/452/413 927/1820/1804 1620/1817/1801
f 1620/1817/1801 928/1821/1805 1621/1818/1802
f 1621/1818/1802 929/1822/1806 1622/1819/1803
f 1622/1819/1803 926/473/432 1619/509/463
f 921/454/415 1625/1823/1807 924/1824/1808
f 924/1824/1808 1626/1825/1809 923/1826/1810
f 923/1826/1810 1627/1827/1811 922/1828/1812
f 922/1828/1812 1624/458/418 920/457/417
f 1623/425/389 852/1768/1754 1625/1823/1807
f 1625/1823/1807 851/1770/1756 1626/1825/1809
f 1626/1825/1809 850/1772/1758 1627/1827/1811
f 1627/1827/1811 848/449/412 1624/458/418
f 1628/465/425 938/1182/1133 935/521/475
f 1630/1829/1813 939/1191/1142 938/1182/1133
f 1631/1830/1814 946/1187/1138 939/1191/1142
f 1632/1831/1815 936/1188/1139 946/1187/1138
f 930/461/421 1630/1829/1813 1628/465/425
f 932/1832/1816 1631/1830/1814 1630/1829/1813
f 933/1833/1817 1632/1831/1815 1631/1830/1814
f 934/1834/1818 1629/493/449 1632/1831/1815
f 925/453/414 1635/1835/1819 927/1820/1804
f 927/1820/1804 1636/1836/1820 928/1821/1805
f 928/1821/1805 1637/1837/1821 929/1822/1806
f 929/1822/1806 1634/492/448 926/473/432
f 1633/459/419 949/1194/1146 1635/1835/1819
f 1635/1835/1819 945/1189/1140 1636/1836/1820
f 1636/1836/1820 944/1186/1137 1637/1837/1821
f 1637/1837/1821 936/1188/1139 1634/492/448
f 930/461/421 1640/1838/1822 932/1832/1816
f 932/1832/1816 1641/1839/1823 933/1833/1817
f 933/1833/1817 1642/1840/1824 934/1834/1818
f 934/1834/1818 1639/491/447 931/490/446
f 1638/455/416 924/1824/1808 1640/1838/1822
f 1640/1838/1822 923/1826/1810 1641/1839/1823
f 1641/1839/1823 922/1828/1812 1642/1840/1824
f 1642/1840/1824 920/457/417 1639/491/447
f 937/460/420 1645/1841/1825 940/1842/1147
f 940/1843/1132 1644/1844/472 935/1845/475
f 1643/410/378 840/1153/1826 1645/1841/1825
s 32
f 1645/1846/1827 840/1847/1828 833/1146/1828
s 4
f 1645/1848/1829 830/1143/473 1644/1844/472
f 794/391/360 1648/1849/1830 806/1850/1831
s 33
f 806/1138/1832 1648/1851/1832 797/1852/1833
s 4
f 1648/1853/1834 792/1121/1070 797/1123/1835
f 899/448/411 1648/1849/1830 1646/390/359
f 901/1854/1114 1647/477/434 1648/1853/1834
s 5
f 973/557/506 1651/1855/1836 976/1856/1837
f 976/1857/1837 1652/1858/1838 975/1859/1839
f 975/1859/1840 1653/1860/1841 974/1861/1842
f 1653/1860/1841 972/711/639 974/1861/1842
f 1649/556/505 959/1862/1843 1651/1855/1836
f 1651/1863/1836 960/1864/1844 1652/1858/1838
f 1652/1858/1845 961/1865/1846 1653/1860/1841
f 961/1865/1846 1650/673/605 1653/1860/1841
f 1654/593/539 981/1866/1847 978/540/491
f 1656/1867/1848 980/1868/1849 981/1866/1847
f 1657/1869/1850 979/1870/1851 980/1868/1852
f 979/1871/1851 1655/651/588 977/553/502
f 962/720/648 1656/1867/1848 1654/593/539
f 964/1872/1853 1657/1869/1854 1656/1867/1848
f 965/1873/1855 1658/1874/1856 1657/1869/1850
f 1658/1875/1856 963/550/499 1655/651/588
f 1659/663/597 956/1876/1857 953/508/462
f 1661/1877/1858 955/1878/1859 956/1879/1857
f 1662/1880/1860 954/1881/1861 955/1878/1862
f 954/1881/1861 1660/536/488 952/548/497
f 973/557/506 1661/1882/1858 1659/663/597
f 976/1857/1837 1662/1880/1863 1661/1877/1858
f 975/1859/1840 1663/1883/1864 1662/1880/1860
f 1663/1883/1864 972/711/639 1660/536/488
f 968/692/621 1666/1884/1865 971/1885/1866
f 971/1885/1866 1667/1886/1867 970/1887/1868
f 970/1887/1869 1668/1888/1870 969/1889/1871
f 1668/1890/1870 967/542/492 969/1891/1871
f 1664/558/507 981/1866/1847 1666/1884/1865
f 1666/1884/1865 980/1868/1849 1667/1886/1867
f 1667/1886/1872 979/1870/1851 1668/1888/1870
f 979/1871/1851 1665/555/504 1668/1890/1870
f 983/693/622 1671/1892/1873 986/1893/1874
f 986/1893/1874 1672/1894/1875 985/1895/1876
f 985/1895/1877 1673/1896/1878 984/1897/1879
f 1673/1898/1878 982/561/509 984/1899/1879
f 1669/687/617 971/1885/1866 1671/1892/1873
f 1671/1892/1873 970/1887/1868 1672/1894/1875
f 1672/1894/1880 969/1889/1871 1673/1896/1878
f 969/1891/1871 1670/544/494 1673/1898/1878
f 957/547/496 1676/1900/1881 959/1862/1843
f 959/1901/1843 1677/1902/1882 960/1864/1844
f 960/1864/1883 1678/1903/1884 961/1865/1846
f 1678/1903/1884 958/567/515 961/1865/1846
f 1674/546/495 989/1904/1885 1676/1900/1881
f 1676/1905/1881 990/1906/1886 1677/1902/1882
f 1677/1902/1887 991/1907/1888 1678/1903/1884
f 991/1907/1888 1675/565/513 1678/1903/1884
f 987/576/523 1681/1908/1889 989/1904/1885
f 989/1909/1885 1682/1910/1890 990/1906/1886
f 990/1906/1891 1683/1911/1892 991/1907/1888
f 1683/1911/1892 988/564/512 991/1907/1888
f 1679/585/531 999/1912/1893 1681/1908/1889
f 1681/1908/1889 1000/1913/1894 1682/1914/1890
f 1682/1910/1895 1001/1915/1896 1683/1911/1892
f 1001/1915/1896 1680/562/510 1683/1911/1892
f 993/721/649 1686/1916/1897 996/1917/1898
f 996/1917/1898 1687/1918/1899 995/1919/1900
f 995/1919/1901 1688/1920/1902 994/1921/1903
f 1688/1920/1902 992/1922/519 994/1921/1903
f 1684/714/642 986/1893/1874 1686/1916/1897
f 1686/1916/1897 985/1895/1876 1687/1918/1899
f 1687/1918/1904 984/1897/1879 1688/1920/1902
f 984/1897/1879 1685/1923/517 1688/1920/1902
f 1689/701/629 1024/1924/1905 1021/699/627
f 1691/1925/1906 1023/1926/1907 1024/1924/1905
f 1692/1927/1908 1022/1928/1909 1023/1926/1907
f 1693/1929/1910 1020/581/528 1022/1930/1909
f 1003/1206/1160 1691/1925/1906 1689/701/629
f 1013/1205/1159 1692/1927/1908 1691/1925/1906
f 1006/1209/1163 1693/1931/1910 1692/1927/1908
f 1005/1932/1153 1690/667/599 1693/1929/1910
f 997/584/530 1696/1933/1911 999/1912/1893
f 999/1912/1893 1697/1934/1912 1000/1913/1894
f 1000/1935/1913 1698/1936/1914 1001/1915/1896
f 1001/1915/1896 1695/572/520 998/574/522
f 1694/686/616 1024/1924/1905 1696/1933/1911
f 1696/1933/1915 1023/1926/1907 1697/1934/1912
f 1697/1937/1916 1022/1930/1909 1698/1936/1914
f 1022/1930/1909 1695/572/520 1698/1936/1914
f 1003/1206/1160 1701/1938/1917 1011/1204/1158
f 1011/1204/1158 1702/1939/1918 1012/1207/1161
f 1012/1207/1170 1703/1940/1919 1017/1213/1166
f 1017/1213/1166 1700/1941/525 1004/1211/527
f 1699/700/628 996/1917/1898 1701/1938/1917
f 1701/1938/1917 995/1919/1900 1702/1939/1918
f 1702/1939/1920 994/1921/1903 1703/1940/1919
f 1703/1940/1919 992/1922/519 1700/1941/525
f 1704/601/546 964/1872/1853 962/720/648
f 1706/1942/1921 965/1873/1922 964/1872/1853
f 1707/1943/1923 966/1944/1924 965/1873/1855
f 966/1945/1924 1705/696/624 963/550/499
f 1030/662/596 1706/1942/1921 1704/601/546
f 1032/1946/1925 1707/1943/1926 1706/1942/1921
f 1033/1947/1927 1708/1948/1928 1707/1943/1923
f 1708/1949/1928 1031/590/536 1705/696/624
f 1709/506/460 1029/1950/1929 1026/708/636
f 1711/1951/1930 1028/1952/1931 1029/1953/1929
f 1712/1954/1932 1027/1955/1933 1028/1952/1934
f 1027/1955/1933 1710/586/532 1025/588/534
f 953/508/462 1711/1956/1930 1709/506/460
f 956/1879/1857 1712/1954/1935 1711/1951/1930
f 955/1878/1862 1713/1957/1936 1712/1954/1932
f 1713/1957/1936 952/548/497 1710/586/532
f 1042/1228/1188 1716/1958/1937 1053/1226/1186
f 1053/1226/1186 1717/1959/1938 1054/1219/1177
f 1054/1219/1177 1718/1960/1939 1044/1215/1173
f 1044/1215/1173 1715/652/589 1040/707/635
f 1714/677/608 1037/1961/1940 1716/1958/1937
f 1716/1958/1937 1038/1962/1941 1717/1959/1938
f 1717/1959/1938 1039/1963/1942 1718/1960/1939
f 1718/1960/1939 1036/1964/542 1715/652/589
f 1719/678/609 1032/1946/1925 1030/662/596
f 1721/1965/1943 1033/1947/1944 1032/1946/1925
f 1722/1966/1945 1034/1967/1946 1033/1947/1927
f 1723/1968/1947 1031/590/536 1034/1969/1946
f 1042/1228/1188 1721/1965/1943 1719/678/609
f 1055/1227/1187 1722/1966/1948 1721/1965/1943
f 1049/1230/1949 1723/1970/1947 1722/1966/1945
f 1048/1971/1182 1720/598/544 1723/1968/1947
f 1724/680/611 1037/1961/1940 1035/679/610
f 1726/1972/1950 1038/1973/1941 1037/1974/1940
f 1727/1975/1951 1039/1976/1942 1038/1973/1941
f 1039/1976/1942 1725/594/540 1036/596/542
f 1026/708/636 1726/1977/1950 1724/680/611
f 1029/1953/1929 1727/1975/1952 1726/1972/1950
f 1028/1952/1934 1728/1978/1953 1727/1975/1951
f 1027/1955/1933 1725/594/540 1728/1978/1953
f 1729/676/607 1082/1979/1954 1079/603/547
f 1731/1980/1955 1081/1981/1956 1082/1979/1954
f 1732/1982/1957 1080/1983/1958 1081/1981/1956
f 1733/1984/1959 1078/719/647 1080/1983/1958
f 1063/623/565 1731/1980/1955 1729/676/607
f 1065/1985/1960 1732/1982/1957 1731/1980/1955
f 1066/1986/1961 1733/1984/1959 1732/1982/1957
f 1067/1987/1962 1730/718/646 1733/1984/1959
f 1084/617/559 1736/1988/1963 1087/1989/1964
f 1087/1989/1964 1737/1990/1965 1086/1991/1966
f 1086/1991/1966 1738/1992/1967 1085/1993/1968
f 1085/1993/1968 1735/657/592 1083/660/595
f 1734/616/558 1070/1994/1969 1736/1988/1963
f 1736/1988/1963 1071/1995/1970 1737/1990/1965
f 1737/1990/1965 1072/1996/1971 1738/1992/1967
f 1738/1992/1967 1069/658/593 1735/657/592
f 1059/613/555 1741/1997/1972 1062/1998/1973
f 1062/1998/1973 1742/1999/1974 1061/2000/1975
f 1061/2001/1975 1743/2002/1976 1060/2003/1977
f 1060/2004/1977 1740/674/606 1058/638/578
f 1739/604/548 1082/1979/1954 1741/1997/1972
f 1741/1997/1972 1081/1981/1956 1742/1999/1974
f 1742/2005/1974 1080/2006/1958 1743/2002/1976
f 1743/2007/1976 1078/719/647 1740/674/606
f 1744/618/560 1077/2008/1978 1074/659/594
f 1746/2009/1979 1076/2010/1980 1077/2008/1978
f 1747/2011/1981 1075/2012/1982 1076/2010/1980
f 1748/2013/1983 1073/712/640 1075/2012/1982
f 1084/617/559 1746/2009/1979 1744/618/560
f 1087/1989/1964 1747/2011/1981 1746/2009/1979
f 1086/1991/1966 1748/2013/1983 1747/2011/1981
f 1085/1993/1968 1745/695/623 1748/2013/1983
f 1749/609/552 1092/2014/1984 1089/689/618
f 1751/2015/1985 1091/2016/1986 1092/2014/1984
f 1752/2017/1987 1090/2018/1988 1091/2016/1986
f 1753/2019/1989 1088/610/553 1090/2018/1988
f 1074/659/594 1751/2015/1985 1749/609/552
f 1077/2008/1978 1752/2017/1987 1751/2015/1985
f 1076/2010/1980 1753/2019/1989 1752/2017/1987
f 1075/2012/1982 1750/626/568 1753/2019/1989
f 1754/624/566 1065/1985/1960 1063/623/565
f 1756/2020/1990 1066/1986/1961 1065/1985/1960
f 1757/2021/1991 1067/1987/1962 1066/1986/1961
f 1758/2022/1992 1064/717/645 1067/1987/1962
f 1093/629/570 1756/2020/1990 1754/624/566
f 1095/2023/1993 1757/2021/1991 1756/2020/1990
f 1096/2024/1994 1758/2022/1992 1757/2021/1991
f 1097/2025/1995 1755/606/550 1758/2022/1992
f 1759/630/571 1095/2023/1993 1093/629/570
f 1761/2026/1996 1096/2024/1994 1095/2023/1993
f 1762/2027/1997 1097/2025/1995 1096/2024/1994
f 1763/2028/1998 1094/672/604 1097/2025/1995
f 1103/634/574 1761/2026/1996 1759/630/571
f 1105/2029/1999 1762/2027/1997 1761/2026/1996
f 1106/2030/2000 1763/2028/1998 1762/2027/1997
f 1107/2031/2001 1760/713/641 1763/2028/1998
f 1764/625/567 1102/2032/2002 1099/715/643
f 1766/2033/2003 1101/2034/2004 1102/2032/2002
f 1767/2035/2005 1100/2036/2006 1101/2034/2004
f 1768/2037/2007 1098/633/573 1100/2036/2006
f 1089/689/618 1766/2033/2003 1764/625/567
f 1092/2014/1984 1767/2035/2005 1766/2033/2003
f 1091/2016/1986 1768/2037/2007 1767/2035/2005
f 1090/2018/1988 1765/612/554 1768/2037/2007
f 1126/716/644 1771/2038/2008 1129/2039/2009
f 1129/2039/2009 1772/2040/2010 1128/2041/2011
f 1128/2041/2011 1773/2042/2012 1127/2043/2013
f 1127/2043/2013 1770/703/631 1125/705/633
f 1769/671/603 1111/1232/1193 1771/2038/2008
f 1771/2038/2008 1121/1236/1197 1772/2040/2010
f 1772/2040/2010 1120/1242/1205 1773/2042/2012
f 1773/2042/2012 1110/704/632 1770/703/631
f 1774/636/576 1105/2029/1999 1103/634/574
f 1776/2044/2014 1106/2030/2000 1105/2029/1999
f 1777/2045/2015 1107/2031/2001 1106/2030/2000
f 1778/2046/2016 1104/710/638 1107/2031/2001
f 1126/716/644 1776/2044/2014 1774/636/576
f 1129/2039/2009 1777/2045/2015 1776/2044/2014
f 1128/2041/2011 1778/2046/2016 1777/2045/2015
f 1127/2043/2013 1775/690/619 1778/2046/2016
f 1779/631/572 1115/1240/1201 1109/637/577
f 1781/2047/2017 1116/1245/1208 1115/1240/1201
f 1782/2048/2018 1122/1243/1206 1116/1245/1208
f 1783/2049/2019 1110/704/632 1122/1243/1206
f 1099/715/643 1781/2047/2017 1779/631/572
f 1102/2032/2002 1782/2048/2018 1781/2047/2017
f 1101/2034/2004 1783/2049/2019 1782/2048/2018
f 1100/2036/2006 1780/702/630 1783/2049/2019
f 1068/620/562 1786/2050/2020 1070/1994/1969
f 1070/1994/1969 1787/2051/2021 1071/1995/1970
f 1071/1995/1970 1788/2052/2022 1072/1996/1971
f 1072/1996/1971 1785/697/625 1069/658/593
f 1784/641/579 1137/2053/2023 1786/2050/2020
f 1786/2050/2020 1138/2054/2024 1787/2051/2021
f 1787/2051/2021 1139/2055/2025 1788/2052/2022
f 1788/2052/2022 1136/664/598 1785/697/625
f 1131/643/581 1791/2056/2026 1134/2057/2027
f 1134/2057/2027 1792/2058/2028 1133/2059/2029
f 1133/2060/2029 1793/2061/2030 1132/2062/2031
f 1132/2063/2031 1790/647/584 1130/646/583
f 1789/614/556 1062/1998/1973 1791/2056/2026
f 1791/2056/2026 1061/2000/1975 1792/2058/2028
f 1792/2064/2028 1060/2003/1977 1793/2061/2030
f 1793/2065/2030 1058/638/578 1790/647/584
f 1794/656/591 1148/1248/1212 1145/709/637
f 1796/2066/2032 1149/1258/1222 1148/1248/1212
f 1797/2067/2033 1155/1259/1218 1149/1258/1222
f 1798/2068/2034 1146/2069/1219 1155/1259/1218
f 1140/655/587 1796/2066/2032 1794/656/591
f 1142/2070/2035 1797/2067/2033 1796/2066/2032
f 1143/2071/2036 1798/2068/2034 1797/2067/2033
f 1144/2072/2037 1795/684/615 1798/2073/2034
f 1135/642/580 1801/2074/2038 1137/2053/2023
f 1137/2053/2023 1802/2075/2039 1138/2054/2024
f 1138/2054/2024 1803/2076/2040 1139/2055/2025
f 1139/2055/2025 1800/683/614 1136/664/598
f 1799/648/585 1159/1263/1226 1801/2074/2038
f 1801/2074/2038 1154/1255/1220 1802/2075/2039
f 1802/2075/2039 1153/1252/1217 1803/2076/2040
f 1803/2076/2040 1146/1254/1219 1800/683/614
f 1140/650/587 1806/2077/2041 1142/2078/2035
f 1142/2070/2035 1807/2079/2042 1143/2071/2036
f 1143/2071/2036 1808/2080/2043 1144/2081/2037
f 1144/2072/2037 1805/682/613 1141/681/612
f 1804/644/582 1134/2057/2027 1806/2077/2041
f 1806/2082/2041 1133/2060/2029 1807/2079/2042
f 1807/2079/2042 1132/2062/2031 1808/2080/2043
f 1808/2083/2043 1130/646/583 1805/682/613
f 1147/649/586 1811/2084/2044 1158/2085/1227
f 1158/1247/2045 1810/706/634 1145/709/2046
f 1809/599/545 1050/2086/2047 1811/2084/2044
s 34
f 1811/2087/2048 1050/2088/2048 1043/1216/2049
s 5
f 1811/2089/2050 1040/707/635 1810/706/634
f 1004/580/527 1814/2090/2051 1016/2091/2052
s 35
f 1016/1202/2053 1814/2092/2053 1007/1198/2053
s 5
f 1814/2093/2054 1002/2094/1150 1007/2095/2055
f 1812/579/526 1117/1239/1200 1814/2090/2051
f 1117/2096/2056 1813/668/600 1814/2093/2054
s 2
f 509/1548/1519 510/2097/1523 1819/1549/2057
s 36
f 485/1535/2058 486/2098/2059 1815/1533/2059
s 37
f 441/1516/2060 442/2099/2060 1817/1514/2061
s 38
f 434/1530/2062 1816/813/2063 433/2100/2062
s 39
f 453/1517/2064 452/833/2065 454/2101/2064
s 40
f 463/1541/2066 1818/843/2067 464/2102/2068
s 1
f 212/18/15 1218/164/140 102/19/16
f 231/29/25 22/28/24 108/36/32
f 1198/37/33 108/36/32 23/38/34
f 241/39/35 23/38/34 115/45/40
f 10/73/65 313/190/164 1268/74/66
f 24/76/67 323/127/110 1262/77/68
f 337/78/69 8/95/65 98/79/65
f 15/83/73 103/87/77 1247/84/74
f 15/83/73 333/85/75 1257/86/76
f 103/87/77 14/20/17 317/88/78
f 22/28/24 338/157/134 1277/93/83
f 1263/94/84 97/75/65 8/95/65
f 23/38/34 348/187/162 1292/99/88
f 1278/80/70 98/79/65 11/100/65
f 115/45/40 1292/99/88 358/105/93
f 307/106/94 1253/142/122 96/107/65
f 14/20/17 102/19/16 1297/109/95
f 102/19/16 13/60/54 384/110/96
f 100/113/65 12/134/65 379/114/99
f 13/60/54 110/59/53 1312/116/101
f 110/59/53 1322/67/61 396/117/102
f 7/108/65 96/107/65 1248/125/108
f 109/22/19 1257/86/76 323/127/110
f 96/107/65 9/143/65 332/128/111
f 385/132/114 1313/151/130 101/133/65
f 97/75/65 1268/74/66 343/140/120
f 226/21/18 1168/119/104 103/87/77
f 1253/142/122 327/192/166 9/143/65
f 101/133/65 1308/152/131 390/149/128
f 1313/151/130 395/787/719 1308/152/131
f 114/11/9 1262/77/68 338/157/134
f 11/100/65 353/181/157 1288/158/135
f 95/162/65 1258/163/139 332/128/111
f 10/73/65 322/183/159 1258/163/139
f 1218/164/140 280/58/52 13/60/54
f 7/108/65 100/113/65 1303/115/100
s 2
f 1355/165/141 137/210/184 1445/166/142
s 1
f 1298/168/144 385/132/114 12/134/65
f 1293/173/149 99/159/136 1283/174/150
f 99/159/136 1288/158/135 374/176/152
f 17/57/51 104/55/49 1302/82/72
f 12/134/65 101/133/65 1318/150/129
f 98/79/65 1273/184/160 353/181/157
f 322/183/159 10/73/65 97/75/65
f 8/95/65 343/140/120 1273/184/160
f 108/36/32 1277/93/83 348/187/162
f 313/190/164 10/73/65 95/162/65
f 1243/191/165 95/162/65 9/143/65
f 347/101/89 11/100/65 99/159/136
f 318/126/109 1298/168/144 100/113/65
s 2
f 435/209/183 1470/281/255 137/210/184
f 447/216/190 1365/315/289 124/217/191
f 1406/222/196 132/335/309 1411/223/197
f 27/227/201 532/260/234 1348/228/202
f 1361/236/210 412/804/739 1446/237/211
f 413/244/218 28/273/247 122/245/219
f 446/247/221 1450/308/282 134/248/222
s 3
f 514/249/223 1347/289/263 121/250/224
s 2
f 447/216/190 29/218/192 123/257/231
f 27/227/201 122/245/219 1328/259/233
f 28/273/247 123/257/231 1343/274/248
f 29/218/192 513/280/254 1343/274/248
f 29/218/192 124/217/191 1348/228/202
f 1470/281/255 584/966/907 1401/282/256
s 3
f 1338/288/262 121/250/224 1347/289/263
s 2
f 28/273/247 547/275/249 1328/259/233
f 30/252/226 548/254/228 1342/296/270
f 32/232/206 126/297/271 1342/296/270
f 33/239/213 128/255/229 1329/261/235
f 120/238/212 1446/237/211 603/305/279
f 436/314/288 27/227/201 124/217/191
f 445/316/290 1361/236/210 120/238/212
f 1451/317/291 120/238/212 1405/306/280
f 137/210/184 1401/282/256 601/319/293
f 413/244/218 1360/258/232 123/257/231
f 436/314/288 1356/246/220 122/245/219
f 1411/223/197 132/335/309 1400/332/306
f 602/334/308 1400/332/306 132/335/309
s 1
f 333/85/75 1247/84/74 1249/1398/1356
f 335/1401/1359 1250/1400/1358 1251/1402/1360
f 309/1412/1370 1256/1411/1369 1253/142/122
f 1264/1420/1378 1265/1422/1380 340/1421/1379
f 1281/1442/1400 1278/80/70 347/101/89
f 348/187/162 351/1437/1395 1294/1453/1410
f 349/1441/1399 347/101/89 1293/173/149
f 317/88/78 1297/109/95 1299/1456/1413
f 1301/1458/1415 388/1461/1418 385/132/114
f 387/1460/1417 1315/1477/1432 1316/1478/1433
f 1314/1476/1431 408/793/726 403/788/720
s 2
f 550/933/872 547/275/249 1343/274/248
s 3
f 1347/1504/263 1349/1505/1465 538/926/862
f 1349/1505/1465 1350/1507/1468 539/932/1466
s 2
f 1350/1506/1467 1348/228/202 532/260/234
s 3
f 1347/1504/263 514/906/223 524/908/842
f 1349/1505/1465 524/908/842 517/901/846
s 2
f 1350/1506/1467 516/899/834 513/280/254
f 435/209/183 1355/165/141 1357/1512/1473
f 1817/1514/1476 1358/1513/1475 1359/1515/1477
f 411/167/143 416/796/731 1357/1512/1473
f 424/799/734 423/808/742 1359/1515/1477
f 1360/258/232 1362/1518/1480 453/1517/1479
f 1362/1518/1480 1363/1519/1482 452/833/1481
f 1363/1519/1482 1364/1520/1484 449/831/1483
f 1364/1520/1484 1361/236/210 445/316/290
f 1360/258/232 413/244/218 423/809/742
f 1363/1519/1482 420/805/740 419/802/737
f 1367/1522/1485 1368/1523/1487 442/828/1486
f 1369/1524/1488 1366/233/207 437/235/209
f 1368/1523/1487 452/1526/1489 451/836/1490
f 589/968/909 1404/1558/1529 1401/282/256
f 1400/1559/306 602/993/308 611/992/935
f 1402/1556/1527 611/992/935 605/986/929
f 1403/1557/1528 605/986/929 604/984/927
f 1404/1558/1529 604/984/927 601/319/293
f 1405/306/280 1407/1560/1530 622/1003/944
f 603/305/279 616/999/940 1407/1560/1530
f 616/999/940 610/994/936 1408/1561/1531
s 1
f 1222/1/1 93/70/2 1/2/2
f 1173/4/4 221/182/158 20/5/5
f 89/7/2 1167/61/55 227/8/7
f 216/10/8 24/76/67 114/11/9
f 4/13/2 90/43/2 1187/14/11
f 201/16/13 1173/4/4 106/6/6
f 226/21/18 15/83/73 109/22/19
f 3/9/2 88/27/2 1162/24/21
f 1177/26/23 217/160/137 4/13/2
f 1183/12/10 114/11/9 22/28/24
f 1193/30/26 105/96/85 19/31/27
f 1188/33/29 117/90/80 26/34/30
f 1208/40/36 113/50/45 18/41/37
f 90/43/2 2/156/2 236/44/39
f 1213/46/41 115/45/40 1325/47/42
f 269/49/44 25/103/91 113/50/45
f 91/51/2 5/153/2 246/52/46
f 1223/54/48 201/16/13 16/17/14
f 274/56/50 1223/54/48 104/55/49
f 280/58/52 1233/66/60 110/59/53
f 1/2/2 211/193/167 1167/61/55
f 1238/62/56 274/56/50 17/57/51
f 285/64/58 1238/62/56 112/63/57
f 1233/66/60 290/748/679 1322/67/61
f 6/68/2 279/130/112 1217/69/62
f 106/6/6 20/5/5 328/71/63
f 104/55/49 16/17/14 308/81/71
f 116/89/79 1242/144/123 328/71/63
f 117/90/80 1267/92/82 312/91/81
f 19/31/27 342/97/86 1267/92/82
f 105/96/85 1272/98/87 342/97/86
f 18/41/37 352/102/90 1272/98/87
f 113/50/45 1287/104/92 352/102/90
f 25/103/91 375/189/163 1287/104/92
f 112/63/57 17/57/51 380/111/97
f 21/65/59 112/63/57 1317/112/98
f 1168/119/104 212/18/15 14/20/17
f 1228/120/105 285/1376/58 21/121/59
f 107/122/106 21/121/59 389/123/103
f 227/8/7 1177/26/23 88/27/2
f 1178/23/20 109/22/19 24/76/67
f 94/129/2 1232/146/125 279/130/112
f 202/3/3 1/2/2 89/7/2
f 16/17/14 106/6/6 1252/72/64
f 237/32/28 19/31/27 117/90/80
f 1203/135/115 251/722/650 1326/136/116
f 111/137/117 1326/136/116 357/138/118
f 207/35/31 26/34/30 116/89/79
f 26/34/30 312/91/81 1242/144/123
f 1227/145/124 291/757/688 1232/146/125
f 284/147/126 1227/145/124 94/129/2
f 5/153/2 92/169/145 1207/154/132
f 1182/155/133 232/161/138 2/156/2
f 217/160/137 1182/155/133 90/43/2
f 232/161/138 1197/186/161 91/51/2
f 92/169/145 1202/172/148 270/170/146
f 1212/171/147 252/732/660 1202/172/148
f 1228/120/105 107/122/106 1323/177/153
f 275/179/155 6/68/2 93/70/2
f 107/122/106 1307/124/107 394/180/156
f 247/42/38 18/41/37 105/96/85
f 1237/148/127 94/129/2 6/68/2
f 2/156/2 91/51/2 1192/53/47
f 1163/141/121 116/89/79 20/5/5
f 1203/185/115 111/188/117 25/103/91
f 1197/186/161 242/194/168 5/153/2
f 111/188/117 1282/2103/119 375/189/163
f 1172/131/113 89/7/2 3/9/2
f 88/27/2 4/13/2 206/15/12
f 93/70/2 1217/69/62 211/193/167
f 242/194/168 1212/171/147 92/169/145
s 2
f 457/195/169 1395/340/314 130/196/170
f 503/198/172 1480/1623/1616 136/199/173
f 136/199/173 1480/1623/1616 725/201/175
f 709/203/177 1436/328/302 131/204/178
f 481/206/180 32/232/206 127/207/181
f 138/211/185 1458/1602/1578 671/212/186
f 1431/205/179 131/204/178 1441/214/188
f 426/219/193 1370/298/272 135/220/194
f 1475/225/199 636/1021/965 1416/226/200
f 31/229/203 127/207/181 1352/230/204
f 32/232/206 515/299/273 1352/230/204
f 1366/233/207 134/248/222 1471/234/208
f 33/239/213 549/301/275 1334/240/214
f 34/197/171 130/196/170 1339/242/216
f 30/252/226 125/277/251 1333/253/227
f 457/195/169 34/197/171 128/255/229
f 34/197/171 200/243/217 1329/261/235
f 1375/262/236 138/211/185 1474/263/237
f 427/265/239 1455/1601/1577 119/266/240
f 35/268/242 568/269/243 1339/242/216
f 35/268/242 129/241/215 1334/240/214
f 482/270/244 1381/267/241 119/266/240
f 480/272/246 1458/1602/1578 138/211/185
f 428/276/250 31/229/203 125/277/251
f 490/279/253 1385/256/230 128/255/229
f 1391/200/174 136/199/173 1461/283/257
f 1396/285/259 456/844/780 1466/286/260
f 505/291/265 1396/285/259 139/287/261
f 1386/293/267 489/874/808 1462/294/268
f 31/229/203 566/231/205 1333/253/227
f 1370/298/272 465/851/788 1475/225/199
s 3
f 1351/251/225 121/250/224 1338/288/262
s 2
f 1461/283/257 136/199/173 1435/202/176
f 139/287/261 1440/304/278 726/303/277
f 1466/286/260 691/1084/1029 1440/304/278
f 134/248/222 1410/309/283 585/307/281
f 1450/308/282 621/1014/957 1410/309/283
f 119/266/240 1455/1601/1577 656/310/284
f 1474/263/237 138/211/185 1421/213/187
f 1459/271/245 119/266/240 1425/311/285
f 428/276/250 1380/208/182 127/207/181
f 466/320/294 1371/278/252 125/277/251
f 638/321/295 1420/337/311 133/322/296
f 1415/323/297 133/322/296 1426/324/298
f 490/279/253 33/239/213 129/241/215
f 504/327/301 1390/326/300 129/241/215
f 1441/214/188 131/204/178 1436/328/302
f 118/295/269 1462/294/268 707/330/304
f 466/320/294 30/252/226 126/297/271
f 481/206/180 1376/336/310 126/297/271
f 1426/324/298 133/322/296 1420/337/311
f 135/220/194 1416/226/200 654/339/313
f 504/327/301 35/268/242 130/196/170
f 455/341/315 1386/293/267 118/295/269
f 118/295/269 1430/331/305 689/343/317
s 4
f 1543/344/318 145/413/319 36/345/319
f 1494/347/321 762/523/477 55/348/322
f 141/350/319 1488/404/372 768/351/324
f 757/353/325 59/419/384 166/354/326
f 39/356/319 142/386/319 1508/357/328
f 742/359/330 1494/347/321 158/349/323
f 753/361/332 1539/505/459 154/362/333
f 767/364/335 50/426/390 161/365/336
f 38/352/319 140/370/319 1483/367/338
f 1498/369/340 758/501/456 39/356/319
f 1504/355/327 166/354/326 57/371/341
f 1514/373/343 157/439/402 54/374/344
f 1509/376/346 169/433/397 61/377/347
f 772/372/342 57/371/341 160/379/349
f 1519/380/350 160/379/349 58/381/351
f 1529/383/353 165/393/362 53/384/354
f 142/386/319 37/497/319 777/387/356
f 782/382/352 58/381/351 167/388/357
f 1534/389/358 167/388/357 1646/390/359
f 810/392/361 60/446/409 165/393/362
f 143/394/319 40/494/450 787/395/363
f 1544/397/365 742/359/330 51/360/331
f 815/399/367 1544/397/365 156/398/366
f 821/401/369 1554/409/377 162/402/370
f 36/345/319 752/534/486 1488/404/372
f 1559/405/373 815/399/367 52/400/368
f 826/407/375 1559/405/373 164/406/374
f 1554/409/377 831/1151/1099 1643/410/378
f 41/411/319 820/471/430 1538/412/379
f 158/349/323 55/348/322 869/414/380
f 45/416/382 854/531/483 1589/417/383
f 59/419/384 864/468/428 1583/420/385
f 878/421/386 43/438/382 150/422/382
f 156/398/366 51/360/331 849/424/388
f 50/426/390 155/430/394 1568/427/391
f 50/426/390 874/428/392 1578/429/393
f 155/430/394 49/363/334 858/431/395
f 168/432/396 1563/485/441 869/414/380
f 169/433/397 1588/435/399 853/434/398
f 54/374/344 883/440/403 1588/435/399
f 57/371/341 879/498/453 1598/436/400
f 1584/437/401 149/418/382 43/438/382
f 157/439/402 1593/441/404 883/440/403
f 53/384/354 893/445/408 1593/441/404
f 58/381/351 889/528/481 1613/442/405
f 1599/423/387 150/422/382 46/443/406
f 165/393/362 1608/447/410 893/445/408
f 60/446/409 916/530/482 1608/447/410
f 167/388/357 1613/442/405 899/448/411
f 848/449/412 1574/483/440 148/450/382
f 49/363/334 154/362/333 1618/452/413
f 154/362/333 48/403/371 925/453/414
f 164/406/374 52/400/368 921/454/415
f 152/456/382 47/475/382 920/457/417
f 48/403/371 162/402/370 1633/459/419
f 162/402/370 1643/410/378 937/460/420
f 56/408/376 164/406/374 1638/455/416
f 1489/462/422 753/361/332 49/363/334
f 1549/463/423 826/407/375 56/408/376
f 159/464/424 56/408/376 930/461/421
f 42/451/382 148/450/382 1569/466/426
f 768/351/324 1498/369/340 140/370/319
f 1499/366/337 161/365/336 59/419/384
f 161/365/336 1578/429/393 864/468/428
f 148/450/382 44/484/382 873/469/429
f 146/470/319 1553/487/443 820/471/430
f 743/346/320 36/345/319 141/350/319
f 51/360/331 158/349/323 1573/415/381
f 926/473/432 1634/492/448 153/474/382
f 778/375/345 54/374/344 169/433/397
f 1524/476/433 792/1121/1070 1647/477/434
f 163/478/435 1647/477/434 898/479/436
f 149/418/382 1589/417/383 884/481/438
f 748/378/348 61/377/347 168/432/396
f 767/364/335 1489/462/422 155/430/394
f 1574/483/440 868/533/485 44/484/382
f 61/377/347 853/434/398 1563/485/441
f 1548/486/442 832/1160/1108 1553/487/443
f 825/488/444 1548/486/442 146/470/319
f 153/474/382 1629/493/449 931/490/446
f 1634/492/448 936/1188/1139 1629/493/449
f 40/494/450 144/510/464 1528/495/451
f 1503/496/452 773/502/457 37/497/319
f 166/354/326 1583/420/385 879/498/453
f 46/443/406 894/522/476 1609/499/454
f 758/501/456 1503/496/452 142/386/319
f 773/502/457 1518/527/480 143/394/319
f 147/503/382 1579/504/458 873/469/429
f 45/416/382 863/524/478 1579/504/458
f 1539/505/459 821/401/369 48/403/371
f 42/451/382 152/456/382 1624/458/418
s 5
f 1709/506/460 175/602/461 62/507/461
s 4
f 1619/509/463 926/473/432 47/475/382
f 144/510/464 1523/513/467 811/511/465
f 1533/512/466 793/1131/1080 1523/513/467
f 1614/514/468 151/500/455 1604/515/469
f 151/500/455 1609/499/454 915/517/471
f 1549/463/423 159/464/424 1644/518/472
f 816/520/474 41/411/319 145/413/319
f 52/400/368 156/398/366 1623/425/389
f 159/464/424 1628/465/425 935/521/475
f 788/385/355 53/384/354 157/439/402
f 1558/489/445 146/470/319 41/411/319
f 47/475/382 153/474/382 1639/491/447
f 150/422/382 1594/525/479 894/522/476
f 37/497/319 143/394/319 1513/396/364
f 1484/482/439 168/432/396 55/348/322
f 863/524/478 45/416/382 149/418/382
f 43/438/382 884/481/438 1594/525/479
f 1524/526/433 163/529/435 60/446/409
f 1518/527/480 783/535/487 40/494/450
f 160/379/349 1598/436/400 889/528/481
f 163/529/435 1603/2104/437 916/530/482
f 1493/472/431 141/350/319 38/352/319
f 140/370/319 39/356/319 747/358/329
f 854/531/483 45/416/382 147/503/382
f 1564/532/484 147/503/382 44/484/382
f 145/413/319 1538/412/379 752/534/486
f 783/535/487 1533/512/466 144/510/464
f 888/444/407 46/443/406 151/500/455
f 859/467/427 1619/509/463 152/456/382
s 5
f 1660/536/488 972/711/639 81/537/489
f 171/539/461 1654/593/539 978/540/491
f 967/542/492 85/608/551 196/543/493
f 65/545/461 172/575/461 1674/546/495
f 952/548/497 1660/536/488 188/538/490
f 963/550/499 1705/696/624 184/551/500
f 977/553/502 76/615/557 191/554/503
f 64/541/461 170/559/461 1649/556/505
f 1664/558/507 968/692/621 65/545/461
f 1670/544/494 196/543/493 83/560/508
f 1680/562/510 187/628/569 80/563/511
f 1675/565/513 199/622/564 87/566/514
f 982/561/509 83/560/508 190/568/516
f 1685/569/517 190/568/516 84/570/518
f 1695/572/520 195/582/529 79/573/521
f 172/575/461 63/688/461 987/576/523
f 992/571/519 84/570/518 197/577/524
f 1700/578/525 197/577/524 1812/579/526
f 1020/581/528 86/635/575 195/582/529
f 173/583/461 66/685/461 997/584/530
f 1710/586/532 952/548/497 77/549/498
f 1025/588/534 1710/586/532 186/587/533
f 1031/590/536 1720/598/544 192/591/537
f 62/507/461 962/720/648 1654/593/539
f 1725/594/540 1025/588/534 78/589/535
f 1036/596/542 1725/594/540 194/595/541
f 1720/598/544 1041/2105/1179 1809/599/545
f 67/600/461 1030/662/596 1704/601/546
f 188/538/490 81/537/489 1079/603/547
f 71/605/549 1064/717/645 1755/606/550
f 85/608/551 1074/659/594 1749/609/552
f 1088/610/553 69/627/549 180/611/549
f 186/587/533 77/549/498 1059/613/555
f 76/615/557 185/619/561 1734/616/558
f 76/615/557 1084/617/559 1744/618/560
f 185/619/561 75/552/501 1068/620/562
f 198/621/563 1729/676/607 1079/603/547
f 199/622/564 1754/624/566 1063/623/565
f 80/563/511 1093/629/570 1754/624/566
f 83/560/508 1089/689/618 1764/625/567
f 1750/626/568 179/607/549 69/627/549
f 187/628/569 1759/630/571 1093/629/570
f 79/573/521 1103/634/574 1759/630/571
f 84/570/518 1099/715/643 1779/631/572
f 1765/612/554 180/611/549 72/632/549
f 195/582/529 1774/636/576 1103/634/574
f 86/635/575 1126/716/644 1774/636/576
f 197/577/524 1779/631/572 1109/637/577
f 1058/638/578 1740/674/606 178/639/549
f 75/552/501 184/551/500 1784/641/579
f 184/551/500 74/592/538 1135/642/580
f 194/595/541 78/589/535 1131/643/581
f 182/645/549 73/666/549 1130/646/583
f 74/592/538 192/591/537 1799/648/585
f 192/591/537 1809/599/545 1147/649/586
f 82/597/543 194/595/541 1804/644/582
f 1655/651/588 963/550/499 75/552/501
f 1715/652/589 1036/1964/542 82/653/543
f 189/654/590 82/653/543 1140/655/587
f 68/640/549 178/639/549 1735/657/592
f 978/540/491 1664/558/507 170/559/461
f 1665/555/504 191/554/503 85/608/551
f 191/554/503 1744/618/560 1074/659/594
f 178/639/549 70/675/549 1083/660/595
f 176/661/461 1719/678/609 1030/662/596
f 953/508/462 62/507/461 171/539/461
f 77/549/498 188/538/490 1739/604/548
f 1136/664/598 1800/683/614 183/665/549
f 988/564/512 80/563/511 199/622/564
f 1690/667/599 1002/2094/1150 1813/668/600
f 193/669/601 1813/668/600 1108/670/602
f 179/607/549 1755/606/550 1094/672/604
f 958/567/515 87/566/514 198/621/563
f 977/553/502 1655/651/588 185/619/561
f 1740/674/606 1078/719/647 70/675/549
f 87/566/514 1063/623/565 1729/676/607
f 1714/677/608 1042/1228/1188 1719/678/609
f 1035/679/610 1714/677/608 176/661/461
f 183/665/549 1795/684/615 1141/681/612
f 1800/683/614 1146/1254/1219 1795/684/615
f 66/685/461 174/698/626 1694/686/616
f 1669/687/617 983/693/622 63/688/461
f 196/543/493 1749/609/552 1089/689/618
f 72/632/549 1104/710/638 1775/690/619
f 968/692/621 1669/687/617 172/575/461
f 983/693/622 1684/714/642 173/583/461
f 177/694/549 1745/695/623 1083/660/595
f 71/605/549 1073/712/640 1745/695/623
f 1705/696/624 1031/590/536 74/592/538
f 68/640/549 182/645/549 1790/647/584
f 1785/697/625 1136/664/598 73/666/549
f 174/698/626 1689/701/629 1021/699/627
f 1699/700/628 1003/1206/1160 1689/701/629
f 1780/702/630 181/691/620 1770/703/631
f 181/691/620 1775/690/619 1125/705/633
f 1715/652/589 189/654/590 1810/706/634
f 1026/708/636 67/600/461 175/602/461
f 78/589/535 186/587/533 1789/614/556
f 189/654/590 1794/656/591 1145/709/637
f 998/574/522 79/573/521 187/628/569
f 1724/680/611 176/661/461 67/600/461
f 73/666/549 183/665/549 1805/682/613
f 180/611/549 1760/713/641 1104/710/638
f 63/688/461 173/583/461 1679/585/531
f 1650/673/605 198/621/563 81/537/489
f 1073/712/640 71/605/549 179/607/549
f 69/627/549 1094/672/604 1760/713/641
f 1690/667/599 193/669/601 86/635/575
f 1684/714/642 993/721/649 66/685/461
f 190/568/516 1764/625/567 1099/715/643
f 193/669/601 1769/671/603 1126/716/644
f 1659/663/597 171/539/461 64/541/461
f 170/559/461 65/545/461 957/547/496
f 1064/717/645 71/605/549 177/694/549
f 1730/718/646 177/694/549 70/675/549
f 175/602/461 1704/601/546 962/720/648
f 993/721/649 1699/700/628 174/698/626
f 1098/633/573 72/632/549 181/691/620
f 1069/658/593 1785/697/625 182/645/549
s 1
f 251/722/650 254/725/653 257/723/651
f 254/725/653 255/735/663 258/726/654
f 256/724/652 257/723/651 268/727/655
f 257/723/651 258/726/654 259/729/657
f 260/730/658 263/734/662 262/731/659
f 261/733/661 264/736/664 263/734/662
f 263/734/662 258/726/654 255/735/663
f 264/736/664 259/729/657 258/726/654
f 253/48/43 265/1488/667 267/737/665
f 266/740/666 267/739/665 264/736/669
f 267/739/665 268/727/668 259/729/671
f 289/178/154 292/743/674 294/741/672
f 292/743/674 299/1485/2069 295/744/675
f 293/742/673 294/741/672 306/745/676
f 294/741/672 295/744/675 296/747/678
f 290/748/679 297/1383/682 300/749/680
f 297/751/682 298/759/1342 301/752/683
f 300/753/680 301/752/683 296/747/685
f 302/755/686 305/758/689 304/756/687
f 303/746/677 306/745/676 305/758/689
f 305/758/689 301/752/691 298/759/690
f 306/745/676 296/747/678 301/752/691
f 357/138/118 366/1490/694 361/760/692
f 360/765/693 361/764/692 373/766/696
f 361/764/692 362/763/2070 363/768/698
f 358/105/93 364/771/701 367/769/699
f 364/771/701 365/776/708 368/772/702
f 367/769/699 368/772/702 363/768/704
f 369/773/705 372/775/707 371/774/706
f 370/767/697 373/766/709 372/775/707
f 372/775/707 368/772/702 365/776/708
f 373/766/709 363/768/704 368/772/702
f 394/180/156 397/1468/712 399/777/710
f 397/779/712 398/790/722 400/780/713
f 399/781/710 400/780/713 401/783/715
f 402/785/717 405/789/721 404/786/718
f 403/788/720 406/791/723 405/789/721
f 405/789/721 400/780/724 398/790/722
f 406/791/723 401/783/729 400/780/724
f 396/117/102 407/1483/727 409/792/725
f 408/793/726 409/792/725 406/791/723
f 409/792/725 410/784/728 401/783/729
s 2
f 414/795/730 417/798/733 416/796/731
f 415/797/732 422/800/735 417/798/733
f 417/798/733 418/801/736 424/799/734
f 419/802/737 422/806/735 421/803/738
f 420/805/740 418/2106/736 422/806/735
f 424/799/734 418/801/736 425/807/741
f 425/807/741 418/2106/736 420/805/740
s 6
f 429/810/743 432/2107/2071 430/811/744
f 430/811/744 432/2107/2071 431/812/746
s 8
f 433/816/749 1816/2108/2072 431/812/750
s 9
f 438/818/752 444/821/2073 439/819/753
s 10
f 438/818/755 1817/827/762 440/820/756
s 12
f 448/830/764 451/2109/2074 449/831/765
f 449/831/765 451/2109/2074 450/832/767
s 2
f 458/838/774 462/841/2075 459/839/775
f 459/839/775 462/841/2075 460/842/778
s 16
f 462/847/783 464/1555/2076 1818/848/784
s 2
f 468/849/786 471/853/790 470/850/787
f 469/852/789 472/2110/792 471/853/790
f 471/853/790 479/856/793 477/854/791
f 474/857/794 472/2111/792 475/858/795
f 475/858/795 472/2110/792 469/852/789
f 476/861/797 479/863/793 478/862/798
f 479/863/793 472/2111/792 474/857/794
s 17
f 483/864/799 488/867/803 487/865/800
f 483/864/799 1815/2112/805 484/866/802
s 2
f 492/872/806 495/876/810 494/873/807
f 493/875/809 498/2113/821 495/876/810
f 497/881/816 498/2113/821 493/875/809
f 499/883/818 502/885/820 501/884/819
f 500/878/812 495/877/810 502/885/820
f 506/887/822 512/890/825 507/888/823
f 506/887/822 1819/896/2077 508/889/824
f 516/899/834 519/902/837 518/900/835
f 517/901/836 520/904/2078 519/902/837
f 519/902/837 521/905/840 528/903/838
s 3
f 514/906/223 522/909/843 525/907/841
f 522/909/843 523/915/1470 526/910/844
f 524/908/842 525/907/841 520/904/845
f 525/907/841 526/910/844 521/911/847
s 2
f 527/912/848 530/914/850 529/913/849
f 528/903/838 521/905/840 530/914/850
f 530/914/850 526/910/2079 523/915/851
f 200/243/217 533/919/856 535/916/853
f 1820/918/855 536/921/858 535/916/853
f 535/916/853 537/922/859 544/920/857
s 3
f 531/923/264 538/926/862 541/924/860
f 538/926/862 539/932/1466 542/927/863
f 540/925/861 541/924/860 536/921/864
f 541/924/860 542/927/863 537/928/866
s 2
f 543/929/867 546/931/869 545/930/868
f 544/920/857 537/922/859 546/931/869
f 546/931/869 542/927/2080 539/932/870
f 550/933/872 553/936/875 552/934/873
f 551/935/874 554/944/883 553/936/875
f 553/936/875 565/939/878 562/937/876
f 553/936/875 554/944/883 555/938/877
f 556/940/879 559/943/882 558/941/880
f 557/942/881 560/948/887 559/943/882
f 559/943/882 554/944/883 551/935/874
f 559/943/882 560/948/887 555/938/877
f 561/945/884 564/947/886 563/946/885
f 562/937/876 565/939/878 564/947/886
f 564/947/886 560/948/887 557/942/881
f 564/947/886 565/939/878 555/938/877
f 569/949/888 572/952/891 571/950/889
f 570/951/890 573/954/2081 572/952/891
f 572/952/891 574/955/894 581/953/892
s 3
f 567/956/274 575/959/897 578/957/895
f 575/959/897 576/965/1458 579/960/898
f 577/958/896 578/957/895 573/954/899
f 578/957/895 579/960/898 574/961/901
s 2
f 580/962/902 583/964/904 582/963/903
f 581/953/892 574/955/894 583/964/904
f 583/964/904 579/960/2082 576/965/905
f 584/966/907 587/970/1595 590/967/908
f 588/969/910 595/978/2083 590/967/911
f 589/968/909 590/967/911 596/971/913
f 590/967/911 595/978/2083 591/973/915
f 585/307/281 592/976/918 595/974/916
f 592/976/918 593/983/926 596/977/919
f 597/979/922 600/982/925 599/980/923
f 598/972/914 596/971/913 600/982/924
f 600/982/925 596/977/919 593/983/926
f 604/984/927 607/987/930 606/985/928
f 605/986/929 608/997/932 607/987/930
f 607/987/930 618/990/933 615/988/931
f 609/991/934 612/995/937 611/992/935
f 610/994/936 613/996/938 612/995/937
f 612/995/937 608/997/932 605/986/929
f 614/998/939 617/1000/941 616/999/940
f 615/988/931 618/990/933 617/1000/941
f 617/1000/941 613/996/938 610/994/936
f 618/990/933 608/989/932 613/996/938
f 619/318/292 622/1003/944 625/1001/942
f 622/1003/944 623/1013/956 631/1004/945
f 625/1001/946 635/1007/950 633/1005/947
f 625/1001/946 631/1004/945 626/1006/949
f 627/1008/951 630/1012/954 629/1009/952
f 628/1011/953 631/1018/961 630/1012/954
f 630/1012/955 631/1004/945 623/1013/956
f 621/1014/957 632/1017/1559 635/1015/958
f 634/1016/959 635/1015/958 631/1018/961
f 639/1019/963 642/1023/967 641/1020/964
f 640/1022/966 643/1025/969 642/1023/967
f 642/1023/967 653/1026/970 650/1024/968
f 643/1025/969 648/1031/975 653/1026/970
f 644/1027/971 647/1030/974 646/1028/972
f 645/1029/973 648/1036/975 647/1030/974
f 647/1030/974 643/1025/969 640/1022/966
f 649/1032/976 652/1035/978 651/1033/977
f 650/1024/968 653/1026/970 652/1035/978
f 652/1035/978 648/1036/975 645/1029/973
f 654/339/313 657/1039/981 660/1037/979
f 657/1039/981 658/1049/993 666/1040/982
f 660/1037/983 670/1043/987 668/1041/984
f 660/1037/983 666/1040/982 661/1042/986
f 662/1044/988 665/1048/991 664/1045/989
f 663/1047/990 666/1053/997 665/1048/991
f 665/1048/992 666/1040/982 658/1049/993
f 656/310/284 667/1052/1576 670/1050/994
f 669/1051/995 670/1050/994 666/1053/997
f 671/212/186 674/1056/1579 676/1054/999
f 674/1056/1001 681/1604/1581 677/1057/1002
f 675/1055/1000 676/1054/999 688/1058/1003
f 676/1054/999 677/1057/1002 678/1060/1005
f 672/313/287 679/1063/1008 682/1061/1006
f 679/1063/1008 680/1069/1014 683/1064/1009
f 682/1061/1006 683/1064/1009 678/1060/1005
f 684/1065/1011 687/1068/1013 686/1066/1012
f 685/1059/1004 688/1058/1003 687/1068/1013
f 687/1068/1013 683/1064/1009 680/1069/1014
f 688/1058/1003 678/1060/1005 683/1064/1009
f 689/343/317 692/1072/1017 695/1070/1015
f 692/1072/1017 693/1082/1027 696/1073/1018
f 694/1071/1019 695/1070/1015 706/1074/1020
f 695/1070/1015 696/1073/1018 697/1076/1022
f 698/1077/1023 701/1081/1026 700/1078/1024
f 699/1080/1025 702/1083/1028 701/1081/1026
f 701/1081/1026 696/1073/1018 693/1082/1027
f 702/1083/1028 697/1076/1022 696/1073/1018
f 691/1084/1029 703/1610/1032 705/1085/1030
f 704/1086/1031 705/1085/1030 702/1083/1028
f 705/1085/1030 706/1074/1033 697/1076/1022
f 710/1087/1034 713/1090/1037 712/1088/1035
f 711/1089/1036 714/1092/1039 713/1090/1037
f 713/1090/1037 724/1093/1040 721/1091/1038
f 714/1092/1039 719/1098/1045 724/1093/1040
f 715/1094/1041 718/1097/1044 717/1095/1042
f 716/1096/1043 719/1103/1045 718/1097/1044
f 718/1097/1044 714/1092/1039 711/1089/1036
f 720/1099/1046 723/1102/1048 722/1100/1047
f 721/1091/1038 724/1093/1040 723/1102/1048
f 723/1102/1048 719/1103/1045 716/1096/1043
f 725/201/175 728/1107/2084 731/1104/1049
f 729/1106/1051 736/1115/2085 731/1104/1052
f 730/1105/1050 731/1104/1052 737/1108/1054
f 731/1104/1052 736/1115/2085 732/1110/1056
f 726/303/277 733/1113/1059 736/1111/1057
f 733/1113/1059 734/1120/1069 737/1114/1060
f 738/1116/1065 741/1119/1068 740/1117/1066
f 739/1109/1055 737/1108/1054 741/1119/1067
f 741/1119/1068 737/1114/1060 734/1120/1069
s 4
f 792/1121/1070 795/1124/1073 798/1122/1071
f 795/1124/1073 796/1134/1083 799/1125/1074
f 797/1123/1072 798/1122/1071 809/1126/1075
f 798/1122/1071 799/1125/1074 800/1128/1077
f 801/1129/1078 804/1133/1082 803/1130/1079
f 802/1132/1081 805/1135/1084 804/1133/1082
f 804/1133/1082 799/1125/1074 796/1134/1083
f 805/1135/1084 800/1128/1077 799/1125/1074
f 794/391/360 806/1850/1087 808/1136/1085
f 807/1137/1086 808/1136/1085 805/1140/1089
f 808/1136/1085 809/1139/1088 800/1142/1091
f 830/1143/473 833/1146/1094 835/1144/1092
f 833/1146/1094 840/1847/2086 836/1147/1095
f 834/1145/1093 835/1144/1092 847/1148/1096
f 835/1144/1092 836/1147/1095 837/1150/1098
f 831/1151/1099 838/1154/1102 841/1152/1100
f 838/1154/1102 839/1742/1730 842/1155/1103
f 841/1152/1100 842/1155/1103 837/1157/1105
f 843/1158/1106 846/1161/1109 845/1159/1107
f 844/1149/1097 847/1148/1096 846/1161/1109
f 846/1161/1109 842/1163/1111 839/1162/1110
f 847/1148/1096 837/1150/1098 842/1163/1111
f 898/1164/436 901/2114/1114 903/1165/1112
f 902/1166/1113 903/1165/1112 914/1169/1116
f 903/1165/1112 904/1168/1115 905/1171/1118
f 899/448/411 906/1174/1121 908/1172/1119
f 906/1174/1121 907/1179/1129 909/1175/1122
f 908/1172/1119 909/1175/1122 905/1171/1124
f 910/1176/1126 913/1178/1128 912/1177/1127
f 911/1170/1117 914/1169/1130 913/1178/1128
f 913/1178/1128 909/1175/1122 907/1179/1129
f 914/1169/1130 905/1171/1124 909/1175/1122
f 935/521/475 938/1182/1133 941/1180/1131
f 938/1182/1133 939/1191/1142 942/1183/1134
f 941/1180/1131 942/1183/1134 943/1185/1136
f 944/1186/1137 947/1190/1141 946/1187/1138
f 945/1189/1140 948/1192/1143 947/1190/1141
f 947/1190/1141 942/1183/1144 939/1191/1142
f 948/1192/1143 943/1185/1149 942/1183/1144
f 937/460/420 940/1842/1147 950/1193/1145
f 949/1194/1146 950/1193/1145 948/1192/1143
f 950/1193/1145 951/1184/2087 943/1185/1149
s 5
f 1002/1196/1150 1005/1199/1153 1008/1197/1151
f 1005/1199/1153 1006/1209/1163 1009/1200/1154
f 1007/1198/1152 1008/1197/1151 1019/1201/1155
f 1008/1197/1151 1009/1200/1154 1010/1203/1157
f 1011/1204/1158 1014/1208/1162 1013/1205/1159
f 1012/1207/1161 1015/1210/1164 1014/1208/1162
f 1014/1208/1162 1009/1200/1154 1006/1209/1163
f 1015/1210/1164 1010/1203/1157 1009/1200/1154
f 1004/1211/527 1016/2115/1167 1018/1212/1165
f 1017/1213/1166 1018/1212/1165 1015/1210/1169
f 1018/1212/1165 1019/1201/1168 1010/1203/1171
f 1040/707/635 1043/1216/1174 1045/1214/1172
f 1043/1216/1174 1050/2088/2088 1046/1217/1175
f 1044/1215/1173 1045/1214/1172 1057/1218/1176
f 1045/1214/1172 1046/1217/1175 1047/1220/1178
f 1041/1221/1179 1048/1224/1182 1051/1222/1180
f 1048/1224/1182 1049/1230/1949 1052/1225/1183
f 1051/1222/1180 1052/1225/1183 1047/1220/1185
f 1053/1226/1186 1056/1229/1189 1055/1227/1187
f 1054/1219/1177 1057/1218/1176 1056/1229/1189
f 1056/1229/1189 1052/1225/1191 1049/1230/1190
f 1057/1218/1176 1047/1220/1178 1052/1225/1191
f 1108/670/602 1117/2096/1194 1112/1231/1192
f 1111/1232/1193 1112/1231/1192 1124/1235/1196
f 1112/1231/1192 1113/1234/2089 1114/1237/1198
f 1109/637/577 1115/1240/1201 1118/1238/1199
f 1115/1240/1201 1116/1245/1208 1119/1241/1202
f 1118/1238/1199 1119/1241/1202 1114/1237/1204
f 1120/1242/1205 1123/1244/1207 1122/1243/1206
f 1121/1236/1197 1124/1235/1209 1123/1244/1207
f 1123/1244/1207 1119/1241/1202 1116/1245/1208
f 1124/1235/1209 1114/1237/1204 1119/1241/1202
f 1145/709/637 1148/1248/1212 1150/1246/1210
f 1148/1248/1212 1149/1258/1222 1151/1249/1213
f 1150/1246/1210 1151/1249/1213 1152/1251/1215
f 1153/1252/1217 1156/1256/1221 1155/1253/1218
f 1154/1255/1220 1157/1260/1223 1156/1256/1221
f 1156/1257/1221 1151/1249/1224 1149/1258/1222
f 1157/1260/1223 1152/1266/1229 1151/1261/1224
f 1147/649/586 1158/2085/1227 1160/1262/1225
f 1159/1263/1226 1160/1262/1225 1157/1260/1223
f 1160/1262/1225 1161/1265/1228 1152/1266/1229
s 1
f 222/25/22 1162/24/21 1164/1267/1230
f 225/1268/1231 1164/1267/1230 1165/1269/1232
f 224/1270/1234 1165/1269/1239 1166/1271/1235
f 1166/1273/1235 1163/141/121 221/182/158
f 1162/24/21 206/15/12 208/1275/1237
f 1164/1267/1230 208/1275/1237 209/1276/1238
f 1165/1269/1239 209/1276/1277 210/1277/1240
f 210/1278/1240 207/35/31 1163/141/121
f 1167/61/55 1169/1280/1242 230/1279/1241
f 1169/1280/1242 1170/1282/1248 229/1281/1243
f 1170/1282/1244 1171/1287/1250 228/1283/1245
f 228/1284/1245 1171/1288/1250 1168/119/104
f 211/193/167 213/1285/1247 1169/1280/1242
f 213/1285/1247 214/1286/1315 1170/1282/1248
f 214/1286/1249 215/1356/1317 1171/1287/1250
f 1171/1288/1250 215/1357/1317 212/18/15
f 1172/131/113 1174/1290/1252 205/1289/1251
f 1174/1290/1252 1175/1292/1257 204/1291/1253
f 1175/1292/1254 1176/1295/1258 203/1293/1255
f 203/1294/1255 1176/1296/1258 1173/4/4
f 222/25/22 225/1268/1231 1174/1290/1252
f 225/1268/1231 224/1270/1233 1175/1292/1257
f 224/1270/1234 223/1272/1236 1176/1295/1258
f 1176/1296/1258 223/1274/1236 221/182/158
f 217/160/137 1177/26/23 1179/1297/1259
f 220/1298/1260 1179/1297/1259 1180/1299/1261
f 219/1300/1263 1180/1299/1266 1181/1301/1264
f 1181/1303/1264 1178/23/20 216/10/8
f 1177/26/23 227/8/7 230/1279/1241
f 1179/1297/1259 230/1279/1241 229/1281/1243
f 1180/1299/1266 229/1281/1246 228/1283/1245
f 228/1284/1245 226/21/18 1178/23/20
f 232/161/138 1182/155/133 1184/1305/1267
f 235/1306/1268 1184/1305/1267 1185/1307/1269
f 234/1309/1271 1185/2116/1274 1186/1310/1272
f 1186/1310/1272 1183/12/10 231/29/25
f 1182/155/133 217/160/137 220/1298/1260
f 1184/1305/1267 220/1298/1260 219/1300/1262
f 1185/1307/1274 219/1300/1263 218/1302/1265
f 218/1304/1265 216/10/8 1183/12/10
f 206/15/12 1187/14/11 1189/1313/1275
f 208/1275/1237 1189/1313/1275 1190/1314/1276
f 209/1276/1277 1190/1314/1281 1191/1315/1278
f 1191/1316/1278 1188/33/29 207/35/31
f 1187/14/11 236/44/39 238/1317/1279
f 1189/1313/1275 238/1317/1279 239/1318/1280
f 1190/1314/1281 239/1318/1285 240/1319/1282
f 240/1320/1282 237/32/28 1188/33/29
f 236/44/39 1192/53/47 1194/1321/1283
f 238/1317/1279 1194/1321/1283 1195/1322/1284
f 239/1318/1285 1195/1322/1289 1196/1323/1286
f 1196/1324/1286 1193/30/26 237/32/28
f 1192/53/47 246/52/46 248/1325/1287
f 1194/1321/1283 248/1325/1287 249/1326/1288
f 1195/1322/1289 249/1326/1307 250/1327/1290
f 250/1328/1290 247/42/38 1193/30/26
f 242/194/168 1197/186/161 1199/1329/1291
f 245/1330/1292 1199/1329/1291 1200/1331/1293
f 244/1333/1295 1200/1336/1298 1201/1334/1296
f 1201/1334/1296 1198/37/33 241/39/35
f 1197/186/161 232/161/138 235/1306/1268
f 1199/1329/1291 235/1306/1268 234/1308/1270
f 1200/1336/1298 234/1309/1271 233/1311/1273
f 233/1311/1273 231/29/25 1198/37/33
f 1202/172/148 1204/1338/1300 273/1337/1299
f 1204/1338/1300 1205/1340/1302 272/1339/1301
f 1205/1340/1302 1206/1342/1304 271/1341/1303
f 1206/1342/1304 1203/135/115 269/1343/44
f 252/732/660 262/731/659 1204/1338/1300
f 262/731/659 255/735/663 1205/1340/1302
f 255/735/663 254/725/653 1206/1342/1304
f 254/725/653 251/722/650 1203/135/115
f 246/52/46 1207/154/132 1209/1344/1305
f 248/1325/1287 1209/1344/1305 1210/1345/1306
f 249/1326/1307 1210/1345/1309 1211/1346/1308
f 250/1328/1290 1211/1348/1308 1208/40/36
f 1207/154/132 270/170/146 273/1337/1299
f 1209/1344/1305 273/1337/1299 272/1339/1301
f 1210/1345/1309 272/1339/1301 271/1341/1303
f 271/1347/1303 269/49/44 1208/40/36
f 252/732/660 1212/171/147 1214/1349/1310
f 260/730/658 1214/1349/1310 1215/1350/1311
f 261/1351/670 1215/1353/1313 1216/1352/1312
f 266/738/666 1216/1352/1312 1213/46/41
f 1212/171/147 242/194/168 245/1330/1292
f 1214/1349/1310 245/1330/1292 244/1332/1294
f 1215/1353/1313 244/1333/1295 243/1335/1297
f 1216/1352/1312 243/1335/1297 241/39/35
f 1217/69/62 1219/1354/1314 213/1285/1247
f 1219/1354/1314 1220/1355/1319 214/1286/1315
f 1220/1355/1316 1221/1360/1321 215/1356/1317
f 215/1357/1317 1221/1361/1321 1218/164/140
f 279/130/112 281/1358/1318 1219/1354/1314
f 281/1358/1318 282/1359/1337 1220/1355/1319
f 282/1359/1320 283/1379/1339 1221/1360/1321
f 1221/1361/1321 283/1381/1339 280/58/52
f 1222/1/1 1224/1363/1323 278/1362/1322
f 1224/1363/1323 1225/1365/1328 277/1364/1324
f 1225/1365/1325 1226/1368/1329 276/1366/1326
f 276/1367/1326 1226/1369/1329 1223/54/48
f 202/3/3 205/1289/1251 1224/1363/1323
f 205/1289/1251 204/1291/1253 1225/1365/1328
f 204/1291/1256 203/1293/1255 1226/1368/1329
f 1226/1369/1329 203/1294/1255 201/16/13
f 291/757/688 1227/145/124 1229/1370/1330
f 302/755/686 1229/1370/1330 1230/1371/1331
f 303/746/677 1230/1371/1331 1231/1372/1332
f 293/742/673 1231/1372/1332 1228/120/105
f 1227/145/124 284/147/126 286/1373/1333
f 1229/1370/1330 286/1373/1333 287/1374/1334
f 1230/1371/1331 287/1374/1334 288/1375/1335
f 1231/1372/1332 288/1375/1335 285/1376/58
f 1232/146/125 1234/1377/1336 281/1358/1318
f 1234/1377/1336 1235/1378/1341 282/1359/1337
f 1235/1378/1338 1236/1382/1340 283/1379/1339
f 1236/1380/1340 1233/66/60 280/58/52
f 291/757/688 304/756/687 1234/1377/1336
f 304/756/687 298/759/690 1235/1378/1341
f 298/759/1342 297/751/682 1236/1382/1340
f 297/1383/682 290/748/679 1233/66/60
f 1237/148/127 1239/1384/1343 286/1373/1333
f 1239/1384/1343 1240/1385/1345 287/1374/1334
f 1240/1385/1344 1241/1387/1346 288/1375/1335
f 288/1386/1335 1241/1388/1346 1238/62/56
f 275/179/155 278/1362/1322 1239/1384/1343
f 278/1362/1322 277/1364/1324 1240/1385/1345
f 277/1364/1327 276/1366/1326 1241/1387/1346
f 276/1367/1326 274/56/50 1238/62/56
f 1242/144/123 1244/1390/1348 331/1389/1347
f 1244/1390/1348 1245/1392/1350 330/1391/1349
f 1245/1392/1350 1246/1394/1352 329/1393/1351
f 1246/1394/1352 1243/191/165 327/192/166
f 312/91/81 314/1395/1353 1244/1390/1348
f 314/1395/1353 315/1396/1354 1245/1392/1350
f 315/1396/1354 316/1397/1355 1246/1394/1352
f 316/1397/1355 313/190/164 1243/191/165
f 336/1399/1357 1249/1398/1356 1250/1400/1358
f 334/1403/1361 1251/1402/1360 1248/125/108
f 1247/84/74 317/88/78 319/1404/1362
f 1249/1398/1356 319/1404/1362 320/1405/1363
f 1250/1400/1358 320/1405/1363 321/1406/1364
f 1251/1402/1360 321/1406/1364 318/126/109
f 308/81/71 1252/72/64 1254/1407/1365
f 311/1408/1366 1254/1407/1365 1255/1409/1367
f 310/1410/1368 1255/1409/1367 1256/1411/1369
f 1252/72/64 328/71/63 331/1389/1347
f 1254/1407/1365 331/1389/1347 330/1391/1349
f 1255/1409/1367 330/1391/1349 329/1393/1351
f 1256/1411/1369 329/1393/1351 327/192/166
f 1257/86/76 1259/1414/1372 326/1413/1371
f 1259/1414/1372 1260/1416/1374 325/1415/1373
f 1260/1416/1374 1261/1418/1376 324/1417/1375
f 1261/1418/1376 1258/163/139 322/183/159
f 333/85/75 336/1399/1357 1259/1414/1372
f 336/1399/1357 335/1401/1359 1260/1416/1374
f 335/1401/1359 334/1403/1361 1261/1418/1376
f 334/1403/1361 332/128/111 1258/163/139
f 1262/77/68 1264/1420/1378 341/1419/1377
f 1265/1422/1380 1266/1424/1382 339/1423/1381
f 1266/1424/1382 1263/94/84 337/78/69
f 323/127/110 326/1413/1371 1264/1420/1378
f 326/1413/1371 325/1415/1373 1265/1422/1380
f 325/1415/1373 324/1417/1375 1266/1424/1382
f 324/1417/1375 322/183/159 1263/94/84
f 1267/92/82 1269/1425/1383 314/1395/1353
f 1269/1425/1383 1270/1426/1384 315/1396/1354
f 1270/1426/1384 1271/1427/1385 316/1397/1355
f 1271/1427/1385 1268/74/66 313/190/164
f 342/97/86 344/1428/1386 1269/1425/1383
f 344/1428/1386 345/1429/1387 1270/1426/1384
f 345/1429/1387 346/1430/1388 1271/1427/1385
f 346/1430/1388 343/140/120 1268/74/66
f 1272/98/87 1274/1431/1389 344/1428/1386
f 1274/1431/1389 1275/1432/1390 345/1429/1387
f 1275/1432/1390 1276/1433/1391 346/1430/1388
f 1276/1433/1391 1273/184/160 343/140/120
f 352/102/90 354/1434/1392 1274/1431/1389
f 354/1434/1392 355/1435/1393 1275/1432/1390
f 355/1435/1393 356/1436/1394 1276/1433/1391
f 356/1436/1394 353/181/157 1273/184/160
f 1277/93/83 1279/1438/1396 351/1437/1395
f 1279/1438/1396 1280/1440/1398 350/1439/1397
f 1280/1440/1398 1281/1442/1400 349/1441/1399
f 338/157/134 341/1419/1377 1279/1438/1396
f 341/1419/1377 340/1421/1379 1280/1440/1398
f 340/1421/1379 339/1423/1381 1281/1442/1400
f 339/1423/1381 337/78/69 1278/80/70
f 375/189/163 1282/2103/119 1284/1443/1401
f 378/1444/1402 1284/1443/1401 1285/1445/1403
f 377/1446/1404 1285/1445/1403 1286/1447/1405
f 376/1448/1406 1286/1447/1405 1283/174/150
f 1282/139/119 357/138/118 360/761/693
f 1284/1443/1401 360/765/693 370/767/697
f 1285/1445/1403 370/767/697 369/773/705
f 1286/1447/1405 369/773/705 359/175/151
f 1287/104/92 1289/1450/1407 354/1434/1392
f 1289/1450/1407 1290/1451/1408 355/1435/1393
f 1290/1451/1408 1291/1452/1409 356/1436/1394
f 1291/1452/1409 1288/158/135 353/181/157
f 375/189/163 378/1444/1402 1289/1450/1407
f 378/1444/1402 377/1446/1404 1290/1451/1408
f 377/1446/1404 376/1448/1406 1291/1452/1409
f 376/1448/1406 374/176/152 1288/158/135
f 1292/99/88 1294/1453/1410 364/771/701
f 1294/1453/1410 1295/1454/1411 365/776/708
f 1295/1454/1411 1296/1455/1412 371/774/706
f 1296/1455/1412 1293/173/149 359/175/151
f 351/1437/1395 350/1439/1397 1295/1454/1411
f 350/1439/1397 349/1441/1399 1296/1455/1412
f 319/1404/1362 1299/1456/1413 1300/1457/1414
f 320/1405/1363 1300/1457/1414 1301/1458/1415
f 321/1406/1364 1301/1458/1415 1298/168/144
f 1297/109/95 384/110/96 386/1459/1416
f 1299/1456/1413 386/1459/1416 387/1460/1417
f 1300/1457/1414 387/1460/1417 388/1461/1418
f 380/111/97 1302/82/72 1304/1462/1419
f 383/1463/1420 1304/1462/1419 1305/1464/1421
f 382/1465/1422 1305/1464/1421 1306/1466/1423
f 381/1467/1424 1306/1466/1423 1303/115/100
f 1302/82/72 308/81/71 311/1408/1366
f 1304/1462/1419 311/1408/1366 310/1410/1368
f 1305/1464/1421 310/1410/1368 309/1412/1370
f 1306/1466/1423 309/1412/1370 307/106/94
f 1307/124/107 1309/2117/1425 397/1468/712
f 1309/1469/1425 1310/1470/1426 398/790/722
f 1310/1470/1426 1311/1471/1427 404/786/718
f 1311/1471/1427 1308/152/131 395/787/719
f 389/118/103 391/1473/1428 1309/1469/1425
f 391/1473/1428 392/1474/1429 1310/1470/1426
f 392/1474/1429 393/1475/1430 1311/1471/1427
f 393/1475/1430 390/149/128 1308/152/131
f 384/110/96 1312/116/101 1314/1476/1431
f 386/1459/1416 1314/1476/1431 1315/1477/1432
f 388/1461/1418 1316/1478/1433 1313/151/130
f 1312/116/101 396/117/102 408/793/726
f 1315/1477/1432 403/788/720 402/785/717
f 1316/1478/1433 402/785/717 395/787/719
f 389/118/103 1317/112/98 1319/1479/1434
f 391/1473/1428 1319/1479/1434 1320/1480/1435
f 392/1474/1429 1320/1480/1435 1321/1481/1436
f 393/1475/1430 1321/1481/1436 1318/150/129
f 1317/112/98 380/111/97 383/1463/1420
f 1319/1479/1434 383/1463/1420 382/1465/1422
f 1320/1480/1435 382/1465/1422 381/1467/1424
f 1321/1481/1436 381/1467/1424 379/114/99
f 396/117/102 1322/67/61 1324/1482/1437
f 407/778/1438 1324/1486/1443 1323/177/153
f 1322/67/61 290/748/679 299/750/1440
f 1324/1486/1443 292/743/2090 289/178/154
f 253/48/43 1325/47/42 1327/1487/1444
f 1327/1489/1448 1326/136/116 251/722/650
f 1325/47/42 358/105/93 366/770/700
f 366/1490/1450 357/138/2091 1326/136/116
s 2
f 532/260/234 1328/259/233 1330/1491/1451
f 543/929/867 1330/1491/1451 1331/1492/1452
f 1331/1492/1452 1332/1493/1453 534/917/854
f 1332/1493/1453 1329/261/235 200/243/217
f 1328/259/233 547/275/249 552/934/873
f 1330/1491/1451 552/934/873 562/937/876
f 562/937/876 561/945/884 1332/1493/1453
f 561/945/884 549/301/275 1329/261/235
f 1333/253/227 1335/1494/1454 556/940/879
f 1335/1494/1454 1336/1496/1456 557/942/881
f 557/942/881 1336/1496/1456 1337/1495/1455
f 563/946/885 1337/1495/1455 1334/240/214
f 566/231/205 571/950/889 1335/1494/1454
f 571/950/889 581/953/892 1336/1496/1456
f 1336/1496/1456 581/953/892 580/962/902
f 1337/1495/1455 580/962/902 568/269/243
s 3
f 1338/1497/262 1340/1498/1457 575/959/897
f 1340/1498/1457 1341/1500/1460 576/965/1458
s 2
f 1341/1499/1459 1339/242/216 568/269/243
s 3
f 1338/1497/262 531/923/264 540/925/861
f 1340/1498/1457 540/925/861 1820/918/865
s 2
f 1341/1499/1459 533/919/856 200/243/1461
f 515/299/273 1342/296/270 1344/1501/1462
f 527/912/848 1344/1501/1462 1345/1502/1463
f 1345/1502/1463 1346/1503/1464 518/900/835
f 1346/1503/1464 1343/274/248 513/280/254
f 1342/296/270 548/254/228 558/941/880
f 1344/1501/1462 558/941/880 551/935/874
f 551/935/874 550/933/872 1346/1503/1464
s 3
f 1351/1508/225 1353/1509/1469 522/909/843
f 1353/1509/1469 1354/1511/1472 523/915/1470
s 2
f 1354/1510/1471 1352/230/204 515/299/273
s 3
f 1351/1508/225 567/956/274 577/958/896
f 1353/1509/1469 577/958/896 570/951/900
s 2
f 1354/1510/1471 569/949/888 566/231/205
f 438/818/1474 1357/1512/1473 1358/1513/1475
f 441/1516/1478 1359/1515/1477 1356/246/220
f 416/796/731 424/799/734 1358/1513/1475
f 423/808/742 413/244/218 1356/246/220
f 1362/1518/1480 423/809/742 420/805/740
f 1364/1520/1484 419/802/737 412/804/739
f 1365/315/289 1367/1522/1485 441/1521/1478
f 1368/1523/1487 1369/1524/1488 444/825/761
f 1365/315/289 447/216/190 453/1525/1479
f 1367/1522/1485 453/1525/1479 452/1526/1489
f 1369/1524/1488 451/836/1490 446/247/221
f 465/851/788 1370/298/272 1372/1527/1491
f 468/849/786 1372/1527/1491 1373/1528/1492
f 469/852/789 1373/1528/1492 1374/1529/1493
f 473/860/796 1374/1529/1493 1371/278/252
f 426/219/193 430/811/1494 1372/1527/1491
f 430/811/1494 1816/813/1495 1373/1528/1492
f 1816/813/1495 434/1530/1496 1374/1529/1493
f 434/1530/1496 428/276/250 1371/278/252
f 480/272/246 1375/262/236 1377/1531/1497
f 483/864/1498 1377/1531/1497 1378/1532/1499
f 1815/1533/1500 1378/1532/1499 1379/1534/1501
f 485/1535/1502 1379/1534/1501 1376/336/310
f 467/264/238 478/862/798 1377/1531/1497
f 478/862/798 474/857/794 1378/1532/1499
f 474/857/794 473/859/796 1379/1534/1501
f 473/859/796 466/320/294 1376/336/310
f 1380/208/182 1382/1537/1503 485/1536/1502
f 1382/1537/1503 1383/1538/1505 1815/871/1504
f 1383/1538/1505 1384/1539/1507 488/869/1506
f 1384/1539/1507 1381/267/241 482/270/244
f 1380/208/182 428/276/250 434/1540/1496
f 1382/1537/1503 434/1540/1496 433/816/1508
f 1383/1538/1505 433/816/1508 432/817/1509
f 1384/1539/1507 432/817/1509 427/265/239
f 1385/256/230 1387/1542/1511 463/1541/1510
f 1387/1542/1511 1388/1543/1513 1818/843/1512
f 1388/1543/1513 1389/1544/1514 459/839/775
f 1389/1544/1514 1386/293/267 455/341/315
f 1385/256/230 490/279/253 496/882/817
f 1387/1542/1511 496/882/817 493/875/809
f 1388/1543/1513 493/875/809 492/872/806
f 1389/1544/1514 492/872/806 489/874/808
f 1390/326/300 1392/1545/1515 496/879/817
f 1392/1545/1515 1393/1546/1521 498/886/1516
f 1393/1546/1517 1394/1547/1518 501/884/819
f 1394/1547/1518 1391/200/174 491/284/258
f 1390/326/300 504/327/301 509/1548/1519
f 1392/1545/1515 509/1548/1519 1819/1549/1520
f 1393/1546/1517 1819/1549/2092 506/887/822
f 1394/1547/1518 506/887/822 503/198/172
f 1395/340/314 1397/1551/1522 509/1550/1519
f 1397/1551/1522 1398/1552/1524 510/897/1523
f 1398/1552/1524 1399/1553/1525 512/894/829
f 1399/1553/1525 1396/285/259 505/291/265
f 1395/340/314 457/195/169 463/1554/1510
f 1397/1551/1522 463/1554/1510 464/1555/1526
f 1398/1552/1524 464/1555/1526 462/847/781
f 1399/1553/1525 462/847/781 456/844/780
f 586/981/307 1400/1559/306 1402/1556/1527
f 597/979/922 1402/1556/1527 1403/1557/1528
f 598/972/914 1403/1557/1528 1404/1558/1529
f 1407/1560/1530 1408/1561/1531 623/1013/956
f 1408/1561/1531 1409/1562/1532 629/1009/952
f 1409/1562/1532 1406/1563/196 620/1010/198
f 610/994/936 609/991/934 1409/1562/1532
f 609/991/934 602/993/308 1406/1563/196
f 1410/309/283 1412/1564/1533 592/976/918
f 1412/1564/1533 1413/1565/1534 593/983/926
f 1413/1565/1534 1414/1566/1535 599/980/923
f 1414/1566/1535 1411/1567/197 586/981/307
f 1410/309/283 621/1014/957 634/1016/959
f 1412/1564/1533 634/1016/959 628/1011/953
f 1413/1565/1534 628/1011/953 627/1008/951
f 1414/1566/1535 627/1008/951 620/1010/198
f 1415/1568/297 1417/1569/1536 649/1032/976
f 1417/1569/1536 1418/1570/1537 650/1024/968
f 1418/1570/1537 1419/1571/1538 641/1020/964
f 1419/1571/1538 1416/226/200 636/1021/965
f 655/1046/299 664/1045/989 1417/1569/1536
f 664/1045/989 658/1049/993 1418/1570/1537
f 658/1049/993 657/1039/981 1419/1571/1538
f 657/1039/981 654/339/313 1416/226/200
f 673/1067/312 1420/1575/311 1422/1572/1539
f 684/1065/1011 1422/1572/1539 1423/1573/1540
f 685/1059/1004 1423/1573/1540 1424/1574/1541
f 675/1055/1000 1424/1574/1541 1421/213/187
f 1420/1575/311 638/1034/295 651/1033/977
f 1422/1572/1539 651/1033/977 645/1029/973
f 1423/1573/1540 645/1029/973 644/1027/971
f 1424/1574/1541 644/1027/971 637/312/286
f 1425/311/285 1427/1576/1542 679/1063/1008
f 1427/1576/1542 1428/1577/1543 680/1069/1014
f 1428/1577/1543 1429/1578/1544 686/1066/1012
f 1429/1578/1544 1426/1579/298 673/1067/312
f 1425/311/285 656/310/284 669/1051/995
f 1427/1576/1542 669/1051/995 663/1047/990
f 1428/1577/1543 663/1047/990 662/1044/988
f 1429/1578/1544 662/1044/988 655/1046/299
f 1430/331/305 1432/1580/1545 692/1072/1017
f 1432/1580/1545 1433/1581/1546 693/1082/1027
f 1433/1581/1546 1434/1582/1547 700/1078/1024
f 1434/1582/1547 1431/1583/179 690/1079/189
f 707/330/304 712/1088/1035 1432/1580/1545
f 712/1088/1035 721/1091/1038 1433/1581/1546
f 721/1091/1038 720/1099/1046 1434/1582/1547
f 720/1099/1046 709/1101/177 1431/1583/179
f 708/302/276 1435/202/176 1437/1584/1548
f 715/1094/1041 1437/1584/1548 1438/1585/1549
f 716/1096/1043 1438/1585/1549 1439/1586/1550
f 722/1100/1047 1439/1586/1550 1436/1587/302
f 1435/202/176 725/201/175 730/1105/1050
f 1437/1584/1548 730/1105/1050 739/1109/1055
f 1438/1585/1549 739/1109/1055 738/1116/1065
f 1439/1586/1550 738/1116/1065 727/1118/303
f 1440/304/278 1442/1588/1551 733/1113/1059
f 1442/1588/1551 1443/1589/1552 734/1120/1069
f 1443/1589/1552 1444/1590/1553 740/1117/1066
f 1444/1590/1553 1441/1591/188 727/1118/303
f 1440/304/278 691/1084/1029 704/1086/1031
f 1442/1588/1551 704/1086/1031 699/1080/1025
f 1443/1589/1552 699/1080/1025 698/1077/1023
f 1444/1590/1553 698/1077/1023 690/1079/189
f 411/167/143 1445/166/142 1447/1592/1554
f 1447/1592/1554 1448/1593/1556 415/797/1555
f 1448/1593/1556 1449/1594/1557 421/803/738
f 1449/1594/1557 1446/237/211 412/804/739
f 1445/166/142 601/319/293 606/985/928
f 1447/1592/1554 606/985/928 615/988/931
f 615/988/931 614/998/939 1449/1594/1557
f 614/998/939 603/305/279 1446/237/211
f 621/1014/957 1450/308/282 1452/1595/1558
s 28
f 633/1005/1561 1452/1596/1565 1453/1597/1562
s 2
f 1453/1597/1564 1451/317/291 619/318/292
f 446/247/221 448/835/2093 1452/1595/1558
f 1453/1597/1564 448/830/2094 445/316/290
f 426/219/193 1454/221/195 1456/1598/1567
f 1457/1600/1572 1455/1601/1577 427/265/239
f 654/339/313 659/1038/980 1456/1598/1567
s 29
f 1456/1598/1570 659/1038/2095 668/1041/1574
s 2
f 1457/1600/1572 667/1052/1576 656/310/284
f 1458/1602/1578 1460/1605/1582 674/1056/1579
f 681/1062/1007 1460/1606/1583 1459/271/245
f 480/272/246 487/865/2096 1460/1605/1582
f 1460/1606/1583 487/868/2097 482/270/244
f 1461/283/257 1463/1608/1586 499/883/818
f 499/883/818 1463/1608/1586 1464/1607/1584
f 1464/1607/1584 1465/1609/1587 494/873/807
f 494/873/807 1465/1609/1587 1462/294/268
f 708/302/276 717/1095/1042 1463/1608/1586
f 1463/1608/1586 717/1095/1042 711/1089/1036
f 711/1089/1036 710/1087/1034 1465/1609/1587
f 1465/1609/1587 710/1087/1034 707/330/304
f 1466/286/260 1468/1612/1590 703/1610/1032
f 703/1075/1021 1468/1613/1591 1469/1611/1588
f 1469/1611/1589 1467/342/316 689/343/317
f 456/844/780 461/846/782 1468/1612/1590
f 1468/1613/1591 461/840/2098 458/838/1592
f 458/838/1593 455/341/315 1467/342/316
f 584/966/907 1470/281/255 1472/1614/1594
s 30
f 1472/1614/1596 1473/1616/1603 588/969/1597
s 2
f 1473/1615/1600 1471/234/208 585/307/281
f 1470/281/255 435/209/183 439/819/1601
s 30
f 1472/1614/1596 439/819/2099 443/823/1602
s 2
f 1473/1615/1600 443/824/760 437/235/209
f 467/264/238 1474/263/237 1476/1617/1604
f 1476/1617/1604 1477/1618/1606 477/854/1605
f 1477/1618/1606 1478/1619/1607 470/850/787
f 470/850/787 1478/1619/1607 1475/225/199
f 637/312/286 646/1028/972 1476/1617/1604
f 646/1028/972 640/1022/966 1477/1618/1606
f 640/1022/966 639/1019/963 1478/1619/1607
f 1478/1619/1607 639/1019/963 636/1021/965
f 505/291/265 1479/292/266 1481/1620/1608
s 31
f 511/892/1609 1481/1622/1615 1482/1621/1610
s 2
f 1482/1621/1611 1480/1623/1616 503/198/172
f 726/303/277 735/1112/1058 1481/1620/1608
s 31
f 729/1106/1614 728/1107/2100 1482/1621/1610
s 2
f 1482/1621/1611 728/1107/2084 725/201/175
s 4
f 763/368/339 1483/367/338 1485/1624/1617
f 766/1625/1618 1485/1624/1617 1486/1626/1619
f 765/1628/1621 1486/1633/1626 1487/1629/1622
f 1487/1629/1622 1484/482/439 762/523/477
f 1483/367/338 747/358/329 749/1631/1624
f 1485/1624/1617 749/1631/1624 750/1632/1625
f 1486/1633/1626 750/2118/1664 751/1634/1627
f 751/1634/1627 748/378/348 1484/482/439
f 1488/404/372 1490/1641/1629 771/1635/1628
f 1490/1636/1629 1491/1639/1635 770/1637/1630
f 1491/1639/1631 1492/1644/1637 769/1640/1632
f 769/1640/1632 1492/1644/1637 1489/462/422
f 752/534/486 754/1711/1634 1490/1641/1629
f 754/1642/1634 755/1643/1703 1491/1639/1635
f 755/1643/1636 756/1714/1705 1492/1644/1637
f 1492/1644/1637 756/1714/1705 753/361/332
f 1493/472/431 1495/1646/1639 746/1645/1638
f 1495/1646/1639 1496/1651/1644 745/1647/1640
f 1496/1648/1641 1497/1652/1645 744/1649/1642
f 744/1649/1642 1497/1652/1645 1494/347/321
f 763/368/339 766/1625/1618 1495/1646/1639
f 766/1625/1618 765/1627/1620 1496/1651/1644
f 765/1628/1621 764/1630/1623 1497/1652/1645
f 1497/1652/1645 764/1630/1623 762/523/477
f 758/501/456 1498/369/340 1500/1653/1646
f 761/1655/1647 1500/1660/1646 1501/1656/1648
f 760/1657/1650 1501/1656/1653 1502/1658/1651
f 1502/1658/1651 1499/366/337 757/353/325
f 1498/369/340 768/351/324 771/1635/1628
f 1500/1660/1646 771/1638/1628 770/1637/1630
f 1501/1656/1653 770/1637/1633 769/1640/1632
f 769/1640/1632 767/364/335 1499/366/337
f 773/502/457 1503/496/452 1505/1661/1654
f 776/1663/1655 1505/1668/1654 1506/1664/1656
f 775/1665/1658 1506/1664/1661 1507/1666/1659
f 1507/1666/1659 1504/355/327 772/372/342
f 1503/496/452 758/501/456 761/1654/1647
f 1505/1668/1654 761/1655/1647 760/1657/1649
f 1506/1664/1661 760/1657/1650 759/1659/1652
f 759/1659/1652 757/353/325 1504/355/327
f 747/358/329 1508/357/328 1510/1669/1662
f 749/1631/1624 1510/1669/1662 1511/1670/1663
f 750/1632/1664 1511/1670/1668 1512/1671/1665
f 1512/1673/1665 1509/376/346 748/378/348
f 1508/357/328 777/387/356 779/1674/1666
f 1510/1669/1662 779/1674/1666 780/1675/1667
f 1511/1670/1668 780/1675/1672 781/1676/1669
f 781/1677/1669 778/375/345 1509/376/346
f 777/387/356 1513/396/364 1515/1678/1670
f 779/1674/1666 1515/1678/1670 1516/1679/1671
f 780/1675/1672 1516/1679/1676 1517/1680/1673
f 1517/1681/1673 1514/373/343 778/375/345
f 1513/396/364 787/395/363 789/1682/1674
f 1515/1678/1670 789/1682/1674 790/1683/1675
f 1516/1679/1676 790/1683/1694 791/1684/1677
f 791/1685/1677 788/385/355 1514/373/343
f 783/535/487 1518/527/480 1520/1686/1678
f 786/1687/1679 1520/1686/1678 1521/1688/1680
f 785/1690/1682 1521/1694/1685 1522/1691/1683
f 1522/1691/1683 1519/380/350 782/382/352
f 1518/527/480 773/502/457 776/1662/1655
f 1520/1686/1678 776/1662/1655 775/1693/1657
f 1521/1694/1685 775/1665/1658 774/1667/1660
f 774/1667/1660 772/372/342 1519/380/350
f 1523/513/467 1525/1696/1687 814/1695/1686
f 1525/1696/1687 1526/1698/1689 813/1697/1688
f 1526/1698/1689 1527/1700/1691 812/1699/1690
f 1527/1700/1691 1524/476/433 810/1701/361
f 793/1131/1080 803/1130/1079 1525/1696/1687
f 803/1130/1079 796/1134/1083 1526/1698/1689
f 796/1134/1083 795/1124/1073 1527/1700/1691
f 795/1124/1073 792/1121/1070 1524/476/433
f 787/395/363 1528/495/451 1530/1702/1692
f 789/1682/1674 1530/1702/1696 1531/1703/1693
f 790/1683/1694 1531/1703/1697 1532/1704/1695
f 791/1685/1677 1532/1706/1695 1529/383/353
f 1528/495/451 811/511/465 814/1695/1686
f 1530/1702/1696 814/1695/1686 813/1697/1688
f 1531/1703/1697 813/1697/1688 812/1699/1690
f 812/1705/1690 810/392/361 1529/383/353
f 793/1131/1080 1533/512/466 1535/1707/1698
f 801/1129/1078 1535/1707/1698 1536/1708/1699
f 802/1141/1090 1536/1710/1701 1537/1709/1700
f 807/1137/1086 1537/1709/1700 1534/389/358
f 1533/512/466 783/535/487 786/1687/1679
f 1535/1707/1698 786/1687/1679 785/1689/1681
f 1536/1710/1701 785/1690/1682 784/1692/1684
f 1537/1709/1700 784/1692/1684 782/382/352
f 1538/412/379 1540/1715/1702 754/1711/1634
f 1540/1712/1702 1541/1713/1707 755/1643/1703
f 1541/1713/1704 1542/1718/1709 756/1714/1705
f 756/1714/1705 1542/1718/1709 1539/505/459
f 820/471/430 822/1735/1706 1540/1715/1702
f 822/1716/1706 823/1717/1725 1541/1713/1707
f 823/1717/1708 824/1738/1727 1542/1718/1709
f 1542/1718/1709 824/1738/1727 821/401/369
f 1543/344/318 1545/1720/1711 819/1719/1710
f 1545/1720/1711 1546/1725/1716 818/1721/1712
f 1546/1722/1713 1547/1726/1717 817/1723/1714
f 817/1723/1714 1547/1726/1717 1544/397/365
f 743/346/320 746/1645/1638 1545/1720/1711
f 746/1645/1638 745/1647/1640 1546/1725/1716
f 745/1650/1643 744/1649/1642 1547/1726/1717
f 1547/1726/1717 744/1649/1642 742/359/330
f 832/1160/1108 1548/486/442 1550/1727/1718
f 843/1158/1106 1550/1727/1718 1551/1728/1719
f 844/1149/1097 1551/1728/1719 1552/1729/1720
f 834/1145/1093 1552/1729/1720 1549/1730/423
f 1548/486/442 825/488/444 827/1731/1721
f 1550/1727/1718 827/1731/1721 828/1732/1722
f 1551/1728/1719 828/1732/1722 829/1733/1723
f 1552/1734/1720 829/1745/1723 826/407/375
f 1553/487/443 1555/1740/1724 822/1735/1706
f 1555/1736/1724 1556/1737/1729 823/1717/1725
f 1556/1737/1726 1557/1739/1728 824/1738/1727
f 1557/1739/1728 1554/409/377 821/401/369
f 832/1160/1108 845/1159/1107 1555/1740/1724
f 845/1741/1107 839/1742/1110 1556/1737/1729
f 839/1742/1730 838/1154/1102 1557/1739/1728
f 838/1154/1102 831/1151/1099 1554/409/377
f 1558/489/445 1560/1743/1731 827/1731/1721
f 1560/1743/1731 1561/1747/1733 828/1732/1722
f 1561/1744/1732 1562/1748/1734 829/1745/1723
f 829/1745/1723 1562/1748/1734 1559/405/373
f 816/520/474 819/1719/1710 1560/1743/1731
f 819/1719/1710 818/1721/1712 1561/1747/1733
f 818/1724/1715 817/1723/1714 1562/1748/1734
f 817/1723/1714 815/399/367 1559/405/373
f 1563/485/441 1565/1750/1736 872/1749/1735
f 1565/1750/1736 1566/1752/1738 871/1751/1737
f 1566/1752/1738 1567/1754/1740 870/1753/1739
f 1567/1754/1740 1564/532/484 868/533/485
f 853/434/398 855/1755/1741 1565/1750/1736
f 855/1755/1741 856/1756/1742 1566/1752/1738
f 856/1756/1742 857/1757/1743 1567/1754/1740
f 857/1757/1743 854/531/483 1564/532/484
f 874/428/392 1568/427/391 1570/1758/1744
f 877/1759/1745 1570/1758/1744 1571/1760/1746
f 876/1761/1747 1571/1760/1746 1572/1762/1748
f 875/1763/1749 1572/1762/1748 1569/466/426
f 1568/427/391 858/431/395 860/1764/1750
f 1570/1758/1744 860/1764/1750 861/1765/1751
f 1571/1760/1746 861/1765/1751 862/1766/1752
f 1572/1762/1748 862/1766/1752 859/467/427
f 849/424/388 1573/415/381 1575/1767/1753
f 852/1768/1754 1575/1767/1753 1576/1769/1755
f 851/1770/1756 1576/1769/1755 1577/1771/1757
f 850/1772/1758 1577/1771/1757 1574/483/440
f 1573/415/381 869/414/380 872/1749/1735
f 1575/1767/1753 872/1749/1735 871/1751/1737
f 1576/1769/1755 871/1751/1737 870/1753/1739
f 1577/1771/1757 870/1753/1739 868/533/485
f 1578/429/393 1580/1774/1760 867/1773/1759
f 1580/1774/1760 1581/1776/1762 866/1775/1761
f 1581/1776/1762 1582/1778/1764 865/1777/1763
f 1582/1778/1764 1579/504/458 863/524/478
f 874/428/392 877/1759/1745 1580/1774/1760
f 877/1759/1745 876/1761/1747 1581/1776/1762
f 876/1761/1747 875/1763/1749 1582/1778/1764
f 875/1763/1749 873/469/429 1579/504/458
f 1583/420/385 1585/1780/1766 882/1779/1765
f 1585/1780/1766 1586/1782/1768 881/1781/1767
f 1586/1782/1768 1587/1784/1770 880/1783/1769
f 1587/1784/1770 1584/437/401 878/421/386
f 864/468/428 867/1773/1759 1585/1780/1766
f 867/1773/1759 866/1775/1761 1586/1782/1768
f 866/1775/1761 865/1777/1763 1587/1784/1770
f 865/1777/1763 863/524/478 1584/437/401
f 1588/435/399 1590/1785/1771 855/1755/1741
f 1590/1785/1771 1591/1786/1772 856/1756/1742
f 1591/1786/1772 1592/1787/1773 857/1757/1743
f 1592/1787/1773 1589/417/383 854/531/483
f 883/440/403 885/1788/1774 1590/1785/1771
f 885/1788/1774 886/1789/1775 1591/1786/1772
f 886/1789/1775 887/1790/1776 1592/1787/1773
f 887/1790/1776 884/481/438 1589/417/383
f 1593/441/404 1595/1791/1777 885/1788/1774
f 1595/1791/1777 1596/1792/1778 886/1789/1775
f 1596/1792/1778 1597/1793/1779 887/1790/1776
f 1597/1793/1779 1594/525/479 884/481/438
f 893/445/408 895/1794/1780 1595/1791/1777
f 895/1794/1780 896/1795/1781 1596/1792/1778
f 896/1795/1781 897/1796/1782 1597/1793/1779
f 897/1796/1782 894/522/476 1594/525/479
f 1598/436/400 1600/1798/1784 892/1797/1783
f 1600/1798/1784 1601/1800/1786 891/1799/1785
f 1601/1800/1786 1602/1802/1788 890/1801/1787
f 1602/1802/1788 1599/423/387 888/444/407
f 879/498/453 882/1779/1765 1600/1798/1784
f 882/1779/1765 881/1781/1767 1601/1800/1786
f 881/1781/1767 880/1783/1769 1602/1802/1788
f 880/1783/1769 878/421/386 1599/423/387
f 916/530/482 1603/2104/437 1605/1803/1789
f 919/1804/1790 1605/1803/1789 1606/1805/1791
f 918/1806/1792 1606/1805/1791 1607/1807/1793
f 917/1808/1794 1607/1807/1793 1604/515/469
f 1603/480/437 898/479/436 902/1809/1113
f 1605/1803/1789 902/1166/1113 911/1170/1117
f 1606/1805/1791 911/1170/1117 910/1176/1126
f 1607/1807/1793 910/1176/1126 900/516/470
f 1608/447/410 1610/1811/1795 895/1794/1780
f 1610/1811/1795 1611/1812/1796 896/1795/1781
f 1611/1812/1796 1612/1813/1797 897/1796/1782
f 1612/1813/1797 1609/499/454 894/522/476
f 916/530/482 919/1804/1790 1610/1811/1795
f 919/1804/1790 918/1806/1792 1611/1812/1796
f 918/1806/1792 917/1808/1794 1612/1813/1797
f 917/1808/1794 915/517/471 1609/499/454
f 1613/442/405 1615/1814/1798 906/1174/1121
f 1615/1814/1798 1616/1815/1799 907/1179/1129
f 1616/1815/1799 1617/1816/1800 912/1177/1127
f 1617/1816/1800 1614/514/468 900/516/470
f 889/528/481 892/1797/1783 1615/1814/1798
f 892/1797/1783 891/1799/1785 1616/1815/1799
f 891/1799/1785 890/1801/1787 1617/1816/1800
f 890/1801/1787 888/444/407 1614/514/468
f 858/431/395 1618/452/413 1620/1817/1801
f 860/1764/1750 1620/1817/1801 1621/1818/1802
f 861/1765/1751 1621/1818/1802 1622/1819/1803
f 862/1766/1752 1622/1819/1803 1619/509/463
f 1618/452/413 925/453/414 927/1820/1804
f 1620/1817/1801 927/1820/1804 928/1821/1805
f 1621/1818/1802 928/1821/1805 929/1822/1806
f 1622/1819/1803 929/1822/1806 926/473/432
f 921/454/415 1623/425/389 1625/1823/1807
f 924/1824/1808 1625/1823/1807 1626/1825/1809
f 923/1826/1810 1626/1825/1809 1627/1827/1811
f 922/1828/1812 1627/1827/1811 1624/458/418
f 1623/425/389 849/424/388 852/1768/1754
f 1625/1823/1807 852/1768/1754 851/1770/1756
f 1626/1825/1809 851/1770/1756 850/1772/1758
f 1627/1827/1811 850/1772/1758 848/449/412
f 1628/465/425 1630/1829/1813 938/1182/1133
f 1630/1829/1813 1631/1830/1814 939/1191/1142
f 1631/1830/1814 1632/1831/1815 946/1187/1138
f 1632/1831/1815 1629/493/449 936/1188/1139
f 930/461/421 932/1832/1816 1630/1829/1813
f 932/1832/1816 933/1833/1817 1631/1830/1814
f 933/1833/1817 934/1834/1818 1632/1831/1815
f 934/1834/1818 931/490/446 1629/493/449
f 925/453/414 1633/459/419 1635/1835/1819
f 927/1820/1804 1635/1835/1819 1636/1836/1820
f 928/1821/1805 1636/1836/1820 1637/1837/1821
f 929/1822/1806 1637/1837/1821 1634/492/448
f 1633/459/419 937/460/420 949/1194/1146
f 1635/1835/1819 949/1194/1146 945/1189/1140
f 1636/1836/1820 945/1189/1140 944/1186/1137
f 1637/1837/1821 944/1186/1137 936/1188/1139
f 930/461/421 1638/455/416 1640/1838/1822
f 932/1832/1816 1640/1838/1822 1641/1839/1823
f 933/1833/1817 1641/1839/1823 1642/1840/1824
f 934/1834/1818 1642/1840/1824 1639/491/447
f 1638/455/416 921/454/415 924/1824/1808
f 1640/1838/1822 924/1824/1808 923/1826/1810
f 1641/1839/1823 923/1826/1810 922/1828/1812
f 1642/1840/1824 922/1828/1812 920/457/417
f 937/460/420 1643/410/378 1645/1841/1825
f 940/1843/1132 1645/1848/1829 1644/1844/472
f 1643/410/378 831/1151/1099 840/1153/1826
f 1645/1848/1829 833/1146/2101 830/1143/473
f 794/391/360 1646/390/359 1648/1849/1830
f 1648/1853/1834 1647/477/434 792/1121/1070
f 899/448/411 901/1173/1120 1648/1849/1830
f 901/1854/1114 898/479/436 1647/477/434
s 5
f 973/557/506 1649/556/505 1651/1855/1836
f 976/1857/1837 1651/1863/1836 1652/1858/1838
f 975/1859/1840 1652/1858/1845 1653/1860/1841
f 1653/1860/1841 1650/673/605 972/711/639
f 1649/556/505 957/547/496 959/1862/1843
f 1651/1863/1836 959/1901/1843 960/1864/1844
f 1652/1858/1845 960/1864/1883 961/1865/1846
f 961/1865/1846 958/567/515 1650/673/605
f 1654/593/539 1656/1867/1848 981/1866/1847
f 1656/1867/1848 1657/1869/1854 980/1868/1849
f 1657/1869/1850 1658/1874/1856 979/1870/1851
f 979/1871/1851 1658/1875/1856 1655/651/588
f 962/720/648 964/1872/1853 1656/1867/1848
f 964/1872/1853 965/1873/1922 1657/1869/1854
f 965/1873/1855 966/1944/1924 1658/1874/1856
f 1658/1875/1856 966/1945/1924 963/550/499
f 1659/663/597 1661/1882/1858 956/1876/1857
f 1661/1877/1858 1662/1880/1863 955/1878/1859
f 1662/1880/1860 1663/1883/1864 954/1881/1861
f 954/1881/1861 1663/1883/1864 1660/536/488
f 973/557/506 976/1856/1837 1661/1882/1858
f 976/1857/1837 975/1859/1839 1662/1880/1863
f 975/1859/1840 974/1861/1842 1663/1883/1864
f 1663/1883/1864 974/1861/1842 972/711/639
f 968/692/621 1664/558/507 1666/1884/1865
f 971/1885/1866 1666/1884/1865 1667/1886/1867
f 970/1887/1869 1667/1886/1872 1668/1888/1870
f 1668/1890/1870 1665/555/504 967/542/492
f 1664/558/507 978/540/491 981/1866/1847
f 1666/1884/1865 981/1866/1847 980/1868/1849
f 1667/1886/1872 980/1868/1852 979/1870/1851
f 979/1871/1851 977/553/502 1665/555/504
f 983/693/622 1669/687/617 1671/1892/1873
f 986/1893/1874 1671/1892/1873 1672/1894/1875
f 985/1895/1877 1672/1894/1880 1673/1896/1878
f 1673/1898/1878 1670/544/494 982/561/509
f 1669/687/617 968/692/621 971/1885/1866
f 1671/1892/1873 971/1885/1866 970/1887/1868
f 1672/1894/1880 970/1887/1869 969/1889/1871
f 969/1891/1871 967/542/492 1670/544/494
f 957/547/496 1674/546/495 1676/1900/1881
f 959/1901/1843 1676/1905/1881 1677/1902/1882
f 960/1864/1883 1677/1902/1887 1678/1903/1884
f 1678/1903/1884 1675/565/513 958/567/515
f 1674/546/495 987/576/523 989/1904/1885
f 1676/1905/1881 989/1909/1885 990/1906/1886
f 1677/1902/1887 990/1906/1891 991/1907/1888
f 991/1907/1888 988/564/512 1675/565/513
f 987/576/523 1679/585/531 1681/1908/1889
f 989/1909/1885 1681/2119/1889 1682/1910/1890
f 990/1906/1891 1682/1910/1895 1683/1911/1892
f 1683/1911/1892 1680/562/510 988/564/512
f 1679/585/531 997/584/530 999/1912/1893
f 1681/1908/1889 999/1912/1893 1000/1913/1894
f 1682/1910/1895 1000/1935/1913 1001/1915/1896
f 1001/1915/1896 998/574/522 1680/562/510
f 993/721/649 1684/714/642 1686/1916/1897
f 996/1917/1898 1686/1916/1897 1687/1918/1899
f 995/1919/1901 1687/1918/1904 1688/1920/1902
f 1688/1920/1902 1685/1923/517 992/1922/519
f 1684/714/642 983/693/622 986/1893/1874
f 1686/1916/1897 986/1893/1874 985/1895/1876
f 1687/1918/1904 985/1895/1877 984/1897/1879
f 984/1897/1879 982/2120/509 1685/1923/517
f 1689/701/629 1691/1925/1906 1024/1924/1905
f 1691/1925/1906 1692/1927/1908 1023/1926/1907
f 1692/1927/1908 1693/1931/1910 1022/1928/1909
f 1693/1929/1910 1690/667/599 1020/581/528
f 1003/1206/1160 1013/1205/1159 1691/1925/1906
f 1013/1205/1159 1006/1209/1163 1692/1927/1908
f 1006/1209/1163 1005/1199/1153 1693/1931/1910
f 1005/1932/1153 1002/2094/1150 1690/667/599
f 997/584/530 1694/686/616 1696/1933/1911
f 999/1912/1893 1696/1933/1915 1697/1934/1912
f 1000/1935/1913 1697/1937/1916 1698/1936/1914
f 1001/1915/1896 1698/1936/1914 1695/572/520
f 1694/686/616 1021/699/627 1024/1924/1905
f 1696/1933/1915 1024/1924/1905 1023/1926/1907
f 1697/1937/1916 1023/2121/1907 1022/1930/1909
f 1022/1930/1909 1020/581/528 1695/572/520
f 1003/1206/1160 1699/700/628 1701/1938/1917
f 1011/1204/1158 1701/1938/1917 1702/1939/1918
f 1012/1207/1170 1702/1939/1920 1703/1940/1919
f 1017/1213/1166 1703/1940/1919 1700/1941/525
f 1699/700/628 993/721/649 996/1917/1898
f 1701/1938/1917 996/1917/1898 995/1919/1900
f 1702/1939/1920 995/1919/1901 994/1921/1903
f 1703/1940/1919 994/1921/1903 992/1922/519
f 1704/601/546 1706/1942/1921 964/1872/1853
f 1706/1942/1921 1707/1943/1926 965/1873/1922
f 1707/1943/1923 1708/1948/1928 966/1944/1924
f 966/1945/1924 1708/1949/1928 1705/696/624
f 1030/662/596 1032/1946/1925 1706/1942/1921
f 1032/1946/1925 1033/1947/1944 1707/1943/1926
f 1033/1947/1927 1034/1967/1946 1708/1948/1928
f 1708/1949/1928 1034/1969/1946 1031/590/536
f 1709/506/460 1711/1956/1930 1029/1950/1929
f 1711/1951/1930 1712/1954/1935 1028/1952/1931
f 1712/1954/1932 1713/1957/1936 1027/1955/1933
f 1027/1955/1933 1713/1957/1936 1710/586/532
f 953/508/462 956/1876/1857 1711/1956/1930
f 956/1879/1857 955/1878/1859 1712/1954/1935
f 955/1878/1862 954/1881/1861 1713/1957/1936
f 1713/1957/1936 954/1881/1861 952/548/497
f 1042/1228/1188 1714/677/608 1716/1958/1937
f 1053/1226/1186 1716/1958/1937 1717/1959/1938
f 1054/1219/1177 1717/1959/1938 1718/1960/1939
f 1044/1215/1173 1718/1960/1939 1715/652/589
f 1714/677/608 1035/679/610 1037/1961/1940
f 1716/1958/1937 1037/1961/1940 1038/1962/1941
f 1717/1959/1938 1038/1962/1941 1039/1963/1942
f 1718/1960/1939 1039/1963/1942 1036/1964/542
f 1719/678/609 1721/1965/1943 1032/1946/1925
f 1721/1965/1943 1722/1966/1948 1033/1947/1944
f 1722/1966/1945 1723/1970/1947 1034/1967/1946
f 1723/1968/1947 1720/598/544 1031/590/536
f 1042/1228/1188 1055/1227/1187 1721/1965/1943
f 1055/1227/1187 1049/1230/1190 1722/1966/1948
f 1049/1230/1949 1048/1224/1182 1723/1970/1947
f 1048/1971/1182 1041/2105/1179 1720/598/544
f 1724/680/611 1726/1977/1950 1037/1961/1940
f 1726/1972/1950 1727/1975/1952 1038/1973/1941
f 1727/1975/1951 1728/1978/1953 1039/1976/1942
f 1039/1976/1942 1728/1978/1953 1725/594/540
f 1026/708/636 1029/1950/1929 1726/1977/1950
f 1029/1953/1929 1028/1952/1931 1727/1975/1952
f 1028/1952/1934 1027/1955/1933 1728/1978/1953
f 1027/1955/1933 1025/588/534 1725/594/540
f 1729/676/607 1731/1980/1955 1082/1979/1954
f 1731/1980/1955 1732/1982/1957 1081/1981/1956
f 1732/1982/1957 1733/1984/1959 1080/1983/1958
f 1733/1984/1959 1730/718/646 1078/719/647
f 1063/623/565 1065/1985/1960 1731/1980/1955
f 1065/1985/1960 1066/1986/1961 1732/1982/1957
f 1066/1986/1961 1067/1987/1962 1733/1984/1959
f 1067/1987/1962 1064/717/645 1730/718/646
f 1084/617/559 1734/616/558 1736/1988/1963
f 1087/1989/1964 1736/1988/1963 1737/1990/1965
f 1086/1991/1966 1737/1990/1965 1738/1992/1967
f 1085/1993/1968 1738/1992/1967 1735/657/592
f 1734/616/558 1068/620/562 1070/1994/1969
f 1736/1988/1963 1070/1994/1969 1071/1995/1970
f 1737/1990/1965 1071/1995/1970 1072/1996/1971
f 1738/1992/1967 1072/1996/1971 1069/658/593
f 1059/613/555 1739/604/548 1741/1997/1972
f 1062/1998/1973 1741/1997/1972 1742/1999/1974
f 1061/2001/1975 1742/2005/1974 1743/2002/1976
f 1060/2004/1977 1743/2007/1976 1740/674/606
f 1739/604/548 1079/603/547 1082/1979/1954
f 1741/1997/1972 1082/1979/1954 1081/1981/1956
f 1742/2005/1974 1081/2122/1956 1080/2006/1958
f 1743/2007/1976 1080/1983/1958 1078/719/647
f 1744/618/560 1746/2009/1979 1077/2008/1978
f 1746/2009/1979 1747/2011/1981 1076/2010/1980
f 1747/2011/1981 1748/2013/1983 1075/2012/1982
f 1748/2013/1983 1745/695/623 1073/712/640
f 1084/617/559 1087/1989/1964 1746/2009/1979
f 1087/1989/1964 1086/1991/1966 1747/2011/1981
f 1086/1991/1966 1085/1993/1968 1748/2013/1983
f 1085/1993/1968 1083/660/595 1745/695/623
f 1749/609/552 1751/2015/1985 1092/2014/1984
f 1751/2015/1985 1752/2017/1987 1091/2016/1986
f 1752/2017/1987 1753/2019/1989 1090/2018/1988
f 1753/2019/1989 1750/626/568 1088/610/553
f 1074/659/594 1077/2008/1978 1751/2015/1985
f 1077/2008/1978 1076/2010/1980 1752/2017/1987
f 1076/2010/1980 1075/2012/1982 1753/2019/1989
f 1075/2012/1982 1073/712/640 1750/626/568
f 1754/624/566 1756/2020/1990 1065/1985/1960
f 1756/2020/1990 1757/2021/1991 1066/1986/1961
f 1757/2021/1991 1758/2022/1992 1067/1987/1962
f 1758/2022/1992 1755/606/550 1064/717/645
f 1093/629/570 1095/2023/1993 1756/2020/1990
f 1095/2023/1993 1096/2024/1994 1757/2021/1991
f 1096/2024/1994 1097/2025/1995 1758/2022/1992
f 1097/2025/1995 1094/672/604 1755/606/550
f 1759/630/571 1761/2026/1996 1095/2023/1993
f 1761/2026/1996 1762/2027/1997 1096/2024/1994
f 1762/2027/1997 1763/2028/1998 1097/2025/1995
f 1763/2028/1998 1760/713/641 1094/672/604
f 1103/634/574 1105/2029/1999 1761/2026/1996
f 1105/2029/1999 1106/2030/2000 1762/2027/1997
f 1106/2030/2000 1107/2031/2001 1763/2028/1998
f 1107/2031/2001 1104/710/638 1760/713/641
f 1764/625/567 1766/2033/2003 1102/2032/2002
f 1766/2033/2003 1767/2035/2005 1101/2034/2004
f 1767/2035/2005 1768/2037/2007 1100/2036/2006
f 1768/2037/2007 1765/612/554 1098/633/573
f 1089/689/618 1092/2014/1984 1766/2033/2003
f 1092/2014/1984 1091/2016/1986 1767/2035/2005
f 1091/2016/1986 1090/2018/1988 1768/2037/2007
f 1090/2018/1988 1088/610/553 1765/612/554
f 1126/716/644 1769/671/603 1771/2038/2008
f 1129/2039/2009 1771/2038/2008 1772/2040/2010
f 1128/2041/2011 1772/2040/2010 1773/2042/2012
f 1127/2043/2013 1773/2042/2012 1770/703/631
f 1769/671/603 1108/670/602 1111/1232/1193
f 1771/2038/2008 1111/1232/1193 1121/1236/1197
f 1772/2040/2010 1121/1236/1197 1120/1242/1205
f 1773/2042/2012 1120/1242/1205 1110/704/632
f 1774/636/576 1776/2044/2014 1105/2029/1999
f 1776/2044/2014 1777/2045/2015 1106/2030/2000
f 1777/2045/2015 1778/2046/2016 1107/2031/2001
f 1778/2046/2016 1775/690/619 1104/710/638
f 1126/716/644 1129/2039/2009 1776/2044/2014
f 1129/2039/2009 1128/2041/2011 1777/2045/2015
f 1128/2041/2011 1127/2043/2013 1778/2046/2016
f 1127/2043/2013 1125/705/633 1775/690/619
f 1779/631/572 1781/2047/2017 1115/1240/1201
f 1781/2047/2017 1782/2048/2018 1116/1245/1208
f 1782/2048/2018 1783/2049/2019 1122/1243/1206
f 1783/2049/2019 1780/702/630 1110/704/632
f 1099/715/643 1102/2032/2002 1781/2047/2017
f 1102/2032/2002 1101/2034/2004 1782/2048/2018
f 1101/2034/2004 1100/2036/2006 1783/2049/2019
f 1100/2036/2006 1098/633/573 1780/702/630
f 1068/620/562 1784/641/579 1786/2050/2020
f 1070/1994/1969 1786/2050/2020 1787/2051/2021
f 1071/1995/1970 1787/2051/2021 1788/2052/2022
f 1072/1996/1971 1788/2052/2022 1785/697/625
f 1784/641/579 1135/642/580 1137/2053/2023
f 1786/2050/2020 1137/2053/2023 1138/2054/2024
f 1787/2051/2021 1138/2054/2024 1139/2055/2025
f 1788/2052/2022 1139/2055/2025 1136/664/598
f 1131/643/581 1789/614/556 1791/2056/2026
f 1134/2057/2027 1791/2056/2026 1792/2058/2028
f 1133/2060/2029 1792/2064/2028 1793/2061/2030
f 1132/2063/2031 1793/2065/2030 1790/647/584
f 1789/614/556 1059/613/555 1062/1998/1973
f 1791/2056/2026 1062/1998/1973 1061/2000/1975
f 1792/2064/2028 1061/2001/1975 1060/2003/1977
f 1793/2065/2030 1060/2004/1977 1058/638/578
f 1794/656/591 1796/2066/2032 1148/1248/1212
f 1796/2066/2032 1797/2067/2033 1149/1258/1222
f 1797/2067/2033 1798/2068/2034 1155/1259/1218
f 1798/2068/2034 1795/2123/615 1146/2069/1219
f 1140/655/587 1142/2070/2035 1796/2066/2032
f 1142/2070/2035 1143/2071/2036 1797/2067/2033
f 1143/2071/2036 1144/2081/2037 1798/2068/2034
f 1144/2072/2037 1141/681/612 1795/684/615
f 1135/642/580 1799/648/585 1801/2074/2038
f 1137/2053/2023 1801/2074/2038 1802/2075/2039
f 1138/2054/2024 1802/2075/2039 1803/2076/2040
f 1139/2055/2025 1803/2076/2040 1800/683/614
f 1799/648/585 1147/649/586 1159/1263/1226
f 1801/2074/2038 1159/1263/1226 1154/1255/1220
f 1802/2075/2039 1154/1255/1220 1153/1252/1217
f 1803/2076/2040 1153/1252/1217 1146/1254/1219
f 1140/650/587 1804/644/582 1806/2077/2041
f 1142/2070/2035 1806/2082/2041 1807/2079/2042
f 1143/2071/2036 1807/2079/2042 1808/2080/2043
f 1144/2072/2037 1808/2083/2043 1805/682/613
f 1804/644/582 1131/643/581 1134/2057/2027
f 1806/2082/2041 1134/2124/2027 1133/2060/2029
f 1807/2079/2042 1133/2060/2029 1132/2062/2031
f 1808/2083/2043 1132/2063/2031 1130/646/583
f 1147/649/586 1809/599/545 1811/2084/2044
f 1158/1247/2045 1811/2089/2050 1810/706/634
f 1809/599/545 1041/2105/1179 1050/2086/2047
f 1811/2089/2050 1043/1216/2102 1040/707/635
f 1004/580/527 1812/579/526 1814/2090/2051
f 1814/2093/2054 1813/668/600 1002/2094/1150
f 1812/579/526 1109/637/577 1117/1239/1200
f 1117/2096/2056 1108/670/2103 1813/668/600
