# Blender 5.2.2 LTS
# www.blender.org
mtllib esquina_05.mtl
g esquina_05_Holocron.005
v 5.011430 -3.003288 3.769618
v 5.004423 -4.131751 2.519768
v 5.009832 -3.438708 3.385621
v 5.007402 -3.821028 2.957115
v 5.000341 -4.406510 2.005443
v 5.014112 -2.451285 4.136332
v 5.123048 -2.998821 3.764410
v 5.116037 -4.127284 2.514560
v 5.121446 -3.434241 3.380413
v 5.119016 -3.816560 2.951907
v 5.111955 -4.402044 2.000234
v 5.125730 -2.446818 4.131124
v 5.069223 -2.234203 4.009528
v 5.064611 -2.855461 3.614354
v 5.063016 -3.291113 3.230603
v 5.069868 -3.146649 3.919675
v 5.070615 -2.663901 4.257929
v 5.059232 -4.526172 2.208254
v 5.062860 -4.275180 2.669895
v 5.068265 -3.581834 3.535431
v 5.057600 -3.983854 2.364433
v 5.053060 -4.282383 1.797422
v 5.060579 -3.673207 2.801860
v 5.054895 -4.742336 1.702550
v 5.065835 -3.964381 3.107163
v 5.193429 -4.937217 0.378666
v 5.178018 -5.008659 4.759102
v 5.155397 -0.610541 4.843932
v 4.940412 -5.015796 5.003818
v 0.530782 -5.041933 5.054375
v 4.917749 -0.609080 5.093002
v 4.939687 -5.249678 4.760114
v 4.924314 -5.192018 0.359047
v 0.522127 -5.277949 4.809824
v 3.919004 -5.075134 2.708187
v 2.728994 -5.117724 3.898842
v 3.557970 -5.090813 3.162560
v 3.149744 -5.105282 3.566211
v 2.229509 -5.129691 4.199528
v 4.255071 -5.056213 2.139143
v 3.915552 -5.186695 2.701322
v 2.725538 -5.229284 3.891978
v 3.554517 -5.202374 3.155695
v 3.146291 -5.216844 3.559346
v 2.226053 -5.241253 4.192662
v 4.251619 -5.167774 2.132278
v 4.119958 -5.106672 1.928315
v 3.757299 -5.127828 2.567250
v 3.396524 -5.143514 3.021845
v 4.077257 -5.134004 2.842259
v 4.386728 -5.117315 2.343106
v 2.439222 -5.187474 4.307232
v 2.887319 -5.176593 4.032980
v 3.715963 -5.149676 3.296412
v 4.673189 -5.098633 1.771832
v 2.567216 -5.170415 3.757842
v 2.016336 -5.183471 4.084957
v 2.988050 -5.157974 3.425282
v 1.945322 -5.197675 4.548977
v 3.307985 -5.164150 3.700275
v 2.844892 -4.042634 4.946693
v 4.026556 -2.842976 4.936806
v 3.296316 -3.677603 4.950559
v 3.696893 -3.266126 4.946815
v 4.326200 -2.334720 4.927835
v 2.278932 -4.384092 4.932324
v 2.833013 -4.029451 5.057101
v 4.014677 -2.829793 5.047215
v 3.284437 -3.664423 5.060968
v 3.685014 -3.252941 5.057224
v 4.314321 -2.321535 5.038244
v 2.267053 -4.370911 5.042733
v 2.065389 -4.246943 4.961294
v 2.700937 -3.878181 4.978632
v 3.152586 -3.513405 4.982536
v 2.976968 -4.193904 5.025162
v 2.480596 -4.508061 5.013763
v 4.439382 -2.544589 4.998730
v 4.158693 -2.994321 5.015286
v 3.428171 -3.828622 5.028992
v 1.912157 -4.800104 4.995158
v 3.882535 -2.678450 4.968736
v 4.201135 -2.111668 4.967346
v 3.552949 -3.101679 4.978755
v 3.828962 -3.417385 5.025283
v 5.008699 -3.638053 3.174376
v 5.010740 -3.226279 3.584544
v 5.005979 -3.985128 2.739496
v 5.002649 -4.266318 2.287563
v 4.997255 -4.567419 1.644409
v 5.012147 -2.761607 3.945442
v 5.018312 -2.032734 4.362971
v 5.120317 -3.633586 3.169166
v 5.122358 -3.221812 3.579336
v 5.117593 -3.980663 2.734288
v 5.114263 -4.261851 2.282355
v 5.108869 -4.562954 1.639201
v 5.123765 -2.757142 3.940234
v 5.129926 -2.028266 4.357763
v 5.065568 -2.605065 3.793674
v 5.063924 -3.078597 3.429433
v 5.070344 -2.913685 4.092002
v 5.061143 -4.406776 2.444276
v 5.069177 -3.369495 3.734448
v 5.079668 -1.547422 4.609164
v 5.055768 -4.121393 2.125643
v 5.061883 -3.490374 3.019269
v 5.077535 -1.668647 4.296816
v 5.049520 -4.739278 1.233711
v 5.070703 -2.392352 4.423918
v 5.057119 -4.636575 1.959176
v 5.059156 -3.837243 2.584171
v 5.049005 -4.493797 1.324434
v 5.067136 -3.781264 3.324273
v 5.064416 -4.128550 2.889613
v 4.676275 -5.170264 2.675386
v 2.857004 -2.944367 5.019859
v 5.118318 -2.930206 4.555336
v 3.455606 -3.531560 3.352703
v 5.185724 -4.972939 2.568884
v 5.166708 -2.809600 4.801515
v 5.174413 -2.773879 2.611297
v 2.735597 -5.028864 5.029096
v 4.929079 -2.812439 5.048412
v 2.724264 -2.825507 5.073688
v 4.932001 -5.220850 2.559582
v 2.730909 -5.263815 4.784969
v 2.723222 -5.234984 2.584436
v 3.458276 -5.136077 3.310053
v 5.059373 -3.517548 3.322268
v 3.467535 -3.554716 4.951530
v 5.112772 -2.893502 2.721561
v 2.865201 -4.787708 4.984224
v 2.860189 -5.210735 4.545013
v 5.120924 -4.728212 2.688185
v 4.690275 -2.934760 4.998741
v 2.839197 -5.182014 2.696060
v 3.357282 -5.098264 3.372402
v 3.745676 -5.083078 2.940291
v 2.940874 -5.111751 3.741198
v 2.504030 -5.123438 4.045096
v 1.877241 -5.137139 4.378689
v 4.081918 -5.066723 2.458006
v 4.456228 -5.042307 1.711430
v 3.353830 -5.209826 3.365537
v 3.742219 -5.194638 2.933425
v 2.937418 -5.223311 3.734333
v 2.500577 -5.235001 4.038230
v 1.873788 -5.248703 4.371823
v 4.078466 -5.178284 2.451140
v 4.452775 -5.153868 1.704566
v 3.923475 -5.119136 2.308277
v 3.584131 -5.135773 2.799491
v 4.236909 -5.125872 2.600869
v 2.668779 -5.182173 4.175926
v 3.903764 -5.141940 3.074225
v 4.673189 -5.082149 1.215349
v 2.335828 -5.176266 3.907397
v 3.195741 -5.150961 3.231607
v 4.377801 -5.088022 1.352240
v 1.476926 -5.201105 4.569995
v 4.531198 -5.108153 2.063756
v 2.196161 -5.192615 4.430227
v 2.779104 -5.164440 3.600206
v 1.554864 -5.193229 4.320284
v 3.515367 -5.157128 3.506332
v 3.099187 -5.170621 3.875325
v 3.504621 -3.475186 4.949559
v 3.075548 -3.867226 4.949579
v 3.870382 -3.055951 4.942573
v 4.171575 -2.616221 4.930357
v 4.507928 -1.966703 4.933070
v 2.596143 -4.207868 4.941621
v 1.853273 -4.589478 4.917301
v 3.492742 -3.462003 5.059967
v 3.063669 -3.854043 5.059986
v 3.858503 -3.042766 5.052981
v 4.159696 -2.603037 5.040766
v 4.496049 -1.953519 5.043478
v 2.584264 -4.194685 5.052028
v 1.841394 -4.576293 5.027711
v 2.443437 -4.046765 4.973178
v 2.931730 -3.702932 4.981542
v 2.736974 -4.355788 5.020470
v 4.301343 -2.774880 5.007889
v 3.207483 -4.018341 5.028024
v 1.356981 -4.806484 4.954137
v 4.029924 -2.444375 4.963234
v 3.360811 -3.310897 4.981522
v 1.492010 -4.510525 4.939987
v 4.700716 -1.540496 4.998246
v 2.202653 -4.655243 5.005025
v 4.580831 -2.300938 4.987850
v 3.726373 -2.891434 4.974503
v 4.423143 -1.619285 4.988696
v 3.636552 -3.626294 5.028005
v 4.002512 -3.207285 5.021051
v 5.151971 -0.132802 5.096044
v 5.153089 -0.134403 5.095401
v 5.150342 -0.132084 5.096916
v 5.151220 -0.132807 5.095302
v 5.018178 -3.164769 3.938919
v 5.014318 -3.163103 3.937191
v 5.016717 -3.165052 3.939223
v 5.015470 -3.164835 3.939000
v 5.014627 -3.164151 3.938287
v 5.010286 -3.980814 3.124655
v 5.014162 -3.982496 3.126401
v 5.010599 -3.981867 3.125759
v 5.011446 -3.982558 3.126479
v 5.012697 -3.982778 3.126704
v 5.008546 -2.843493 3.602069
v 5.012479 -2.841536 3.599999
v 5.008829 -2.842418 3.600940
v 5.009676 -2.841668 3.600151
v 5.010957 -2.841359 3.599820
v 5.008451 -3.659287 2.787506
v 5.004518 -3.661246 2.789581
v 5.006929 -3.659108 2.787326
v 5.005647 -3.659419 2.787658
v 5.004800 -3.660169 2.788449
v 5.016580 -3.599953 3.554673
v 5.012712 -3.598288 3.552945
v 5.015119 -3.600235 3.554976
v 5.013868 -3.600017 3.554755
v 5.013025 -3.599333 3.554041
v 5.010885 -3.277192 3.216249
v 5.006952 -3.279140 3.218309
v 5.009363 -3.277014 3.216068
v 5.008081 -3.277321 3.216396
v 5.007234 -3.278067 3.217185
v 5.005479 -3.969934 2.350080
v 5.001535 -3.971926 2.352188
v 5.003953 -3.969759 2.349903
v 5.002668 -3.970074 2.350242
v 5.001821 -3.970835 2.351044
v 5.007307 -4.291574 2.687348
v 5.011201 -4.293287 2.689128
v 5.007623 -4.292642 2.688468
v 5.008470 -4.293341 2.689198
v 5.009729 -4.293569 2.689430
v 5.000944 -4.268464 1.783071
v 4.997007 -4.270016 1.786179
v 4.999418 -4.268254 1.782970
v 4.998132 -4.268476 1.783525
v 4.997285 -4.269094 1.784652
v 5.003675 -4.543008 2.224710
v 5.007600 -4.544274 2.227479
v 5.003992 -4.543908 2.226210
v 5.004850 -4.544462 2.227262
v 5.006116 -4.544593 2.227708
v 4.992109 -4.722491 0.754957
v 4.988222 -4.717732 0.767757
v 4.992074 -4.720590 0.754471
v 4.990606 -4.721893 0.757836
v 4.989339 -4.720778 0.761280
v 4.992353 -4.722362 0.753634
v 4.990747 -4.721597 0.755622
v 4.989496 -4.720677 0.757874
v 4.989881 -4.720491 0.756391
v 4.988485 -4.717564 0.764490
v 4.989309 -4.718048 0.760818
v 4.988504 -4.719319 0.764763
v 4.988897 -4.719302 0.760870
v 4.989484 -4.719517 0.757676
v 4.992334 -4.721331 0.753371
v 4.990571 -4.719110 0.757299
v 4.990732 -4.720289 0.755367
v 4.990827 -4.721194 0.754317
v 5.003290 -4.760426 1.721763
v 4.999368 -4.757520 1.723078
v 5.001798 -4.760624 1.722307
v 5.000528 -4.760140 1.722748
v 4.999673 -4.759051 1.723019
v 5.018930 -2.682022 4.277173
v 5.015100 -2.679323 4.276118
v 5.017469 -2.682223 4.277528
v 5.016229 -2.681784 4.277451
v 5.015398 -2.680764 4.276956
v 5.013124 -2.223360 3.996617
v 5.017095 -2.220281 3.995172
v 5.013422 -2.221855 3.995726
v 5.014280 -2.220741 3.995140
v 5.015573 -2.220189 3.994945
v 5.019273 -2.121702 4.609829
v 5.015317 -2.126677 4.607061
v 5.019002 -2.129970 4.607734
v 5.017736 -2.122835 4.610075
v 5.016447 -2.124178 4.609637
v 5.019342 -2.123675 4.609628
v 5.017801 -2.124697 4.609768
v 5.016588 -2.125636 4.609672
v 5.016935 -2.126614 4.609487
v 5.015562 -2.127886 4.608023
v 5.016347 -2.128936 4.608489
v 5.015596 -2.125528 4.608578
v 5.015989 -2.126733 4.608969
v 5.016542 -2.127705 4.609174
v 5.019197 -2.128148 4.608495
v 5.019315 -2.125938 4.609158
v 5.017557 -2.129669 4.608389
v 5.017713 -2.128006 4.608949
v 5.036554 -0.977173 4.613337
v 5.036455 -0.976614 4.611445
v 5.032247 -0.989844 4.607940
v 5.036760 -0.975837 4.613248
v 5.034936 -0.980072 4.612580
v 5.035104 -0.977839 4.612369
v 5.035192 -0.976512 4.612020
v 5.034204 -0.978574 4.611214
v 5.034879 -0.979393 4.609824
v 5.033525 -0.982882 4.608588
v 5.036706 -0.975536 4.612222
v 5.035074 -0.977516 4.611076
v 5.033777 -0.979817 4.610186
v 5.032606 -0.986929 4.609659
v 5.033552 -0.983495 4.611287
v 5.032598 -0.986551 4.607927
v 5.033109 -0.983017 4.609823
v 5.033792 -0.980078 4.611332
v 5.125310 -3.124189 3.895863
v 5.121538 -3.128534 3.900438
v 5.125040 -3.125442 3.897178
v 5.124227 -3.126708 3.898508
v 5.122999 -3.127794 3.899653
v 5.117509 -3.946266 3.087926
v 5.121278 -3.941901 3.083329
v 5.118967 -3.945524 3.087139
v 5.120195 -3.944431 3.085989
v 5.121007 -3.943160 3.084652
v 5.116739 -2.869383 3.628710
v 5.120782 -2.873475 3.632980
v 5.118272 -2.870022 3.629371
v 5.119577 -2.871023 3.630415
v 5.120458 -2.872235 3.631682
v 5.116754 -3.691226 2.820489
v 5.112707 -3.687132 2.816213
v 5.116426 -3.689984 2.819191
v 5.115545 -3.688772 2.817920
v 5.114236 -3.687769 2.816876
v 5.123704 -3.559375 3.511619
v 5.119939 -3.563719 3.516193
v 5.123437 -3.560627 3.512933
v 5.122625 -3.561890 3.514263
v 5.121397 -3.562978 3.515407
v 5.119188 -3.309118 3.249218
v 5.115148 -3.305037 3.244957
v 5.118864 -3.307882 3.247925
v 5.117982 -3.306673 3.246661
v 5.116678 -3.305675 3.245619
v 5.113771 -4.001907 2.383098
v 5.109720 -3.997774 2.378785
v 5.113447 -4.000653 2.381785
v 5.112562 -3.999426 2.380504
v 5.111253 -3.998416 2.379451
v 5.114515 -4.257071 2.650663
v 5.118299 -4.252661 2.646021
v 5.115983 -4.256323 2.649871
v 5.117216 -4.255220 2.648711
v 5.118028 -4.253936 2.647359
v 5.109243 -4.299869 1.817346
v 5.105176 -4.296302 1.811773
v 5.108915 -4.298832 1.815551
v 5.108026 -4.297790 1.813862
v 5.106710 -4.296900 1.812535
v 5.110872 -4.508070 2.189030
v 5.114664 -4.504223 2.183127
v 5.112344 -4.507362 2.188140
v 5.113580 -4.506384 2.186707
v 5.114397 -4.505281 2.184945
v 5.096296 -4.749996 0.783624
v 5.096300 -4.748429 0.783171
v 5.100484 -4.746268 0.801953
v 5.096536 -4.749989 0.782309
v 5.097875 -4.749965 0.787759
v 5.097909 -4.749832 0.785495
v 5.097917 -4.749561 0.784128
v 5.098707 -4.749144 0.787037
v 5.097867 -4.747527 0.787399
v 5.099214 -4.746801 0.792452
v 5.097909 -4.748690 0.785320
v 5.099039 -4.748318 0.788774
v 5.100145 -4.747949 0.797677
v 5.099226 -4.749247 0.792693
v 5.100133 -4.746358 0.797564
v 5.099649 -4.748094 0.792878
v 5.099046 -4.749354 0.788879
v 5.110361 -4.718620 1.681806
v 5.106504 -4.724242 1.683335
v 5.110075 -4.720355 1.681948
v 5.109243 -4.722032 1.682288
v 5.107988 -4.723397 1.682776
v 5.126104 -2.640154 4.234961
v 5.122274 -2.645793 4.238697
v 5.125814 -2.641899 4.235952
v 5.124986 -2.643582 4.237010
v 5.123743 -2.644951 4.237974
v 5.121355 -2.248126 4.023883
v 5.125352 -2.253625 4.027363
v 5.122880 -2.248871 4.024484
v 5.124177 -2.250178 4.025357
v 5.125047 -2.251847 4.026367
v 5.122324 -2.090058 4.571436
v 5.126344 -2.087707 4.565796
v 5.123815 -2.089464 4.570565
v 5.125101 -2.088807 4.569186
v 5.125989 -2.088190 4.567512
v 5.140722 -1.004964 4.641734
v 5.144414 -1.022660 4.637439
v 5.140710 -1.004458 4.640153
v 5.142179 -1.008991 4.641584
v 5.143392 -1.013771 4.640714
v 5.140935 -1.003644 4.641757
v 5.142251 -1.006745 4.641520
v 5.143308 -1.010028 4.640946
v 5.143014 -1.008218 4.640786
v 5.144182 -1.018407 4.637656
v 5.143396 -1.013456 4.638249
v 5.144178 -1.018570 4.639259
v 5.143816 -1.013888 4.639553
v 5.143312 -1.009893 4.639901
v 5.142179 -1.008556 4.639126
v 5.142248 -1.006536 4.640369
v 5.142274 -1.005386 4.641287
v 5.169988 -4.764627 4.517204
v 5.169946 -4.760453 4.521543
v 5.174299 -4.769347 4.525953
v 5.169988 -4.764335 4.518843
v 5.169981 -4.763441 4.520241
v 5.171617 -4.765008 4.519138
v 5.171556 -4.764709 4.520168
v 5.172433 -4.764736 4.521492
v 5.171590 -4.762369 4.521841
v 5.172994 -4.764732 4.522785
v 5.169965 -4.762077 4.521190
v 5.171545 -4.763404 4.521505
v 5.173948 -4.767561 4.523872
v 5.173006 -4.766037 4.521478
v 5.173460 -4.766122 4.522836
v 1.044267 -4.798097 5.049587
v 1.042959 -4.795060 5.049694
v 1.031339 -4.802679 5.053898
v 1.042142 -4.797222 5.049896
v 1.040849 -4.797967 5.051296
v 1.037935 -4.799494 5.052690
v 1.034158 -4.801685 5.053566
v 1.036726 -4.800120 5.053098
v 5.189477 -4.691329 0.858064
v 5.193758 -4.695836 0.844872
v 5.189474 -4.688288 0.856874
v 5.191122 -4.691633 0.855290
v 5.189470 -4.691074 0.856668
v 5.192327 -4.692125 0.852596
v 5.193445 -4.694986 0.847333
v 5.192522 -4.693251 0.850479
v 5.193437 -4.694073 0.848151
v 5.189466 -4.689428 0.856023
v 5.191061 -4.691009 0.854053
v 5.153680 -1.099556 4.588146
v 5.153688 -1.098251 4.585153
v 5.157876 -1.086423 4.592845
v 5.153680 -1.098149 4.587940
v 5.155206 -1.095926 4.588033
v 5.156110 -1.094562 4.588744
v 5.156656 -1.092219 4.590045
v 5.153688 -1.097445 4.586322
v 5.157560 -1.089049 4.591853
v 4.655561 -5.196634 0.819719
v 4.652521 -5.196675 0.818464
v 4.660196 -5.200677 0.806624
v 4.655313 -5.196421 0.818335
v 4.655694 -5.198074 0.816279
v 4.656160 -5.198960 0.814409
v 4.655260 -5.198230 0.815085
v 4.653669 -5.196444 0.817655
v 4.658411 -5.200412 0.809848
v 4.656904 -5.199553 0.813469
v 4.659414 -5.200396 0.808677
v 4.657678 -5.199989 0.811571
v 4.694704 -4.778913 5.006641
v 4.703577 -4.783444 5.010719
v 4.698946 -4.774633 5.006679
v 4.696668 -4.779274 5.008243
v 4.699045 -4.780262 5.009579
v 4.696336 -4.778580 5.006632
v 4.697694 -4.778948 5.008180
v 4.699033 -4.778962 5.009044
v 4.700330 -4.778945 5.009592
v 4.701471 -4.781726 5.010448
v 4.700414 -4.780324 5.010015
v 4.698629 -4.776263 5.006651
v 4.697713 -4.777650 5.006635
v 4.699319 -4.776583 5.008266
v 4.699007 -4.777618 5.008194
v 4.682596 -1.096539 5.081970
v 4.687273 -1.082799 5.086448
v 4.679590 -1.095317 5.082031
v 4.682954 -1.093609 5.083656
v 4.682359 -1.095141 5.082000
v 4.683160 -1.091495 5.084516
v 4.685487 -1.086174 5.086080
v 4.684629 -1.088490 5.085573
v 4.680734 -1.094480 5.082032
v 4.682077 -1.092466 5.083690
v 4.697488 -5.242420 4.519264
v 4.701898 -5.246784 4.527679
v 4.693277 -5.242499 4.523571
v 4.697847 -5.244076 4.521187
v 4.698812 -5.245484 4.523460
v 4.697183 -5.242448 4.520899
v 4.697534 -5.244034 4.522194
v 4.697557 -5.244928 4.523483
v 4.699907 -5.246444 4.526068
v 4.697572 -5.245508 4.524721
v 4.698884 -5.245956 4.524757
v 4.694902 -5.242490 4.523229
v 4.696275 -5.242472 4.522289
v 4.695245 -5.244125 4.523845
v 4.696245 -5.244059 4.523512
v 1.027639 -5.265947 4.564819
v 1.015405 -5.270356 4.568699
v 1.026346 -5.265916 4.561807
v 1.024625 -5.267602 4.565113
v 1.017812 -5.269996 4.567880
v 1.020132 -5.269489 4.566486
v 1.025495 -5.265952 4.563957
v 1.023828 -5.267542 4.564386
v 5.149442 -0.132702 5.096143
v 5.148263 -0.135283 5.099557
v 5.152166 -0.133663 5.094474
v 5.151903 -0.133398 5.094503
v 5.152566 -0.134914 5.096692
v 5.148389 -0.132878 5.097471
v 5.147783 -0.133522 5.098741
v 5.149175 -0.132660 5.098495
v 5.150045 -0.135180 5.099189
v 5.151559 -0.135049 5.098182
v 5.147752 -0.134206 5.099319
v 5.149816 -0.133265 5.098827
v 5.151136 -0.132487 5.097396
v 5.188222 -5.183366 -0.088174
v 5.189584 -5.179844 -0.089441
v 5.193105 -5.178561 -0.087468
v 5.187913 -5.182323 -0.089250
v 5.190084 -5.182989 -0.088019
v 5.189912 -5.182558 -0.089554
v 5.189916 -5.181927 -0.090490
v 5.190912 -5.178771 -0.089374
v 5.192049 -5.178150 -0.088975
v 5.188539 -5.181184 -0.089478
v 5.190324 -5.180559 -0.090200
v 5.191690 -5.180140 -0.090368
v 5.192724 -5.180390 -0.087636
v 5.191663 -5.181943 -0.087830
v 5.192819 -5.178077 -0.088306
v 5.192308 -5.180166 -0.089315
v 5.191514 -5.181755 -0.089878
v 5.181737 -5.247975 4.992256
v 5.177244 -5.248142 4.996918
v 5.177343 -5.252572 4.992420
v 5.181409 -5.248024 4.994026
v 5.180440 -5.248072 4.995535
v 5.181428 -5.249731 4.992286
v 5.180936 -5.249711 4.993976
v 5.180269 -5.249704 4.995333
v 5.179880 -5.250678 4.994928
v 5.177278 -5.249862 4.996551
v 5.177309 -5.251307 4.995567
v 5.178976 -5.248114 4.996549
v 5.178941 -5.249774 4.996027
v 5.178918 -5.251098 4.995346
v 5.179052 -5.252219 4.992374
v 5.180486 -5.251221 4.992328
v 5.177335 -5.252257 4.994116
v 5.178979 -5.251744 4.994022
v 5.180292 -5.251061 4.993950
v 0.030344 -5.281127 5.054851
v 0.027830 -5.282097 5.051407
v 0.029413 -5.285534 5.050672
v 0.029233 -5.280590 5.054609
v 0.028364 -5.280585 5.053869
v 0.030130 -5.282836 5.054504
v 0.028234 -5.282598 5.054138
v 0.027009 -5.282539 5.053552
v 0.027719 -5.283415 5.050508
v 0.027872 -5.281113 5.052746
v 0.027078 -5.282887 5.052242
v 0.026838 -5.284229 5.051918
v 0.029626 -5.285222 5.052244
v 0.029878 -5.284272 5.053589
v 0.028577 -5.285276 5.050112
v 0.027914 -5.284831 5.051994
v 0.027654 -5.284111 5.053428
v 5.041292 -4.691858 0.859278
v 5.041265 -4.688817 0.858087
v 5.037080 -4.687733 0.865404
v 5.041276 -4.691602 0.857881
v 5.039674 -4.691568 0.860678
v 5.039712 -4.691179 0.858990
v 5.039739 -4.690647 0.857920
v 5.038831 -4.690188 0.859110
v 5.039644 -4.688101 0.859319
v 5.038282 -4.687642 0.861142
v 5.041261 -4.689957 0.857237
v 5.039697 -4.689532 0.858344
v 5.038450 -4.689233 0.859641
v 5.037397 -4.689336 0.863993
v 5.038309 -4.690681 0.862333
v 5.037378 -4.687513 0.863279
v 5.037839 -4.689222 0.861591
v 5.038465 -4.690532 0.860149
v 5.082929 -4.765033 4.518188
v 5.078653 -4.760793 4.518314
v 5.082960 -4.760859 4.522526
v 5.081300 -4.764718 4.518211
v 5.079912 -4.763798 4.518244
v 5.082948 -4.764742 4.519823
v 5.081277 -4.764357 4.519892
v 5.080492 -4.763292 4.520706
v 5.078996 -4.760825 4.519939
v 5.079935 -4.760848 4.521311
v 5.078981 -4.762422 4.518280
v 5.079393 -4.762494 4.519947
v 5.082963 -4.762482 4.522171
v 5.082960 -4.763844 4.521221
v 5.081327 -4.760859 4.522219
v 5.081289 -4.762521 4.521797
v 5.066694 -1.099960 4.589126
v 5.062410 -1.105917 4.584805
v 5.066652 -1.098655 4.586135
v 5.065065 -1.101340 4.588794
v 5.063680 -1.102958 4.587858
v 5.066686 -1.098556 4.588922
v 5.065111 -1.099641 4.588470
v 5.063848 -1.100772 4.587790
v 5.064226 -1.099721 4.587484
v 5.062723 -1.103782 4.584667
v 5.063642 -1.101655 4.584869
v 5.062749 -1.104567 4.586456
v 5.063211 -1.102162 4.586433
v 5.063833 -1.100216 4.586513
v 5.066663 -1.097849 4.587304
v 5.065019 -1.099854 4.585384
v 5.065092 -1.098933 4.586852
v 5.065141 -1.098552 4.587982
v 4.693716 -4.777333 4.919668
v 4.697958 -4.773053 4.919699
v 4.693647 -4.772998 4.915485
v 4.695344 -4.777001 4.919655
v 4.696725 -4.776070 4.919657
v 4.693696 -4.776980 4.918043
v 4.695367 -4.776579 4.917991
v 4.696489 -4.775827 4.918075
v 4.697614 -4.773026 4.918072
v 4.696676 -4.773005 4.916700
v 4.697641 -4.774686 4.919670
v 4.697229 -4.774698 4.918003
v 4.696470 -4.774595 4.916889
v 4.693658 -4.774633 4.915779
v 4.693677 -4.776034 4.916679
v 4.695283 -4.772997 4.915790
v 4.695337 -4.774674 4.916153
v 4.695264 -4.775812 4.916881
v 1.028234 -4.796490 4.960995
v 1.033388 -4.792124 4.956754
v 1.026922 -4.793458 4.961035
v 1.029413 -4.796130 4.959358
v 1.030805 -4.795172 4.957977
v 1.026842 -4.796271 4.961193
v 1.027662 -4.795785 4.959520
v 1.028581 -4.795074 4.958202
v 1.027570 -4.794755 4.958629
v 1.031377 -4.791905 4.957104
v 1.029443 -4.792081 4.958040
v 1.032201 -4.793766 4.957063
v 1.029848 -4.793694 4.957559
v 1.027997 -4.793754 4.958229
v 1.026132 -4.794628 4.961216
v 1.027879 -4.792628 4.959419
v 1.026937 -4.794122 4.959549
v 1.026556 -4.795272 4.959617
v 4.681600 -1.094814 4.986619
v 4.678586 -1.093587 4.986677
v 4.677320 -1.100811 4.982297
v 4.681364 -1.093414 4.986648
v 4.681264 -1.096174 4.984968
v 4.680902 -1.094481 4.985061
v 4.680391 -1.093405 4.985126
v 4.679899 -1.094569 4.984193
v 4.677824 -1.094773 4.985032
v 4.677316 -1.096563 4.983623
v 4.679735 -1.092751 4.986678
v 4.679269 -1.093815 4.985091
v 4.678930 -1.095081 4.983812
v 4.678949 -1.099418 4.982629
v 4.680334 -1.097791 4.983566
v 4.677141 -1.098682 4.982662
v 4.678880 -1.097019 4.983144
v 4.680219 -1.095606 4.983787
v 4.655111 -5.086578 0.841814
v 4.650899 -5.082474 0.848695
v 4.652063 -5.086540 0.840568
v 4.654603 -5.084981 0.843051
v 4.653623 -5.083638 0.844793
v 4.655046 -5.086537 0.839941
v 4.654481 -5.084898 0.841216
v 4.653677 -5.083809 0.842746
v 4.653551 -5.084119 0.841732
v 4.651159 -5.082745 0.846298
v 4.651468 -5.083611 0.843911
v 4.652322 -5.082759 0.846774
v 4.652627 -5.083092 0.844241
v 4.653398 -5.086516 0.839266
v 4.654447 -5.086514 0.839046
v 4.651788 -5.084944 0.841899
v 4.653142 -5.084881 0.840668
v 4.696950 -5.155418 4.520899
v 4.692739 -5.155523 4.525205
v 4.692663 -5.151187 4.521026
v 4.696641 -5.155451 4.522531
v 4.695734 -5.155482 4.523924
v 4.696615 -5.153790 4.520931
v 4.696241 -5.153784 4.522608
v 4.695505 -5.153893 4.523741
v 4.692724 -5.153891 4.524912
v 4.692705 -5.152490 4.524015
v 4.694364 -5.155509 4.524864
v 4.694391 -5.153830 4.524504
v 4.694292 -5.152692 4.523777
v 4.694295 -5.151499 4.521002
v 4.695684 -5.152413 4.520967
v 4.692682 -5.151541 4.522650
v 4.694356 -5.151922 4.522665
v 4.695486 -5.152662 4.522552
v 1.027101 -5.178970 4.566452
v 1.025815 -5.178921 4.563452
v 1.033025 -5.174592 4.562206
v 1.025243 -5.178979 4.566435
v 1.024343 -5.178974 4.565859
v 1.028001 -5.177323 4.565960
v 1.025407 -5.177374 4.565428
v 1.026514 -5.176486 4.564968
v 1.026811 -5.177279 4.563186
v 1.028532 -5.175879 4.562856
v 1.024545 -5.178954 4.564810
v 1.031206 -5.174955 4.563661
v 1.029443 -5.175913 4.564979
v 1.030714 -5.174935 4.562511
v 1.028776 -5.175365 4.564018
v 1.027456 -5.176143 4.565075
v 4.096479 -5.082409 2.860598
v 4.094598 -5.078524 2.859115
v 4.096773 -5.080942 2.860902
v 4.096521 -5.079689 2.860726
v 4.095754 -5.078839 2.860099
v 3.325311 -5.108668 3.717116
v 3.327211 -5.112556 3.718613
v 3.326475 -5.108984 3.718105
v 3.327241 -5.109835 3.718737
v 3.327501 -5.111089 3.718916
v 3.743425 -5.071747 2.557272
v 3.741327 -5.075673 2.555330
v 3.742246 -5.072025 2.556249
v 3.741434 -5.072870 2.555521
v 3.741113 -5.074150 2.555199
v 2.972074 -5.105822 3.413363
v 2.974180 -5.101893 3.415309
v 2.971860 -5.104298 3.413231
v 2.972185 -5.103016 3.413555
v 2.973001 -5.102172 3.414284
v 3.735189 -5.098078 3.314751
v 3.733308 -5.094198 3.313269
v 3.735483 -5.096613 3.315054
v 3.735227 -5.095360 3.314879
v 3.734464 -5.094514 3.314252
v 3.380548 -5.091357 3.009925
v 3.382638 -5.087432 3.011858
v 3.380334 -5.089835 3.009792
v 3.380655 -5.088553 3.010114
v 3.381464 -5.087709 3.010839
v 2.551244 -5.118268 3.745923
v 2.553380 -5.114333 3.747899
v 2.551031 -5.116742 3.745793
v 2.551363 -5.115459 3.746123
v 2.552186 -5.114614 3.746862
v 2.904603 -5.121115 4.049784
v 2.906538 -5.125013 4.051312
v 2.905782 -5.121429 4.050787
v 2.906564 -5.122284 4.051430
v 2.906831 -5.123542 4.051614
v 2.000368 -5.131330 4.073040
v 2.003480 -5.127369 4.074525
v 2.000230 -5.129801 4.072872
v 2.000772 -5.128509 4.073096
v 2.001916 -5.127655 4.073676
v 2.455534 -5.132014 4.324530
v 2.458433 -5.135917 4.325558
v 2.457086 -5.132324 4.325345
v 2.458181 -5.133174 4.325826
v 2.458654 -5.134436 4.325901
v 0.997003 -5.152393 4.579058
v 1.009470 -5.148151 4.573744
v 0.996416 -5.152319 4.577184
v 0.999822 -5.150820 4.578349
v 1.003179 -5.149461 4.577090
v 0.995679 -5.152658 4.578988
v 0.997598 -5.150996 4.578162
v 0.999776 -5.149683 4.577157
v 0.998292 -5.150089 4.577038
v 1.006204 -5.148473 4.573736
v 1.002576 -5.149379 4.574388
v 1.006570 -5.148523 4.575474
v 1.002687 -5.148995 4.575648
v 0.999517 -5.149646 4.576011
v 0.995363 -5.152619 4.577974
v 0.999143 -5.150730 4.575599
v 0.997274 -5.150954 4.576871
v 0.996274 -5.151089 4.577825
v 1.964525 -5.146148 4.567292
v 1.965616 -5.142134 4.564419
v 1.965051 -5.144649 4.567497
v 1.965444 -5.143360 4.567023
v 1.965642 -5.142478 4.565942
v 4.405950 -5.065734 2.361440
v 4.404695 -5.061799 2.358861
v 4.406293 -5.064259 2.361662
v 4.406175 -5.062993 2.361250
v 4.405614 -5.062129 2.360266
v 4.105505 -5.050628 1.919508
v 4.103986 -5.054518 1.916396
v 4.104547 -5.050892 1.918037
v 4.103921 -5.051726 1.916929
v 4.103727 -5.053000 1.916353
v 4.689558 -5.043226 1.790959
v 4.692400 -5.047075 1.790159
v 4.691087 -5.043516 1.791073
v 4.692163 -5.044349 1.790960
v 4.692625 -5.045599 1.790639
v 4.657365 -5.013662 0.651347
v 4.655534 -5.013644 0.650891
v 4.652353 -5.010105 0.664972
v 4.657251 -5.013845 0.650016
v 4.656682 -5.012232 0.654436
v 4.656412 -5.012319 0.652185
v 4.656034 -5.012368 0.650858
v 4.655275 -5.011491 0.653063
v 4.653959 -5.012223 0.653933
v 4.652803 -5.011052 0.657677
v 4.656259 -5.013837 0.649769
v 4.655134 -5.012315 0.651946
v 4.654287 -5.011141 0.654423
v 4.653974 -5.010306 0.661809
v 4.655492 -5.011052 0.658109
v 4.652238 -5.010307 0.661554
v 4.654016 -5.010626 0.657762
v 4.655427 -5.011142 0.654608
v 4.053297 -5.189353 2.819717
v 4.058027 -5.185600 2.823920
v 4.054670 -5.189088 2.820910
v 4.056055 -5.188281 2.822127
v 4.057230 -5.187056 2.823184
v 3.288759 -5.215745 3.681936
v 3.284009 -5.219501 3.677718
v 3.287961 -5.217202 3.681199
v 3.286779 -5.218429 3.680138
v 3.285390 -5.219234 3.678916
v 3.773275 -5.179985 2.579170
v 3.777822 -5.184037 2.582940
v 3.773996 -5.181517 2.579737
v 3.775114 -5.182824 2.580652
v 3.776456 -5.183710 2.581777
v 3.008573 -5.214187 3.440975
v 3.004022 -5.210128 3.437201
v 3.007207 -5.213858 3.439811
v 3.005861 -5.212970 3.438684
v 3.004743 -5.211660 3.437768
v 3.692007 -5.205029 3.273871
v 3.696733 -5.201279 3.278070
v 3.693380 -5.204762 3.275062
v 3.694761 -5.203956 3.276279
v 3.695940 -5.202733 3.277334
v 3.417032 -5.199722 3.037525
v 3.412496 -5.195667 3.033765
v 3.415674 -5.199395 3.036366
v 3.414331 -5.198507 3.035244
v 3.413217 -5.197201 3.034331
v 2.587778 -5.226627 3.773567
v 2.583185 -5.222562 3.769759
v 2.586393 -5.226297 3.772390
v 2.585039 -5.225410 3.771253
v 2.583910 -5.224097 3.770329
v 2.868097 -5.228175 4.014644
v 2.863298 -5.231943 4.010387
v 2.867296 -5.229640 4.013903
v 2.866102 -5.230867 4.012833
v 2.864698 -5.231679 4.011598
v 2.038126 -5.239655 4.100053
v 2.032308 -5.235611 4.096874
v 2.036275 -5.239332 4.099117
v 2.034521 -5.238455 4.098185
v 2.033124 -5.237145 4.097397
v 2.420011 -5.239037 4.288904
v 2.413980 -5.242849 4.285272
v 2.419111 -5.240509 4.288208
v 2.417650 -5.241748 4.287273
v 2.415849 -5.242573 4.286242
v 1.028890 -5.256621 4.602559
v 1.028356 -5.256598 4.601016
v 1.047071 -5.260376 4.597800
v 1.027017 -5.256975 4.602338
v 1.033037 -5.258119 4.602281
v 1.030775 -5.258195 4.602262
v 1.029397 -5.258220 4.602059
v 1.032293 -5.258947 4.601476
v 1.032556 -5.258063 4.599863
v 1.037588 -5.259298 4.598846
v 1.030542 -5.258169 4.601130
v 1.033990 -5.259226 4.600555
v 1.042879 -5.260152 4.599705
v 1.037954 -5.259361 4.601279
v 1.042688 -5.260111 4.598121
v 1.038087 -5.259752 4.600107
v 1.034147 -5.259254 4.601585
v 1.924367 -5.252964 4.525033
v 1.926118 -5.249212 4.530659
v 1.924592 -5.252718 4.526764
v 1.925008 -5.251919 4.528441
v 1.925542 -5.250688 4.529809
v 4.363550 -5.172620 2.319185
v 4.367509 -5.168900 2.324770
v 4.364625 -5.172371 2.320905
v 4.365758 -5.171576 2.322570
v 4.366769 -5.170356 2.323927
v 4.135934 -5.158825 1.940234
v 4.139745 -5.162930 1.945474
v 4.136598 -5.160362 1.940914
v 4.137556 -5.161681 1.942148
v 4.138662 -5.162583 1.943749
v 4.653974 -5.150197 1.753503
v 4.648298 -5.154056 1.751544
v 4.653100 -5.151673 1.752934
v 4.651716 -5.152924 1.752362
v 4.650030 -5.153761 1.751874
v 4.689004 -5.117937 0.675157
v 4.685342 -5.122503 0.693859
v 4.687479 -5.117945 0.674728
v 4.689012 -5.119588 0.679374
v 4.688322 -5.121036 0.684408
v 4.688890 -5.119563 0.677063
v 4.688440 -5.120775 0.680505
v 4.688226 -5.120402 0.678631
v 4.685441 -5.122066 0.689392
v 4.685880 -5.121048 0.684188
v 4.687032 -5.122060 0.689495
v 4.687185 -5.121473 0.684593
v 4.687410 -5.120780 0.680409
v 4.688177 -5.118118 0.673601
v 4.686597 -5.119600 0.679039
v 4.687761 -5.119570 0.676901
v 4.688627 -5.119537 0.675671
v 2.997697 -4.217430 4.976322
v 2.996385 -4.215912 4.972230
v 2.998067 -4.217847 4.974903
v 2.997949 -4.217706 4.973627
v 2.997358 -4.217028 4.972688
v 3.848375 -3.439388 4.972350
v 3.849695 -3.440915 4.976435
v 3.849351 -3.440506 4.972807
v 3.849943 -3.441187 4.973746
v 3.850065 -3.441331 4.975018
v 2.693418 -3.869380 4.921159
v 2.691289 -3.866959 4.924794
v 2.692377 -3.868189 4.921288
v 2.691606 -3.867313 4.922024
v 2.691225 -3.866879 4.923255
v 3.543302 -3.090458 4.924916
v 3.545438 -3.092889 4.921284
v 3.543237 -3.090380 4.923377
v 3.543622 -3.090814 4.922147
v 3.544397 -3.091695 4.921411
v 3.448904 -3.852149 4.980144
v 3.447595 -3.850636 4.976060
v 3.449274 -3.852564 4.978728
v 3.449152 -3.852424 4.977454
v 3.448564 -3.851748 4.976517
v 3.142938 -3.502180 4.928697
v 3.145059 -3.504596 4.925062
v 3.142873 -3.502105 4.927159
v 3.143255 -3.502534 4.925927
v 3.144022 -3.503410 4.925192
v 3.872888 -2.667228 4.914899
v 3.875062 -2.669701 4.911270
v 3.872827 -2.667153 4.913359
v 3.873220 -2.667596 4.912130
v 3.874006 -2.668491 4.911395
v 4.178083 -3.016297 4.962349
v 4.179426 -3.017847 4.966442
v 4.179067 -3.017422 4.962809
v 4.179666 -3.018112 4.963749
v 4.179792 -3.018262 4.965024
v 4.191488 -2.100445 4.913511
v 4.193239 -2.103907 4.909728
v 4.191396 -2.100448 4.911959
v 4.191698 -2.101105 4.910696
v 4.192342 -2.102318 4.909912
v 4.459249 -2.565684 4.945951
v 4.460115 -2.568113 4.949889
v 4.460050 -2.567146 4.946352
v 4.460496 -2.568123 4.947240
v 4.460519 -2.568463 4.948483
v 4.667066 -1.024514 4.966533
v 4.663030 -1.036365 4.961745
v 4.665037 -1.024107 4.966425
v 4.666685 -1.027167 4.964814
v 4.665784 -1.030350 4.963301
v 4.666837 -1.023193 4.966721
v 4.666284 -1.025076 4.965000
v 4.665552 -1.027187 4.963607
v 4.665273 -1.025807 4.964049
v 4.662736 -1.033350 4.962168
v 4.663015 -1.029963 4.963207
v 4.664499 -1.033580 4.962221
v 4.664323 -1.029983 4.962817
v 4.664373 -1.027022 4.963567
v 4.665739 -1.022970 4.966664
v 4.663820 -1.026716 4.964701
v 4.664937 -1.024861 4.964948
v 4.665815 -1.023851 4.965101
v 4.745241 -2.068111 4.927787
v 4.743650 -2.076832 4.927355
v 4.743024 -2.074031 4.924145
v 4.745172 -2.070174 4.927841
v 4.744844 -2.072555 4.927779
v 4.745615 -2.069375 4.926261
v 4.745439 -2.071401 4.926303
v 4.745264 -2.073234 4.926293
v 4.744348 -2.076681 4.925980
v 4.744470 -2.076095 4.924887
v 4.744310 -2.074892 4.927608
v 4.744825 -2.074937 4.926164
v 4.745088 -2.074770 4.925050
v 4.744413 -2.072580 4.924290
v 4.745325 -2.070944 4.925033
v 4.744005 -2.075163 4.924242
v 4.744852 -2.073815 4.924579
v 4.745458 -2.072534 4.925114
v 2.501321 -4.531578 4.964937
v 2.498918 -4.530696 4.960800
v 2.501611 -4.532044 4.963511
v 2.501253 -4.532042 4.962224
v 2.500310 -4.531569 4.961272
v 2.059038 -4.237551 4.903859
v 2.055742 -4.235721 4.907458
v 2.057550 -4.236586 4.903973
v 2.056402 -4.235901 4.904697
v 2.055765 -4.235600 4.905921
v 1.933839 -4.821108 4.942313
v 1.932870 -4.823609 4.946357
v 1.933942 -4.822603 4.942741
v 1.933797 -4.823606 4.943661
v 1.933420 -4.823958 4.944930
v 0.796545 -4.801741 4.859632
v 0.796083 -4.799925 4.859434
v 0.810297 -4.796943 4.856256
v 0.795206 -4.801621 4.859745
v 0.799692 -4.801160 4.858285
v 0.797441 -4.800904 4.858249
v 0.796110 -4.800533 4.858206
v 0.798349 -4.799839 4.857365
v 0.799173 -4.798454 4.858015
v 0.802961 -4.797371 4.856913
v 0.794954 -4.800638 4.859638
v 0.797193 -4.799635 4.858122
v 0.799715 -4.798873 4.856990
v 0.807134 -4.798565 4.856458
v 0.803411 -4.800046 4.857170
v 0.806867 -4.796841 4.856295
v 0.803075 -4.798617 4.856601
v 0.799909 -4.800007 4.857098
v 2.951852 -4.165380 5.077134
v 2.956235 -4.170378 5.074005
v 2.953062 -4.166761 5.077043
v 2.954317 -4.168193 5.076417
v 2.955431 -4.169465 5.075351
v 3.808229 -3.393859 5.074132
v 3.803846 -3.388857 5.077255
v 3.807424 -3.392946 5.075475
v 3.806310 -3.391675 5.076540
v 3.805051 -3.390239 5.077164
v 2.710584 -3.889403 5.032471
v 2.714193 -3.893543 5.037072
v 2.711084 -3.889982 5.034083
v 2.711946 -3.890972 5.035524
v 2.713037 -3.892223 5.036573
v 3.566213 -3.117052 5.037196
v 3.562597 -3.112902 5.032594
v 3.565053 -3.115728 5.036697
v 3.563962 -3.114473 5.035647
v 3.563097 -3.113484 5.034206
v 3.403062 -3.800104 5.080965
v 3.407434 -3.805092 5.077841
v 3.404268 -3.801481 5.080875
v 3.405519 -3.802912 5.080249
v 3.406633 -3.804181 5.079183
v 3.165834 -3.528761 5.040976
v 3.162233 -3.524629 5.036377
v 3.164682 -3.527444 5.040477
v 3.163591 -3.526193 5.039429
v 3.162733 -3.525206 5.037988
v 3.895837 -2.693867 5.027183
v 3.892183 -2.689671 5.022572
v 3.894666 -2.692525 5.026681
v 3.893560 -2.691255 5.025628
v 3.892686 -2.690252 5.024185
v 4.137960 -2.970796 5.064132
v 4.133554 -2.965766 5.067254
v 4.137155 -2.969879 5.065475
v 4.136034 -2.968602 5.066541
v 4.134771 -2.967157 5.067165
v 4.213892 -2.128312 5.025601
v 4.210783 -2.122889 5.021182
v 4.212930 -2.126500 5.025173
v 4.211999 -2.124834 5.024184
v 4.211248 -2.123567 5.022783
v 4.418653 -2.521064 5.047572
v 4.414842 -2.514942 5.050897
v 4.417890 -2.520064 5.048933
v 4.416902 -2.518550 5.050042
v 4.415830 -2.516750 5.050732
v 4.686082 -1.046930 5.074053
v 4.684331 -1.046549 5.074098
v 4.682813 -1.062768 5.077419
v 4.686098 -1.050584 5.075473
v 4.685827 -1.048422 5.075595
v 4.685461 -1.047135 5.075657
v 4.685113 -1.049726 5.076364
v 4.683504 -1.050231 5.075496
v 4.682924 -1.054605 5.076618
v 4.685007 -1.045406 5.074295
v 4.684610 -1.048251 5.075607
v 4.684320 -1.051272 5.076634
v 4.684328 -1.059157 5.077295
v 4.685483 -1.054876 5.076611
v 4.682680 -1.059007 5.077293
v 4.684263 -1.054896 5.077050
v 4.685403 -1.051389 5.076630
v 4.704423 -2.021480 5.024692
v 4.698579 -2.023415 5.029216
v 4.702188 -2.029784 5.025035
v 4.703470 -2.021943 5.026223
v 4.702024 -2.022473 5.027622
v 4.704168 -2.023449 5.024908
v 4.703180 -2.023572 5.026287
v 4.702173 -2.023739 5.027439
v 4.702234 -2.024816 5.027122
v 4.699674 -2.025000 5.028709
v 4.700746 -2.026768 5.027736
v 4.700307 -2.022992 5.028672
v 4.700990 -2.024325 5.028126
v 4.701612 -2.025615 5.027490
v 4.702955 -2.027942 5.025094
v 4.703653 -2.025716 5.025049
v 4.701627 -2.028448 5.026446
v 4.702283 -2.026733 5.026397
v 4.702886 -2.025155 5.026326
v 2.454111 -4.480326 5.065697
v 2.459871 -4.484541 5.062594
v 2.455842 -4.481404 5.065620
v 2.457544 -4.482584 5.065003
v 2.458959 -4.483685 5.063940
v 2.075037 -4.258165 5.015128
v 2.080110 -4.261560 5.019782
v 2.075651 -4.258688 5.016747
v 2.076829 -4.259514 5.018199
v 2.078393 -4.260524 5.019265
v 1.891435 -4.776593 5.043969
v 1.889291 -4.770617 5.047220
v 1.890798 -4.775601 5.045334
v 1.890169 -4.774117 5.046430
v 1.889638 -4.772368 5.047092
v 0.815809 -4.823883 4.967244
v 0.834276 -4.819670 4.972290
v 0.815374 -4.822369 4.967099
v 0.819948 -4.823709 4.969075
v 0.824911 -4.822847 4.970676
v 0.814481 -4.823875 4.967361
v 0.817640 -4.823610 4.968938
v 0.821023 -4.823027 4.970255
v 0.819166 -4.822862 4.969781
v 0.829832 -4.819842 4.971669
v 0.824682 -4.820417 4.970463
v 0.829942 -4.821430 4.971805
v 0.825071 -4.821676 4.971018
v 0.820924 -4.821997 4.970166
v 0.819604 -4.821304 4.968859
v 0.817472 -4.822484 4.968837
v 0.816251 -4.823360 4.968826
v 5.011583 -3.797709 3.341779
v 5.015455 -3.799379 3.343514
v 5.011896 -3.798757 3.342878
v 5.012743 -3.799445 3.343593
v 5.013990 -3.799663 3.343817
v 5.007860 -3.066624 3.417140
v 5.011793 -3.064672 3.415078
v 5.008142 -3.065551 3.416014
v 5.008989 -3.064803 3.415227
v 5.010271 -3.064494 3.414898
v 5.013628 -3.385950 3.751965
v 5.017488 -3.387613 3.753691
v 5.013937 -3.386996 3.753061
v 5.014780 -3.387680 3.753774
v 5.016027 -3.387897 3.753995
v 5.005819 -3.478405 3.006980
v 5.009752 -3.476453 3.004914
v 5.006101 -3.477332 3.005853
v 5.006948 -3.476582 3.005064
v 5.008234 -3.476275 3.004735
v 5.003091 -3.825296 2.571908
v 5.007032 -3.823321 2.569818
v 5.003374 -3.824214 2.570771
v 5.004224 -3.823457 2.569974
v 5.005506 -3.823144 2.569640
v 5.008863 -4.144965 2.907088
v 5.012750 -4.146663 2.908849
v 5.009176 -4.146026 2.908199
v 5.010026 -4.146722 2.908924
v 5.011278 -4.146945 2.909153
v 5.005590 -4.423213 2.461591
v 5.009496 -4.424881 2.463504
v 5.005903 -4.424265 2.462763
v 5.006757 -4.424952 2.463538
v 5.008020 -4.425166 2.463799
v 4.999708 -4.109420 2.113534
v 5.003652 -4.107473 2.111291
v 4.999990 -4.108346 2.112339
v 5.000837 -4.107601 2.111491
v 5.002122 -4.107295 2.111125
v 4.993795 -4.737627 1.245421
v 4.997846 -4.741346 1.236122
v 4.994081 -4.739103 1.241920
v 4.994947 -4.740325 1.238924
v 4.996271 -4.741113 1.236888
v 5.001543 -4.654344 1.973460
v 5.005498 -4.654670 1.978395
v 5.001867 -4.654886 1.975791
v 5.002733 -4.655138 1.977548
v 5.004011 -4.655062 1.978461
v 4.992971 -4.480491 1.315343
v 4.996892 -4.479878 1.310084
v 4.993242 -4.479927 1.312991
v 4.994085 -4.479613 1.311166
v 4.995363 -4.479597 1.310144
v 5.009500 -2.593243 3.781307
v 5.013437 -2.591143 3.779319
v 5.009786 -2.592114 3.780209
v 5.010633 -2.591316 3.779445
v 5.011919 -2.590975 3.779133
v 5.014799 -2.930003 4.109607
v 5.018655 -2.931802 4.111245
v 5.015108 -2.931102 4.110670
v 5.015951 -2.931830 4.111354
v 5.017194 -2.932076 4.111556
v 5.023767 -1.557939 4.607500
v 5.028120 -1.549485 4.611569
v 5.024126 -1.554756 4.609119
v 5.025079 -1.552031 4.610460
v 5.026483 -1.550182 4.611319
v 5.021364 -1.660116 4.282752
v 5.025407 -1.654725 4.282461
v 5.021688 -1.657725 4.282305
v 5.022569 -1.655862 4.282091
v 5.023874 -1.654808 4.282147
v 5.015256 -2.405815 4.443290
v 5.019014 -2.410469 4.443162
v 5.015527 -2.408008 4.443676
v 5.016336 -2.409660 4.443787
v 5.017564 -2.410528 4.443606
v 5.118810 -3.763149 3.305035
v 5.122575 -3.758796 3.300453
v 5.120267 -3.762406 3.304250
v 5.121496 -3.761318 3.303104
v 5.122308 -3.760051 3.301771
v 5.116056 -3.092521 3.443788
v 5.120096 -3.096602 3.448050
v 5.117586 -3.093159 3.444449
v 5.118890 -3.094157 3.445491
v 5.119771 -3.095366 3.446756
v 5.120851 -3.351380 3.715210
v 5.124620 -3.347038 3.710639
v 5.122308 -3.350639 3.714425
v 5.123537 -3.349553 3.713281
v 5.124349 -3.348289 3.711952
v 5.114015 -3.504299 3.033623
v 5.118055 -3.508383 3.037889
v 5.115545 -3.504936 3.034286
v 5.116849 -3.505935 3.035327
v 5.117731 -3.507147 3.036593
v 5.111280 -3.851164 2.598524
v 5.115327 -3.855274 2.602816
v 5.112813 -3.851805 2.599189
v 5.114122 -3.852810 2.600237
v 5.115003 -3.854030 2.601511
v 5.116079 -4.110437 2.870379
v 5.119859 -4.106053 2.865762
v 5.117544 -4.109693 2.869590
v 5.118776 -4.108597 2.868435
v 5.119585 -4.107318 2.867091
v 5.112791 -4.388671 2.425047
v 5.116582 -4.384317 2.420232
v 5.114259 -4.387926 2.424242
v 5.115495 -4.386836 2.423044
v 5.116312 -4.385570 2.421636
v 5.107885 -4.135313 2.139994
v 5.111944 -4.139383 2.144475
v 5.109422 -4.135950 2.140672
v 5.110731 -4.136947 2.141762
v 5.111619 -4.138152 2.143097
v 5.101179 -4.737212 1.231300
v 5.105424 -4.732444 1.241892
v 5.102773 -4.736798 1.232048
v 5.104139 -4.735746 1.234322
v 5.105073 -4.734218 1.237778
v 5.108747 -4.618477 1.939956
v 5.112527 -4.615813 1.931296
v 5.110219 -4.617859 1.938855
v 5.111455 -4.617135 1.936823
v 5.112268 -4.616417 1.934168
v 5.101121 -4.507714 1.338784
v 5.105215 -4.510088 1.347085
v 5.102659 -4.508223 1.339753
v 5.103975 -4.508852 1.341671
v 5.104875 -4.509507 1.344244
v 5.117700 -2.618988 3.808029
v 5.121736 -2.623259 3.812194
v 5.119230 -2.619640 3.808682
v 5.120534 -2.620680 3.809704
v 5.121416 -2.621951 3.810937
v 5.122011 -2.895573 4.072768
v 5.125795 -2.891055 4.068305
v 5.123472 -2.894817 4.071991
v 5.124704 -2.893694 4.070869
v 5.125520 -2.892373 4.069576
v 5.131330 -1.545354 4.606753
v 5.135366 -1.554724 4.601648
v 5.132909 -1.546016 4.606304
v 5.134229 -1.548029 4.605178
v 5.135095 -1.551086 4.603543
v 5.129663 -1.682571 4.311169
v 5.133577 -1.690915 4.313229
v 5.131185 -1.683534 4.311663
v 5.132463 -1.685456 4.312228
v 5.133302 -1.688048 4.312779
v 5.122350 -2.374246 4.404690
v 5.126272 -2.366243 4.402378
v 5.123830 -2.373223 4.404074
v 5.125093 -2.371344 4.403419
v 5.125951 -2.368893 4.402823
v 5.070764 -2.103671 4.590806
v 5.070692 -2.111852 4.588492
v 5.074483 -2.106829 4.589247
v 5.070734 -2.105670 4.590585
v 5.070711 -2.107925 4.590067
v 5.070695 -2.110097 4.589330
v 5.088586 -0.990536 4.625799
v 5.088575 -0.991055 4.627524
v 5.088598 -0.989676 4.627435
v 5.044187 -4.734511 0.768821
v 5.044202 -4.736252 0.769294
v 5.044187 -4.736109 0.767902
v 5.187421 -5.213285 2.452419
v 5.182798 -5.217970 2.452168
v 5.187078 -5.215062 2.451711
v 5.186082 -5.216575 2.451416
v 5.184579 -5.217597 2.451576
v 2.603845 -5.264643 5.025884
v 2.603631 -5.269050 5.021543
v 2.603059 -5.266358 5.025535
v 2.602743 -5.267799 5.024587
v 2.602945 -5.268744 5.023186
v 2.608701 -5.230972 2.480989
v 2.608198 -5.232297 2.480451
v 2.608388 -5.234180 2.480511
v 5.162767 -2.691583 5.048240
v 5.167329 -2.691471 5.043611
v 5.164514 -2.690848 5.047888
v 5.165998 -2.690569 5.046882
v 5.166986 -2.690789 5.045381
v 5.169515 -2.656279 2.503345
v 5.173013 -2.656774 2.503709
v 5.170846 -2.655773 2.502845
v 5.172739 -2.656042 2.503044
v 2.588624 -2.707410 5.073776
v 2.589506 -2.708042 5.077205
v 2.588151 -2.706945 5.075109
v 2.588151 -2.706901 5.076229
v 5.179735 -4.727977 2.687634
v 5.184026 -4.732577 2.685356
v 5.181367 -4.728323 2.687449
v 5.182756 -4.729318 2.686950
v 5.183691 -4.730810 2.686216
v 5.166086 -2.927743 4.559389
v 5.161813 -2.930005 4.554844
v 5.165758 -2.928603 4.557636
v 5.164827 -2.929335 4.556156
v 5.163446 -2.929827 4.555176
v 5.175817 -2.891010 2.718910
v 5.171583 -2.893270 2.721012
v 5.175500 -2.891870 2.719703
v 5.174585 -2.892601 2.720380
v 5.173212 -2.893092 2.720838
v 2.869455 -4.788505 5.028116
v 2.867364 -4.793053 5.032310
v 2.869421 -4.788875 5.029739
v 2.869012 -4.789869 5.031107
v 2.868291 -4.791337 5.032009
v 4.690771 -2.935586 5.044325
v 4.695413 -2.933284 5.048580
v 4.691137 -2.935433 5.045955
v 4.692148 -2.934941 5.047336
v 4.693651 -2.934189 5.048258
v 2.859029 -2.942977 5.070171
v 2.861276 -2.945200 5.065853
v 2.860010 -2.943849 5.069824
v 2.860780 -2.944579 5.068878
v 2.861223 -2.945054 5.067486
v 4.681036 -5.223731 2.667064
v 4.676523 -5.219527 2.669497
v 4.679315 -5.223428 2.667840
v 4.677854 -5.222521 2.668573
v 4.676874 -5.221152 2.669155
v 2.858285 -5.258573 4.548200
v 2.860460 -5.254224 4.544197
v 2.859125 -5.258218 4.546642
v 2.859834 -5.257262 4.545336
v 2.860300 -5.255860 4.544475
v 2.837499 -5.235521 2.687879
v 2.839448 -5.231288 2.690166
v 2.838251 -5.235202 2.688598
v 2.838884 -5.234287 2.689287
v 2.839303 -5.232911 2.689838
v 5.057855 -4.724245 2.690981
v 5.062112 -4.728447 2.688735
v 5.058179 -4.725857 2.690132
v 5.059099 -4.727222 2.689409
v 5.060480 -4.728130 2.688920
v 5.074827 -2.930409 4.555826
v 5.070528 -2.932475 4.551576
v 5.073194 -2.930572 4.555517
v 5.071802 -2.931023 4.554601
v 5.070867 -2.931691 4.553217
v 5.053957 -2.893735 2.722112
v 5.049745 -2.896824 2.725105
v 5.052331 -2.893977 2.722353
v 5.050962 -2.894648 2.723007
v 5.050054 -2.895647 2.723972
v 2.862638 -4.782566 4.936130
v 2.860948 -4.786911 4.940332
v 2.861867 -4.784204 4.936434
v 2.861272 -4.785606 4.937338
v 2.860952 -4.786557 4.938707
v 4.685480 -2.936016 4.948908
v 4.689779 -2.933932 4.953159
v 4.687112 -2.935196 4.949230
v 4.688501 -2.934512 4.950149
v 4.689435 -2.934069 4.951528
v 2.852735 -2.943535 4.973863
v 2.855363 -2.946458 4.969526
v 2.852815 -2.943734 4.972233
v 2.853342 -2.944359 4.970835
v 2.854234 -2.945315 4.969885
v 4.676031 -5.120997 2.681278
v 4.671773 -5.116813 2.683973
v 4.675699 -5.119377 2.681639
v 4.674772 -5.118012 2.682277
v 4.673395 -5.117110 2.683098
v 2.859922 -5.167247 4.545830
v 2.861967 -5.162895 4.541626
v 2.860067 -5.165609 4.545534
v 2.860509 -5.164207 4.544632
v 2.861177 -5.163255 4.543260
v 2.838949 -5.132735 2.701954
v 2.841970 -5.128533 2.705442
v 2.839174 -5.131118 2.702374
v 2.839826 -5.129750 2.703187
v 2.840806 -5.128842 2.704263
v 5.126459 -4.764830 4.517696
v 5.126451 -4.760656 4.522034
v 5.126462 -4.764538 4.519335
v 5.126462 -4.763643 4.520733
v 5.126459 -4.762281 4.521681
v 5.110170 -1.098454 4.585645
v 5.110189 -1.099757 4.588636
v 5.110170 -1.097646 4.586814
v 5.110178 -1.098353 4.588432
v 1.036249 -4.797293 5.005291
v 1.034940 -4.794261 5.005363
v 1.034826 -4.797070 5.005310
v 1.034120 -4.795429 5.005352
v 4.682096 -1.095678 5.034293
v 4.679090 -1.094452 5.034354
v 4.681863 -1.094278 5.034324
v 4.680234 -1.093616 5.034354
v 4.693006 -5.199014 4.524387
v 4.697221 -5.198921 4.520080
v 4.694635 -5.198998 4.524046
v 4.696008 -5.198975 4.523105
v 4.696916 -5.198949 4.521713
v 4.652292 -5.141608 0.829516
v 4.655336 -5.141607 0.830766
v 4.653444 -5.141587 0.828666
v 4.655088 -5.141587 0.829343
v 5.115385 -4.691593 0.858671
v 5.115369 -4.688555 0.857480
v 5.115381 -4.691336 0.857274
v 5.115373 -4.689692 0.856630
v 4.698453 -4.773843 4.963188
v 4.694211 -4.778123 4.963156
v 4.698133 -4.775473 4.963159
v 4.697217 -4.776860 4.963144
v 4.695840 -4.777791 4.963142
v 1.026079 -5.222418 4.562630
v 1.027372 -5.222457 4.565637
v 1.025228 -5.222457 4.564777
v 3.532705 -5.101649 3.523183
v 3.534593 -5.105531 3.524671
v 3.533864 -5.101967 3.524169
v 3.534631 -5.102813 3.524798
v 3.534887 -5.104068 3.524975
v 3.570249 -5.079690 2.789506
v 3.568159 -5.083616 2.787571
v 3.569074 -5.079970 2.788486
v 3.568262 -5.080815 2.787760
v 3.567941 -5.082095 2.787439
v 3.921113 -5.086459 3.091084
v 3.922994 -5.090343 3.092566
v 3.922269 -5.086775 3.092067
v 3.923032 -5.087623 3.092693
v 3.923284 -5.088876 3.092868
v 3.181863 -5.094876 3.221625
v 3.179769 -5.098805 3.219688
v 3.180688 -5.095159 3.220604
v 3.179876 -5.096003 3.219877
v 3.179552 -5.097284 3.219555
v 2.765249 -5.108361 3.590246
v 2.763132 -5.112291 3.588287
v 2.764062 -5.108642 3.589217
v 2.763246 -5.109486 3.588483
v 2.762918 -5.110768 3.588157
v 3.116495 -5.115139 3.892150
v 3.118410 -5.119033 3.893661
v 3.117666 -5.115458 3.893145
v 3.118440 -5.116307 3.893782
v 3.118700 -5.117562 3.893963
v 2.685930 -5.126693 4.192783
v 2.687997 -5.130603 4.194257
v 2.687162 -5.127011 4.193766
v 2.687986 -5.127866 4.194392
v 2.688280 -5.129128 4.194564
v 2.322130 -5.120183 3.897404
v 2.319860 -5.124121 3.895481
v 2.320886 -5.120462 3.896388
v 2.320016 -5.121310 3.895665
v 2.319654 -5.122595 3.895346
v 1.487546 -5.145141 4.569082
v 1.478525 -5.149457 4.573173
v 1.484136 -5.145525 4.570725
v 1.481222 -5.146481 4.572080
v 1.479249 -5.147861 4.572940
v 2.210351 -5.137197 4.448570
v 2.215368 -5.141069 4.448548
v 2.212717 -5.137490 4.448984
v 2.214498 -5.138330 4.449125
v 2.215429 -5.139588 4.448972
v 1.544111 -5.137083 4.308803
v 1.538896 -5.141088 4.308368
v 1.541738 -5.137387 4.308356
v 1.539915 -5.138255 4.308116
v 1.538919 -5.139557 4.308120
v 3.909524 -5.063057 2.298448
v 3.907503 -5.066981 2.296358
v 3.908372 -5.063335 2.297369
v 3.907587 -5.064178 2.296592
v 3.907281 -5.065460 2.296237
v 4.254335 -5.070386 2.617582
v 4.256135 -5.074283 2.619206
v 4.255460 -5.070706 2.618620
v 4.256196 -5.071557 2.619293
v 4.256433 -5.072812 2.619499
v 4.670946 -5.026658 1.227719
v 4.674787 -5.030513 1.218527
v 4.672456 -5.026864 1.224279
v 4.673715 -5.027667 1.221324
v 4.674531 -5.028949 1.219304
v 4.362272 -5.032057 1.345883
v 4.361833 -5.035871 1.340322
v 4.361726 -5.032292 1.343475
v 4.361452 -5.033100 1.341572
v 4.361490 -5.034355 1.340466
v 4.550272 -5.052564 2.077329
v 4.550413 -5.056581 2.082085
v 4.550767 -5.052922 2.079567
v 4.550966 -5.053812 2.081258
v 4.550840 -5.055096 2.082141
v 3.496141 -5.208728 3.487991
v 3.491403 -5.212481 3.483786
v 3.495344 -5.210183 3.487255
v 3.494165 -5.211409 3.486198
v 3.492780 -5.212215 3.484979
v 3.600107 -5.187926 2.811411
v 3.604642 -5.191983 2.815173
v 3.600828 -5.189459 2.811977
v 3.601942 -5.190768 2.812891
v 3.603281 -5.191653 2.814013
v 3.884538 -5.193539 3.055884
v 3.879812 -5.197292 3.051686
v 3.883741 -5.194996 3.055149
v 3.882566 -5.196218 3.054093
v 3.881185 -5.197024 3.052877
v 3.211717 -5.203115 3.243527
v 3.216257 -5.207170 3.247291
v 3.212438 -5.204650 3.244093
v 3.213552 -5.205956 3.245008
v 3.214895 -5.206844 3.246130
v 2.795076 -5.216592 3.612125
v 2.799646 -5.220652 3.615913
v 2.795801 -5.218125 3.612694
v 2.796922 -5.219438 3.613613
v 2.798273 -5.220324 3.614744
v 3.079965 -5.222212 3.856988
v 3.075193 -5.225971 3.852752
v 3.079164 -5.223670 3.856249
v 3.077978 -5.224896 3.855184
v 3.076581 -5.225704 3.853957
v 2.649560 -5.233746 4.157596
v 2.644594 -5.237527 4.153403
v 2.648744 -5.235211 4.156858
v 2.647516 -5.236444 4.155802
v 2.646059 -5.237257 4.154589
v 2.351800 -5.228410 3.919315
v 2.356554 -5.232473 3.923053
v 2.352537 -5.229945 3.919880
v 2.353700 -5.231256 3.920788
v 2.355108 -5.232146 3.921902
v 1.475328 -5.252738 4.566818
v 1.485734 -5.256670 4.561415
v 1.476083 -5.254309 4.566328
v 1.478323 -5.255610 4.565129
v 1.481714 -5.256437 4.563404
v 2.176954 -5.244164 4.411904
v 2.168233 -5.248046 4.409597
v 2.175848 -5.245645 4.411308
v 2.173803 -5.246902 4.410660
v 2.171125 -5.247745 4.410059
v 1.570833 -5.245367 4.332200
v 1.579317 -5.249356 4.334047
v 1.571855 -5.246900 4.332622
v 1.573827 -5.248197 4.333121
v 1.576448 -5.249060 4.333621
v 3.939447 -5.171289 2.320197
v 3.943899 -5.175350 2.324154
v 3.940160 -5.172823 2.320777
v 3.941259 -5.174133 2.321734
v 3.942571 -5.175022 2.322919
v 4.217683 -5.177465 2.582531
v 4.213052 -5.181216 2.578147
v 4.216897 -5.178920 2.581781
v 4.215738 -5.180147 2.580684
v 4.214387 -5.180952 2.579408
v 4.671590 -5.133768 1.212173
v 4.666833 -5.138269 1.222343
v 4.671190 -5.135386 1.212868
v 4.670145 -5.136811 1.215045
v 4.668615 -5.137823 1.218372
v 4.393777 -5.140174 1.364159
v 4.396253 -5.144379 1.372439
v 4.394342 -5.141719 1.365070
v 4.395010 -5.143061 1.366963
v 4.395681 -5.143995 1.369551
v 4.511976 -5.159730 2.045422
v 4.509374 -5.163370 2.037172
v 4.511339 -5.161184 2.044377
v 4.510622 -5.162387 2.042442
v 4.509935 -5.163155 2.039912
v 4.671510 -5.065796 0.662809
v 4.673189 -5.065798 0.663255
v 4.673059 -5.065757 0.661876
v 1.012388 -5.204456 4.589101
v 1.012949 -5.204505 4.590814
v 1.010953 -5.204505 4.590395
v 3.655973 -3.648304 4.975073
v 3.657289 -3.649822 4.979156
v 3.656946 -3.649418 4.975531
v 3.657537 -3.650098 4.976467
v 3.657659 -3.650239 4.977741
v 2.924207 -3.694123 4.924068
v 2.922082 -3.691710 4.927702
v 2.923166 -3.692935 4.924197
v 2.922399 -3.692060 4.924933
v 2.922018 -3.691630 4.926164
v 3.226907 -4.040354 4.975094
v 3.228216 -4.041865 4.979181
v 3.227876 -4.041464 4.975552
v 3.228467 -4.042143 4.976490
v 3.228586 -4.042284 4.977764
v 3.353292 -3.302094 4.924050
v 3.351163 -3.299672 4.927683
v 3.352251 -3.300903 4.924178
v 3.351480 -3.300028 4.924913
v 3.351099 -3.299595 4.926144
v 3.718881 -2.882661 4.917034
v 3.716726 -2.880211 4.920665
v 3.717832 -2.881461 4.917161
v 3.717054 -2.880572 4.917896
v 3.716665 -2.880134 4.919126
v 4.021917 -3.229273 4.968117
v 4.023248 -3.230811 4.972205
v 4.022893 -3.230394 4.968575
v 4.023492 -3.231079 4.969514
v 4.023614 -3.231226 4.970788
v 4.320791 -2.796730 4.954972
v 4.322076 -2.798405 4.959047
v 4.321752 -2.797905 4.955425
v 4.322336 -2.798634 4.956358
v 4.322450 -2.798808 4.957629
v 4.022409 -2.435769 4.905752
v 4.020280 -2.433154 4.909398
v 4.021371 -2.434504 4.905885
v 4.020597 -2.433564 4.906624
v 4.020216 -2.433091 4.907858
v 4.702981 -1.554845 4.942858
v 4.706197 -1.546579 4.947305
v 4.704351 -1.551839 4.943251
v 4.705446 -1.549212 4.944237
v 4.706094 -1.547366 4.945659
v 4.601579 -2.320476 4.935362
v 4.601560 -2.324461 4.939011
v 4.602041 -2.322534 4.935650
v 4.602201 -2.324016 4.936446
v 4.602033 -2.324691 4.937626
v 4.414419 -1.613469 4.930782
v 4.413499 -1.608063 4.934861
v 4.413839 -1.611138 4.931081
v 4.413461 -1.609290 4.931960
v 4.413343 -1.608210 4.933287
v 2.436067 -4.037884 4.915711
v 2.433790 -4.035543 4.919342
v 2.434968 -4.036726 4.915837
v 2.434152 -4.035872 4.916572
v 2.433736 -4.035460 4.917803
v 2.756250 -4.377877 4.967533
v 2.757703 -4.379310 4.971636
v 2.757276 -4.378963 4.967994
v 2.757913 -4.379614 4.968935
v 2.758062 -4.379737 4.970214
v 1.371816 -4.809022 4.899265
v 1.362478 -4.812588 4.903032
v 1.368379 -4.810536 4.899449
v 1.365396 -4.811743 4.900230
v 1.363325 -4.812465 4.901489
v 1.488096 -4.500031 4.882645
v 1.482362 -4.499305 4.886154
v 1.485677 -4.499490 4.882724
v 1.483736 -4.499162 4.883418
v 1.482572 -4.499096 4.884623
v 2.218809 -4.679011 4.951993
v 2.223375 -4.678754 4.956210
v 2.221029 -4.679451 4.952491
v 2.222677 -4.679558 4.953468
v 2.223501 -4.679313 4.954774
v 3.615819 -3.602765 5.076854
v 3.611444 -3.597772 5.079977
v 3.615018 -3.601853 5.078197
v 3.613904 -3.600585 5.079261
v 3.612649 -3.599154 5.079887
v 2.941377 -3.714154 5.035381
v 2.944978 -3.718289 5.039980
v 2.941877 -3.714731 5.036993
v 2.942739 -3.715721 5.038433
v 2.943826 -3.716969 5.039482
v 3.186750 -3.994813 5.076872
v 3.182374 -3.989822 5.079998
v 3.185949 -3.993898 5.078215
v 3.184835 -3.992630 5.079281
v 3.183580 -3.991200 5.079907
v 3.370458 -3.322118 5.035363
v 3.374063 -3.326259 5.039963
v 3.370958 -3.322697 5.036976
v 3.371820 -3.323686 5.038416
v 3.372911 -3.324937 5.039465
v 3.736021 -2.902655 5.028342
v 3.739656 -2.906825 5.032947
v 3.736524 -2.903235 5.029955
v 3.737390 -2.904233 5.031397
v 3.738489 -2.905492 5.032448
v 3.981779 -3.183757 5.069899
v 3.977384 -3.178745 5.073022
v 3.980978 -3.182843 5.071242
v 3.979860 -3.181569 5.072307
v 3.978597 -3.180128 5.072932
v 4.280614 -2.751352 5.056733
v 4.276277 -2.746170 5.059883
v 4.279813 -2.750425 5.058079
v 4.278707 -2.749114 5.059151
v 4.277467 -2.747620 5.059783
v 4.039571 -2.455598 5.017072
v 4.043169 -2.459964 5.021660
v 4.040071 -2.456195 5.018683
v 4.040933 -2.457235 5.020121
v 4.042017 -2.458558 5.021166
v 4.695234 -1.534413 5.049183
v 4.690664 -1.542589 5.053243
v 4.694749 -1.534880 5.050800
v 4.693708 -1.536595 5.052141
v 4.692274 -1.539302 5.052997
v 4.560098 -2.277412 5.036691
v 4.557355 -2.269436 5.040365
v 4.559419 -2.276272 5.038078
v 4.558660 -2.274356 5.039264
v 4.557935 -2.271956 5.040067
v 4.432794 -1.630506 5.042535
v 4.434877 -1.638312 5.046585
v 4.433176 -1.631364 5.044106
v 4.433710 -1.633150 5.045428
v 4.434305 -1.635589 5.046297
v 2.453084 -4.057986 5.027015
v 2.456880 -4.062029 5.031624
v 2.453599 -4.058555 5.028629
v 2.454500 -4.059526 5.030072
v 2.455652 -4.060743 5.031123
v 2.716245 -4.332266 5.069308
v 2.711679 -4.327371 5.072438
v 2.715425 -4.331360 5.070654
v 2.714273 -4.330112 5.071721
v 2.712957 -4.328707 5.072348
v 1.351484 -4.800385 5.005223
v 1.361417 -4.795162 5.009729
v 1.352106 -4.799835 5.006828
v 1.354211 -4.798650 5.008249
v 1.357481 -4.797009 5.009267
v 1.501657 -4.521747 4.993821
v 1.509756 -4.523772 4.998589
v 1.502500 -4.522164 4.995447
v 1.504335 -4.522696 4.996926
v 1.506883 -4.523262 4.998029
v 2.181932 -4.631728 5.053847
v 2.173524 -4.628891 5.056876
v 2.180818 -4.630975 5.055191
v 2.178831 -4.630173 5.056238
v 2.176271 -4.629441 5.056830
v 0.805727 -4.811147 4.913267
v 0.806180 -4.812815 4.913438
v 0.804235 -4.812349 4.913254
v 4.674684 -1.035328 5.020262
v 4.676580 -1.035721 5.020284
v 4.675344 -1.034156 5.020327
v 4.676370 -1.034371 5.020341
v 4.722921 -2.053309 4.976195
v 4.724832 -2.044798 4.976229
v 4.723722 -2.051519 4.976144
v 4.724367 -2.049271 4.976133
v 4.724756 -2.046912 4.976161
v 1.022172 -5.268755 4.565512
v 1.038934 -4.798990 5.052419
v 5.156675 -1.093108 4.589513
v 4.683633 -1.090554 5.084951
v 1.021253 -5.269056 4.565952
vn -0.9940 -0.0612 0.0902
vn -0.9999 -0.0060 0.0114
vn -0.9940 -0.0650 0.0875
vn 0.3656 -0.6168 0.6971
vn 0.4551 -0.6296 0.6297
vn 0.4551 -0.5902 0.6667
vn -0.9999 -0.0063 0.0113
vn -0.9966 0.0605 -0.0558
vn 0.2612 0.7544 -0.6021
vn 0.3530 0.7619 -0.5430
vn 0.2583 0.7873 -0.5599
vn -0.9999 -0.0063 0.0112
vn -0.9939 -0.0870 0.0672
vn -0.9942 -0.0805 0.0717
vn 0.3644 -0.5754 0.7322
vn 0.4539 -0.5507 0.7005
vn 0.2608 0.5887 -0.7651
vn 0.3520 0.5067 -0.7870
vn 0.3561 0.5697 -0.7407
vn 0.2630 0.6802 -0.6842
vn 0.3574 0.6964 -0.6223
vn 0.2622 0.7197 -0.6429
vn -0.9940 -0.0785 0.0757
vn -0.9942 -0.0725 0.0796
vn -0.9967 0.0622 -0.0521
vn 0.3490 0.7951 -0.4960
vn 0.2544 0.8211 -0.5110
vn 0.3473 -0.8247 0.4464
vn 0.4430 -0.7619 0.4725
vn 0.3533 -0.7945 0.4940
vn 0.3581 -0.7623 0.5391
vn 0.4515 -0.6988 0.5548
vn 0.3615 -0.7298 0.5803
vn 0.3433 0.8279 -0.4435
vn 0.2494 0.8543 -0.4561
vn 0.3379 0.8512 -0.4016
vn 0.2458 0.8772 -0.4124
vn 0.3389 -0.8657 0.3683
vn 0.4295 -0.8174 0.3840
vn 0.3420 -0.8498 0.4011
vn -0.9938 -0.0909 0.0635
vn 0.3352 0.8613 -0.3819
vn 0.2441 0.8870 -0.3920
vn 0.3602 0.6970 -0.6200
vn 0.0791 0.8580 -0.5075
vn 0.2793 -0.9471 0.1578
vn 0.4238 -0.8341 0.3530
vn -0.9939 -0.0965 0.0542
vn -0.9938 -0.0953 0.0581
vn 0.3627 -0.5357 0.7626
vn 0.4516 -0.5128 0.7302
vn 0.3602 -0.5021 0.7862
vn 0.4489 -0.4805 0.7534
vn 0.2535 0.4592 -0.8514
vn 0.3427 0.4135 -0.8435
vn 0.3463 0.4453 -0.8257
vn -0.9966 0.0575 -0.0598
vn 0.3610 -0.4799 0.7996
vn 0.4469 -0.4597 0.7675
vn 0.3638 -0.4388 0.8217
vn 0.4353 -0.4300 0.7909
vn 0.2514 0.4266 -0.8688
vn 0.3611 0.6445 -0.6739
vn -1.0000 0.0021 0.0087
vn -0.9966 0.0497 -0.0657
vn -0.9999 -0.0038 0.0114
vn 0.5264 -0.6014 0.6011
vn 0.5260 -0.5643 0.6363
vn 0.9999 0.0063 -0.0113
vn 0.9974 -0.0620 0.0369
vn 0.3557 0.7300 -0.5836
vn 0.4333 0.7342 -0.5227
vn 0.9955 0.0764 -0.0553
vn 0.9955 0.0798 -0.0511
vn 0.5243 -0.5264 0.6693
vn 0.5225 -0.4902 0.6976
vn 0.3581 0.6580 -0.6624
vn 0.4385 0.5931 -0.6753
vn 0.4390 0.6330 -0.6376
vn 0.4379 0.6702 -0.5992
vn 0.3578 0.6165 -0.7014
vn 0.4366 0.5478 -0.7137
vn 0.4539 -0.6660 0.5920
vn 0.4480 -0.7304 0.5156
vn 0.5229 -0.6678 0.5297
vn 0.5188 -0.6986 0.4927
vn 0.4226 0.7988 -0.4282
vn 0.9955 0.0734 -0.0593
vn 0.4366 -0.7918 0.4272
vn 0.5138 -0.7293 0.4518
vn 0.5074 -0.7588 0.4084
vn 0.4129 0.8325 -0.3695
vn 0.9951 0.0861 -0.0485
vn 0.5005 -0.7836 0.3680
vn 0.3745 -0.9132 0.1607
vn 0.4945 -0.8002 0.3394
vn 0.5184 0.6382 -0.5692
vn 0.9975 -0.0453 0.0534
vn 0.9999 0.0060 -0.0113
vn 0.4323 0.4873 -0.7587
vn 0.4251 0.4280 -0.7976
vn 0.5189 -0.4601 0.7205
vn 0.5151 -0.4409 0.7351
vn 0.9999 0.0037 -0.0111
vn 0.9968 -0.0437 0.0662
vn 0.9975 -0.0418 0.0575
vn 0.4199 0.3978 -0.8157
vn 0.5249 0.5925 -0.6111
vn 0.4776 -0.2453 0.8436
vn 0.2626 0.6372 -0.7246
vn -0.0520 -0.0162 0.9985
vn 0.3487 -0.0535 0.9357
vn 0.0486 -0.0486 0.9976
vn 0.3845 -0.2590 0.8860
vn 0.9955 0.0603 -0.0725
vn 0.9955 0.0556 -0.0761
vn 0.4361 0.7027 -0.5621
vn 0.9956 0.0631 -0.0690
vn -1.0000 0.0097 0.0015
vn -0.9961 0.0509 -0.0723
vn -0.9941 -0.0697 0.0833
vn 0.9958 0.0361 -0.0846
vn 0.9999 -0.0117 0.0026
vn 1.0000 -0.0029 -0.0070
vn -0.0627 -0.9978 -0.0234
vn -0.2350 -0.9702 -0.0589
vn 0.0405 -0.9991 0.0093
vn -0.0899 -0.9959 -0.0098
vn 0.1411 -0.9896 0.0271
vn 0.9974 -0.0638 0.0324
vn 0.3640 -0.6958 0.6192
vn 0.9976 -0.0479 0.0502
vn 0.9999 0.0062 -0.0113
vn 0.5252 -0.6363 0.5651
vn -0.9953 0.0140 0.0958
vn -0.9950 0.0559 -0.0831
vn -0.9911 -0.0214 0.1312
vn -0.9957 -0.0456 0.0801
vn 0.9927 -0.0443 0.1117
vn 0.9955 -0.0506 0.0804
vn 0.9962 0.0279 -0.0831
vn 0.9946 -0.0230 0.1012
vn -0.9934 -0.1024 0.0514
vn -0.9966 0.0702 -0.0442
vn 0.4299 0.7654 -0.4788
vn 0.9969 -0.0754 0.0229
vn 0.9999 0.0064 -0.0114
vn -0.9965 0.0685 -0.0480
vn -0.9964 0.0744 -0.0399
vn 0.9956 0.0674 -0.0659
vn 0.2582 0.5230 -0.8123
vn 0.1260 0.9907 -0.0505
vn -0.0038 0.9998 0.0200
vn -0.0055 0.9969 -0.0780
vn 0.9956 0.0468 -0.0808
vn -0.9999 -0.0063 0.0114
vn -0.9926 -0.1166 0.0347
vn -0.9959 0.0854 -0.0297
vn -0.9947 -0.1025 0.0073
vn 0.9950 0.0884 -0.0472
vn 0.9961 -0.0875 -0.0084
vn 0.9990 -0.0104 -0.0443
vn 0.9962 -0.0863 0.0103
vn -0.2522 0.0262 0.9673
vn -0.4199 0.0889 0.9032
vn -0.9946 -0.0535 0.0889
vn -0.0927 -0.0173 0.9955
vn 0.9971 -0.0717 0.0248
vn 0.3647 -0.6580 0.6588
vn 0.9955 0.0712 -0.0632
vn 0.9973 -0.0680 0.0285
vn -0.9963 0.0787 -0.0348
vn 0.4166 0.8221 -0.3881
vn 0.4495 -0.8778 0.1654
vn 0.9976 -0.0567 0.0395
vn 0.9975 -0.0564 0.0429
vn 0.9976 -0.0513 0.0464
vn -0.9967 0.0519 -0.0627
vn -0.9959 0.0847 -0.0314
vn 0.0074 -1.0000 0.0015
vn 0.0060 -0.9999 -0.0131
vn 0.0057 -0.9999 -0.0148
vn 0.0956 -0.0623 -0.9935
vn -0.0114 0.0187 -0.9998
vn -0.0107 -0.0742 -0.9972
vn 0.0383 -0.1891 -0.9812
vn -0.0107 -0.0796 -0.9968
vn -0.0914 -0.9892 -0.1142
vn 0.0062 -0.9998 -0.0188
vn -0.0938 -0.9954 -0.0176
vn 0.0073 -0.0291 0.9995
vn 0.0099 -0.0185 0.9998
vn 0.0949 -0.1020 0.9902
vn 0.1035 0.9944 0.0205
vn -0.0027 0.9949 0.1008
vn -0.9999 -0.0047 0.0108
vn -0.9796 -0.1104 0.1678
vn -0.9940 -0.0064 0.1092
vn 0.0753 -0.9960 0.0487
vn -0.0225 -0.9984 0.0514
vn 0.9999 -0.0102 -0.0020
vn 0.9999 0.0107 -0.0013
vn 1.0000 0.0036 0.0024
vn 0.0940 0.9953 0.0227
vn -0.0050 0.9998 0.0186
vn 0.0771 0.9970 0.0009
vn 0.9940 0.0064 -0.1093
vn 0.9962 -0.0668 0.0567
vn 0.9968 -0.0675 -0.0435
vn -0.1006 0.9882 0.1157
vn -0.0039 0.9932 0.1164
vn 1.0000 0.0065 -0.0039
vn 0.9902 0.1039 -0.0930
vn 0.0106 -0.0201 0.9997
vn -0.1369 0.1275 0.9824
vn -0.1679 -0.0228 0.9855
vn 0.0114 -0.0194 0.9997
vn 0.0804 -0.7176 0.6918
vn 0.0085 -0.6616 0.7498
vn 0.0281 -0.6840 0.7289
vn 0.0934 0.0185 -0.9955
vn -0.0118 0.1157 -0.9932
vn -0.0114 0.0181 -0.9998
vn 0.0042 -0.9999 -0.0161
vn 0.0073 -0.9964 0.0845
vn 0.0056 -0.9999 -0.0138
vn 0.1547 -0.9845 -0.0822
vn 0.9992 0.0326 -0.0239
vn 1.0000 0.0049 0.0044
vn 0.9955 0.0944 0.0072
vn -0.0736 -0.7527 0.6543
vn 0.0093 -0.7203 0.6936
vn -0.4218 0.7729 -0.4740
vn -0.5798 0.5816 -0.5706
vn -0.6089 0.6101 -0.5069
vn 0.0108 -0.0195 0.9998
vn 0.0120 -0.1129 0.9935
vn 0.1097 -0.1123 0.9876
vn 0.0060 -0.9999 -0.0128
vn -0.0832 -0.9965 -0.0116
vn 1.0000 0.0049 -0.0050
vn 0.9953 0.0062 -0.0966
vn 0.9959 -0.0902 0.0016
vn 0.9812 -0.0405 -0.1887
vn 0.1038 -0.9945 -0.0131
vn -0.9877 0.0639 0.1430
vn -0.9955 0.0935 0.0130
vn 0.7767 -0.6153 -0.1344
vn 0.7105 -0.6992 -0.0786
vn 0.7125 -0.6999 -0.0497
vn 0.0082 -0.9999 -0.0142
vn -0.1586 -0.9863 0.0442
vn 0.6526 -0.7569 -0.0350
vn 0.6747 -0.7343 0.0749
vn -0.9932 -0.0068 0.1160
vn -0.9964 -0.0847 0.0089
vn 0.9999 0.0118 -0.0035
vn 0.9941 0.0032 0.1086
vn 0.9927 -0.0833 0.0876
vn 0.0232 -0.0153 0.9996
vn 0.0117 -0.0202 0.9997
vn 0.0113 0.0738 0.9972
vn -0.0195 -0.9991 -0.0371
vn 0.9358 0.3520 0.0207
vn 0.1562 0.9803 0.1212
vn 0.0951 0.9953 0.0188
vn -0.0815 -0.1066 -0.9910
vn -0.1087 0.0180 -0.9939
vn 0.7140 -0.1151 0.6907
vn 0.6532 -0.1451 0.7432
vn 0.7159 -0.0793 0.6937
vn -0.6017 0.5346 -0.5935
vn -0.5266 0.6072 -0.5950
vn -0.4917 0.5108 -0.7052
vn 0.7859 -0.0525 0.6161
vn 0.8382 -0.0015 0.5454
vn -0.9894 -0.1315 -0.0613
vn -0.9940 -0.1087 0.0099
vn 0.1085 -0.0194 0.9939
vn 0.0112 -0.0203 0.9997
vn -0.0042 0.9965 0.0829
vn -0.1030 0.9945 0.0192
vn 0.0233 0.1704 0.9851
vn -0.7272 0.4990 -0.4714
vn 0.1176 -0.9883 0.0969
vn -0.1073 -0.0790 -0.9911
vn 0.7076 -0.1752 0.6845
vn 0.7346 -0.2167 0.6430
vn 0.6770 -0.2888 0.6770
vn 0.0868 0.0185 -0.9961
vn 0.1676 -0.6344 0.7546
vn 0.0107 -0.7741 0.6330
vn 0.1079 -0.7165 0.6892
vn 0.7612 -0.6341 -0.1360
vn 0.7117 -0.7022 0.0198
vn -0.9900 0.0892 0.1097
vn 0.6289 -0.7662 0.1320
vn 0.9999 0.0064 0.0101
vn 0.9920 -0.0854 0.0929
vn -0.0384 -0.0336 -0.9987
vn -0.0109 -0.0631 -0.9979
vn 0.1484 -0.0852 -0.9853
vn 0.0914 0.9927 -0.0781
vn -0.0112 0.0012 0.9999
vn -0.0857 0.0783 0.9932
vn 0.0114 -0.0181 0.9998
vn 0.0108 0.0803 0.9967
vn 0.0820 -0.0878 0.9928
vn 0.0901 0.0136 0.9958
vn 0.0050 -0.9927 -0.1201
vn 0.0238 -0.9995 -0.0194
vn 0.0050 -0.9932 -0.1163
vn 0.0793 -0.9956 -0.0506
vn -0.9962 -0.0045 -0.0867
vn -0.9924 -0.1226 0.0091
vn 0.9949 0.1004 -0.0093
vn 0.9974 0.0347 0.0637
vn 0.9890 0.1023 -0.1064
vn 0.9999 0.0046 -0.0113
vn -0.0785 -0.0207 0.9967
vn -0.0869 -0.0185 0.9960
vn -0.0194 -0.0923 0.9955
vn 0.1141 0.9793 0.1674
vn 0.1128 -0.9895 0.0908
vn -0.9957 -0.0210 0.0907
vn -0.9940 -0.0913 0.0610
vn -0.9864 -0.1630 0.0234
vn 0.0779 0.9937 0.0812
vn -0.0062 0.9995 0.0296
vn 0.0734 0.9937 0.0852
vn 0.7343 -0.3662 0.5715
vn 0.6692 -0.4575 0.5855
vn 0.7042 -0.4559 0.5444
vn -0.0759 0.9966 -0.0331
vn -0.6356 -0.2543 -0.7289
vn -0.5752 -0.3456 -0.7415
vn -0.5951 -0.2505 -0.7636
vn 0.0547 0.9928 0.1069
vn 0.0579 0.9931 0.1021
vn 0.7675 -0.3636 0.5280
vn 0.7362 -0.4530 0.5027
vn -0.7894 -0.2621 -0.5552
vn -0.8043 -0.3552 -0.4764
vn -0.7623 -0.3569 -0.5399
vn -0.7134 -0.2607 -0.6504
vn -0.6509 -0.3530 -0.6721
vn -0.6741 -0.2572 -0.6924
vn 0.0624 0.9931 0.0990
vn 0.0659 0.9934 0.0942
vn -0.0732 0.9966 -0.0382
vn -0.5301 -0.3399 -0.7769
vn -0.5479 -0.2455 -0.7997
vn 0.4942 -0.3583 0.7921
vn 0.5189 -0.4514 0.7260
vn 0.5400 -0.3636 0.7591
vn 0.5840 -0.3651 0.7250
vn 0.5980 -0.4569 0.6585
vn 0.6236 -0.3667 0.6904
vn -0.4794 -0.3325 -0.8122
vn -0.4948 -0.2395 -0.8353
vn -0.4389 -0.3258 -0.8374
vn -0.4526 -0.2330 -0.8607
vn 0.4183 -0.3518 0.8374
vn 0.4331 -0.4408 0.7862
vn 0.4504 -0.3534 0.8199
vn 0.0496 0.9927 0.1100
vn -0.4198 -0.3225 -0.8484
vn -0.4328 -0.2308 -0.8715
vn -0.5215 -0.3396 -0.7828
vn -0.5508 -0.0661 -0.8320
vn 0.2114 -0.2975 0.9310
vn 0.4029 -0.4361 0.8046
vn -0.0061 0.9995 0.0296
vn 0.0413 0.9920 0.1195
vn 0.0458 0.9923 0.1155
vn 0.7972 -0.3619 0.4831
vn 0.7659 -0.4490 0.4603
vn 0.8241 -0.3552 0.4413
vn 0.7916 -0.4441 0.4197
vn -0.8671 -0.2594 -0.4252
vn -0.8544 -0.3495 -0.3845
vn -0.8387 -0.3519 -0.4156
vn -0.0801 0.9964 -0.0292
vn 0.8403 -0.3535 0.4110
vn 0.8083 -0.4402 0.3911
vn 0.9361 -0.2997 0.1839
vn 0.9004 -0.3951 0.1822
vn -0.8830 -0.2562 -0.3933
vn -0.6994 -0.3588 -0.6182
vn -0.0874 0.9960 -0.0182
vn 0.6403 -0.5288 0.5571
vn 0.6740 -0.5267 0.5180
vn 0.0062 -0.9995 -0.0296
vn 0.0570 -0.9978 0.0353
vn 0.0061 -0.9995 -0.0296
vn -0.6140 -0.3498 -0.7076
vn -0.5525 -0.4265 -0.7161
vn -0.0417 -0.9944 -0.0976
vn -0.0376 -0.9942 -0.1010
vn 0.7047 -0.5242 0.4782
vn 0.7335 -0.5198 0.4380
vn -0.6889 -0.3554 -0.6317
vn -0.6968 -0.4381 -0.5679
vn -0.6616 -0.4360 -0.6101
vn -0.6252 -0.4333 -0.6491
vn -0.7258 -0.3567 -0.5882
vn -0.7324 -0.4376 -0.5217
vn 0.6334 -0.4578 0.6239
vn 0.5604 -0.4548 0.6922
vn 0.5727 -0.5277 0.6273
vn 0.5367 -0.5264 0.6595
vn -0.4611 -0.4125 -0.7857
vn -0.0452 -0.9945 -0.0940
vn 0.4751 -0.4465 0.7582
vn 0.4978 -0.5218 0.6928
vn 0.4561 -0.5177 0.7239
vn -0.4049 -0.3997 -0.8224
vn -0.0355 -0.9937 -0.1062
vn 0.4167 -0.5114 0.7515
vn 0.2243 -0.3669 0.9028
vn 0.3885 -0.5054 0.7705
vn -0.4797 -0.4717 -0.7398
vn 0.0729 -0.9972 0.0172
vn -0.7730 -0.4363 -0.4605
vn -0.8082 -0.4298 -0.4026
vn 0.7582 -0.5151 0.3997
vn 0.7753 -0.5097 0.3730
vn 0.0798 -0.9968 0.0101
vn 0.0763 -0.9970 0.0136
vn -0.8241 -0.4263 -0.3730
vn -0.7931 -0.4635 -0.3953
vn 0.8651 -0.4668 0.1835
vn -0.7516 -0.2620 -0.6054
vn 0.9974 0.0709 -0.0143
vn 0.9994 -0.0319 0.0143
vn 0.9909 -0.1319 0.0285
vn -0.0583 -0.9950 -0.0807
vn -0.0607 -0.9953 -0.0760
vn -0.5898 -0.4302 -0.6834
vn -0.0546 -0.9950 -0.0840
vn -0.0930 0.9956 -0.0134
vn 0.0697 0.9935 0.0897
vn -0.0697 -0.9953 -0.0669
vn 0.0269 0.0387 0.9989
vn -0.0895 0.1884 0.9780
vn 0.0575 -0.0968 0.9936
vn -0.0410 0.0019 0.9992
vn 0.0759 -0.2005 0.9767
vn 0.0530 -0.9979 0.0383
vn 0.6603 -0.3689 0.6541
vn 0.0704 -0.9973 0.0215
vn 0.6063 -0.5288 0.5939
vn 0.0902 0.9956 0.0263
vn -0.0982 0.9951 -0.0113
vn 0.1018 0.9933 0.0552
vn 0.0852 0.9936 0.0744
vn 0.0971 -0.9953 -0.0060
vn 0.0822 -0.9966 0.0081
vn -0.0738 -0.9952 -0.0649
vn 0.1013 -0.9945 -0.0262
vn 0.0390 0.9916 0.1234
vn -0.0655 0.9968 -0.0451
vn -0.5095 -0.4203 -0.7509
vn 0.0446 -0.9977 0.0507
vn 0.0060 -0.9995 -0.0297
vn -0.0689 0.9968 -0.0412
vn -0.0612 0.9969 -0.0490
vn -0.0511 -0.9949 -0.0873
vn -0.8323 -0.2613 -0.4888
vn 0.1256 -0.1636 -0.9785
vn 0.0744 -0.0815 -0.9939
vn 0.1299 -0.1595 -0.9786
vn -0.0639 -0.9955 -0.0705
vn -0.0060 0.9995 0.0297
vn 0.0230 0.9902 0.1379
vn -0.0520 0.9968 -0.0611
vn -0.0050 0.9921 0.1254
vn -0.0339 -0.9936 -0.1081
vn 0.0138 -0.9978 0.0647
vn -0.0257 -0.9996 -0.0123
vn 0.0322 -0.9976 0.0615
vn 0.9611 0.2720 -0.0472
vn 0.8848 0.4546 -0.1026
vn 0.0815 0.9937 0.0766
vn 0.9636 -0.0631 -0.2596
vn 0.0461 -0.9979 0.0465
vn 0.6985 -0.3661 0.6149
vn -0.0487 -0.9946 -0.0912
vn 0.0498 -0.9978 0.0428
vn -0.0564 0.9970 -0.0530
vn -0.4225 -0.4046 -0.8110
vn 0.2246 -0.4328 0.8730
vn 0.0603 -0.9977 0.0319
vn 0.0632 -0.9976 0.0283
vn 0.0667 -0.9975 0.0250
vn -0.0831 0.9963 -0.0240
vn -0.0531 0.9969 -0.0575
vn 0.5580 -0.6941 0.4548
vn 0.5677 -0.6212 0.5402
vn 0.5268 -0.6565 0.5398
vn 0.0108 -0.0118 -0.9999
vn -0.7427 0.6490 0.1650
vn -0.7590 0.5967 0.2604
vn -0.7771 0.6081 0.1625
vn 0.1509 -0.1402 -0.9786
vn 0.1465 -0.1439 -0.9787
vn 0.5149 -0.7280 0.4527
vn 0.4855 -0.6891 0.5380
vn -0.5703 0.8044 0.1667
vn -0.4958 0.8281 0.2615
vn -0.5591 0.7859 0.2640
vn -0.6652 0.7280 0.1661
vn -0.6905 0.6734 0.2641
vn -0.7065 0.6880 0.1659
vn 0.1430 -0.1480 -0.9786
vn 0.1389 -0.1519 -0.9786
vn 0.0071 -0.0159 -0.9998
vn -0.7961 0.5480 0.2569
vn -0.8147 0.5575 0.1595
vn 0.7699 -0.4652 0.4369
vn 0.7065 -0.4720 0.5272
vn 0.7440 -0.5010 0.4420
vn 0.7108 -0.5432 0.4469
vn 0.6403 -0.5497 0.5365
vn 0.6760 -0.5825 0.4514
vn -0.8402 0.4808 0.2508
vn -0.8584 0.4894 0.1538
vn -0.8762 0.4158 0.2437
vn -0.8929 0.4252 0.1480
vn 0.7873 -0.4345 0.4373
vn 0.7461 -0.4183 0.5181
vn 0.7830 -0.4438 0.4358
vn 0.1549 -0.1362 -0.9785
vn -0.8927 0.3818 0.2395
vn -0.9080 0.3924 0.1466
vn -0.8740 0.4203 0.2440
vn -0.8736 0.4861 0.0233
vn 0.8068 -0.3937 0.4406
vn 0.7516 -0.4101 0.5166
vn 0.0755 -0.0681 -0.9948
vn 0.1262 -0.1085 -0.9861
vn 0.1532 -0.1300 -0.9796
vn 0.4708 -0.7589 0.4500
vn 0.4434 -0.7194 0.5347
vn 0.4288 -0.7854 0.4464
vn 0.4033 -0.7457 0.5303
vn -0.4407 0.8829 0.1621
vn -0.4040 0.8784 0.2555
vn -0.4351 0.8627 0.2578
vn 0.0153 -0.0083 -0.9998
vn 0.3984 -0.8017 0.4456
vn 0.3749 -0.7630 0.5266
vn 0.1749 -0.9046 0.3888
vn 0.1687 -0.8605 0.4806
vn -0.4085 0.8982 0.1625
vn -0.5042 0.8227 0.2626
vn 0.0744 -0.0814 -0.9939
vn 0.0263 -0.0009 -0.9997
vn 0.5362 -0.5868 0.6068
vn 0.4970 -0.6203 0.6068
vn -0.0744 0.0815 0.9939
vn -0.0090 0.0311 0.9995
vn -0.7256 0.6361 0.2626
vn -0.7372 0.5815 0.3440
vn -0.1443 0.1246 0.9817
vn -0.0715 0.0632 0.9954
vn -0.1530 0.0977 0.9834
vn 0.4578 -0.6518 0.6047
vn 0.4177 -0.6809 0.6016
vn -0.6504 0.7119 0.2650
vn -0.5907 0.7278 0.3484
vn -0.6323 0.6919 0.3485
vn -0.6709 0.6551 0.3476
vn -0.6072 0.7491 0.2649
vn -0.5445 0.7632 0.3480
vn 0.6058 -0.5852 0.5390
vn 0.6739 -0.5120 0.5327
vn 0.6057 -0.5184 0.6036
vn 0.6384 -0.4831 0.5992
vn -0.8187 0.4679 0.3329
vn -0.1382 0.1312 0.9817
vn -0.0748 0.0800 0.9940
vn 0.7321 -0.4380 0.5217
vn 0.6698 -0.4448 0.5946
vn 0.6950 -0.4125 0.5889
vn -0.8729 0.3684 0.3199
vn -0.0509 0.0280 0.9983
vn -0.1603 0.0578 0.9854
vn 0.7099 -0.3944 0.5836
vn 0.7746 -0.3749 0.5093
vn 0.7187 -0.3885 0.5767
vn -0.8360 0.3927 0.3833
vn -0.0270 0.0149 0.9995
vn -0.4836 0.8047 0.3444
vn -0.4253 0.8389 0.3397
vn 0.3799 -0.7065 0.5971
vn 0.3535 -0.7240 0.5923
vn -0.0342 0.0081 0.9994
vn -0.0306 0.0115 0.9995
vn -0.3959 0.8551 0.3348
vn -0.5949 0.6707 0.4429
vn 0.1666 -0.8186 0.5498
vn -0.6203 0.7664 0.1670
vn -0.0062 -0.9999 0.0160
vn 0.0178 -0.9926 0.1205
vn 0.0274 -0.9749 0.2207
vn -0.1251 0.1443 0.9816
vn -0.1210 0.1475 0.9816
vn -0.7048 0.6191 0.3464
vn -0.1290 0.1413 0.9815
vn 0.0308 0.0051 -0.9995
vn 0.1346 -0.1561 -0.9785
vn -0.1117 0.1559 0.9814
vn 0.9981 0.0621 0.0002
vn 0.9837 0.1113 -0.1415
vn 0.9942 0.0292 0.1036
vn 0.9298 0.3304 0.1624
vn 0.9801 0.0082 0.1981
vn -0.0056 0.0347 0.9994
vn 0.6403 -0.6197 0.4539
vn -0.0233 0.0182 0.9996
vn 0.5728 -0.5525 0.6056
vn 0.0714 -0.1768 -0.9817
vn 0.0328 0.0103 -0.9994
vn 0.1004 -0.1886 -0.9769
vn 0.1194 -0.1716 -0.9779
vn -0.0498 -0.0123 0.9987
vn -0.0358 0.0047 0.9993
vn -0.1098 0.1602 0.9810
vn -0.0705 -0.0086 0.9975
vn 0.0624 -0.0357 -0.9974
vn 0.0634 -0.0680 -0.9957
vn -0.0002 -0.0231 -0.9997
vn 0.0749 -0.0800 -0.9940
vn -0.7739 0.5345 0.3398
vn 0.1029 -0.0329 0.9941
vn -0.0031 -0.0141 0.9999
vn 0.0034 -0.0195 -0.9998
vn -0.0012 -0.0248 -0.9997
vn -0.0744 0.0814 0.9939
vn -0.1324 0.1379 0.9815
vn -0.5042 0.8478 0.1645
vn -0.1156 0.1508 0.9818
vn 0.0242 0.0065 -0.9997
vn 0.0606 -0.0044 -0.9982
vn -0.0362 0.0570 -0.9977
vn 0.1006 0.0387 -0.9942
vn -0.1233 0.0137 0.9923
vn 0.1196 -0.0399 0.9920
vn 0.0031 -0.0091 1.0000
vn 0.2030 -0.0581 0.9775
vn -0.1028 -0.9784 -0.1795
vn -0.0789 -0.9228 -0.3772
vn 0.1217 -0.1681 -0.9782
vn 0.0049 -0.9994 -0.0352
vn 0.0371 0.0079 0.9993
vn 0.6009 -0.6576 0.4544
vn -0.1356 0.1348 0.9816
vn 0.0038 0.0300 0.9995
vn 0.9231 -0.0003 0.3845
vn 0.9553 0.0253 0.2946
vn 0.0037 -0.0110 -0.9999
vn -0.8557 0.4024 0.3253
vn 0.8927 -0.0206 0.4501
vn -0.0124 0.0277 0.9995
vn -0.0159 0.0252 0.9996
vn -0.0197 0.0216 0.9996
vn 0.0201 -0.0047 -0.9998
vn -0.0022 0.0222 -0.9998
vn -0.4175 -0.8999 -0.1258
vn -0.7190 -0.6673 -0.1943
vn -0.4105 -0.8945 -0.1773
vn -0.5997 -0.7971 -0.0707
vn -0.9101 -0.3809 -0.1631
vn -0.7128 -0.6572 -0.2451
vn -0.8807 -0.3932 -0.2639
vn -0.9364 0.3019 -0.1787
vn -0.9658 -0.2545 -0.0505
vn -0.9994 -0.0013 -0.0348
vn -0.9153 0.3326 -0.2271
vn -0.9885 -0.0034 -0.1513
vn -0.8435 -0.5351 -0.0472
vn -0.9776 -0.0026 -0.2105
vn -0.4546 0.6995 -0.5514
vn -0.1704 0.8767 -0.4499
vn -0.5325 -0.0115 -0.8464
vn -0.4641 0.5479 -0.6960
vn -0.4866 0.7481 -0.4512
vn -0.3260 0.8661 -0.3789
vn -0.7343 0.4286 -0.5265
vn -0.0504 -0.0641 0.9967
vn 0.3014 -0.1477 0.9420
vn 0.2704 -0.0417 0.9618
vn -0.5186 -0.0333 0.8544
vn 0.0763 -0.1568 0.9847
vn 0.3161 -0.2426 0.9172
vn 0.0031 -0.1059 0.9944
vn 0.1501 -0.2436 0.9582
vn -0.7460 -0.1435 0.6503
vn -0.9034 -0.0486 0.4260
vn -0.8958 -0.1450 0.4201
vn -0.6502 -0.2088 0.7305
vn -0.6728 -0.1166 0.7305
vn -0.4481 -0.2183 0.8669
vn 0.3503 -0.3367 0.8740
vn 0.0402 -0.4357 0.8992
vn 0.1446 -0.3313 0.9324
vn -0.1129 -0.4252 0.8980
vn 0.0734 -0.3976 0.9146
vn -0.7156 0.1726 0.6769
vn -0.6014 0.0497 0.7974
vn -0.4206 0.1426 0.8960
vn -0.7127 0.2221 0.6654
vn -0.9052 0.1633 0.3925
vn -0.8413 0.0457 0.5387
vn -0.8757 0.2591 0.4074
vn 0.0949 0.5340 -0.8401
vn -0.4495 0.5856 -0.6745
vn -0.1861 0.6025 -0.7761
vn -0.1614 0.4900 -0.8566
vn -0.4779 0.4923 -0.7275
vn -0.5470 0.8343 0.0685
vn -0.4670 0.7184 -0.5156
vn -0.5471 0.7957 0.2600
vn -0.7357 0.5547 -0.3886
vn -0.9633 0.0648 0.2604
vn -0.9314 0.2160 -0.2930
vn -0.9981 0.0613 0.0004
vn -0.9843 0.1754 0.0168
vn -0.9115 0.2615 -0.3173
vn -0.9733 0.2290 0.0184
vn 0.5024 -0.8590 -0.0984
vn 0.2298 -0.9732 -0.0048
vn -0.0873 -0.9949 -0.0504
vn 0.5356 -0.8287 -0.1625
vn 0.5085 -0.8607 -0.0244
vn 0.7265 -0.6870 -0.0157
vn 0.8365 -0.5095 -0.2018
vn 0.7443 0.5567 -0.3689
vn 0.5160 0.5050 -0.6919
vn 0.6315 0.7002 -0.3331
vn 0.9198 0.3099 -0.2405
vn 0.4655 0.7151 -0.5215
vn 0.9090 0.2874 -0.3020
vn 0.8636 0.4096 -0.2939
vn 0.9493 -0.3113 -0.0427
vn 0.9643 0.2219 -0.1447
vn 0.9912 -0.0387 -0.1269
vn 0.8531 0.4662 -0.2344
vn 0.9872 -0.0484 -0.1523
vn 0.5036 0.0658 0.8614
vn -0.0952 0.0256 0.9951
vn 0.2252 -0.0320 0.9738
vn 0.5095 -0.0144 0.8603
vn 0.5348 0.1315 0.8347
vn 0.8354 0.1721 0.5220
vn 0.9690 0.1289 -0.2106
vn 0.9471 0.0056 0.3209
vn 0.9997 0.0173 0.0169
vn 0.8584 0.2331 -0.4570
vn 0.9939 0.1014 0.0439
vn 0.7224 -0.0268 0.6909
vn 0.9258 0.2326 -0.2979
vn 0.9902 0.1289 0.0537
vn 0.7529 0.3806 -0.5369
vn 0.6392 0.3488 -0.6854
vn 0.5159 0.7119 -0.4766
vn 0.4632 0.5500 -0.6949
vn 0.9148 0.2972 -0.2734
vn 0.2395 0.9143 -0.3265
vn 0.5055 0.8584 -0.0871
vn 0.5315 0.6112 -0.5865
vn 0.6451 0.6653 -0.3757
vn 0.8531 0.4969 -0.1589
vn 0.6418 0.4032 -0.6523
vn 0.8020 0.4277 -0.4170
vn 0.5036 0.1239 -0.8550
vn 0.2339 0.3648 -0.9012
vn 0.1200 0.0900 -0.9887
vn 0.8208 0.1761 -0.5433
vn 0.9496 0.2478 -0.1917
vn 0.9804 0.1559 -0.1206
vn 0.3625 0.6414 0.6762
vn 0.4269 -0.9003 -0.0843
vn 0.4271 -0.9003 -0.0844
vn 0.7736 -0.2388 0.5870
vn -0.4457 0.8944 0.0377
vn -0.4336 0.8983 0.0710
vn -0.4333 0.8984 0.0721
vn 0.1301 0.9887 0.0743
vn 0.6008 0.7779 0.1839
vn 0.2580 0.9506 0.1726
vn -0.9605 0.1775 -0.2144
vn -0.8288 0.3646 -0.4245
vn -0.9745 0.1419 -0.1740
vn 0.2322 -0.5862 0.7762
vn 0.4559 -0.6328 0.6259
vn 0.7453 0.3779 0.5494
vn 0.7960 0.5554 0.2404
vn 0.2592 0.8620 -0.4356
vn 0.2592 0.8621 -0.4354
vn 0.2593 0.8620 -0.4355
vn 0.9435 0.3285 0.0427
vn 0.1603 -0.1432 -0.9766
vn 0.0154 -0.0376 -0.9992
vn 0.0234 -0.4885 0.8723
vn 0.0234 -0.4884 0.8723
vn 0.0234 -0.4883 0.8724
vn -0.0783 -0.7551 0.6509
vn 0.1146 -0.8175 0.5644
vn -0.1168 0.5077 -0.8536
vn 0.8070 -0.5422 -0.2340
vn 0.8070 -0.5423 -0.2336
vn 0.8069 -0.5424 -0.2339
vn -0.9563 -0.2509 0.1499
vn -0.7712 -0.6114 0.1771
vn -0.5530 -0.7943 0.2515
vn -0.4711 -0.8633 0.1809
vn -0.6186 -0.7847 -0.0399
vn 0.6696 -0.2137 0.7113
vn 0.6703 -0.3551 0.6516
vn 0.5865 -0.3432 0.7337
vn -0.3040 -0.9522 0.0301
vn -0.1864 -0.8571 0.4802
vn -0.4576 0.8029 -0.3822
vn -0.3074 0.9176 -0.2519
vn -0.2944 0.9250 -0.2404
vn -0.1044 0.8456 0.5236
vn -0.3462 0.9003 0.2636
vn -0.0743 0.9862 0.1481
vn -0.1631 0.4738 0.8654
vn -0.3852 0.6431 0.6618
vn -0.5947 0.5835 0.5530
vn -0.4172 0.4009 0.8156
vn -0.5390 0.1756 0.8238
vn -0.1863 0.2178 0.9580
vn -0.1093 0.1244 0.9862
vn -0.9053 0.3358 0.2600
vn -0.8496 0.0899 0.5198
vn -0.6534 0.3719 0.6594
vn -0.6411 -0.4344 0.6327
vn -0.8407 -0.2131 0.4978
vn -0.8741 -0.1591 0.4589
vn -0.3497 -0.3234 0.8793
vn -0.3466 -0.2545 0.9028
vn -0.4213 -0.2732 0.8648
vn 0.5689 -0.7761 0.2719
vn 0.6418 -0.6477 0.4105
vn -0.2024 -0.5378 0.8184
vn -0.6880 0.0963 0.7193
vn -0.7248 0.1464 0.6733
vn -0.8604 -0.4995 -0.1010
vn -0.9097 -0.2392 -0.3393
vn -0.5433 -0.8175 -0.1910
vn -0.6637 -0.6342 -0.3966
vn -0.6051 -0.5209 -0.6021
vn -0.4371 -0.7822 -0.4439
vn -0.3992 -0.6277 -0.6683
vn -0.1962 -0.9593 -0.2033
vn -0.1930 -0.8414 -0.5047
vn -0.1912 -0.9490 -0.2507
vn -0.3556 -0.2250 -0.9072
vn -0.1170 -0.4804 -0.8692
vn 0.2856 -0.6476 -0.7064
vn 0.3935 -0.7225 -0.5684
vn 0.3289 -0.6519 -0.6832
vn 0.4421 -0.8182 0.3676
vn 0.6988 -0.6645 0.2649
vn 0.3941 -0.7744 -0.4949
vn -0.2385 -0.4736 -0.8478
vn -0.1961 -0.5465 -0.8142
vn -0.2406 -0.4697 -0.8494
vn 0.6685 0.7430 0.0312
vn 0.8775 0.1562 0.4534
vn 0.6884 0.5859 -0.4276
vn 0.2824 0.7737 -0.5671
vn 0.5574 0.6920 0.4588
vn 0.6978 0.1374 0.7030
vn 0.0004 0.9996 -0.0266
vn 0.0220 0.8584 -0.5124
vn -0.5764 0.8083 -0.1203
vn -0.4177 0.8994 0.1288
vn 0.3716 0.1059 0.9223
vn -0.2528 0.4609 0.8507
vn 0.2912 0.4349 0.8521
vn -0.2563 0.5971 0.7601
vn 0.0900 0.5957 0.7981
vn 0.1679 -0.8805 -0.4434
vn 0.3921 -0.9076 -0.1500
vn -0.3141 -0.7386 -0.5965
vn -0.4000 -0.7123 -0.5768
vn 0.7075 -0.6994 -0.1014
vn 0.0894 -0.8260 -0.5566
vn 0.3920 -0.8851 -0.2508
vn -0.3781 0.4135 -0.8283
vn -0.5885 0.2898 -0.7547
vn -0.2638 0.6077 -0.7491
vn -0.1835 0.5078 -0.8417
vn -0.4786 0.2562 -0.8398
vn -0.6596 0.0605 -0.7492
vn 0.1656 -0.0992 -0.9812
vn 0.1646 -0.0999 -0.9813
vn 0.3463 0.0935 -0.9334
vn 0.9192 -0.3665 -0.1438
vn 0.9049 0.0754 -0.4188
vn 0.9070 -0.1469 -0.3946
vn 0.6900 0.2036 -0.6946
vn 0.9002 -0.3604 -0.2445
vn 0.8605 -0.0590 -0.5060
vn 0.9211 -0.1179 0.3711
vn 0.9234 -0.3657 0.1163
vn 0.7152 -0.1118 0.6899
vn 0.8704 -0.3459 0.3504
vn 0.7287 -0.6794 0.0858
vn 0.5950 -0.5696 0.5670
vn 0.6922 -0.6404 0.3327
vn 0.1406 -0.3948 0.9079
vn 0.4021 -0.1357 0.9055
vn 0.1245 -0.7056 0.6976
vn 0.3818 -0.3648 0.8492
vn 0.6826 -0.3218 0.6561
vn 0.3539 -0.8639 0.3584
vn 0.1527 -0.9174 0.3674
vn 0.3783 -0.9183 0.1165
vn 0.3466 -0.6678 0.6588
vn -0.4671 0.2143 0.8578
vn -0.1078 -0.3567 0.9280
vn -0.5832 0.2766 0.7638
vn -0.3316 -0.1580 0.9301
vn -0.0633 -0.6724 0.7374
vn -0.4325 -0.0668 0.8991
vn -0.2273 -0.3408 0.9122
vn -0.8676 0.3771 -0.3242
vn -0.7773 0.6011 -0.1857
vn -0.7784 0.1518 -0.6091
vn -0.8620 0.0584 -0.5035
vn -0.8724 0.4816 -0.0837
vn -0.7459 0.6659 0.0129
vn -0.9447 -0.1782 0.2752
vn -0.9444 -0.1750 0.2783
vn -0.9231 -0.3810 0.0526
vn -0.3873 -0.8939 0.2257
vn -0.2979 -0.9539 -0.0363
vn -0.0987 -0.9185 0.3829
vn -0.2894 -0.8506 0.4390
vn -0.4886 -0.8480 0.2056
vn 0.5463 0.7850 0.2922
vn 0.4213 0.9019 0.0946
vn 0.2185 0.9497 0.2245
vn 0.5950 0.7140 0.3690
vn 0.8290 0.4974 0.2557
vn 0.7633 0.6420 0.0721
vn 0.8099 0.2208 0.5434
vn 0.5558 -0.3685 0.7452
vn 0.1565 -0.5913 0.7911
vn 0.4319 -0.5926 0.6799
vn 0.8346 -0.1783 0.5212
vn 0.1899 0.2466 0.9503
vn 0.5236 -0.0792 0.8483
vn 0.1026 0.3634 0.9260
vn 0.9428 0.3224 0.0842
vn 0.9477 -0.1632 0.2744
vn 0.9636 0.1052 0.2459
vn 0.7719 -0.4112 0.4849
vn 0.3734 0.9239 -0.0835
vn 0.0891 0.9280 -0.3616
vn 0.6976 0.7079 -0.1105
vn 0.3925 0.8334 -0.3892
vn 0.1056 0.7155 -0.6906
vn 0.9159 0.1076 -0.3867
vn 0.9177 0.3844 -0.1003
vn 0.6939 0.1323 -0.7078
vn 0.8180 0.4115 -0.4019
vn 0.0855 0.3959 -0.9143
vn 0.3679 0.1160 -0.9226
vn 0.0861 0.1156 -0.9896
vn 0.3892 0.4173 -0.8212
vn 0.5398 -0.2658 -0.7987
vn 0.2099 -0.1902 -0.9591
vn 0.4135 -0.0628 -0.9084
vn 0.8238 -0.2432 -0.5121
vn 0.5875 -0.3440 -0.7325
vn 0.8049 -0.5401 -0.2458
vn 0.9473 -0.2849 0.1464
vn 0.9404 -0.0783 -0.3308
vn 0.7729 -0.5040 0.3855
vn 0.9611 -0.2482 -0.1210
vn 0.7592 -0.0526 -0.6488
vn 0.8331 -0.5317 0.1524
vn 0.1698 -0.7786 0.6041
vn 0.5554 -0.7607 0.3358
vn 0.4340 -0.7041 0.5621
vn 0.1836 -0.9411 -0.2840
vn 0.5205 -0.8527 0.0437
vn -0.3811 0.9170 0.1179
vn -0.0975 0.9133 0.3954
vn -0.7063 0.6990 0.1125
vn -0.3739 0.8401 0.3929
vn -0.0876 0.6911 0.7174
vn -0.6603 0.6512 0.3742
vn -0.3513 0.6464 0.6773
vn -0.9166 0.0865 0.3902
vn -0.9211 0.3720 0.1149
vn -0.6971 0.0757 0.7130
vn -0.8460 0.3640 0.3896
vn -0.6553 0.3380 0.6755
vn -0.0886 0.3611 0.9283
vn -0.3687 0.0796 0.9262
vn -0.3658 0.3566 0.8597
vn 0.3111 0.7964 0.5186
vn 0.2251 0.9524 0.2056
vn 0.0865 0.8966 0.4344
vn 0.2462 0.7403 0.6256
vn 0.3897 0.7331 0.5573
vn 0.4260 0.6119 0.6664
vn 0.3160 -0.1856 0.9304
vn 0.1009 0.3065 0.9465
vn 0.5461 -0.4349 0.7160
vn 0.2777 0.0962 0.9558
vn 0.0764 0.6315 0.7716
vn 0.3689 0.0506 0.9281
vn 0.2999 0.2055 0.9316
vn 0.7873 -0.6159 0.0286
vn 0.8099 -0.3689 0.4560
vn 0.7366 -0.5975 0.3168
vn 0.9603 0.2775 0.0292
vn 0.9680 0.0141 0.2506
vn 0.8958 -0.2762 0.3482
vn 0.7433 -0.3763 0.5531
vn 0.7699 -0.1344 0.6238
vn -0.7796 -0.2971 0.5513
vn -0.8970 -0.0932 0.4320
vn -0.4751 -0.8627 0.1731
vn -0.6404 -0.5713 0.5133
vn -0.4873 -0.2719 0.8298
vn -0.6305 -0.0846 0.7716
vn -0.2145 -0.5627 0.7984
vn 0.3686 -0.7626 0.5315
vn 0.5350 -0.8208 0.2004
vn 0.5902 -0.6982 0.4052
vn 0.1850 -0.5459 0.8172
vn 0.2648 -0.7694 0.5813
vn -0.3070 -0.1066 0.9457
vn 0.1750 -0.3033 0.9367
vn -0.0924 -0.2715 0.9580
vn 0.4160 -0.5107 0.7524
vn -0.9068 -0.4202 0.0335
vn -0.9907 -0.1317 0.0327
vn -0.8865 -0.4611 0.0371
vn -0.7386 -0.6733 0.0348
vn -0.4773 -0.7490 0.4595
vn -0.3310 -0.7140 0.6170
vn -0.5394 -0.7688 0.3434
vn -0.3226 -0.7108 0.6251
vn -0.4289 -0.7940 0.4309
vn 0.1724 -0.9558 0.2380
vn -0.3218 -0.9455 0.0489
vn 0.3843 -0.7851 0.4858
vn -0.1071 -0.9517 0.2876
vn -0.6708 -0.7412 0.0248
vn 0.5572 -0.4802 0.6775
vn 0.5254 -0.6246 0.5778
vn 0.4227 -0.3702 0.8272
vn 0.1915 -0.3551 0.9150
vn 0.2691 -0.8284 0.4913
vn 0.8282 -0.5568 0.0637
vn 0.8283 -0.5566 0.0636
vn 0.8284 -0.5565 0.0637
vn -0.9241 -0.0962 -0.3697
vn -0.9193 -0.3821 -0.0944
vn -0.9908 -0.1019 -0.0887
vn -0.7120 -0.0830 -0.6972
vn -0.8510 -0.3726 -0.3700
vn -0.7011 -0.7064 -0.0975
vn -0.6670 -0.3464 -0.6596
vn -0.6613 -0.6583 -0.3596
vn -0.1048 -0.3612 -0.9266
vn -0.3883 -0.0822 -0.9179
vn -0.0954 -0.6914 -0.7161
vn -0.3808 -0.3595 -0.8519
vn -0.3587 -0.6513 -0.6687
vn -0.3739 -0.9209 -0.1104
vn -0.0957 -0.9141 -0.3941
vn -0.3723 -0.8445 -0.3850
vn 0.1943 -0.4926 -0.8483
vn 0.0697 -0.4426 -0.8940
vn 0.2744 -0.2523 -0.9279
vn 0.4636 -0.5060 -0.7274
vn 0.1010 -0.6283 -0.7713
vn 0.0296 -0.7235 -0.6897
vn 0.3286 -0.7254 -0.6048
vn 0.3286 -0.7253 -0.6049
vn 0.3287 -0.7254 -0.6048
vn 0.6929 -0.6018 0.3971
vn 0.8584 -0.2738 0.4338
vn 0.6812 -0.5439 0.4900
vn 0.5876 -0.7685 0.2533
vn 0.8399 -0.5214 0.1508
vn 0.0689 -0.9365 -0.3437
vn 0.2856 -0.9447 0.1610
vn 0.0845 -0.8824 -0.4629
vn 0.5372 -0.8073 0.2444
vn 0.5539 -0.7375 0.3864
vn -0.0880 0.3926 0.9155
vn -0.1722 0.6997 0.6933
vn -0.1385 0.3828 0.9134
vn -0.0403 0.5799 0.8137
vn -0.1592 0.8978 0.4105
vn -0.2232 0.6926 0.6859
vn -0.2596 0.8671 0.4250
vn -0.2103 0.9401 -0.2684
vn -0.0545 0.9580 0.2814
vn -0.0525 0.9983 0.0258
vn -0.2602 0.9187 -0.2973
vn -0.1684 0.9850 0.0367
vn -0.0349 0.8296 0.5573
vn -0.2271 0.9732 0.0363
vn -0.5942 0.4620 -0.6584
vn -0.4963 0.1821 -0.8488
vn -0.8536 0.5164 0.0684
vn -0.7307 0.4625 -0.5022
vn -0.4984 0.4946 -0.7120
vn -0.4280 0.3389 -0.8379
vn -0.5627 0.7348 -0.3786
vn 0.6444 0.7478 -0.1602
vn 0.7796 0.6243 -0.0490
vn 0.7488 0.5469 -0.3744
vn 0.5854 0.7457 -0.3181
vn 0.3619 0.9228 -0.1322
vn 0.5159 0.8563 -0.0246
vn 0.3714 0.9000 -0.2283
vn -0.8634 -0.0888 -0.4966
vn -0.7183 0.4542 -0.5270
vn -0.7647 0.2723 -0.5840
vn -0.8851 0.1548 -0.4389
vn -0.7685 0.4740 -0.4298
vn -0.6929 0.4117 -0.5920
vn -0.4399 0.7488 -0.4958
vn 0.2404 0.9703 -0.0283
vn -0.3156 0.9356 -0.1581
vn -0.0133 0.9998 -0.0152
vn -0.0122 0.9918 -0.1271
vn -0.3458 0.9158 -0.2044
vn -0.0125 0.9833 -0.1818
vn -0.0514 -0.5201 0.8526
vn 0.0493 -0.2520 0.9665
vn -0.1321 0.0343 0.9906
vn -0.1233 -0.4358 0.8916
vn 0.0290 -0.5282 0.8486
vn 0.0324 -0.7435 0.6679
vn -0.1598 -0.8501 0.5017
vn -0.3657 -0.7441 -0.5591
vn -0.5482 -0.4803 -0.6847
vn -0.3575 -0.6209 -0.6976
vn -0.2399 -0.9167 -0.3196
vn -0.4095 -0.7315 -0.5452
vn -0.3003 -0.9075 -0.2936
vn -0.0095 -0.9561 0.2928
vn -0.1386 -0.9622 -0.2346
vn -0.1072 -0.9941 0.0194
vn -0.2426 -0.8465 -0.4740
vn -0.1324 -0.9908 0.0263
vn 0.8747 -0.4672 -0.1289
vn 0.8754 -0.3530 -0.3303
vn 0.9804 -0.1969 -0.0059
vn 0.8790 -0.4759 -0.0292
vn 0.9820 0.0363 -0.1853
vn 0.5270 -0.8226 -0.2134
vn 0.6395 -0.7567 -0.1361
vn -0.2083 -0.9649 -0.1597
vn 0.3262 -0.9436 -0.0576
vn 0.0202 -0.9979 -0.0617
vn -0.4560 -0.8554 -0.2456
vn 0.0486 -0.9886 -0.1424
vn 0.7015 -0.7122 -0.0258
vn -0.2983 -0.9203 -0.2532
vn 0.0515 -0.9841 -0.1698
vn -0.5507 -0.7566 -0.3526
vn -0.6893 -0.6406 -0.3384
vn -0.7688 -0.4748 -0.4284
vn -0.5111 -0.7705 -0.3809
vn -0.2831 -0.9057 -0.3156
vn 0.9323 0.1692 -0.3197
vn 0.7102 0.2593 -0.6545
vn 0.7865 0.4598 -0.4123
vn 0.8401 0.1303 -0.5265
vn 0.4235 0.2319 -0.8757
vn 0.6191 0.4378 -0.6520
vn 0.1977 0.8591 -0.4721
vn 0.4145 0.3393 -0.8444
vn -0.2689 0.2289 -0.9356
vn 0.2960 0.1150 -0.9482
vn 0.0301 0.0900 -0.9955
vn -0.6150 0.3581 -0.7025
vn 0.0391 0.2147 -0.9759
vn 0.5851 0.1135 -0.8030
vn 0.0223 0.2716 -0.9622
vn -0.6739 0.5611 -0.4806
vn -0.8606 0.4498 -0.2389
vn -0.8435 0.5354 0.0436
vn -0.6311 0.6192 -0.4673
vn -0.7101 0.4669 -0.5271
vn -0.3923 0.5573 -0.7318
vn 0.9362 -0.0849 0.3411
vn 0.9993 0.0152 -0.0341
vn 0.9031 -0.1766 0.3914
vn 0.9905 -0.0703 0.1186
vn 0.9894 0.0137 -0.1446
vn 0.9668 -0.1896 0.1716
vn 0.9846 -0.1747 -0.0092
vn 0.9056 -0.4087 0.1137
vn 0.8592 -0.2878 0.4229
vn 0.9206 -0.3886 -0.0390
vn 0.9278 -0.2945 0.2290
vn 0.9749 -0.2209 0.0274
vn 0.4346 -0.0679 -0.8981
vn 0.3512 -0.1216 -0.9284
vn 0.3499 0.0066 -0.9368
vn 0.6193 0.0208 -0.7848
vn 0.6324 -0.2090 -0.7459
vn 0.5402 -0.2798 -0.7936
vn 0.9750 -0.0835 -0.2060
vn -0.1239 -0.7107 -0.6925
vn -0.0168 -0.8304 -0.5569
vn -0.1268 -0.9200 -0.3707
vn -0.1739 -0.7008 -0.6919
vn -0.0890 -0.4418 -0.8927
vn 0.0167 -0.5888 -0.8081
vn -0.1868 -0.4521 -0.8722
vn -0.5032 0.8642 -0.0054
vn -0.5090 0.6721 -0.5377
vn -0.5480 0.7841 -0.2912
vn -0.4359 0.8633 -0.2542
vn -0.4121 0.7182 -0.5606
vn -0.7744 -0.0741 -0.6283
vn -0.6413 0.5318 -0.5532
vn -0.7411 -0.2683 -0.6155
vn -0.4641 0.3660 -0.8066
vn 0.0164 -0.3240 -0.9459
vn -0.1171 0.2300 -0.9661
vn 0.0297 -0.0750 -0.9967
vn -0.0822 -0.0770 -0.9936
vn -0.1643 0.2599 -0.9516
vn -0.1377 -0.0746 -0.9877
vn 0.8249 0.1685 0.5396
vn 0.9512 0.0416 0.3057
vn 0.8393 0.5303 0.1200
vn 0.9622 0.2710 0.0269
vn 0.8194 0.0518 0.5709
vn 0.6671 0.0086 0.7449
vn 0.5149 0.2067 0.8319
vn -0.5951 0.3481 0.7244
vn -0.8046 0.4324 0.4071
vn -0.7488 0.3257 0.5773
vn -0.3327 0.2229 0.9163
vn -0.5461 0.3823 0.7454
vn -0.2957 0.2996 0.9071
vn 0.3088 0.0064 0.9511
vn -0.2506 0.1065 0.9622
vn 0.0307 0.0893 0.9955
vn -0.5044 0.2075 0.8382
vn 0.0569 0.1219 0.9909
vn 0.7825 -0.0554 0.6202
vn 0.8622 -0.1133 0.4937
vn 0.6245 -0.0446 0.7797
vn 0.7768 -0.1152 0.6191
vn 0.8279 -0.2042 0.5224
vn 0.6800 -0.1716 0.7128
vn 0.7646 -0.1901 0.6158
vn 0.3826 -0.1457 0.9124
vn 0.4261 -0.0652 0.9023
vn 0.6001 -0.2139 0.7708
vn 0.5120 -0.1339 0.8485
vn 0.6547 -0.0984 0.7494
vn 0.7855 -0.2831 0.5503
vn 0.6625 -0.2971 0.6876
vn 0.7438 -0.3633 0.5610
vn 0.7095 -0.2525 0.6579
vn 0.5324 -0.2402 0.8117
vn -0.1226 -0.8288 0.5459
vn -0.0379 -0.9983 -0.0444
vn -0.0095 -0.9588 0.2838
vn -0.0458 -0.8311 0.5543
vn -0.1891 -0.8009 0.5681
vn -0.2494 -0.4545 0.8551
vn -0.2038 0.2906 0.9349
vn -0.0980 -0.2452 0.9645
vn -0.1058 0.0659 0.9922
vn -0.2858 0.5270 0.8004
vn -0.1862 0.0374 0.9818
vn -0.0540 -0.6380 0.7681
vn -0.2957 0.3750 0.8786
vn -0.2126 0.0321 0.9766
vn -0.4111 0.6060 0.6810
vn -0.3700 0.7406 0.5609
vn -0.7155 0.5437 0.4386
vn -0.5395 0.7465 0.3895
vn -0.3565 0.3558 0.8639
vn 0.3405 -0.1512 0.9280
vn 0.3469 -0.2586 0.9015
vn 0.3876 -0.3565 0.8501
vn -0.8966 -0.3282 0.2973
vn -0.8972 -0.3081 0.3163
vn -0.7599 -0.4828 0.4353
vn -0.7609 -0.4559 0.4617
vn -0.2403 -0.6845 0.6882
vn 0.0151 -0.7457 0.6661
vn 0.0158 -0.7058 0.7082
vn -0.8972 -0.3417 0.2798
vn -0.7599 -0.5050 0.4092
vn -0.2420 -0.7228 0.6473
vn 0.0138 -0.7812 0.6241
vn -0.9143 0.2880 -0.2847
vn -0.9139 0.2711 -0.3023
vn -0.7882 0.4364 -0.4339
vn -0.3320 0.6243 -0.7071
vn -0.0863 0.7034 -0.7056
vn -0.3307 0.6668 -0.6679
vn -0.9144 0.2494 -0.3188
vn -0.7884 0.4085 -0.4600
vn -0.3320 0.5765 -0.7466
vn -0.0873 0.6585 -0.7475
vn -0.8962 -0.2721 0.3504
vn -0.8964 -0.2918 0.3336
vn -0.7583 -0.4033 0.5122
vn -0.2407 -0.6407 0.7291
vn 0.0165 -0.6175 0.7864
vn -0.2408 -0.5983 0.7642
vn -0.7598 -0.4300 0.4877
vn 0.0171 -0.6619 0.7494
vn -0.9148 0.3022 -0.2678
vn -0.9122 0.3242 -0.2503
vn -0.7890 0.4603 -0.4069
vn -0.7850 0.4891 -0.3802
vn -0.3312 0.7387 -0.5871
vn -0.0862 0.7441 -0.6625
vn -0.0869 0.7799 -0.6198
vn -0.3294 0.7056 -0.6274
vn -0.9132 0.3344 -0.2329
vn -0.9115 0.3521 -0.2127
vn -0.7862 0.5070 -0.3535
vn -0.7825 0.5332 -0.3215
vn -0.3290 0.8014 -0.4994
vn -0.0880 0.8132 -0.5753
vn -0.0892 0.8465 -0.5249
vn -0.3302 0.7703 -0.5455
vn -0.8953 -0.3614 0.2604
vn -0.7581 -0.5290 0.3813
vn -0.2423 -0.7579 0.6057
vn 0.0119 -0.8150 0.5793
vn -0.8944 -0.3768 0.2409
vn -0.7563 -0.5513 0.3523
vn -0.2440 -0.7905 0.5618
vn 0.0092 -0.8475 0.5307
vn -0.8927 -0.3938 0.2193
vn -0.7544 -0.5723 0.3216
vn -0.2436 -0.8225 0.5140
vn 0.0080 -0.8778 0.4789
vn -0.8902 -0.4091 0.2005
vn -0.7466 -0.5964 0.2949
vn -0.2394 -0.8537 0.4625
vn 0.0066 -0.9029 0.4298
vn -0.9100 0.3684 -0.1902
vn -0.9056 0.3868 -0.1741
vn -0.7786 0.5581 -0.2870
vn -0.7717 0.5798 -0.2614
vn -0.3216 0.8572 -0.4023
vn -0.0891 0.8808 -0.4650
vn -0.0869 0.9034 -0.4199
vn -0.3247 0.8351 -0.4440
vn -0.8840 -0.4551 0.1069
vn -0.9232 -0.3844 -0.0051
vn -0.5331 -0.8290 0.1688
vn -0.7001 -0.7138 -0.0210
vn -0.0560 -0.9834 0.1728
vn -0.3613 -0.9318 -0.0332
vn -0.9763 -0.1954 0.0926
vn -0.7371 -0.6172 0.2753
vn -0.2367 -0.8789 0.4140
vn 0.0137 -0.9186 0.3950
vn -0.7297 -0.6284 0.2695
vn -0.2184 -0.8988 0.3800
vn -0.9044 0.3926 -0.1671
vn -0.7676 0.5894 -0.2518
vn -0.0839 0.9127 -0.4000
vn -0.3163 0.8685 -0.3817
vn -0.9140 0.2258 -0.3372
vn -0.7874 0.3779 -0.4870
vn -0.3289 0.5168 -0.7904
vn -0.0883 0.6079 -0.7891
vn -0.9089 0.2090 -0.3608
vn -0.7851 0.3381 -0.5189
vn -0.3214 0.4612 -0.8270
vn -0.0882 0.5399 -0.8371
vn -0.0834 0.4753 -0.8759
vn -0.8971 -0.2351 0.3741
vn -0.8956 -0.2540 0.3652
vn -0.7586 -0.3526 0.5479
vn -0.2392 -0.5564 0.7957
vn 0.0166 -0.5387 0.8423
vn -0.2355 -0.5193 0.8215
vn -0.7583 -0.3737 0.5341
vn 0.0166 -0.5748 0.8182
vn -0.9231 0.0134 0.3843
vn -0.6922 0.0092 0.7217
vn -0.3466 0.0031 0.9380
vn -0.9014 0.2047 -0.3815
vn -0.7745 0.3053 -0.5540
vn -0.3105 0.4296 -0.8480
vn -0.0765 0.4429 -0.8933
vn -0.7626 0.2945 -0.5760
vn -0.3140 0.4252 -0.8489
vn -0.9009 -0.2217 0.3730
vn -0.7499 -0.2969 0.5912
vn -0.2284 -0.4974 0.8369
vn 0.0210 -0.5148 0.8570
vn -0.7615 -0.3355 0.5546
vn 0.6980 -0.5062 0.5065
vn 0.6972 -0.5359 0.4762
vn 0.8576 -0.3646 0.3628
vn 0.8571 -0.3865 0.3406
vn 0.9599 -0.2003 0.1962
vn 0.9594 -0.2141 0.1838
vn 0.6941 -0.5654 0.4456
vn 0.8554 -0.4081 0.3189
vn 0.9593 -0.2239 0.1723
vn 0.6362 0.5086 -0.5801
vn 0.6367 0.5426 -0.5479
vn 0.8258 0.3711 -0.4247
vn 0.8260 0.3957 -0.4013
vn 0.9489 0.2070 -0.2382
vn 0.9492 0.2193 -0.2255
vn 0.6352 0.4689 -0.6137
vn 0.8253 0.3431 -0.4486
vn 0.9489 0.1908 -0.2513
vn 0.6969 -0.4764 0.5361
vn 0.6953 -0.4452 0.5643
vn 0.8569 -0.3429 0.3849
vn 0.8562 -0.3205 0.4053
vn 0.9598 -0.1871 0.2090
vn 0.9594 -0.1760 0.2204
vn 0.6336 0.6033 -0.4843
vn 0.6349 0.5756 -0.5153
vn 0.8243 0.4403 -0.3559
vn 0.8239 0.4225 -0.3777
vn 0.9484 0.2449 -0.2013
vn 0.9487 0.2343 -0.2125
vn 0.6285 0.6584 -0.4141
vn 0.6311 0.6313 -0.4508
vn 0.8208 0.4825 -0.3057
vn 0.8229 0.4608 -0.3324
vn 0.9472 0.2694 -0.1736
vn 0.9485 0.2552 -0.1879
vn 0.6916 -0.5910 0.4152
vn 0.8548 -0.4260 0.2964
vn 0.9588 -0.2350 0.1598
vn 0.6876 -0.6181 0.3809
vn 0.8520 -0.4470 0.2726
vn 0.9580 -0.2465 0.1462
vn 0.6816 -0.6454 0.3449
vn 0.8483 -0.4681 0.2474
vn 0.9567 -0.2592 0.1325
vn 0.6748 -0.6689 0.3119
vn 0.8429 -0.4890 0.2243
vn 0.9546 -0.2727 0.1197
vn 0.6143 0.7127 -0.3386
vn 0.6218 0.6894 -0.3716
vn 0.8121 0.5254 -0.2538
vn 0.8176 0.5050 -0.2766
vn 0.9443 0.2946 -0.1466
vn 0.9470 0.2797 -0.1583
vn 0.4237 -0.9056 0.0221
vn 0.6404 -0.7541 0.1455
vn 0.7317 -0.6815 0.0124
vn 0.8259 -0.5540 0.1052
vn 0.9314 -0.3639 0.0007
vn 0.9482 -0.3125 0.0570
vn 0.6679 -0.6859 0.2891
vn 0.8376 -0.5047 0.2091
vn 0.9528 -0.2821 0.1122
vn 0.6084 0.7249 -0.3232
vn 0.8063 0.5391 -0.2435
vn 0.9425 0.3026 -0.1419
vn 0.6309 0.4184 -0.6534
vn 0.8226 0.3048 -0.4799
vn 0.9483 0.1682 -0.2690
vn 0.6222 0.3676 -0.6912
vn 0.8163 0.2684 -0.5115
vn 0.9464 0.1462 -0.2880
vn 0.6938 -0.4135 0.5897
vn 0.6885 -0.3904 0.6111
vn 0.8547 -0.2985 0.4248
vn 0.8498 -0.2836 0.4442
vn 0.9587 -0.1642 0.2324
vn 0.9558 -0.1580 0.2478
vn 0.1482 -0.0666 0.9867
vn 0.4261 -0.0665 0.9022
vn 0.7281 -0.0577 0.6830
vn 0.9263 -0.0407 0.3747
vn 0.6558 -0.2183 0.7227
vn 0.8256 -0.1669 0.5389
vn 0.9400 -0.1060 0.3244
vn 0.6155 0.3427 -0.7097
vn 0.8122 0.2490 -0.5276
vn 0.9453 0.1337 -0.2974
vn 0.6813 -0.3765 0.6278
vn 0.8412 -0.2778 0.4639
vn 0.9503 -0.1592 0.2676
vn 0.3477 0.8288 -0.4384
vn 0.3512 0.5008 -0.7911
vn 0.1790 0.9462 0.2697
vn 0.1790 0.9461 0.2698
vn -0.2463 0.0665 0.9669
vn 0.3467 0.8095 -0.4738
vn 0.1983 -0.2388 -0.9506
vn -0.2294 -0.9685 -0.0973
vn 0.3536 0.4666 -0.8107
vn 0.9275 -0.3739 -0.0031
vn 0.7113 -0.7028 -0.0080
vn 0.3883 -0.9215 -0.0126
vn 0.0116 -0.3853 0.9227
vn 0.0102 -0.9244 0.3812
vn 0.0099 -0.7032 0.7109
vn -0.6896 0.2268 -0.6878
vn -0.7180 -0.1545 -0.6786
vn -0.7044 -0.0477 -0.7082
vn -0.5059 -0.6870 -0.5217
vn 0.3906 -0.0163 0.9204
vn 0.7124 -0.0101 0.7017
vn 0.9164 -0.0028 0.4002
vn -0.1582 0.7074 -0.6889
vn 0.0403 0.6875 -0.7251
vn 0.6716 0.5339 -0.5137
vn 0.4742 0.6325 -0.6124
vn -0.6885 0.6871 -0.2321
vn -0.6552 0.7535 0.0539
vn -0.2778 0.2681 0.9225
vn -0.7091 0.7050 -0.0124
vn 0.4070 0.9132 0.0205
vn 0.7318 0.6813 0.0175
vn 0.9325 0.3610 0.0122
vn 0.9658 0.2591 0.0103
vn 0.7624 0.6469 0.0169
vn 0.9916 -0.1031 -0.0783
vn 0.9294 0.0109 -0.3689
vn 0.7228 0.0157 -0.6909
vn 0.8711 0.0434 -0.4892
vn 0.6938 0.0161 -0.7200
vn 0.3942 0.0184 -0.9188
vn 0.9477 -0.2279 0.2235
vn 0.8766 -0.3419 0.3387
vn 0.6976 -0.5127 0.5004
vn 0.5981 -0.5744 0.5589
vn 0.2980 -0.6864 0.6634
vn 0.7299 -0.4896 0.4770
vn 0.6524 -0.5438 0.5279
vn -0.0003 0.9260 0.3776
vn 0.0054 0.6634 0.7482
vn 0.0094 0.3191 0.9477
vn 0.0052 0.6688 0.7434
vn 0.0079 0.4774 0.8787
vn 0.1071 0.0672 0.9920
vn -0.9930 -0.0504 0.1072
vn -0.9138 -0.0124 0.4060
vn -0.8658 -0.0141 0.5002
vn -0.6970 -0.0178 0.7169
vn -0.5528 -0.0195 0.8331
vn -0.3534 -0.0207 0.9353
vn 0.0122 -0.1328 0.9911
vn 0.3341 -0.3361 0.8806
vn 0.3626 -0.3633 0.8582
vn 0.5518 -0.5477 0.6289
vn 0.6895 -0.6798 0.2500
vn 0.4894 -0.5865 0.6454
vn 0.5966 -0.5910 0.5429
vn -0.2256 -0.9742 -0.0094
vn -0.3515 -0.9361 -0.0076
vn -0.6759 -0.7370 -0.0015
vn -0.9141 -0.4054 0.0070
vn -0.1240 -0.9794 -0.1596
vn 0.0012 -0.9102 -0.4141
vn -0.0039 -0.6772 -0.7358
vn -0.0083 -0.3506 -0.9365
vn 0.1209 -0.9857 -0.1175
vn -0.0004 -0.8582 -0.5134
vn -0.0073 -0.4399 -0.8980
vn 0.3770 -0.8593 0.3457
vn 0.4920 -0.6720 0.5535
vn 0.5860 -0.5885 0.5571
vn 0.6340 -0.4816 0.6051
vn 0.6870 -0.3044 0.6598
vn 0.2593 -0.9370 0.2339
vn 0.4202 -0.8184 0.3919
vn 0.9235 0.3835 -0.0028
vn 0.7050 0.7092 0.0062
vn 0.3799 0.9249 0.0142
vn 0.3719 0.0185 -0.9281
vn 0.6990 0.0161 -0.7149
vn 0.9196 0.0112 -0.3928
vn 0.3920 -0.6643 0.6365
vn 0.7136 -0.5079 0.4826
vn 0.9273 -0.2741 0.2550
vn 0.0086 0.3658 0.9307
vn 0.0045 0.6938 0.7202
vn -0.0003 0.9167 0.3995
vn -0.3722 -0.0185 0.9280
vn -0.6992 -0.0161 0.7148
vn -0.9195 -0.0112 0.3928
vn 0.6736 -0.6671 0.3181
vn 0.5254 -0.5234 0.6708
vn 0.2897 -0.2923 0.9114
vn -0.9216 -0.3878 0.0148
vn -0.7030 -0.7112 -0.0053
vn -0.3811 -0.9245 -0.0129
vn -0.0081 -0.3655 -0.9308
vn -0.0036 -0.6937 -0.7202
vn 0.0014 -0.9167 -0.3996
vn 0.6474 -0.4438 0.6196
vn 0.4927 -0.7377 0.4617
vn 0.2718 -0.9315 0.2417
vn -0.0085 0.9313 -0.3642
vn -0.0112 0.7217 -0.6921
vn -0.0112 0.7206 -0.6933
vn -0.0122 0.3994 -0.9167
vn 0.0102 -0.8232 0.5677
vn 0.1587 -0.8131 0.5600
vn -0.0002 -0.9167 -0.3996
vn 0.0957 -0.9118 -0.3993
vn -0.0002 -0.9166 -0.3999
vn -0.0003 -0.9168 -0.3994
vn -0.0105 -0.1439 -0.9895
vn 0.3698 0.9278 -0.0503
vn 0.9072 0.3941 -0.1475
vn 0.9065 0.3939 -0.1520
vn 0.9064 0.3939 -0.1524
vn 0.9151 -0.3646 -0.1724
vn 0.1550 0.9878 -0.0155
vn 0.9136 0.4012 -0.0660
vn 0.8061 -0.5693 -0.1617
vn -0.9741 -0.1645 0.1554
vn -0.3771 -0.9261 -0.0128
vn -0.3738 -0.9236 0.0845
vn 0.5886 -0.8082 -0.0208
vn -0.9866 -0.1633 0.0073
vn -0.3787 -0.9254 -0.0129
vn -0.3764 -0.9264 -0.0128
vn -0.3790 -0.9253 -0.0129
vn -0.3929 0.0148 -0.9195
vn -0.7152 0.0087 -0.6988
vn -0.7152 0.0087 -0.6989
vn -0.9282 0.0012 -0.3722
vn 0.5873 -0.1549 0.7944
vn -0.8206 -0.1085 0.5612
vn -0.3769 -0.1743 0.9097
vn -0.8264 -0.1071 0.5528
vn -0.3736 -0.1754 0.9108
vn -0.3735 -0.1840 0.9092
vn -0.3733 -0.1846 0.9091
vn -0.9848 -0.0354 0.1698
vn 0.0062 0.3644 0.9312
vn -0.0020 0.9835 0.1809
vn 0.0063 0.3649 0.9310
vn 0.0063 0.3648 0.9311
vn 0.0087 -0.5986 0.8010
vn -0.9260 0.3771 0.0174
vn -0.7096 0.7043 0.0209
vn -0.7108 0.7031 0.0208
vn -0.3873 0.9217 0.0211
vn 0.9300 -0.0012 0.3676
vn 0.3737 0.0276 -0.9271
vn 0.3730 0.0198 -0.9276
vn 0.9302 0.0066 0.3671
vn 0.9820 0.0153 0.1885
vn 0.5398 0.0319 -0.8412
vn 0.1814 0.0234 -0.9831
vn 0.2980 0.8944 0.3336
vn 0.3152 0.8953 0.3148
vn 0.4453 0.7581 0.4764
vn 0.4712 0.7586 0.4500
vn 0.7189 0.2333 0.6548
vn 0.7038 -0.0214 0.7101
vn 0.7440 -0.0198 0.6679
vn 0.2813 0.8932 0.3509
vn 0.4219 0.7548 0.5023
vn 0.6789 0.2363 0.6952
vn 0.6637 -0.0195 0.7478
vn -0.3149 0.9154 -0.2508
vn -0.3319 0.9144 -0.2320
vn -0.4691 0.7903 -0.3942
vn -0.7443 0.3321 -0.5794
vn -0.7423 0.0888 -0.6642
vn -0.7070 0.3334 -0.6237
vn -0.3478 0.9137 -0.2102
vn -0.4945 0.7890 -0.3647
vn -0.7809 0.3301 -0.5303
vn -0.7819 0.0871 -0.6172
vn 0.3492 0.8956 0.2757
vn 0.3331 0.8953 0.2957
vn 0.5208 0.7578 0.3932
vn 0.7557 0.2406 0.6091
vn 0.8176 -0.0168 0.5755
vn 0.7903 0.2401 0.5637
vn 0.4972 0.7580 0.4222
vn 0.7827 -0.0174 0.6222
vn -0.2986 0.9155 -0.2695
vn -0.2830 0.9155 -0.2861
vn -0.4429 0.7913 -0.4215
vn -0.4197 0.7896 -0.4476
vn -0.6299 0.3376 -0.6994
vn -0.7010 0.0897 -0.7075
vn -0.6606 0.0936 -0.7449
vn -0.6693 0.3307 -0.6653
vn -0.2660 0.9155 -0.3019
vn -0.2464 0.9154 -0.3184
vn -0.3925 0.7903 -0.4705
vn -0.3630 0.7881 -0.4972
vn -0.5438 0.3392 -0.7676
vn -0.6179 0.0959 -0.7804
vn -0.5681 0.0986 -0.8170
vn -0.5908 0.3352 -0.7339
vn 0.2637 0.8916 0.3681
vn 0.3949 0.7537 0.5253
vn 0.6395 0.2360 0.7316
vn 0.6209 -0.0200 0.7836
vn 0.2437 0.8903 0.3847
vn 0.3672 0.7495 0.5508
vn 0.5978 0.2342 0.7667
vn 0.5737 -0.0204 0.8188
vn 0.2239 0.8873 0.4031
vn 0.3370 0.7465 0.5738
vn 0.5513 0.2342 0.8008
vn 0.5238 -0.0190 0.8516
vn 0.2049 0.8836 0.4210
vn 0.3112 0.7395 0.5969
vn 0.5024 0.2306 0.8333
vn 0.4766 -0.0211 0.8789
vn -0.2252 0.9143 -0.3366
vn -0.2099 0.9114 -0.3541
vn -0.3291 0.7851 -0.5247
vn -0.3045 0.7792 -0.5478
vn -0.4514 0.3347 -0.8272
vn -0.5122 0.0994 -0.8531
vn -0.4679 0.1011 -0.8780
vn -0.4926 0.3362 -0.8026
vn 0.1144 0.8752 0.4700
vn -0.0017 0.9137 0.4064
vn 0.2017 0.5165 0.8322
vn 0.0034 0.6838 0.7297
vn 0.2221 0.0368 0.9743
vn 0.0084 0.3383 0.9410
vn 0.0840 0.9743 0.2092
vn 0.2939 0.7274 0.6200
vn 0.4548 0.2216 0.8626
vn 0.4420 -0.0273 0.8966
vn 0.2890 0.7190 0.6321
vn 0.4226 0.2046 0.8829
vn -0.2035 0.9083 -0.3655
vn -0.2957 0.7736 -0.5605
vn -0.4479 0.0968 -0.8888
vn -0.4320 0.3262 -0.8409
vn -0.3674 0.9119 -0.1831
vn -0.5206 0.7864 -0.3324
vn -0.8223 0.3251 -0.4671
vn -0.8208 0.0866 -0.5646
vn -0.3901 0.9067 -0.1603
vn -0.5511 0.7831 -0.2884
vn -0.8568 0.3153 -0.4080
vn -0.8649 0.0836 -0.4950
vn 0.3836 0.8923 0.2381
vn 0.3659 0.8947 0.2562
vn 0.5651 0.7517 0.3401
vn 0.8215 0.2416 0.5164
vn 0.8758 -0.0164 0.4823
vn 0.8513 0.2327 0.4703
vn 0.5416 0.7580 0.3636
vn 0.8493 -0.0161 0.5277
vn 0.3746 0.9271 0.0150
vn 0.7070 0.7072 -0.0020
vn 0.9289 0.3699 -0.0186
vn 0.4395 0.8879 0.1358
vn 0.8214 0.5315 0.2071
vn 0.9771 0.0412 0.2085
vn -0.4065 0.9013 -0.1496
vn -0.5851 0.7713 -0.2506
vn -0.8749 0.3050 -0.3761
vn -0.9002 0.0768 -0.4287
vn -0.9153 0.0737 -0.3960
vn -0.6044 0.7610 -0.2358
vn -0.8772 0.3078 -0.3685
vn 0.3988 0.8885 0.2273
vn 0.8714 0.2187 0.4392
vn 0.5849 0.7442 0.3226
vn 0.8931 -0.0219 0.4494
vn 0.5438 -0.6992 0.4642
vn 0.5150 -0.6994 0.4955
vn 0.3957 -0.8587 0.3256
vn 0.3756 -0.8586 0.3490
vn 0.2233 -0.9603 0.1670
vn 0.2112 -0.9608 0.1793
vn 0.4868 -0.6988 0.5241
vn 0.3545 -0.8592 0.3690
vn 0.2001 -0.9609 0.1912
vn -0.5938 -0.6359 -0.4930
vn -0.5638 -0.6341 -0.5291
vn -0.4283 -0.8252 -0.3684
vn -0.4067 -0.8240 -0.3946
vn -0.2318 -0.9483 -0.2167
vn -0.2198 -0.9478 -0.2308
vn -0.6244 -0.6358 -0.4538
vn -0.4506 -0.8254 -0.3401
vn -0.2435 -0.9488 -0.2010
vn 0.5723 -0.6976 0.4311
vn 0.5989 -0.6950 0.3979
vn 0.4164 -0.8577 0.3016
vn 0.4362 -0.8559 0.2778
vn 0.2350 -0.9598 0.1537
vn 0.2454 -0.9593 0.1399
vn -0.5033 -0.6288 -0.5927
vn -0.5331 -0.6316 -0.5629
vn -0.3636 -0.8203 -0.4414
vn -0.3848 -0.8223 -0.4192
vn -0.1967 -0.9462 -0.2568
vn -0.2076 -0.9473 -0.2441
vn -0.4358 -0.6203 -0.6521
vn -0.4723 -0.6248 -0.6218
vn -0.3156 -0.8152 -0.4857
vn -0.3413 -0.8182 -0.4627
vn -0.1708 -0.9443 -0.2814
vn -0.1842 -0.9456 -0.2680
vn 0.4563 -0.6982 0.5516
vn 0.3333 -0.8583 0.3901
vn 0.1884 -0.9608 0.2032
vn 0.4244 -0.6942 0.5813
vn 0.3101 -0.8568 0.4119
vn 0.1755 -0.9606 0.2155
vn 0.3901 -0.6900 0.6097
vn 0.2862 -0.8541 0.4344
vn 0.1625 -0.9598 0.2289
vn 0.3576 -0.6845 0.6353
vn 0.2639 -0.8498 0.4563
vn 0.1506 -0.9583 0.2428
vn -0.3637 -0.6046 -0.7086
vn -0.3953 -0.6132 -0.6839
vn -0.2659 -0.8041 -0.5318
vn -0.2878 -0.8098 -0.5113
vn -0.1451 -0.9398 -0.3094
vn -0.1559 -0.9424 -0.2958
vn 0.0762 -0.4435 0.8930
vn 0.1955 -0.6558 0.7292
vn 0.0602 -0.7498 0.6589
vn 0.1487 -0.8310 0.5360
vn 0.0343 -0.9473 0.3186
vn 0.0906 -0.9503 0.2980
vn 0.3355 -0.6764 0.6557
vn 0.2495 -0.8439 0.4749
vn 0.1433 -0.9564 0.2546
vn -0.3496 -0.5985 -0.7208
vn -0.2568 -0.7991 -0.5437
vn -0.1402 -0.9380 -0.3170
vn -0.6599 -0.6349 -0.4018
vn -0.4776 -0.8245 -0.3034
vn -0.2571 -0.9493 -0.1808
vn -0.6951 -0.6255 -0.3545
vn -0.5068 -0.8183 -0.2711
vn -0.2758 -0.9470 -0.1649
vn 0.6239 -0.6916 0.3641
vn 0.6474 -0.6855 0.3330
vn 0.4547 -0.8539 0.2534
vn 0.4741 -0.8494 0.2318
vn 0.2564 -0.9582 0.1266
vn 0.2683 -0.9565 0.1147
vn 0.9104 -0.4133 0.0181
vn 0.6900 -0.7238 0.0019
vn 0.3752 -0.9268 -0.0147
vn 0.7425 -0.6516 0.1553
vn 0.5467 -0.8307 0.1049
vn 0.3155 -0.9477 0.0476
vn -0.7123 -0.6191 -0.3306
vn -0.5235 -0.8130 -0.2550
vn -0.2880 -0.9447 -0.1569
vn 0.6641 -0.6797 0.3114
vn 0.4902 -0.8439 0.2180
vn 0.2788 -0.9543 0.1077
vn -0.4825 -0.3379 -0.8081
vn 0.8677 0.1549 -0.4724
vn -0.8074 -0.3552 -0.4711
vn 0.2385 -0.1464 -0.9600
vn 0.2379 -0.1469 -0.9601
vn 0.9604 0.2664 -0.0817
vn -0.5039 -0.3365 -0.7955
vn -0.9356 -0.2102 0.2836
vn -0.2022 0.1569 0.9667
vn -0.6200 -0.3521 -0.7011
vn 0.3752 -0.3728 -0.8487
vn 0.3576 -0.3913 -0.8479
vn 0.5132 -0.5071 -0.6925
vn 0.4873 -0.5335 -0.6913
vn 0.6676 -0.7306 -0.1430
vn 0.7119 -0.6929 0.1146
vn 0.6701 -0.7334 0.1144
vn 0.3926 -0.3561 -0.8479
vn 0.5390 -0.4832 -0.6899
vn 0.7086 -0.6910 -0.1430
vn 0.7493 -0.6526 0.1126
vn -0.2112 0.2312 -0.9497
vn -0.1922 0.2480 -0.9495
vn -0.3603 0.3939 -0.8456
vn -0.5673 0.7067 -0.4227
vn -0.6628 0.7256 -0.1849
vn -0.6114 0.6692 -0.4223
vn -0.1708 0.2644 -0.9492
vn -0.3314 0.4200 -0.8448
vn -0.5183 0.7434 -0.4228
vn -0.6164 0.7656 -0.1843
vn 0.3176 -0.4244 -0.8480
vn 0.3373 -0.4080 -0.8484
vn 0.4295 -0.5818 -0.6907
vn 0.6233 -0.7688 -0.1430
vn 0.5781 -0.8079 0.1146
vn 0.5780 -0.8035 -0.1424
vn 0.4578 -0.5577 -0.6924
vn 0.6245 -0.7724 0.1157
vn -0.2291 0.2142 -0.9495
vn -0.2451 0.1979 -0.9491
vn -0.3880 0.3683 -0.8449
vn -0.4121 0.3431 -0.8441
vn -0.6863 0.5912 -0.4237
vn -0.7058 0.6837 -0.1853
vn -0.7431 0.6430 -0.1855
vn -0.6513 0.6297 -0.4234
vn -0.2603 0.1807 -0.9485
vn -0.2732 0.1630 -0.9480
vn -0.4351 0.3163 -0.8430
vn -0.4587 0.2879 -0.8406
vn -0.7533 0.5039 -0.4226
vn -0.7780 0.5998 -0.1869
vn -0.8151 0.5480 -0.1880
vn -0.7191 0.5508 -0.4237
vn 0.4090 -0.3378 -0.8477
vn 0.5616 -0.4558 -0.6905
vn 0.7447 -0.6514 -0.1453
vn 0.7849 -0.6097 0.1100
vn 0.4262 -0.3193 -0.8464
vn 0.5856 -0.4282 -0.6883
vn 0.7796 -0.6093 -0.1451
vn 0.8189 -0.5639 0.1069
vn 0.4333 -0.3008 -0.8496
vn 0.6009 -0.4026 -0.6906
vn 0.8124 -0.5644 -0.1466
vn 0.8448 -0.5248 0.1044
vn 0.4097 -0.2771 -0.8691
vn 0.5899 -0.3789 -0.7131
vn 0.8371 -0.5268 -0.1475
vn 0.8584 -0.5029 0.1011
vn -0.2782 0.1566 -0.9477
vn -0.2955 0.1719 -0.9398
vn -0.4783 0.2656 -0.8371
vn -0.5020 0.2639 -0.8236
vn -0.8162 0.4094 -0.4077
vn -0.8544 0.4842 -0.1885
vn -0.8840 0.4297 -0.1843
vn -0.7886 0.4516 -0.4172
vn 0.3778 0.0627 -0.9238
vn 0.5657 0.0588 -0.8225
vn 0.7303 0.0806 -0.6783
vn 0.9479 0.0831 -0.3076
vn 0.1182 -0.1117 -0.9867
vn 0.5459 -0.3499 -0.7613
vn 0.8487 -0.5059 -0.1541
vn 0.8637 -0.4943 0.0986
vn 0.5466 -0.3495 -0.7610
vn 0.8515 -0.4981 -0.1637
vn -0.3298 0.1919 -0.9243
vn -0.7066 0.3425 -0.6191
vn -0.8985 0.4036 -0.1727
vn -0.1434 0.2834 -0.9482
vn -0.2990 0.4460 -0.8436
vn -0.4559 0.7860 -0.4176
vn -0.5642 0.8048 -0.1843
vn -0.1211 0.3068 -0.9440
vn -0.2562 0.4784 -0.8400
vn -0.3972 0.8213 -0.4094
vn -0.4948 0.8496 -0.1824
vn 0.2796 -0.4583 -0.8436
vn 0.2975 -0.4403 -0.8471
vn 0.3761 -0.6258 -0.6833
vn 0.5310 -0.8353 -0.1421
vn 0.4855 -0.8668 0.1138
vn 0.4844 -0.8641 -0.1368
vn 0.4004 -0.6037 -0.6894
vn 0.5306 -0.8400 0.1136
vn 0.0584 -0.4550 -0.8886
vn 0.0332 -0.7665 -0.6414
vn 0.0027 -0.9581 -0.2866
vn 0.1775 -0.5142 -0.8391
vn 0.2350 -0.8625 -0.4483
vn 0.2149 -0.9751 0.0547
vn -0.1108 0.3237 -0.9396
vn -0.2184 0.5124 -0.8305
vn -0.3659 0.8407 -0.3992
vn -0.4290 0.8859 -0.1766
vn -0.3971 0.9023 -0.1681
vn -0.2038 0.5319 -0.8219
vn -0.3580 0.8421 -0.4033
vn 0.2686 -0.4728 -0.8392
vn 0.4529 -0.8835 -0.1199
vn 0.3584 -0.6448 -0.6751
vn 0.4523 -0.8835 0.1219
vn 0.4353 -0.4763 0.7640
vn 0.4663 -0.4473 0.7632
vn 0.2891 -0.3163 0.9036
vn 0.3116 -0.2951 0.9032
vn 0.1249 -0.1365 0.9827
vn 0.1375 -0.1248 0.9826
vn 0.4947 -0.4189 0.7615
vn 0.3323 -0.2747 0.9023
vn 0.1492 -0.1135 0.9823
vn -0.5241 0.6431 0.5583
vn -0.5600 0.6128 0.5576
vn -0.4070 0.4957 0.7672
vn -0.4327 0.4736 0.7672
vn -0.2601 0.3122 0.9137
vn -0.2737 0.2996 0.9140
vn -0.4850 0.6739 0.5574
vn -0.3789 0.5182 0.7668
vn -0.2446 0.3241 0.9138
vn 0.4021 -0.5047 0.7639
vn 0.3690 -0.5316 0.7623
vn 0.2651 -0.3371 0.9034
vn 0.2411 -0.3566 0.9026
vn 0.1115 -0.1482 0.9826
vn 0.0983 -0.1595 0.9823
vn -0.6223 0.5510 0.5561
vn -0.5929 0.5813 0.5573
vn -0.4787 0.4297 0.7656
vn -0.4568 0.4510 0.7668
vn -0.2992 0.2762 0.9133
vn -0.2871 0.2876 0.9137
vn -0.6839 0.4786 0.5507
vn -0.6506 0.5192 0.5543
vn -0.5255 0.3768 0.7628
vn -0.4995 0.4070 0.7648
vn -0.3269 0.2461 0.9124
vn -0.3103 0.2636 0.9134
vn 0.5232 -0.3894 0.7580
vn 0.3535 -0.2536 0.9004
vn 0.1615 -0.1019 0.9816
vn 0.5510 -0.3576 0.7540
vn 0.3751 -0.2314 0.8976
vn 0.1737 -0.0895 0.9807
vn 0.5743 -0.3312 0.7486
vn 0.3949 -0.2136 0.8935
vn 0.1886 -0.0815 0.9787
vn 0.5946 -0.3199 0.7377
vn 0.4248 -0.2138 0.8797
vn 0.2271 -0.0935 0.9694
vn -0.7658 0.3525 0.5379
vn -0.7285 0.4172 0.5433
vn -0.5993 0.2671 0.7546
vn -0.5660 0.3264 0.7570
vn -0.3811 0.1587 0.9108
vn -0.3525 0.2066 0.9127
vn 0.8925 -0.0069 0.4509
vn 0.6879 -0.0248 0.7254
vn 0.4043 -0.0393 0.9138
vn 0.6160 -0.3229 0.7186
vn 0.4682 -0.2317 0.8527
vn 0.2955 -0.1282 0.9467
vn -0.7832 0.3183 0.5341
vn -0.6041 0.2289 0.7633
vn -0.3708 0.1207 0.9208
vn -0.4336 0.7104 0.5544
vn -0.3424 0.5454 0.7651
vn -0.2247 0.3383 0.9138
vn -0.3851 0.7432 0.5471
vn -0.3097 0.5737 0.7583
vn -0.2083 0.3560 0.9110
vn 0.3356 -0.5573 0.7595
vn 0.3047 -0.5809 0.7548
vn 0.2173 -0.3761 0.9007
vn 0.1958 -0.3956 0.8973
vn 0.0852 -0.1707 0.9816
vn 0.0731 -0.1825 0.9805
vn 0.0039 -0.8699 0.4932
vn -0.0272 -0.6236 0.7813
vn -0.0545 -0.2917 0.9550
vn 0.1294 -0.6797 0.7220
vn 0.0701 -0.4699 0.8799
vn 0.0067 -0.2327 0.9725
vn -0.3616 0.7610 0.5386
vn -0.2939 0.5908 0.7514
vn -0.2006 0.3684 0.9078
vn 0.2838 -0.5989 0.7489
vn 0.1825 -0.4124 0.8925
vn 0.0666 -0.1936 0.9788
vn -0.6070 0.7487 0.2663
vn -0.4861 0.8338 0.2617
vn -0.9662 -0.2301 0.1159
vn -0.2145 -0.9633 -0.1617
vn 0.1859 0.9681 0.1682
vn 0.1998 0.9657 0.1658
vn 0.2000 0.9657 0.1655
vn 0.1857 0.9681 0.1683
vn 0.9796 0.1503 -0.1336
vn -0.8490 0.4661 0.2488
vn 0.1999 0.9657 0.1657
vn 0.8220 -0.2919 0.4890
vn 0.8654 -0.1969 0.4607
vn 0.8987 -0.1009 0.4269
vn 0.3271 -0.8428 -0.4275
vn 0.5926 -0.0451 -0.8042
vn 0.5926 -0.0454 -0.8042
vn 0.5308 -0.7286 0.4330
vn 0.5229 -0.5120 0.6815
vn -0.0043 0.9977 0.0673
vn 0.7085 -0.6953 -0.1207
vn -0.2104 0.7886 -0.5777
vn -0.5332 -0.2176 -0.8175
vn 0.8691 0.2944 -0.3975
vn 0.3887 -0.9032 -0.1821
vn -0.7996 0.3919 -0.4551
vn 0.6690 0.2742 0.6909
vn -0.4695 0.7910 -0.3923
vn -0.5916 -0.4742 0.6521
vn 0.4334 -0.0023 0.9012
vn -0.0297 -0.2873 -0.9574
vn -0.8805 0.0405 0.4723
vn 0.5681 0.5910 -0.5727
vn 0.4293 0.1706 0.8869
vn 0.8265 -0.5629 -0.0067
vn 0.7341 -0.2009 0.6486
vn -0.5063 -0.8053 0.3086
vn 0.3609 -0.8634 0.3526
vn -0.6233 0.2227 -0.7496
vn -0.8130 0.5139 0.2739
vn 0.1984 0.6019 -0.7735
vn -0.0751 -0.7901 0.6083
vn 0.6041 0.1360 0.7852
vn -0.3461 0.4725 0.8105
vn -0.0735 0.4972 -0.8645
vn -0.9865 -0.1636 0.0073
vt 0.448686 0.293482
vt 0.454072 0.294569
vt 0.451449 0.297118
vt 0.523929 0.015985
vt 0.536304 0.017580
vt 0.524099 0.018425
vt 0.457023 0.298085
vt 0.462844 0.298939
vt 0.460166 0.301459
vt 0.562555 0.040464
vt 0.574199 0.038477
vt 0.574241 0.040873
vt 0.466863 0.307618
vt 0.467517 0.312749
vt 0.464161 0.310081
vt 0.511783 0.017259
vt 0.511973 0.019701
vt 0.513048 0.043112
vt 0.499709 0.042817
vt 0.512818 0.040723
vt 0.537893 0.040857
vt 0.550255 0.038049
vt 0.550365 0.040445
vt 0.460796 0.307137
vt 0.457505 0.303962
vt 0.466178 0.302157
vt 0.463477 0.304654
vt 0.585544 0.039277
vt 0.585549 0.041677
vt 0.593867 0.017287
vt 0.582958 0.018503
vt 0.582915 0.016058
vt 0.571816 0.015237
vt 0.560442 0.017247
vt 0.560345 0.014805
vt 0.597336 0.040589
vt 0.597301 0.042988
vt 0.612860 0.042953
vt 0.612793 0.045342
vt 0.616313 0.021052
vt 0.604916 0.021406
vt 0.604933 0.018950
vt 0.470237 0.310307
vt 0.470893 0.315165
vt 0.634705 0.046797
vt 0.634622 0.049184
vt 0.660102 0.051375
vt 0.659872 0.053685
vt 0.627898 0.023424
vt 0.616272 0.023515
vt 0.477200 0.315025
vt 0.477976 0.319424
vt 0.474352 0.317375
vt 0.499660 0.018921
vt 0.499867 0.021369
vt 0.487111 0.020994
vt 0.487340 0.023454
vt 0.482118 0.049087
vt 0.456097 0.052946
vt 0.481784 0.046757
vt 0.459680 0.295543
vt 0.473771 0.023563
vt 0.474048 0.026028
vt 0.460246 0.026685
vt 0.460728 0.029068
vt 0.456386 0.055239
vt 0.425786 0.059150
vt 0.448118 0.285932
vt 0.453798 0.288060
vt 0.451237 0.290779
vt 0.536450 0.020011
vt 0.524269 0.020859
vt 0.561455 0.027624
vt 0.571988 0.020437
vt 0.573039 0.028039
vt 0.562478 0.038069
vt 0.574155 0.036072
vt 0.585503 0.036545
vt 0.595604 0.030132
vt 0.597323 0.037858
vt 0.512164 0.022138
vt 0.500075 0.023814
vt 0.537749 0.038460
vt 0.525055 0.036946
vt 0.537606 0.036059
vt 0.550144 0.035646
vt 0.525236 0.039347
vt 0.512587 0.038325
vt 0.548505 0.017200
vt 0.571886 0.017679
vt 0.560537 0.019683
vt 0.571956 0.020115
vt 0.597371 0.038183
vt 0.574123 0.035749
vt 0.584248 0.028847
vt 0.593880 0.019736
vt 0.582999 0.020941
vt 0.593891 0.022178
vt 0.634788 0.044406
vt 0.608876 0.032187
vt 0.612827 0.040227
vt 0.604896 0.023856
vt 0.627847 0.025896
vt 0.616228 0.025977
vt 0.660159 0.049075
vt 0.512177 0.022460
vt 0.524658 0.028848
vt 0.512372 0.030172
vt 0.499415 0.040424
vt 0.481444 0.044424
vt 0.487570 0.025907
vt 0.474321 0.028476
vt 0.499749 0.032055
vt 0.487512 0.026244
vt 0.500076 0.024139
vt 0.455799 0.050670
vt 0.425969 0.056433
vt 0.461028 0.031425
vt 0.525418 0.041739
vt 0.440686 0.040199
vt 0.460400 0.029212
vt 0.441790 0.042005
vt 0.460595 0.029295
vt 0.525036 0.036622
vt 0.512570 0.038000
vt 0.562400 0.035667
vt 0.537583 0.035735
vt 0.444378 0.279435
vt 0.450246 0.282272
vt 0.454382 0.300611
vt 0.481502 0.044094
vt 0.465121 0.039871
vt 0.484536 0.035152
vt 0.492938 0.323621
vt 0.500085 0.324848
vt 0.492921 0.324421
vt 0.499776 0.325634
vt 0.492902 0.325221
vt 0.583035 0.021264
vt 0.548384 0.014759
vt 0.524287 0.021180
vt 0.537021 0.027978
vt 0.548625 0.019635
vt 0.440269 0.272161
vt 0.445478 0.273557
vt 0.440577 0.281010
vt 0.443248 0.285326
vt 0.461127 0.031719
vt 0.474152 0.028835
vt 0.455994 0.050329
vt 0.443368 0.043829
vt 0.481512 0.317448
vt 0.481808 0.321341
vt 0.472979 0.307855
vt 0.473629 0.312746
vt 0.585539 0.036870
vt 0.616454 0.026338
vt 0.625480 0.035193
vt 0.469585 0.305142
vt 0.476390 0.310318
vt 0.549374 0.027588
vt 0.550119 0.035323
vt 0.500001 0.045199
vt 0.589948 0.193340
vt 0.633707 0.183044
vt 0.590817 0.194208
vt 0.499410 0.040099
vt 0.486919 0.320264
vt 0.485518 0.323041
vt 0.492113 0.319370
vt 0.492804 0.323513
vt 0.634562 0.044053
vt 0.643614 0.038658
vt 0.659455 0.048634
vt 0.627699 0.028666
vt 0.440163 0.272032
vt 0.439062 0.263354
vt 0.439897 0.263176
vt 0.445985 0.289580
vt 0.439358 0.272016
vt 0.438218 0.263557
vt 0.604996 0.024191
vt 0.536158 0.015140
vt 0.562371 0.035344
vt 0.593938 0.022504
vt 0.485763 0.323981
vt 0.485527 0.323131
vt 0.480074 0.312676
vt 0.612927 0.040559
vt 0.485995 0.324833
vt 0.560566 0.020004
vt 0.548651 0.019956
vt 0.536471 0.020332
vt 0.456710 0.292004
vt 0.485069 0.315507
vt 0.676552 0.134225
vt 0.601727 0.092739
vt 0.695698 0.138552
vt 0.519680 0.103003
vt 0.552985 0.142417
vt 0.552184 0.143148
vt 0.523652 0.104804
vt 0.553788 0.141689
vt 0.584668 0.170079
vt 0.591523 0.134208
vt 0.616731 0.148219
vt 0.535285 0.281588
vt 0.489729 0.210577
vt 0.494937 0.209480
vt 0.633433 0.181582
vt 0.683050 0.175694
vt 0.556387 0.231062
vt 0.535241 0.275572
vt 0.555301 0.230654
vt 0.594946 0.116298
vt 0.648763 0.126381
vt 0.571088 0.290181
vt 0.650126 0.252673
vt 0.557384 0.304836
vt 0.495727 0.129052
vt 0.536977 0.159626
vt 0.496941 0.131336
vt 0.592979 0.234507
vt 0.630529 0.234052
vt 0.593485 0.272055
vt 0.567510 0.188905
vt 0.536229 0.160418
vt 0.701368 0.158760
vt 0.654101 0.256774
vt 0.488494 0.110445
vt 0.483910 0.211794
vt 0.481814 0.091853
vt 0.538635 0.300359
vt 0.646291 0.248725
vt 0.683194 0.175907
vt 0.686716 0.173581
vt 0.578958 0.237287
vt 0.590689 0.194338
vt 0.580043 0.237494
vt 0.582522 0.179678
vt 0.540331 0.146498
vt 0.546523 0.144707
vt 0.602618 0.087591
vt 0.715871 0.143211
vt 0.589691 0.193221
vt 0.634693 0.175538
vt 0.633453 0.181379
vt 0.571738 0.289459
vt 0.644882 0.247359
vt 0.476043 0.096570
vt 0.455374 0.146625
vt 0.443365 0.111236
vt 0.575851 0.186678
vt 0.540157 0.146691
vt 0.581154 0.185190
vt 0.631246 0.163670
vt 0.626973 0.159219
vt 0.573080 0.238835
vt 0.578756 0.237314
vt 0.635958 0.168963
vt 0.715982 0.143585
vt 0.635885 0.168707
vt 0.569838 0.188450
vt 0.568677 0.188765
vt 0.495501 0.129204
vt 0.496639 0.208947
vt 0.495258 0.209394
vt 0.500813 0.096992
vt 0.482039 0.091538
vt 0.535090 0.277993
vt 0.535134 0.280725
vt 0.557475 0.231468
vt 0.535347 0.277986
vt 0.585338 0.189045
vt 0.566619 0.240439
vt 0.581377 0.185246
vt 0.495222 0.128407
vt 0.538852 0.153044
vt 0.537799 0.158654
vt 0.583840 0.173830
vt 0.542686 0.320105
vt 0.680040 0.177794
vt 0.633977 0.184494
vt 0.583805 0.173548
vt 0.584062 0.172365
vt 0.600845 0.097694
vt 0.672726 0.134256
vt 0.600420 0.099223
vt 0.445040 0.171652
vt 0.477719 0.156987
vt 0.479394 0.217403
vt 0.519799 0.102776
vt 0.521923 0.103785
vt 0.583989 0.173588
vt 0.626215 0.157948
vt 0.626834 0.159064
vt 0.566364 0.240366
vt 0.561718 0.235774
vt 0.537728 0.158836
vt 0.568629 0.188592
vt 0.542327 0.319928
vt 0.410687 0.125901
vt 0.581309 0.185029
vt 0.584312 0.171226
vt 0.600003 0.100737
vt 0.523743 0.104605
vt 0.670180 0.134319
vt 0.581128 0.237697
vt 0.680158 0.177969
vt 0.573137 0.287267
vt 0.643502 0.246009
vt 0.496724 0.131463
vt 0.498009 0.208506
vt 0.567557 0.189072
vt 0.535025 0.275579
vt 0.687423 0.172928
vt 0.646540 0.248975
vt 0.571497 0.289321
vt 0.572914 0.287121
vt 0.574182 0.285235
vt 0.591654 0.195044
vt 0.570071 0.188290
vt 0.566397 0.189665
vt 0.531152 0.198962
vt 0.533076 0.170164
vt 0.513554 0.203603
vt 0.499786 0.150683
vt 0.552001 0.143226
vt 0.519003 0.102537
vt 0.562887 0.138132
vt 0.541128 0.106216
vt 0.584238 0.172403
vt 0.625595 0.156834
vt 0.630040 0.196486
vt 0.667572 0.196049
vt 0.592472 0.196923
vt 0.617856 0.221688
vt 0.557634 0.231597
vt 0.546851 0.223110
vt 0.527323 0.256523
vt 0.497943 0.133329
vt 0.600923 0.097365
vt 0.672722 0.134495
vt 0.675709 0.134365
vt 0.670182 0.134538
vt 0.477066 0.262927
vt 0.481773 0.265699
vt 0.478478 0.267251
vt 0.504415 0.053371
vt 0.516811 0.053521
vt 0.504867 0.055700
vt 0.483421 0.269956
vt 0.488626 0.272602
vt 0.485313 0.274133
vt 0.545630 0.075713
vt 0.558314 0.073224
vt 0.558421 0.075879
vt 0.489735 0.282041
vt 0.488779 0.287116
vt 0.486411 0.283545
vt 0.493138 0.056115
vt 0.493617 0.058325
vt 0.496280 0.079483
vt 0.484587 0.079596
vt 0.496007 0.077330
vt 0.519957 0.076744
vt 0.532511 0.073506
vt 0.532696 0.076000
vt 0.484128 0.279704
vt 0.482010 0.275658
vt 0.490764 0.276668
vt 0.487443 0.278188
vt 0.571057 0.073826
vt 0.571111 0.076546
vt 0.579658 0.048254
vt 0.567169 0.050372
vt 0.566944 0.047591
vt 0.554347 0.047572
vt 0.542027 0.050795
vt 0.541694 0.048164
vt 0.584591 0.075096
vt 0.584589 0.077871
vt 0.602769 0.077607
vt 0.602739 0.080425
vt 0.606365 0.051612
vt 0.592822 0.052490
vt 0.592727 0.049590
vt 0.492113 0.285630
vt 0.491249 0.290451
vt 0.628800 0.081554
vt 0.628789 0.084409
vt 0.659651 0.085970
vt 0.659657 0.088844
vt 0.620366 0.054513
vt 0.606359 0.054558
vt 0.497302 0.292251
vt 0.496695 0.296690
vt 0.493866 0.293616
vt 0.482565 0.059213
vt 0.483057 0.061302
vt 0.472374 0.062660
vt 0.472871 0.064637
vt 0.470432 0.085460
vt 0.450717 0.089897
vt 0.470076 0.083614
vt 0.486728 0.268412
vt 0.462261 0.066461
vt 0.462782 0.068338
vt 0.452380 0.070704
vt 0.453041 0.072423
vt 0.451003 0.091551
vt 0.430748 0.095368
vt 0.479027 0.255674
vt 0.483628 0.259505
vt 0.480344 0.261221
vt 0.517207 0.055953
vt 0.505297 0.058023
vt 0.543902 0.061921
vt 0.554956 0.053339
vt 0.556605 0.061706
vt 0.545481 0.073132
vt 0.558191 0.070560
vt 0.570942 0.070721
vt 0.582304 0.063051
vt 0.584522 0.071921
vt 0.494072 0.060530
vt 0.483527 0.063389
vt 0.519742 0.074349
vt 0.507257 0.073361
vt 0.519506 0.071948
vt 0.532309 0.071005
vt 0.507522 0.075649
vt 0.495709 0.075169
vt 0.529312 0.051877
vt 0.554630 0.050283
vt 0.542342 0.053418
vt 0.554897 0.052984
vt 0.584584 0.072312
vt 0.558145 0.070202
vt 0.569231 0.062047
vt 0.579820 0.051097
vt 0.567379 0.053141
vt 0.579967 0.053927
vt 0.628807 0.078703
vt 0.597831 0.065053
vt 0.602670 0.074409
vt 0.592903 0.055377
vt 0.620089 0.057439
vt 0.606340 0.057477
vt 0.659645 0.083095
vt 0.494116 0.060822
vt 0.506392 0.065647
vt 0.495012 0.067817
vt 0.484242 0.077577
vt 0.469700 0.081764
vt 0.473348 0.066613
vt 0.463287 0.070206
vt 0.484008 0.070473
vt 0.473339 0.066916
vt 0.483559 0.063673
vt 0.450409 0.088248
vt 0.430868 0.094517
vt 0.453677 0.074101
vt 0.507765 0.077931
vt 0.439377 0.083057
vt 0.440427 0.084137
vt 0.441461 0.085227
vt 0.507227 0.073059
vt 0.495679 0.074879
vt 0.545314 0.070545
vt 0.519470 0.071623
vt 0.477712 0.248428
vt 0.482188 0.252951
vt 0.480123 0.271494
vt 0.469734 0.081477
vt 0.457022 0.079523
vt 0.471659 0.074286
vt 0.642181 0.066621
vt 0.661766 0.080868
vt 0.640960 0.068990
vt 0.659719 0.082891
vt 0.639734 0.071353
vt 0.567441 0.053503
vt 0.528936 0.049336
vt 0.505346 0.058327
vt 0.518457 0.063894
vt 0.529668 0.054411
vt 0.476284 0.240354
vt 0.480549 0.243302
vt 0.473908 0.248697
vt 0.474810 0.253530
vt 0.453739 0.074184
vt 0.463236 0.070560
vt 0.450643 0.087897
vt 0.442023 0.085135
vt 0.500694 0.295889
vt 0.499779 0.299741
vt 0.495468 0.284138
vt 0.494594 0.288987
vt 0.570990 0.071096
vt 0.606567 0.057981
vt 0.617424 0.068153
vt 0.493076 0.280529
vt 0.497961 0.287519
vt 0.531075 0.062649
vt 0.532268 0.070670
vt 0.484908 0.081604
vt 0.459050 0.279989
vt 0.464411 0.281227
vt 0.461703 0.283704
vt 0.484215 0.077281
vt 0.505100 0.300266
vt 0.502891 0.302660
vt 0.510371 0.300743
vt 0.509885 0.304948
vt 0.628516 0.078303
vt 0.639057 0.071461
vt 0.658706 0.082645
vt 0.619783 0.060432
vt 0.430505 0.094978
vt 0.429471 0.094758
vt 0.475855 0.258387
vt 0.431299 0.095121
vt 0.593027 0.055797
vt 0.516395 0.051080
vt 0.545270 0.070200
vt 0.580043 0.054302
vt 0.500760 0.290884
vt 0.602794 0.074789
vt 0.619809 0.060294
vt 0.542400 0.053765
vt 0.529724 0.054744
vt 0.517260 0.056271
vt 0.485077 0.264142
vt 0.504701 0.295087
vt 0.573171 0.364001
vt 0.561093 0.362348
vt 0.573019 0.361617
vt 0.467258 0.284848
vt 0.473074 0.285908
vt 0.470291 0.288341
vt 0.535798 0.339721
vt 0.524382 0.341415
vt 0.524395 0.339066
vt 0.476757 0.294774
vt 0.477202 0.299931
vt 0.473955 0.297127
vt 0.585044 0.362800
vt 0.584862 0.360416
vt 0.583887 0.337663
vt 0.596836 0.338018
vt 0.584097 0.339985
vt 0.559764 0.339675
vt 0.547728 0.342258
vt 0.547654 0.339928
vt 0.470707 0.294051
vt 0.467535 0.290752
vt 0.476297 0.289272
vt 0.473489 0.291669
vt 0.513255 0.340357
vt 0.513323 0.338000
vt 0.504767 0.362039
vt 0.515498 0.360870
vt 0.515521 0.363266
vt 0.526367 0.364195
vt 0.537510 0.362386
vt 0.537572 0.364775
vt 0.501627 0.338696
vt 0.501784 0.336339
vt 0.486101 0.335877
vt 0.486345 0.333569
vt 0.481919 0.359176
vt 0.493644 0.358220
vt 0.493672 0.360651
vt 0.480020 0.297603
vt 0.480479 0.302488
vt 0.464285 0.331672
vt 0.464531 0.329411
vt 0.438971 0.327507
vt 0.439009 0.325076
vt 0.469994 0.357423
vt 0.481915 0.356730
vt 0.486813 0.302610
vt 0.487415 0.307202
vt 0.483853 0.304866
vt 0.596865 0.361154
vt 0.596653 0.358769
vt 0.608999 0.359001
vt 0.608756 0.356615
vt 0.613972 0.331879
vt 0.639655 0.327567
vt 0.614296 0.334176
vt 0.470012 0.282382
vt 0.621753 0.356285
vt 0.621485 0.353898
vt 0.634851 0.353212
vt 0.634569 0.350824
vt 0.639312 0.325283
vt 0.669598 0.319581
vt 0.458709 0.272446
vt 0.464328 0.274678
vt 0.461681 0.277349
vt 0.560973 0.359973
vt 0.572866 0.359240
vt 0.536663 0.352245
vt 0.526264 0.359107
vt 0.525338 0.351655
vt 0.535829 0.342054
vt 0.524374 0.343774
vt 0.513216 0.343050
vt 0.503107 0.349231
vt 0.501503 0.341394
vt 0.584679 0.358039
vt 0.596440 0.356391
vt 0.559880 0.342003
vt 0.572192 0.343576
vt 0.559996 0.344337
vt 0.547803 0.344596
vt 0.572032 0.341242
vt 0.584307 0.342316
vt 0.549172 0.362588
vt 0.526329 0.361805
vt 0.537450 0.360004
vt 0.526291 0.359421
vt 0.501468 0.341072
vt 0.524399 0.344092
vt 0.514338 0.350678
vt 0.504746 0.359629
vt 0.515478 0.358477
vt 0.504728 0.357217
vt 0.464028 0.333919
vt 0.489761 0.347005
vt 0.485932 0.338517
vt 0.493621 0.355787
vt 0.470155 0.355052
vt 0.481910 0.354295
vt 0.439331 0.330111
vt 0.584666 0.357725
vt 0.572532 0.351454
vt 0.584493 0.350226
vt 0.597108 0.340346
vt 0.614622 0.336480
vt 0.608512 0.354234
vt 0.621217 0.351515
vt 0.596767 0.348418
vt 0.608569 0.353906
vt 0.596439 0.356075
vt 0.639998 0.329856
vt 0.669842 0.321861
vt 0.634284 0.348435
vt 0.571872 0.338918
vt 0.451066 0.258912
vt 0.450819 0.267268
vt 0.450283 0.258934
vt 0.449973 0.267072
vt 0.449499 0.258958
vt 0.572208 0.343890
vt 0.584321 0.342631
vt 0.535864 0.344396
vt 0.560015 0.344651
vt 0.455223 0.266028
vt 0.460895 0.268852
vt 0.464528 0.287291
vt 0.614564 0.336808
vt 0.630585 0.340627
vt 0.611539 0.345376
vt 0.452323 0.345371
vt 0.437227 0.331705
vt 0.453218 0.343516
vt 0.439271 0.330257
vt 0.454106 0.341666
vt 0.515446 0.358162
vt 0.549261 0.364975
vt 0.572851 0.358927
vt 0.560489 0.352202
vt 0.549083 0.360208
vt 0.451172 0.259041
vt 0.456259 0.260329
vt 0.451750 0.267468
vt 0.454001 0.271708
vt 0.634176 0.348147
vt 0.621396 0.351159
vt 0.639806 0.330216
vt 0.651768 0.335272
vt 0.491159 0.305236
vt 0.491210 0.309603
vt 0.482860 0.295266
vt 0.483313 0.300181
vt 0.513189 0.342728
vt 0.481730 0.353950
vt 0.473000 0.343864
vt 0.479582 0.292413
vt 0.486166 0.297865
vt 0.548449 0.352447
vt 0.547824 0.344911
vt 0.596566 0.335702
vt 0.597111 0.340663
vt 0.496828 0.308336
vt 0.494998 0.311958
vt 0.502426 0.307095
vt 0.503114 0.311723
vt 0.464221 0.334240
vt 0.454513 0.341625
vt 0.439896 0.330453
vt 0.470212 0.352379
vt 0.449790 0.250598
vt 0.450665 0.250442
vt 0.456495 0.276020
vt 0.448997 0.250860
vt 0.493528 0.355457
vt 0.561213 0.364734
vt 0.535887 0.344712
vt 0.504684 0.356898
vt 0.469824 0.354916
vt 0.469663 0.357262
vt 0.489778 0.300352
vt 0.485848 0.338194
vt 0.469983 0.352597
vt 0.537426 0.359691
vt 0.549062 0.359895
vt 0.560955 0.359661
vt 0.467140 0.278725
vt 0.494892 0.303274
vt 0.500343 0.324033
vt 0.500335 0.324007
vt 0.500363 0.324037
vt 0.500300 0.324004
vt 0.500303 0.323979
vt 0.500358 0.324006
vt 0.500326 0.323983
vt 0.500202 0.323916
vt 0.500195 0.323942
vt 0.500152 0.323913
vt 0.500263 0.323927
vt 0.500258 0.323949
vt 0.500249 0.323973
vt 0.500310 0.323961
vt 0.659827 0.053736
vt 0.659731 0.053727
vt 0.659926 0.053682
vt 0.659888 0.053742
vt 0.659717 0.053776
vt 0.659570 0.053757
vt 0.500348 0.323985
vt 0.459928 0.026762
vt 0.459995 0.026805
vt 0.459922 0.026843
vt 0.440531 0.280973
vt 0.440510 0.280982
vt 0.440509 0.280953
vt 0.460002 0.026726
vt 0.460083 0.026762
vt 0.460018 0.026660
vt 0.460071 0.026695
vt 0.440545 0.281013
vt 0.440552 0.280993
vt 0.440562 0.281030
vt 0.440538 0.281029
vt 0.440529 0.280996
vt 0.440528 0.281013
vt 0.460171 0.026720
vt 0.460205 0.026629
vt 0.460136 0.026663
vt 0.460156 0.026591
vt 0.460063 0.026656
vt 0.460102 0.026622
vt 0.439925 0.263186
vt 0.439926 0.263221
vt 0.439897 0.263144
vt 0.439927 0.263163
vt 0.439953 0.263220
vt 0.439957 0.263275
vt 0.439949 0.263196
vt 0.426079 0.061536
vt 0.426128 0.061587
vt 0.426024 0.061536
vt 0.426221 0.061574
vt 0.426239 0.061622
vt 0.426066 0.061594
vt 0.425995 0.061538
vt 0.439947 0.263174
vt 0.439987 0.263330
vt 0.440013 0.263323
vt 0.440015 0.263374
vt 0.439982 0.263266
vt 0.440003 0.263261
vt 0.439970 0.263213
vt 0.499747 0.325657
vt 0.499712 0.325653
vt 0.499805 0.325642
vt 0.499768 0.325660
vt 0.499695 0.325672
vt 0.499637 0.325671
vt 0.499723 0.325672
vt 0.660098 0.048981
vt 0.660214 0.049072
vt 0.659998 0.048969
vt 0.659972 0.048889
vt 0.660161 0.048983
vt 0.660052 0.048912
vt 0.659648 0.048677
vt 0.659613 0.048736
vt 0.499633 0.325690
vt 0.499558 0.325688
vt 0.659821 0.048793
vt 0.659805 0.048852
vt 0.499697 0.325688
vt 0.425914 0.056279
vt 0.426035 0.056271
vt 0.425874 0.056349
vt 0.426107 0.056204
vt 0.426174 0.056217
vt 0.425996 0.056320
vt 0.426116 0.056264
vt 0.426491 0.056111
vt 0.426465 0.056070
vt 0.426623 0.056034
vt 0.407536 0.225281
vt 0.407524 0.225221
vt 0.407731 0.225192
vt 0.426326 0.056168
vt 0.426292 0.056134
vt 0.426193 0.056253
vt 0.426061 0.056330
vt 0.426167 0.056328
vt 0.425864 0.056390
vt 0.426346 0.056221
vt 0.589907 0.193364
vt 0.589877 0.193316
vt 0.589869 0.193395
vt 0.589849 0.193333
vt 0.589795 0.193288
vt 0.589827 0.193354
vt 0.589797 0.193309
vt 0.589790 0.193405
vt 0.589839 0.193434
vt 0.589816 0.193476
vt 0.589761 0.193325
vt 0.589807 0.193376
vt 0.589758 0.193287
vt 0.589734 0.193255
vt 0.589727 0.193263
vt 0.495630 0.129028
vt 0.495538 0.128858
vt 0.495505 0.128856
vt 0.495401 0.128722
vt 0.495370 0.128665
vt 0.495450 0.128872
vt 0.495523 0.129095
vt 0.495344 0.128641
vt 0.495434 0.128882
vt 0.686589 0.173355
vt 0.686856 0.173289
vt 0.686671 0.173387
vt 0.687307 0.173013
vt 0.687250 0.173021
vt 0.686733 0.173488
vt 0.686933 0.173323
vt 0.686881 0.173312
vt 0.686915 0.173318
vt 0.687047 0.173185
vt 0.687148 0.173129
vt 0.571530 0.289410
vt 0.571409 0.289575
vt 0.571432 0.289616
vt 0.571350 0.289770
vt 0.571305 0.289841
vt 0.571467 0.289666
vt 0.571638 0.289476
vt 0.571479 0.289681
vt 0.571282 0.289902
vt 0.571328 0.289809
vt 0.571456 0.289637
vt 0.571575 0.289457
vt 0.675744 0.134297
vt 0.675915 0.134320
vt 0.675755 0.134243
vt 0.675951 0.134239
vt 0.675939 0.134274
vt 0.676085 0.134249
vt 0.676119 0.134260
vt 0.675696 0.134126
vt 0.675980 0.134216
vt 0.675742 0.134190
vt 0.676002 0.134204
vt 0.676260 0.134237
vt 0.676159 0.134247
vt 0.676355 0.134253
vt 0.676418 0.134227
vt 0.569862 0.188283
vt 0.569813 0.188310
vt 0.569789 0.188271
vt 0.569936 0.188315
vt 0.569879 0.188311
vt 0.569888 0.188340
vt 0.569831 0.188355
vt 0.569923 0.188330
vt 0.569960 0.188346
vt 0.569981 0.188314
vt 0.570020 0.188309
vt 0.570017 0.188299
vt 0.569947 0.188298
vt 0.569839 0.188403
vt 0.569895 0.188402
vt 0.569895 0.188369
vt 0.569942 0.188337
vt 0.535341 0.280990
vt 0.535326 0.280790
vt 0.535397 0.280736
vt 0.535288 0.281182
vt 0.535302 0.281011
vt 0.535206 0.280789
vt 0.535231 0.281037
vt 0.535266 0.280806
vt 0.535248 0.281033
vt 0.535286 0.281223
vt 0.535275 0.281308
vt 0.535272 0.281015
vt 0.535282 0.281146
vt 0.583942 0.173648
vt 0.583941 0.173592
vt 0.583880 0.173699
vt 0.583910 0.173649
vt 0.583893 0.173586
vt 0.583872 0.173680
vt 0.583880 0.173644
vt 0.583846 0.173775
vt 0.583858 0.173694
vt 0.583860 0.173738
vt 0.583856 0.173778
vt 0.583890 0.173716
vt 0.583846 0.173571
vt 0.583822 0.173622
vt 0.583851 0.173637
vt 0.583841 0.173705
vt 0.519481 0.102802
vt 0.519662 0.102917
vt 0.519479 0.102835
vt 0.519319 0.102695
vt 0.519332 0.102702
vt 0.519714 0.102814
vt 0.519500 0.102728
vt 0.519674 0.102859
vt 0.519494 0.102775
vt 0.519493 0.102747
vt 0.519248 0.102649
vt 0.542557 0.320196
vt 0.542593 0.320075
vt 0.476090 0.096608
vt 0.476081 0.096604
vt 0.476093 0.096571
vt 0.542447 0.320171
vt 0.542502 0.320038
vt 0.476061 0.096558
vt 0.476062 0.096589
vt 0.542171 0.320163
vt 0.542315 0.320198
vt 0.542273 0.320375
vt 0.476077 0.096562
vt 0.476072 0.096543
vt 0.542415 0.319988
vt 0.542257 0.319979
vt 0.542352 0.320104
vt 0.542222 0.320038
vt 0.542424 0.320229
vt 0.715901 0.143162
vt 0.716001 0.143267
vt 0.715911 0.143305
vt 0.715961 0.143128
vt 0.715940 0.143396
vt 0.716075 0.143259
vt 0.716045 0.143358
vt 0.479407 0.217422
vt 0.479382 0.217412
vt 0.479412 0.217397
vt 0.479427 0.217424
vt 0.479404 0.217436
vt 0.479377 0.217415
vt 0.479422 0.217433
vt 0.715961 0.143489
vt 0.716058 0.143605
vt 0.716057 0.143459
vt 0.716114 0.143572
vt 0.716089 0.143344
vt 0.716121 0.143418
vt 0.581317 0.185242
vt 0.581370 0.185187
vt 0.581261 0.185231
vt 0.581316 0.185188
vt 0.581357 0.185133
vt 0.581280 0.185153
vt 0.581310 0.185145
vt 0.581186 0.185141
vt 0.581207 0.185214
vt 0.581222 0.185100
vt 0.581232 0.185167
vt 0.581273 0.185184
vt 0.581291 0.185107
vt 0.581262 0.185063
vt 0.581337 0.185081
vt 0.581257 0.185132
vt 0.481716 0.091834
vt 0.481867 0.091766
vt 0.481628 0.091774
vt 0.481773 0.091681
vt 0.481921 0.091688
vt 0.481727 0.091602
vt 0.481829 0.091593
vt 0.481589 0.091384
vt 0.481721 0.091496
vt 0.481519 0.091638
vt 0.481831 0.091266
vt 0.481828 0.091491
vt 0.481789 0.091554
vt 0.481899 0.091529
vt 0.482026 0.091455
vt 0.481978 0.091612
vt 0.680033 0.177874
vt 0.679968 0.177859
vt 0.680125 0.177860
vt 0.680073 0.177894
vt 0.679985 0.177919
vt 0.679908 0.177922
vt 0.680026 0.177923
vt 0.680075 0.177939
vt 0.680144 0.177898
vt 0.680056 0.178006
vt 0.680010 0.177961
vt 0.679854 0.177983
vt 0.679887 0.178041
vt 0.681105 0.178458
vt 0.679939 0.177974
vt 0.679969 0.178027
vt 0.591673 0.195085
vt 0.591616 0.195070
vt 0.591687 0.195126
vt 0.591637 0.195107
vt 0.591584 0.195099
vt 0.591654 0.195210
vt 0.591695 0.195168
vt 0.590260 0.193769
vt 0.591612 0.195201
vt 0.591653 0.195167
vt 0.591555 0.195131
vt 0.591571 0.195188
vt 0.591530 0.195169
vt 0.591593 0.195151
vt 0.574266 0.285227
vt 0.574221 0.285294
vt 0.574250 0.285159
vt 0.574313 0.285176
vt 0.574288 0.285268
vt 0.574317 0.285218
vt 0.574438 0.285073
vt 0.574377 0.285039
vt 0.574996 0.286178
vt 0.574424 0.285158
vt 0.574369 0.285128
vt 0.574314 0.285096
vt 0.574356 0.285201
vt 0.574367 0.285356
vt 0.574335 0.285269
vt 0.574404 0.285249
vt 0.574293 0.285342
vt 0.567530 0.188945
vt 0.567474 0.188931
vt 0.567544 0.188985
vt 0.567495 0.188967
vt 0.567443 0.188959
vt 0.567507 0.188995
vt 0.567470 0.188986
vt 0.567512 0.189068
vt 0.567553 0.189027
vt 0.567471 0.189060
vt 0.567511 0.189026
vt 0.567480 0.189023
vt 0.567416 0.188991
vt 0.567431 0.189046
vt 0.569145 0.188665
vt 0.567452 0.189011
vt 0.567486 0.189001
vt 0.497908 0.133402
vt 0.497874 0.133334
vt 0.497976 0.133419
vt 0.497927 0.133462
vt 0.497864 0.133404
vt 0.497890 0.133449
vt 0.497952 0.133611
vt 0.498011 0.133574
vt 0.497010 0.133239
vt 0.497890 0.133565
vt 0.497940 0.133529
vt 0.497996 0.133498
vt 0.497885 0.133489
vt 0.497758 0.133434
vt 0.497841 0.133443
vt 0.497828 0.133511
vt 0.497802 0.133376
vt 0.535175 0.275522
vt 0.535223 0.275473
vt 0.535178 0.275602
vt 0.535136 0.275546
vt 0.535162 0.275455
vt 0.535201 0.275387
vt 0.535137 0.275488
vt 0.535096 0.275522
vt 0.535094 0.275605
vt 0.535049 0.275470
vt 0.535112 0.275454
vt 0.535178 0.275306
vt 0.535109 0.275303
vt 0.534517 0.275917
vt 0.535140 0.275386
vt 0.535077 0.275383
vt 0.670147 0.134465
vt 0.670226 0.134469
vt 0.670096 0.134514
vt 0.670072 0.134460
vt 0.670163 0.134435
vt 0.670236 0.134430
vt 0.670105 0.134439
vt 0.669908 0.134434
vt 0.669911 0.134482
vt 0.670528 0.133600
vt 0.669998 0.134400
vt 0.670001 0.134449
vt 0.670005 0.134496
vt 0.670145 0.134406
vt 0.670087 0.134362
vt 0.670226 0.134391
vt 0.670069 0.134425
vt 0.584436 0.171262
vt 0.584475 0.171219
vt 0.584481 0.171263
vt 0.584394 0.171256
vt 0.584433 0.171221
vt 0.584464 0.171178
vt 0.584407 0.171196
vt 0.584428 0.171190
vt 0.584335 0.171189
vt 0.584353 0.171244
vt 0.584362 0.171156
vt 0.584373 0.171207
vt 0.584390 0.171182
vt 0.584402 0.171218
vt 0.584449 0.171139
vt 0.584392 0.171127
vt 0.584143 0.172992
vt 0.584414 0.171162
vt 0.523712 0.104747
vt 0.523733 0.104812
vt 0.523646 0.104726
vt 0.523655 0.104689
vt 0.523774 0.104769
vt 0.523817 0.104827
vt 0.523711 0.104716
vt 0.523755 0.104739
vt 0.523737 0.104699
vt 0.523677 0.104659
vt 0.523804 0.104679
vt 0.523790 0.104739
vt 0.523903 0.104848
vt 0.523925 0.104807
vt 0.523517 0.103594
vt 0.523838 0.104785
vt 0.523862 0.104745
vt 0.516899 0.307286
vt 0.516895 0.307253
vt 0.516924 0.307293
vt 0.516856 0.307244
vt 0.516863 0.307218
vt 0.516921 0.307255
vt 0.516888 0.307225
vt 0.516782 0.307137
vt 0.516769 0.307160
vt 0.516735 0.307122
vt 0.516834 0.307162
vt 0.516825 0.307180
vt 0.516811 0.307201
vt 0.516873 0.307201
vt 0.659603 0.088909
vt 0.659484 0.088901
vt 0.659725 0.088837
vt 0.659676 0.088914
vt 0.516892 0.307191
vt 0.516912 0.307229
vt 0.478671 0.231811
vt 0.478686 0.231835
vt 0.478669 0.231867
vt 0.478682 0.231792
vt 0.478698 0.231819
vt 0.478694 0.231879
vt 0.478680 0.231933
vt 0.478703 0.231856
vt 0.430642 0.096466
vt 0.430665 0.096609
vt 0.430362 0.096127
vt 0.478728 0.231869
vt 0.478713 0.231881
vt 0.478711 0.231835
vt 0.478702 0.231792
vt 0.478691 0.231997
vt 0.478718 0.232000
vt 0.478703 0.232050
vt 0.478706 0.231933
vt 0.478728 0.231936
vt 0.659573 0.082903
vt 0.659482 0.082832
vt 0.659772 0.083053
vt 0.659630 0.082964
vt 0.659393 0.082852
vt 0.659219 0.082756
vt 0.659473 0.082905
vt 0.659546 0.082980
vt 0.659730 0.083075
vt 0.659420 0.082990
vt 0.659373 0.082899
vt 0.658951 0.082684
vt 0.658915 0.082757
vt 0.659177 0.082803
vt 0.659165 0.082876
vt 0.431130 0.094932
vt 0.431226 0.094914
vt 0.431112 0.094949
vt 0.431059 0.094871
vt 0.431094 0.094830
vt 0.431056 0.094853
vt 0.431114 0.094816
vt 0.431111 0.094812
vt 0.431149 0.094795
vt 0.431055 0.094826
vt 0.431069 0.094839
vt 0.431079 0.094858
vt 0.431035 0.094837
vt 0.431007 0.094760
vt 0.430974 0.094764
vt 0.431144 0.094765
vt 0.511363 0.311545
vt 0.511351 0.311519
vt 0.511385 0.311543
vt 0.511319 0.311520
vt 0.511319 0.311494
vt 0.511370 0.311515
vt 0.511396 0.311536
vt 0.511342 0.311496
vt 0.511220 0.311440
vt 0.511215 0.311467
vt 0.511172 0.311442
vt 0.511278 0.311445
vt 0.511274 0.311468
vt 0.511267 0.311493
vt 0.511325 0.311476
vt 0.439050 0.325022
vt 0.439138 0.325032
vt 0.511364 0.311497
vt 0.439150 0.324981
vt 0.439283 0.324997
vt 0.469739 0.357299
vt 0.469677 0.357344
vt 0.469828 0.357344
vt 0.469755 0.357381
vt 0.469714 0.357421
vt 0.469822 0.357452
vt 0.469777 0.357447
vt 0.469961 0.357479
vt 0.469918 0.357387
vt 0.469921 0.357514
vt 0.469892 0.357446
vt 0.469825 0.357414
vt 0.469865 0.357487
vt 0.495000 0.311987
vt 0.494980 0.311972
vt 0.495020 0.311980
vt 0.495019 0.312001
vt 0.494984 0.311994
vt 0.494964 0.311982
vt 0.495002 0.312003
vt 0.450691 0.250455
vt 0.450692 0.250490
vt 0.450669 0.250407
vt 0.450693 0.250436
vt 0.450718 0.250490
vt 0.450722 0.250544
vt 0.450714 0.250466
vt 0.450703 0.250418
vt 0.450712 0.250443
vt 0.450683 0.250408
vt 0.450748 0.250464
vt 0.450736 0.250484
vt 0.450751 0.250598
vt 0.450776 0.250592
vt 0.450779 0.250642
vt 0.450745 0.250537
vt 0.450764 0.250533
vt 0.439377 0.330255
vt 0.439440 0.330319
vt 0.439231 0.330153
vt 0.439346 0.330210
vt 0.439496 0.330297
vt 0.439598 0.330372
vt 0.439447 0.330255
vt 0.439403 0.330198
vt 0.439264 0.330132
vt 0.439496 0.330197
vt 0.439513 0.330261
vt 0.439755 0.330422
vt 0.439783 0.330371
vt 0.439626 0.330334
vt 0.439644 0.330284
vt 0.470035 0.352544
vt 0.470058 0.352625
vt 0.470095 0.352487
vt 0.470096 0.352569
vt 0.470146 0.352657
vt 0.470164 0.352552
vt 0.470155 0.352594
vt 0.470237 0.352456
vt 0.470156 0.352430
vt 0.470206 0.352546
vt 0.470182 0.352489
vt 0.470133 0.352521
vt 0.470234 0.352687
vt 0.470290 0.352632
vt 0.470311 0.352711
vt 0.470220 0.352612
vt 0.470264 0.352544
vt 0.448975 0.250890
vt 0.448993 0.250841
vt 0.448978 0.250924
vt 0.448959 0.250942
vt 0.448972 0.250868
vt 0.448960 0.250913
vt 0.669307 0.322240
vt 0.669344 0.322294
vt 0.669160 0.322351
vt 0.669494 0.322112
vt 0.669515 0.322172
vt 0.669556 0.322208
vt 0.669662 0.322062
vt 0.669689 0.322098
vt 0.669785 0.321960
vt 0.669683 0.321980
vt 0.669922 0.321864
vt 0.669849 0.321953
vt 0.669743 0.322033
vt 0.460475 0.029173
vt 0.460562 0.029132
vt 0.460651 0.029095
vt 0.460778 0.307154
vt 0.457488 0.303979
vt 0.460763 0.307168
vt 0.457473 0.303993
vt 0.460749 0.307183
vt 0.457458 0.304007
vt 0.548382 0.014695
vt 0.536155 0.015076
vt 0.464143 0.310097
vt 0.464128 0.310112
vt 0.464114 0.310127
vt 0.560345 0.014741
vt 0.462863 0.298922
vt 0.459698 0.295526
vt 0.462878 0.298907
vt 0.525429 0.041863
vt 0.537896 0.040923
vt 0.537899 0.040981
vt 0.456728 0.291986
vt 0.459714 0.295511
vt 0.513065 0.043235
vt 0.525423 0.041805
vt 0.451431 0.297135
vt 0.454365 0.300628
vt 0.451416 0.297149
vt 0.454350 0.300642
vt 0.451401 0.297162
vt 0.511777 0.017195
vt 0.454335 0.300655
vt 0.523924 0.015921
vt 0.466196 0.302140
vt 0.469603 0.305125
vt 0.466212 0.302125
vt 0.469619 0.305110
vt 0.562551 0.040588
vt 0.550367 0.040511
vt 0.562555 0.040530
vt 0.550366 0.040569
vt 0.472998 0.307838
vt 0.476409 0.310301
vt 0.473014 0.307823
vt 0.476425 0.310286
vt 0.585536 0.041800
vt 0.574240 0.040940
vt 0.585546 0.041743
vt 0.574233 0.040998
vt 0.467499 0.312765
vt 0.467484 0.312780
vt 0.467471 0.312795
vt 0.571816 0.015172
vt 0.470875 0.315182
vt 0.470860 0.315197
vt 0.470848 0.315213
vt 0.582917 0.015994
vt 0.474333 0.317391
vt 0.474317 0.317405
vt 0.474305 0.317422
vt 0.593871 0.017222
vt 0.477952 0.319438
vt 0.477932 0.319450
vt 0.477918 0.319465
vt 0.604941 0.018886
vt 0.480094 0.312659
vt 0.485094 0.315494
vt 0.480111 0.312644
vt 0.485115 0.315482
vt 0.612756 0.045461
vt 0.597296 0.043053
vt 0.612783 0.045407
vt 0.597281 0.043110
vt 0.485518 0.323065
vt 0.492855 0.323542
vt 0.485519 0.323086
vt 0.492899 0.323570
vt 0.485521 0.323108
vt 0.492928 0.323596
vt 0.481772 0.321348
vt 0.481742 0.321355
vt 0.481721 0.321368
vt 0.627894 0.023356
vt 0.616330 0.020989
vt 0.492150 0.319364
vt 0.492181 0.319358
vt 0.634604 0.049248
vt 0.634555 0.049297
vt 0.453815 0.288041
vt 0.456744 0.291972
vt 0.500028 0.045319
vt 0.513056 0.043178
vt 0.450260 0.282248
vt 0.453831 0.288026
vt 0.482164 0.049201
vt 0.500012 0.045263
vt 0.482134 0.049150
vt 0.445972 0.289604
vt 0.448669 0.293500
vt 0.445960 0.289623
vt 0.448655 0.293514
vt 0.445946 0.289638
vt 0.487099 0.020931
vt 0.448639 0.293527
vt 0.499653 0.018857
vt 0.440242 0.272112
vt 0.440215 0.272071
vt 0.440189 0.272042
vt 0.440672 0.040127
vt 0.445484 0.273519
vt 0.450273 0.282227
vt 0.456462 0.055345
vt 0.456410 0.055299
vt 0.445491 0.273487
vt 0.426382 0.061599
vt 0.443242 0.285361
vt 0.440551 0.281048
vt 0.443237 0.285390
vt 0.440540 0.281068
vt 0.473750 0.023501
vt 0.443227 0.285412
vt 0.536454 0.020087
vt 0.548630 0.019712
vt 0.536460 0.020171
vt 0.548636 0.019795
vt 0.536466 0.020255
vt 0.548644 0.019879
vt 0.560542 0.019759
vt 0.560549 0.019843
vt 0.560558 0.019927
vt 0.525050 0.036869
vt 0.537601 0.035982
vt 0.525045 0.036785
vt 0.537595 0.035898
vt 0.525040 0.036701
vt 0.537589 0.035813
vt 0.512581 0.038248
vt 0.512576 0.038164
vt 0.512573 0.038079
vt 0.524274 0.020935
vt 0.512169 0.022215
vt 0.524279 0.021019
vt 0.512173 0.022299
vt 0.524283 0.021103
vt 0.512175 0.022383
vt 0.562396 0.035590
vt 0.550140 0.035569
vt 0.562389 0.035507
vt 0.550134 0.035486
vt 0.562380 0.035422
vt 0.550126 0.035402
vt 0.585535 0.036792
vt 0.574151 0.035996
vt 0.585527 0.036708
vt 0.574144 0.035911
vt 0.585515 0.036624
vt 0.574133 0.035827
vt 0.571960 0.020192
vt 0.571968 0.020276
vt 0.571978 0.020360
vt 0.583003 0.021017
vt 0.583012 0.021102
vt 0.583023 0.021187
vt 0.593895 0.022255
vt 0.593906 0.022341
vt 0.593921 0.022426
vt 0.604904 0.023934
vt 0.604926 0.024021
vt 0.604959 0.024110
vt 0.612921 0.040481
vt 0.597367 0.038106
vt 0.612898 0.040396
vt 0.597357 0.038021
vt 0.612865 0.040309
vt 0.597341 0.037936
vt 0.492889 0.325246
vt 0.486002 0.324860
vt 0.492852 0.325269
vt 0.486006 0.324889
vt 0.492796 0.325292
vt 0.486009 0.324918
vt 0.627735 0.028600
vt 0.643803 0.038692
vt 0.616245 0.026058
vt 0.616294 0.026150
vt 0.616368 0.026247
vt 0.627793 0.028369
vt 0.627785 0.028446
vt 0.627765 0.028525
vt 0.634772 0.044327
vt 0.634723 0.044237
vt 0.634648 0.044143
vt 0.499408 0.040347
vt 0.499406 0.040263
vt 0.499407 0.040178
vt 0.481441 0.044348
vt 0.481452 0.044263
vt 0.484103 0.222718
vt 0.465984 0.222401
vt 0.484124 0.222636
vt 0.466029 0.222327
vt 0.484146 0.222561
vt 0.500080 0.023890
vt 0.487570 0.025985
vt 0.500081 0.023975
vt 0.487559 0.026073
vt 0.500079 0.024061
vt 0.487538 0.026162
vt 0.442904 0.043831
vt 0.442963 0.043870
vt 0.443069 0.043877
vt 0.443210 0.043860
vt 0.461045 0.031498
vt 0.461069 0.031576
vt 0.461097 0.031652
vt 0.455809 0.050594
vt 0.455850 0.050507
vt 0.465944 0.222482
vt 0.439214 0.223442
vt 0.439310 0.223365
vt 0.439130 0.223525
vt 0.407892 0.225112
vt 0.474313 0.028555
vt 0.474278 0.028648
vt 0.474220 0.028744
vt 0.425723 0.059156
vt 0.425897 0.056412
vt 0.438215 0.263536
vt 0.439062 0.263332
vt 0.660186 0.051384
vt 0.659955 0.053684
vt 0.500107 0.324849
vt 0.660158 0.051385
vt 0.499796 0.325639
vt 0.635962 0.168892
vt 0.635952 0.168826
vt 0.635926 0.168765
vt 0.540180 0.146623
vt 0.540266 0.146526
vt 0.540216 0.146568
vt 0.410687 0.125925
vt 0.602687 0.087205
vt 0.481974 0.091373
vt 0.445035 0.171670
vt 0.602662 0.087331
vt 0.566420 0.240410
vt 0.566482 0.240437
vt 0.566548 0.240446
vt 0.477737 0.156993
vt 0.479430 0.217388
vt 0.477771 0.156995
vt 0.479445 0.217378
vt 0.654194 0.256871
vt 0.477756 0.156997
vt 0.542701 0.320200
vt 0.476031 0.096547
vt 0.483535 0.211873
vt 0.483786 0.211818
vt 0.410688 0.125873
vt 0.443360 0.111210
vt 0.483659 0.211844
vt 0.633428 0.181534
vt 0.686811 0.173267
vt 0.633432 0.181484
vt 0.687060 0.173163
vt 0.633441 0.181433
vt 0.687155 0.173096
vt 0.571173 0.290019
vt 0.578810 0.237299
vt 0.578860 0.237288
vt 0.578910 0.237283
vt 0.646476 0.248908
vt 0.646414 0.248846
vt 0.646354 0.248786
vt 0.571174 0.290060
vt 0.537756 0.158799
vt 0.537776 0.158756
vt 0.537789 0.158708
vt 0.495308 0.128538
vt 0.557518 0.231490
vt 0.557558 0.231520
vt 0.535287 0.281264
vt 0.557596 0.231556
vt 0.535294 0.281420
vt 0.535277 0.281446
vt 0.495022 0.209461
vt 0.495102 0.209441
vt 0.495178 0.209419
vt 0.495282 0.128532
vt 0.626933 0.159181
vt 0.626896 0.159144
vt 0.676161 0.134269
vt 0.626862 0.159105
vt 0.552055 0.143213
vt 0.552103 0.143197
vt 0.552146 0.143176
vt 0.519142 0.102618
vt 0.519272 0.102673
vt 0.519136 0.102592
vt 0.600906 0.097451
vt 0.600887 0.097533
vt 0.600867 0.097613
vt 0.633968 0.184634
vt 0.633978 0.184586
vt 0.633982 0.184539
vt 0.633170 0.187976
vt 0.581175 0.237701
vt 0.581222 0.237698
vt 0.581271 0.237688
vt 0.584473 0.236845
vt 0.643443 0.245951
vt 0.643385 0.245893
vt 0.643326 0.245835
vt 0.640448 0.243237
vt 0.534682 0.163435
vt 0.536166 0.160539
vt 0.536181 0.160494
vt 0.536202 0.160453
vt 0.555184 0.230570
vt 0.555220 0.230605
vt 0.555260 0.230633
vt 0.552650 0.228981
vt 0.498085 0.208481
vt 0.498160 0.208458
vt 0.498235 0.208435
vt 0.502034 0.207303
vt 0.625568 0.156795
vt 0.625534 0.156758
vt 0.625495 0.156724
vt 0.623754 0.154355
vt 0.553824 0.141662
vt 0.553866 0.141640
vt 0.553912 0.141624
vt 0.556683 0.140019
vt 0.599982 0.100814
vt 0.599962 0.100892
vt 0.599943 0.100969
vt 0.599080 0.104568
vt 0.590786 0.194241
vt 0.590754 0.194273
vt 0.590722 0.194305
vt 0.573072 0.287225
vt 0.573028 0.287196
vt 0.574253 0.285323
vt 0.572982 0.287165
vt 0.495567 0.129044
vt 0.496839 0.131411
vt 0.496792 0.131435
vt 0.496881 0.131381
vt 0.497835 0.133349
vt 0.535269 0.277988
vt 0.535137 0.275610
vt 0.535165 0.277991
vt 0.535216 0.277990
vt 0.584106 0.172374
vt 0.584150 0.172384
vt 0.584194 0.172393
vt 0.672737 0.134374
vt 0.672732 0.134424
vt 0.672736 0.134326
vt 0.680097 0.177830
vt 0.683151 0.175844
vt 0.683093 0.175758
vt 0.686715 0.173429
vt 0.683123 0.175801
vt 0.568665 0.188722
vt 0.568653 0.188679
vt 0.568641 0.188636
vt 0.521854 0.103935
vt 0.521894 0.103847
vt 0.521875 0.103891
vt 0.521825 0.103999
vt 0.484106 0.279715
vt 0.481988 0.275668
vt 0.484087 0.279723
vt 0.481969 0.275677
vt 0.516375 0.050962
vt 0.528927 0.049269
vt 0.516384 0.051016
vt 0.486388 0.283555
vt 0.528921 0.049153
vt 0.541685 0.048035
vt 0.528921 0.049212
vt 0.541687 0.048095
vt 0.488649 0.272591
vt 0.486750 0.268402
vt 0.488668 0.272582
vt 0.507778 0.078049
vt 0.519963 0.076810
vt 0.519967 0.076868
vt 0.485099 0.264131
vt 0.486770 0.268393
vt 0.496298 0.079594
vt 0.507771 0.077994
vt 0.478456 0.267261
vt 0.480100 0.271504
vt 0.478437 0.267270
vt 0.504390 0.053258
vt 0.493124 0.056057
vt 0.493110 0.056009
vt 0.480082 0.271513
vt 0.504402 0.053310
vt 0.490787 0.276657
vt 0.493099 0.280519
vt 0.490806 0.276648
vt 0.493119 0.280509
vt 0.490825 0.276637
vt 0.493137 0.280498
vt 0.532699 0.076069
vt 0.545632 0.075784
vt 0.532702 0.076129
vt 0.495491 0.284128
vt 0.497985 0.287508
vt 0.495510 0.284118
vt 0.498004 0.287498
vt 0.495529 0.284107
vt 0.498022 0.287486
vt 0.558422 0.075952
vt 0.571109 0.076621
vt 0.488756 0.287126
vt 0.541687 0.047976
vt 0.554343 0.047440
vt 0.554341 0.047501
vt 0.491226 0.290461
vt 0.554351 0.047378
vt 0.566947 0.047455
vt 0.566941 0.047517
vt 0.493843 0.293625
vt 0.566961 0.047392
vt 0.579670 0.048116
vt 0.579659 0.048179
vt 0.496668 0.296695
vt 0.579693 0.048054
vt 0.592760 0.049451
vt 0.592734 0.049514
vt 0.500784 0.290875
vt 0.504729 0.295082
vt 0.500804 0.290865
vt 0.504752 0.295076
vt 0.500822 0.290853
vt 0.504772 0.295065
vt 0.584584 0.077947
vt 0.602729 0.080503
vt 0.502883 0.302682
vt 0.509927 0.304987
vt 0.502880 0.302704
vt 0.509962 0.305025
vt 0.502879 0.302726
vt 0.642188 0.066531
vt 0.620371 0.054431
vt 0.509983 0.305057
vt 0.509987 0.305084
vt 0.499741 0.299737
vt 0.592803 0.049392
vt 0.606440 0.051478
vt 0.606384 0.051536
vt 0.606528 0.051428
vt 0.620355 0.054359
vt 0.510408 0.300748
vt 0.510439 0.300750
vt 0.510464 0.300746
vt 0.628769 0.084486
vt 0.483650 0.259493
vt 0.485119 0.264122
vt 0.484934 0.081705
vt 0.496288 0.079543
vt 0.482209 0.252933
vt 0.483670 0.259484
vt 0.470473 0.085550
vt 0.484919 0.081658
vt 0.475835 0.258405
vt 0.477044 0.262939
vt 0.475818 0.258419
vt 0.482532 0.059114
vt 0.472355 0.062609
vt 0.472329 0.062570
vt 0.477026 0.262947
vt 0.482549 0.059159
vt 0.476273 0.240296
vt 0.476262 0.240247
vt 0.476246 0.240211
vt 0.429488 0.094666
vt 0.473884 0.248693
vt 0.473864 0.248687
vt 0.473845 0.248677
vt 0.439357 0.083009
vt 0.480567 0.243268
vt 0.482227 0.252918
vt 0.451061 0.091625
vt 0.470447 0.085510
vt 0.451022 0.091594
vt 0.480583 0.243240
vt 0.430873 0.096538
vt 0.430759 0.096527
vt 0.474793 0.253562
vt 0.462192 0.066386
vt 0.452363 0.070656
vt 0.452360 0.070611
vt 0.474778 0.253588
vt 0.462236 0.066415
vt 0.517219 0.056028
vt 0.529680 0.054490
vt 0.517233 0.056111
vt 0.529694 0.054577
vt 0.517247 0.056194
vt 0.529710 0.054664
vt 0.542353 0.053501
vt 0.542367 0.053591
vt 0.542384 0.053682
vt 0.507249 0.073290
vt 0.519498 0.071870
vt 0.507242 0.073211
vt 0.519489 0.071786
vt 0.507234 0.073132
vt 0.519479 0.071702
vt 0.495700 0.075100
vt 0.495692 0.075025
vt 0.495685 0.074949
vt 0.505309 0.058095
vt 0.494084 0.060599
vt 0.505322 0.058174
vt 0.494095 0.060675
vt 0.505335 0.058254
vt 0.494106 0.060752
vt 0.545307 0.070462
vt 0.532301 0.070926
vt 0.545296 0.070373
vt 0.532291 0.070839
vt 0.545283 0.070283
vt 0.532279 0.070751
vt 0.570985 0.071006
vt 0.558185 0.070474
vt 0.570973 0.070909
vt 0.558173 0.070382
vt 0.570958 0.070812
vt 0.558159 0.070289
vt 0.554907 0.053068
vt 0.554922 0.053161
vt 0.554939 0.053254
vt 0.567389 0.053227
vt 0.567404 0.053322
vt 0.567423 0.053416
vt 0.579977 0.054016
vt 0.579995 0.054114
vt 0.580019 0.054212
vt 0.592914 0.055476
vt 0.592942 0.055584
vt 0.592982 0.055695
vt 0.602784 0.074700
vt 0.584578 0.072219
vt 0.602757 0.074601
vt 0.584564 0.072118
vt 0.602716 0.074502
vt 0.584544 0.072016
vt 0.639650 0.071427
vt 0.619817 0.060330
vt 0.639497 0.071463
vt 0.619814 0.060370
vt 0.639292 0.071470
vt 0.619802 0.060407
vt 0.606350 0.057593
vt 0.606398 0.057722
vt 0.606476 0.057855
vt 0.628783 0.078613
vt 0.628719 0.078510
vt 0.628625 0.078404
vt 0.484231 0.077507
vt 0.484223 0.077431
vt 0.484218 0.077353
vt 0.469696 0.081698
vt 0.469701 0.081625
vt 0.469715 0.081549
vt 0.483538 0.063455
vt 0.473357 0.066682
vt 0.483547 0.063529
vt 0.473358 0.066760
vt 0.483554 0.063604
vt 0.473351 0.066840
vt 0.441560 0.085239
vt 0.441693 0.085224
vt 0.441851 0.085186
vt 0.453686 0.074123
vt 0.453701 0.074147
vt 0.453720 0.074169
vt 0.450439 0.088172
vt 0.450491 0.088084
vt 0.450562 0.087990
vt 0.463302 0.070282
vt 0.463295 0.070372
vt 0.463271 0.070467
vt 0.430678 0.095270
vt 0.431036 0.094642
vt 0.430618 0.095175
vt 0.430036 0.095684
vt 0.429746 0.095231
vt 0.430561 0.095080
vt 0.659754 0.085975
vt 0.659760 0.088833
vt 0.516583 0.308287
vt 0.659720 0.085978
vt 0.516231 0.309313
vt 0.516557 0.308286
vt 0.470689 0.294066
vt 0.467517 0.290768
vt 0.470674 0.294080
vt 0.467502 0.290782
vt 0.470659 0.294094
vt 0.467487 0.290796
vt 0.549263 0.365037
vt 0.561216 0.364796
vt 0.473937 0.297143
vt 0.473921 0.297157
vt 0.473907 0.297171
vt 0.537572 0.364837
vt 0.473093 0.285892
vt 0.470031 0.282365
vt 0.473110 0.285877
vt 0.470047 0.282350
vt 0.473126 0.285863
vt 0.559761 0.339611
vt 0.467159 0.278708
vt 0.467175 0.278693
vt 0.470064 0.282336
vt 0.571867 0.338854
vt 0.461685 0.283720
vt 0.464510 0.287307
vt 0.461670 0.283734
vt 0.464494 0.287321
vt 0.461653 0.283746
vt 0.585050 0.362863
vt 0.464479 0.287334
vt 0.573175 0.364063
vt 0.476316 0.289256
vt 0.479601 0.292397
vt 0.476333 0.289241
vt 0.479618 0.292382
vt 0.476349 0.289226
vt 0.479633 0.292367
vt 0.547653 0.339863
vt 0.535799 0.339657
vt 0.482880 0.295250
vt 0.486185 0.297849
vt 0.482897 0.295235
vt 0.486202 0.297834
vt 0.513340 0.337879
vt 0.524397 0.339001
vt 0.513328 0.337935
vt 0.524405 0.338944
vt 0.477183 0.299947
vt 0.477168 0.299960
vt 0.477154 0.299976
vt 0.526366 0.364258
vt 0.480460 0.302504
vt 0.480444 0.302518
vt 0.480431 0.302533
vt 0.515519 0.363328
vt 0.483833 0.304881
vt 0.483817 0.304895
vt 0.483804 0.304911
vt 0.504764 0.362102
vt 0.487391 0.307214
vt 0.487372 0.307225
vt 0.487357 0.307239
vt 0.493666 0.360713
vt 0.489798 0.300336
vt 0.494918 0.303261
vt 0.489816 0.300322
vt 0.494939 0.303249
vt 0.486390 0.333455
vt 0.501793 0.336275
vt 0.486360 0.333506
vt 0.501811 0.336221
vt 0.503160 0.311747
vt 0.495045 0.311999
vt 0.503201 0.311770
vt 0.495070 0.312018
vt 0.452314 0.345444
vt 0.503230 0.311794
vt 0.503244 0.311818
vt 0.491177 0.309610
vt 0.491151 0.309615
vt 0.491131 0.309624
vt 0.494947 0.311991
vt 0.481906 0.359237
vt 0.502463 0.307087
vt 0.502495 0.307079
vt 0.464553 0.329350
vt 0.464603 0.329301
vt 0.464346 0.274660
vt 0.464362 0.274644
vt 0.467192 0.278680
vt 0.583880 0.337599
vt 0.460909 0.268828
vt 0.460922 0.268808
vt 0.464379 0.274631
vt 0.596556 0.335638
vt 0.456481 0.276043
vt 0.459032 0.280006
vt 0.456469 0.276062
vt 0.459017 0.280020
vt 0.456454 0.276077
vt 0.609011 0.359063
vt 0.459001 0.280033
vt 0.596873 0.361216
vt 0.451144 0.258992
vt 0.451117 0.258949
vt 0.451091 0.258921
vt 0.451727 0.267471
vt 0.451706 0.267472
vt 0.451686 0.267473
vt 0.451663 0.267468
vt 0.456264 0.260291
vt 0.456270 0.260260
vt 0.460937 0.268792
vt 0.639287 0.325223
vt 0.613956 0.331817
vt 0.456281 0.260237
vt 0.669150 0.317253
vt 0.453995 0.271743
vt 0.453988 0.271773
vt 0.634854 0.353277
vt 0.453978 0.271794
vt 0.621774 0.356345
vt 0.560969 0.359899
vt 0.549080 0.360134
vt 0.560964 0.359818
vt 0.549075 0.360052
vt 0.560959 0.359736
vt 0.549069 0.359970
vt 0.537446 0.359930
vt 0.537441 0.359848
vt 0.537433 0.359766
vt 0.572197 0.343650
vt 0.560000 0.344411
vt 0.572201 0.343732
vt 0.560005 0.344493
vt 0.572205 0.343814
vt 0.560010 0.344575
vt 0.584312 0.342391
vt 0.584316 0.342472
vt 0.584319 0.342555
vt 0.572862 0.359166
vt 0.584674 0.357965
vt 0.572858 0.359084
vt 0.584670 0.357883
vt 0.572854 0.359002
vt 0.584667 0.357800
vt 0.535866 0.344471
vt 0.547806 0.344671
vt 0.535872 0.344553
vt 0.547812 0.344753
vt 0.535879 0.344635
vt 0.547818 0.344835
vt 0.513190 0.342804
vt 0.524376 0.343849
vt 0.513196 0.342887
vt 0.524382 0.343932
vt 0.513205 0.342971
vt 0.524390 0.344015
vt 0.526288 0.359346
vt 0.526282 0.359264
vt 0.526273 0.359182
vt 0.515474 0.358402
vt 0.515467 0.358320
vt 0.515456 0.358237
vt 0.504724 0.357141
vt 0.504714 0.357058
vt 0.504699 0.356974
vt 0.493613 0.355710
vt 0.493592 0.355624
vt 0.493562 0.355537
vt 0.485850 0.338269
vt 0.501468 0.341148
vt 0.485867 0.338352
vt 0.501475 0.341231
vt 0.485897 0.338437
vt 0.501488 0.341316
vt 0.454157 0.341620
vt 0.454249 0.341601
vt 0.454373 0.341605
vt 0.481896 0.354217
vt 0.481856 0.354127
vt 0.481798 0.354034
vt 0.464038 0.333992
vt 0.464079 0.334074
vt 0.464144 0.334159
vt 0.597113 0.340421
vt 0.597115 0.340503
vt 0.597114 0.340586
vt 0.614624 0.336555
vt 0.614613 0.336640
vt 0.614592 0.336726
vt 0.596436 0.356316
vt 0.608512 0.354158
vt 0.596435 0.356234
vt 0.608523 0.354073
vt 0.596436 0.356151
vt 0.608543 0.353986
vt 0.449475 0.258971
vt 0.448961 0.251002
vt 0.652097 0.335201
vt 0.651943 0.335228
vt 0.634270 0.348362
vt 0.652213 0.335201
vt 0.634243 0.348286
vt 0.634211 0.348212
vt 0.639991 0.329933
vt 0.639951 0.330024
vt 0.639885 0.330122
vt 0.621226 0.351437
vt 0.621263 0.351345
vt 0.621323 0.351249
vt 0.669653 0.319570
vt 0.669897 0.321859
vt 0.669358 0.317277
vt 0.669386 0.317281
vt 0.449791 0.250576
vt 0.438952 0.325076
vt 0.438910 0.327508
vt 0.438879 0.327513
vt 0.511752 0.312471
vt 0.437182 0.331666
vt 0.435456 0.333205
vt 0.435416 0.333166
vt 0.439238 0.330195
vt 0.470078 0.355031
vt 0.469989 0.354997
vt 0.469900 0.354957
vt 0.535286 0.281334
vt 0.495339 0.128613
vt 0.519218 0.102645
vt 0.476053 0.096531
vt 0.716077 0.143044
vt 0.676269 0.134259
vt 0.438550 0.272004
vt 0.663822 0.078855
vt 0.669302 0.317278
vt 0.439895 0.263155
vt 0.407370 0.225296
vt 0.589781 0.193325
vt 0.495395 0.128709
vt 0.591650 0.195136
vt 0.591612 0.195126
vt 0.591622 0.195164
vt 0.478692 0.231785
vt 0.659784 0.082990
vt 0.450665 0.250419
vt 0.571246 0.289923
vt 0.620335 0.054289
vt 0.516206 0.309307
vt 0.535805 0.339600
vt 0.449452 0.259006
vt 0.449947 0.267066
s 1
g off
g esquina_05_Holocron_Corners.001
usemtl Holocron_Corners.001
f 1258/1/1 1/2/2 203/3/3
f 1209/4/4 20/5/5 104/6/6
f 87/7/7 228/8/8 3/9/7
f 217/10/9 112/11/10 1219/12/11
f 4/13/12 1223/14/13 207/15/14
f 202/16/15 104/6/6 16/17/16
f 213/18/17 100/19/18 14/20/19
f 227/21/20 107/22/21 1214/23/22
f 3/9/7 1198/24/23 223/25/24
f 1213/26/25 4/13/12 86/27/7
f 1219/12/11 21/28/26 232/29/27
f 1229/30/28 19/31/29 238/32/30
f 1224/33/31 25/34/32 208/35/33
f 232/29/27 106/36/34 1234/37/35
f 1234/37/35 22/38/36 242/39/37
f 1244/40/38 18/41/39 248/42/40
f 88/43/7 237/44/41 1223/14/13
f 242/39/37 113/45/42 1249/46/43
f 1249/46/43 1367/47/44 254/48/45
f 270/49/46 111/50/47 1244/40/38
f 89/51/7 247/52/48 1228/53/49
f 1259/54/50 16/17/16 102/55/51
f 275/56/52 102/55/51 17/57/53
f 281/58/54 108/59/55 13/60/56
f 1/2/2 1203/61/57 87/7/7
f 1274/62/58 17/57/53 110/63/59
f 287/64/60 110/63/59 1359/65/61
f 1269/66/62 1364/67/63 108/59/55
f 6/68/64 1253/69/65 91/70/66
f 104/6/6 342/71/67 1288/72/68
f 10/73/69 1304/74/70 95/75/69
f 23/76/71 1298/77/72 112/11/10
f 351/78/73 96/79/69 1314/80/74
f 102/55/51 322/81/75 1338/82/76
f 15/83/77 1283/84/78 347/85/79
f 15/83/77 1293/86/80 107/22/21
f 101/87/81 331/88/82 1283/84/78
f 114/89/83 342/71/67 20/5/5
f 115/90/84 326/91/85 25/34/32
f 19/31/29 1303/92/86 115/90/84
f 21/28/26 1313/93/87 106/36/34
f 1299/94/88 8/95/69 351/78/73
f 103/96/89 356/97/90 19/31/29
f 18/41/39 1308/98/91 103/96/89
f 22/38/36 1328/99/92 113/45/42
f 1314/80/74 11/100/69 361/101/93
f 111/50/47 366/102/94 18/41/39
f 24/103/95 1323/104/96 111/50/47
f 113/45/42 372/105/97 1367/47/44
f 321/106/98 94/107/69 7/108/99
f 14/20/19 1333/109/100 331/88/82
f 100/19/18 398/110/101 1333/109/100
f 110/63/59 394/111/102 1353/112/103
f 98/113/104 393/114/105 1339/115/106
f 13/60/56 1348/116/107 398/110/101
f 108/59/55 410/117/108 1348/116/107
f 1359/65/61 1353/112/103 403/118/109
f 1204/119/110 14/20/19 101/87/81
f 1264/120/111 1358/121/112 105/122/113
f 1358/121/112 1360/123/114 403/118/109
f 7/108/99 1284/124/115 332/125/116
f 228/8/8 86/27/7 3/9/7
f 1214/23/22 23/76/71 217/10/9
f 107/22/21 337/126/117 23/76/71
f 94/107/69 346/127/118 1284/124/115
f 92/128/119 280/129/120 6/68/64
f 203/3/3 87/7/7 1208/130/121
f 16/17/16 1288/72/68 322/81/75
f 399/131/122 99/132/123 12/133/124
f 238/32/30 115/90/84 1224/33/31
f 1239/134/125 1368/135/126 109/136/127
f 109/136/127 371/137/128 1318/138/129
f 95/75/69 357/139/130 8/95/69
f 208/35/33 114/89/83 1199/140/131
f 227/21/20 101/87/81 15/83/77
f 1289/141/132 9/142/133 94/107/69
f 25/34/32 1278/143/134 114/89/83
f 1263/144/135 1268/145/136 92/128/119
f 286/146/137 92/128/119 1273/147/138
f 99/132/123 404/148/139 1354/149/140
f 1349/150/141 1344/151/142 99/132/123
f 5/152/7 1243/153/143 247/52/48
f 1218/154/144 2/155/7 88/43/7
f 112/11/10 352/156/145 21/28/26
f 11/100/69 1324/157/146 97/158/147
f 218/159/148 88/43/7 4/13/12
f 233/160/149 89/51/7 2/155/7
f 93/161/69 346/127/118 9/142/133
f 10/73/69 1294/162/150 93/161/69
f 1254/163/151 13/60/56 100/19/18
f 7/108/99 1339/115/106 321/106/98
s 2
f 425/164/152 135/165/153 1486/166/154
s 1
f 1334/167/155 12/133/124 98/113/104
f 90/168/156 271/169/157 1243/153/143
f 1248/170/158 1238/171/159 90/168/156
f 1329/172/160 1319/173/161 373/174/162
f 97/158/147 388/175/163 1319/173/161
f 1264/176/111 1365/177/164 303/178/165
f 276/179/166 91/70/66 1258/1/1
f 17/57/53 1338/82/76 394/111/102
f 105/180/113 408/181/167 1365/177/164
f 248/42/40 103/96/89 1229/30/28
f 1273/147/138 6/68/64 276/179/166
f 12/133/124 1354/149/140 393/114/105
f 96/79/69 367/182/168 11/100/69
f 2/155/7 1228/53/49 237/44/41
f 1199/140/131 20/5/5 222/183/169
f 336/184/170 95/75/69 1299/94/88
f 8/95/69 1309/185/171 96/79/69
f 1239/134/125 24/186/95 270/187/46
f 1233/188/172 5/152/7 89/51/7
f 106/36/34 362/189/173 22/38/36
f 109/136/127 389/190/174 24/186/95
f 1208/130/121 3/9/7 223/25/24
f 86/27/7 207/15/14 1198/24/23
f 327/191/175 93/161/69 1279/192/176
f 1279/192/176 9/142/133 341/193/177
f 91/70/66 212/194/178 1/2/2
f 243/195/179 90/168/156 5/152/7
f 361/101/93 97/158/147 1329/172/160
f 332/125/116 98/113/104 7/108/99
s 2
f 470/196/180 128/197/181 33/198/182
f 520/199/183 134/200/184 1432/201/185
f 134/200/184 735/202/186 1476/203/187
f 719/204/188 129/205/189 1472/206/190
f 496/207/191 125/208/192 1421/209/193
f 1396/210/194 1512/211/195 135/165/153
f 136/212/196 682/213/197 1462/214/198
f 1472/206/190 1482/215/199 701/216/200
f 461/217/201 122/218/202 28/219/203
f 440/220/204 133/221/205 1495/222/206
f 1447/223/207 1452/224/208 629/225/209
f 133/221/205 646/226/210 1457/227/211
f 26/228/212 1389/229/213 122/218/202
f 30/230/214 1393/231/215 577/232/216
f 31/233/217 1393/231/215 125/208/192
f 1407/234/218 1513/235/219 450/236/220
f 1402/237/221 1487/238/222 118/239/223
f 32/240/224 1376/241/225 127/242/189
f 33/198/182 1382/243/226 541/244/227
f 427/245/228 120/246/229 1397/247/230
f 460/248/231 132/249/232 1407/234/218
f 528/250/233 119/251/234 1392/252/235
f 29/253/236 1375/254/237 559/255/238
f 470/196/180 126/256/239 1426/257/240
f 461/217/201 121/258/241 1401/259/242
f 26/228/212 1370/260/243 543/261/244
f 33/198/182 1371/262/245 126/256/239
f 482/263/246 136/212/196 1516/264/247
f 441/265/248 117/266/249 1422/267/250
f 34/268/251 1382/243/226 128/197/181
f 34/268/251 1376/241/225 579/269/252
f 1422/267/250 1500/270/253 497/271/254
f 1416/272/255 1499/273/256 136/212/196
f 27/274/257 1384/275/258 558/276/259
f 28/219/203 1384/275/258 121/258/241
f 442/277/260 123/278/261 1412/279/262
f 506/280/263 126/256/239 32/240/224
f 28/219/203 1389/229/213 199/281/264
f 135/165/153 594/282/265 1442/283/266
f 507/284/267 134/200/184 1503/285/268
f 1437/286/269 1508/287/270 137/288/271
f 1380/289/272 1388/290/273 542/291/274
f 27/274/257 1370/260/243 120/246/229
f 522/292/275 137/288/271 1521/293/276
f 505/294/277 116/295/7 1427/296/278
f 29/253/236 1383/297/279 124/298/280
f 30/230/214 1375/254/237 123/278/261
f 1411/299/281 1517/300/282 133/221/205
f 31/233/217 1383/297/279 529/301/283
f 1392/252/235 1380/289/272 578/302/284
f 32/240/224 1371/262/245 560/303/285
f 1503/285/268 1476/203/187 718/304/286
f 1521/293/276 1481/305/287 736/306/288
f 137/288/271 702/307/289 1481/305/287
f 1487/238/222 1446/308/290 118/239/223
f 132/249/232 595/309/291 1513/235/219
f 1491/310/292 1451/311/293 132/249/232
f 1496/312/294 1466/313/295 117/266/249
f 1516/264/247 1462/214/198 647/314/296
f 117/266/249 683/315/297 1500/270/253
f 449/316/298 122/218/202 1406/317/299
f 459/318/300 118/239/223 1492/319/301
f 118/239/223 628/320/302 1492/319/301
f 1486/166/154 1442/283/266 612/321/303
f 442/277/260 125/208/192 30/230/214
f 481/322/304 123/278/261 29/253/236
f 648/323/305 131/324/306 1456/325/307
f 1456/325/307 1467/326/308 665/327/309
f 506/280/263 127/242/189 1431/328/310
f 521/329/311 127/242/189 34/268/251
f 1482/215/199 1477/330/312 737/331/313
f 1504/332/314 1471/333/315 116/295/7
f 427/245/228 121/258/241 27/274/257
f 449/316/298 120/246/229 26/228/212
f 1452/224/208 1441/334/316 596/335/317
f 613/336/318 130/337/319 1447/223/207
f 481/322/304 124/298/280 1417/338/320
f 496/207/191 124/298/280 31/233/217
f 1467/326/308 1461/339/321 684/340/322
f 1495/222/206 1457/227/211 664/341/323
f 521/329/311 128/197/181 1436/342/324
f 1427/296/278 1509/343/325 468/344/326
f 116/295/7 700/345/327 1509/343/325
s 3
f 1584/346/328 35/347/329 752/348/330
f 1535/349/331 54/350/332 156/351/333
f 139/352/329 777/353/334 37/354/329
f 766/355/335 164/356/336 1545/357/337
f 38/358/329 1549/359/338 756/360/339
f 751/361/340 156/351/333 50/362/341
f 762/363/342 152/364/343 48/365/344
f 776/366/345 159/367/346 1540/368/347
f 37/354/329 1524/369/348 772/370/349
f 1539/371/350 38/358/329 138/372/329
f 1545/357/337 56/373/351 781/374/352
f 1555/375/353 53/376/354 787/377/355
f 1550/378/356 60/379/357 757/380/358
f 781/374/352 158/381/359 1560/382/360
f 1560/382/360 57/383/361 791/384/362
f 1570/385/363 52/386/364 797/387/365
f 140/388/329 786/389/366 1549/359/338
f 791/384/362 165/390/367 1575/391/368
f 1575/391/368 1687/392/369 803/393/370
f 819/394/371 163/395/372 1570/385/363
f 141/396/373 796/397/374 1554/398/375
f 1585/399/376 50/362/341 154/400/377
f 824/401/378 154/400/377 51/402/379
f 830/403/380 160/404/381 47/405/382
f 35/347/329 1529/406/383 139/352/329
f 1600/407/384 51/402/379 162/408/385
f 835/409/386 162/408/385 55/410/387
f 1595/411/388 1684/412/389 160/404/381
f 40/413/329 1579/414/390 143/415/329
f 156/351/333 878/416/391 1614/417/392
f 44/418/393 1630/419/394 147/420/395
f 58/421/396 1624/422/397 164/356/336
f 887/423/398 148/424/395 1640/425/399
f 154/400/377 858/426/400 1664/427/401
f 49/428/402 1609/429/403 883/430/404
f 49/428/402 1619/431/405 159/367/346
f 153/432/406 867/433/407 1609/429/403
f 166/434/408 878/416/391 54/350/332
f 167/435/409 862/436/410 60/379/357
f 53/376/354 1629/437/411 167/435/409
f 56/373/351 1639/438/412 158/381/359
f 1625/439/413 42/440/393 887/423/398
f 155/441/414 892/442/415 53/376/354
f 52/386/364 1634/443/416 155/441/414
f 57/383/361 1654/444/417 165/390/367
f 1640/425/399 45/445/395 897/446/418
f 163/395/372 902/447/419 52/386/364
f 59/448/420 1649/449/421 163/395/372
f 165/390/367 908/450/422 1687/392/369
f 857/451/423 146/452/393 41/453/393
f 48/365/344 1659/454/424 867/433/407
f 152/364/343 934/455/425 1659/454/424
f 162/408/385 930/456/426 1679/457/427
f 150/458/393 929/459/428 1665/460/429
f 47/405/382 1674/461/430 934/455/425
f 160/404/381 946/462/431 1674/461/430
f 55/410/387 1679/457/427 939/463/432
f 1530/464/433 48/365/344 153/432/406
f 1590/465/434 55/410/387 157/466/435
f 157/466/435 939/463/432 1669/467/436
f 41/453/393 1610/468/437 868/469/438
f 777/353/334 138/372/329 37/354/329
f 1540/368/347 58/421/396 766/355/335
f 159/367/346 873/470/439 58/421/396
f 146/452/393 882/471/440 1610/468/437
f 144/472/329 829/473/441 40/413/329
f 752/348/330 139/352/329 1534/474/442
f 50/362/341 1614/417/392 858/426/400
f 935/475/443 151/476/393 46/477/393
f 787/377/355 167/435/409 1550/378/356
f 1565/478/444 1688/479/445 161/480/446
f 161/480/446 907/481/447 1644/482/448
f 147/420/395 893/483/449 42/440/393
f 757/380/358 166/434/408 1525/484/450
f 776/366/345 153/432/406 49/428/402
f 1615/485/451 43/486/393 146/452/393
f 60/379/357 1604/487/452 166/434/408
f 1589/488/453 1594/489/454 144/472/329
f 834/490/455 144/472/329 1599/491/456
f 151/476/393 940/492/457 1680/493/458
f 1675/494/459 1670/495/460 151/476/393
f 39/496/373 1569/497/461 796/397/374
f 1544/498/462 36/499/373 140/388/329
f 164/356/336 888/500/463 56/373/351
f 45/445/395 1650/501/464 149/502/465
f 767/503/466 140/388/329 38/358/329
f 782/504/467 141/396/373 36/499/373
f 145/505/393 882/471/440 43/486/393
f 44/418/393 1620/506/468 145/505/393
f 1580/507/469 47/405/382 152/364/343
f 41/453/393 1665/460/429 857/451/423
s 4
f 1750/508/470 61/509/471 962/510/472
s 3
f 1660/511/473 46/477/393 150/458/393
f 142/512/474 820/513/475 1569/497/461
f 1574/514/476 1564/515/477 142/512/474
f 1655/516/478 1645/517/479 909/518/480
f 149/502/465 924/519/481 1645/517/479
f 1590/465/434 1685/520/482 839/521/483
f 825/522/484 143/415/329 1584/346/328
f 51/402/379 1664/427/401 930/456/426
f 157/466/435 944/523/485 1685/520/482
f 797/387/365 155/441/414 1555/375/353
f 1599/491/456 40/413/329 825/522/484
f 46/477/393 1680/493/458 929/459/428
f 148/424/395 903/524/486 45/445/395
f 36/499/373 1554/398/375 786/389/366
f 1525/484/450 54/350/332 771/525/487
f 872/526/488 147/420/395 1625/439/413
f 42/440/393 1635/527/489 148/424/395
f 1565/478/444 59/448/420 819/394/371
f 1559/528/490 39/496/373 141/396/373
f 158/381/359 898/529/491 57/383/361
f 161/480/446 925/530/492 59/448/420
f 1534/474/442 37/354/329 772/370/349
f 138/372/329 756/360/339 1524/369/348
f 863/531/493 145/505/393 1605/532/494
f 1605/532/494 43/486/393 877/533/495
f 143/415/329 761/534/496 35/347/329
f 792/535/497 142/512/474 39/496/373
f 897/446/418 149/502/465 1655/516/478
f 868/469/438 150/458/393 41/453/393
s 4
f 1701/536/498 80/537/499 186/538/500
f 169/539/471 987/540/501 63/541/471
f 976/542/502 194/543/503 1711/544/504
f 64/545/471 1715/546/505 966/547/506
f 961/548/507 186/538/500 76/549/508
f 972/550/509 182/551/510 74/552/511
f 986/553/512 189/554/513 1706/555/514
f 63/541/471 1690/556/515 982/557/516
f 1705/558/517 64/545/471 168/559/471
f 1711/544/504 82/560/518 991/561/519
f 1721/562/520 79/563/521 997/564/522
f 1716/565/523 85/566/524 967/567/525
f 991/561/519 188/568/526 1726/569/527
f 1726/569/527 83/570/528 1001/571/529
f 1736/572/530 78/573/531 1007/574/532
f 170/575/471 996/576/533 1715/546/505
f 1001/571/529 195/577/534 1741/578/535
f 1741/578/535 1853/579/536 1013/580/537
f 1030/581/538 193/582/539 1736/572/530
f 171/583/540 1006/584/541 1720/585/542
f 1751/586/543 76/549/508 184/587/544
f 1047/588/545 184/587/544 77/589/546
f 1053/590/547 190/591/548 73/592/549
f 61/509/471 1695/593/550 169/539/471
f 1766/594/551 77/589/546 192/595/552
f 1058/596/553 192/595/552 81/597/554
f 1761/598/555 1850/599/556 190/591/548
f 66/600/557 1745/601/558 173/602/471
f 186/538/500 1101/603/559 1780/604/560
f 70/605/561 1796/606/562 177/607/561
f 84/608/563 1790/609/564 194/543/503
f 1110/610/565 178/611/566 1806/612/567
f 184/587/544 1081/613/568 1830/614/569
f 75/615/570 1775/616/571 1106/617/572
f 75/615/570 1785/618/573 189/554/513
f 183/619/574 1090/620/575 1775/616/571
f 196/621/576 1101/603/559 80/537/499
f 197/622/577 1085/623/578 85/566/524
f 79/563/521 1795/624/579 197/622/577
f 82/560/518 1805/625/580 188/568/526
f 1791/626/581 68/627/582 1110/610/565
f 185/628/583 1115/629/584 79/563/521
f 78/573/531 1800/630/585 185/628/583
f 83/570/528 1820/631/586 195/577/534
f 1806/612/567 71/632/587 1120/633/588
f 193/582/539 1125/634/589 78/573/531
f 1857/635/590 1815/636/591 193/582/539
f 195/577/534 1131/637/592 1853/579/536
f 1080/638/593 176/639/561 67/640/561
f 74/552/511 1825/641/594 1090/620/575
f 182/551/510 1171/642/595 1825/641/594
f 192/595/552 1167/643/596 1845/644/597
f 180/645/561 1166/646/598 1831/647/599
f 73/592/549 1840/648/600 1171/642/595
f 190/591/548 1183/649/601 1840/648/600
f 81/597/554 1845/644/597 1176/650/602
f 1696/651/603 74/552/511 183/619/574
f 1756/652/604 81/653/554 187/654/605
f 187/654/605 1176/655/602 1835/656/606
f 67/640/561 1776/657/607 1091/658/608
f 987/540/501 168/559/471 63/541/471
f 1706/555/514 84/608/563 976/542/502
f 189/554/513 1096/659/609 84/608/563
f 176/639/561 1105/660/610 1776/657/607
f 174/661/471 1052/662/611 66/600/557
f 962/510/472 169/539/471 1700/663/612
f 76/549/508 1780/604/560 1081/613/568
f 1172/664/613 181/665/561 72/666/561
f 997/564/522 197/622/577 1716/565/523
f 1731/667/614 1854/668/615 191/669/616
f 191/669/616 1130/670/617 1810/671/618
f 177/607/561 1116/672/619 68/627/582
f 967/567/525 196/621/576 1691/673/620
f 986/553/512 183/619/574 75/615/570
f 1781/674/621 69/675/561 176/639/561
f 85/566/524 1770/676/622 196/621/576
f 1755/677/623 1760/678/624 174/661/471
f 1057/679/625 174/661/471 1765/680/626
f 181/665/561 1177/681/627 1846/682/628
f 1841/683/629 1836/684/630 181/665/561
f 65/685/631 1735/686/632 1006/584/541
f 1710/687/633 62/688/634 170/575/471
f 194/543/503 1111/689/635 82/560/518
f 71/632/587 1816/690/636 179/691/637
f 977/692/638 170/575/471 64/545/471
f 992/693/639 171/583/540 62/688/634
f 175/694/640 1105/660/610 69/675/561
f 70/605/561 1786/695/641 175/694/640
f 1746/696/642 73/592/549 182/551/510
f 67/640/561 1831/647/599 1080/638/593
f 1826/697/643 72/666/561 180/645/561
f 172/698/644 1031/699/645 1735/686/632
f 1740/700/646 1730/701/647 172/698/644
f 1821/702/648 1811/703/649 1132/704/650
f 179/691/637 1148/705/651 1811/703/649
f 1756/652/604 1851/706/652 1062/707/653
f 1048/708/654 173/602/471 1750/508/470
f 77/589/546 1830/614/569 1167/643/596
f 187/654/605 1181/709/655 1851/706/652
f 1007/574/532 185/628/583 1721/562/520
f 1765/680/626 66/600/557 1048/708/654
f 72/666/561 1846/682/628 1166/646/598
f 178/611/566 1126/710/656 71/632/587
f 62/688/634 1720/585/542 996/576/533
f 1691/673/620 80/537/499 981/711/657
f 1095/712/658 177/607/561 1791/626/581
f 68/627/582 1801/713/659 178/611/566
f 1731/667/614 1858/714/660 1029/715/661
f 1725/716/662 65/685/631 171/583/540
f 188/568/526 1121/717/663 83/570/528
f 191/669/616 1147/718/664 1858/714/660
f 1700/663/612 63/541/471 982/557/516
f 168/559/471 966/547/506 1690/556/515
f 1086/719/665 175/694/640 1771/720/666
f 1771/720/666 69/675/561 1100/721/667
f 173/602/471 971/722/668 61/509/471
f 1002/723/669 172/698/644 65/685/631
f 1120/633/588 179/691/637 1821/702/648
f 1091/658/608 180/645/561 67/640/561
s 1
f 252/724/670 258/725/671 257/726/672
f 255/727/673 259/728/674 258/725/671
f 257/726/672 258/725/671 269/729/675
f 258/725/671 260/730/676 269/729/675
f 261/731/677 263/732/678 253/733/679
f 262/734/680 264/735/681 261/731/677
f 264/735/681 256/736/682 263/732/678
f 265/737/683 259/728/674 264/735/681
f 254/48/45 268/738/684 267/739/685
f 266/740/686 269/741/687 268/738/684
f 267/739/685 265/742/688 262/743/689
f 268/744/684 260/730/690 265/737/688
f 288/745/691 290/746/692 285/747/693
f 289/748/694 291/749/695 288/750/691
f 291/751/695 300/752/696 290/746/692
f 291/751/695 292/753/697 293/754/698
f 286/146/137 297/755/699 296/756/700
f 294/757/701 298/758/702 297/755/699
f 296/756/700 292/759/703 289/748/694
f 297/755/699 293/760/704 292/759/703
f 299/761/705 301/762/706 287/64/60
f 300/752/696 302/763/707 299/761/705
f 302/763/707 295/764/708 301/762/706
f 302/763/707 293/765/698 298/766/709
f 303/178/165 308/767/710 307/768/711
f 306/769/712 309/770/713 308/767/710
f 307/768/711 320/771/714 317/772/715
f 308/767/710 310/773/716 320/771/714
f 304/774/717 314/775/718 313/776/719
f 311/777/720 315/778/721 314/775/718
f 313/776/722 309/779/723 306/780/724
f 314/781/718 310/773/725 309/770/723
f 316/782/726 318/783/727 305/784/728
f 317/772/715 319/785/729 316/782/726
f 319/785/729 312/786/730 318/783/727
f 320/771/714 315/787/731 319/785/729
f 371/137/128 376/788/732 375/789/733
f 374/790/734 377/791/735 376/788/732
f 375/789/733 387/792/736 384/793/737
f 376/788/732 378/794/738 387/792/736
f 372/105/97 381/795/739 374/796/740
f 379/797/741 382/798/742 381/795/739
f 374/796/740 381/795/739 377/799/743
f 381/795/739 378/800/744 377/799/745
f 383/801/746 385/802/747 373/174/162
f 384/793/737 386/803/748 383/804/746
f 386/805/748 380/806/749 385/802/747
f 387/792/750 382/807/742 386/803/748
f 408/808/167 414/809/751 413/810/752
f 411/811/753 415/812/754 414/809/751
f 413/810/752 414/809/751 424/813/755
f 414/809/751 416/814/756 424/813/755
f 417/815/757 419/816/758 409/817/759
f 418/818/760 420/819/761 417/820/757
f 420/821/761 412/822/762 419/816/758
f 421/823/763 415/812/764 420/821/761
f 410/117/108 423/824/765 422/825/766
f 413/826/767 424/813/768 423/824/765
f 422/825/766 421/823/763 418/827/760
f 423/824/765 416/814/769 421/823/763
s 2
f 428/828/770 430/829/771 425/164/152
f 429/830/772 431/831/773 428/828/770
f 431/831/773 438/832/774 430/829/771
f 431/831/773 436/833/775 432/834/776
f 433/835/777 435/836/778 426/837/779
f 434/838/780 436/839/775 433/835/777
f 435/836/778 436/833/775 429/830/772
f 438/832/774 439/840/781 437/841/782
f 439/840/781 434/838/780 437/842/782
s 5
f 440/220/783 443/843/783 444/844/783
s 6
f 444/845/784 1863/846/785 445/847/785
s 7
f 441/265/786 444/848/786 443/849/786
s 8
f 447/850/787 1863/846/788 444/851/789
s 2
f 448/852/790 451/853/791 452/854/792
s 9
f 454/855/793 456/856/794 449/316/795
s 2
f 450/236/220 457/857/796 458/858/797
f 457/857/798 451/859/791 458/860/799
s 10
f 458/860/800 453/861/801 455/862/802
s 2
f 458/860/799 451/859/791 453/861/803
f 459/318/300 462/863/804 463/864/805
s 11
f 463/865/806 464/866/807 1864/867/808
s 2
f 460/248/231 463/868/809 466/869/810
s 12
f 463/870/811 465/871/811 1864/872/811
s 13
f 466/869/812 463/873/813 462/874/814
s 2
f 468/344/326 471/875/815 472/876/816
f 471/877/815 474/878/817 472/879/816
f 472/879/816 473/880/818 477/881/819
f 469/882/820 474/883/821 475/884/822
f 474/885/817 479/886/823 477/887/819
s 14
f 475/884/824 474/878/824 471/877/824
s 2
f 474/883/817 477/887/819 473/880/818
s 15
f 476/888/825 478/889/826 470/196/827
s 2
f 483/890/828 485/891/829 480/892/830
f 483/890/828 484/893/831 486/894/832
f 485/891/829 486/895/832 492/896/833
f 486/894/832 484/893/831 487/897/834
f 488/898/835 490/899/836 489/900/837
f 489/901/837 490/899/836 484/902/831
f 490/899/836 487/897/834 484/893/831
f 491/903/838 493/904/839 482/263/246
f 492/896/833 494/905/840 491/903/838
f 494/905/840 488/898/835 493/904/839
f 494/905/840 486/895/832 487/906/834
s 16
f 498/907/841 499/908/842 495/909/843
s 17
f 498/907/844 500/910/845 504/911/846
s 2
f 497/271/254 503/912/847 504/913/848
s 18
f 503/912/849 499/914/849 504/915/849
s 17
f 504/915/846 1865/916/850 502/917/851
f 504/918/846 500/919/845 1865/916/850
s 2
f 508/920/852 510/921/853 505/294/277
f 508/920/852 509/922/854 511/923/855
f 511/923/855 517/924/856 510/921/853
f 511/923/855 512/925/857 519/926/858
f 513/927/859 514/928/860 515/929/861
f 513/930/859 515/929/861 509/931/854
f 514/928/860 509/922/854 515/929/861
f 516/932/862 518/933/863 507/284/267
f 516/932/862 517/924/856 519/934/858
f 518/933/863 519/934/858 514/935/860
f 519/926/858 512/925/857 514/928/860
s 19
f 520/199/864 523/936/865 526/937/866
s 20
f 523/938/867 1866/939/867 1862/940/867
s 21
f 522/292/868 526/941/868 527/942/868
s 19
f 526/943/866 523/944/865 527/945/869
s 22
f 1862/940/870 525/946/871 527/945/872
s 2
f 199/281/264 198/947/873 532/948/874
f 530/949/875 531/950/876 198/951/873
f 532/948/874 540/952/877 537/953/878
f 528/250/233 200/954/879 201/955/880
f 533/956/881 535/957/882 200/958/879
f 201/955/880 198/959/873 531/950/876
f 200/954/879 540/960/877 198/959/873
f 536/961/883 538/962/884 529/301/283
f 537/953/878 539/963/885 536/961/883
f 539/963/885 534/964/886 538/962/884
f 539/963/885 540/965/877 535/957/887
f 541/966/227 546/967/888 545/968/889
f 544/969/890 546/967/888 541/966/891
f 546/967/888 554/970/892 545/968/889
f 546/967/888 547/971/893 557/972/894
f 542/291/274 551/973/895 550/974/896
f 548/975/897 552/976/898 551/973/895
f 550/974/896 547/977/899 544/978/900
s 23
f 551/973/901 557/979/902 547/977/903
s 2
f 553/980/904 555/981/905 543/261/244
f 554/970/892 556/982/906 553/980/904
f 556/982/906 549/983/907 555/981/905
f 556/982/906 557/984/908 552/985/909
f 561/986/910 563/987/911 558/276/259
f 562/988/912 564/989/913 561/986/910
f 564/989/913 573/990/914 563/987/911
f 564/989/913 566/991/915 576/992/916
f 567/993/917 569/994/918 559/255/238
f 568/995/919 570/996/920 567/993/917
f 570/996/920 562/988/912 569/994/918
f 570/996/920 566/991/915 565/997/921
f 560/303/285 575/998/922 574/999/923
f 572/1000/924 576/992/916 575/998/922
f 575/998/922 568/995/919 574/999/923
f 575/998/922 566/991/915 571/1001/925
f 580/1002/926 582/1003/927 577/232/216
f 581/1004/928 583/1005/929 580/1002/926
f 583/1005/929 590/1006/930 582/1003/927
f 583/1005/929 584/1007/931 593/1008/932
f 578/1009/284 587/1010/933 586/1011/934
f 585/1012/935 588/1013/936 587/1010/933
f 586/1011/934 584/1007/937 581/1004/938
s 24
f 587/1010/939 593/1014/940 584/1007/941
s 2
f 579/269/252 592/1015/942 591/1016/943
f 589/1017/944 593/1008/945 592/1015/942
f 591/1016/943 592/1015/942 588/1013/946
f 592/1015/942 593/1014/945 588/1013/946
f 594/282/265 599/1018/947 598/1019/948
f 597/1020/949 600/1021/950 599/1018/947
f 598/1019/948 611/1022/951 608/1023/952
f 599/1018/947 601/1024/953 611/1022/951
f 595/309/291 605/1025/954 604/1026/955
f 602/1027/956 606/1028/957 605/1025/954
f 604/1026/958 600/1021/959 597/1020/960
f 605/1025/954 601/1024/953 600/1021/959
f 607/1029/961 609/1030/962 596/1031/317
f 608/1023/952 610/1032/963 607/1029/961
f 610/1032/963 603/1033/964 609/1030/962
f 611/1022/951 606/1028/957 610/1032/963
f 615/1034/965 617/1035/966 612/321/303
f 616/1036/967 618/1037/968 615/1034/965
f 618/1037/968 625/1038/969 617/1035/966
f 620/1039/970 622/1040/971 613/1041/318
f 621/1042/972 623/1043/973 620/1039/970
f 623/1043/973 616/1036/967 622/1040/971
f 624/1044/974 626/1045/975 614/1046/976
f 625/1038/969 627/1047/977 624/1044/974
f 627/1047/977 621/1042/972 626/1045/975
f 628/320/302 634/1048/978 633/1049/979
f 631/1050/980 635/1051/981 634/1048/978
f 633/1049/979 634/1048/978 645/1052/982
f 634/1048/978 636/1053/983 645/1052/982
f 637/1054/984 639/1055/985 629/1056/209
f 638/1057/986 640/1058/987 637/1054/984
f 640/1058/987 632/1059/988 639/1055/985
f 641/1060/989 635/1051/981 640/1058/987
f 630/1061/990 644/1062/991 643/1063/992
f 642/1064/993 645/1052/994 644/1062/991
f 643/1063/992 641/1060/989 638/1057/986
f 644/1062/991 636/1053/983 641/1060/989
f 649/1065/995 651/1066/996 646/226/210
f 650/1067/997 652/1068/998 649/1065/995
f 652/1068/998 660/1069/999 651/1066/996
f 652/1068/998 653/1070/1000 663/1071/1001
f 654/1072/1002 656/1073/1003 647/314/296
f 655/1074/1004 657/1075/1005 654/1072/1002
f 657/1075/1005 650/1067/997 656/1073/1003
f 658/1076/1006 653/1070/1000 657/1075/1005
f 659/1077/1007 661/1078/1008 648/1079/305
f 660/1069/999 662/1080/1009 659/1077/1007
f 662/1080/1009 655/1074/1004 661/1078/1008
f 662/1080/1009 663/1081/1001 658/1076/1006
f 664/341/323 670/1082/1010 669/1083/1011
f 667/1084/1012 671/1085/1013 670/1082/1010
f 669/1083/1011 670/1082/1010 681/1086/1014
f 670/1082/1010 672/1087/1015 681/1086/1014
f 673/1088/1016 675/1089/1017 665/1090/309
f 674/1091/1018 676/1092/1019 673/1088/1016
f 676/1092/1019 668/1093/1020 675/1089/1017
f 677/1094/1021 671/1085/1022 676/1092/1019
f 666/1095/1023 680/1096/1024 679/1097/1025
s 25
f 678/1098/1026 681/1086/1027 680/1096/1028
s 2
f 679/1097/1025 677/1094/1029 674/1091/1018
f 680/1096/1024 672/1087/1030 677/1094/1029
f 682/213/197 687/1099/1031 686/1100/1032
f 685/1101/1033 688/1102/1034 687/1099/1031
f 686/1100/1032 699/1103/1035 696/1104/1036
f 687/1099/1031 689/1105/1037 699/1103/1035
f 683/315/297 693/1106/1038 692/1107/1039
f 690/1108/1040 694/1109/1041 693/1106/1038
f 692/1107/1039 693/1106/1038 688/1102/1042
f 693/1106/1038 689/1105/1037 688/1102/1042
f 695/1110/1043 697/1111/1044 684/1112/322
f 696/1104/1036 698/1113/1045 695/1110/1043
f 698/1113/1045 691/1114/1046 697/1111/1044
f 699/1103/1035 694/1109/1041 698/1113/1045
f 700/345/327 706/1115/1047 705/1116/1048
f 703/1117/1049 707/1118/1050 706/1115/1047
s 26
f 705/1116/1051 716/1119/1052 714/1120/1053
f 706/1115/1054 708/1121/1055 716/1119/1052
s 2
f 709/1122/1056 711/1123/1057 701/1124/200
f 710/1125/1058 712/1126/1059 709/1122/1056
f 712/1126/1059 704/1127/1060 711/1123/1057
f 702/307/289 716/1128/1061 715/1129/1062
f 713/1130/1063 714/1120/1064 716/1128/1061
f 715/1129/1062 707/1131/1065 710/1125/1058
s 27
f 716/1119/1066 708/1121/1067 707/1131/1068
s 2
f 720/1132/1069 722/1133/1070 717/1134/1071
f 721/1135/1072 723/1136/1073 720/1132/1069
f 723/1136/1073 731/1137/1074 722/1133/1070
f 723/1136/1073 724/1138/1075 734/1139/1076
f 725/1140/1077 727/1141/1078 718/304/286
f 726/1142/1079 728/1143/1080 725/1140/1077
f 728/1143/1080 721/1135/1072 727/1141/1078
f 728/1143/1080 729/1144/1081 724/1145/1075
f 730/1146/1082 732/1147/1083 719/1148/188
f 731/1137/1074 733/1149/1084 730/1146/1082
f 733/1149/1084 726/1142/1079 732/1147/1083
f 734/1139/1076 729/1144/1081 733/1149/1084
f 735/202/186 741/1150/1085 740/1151/1086
f 738/1152/1087 739/1153/1088 741/1150/1085
f 740/1151/1086 750/1154/1089 747/1155/1090
s 28
f 741/1156/1091 742/1157/1092 750/1154/1093
s 2
f 736/306/288 741/1158/1094 745/1159/1095
f 743/1160/1096 750/1161/1097 741/1158/1094
f 745/1159/1095 741/1156/1094 739/1153/1098
f 746/1162/1099 748/1163/1100 737/1164/313
f 747/1155/1090 749/1165/1101 746/1162/1099
f 749/1165/1102 744/1166/1103 748/1163/1100
s 3
f 801/1167/1104 807/1168/1105 806/1169/1106
f 804/1170/1107 808/1171/1108 807/1168/1105
f 806/1169/1106 807/1168/1105 818/1172/1109
f 807/1168/1105 809/1173/1110 818/1172/1109
f 810/1174/1111 812/1175/1112 802/1176/1113
f 811/1177/1114 813/1178/1115 810/1174/1111
f 813/1178/1115 805/1179/1116 812/1175/1112
f 814/1180/1117 808/1171/1108 813/1178/1115
f 803/393/370 817/1181/1118 816/1182/1119
f 815/1183/1120 818/1184/1121 817/1181/1118
f 816/1185/1119 814/1180/1122 811/1177/1123
f 817/1186/1118 809/1173/1124 814/1180/1122
f 839/1187/483 844/1188/1125 843/1189/1126
f 842/1190/1127 845/1191/1128 844/1188/1125
f 843/1189/1126 856/1192/1129 853/1193/1130
f 844/1188/1125 846/1194/1131 856/1192/1129
f 840/1195/1132 850/1196/1133 849/1197/1134
f 847/1198/1135 851/1199/1136 850/1200/1133
f 849/1201/1134 850/1200/1133 845/1191/1137
f 850/1200/1133 846/1194/1138 845/1191/1137
f 852/1202/1139 854/1203/1140 841/1204/1141
f 853/1193/1130 855/1205/1142 852/1202/1139
f 855/1205/1142 848/1206/1143 854/1203/1140
f 856/1192/1129 851/1199/1144 855/1205/1142
f 907/481/447 912/1207/1145 911/1208/1146
f 910/1209/1147 913/1210/1148 912/1207/1145
f 911/1208/1146 923/1211/1149 920/1212/1150
f 912/1207/1145 914/1213/1151 923/1211/1149
f 908/450/422 917/1214/1152 910/1215/1153
f 915/1216/1154 918/1217/1155 917/1214/1152
f 910/1215/1153 917/1214/1152 913/1210/1156
f 917/1214/1152 914/1213/1157 913/1210/1156
f 919/1218/1158 921/1219/1159 909/518/480
f 920/1212/1150 922/1220/1160 919/1218/1158
f 922/1220/1160 916/1221/1161 921/1219/1159
f 923/1211/1162 918/1217/1155 922/1220/1160
f 944/523/485 949/1222/1163 957/1223/1164
f 947/1224/1165 950/1225/1166 949/1222/1163
f 957/1223/1164 949/1222/1163 960/1226/1167
f 949/1222/1163 951/1227/1168 960/1226/1169
f 952/1228/1170 954/1229/1171 945/1230/1172
f 953/1231/1173 955/1232/1174 952/1228/1170
f 955/1232/1174 948/1233/1175 954/1229/1171
f 956/1234/1176 950/1225/1177 955/1232/1174
f 946/462/431 959/1235/1178 958/1236/1179
f 957/1237/1180 960/1226/1181 959/1235/1178
f 958/1236/1179 956/1234/1176 953/1231/1173
f 959/1235/1178 951/1227/1182 956/1234/1176
s 4
f 1011/1238/1183 1017/1239/1184 1016/1240/1185
f 1014/1241/1186 1018/1242/1187 1017/1239/1184
f 1016/1240/1185 1028/1243/1188 1025/1244/1189
f 1017/1239/1184 1019/1245/1190 1028/1243/1188
f 1020/1246/1191 1022/1247/1192 1012/1248/1193
f 1021/1249/1194 1023/1250/1195 1020/1246/1191
f 1023/1250/1195 1015/1251/1196 1022/1247/1192
f 1024/1252/1197 1018/1242/1187 1023/1250/1195
f 1013/580/537 1027/1253/1198 1026/1254/1199
f 1025/1244/1200 1028/1243/1201 1027/1255/1198
f 1026/1254/1199 1024/1256/1202 1021/1257/1194
f 1027/1255/1198 1019/1245/1203 1024/1252/1202
f 1032/1258/1204 1034/1259/1205 1029/715/661
f 1033/1260/1206 1035/1261/1207 1032/1258/1204
f 1035/1261/1207 1043/1262/1208 1034/1259/1205
f 1035/1261/1207 1036/1263/1209 1046/1264/1210
f 1037/1265/1211 1039/1266/1212 1030/581/538
f 1038/1267/1213 1040/1268/1214 1037/1265/1211
f 1039/1266/1212 1036/1269/1209 1033/1260/1206
f 1040/1268/1214 1041/1270/1215 1036/1269/1209
f 1031/699/645 1045/1271/1216 1044/1272/1217
f 1042/1273/1218 1046/1274/1219 1045/1271/1216
f 1044/1272/1217 1041/1275/1220 1038/1276/1221
f 1045/1271/1222 1036/1277/1209 1041/1275/1215
f 1062/707/653 1067/1278/1223 1066/1279/1224
f 1065/1280/1225 1068/1281/1226 1067/1278/1223
f 1066/1279/1224 1079/1282/1227 1076/1283/1228
f 1067/1278/1223 1069/1284/1229 1079/1282/1227
f 1063/1285/1230 1073/1286/1231 1072/1287/1232
f 1070/1288/1233 1074/1289/1234 1073/1286/1231
f 1072/1287/1235 1068/1281/1236 1065/1280/1237
f 1073/1286/1231 1069/1284/1238 1068/1281/1236
f 1075/1290/1239 1077/1291/1240 1064/1292/1241
f 1076/1283/1228 1078/1293/1242 1075/1290/1239
f 1078/1293/1242 1071/1294/1243 1077/1291/1240
f 1079/1282/1227 1074/1289/1244 1078/1293/1242
f 1130/670/617 1134/1295/1245 1133/1296/1246
f 1139/1297/1247 1135/1298/1248 1134/1295/1245
f 1133/1296/1246 1146/1299/1249 1143/1300/1250
f 1134/1295/1245 1136/1301/1251 1146/1299/1249
f 1131/637/592 1140/1302/1252 1139/1303/1253
f 1137/1304/1254 1141/1305/1255 1140/1302/1252
f 1139/1303/1253 1140/1302/1252 1135/1298/1256
f 1140/1302/1252 1136/1301/1257 1135/1298/1256
f 1142/1306/1258 1144/1307/1259 1132/704/650
f 1143/1300/1250 1145/1308/1260 1142/1306/1258
f 1145/1308/1260 1138/1309/1261 1144/1307/1259
f 1146/1299/1262 1141/1305/1255 1145/1308/1260
f 1150/1310/1263 1152/1311/1264 1147/718/664
f 1151/1312/1265 1153/1313/1266 1150/1310/1263
f 1153/1313/1266 1162/1314/1267 1152/1311/1264
f 1153/1313/1266 1155/1315/1268 1165/1316/1269
f 1156/1317/1270 1158/1318/1271 1148/705/651
f 1156/1317/1270 1160/1319/1272 1159/1320/1273
f 1159/1320/1273 1151/1312/1265 1158/1318/1271
f 1159/1320/1273 1155/1315/1268 1154/1321/1274
f 1161/1322/1275 1163/1323/1276 1149/1324/1277
f 1162/1314/1267 1164/1325/1278 1161/1322/1275
f 1164/1325/1278 1157/1326/1279 1163/1323/1276
f 1165/1316/1269 1160/1319/1272 1164/1325/1278
f 1181/709/655 1187/1327/1280 1186/1328/1281
f 1184/1329/1282 1188/1330/1283 1187/1327/1280
f 1186/1328/1281 1187/1327/1280 1197/1331/1284
f 1187/1327/1280 1189/1332/1285 1197/1331/1284
f 1190/1333/1286 1192/1334/1287 1182/1335/1288
f 1191/1336/1289 1193/1337/1290 1190/1333/1286
f 1193/1337/1290 1185/1338/1291 1192/1334/1287
f 1194/1339/1292 1188/1340/1293 1193/1337/1290
f 1183/649/601 1196/1341/1294 1195/1342/1295
f 1186/1343/1296 1197/1344/1297 1196/1341/1294
f 1195/1342/1295 1194/1339/1292 1191/1336/1289
f 1196/1341/1294 1189/1345/1298 1194/1339/1292
s 1
f 1358/121/112 1361/1346/1299 1360/123/114
f 1361/1346/1299 1362/1347/1300 1360/123/114
f 1362/1347/1300 1363/1348/1301 1360/123/114
f 1363/1348/1301 1359/65/61 1360/123/114
f 223/25/24 1200/1349/1302 226/1350/1303
f 226/1350/1303 1201/1351/1304 225/1352/1305
f 225/1352/1306 1202/1353/1307 224/1354/1308
f 1202/1355/1307 222/183/169 224/1356/1308
f 1198/24/23 209/1357/1309 1200/1349/1302
f 1200/1349/1302 210/1358/1310 1201/1351/1304
f 1201/1351/1311 211/1359/1312 1202/1353/1307
f 211/1360/1312 1199/140/131 1202/1355/1307
f 1203/61/57 231/1361/1313 228/8/8
f 1205/1362/1314 230/1363/1315 231/1361/1313
f 1206/1364/1316 229/1365/1317 230/1366/1318
f 229/1365/1317 1204/119/110 227/21/20
f 212/194/178 1205/1362/1314 1203/61/57
f 214/1367/1319 1206/1368/1320 1205/1362/1314
f 215/1369/1321 1207/1370/1322 1206/1364/1316
f 1207/1370/1322 213/18/17 1204/119/110
f 1208/130/121 206/1371/1323 203/3/3
f 1210/1372/1324 205/1373/1325 206/1371/1323
f 1211/1374/1326 204/1375/1327 205/1373/1328
f 204/1376/1327 1209/4/4 202/16/15
f 223/25/24 1210/1372/1324 1208/130/121
f 226/1350/1303 1211/1374/1329 1210/1372/1324
f 225/1352/1306 1212/1377/1330 1211/1374/1326
f 1212/1378/1330 222/183/169 1209/4/4
f 218/159/148 1215/1379/1331 221/1380/1332
f 221/1380/1332 1216/1381/1333 220/1382/1334
f 220/1383/1335 1217/1384/1336 219/1385/1337
f 1217/1384/1336 217/10/9 219/1385/1337
f 1213/26/25 231/1361/1313 1215/1379/1331
f 1215/1379/1331 230/1363/1315 1216/1381/1333
f 1216/1386/1338 229/1365/1317 1217/1384/1336
f 229/1365/1317 1214/23/22 1217/1384/1336
f 233/160/149 1220/1387/1339 236/1388/1340
f 236/1388/1340 1221/1389/1341 235/1390/1342
f 235/1391/1343 1222/1392/1344 234/1393/1345
f 1222/1392/1344 232/29/27 234/1393/1345
f 1218/154/144 221/1380/1332 1220/1387/1339
f 1220/1387/1339 220/1382/1334 1221/1389/1341
f 1221/1394/1346 219/1385/1337 1222/1392/1344
f 219/1385/1337 1219/12/11 1222/1392/1344
f 207/15/14 1225/1395/1347 209/1357/1309
f 209/1357/1309 1226/1396/1348 210/1358/1310
f 210/1358/1349 1227/1397/1350 211/1359/1312
f 1227/1398/1350 208/35/33 211/1360/1312
f 1223/14/13 239/1399/1351 1225/1395/1347
f 1225/1395/1347 240/1400/1352 1226/1396/1348
f 1226/1396/1353 241/1401/1354 1227/1397/1350
f 241/1402/1354 1224/33/31 1227/1398/1350
f 237/44/41 1230/1403/1355 239/1399/1351
f 239/1399/1351 1231/1404/1356 240/1400/1352
f 240/1400/1357 1232/1405/1358 241/1401/1354
f 1232/1406/1358 238/32/30 241/1402/1354
f 1228/53/49 249/1407/1359 1230/1403/1355
f 1230/1403/1355 250/1408/1360 1231/1404/1356
f 1231/1404/1361 251/1409/1362 1232/1405/1358
f 251/1410/1362 1229/30/28 1232/1406/1358
f 243/195/179 1235/1411/1363 246/1412/1364
f 246/1412/1364 1236/1413/1365 245/1414/1366
f 245/1415/1367 1237/1416/1368 244/1417/1369
f 1237/1416/1368 242/39/37 244/1417/1369
f 1233/188/172 236/1388/1340 1235/1411/1363
f 1235/1411/1363 235/1390/1342 1236/1413/1365
f 1236/1418/1370 234/1393/1345 1237/1416/1368
f 234/1393/1345 1234/37/35 1237/1416/1368
f 1238/171/159 274/1419/1371 271/169/157
f 1240/1420/1372 273/1421/1373 274/1419/1371
f 1241/1422/1374 272/1423/1375 273/1421/1373
f 1242/1424/1376 270/187/46 272/1423/1375
f 253/733/679 1240/1420/1372 1238/171/159
f 263/732/678 1241/1422/1374 1240/1420/1372
f 256/736/682 1242/1424/1376 1241/1422/1374
f 255/727/673 1239/134/125 1242/1424/1376
f 247/52/48 1245/1425/1377 249/1407/1359
f 249/1407/1359 1246/1426/1378 250/1408/1360
f 250/1408/1379 1247/1427/1380 251/1409/1362
f 251/1410/1362 1244/40/38 248/42/40
f 1243/153/143 274/1419/1371 1245/1425/1377
f 1245/1425/1381 273/1421/1373 1246/1426/1378
f 1246/1426/1382 272/1423/1375 1247/1427/1380
f 272/1428/1375 1244/40/38 1247/1429/1380
f 253/733/679 1250/1430/1383 261/731/677
f 261/731/677 1251/1431/1384 262/734/680
f 262/743/689 1252/1432/1385 267/739/685
f 267/739/685 1249/46/43 254/48/45
f 1248/170/158 246/1412/1364 1250/1430/1383
f 1250/1430/1383 245/1414/1366 1251/1431/1384
f 1251/1433/1386 244/1417/1369 1252/1432/1385
f 1252/1432/1385 242/39/37 1249/46/43
f 1253/69/65 214/1367/1319 212/194/178
f 1255/1434/1387 215/1435/1388 214/1367/1319
f 1256/1436/1389 216/1437/1390 215/1369/1321
f 216/1437/1390 1254/163/151 213/18/17
f 280/129/120 1255/1434/1387 1253/69/65
f 282/1438/1391 1256/1439/1392 1255/1434/1387
f 283/1440/1393 1257/1441/1394 1256/1436/1389
f 284/1442/1395 1254/163/151 1257/1441/1394
f 1258/1/1 279/1443/1396 276/179/166
f 1260/1444/1397 278/1445/1398 279/1443/1396
f 1261/1446/1399 277/1447/1400 278/1445/1401
f 277/1448/1400 1259/54/50 275/56/52
f 203/3/3 1260/1444/1397 1258/1/1
f 206/1371/1323 1261/1446/1402 1260/1444/1397
f 205/1373/1328 1262/1449/1403 1261/1446/1399
f 1262/1450/1403 202/16/15 1259/54/50
f 305/784/728 1265/1451/1404 316/782/726
f 316/782/726 1266/1452/1405 317/772/715
f 317/772/715 1267/1453/1406 307/768/711
f 307/768/711 1264/176/111 303/178/165
f 1263/144/135 296/756/700 1265/1451/1404
f 1265/1451/1404 289/748/694 1266/1452/1405
f 1266/1452/1405 288/750/691 1267/1453/1406
f 1267/1454/1406 285/747/693 1264/120/111
f 1268/145/136 282/1438/1391 280/129/120
f 1270/1455/1407 283/1456/1408 282/1438/1391
f 1271/1457/1409 284/1442/1395 283/1440/1393
f 1272/1458/1410 281/58/54 284/1442/1395
f 305/784/728 1270/1455/1407 1268/145/136
f 318/783/727 1271/1459/1411 1270/1455/1407
f 312/1460/1412 1272/1458/1410 1271/1457/1409
f 311/777/720 1269/66/62 1272/1458/1410
f 1273/147/138 294/757/701 286/146/137
f 1275/1461/1413 295/1462/1414 294/757/701
f 1276/1463/1415 301/1464/706 295/1462/708
f 1277/1465/1416 287/64/60 301/762/706
f 276/179/166 1275/1461/1413 1273/147/138
f 279/1443/1396 1276/1463/1417 1275/1461/1413
f 278/1445/1401 1277/1466/1416 1276/1463/1415
f 277/1448/1400 1274/62/58 1277/1465/1416
f 1278/143/134 345/1467/1418 342/71/67
f 1280/1468/1419 344/1469/1420 345/1467/1418
f 1281/1470/1421 343/1471/1422 344/1469/1420
f 1282/1472/1423 341/193/177 343/1471/1422
f 326/91/85 1280/1468/1419 1278/143/134
f 328/1473/1424 1281/1470/1421 1280/1468/1419
f 329/1474/1425 1282/1472/1423 1281/1470/1421
f 330/1475/1426 1279/192/176 1282/1472/1423
f 347/85/79 1285/1476/1427 350/1477/1428
f 350/1477/1428 1286/1478/1429 349/1479/1430
f 349/1479/1430 1287/1480/1431 348/1481/1432
f 348/1481/1432 1284/124/115 346/127/118
f 1283/84/78 333/1482/1433 1285/1476/1427
f 1285/1476/1427 334/1483/1434 1286/1478/1429
f 1286/1478/1429 335/1484/1435 1287/1480/1431
f 1287/1480/1431 332/125/116 1284/124/115
f 322/81/75 1290/1485/1436 325/1486/1437
f 325/1486/1437 1291/1487/1438 324/1488/1439
f 324/1488/1439 1292/1489/1440 323/1490/1441
f 323/1490/1441 1289/141/132 321/106/98
f 1288/72/68 345/1467/1418 1290/1485/1436
f 1290/1485/1436 344/1469/1420 1291/1487/1438
f 1291/1487/1438 343/1471/1422 1292/1489/1440
f 1292/1489/1440 341/193/177 1289/141/132
f 1293/86/80 340/1491/1442 337/126/117
f 1295/1492/1443 339/1493/1444 340/1491/1442
f 1296/1494/1445 338/1495/1446 339/1493/1444
f 1297/1496/1447 336/184/170 338/1495/1446
f 347/85/79 1295/1492/1443 1293/86/80
f 350/1477/1428 1296/1494/1445 1295/1492/1443
f 349/1479/1430 1297/1496/1447 1296/1494/1445
f 348/1481/1432 1294/162/150 1297/1496/1447
f 1298/77/72 355/1497/1448 352/156/145
f 1300/1498/1449 354/1499/1450 355/1497/1448
f 1301/1500/1451 353/1501/1452 354/1499/1450
f 1302/1502/1453 351/78/73 353/1501/1452
f 337/126/117 1300/1498/1449 1298/77/72
f 340/1491/1442 1301/1500/1451 1300/1498/1449
f 339/1493/1444 1302/1502/1453 1301/1500/1451
f 338/1495/1446 1299/94/88 1302/1502/1453
f 1303/92/86 328/1473/1424 326/91/85
f 1305/1503/1454 329/1474/1425 328/1473/1424
f 1306/1504/1455 330/1475/1426 329/1474/1425
f 1307/1505/1456 327/191/175 330/1475/1426
f 356/97/90 1305/1503/1454 1303/92/86
f 358/1506/1457 1306/1504/1455 1305/1503/1454
f 359/1507/1458 1307/1505/1456 1306/1504/1455
f 360/1508/1459 1304/74/70 1307/1505/1456
f 1308/98/91 358/1506/1457 356/97/90
f 1310/1509/1460 359/1507/1458 358/1506/1457
f 1311/1510/1461 360/1508/1459 359/1507/1458
f 1312/1511/1462 357/139/130 360/1508/1459
f 366/102/94 1310/1509/1460 1308/98/91
f 368/1512/1463 1311/1510/1461 1310/1509/1460
f 369/1513/1464 1312/1511/1462 1311/1510/1461
f 370/1514/1465 1309/185/171 1312/1511/1462
f 1313/93/87 365/1515/1466 362/189/173
f 1315/1516/1467 364/1517/1468 365/1515/1466
f 1316/1518/1469 363/1519/1470 364/1517/1468
f 1317/1520/1471 361/101/93 363/1519/1470
f 352/156/145 1315/1516/1467 1313/93/87
f 355/1497/1448 1316/1518/1469 1315/1516/1467
f 354/1499/1450 1317/1520/1471 1316/1518/1469
f 353/1501/1452 1314/80/74 1317/1520/1471
f 389/190/174 1320/1521/1472 392/1522/1473
f 392/1522/1473 1321/1523/1474 391/1524/1475
f 391/1524/1475 1322/1525/1476 390/1526/1477
f 390/1527/1477 1319/173/161 388/175/163
f 1318/138/129 375/789/733 1320/1521/1472
f 1320/1521/1472 384/793/737 1321/1523/1474
f 1321/1523/1474 383/804/746 1322/1525/1476
f 1322/1528/1476 373/174/162 1319/173/161
f 1323/104/96 368/1512/1463 366/102/94
f 1325/1529/1478 369/1513/1464 368/1512/1463
f 1326/1530/1479 370/1514/1465 369/1513/1464
f 1327/1531/1480 367/182/168 370/1514/1465
f 389/1532/174 1325/1529/1478 1323/104/96
f 392/1533/1473 1326/1530/1479 1325/1529/1478
f 391/1534/1475 1327/1531/1480 1326/1530/1479
f 390/1527/1477 1324/157/146 1327/1531/1480
f 1328/99/92 379/797/741 372/105/97
f 1330/1535/1481 380/806/749 379/797/741
f 1331/1536/1482 385/802/747 380/806/749
f 1332/1537/1483 373/174/162 385/802/747
f 362/189/173 1330/1535/1481 1328/99/92
f 365/1515/1466 1331/1536/1482 1330/1535/1481
f 364/1517/1468 1332/1537/1483 1331/1536/1482
f 363/1519/1470 1329/172/160 1332/1537/1483
f 331/88/82 1335/1538/1484 333/1482/1433
f 333/1482/1433 1336/1539/1485 334/1483/1434
f 334/1483/1434 1337/1540/1486 335/1484/1435
f 335/1484/1435 1334/167/155 332/125/116
f 1333/109/100 400/1541/1487 1335/1538/1484
f 1335/1538/1484 401/1542/1488 1336/1539/1485
f 1336/1543/1485 402/1544/1489 1337/1545/1486
f 1337/1545/1486 399/1546/122 1334/1547/155
f 394/111/102 1340/1548/1490 397/1549/1491
f 397/1549/1491 1341/1550/1492 396/1551/1493
f 396/1551/1493 1342/1552/1494 395/1553/1495
f 395/1553/1495 1339/115/106 393/114/105
f 1338/82/76 325/1486/1437 1340/1548/1490
f 1340/1548/1490 324/1488/1439 1341/1550/1492
f 1341/1550/1492 323/1490/1441 1342/1552/1494
f 1342/1552/1494 321/106/98 1339/115/106
f 1343/1554/1496 411/811/753 408/808/167
f 1345/1555/1497 412/822/762 411/811/753
f 1346/1556/1498 419/816/758 412/822/762
f 1347/1557/1499 409/817/759 419/816/758
f 403/118/109 1345/1555/1497 1343/1554/1496
f 405/1558/1500 1346/1556/1498 1345/1555/1497
f 406/1559/1501 1347/1557/1499 1346/1556/1498
f 407/1560/1502 1344/151/142 1347/1557/1499
f 398/110/101 1350/1561/1503 400/1541/1487
f 400/1541/1487 1351/1562/1504 401/1542/1488
f 401/1563/1488 1352/1564/1505 402/1544/1489
f 402/1544/1489 1349/1565/141 399/1546/122
f 1348/116/107 422/825/766 1350/1561/1503
f 1350/1561/1503 418/827/760 1351/1562/1504
f 1351/1566/1504 417/820/757 1352/1564/1505
f 1352/1564/1505 409/1567/759 1349/1565/141
f 403/118/109 1355/1568/1506 405/1558/1500
f 405/1558/1500 1356/1569/1507 406/1559/1501
f 406/1559/1501 1357/1570/1508 407/1560/1502
f 407/1560/1502 1354/149/140 404/148/139
f 1353/112/103 397/1549/1491 1355/1568/1506
f 1355/1568/1506 396/1551/1493 1356/1569/1507
f 1356/1569/1507 395/1553/1495 1357/1570/1508
f 1357/1570/1508 393/114/105 1354/149/140
f 1359/65/61 299/761/705 287/64/60
f 1363/1348/1301 300/752/696 299/761/705
f 1362/1347/1300 290/746/692 300/752/696
f 1361/1346/1299 285/747/693 290/746/692
f 410/117/108 1366/1571/1509 413/1572/767
f 413/1573/752 1365/177/164 408/181/167
f 1364/67/63 313/776/1510 1366/1571/1509
s 29
f 1366/1571/1511 313/776/1511 306/780/1512
s 1
f 1366/1574/1513 303/178/165 1365/177/164
f 1367/47/44 266/740/1514 254/48/45
s 30
f 266/740/1515 1369/1575/1515 257/1576/1515
s 1
f 1369/1577/1516 252/724/670 257/726/672
f 372/105/97 1369/1578/1517 1367/47/44
f 374/1579/734 1368/135/126 1369/1577/1516
s 2
f 543/261/244 1372/1580/1518 553/980/904
f 553/980/904 1373/1581/1519 554/970/892
f 1373/1581/1519 545/968/889 554/970/892
f 1374/1582/1520 541/244/227 545/968/889
f 1370/260/243 563/987/911 1372/1580/1518
f 1372/1580/1518 573/990/914 1373/1581/1519
f 573/990/914 1374/1582/1520 1373/1581/1519
f 572/1000/924 1371/262/245 1374/1582/1520
f 1375/254/237 567/993/917 559/255/238
f 1377/1583/1521 568/995/919 567/993/917
f 568/995/919 1379/1584/1522 574/999/923
f 574/999/923 1376/241/225 560/303/285
f 577/232/216 1377/1583/1521 1375/254/237
f 582/1003/927 1378/1585/1523 1377/1583/1521
f 590/1006/930 1379/1584/1522 1378/1585/1523
f 1379/1584/1522 579/269/252 1376/241/225
f 1380/289/272 585/1586/935 578/302/284
f 1381/1587/1524 591/1588/1525 585/1012/935
f 591/1016/943 1382/243/226 579/269/252
f 1380/289/272 550/974/896 1381/1589/1524
f 1381/1587/1524 544/969/900 1382/1590/1526
f 1382/1590/1527 544/969/890 541/966/891
f 529/301/283 1385/1591/1528 536/961/883
f 536/961/883 1386/1592/1529 537/953/878
f 1386/1592/1529 532/948/874 537/953/878
f 1387/1593/1530 199/281/264 532/948/874
f 1383/297/279 569/994/918 1385/1591/1528
f 1385/1591/1528 562/988/912 1386/1592/1529
f 562/988/912 1387/1593/1530 1386/1592/1529
f 561/986/910 1384/275/258 1387/1593/1530
f 1388/290/273 548/975/897 542/291/274
f 1390/1594/1531 549/1595/1532 548/975/897
f 549/1595/1532 1391/1596/1533 555/1597/1534
f 1391/1598/1533 543/261/244 555/981/905
f 1388/290/273 201/955/880 1390/1594/1531
f 1390/1594/1531 531/950/876 1391/1599/1533
f 1391/1599/1533 531/950/876 530/949/875
f 530/1600/875 1389/229/213 1391/1598/1533
f 1392/252/235 533/1601/881 528/250/233
f 1394/1602/1535 534/964/1536 533/956/881
f 534/964/886 1395/1603/1537 538/962/884
f 1395/1603/1537 529/301/283 538/962/884
f 1392/252/235 586/1604/934 1394/1605/1535
f 1394/1602/1535 581/1004/938 1395/1606/1538
f 1395/1606/1537 581/1004/928 580/1002/926
f 1395/1603/1537 577/232/216 1393/231/215
f 448/852/790 1398/1607/1539 451/1608/791
f 451/1608/791 1399/1609/1540 453/1610/803
f 1400/1611/1541 456/856/1542 455/1612/1543
f 456/856/1542 1397/247/230 449/316/298
f 425/164/152 1398/1607/1539 1396/210/194
f 430/829/771 1399/1609/1540 1398/1607/1539
f 438/832/774 1400/1611/1541 1399/1609/1540
f 437/841/782 1397/247/230 1400/1611/1541
f 1401/259/242 467/1613/1544 461/217/201
f 1403/1614/1545 1404/1615/1546 1864/867/1547
f 1404/1615/1546 463/864/1548 1864/867/1547
f 1405/1616/1549 459/318/300 463/864/805
f 1401/259/242 437/842/782 1403/1614/1545
f 1403/1614/1545 434/838/780 1404/1615/1546
f 1404/1615/1546 433/835/777 1405/1616/1549
f 1405/1616/1549 426/837/779 1402/237/221
f 1406/317/299 454/855/1550 449/316/298
f 1408/1617/1551 455/862/1552 454/855/1550
f 1409/1618/1553 458/858/797 455/862/1552
f 1410/1619/1554 450/236/220 458/858/797
f 1406/317/299 467/1620/1544 1408/1617/1551
f 1408/1617/1551 465/871/1555 1409/1618/1553
f 1409/1618/1553 463/870/1556 1410/1619/1554
f 1410/1619/1554 460/248/231 1407/234/218
f 480/892/830 1413/1621/1557 483/890/828
f 483/890/828 1414/1622/1558 484/902/831
f 484/902/831 1415/1623/1559 489/901/837
f 489/901/837 1412/279/262 481/322/304
f 440/220/204 1413/1621/1557 1411/299/281
f 444/844/1560 1414/1622/1558 1413/1621/1557
f 445/847/1561 1415/1623/1559 1414/1622/1558
f 446/1624/1562 1412/279/262 1415/1623/1559
f 495/909/1563 1418/1625/1564 498/907/1565
f 498/907/1565 1419/1626/1566 1865/1627/1567
f 1865/1627/1567 1420/1628/1568 501/1629/1569
f 501/1629/1569 1417/338/320 496/207/191
f 482/263/246 1418/1625/1564 1416/272/255
f 493/904/839 1419/1626/1566 1418/1625/1564
f 488/898/835 1420/1628/1568 1419/1626/1566
f 489/900/837 1417/338/320 1420/1628/1568
f 1421/209/193 501/1630/1569 496/207/191
f 1423/1631/1570 502/917/1571 501/1630/1569
f 1424/1632/1572 504/913/848 502/917/1571
f 1425/1633/1573 497/271/254 504/913/848
f 1421/209/193 446/1634/1562 1423/1631/1570
f 1423/1631/1570 447/850/1574 1424/1632/1572
f 1424/1632/1572 444/851/1575 1425/1633/1573
f 1425/1633/1573 441/265/248 1422/267/250
f 1426/257/240 476/888/1576 470/196/180
f 1428/1635/1577 1429/1636/1578 477/1637/819
f 1429/1636/1578 472/876/816 477/1637/819
f 1430/1638/1579 468/344/326 472/876/816
f 1426/257/240 513/930/1580 1428/1635/1577
f 1428/1635/1577 509/931/854 1429/1636/1578
f 1429/1636/1578 508/920/852 1430/1638/1579
f 1430/1638/1579 505/294/277 1427/296/278
f 1431/328/310 513/927/1580 506/280/263
f 1433/1639/1581 514/935/860 513/927/1580
f 1434/1640/1582 518/933/863 514/935/860
f 1435/1641/1583 507/284/267 518/933/863
f 1431/328/310 524/1642/1584 1433/1639/1581
f 1433/1639/1581 1866/1643/1585 1434/1640/1582
f 1434/1640/1582 523/938/1586 1435/1641/1583
f 1435/1641/1583 520/199/183 1432/201/185
f 1436/342/324 524/1644/1584 521/329/311
f 1438/1645/1587 525/946/1588 524/1644/1584
f 1439/1646/1589 527/942/1590 525/946/1588
f 1440/1647/1591 522/292/275 527/942/1590
f 1436/342/324 478/889/1592 1438/1645/1587
f 1438/1645/1587 479/886/1593 1439/1646/1589
f 1439/1646/1589 474/885/821 1440/1647/1591
f 1440/1647/1591 469/882/820 1437/286/269
f 596/1031/317 1443/1648/1594 607/1029/961
f 607/1029/961 1444/1649/1595 608/1023/952
f 608/1023/952 1445/1650/1596 598/1019/948
f 598/1019/948 1442/283/266 594/282/265
f 1441/1651/316 622/1040/971 1443/1648/1594
f 1443/1648/1594 616/1036/967 1444/1649/1595
f 1444/1649/1595 615/1034/965 1445/1650/1596
f 1445/1650/1596 612/321/303 1442/283/266
f 1446/308/290 631/1050/980 628/320/302
f 1448/1652/1597 632/1059/988 631/1050/980
f 1449/1653/1598 639/1055/985 632/1059/988
f 1450/1654/1599 629/1056/209 639/1055/985
f 614/1046/976 1448/1652/1597 1446/308/290
f 626/1045/975 1449/1653/1598 1448/1652/1597
f 621/1042/972 1450/1654/1599 1449/1653/1598
f 620/1039/970 1447/1655/207 1450/1654/1599
f 1451/311/293 602/1027/956 595/309/291
f 1453/1656/1600 603/1033/964 602/1027/956
f 1454/1657/1601 609/1030/962 603/1033/964
f 1455/1658/1602 596/1031/317 609/1030/962
f 1451/311/293 643/1063/992 1453/1656/1600
f 1453/1656/1600 638/1057/986 1454/1657/1601
f 1454/1657/1601 637/1054/984 1455/1658/1602
f 1455/1658/1602 629/1056/209 1452/1659/208
f 1456/1660/307 659/1077/1007 648/1079/305
f 1458/1661/1603 660/1069/999 659/1077/1007
f 1459/1662/1604 651/1066/996 660/1069/999
f 1460/1663/1605 646/226/210 651/1066/996
f 665/1090/309 1458/1661/1603 1456/1660/307
f 675/1089/1017 1459/1662/1604 1458/1661/1603
f 668/1093/1020 1460/1663/1605 1459/1662/1604
f 667/1084/1012 1457/227/211 1460/1663/1605
f 684/1112/322 1463/1664/1606 695/1110/1043
f 695/1110/1043 1464/1665/1607 696/1104/1036
f 696/1104/1036 1465/1666/1608 686/1100/1032
f 686/1100/1032 1462/214/198 682/213/197
f 1461/1667/321 661/1078/1008 1463/1664/1606
f 1463/1664/1606 655/1074/1004 1464/1665/1607
f 1464/1665/1607 654/1072/1002 1465/1666/1608
f 1465/1666/1608 647/314/296 1462/214/198
f 1466/313/295 690/1108/1040 683/315/297
f 1468/1668/1609 691/1114/1046 690/1108/1040
f 1469/1669/1610 697/1111/1044 691/1114/1046
f 1470/1670/1611 684/1112/322 697/1111/1044
f 1466/313/295 679/1097/1025 1468/1668/1609
f 1468/1668/1609 674/1091/1018 1469/1669/1610
f 1469/1669/1610 673/1088/1016 1470/1670/1611
f 1470/1670/1611 665/1090/309 1467/1671/308
f 1471/333/315 703/1117/1049 700/345/327
f 1473/1672/1612 704/1127/1060 703/1117/1049
f 1474/1673/1613 711/1123/1057 704/1127/1060
f 1475/1674/1614 701/1124/200 711/1123/1057
f 717/1134/1071 1473/1672/1612 1471/333/315
f 722/1133/1070 1474/1673/1613 1473/1672/1612
f 731/1137/1074 1475/1674/1614 1474/1673/1613
f 730/1146/1082 1472/1675/190 1475/1674/1614
f 718/304/286 1478/1676/1615 725/1140/1077
f 725/1140/1077 1479/1677/1616 726/1142/1079
f 726/1142/1079 1480/1678/1617 732/1147/1083
f 732/1147/1083 1477/1679/312 719/1148/188
f 1476/203/187 740/1151/1086 1478/1676/1615
f 1478/1676/1615 747/1155/1090 1479/1677/1616
f 1479/1677/1616 746/1162/1099 1480/1678/1617
f 1480/1678/1617 737/1164/313 1477/1679/312
f 1481/305/287 743/1160/1096 736/306/288
f 1483/1680/1618 744/1166/1103 743/1160/1096
f 1484/1681/1619 748/1163/1100 744/1166/1103
f 1485/1682/1620 737/1164/313 748/1163/1100
f 1481/305/287 715/1129/1062 1483/1680/1618
f 1483/1680/1618 710/1125/1058 1484/1681/1619
f 1484/1681/1619 709/1122/1056 1485/1682/1620
f 1485/1682/1620 701/1124/200 1482/1683/199
f 1486/166/154 428/828/770 425/164/152
f 1488/1684/1621 429/830/1622 428/828/770
f 1489/1685/1623 435/836/778 429/830/1622
f 1490/1686/1624 426/837/779 435/836/778
f 612/321/303 1488/1684/1621 1486/166/154
f 617/1035/966 1489/1685/1623 1488/1684/1621
f 625/1038/969 1490/1686/1624 1489/1685/1623
f 624/1044/974 1487/238/222 1490/1686/1624
f 630/1061/990 1493/1687/1625 642/1064/1626
f 642/1064/993 1494/1688/1627 633/1689/1628
f 633/1049/979 1492/319/301 628/320/302
f 1491/310/292 466/869/810 1493/1687/1625
f 1493/1687/1629 462/874/1630 1494/1688/1627
f 1494/1690/1631 459/318/300 1492/319/301
f 1495/222/206 443/843/1632 440/220/204
s 25
f 443/1691/1633 1497/1692/1634 1498/1693/1635
s 2
f 443/849/1636 1496/312/294 441/265/248
f 664/341/323 1497/1694/1637 1495/222/206
s 25
f 669/1695/1638 1498/1693/1635 1497/1692/1634
s 2
f 1498/1693/1639 666/1095/1023 1496/312/294
f 1499/273/256 685/1101/1640 682/213/197
f 1501/1696/1641 692/1697/1642 685/1101/1033
f 1502/1698/1643 683/315/297 692/1107/1039
f 495/909/1563 1501/1696/1644 1499/273/256
f 1501/1696/1641 499/914/1645 1502/1699/1646
f 1502/1699/1646 499/914/1645 503/912/1647
f 503/912/847 1500/270/253 1502/1698/1643
f 507/284/267 1505/1700/1648 516/932/862
f 516/932/862 1506/1701/1649 517/924/1650
f 517/924/1650 1507/1702/1651 510/921/853
f 510/921/853 1504/332/314 505/294/277
f 1503/285/268 727/1141/1078 1505/1700/1648
f 1505/1700/1648 721/1135/1072 1506/1701/1649
f 1506/1701/1649 720/1132/1069 1507/1702/1651
f 1507/1702/1651 717/1134/1071 1504/332/314
f 1508/287/270 713/1130/1063 702/307/289
f 713/1130/1063 1510/1703/1652 714/1120/1064
s 31
f 714/1120/1653 1511/1704/1654 705/1116/1655
s 2
f 705/1116/1048 1509/343/325 700/345/327
f 469/882/820 1510/1705/1652 1508/287/270
s 31
f 1510/1705/1656 475/884/1657 471/877/1658
f 1510/1703/1656 471/875/1658 1511/1704/1654
s 2
f 1511/1704/1659 468/344/326 1509/343/325
f 1512/211/195 597/1706/949 594/282/265
f 597/1020/960 1515/1707/1660 604/1026/958
f 604/1026/955 1513/235/219 595/309/291
f 448/852/790 1514/1708/1661 1512/211/195
f 452/1709/1662 1515/1707/1660 1514/1710/1663
f 1515/1707/1664 450/236/220 1513/235/219
f 1516/264/247 491/903/838 482/263/246
f 1518/1711/1665 492/896/1666 491/903/838
f 1519/1712/1667 485/891/829 492/896/1666
f 1520/1713/1668 480/892/830 485/891/829
f 647/314/296 1518/1711/1665 1516/264/247
f 1518/1711/1665 650/1067/997 1519/1712/1667
f 650/1067/997 1520/1713/1668 1519/1712/1667
f 1520/1713/1668 646/226/210 1517/300/282
f 1521/293/276 526/941/1669 522/292/275
f 1523/1714/1670 520/199/183 526/937/1671
f 1521/293/276 745/1159/1095 1523/1715/1672
f 1523/1715/1672 745/1159/1095 739/1153/1673
f 1523/1716/1670 739/1153/1674 738/1152/1087
f 738/1152/1087 1522/1717/1675 1523/1714/1670
s 3
f 772/370/349 1526/1718/1676 775/1719/1677
f 775/1719/1677 1527/1720/1678 774/1721/1679
f 774/1722/1680 1528/1723/1681 773/1724/1682
f 1528/1723/1681 771/525/487 773/1724/1682
f 1524/369/348 758/1725/1683 1526/1718/1676
f 1526/1726/1676 759/1727/1684 1527/1728/1678
f 1527/1728/1685 760/1729/1686 1528/1723/1681
f 760/1729/1686 1525/484/450 1528/1723/1681
f 1529/406/383 780/1730/1687 777/353/334
f 1531/1731/1688 779/1732/1689 780/1730/1687
f 1532/1733/1690 778/1734/1691 779/1735/1692
f 778/1734/1691 1530/464/433 776/366/345
f 761/534/496 1531/1731/1688 1529/406/383
f 763/1736/1693 1532/1737/1694 1531/1731/1688
f 764/1738/1695 1533/1739/1696 1532/1733/1690
f 1533/1739/1696 762/363/342 1530/464/433
f 1534/474/442 755/1740/1697 752/348/330
f 1536/1741/1698 754/1742/1699 755/1740/1697
f 1537/1743/1700 753/1744/1701 754/1745/1702
f 753/1744/1701 1535/349/331 751/361/340
f 772/370/349 1536/1741/1698 1534/474/442
f 775/1719/1677 1537/1746/1703 1536/1741/1698
f 774/1722/1680 1538/1747/1704 1537/1743/1700
f 1538/1747/1704 771/525/487 1535/349/331
f 767/503/466 1541/1748/1705 770/1749/1706
f 770/1749/1706 1542/1750/1707 769/1751/1708
f 769/1751/1709 1543/1752/1710 768/1753/1711
f 1543/1754/1710 766/355/335 768/1755/1711
f 1539/371/350 780/1730/1687 1541/1748/1705
f 1541/1748/1705 779/1732/1689 1542/1750/1707
f 1542/1756/1712 778/1734/1691 1543/1754/1710
f 778/1734/1691 1540/368/347 1543/1754/1710
f 782/504/467 1546/1757/1713 785/1758/1714
f 785/1758/1714 1547/1759/1715 784/1760/1716
f 784/1760/1717 1548/1761/1718 783/1762/1719
f 1548/1763/1718 781/374/352 783/1764/1719
f 1544/498/462 770/1749/1706 1546/1757/1713
f 1546/1757/1713 769/1751/1708 1547/1759/1715
f 1547/1759/1720 768/1753/1711 1548/1761/1718
f 768/1755/1711 1545/357/337 1548/1763/1718
f 756/360/339 1551/1765/1721 758/1725/1683
f 758/1766/1683 1552/1767/1722 759/1727/1684
f 759/1727/1723 1553/1768/1724 760/1729/1686
f 1553/1768/1724 757/380/358 760/1729/1686
f 1549/359/338 788/1769/1725 1551/1765/1721
f 1551/1770/1721 789/1771/1726 1552/1767/1722
f 1552/1767/1727 790/1772/1728 1553/1768/1724
f 790/1772/1728 1550/378/356 1553/1768/1724
f 786/389/366 1556/1773/1729 788/1769/1725
f 788/1774/1725 1557/1775/1730 789/1771/1726
f 789/1771/1731 1558/1776/1732 790/1772/1728
f 1558/1776/1732 787/377/355 790/1772/1728
f 1554/398/375 798/1777/1733 1556/1773/1729
f 1556/1778/1729 799/1779/1734 1557/1775/1730
f 1557/1775/1735 800/1780/1736 1558/1776/1732
f 800/1780/1736 1555/375/353 1558/1776/1732
f 792/535/497 1561/1781/1737 795/1782/1738
f 795/1782/1738 1562/1783/1739 794/1784/1740
f 794/1784/1741 1563/1785/1742 793/1786/1743
f 1563/1787/1742 791/384/362 793/1788/1743
f 1559/528/490 785/1758/1714 1561/1781/1737
f 1561/1781/1737 784/1760/1716 1562/1783/1739
f 1562/1783/1744 783/1762/1719 1563/1785/1742
f 783/1764/1719 1560/382/360 1563/1787/1742
f 1564/515/477 823/1789/1745 820/513/475
f 1566/1790/1746 822/1791/1747 823/1789/1745
f 1567/1792/1748 821/1793/1749 822/1791/1747
f 1568/1794/1750 819/394/371 821/1795/1749
f 802/1176/1113 1566/1790/1746 1564/515/477
f 812/1175/1112 1567/1792/1748 1566/1790/1746
f 805/1179/1116 1568/1796/1750 1567/1792/1748
f 804/1170/1107 1565/1797/444 1568/1796/1750
f 796/397/374 1571/1798/1751 798/1777/1733
f 798/1799/1733 1572/1800/1752 799/1779/1734
f 799/1779/1753 1573/1801/1754 800/1780/1736
f 800/1780/1736 1570/385/363 797/387/365
f 1569/497/461 823/1789/1745 1571/1798/1751
f 1571/1802/1755 822/1803/1747 1572/1800/1752
f 1572/1800/1756 821/1795/1749 1573/1801/1754
f 821/1795/1749 1570/385/363 1573/1801/1754
f 802/1176/1113 1576/1804/1757 810/1174/1111
f 810/1174/1111 1577/1805/1758 811/1177/1114
f 811/1177/1123 1578/1806/1759 816/1185/1119
f 816/1182/1119 1575/391/368 803/393/370
f 1574/514/476 795/1782/1738 1576/1804/1757
f 1576/1804/1757 794/1784/1740 1577/1805/1758
f 1577/1805/1760 793/1786/1743 1578/1806/1759
f 1578/1807/1759 791/384/362 1575/391/368
f 1579/414/390 763/1736/1693 761/534/496
f 1581/1808/1761 764/1809/1762 763/1736/1693
f 1582/1810/1763 765/1811/1764 764/1738/1695
f 765/1811/1764 1580/507/469 762/363/342
f 829/473/441 1581/1808/1761 1579/414/390
f 831/1812/1765 1582/1813/1766 1581/1808/1761
f 832/1814/1767 1583/1815/1768 1582/1810/1763
f 1583/1815/1768 830/403/380 1580/507/469
f 1584/346/328 828/1816/1769 825/522/484
f 1586/1817/1770 827/1818/1771 828/1816/1769
f 1587/1819/1772 826/1820/1773 827/1821/1774
f 826/1820/1773 1585/399/376 824/401/378
f 752/348/330 1586/1817/1770 1584/346/328
f 755/1740/1697 1587/1822/1775 1586/1817/1770
f 754/1745/1702 1588/1823/1776 1587/1819/1772
f 1588/1823/1776 751/361/340 1585/399/376
f 841/1204/1141 1591/1824/1777 852/1202/1139
f 852/1202/1139 1592/1825/1778 853/1193/1130
f 853/1193/1130 1593/1826/1779 843/1189/1126
f 843/1827/1126 1590/465/434 839/521/483
f 1589/488/453 836/1828/1780 1591/1824/1777
f 1591/1824/1777 837/1829/1781 1592/1825/1778
f 1592/1825/1778 838/1830/1782 1593/1826/1779
f 1593/1831/1779 835/409/386 1590/465/434
f 1594/489/454 831/1812/1765 829/473/441
f 1596/1832/1783 832/1833/1784 831/1812/1765
f 1597/1834/1785 833/1835/1786 832/1814/1767
f 1598/1836/1787 830/403/380 833/1835/1786
f 841/1204/1141 1596/1832/1783 1594/489/454
f 854/1203/1140 1597/1837/1788 1596/1832/1783
f 848/1838/1789 1598/1836/1787 1597/1834/1785
f 847/1839/1135 1595/411/388 1598/1836/1787
f 1599/491/456 836/1828/1780 834/490/455
f 1601/1840/1790 837/1829/1781 836/1828/1780
f 1602/1841/1791 838/1842/1782 837/1843/1781
f 838/1842/1782 1600/407/384 835/409/386
f 825/522/484 1601/1840/1790 1599/491/456
f 828/1816/1769 1602/1844/1792 1601/1840/1790
f 827/1821/1774 1603/1845/1793 1602/1841/1791
f 826/1820/1773 1600/407/384 1603/1845/1793
f 1604/487/452 881/1846/1794 878/416/391
f 1606/1847/1795 880/1848/1796 881/1846/1794
f 1607/1849/1797 879/1850/1798 880/1848/1796
f 1608/1851/1799 877/533/495 879/1850/1798
f 862/436/410 1606/1847/1795 1604/487/452
f 864/1852/1800 1607/1849/1797 1606/1847/1795
f 865/1853/1801 1608/1851/1799 1607/1849/1797
f 866/1854/1802 1605/532/494 1608/1851/1799
f 883/430/404 1611/1855/1803 886/1856/1804
f 886/1856/1804 1612/1857/1805 885/1858/1806
f 885/1858/1806 1613/1859/1807 884/1860/1808
f 884/1860/1808 1610/468/437 882/471/440
f 1609/429/403 869/1861/1809 1611/1855/1803
f 1611/1855/1803 870/1862/1810 1612/1857/1805
f 1612/1857/1805 871/1863/1811 1613/1859/1807
f 1613/1859/1807 868/469/438 1610/468/437
f 858/426/400 1616/1864/1812 861/1865/1813
f 861/1865/1813 1617/1866/1814 860/1867/1815
f 860/1867/1815 1618/1868/1816 859/1869/1817
f 859/1869/1817 1615/485/451 857/451/423
f 1614/417/392 881/1846/1794 1616/1864/1812
f 1616/1864/1812 880/1848/1796 1617/1866/1814
f 1617/1866/1814 879/1850/1798 1618/1868/1816
f 1618/1868/1816 877/533/495 1615/485/451
f 1619/431/405 876/1870/1818 873/470/439
f 1621/1871/1819 875/1872/1820 876/1870/1818
f 1622/1873/1821 874/1874/1822 875/1872/1820
f 1623/1875/1823 872/526/488 874/1874/1822
f 883/430/404 1621/1871/1819 1619/431/405
f 886/1856/1804 1622/1873/1821 1621/1871/1819
f 885/1858/1806 1623/1875/1823 1622/1873/1821
f 884/1860/1808 1620/506/468 1623/1875/1823
f 1624/422/397 891/1876/1824 888/500/463
f 1626/1877/1825 890/1878/1826 891/1876/1824
f 1627/1879/1827 889/1880/1828 890/1878/1826
f 1628/1881/1829 887/423/398 889/1880/1828
f 873/470/439 1626/1877/1825 1624/422/397
f 876/1870/1818 1627/1879/1827 1626/1877/1825
f 875/1872/1820 1628/1881/1829 1627/1879/1827
f 874/1874/1822 1625/439/413 1628/1881/1829
f 1629/437/411 864/1852/1800 862/436/410
f 1631/1882/1830 865/1853/1801 864/1852/1800
f 1632/1883/1831 866/1854/1802 865/1853/1801
f 1633/1884/1832 863/531/493 866/1854/1802
f 892/442/415 1631/1882/1830 1629/437/411
f 894/1885/1833 1632/1883/1831 1631/1882/1830
f 895/1886/1834 1633/1884/1832 1632/1883/1831
f 896/1887/1835 1630/419/394 1633/1884/1832
f 1634/443/416 894/1885/1833 892/442/415
f 1636/1888/1836 895/1886/1834 894/1885/1833
f 1637/1889/1837 896/1887/1835 895/1886/1834
f 1638/1890/1838 893/483/449 896/1887/1835
f 902/447/419 1636/1888/1836 1634/443/416
f 904/1891/1839 1637/1889/1837 1636/1888/1836
f 905/1892/1840 1638/1890/1838 1637/1889/1837
f 906/1893/1841 1635/527/489 1638/1890/1838
f 1639/438/412 901/1894/1842 898/529/491
f 1641/1895/1843 900/1896/1844 901/1894/1842
f 1642/1897/1845 899/1898/1846 900/1896/1844
f 1643/1899/1847 897/446/418 899/1898/1846
f 888/500/463 1641/1895/1843 1639/438/412
f 891/1876/1824 1642/1897/1845 1641/1895/1843
f 890/1878/1826 1643/1899/1847 1642/1897/1845
f 889/1880/1828 1640/425/399 1643/1899/1847
f 925/530/492 1646/1900/1848 928/1901/1849
f 928/1901/1849 1647/1902/1850 927/1903/1851
f 927/1903/1851 1648/1904/1852 926/1905/1853
f 926/1905/1853 1645/517/479 924/519/481
f 1644/482/448 911/1208/1146 1646/1900/1848
f 1646/1900/1848 920/1212/1150 1647/1902/1850
f 1647/1902/1850 919/1218/1158 1648/1904/1852
f 1648/1904/1852 909/518/480 1645/517/479
f 1649/449/421 904/1891/1839 902/447/419
f 1651/1906/1854 905/1892/1840 904/1891/1839
f 1652/1907/1855 906/1893/1841 905/1892/1840
f 1653/1908/1856 903/524/486 906/1893/1841
f 925/530/492 1651/1906/1854 1649/449/421
f 928/1901/1849 1652/1907/1855 1651/1906/1854
f 927/1903/1851 1653/1908/1856 1652/1907/1855
f 926/1905/1853 1650/501/464 1653/1908/1856
f 1654/444/417 915/1216/1154 908/450/422
f 1656/1909/1857 916/1221/1161 915/1216/1154
f 1657/1910/1858 921/1219/1159 916/1221/1161
f 1658/1911/1859 909/518/480 921/1219/1159
f 898/529/491 1656/1909/1857 1654/444/417
f 901/1894/1842 1657/1910/1858 1656/1909/1857
f 900/1896/1844 1658/1911/1859 1657/1910/1858
f 899/1898/1846 1655/516/478 1658/1911/1859
f 867/433/407 1661/1912/1860 869/1861/1809
f 869/1861/1809 1662/1913/1861 870/1862/1810
f 870/1862/1810 1663/1914/1862 871/1863/1811
f 871/1863/1811 1660/511/473 868/469/438
f 1659/454/424 936/1915/1863 1661/1912/1860
f 1661/1912/1860 937/1916/1864 1662/1913/1861
f 1662/1913/1861 938/1917/1865 1663/1914/1862
f 1663/1914/1862 935/475/443 1660/511/473
f 930/456/426 1666/1918/1866 933/1919/1867
f 933/1919/1867 1667/1920/1868 932/1921/1869
f 932/1921/1869 1668/1922/1870 931/1923/1871
f 931/1923/1871 1665/460/429 929/459/428
f 1664/427/401 861/1865/1813 1666/1918/1866
f 1666/1918/1866 860/1867/1815 1667/1920/1868
f 1667/1920/1868 859/1869/1817 1668/1922/1870
f 1668/1922/1870 857/451/423 1665/460/429
f 1669/467/436 947/1224/1165 944/523/485
f 1671/1924/1872 948/1233/1175 947/1224/1165
f 1672/1925/1873 954/1229/1171 948/1233/1175
f 1673/1926/1874 945/1230/1172 954/1229/1171
f 939/463/432 1671/1924/1872 1669/467/436
f 941/1927/1875 1672/1925/1873 1671/1924/1872
f 942/1928/1876 1673/1926/1874 1672/1925/1873
f 943/1929/1877 1670/495/460 1673/1926/1874
f 934/455/425 1676/1930/1878 936/1915/1863
f 936/1915/1863 1677/1931/1879 937/1916/1864
f 937/1916/1864 1678/1932/1880 938/1917/1865
f 938/1917/1865 1675/494/459 935/475/443
f 1674/461/430 958/1236/1179 1676/1930/1878
f 1676/1930/1878 953/1231/1173 1677/1931/1879
f 1677/1931/1879 952/1228/1170 1678/1932/1880
f 1678/1932/1880 945/1230/1172 1675/494/459
f 939/463/432 1681/1933/1881 941/1927/1875
f 941/1927/1875 1682/1934/1882 942/1928/1876
f 942/1928/1876 1683/1935/1883 943/1929/1877
f 943/1929/1877 1680/493/458 940/492/457
f 1679/457/427 933/1919/1867 1681/1933/1881
f 1681/1933/1881 932/1921/1869 1682/1934/1882
f 1682/1934/1882 931/1923/1871 1683/1935/1883
f 1683/1935/1883 929/459/428 1680/493/458
f 946/462/431 1686/1936/1884 957/1937/1180
f 957/1223/1885 1685/520/482 944/523/485
f 1684/412/389 849/1197/1886 1686/1936/1884
s 32
f 1686/1938/1887 849/1939/1888 842/1940/1887
s 3
f 1686/1941/1889 839/521/483 1685/520/482
f 1687/392/369 815/1183/1890 803/393/370
s 33
f 815/1183/1891 1689/1942/1891 806/1943/1891
s 3
f 1689/1944/1892 801/1167/1104 806/1169/1106
f 908/450/422 1689/1945/1893 1687/392/369
f 910/1946/1147 1688/1947/445 1689/1944/1892
s 4
f 982/557/516 1692/1948/1894 985/1949/1895
f 985/1949/1895 1693/1950/1896 984/1951/1897
f 984/1951/1898 1694/1952/1899 983/1953/1900
f 1694/1954/1899 981/711/657 983/1955/1900
f 1690/556/515 968/1956/1901 1692/1948/1894
f 1692/1948/1894 969/1957/1902 1693/1950/1896
f 1693/1950/1903 970/1958/1904 1694/1952/1899
f 970/1959/1904 1691/673/620 1694/1954/1899
f 1695/593/550 990/1960/1905 987/540/501
f 1697/1961/1906 989/1962/1907 990/1960/1905
f 1698/1963/1908 988/1964/1909 989/1962/1910
f 988/1965/1909 1696/651/603 986/553/512
f 971/722/668 1697/1961/1906 1695/593/550
f 973/1966/1911 1698/1963/1912 1697/1961/1906
f 974/1967/1913 1699/1968/1914 1698/1963/1908
f 1699/1969/1914 972/550/509 1696/651/603
f 1700/663/612 965/1970/1915 962/510/472
f 1702/1971/1916 964/1972/1917 965/1970/1915
f 1703/1973/1918 963/1974/1919 964/1972/1920
f 963/1975/1919 1701/536/498 961/548/507
f 982/557/516 1702/1971/1916 1700/663/612
f 985/1949/1895 1703/1973/1921 1702/1971/1916
f 984/1951/1898 1704/1976/1922 1703/1973/1918
f 1704/1977/1922 981/711/657 1701/536/498
f 977/692/638 1707/1978/1923 980/1979/1924
f 980/1979/1924 1708/1980/1925 979/1981/1926
f 979/1981/1927 1709/1982/1928 978/1983/1929
f 1709/1984/1928 976/542/502 978/1985/1929
f 1705/558/517 990/1960/1905 1707/1978/1923
f 1707/1978/1923 989/1962/1907 1708/1980/1925
f 1708/1980/1930 988/1964/1909 1709/1982/1928
f 988/1965/1909 1706/555/514 1709/1984/1928
f 992/693/639 1712/1986/1931 995/1987/1932
f 995/1987/1932 1713/1988/1933 994/1989/1934
f 994/1990/1935 1714/1991/1936 993/1992/1937
f 1714/1991/1936 991/561/519 993/1992/1937
f 1710/687/633 980/1979/1924 1712/1986/1931
f 1712/1986/1931 979/1981/1926 1713/1988/1933
f 1713/1993/1938 978/1985/1929 1714/1991/1936
f 978/1985/1929 1711/544/504 1714/1991/1936
f 966/547/506 1717/1994/1939 968/1956/1901
f 968/1956/1901 1718/1995/1940 969/1957/1902
f 969/1957/1941 1719/1996/1942 970/1958/1904
f 1719/1997/1942 967/567/525 970/1959/1904
f 1715/546/505 998/1998/1943 1717/1994/1939
f 1717/1994/1939 999/1999/1944 1718/1995/1940
f 1718/1995/1945 1000/2000/1946 1719/1996/1942
f 1000/2001/1946 1716/565/523 1719/1997/1942
f 996/576/533 1722/2002/1947 998/1998/1943
f 998/1998/1943 1723/2003/1948 999/1999/1944
f 999/1999/1949 1724/2004/1950 1000/2000/1946
f 1724/2005/1950 997/564/522 1000/2001/1946
f 1720/585/542 1008/2006/1951 1722/2002/1947
f 1722/2002/1947 1009/2007/1952 1723/2003/1948
f 1723/2003/1953 1010/2008/1954 1724/2004/1950
f 1010/2009/1954 1721/562/520 1724/2005/1950
f 1002/723/669 1727/2010/1955 1005/2011/1956
f 1005/2011/1956 1728/2012/1957 1004/2013/1958
f 1004/2014/1959 1729/2015/1960 1003/2016/1961
f 1003/2016/1961 1726/569/527 1001/571/529
f 1725/716/662 995/1987/1932 1727/2010/1955
f 1727/2010/1955 994/1989/1934 1728/2012/1957
f 1728/2017/1962 993/1992/1937 1729/2015/1960
f 993/1992/1937 1726/569/527 1729/2015/1960
f 1730/701/647 1042/1273/1218 1031/699/645
f 1732/2018/1963 1043/2019/1964 1042/1273/1218
f 1733/2020/1965 1034/2021/1205 1043/2019/1208
f 1734/2022/1966 1029/715/661 1034/1259/1205
f 1012/1248/1193 1732/2018/1963 1730/701/647
f 1022/1247/1192 1733/2020/1965 1732/2018/1963
f 1015/1251/1196 1734/2023/1966 1733/2020/1965
f 1014/1241/1186 1731/2024/614 1734/2023/1966
f 1006/584/541 1737/2025/1967 1008/2006/1951
f 1008/2006/1951 1738/2026/1968 1009/2007/1952
f 1009/2007/1969 1739/2027/1970 1010/2008/1954
f 1010/2009/1954 1736/572/530 1007/574/532
f 1735/686/632 1044/1272/1217 1737/2025/1967
f 1737/2025/1971 1038/1276/1221 1738/2026/1968
f 1738/2026/1972 1037/2028/1211 1739/2027/1970
f 1739/2029/1970 1030/581/538 1736/572/530
f 1012/1248/1193 1742/2030/1973 1020/1246/1191
f 1020/1246/1191 1743/2031/1974 1021/1249/1194
f 1021/1257/1194 1744/2032/1975 1026/1254/1199
f 1026/1254/1199 1741/578/535 1013/580/537
f 1740/700/646 1005/2011/1956 1742/2030/1973
f 1742/2030/1973 1004/2013/1958 1743/2031/1974
f 1743/2033/1974 1003/2016/1961 1744/2032/1975
f 1744/2032/1975 1001/571/529 1741/578/535
f 1745/601/558 973/1966/1911 971/722/668
f 1747/2034/1976 974/1967/1977 973/1966/1911
f 1748/2035/1978 975/2036/1979 974/1967/1913
f 975/2037/1979 1746/696/642 972/550/509
f 1052/662/611 1747/2034/1976 1745/601/558
f 1054/2038/1980 1748/2035/1981 1747/2034/1976
f 1055/2039/1982 1749/2040/1983 1748/2035/1978
f 1749/2041/1983 1053/590/547 1746/696/642
f 1750/508/470 1051/2042/1984 1048/708/654
f 1752/2043/1985 1050/2044/1986 1051/2042/1984
f 1753/2045/1987 1049/2046/1988 1050/2044/1989
f 1049/2047/1988 1751/586/543 1047/588/545
f 962/510/472 1752/2043/1985 1750/508/470
f 965/1970/1915 1753/2045/1990 1752/2043/1985
f 964/1972/1920 1754/2048/1991 1753/2045/1987
f 1754/2049/1991 961/548/507 1751/586/543
f 1064/1292/1241 1757/2050/1992 1075/1290/1239
f 1075/1290/1239 1758/2051/1993 1076/1283/1228
f 1076/1283/1228 1759/2052/1994 1066/1279/1224
f 1066/1279/1224 1756/652/604 1062/707/653
f 1755/677/623 1059/2053/1995 1757/2050/1992
f 1757/2050/1992 1060/2054/1996 1758/2051/1993
f 1758/2051/1993 1061/2055/1997 1759/2052/1994
f 1759/2052/1994 1058/2056/553 1756/652/604
f 1760/678/624 1054/2038/1980 1052/662/611
f 1762/2057/1998 1055/2039/1999 1054/2038/1980
f 1763/2058/2000 1056/2059/2001 1055/2039/1982
f 1764/2060/2002 1053/590/547 1056/2061/2001
f 1064/1292/1241 1762/2057/1998 1760/678/624
f 1077/1291/1240 1763/2058/2003 1762/2057/1998
f 1071/1294/2004 1764/2062/2002 1763/2058/2000
f 1070/2063/1233 1761/598/555 1764/2060/2002
f 1765/680/626 1059/2053/1995 1057/679/625
f 1767/2064/2005 1060/2054/1996 1059/2053/1995
f 1768/2065/2006 1061/2055/1997 1060/2054/1996
f 1061/2066/1997 1766/594/551 1058/596/553
f 1048/708/654 1767/2064/2005 1765/680/626
f 1051/2042/1984 1768/2065/2007 1767/2064/2005
f 1050/2044/1989 1769/2067/2008 1768/2065/2006
f 1049/2047/1988 1766/594/551 1769/2068/2008
f 1770/676/622 1104/2069/2009 1101/603/559
f 1772/2070/2010 1103/2071/2011 1104/2069/2009
f 1773/2072/2012 1102/2073/2013 1103/2071/2011
f 1774/2074/2014 1100/721/667 1102/2073/2013
f 1085/623/578 1772/2070/2010 1770/676/622
f 1087/2075/2015 1773/2072/2012 1772/2070/2010
f 1088/2076/2016 1774/2074/2014 1773/2072/2012
f 1089/2077/2017 1771/720/666 1774/2074/2014
f 1106/617/572 1777/2078/2018 1109/2079/2019
f 1109/2079/2019 1778/2080/2020 1108/2081/2021
f 1108/2081/2021 1779/2082/2022 1107/2083/2023
f 1107/2083/2023 1776/657/607 1105/660/610
f 1775/616/571 1092/2084/2024 1777/2078/2018
f 1777/2078/2018 1093/2085/2025 1778/2080/2020
f 1778/2080/2020 1094/2086/2026 1779/2082/2022
f 1779/2082/2022 1091/658/608 1776/657/607
f 1081/613/568 1782/2087/2027 1084/2088/2028
f 1084/2088/2028 1783/2089/2029 1083/2090/2030
f 1083/2090/2030 1784/2091/2031 1082/2092/2032
f 1082/2092/2032 1781/674/621 1080/638/593
f 1780/604/560 1104/2069/2009 1782/2087/2027
f 1782/2087/2027 1103/2071/2011 1783/2089/2029
f 1783/2089/2029 1102/2073/2013 1784/2091/2031
f 1784/2091/2031 1100/721/667 1781/674/621
f 1785/618/573 1099/2093/2033 1096/659/609
f 1787/2094/2034 1098/2095/2035 1099/2093/2033
f 1788/2096/2036 1097/2097/2037 1098/2095/2035
f 1789/2098/2038 1095/712/658 1097/2097/2037
f 1106/617/572 1787/2094/2034 1785/618/573
f 1109/2079/2019 1788/2096/2036 1787/2094/2034
f 1108/2081/2021 1789/2098/2038 1788/2096/2036
f 1107/2083/2023 1786/695/641 1789/2098/2038
f 1790/609/564 1114/2099/2039 1111/689/635
f 1792/2100/2040 1113/2101/2041 1114/2099/2039
f 1793/2102/2042 1112/2103/2043 1113/2101/2041
f 1794/2104/2044 1110/610/565 1112/2103/2043
f 1096/659/609 1792/2100/2040 1790/609/564
f 1099/2093/2033 1793/2102/2042 1792/2100/2040
f 1098/2095/2035 1794/2104/2044 1793/2102/2042
f 1097/2097/2037 1791/626/581 1794/2104/2044
f 1795/624/579 1087/2075/2015 1085/623/578
f 1797/2105/2045 1088/2076/2016 1087/2075/2015
f 1798/2106/2046 1089/2077/2017 1088/2076/2016
f 1799/2107/2047 1086/719/665 1089/2077/2017
f 1115/629/584 1797/2105/2045 1795/624/579
f 1117/2108/2048 1798/2106/2046 1797/2105/2045
f 1118/2109/2049 1799/2107/2047 1798/2106/2046
f 1119/2110/2050 1796/606/562 1799/2107/2047
f 1800/630/585 1117/2108/2048 1115/629/584
f 1802/2111/2051 1118/2109/2049 1117/2108/2048
f 1803/2112/2052 1119/2110/2050 1118/2109/2049
f 1804/2113/2053 1116/672/619 1119/2110/2050
f 1125/634/589 1802/2111/2051 1800/630/585
f 1127/2114/2054 1803/2112/2052 1802/2111/2051
f 1128/2115/2055 1804/2113/2053 1803/2112/2052
f 1129/2116/2056 1801/713/659 1804/2113/2053
f 1805/625/580 1124/2117/2057 1121/717/663
f 1807/2118/2058 1123/2119/2059 1124/2117/2057
f 1808/2120/2060 1122/2121/2061 1123/2119/2059
f 1809/2122/2062 1120/633/588 1122/2121/2061
f 1111/689/635 1807/2118/2058 1805/625/580
f 1114/2099/2039 1808/2120/2060 1807/2118/2058
f 1113/2101/2041 1809/2122/2062 1808/2120/2060
f 1112/2103/2043 1806/612/567 1809/2122/2062
f 1147/718/664 1812/2123/2063 1150/1310/1263
f 1150/1310/1263 1813/2124/2064 1151/1312/1265
f 1151/1312/1265 1814/2125/2065 1158/1318/1271
f 1158/1318/1271 1811/703/649 1148/705/651
f 1810/671/618 1133/1296/1246 1812/2123/2063
f 1812/2123/2063 1143/1300/1250 1813/2124/2064
f 1813/2124/2064 1142/1306/1258 1814/2125/2065
f 1814/2125/2065 1132/704/650 1811/703/649
f 1815/636/591 1127/2114/2054 1125/634/589
f 1817/2126/2066 1128/2115/2055 1127/2114/2054
f 1818/2127/2067 1129/2116/2056 1128/2115/2055
f 1819/2128/2068 1126/710/656 1129/2116/2056
f 1149/1324/1277 1817/2126/2066 1815/636/591
f 1163/1323/1276 1818/2127/2067 1817/2126/2066
f 1157/1326/1279 1819/2128/2068 1818/2127/2067
f 1156/1317/1270 1816/690/636 1819/2128/2068
f 1820/631/586 1137/1304/1254 1131/637/592
f 1822/2129/2069 1138/1309/1261 1137/1304/1254
f 1823/2130/2070 1144/1307/1259 1138/1309/1261
f 1824/2131/2071 1132/704/650 1144/1307/1259
f 1121/717/663 1822/2129/2069 1820/631/586
f 1124/2117/2057 1823/2130/2070 1822/2129/2069
f 1123/2119/2059 1824/2131/2071 1823/2130/2070
f 1122/2121/2061 1821/702/648 1824/2131/2071
f 1090/620/575 1827/2132/2072 1092/2084/2024
f 1092/2084/2024 1828/2133/2073 1093/2085/2025
f 1093/2085/2025 1829/2134/2074 1094/2086/2026
f 1094/2086/2026 1826/697/643 1091/658/608
f 1825/641/594 1173/2135/2075 1827/2132/2072
f 1827/2132/2072 1174/2136/2076 1828/2133/2073
f 1828/2133/2073 1175/2137/2077 1829/2134/2074
f 1829/2134/2074 1172/664/613 1826/697/643
f 1167/643/596 1832/2138/2078 1170/2139/2079
f 1170/2139/2079 1833/2140/2080 1169/2141/2081
f 1169/2141/2081 1834/2142/2082 1168/2143/2083
f 1168/2143/2083 1831/647/599 1166/646/598
f 1830/614/569 1084/2088/2028 1832/2138/2078
f 1832/2138/2078 1083/2090/2030 1833/2140/2080
f 1833/2140/2080 1082/2092/2032 1834/2142/2082
f 1834/2142/2082 1080/638/593 1831/647/599
f 1835/656/606 1184/1329/1282 1181/709/655
f 1837/2144/2084 1185/2145/1291 1184/1329/1282
f 1838/2146/2085 1192/1334/1287 1185/1338/1291
f 1839/2147/2086 1182/1335/1288 1192/1334/1287
f 1176/655/602 1837/2144/2084 1835/656/606
f 1178/2148/2087 1838/2146/2085 1837/2149/2084
f 1179/2150/2088 1839/2147/2086 1838/2146/2085
f 1180/2151/2089 1836/684/630 1839/2147/2086
f 1171/642/595 1842/2152/2090 1173/2135/2075
f 1173/2135/2075 1843/2153/2091 1174/2136/2076
f 1174/2136/2076 1844/2154/2092 1175/2137/2077
f 1175/2137/2077 1841/683/629 1172/664/613
f 1840/648/600 1195/1342/1295 1842/2152/2090
f 1842/2152/2090 1191/1336/1289 1843/2153/2091
f 1843/2153/2091 1190/1333/1286 1844/2154/2092
f 1844/2154/2092 1182/1335/1288 1841/683/629
f 1176/650/602 1847/2155/2093 1178/2148/2087
f 1178/2148/2087 1848/2156/2094 1179/2150/2088
f 1179/2150/2088 1849/2157/2095 1180/2151/2089
f 1180/2151/2089 1846/682/628 1177/681/627
f 1845/644/597 1170/2139/2079 1847/2155/2093
f 1847/2155/2093 1169/2141/2081 1848/2156/2094
f 1848/2156/2094 1168/2143/2083 1849/2157/2095
f 1849/2157/2095 1166/646/598 1846/682/628
f 1183/649/601 1852/2158/2096 1186/2159/1296
f 1186/1328/1281 1851/706/652 1181/709/655
f 1850/599/556 1072/2160/2097 1852/2158/2096
s 34
f 1852/2158/2098 1072/2160/2098 1065/2161/2098
s 4
f 1852/2162/2099 1062/707/653 1851/706/652
f 1853/579/536 1025/2163/1200 1013/580/537
s 35
f 1025/2163/2100 1855/2164/2101 1856/2165/2102
f 1025/1244/2100 1856/2166/2102 1016/1240/2103
s 4
f 1856/2167/2104 1011/2168/1183 1016/2169/1185
f 1131/637/592 1855/2164/2105 1853/579/536
s 35
f 1855/2164/2101 1139/1297/2106 1856/2165/2102
s 4
f 1139/2170/1247 1854/668/615 1856/2167/2104
f 1149/1324/1277 1859/2171/2107 1161/1322/1275
f 1161/1322/1275 1860/2172/2108 1162/1314/1267
f 1162/1314/1267 1861/2173/2109 1152/1311/1264
f 1152/1311/1264 1858/714/660 1147/718/664
f 1857/635/590 1039/1266/1212 1859/2171/2107
f 1859/2171/2107 1033/1260/1206 1860/2172/2108
f 1860/2172/2108 1032/1258/1204 1861/2173/2109
f 1861/2173/2109 1029/715/661 1858/714/660
s 19
f 527/945/869 523/944/865 1862/940/2110
s 36
f 501/1629/2111 502/2174/2111 1865/1627/2112
s 2
f 446/1624/1562 445/847/2113 447/2175/1574
f 524/1642/1584 525/2176/1588 1866/1643/2114
f 200/954/879 528/250/233 533/1601/881
f 540/960/877 200/954/879 535/2177/887
f 470/196/180 1436/342/324 128/197/181
f 719/204/188 1477/330/312 129/205/189
f 496/207/191 31/233/217 125/208/192
f 136/212/196 1499/273/256 682/213/197
f 1472/206/190 129/205/189 1482/215/199
f 440/220/204 1411/299/281 133/221/205
f 133/221/205 1517/300/282 646/226/210
f 30/230/214 125/208/192 1393/231/215
f 31/233/217 529/301/283 1393/231/215
f 32/240/224 560/303/285 1376/241/225
f 33/198/182 128/197/181 1382/243/226
f 528/250/233 1388/290/273 119/251/234
f 29/253/236 123/278/261 1375/254/237
f 470/196/180 33/198/182 126/256/239
f 33/198/182 541/244/227 1371/262/245
f 482/263/246 1416/272/255 136/212/196
f 441/265/248 1496/312/294 117/266/249
f 34/268/251 579/269/252 1382/243/226
f 34/268/251 127/242/189 1376/241/225
f 1422/267/250 117/266/249 1500/270/253
f 1416/272/255 495/909/1563 1499/273/256
f 442/277/260 30/230/214 123/278/261
f 506/280/263 1426/257/240 126/256/239
f 505/294/277 1504/332/314 116/295/7
f 29/253/236 559/255/238 1383/297/279
f 30/230/214 577/232/216 1375/254/237
f 1411/299/281 480/892/830 1517/300/282
f 31/233/217 124/298/280 1383/297/279
f 1392/252/235 119/251/234 1380/289/272
f 32/240/224 126/256/239 1371/262/245
f 1496/312/294 666/1095/1023 1466/313/295
f 1516/264/247 136/212/196 1462/214/198
f 117/266/249 1466/313/295 683/315/297
f 442/277/260 1421/209/193 125/208/192
f 481/322/304 1412/279/262 123/278/261
f 648/323/305 1461/339/321 131/324/306
f 1456/325/307 131/324/306 1467/326/308
f 506/280/263 32/240/224 127/242/189
f 521/329/311 1431/328/310 127/242/189
f 1482/215/199 129/205/189 1477/330/312
f 1504/332/314 717/1134/1071 1471/333/315
f 481/322/304 29/253/236 124/298/280
f 496/207/191 1417/338/320 124/298/280
f 1467/326/308 131/324/306 1461/339/321
f 1495/222/206 133/221/205 1457/227/211
f 521/329/311 34/268/251 128/197/181
f 1427/296/278 116/295/7 1509/343/325
f 116/295/7 1471/333/315 700/345/327
s 3
f 766/355/335 58/421/396 164/356/336
f 762/363/342 1580/507/469 152/364/343
f 776/366/345 49/428/402 159/367/346
f 1545/357/337 164/356/336 56/373/351
f 781/374/352 56/373/351 158/381/359
f 1560/382/360 158/381/359 57/383/361
f 791/384/362 57/383/361 165/390/367
f 1575/391/368 165/390/367 1687/392/369
f 44/418/393 863/531/493 1630/419/394
f 58/421/396 873/470/439 1624/422/397
f 887/423/398 42/440/393 148/424/395
f 49/428/402 153/432/406 1609/429/403
f 49/428/402 883/430/404 1619/431/405
f 153/432/406 48/365/344 867/433/407
f 167/435/409 1629/437/411 862/436/410
f 56/373/351 888/500/463 1639/438/412
f 1625/439/413 147/420/395 42/440/393
f 57/383/361 898/529/491 1654/444/417
f 1640/425/399 148/424/395 45/445/395
f 163/395/372 1649/449/421 902/447/419
f 59/448/420 925/530/492 1649/449/421
f 165/390/367 1654/444/417 908/450/422
f 857/451/423 1615/485/451 146/452/393
f 48/365/344 152/364/343 1659/454/424
f 152/364/343 47/405/382 934/455/425
f 150/458/393 46/477/393 929/459/428
f 47/405/382 160/404/381 1674/461/430
f 160/404/381 1684/412/389 946/462/431
f 1530/464/433 762/363/342 48/365/344
f 41/453/393 146/452/393 1610/468/437
f 1540/368/347 159/367/346 58/421/396
f 159/367/346 1619/431/405 873/470/439
f 146/452/393 43/486/393 882/471/440
f 935/475/443 1675/494/459 151/476/393
f 147/420/395 1630/419/394 893/483/449
f 776/366/345 1530/464/433 153/432/406
f 1615/485/451 877/533/495 43/486/393
f 151/476/393 1670/495/460 940/492/457
f 1675/494/459 945/1230/1172 1670/495/460
f 164/356/336 1624/422/397 888/500/463
f 45/445/395 903/524/486 1650/501/464
f 145/505/393 1620/506/468 882/471/440
f 44/418/393 872/526/488 1620/506/468
f 1580/507/469 830/403/380 47/405/382
f 41/453/393 150/458/393 1665/460/429
f 1660/511/473 935/475/443 46/477/393
f 1655/516/478 149/502/465 1645/517/479
f 149/502/465 1650/501/464 924/519/481
f 797/387/365 52/386/364 155/441/414
f 46/477/393 151/476/393 1680/493/458
f 148/424/395 1635/527/489 903/524/486
f 872/526/488 44/418/393 147/420/395
f 42/440/393 893/483/449 1635/527/489
f 158/381/359 1639/438/412 898/529/491
f 161/480/446 1644/482/448 925/530/492
f 863/531/493 44/418/393 145/505/393
f 1605/532/494 145/505/393 43/486/393
f 897/446/418 45/445/395 149/502/465
f 868/469/438 1660/511/473 150/458/393
s 4
f 976/542/502 84/608/563 194/543/503
f 961/548/507 1701/536/498 186/538/500
f 972/550/509 1746/696/642 182/551/510
f 986/553/512 75/615/570 189/554/513
f 1711/544/504 194/543/503 82/560/518
f 991/561/519 82/560/518 188/568/526
f 1726/569/527 188/568/526 83/570/528
f 1001/571/529 83/570/528 195/577/534
f 1053/590/547 1761/598/555 190/591/548
f 186/538/500 80/537/499 1101/603/559
f 70/605/561 1086/719/665 1796/606/562
f 84/608/563 1096/659/609 1790/609/564
f 1110/610/565 68/627/582 178/611/566
f 184/587/544 76/549/508 1081/613/568
f 75/615/570 183/619/574 1775/616/571
f 75/615/570 1106/617/572 1785/618/573
f 183/619/574 74/552/511 1090/620/575
f 82/560/518 1111/689/635 1805/625/580
f 1791/626/581 177/607/561 68/627/582
f 83/570/528 1121/717/663 1820/631/586
f 1806/612/567 178/611/566 71/632/587
f 195/577/534 1820/631/586 1131/637/592
f 1080/638/593 1781/674/621 176/639/561
f 74/552/511 182/551/510 1825/641/594
f 182/551/510 73/592/549 1171/642/595
f 192/595/552 77/589/546 1167/643/596
f 180/645/561 72/666/561 1166/646/598
f 73/592/549 190/591/548 1840/648/600
f 190/591/548 1850/599/556 1183/649/601
f 81/597/554 192/595/552 1845/644/597
f 1696/651/603 972/550/509 74/552/511
f 67/640/561 176/639/561 1776/657/607
f 1706/555/514 189/554/513 84/608/563
f 189/554/513 1785/618/573 1096/659/609
f 176/639/561 69/675/561 1105/660/610
f 76/549/508 186/538/500 1780/604/560
f 1172/664/613 1841/683/629 181/665/561
f 177/607/561 1796/606/562 1116/672/619
f 967/567/525 85/566/524 196/621/576
f 986/553/512 1696/651/603 183/619/574
f 1781/674/621 1100/721/667 69/675/561
f 85/566/524 1085/623/578 1770/676/622
f 181/665/561 1836/684/630 1177/681/627
f 1841/683/629 1182/1335/1288 1836/684/630
f 194/543/503 1790/609/564 1111/689/635
f 71/632/587 1126/710/656 1816/690/636
f 175/694/640 1786/695/641 1105/660/610
f 70/605/561 1095/712/658 1786/695/641
f 1746/696/642 1053/590/547 73/592/549
f 67/640/561 180/645/561 1831/647/599
f 1826/697/643 1172/664/613 72/666/561
f 1821/702/648 179/691/637 1811/703/649
f 179/691/637 1816/690/636 1148/705/651
f 77/589/546 184/587/544 1830/614/569
f 72/666/561 181/665/561 1846/682/628
f 178/611/566 1801/713/659 1126/710/656
f 1691/673/620 196/621/576 80/537/499
f 1095/712/658 70/605/561 177/607/561
f 68/627/582 1116/672/619 1801/713/659
f 188/568/526 1805/625/580 1121/717/663
f 1086/719/665 70/605/561 175/694/640
f 1771/720/666 175/694/640 69/675/561
f 1120/633/588 71/632/587 179/691/637
f 1091/658/608 1826/697/643 180/645/561
s 2
f 1373/1581/1519 1374/1582/1520 545/968/889
f 572/1000/924 560/303/285 1371/262/245
f 1375/254/237 1377/1583/1521 567/993/917
f 568/995/919 1378/1585/1523 1379/1584/1522
f 574/999/923 1379/1584/1522 1376/241/225
f 582/1003/927 590/1006/930 1378/1585/1523
f 590/1006/930 589/1017/944 1379/1584/1522
f 1379/1584/1522 589/1017/944 579/269/252
f 1381/1587/1524 1382/1590/1526 591/1588/1525
f 1381/1587/1524 550/2178/896 544/969/900
f 536/961/883 1385/1591/1528 1386/1592/1529
f 1387/1593/1530 1384/275/258 199/281/264
f 562/988/912 561/986/910 1387/1593/1530
f 1392/252/235 1394/1605/1535 533/1601/881
f 1394/1602/1535 1395/1606/1538 534/964/1536
f 1395/1603/1537 1393/231/215 529/301/283
f 1392/252/235 578/302/284 586/1604/934
f 1394/1602/1535 586/1011/934 581/1004/938
f 1395/1603/1537 580/1002/926 577/232/216
f 480/892/830 1411/299/281 1413/1621/1557
f 484/902/831 1414/1622/1558 1415/1623/1559
f 440/220/204 444/844/2115 1413/1621/1557
f 445/847/1561 446/1624/1562 1415/1623/1559
f 495/909/1563 1416/272/255 1418/1625/1564
f 498/907/1565 1418/1625/1564 1419/1626/1566
f 1865/1627/1567 1419/1626/1566 1420/1628/1568
f 501/1629/1569 1420/1628/1568 1417/338/320
f 482/263/246 493/904/839 1418/1625/1564
f 488/898/835 489/900/837 1420/1628/1568
f 1424/1632/1572 1425/1633/1573 504/913/848
f 1421/209/193 442/277/260 446/1634/1562
f 1424/1632/1572 447/850/1574 444/851/1575
f 1425/1633/1573 444/851/2116 441/265/248
f 1426/257/240 1428/1635/1577 476/888/1576
f 479/2179/823 476/888/1576 477/1637/819
f 476/888/1576 1428/1635/1577 477/1637/819
f 1429/1636/1578 1430/1638/1579 472/876/816
f 1426/257/240 506/280/263 513/930/1580
f 1429/1636/1578 509/931/854 508/920/852
f 1430/1638/1579 508/920/852 505/294/277
f 1436/342/324 1438/1645/1587 524/1644/1584
f 1440/1647/1591 1437/286/269 522/292/275
f 1458/1661/1603 1459/1662/1604 660/1069/999
f 1459/1662/1604 1460/1663/1605 651/1066/996
f 665/1090/309 675/1089/1017 1458/1661/1603
f 667/1084/1012 664/341/323 1457/227/211
f 686/1100/1032 1465/1666/1608 1462/214/198
f 1463/1664/1606 661/1078/1008 655/1074/1004
f 1464/1665/1607 655/1074/1004 654/1072/1002
f 1465/1666/1608 654/1072/1002 647/314/296
f 1471/333/315 1473/1672/1612 703/1117/1049
f 1475/1674/1614 1472/1675/190 701/1124/200
f 722/1133/1070 731/1137/1074 1474/1673/1613
f 731/1137/1074 730/1146/1082 1475/1674/1614
f 730/1146/1082 719/1148/188 1472/1675/190
s 3
f 865/1853/1801 866/1854/1802 1608/1851/1799
f 876/1870/1818 875/1872/1820 1627/1879/1827
f 1636/1888/1836 1637/1889/1837 895/1886/1834
f 927/1903/1851 1647/1902/1850 1648/1904/1852
f 1652/1907/1855 1653/1908/1856 906/1893/1841
f 1658/1911/1859 1655/516/478 909/518/480
f 900/1896/1844 899/1898/1846 1658/1911/1859
f 1659/454/424 934/455/425 936/1915/1863
f 1662/1913/1861 937/1916/1864 938/1917/1865
f 932/1921/1869 1667/1920/1868 1668/1922/1870
f 938/1917/1865 1678/1932/1880 1675/494/459
f 1676/1930/1878 958/1236/1179 953/1231/1173
s 4
f 1772/2070/2010 1773/2072/2012 1103/2071/2011
f 1775/616/571 1090/620/575 1092/2084/2024
f 1785/618/573 1787/2094/2034 1099/2093/2033
f 1788/2096/2036 1789/2098/2038 1097/2097/2037
f 1108/2081/2021 1107/2083/2023 1789/2098/2038
f 1790/609/564 1792/2100/2040 1114/2099/2039
f 1793/2102/2042 1794/2104/2044 1112/2103/2043
f 1098/2095/2035 1097/2097/2037 1794/2104/2044
f 1809/2122/2062 1806/612/567 1120/633/588
f 1822/2129/2069 1823/2130/2070 1138/1309/1261
f 1823/2130/2070 1824/2131/2071 1144/1307/1259
f 1121/717/663 1124/2117/2057 1822/2129/2069
f 1124/2117/2057 1123/2119/2059 1823/2130/2070
f 1090/620/575 1825/641/594 1827/2132/2072
f 1828/2133/2073 1174/2136/2076 1175/2137/2077
f 1180/2151/2089 1177/681/627 1836/684/630
f 1173/2135/2075 1842/2152/2090 1843/2153/2091
s 1
f 1258/1/1 91/70/66 1/2/2
f 1209/4/4 222/183/169 20/5/5
f 87/7/7 1203/61/57 228/8/8
f 217/10/9 23/76/71 112/11/10
f 4/13/12 88/43/7 1223/14/13
f 202/16/15 1209/4/4 104/6/6
f 213/18/17 1254/163/151 100/19/18
f 227/21/20 15/83/77 107/22/21
f 3/9/7 86/27/7 1198/24/23
f 1213/26/25 218/159/148 4/13/12
f 1219/12/11 112/11/10 21/28/26
f 1229/30/28 103/96/89 19/31/29
f 1224/33/31 115/90/84 25/34/32
f 232/29/27 21/28/26 106/36/34
f 1234/37/35 106/36/34 22/38/36
f 1244/40/38 111/50/47 18/41/39
f 88/43/7 2/155/7 237/44/41
f 242/39/37 22/38/36 113/45/42
f 1249/46/43 113/45/42 1367/47/44
f 270/49/46 24/103/95 111/50/47
f 89/51/7 5/152/7 247/52/48
f 1259/54/50 202/16/15 16/17/16
f 275/56/52 1259/54/50 102/55/51
f 281/58/54 1269/66/62 108/59/55
f 1/2/2 212/194/178 1203/61/57
f 1274/62/58 275/56/52 17/57/53
f 287/64/60 1274/62/58 110/63/59
f 1269/66/62 304/774/717 1364/67/63
f 6/68/64 280/129/120 1253/69/65
f 104/6/6 20/5/5 342/71/67
f 10/73/69 327/191/175 1304/74/70
f 23/76/71 337/126/117 1298/77/72
f 351/78/73 8/95/69 96/79/69
f 102/55/51 16/17/16 322/81/75
f 15/83/77 101/87/81 1283/84/78
f 15/83/77 347/85/79 1293/86/80
f 101/87/81 14/20/19 331/88/82
f 114/89/83 1278/143/134 342/71/67
f 115/90/84 1303/92/86 326/91/85
f 19/31/29 356/97/90 1303/92/86
f 21/28/26 352/156/145 1313/93/87
f 1299/94/88 95/75/69 8/95/69
f 103/96/89 1308/98/91 356/97/90
f 18/41/39 366/102/94 1308/98/91
f 22/38/36 362/189/173 1328/99/92
f 1314/80/74 96/79/69 11/100/69
f 111/50/47 1323/104/96 366/102/94
f 24/103/95 389/1532/174 1323/104/96
f 113/45/42 1328/99/92 372/105/97
f 321/106/98 1289/141/132 94/107/69
f 14/20/19 100/19/18 1333/109/100
f 100/19/18 13/60/56 398/110/101
f 110/63/59 17/57/53 394/111/102
f 98/113/104 12/133/124 393/114/105
f 13/60/56 108/59/55 1348/116/107
f 108/59/55 1364/67/63 410/117/108
f 403/118/109 1360/123/114 1359/65/61
f 1359/65/61 110/63/59 1353/112/103
f 1204/119/110 213/18/17 14/20/19
f 1264/120/111 285/747/693 1358/121/112
f 1343/1554/1496 105/122/113 403/118/109
f 105/122/113 1358/121/112 403/118/109
f 7/108/99 94/107/69 1284/124/115
f 228/8/8 1213/26/25 86/27/7
f 1214/23/22 107/22/21 23/76/71
f 107/22/21 1293/86/80 337/126/117
f 94/107/69 9/142/133 346/127/118
f 92/128/119 1268/145/136 280/129/120
f 203/3/3 1/2/2 87/7/7
f 16/17/16 104/6/6 1288/72/68
f 399/131/122 1349/150/141 99/132/123
f 238/32/30 19/31/29 115/90/84
f 1239/134/125 252/724/670 1368/135/126
f 109/136/127 1368/135/126 371/137/128
f 95/75/69 1304/74/70 357/139/130
f 208/35/33 25/34/32 114/89/83
f 227/21/20 1204/119/110 101/87/81
f 1289/141/132 341/193/177 9/142/133
f 25/34/32 326/91/85 1278/143/134
f 1263/144/135 305/784/728 1268/145/136
f 286/146/137 1263/144/135 92/128/119
f 99/132/123 1344/151/142 404/148/139
f 1349/150/141 409/817/759 1344/151/142
f 5/152/7 90/168/156 1243/153/143
f 1218/154/144 233/160/149 2/155/7
f 112/11/10 1298/77/72 352/156/145
f 11/100/69 367/182/168 1324/157/146
f 218/159/148 1218/154/144 88/43/7
f 233/160/149 1233/188/172 89/51/7
f 93/161/69 1294/162/150 346/127/118
f 10/73/69 336/184/170 1294/162/150
f 1254/163/151 281/58/54 13/60/56
f 7/108/99 98/113/104 1339/115/106
s 2
f 425/164/152 1396/210/194 135/165/153
s 1
f 1334/167/155 399/131/122 12/133/124
f 90/168/156 1238/171/159 271/169/157
f 1248/170/158 253/733/679 1238/171/159
f 1329/172/160 97/158/147 1319/173/161
f 97/158/147 1324/157/146 388/175/163
f 1264/176/111 105/180/113 1365/177/164
f 276/179/166 6/68/64 91/70/66
f 17/57/53 102/55/51 1338/82/76
f 105/180/113 1343/2180/1496 408/181/167
f 248/42/40 18/41/39 103/96/89
f 1273/147/138 92/128/119 6/68/64
f 12/133/124 99/132/123 1354/149/140
f 96/79/69 1309/185/171 367/182/168
f 2/155/7 89/51/7 1228/53/49
f 1199/140/131 114/89/83 20/5/5
f 336/184/170 10/73/69 95/75/69
f 8/95/69 357/139/130 1309/185/171
f 1239/134/125 109/136/127 24/186/95
f 1233/188/172 243/195/179 5/152/7
f 106/36/34 1313/93/87 362/189/173
f 109/136/127 1318/138/129 389/190/174
f 1208/130/121 87/7/7 3/9/7
f 86/27/7 4/13/12 207/15/14
f 327/191/175 10/73/69 93/161/69
f 1279/192/176 93/161/69 9/142/133
f 91/70/66 1253/69/65 212/194/178
f 243/195/179 1248/170/158 90/168/156
f 361/101/93 11/100/69 97/158/147
f 332/125/116 1334/167/155 98/113/104
s 2
f 520/199/183 1522/1717/1675 134/200/184
f 134/200/184 1522/1717/1675 735/202/186
f 1396/210/194 448/852/790 1512/211/195
f 461/217/201 1406/317/299 122/218/202
f 1447/223/207 130/337/319 1452/224/208
f 26/228/212 543/261/244 1389/229/213
f 1407/234/218 132/249/232 1513/235/219
f 1402/237/221 426/837/779 1487/238/222
f 427/245/228 27/274/257 120/246/229
f 460/248/231 1491/310/292 132/249/232
f 461/217/201 28/219/203 121/258/241
f 26/228/212 120/246/229 1370/260/243
f 27/274/257 121/258/241 1384/275/258
f 28/219/203 199/281/264 1384/275/258
f 28/219/203 122/218/202 1389/229/213
f 135/165/153 1512/211/195 594/282/265
f 507/284/267 1432/201/185 134/200/184
f 1437/286/269 469/882/820 1508/287/270
f 1380/289/272 119/251/234 1388/290/273
f 27/274/257 558/276/259 1370/260/243
f 522/292/275 1437/286/269 137/288/271
f 1503/285/268 134/200/184 1476/203/187
f 1521/293/276 137/288/271 1481/305/287
f 137/288/271 1508/287/270 702/307/289
f 1487/238/222 614/1046/976 1446/308/290
f 132/249/232 1451/311/293 595/309/291
f 1491/310/292 630/1061/990 1451/311/293
f 449/316/298 26/228/212 122/218/202
f 459/318/300 1402/237/221 118/239/223
f 118/239/223 1446/308/290 628/320/302
f 1486/166/154 135/165/153 1442/283/266
f 427/245/228 1401/259/242 121/258/241
f 449/316/298 1397/247/230 120/246/229
f 1452/224/208 130/337/319 1441/334/316
f 613/336/318 1441/334/316 130/337/319
s 3
f 1584/346/328 143/415/329 35/347/329
f 1535/349/331 771/525/487 54/350/332
f 139/352/329 1529/406/383 777/353/334
f 38/358/329 140/388/329 1549/359/338
f 751/361/340 1535/349/331 156/351/333
f 37/354/329 138/372/329 1524/369/348
f 1539/371/350 767/503/466 38/358/329
f 1555/375/353 155/441/414 53/376/354
f 1550/378/356 167/435/409 60/379/357
f 1570/385/363 163/395/372 52/386/364
f 140/388/329 36/499/373 786/389/366
f 819/394/371 59/448/420 163/395/372
f 141/396/373 39/496/373 796/397/374
f 1585/399/376 751/361/340 50/362/341
f 824/401/378 1585/399/376 154/400/377
f 830/403/380 1595/411/388 160/404/381
f 35/347/329 761/534/496 1529/406/383
f 1600/407/384 824/401/378 51/402/379
f 835/409/386 1600/407/384 162/408/385
f 1595/411/388 840/1195/1132 1684/412/389
f 40/413/329 829/473/441 1579/414/390
f 156/351/333 54/350/332 878/416/391
f 154/400/377 50/362/341 858/426/400
f 166/434/408 1604/487/452 878/416/391
f 53/376/354 892/442/415 1629/437/411
f 155/441/414 1634/443/416 892/442/415
f 52/386/364 902/447/419 1634/443/416
f 162/408/385 51/402/379 930/456/426
f 55/410/387 162/408/385 1679/457/427
f 1590/465/434 835/409/386 55/410/387
f 157/466/435 55/410/387 939/463/432
f 777/353/334 1539/371/350 138/372/329
f 144/472/329 1594/489/454 829/473/441
f 752/348/330 35/347/329 139/352/329
f 50/362/341 156/351/333 1614/417/392
f 787/377/355 53/376/354 167/435/409
f 1565/478/444 801/2181/1104 1688/479/445
f 161/480/446 1688/479/445 907/481/447
f 757/380/358 60/379/357 166/434/408
f 60/379/357 862/436/410 1604/487/452
f 1589/488/453 841/1204/1141 1594/489/454
f 834/490/455 1589/488/453 144/472/329
f 39/496/373 142/512/474 1569/497/461
f 1544/498/462 782/504/467 36/499/373
f 767/503/466 1544/498/462 140/388/329
f 782/504/467 1559/528/490 141/396/373
s 4
f 1750/508/470 173/602/471 61/509/471
s 3
f 142/512/474 1564/515/477 820/513/475
f 1574/514/476 802/1176/1113 1564/515/477
f 1590/465/434 157/466/435 1685/520/482
f 825/522/484 40/413/329 143/415/329
f 51/402/379 154/400/377 1664/427/401
f 157/466/435 1669/467/436 944/523/485
f 1599/491/456 144/472/329 40/413/329
f 36/499/373 141/396/373 1554/398/375
f 1525/484/450 166/434/408 54/350/332
f 1565/478/444 161/480/446 59/448/420
f 1559/528/490 792/535/497 39/496/373
f 1534/474/442 139/352/329 37/354/329
f 138/372/329 38/358/329 756/360/339
f 143/415/329 1579/414/390 761/534/496
f 792/535/497 1574/514/476 142/512/474
s 4
f 1701/536/498 981/711/657 80/537/499
f 169/539/471 1695/593/550 987/540/501
f 64/545/471 170/575/471 1715/546/505
f 63/541/471 168/559/471 1690/556/515
f 1705/558/517 977/692/638 64/545/471
f 1721/562/520 185/628/583 79/563/521
f 1716/565/523 197/622/577 85/566/524
f 1736/572/530 193/582/539 78/573/531
f 170/575/471 62/688/634 996/576/533
f 1741/578/535 195/577/534 1853/579/536
f 1030/581/538 1857/635/590 193/582/539
f 171/583/540 65/685/631 1006/584/541
f 1751/586/543 961/548/507 76/549/508
f 1047/588/545 1751/586/543 184/587/544
f 61/509/471 971/722/668 1695/593/550
f 1766/594/551 1047/588/545 77/589/546
f 1058/596/553 1766/594/551 192/595/552
f 1761/598/555 1063/2182/1230 1850/599/556
f 66/600/557 1052/662/611 1745/601/558
f 196/621/576 1770/676/622 1101/603/559
f 197/622/577 1795/624/579 1085/623/578
f 79/563/521 1115/629/584 1795/624/579
f 185/628/583 1800/630/585 1115/629/584
f 78/573/531 1125/634/589 1800/630/585
f 193/582/539 1815/636/591 1125/634/589
f 1857/635/590 1149/1324/1277 1815/636/591
f 1756/652/604 1058/2056/553 81/653/554
f 187/654/605 81/653/554 1176/655/602
f 987/540/501 1705/558/517 168/559/471
f 174/661/471 1760/678/624 1052/662/611
f 962/510/472 61/509/471 169/539/471
f 997/564/522 79/563/521 197/622/577
f 1731/667/614 1011/2168/1183 1854/668/615
f 191/669/616 1854/668/615 1130/670/617
f 1755/677/623 1064/1292/1241 1760/678/624
f 1057/679/625 1755/677/623 174/661/471
f 65/685/631 172/698/644 1735/686/632
f 1710/687/633 992/693/639 62/688/634
f 977/692/638 1710/687/633 170/575/471
f 992/693/639 1725/716/662 171/583/540
f 172/698/644 1730/701/647 1031/699/645
f 1740/700/646 1012/1248/1193 1730/701/647
f 1756/652/604 187/654/605 1851/706/652
f 1048/708/654 66/600/557 173/602/471
f 187/654/605 1835/656/606 1181/709/655
f 1007/574/532 78/573/531 185/628/583
f 1765/680/626 174/661/471 66/600/557
f 62/688/634 171/583/540 1720/585/542
f 1731/667/614 191/669/616 1858/714/660
f 1725/716/662 1002/723/669 65/685/631
f 191/669/616 1810/671/618 1147/718/664
f 1700/663/612 169/539/471 63/541/471
f 168/559/471 64/545/471 966/547/506
f 173/602/471 1745/601/558 971/722/668
f 1002/723/669 1740/700/646 172/698/644
s 1
f 252/724/670 255/727/673 258/725/671
f 255/727/673 256/736/682 259/728/674
f 258/725/671 259/728/674 260/730/676
f 261/731/677 264/735/681 263/732/678
f 262/734/680 265/737/683 264/735/681
f 264/735/681 259/728/674 256/736/682
f 265/737/683 260/730/676 259/728/674
f 254/48/45 266/740/2117 268/738/684
f 266/740/686 257/1576/2118 269/741/687
f 267/739/685 268/738/684 265/742/688
f 268/744/684 269/729/687 260/730/690
f 288/745/691 291/751/695 290/746/692
f 289/748/694 292/759/697 291/749/695
f 291/751/695 293/754/698 300/752/696
f 286/146/137 294/757/701 297/755/699
f 294/757/701 295/1462/1414 298/758/702
f 296/756/700 297/755/699 292/759/703
f 297/755/699 298/758/702 293/760/704
f 299/761/705 302/763/707 301/762/706
f 300/752/696 293/754/698 302/763/707
f 302/763/707 298/766/709 295/764/708
f 303/178/165 306/2183/712 308/767/710
f 307/768/711 308/767/710 320/771/714
f 308/767/710 309/770/713 310/773/716
f 304/774/717 311/777/720 314/775/718
f 311/777/720 312/1460/1412 315/778/721
f 313/776/722 314/775/718 309/779/723
f 314/781/718 315/787/721 310/773/725
f 316/782/726 319/785/729 318/783/727
f 317/772/715 320/771/714 319/785/729
f 319/785/729 315/787/731 312/786/730
f 320/771/714 310/773/716 315/787/731
f 371/137/128 374/1579/734 376/788/732
f 375/789/733 376/788/732 387/792/736
f 376/788/732 377/791/735 378/794/738
f 372/105/97 379/797/741 381/795/739
f 379/797/741 380/806/749 382/798/742
f 381/795/739 382/798/742 378/800/744
f 383/801/746 386/805/748 385/802/747
f 384/793/737 387/792/750 386/803/748
f 386/805/748 382/798/742 380/806/749
f 387/792/750 378/794/744 382/807/742
f 408/808/167 411/811/753 414/809/751
f 411/811/753 412/822/762 415/812/754
f 414/809/751 415/812/754 416/814/756
f 417/815/757 420/821/761 419/816/758
f 418/818/760 421/2184/763 420/819/761
f 420/821/761 415/812/764 412/822/762
f 421/823/763 416/814/769 415/812/764
f 410/117/108 413/1572/767 423/824/765
f 422/825/766 423/824/765 421/823/763
f 423/824/765 424/813/2119 416/814/769
s 2
f 428/828/770 431/831/773 430/829/771
f 429/830/772 436/833/775 431/831/773
f 431/831/773 432/834/776 438/832/774
f 433/835/777 436/839/775 435/836/778
f 434/838/780 432/2185/776 436/839/775
f 438/832/774 432/834/776 439/840/781
f 439/840/781 432/2185/776 434/838/780
s 8
f 447/850/787 445/2186/2120 1863/846/788
s 9
f 454/855/793 455/1612/2121 456/856/794
s 2
f 457/857/798 452/1709/2122 451/859/791
f 472/879/816 474/878/817 473/880/818
s 15
f 476/888/825 479/2179/2123 478/889/826
s 2
f 483/890/828 486/894/832 485/891/829
f 488/898/835 487/906/834 490/899/836
f 491/903/838 494/905/840 493/904/839
f 492/896/833 486/895/832 494/905/840
f 494/905/840 487/906/834 488/898/835
s 16
f 498/907/841 504/911/2124 499/908/842
s 17
f 498/907/844 1865/916/850 500/910/845
s 2
f 508/920/852 511/923/855 510/921/853
f 511/923/855 519/926/858 517/924/856
f 511/923/855 509/922/854 512/925/857
f 514/928/860 512/925/857 509/922/854
f 516/932/862 519/934/858 518/933/863
s 22
f 1862/940/870 1866/939/2125 525/946/871
s 2
f 199/281/264 530/1600/875 198/947/873
f 532/948/874 198/947/873 540/952/877
f 533/956/881 534/964/1536 535/957/882
f 201/955/880 200/954/879 198/959/873
f 536/961/883 539/963/885 538/962/884
f 537/953/878 540/952/877 539/963/885
f 539/963/885 535/957/887 534/964/886
f 544/969/890 547/971/893 546/967/888
f 546/967/888 557/972/894 554/970/892
f 542/291/274 548/975/897 551/973/895
f 548/975/897 549/1595/1532 552/976/898
f 550/974/896 551/973/895 547/977/899
s 23
f 551/973/901 552/976/2126 557/979/902
s 2
f 553/980/904 556/982/906 555/981/905
f 554/970/892 557/972/908 556/982/906
f 556/982/906 552/985/909 549/983/907
f 561/986/910 564/989/913 563/987/911
f 562/988/912 565/997/921 564/989/913
f 564/989/913 576/992/916 573/990/914
f 564/989/913 565/997/921 566/991/915
f 567/993/917 570/996/920 569/994/918
f 568/995/919 571/1001/925 570/996/920
f 570/996/920 565/997/921 562/988/912
f 570/996/920 571/1001/925 566/991/915
f 560/303/285 572/1000/924 575/998/922
f 572/1000/924 573/990/914 576/992/916
f 575/998/922 571/1001/925 568/995/919
f 575/998/922 576/992/916 566/991/915
f 580/1002/926 583/1005/929 582/1003/927
f 581/1004/928 584/1007/931 583/1005/929
f 583/1005/929 593/1008/932 590/1006/930
f 578/1009/284 585/1012/935 587/1010/933
f 585/1012/935 591/1588/1525 588/1013/936
f 586/1011/934 587/1010/933 584/1007/937
s 24
f 587/1010/939 588/1013/2127 593/1014/940
s 2
f 579/269/252 589/1017/944 592/1015/942
f 589/1017/944 590/1006/930 593/1008/945
f 594/282/265 597/1706/949 599/1018/947
f 598/1019/948 599/1018/947 611/1022/951
f 599/1018/947 600/1021/950 601/1024/953
f 595/309/291 602/1027/956 605/1025/954
f 602/1027/956 603/1033/964 606/1028/957
f 604/1026/958 605/1025/954 600/1021/959
f 605/1025/954 606/1028/957 601/1024/953
f 607/1029/961 610/1032/963 609/1030/962
f 608/1023/952 611/1022/951 610/1032/963
f 610/1032/963 606/1028/957 603/1033/964
f 611/1022/951 601/1024/953 606/1028/957
f 615/1034/965 618/1037/968 617/1035/966
f 616/1036/967 619/2187/2128 618/1037/968
f 618/1037/968 619/2188/2128 625/1038/969
f 620/1039/970 623/1043/973 622/1040/971
f 621/1042/972 619/2189/2128 623/1043/973
f 623/1043/973 619/2187/2128 616/1036/967
f 624/1044/974 627/1047/977 626/1045/975
f 625/1038/969 619/2188/2128 627/1047/977
f 627/1047/977 619/2189/2128 621/1042/972
f 628/320/302 631/1050/980 634/1048/978
f 631/1050/980 632/1059/988 635/1051/981
f 634/1048/978 635/1051/981 636/1053/983
f 637/1054/984 640/1058/987 639/1055/985
f 638/1057/986 641/1060/989 640/1058/987
f 640/1058/987 635/1051/981 632/1059/988
f 641/1060/989 636/1053/983 635/1051/981
f 630/1061/990 642/1064/1626 644/1062/991
f 642/1064/993 633/1689/1628 645/1052/994
f 643/1063/992 644/1062/991 641/1060/989
f 644/1062/991 645/1052/994 636/1053/983
f 649/1065/995 652/1068/998 651/1066/996
f 650/1067/997 653/1070/1000 652/1068/998
f 652/1068/998 663/1071/1001 660/1069/999
f 654/1072/1002 657/1075/1005 656/1073/1003
f 655/1074/1004 658/1076/1006 657/1075/1005
f 657/1075/1005 653/1070/1000 650/1067/997
f 658/1076/1006 663/1081/1001 653/1070/1000
f 659/1077/1007 662/1080/1009 661/1078/1008
f 660/1069/999 663/1071/1001 662/1080/1009
f 662/1080/1009 658/1076/1006 655/1074/1004
f 664/341/323 667/1084/1012 670/1082/1010
f 667/1084/1012 668/1093/1020 671/1085/1013
f 670/1082/1010 671/1085/1013 672/1087/1015
f 673/1088/1016 676/1092/1019 675/1089/1017
f 674/1091/1018 677/1094/1021 676/1092/1019
f 676/1092/1019 671/1085/1022 668/1093/1020
f 677/1094/1021 672/1087/2129 671/1085/1022
f 666/1095/1023 678/1098/2130 680/1096/1024
s 25
f 678/1098/1026 669/1695/1638 681/1086/1027
s 2
f 679/1097/1025 680/1096/1024 677/1094/1029
f 680/1096/1024 681/1086/2131 672/1087/1030
f 682/213/197 685/1101/1640 687/1099/1031
f 685/1101/1033 692/1697/1642 688/1102/1034
f 686/1100/1032 687/1099/1031 699/1103/1035
f 687/1099/1031 688/1102/1034 689/1105/1037
f 683/315/297 690/1108/1040 693/1106/1038
f 690/1108/1040 691/1114/1046 694/1109/1041
f 693/1106/1038 694/1109/1041 689/1105/1037
f 695/1110/1043 698/1113/1045 697/1111/1044
f 696/1104/1036 699/1103/1035 698/1113/1045
f 698/1113/1045 694/1109/1041 691/1114/1046
f 699/1103/1035 689/1105/1037 694/1109/1041
f 700/345/327 703/1117/1049 706/1115/1047
f 703/1117/1049 704/1127/1060 707/1118/1050
s 26
f 705/1116/1051 706/1115/1054 716/1119/1052
f 706/1115/1054 707/1118/2132 708/1121/1055
s 2
f 709/1122/1056 712/1126/1059 711/1123/1057
f 710/1125/1058 707/1131/1065 712/1126/1059
f 712/1126/1059 707/1118/1050 704/1127/1060
f 702/307/289 713/1130/1063 716/1128/1061
f 715/1129/1062 716/1128/2133 707/1131/1065
f 720/1132/1069 723/1136/1073 722/1133/1070
f 721/1135/1072 724/1145/1075 723/1136/1073
f 723/1136/1073 734/1139/1076 731/1137/1074
f 725/1140/1077 728/1143/1080 727/1141/1078
f 726/1142/1079 729/1144/1081 728/1143/1080
f 728/1143/1080 724/1145/1075 721/1135/1072
f 730/1146/1082 733/1149/1084 732/1147/1083
f 731/1137/1074 734/1139/1076 733/1149/1084
f 733/1149/1084 729/1144/1081 726/1142/1079
f 734/1139/1076 724/1138/1075 729/1144/1081
f 735/202/186 738/1152/1087 741/1150/1085
f 740/1151/1086 741/1150/1085 750/1154/1089
f 736/306/288 743/1160/1096 741/1158/1094
f 743/1160/1096 744/1166/1103 750/1161/1097
f 746/1162/1099 749/1165/1101 748/1163/1100
f 747/1155/1090 750/1154/1089 749/1165/1101
f 749/1165/1102 750/1161/1097 744/1166/1103
s 3
f 801/1167/1104 804/1170/1107 807/1168/1105
f 804/1170/1107 805/1179/1116 808/1171/1108
f 807/1168/1105 808/1171/1108 809/1173/1110
f 810/1174/1111 813/1178/1115 812/1175/1112
f 811/1177/1114 814/1180/1117 813/1178/1115
f 813/1178/1115 808/1171/1108 805/1179/1116
f 814/1180/1117 809/1173/1110 808/1171/1108
f 803/393/370 815/1183/2134 817/1181/1118
f 815/1183/1120 806/1943/2135 818/1184/1121
f 816/1185/1119 817/1186/1118 814/1180/1122
f 817/1186/1118 818/1172/1121 809/1173/1124
f 839/1187/483 842/1190/1127 844/1188/1125
f 842/1190/1127 849/2190/2136 845/1191/1128
f 843/1189/1126 844/1188/1125 856/1192/1129
f 844/1188/1125 845/1191/1128 846/1194/1131
f 840/1195/1132 847/1839/1135 850/1196/1133
f 847/1198/1135 848/1206/1789 851/1199/1136
f 850/1200/1133 851/1199/1136 846/1194/1138
f 852/1202/1139 855/1205/1142 854/1203/1140
f 853/1193/1130 856/1192/1129 855/1205/1142
f 855/1205/1142 851/1199/1144 848/1206/1143
f 856/1192/1129 846/1194/1131 851/1199/1144
f 907/481/447 910/2191/1147 912/1207/1145
f 911/1208/1146 912/1207/1145 923/1211/1149
f 912/1207/1145 913/1210/2137 914/1213/1151
f 908/450/422 915/1216/1154 917/1214/1152
f 915/1216/1154 916/1221/1161 918/1217/1155
f 917/1214/1152 918/1217/1155 914/1213/1157
f 919/1218/1158 922/1220/1160 921/1219/1159
f 920/1212/1150 923/1211/1162 922/1220/1160
f 922/1220/1160 918/1217/1155 916/1221/1161
f 923/1211/1162 914/1213/1157 918/1217/1155
f 944/523/485 947/1224/1165 949/1222/1163
f 947/1224/1165 948/1233/1175 950/1225/1166
f 949/1222/1163 950/1225/1166 951/1227/1168
f 952/1228/1170 955/1232/1174 954/1229/1171
f 953/1231/1173 956/1234/1176 955/1232/1174
f 955/1232/1174 950/1225/1177 948/1233/1175
f 956/1234/1176 951/1227/1182 950/1225/1177
f 946/462/431 957/1937/1180 959/1235/1178
f 958/1236/1179 959/1235/1178 956/1234/1176
f 959/1235/1178 960/1226/1181 951/1227/1182
s 4
f 1011/1238/1183 1014/1241/1186 1017/1239/1184
f 1014/1241/1186 1015/1251/1196 1018/1242/1187
f 1016/1240/1185 1017/1239/1184 1028/1243/1188
f 1017/1239/1184 1018/1242/1187 1019/1245/1190
f 1020/1246/1191 1023/1250/1195 1022/1247/1192
f 1021/1249/1194 1024/1252/1197 1023/1250/1195
f 1023/1250/1195 1018/1242/1187 1015/1251/1196
f 1024/1252/1197 1019/1245/1190 1018/1242/1187
f 1013/580/537 1025/2163/1200 1027/1253/1198
f 1026/1254/1199 1027/1253/1198 1024/1256/1202
f 1027/1255/1198 1028/1243/1201 1019/1245/1203
f 1032/1258/1204 1035/1261/1207 1034/1259/1205
f 1033/1260/1206 1036/1269/1209 1035/1261/1207
f 1035/1261/1207 1046/1264/1210 1043/1262/1208
f 1037/1265/1211 1040/1268/1214 1039/1266/1212
f 1038/1267/1213 1041/1270/1215 1040/1268/1214
f 1039/1266/1212 1040/1268/1214 1036/1269/1209
f 1031/699/645 1042/1273/1218 1045/1271/1216
f 1042/1273/1218 1043/2019/1964 1046/1274/1219
f 1044/1272/1217 1045/1271/1216 1041/1275/1220
f 1045/1271/1222 1046/1274/1210 1036/1277/1209
f 1062/707/653 1065/2192/1225 1067/1278/1223
f 1066/1279/1224 1067/1278/1223 1079/1282/1227
f 1067/1278/1223 1068/1281/1226 1069/1284/1229
f 1063/1285/1230 1070/1288/1233 1073/1286/1231
f 1070/1288/1233 1071/1294/2004 1074/1289/1234
f 1072/1287/1235 1073/1286/1231 1068/1281/1236
f 1073/1286/1231 1074/1289/1234 1069/1284/1238
f 1075/1290/1239 1078/1293/1242 1077/1291/1240
f 1076/1283/1228 1079/1282/1227 1078/1293/1242
f 1078/1293/1242 1074/1289/1244 1071/1294/1243
f 1079/1282/1227 1069/1284/1229 1074/1289/1244
f 1130/670/617 1139/2170/1247 1134/1295/1245
f 1133/1296/1246 1134/1295/1245 1146/1299/1249
f 1134/1295/1245 1135/1298/2138 1136/1301/1251
f 1131/637/592 1137/1304/1254 1140/1302/1252
f 1137/1304/1254 1138/1309/1261 1141/1305/1255
f 1140/1302/1252 1141/1305/1255 1136/1301/1257
f 1142/1306/1258 1145/1308/1260 1144/1307/1259
f 1143/1300/1250 1146/1299/1262 1145/1308/1260
f 1145/1308/1260 1141/1305/1255 1138/1309/1261
f 1146/1299/1262 1136/1301/1257 1141/1305/1255
f 1150/1310/1263 1153/1313/1266 1152/1311/1264
f 1151/1312/1265 1154/1321/1274 1153/1313/1266
f 1153/1313/1266 1165/1316/1269 1162/1314/1267
f 1153/1313/1266 1154/1321/1274 1155/1315/1268
f 1156/1317/1270 1159/1320/1273 1158/1318/1271
f 1156/1317/1270 1157/1326/1279 1160/1319/1272
f 1159/1320/1273 1154/1321/1274 1151/1312/1265
f 1159/1320/1273 1160/1319/1272 1155/1315/1268
f 1161/1322/1275 1164/1325/1278 1163/1323/1276
f 1162/1314/1267 1165/1316/1269 1164/1325/1278
f 1164/1325/1278 1160/1319/1272 1157/1326/1279
f 1165/1316/1269 1155/1315/1268 1160/1319/1272
f 1181/709/655 1184/1329/1282 1187/1327/1280
f 1184/1329/1282 1185/2145/1291 1188/1330/1283
f 1187/1327/1280 1188/1330/1283 1189/1332/1285
f 1190/1333/1286 1193/1337/1290 1192/1334/1287
f 1191/1336/1289 1194/1339/1292 1193/1337/1290
f 1193/1337/1290 1188/1340/1293 1185/1338/1291
f 1194/1339/1292 1189/1345/1298 1188/1340/1293
f 1183/649/601 1186/2159/1296 1196/1341/1294
f 1195/1342/1295 1196/1341/1294 1194/1339/1292
f 1196/1341/1294 1197/1344/2139 1189/1345/1298
s 1
f 223/25/24 1198/24/23 1200/1349/1302
f 226/1350/1303 1200/1349/1302 1201/1351/1304
f 225/1352/1306 1201/1351/1311 1202/1353/1307
f 1202/1355/1307 1199/140/131 222/183/169
f 1198/24/23 207/15/14 209/1357/1309
f 1200/1349/1302 209/1357/1309 210/1358/1310
f 1201/1351/1311 210/1358/1349 211/1359/1312
f 211/1360/1312 208/35/33 1199/140/131
f 1203/61/57 1205/1362/1314 231/1361/1313
f 1205/1362/1314 1206/1368/1320 230/1363/1315
f 1206/1364/1316 1207/1370/1322 229/1365/1317
f 229/1365/1317 1207/1370/1322 1204/119/110
f 212/194/178 214/1367/1319 1205/1362/1314
f 214/1367/1319 215/1435/1388 1206/1368/1320
f 215/1369/1321 216/1437/1390 1207/1370/1322
f 1207/1370/1322 216/1437/1390 213/18/17
f 1208/130/121 1210/1372/1324 206/1371/1323
f 1210/1372/1324 1211/1374/1329 205/1373/1325
f 1211/1374/1326 1212/1377/1330 204/1375/1327
f 204/1376/1327 1212/1378/1330 1209/4/4
f 223/25/24 226/1350/1303 1210/1372/1324
f 226/1350/1303 225/1352/1305 1211/1374/1329
f 225/1352/1306 224/1354/1308 1212/1377/1330
f 1212/1378/1330 224/1356/1308 222/183/169
f 218/159/148 1213/26/25 1215/1379/1331
f 221/1380/1332 1215/1379/1331 1216/1381/1333
f 220/1383/1335 1216/1386/1338 1217/1384/1336
f 1217/1384/1336 1214/23/22 217/10/9
f 1213/26/25 228/8/8 231/1361/1313
f 1215/1379/1331 231/1361/1313 230/1363/1315
f 1216/1386/1338 230/1366/1318 229/1365/1317
f 229/1365/1317 227/21/20 1214/23/22
f 233/160/149 1218/154/144 1220/1387/1339
f 236/1388/1340 1220/1387/1339 1221/1389/1341
f 235/1391/1343 1221/1394/1346 1222/1392/1344
f 1222/1392/1344 1219/12/11 232/29/27
f 1218/154/144 218/159/148 221/1380/1332
f 1220/1387/1339 221/1380/1332 220/1382/1334
f 1221/1394/1346 220/1383/1335 219/1385/1337
f 219/1385/1337 217/10/9 1219/12/11
f 207/15/14 1223/14/13 1225/1395/1347
f 209/1357/1309 1225/1395/1347 1226/1396/1348
f 210/1358/1349 1226/1396/1353 1227/1397/1350
f 1227/1398/1350 1224/33/31 208/35/33
f 1223/14/13 237/44/41 239/1399/1351
f 1225/1395/1347 239/1399/1351 240/1400/1352
f 1226/1396/1353 240/1400/1357 241/1401/1354
f 241/1402/1354 238/32/30 1224/33/31
f 237/44/41 1228/53/49 1230/1403/1355
f 239/1399/1351 1230/1403/1355 1231/1404/1356
f 240/1400/1357 1231/1404/1361 1232/1405/1358
f 1232/1406/1358 1229/30/28 238/32/30
f 1228/53/49 247/52/48 249/1407/1359
f 1230/1403/1355 249/1407/1359 250/1408/1360
f 1231/1404/1361 250/1408/1379 251/1409/1362
f 251/1410/1362 248/42/40 1229/30/28
f 243/195/179 1233/188/172 1235/1411/1363
f 246/1412/1364 1235/1411/1363 1236/1413/1365
f 245/1415/1367 1236/1418/1370 1237/1416/1368
f 1237/1416/1368 1234/37/35 242/39/37
f 1233/188/172 233/160/149 236/1388/1340
f 1235/1411/1363 236/1388/1340 235/1390/1342
f 1236/1418/1370 235/1391/1343 234/1393/1345
f 234/1393/1345 232/29/27 1234/37/35
f 1238/171/159 1240/1420/1372 274/1419/1371
f 1240/1420/1372 1241/1422/1374 273/1421/1373
f 1241/1422/1374 1242/1424/1376 272/1423/1375
f 1242/1424/1376 1239/134/125 270/187/46
f 253/733/679 263/732/678 1240/1420/1372
f 263/732/678 256/736/682 1241/1422/1374
f 256/736/682 255/727/673 1242/1424/1376
f 255/727/673 252/724/670 1239/134/125
f 247/52/48 1243/153/143 1245/1425/1377
f 249/1407/1359 1245/1425/1381 1246/1426/1378
f 250/1408/1379 1246/1426/1382 1247/1427/1380
f 251/1410/1362 1247/1429/1380 1244/40/38
f 1243/153/143 271/169/157 274/1419/1371
f 1245/1425/1381 274/1419/1371 273/1421/1373
f 1246/1426/1382 273/1421/1373 272/1423/1375
f 272/1428/1375 270/49/46 1244/40/38
f 253/733/679 1248/170/158 1250/1430/1383
f 261/731/677 1250/1430/1383 1251/1431/1384
f 262/743/689 1251/1433/1386 1252/1432/1385
f 267/739/685 1252/1432/1385 1249/46/43
f 1248/170/158 243/195/179 246/1412/1364
f 1250/1430/1383 246/1412/1364 245/1414/1366
f 1251/1433/1386 245/1415/1367 244/1417/1369
f 1252/1432/1385 244/1417/1369 242/39/37
f 1253/69/65 1255/1434/1387 214/1367/1319
f 1255/1434/1387 1256/1439/1392 215/1435/1388
f 1256/1436/1389 1257/1441/1394 216/1437/1390
f 216/1437/1390 1257/1441/1394 1254/163/151
f 280/129/120 282/1438/1391 1255/1434/1387
f 282/1438/1391 283/1456/1408 1256/1439/1392
f 283/1440/1393 284/1442/1395 1257/1441/1394
f 284/1442/1395 281/58/54 1254/163/151
f 1258/1/1 1260/1444/1397 279/1443/1396
f 1260/1444/1397 1261/1446/1402 278/1445/1398
f 1261/1446/1399 1262/1449/1403 277/1447/1400
f 277/1448/1400 1262/1450/1403 1259/54/50
f 203/3/3 206/1371/1323 1260/1444/1397
f 206/1371/1323 205/1373/1325 1261/1446/1402
f 205/1373/1328 204/1375/1327 1262/1449/1403
f 1262/1450/1403 204/1376/1327 202/16/15
f 305/784/728 1263/144/135 1265/1451/1404
f 316/782/726 1265/1451/1404 1266/1452/1405
f 317/772/715 1266/1452/1405 1267/1453/1406
f 307/768/711 1267/1453/1406 1264/176/111
f 1263/144/135 286/146/137 296/756/700
f 1265/1451/1404 296/756/700 289/748/694
f 1266/1452/1405 289/748/694 288/750/691
f 1267/1454/1406 288/745/691 285/747/693
f 1268/145/136 1270/1455/1407 282/1438/1391
f 1270/1455/1407 1271/1459/1411 283/1456/1408
f 1271/1457/1409 1272/1458/1410 284/1442/1395
f 1272/1458/1410 1269/66/62 281/58/54
f 305/784/728 318/783/727 1270/1455/1407
f 318/783/727 312/786/730 1271/1459/1411
f 312/1460/1412 311/777/720 1272/1458/1410
f 311/777/720 304/774/717 1269/66/62
f 1273/147/138 1275/1461/1413 294/757/701
f 1275/1461/1413 1276/1463/1417 295/1462/1414
f 1276/1463/1415 1277/1466/1416 301/1464/706
f 1277/1465/1416 1274/62/58 287/64/60
f 276/179/166 279/1443/1396 1275/1461/1413
f 279/1443/1396 278/1445/1398 1276/1463/1417
f 278/1445/1401 277/1447/1400 1277/1466/1416
f 277/1448/1400 275/56/52 1274/62/58
f 1278/143/134 1280/1468/1419 345/1467/1418
f 1280/1468/1419 1281/1470/1421 344/1469/1420
f 1281/1470/1421 1282/1472/1423 343/1471/1422
f 1282/1472/1423 1279/192/176 341/193/177
f 326/91/85 328/1473/1424 1280/1468/1419
f 328/1473/1424 329/1474/1425 1281/1470/1421
f 329/1474/1425 330/1475/1426 1282/1472/1423
f 330/1475/1426 327/191/175 1279/192/176
f 347/85/79 1283/84/78 1285/1476/1427
f 350/1477/1428 1285/1476/1427 1286/1478/1429
f 349/1479/1430 1286/1478/1429 1287/1480/1431
f 348/1481/1432 1287/1480/1431 1284/124/115
f 1283/84/78 331/88/82 333/1482/1433
f 1285/1476/1427 333/1482/1433 334/1483/1434
f 1286/1478/1429 334/1483/1434 335/1484/1435
f 1287/1480/1431 335/1484/1435 332/125/116
f 322/81/75 1288/72/68 1290/1485/1436
f 325/1486/1437 1290/1485/1436 1291/1487/1438
f 324/1488/1439 1291/1487/1438 1292/1489/1440
f 323/1490/1441 1292/1489/1440 1289/141/132
f 1288/72/68 342/71/67 345/1467/1418
f 1290/1485/1436 345/1467/1418 344/1469/1420
f 1291/1487/1438 344/1469/1420 343/1471/1422
f 1292/1489/1440 343/1471/1422 341/193/177
f 1293/86/80 1295/1492/1443 340/1491/1442
f 1295/1492/1443 1296/1494/1445 339/1493/1444
f 1296/1494/1445 1297/1496/1447 338/1495/1446
f 1297/1496/1447 1294/162/150 336/184/170
f 347/85/79 350/1477/1428 1295/1492/1443
f 350/1477/1428 349/1479/1430 1296/1494/1445
f 349/1479/1430 348/1481/1432 1297/1496/1447
f 348/1481/1432 346/127/118 1294/162/150
f 1298/77/72 1300/1498/1449 355/1497/1448
f 1300/1498/1449 1301/1500/1451 354/1499/1450
f 1301/1500/1451 1302/1502/1453 353/1501/1452
f 1302/1502/1453 1299/94/88 351/78/73
f 337/126/117 340/1491/1442 1300/1498/1449
f 340/1491/1442 339/1493/1444 1301/1500/1451
f 339/1493/1444 338/1495/1446 1302/1502/1453
f 338/1495/1446 336/184/170 1299/94/88
f 1303/92/86 1305/1503/1454 328/1473/1424
f 1305/1503/1454 1306/1504/1455 329/1474/1425
f 1306/1504/1455 1307/1505/1456 330/1475/1426
f 1307/1505/1456 1304/74/70 327/191/175
f 356/97/90 358/1506/1457 1305/1503/1454
f 358/1506/1457 359/1507/1458 1306/1504/1455
f 359/1507/1458 360/1508/1459 1307/1505/1456
f 360/1508/1459 357/139/130 1304/74/70
f 1308/98/91 1310/1509/1460 358/1506/1457
f 1310/1509/1460 1311/1510/1461 359/1507/1458
f 1311/1510/1461 1312/1511/1462 360/1508/1459
f 1312/1511/1462 1309/185/171 357/139/130
f 366/102/94 368/1512/1463 1310/1509/1460
f 368/1512/1463 369/1513/1464 1311/1510/1461
f 369/1513/1464 370/1514/1465 1312/1511/1462
f 370/1514/1465 367/182/168 1309/185/171
f 1313/93/87 1315/1516/1467 365/1515/1466
f 1315/1516/1467 1316/1518/1469 364/1517/1468
f 1316/1518/1469 1317/1520/1471 363/1519/1470
f 1317/1520/1471 1314/80/74 361/101/93
f 352/156/145 355/1497/1448 1315/1516/1467
f 355/1497/1448 354/1499/1450 1316/1518/1469
f 354/1499/1450 353/1501/1452 1317/1520/1471
f 353/1501/1452 351/78/73 1314/80/74
f 389/190/174 1318/138/129 1320/1521/1472
f 392/1522/1473 1320/1521/1472 1321/1523/1474
f 391/1524/1475 1321/1523/1474 1322/1525/1476
f 390/1527/1477 1322/1528/1476 1319/173/161
f 1318/138/129 371/137/128 375/789/733
f 1320/1521/1472 375/789/733 384/793/737
f 1321/1523/1474 384/793/737 383/804/746
f 1322/1528/1476 383/801/746 373/174/162
f 1323/104/96 1325/1529/1478 368/1512/1463
f 1325/1529/1478 1326/1530/1479 369/1513/1464
f 1326/1530/1479 1327/1531/1480 370/1514/1465
f 1327/1531/1480 1324/157/146 367/182/168
f 389/1532/174 392/1533/1473 1325/1529/1478
f 392/1533/1473 391/1534/1475 1326/1530/1479
f 391/1534/1475 390/1527/1477 1327/1531/1480
f 390/1527/1477 388/175/163 1324/157/146
f 1328/99/92 1330/1535/1481 379/797/741
f 1330/1535/1481 1331/1536/1482 380/806/749
f 1331/1536/1482 1332/1537/1483 385/802/747
f 1332/1537/1483 1329/172/160 373/174/162
f 362/189/173 365/1515/1466 1330/1535/1481
f 365/1515/1466 364/1517/1468 1331/1536/1482
f 364/1517/1468 363/1519/1470 1332/1537/1483
f 363/1519/1470 361/101/93 1329/172/160
f 331/88/82 1333/109/100 1335/1538/1484
f 333/1482/1433 1335/1538/1484 1336/1539/1485
f 334/1483/1434 1336/1539/1485 1337/1540/1486
f 335/1484/1435 1337/1540/1486 1334/167/155
f 1333/109/100 398/110/101 400/1541/1487
f 1335/1538/1484 400/1541/1487 401/1542/1488
f 1336/1543/1485 401/1563/1488 402/1544/1489
f 1337/1545/1486 402/1544/1489 399/1546/122
f 394/111/102 1338/82/76 1340/1548/1490
f 397/1549/1491 1340/1548/1490 1341/1550/1492
f 396/1551/1493 1341/1550/1492 1342/1552/1494
f 395/1553/1495 1342/1552/1494 1339/115/106
f 1338/82/76 322/81/75 325/1486/1437
f 1340/1548/1490 325/1486/1437 324/1488/1439
f 1341/1550/1492 324/1488/1439 323/1490/1441
f 1342/1552/1494 323/1490/1441 321/106/98
f 1343/1554/1496 1345/1555/1497 411/811/753
f 1345/1555/1497 1346/1556/1498 412/822/762
f 1346/1556/1498 1347/1557/1499 419/816/758
f 1347/1557/1499 1344/151/142 409/817/759
f 403/118/109 405/1558/1500 1345/1555/1497
f 405/1558/1500 406/1559/1501 1346/1556/1498
f 406/1559/1501 407/1560/1502 1347/1557/1499
f 407/1560/1502 404/148/139 1344/151/142
f 398/110/101 1348/116/107 1350/1561/1503
f 400/1541/1487 1350/1561/1503 1351/1562/1504
f 401/1563/1488 1351/1566/1504 1352/1564/1505
f 402/1544/1489 1352/1564/1505 1349/1565/141
f 1348/116/107 410/117/108 422/825/766
f 1350/1561/1503 422/825/766 418/827/760
f 1351/1566/1504 418/818/760 417/820/757
f 1352/1564/1505 417/820/757 409/1567/759
f 403/118/109 1353/112/103 1355/1568/1506
f 405/1558/1500 1355/1568/1506 1356/1569/1507
f 406/1559/1501 1356/1569/1507 1357/1570/1508
f 407/1560/1502 1357/1570/1508 1354/149/140
f 1353/112/103 394/111/102 397/1549/1491
f 1355/1568/1506 397/1549/1491 396/1551/1493
f 1356/1569/1507 396/1551/1493 395/1553/1495
f 1357/1570/1508 395/1553/1495 393/114/105
f 1359/65/61 1363/1348/1301 299/761/705
f 1363/1348/1301 1362/1347/1300 300/752/696
f 1362/1347/1300 1361/1346/1299 290/746/692
f 1361/1346/1299 1358/121/112 285/747/693
f 410/117/108 1364/67/63 1366/1571/1509
f 413/1573/752 1366/1574/1513 1365/177/164
f 1364/67/63 304/774/717 313/776/1510
f 1366/1574/1513 306/2183/712 303/178/165
f 1367/47/44 1369/1578/1517 266/740/1514
f 1369/1577/1516 1368/135/126 252/724/670
f 372/105/97 374/796/740 1369/1578/1517
f 374/1579/734 371/137/128 1368/135/126
s 2
f 543/261/244 1370/260/243 1372/1580/1518
f 553/980/904 1372/1580/1518 1373/1581/1519
f 1374/1582/1520 1371/262/245 541/244/227
f 1370/260/243 558/276/259 563/987/911
f 1372/1580/1518 563/987/911 573/990/914
f 573/990/914 572/1000/924 1374/1582/1520
f 1377/1583/1521 1378/1585/1523 568/995/919
f 577/232/216 582/1003/927 1377/1583/1521
f 1380/289/272 1381/1589/1524 585/1586/935
f 1380/289/272 542/291/274 550/974/896
f 529/301/283 1383/297/279 1385/1591/1528
f 1386/1592/1529 1387/1593/1530 532/948/874
f 1383/297/279 559/255/238 569/994/918
f 1385/1591/1528 569/994/918 562/988/912
f 561/986/910 558/276/259 1384/275/258
f 1388/290/273 1390/1594/1531 548/975/897
f 1390/1594/1531 1391/1599/1533 549/1595/1532
f 1391/1598/1533 1389/229/213 543/261/244
f 1388/290/273 528/250/233 201/955/880
f 1390/1594/1531 201/955/880 531/950/876
f 530/1600/875 199/281/264 1389/229/213
f 448/852/790 1396/210/194 1398/1607/1539
f 451/1608/791 1398/1607/1539 1399/1609/1540
f 455/1612/1543 453/1610/803 1400/1611/1541
f 453/1610/803 1399/1609/1540 1400/1611/1541
f 456/856/1542 1400/1611/1541 1397/247/230
f 425/164/152 430/829/771 1398/1607/1539
f 430/829/771 438/832/774 1399/1609/1540
f 438/832/774 437/841/782 1400/1611/1541
f 437/841/782 427/245/228 1397/247/230
f 1401/259/242 1403/1614/1545 467/1613/1544
f 465/2193/2140 467/1613/1544 1864/867/1547
f 467/1613/1544 1403/1614/1545 1864/867/1547
f 1404/1615/1546 1405/1616/1549 463/864/1548
f 1405/1616/1549 1402/237/221 459/318/300
f 1401/259/242 427/245/228 437/842/782
f 1403/1614/1545 437/842/782 434/838/780
f 1404/1615/1546 434/838/780 433/835/777
f 1405/1616/1549 433/835/777 426/837/779
f 1406/317/299 1408/1617/1551 454/855/1550
f 1408/1617/1551 1409/1618/1553 455/862/1552
f 1409/1618/1553 1410/1619/1554 458/858/797
f 1410/1619/1554 1407/234/218 450/236/220
f 1406/317/299 461/217/201 467/1620/1544
f 1408/1617/1551 467/1620/1544 465/871/1555
f 1409/1618/1553 465/871/1555 463/870/1556
f 1410/1619/1554 463/870/809 460/248/231
f 483/890/828 1413/1621/1557 1414/1622/1558
f 489/901/837 1415/1623/1559 1412/279/262
f 444/844/1560 445/847/1561 1414/1622/1558
f 446/1624/1562 442/277/260 1412/279/262
f 493/904/839 488/898/835 1419/1626/1566
f 489/900/837 481/322/304 1417/338/320
f 1421/209/193 1423/1631/1570 501/1630/1569
f 1423/1631/1570 1424/1632/1572 502/917/1571
f 1425/1633/1573 1422/267/250 497/271/254
f 1423/1631/1570 446/1634/1562 447/850/1574
f 1430/1638/1579 1427/296/278 468/344/326
f 1428/1635/1577 513/930/1580 509/931/854
f 1431/328/310 1433/1639/1581 513/927/1580
f 1433/1639/1581 1434/1640/1582 514/935/860
f 1434/1640/1582 1435/1641/1583 518/933/863
f 1435/1641/1583 1432/201/185 507/284/267
f 1431/328/310 521/329/311 524/1642/1584
f 1433/1639/1581 524/1642/1584 1866/1643/1585
f 1434/1640/1582 1866/1643/1585 523/938/1586
f 1435/1641/1583 523/938/1586 520/199/183
f 1438/1645/1587 1439/1646/1589 525/946/1588
f 1439/1646/1589 1440/1647/1591 527/942/1590
f 1436/342/324 470/196/180 478/889/1592
f 1438/1645/1587 478/889/1592 479/886/1593
f 1439/1646/1589 479/886/1593 474/885/821
f 1440/1647/1591 474/885/821 469/882/820
f 596/1031/317 1441/1651/316 1443/1648/1594
f 607/1029/961 1443/1648/1594 1444/1649/1595
f 608/1023/952 1444/1649/1595 1445/1650/1596
f 598/1019/948 1445/1650/1596 1442/283/266
f 1441/1651/316 613/1041/318 622/1040/971
f 1443/1648/1594 622/1040/971 616/1036/967
f 1444/1649/1595 616/1036/967 615/1034/965
f 1445/1650/1596 615/1034/965 612/321/303
f 1446/308/290 1448/1652/1597 631/1050/980
f 1448/1652/1597 1449/1653/1598 632/1059/988
f 1449/1653/1598 1450/1654/1599 639/1055/985
f 1450/1654/1599 1447/1655/207 629/1056/209
f 614/1046/976 626/1045/975 1448/1652/1597
f 626/1045/975 621/1042/972 1449/1653/1598
f 621/1042/972 620/1039/970 1450/1654/1599
f 620/1039/970 613/1041/318 1447/1655/207
f 1451/311/293 1453/1656/1600 602/1027/956
f 1453/1656/1600 1454/1657/1601 603/1033/964
f 1454/1657/1601 1455/1658/1602 609/1030/962
f 1455/1658/1602 1452/1659/208 596/1031/317
f 1451/311/293 630/1061/990 643/1063/992
f 1453/1656/1600 643/1063/992 638/1057/986
f 1454/1657/1601 638/1057/986 637/1054/984
f 1455/1658/1602 637/1054/984 629/1056/209
f 1456/1660/307 1458/1661/1603 659/1077/1007
f 1460/1663/1605 1457/227/211 646/226/210
f 675/1089/1017 668/1093/1020 1459/1662/1604
f 668/1093/1020 667/1084/1012 1460/1663/1605
f 684/1112/322 1461/1667/321 1463/1664/1606
f 695/1110/1043 1463/1664/1606 1464/1665/1607
f 696/1104/1036 1464/1665/1607 1465/1666/1608
f 1461/1667/321 648/1079/305 661/1078/1008
f 1466/313/295 1468/1668/1609 690/1108/1040
f 1468/1668/1609 1469/1669/1610 691/1114/1046
f 1469/1669/1610 1470/1670/1611 697/1111/1044
f 1470/1670/1611 1467/1671/308 684/1112/322
f 1466/313/295 666/1095/1023 679/1097/1025
f 1468/1668/1609 679/1097/1025 674/1091/1018
f 1469/1669/1610 674/1091/1018 673/1088/1016
f 1470/1670/1611 673/1088/1016 665/1090/309
f 1473/1672/1612 1474/1673/1613 704/1127/1060
f 1474/1673/1613 1475/1674/1614 711/1123/1057
f 717/1134/1071 722/1133/1070 1473/1672/1612
f 718/304/286 1476/203/187 1478/1676/1615
f 725/1140/1077 1478/1676/1615 1479/1677/1616
f 726/1142/1079 1479/1677/1616 1480/1678/1617
f 732/1147/1083 1480/1678/1617 1477/1679/312
f 1476/203/187 735/202/186 740/1151/1086
f 1478/1676/1615 740/1151/1086 747/1155/1090
f 1479/1677/1616 747/1155/1090 746/1162/1099
f 1480/1678/1617 746/1162/1099 737/1164/313
f 1481/305/287 1483/1680/1618 743/1160/1096
f 1483/1680/1618 1484/1681/1619 744/1166/1103
f 1484/1681/1619 1485/1682/1620 748/1163/1100
f 1485/1682/1620 1482/1683/199 737/1164/313
f 1481/305/287 702/307/289 715/1129/1062
f 1483/1680/1618 715/1129/1062 710/1125/1058
f 1484/1681/1619 710/1125/1058 709/1122/1056
f 1485/1682/1620 709/1122/1056 701/1124/200
f 1486/166/154 1488/1684/1621 428/828/770
f 1488/1684/1621 1489/1685/1623 429/830/1622
f 1489/1685/1623 1490/1686/1624 435/836/778
f 1490/1686/1624 1487/238/222 426/837/779
f 612/321/303 617/1035/966 1488/1684/1621
f 617/1035/966 625/1038/969 1489/1685/1623
f 625/1038/969 624/1044/974 1490/1686/1624
f 624/1044/974 614/1046/976 1487/238/222
f 630/1061/990 1491/310/292 1493/1687/1625
f 642/1064/993 1493/1687/1629 1494/1688/1627
f 633/1049/979 1494/1690/1631 1492/319/301
f 1491/310/292 460/248/231 466/869/810
f 1493/1687/1629 466/869/1630 462/874/1630
f 1494/1690/1631 462/863/804 459/318/300
f 1495/222/206 1497/1694/1637 443/843/1632
f 443/849/1636 1498/1693/1639 1496/312/294
f 664/341/323 669/1083/1011 1497/1694/1637
s 25
f 669/1695/1638 678/1098/1026 1498/1693/1635
s 2
f 1498/1693/1639 678/1098/2130 666/1095/1023
f 1499/273/256 1501/1696/1644 685/1101/1640
f 1501/1696/1641 1502/1699/1646 692/1697/1642
f 1502/1698/1643 1500/270/253 683/315/297
f 495/909/1563 499/908/2141 1501/1696/1644
f 503/912/847 497/271/254 1500/270/253
f 507/284/267 1503/285/268 1505/1700/1648
f 516/932/862 1505/1700/1648 1506/1701/1649
f 517/924/1650 1506/1701/1649 1507/1702/1651
f 510/921/853 1507/1702/1651 1504/332/314
f 1503/285/268 718/304/286 727/1141/1078
f 1505/1700/1648 727/1141/1078 721/1135/1072
f 1506/1701/1649 721/1135/1072 720/1132/1069
f 1507/1702/1651 720/1132/1069 717/1134/1071
f 1508/287/270 1510/1705/1652 713/1130/1063
s 31
f 714/1120/1653 1510/1703/1656 1511/1704/1654
s 2
f 705/1116/1048 1511/1704/1659 1509/343/325
f 469/882/820 475/884/822 1510/1705/1652
f 1511/1704/1659 471/875/815 468/344/326
f 1512/211/195 1514/1708/1661 597/1706/949
f 597/1020/960 1514/1710/1663 1515/1707/1660
f 604/1026/955 1515/1707/1664 1513/235/219
f 448/852/790 452/854/792 1514/1708/1661
f 452/1709/1662 457/857/1662 1515/1707/1660
f 1515/1707/1664 457/857/796 450/236/220
f 1516/264/247 1518/1711/1665 491/903/838
f 1518/1711/1665 1519/1712/1667 492/896/1666
f 1519/1712/1667 1520/1713/1668 485/891/829
f 1520/1713/1668 1517/300/282 480/892/830
f 647/314/296 656/1073/1003 1518/1711/1665
f 1518/1711/1665 656/1073/1003 650/1067/997
f 650/1067/997 649/1065/995 1520/1713/1668
f 1520/1713/1668 649/1065/995 646/226/210
f 1521/293/276 1523/1715/1672 526/941/1669
f 1523/1714/1670 1522/1717/1675 520/199/183
f 1521/293/276 736/306/288 745/1159/1095
f 738/1152/1087 735/202/186 1522/1717/1675
s 3
f 772/370/349 1524/369/348 1526/1718/1676
f 775/1719/1677 1526/1718/1676 1527/1720/1678
f 774/1722/1680 1527/1728/1685 1528/1723/1681
f 1528/1723/1681 1525/484/450 771/525/487
f 1524/369/348 756/360/339 758/1725/1683
f 1526/1726/1676 758/1766/1683 759/1727/1684
f 1527/1728/1685 759/1727/1723 760/1729/1686
f 760/1729/1686 757/380/358 1525/484/450
f 1529/406/383 1531/1731/1688 780/1730/1687
f 1531/1731/1688 1532/1737/1694 779/1732/1689
f 1532/1733/1690 1533/1739/1696 778/1734/1691
f 778/1734/1691 1533/1739/1696 1530/464/433
f 761/534/496 763/1736/1693 1531/1731/1688
f 763/1736/1693 764/1809/1762 1532/1737/1694
f 764/1738/1695 765/1811/1764 1533/1739/1696
f 1533/1739/1696 765/1811/1764 762/363/342
f 1534/474/442 1536/1741/1698 755/1740/1697
f 1536/1741/1698 1537/1746/1703 754/1742/1699
f 1537/1743/1700 1538/1747/1704 753/1744/1701
f 753/1744/1701 1538/1747/1704 1535/349/331
f 772/370/349 775/1719/1677 1536/1741/1698
f 775/1719/1677 774/1721/1679 1537/1746/1703
f 774/1722/1680 773/1724/1682 1538/1747/1704
f 1538/1747/1704 773/1724/1682 771/525/487
f 767/503/466 1539/371/350 1541/1748/1705
f 770/1749/1706 1541/1748/1705 1542/1750/1707
f 769/1751/1709 1542/1750/1712 1543/1752/1710
f 1543/1754/1710 1540/368/347 766/355/335
f 1539/371/350 777/353/334 780/1730/1687
f 1541/1748/1705 780/1730/1687 779/1732/1689
f 1542/1756/1712 779/1735/1692 778/1734/1691
f 778/1734/1691 776/366/345 1540/368/347
f 782/504/467 1544/498/462 1546/1757/1713
f 785/1758/1714 1546/1757/1713 1547/1759/1715
f 784/1760/1717 1547/1759/1720 1548/1761/1718
f 1548/1763/1718 1545/357/337 781/374/352
f 1544/498/462 767/503/466 770/1749/1706
f 1546/1757/1713 770/1749/1706 769/1751/1708
f 1547/1759/1720 769/1751/1709 768/1753/1711
f 768/1755/1711 766/355/335 1545/357/337
f 756/360/339 1549/359/338 1551/1765/1721
f 758/1766/1683 1551/1770/1721 1552/1767/1722
f 759/1727/1723 1552/1767/1727 1553/1768/1724
f 1553/1768/1724 1550/378/356 757/380/358
f 1549/359/338 786/389/366 788/1769/1725
f 1551/1770/1721 788/1774/1725 789/1771/1726
f 1552/1767/1727 789/1771/1731 790/1772/1728
f 790/1772/1728 787/377/355 1550/378/356
f 786/389/366 1554/398/375 1556/1773/1729
f 788/1774/1725 1556/1778/1729 1557/1775/1730
f 789/1771/1731 1557/1775/1735 1558/1776/1732
f 1558/1776/1732 1555/375/353 787/377/355
f 1554/398/375 796/397/374 798/1777/1733
f 1556/1778/1729 798/1799/1733 799/1779/1734
f 1557/1775/1735 799/1779/1753 800/1780/1736
f 800/1780/1736 797/387/365 1555/375/353
f 792/535/497 1559/528/490 1561/1781/1737
f 795/1782/1738 1561/1781/1737 1562/1783/1739
f 794/1784/1741 1562/1783/1744 1563/1785/1742
f 1563/1787/1742 1560/382/360 791/384/362
f 1559/528/490 782/504/467 785/1758/1714
f 1561/1781/1737 785/1758/1714 784/1760/1716
f 1562/1783/1744 784/1760/1717 783/1762/1719
f 783/1764/1719 781/374/352 1560/382/360
f 1564/515/477 1566/1790/1746 823/1789/1745
f 1566/1790/1746 1567/1792/1748 822/1791/1747
f 1567/1792/1748 1568/1796/1750 821/1793/1749
f 1568/1794/1750 1565/478/444 819/394/371
f 802/1176/1113 812/1175/1112 1566/1790/1746
f 812/1175/1112 805/1179/1116 1567/1792/1748
f 805/1179/1116 804/1170/1107 1568/1796/1750
f 804/1170/1107 801/1167/1104 1565/1797/444
f 796/397/374 1569/497/461 1571/1798/1751
f 798/1799/1733 1571/1802/1755 1572/1800/1752
f 799/1779/1753 1572/1800/1756 1573/1801/1754
f 800/1780/1736 1573/1801/1754 1570/385/363
f 1569/497/461 820/513/475 823/1789/1745
f 1571/1802/1755 823/2194/1745 822/1803/1747
f 1572/1800/1756 822/1803/1747 821/1795/1749
f 821/1795/1749 819/394/371 1570/385/363
f 802/1176/1113 1574/514/476 1576/1804/1757
f 810/1174/1111 1576/1804/1757 1577/1805/1758
f 811/1177/1123 1577/1805/1760 1578/1806/1759
f 816/1182/1119 1578/1807/1759 1575/391/368
f 1574/514/476 792/535/497 795/1782/1738
f 1576/1804/1757 795/1782/1738 794/1784/1740
f 1577/1805/1760 794/1784/1741 793/1786/1743
f 1578/1807/1759 793/1788/1743 791/384/362
f 1579/414/390 1581/1808/1761 763/1736/1693
f 1581/1808/1761 1582/1813/1766 764/1809/1762
f 1582/1810/1763 1583/1815/1768 765/1811/1764
f 765/1811/1764 1583/1815/1768 1580/507/469
f 829/473/441 831/1812/1765 1581/1808/1761
f 831/1812/1765 832/1833/1784 1582/1813/1766
f 832/1814/1767 833/1835/1786 1583/1815/1768
f 1583/1815/1768 833/1835/1786 830/403/380
f 1584/346/328 1586/1817/1770 828/1816/1769
f 1586/1817/1770 1587/1822/1775 827/1818/1771
f 1587/1819/1772 1588/1823/1776 826/1820/1773
f 826/1820/1773 1588/1823/1776 1585/399/376
f 752/348/330 755/1740/1697 1586/1817/1770
f 755/1740/1697 754/1742/1699 1587/1822/1775
f 754/1745/1702 753/1744/1701 1588/1823/1776
f 1588/1823/1776 753/1744/1701 751/361/340
f 841/1204/1141 1589/488/453 1591/1824/1777
f 852/1202/1139 1591/1824/1777 1592/1825/1778
f 853/1193/1130 1592/1825/1778 1593/1826/1779
f 843/1827/1126 1593/1831/1779 1590/465/434
f 1589/488/453 834/490/455 836/1828/1780
f 1591/1824/1777 836/1828/1780 837/1829/1781
f 1592/1825/1778 837/1829/1781 838/1830/1782
f 1593/1831/1779 838/1842/1782 835/409/386
f 1594/489/454 1596/1832/1783 831/1812/1765
f 1596/1832/1783 1597/1837/1788 832/1833/1784
f 1597/1834/1785 1598/1836/1787 833/1835/1786
f 1598/1836/1787 1595/411/388 830/403/380
f 841/1204/1141 854/1203/1140 1596/1832/1783
f 854/1203/1140 848/1206/1143 1597/1837/1788
f 848/1838/1789 847/1839/1135 1598/1836/1787
f 847/1839/1135 840/1195/1132 1595/411/388
f 1599/491/456 1601/1840/1790 836/1828/1780
f 1601/1840/1790 1602/1844/1792 837/1829/1781
f 1602/1841/1791 1603/1845/1793 838/1842/1782
f 838/1842/1782 1603/1845/1793 1600/407/384
f 825/522/484 828/1816/1769 1601/1840/1790
f 828/1816/1769 827/1818/1771 1602/1844/1792
f 827/1821/1774 826/1820/1773 1603/1845/1793
f 826/1820/1773 824/401/378 1600/407/384
f 1604/487/452 1606/1847/1795 881/1846/1794
f 1606/1847/1795 1607/1849/1797 880/1848/1796
f 1607/1849/1797 1608/1851/1799 879/1850/1798
f 1608/1851/1799 1605/532/494 877/533/495
f 862/436/410 864/1852/1800 1606/1847/1795
f 864/1852/1800 865/1853/1801 1607/1849/1797
f 866/1854/1802 863/531/493 1605/532/494
f 883/430/404 1609/429/403 1611/1855/1803
f 886/1856/1804 1611/1855/1803 1612/1857/1805
f 885/1858/1806 1612/1857/1805 1613/1859/1807
f 884/1860/1808 1613/1859/1807 1610/468/437
f 1609/429/403 867/433/407 869/1861/1809
f 1611/1855/1803 869/1861/1809 870/1862/1810
f 1612/1857/1805 870/1862/1810 871/1863/1811
f 1613/1859/1807 871/1863/1811 868/469/438
f 858/426/400 1614/417/392 1616/1864/1812
f 861/1865/1813 1616/1864/1812 1617/1866/1814
f 860/1867/1815 1617/1866/1814 1618/1868/1816
f 859/1869/1817 1618/1868/1816 1615/485/451
f 1614/417/392 878/416/391 881/1846/1794
f 1616/1864/1812 881/1846/1794 880/1848/1796
f 1617/1866/1814 880/1848/1796 879/1850/1798
f 1618/1868/1816 879/1850/1798 877/533/495
f 1619/431/405 1621/1871/1819 876/1870/1818
f 1621/1871/1819 1622/1873/1821 875/1872/1820
f 1622/1873/1821 1623/1875/1823 874/1874/1822
f 1623/1875/1823 1620/506/468 872/526/488
f 883/430/404 886/1856/1804 1621/1871/1819
f 886/1856/1804 885/1858/1806 1622/1873/1821
f 885/1858/1806 884/1860/1808 1623/1875/1823
f 884/1860/1808 882/471/440 1620/506/468
f 1624/422/397 1626/1877/1825 891/1876/1824
f 1626/1877/1825 1627/1879/1827 890/1878/1826
f 1627/1879/1827 1628/1881/1829 889/1880/1828
f 1628/1881/1829 1625/439/413 887/423/398
f 873/470/439 876/1870/1818 1626/1877/1825
f 875/1872/1820 874/1874/1822 1628/1881/1829
f 874/1874/1822 872/526/488 1625/439/413
f 1629/437/411 1631/1882/1830 864/1852/1800
f 1631/1882/1830 1632/1883/1831 865/1853/1801
f 1632/1883/1831 1633/1884/1832 866/1854/1802
f 1633/1884/1832 1630/419/394 863/531/493
f 892/442/415 894/1885/1833 1631/1882/1830
f 894/1885/1833 895/1886/1834 1632/1883/1831
f 895/1886/1834 896/1887/1835 1633/1884/1832
f 896/1887/1835 893/483/449 1630/419/394
f 1634/443/416 1636/1888/1836 894/1885/1833
f 1637/1889/1837 1638/1890/1838 896/1887/1835
f 1638/1890/1838 1635/527/489 893/483/449
f 902/447/419 904/1891/1839 1636/1888/1836
f 904/1891/1839 905/1892/1840 1637/1889/1837
f 905/1892/1840 906/1893/1841 1638/1890/1838
f 906/1893/1841 903/524/486 1635/527/489
f 1639/438/412 1641/1895/1843 901/1894/1842
f 1641/1895/1843 1642/1897/1845 900/1896/1844
f 1642/1897/1845 1643/1899/1847 899/1898/1846
f 1643/1899/1847 1640/425/399 897/446/418
f 888/500/463 891/1876/1824 1641/1895/1843
f 891/1876/1824 890/1878/1826 1642/1897/1845
f 890/1878/1826 889/1880/1828 1643/1899/1847
f 889/1880/1828 887/423/398 1640/425/399
f 925/530/492 1644/482/448 1646/1900/1848
f 928/1901/1849 1646/1900/1848 1647/1902/1850
f 926/1905/1853 1648/1904/1852 1645/517/479
f 1644/482/448 907/481/447 911/1208/1146
f 1646/1900/1848 911/1208/1146 920/1212/1150
f 1647/1902/1850 920/1212/1150 919/1218/1158
f 1648/1904/1852 919/1218/1158 909/518/480
f 1649/449/421 1651/1906/1854 904/1891/1839
f 1651/1906/1854 1652/1907/1855 905/1892/1840
f 1653/1908/1856 1650/501/464 903/524/486
f 925/530/492 928/1901/1849 1651/1906/1854
f 928/1901/1849 927/1903/1851 1652/1907/1855
f 927/1903/1851 926/1905/1853 1653/1908/1856
f 926/1905/1853 924/519/481 1650/501/464
f 1654/444/417 1656/1909/1857 915/1216/1154
f 1656/1909/1857 1657/1910/1858 916/1221/1161
f 1657/1910/1858 1658/1911/1859 921/1219/1159
f 898/529/491 901/1894/1842 1656/1909/1857
f 901/1894/1842 900/1896/1844 1657/1910/1858
f 899/1898/1846 897/446/418 1655/516/478
f 867/433/407 1659/454/424 1661/1912/1860
f 869/1861/1809 1661/1912/1860 1662/1913/1861
f 870/1862/1810 1662/1913/1861 1663/1914/1862
f 871/1863/1811 1663/1914/1862 1660/511/473
f 1661/1912/1860 936/1915/1863 937/1916/1864
f 1663/1914/1862 938/1917/1865 935/475/443
f 930/456/426 1664/427/401 1666/1918/1866
f 933/1919/1867 1666/1918/1866 1667/1920/1868
f 931/1923/1871 1668/1922/1870 1665/460/429
f 1664/427/401 858/426/400 861/1865/1813
f 1666/1918/1866 861/1865/1813 860/1867/1815
f 1667/1920/1868 860/1867/1815 859/1869/1817
f 1668/1922/1870 859/1869/1817 857/451/423
f 1669/467/436 1671/1924/1872 947/1224/1165
f 1671/1924/1872 1672/1925/1873 948/1233/1175
f 1672/1925/1873 1673/1926/1874 954/1229/1171
f 1673/1926/1874 1670/495/460 945/1230/1172
f 939/463/432 941/1927/1875 1671/1924/1872
f 941/1927/1875 942/1928/1876 1672/1925/1873
f 942/1928/1876 943/1929/1877 1673/1926/1874
f 943/1929/1877 940/492/457 1670/495/460
f 934/455/425 1674/461/430 1676/1930/1878
f 936/1915/1863 1676/1930/1878 1677/1931/1879
f 937/1916/1864 1677/1931/1879 1678/1932/1880
f 1674/461/430 946/462/431 958/1236/1179
f 1677/1931/1879 953/1231/1173 952/1228/1170
f 1678/1932/1880 952/1228/1170 945/1230/1172
f 939/463/432 1679/457/427 1681/1933/1881
f 941/1927/1875 1681/1933/1881 1682/1934/1882
f 942/1928/1876 1682/1934/1882 1683/1935/1883
f 943/1929/1877 1683/1935/1883 1680/493/458
f 1679/457/427 930/456/426 933/1919/1867
f 1681/1933/1881 933/1919/1867 932/1921/1869
f 1682/1934/1882 932/1921/1869 931/1923/1871
f 1683/1935/1883 931/1923/1871 929/459/428
f 946/462/431 1684/412/389 1686/1936/1884
f 957/1223/1885 1686/1941/1889 1685/520/482
f 1684/412/389 840/1195/1132 849/1197/1886
f 1686/1941/1889 842/1940/1127 839/521/483
f 1687/392/369 1689/1945/1893 815/1183/1890
f 1689/1944/1892 1688/1947/445 801/1167/1104
f 908/450/422 910/1215/1153 1689/1945/1893
f 910/1946/1147 907/2195/447 1688/1947/445
s 4
f 982/557/516 1690/556/515 1692/1948/1894
f 985/1949/1895 1692/1948/1894 1693/1950/1896
f 984/1951/1898 1693/1950/1903 1694/1952/1899
f 1694/1954/1899 1691/673/620 981/711/657
f 1690/556/515 966/547/506 968/1956/1901
f 1692/1948/1894 968/1956/1901 969/1957/1902
f 1693/1950/1903 969/1957/1941 970/1958/1904
f 970/1959/1904 967/567/525 1691/673/620
f 1695/593/550 1697/1961/1906 990/1960/1905
f 1697/1961/1906 1698/1963/1912 989/1962/1907
f 1698/1963/1908 1699/1968/1914 988/1964/1909
f 988/1965/1909 1699/1969/1914 1696/651/603
f 971/722/668 973/1966/1911 1697/1961/1906
f 973/1966/1911 974/1967/1977 1698/1963/1912
f 974/1967/1913 975/2036/1979 1699/1968/1914
f 1699/1969/1914 975/2037/1979 972/550/509
f 1700/663/612 1702/1971/1916 965/1970/1915
f 1702/1971/1916 1703/1973/1921 964/1972/1917
f 1703/1973/1918 1704/1976/1922 963/1974/1919
f 963/1975/1919 1704/1977/1922 1701/536/498
f 982/557/516 985/1949/1895 1702/1971/1916
f 985/1949/1895 984/1951/1897 1703/1973/1921
f 984/1951/1898 983/1953/1900 1704/1976/1922
f 1704/1977/1922 983/1955/1900 981/711/657
f 977/692/638 1705/558/517 1707/1978/1923
f 980/1979/1924 1707/1978/1923 1708/1980/1925
f 979/1981/1927 1708/1980/1930 1709/1982/1928
f 1709/1984/1928 1706/555/514 976/542/502
f 1705/558/517 987/540/501 990/1960/1905
f 1707/1978/1923 990/1960/1905 989/1962/1907
f 1708/1980/1930 989/1962/1910 988/1964/1909
f 988/1965/1909 986/553/512 1706/555/514
f 992/693/639 1710/687/633 1712/1986/1931
f 995/1987/1932 1712/1986/1931 1713/1988/1933
f 994/1990/1935 1713/1993/1938 1714/1991/1936
f 1714/1991/1936 1711/544/504 991/561/519
f 1710/687/633 977/692/638 980/1979/1924
f 1712/1986/1931 980/1979/1924 979/1981/1926
f 1713/1993/1938 979/2196/1927 978/1985/1929
f 978/1985/1929 976/542/502 1711/544/504
f 966/547/506 1715/546/505 1717/1994/1939
f 968/1956/1901 1717/1994/1939 1718/1995/1940
f 969/1957/1941 1718/1995/1945 1719/1996/1942
f 1719/1997/1942 1716/565/523 967/567/525
f 1715/546/505 996/576/533 998/1998/1943
f 1717/1994/1939 998/1998/1943 999/1999/1944
f 1718/1995/1945 999/1999/1949 1000/2000/1946
f 1000/2001/1946 997/564/522 1716/565/523
f 996/576/533 1720/585/542 1722/2002/1947
f 998/1998/1943 1722/2002/1947 1723/2003/1948
f 999/1999/1949 1723/2003/1953 1724/2004/1950
f 1724/2005/1950 1721/562/520 997/564/522
f 1720/585/542 1006/584/541 1008/2006/1951
f 1722/2002/1947 1008/2006/1951 1009/2007/1952
f 1723/2003/1953 1009/2007/1969 1010/2008/1954
f 1010/2009/1954 1007/574/532 1721/562/520
f 1002/723/669 1725/716/662 1727/2010/1955
f 1005/2011/1956 1727/2010/1955 1728/2012/1957
f 1004/2014/1959 1728/2017/1962 1729/2015/1960
f 1003/2016/1961 1729/2015/1960 1726/569/527
f 1725/716/662 992/693/639 995/1987/1932
f 1727/2010/1955 995/1987/1932 994/1989/1934
f 1728/2017/1962 994/1990/1935 993/1992/1937
f 993/1992/1937 991/561/519 1726/569/527
f 1730/701/647 1732/2018/1963 1042/1273/1218
f 1732/2018/1963 1733/2020/1965 1043/2019/1964
f 1733/2020/1965 1734/2023/1966 1034/2021/1205
f 1734/2022/1966 1731/667/614 1029/715/661
f 1012/1248/1193 1022/1247/1192 1732/2018/1963
f 1022/1247/1192 1015/1251/1196 1733/2020/1965
f 1015/1251/1196 1014/1241/1186 1734/2023/1966
f 1014/1241/1186 1011/1238/1183 1731/2024/614
f 1006/584/541 1735/686/632 1737/2025/1967
f 1008/2006/1951 1737/2025/1971 1738/2026/1968
f 1009/2007/1969 1738/2026/1972 1739/2027/1970
f 1010/2009/1954 1739/2029/1970 1736/572/530
f 1735/686/632 1031/699/645 1044/1272/1217
f 1737/2025/1971 1044/1272/1217 1038/1276/1221
f 1738/2026/1972 1038/1276/1213 1037/2028/1211
f 1739/2029/1970 1037/1265/1211 1030/581/538
f 1012/1248/1193 1740/700/646 1742/2030/1973
f 1020/1246/1191 1742/2030/1973 1743/2031/1974
f 1021/1257/1194 1743/2033/1974 1744/2032/1975
f 1026/1254/1199 1744/2032/1975 1741/578/535
f 1740/700/646 1002/723/669 1005/2011/1956
f 1742/2030/1973 1005/2011/1956 1004/2013/1958
f 1743/2033/1974 1004/2014/1959 1003/2016/1961
f 1744/2032/1975 1003/2016/1961 1001/571/529
f 1745/601/558 1747/2034/1976 973/1966/1911
f 1747/2034/1976 1748/2035/1981 974/1967/1977
f 1748/2035/1978 1749/2040/1983 975/2036/1979
f 975/2037/1979 1749/2041/1983 1746/696/642
f 1052/662/611 1054/2038/1980 1747/2034/1976
f 1054/2038/1980 1055/2039/1999 1748/2035/1981
f 1055/2039/1982 1056/2059/2001 1749/2040/1983
f 1749/2041/1983 1056/2061/2001 1053/590/547
f 1750/508/470 1752/2043/1985 1051/2042/1984
f 1752/2043/1985 1753/2045/1990 1050/2044/1986
f 1753/2045/1987 1754/2048/1991 1049/2046/1988
f 1049/2047/1988 1754/2049/1991 1751/586/543
f 962/510/472 965/1970/1915 1752/2043/1985
f 965/1970/1915 964/1972/1917 1753/2045/1990
f 964/1972/1920 963/1974/1919 1754/2048/1991
f 1754/2049/1991 963/1975/1919 961/548/507
f 1064/1292/1241 1755/677/623 1757/2050/1992
f 1075/1290/1239 1757/2050/1992 1758/2051/1993
f 1076/1283/1228 1758/2051/1993 1759/2052/1994
f 1066/1279/1224 1759/2052/1994 1756/652/604
f 1755/677/623 1057/679/625 1059/2053/1995
f 1757/2050/1992 1059/2053/1995 1060/2054/1996
f 1758/2051/1993 1060/2054/1996 1061/2055/1997
f 1759/2052/1994 1061/2055/1997 1058/2056/553
f 1760/678/624 1762/2057/1998 1054/2038/1980
f 1762/2057/1998 1763/2058/2003 1055/2039/1999
f 1763/2058/2000 1764/2062/2002 1056/2059/2001
f 1764/2060/2002 1761/598/555 1053/590/547
f 1064/1292/1241 1077/1291/1240 1762/2057/1998
f 1077/1291/1240 1071/1294/1243 1763/2058/2003
f 1071/1294/2004 1070/1288/1233 1764/2062/2002
f 1070/2063/1233 1063/2182/1230 1761/598/555
f 1765/680/626 1767/2064/2005 1059/2053/1995
f 1767/2064/2005 1768/2065/2007 1060/2054/1996
f 1768/2065/2006 1769/2067/2008 1061/2055/1997
f 1061/2066/1997 1769/2068/2008 1766/594/551
f 1048/708/654 1051/2042/1984 1767/2064/2005
f 1051/2042/1984 1050/2044/1986 1768/2065/2007
f 1050/2044/1989 1049/2046/1988 1769/2067/2008
f 1049/2047/1988 1047/588/545 1766/594/551
f 1770/676/622 1772/2070/2010 1104/2069/2009
f 1773/2072/2012 1774/2074/2014 1102/2073/2013
f 1774/2074/2014 1771/720/666 1100/721/667
f 1085/623/578 1087/2075/2015 1772/2070/2010
f 1087/2075/2015 1088/2076/2016 1773/2072/2012
f 1088/2076/2016 1089/2077/2017 1774/2074/2014
f 1089/2077/2017 1086/719/665 1771/720/666
f 1106/617/572 1775/616/571 1777/2078/2018
f 1109/2079/2019 1777/2078/2018 1778/2080/2020
f 1108/2081/2021 1778/2080/2020 1779/2082/2022
f 1107/2083/2023 1779/2082/2022 1776/657/607
f 1777/2078/2018 1092/2084/2024 1093/2085/2025
f 1778/2080/2020 1093/2085/2025 1094/2086/2026
f 1779/2082/2022 1094/2086/2026 1091/658/608
f 1081/613/568 1780/604/560 1782/2087/2027
f 1084/2088/2028 1782/2087/2027 1783/2089/2029
f 1083/2090/2030 1783/2089/2029 1784/2091/2031
f 1082/2092/2032 1784/2091/2031 1781/674/621
f 1780/604/560 1101/603/559 1104/2069/2009
f 1782/2087/2027 1104/2069/2009 1103/2071/2011
f 1783/2089/2029 1103/2071/2011 1102/2073/2013
f 1784/2091/2031 1102/2073/2013 1100/721/667
f 1787/2094/2034 1788/2096/2036 1098/2095/2035
f 1789/2098/2038 1786/695/641 1095/712/658
f 1106/617/572 1109/2079/2019 1787/2094/2034
f 1109/2079/2019 1108/2081/2021 1788/2096/2036
f 1107/2083/2023 1105/660/610 1786/695/641
f 1792/2100/2040 1793/2102/2042 1113/2101/2041
f 1794/2104/2044 1791/626/581 1110/610/565
f 1096/659/609 1099/2093/2033 1792/2100/2040
f 1099/2093/2033 1098/2095/2035 1793/2102/2042
f 1097/2097/2037 1095/712/658 1791/626/581
f 1795/624/579 1797/2105/2045 1087/2075/2015
f 1797/2105/2045 1798/2106/2046 1088/2076/2016
f 1798/2106/2046 1799/2107/2047 1089/2077/2017
f 1799/2107/2047 1796/606/562 1086/719/665
f 1115/629/584 1117/2108/2048 1797/2105/2045
f 1117/2108/2048 1118/2109/2049 1798/2106/2046
f 1118/2109/2049 1119/2110/2050 1799/2107/2047
f 1119/2110/2050 1116/672/619 1796/606/562
f 1800/630/585 1802/2111/2051 1117/2108/2048
f 1802/2111/2051 1803/2112/2052 1118/2109/2049
f 1803/2112/2052 1804/2113/2053 1119/2110/2050
f 1804/2113/2053 1801/713/659 1116/672/619
f 1125/634/589 1127/2114/2054 1802/2111/2051
f 1127/2114/2054 1128/2115/2055 1803/2112/2052
f 1128/2115/2055 1129/2116/2056 1804/2113/2053
f 1129/2116/2056 1126/710/656 1801/713/659
f 1805/625/580 1807/2118/2058 1124/2117/2057
f 1807/2118/2058 1808/2120/2060 1123/2119/2059
f 1808/2120/2060 1809/2122/2062 1122/2121/2061
f 1111/689/635 1114/2099/2039 1807/2118/2058
f 1114/2099/2039 1113/2101/2041 1808/2120/2060
f 1113/2101/2041 1112/2103/2043 1809/2122/2062
f 1112/2103/2043 1110/610/565 1806/612/567
f 1147/718/664 1810/671/618 1812/2123/2063
f 1150/1310/1263 1812/2123/2063 1813/2124/2064
f 1151/1312/1265 1813/2124/2064 1814/2125/2065
f 1158/1318/1271 1814/2125/2065 1811/703/649
f 1810/671/618 1130/670/617 1133/1296/1246
f 1812/2123/2063 1133/1296/1246 1143/1300/1250
f 1813/2124/2064 1143/1300/1250 1142/1306/1258
f 1814/2125/2065 1142/1306/1258 1132/704/650
f 1815/636/591 1817/2126/2066 1127/2114/2054
f 1817/2126/2066 1818/2127/2067 1128/2115/2055
f 1818/2127/2067 1819/2128/2068 1129/2116/2056
f 1819/2128/2068 1816/690/636 1126/710/656
f 1149/1324/1277 1163/1323/1276 1817/2126/2066
f 1163/1323/1276 1157/1326/1279 1818/2127/2067
f 1157/1326/1279 1156/1317/1270 1819/2128/2068
f 1156/1317/1270 1148/705/651 1816/690/636
f 1820/631/586 1822/2129/2069 1137/1304/1254
f 1824/2131/2071 1821/702/648 1132/704/650
f 1123/2119/2059 1122/2121/2061 1824/2131/2071
f 1122/2121/2061 1120/633/588 1821/702/648
f 1092/2084/2024 1827/2132/2072 1828/2133/2073
f 1093/2085/2025 1828/2133/2073 1829/2134/2074
f 1094/2086/2026 1829/2134/2074 1826/697/643
f 1825/641/594 1171/642/595 1173/2135/2075
f 1827/2132/2072 1173/2135/2075 1174/2136/2076
f 1829/2134/2074 1175/2137/2077 1172/664/613
f 1167/643/596 1830/614/569 1832/2138/2078
f 1170/2139/2079 1832/2138/2078 1833/2140/2080
f 1169/2141/2081 1833/2140/2080 1834/2142/2082
f 1168/2143/2083 1834/2142/2082 1831/647/599
f 1830/614/569 1081/613/568 1084/2088/2028
f 1832/2138/2078 1084/2088/2028 1083/2090/2030
f 1833/2140/2080 1083/2090/2030 1082/2092/2032
f 1834/2142/2082 1082/2092/2032 1080/638/593
f 1835/656/606 1837/2144/2084 1184/1329/1282
f 1837/2144/2084 1838/2197/2085 1185/2145/1291
f 1838/2146/2085 1839/2147/2086 1192/1334/1287
f 1839/2147/2086 1836/684/630 1182/1335/1288
f 1176/655/602 1178/2198/2087 1837/2144/2084
f 1178/2148/2087 1179/2150/2088 1838/2146/2085
f 1179/2150/2088 1180/2151/2089 1839/2147/2086
f 1171/642/595 1840/648/600 1842/2152/2090
f 1174/2136/2076 1843/2153/2091 1844/2154/2092
f 1175/2137/2077 1844/2154/2092 1841/683/629
f 1840/648/600 1183/649/601 1195/1342/1295
f 1842/2152/2090 1195/1342/1295 1191/1336/1289
f 1843/2153/2091 1191/1336/1289 1190/1333/1286
f 1844/2154/2092 1190/1333/1286 1182/1335/1288
f 1176/650/602 1845/644/597 1847/2155/2093
f 1178/2148/2087 1847/2155/2093 1848/2156/2094
f 1179/2150/2088 1848/2156/2094 1849/2157/2095
f 1180/2151/2089 1849/2157/2095 1846/682/628
f 1845/644/597 1167/643/596 1170/2139/2079
f 1847/2155/2093 1170/2139/2079 1169/2141/2081
f 1848/2156/2094 1169/2141/2081 1168/2143/2083
f 1849/2157/2095 1168/2143/2083 1166/646/598
f 1183/649/601 1850/599/556 1852/2158/2096
f 1186/1328/1281 1852/2162/2099 1851/706/652
f 1850/599/556 1063/2182/1230 1072/2160/2097
f 1852/2162/2099 1065/2192/1225 1062/707/653
f 1853/579/536 1855/2164/2105 1025/2163/1200
f 1856/2167/2104 1854/668/615 1011/2168/1183
f 1131/637/592 1139/1303/1253 1855/2164/2105
f 1139/2170/1247 1130/670/617 1854/668/615
f 1149/1324/1277 1857/635/590 1859/2171/2107
f 1161/1322/1275 1859/2171/2107 1860/2172/2108
f 1162/1314/1267 1860/2172/2108 1861/2173/2109
f 1152/1311/1264 1861/2173/2109 1858/714/660
f 1857/635/590 1030/581/538 1039/1266/1212
f 1859/2171/2107 1039/1266/1212 1033/1260/1206
f 1860/2172/2108 1033/1260/1206 1032/1258/1204
f 1861/2173/2109 1032/1258/1204 1029/715/661
