# Blender 5.2.2 LTS
# www.blender.org
mtllib esquina_02.mtl
g esquina_02_Holocron.002
v -2.942610 5.074599 -3.811341
v -4.096125 5.053190 -2.584743
v -3.385710 5.068052 -3.436286
v -3.776618 5.060712 -3.015660
v -4.381228 5.044301 -2.076139
v -2.384066 5.080775 -4.165037
v -2.938921 5.186206 -3.805364
v -4.092436 5.164796 -2.578767
v -3.382021 5.179658 -3.430310
v -3.772933 5.172318 -3.009684
v -4.377543 5.155905 -2.070164
v -2.380377 5.192378 -4.159060
v -2.170680 5.134362 -4.035247
v -2.798285 5.127687 -3.652785
v -3.241614 5.121144 -3.277981
v -3.083247 5.133117 -3.963920
v -2.593760 5.138789 -4.288851
v -4.497107 5.103742 -2.280979
v -4.236826 5.111709 -2.737395
v -3.526118 5.126567 -3.588617
v -2.031443 5.144099 -4.593040
v -3.951731 5.106275 -2.426114
v -4.261664 5.096461 -1.865324
v -3.632300 5.113798 -2.857111
v -4.723448 5.094995 -1.779807
v -3.917250 5.119229 -3.168231
v -4.932242 5.172053 -0.450866
v -4.928465 5.235478 -4.840335
v -0.521391 5.242662 -4.834320
v -4.929205 4.999354 -5.086584
v -4.927695 0.600487 -5.163363
v -0.513461 5.006548 -5.080553
v -5.167975 4.995739 -4.847692
v -5.174128 4.924623 -0.435119
v -5.168616 0.597174 -4.924469
v -5.028933 3.963414 -2.798879
v -5.040198 2.780572 -3.997360
v -5.033221 3.605115 -3.255661
v -5.037039 3.199318 -3.661995
v -5.043055 2.282893 -4.301251
v -5.023581 4.296054 -2.227537
v -5.140589 3.959260 -2.794303
v -5.151854 2.776417 -3.992783
v -5.144877 3.600961 -3.251086
v -5.148695 3.195166 -3.657419
v -5.154711 2.278742 -4.296675
v -5.135237 4.291901 -2.222961
v -5.077494 4.159343 -2.018602
v -5.083502 3.800531 -2.660026
v -5.087790 3.442492 -3.117028
v -5.086028 4.122143 -2.933155
v -5.081328 4.428611 -2.431895
v -5.099905 2.492930 -4.408833
v -5.097289 2.939373 -4.131699
v -5.090308 3.763583 -3.389718
v -5.075961 4.711631 -1.858630
v -5.094763 2.617613 -3.858444
v -5.097861 2.068705 -4.189094
v -5.091605 3.036447 -3.523149
v -5.102225 2.000484 -4.653732
v -5.094130 3.358037 -3.796263
v -3.944796 2.909300 -5.022424
v -2.752726 4.097934 -4.980990
v -3.582488 3.362885 -5.016133
v -3.173590 3.765854 -5.001595
v -2.239779 4.398221 -4.954642
v -4.283061 2.341256 -5.018435
v -3.929305 2.898183 -5.132613
v -2.737235 4.086819 -5.091179
v -3.567000 3.351770 -5.126322
v -3.158103 3.754737 -5.111782
v -2.224288 4.387104 -5.064831
v -4.267569 2.330141 -5.128624
v -4.144068 2.128712 -5.045908
v -3.778864 2.766519 -5.051890
v -3.416811 3.220326 -5.045638
v -4.095236 3.040962 -5.103149
v -4.406561 2.542685 -5.101149
v -2.455580 4.503479 -5.034388
v -2.903243 4.229663 -5.061726
v -3.732676 3.494328 -5.096813
v -4.695494 1.972428 -5.091935
v -2.586722 3.955091 -5.010443
v -2.008486 4.281845 -4.985085
v -3.007670 3.623079 -5.031060
v -1.962580 4.744857 -5.000175
v -3.324023 3.897509 -5.082317
v -3.589285 5.064439 -3.229144
v -3.169299 5.071450 -3.630843
v -3.945090 5.056973 -2.801432
v -4.235358 5.049184 -2.355335
v -4.549407 5.038032 -1.718476
v -2.697516 5.077579 -3.981996
v -1.962641 5.084517 -4.379476
v -3.585600 5.176044 -3.223169
v -3.165610 5.183055 -3.624867
v -3.941401 5.168578 -2.795456
v -4.231673 5.160789 -2.349359
v -4.545718 5.149634 -1.712499
v -2.693827 5.189183 -3.976021
v -1.958956 5.196121 -4.373500
v -2.544501 5.130727 -3.826975
v -3.025115 5.124539 -3.472442
v -2.846842 5.136035 -4.131042
v -4.372962 5.107818 -2.514510
v -3.309794 5.129964 -3.783267
v -1.474989 5.144403 -4.610485
v -4.094069 5.102155 -2.190183
v -3.445109 5.117528 -3.070749
v -1.602671 5.139176 -4.310992
v -4.729868 5.086738 -1.311044
v -2.318926 5.141462 -4.441985
v -4.612521 5.099435 -2.034214
v -3.800707 5.110058 -2.642814
v -4.482600 5.088231 -1.396761
v -3.729777 5.122952 -3.381563
v -4.085783 5.115491 -2.954073
v -5.123389 4.719987 -2.768804
v -2.845347 2.924209 -5.070714
v -2.854254 5.186784 -4.594746
v -3.455386 3.508472 -3.398626
v -4.930354 5.203765 -2.645599
v -2.724928 5.239069 -4.837326
v -2.726817 5.207358 -2.642592
v -4.928450 2.799922 -5.124972
v -2.721335 5.002951 -5.083569
v -2.720580 2.803517 -5.121957
v -5.171050 4.960181 -2.641406
v -5.168295 2.796458 -4.886080
v -5.171370 2.760899 -2.679793
v -5.074881 3.506073 -3.404644
v -3.466116 5.116735 -3.374247
v -3.460642 3.534830 -5.013568
v -2.854647 5.158534 -2.767529
v -4.689040 2.921321 -5.074586
v -5.120875 2.915215 -4.644476
v -4.689673 5.155654 -2.771388
v -2.847239 4.761460 -5.038647
v -5.123652 2.883035 -2.800868
v -5.035204 3.405688 -3.466826
v -5.031123 3.791484 -3.032144
v -5.038702 2.991501 -3.838342
v -5.041590 2.556489 -4.145061
v -5.044745 1.931708 -4.482664
v -5.026579 4.124824 -2.547593
v -5.019568 4.494636 -1.798416
v -5.146861 3.401536 -3.462250
v -5.142779 3.787329 -3.027568
v -5.150355 2.987347 -3.833766
v -5.153243 2.552335 -4.140486
v -5.156401 1.927553 -4.478087
v -5.138236 4.120668 -2.543017
v -5.131220 4.490481 -1.793840
v -5.081061 3.965148 -2.399925
v -5.085688 3.628759 -2.893429
v -5.083750 4.280344 -2.690686
v -5.098650 2.721696 -4.276056
v -5.088210 3.950049 -3.166284
v -5.070769 4.708280 -1.301938
v -5.096186 2.387128 -4.009489
v -5.089774 3.242974 -3.328114
v -5.072085 4.413719 -1.440712
v -5.102408 1.532215 -4.677658
v -5.078703 4.571398 -2.151544
v -5.101084 2.250609 -4.533380
v -5.093264 2.828554 -3.699435
v -5.100066 1.608651 -4.427370
v -5.092291 3.564252 -3.600961
v -5.095789 3.150293 -3.972675
v -3.381392 3.572371 -5.009754
v -3.770758 3.141000 -5.020345
v -2.964594 3.940549 -4.992030
v -2.526175 4.243962 -4.968402
v -1.858397 4.577273 -4.940178
v -4.108599 2.659555 -5.022221
v -4.486136 1.914306 -5.010174
v -3.365901 3.561254 -5.119942
v -3.755270 3.129880 -5.130533
v -2.949103 3.929433 -5.102218
v -2.510684 4.232844 -5.078588
v -1.842906 4.566156 -5.050365
v -4.093108 2.648438 -5.132408
v -4.470648 1.903189 -5.120362
v -3.945971 2.507997 -5.051427
v -3.604987 2.998356 -5.049835
v -4.255732 2.799994 -5.103203
v -2.684851 4.372381 -5.049012
v -3.921042 3.272527 -5.101043
v -4.699362 1.416980 -5.054424
v -2.352011 4.104424 -4.997977
v -3.215624 3.429730 -5.039246
v -4.404566 1.553665 -5.033445
v -1.412596 4.766383 -4.980469
v -4.552214 2.263830 -5.097092
v -2.212935 4.626287 -5.017821
v -2.798602 3.797713 -5.021486
v -1.488368 4.517144 -4.972721
v -3.531668 3.703892 -5.090450
v -3.115099 4.072268 -5.072764
v -0.032576 5.242610 -5.079083
v -3.100653 5.081464 -3.983835
v -3.098998 5.077581 -3.982095
v -3.100924 5.079997 -3.984154
v -3.100703 5.078743 -3.983937
v -3.100028 5.077895 -3.983212
v -3.932986 5.063692 -3.186387
v -3.934657 5.067576 -3.188143
v -3.934020 5.064006 -3.187513
v -3.934699 5.064855 -3.188240
v -3.934924 5.066108 -3.188462
v -2.786231 5.071620 -3.640599
v -2.784342 5.075555 -3.638468
v -2.785178 5.071904 -3.639447
v -2.784453 5.072750 -3.638638
v -2.784159 5.074032 -3.638294
v -3.618361 5.061668 -2.842794
v -3.620253 5.057733 -2.844933
v -3.618178 5.060145 -2.842622
v -3.618472 5.058862 -2.842967
v -3.619204 5.058015 -2.843778
v -3.543528 5.074908 -3.608531
v -3.541873 5.071031 -3.606792
v -3.543795 5.073442 -3.608851
v -3.543574 5.072190 -3.608633
v -3.542899 5.071343 -3.607909
v -3.227671 5.069011 -3.263663
v -3.229552 5.065078 -3.265786
v -3.227488 5.067490 -3.263489
v -3.227778 5.066208 -3.263830
v -3.228507 5.065362 -3.264637
v -3.937792 5.054151 -2.411798
v -3.939715 5.050210 -2.413970
v -3.937609 5.052627 -2.411627
v -3.937911 5.051341 -2.411980
v -3.938651 5.050492 -2.412803
v -4.252528 5.056171 -2.755513
v -4.254229 5.060069 -2.757304
v -4.253577 5.056485 -2.756652
v -4.254267 5.057338 -2.757391
v -4.254496 5.058596 -2.757621
v -4.247725 5.044343 -1.851009
v -4.249190 5.040416 -1.854172
v -4.247511 5.042817 -1.850914
v -4.247714 5.041533 -1.851480
v -4.248301 5.040690 -1.852625
v -4.513266 5.048187 -2.298108
v -4.514502 5.052125 -2.300879
v -4.514140 5.048510 -2.299625
v -4.514678 5.049371 -2.300684
v -4.514807 5.050640 -2.301125
v -4.722453 5.026463 -0.832405
v -4.717410 5.022678 -0.845128
v -4.720561 5.026433 -0.831880
v -4.721785 5.024980 -0.835281
v -4.720595 5.023740 -0.838708
v -4.721533 5.025110 -0.833060
v -4.720561 5.023877 -0.835300
v -4.720408 5.024251 -0.833812
v -4.717307 5.022925 -0.841858
v -4.717871 5.023725 -0.838194
v -4.719058 5.022932 -0.842166
v -4.719122 5.023305 -0.838271
v -4.719405 5.023871 -0.835080
v -4.721953 5.026774 -0.830512
v -4.719016 5.024956 -0.834689
v -4.720232 5.025098 -0.832779
v -4.721159 5.025180 -0.831747
v -4.740836 5.043406 -1.799695
v -4.737879 5.039508 -1.800974
v -4.741011 5.041917 -1.800253
v -4.740511 5.040651 -1.800692
v -4.739413 5.039807 -1.800945
v -2.611166 5.087148 -4.308760
v -2.608431 5.083264 -4.307681
v -2.611353 5.085677 -4.309131
v -2.610899 5.084422 -4.309057
v -2.609873 5.083575 -4.308547
v -2.159781 5.078286 -4.022447
v -2.156741 5.082232 -4.020930
v -2.158289 5.078570 -4.021530
v -2.157187 5.079423 -4.020921
v -2.156645 5.080709 -4.020710
v -2.049437 5.088543 -4.610168
v -2.048838 5.092482 -4.612940
v -2.049605 5.088866 -4.611686
v -2.049551 5.089728 -4.612746
v -2.049284 5.090996 -4.613186
v -0.908999 5.092593 -4.613624
v -0.908484 5.092547 -4.611810
v -0.922350 5.088509 -4.608288
v -0.907671 5.092813 -4.613544
v -0.912020 5.091053 -4.612884
v -0.909766 5.091201 -4.612679
v -0.908431 5.091280 -4.612339
v -0.910582 5.090321 -4.611537
v -0.911433 5.090996 -4.610177
v -0.915099 5.089686 -4.608933
v -0.907393 5.092789 -4.612563
v -0.909487 5.091176 -4.611410
v -0.911898 5.089909 -4.610518
v -0.919245 5.088845 -4.609996
v -0.915621 5.089736 -4.611609
v -0.918936 5.088812 -4.608271
v -0.915213 5.089285 -4.610155
v -0.912123 5.089930 -4.611651
v -3.061602 5.188544 -3.939313
v -3.065836 5.184778 -3.944005
v -3.062827 5.188275 -3.940657
v -3.064063 5.187465 -3.942022
v -3.065119 5.186236 -3.943197
v -3.899840 5.170888 -3.148317
v -3.895590 5.174655 -3.143607
v -3.899123 5.172346 -3.147506
v -3.898062 5.173575 -3.146327
v -3.896819 5.174385 -3.144958
v -2.812224 5.179821 -3.667103
v -2.816252 5.183867 -3.671430
v -2.812857 5.181353 -3.667767
v -2.813845 5.182659 -3.668823
v -2.815039 5.183541 -3.670110
v -3.650275 5.169980 -2.875762
v -3.646243 5.165933 -2.871429
v -3.649058 5.169656 -2.874441
v -3.647868 5.168771 -2.873153
v -3.646876 5.167464 -2.872096
v -3.504473 5.181993 -3.564011
v -3.508708 5.178229 -3.568700
v -3.505702 5.181726 -3.565355
v -3.506934 5.180915 -3.566716
v -3.507990 5.179688 -3.567891
v -3.259573 5.177326 -3.296617
v -3.255557 5.173281 -3.292299
v -3.258364 5.177001 -3.295300
v -3.257174 5.176119 -3.294017
v -3.256190 5.174812 -3.292963
v -3.969740 5.162457 -2.444799
v -3.965674 5.158403 -2.440430
v -3.968512 5.162131 -2.443465
v -3.967307 5.161246 -2.442164
v -3.966311 5.159938 -2.441099
v -4.219424 5.163354 -2.717484
v -4.215132 5.167134 -2.712729
v -4.218699 5.164819 -2.716670
v -4.217631 5.166051 -2.715480
v -4.216376 5.166864 -2.714097
v -4.279082 5.152665 -1.885257
v -4.275603 5.148584 -1.879637
v -4.278079 5.152331 -1.883443
v -4.277068 5.151437 -1.881739
v -4.276198 5.150123 -1.880403
v -4.479708 5.155368 -2.261076
v -4.476004 5.159146 -2.255073
v -4.479029 5.156838 -2.260165
v -4.478083 5.158072 -2.258703
v -4.477023 5.158882 -2.256915
v -4.749995 5.130659 -0.860992
v -4.748438 5.130670 -0.860507
v -4.745921 5.134985 -0.879215
v -4.750014 5.130892 -0.859675
v -4.749892 5.132264 -0.865111
v -4.749804 5.132286 -0.862848
v -4.749560 5.132283 -0.861476
v -4.749091 5.133098 -0.864371
v -4.747458 5.132266 -0.864704
v -4.746638 5.133650 -0.869733
v -4.748667 5.132288 -0.862651
v -4.748229 5.133443 -0.866088
v -4.747687 5.134604 -0.874974
v -4.749083 5.133649 -0.870022
v -4.746096 5.134604 -0.874829
v -4.747927 5.134080 -0.870182
v -4.749266 5.133443 -0.866213
v -4.700495 5.150473 -1.758245
v -4.706061 5.146594 -1.759915
v -4.702223 5.150177 -1.758425
v -4.703887 5.149337 -1.758806
v -4.705237 5.148079 -1.759330
v -2.570761 5.194230 -4.265066
v -2.576354 5.190438 -4.268939
v -2.572508 5.193954 -4.266095
v -2.574183 5.193136 -4.267193
v -2.575533 5.191901 -4.268192
v -2.184622 5.186493 -4.049563
v -2.190096 5.190529 -4.053114
v -2.185366 5.188024 -4.050170
v -2.186667 5.189329 -4.051059
v -2.188330 5.190207 -4.052093
v -2.014044 5.195727 -4.573137
v -2.012022 5.199508 -4.567430
v -2.013491 5.197196 -4.572246
v -2.012915 5.198430 -4.570849
v -2.012400 5.199243 -4.569158
v -0.936842 5.196822 -4.641951
v -0.955546 5.200731 -4.637612
v -0.936369 5.196806 -4.640443
v -0.941107 5.198342 -4.641791
v -0.946158 5.199621 -4.640910
v -0.938792 5.198386 -4.641740
v -0.942252 5.199482 -4.641157
v -0.940363 5.199157 -4.641009
v -0.951075 5.200435 -4.637854
v -0.945860 5.199582 -4.638478
v -0.951231 5.200459 -4.639441
v -0.946318 5.200026 -4.639759
v -0.942126 5.199465 -4.640128
v -0.935267 5.197030 -4.641168
v -0.940695 5.198308 -4.639387
v -0.938593 5.198370 -4.640615
v -0.937392 5.198395 -4.641520
v -4.689349 5.227335 -4.593585
v -4.685088 5.227398 -4.597835
v -4.693861 5.231724 -4.602343
v -4.689024 5.227359 -4.595213
v -4.688101 5.227382 -4.596594
v -4.689692 5.228992 -4.595509
v -4.689372 5.228951 -4.596530
v -4.689379 5.229846 -4.597846
v -4.687010 5.229031 -4.598159
v -4.689353 5.230429 -4.599129
v -4.686717 5.227394 -4.597513
v -4.688044 5.228969 -4.597843
v -4.690672 5.230407 -4.597848
v -4.691760 5.231373 -4.600596
v -4.690733 5.230879 -4.599201
v -4.687064 1.089085 -5.150069
v -4.684046 1.087837 -5.150083
v -4.691672 1.075599 -5.154574
v -4.686831 1.087683 -5.150092
v -4.687411 1.086178 -5.151749
v -4.687602 1.084081 -5.152608
v -4.685198 1.087008 -5.150100
v -4.686728 1.085142 -5.151708
v -4.688391 1.082580 -5.153171
v -4.690657 1.078399 -5.154198
v -4.689059 1.081137 -5.153677
v -4.690142 5.178462 -0.960172
v -4.694621 5.182481 -0.947411
v -4.687071 5.178510 -0.958841
v -4.690482 5.180049 -0.957332
v -4.690669 5.180924 -0.955527
v -4.693694 5.182223 -0.950141
v -4.692103 5.181805 -0.952716
v -4.689242 5.178817 -0.958050
v -4.689604 5.180076 -0.956327
v -1.023558 5.233146 -4.590137
v -1.022326 5.233108 -4.587132
v -1.009791 5.237514 -4.594722
v -1.022158 5.233146 -4.589907
v -1.020602 5.234788 -4.590461
v -1.018481 5.235616 -4.590644
v -1.019461 5.234777 -4.589581
v -1.016074 5.236201 -4.591883
v -1.021491 5.233127 -4.588280
v -1.013152 5.237150 -4.592941
v -5.169653 4.687890 -0.929520
v -5.169657 4.684861 -0.928329
v -5.173926 4.692342 -0.915898
v -5.169657 4.687636 -0.928123
v -5.171290 4.688196 -0.926607
v -5.171290 4.687340 -0.925402
v -5.169657 4.685996 -0.927480
v -5.173602 4.691388 -0.918674
v -5.173090 4.689775 -0.921464
v -5.172492 4.688670 -0.923913
v -4.690840 4.755072 -5.086085
v -4.695384 4.763986 -5.090201
v -4.686583 4.759339 -5.086003
v -4.691184 4.757041 -5.087682
v -4.692168 4.759425 -5.089025
v -4.690516 4.756703 -5.086056
v -4.690871 4.759419 -5.088459
v -4.690844 4.760727 -5.089000
v -4.693644 4.761865 -5.089909
v -4.692229 4.760807 -5.089453
v -4.688212 4.759013 -5.086011
v -4.689597 4.758086 -5.086029
v -4.688502 4.759712 -5.087630
v -4.690291 4.758818 -5.087551
v -1.007712 4.765101 -5.078273
v -0.994063 4.769803 -5.082485
v -1.006464 4.762097 -5.078324
v -1.006312 4.764873 -5.078274
v -1.002646 4.765692 -5.080714
v -1.000281 4.766930 -5.081257
v -0.997355 4.768028 -5.082176
v -1.005637 4.763249 -5.078301
v -1.004057 4.764979 -5.079806
v -5.164114 4.752100 -4.608217
v -5.168364 4.756829 -4.616979
v -5.164111 4.747914 -4.612552
v -5.165743 4.752482 -4.610144
v -5.167120 4.753515 -4.612485
v -5.164114 4.751803 -4.609853
v -5.165686 4.752182 -4.611183
v -5.166560 4.752215 -4.612520
v -5.168044 4.754675 -4.615264
v -5.167120 4.752226 -4.613822
v -5.167574 4.753605 -4.613866
v -5.164111 4.749539 -4.612199
v -5.164114 4.750905 -4.611252
v -5.165740 4.749851 -4.612869
v -5.165682 4.750880 -4.612532
v -5.164629 1.082530 -4.676532
v -5.168887 1.069102 -4.681338
v -5.164633 1.081226 -4.673537
v -5.166262 1.079582 -4.676932
v -5.164629 1.081126 -4.676326
v -5.167460 1.076930 -4.677477
v -5.168562 1.072313 -4.679532
v -5.168093 1.074578 -4.678651
v -5.164633 1.080418 -4.674706
v -5.166262 1.078453 -4.676054
v -0.032973 5.247814 -5.073927
v -0.030447 5.244380 -5.075175
v -0.031905 5.247550 -5.073421
v -0.031050 5.246802 -5.073480
v -0.032950 5.247496 -5.075714
v -0.031020 5.247094 -5.075497
v -0.029765 5.246485 -5.075475
v -0.030524 5.243356 -5.076517
v -0.031012 5.242791 -5.077646
v -0.030539 5.245690 -5.074096
v -0.029856 5.245135 -5.075894
v -0.029746 5.244767 -5.077259
v -0.032897 5.245044 -5.078256
v -0.032923 5.246522 -5.077235
v -0.031836 5.242766 -5.078385
v -0.030985 5.244812 -5.077864
v -0.030570 5.246357 -5.077074
v -5.174330 5.156896 0.045643
v -5.170844 5.158071 0.048017
v -5.169825 5.161627 0.045604
v -5.174067 5.156377 0.046630
v -5.173308 5.156418 0.047428
v -5.173983 5.158689 0.045643
v -5.173583 5.158444 0.047519
v -5.172972 5.158396 0.048739
v -5.172419 5.159587 0.048710
v -5.169848 5.159405 0.048000
v -5.169302 5.160549 0.047536
v -5.172179 5.157012 0.047915
v -5.171622 5.158798 0.048647
v -5.171256 5.160165 0.048784
v -5.171546 5.161250 0.045622
v -5.173007 5.160218 0.045636
v -5.169295 5.161329 0.046694
v -5.171309 5.160807 0.047546
v -5.163077 5.239232 -5.078331
v -5.163031 5.234726 -5.082969
v -5.167586 5.234654 -5.078409
v -5.163065 5.238913 -5.080083
v -5.163054 5.237945 -5.081579
v -5.164801 5.238884 -5.078339
v -5.164732 5.238404 -5.080033
v -5.164683 5.237748 -5.081393
v -5.165659 5.237330 -5.080992
v -5.164771 5.234723 -5.082627
v -5.166251 5.234707 -5.081639
v -5.163043 5.236475 -5.082594
v -5.164721 5.236405 -5.082093
v -5.166060 5.236351 -5.081417
v -5.167243 5.236407 -5.078382
v -5.166266 5.237893 -5.078357
v -5.167239 5.234683 -5.080158
v -5.166739 5.236372 -5.080068
v -5.166068 5.237725 -5.080002
v -5.163718 0.125384 -5.172151
v -5.164866 0.122960 -5.168723
v -5.168345 0.125274 -5.167586
v -5.163207 0.124358 -5.171906
v -5.163241 0.123537 -5.171170
v -5.165488 0.125370 -5.171807
v -5.165263 0.123483 -5.171437
v -5.165225 0.122258 -5.170849
v -5.166403 0.122293 -5.170285
v -5.166197 0.122995 -5.167700
v -5.167326 0.123445 -5.167124
v -5.163825 0.123046 -5.170050
v -5.165614 0.122347 -5.169491
v -5.166975 0.122217 -5.169114
v -5.167994 0.125311 -5.169335
v -5.166987 0.125345 -5.170819
v -5.168082 0.124246 -5.167083
v -5.167590 0.123430 -5.169138
v -4.690001 5.076486 -0.936943
v -4.686938 5.076406 -0.935594
v -4.685729 5.072317 -0.941848
v -4.689764 5.076714 -0.935554
v -4.689673 5.074876 -0.938080
v -4.689314 5.075011 -0.936301
v -4.688788 5.075084 -0.935174
v -4.688288 5.074085 -0.936151
v -4.686121 5.074815 -0.936499
v -4.685603 5.073481 -0.938005
v -4.688109 5.076669 -0.934824
v -4.687628 5.074981 -0.935551
v -4.687285 5.073664 -0.936557
v -4.687361 5.072620 -0.940735
v -4.688746 5.073519 -0.939412
v -4.685465 5.072604 -0.939883
v -4.687258 5.073045 -0.938388
v -4.688628 5.073684 -0.937157
v -4.689208 5.140341 -4.595104
v -4.684939 5.136086 -4.595167
v -4.684947 5.140419 -4.599354
v -4.688879 5.138710 -4.595130
v -4.687956 5.137330 -4.595153
v -4.688883 5.140368 -4.596733
v -4.688490 5.138699 -4.596802
v -4.687739 5.137574 -4.596735
v -4.684939 5.136438 -4.596792
v -4.684943 5.137387 -4.598159
v -4.686572 5.136409 -4.595165
v -4.686614 5.136828 -4.596828
v -4.686530 5.137597 -4.597940
v -4.686575 5.140413 -4.599031
v -4.687960 5.140395 -4.598112
v -4.684943 5.138783 -4.599058
v -4.686614 5.138735 -4.598670
v -4.687743 5.138804 -4.597923
v -1.023417 5.146168 -4.591657
v -1.029437 5.141825 -4.587482
v -1.022177 5.146119 -4.588640
v -1.024798 5.144532 -4.591363
v -1.026423 5.143129 -4.590466
v -1.022017 5.146168 -4.591424
v -1.023104 5.144585 -4.591003
v -1.024241 5.143312 -4.590354
v -1.023196 5.143690 -4.590024
v -1.027308 5.142150 -4.587297
v -1.025179 5.143081 -4.587452
v -1.028052 5.142180 -4.589105
v -1.025652 5.142653 -4.589029
v -1.023711 5.143291 -4.589067
v -1.021346 5.146139 -4.589792
v -1.023379 5.144473 -4.587924
v -1.022429 5.144558 -4.589371
v -1.022025 5.144618 -4.590492
v -4.691020 4.753554 -4.999106
v -4.686762 4.757821 -4.999023
v -4.686766 4.753487 -4.994837
v -4.690695 4.755185 -4.999077
v -4.689772 4.756569 -4.999050
v -4.690699 4.753525 -4.997475
v -4.690310 4.755198 -4.997404
v -4.689559 4.756324 -4.997467
v -4.686766 4.757468 -4.997399
v -4.686766 4.756520 -4.996032
v -4.688395 4.757494 -4.999031
v -4.688437 4.757074 -4.997367
v -4.688353 4.756304 -4.996256
v -4.688395 4.753489 -4.995165
v -4.689776 4.753503 -4.996091
v -4.686766 4.755124 -4.995133
v -4.688437 4.755168 -4.995528
v -4.689562 4.755094 -4.996280
v -4.687243 1.087568 -5.063090
v -4.682997 1.093501 -5.058716
v -4.684226 1.086317 -5.063105
v -4.686732 1.088455 -5.061442
v -4.685748 1.089896 -5.060034
v -4.687201 1.085707 -5.063122
v -4.686636 1.086624 -5.061434
v -4.685824 1.087908 -5.060284
v -4.685709 1.086972 -5.060637
v -4.683280 1.091189 -5.059081
v -4.683611 1.089011 -5.060044
v -4.684435 1.091667 -5.059075
v -4.684767 1.089234 -5.059510
v -4.685568 1.085030 -5.063132
v -4.686614 1.084815 -5.063136
v -4.683943 1.087303 -5.061456
v -4.685309 1.086076 -5.061440
v -1.007891 4.763583 -4.991296
v -1.006644 4.760579 -4.991347
v -1.013949 4.759240 -4.987123
v -1.006491 4.763356 -4.991297
v -1.009284 4.763228 -4.989675
v -1.007586 4.762877 -4.989735
v -1.006506 4.762372 -4.989781
v -1.007685 4.761867 -4.988875
v -1.007861 4.759799 -4.989731
v -1.009673 4.759269 -4.988362
v -1.005816 4.761731 -4.991324
v -1.006911 4.761249 -4.989762
v -1.008200 4.760893 -4.988510
v -1.012560 4.760876 -4.987417
v -1.010924 4.762277 -4.988313
v -1.011813 4.759072 -4.987446
v -1.010153 4.760827 -4.987883
v -1.008734 4.762179 -4.988489
v -5.082663 4.687875 -0.929389
v -5.078394 4.683720 -0.935508
v -5.082667 4.684848 -0.928200
v -5.081030 4.687574 -0.930780
v -5.079646 4.686680 -0.932432
v -5.081091 4.687190 -0.929091
v -5.079829 4.686537 -0.930244
v -5.080214 4.686196 -0.929206
v -5.078722 4.683507 -0.933376
v -5.079649 4.683647 -0.931240
v -5.078719 4.685327 -0.934092
v -5.079195 4.685221 -0.931686
v -5.079833 4.685241 -0.929736
v -5.082667 4.686956 -0.927276
v -5.081034 4.684117 -0.929421
v -5.081091 4.685550 -0.928445
v -5.081133 4.686664 -0.928020
v -5.077124 4.752086 -4.608087
v -5.077116 4.747900 -4.612421
v -5.072863 4.747825 -4.608156
v -5.077124 4.751790 -4.609722
v -5.077120 4.750889 -4.611122
v -5.075495 4.751761 -4.608089
v -5.075449 4.751398 -4.609769
v -5.075533 4.750670 -4.610907
v -5.075488 4.747894 -4.612095
v -5.074111 4.747878 -4.611170
v -5.077120 4.749525 -4.612068
v -5.075449 4.749558 -4.611675
v -5.074324 4.749461 -4.610926
v -5.073187 4.749456 -4.608128
v -5.074111 4.750836 -4.608105
v -5.073187 4.747853 -4.609786
v -5.073576 4.749526 -4.609797
v -5.074328 4.750649 -4.609694
v -5.077639 1.082516 -4.676400
v -5.077643 1.081210 -4.673404
v -5.073386 1.088440 -4.672030
v -5.077639 1.080656 -4.676394
v -5.077639 1.079755 -4.675822
v -5.076010 1.083422 -4.675866
v -5.076052 1.080826 -4.675353
v -5.075179 1.081933 -4.674868
v -5.076014 1.082216 -4.673100
v -5.074629 1.083943 -4.672730
v -5.077639 1.079950 -4.674771
v -5.074847 1.082506 -4.674111
v -5.073706 1.086629 -4.673502
v -5.074629 1.084865 -4.674850
v -5.073706 1.086129 -4.672354
v -5.074095 1.084195 -4.673880
v -5.034186 4.141786 -2.950325
v -5.030322 4.139920 -2.948776
v -5.032717 4.142090 -2.950598
v -5.031466 4.141842 -2.950398
v -5.030623 4.141080 -2.949758
v -5.038424 3.375794 -3.811868
v -5.042292 3.377680 -3.813433
v -5.038729 3.376962 -3.812857
v -5.039568 3.377730 -3.813502
v -5.040823 3.377982 -3.813704
v -5.027552 3.786926 -2.648994
v -5.031504 3.784794 -2.647146
v -5.027842 3.785741 -2.647985
v -5.028697 3.784919 -2.647280
v -5.029982 3.784587 -2.646985
v -5.039610 3.020707 -3.510270
v -5.035655 3.022845 -3.512123
v -5.038088 3.020500 -3.510109
v -5.036803 3.020835 -3.510405
v -5.035948 3.021659 -3.511112
v -5.038466 3.783229 -3.406889
v -5.034606 3.781363 -3.405339
v -5.036997 3.783533 -3.407161
v -5.035746 3.783284 -3.406961
v -5.034907 3.782523 -3.406322
v -5.035792 3.426752 -3.104149
v -5.031840 3.428875 -3.105989
v -5.034270 3.426545 -3.103987
v -5.032984 3.426874 -3.104279
v -5.032134 3.427693 -3.104984
v -5.042773 2.601877 -3.845567
v -5.038813 2.604050 -3.847450
v -5.041251 2.601672 -3.845407
v -5.039961 2.602012 -3.845709
v -5.039107 2.602847 -3.846425
v -5.041583 2.957090 -4.147269
v -5.045466 2.959011 -4.148864
v -5.041888 2.958272 -4.148270
v -5.042731 2.959054 -4.148926
v -5.043990 2.959313 -4.149134
v -5.045878 2.052972 -4.176218
v -5.041907 2.056116 -4.177603
v -5.044352 2.052841 -4.176021
v -5.043059 2.053392 -4.176214
v -5.042201 2.054541 -4.176770
v -5.044203 2.509674 -4.424902
v -5.048102 2.512557 -4.425991
v -5.044508 2.511228 -4.425712
v -5.045355 2.512323 -4.426203
v -5.046618 2.512790 -4.426302
v -5.050627 1.052654 -4.688644
v -5.046572 1.065110 -4.683171
v -5.050589 1.052058 -4.686773
v -5.049086 1.055475 -4.687886
v -5.047778 1.058833 -4.686580
v -5.049254 1.053250 -4.687717
v -5.047976 1.055428 -4.686671
v -5.048377 1.053943 -4.686569
v -5.046874 1.061845 -4.683189
v -5.047747 1.058216 -4.683881
v -5.046893 1.062217 -4.684924
v -5.047335 1.058334 -4.685131
v -5.047961 1.055167 -4.685528
v -5.050971 1.050749 -4.688214
v -5.049048 1.054779 -4.685138
v -5.049239 1.052920 -4.686426
v -5.049345 1.051925 -4.687390
v -5.050452 2.020101 -4.670880
v -5.046507 2.021199 -4.667918
v -5.048956 2.020638 -4.671052
v -5.047678 2.021036 -4.670549
v -5.046820 2.021232 -4.669449
v -5.029501 4.448249 -2.449061
v -5.025614 4.447001 -2.446410
v -5.028025 4.448602 -2.449250
v -5.026770 4.448489 -2.448813
v -5.025919 4.447926 -2.447815
v -5.021552 4.145165 -2.008745
v -5.025496 4.143605 -2.005723
v -5.021842 4.144198 -2.007286
v -5.022692 4.143564 -2.006201
v -5.023978 4.143353 -2.005651
v -5.020278 4.728443 -1.876529
v -5.024161 4.731259 -1.875787
v -5.020575 4.729972 -1.876639
v -5.021418 4.731044 -1.876536
v -5.022677 4.731496 -1.876239
v -5.013640 4.689369 -0.736768
v -5.013621 4.687537 -0.736322
v -5.009779 4.684465 -0.750347
v -5.013850 4.689244 -0.735441
v -5.012141 4.688716 -0.739831
v -5.012274 4.688430 -0.737584
v -5.012347 4.688043 -0.736260
v -5.011424 4.687304 -0.738452
v -5.012129 4.685988 -0.739345
v -5.010874 4.684861 -0.743070
v -5.013838 4.688252 -0.735200
v -5.012267 4.687152 -0.737352
v -5.011038 4.686328 -0.739810
v -5.010050 4.686062 -0.747180
v -5.010882 4.687554 -0.743487
v -5.010046 4.684325 -0.746934
v -5.010455 4.686077 -0.743140
v -5.011042 4.687469 -0.739988
v -5.141676 4.097718 -2.911889
v -5.137866 4.102500 -2.915985
v -5.141394 4.099103 -2.913068
v -5.140570 4.100496 -2.914259
v -5.139334 4.101689 -2.915283
v -5.145968 3.338395 -3.779094
v -5.149783 3.333596 -3.774982
v -5.147437 3.337584 -3.778392
v -5.148676 3.336386 -3.777364
v -5.149497 3.334988 -3.776166
v -5.135497 3.816272 -2.672907
v -5.139502 3.820817 -2.676730
v -5.137022 3.816987 -2.673499
v -5.138319 3.818103 -2.674434
v -5.139189 3.819447 -2.675569
v -5.147608 3.056736 -3.539858
v -5.143599 3.052184 -3.536030
v -5.147295 3.055364 -3.538695
v -5.146422 3.054018 -3.537559
v -5.145125 3.052901 -3.536623
v -5.145960 3.739163 -3.368453
v -5.142153 3.743940 -3.372546
v -5.145678 3.740545 -3.369632
v -5.144858 3.741940 -3.370821
v -5.143618 3.743132 -3.371845
v -5.143790 3.462768 -3.133723
v -5.139788 3.458231 -3.129908
v -5.143477 3.461400 -3.132565
v -5.142607 3.460059 -3.131434
v -5.141310 3.458945 -3.130502
v -5.150767 2.637941 -3.875182
v -5.146754 2.633351 -3.871321
v -5.150454 2.636555 -3.874007
v -5.149580 2.635196 -3.872862
v -5.148280 2.634070 -3.871918
v -5.149115 2.919736 -4.114533
v -5.152941 2.914890 -4.110382
v -5.150588 2.918921 -4.113827
v -5.151831 2.917712 -4.112789
v -5.152655 2.916296 -4.111579
v -5.153861 2.090257 -4.205197
v -5.149848 2.084441 -4.201971
v -5.153548 2.088402 -4.204266
v -5.152674 2.086645 -4.203325
v -5.151377 2.085254 -4.202519
v -5.151713 2.473297 -4.391674
v -5.155562 2.467225 -4.388156
v -5.153193 2.472386 -4.391012
v -5.154444 2.470913 -4.390113
v -5.155276 2.469100 -4.389110
v -5.154551 1.084070 -4.714063
v -5.154551 1.083525 -4.712526
v -5.158511 1.102199 -4.709272
v -5.156081 1.088209 -4.713792
v -5.156142 1.085944 -4.713787
v -5.156161 1.084565 -4.713592
v -5.156916 1.087453 -4.713007
v -5.156065 1.087710 -4.711375
v -5.157351 1.092727 -4.710355
v -5.154807 1.082465 -4.713297
v -5.156134 1.085705 -4.712657
v -5.157225 1.089144 -4.712083
v -5.158225 1.098021 -4.711198
v -5.157370 1.093109 -4.712784
v -5.158209 1.097816 -4.709614
v -5.157786 1.093233 -4.711621
v -5.157233 1.089308 -4.713112
v -5.157862 1.979055 -4.631043
v -5.154006 1.980863 -4.636580
v -5.157580 1.979295 -4.632766
v -5.156748 1.979722 -4.634424
v -5.155493 1.980274 -4.635764
v -5.136969 4.404959 -2.409244
v -5.133158 4.408972 -2.414729
v -5.136687 4.406049 -2.410952
v -5.135867 4.407193 -2.412596
v -5.134627 4.408219 -2.413920
v -5.129488 4.175082 -2.031482
v -5.133509 4.178905 -2.036780
v -5.131014 4.175743 -2.032187
v -5.132315 4.176702 -2.033442
v -5.133193 4.177812 -2.035055
v -5.127772 4.691998 -1.841470
v -5.131636 4.686287 -1.839624
v -5.129252 4.691115 -1.840937
v -5.130507 4.689719 -1.840399
v -5.131342 4.688025 -1.839938
v -5.117602 4.720538 -0.762499
v -5.121764 4.716969 -0.781311
v -5.117610 4.719013 -0.762080
v -5.119166 4.720565 -0.766749
v -5.120505 4.719897 -0.771816
v -5.119189 4.720428 -0.764438
v -5.120326 4.719995 -0.767907
v -5.119986 4.719769 -0.766027
v -5.121417 4.717041 -0.776836
v -5.120509 4.717453 -0.771610
v -5.121417 4.718634 -0.776930
v -5.120932 4.718756 -0.772016
v -5.120326 4.718961 -0.767816
v -5.117808 4.719701 -0.760951
v -5.119170 4.718146 -0.766428
v -5.119193 4.719296 -0.764282
v -5.119185 4.720156 -0.763047
v -4.119868 3.061252 -5.054676
v -4.118422 3.059918 -5.050555
v -4.120318 3.061610 -5.053262
v -4.120200 3.061482 -5.051983
v -4.119536 3.060888 -5.051032
v -3.347193 3.916448 -5.029721
v -3.348654 3.917795 -5.033850
v -3.348311 3.917424 -5.030199
v -3.348982 3.918023 -5.031152
v -3.349101 3.918155 -5.032434
v -3.771185 2.758697 -4.994296
v -3.768679 2.756604 -4.997894
v -3.769988 2.757663 -4.994406
v -3.769091 2.756904 -4.995129
v -3.768630 2.756532 -4.996354
v -2.997481 3.613166 -4.977069
v -3.000006 3.615272 -4.973470
v -2.997435 3.613092 -4.975528
v -2.997900 3.613468 -4.974302
v -2.998801 3.614232 -4.973580
v -3.757308 3.514617 -5.048342
v -3.755866 3.513286 -5.044224
v -3.757758 3.514976 -5.046928
v -3.757643 3.514849 -5.045649
v -3.756979 3.514256 -5.044699
v -3.406626 3.210412 -4.991644
v -3.409129 3.212498 -4.988045
v -3.406577 3.210338 -4.990103
v -3.407038 3.210709 -4.988878
v -3.407931 3.211467 -4.988156
v -2.576537 3.945178 -4.956454
v -2.579104 3.947322 -4.952861
v -2.576495 3.945108 -4.954912
v -2.576964 3.945492 -4.953689
v -2.577883 3.946269 -4.952968
v -2.926371 4.248566 -5.009124
v -2.927863 4.249941 -5.013274
v -2.927504 4.249556 -5.009604
v -2.928187 4.250165 -5.010563
v -2.928313 4.250302 -5.011851
v -1.998301 4.271931 -4.931098
v -2.002043 4.273544 -4.927476
v -1.998347 4.271821 -4.929554
v -1.999075 4.272088 -4.928323
v -2.000372 4.272694 -4.927593
v -2.477599 4.522942 -4.981817
v -2.480189 4.523747 -4.985964
v -2.479155 4.523716 -4.982288
v -2.480196 4.524142 -4.983241
v -2.480559 4.524153 -4.984532
v -0.856772 4.777939 -4.906862
v -0.871958 4.772793 -4.903239
v -0.856360 4.776294 -4.906851
v -0.860205 4.777297 -4.905444
v -0.864295 4.776094 -4.904259
v -0.857886 4.777121 -4.905505
v -0.860602 4.776172 -4.904314
v -0.858962 4.776055 -4.904645
v -0.868281 4.772803 -4.903400
v -0.864028 4.773475 -4.904143
v -0.868422 4.774512 -4.903484
v -0.864092 4.774695 -4.903766
v -0.860487 4.775063 -4.904266
v -0.855223 4.776979 -4.907029
v -0.859839 4.774699 -4.905354
v -0.857710 4.775905 -4.905464
v -0.856524 4.776808 -4.905533
v -1.987170 4.765107 -4.951791
v -1.988696 4.762398 -4.948378
v -1.987860 4.765373 -4.950403
v -1.988390 4.764951 -4.949268
v -1.988684 4.763907 -4.948557
v -4.431189 2.562970 -5.052691
v -4.430377 2.560542 -5.048547
v -4.431685 2.563246 -5.051269
v -4.431708 2.562881 -5.049985
v -4.431246 2.561931 -5.049028
v -4.135802 2.122059 -4.988334
v -4.133883 2.118799 -4.991916
v -4.134829 2.120579 -4.988437
v -4.134123 2.119438 -4.989155
v -4.133788 2.118812 -4.990377
v -4.717696 1.993648 -5.039397
v -4.720107 1.992700 -5.043500
v -4.719183 1.993751 -5.039856
v -4.720164 1.993606 -5.040796
v -4.720488 1.993237 -5.042075
v -4.693160 0.856009 -4.963251
v -4.691344 0.855554 -4.963018
v -4.688513 0.869769 -4.959694
v -4.692641 0.854117 -4.963367
v -4.692626 0.859154 -4.961872
v -4.692355 0.856901 -4.961845
v -4.691977 0.855572 -4.961801
v -4.691313 0.857808 -4.960932
v -4.689921 0.858649 -4.961549
v -4.688883 0.862434 -4.960404
v -4.691088 0.856660 -4.961693
v -4.690363 0.859179 -4.960530
v -4.690112 0.866600 -4.959946
v -4.691557 0.862872 -4.960713
v -4.688387 0.866340 -4.959750
v -4.690135 0.862540 -4.960116
v -4.691496 0.859368 -4.960661
v -4.065505 3.016334 -5.154680
v -4.070605 3.020675 -5.151622
v -4.066897 3.017534 -5.154610
v -4.068354 3.018781 -5.154004
v -4.069655 3.019885 -5.152955
v -3.299395 3.877226 -5.130787
v -3.294276 3.872867 -5.133846
v -3.298445 3.876432 -5.132120
v -3.297141 3.875325 -5.133170
v -3.295676 3.874073 -5.133777
v -3.789050 2.776432 -5.105886
v -3.793120 2.780046 -5.110550
v -3.789599 2.776939 -5.107506
v -3.790564 2.777806 -5.108962
v -3.791800 2.778896 -5.110030
v -3.021937 3.636620 -5.089723
v -3.017855 3.632996 -5.085055
v -3.020613 3.635466 -5.089205
v -3.019373 3.634372 -5.088135
v -3.018404 3.633503 -5.086678
v -3.702948 3.469703 -5.148348
v -3.708045 3.474042 -5.145291
v -3.704337 3.470902 -5.148277
v -3.705794 3.472149 -5.147671
v -3.707095 3.473250 -5.146623
v -3.431063 3.233849 -5.104296
v -3.427001 3.230240 -5.099634
v -3.429747 3.232700 -5.103779
v -3.428511 3.231612 -5.102710
v -3.427546 3.230747 -5.101256
v -2.601038 3.968670 -5.069113
v -2.596907 3.965003 -5.064432
v -2.599696 3.967502 -5.068588
v -2.598441 3.966393 -5.067517
v -2.597460 3.965516 -5.066056
v -2.878619 4.209383 -5.110179
v -2.873454 4.204983 -5.113248
v -2.877665 4.208587 -5.111519
v -2.876345 4.207469 -5.112572
v -2.874869 4.206205 -5.113179
v -2.024271 4.294743 -5.043719
v -2.018668 4.291756 -5.039070
v -2.022368 4.293833 -5.043208
v -2.020636 4.292947 -5.042146
v -2.019335 4.292218 -5.040693
v -2.430972 4.483212 -5.082815
v -2.424407 4.479512 -5.085953
v -2.429907 4.482464 -5.084169
v -2.428282 4.481497 -5.085240
v -2.426352 4.480461 -5.085867
v -0.877146 4.797530 -5.014973
v -0.876727 4.796120 -5.014821
v -0.897330 4.792626 -5.019488
v -0.881655 4.797191 -5.016644
v -0.879256 4.797160 -5.016583
v -0.877814 4.796957 -5.016520
v -0.880972 4.796345 -5.017399
v -0.881419 4.794840 -5.016501
v -0.886981 4.793725 -5.017978
v -0.875594 4.796789 -5.015025
v -0.879138 4.796061 -5.016515
v -0.882899 4.795420 -5.017755
v -0.892581 4.794535 -5.019087
v -0.887076 4.796138 -5.018089
v -0.892569 4.792948 -5.019027
v -0.887362 4.794949 -5.018474
v -0.882945 4.796441 -5.017803
v -1.935832 4.718837 -5.052642
v -1.937991 4.724604 -5.048568
v -1.936087 4.720573 -5.052208
v -1.936587 4.722277 -5.051281
v -1.937254 4.723694 -5.050003
v -4.377619 2.516681 -5.152670
v -4.381934 2.522404 -5.149615
v -4.378710 2.518410 -5.152603
v -4.379912 2.520104 -5.152000
v -4.381049 2.521507 -5.150951
v -4.154253 2.138624 -5.099899
v -4.157584 2.143706 -5.104592
v -4.154746 2.139243 -5.101525
v -4.155550 2.140427 -5.102987
v -4.156546 2.141996 -5.104064
v -4.670874 1.952152 -5.140381
v -4.664820 1.950049 -5.143524
v -4.669852 1.951528 -5.141729
v -4.668341 1.950908 -5.142800
v -4.666575 1.950390 -5.143429
v -4.713225 0.875809 -5.071169
v -4.709025 0.894336 -5.076018
v -4.711714 0.875380 -5.070997
v -4.713042 0.879965 -5.072972
v -4.712180 0.884945 -5.074526
v -4.713210 0.874481 -5.071294
v -4.712931 0.877654 -5.072847
v -4.712340 0.881049 -5.074132
v -4.712176 0.879189 -5.073664
v -4.709185 0.889883 -5.075425
v -4.709754 0.884721 -5.074263
v -4.710768 0.889990 -5.075596
v -4.711001 0.885111 -5.074843
v -4.711314 0.880952 -5.074022
v -4.710639 0.879627 -5.072708
v -4.711806 0.877490 -5.072724
v -4.712676 0.876262 -5.072737
v -3.745524 5.067416 -3.399734
v -3.747187 5.071294 -3.401479
v -3.746554 5.067727 -3.400854
v -3.747233 5.068576 -3.401578
v -3.747454 5.069827 -3.401798
v -3.013056 5.068473 -3.460251
v -3.011172 5.072406 -3.458125
v -3.012007 5.068753 -3.459101
v -3.011282 5.069600 -3.458295
v -3.010989 5.070882 -3.457951
v -3.325552 5.074428 -3.801446
v -3.327204 5.078306 -3.803183
v -3.326579 5.074739 -3.802563
v -3.327254 5.075587 -3.803285
v -3.327471 5.076839 -3.803503
v -3.433051 5.061461 -3.058559
v -3.431166 5.065394 -3.056432
v -3.432002 5.061742 -3.057410
v -3.431277 5.062591 -3.056601
v -3.430983 5.063872 -3.056257
v -3.788672 5.053992 -2.630651
v -3.786765 5.057930 -2.628498
v -3.787615 5.054275 -2.629490
v -3.786883 5.055123 -2.628675
v -3.786585 5.056407 -2.628325
v -4.101504 5.059955 -2.972214
v -4.103190 5.063844 -2.973985
v -4.102545 5.060267 -2.973346
v -4.103232 5.061116 -2.974079
v -4.103457 5.062371 -2.974304
v -4.388709 5.052279 -2.532491
v -4.390357 5.056189 -2.534415
v -4.389739 5.052594 -2.533683
v -4.390414 5.053448 -2.534467
v -4.390631 5.054709 -2.534724
v -4.082007 5.046090 -2.178174
v -4.080130 5.050031 -2.175869
v -4.080962 5.046372 -2.176955
v -4.080237 5.047221 -2.176089
v -4.079947 5.048507 -2.175706
v -4.727644 5.031093 -1.323056
v -4.731577 5.035068 -1.313810
v -4.729189 5.031347 -1.319587
v -4.730483 5.032192 -1.316610
v -4.731318 5.033498 -1.314582
v -4.629660 5.043842 -2.049190
v -4.629912 5.047832 -2.054108
v -4.630156 5.044179 -2.051529
v -4.630381 5.045056 -2.053286
v -4.630293 5.046340 -2.054191
v -4.469141 5.032220 -1.387742
v -4.468661 5.036113 -1.382448
v -4.468630 5.032483 -1.385380
v -4.468359 5.033313 -1.383543
v -4.468371 5.034589 -1.382514
v -2.532595 5.074659 -3.814708
v -2.530558 5.078595 -3.812657
v -2.531489 5.074942 -3.813587
v -2.530715 5.075789 -3.812804
v -2.530386 5.077072 -3.812477
v -2.862456 5.080501 -4.149303
v -2.864249 5.084386 -4.150955
v -2.863539 5.080812 -4.150389
v -2.864260 5.081662 -4.151083
v -2.864508 5.082917 -4.151283
v -1.485648 5.088526 -4.609227
v -1.476698 5.092748 -4.613250
v -1.482264 5.088871 -4.610834
v -1.479376 5.089795 -4.612163
v -1.477419 5.091156 -4.613012
v -1.594187 5.083079 -4.297038
v -1.588728 5.087047 -4.296675
v -1.591769 5.083371 -4.296563
v -1.589884 5.084229 -4.296327
v -1.588816 5.085521 -4.296366
v -2.331454 5.085958 -4.461994
v -2.336325 5.089831 -4.461891
v -2.333716 5.086261 -4.462409
v -2.335436 5.087102 -4.462536
v -2.336352 5.088357 -4.462354
v -3.712367 5.174615 -3.361647
v -3.708128 5.178379 -3.356951
v -3.711649 5.176072 -3.360838
v -3.710593 5.177299 -3.359662
v -3.709357 5.178109 -3.358297
v -3.039057 5.176675 -3.486760
v -3.043078 5.180720 -3.491081
v -3.039690 5.178205 -3.487426
v -3.040679 5.179511 -3.488479
v -3.041869 5.180396 -3.489763
v -3.292384 5.181626 -3.763351
v -3.288153 5.185391 -3.758664
v -3.291667 5.183085 -3.762543
v -3.290610 5.184310 -3.761369
v -3.289378 5.185121 -3.760006
v -3.459052 5.169662 -3.085067
v -3.463072 5.173709 -3.089390
v -3.459685 5.171193 -3.085732
v -3.460669 5.172500 -3.086787
v -3.461859 5.173383 -3.088072
v -3.814650 5.162189 -2.657131
v -3.818694 5.166240 -2.661479
v -3.815283 5.163722 -2.657798
v -3.816275 5.165030 -2.658859
v -3.817473 5.165914 -2.660151
v -4.068377 5.167144 -2.934162
v -4.064108 5.170917 -2.929431
v -4.067656 5.168604 -2.933349
v -4.066592 5.169835 -2.932165
v -4.065344 5.170646 -2.930789
v -4.355559 5.159454 -2.494605
v -4.351325 5.163241 -2.489676
v -4.354842 5.160922 -2.493774
v -4.353781 5.162156 -2.492547
v -4.352549 5.162971 -2.491107
v -4.108012 5.154280 -2.204498
v -4.112013 5.158339 -2.209035
v -4.108645 5.155814 -2.205180
v -4.109625 5.157125 -2.206282
v -4.110808 5.158012 -2.207635
v -4.728163 5.138391 -1.308277
v -4.723208 5.142728 -1.318745
v -4.727744 5.139992 -1.309005
v -4.726653 5.141379 -1.311251
v -4.725062 5.142340 -1.314669
v -4.595129 5.151048 -2.014316
v -4.592665 5.154789 -2.005579
v -4.594542 5.152518 -2.013194
v -4.593867 5.153747 -2.011139
v -4.593207 5.154544 -2.008466
v -4.496539 5.140350 -1.411075
v -4.498766 5.144481 -1.419396
v -4.497038 5.141891 -1.412046
v -4.497633 5.143218 -1.413968
v -4.498244 5.144128 -1.416549
v -2.558444 5.182861 -3.841291
v -2.562655 5.186906 -3.845517
v -2.559092 5.184391 -3.841949
v -2.560118 5.185699 -3.842983
v -2.561373 5.186582 -3.844237
v -2.829436 5.187690 -4.111130
v -2.825022 5.191463 -4.106544
v -2.828703 5.189151 -4.110328
v -2.827609 5.190379 -4.109175
v -2.826315 5.191191 -4.107847
v -1.473284 5.196043 -4.607718
v -1.483428 5.200120 -4.602544
v -1.474013 5.197628 -4.607256
v -1.476195 5.198962 -4.606111
v -1.479502 5.199838 -4.604455
v -1.616610 5.191306 -4.325308
v -1.625086 5.195317 -4.327426
v -1.617583 5.192835 -4.325805
v -1.619536 5.194135 -4.326383
v -1.622168 5.195007 -4.326952
v -2.301524 5.193103 -4.422077
v -2.293307 5.196929 -4.419640
v -2.300501 5.194571 -4.421438
v -2.298583 5.195815 -4.420750
v -2.296053 5.196643 -4.420119
v -0.922427 5.144677 -4.626127
v -0.922923 5.144705 -4.627790
v -0.921542 5.144703 -4.627706
v -4.734499 5.078551 -0.846193
v -4.736228 5.078560 -0.846702
v -4.736117 5.078536 -0.845307
v -5.166461 5.200431 -2.516397
v -5.170958 5.195788 -2.516365
v -5.168181 5.200059 -2.515638
v -5.169642 5.199045 -2.515368
v -5.170615 5.197547 -2.515623
v -5.163390 2.680024 -5.127560
v -5.167967 2.679953 -5.123008
v -5.165137 2.679303 -5.127228
v -5.166625 2.679036 -5.126248
v -5.167616 2.679264 -5.124766
v -5.167857 2.640519 -2.560351
v -5.171340 2.641118 -2.560992
v -5.169188 2.640022 -2.559878
v -5.170317 2.639962 -2.559833
v -2.597929 5.239022 -5.080796
v -2.597975 5.243523 -5.076142
v -2.597197 5.240769 -5.080425
v -2.596949 5.242239 -5.079410
v -2.597220 5.243207 -5.077906
v -2.600649 5.201225 -2.513578
v -2.601340 5.204722 -2.514266
v -2.600165 5.202548 -2.513080
v -2.600131 5.203678 -2.513035
v -2.597655 2.683673 -5.121947
v -2.598330 2.684351 -5.125386
v -2.597174 2.683210 -5.123284
v -2.597128 2.683176 -5.124407
v -4.689742 5.202897 -2.776779
v -4.694232 5.207101 -2.774814
v -4.690089 5.204526 -2.776779
v -4.691061 5.205897 -2.776405
v -4.692519 5.206800 -2.775716
v -2.851882 5.234619 -4.598516
v -2.854323 5.230272 -4.593987
v -2.852816 5.234261 -4.596761
v -2.853610 5.233310 -4.595283
v -2.854140 5.231909 -4.594309
v -2.852301 5.209994 -2.770929
v -2.854720 5.205796 -2.772923
v -2.853228 5.209689 -2.771842
v -2.854014 5.208786 -2.772541
v -2.854537 5.207417 -2.772921
v -4.688952 2.922080 -5.118075
v -4.693514 2.919820 -5.122387
v -4.689295 2.921930 -5.119710
v -4.690283 2.921449 -5.121102
v -4.691767 2.920709 -5.122041
v -2.847147 4.762221 -5.082136
v -2.844740 4.766882 -5.086344
v -2.846961 4.762599 -5.083763
v -2.846438 4.763616 -5.085134
v -2.845660 4.765122 -5.086039
v -2.842833 2.922687 -5.118531
v -2.845255 2.924967 -5.114203
v -2.843756 2.923583 -5.118180
v -2.844542 2.924331 -5.117234
v -2.845068 2.924816 -5.115838
v -5.171145 4.724570 -2.766448
v -5.166888 4.719995 -2.768868
v -5.170821 4.722820 -2.767376
v -5.169898 4.721334 -2.768163
v -5.168517 4.720343 -2.768688
v -5.168623 2.912963 -4.649144
v -5.164370 2.915223 -4.644541
v -5.168303 2.913827 -4.647385
v -5.167380 2.914560 -4.645892
v -5.165999 2.915051 -4.644893
v -5.171404 2.880687 -2.798600
v -5.167147 2.883043 -2.800934
v -5.171080 2.881589 -2.799496
v -5.170157 2.882354 -2.800253
v -5.168776 2.882865 -2.800757
v -4.685336 5.104186 -2.767630
v -4.689604 5.108413 -2.765996
v -4.686965 5.104495 -2.766855
v -4.688349 5.105407 -2.766273
v -4.689276 5.106782 -2.765972
v -2.854186 5.143295 -4.595505
v -2.856307 5.138959 -4.591325
v -2.854342 5.141659 -4.595210
v -2.854804 5.140262 -4.594312
v -2.855494 5.139312 -4.592947
v -2.854578 5.111275 -2.762136
v -2.857581 5.107070 -2.764668
v -2.854804 5.109653 -2.762182
v -2.855456 5.108283 -2.762678
v -2.856432 5.107377 -2.763551
v -4.684882 2.922617 -5.026790
v -4.689131 2.920562 -5.031096
v -4.686511 2.921806 -5.027133
v -4.687891 2.921132 -5.028071
v -4.688811 2.920695 -5.029463
v -2.849471 4.756363 -4.990978
v -2.847327 4.760703 -4.995159
v -2.848654 4.758002 -4.991272
v -2.847960 4.759401 -4.992171
v -2.847495 4.760350 -4.993534
v -2.845435 2.923449 -5.027224
v -2.848467 2.926378 -5.022917
v -2.845671 2.923649 -5.025591
v -2.846327 2.924277 -5.024198
v -2.847311 2.925236 -5.023259
v -5.079894 4.719981 -2.768739
v -5.075633 4.715757 -2.770943
v -5.078265 4.719659 -2.768905
v -5.076880 4.718744 -2.769382
v -5.075957 4.717374 -2.770097
v -5.077380 2.915208 -4.644410
v -5.073126 2.917256 -4.640107
v -5.075747 2.915364 -4.644081
v -5.074366 2.915808 -4.643147
v -5.073447 2.916472 -4.641751
v -5.080153 2.883030 -2.800801
v -5.075888 2.886087 -2.803760
v -5.078524 2.883263 -2.801026
v -5.077139 2.883924 -2.801665
v -5.076216 2.884917 -2.802627
v -4.689280 5.183837 -4.594343
v -4.685015 5.183909 -4.598594
v -4.688952 5.183864 -4.595973
v -4.688033 5.183885 -4.597353
v -4.686648 5.183901 -4.598274
v -1.022250 5.189613 -4.587887
v -1.023489 5.189658 -4.590898
v -1.021418 5.189631 -4.589036
v -1.022089 5.189656 -4.590666
v -4.687155 1.088327 -5.106579
v -4.684134 1.087076 -5.106596
v -4.686266 1.086197 -5.106614
v -1.007803 4.764342 -5.034785
v -1.006556 4.761338 -5.034834
v -1.006400 4.764114 -5.034785
v -1.005724 4.762490 -5.034811
v -5.120615 4.747907 -4.612487
v -5.120619 4.752093 -4.608151
v -5.120615 4.749531 -4.612133
v -5.120615 4.750897 -4.611186
v -5.120619 4.751796 -4.609787
v -5.126162 4.684855 -0.928265
v -5.126158 4.687881 -0.929455
v -5.126162 4.686965 -0.927341
v -4.690070 5.127471 -0.948557
v -4.687003 5.127456 -0.947217
v -4.689837 5.127450 -0.947111
v -4.689173 5.127439 -0.946349
v -4.686675 4.758580 -5.042512
v -4.690928 4.754313 -5.042595
v -4.688303 4.758254 -5.042521
v -4.689684 4.757327 -5.042540
v -4.690608 4.755944 -5.042567
v -5.121138 1.081219 -4.673469
v -5.121134 1.082525 -4.676466
v -5.121138 1.080413 -4.674639
v -5.121134 1.081118 -4.676261
v -5.036589 3.582022 -3.616577
v -5.040450 3.583897 -3.618132
v -5.036891 3.583185 -3.617563
v -5.037734 3.583950 -3.618203
v -5.038981 3.584199 -3.618403
v -5.029738 3.615147 -2.882389
v -5.033690 3.613022 -2.880548
v -5.030032 3.613963 -2.881382
v -5.030886 3.613145 -2.880679
v -5.032172 3.612813 -2.880387
v -5.032507 3.967830 -3.181907
v -5.036368 3.969696 -3.183455
v -5.032809 3.968990 -3.182889
v -5.033648 3.969750 -3.183528
v -5.034899 3.969998 -3.183728
v -5.033820 3.229363 -3.317079
v -5.037776 3.227235 -3.315234
v -5.034113 3.228180 -3.316071
v -5.034968 3.227359 -3.315367
v -5.036253 3.227028 -3.315073
v -5.037314 2.814970 -3.688423
v -5.041274 2.812817 -3.686558
v -5.037608 2.813777 -3.687406
v -5.038462 2.812949 -3.686695
v -5.039752 2.812612 -3.686396
v -5.040087 3.168033 -3.988262
v -5.043959 3.169934 -3.989841
v -5.040389 3.169207 -3.989258
v -5.041232 3.169981 -3.989908
v -5.042487 3.170234 -3.990112
v -5.042944 2.739277 -4.291677
v -5.046835 2.741330 -4.293218
v -5.043250 2.740511 -4.292660
v -5.044096 2.741335 -4.293297
v -5.045355 2.741622 -4.293493
v -5.040236 2.373697 -3.998441
v -5.044199 2.371393 -3.996612
v -5.040530 2.372444 -3.997440
v -5.041384 2.371567 -3.996740
v -5.042674 2.371197 -3.996448
v -5.046538 1.543161 -4.675544
v -5.050711 1.534138 -4.679777
v -5.046866 1.539757 -4.677215
v -5.047778 1.536846 -4.678607
v -5.049128 1.534875 -4.679506
v -5.045393 2.265239 -4.550507
v -5.049296 2.270231 -4.550534
v -5.045695 2.267601 -4.550914
v -5.046542 2.269379 -4.551060
v -5.047804 2.270303 -4.550928
v -5.044100 1.598157 -4.414817
v -5.048083 1.592916 -4.414494
v -5.044402 1.595782 -4.414390
v -5.045260 1.593951 -4.414179
v -5.046553 1.592944 -4.414216
v -5.025115 3.951467 -2.389044
v -5.029067 3.949408 -2.387045
v -5.025404 3.950310 -2.387977
v -5.026259 3.949512 -2.387223
v -5.027544 3.949195 -2.386896
v -5.028048 4.298200 -2.706161
v -5.031920 4.299985 -2.707853
v -5.028349 4.299329 -2.707198
v -5.029192 4.300065 -2.707885
v -5.030447 4.300294 -2.708114
v -5.015028 4.706443 -1.313192
v -5.019091 4.710204 -1.304056
v -5.015311 4.707931 -1.309748
v -5.016181 4.709167 -1.306803
v -5.017508 4.709964 -1.304804
v -5.016169 4.398480 -1.433313
v -5.020091 4.397982 -1.427833
v -5.016448 4.397920 -1.430914
v -5.017294 4.397629 -1.429030
v -5.018572 4.397650 -1.427948
v -5.022971 4.590886 -2.163871
v -5.026888 4.591031 -2.168705
v -5.023283 4.591390 -2.166113
v -5.024142 4.591596 -2.167819
v -5.025404 4.591468 -2.168730
v -5.144137 3.544607 -3.583791
v -5.147944 3.539822 -3.579691
v -5.145602 3.543797 -3.583089
v -5.146842 3.542604 -3.582063
v -5.147666 3.541208 -3.580870
v -5.137690 3.644501 -2.906307
v -5.141692 3.649037 -2.910125
v -5.139212 3.645215 -2.906901
v -5.140509 3.646329 -2.907833
v -5.141379 3.647670 -2.908965
v -5.140055 3.930404 -3.149112
v -5.143862 3.925628 -3.145021
v -5.141520 3.929596 -3.148412
v -5.142760 3.928403 -3.147388
v -5.143580 3.927011 -3.146198
v -5.141768 3.258714 -3.340995
v -5.145773 3.263254 -3.344813
v -5.143294 3.259428 -3.341587
v -5.144591 3.260541 -3.342520
v -5.145461 3.261886 -3.343653
v -5.145258 2.844294 -3.712314
v -5.149268 2.848861 -3.716156
v -5.146784 2.845010 -3.712909
v -5.148081 2.846131 -3.713848
v -5.148955 2.847484 -3.714989
v -5.147624 3.130654 -3.955506
v -5.151442 3.125834 -3.951376
v -5.149092 3.129840 -3.954801
v -5.150332 3.128638 -3.953769
v -5.151160 3.127232 -3.952566
v -5.150469 2.702062 -4.258893
v -5.154303 2.697047 -4.254809
v -5.151942 2.701232 -4.258191
v -5.153189 2.699987 -4.257168
v -5.154017 2.698517 -4.255980
v -5.148173 2.402863 -4.022366
v -5.152186 2.407616 -4.026156
v -5.149703 2.403596 -4.022958
v -5.151000 2.404755 -4.023885
v -5.151873 2.406169 -4.025010
v -5.154078 1.530292 -4.675541
v -5.158186 1.540643 -4.670157
v -5.155665 1.531033 -4.675079
v -5.157000 1.533260 -4.673893
v -5.157885 1.536635 -4.672165
v -5.152880 2.230982 -4.516226
v -5.156752 2.222225 -4.514051
v -5.154364 2.229864 -4.515666
v -5.155623 2.227807 -4.515055
v -5.156462 2.225125 -4.514488
v -5.152045 1.624386 -4.440246
v -5.156050 1.632855 -4.442121
v -5.153574 1.625401 -4.440691
v -5.154871 1.627367 -4.441205
v -5.155741 1.629985 -4.441706
v -5.133059 3.980886 -2.412805
v -5.137068 3.985337 -2.416817
v -5.134585 3.981594 -2.413412
v -5.135882 3.982689 -2.414388
v -5.136755 3.984004 -2.415584
v -5.135588 4.260703 -2.673516
v -5.139403 4.256022 -2.669236
v -5.137057 4.259900 -2.672799
v -5.138297 4.258727 -2.671736
v -5.139121 4.257367 -2.670484
v -5.122431 4.706361 -1.299821
v -5.126696 4.701639 -1.310109
v -5.124033 4.705954 -1.300551
v -5.125407 4.704912 -1.302763
v -5.126341 4.703399 -1.306119
v -5.124079 4.429457 -1.453591
v -5.128130 4.431960 -1.461941
v -5.125609 4.430018 -1.454530
v -5.126914 4.430692 -1.456445
v -5.127799 4.431373 -1.459048
v -5.130526 4.551760 -2.134381
v -5.134318 4.549087 -2.126221
v -5.131995 4.551109 -2.133368
v -5.133231 4.550372 -2.131461
v -5.134047 4.549663 -2.128952
v -5.065615 4.703275 -0.749201
v -5.065619 4.704958 -0.749636
v -5.065600 4.704453 -0.747690
v -5.102572 1.067792 -4.699649
v -5.102587 1.068363 -4.701359
v -5.102580 1.066655 -4.700371
v -3.554850 3.722842 -5.037857
v -3.556304 3.724180 -5.041981
v -3.555964 3.723815 -5.038336
v -3.556632 3.724410 -5.039285
v -3.556750 3.724540 -5.040565
v -3.597300 2.990529 -4.992242
v -3.594801 2.988440 -4.995840
v -3.596106 2.989496 -4.992354
v -3.595210 2.988738 -4.993076
v -3.594752 2.988367 -4.994301
v -3.944235 3.291484 -5.048452
v -3.945673 3.292815 -5.052570
v -3.945345 3.292454 -5.048927
v -3.946009 3.293046 -5.049876
v -3.946124 3.293174 -5.051155
v -3.207945 3.421911 -4.981652
v -3.205439 3.419818 -4.985252
v -3.206748 3.420877 -4.981766
v -3.205851 3.420117 -4.982486
v -3.205389 3.419744 -4.983710
v -2.790957 3.789923 -4.963898
v -2.788413 3.787799 -4.967493
v -2.789744 3.788877 -4.964007
v -2.788836 3.788108 -4.964728
v -2.788371 3.787728 -4.965954
v -3.138251 4.091191 -5.020166
v -3.139727 4.092551 -5.024304
v -3.139376 4.092173 -5.020645
v -3.140051 4.092777 -5.021601
v -3.140173 4.092909 -5.022885
v -2.707823 4.391345 -4.996412
v -2.709467 4.392655 -5.000573
v -2.709017 4.392310 -4.996894
v -2.709750 4.392899 -4.997853
v -2.709906 4.393018 -4.999146
v -2.344553 4.096600 -4.940394
v -2.341826 4.094512 -4.943991
v -2.343268 4.095568 -4.940501
v -2.342299 4.094809 -4.941223
v -2.341795 4.094440 -4.942449
v -1.430132 4.767590 -4.925705
v -1.419772 4.771534 -4.929414
v -1.426341 4.769225 -4.925886
v -1.423041 4.770548 -4.926655
v -1.420737 4.771359 -4.927893
v -2.232718 4.646835 -4.965311
v -2.237536 4.646546 -4.969417
v -2.235129 4.647194 -4.965761
v -2.236895 4.647263 -4.966700
v -2.237738 4.647036 -4.967983
v -1.484389 4.507771 -4.915066
v -1.478182 4.507231 -4.918736
v -1.481776 4.507330 -4.915200
v -1.479678 4.507075 -4.915945
v -1.478415 4.507039 -4.917187
v -3.938216 2.500326 -4.993837
v -3.935782 2.498085 -4.997433
v -3.937045 2.499235 -4.993946
v -3.936175 2.498428 -4.994669
v -3.935729 2.498022 -4.995894
v -4.279006 2.818807 -5.050609
v -4.280364 2.820281 -5.054736
v -4.280085 2.819832 -5.051087
v -4.280722 2.820473 -5.052038
v -4.280821 2.820630 -5.053321
v -4.703097 1.431460 -4.999528
v -4.706530 1.422126 -5.003424
v -4.704588 1.428016 -4.999762
v -4.705763 1.425031 -5.000587
v -4.706446 1.422962 -5.001871
v -4.395216 1.549460 -4.975926
v -4.394381 1.543752 -4.979453
v -4.394656 1.547043 -4.976009
v -4.394301 1.545109 -4.976708
v -4.394206 1.543954 -4.977916
v -4.577151 2.279510 -5.044457
v -4.576838 2.284108 -5.048643
v -4.577593 2.281733 -5.044952
v -4.577689 2.283387 -5.045921
v -4.577422 2.284222 -5.047218
v -3.507037 3.683607 -5.138925
v -3.501936 3.679261 -5.141982
v -3.506091 3.682816 -5.140260
v -3.504786 3.681712 -5.141309
v -3.503329 3.680464 -5.141913
v -3.615172 3.008269 -5.103831
v -3.619235 3.011876 -5.108494
v -3.615721 3.008776 -5.105452
v -3.616686 3.009640 -5.106908
v -3.617918 3.010729 -5.107977
v -3.896407 3.252238 -5.149520
v -3.891318 3.247900 -5.152576
v -3.895461 3.251447 -5.150850
v -3.894160 3.250345 -5.151899
v -3.892706 3.249102 -5.152506
v -3.225810 3.439647 -5.093241
v -3.229880 3.443259 -5.097904
v -3.226359 3.440154 -5.094864
v -3.227324 3.441018 -5.096317
v -3.228560 3.442109 -5.097387
v -2.808787 3.807627 -5.075478
v -2.812891 3.811271 -5.080150
v -2.809336 3.808137 -5.077101
v -2.810309 3.809009 -5.078560
v -2.811560 3.810109 -5.079631
v -3.090472 4.051985 -5.121226
v -3.085333 4.047607 -5.124291
v -3.089518 4.051190 -5.122563
v -3.088210 4.050080 -5.123615
v -3.086737 4.048821 -5.124223
v -2.660235 4.352108 -5.097453
v -2.654871 4.347783 -5.100538
v -2.659262 4.351313 -5.098799
v -2.657900 4.350214 -5.099856
v -2.656359 4.348974 -5.100468
v -2.362196 4.114338 -5.051967
v -2.366526 4.117928 -5.056644
v -2.362765 4.114846 -5.053591
v -2.363787 4.115704 -5.055051
v -2.365107 4.116787 -5.056123
v -1.405421 4.761236 -5.031505
v -1.416289 4.755742 -5.035949
v -1.406073 4.760691 -5.033088
v -1.408366 4.759457 -5.034488
v -1.411955 4.757719 -5.035492
v -2.188334 4.606024 -5.066234
v -2.179011 4.603663 -5.069460
v -2.187056 4.605376 -5.067597
v -2.184836 4.604701 -5.068690
v -2.182009 4.604098 -5.069344
v -1.498549 4.527057 -5.026707
v -1.507231 4.528698 -5.031296
v -1.499449 4.527415 -5.028324
v -1.501418 4.527852 -5.029765
v -1.504149 4.528303 -5.030808
v -3.956156 2.517914 -5.105420
v -3.960127 2.521715 -5.110089
v -3.956698 2.518433 -5.107043
v -3.957640 2.519340 -5.108498
v -3.958846 2.520492 -5.109569
v -4.231101 2.779710 -5.151674
v -4.226107 2.775187 -5.154734
v -4.230162 2.778905 -5.153009
v -4.228884 2.777761 -5.154059
v -4.227461 2.776456 -5.154665
v -4.692191 1.411835 -5.105406
v -4.686938 1.421830 -5.109748
v -4.691618 1.412469 -5.106998
v -4.690417 1.414590 -5.108381
v -4.688773 1.417877 -5.109348
v -4.414752 1.563577 -5.087434
v -4.416731 1.571698 -5.092196
v -4.415144 1.564429 -5.089065
v -4.415656 1.566271 -5.090542
v -4.416213 1.568824 -5.091642
v -4.527594 2.243552 -5.145549
v -4.524642 2.235169 -5.148572
v -4.526804 2.242451 -5.146885
v -4.525969 2.240471 -5.147927
v -4.525210 2.237912 -5.148521
v -4.701529 0.865467 -5.017008
v -4.703196 0.865913 -5.017209
v -4.702719 0.863969 -5.017028
v -0.866545 4.786208 -4.960837
v -0.866961 4.787738 -4.960918
v -0.865370 4.786847 -4.960820
v -5.167681 1.075983 -4.677954
v -4.691115 5.181252 -0.954663
v -1.017546 5.236062 -4.591119
v -5.172629 4.689116 -0.922972
v -1.001719 4.766161 -5.081125
vn -0.0537 -0.9937 -0.0985
vn -0.0000 -0.9998 -0.0175
vn -0.0584 -0.9937 -0.0954
vn -0.6046 0.3669 -0.7070
vn -0.6194 0.4553 -0.6396
vn -0.5793 0.4558 -0.6758
vn 0.0656 -0.9965 0.0512
vn 0.7406 0.2613 0.6190
vn 0.7486 0.3542 0.5605
vn 0.7743 0.2595 0.5772
vn -0.0784 -0.9941 -0.0750
vn -0.0749 -0.9940 -0.0793
vn -0.5625 0.3646 -0.7420
vn -0.5387 0.4549 -0.7092
vn 0.5717 0.2599 0.7782
vn 0.4907 0.3503 0.7978
vn 0.5528 0.3549 0.7540
vn 0.6647 0.2626 0.6995
vn 0.6815 0.3576 0.6385
vn 0.7054 0.2620 0.6586
vn -0.0705 -0.9941 -0.0827
vn -0.0671 -0.9939 -0.0874
vn 0.0688 -0.9965 0.0466
vn -0.0000 -0.9998 -0.0174
vn 0.7828 0.3506 0.5142
vn 0.8088 0.2570 0.5289
vn -0.8172 0.3462 -0.4607
vn -0.7548 0.4414 -0.4852
vn -0.7858 0.3533 -0.5076
vn -0.7533 0.3569 -0.5523
vn -0.6901 0.4508 -0.5662
vn -0.7200 0.3612 -0.5926
vn 0.8167 0.3454 0.4623
vn 0.8433 0.2518 0.4749
vn 0.8408 0.3405 0.4209
vn 0.8674 0.2474 0.4317
vn -0.8598 0.3374 -0.3832
vn -0.8120 0.4270 -0.3979
vn -0.8433 0.3401 -0.4161
vn -0.0825 -0.9941 -0.0707
vn 0.8513 0.3379 0.4014
vn 0.8775 0.2463 0.4115
vn 0.6819 0.3604 0.6365
vn 0.7825 0.0368 0.6216
vn -0.9462 0.2719 -0.1753
vn -0.8293 0.4211 -0.3673
vn -0.0922 -0.9938 -0.0622
vn -0.0869 -0.9940 -0.0662
vn -0.5186 0.3641 -0.7736
vn -0.4970 0.4529 -0.7402
vn -0.4768 0.3625 -0.8008
vn -0.4572 0.4499 -0.7672
vn 0.4444 0.2513 0.8599
vn 0.4006 0.3407 0.8505
vn 0.4312 0.3443 0.8340
vn 0.0605 -0.9967 0.0541
vn -0.4471 0.3617 -0.8181
vn -0.4290 0.4472 -0.7849
vn -0.2218 0.3159 -0.9225
vn -0.2218 0.4106 -0.8844
vn 0.4126 0.2499 0.8759
vn 0.6290 0.3607 0.6887
vn 0.0501 -0.9968 0.0623
vn -0.5923 0.5262 -0.6101
vn -0.5542 0.5261 -0.6450
vn -0.0000 0.9998 0.0175
vn -0.0666 0.9973 -0.0315
vn 0.7159 0.3563 0.6004
vn 0.7210 0.4326 0.5412
vn 0.0696 0.9956 0.0631
vn 0.0729 0.9956 0.0588
vn -0.5153 0.5258 -0.6767
vn -0.4757 0.5232 -0.7070
vn 0.6423 0.3579 0.6778
vn 0.5766 0.4378 0.6898
vn 0.6178 0.4374 0.6535
vn 0.6553 0.4379 0.6155
vn 0.5999 0.3571 0.7160
vn 0.5310 0.4371 0.7260
vn -0.6566 0.4536 -0.6026
vn -0.7225 0.4469 -0.5276
vn -0.6601 0.5221 -0.5401
vn -0.6915 0.5178 -0.5037
vn 0.7869 0.4258 0.4467
vn 0.0664 0.9955 0.0669
vn -0.7856 0.4345 -0.4405
vn -0.7221 0.5142 -0.4627
vn -0.7530 0.5057 -0.4211
vn 0.8230 0.4137 0.3893
vn 0.0770 0.9955 0.0561
vn -0.7784 0.4993 -0.3805
vn -0.9120 0.3701 -0.1770
vn -0.7967 0.4912 -0.3521
vn 0.6225 0.5194 0.5853
vn -0.0489 0.9977 -0.0479
vn 0.4716 0.4313 0.7692
vn 0.4147 0.4237 0.8053
vn -0.4384 0.5199 -0.7331
vn -0.4120 0.5163 -0.7508
vn -0.0420 0.9976 -0.0551
vn -0.0457 0.9976 -0.0519
vn 0.3860 0.4175 0.8226
vn 0.4052 0.4557 0.7925
vn -0.2241 0.4829 -0.8465
vn 0.6206 0.2624 0.7389
vn -0.0149 -0.0470 -0.9988
vn -0.0465 0.0550 -0.9974
vn -0.0634 0.1546 -0.9859
vn 0.0528 0.9954 0.0797
vn 0.0488 0.9954 0.0831
vn 0.6881 0.4379 0.5785
vn 0.0566 0.9955 0.0758
vn 0.0454 -0.9967 0.0678
vn -0.0624 -0.9939 -0.0912
vn 0.0399 0.9949 0.0922
vn -0.9976 -0.0687 0.0028
vn -0.9697 -0.2414 0.0362
vn -0.9990 0.0346 -0.0293
vn -0.9951 -0.0982 -0.0103
vn -0.9897 0.1355 -0.0463
vn -0.0698 0.9972 -0.0277
vn -0.6852 0.3638 -0.6309
vn -0.0529 0.9976 -0.0451
vn -0.6279 0.5248 -0.5747
vn 0.0002 -0.9935 -0.1136
vn 0.0433 -0.9964 0.0726
vn -0.0293 -0.9918 -0.1245
vn -0.0481 -0.9930 -0.1077
vn -0.0264 0.9970 -0.0728
vn -0.0403 0.9975 -0.0584
vn 0.0378 0.9947 0.0960
vn -0.0062 0.9970 -0.0772
vn -0.0957 -0.9936 -0.0597
vn 0.0763 -0.9963 0.0395
vn 0.7538 0.4306 0.4964
vn -0.0810 0.9965 -0.0184
vn 0.0001 0.9998 0.0176
vn 0.0730 -0.9964 0.0435
vn 0.0799 -0.9962 0.0351
vn 0.0602 0.9955 0.0734
vn 0.5069 0.2552 0.8234
vn 0.9946 0.1036 0.0016
vn 0.9951 -0.0000 0.0985
vn 0.9889 0.1294 0.0728
vn 0.0436 0.9953 0.0866
vn -0.0001 -0.9998 -0.0176
vn -0.1099 -0.9930 -0.0432
vn 0.0924 -0.9954 0.0258
vn -0.0962 -0.9952 -0.0155
vn 0.0802 0.9953 0.0551
vn -0.0948 0.9954 0.0127
vn -0.0155 0.9986 0.0502
vn -0.0921 0.9957 -0.0062
vn 0.0246 -0.2477 -0.9685
vn 0.0885 -0.4297 -0.8986
vn -0.0502 -0.9933 -0.1040
vn 0.2274 0.0984 -0.9688
vn -0.0778 0.9968 -0.0205
vn -0.6467 0.3651 -0.6697
vn 0.0630 0.9956 0.0699
vn -0.0736 0.9970 -0.0239
vn 0.0844 -0.9960 0.0305
vn 0.8114 0.4194 0.4072
vn -0.8770 0.4453 -0.1805
vn -0.0631 0.9974 -0.0348
vn -0.0598 0.9975 -0.0381
vn -0.0560 0.9976 -0.0411
vn 0.0565 -0.9967 0.0586
vn 0.0884 -0.9957 0.0269
vn -0.9999 -0.0047 -0.0133
vn -1.0000 -0.0008 -0.0005
vn -1.0000 0.0001 -0.0005
vn -0.0967 0.0272 0.9949
vn -0.0015 -0.0175 0.9998
vn -0.1060 -0.0173 0.9942
vn -0.0015 0.0636 0.9980
vn -0.0992 -0.0173 0.9949
vn -0.9906 -0.0997 0.0939
vn -1.0000 0.0002 -0.0015
vn -0.9953 -0.0963 -0.0032
vn -0.0142 0.0128 -0.9998
vn -0.0047 0.0239 -0.9997
vn -0.0913 0.1107 -0.9897
vn 0.9928 0.0701 -0.0971
vn 1.0000 0.0015 0.0002
vn -0.0796 -0.9967 -0.0176
vn 0.0018 -0.9933 -0.1153
vn 0.0016 -0.9998 -0.0174
vn -0.9951 0.0698 -0.0694
vn -0.9967 -0.0296 -0.0762
vn -0.0106 0.9997 0.0212
vn 0.0025 0.9998 0.0181
vn -0.0015 0.9999 0.0165
vn 0.9947 0.0028 -0.1025
vn 0.9813 0.1921 0.0074
vn 0.9903 0.0570 -0.1270
vn -0.0018 0.9934 0.1150
vn -0.0722 0.9960 -0.0535
vn -0.0761 0.9959 0.0481
vn 0.9951 -0.0985 0.0004
vn 0.9954 0.0027 -0.0959
vn 1.0000 0.0010 0.0021
vn -0.0021 0.9998 0.0185
vn 0.1495 0.9749 0.1652
vn 0.0008 0.0181 -0.9998
vn 0.1860 -0.1686 -0.9680
vn -0.0555 -0.1403 -0.9886
vn -0.0052 0.0173 -0.9998
vn -0.6218 -0.1014 -0.7766
vn -0.7017 -0.0818 -0.7078
vn -0.5389 -0.1875 -0.8212
vn -0.0022 0.0885 0.9961
vn 0.0956 -0.0172 0.9953
vn -0.0021 -0.0175 0.9998
vn -1.0000 0.0003 -0.0014
vn -0.9950 0.0019 -0.0998
vn -0.9693 -0.1769 0.1709
vn -0.9851 0.0490 0.1650
vn 0.0211 0.9991 0.0361
vn -0.0065 0.9999 0.0140
vn 0.0855 0.9962 0.0137
vn -0.7039 -0.0004 -0.7103
vn -0.7596 0.0097 -0.6503
vn 0.6038 -0.5284 0.5969
vn 0.6034 -0.6143 0.5085
vn 0.7519 -0.4728 0.4594
vn 0.0015 0.0168 -0.9999
vn -0.0961 0.0174 -0.9952
vn -0.0952 0.1124 -0.9891
vn -1.0000 0.0012 -0.0014
vn -0.9960 -0.0897 -0.0030
vn -0.0016 0.9998 0.0178
vn -0.0018 0.9941 0.1087
vn -0.1066 0.9942 0.0146
vn -0.0268 0.9762 0.2152
vn -0.9953 0.0971 0.0001
vn 0.0728 -0.9864 -0.1476
vn 0.0990 -0.9949 -0.0172
vn -0.7045 0.7065 -0.0670
vn -0.5581 0.8297 0.0153
vn -0.7069 0.7073 0.0109
vn -1.0000 0.0001 -0.0013
vn -0.9784 -0.2053 -0.0232
vn -0.7415 0.6651 0.0878
vn -0.7607 0.6490 0.0097
vn -0.0497 -0.9987 0.0077
vn 0.0018 -0.9925 -0.1224
vn -0.0018 0.9999 0.0161
vn -0.0016 0.9968 -0.0799
vn -0.0987 0.9918 -0.0814
vn 0.0064 0.0305 -0.9995
vn 0.0021 0.0175 -0.9998
vn 0.0944 0.0174 -0.9954
vn -0.9996 -0.0214 0.0184
vn 0.1908 0.9816 -0.0000
vn 0.9965 -0.0201 -0.0814
vn 0.9950 0.0999 0.0020
vn -0.0015 -0.1158 0.9933
vn -0.1326 -0.0883 0.9872
vn -0.0759 0.7185 -0.6914
vn -0.0005 0.5728 -0.8197
vn 0.0012 0.7206 -0.6934
vn 0.5177 -0.6161 0.5936
vn 0.4688 -0.4794 0.7419
vn 0.0011 0.7747 -0.6324
vn -0.1008 0.7518 -0.6516
vn -0.1310 -0.9899 0.0539
vn -0.0001 -0.9998 -0.0175
vn -0.1061 -0.9942 -0.0175
vn 0.0009 0.1098 -0.9940
vn 0.0017 0.0109 -0.9999
vn 0.9893 -0.0675 -0.1293
vn 0.2379 0.2714 -0.9326
vn 0.4707 -0.7533 0.4593
vn 0.5760 -0.5878 0.5680
vn -0.9906 0.0971 -0.0959
vn -0.0983 -0.1143 0.9886
vn -0.2064 0.7381 -0.6423
vn -0.0974 0.7171 -0.6901
vn 0.0954 0.0799 0.9922
vn -0.0022 0.0805 0.9967
vn -0.7057 0.0175 -0.7083
vn -0.6043 0.0072 -0.7967
vn -0.7665 0.1682 -0.6198
vn -0.7032 0.7055 -0.0879
vn 0.0984 -0.9886 -0.1141
vn -0.7674 0.6233 -0.1503
vn 0.0028 1.0000 0.0058
vn -0.0879 0.9934 -0.0733
vn -0.0829 -0.0175 0.9964
vn -0.0558 0.1134 0.9920
vn -0.1061 0.1422 0.9841
vn 0.9906 0.0949 0.0987
vn 0.0223 -0.0045 -0.9997
vn 0.0994 -0.0797 -0.9919
vn 0.1005 0.0175 -0.9948
vn -0.0673 0.0868 -0.9940
vn 0.0327 0.0912 -0.9953
vn -0.9959 -0.0014 0.0900
vn -0.9999 0.0102 0.0034
vn -0.9954 -0.0015 0.0961
vn -0.9968 0.0745 0.0305
vn -0.0003 -0.9967 0.0809
vn -0.0984 -0.9950 -0.0175
vn 0.0968 0.9952 0.0174
vn 0.0303 0.9975 -0.0637
vn 0.0955 0.9888 0.1143
vn -0.0016 0.9998 0.0175
vn 0.0022 -0.0810 -0.9967
vn 0.0022 -0.0806 -0.9967
vn -0.0716 -0.0139 -0.9973
vn 0.9871 0.0185 -0.1591
vn -0.9922 0.0890 -0.0870
vn -0.0017 -0.9776 -0.2105
vn -0.1313 -0.9888 -0.0712
vn -0.1458 -0.9637 -0.2238
vn 0.9947 0.0832 -0.0598
vn 1.0000 -0.0001 -0.0093
vn 0.9947 0.0797 -0.0644
vn -0.3589 0.7354 -0.5748
vn -0.4495 0.6701 -0.5906
vn -0.4490 0.7048 -0.5492
vn 0.9961 -0.0708 0.0534
vn -0.2656 -0.6413 0.7198
vn -0.3571 -0.5818 0.7308
vn -0.2626 -0.6012 0.7547
vn 0.9944 0.0614 -0.0856
vn 0.9946 0.0645 -0.0818
vn -0.3576 0.7685 -0.5305
vn -0.4472 0.7366 -0.5074
vn -0.2683 -0.7944 0.5450
vn -0.3600 -0.8093 0.4642
vn -0.3632 -0.7677 0.5279
vn -0.2688 -0.7191 0.6408
vn -0.3626 -0.6571 0.6608
vn -0.2676 -0.6792 0.6835
vn 0.9947 0.0681 -0.0775
vn 0.9947 0.0722 -0.0734
vn 0.9962 -0.0653 0.0574
vn -0.3524 -0.5369 0.7666
vn -0.2584 -0.5543 0.7912
vn -0.3448 0.4971 -0.7963
vn -0.4397 0.5207 -0.7318
vn -0.3502 0.5429 -0.7633
vn -0.3537 0.5863 -0.7287
vn -0.4470 0.5993 -0.6640
vn -0.3572 0.6254 -0.6937
vn -0.3460 -0.4864 0.8023
vn -0.2529 -0.5019 0.8271
vn -0.3401 -0.4460 0.8279
vn -0.2477 -0.4593 0.8531
vn -0.3372 0.4214 -0.8419
vn -0.4274 0.4354 -0.7923
vn -0.3399 0.4537 -0.8238
vn 0.9943 0.0568 -0.0904
vn -0.3371 -0.4269 0.8391
vn -0.2456 -0.4395 0.8640
vn -0.3412 -0.4631 0.8180
vn -0.0424 -0.6506 0.7583
vn -0.2804 0.2153 -0.9354
vn -0.4222 0.4053 -0.8109
vn 0.9938 0.0484 -0.0999
vn 0.9941 0.0521 -0.0946
vn -0.3543 0.7990 -0.4859
vn -0.4442 0.7661 -0.4646
vn -0.3522 0.8243 -0.4432
vn -0.4403 0.7915 -0.4238
vn -0.2625 -0.8717 0.4137
vn -0.3521 -0.8588 0.3721
vn -0.3552 -0.8433 0.4033
vn 0.9960 -0.0744 0.0490
vn -0.3509 0.8405 -0.4128
vn -0.4370 0.8081 -0.3950
vn -0.3015 0.9355 -0.1842
vn -0.3967 0.8992 -0.1847
vn -0.2617 -0.8860 0.3827
vn -0.3613 -0.8038 0.4726
vn 0.9960 -0.0810 0.0375
vn -0.5208 0.6409 -0.5640
vn -0.5199 0.6745 -0.5242
vn -1.0000 0.0001 0.0093
vn -0.9971 0.0522 -0.0552
vn -0.3603 -0.6204 0.6966
vn -0.4372 -0.5596 0.7041
vn -0.9959 -0.0480 0.0769
vn -1.0000 -0.0000 0.0093
vn -0.9957 -0.0452 0.0810
vn -0.5183 0.7047 -0.4846
vn -0.5154 0.7330 -0.4439
vn -0.3640 -0.6949 0.6202
vn -0.4448 -0.7031 0.5548
vn -0.4446 -0.6678 0.5969
vn -0.4425 -0.6318 0.6364
vn -0.3642 -0.7315 0.5764
vn -0.4432 -0.7386 0.5080
vn -0.4488 0.6346 -0.6292
vn -0.4441 0.5619 -0.6979
vn -0.5181 0.5736 -0.6345
vn -0.5157 0.5379 -0.6669
vn -0.4262 -0.4667 0.7750
vn -0.9959 -0.0518 0.0737
vn -0.4339 0.4771 -0.7643
vn -0.5107 0.4994 -0.6999
vn -0.5056 0.4575 -0.7315
vn -0.4141 -0.4121 0.8116
vn -0.9955 -0.0408 0.0851
vn -0.4986 0.4183 -0.7592
vn -0.3753 0.2174 -0.9011
vn -0.4925 0.3901 -0.7780
vn -0.4542 -0.4291 0.7807
vn -0.9970 0.0673 -0.0372
vn -0.4408 -0.7780 0.4477
vn -0.4338 -0.8129 0.3887
vn -0.5104 0.7586 -0.4050
vn -0.5068 0.7745 -0.3785
vn -0.9967 0.0752 -0.0305
vn -0.9969 0.0706 -0.0335
vn -0.4283 -0.8293 0.3589
vn -0.4680 -0.7987 0.3781
vn -0.4691 0.8629 -0.1877
vn -0.2697 -0.7562 0.5962
vn 0.0651 0.9976 0.0218
vn -0.0376 0.9993 -0.0089
vn -0.1376 0.9902 -0.0252
vn -0.9961 -0.0643 0.0598
vn -0.9962 -0.0673 0.0555
vn -0.4406 -0.5965 0.6709
vn -0.9961 -0.0611 0.0635
vn 0.9957 -0.0866 0.0332
vn 0.9947 0.0759 -0.0689
vn -0.9961 -0.0755 0.0460
vn 0.0594 0.0333 -0.9977
vn 0.1557 -0.2436 -0.9573
vn -0.0434 0.0672 -0.9968
vn -0.1589 -0.1230 -0.9796
vn -0.1435 0.0856 -0.9859
vn -0.9971 0.0482 -0.0595
vn -0.3583 0.6628 -0.6575
vn -0.9972 0.0627 -0.0411
vn -0.5203 0.6069 -0.6008
vn 0.9955 0.0944 -0.0055
vn 0.9954 -0.0911 0.0309
vn 0.9935 0.1083 -0.0345
vn 0.9944 0.0912 -0.0537
vn -0.9957 0.0915 -0.0138
vn -0.9966 0.0778 -0.0284
vn -0.9957 -0.0812 0.0445
vn -0.9954 0.0952 0.0066
vn 1.0000 -0.0000 -0.0093
vn 0.9935 0.0461 -0.1038
vn 0.9961 -0.0599 0.0650
vn -0.4323 -0.5164 0.7392
vn -0.9968 0.0386 -0.0699
vn -1.0000 -0.0001 0.0094
vn 0.9961 -0.0637 0.0615
vn 0.9961 -0.0555 0.0687
vn -0.9960 -0.0593 0.0672
vn -0.2658 -0.8370 0.4784
vn -0.1841 0.1187 0.9757
vn -0.1020 0.0677 0.9925
vn -0.1804 0.1231 0.9759
vn -0.9962 -0.0706 0.0501
vn 1.0000 -0.0000 -0.0094
vn 0.9926 0.0298 -0.1179
vn 0.9956 -0.0459 0.0812
vn 0.9945 0.0016 -0.1045
vn -0.9952 -0.0408 0.0885
vn -0.9963 0.0085 -0.0854
vn -0.9995 -0.0313 -0.0072
vn -0.9963 0.0264 -0.0820
vn 0.2471 0.9598 0.1335
vn 0.4471 0.8865 0.1189
vn 0.9946 0.0879 -0.0558
vn -0.0766 0.9618 0.2628
vn -0.9970 0.0406 -0.0666
vn -0.3599 0.6991 -0.6178
vn -0.9960 -0.0550 0.0705
vn -0.9971 0.0436 -0.0629
vn 0.9960 -0.0507 0.0732
vn -0.4184 -0.4299 0.8001
vn -0.4499 0.2209 -0.8653
vn -0.9972 0.0545 -0.0517
vn -0.9972 0.0578 -0.0481
vn -0.9971 0.0615 -0.0449
vn 0.9961 -0.0770 0.0435
vn 0.9957 -0.0496 0.0777
vn -0.6883 0.5569 -0.4649
vn -0.6136 0.5674 -0.5492
vn -0.6486 0.5263 -0.5499
vn -0.0322 0.0046 0.9995
vn 0.6567 -0.7378 -0.1559
vn 0.6064 -0.7539 -0.2528
vn 0.6159 -0.7726 -0.1541
vn -0.1609 0.1440 0.9764
vn -0.1650 0.1402 0.9763
vn -0.7216 0.5134 -0.4644
vn -0.6809 0.4848 -0.5489
vn 0.8110 -0.5645 -0.1537
vn 0.8362 -0.4893 -0.2476
vn 0.7945 -0.5528 -0.2514
vn 0.7350 -0.6597 -0.1566
vn 0.6828 -0.6848 -0.2546
vn 0.6954 -0.7013 -0.1569
vn -0.1691 0.1366 0.9761
vn -0.1724 0.1317 0.9762
vn -0.0359 0.0003 0.9994
vn 0.5577 -0.7913 -0.2505
vn 0.5652 -0.8107 -0.1527
vn -0.4497 0.7778 -0.4391
vn -0.4642 0.7080 -0.5322
vn -0.4948 0.7446 -0.4480
vn -0.5383 0.7103 -0.4535
vn -0.5425 0.6404 -0.5437
vn -0.5774 0.6755 -0.4586
vn 0.4913 -0.8355 -0.2461
vn 0.4969 -0.8549 -0.1490
vn 0.4288 -0.8707 -0.2408
vn 0.4335 -0.8892 -0.1463
vn -0.3741 0.8223 -0.4288
vn -0.3799 0.7686 -0.5147
vn -0.4059 0.8050 -0.4327
vn -0.1568 0.1484 0.9764
vn 0.3973 -0.8864 -0.2377
vn 0.4023 -0.9038 -0.1458
vn 0.4278 -0.8713 -0.2405
vn 0.4881 -0.8727 0.0120
vn -0.1804 0.9157 -0.3590
vn -0.3503 0.7872 -0.5075
vn -0.0946 0.0689 0.9931
vn -0.1360 0.1415 0.9806
vn -0.1504 0.1508 0.9770
vn -0.7524 0.4690 -0.4626
vn -0.7110 0.4425 -0.5465
vn -0.7790 0.4269 -0.4593
vn -0.7372 0.4021 -0.5430
vn 0.8885 -0.4345 -0.1477
vn 0.8858 -0.3972 -0.2400
vn 0.8703 -0.4284 -0.2428
vn -0.0284 0.0088 0.9996
vn -0.7954 0.3967 -0.4583
vn -0.7544 0.3737 -0.5397
vn -0.8976 0.1721 -0.4058
vn -0.8516 0.1666 -0.4970
vn 0.9038 -0.4022 -0.1463
vn 0.8306 -0.4986 -0.2481
vn -0.0215 0.0202 0.9996
vn -0.5771 0.5361 -0.6161
vn -0.6108 0.4971 -0.6163
vn 0.1020 -0.0677 -0.9925
vn 0.0515 -0.0028 -0.9987
vn 0.6456 -0.7202 -0.2541
vn 0.5928 -0.7317 -0.3363
vn 0.1468 -0.1366 -0.9797
vn 0.0944 -0.0678 -0.9932
vn 0.1315 -0.1453 -0.9806
vn -0.6419 0.4575 -0.6153
vn -0.6714 0.4176 -0.6123
vn 0.7210 -0.6446 -0.2544
vn 0.7383 -0.5842 -0.3372
vn 0.7028 -0.6261 -0.3378
vn 0.6660 -0.6648 -0.3383
vn 0.7579 -0.6011 -0.2533
vn 0.7734 -0.5377 -0.3357
vn -0.5778 0.6057 -0.5471
vn -0.5052 0.6741 -0.5389
vn -0.5097 0.6063 -0.6105
vn -0.4743 0.6389 -0.6057
vn 0.4810 -0.8127 -0.3289
vn 0.1519 -0.1313 -0.9796
vn 0.1012 -0.0681 -0.9925
vn -0.4211 0.7405 -0.5239
vn -0.4357 0.6721 -0.5987
vn -0.3947 0.7036 -0.5909
vn 0.3887 -0.8649 -0.3175
vn 0.0753 -0.0568 -0.9955
vn 0.1078 -0.1496 -0.9829
vn -0.3568 0.7325 -0.5798
vn -0.1765 0.8750 -0.4509
vn -0.3301 0.7530 -0.5693
vn 0.4048 -0.8395 -0.3624
vn 0.0354 -0.0207 -0.9992
vn 0.8143 -0.4767 -0.3310
vn 0.8484 -0.4183 -0.3245
vn -0.6972 0.3798 -0.6080
vn -0.7138 0.3528 -0.6049
vn 0.0282 -0.0277 -0.9992
vn 0.0325 -0.0247 -0.9992
vn 0.8638 -0.3886 -0.3206
vn 0.6826 -0.5881 -0.4338
vn -0.8082 0.1652 -0.5653
vn 0.7734 -0.6147 -0.1552
vn -0.9992 -0.0120 -0.0373
vn -0.9900 0.0127 -0.1405
vn -0.9707 0.0232 -0.2393
vn 0.1648 -0.1180 -0.9792
vn 0.1683 -0.1142 -0.9791
vn 0.6304 -0.6990 -0.3376
vn 0.1615 -0.1217 -0.9793
vn -0.0153 0.0246 0.9996
vn -0.1765 0.1274 0.9760
vn 0.1766 -0.1047 -0.9787
vn -0.0244 0.9997 0.0001
vn -0.0305 0.9840 0.1754
vn -0.0490 0.9930 -0.1072
vn 0.1532 0.9511 -0.2681
vn -0.0608 0.9764 -0.2074
vn 0.0551 0.0008 -0.9985
vn -0.6145 0.6398 -0.4616
vn 0.0383 -0.0168 -0.9991
vn -0.5434 0.5732 -0.6134
vn -0.1963 0.0643 0.9784
vn -0.0103 0.0267 0.9996
vn -0.2089 0.0929 0.9735
vn -0.1924 0.1125 0.9749
vn 0.0110 -0.0439 -0.9990
vn 0.0253 -0.0296 -0.9992
vn 0.1809 -0.1028 -0.9781
vn 0.0073 -0.0641 -0.9979
vn -0.0774 0.0625 0.9950
vn -0.1135 0.1091 0.9875
vn -0.0432 -0.0068 0.9990
vn -0.1012 0.0681 0.9925
vn 0.5459 -0.7684 -0.3340
vn 0.0250 0.0740 -0.9969
vn 0.0488 -0.0272 -0.9984
vn -0.0398 -0.0030 0.9992
vn -0.0466 -0.0085 0.9989
vn 0.1582 -0.1252 -0.9794
vn 0.8539 -0.4981 -0.1506
vn 0.1716 -0.1088 -0.9791
vn -0.0550 0.0415 0.9976
vn -0.0753 0.0687 0.9948
vn -0.0106 -0.0324 0.9994
vn -0.0436 0.1254 0.9911
vn 0.0857 -0.1343 -0.9872
vn 0.0283 0.0784 -0.9965
vn 0.0650 -0.0251 -0.9976
vn 0.0117 0.1415 -0.9899
vn -0.9813 -0.1085 0.1588
vn -0.9162 -0.1721 0.3618
vn -0.1888 0.1147 0.9753
vn -0.9999 -0.0001 0.0154
vn 0.0470 0.0288 -0.9985
vn -0.6517 0.5996 -0.4645
vn 0.1553 -0.1285 -0.9795
vn 0.0564 0.0072 -0.9984
vn -0.0421 -0.0074 0.9991
vn 0.4195 -0.8488 -0.3219
vn -0.1750 0.8397 -0.5141
vn 0.0483 -0.0062 -0.9988
vn 0.0454 -0.0099 -0.9989
vn 0.0418 -0.0132 -0.9990
vn -0.0253 0.0140 0.9996
vn -0.0269 -0.0133 0.9996
vn -0.8887 -0.4159 0.1932
vn -0.6697 -0.7185 0.1879
vn -0.8860 -0.3653 0.2856
vn -0.7945 -0.6051 0.0511
vn -0.3783 -0.9135 0.1497
vn -0.7140 -0.6580 0.2391
vn -0.3888 -0.8871 0.2487
vn 0.3038 -0.9357 0.1795
vn -0.2511 -0.9671 0.0396
vn 0.0042 -0.9996 0.0288
vn 0.3329 -0.9148 0.2286
vn -0.0018 -0.9894 0.1454
vn -0.5316 -0.8464 0.0314
vn 0.0017 -0.9789 0.2044
vn 0.6870 -0.4428 0.5762
vn 0.8689 -0.1683 0.4656
vn 0.6716 -0.2527 0.6965
vn 0.7307 -0.1455 0.6670
vn 0.7413 -0.4846 0.4643
vn 0.8607 -0.3226 0.3939
vn 0.4232 -0.7296 0.5373
vn 0.1621 -0.7245 -0.6699
vn 0.0430 -0.6064 -0.7940
vn 0.3676 -0.5174 -0.7728
vn 0.3217 -0.7205 -0.6143
vn 0.1478 -0.9101 -0.3871
vn 0.0334 -0.8429 -0.5370
vn 0.2426 -0.8830 -0.4017
vn 0.5201 0.0859 0.8498
vn 0.5625 -0.4531 0.6916
vn 0.6151 -0.2715 0.7402
vn 0.4703 -0.1648 0.8670
vn 0.4673 -0.4812 0.7417
vn 0.6241 -0.4128 0.6634
vn 0.5302 -0.7438 0.4069
vn 0.0493 -0.9633 -0.2640
vn 0.1949 -0.9380 0.2868
vn 0.0451 -0.9989 -0.0122
vn 0.1563 -0.9876 -0.0167
vn 0.2421 -0.9171 0.3168
vn 0.2107 -0.9774 -0.0167
vn -0.8627 0.4987 0.0844
vn -0.9746 0.2237 -0.0134
vn -0.9952 -0.0931 0.0311
vn -0.8316 0.5350 0.1492
vn -0.8633 0.5047 0.0101
vn -0.6913 0.7225 0.0062
vn -0.5179 0.8331 0.1943
vn 0.5441 0.7449 0.3862
vn 0.4870 0.5152 0.7053
vn 0.6914 0.6311 0.3518
vn 0.3009 0.9196 0.2527
vn 0.7006 0.4698 0.5371
vn 0.2751 0.9093 0.3121
vn 0.4025 0.8612 0.3104
vn -0.3189 0.9469 0.0418
vn 0.2105 0.9653 0.1544
vn -0.0449 0.9902 0.1321
vn 0.4578 0.8535 0.2490
vn -0.0521 0.9862 0.1571
vn 0.0872 0.4936 -0.8653
vn 0.2914 0.3897 -0.8736
vn -0.0311 0.2208 -0.9748
vn -0.0127 0.5022 -0.8647
vn 0.1554 -0.0125 -0.9878
vn 0.1752 0.8419 -0.5105
vn 0.0918 0.7762 -0.6237
vn 0.1378 0.9641 0.2270
vn 0.0192 0.9513 -0.3077
vn 0.0313 0.9995 0.0021
vn 0.2346 0.8513 0.4693
vn 0.1116 0.9933 -0.0289
vn -0.0173 0.7277 -0.6857
vn 0.2364 0.9198 0.3132
vn 0.1391 0.9897 -0.0343
vn 0.3469 0.7539 0.5579
vn 0.3414 0.6327 0.6951
vn 0.4370 0.4692 0.7674
vn 0.3731 0.7704 0.5170
vn 0.2972 0.9095 0.2907
vn 0.9061 0.2391 0.3489
vn 0.8540 0.5076 0.1142
vn 0.5956 0.5265 0.6067
vn 0.6548 0.6415 0.3996
vn 0.5493 0.8167 0.1768
vn 0.1029 0.4955 0.8625
vn 0.3437 0.2289 0.9108
vn 0.0693 0.1141 0.9911
vn 0.1637 0.8482 0.5038
vn 0.3851 0.6355 0.6692
vn 0.4165 0.7967 0.4380
vn 0.1884 0.9482 0.2557
vn 0.1269 0.9792 0.1581
vn 0.9506 0.1611 -0.2655
vn 0.8508 0.0232 -0.5250
vn -0.0707 0.3774 -0.9234
vn -0.0706 0.3773 -0.9234
vn -0.6707 0.7414 -0.0222
vn -0.6487 0.6696 -0.3617
vn -0.5668 0.7920 -0.2268
vn 0.3501 0.5602 -0.7507
vn 0.4497 0.3898 -0.8037
vn 0.2710 0.6635 -0.6974
vn 0.5145 0.2715 -0.8134
vn 0.7933 -0.1429 -0.5919
vn 0.5455 0.7577 -0.3581
vn 0.4770 0.7813 -0.4026
vn 0.5304 0.7566 -0.3823
vn -0.2190 0.8722 -0.4373
vn -0.2190 0.8723 -0.4372
vn -0.2190 0.8723 -0.4373
vn -0.1068 0.7930 -0.5998
vn -0.1068 0.7930 -0.5999
vn 0.4515 0.8103 -0.3736
vn 0.7159 0.6772 0.1698
vn -0.1578 0.2577 0.9533
vn -0.0163 0.4719 0.8815
vn -0.6484 0.7100 0.2747
vn -0.5556 0.7549 0.3486
vn -0.4119 0.8176 0.4024
vn -0.2437 0.8938 0.3765
vn -0.2459 0.9009 0.3576
vn -0.7350 0.1146 -0.6683
vn -0.6408 0.4426 -0.6273
vn -0.7732 0.3028 -0.5572
vn 0.3894 0.4068 0.8264
vn 0.3895 0.4069 0.8263
vn -0.3175 0.8409 0.4384
vn -0.4857 -0.8489 -0.2083
vn -0.5821 -0.7916 -0.1856
vn -0.8291 -0.2047 -0.5203
vn -0.8290 -0.2048 -0.5204
vn -0.8800 -0.3375 -0.3341
vn -0.7352 0.5313 -0.4208
vn -0.6410 0.6550 -0.4002
vn -0.0980 0.6808 -0.7259
vn -0.4394 0.6406 -0.6297
vn -0.2914 0.5676 -0.7700
vn -0.6887 0.5766 -0.4396
vn -0.6254 -0.7567 0.1907
vn -0.6056 -0.7697 0.2019
vn 0.8339 -0.1429 -0.5331
vn 0.9070 -0.3475 -0.2380
vn 0.5909 -0.0310 -0.8062
vn 0.5269 -0.5152 -0.6760
vn 0.5951 -0.5830 -0.5532
vn 0.2784 -0.7101 -0.6467
vn 0.4813 -0.4748 -0.7368
vn 0.1620 -0.5339 -0.8299
vn 0.2379 -0.1772 -0.9550
vn 0.1451 -0.1052 -0.9838
vn 0.3238 -0.2665 -0.9078
vn 0.3539 -0.9018 -0.2482
vn 0.1540 -0.8229 -0.5469
vn -0.0533 -0.9975 -0.0473
vn -0.1575 -0.9696 -0.1872
vn -0.4374 0.8991 -0.0160
vn -0.4370 0.8993 -0.0163
vn -0.4372 0.8992 -0.0162
vn -0.5421 -0.2131 -0.8129
vn -0.5420 -0.2131 -0.8129
vn -0.8080 0.5798 -0.1049
vn -0.7420 0.6649 0.0861
vn 0.4764 -0.8777 0.0516
vn 0.4774 -0.8752 0.0780
vn 0.4466 -0.7506 0.4870
vn -0.5109 -0.8550 0.0889
vn -0.2451 -0.9119 0.3291
vn -0.8293 -0.5329 0.1684
vn -0.6485 -0.6631 0.3739
vn -0.5379 -0.6057 0.5863
vn -0.7963 -0.4358 0.4194
vn -0.9648 -0.1958 0.1758
vn -0.8611 -0.1934 0.4702
vn -0.9568 -0.1864 0.2229
vn -0.2457 -0.3609 0.8997
vn -0.5119 -0.1198 0.8506
vn -0.6486 -0.3978 0.6489
vn -0.6376 0.4196 0.6461
vn -0.4929 0.1859 0.8500
vn -0.4509 0.1283 0.8833
vn -0.8843 0.3314 0.3290
vn -0.7924 0.4441 -0.4182
vn -0.8643 0.3089 0.3969
vn -0.8206 0.5243 0.2274
vn -0.2904 0.7872 -0.5440
vn -0.4373 0.6543 -0.6169
vn -0.6328 -0.2060 0.7464
vn -0.6824 -0.1554 0.7143
vn -0.6903 -0.1468 0.7085
vn -0.5935 -0.2426 0.7674
vn 0.4911 0.8381 0.2376
vn 0.1193 0.9277 -0.3537
vn 0.6026 0.7503 0.2719
vn 0.3380 0.9252 -0.1727
vn 0.0855 0.7178 -0.6910
vn 0.4353 0.8957 -0.0910
vn 0.2179 0.9066 -0.3615
vn 0.8905 -0.3243 0.3190
vn 0.7876 -0.2027 0.5818
vn 0.7884 -0.5860 0.1872
vn 0.8920 -0.4421 0.0940
vn 0.8904 -0.1010 0.4437
vn 0.7484 -0.0251 0.6628
vn 0.9213 0.2861 -0.2633
vn 0.9214 0.2857 -0.2635
vn 0.8870 0.0853 -0.4538
vn 0.1374 0.4270 -0.8937
vn 0.6111 -0.2130 -0.7623
vn 0.3404 0.2085 -0.9169
vn 0.6083 -0.2475 -0.7541
vn 0.2166 0.3971 -0.8919
vn 0.4386 0.1254 -0.8899
vn -0.8447 -0.2522 0.4722
vn -0.9233 0.3618 0.1291
vn -0.7717 -0.1304 0.6224
vn -0.9009 0.2309 0.3675
vn -0.7141 0.6871 0.1338
vn -0.8173 0.3910 0.4232
vn -0.6765 0.6496 0.3469
vn 0.2259 -0.2474 0.9422
vn 0.2057 -0.5960 0.7762
vn 0.5826 -0.1976 0.7884
vn 0.3071 -0.1038 0.9460
vn 0.0974 -0.3319 0.9383
vn 0.0311 -0.6734 0.7387
vn 0.0270 -0.0526 0.9982
vn -0.3903 0.9103 0.1379
vn 0.2446 0.8341 0.4944
vn -0.2605 0.8884 0.3779
vn 0.2563 0.7461 0.6145
vn -0.4264 0.7947 0.4321
vn -0.1274 0.9189 -0.3734
vn -0.3923 0.9129 -0.1129
vn -0.1097 0.7130 -0.6925
vn -0.3667 0.8613 -0.3516
vn -0.7085 0.6986 -0.0997
vn -0.5803 0.5831 -0.5685
vn -0.6705 0.6707 -0.3172
vn -0.3859 0.1397 -0.9119
vn -0.1250 0.4003 -0.9078
vn -0.7032 0.1196 -0.7008
vn -0.3639 0.3748 -0.8527
vn -0.3288 0.6769 -0.6586
vn -0.9156 0.3841 -0.1195
vn -0.9139 0.1303 -0.3844
vn -0.8597 0.3648 -0.3575
vn -0.6697 0.3343 -0.6632
vn 0.2359 -0.4523 -0.8601
vn -0.3679 -0.1086 -0.9235
vn 0.2723 -0.6068 -0.7467
vn -0.2411 -0.3508 -0.9049
vn -0.6971 -0.1127 -0.7081
vn -0.4043 -0.4083 -0.8185
vn -0.6614 -0.3281 -0.6745
vn 0.2380 -0.9463 0.2189
vn 0.5836 -0.7892 0.1912
vn 0.2037 -0.7958 0.5703
vn 0.1046 -0.9488 0.2981
vn 0.3187 -0.9439 0.0859
vn 0.6598 -0.7513 0.0135
vn 0.0447 -0.9988 0.0218
vn -0.9174 -0.1195 -0.3795
vn -0.8285 -0.4995 0.2534
vn -0.8956 -0.3640 -0.2558
vn -0.7375 -0.6231 0.2604
vn -0.8073 -0.4141 -0.4203
vn 0.9816 0.1480 -0.1205
vn 0.8131 0.4924 -0.3106
vn 0.9044 0.4190 -0.0806
vn 0.9557 0.1805 -0.2325
vn 0.7553 0.5297 -0.3859
vn 0.7568 0.6057 -0.2457
vn 0.6477 0.7597 -0.0587
vn 0.6433 0.6398 -0.4206
vn -0.3574 0.4425 -0.8225
vn -0.5556 -0.0419 -0.8304
vn -0.6008 0.3068 -0.7382
vn -0.3694 0.5421 -0.7548
vn 0.2743 -0.0128 -0.9616
vn 0.0238 0.2047 -0.9785
vn 0.4009 -0.1157 -0.9088
vn -0.1174 0.6108 -0.7830
vn -0.1863 0.6398 -0.7457
vn 0.3243 0.9428 -0.0767
vn -0.1743 0.9393 -0.2955
vn 0.1167 0.9599 -0.2550
vn -0.4334 0.7226 -0.5385
vn 0.2329 0.9310 -0.2810
vn 0.0731 0.9332 -0.3518
vn 0.9201 0.3776 0.1038
vn 0.9203 0.0921 0.3802
vn 0.7031 0.7034 0.1042
vn 0.8481 0.3690 0.3803
vn 0.7027 0.0804 0.7069
vn 0.6594 0.6563 0.3667
vn 0.6596 0.3439 0.6683
vn 0.0951 0.9140 0.3944
vn 0.3767 0.9194 0.1132
vn 0.0897 0.6919 0.7164
vn 0.3714 0.8435 0.3880
vn 0.3531 0.6492 0.6737
vn 0.3765 0.0816 0.9228
vn 0.0953 0.3621 0.9273
vn 0.3710 0.3585 0.8566
vn -0.2850 0.5333 0.7965
vn -0.1625 0.1312 0.9779
vn -0.0836 0.4077 0.9093
vn -0.2578 0.8192 0.5123
vn -0.8579 0.1728 0.4840
vn -0.5593 0.5038 0.6583
vn -0.9203 0.0882 0.3812
vn -0.5500 0.8000 0.2399
vn -0.2889 0.9461 -0.1466
vn -0.0905 0.9383 0.3338
vn -0.5011 0.7717 -0.3917
vn -0.2562 0.9590 0.1214
vn -0.0705 0.7545 0.6525
vn -0.5340 0.8306 -0.1577
vn -0.7571 0.5528 -0.3482
vn -0.6955 0.4322 -0.5741
vn -0.8205 0.2278 -0.5242
vn -0.7641 0.5974 -0.2436
vn 0.9224 -0.3727 -0.1018
vn 0.9214 -0.0896 -0.3782
vn 0.9909 -0.0938 -0.0966
vn 0.7067 -0.7000 -0.1028
vn 0.8503 -0.3664 -0.3779
vn 0.7051 -0.0787 -0.7048
vn 0.6615 -0.6551 -0.3651
vn 0.6626 -0.3438 -0.6655
vn 0.0991 -0.9137 -0.3941
vn 0.3801 -0.9181 -0.1127
vn 0.0944 -0.6917 -0.7160
vn 0.3755 -0.8417 -0.3879
vn 0.3573 -0.6486 -0.6720
vn 0.3803 -0.0808 -0.9213
vn 0.0999 -0.3623 -0.9267
vn 0.3754 -0.3581 -0.8549
vn 0.9095 0.0390 -0.4139
vn 0.9702 0.2291 -0.0788
vn 0.8893 0.0283 -0.4564
vn 0.7434 0.0534 -0.6667
vn 0.3873 0.6176 -0.6846
vn 0.5594 0.5724 -0.5995
vn 0.7173 0.4827 -0.5025
vn 0.4502 0.4981 -0.7411
vn 0.2788 0.6823 -0.6758
vn -0.1803 0.2940 -0.9386
vn 0.3274 0.0840 -0.9411
vn -0.4048 0.5565 -0.7256
vn -0.2637 0.5440 -0.7966
vn 0.4466 0.0991 -0.8892
vn 0.6774 0.0453 -0.7342
vn -0.6858 0.7120 -0.1508
vn -0.6444 0.6958 -0.3172
vn -0.5472 0.6469 -0.5311
vn -0.1727 0.8506 -0.4967
vn -0.2918 0.5624 -0.7737
vn -0.8410 0.1015 -0.5315
vn -0.1018 -0.9790 -0.1766
vn -0.2796 -0.7781 -0.5625
vn -0.0786 -0.8947 -0.4397
vn -0.8542 -0.4825 -0.1935
vn -0.5540 -0.6424 -0.5296
vn -0.2518 -0.4831 -0.8386
vn -0.0647 -0.6259 -0.7772
vn -0.5446 -0.2113 -0.8117
vn -0.7552 0.3664 -0.5435
vn -0.8200 0.5313 -0.2128
vn -0.6941 0.5881 -0.4151
vn -0.5301 0.1878 -0.8269
vn -0.7608 0.2657 -0.5921
vn -0.0856 -0.3018 -0.9495
vn -0.2851 0.1790 -0.9417
vn -0.2509 -0.0887 -0.9639
vn -0.4980 0.4188 -0.7593
vn -0.5161 -0.7920 -0.3263
vn -0.1471 -0.9031 -0.4034
vn -0.4235 -0.9006 -0.0975
vn -0.8289 -0.4925 -0.2652
vn -0.4957 -0.7725 -0.3969
vn -0.8055 -0.2155 -0.5519
vn -0.9434 0.1683 -0.2857
vn -0.9429 -0.3192 -0.0950
vn -0.7654 0.4129 -0.4936
vn -0.9612 -0.0999 -0.2570
vn -0.7659 -0.6379 -0.0801
vn -0.8282 0.1828 -0.5298
vn -0.1439 0.5543 -0.8198
vn -0.5154 0.3589 -0.7782
vn -0.4226 0.5929 -0.6855
vn -0.1460 0.3878 -0.9101
vn -0.4960 0.2936 -0.8172
vn -0.0978 -0.9270 0.3621
vn -0.3786 -0.9221 0.0806
vn -0.0976 -0.9920 0.0799
vn -0.0928 -0.7162 0.6917
vn -0.3744 -0.8553 0.3582
vn -0.7041 -0.7057 0.0786
vn -0.3558 -0.6726 0.6488
vn -0.6622 -0.6666 0.3422
vn -0.3799 -0.1134 0.9180
vn -0.0983 -0.3942 0.9137
vn -0.7053 -0.1037 0.7013
vn -0.3742 -0.3882 0.8422
vn -0.6623 -0.3658 0.6539
vn -0.9202 -0.3813 0.0892
vn -0.9211 -0.1042 0.3751
vn -0.8498 -0.3796 0.3657
vn -0.2088 0.0317 0.9774
vn -0.5995 0.1744 0.7812
vn -0.5375 0.1001 0.8373
vn -0.3681 0.1524 0.9172
vn -0.5216 0.4574 0.7202
vn -0.7682 0.2031 0.6072
vn -0.7315 0.0853 0.6765
vn 0.7467 -0.6435 0.1686
vn 0.7468 -0.6433 0.1686
vn 0.7469 -0.6433 0.1685
vn -0.5093 0.7420 -0.4360
vn -0.2705 0.8588 -0.4351
vn -0.4596 0.6906 -0.5585
vn -0.6421 0.6202 -0.4506
vn -0.5216 0.8386 -0.1573
vn -0.9436 0.0616 0.3252
vn -0.9428 0.2817 -0.1784
vn -0.8066 0.1768 0.5640
vn -0.8911 0.3797 -0.2486
vn -0.7352 0.5102 -0.4463
vn 0.4006 -0.1686 -0.9006
vn 0.7078 -0.1757 -0.6842
vn 0.5978 -0.2597 -0.7584
vn 0.5965 -0.0328 -0.8019
vn 0.9073 -0.1510 -0.3924
vn 0.6433 -0.2236 -0.7322
vn 0.8778 -0.2499 -0.4087
vn 0.9355 -0.2066 0.2865
vn 0.9637 -0.0468 -0.2627
vn 0.9989 -0.0468 -0.0062
vn 0.9140 -0.2551 0.3154
vn 0.9866 -0.1624 -0.0170
vn 0.8409 -0.0263 -0.5406
vn 0.9756 -0.2188 -0.0168
vn 0.4424 -0.6082 0.6591
vn 0.1676 -0.5004 0.8494
vn 0.2458 -0.7261 0.6422
vn 0.1484 -0.6955 0.7030
vn 0.4826 -0.5009 0.7184
vn 0.3241 -0.4302 0.8426
vn 0.7278 -0.5637 0.3906
vn 0.7402 0.6478 0.1800
vn 0.6205 0.7814 0.0667
vn 0.5331 0.7510 0.3897
vn 0.7348 0.5895 0.3355
vn 0.9177 0.3665 0.1534
vn 0.8533 0.5195 0.0452
vn 0.8925 0.3755 0.2500
vn -0.0968 -0.8662 0.4903
vn 0.4474 -0.7189 0.5321
vn 0.2623 -0.7665 0.5862
vn 0.1533 -0.8868 0.4359
vn 0.4724 -0.7662 0.4356
vn 0.4066 -0.6931 0.5952
vn 0.7422 -0.4358 0.5091
vn 0.9682 0.2451 0.0495
vn 0.9341 -0.3112 0.1751
vn 0.9993 -0.0080 0.0353
vn 0.9891 -0.0092 0.1472
vn 0.9122 -0.3456 0.2200
vn 0.9794 -0.0059 0.2018
vn -0.4976 -0.0686 -0.8647
vn -0.2333 0.0534 -0.9709
vn -0.3836 -0.2705 -0.8830
vn 0.0021 -0.1389 -0.9903
vn -0.5121 0.0313 -0.8584
vn -0.7303 0.0315 -0.6824
vn -0.8380 -0.1644 -0.5203
vn -0.7546 -0.3674 0.5437
vn -0.4771 -0.4596 0.7491
vn -0.6328 -0.3656 0.6826
vn -0.9214 -0.2482 0.2990
vn -0.7759 -0.3903 0.4957
vn -0.9115 -0.3075 0.2732
vn -0.9501 -0.0136 -0.3118
vn -0.9656 -0.1461 0.2150
vn -0.9928 -0.1133 -0.0393
vn -0.8537 -0.2512 0.4562
vn -0.9889 -0.1407 -0.0475
vn -0.4779 0.8695 0.1250
vn -0.3678 0.8709 0.3259
vn -0.2038 0.9790 0.0076
vn -0.4887 0.8721 0.0248
vn 0.0312 0.9809 0.1920
vn -0.8313 0.5175 0.2028
vn -0.7663 0.6304 0.1242
vn -0.9673 -0.2123 0.1389
vn -0.9464 0.3205 0.0404
vn -0.9990 0.0146 0.0417
vn -0.8578 -0.4619 0.2254
vn -0.9917 0.0406 0.1221
vn -0.7149 0.6990 0.0157
vn -0.9234 -0.3052 0.2329
vn -0.9875 0.0491 0.1496
vn -0.7593 -0.5587 0.3335
vn -0.6427 -0.6956 0.3209
vn -0.4832 -0.7729 0.4114
vn -0.7787 -0.5127 0.3615
vn -0.9104 -0.2901 0.2949
vn 0.3593 0.6367 0.6824
vn 0.1557 0.7015 0.6955
vn 0.3688 0.7279 0.5780
vn 0.0123 0.8294 0.5585
vn 0.1021 0.4085 0.9070
vn 0.2195 0.9293 0.2969
vn 0.1989 0.4164 0.8872
vn 0.1393 0.5336 0.8342
vn 0.1457 -0.2668 0.9527
vn 0.0063 0.2931 0.9561
vn 0.0019 0.0403 0.9992
vn 0.1922 -0.3103 0.9310
vn 0.1091 0.0295 0.9936
vn -0.0065 0.5709 0.8210
vn 0.1615 0.0208 0.9867
vn 0.4917 -0.7024 0.5146
vn 0.4277 -0.8697 0.2466
vn 0.5182 -0.8537 -0.0519
vn 0.5512 -0.6858 0.4752
vn 0.4052 -0.7455 0.5291
vn 0.3612 -0.8442 0.3959
vn 0.4587 -0.4274 0.7791
vn -0.7259 -0.1457 0.6722
vn -0.8415 -0.0250 0.5397
vn -0.9110 -0.2646 0.3162
vn -0.7641 -0.2007 0.6131
vn -0.4594 -0.0968 0.8829
vn -0.6055 0.0079 0.7958
vn -0.4690 -0.1956 0.8613
vn 0.8021 -0.5930 0.0699
vn 0.6593 -0.5194 0.5436
vn 0.6695 -0.6472 0.3646
vn 0.8603 -0.4331 0.2690
vn 0.7102 -0.4114 0.5713
vn 0.7341 -0.6217 0.2731
vn 0.3551 -0.4669 0.8099
vn 0.4376 -0.4321 0.7885
vn -0.3433 0.0086 0.9392
vn 0.2115 -0.1219 0.9697
vn -0.0954 0.0234 0.9952
vn -0.0964 -0.0891 0.9914
vn 0.2424 -0.1686 0.9554
vn -0.0949 -0.1441 0.9850
vn 0.0946 0.8236 -0.5592
vn -0.0252 0.9520 -0.3051
vn 0.2912 0.8242 -0.4856
vn 0.1417 0.9850 -0.0982
vn -0.0001 0.8255 -0.5645
vn 0.0053 0.6421 -0.7666
vn 0.1924 0.4592 -0.8672
vn 0.3683 -0.6233 -0.6898
vn 0.4372 -0.8185 -0.3728
vn 0.3569 -0.7518 -0.5545
vn 0.2654 -0.3708 -0.8900
vn 0.3961 -0.5896 -0.7038
vn 0.3267 -0.3578 -0.8747
vn 0.0505 0.2732 -0.9606
vn 0.1700 -0.2662 -0.9488
vn 0.1439 -0.0128 -0.9895
vn 0.2636 -0.5227 -0.8107
vn 0.1710 -0.0093 -0.9852
vn -0.8164 -0.1260 -0.5636
vn -0.9988 -0.0437 0.0231
vn -0.9529 -0.0144 -0.3030
vn -0.8188 -0.0484 -0.5721
vn -0.7879 -0.1886 -0.5862
vn -0.4362 -0.2420 -0.8667
vn 0.3112 -0.1960 -0.9299
vn -0.2240 -0.0937 -0.9701
vn 0.0876 -0.0997 -0.9912
vn 0.5447 -0.2774 -0.7914
vn 0.0583 -0.1800 -0.9819
vn -0.6218 -0.0533 -0.7814
vn 0.3955 -0.2879 -0.8722
vn 0.0531 -0.2065 -0.9770
vn 0.6213 -0.4032 -0.6718
vn 0.7540 -0.3622 -0.5480
vn 0.5559 -0.7101 -0.4321
vn 0.7562 -0.5347 -0.3772
vn 0.3740 -0.3517 -0.8582
vn -0.3166 -0.8966 -0.3097
vn -0.2990 -0.8961 -0.3281
vn -0.4690 -0.7594 -0.4509
vn -0.4430 -0.7596 -0.4762
vn -0.6691 -0.2394 -0.7035
vn -0.7321 0.0149 -0.6810
vn -0.6913 0.0172 -0.7223
vn -0.3333 -0.8963 -0.2924
vn -0.4925 -0.7599 -0.4243
vn -0.7087 -0.2420 -0.6627
vn -0.7685 0.0126 -0.6398
vn 0.2880 -0.9144 0.2844
vn 0.2697 -0.9140 0.3032
vn 0.4315 -0.7898 0.4359
vn 0.6120 -0.3313 0.7181
vn 0.6896 -0.0870 0.7190
vn 0.6554 -0.3319 0.6784
vn 0.2482 -0.9148 0.3187
vn 0.4048 -0.7867 0.4661
vn 0.5635 -0.3341 0.7555
vn 0.6436 -0.0866 0.7604
vn -0.2604 -0.8948 -0.3627
vn -0.2798 -0.8955 -0.3462
vn -0.3857 -0.7584 -0.5254
vn -0.6253 -0.2400 -0.7426
vn -0.6011 0.0173 -0.7990
vn -0.5810 -0.2381 -0.7783
vn -0.4159 -0.7578 -0.5027
vn -0.6466 0.0183 -0.7626
vn 0.3060 -0.9132 0.2691
vn 0.3218 -0.9128 0.2516
vn 0.4605 -0.7860 0.4125
vn 0.4834 -0.7856 0.3861
vn 0.7285 -0.3313 0.5996
vn 0.7313 -0.0879 0.6764
vn 0.7677 -0.0858 0.6350
vn 0.6940 -0.3318 0.6390
vn 0.3378 -0.9115 0.2348
vn 0.3528 -0.9109 0.2140
vn 0.5081 -0.7822 0.3606
vn 0.5324 -0.7802 0.3283
vn 0.7938 -0.3285 0.5119
vn 0.8018 -0.0892 0.5909
vn 0.8368 -0.0876 0.5405
vn 0.7598 -0.3331 0.5583
vn -0.3488 -0.8964 -0.2734
vn -0.5157 -0.7594 -0.3968
vn -0.7438 -0.2436 -0.6224
vn -0.8029 0.0129 -0.5959
vn -0.3666 -0.8951 -0.2540
vn -0.5398 -0.7568 -0.3685
vn -0.7785 -0.2404 -0.5798
vn -0.8366 0.0104 -0.5477
vn -0.3827 -0.8941 -0.2325
vn -0.5611 -0.7562 -0.3368
vn -0.8110 -0.2430 -0.5322
vn -0.8677 0.0043 -0.4970
vn -0.4025 -0.8900 -0.2141
vn -0.5856 -0.7483 -0.3116
vn -0.8408 -0.2463 -0.4821
vn -0.8937 0.0077 -0.4486
vn 0.3711 -0.9084 0.1927
vn 0.3852 -0.9060 0.1756
vn 0.5601 -0.7743 0.2946
vn 0.5788 -0.7701 0.2684
vn 0.8517 -0.3153 0.4185
vn 0.8711 -0.0887 0.4830
vn 0.8947 -0.0843 0.4385
vn 0.8265 -0.3265 0.4586
vn -0.4478 -0.8858 -0.1215
vn -0.3779 -0.9258 -0.0083
vn -0.8238 -0.5346 -0.1888
vn -0.7089 -0.7053 0.0022
vn -0.9793 -0.0607 -0.1930
vn -0.9312 -0.3642 0.0121
vn -0.1837 -0.9777 -0.1018
vn -0.6060 -0.7399 -0.2920
vn -0.8702 -0.2345 -0.4333
vn -0.9104 0.0088 -0.4137
vn -0.6206 -0.7297 -0.2871
vn -0.8879 -0.2274 -0.4000
vn 0.3974 -0.9019 0.1693
vn 0.5913 -0.7639 0.2585
vn 0.9049 -0.0802 0.4180
vn 0.8634 -0.3101 0.3979
vn 0.2212 -0.9144 0.3390
vn 0.3712 -0.7887 0.4901
vn 0.5021 -0.3306 0.7991
vn 0.5924 -0.0897 0.8006
vn 0.1989 -0.9106 0.3623
vn 0.3293 -0.7854 0.5241
vn 0.4431 -0.3270 0.8347
vn 0.5240 -0.0902 0.8469
vn -0.2233 -0.8900 -0.3975
vn -0.2408 -0.8934 -0.3793
vn -0.3340 -0.7503 -0.5705
vn -0.5347 -0.2353 -0.8116
vn -0.5097 0.0237 -0.8600
vn -0.4899 -0.2248 -0.8423
vn -0.3585 -0.7544 -0.5499
vn -0.5542 0.0198 -0.8321
vn 0.0005 -0.9178 -0.3971
vn 0.0007 -0.6900 -0.7238
vn 0.0002 -0.3461 -0.9382
vn -0.1232 -0.8811 -0.4566
vn -0.2167 -0.5194 -0.8266
vn -0.2377 -0.0249 -0.9710
vn 0.1889 -0.9056 0.3797
vn 0.2917 -0.7763 0.5588
vn 0.4124 -0.3154 0.8547
vn 0.4585 -0.0872 0.8844
vn 0.4265 -0.0791 0.9010
vn 0.2774 -0.7664 0.5793
vn 0.4046 -0.3187 0.8572
vn -0.2133 -0.8854 -0.4130
vn -0.4599 -0.2104 -0.8627
vn -0.3187 -0.7395 -0.5930
vn -0.4778 0.0290 -0.8780
vn -0.5015 0.6974 -0.5121
vn -0.5316 0.6964 -0.4821
vn -0.3632 0.8574 -0.3646
vn -0.3850 0.8569 -0.3429
vn -0.2019 0.9599 -0.1943
vn -0.2144 0.9596 -0.1823
vn -0.5594 0.6941 -0.4532
vn -0.4051 0.8558 -0.3217
vn -0.2257 0.9591 -0.1707
vn 0.4928 0.6357 0.5941
vn 0.5286 0.6346 0.5638
vn 0.3577 0.8251 0.4375
vn 0.3826 0.8257 0.4145
vn 0.1961 0.9486 0.2483
vn 0.2095 0.9490 0.2357
vn 0.4537 0.6354 0.6248
vn 0.3295 0.8246 0.4599
vn 0.1805 0.9485 0.2603
vn -0.4689 0.6980 -0.5412
vn -0.4366 0.6968 -0.5691
vn -0.3397 0.8578 -0.3858
vn -0.3162 0.8573 -0.4063
vn -0.1893 0.9599 -0.2068
vn -0.1758 0.9601 -0.2177
vn 0.5885 0.6358 0.4994
vn 0.5596 0.6371 0.5300
vn 0.4280 0.8247 0.3698
vn 0.4054 0.8265 0.3906
vn 0.2349 0.9487 0.2118
vn 0.2230 0.9488 0.2236
vn 0.6461 0.6305 0.4301
vn 0.6185 0.6306 0.4689
vn 0.4703 0.8225 0.3199
vn 0.4492 0.8232 0.3473
vn 0.2585 0.9481 0.1850
vn 0.2461 0.9485 0.1992
vn -0.5868 0.6905 -0.4229
vn -0.4255 0.8538 -0.3001
vn -0.2372 0.9584 -0.1585
vn -0.6132 0.6879 -0.3883
vn -0.4462 0.8513 -0.2760
vn -0.2493 0.9574 -0.1454
vn -0.6414 0.6807 -0.3540
vn -0.4681 0.8470 -0.2518
vn -0.2623 0.9559 -0.1320
vn -0.6664 0.6728 -0.3212
vn -0.4887 0.8419 -0.2287
vn -0.2755 0.9538 -0.1196
vn 0.7014 0.6172 0.3565
vn 0.6780 0.6234 0.3894
vn 0.5164 0.8129 0.2693
vn 0.4956 0.8182 0.2914
vn 0.2865 0.9449 0.1585
vn 0.2724 0.9471 0.1697
vn -0.9074 0.4186 -0.0379
vn -0.7544 0.6375 -0.1568
vn -0.6855 0.7278 -0.0218
vn -0.5561 0.8236 -0.1112
vn -0.3686 0.9296 -0.0024
vn -0.3174 0.9465 -0.0576
vn -0.6851 0.6646 -0.2984
vn -0.5070 0.8350 -0.2140
vn -0.2870 0.9514 -0.1120
vn 0.7147 0.6098 0.3426
vn 0.5282 0.8085 0.2597
vn 0.2938 0.9435 0.1535
vn 0.4043 0.6291 0.6639
vn 0.2943 0.8212 0.4889
vn 0.1614 0.9476 0.2756
vn 0.3572 0.6206 0.6981
vn 0.2622 0.8146 0.5174
vn 0.1455 0.9448 0.2937
vn -0.4035 0.6949 -0.5953
vn -0.3728 0.6910 -0.6193
vn -0.2925 0.8563 -0.4257
vn -0.2715 0.8529 -0.4459
vn -0.1634 0.9593 -0.2302
vn -0.1513 0.9585 -0.2415
vn -0.0587 0.4342 -0.8989
vn -0.0448 0.7392 -0.6720
vn -0.0243 0.9353 -0.3531
vn -0.1974 0.6658 -0.7196
vn -0.1465 0.8397 -0.5228
vn -0.0853 0.9531 -0.2905
vn 0.3343 0.6121 0.7166
vn 0.2476 0.8072 0.5358
vn 0.1384 0.9417 0.3067
vn -0.3519 0.6855 -0.6374
vn -0.2579 0.8484 -0.4622
vn -0.1446 0.9568 -0.2521
vn 0.8125 0.3507 0.4656
vn 0.4501 -0.1198 -0.8849
vn 0.4859 0.3493 0.8012
vn 0.9472 0.1825 -0.2638
vn 0.9472 0.1826 -0.2637
vn 0.0592 -0.2421 -0.9684
vn 0.6933 0.3583 0.6252
vn -0.9688 -0.2359 0.0760
vn 0.4475 0.3512 0.8224
vn -0.3956 0.9183 0.0134
vn -0.7181 0.6959 0.0096
vn -0.9272 0.3744 0.0045
vn -0.3798 0.0162 -0.9249
vn -0.9231 0.0068 -0.3845
vn -0.7048 0.0125 -0.7093
vn 0.2666 -0.6942 0.6686
vn 0.0248 -0.7619 0.6472
vn -0.8788 -0.3426 0.3321
vn 0.0685 -0.7194 0.6912
vn -0.5726 -0.5866 0.5728
vn 0.0001 0.3956 -0.9184
vn -0.0006 0.7184 -0.6956
vn -0.0012 0.9306 -0.3661
vn 0.6830 -0.2644 0.6809
vn 0.6586 -0.0055 0.7524
vn 0.2899 0.9067 0.3062
vn 0.7054 -0.0502 0.7070
vn 0.6808 -0.6872 0.2537
vn 0.7501 -0.6613 0.0074
vn 0.3636 -0.3487 -0.8638
vn 0.6107 -0.6029 -0.5133
vn 0.7049 -0.7077 0.0487
vn 0.9169 0.3990 0.0056
vn 0.9086 0.4177 0.0057
vn 0.6729 0.7397 0.0101
vn 0.8889 0.4580 0.0062
vn 0.4333 0.9012 0.0123
vn 0.3262 0.9452 0.0128
vn 0.0842 0.9933 -0.0787
vn -0.1229 0.9924 0.0071
vn -0.0022 0.9292 0.3696
vn -0.0025 0.8169 0.5768
vn -0.0026 0.7106 0.7036
vn -0.0025 0.3805 0.9248
vn -0.3214 0.8944 -0.3110
vn -0.5360 0.7095 -0.4575
vn -0.5606 0.6127 -0.5571
vn -0.6583 0.3627 -0.6596
vn -0.6821 0.2557 -0.6851
vn -0.4645 0.7581 -0.4577
vn 0.9155 0.0080 -0.4021
vn 0.6845 0.0134 -0.7289
vn 0.3637 0.0166 -0.9314
vn 0.4560 0.0159 -0.8898
vn 0.0738 0.1185 -0.9902
vn 0.0024 -0.9080 -0.4190
vn 0.0025 -0.7468 -0.6651
vn 0.0025 -0.6725 -0.7401
vn 0.0026 -0.5487 -0.8360
vn 0.0025 -0.3500 -0.9367
vn -0.1324 0.0315 -0.9907
vn -0.3253 0.3428 -0.8813
vn -0.4321 0.4478 -0.7828
vn -0.5509 0.5634 -0.6157
vn -0.5306 0.5443 -0.6497
vn -0.6703 0.6768 -0.3043
vn -0.4443 0.4597 -0.7690
vn -0.9923 -0.0694 -0.1029
vn -0.9334 -0.3587 -0.0076
vn -0.7335 -0.6796 -0.0130
vn -0.8636 0.3434 -0.3692
vn -0.4077 -0.9130 -0.0165
vn -0.9840 -0.1170 0.1343
vn -0.9331 -0.0102 0.3594
vn -0.7291 -0.0118 0.6844
vn -0.4025 -0.0159 0.9153
vn -0.9921 0.1252 -0.0089
vn -0.8249 -0.0096 0.5652
vn -0.5186 -0.0148 0.8549
vn -0.9003 0.3134 -0.3021
vn -0.7953 0.4347 -0.4225
vn -0.6208 0.5853 -0.5216
vn -0.3108 0.6843 -0.6596
vn -0.8005 0.4315 -0.4159
vn 0.3815 0.9242 0.0162
vn 0.7057 0.7084 0.0125
vn 0.9227 0.3855 0.0069
vn -0.0025 0.3665 0.9304
vn -0.0026 0.6945 0.7195
vn -0.0023 0.9171 0.3987
vn -0.6718 0.3207 -0.6677
vn -0.5231 0.6816 -0.5117
vn -0.2820 0.9220 -0.2652
vn 0.3847 0.0165 -0.9229
vn 0.7085 0.0131 -0.7056
vn 0.9248 0.0077 -0.3805
vn 0.0025 -0.3663 -0.9305
vn 0.0026 -0.6945 -0.7195
vn 0.0023 -0.9169 -0.3991
vn -0.6521 0.6600 -0.3730
vn -0.4983 0.5126 -0.6992
vn -0.2685 0.2868 -0.9196
vn -0.3832 -0.9235 -0.0167
vn -0.7076 -0.7064 -0.0134
vn -0.9244 -0.3814 -0.0081
vn -0.3885 -0.0160 0.9213
vn -0.7107 -0.0121 0.7034
vn -0.9245 -0.0065 0.3811
vn -0.3812 0.6659 -0.6412
vn -0.7066 0.5087 -0.4919
vn -0.9243 0.2731 -0.2666
vn 0.9237 -0.0052 0.3830
vn 0.7061 -0.0112 0.7080
vn 0.7069 -0.0112 0.7072
vn 0.3805 -0.0155 0.9246
vn -0.8100 0.0088 -0.5863
vn -0.9247 -0.0081 0.3806
vn -0.9249 -0.0082 0.3802
vn -0.9251 -0.0081 0.3796
vn -0.1632 -0.0175 0.9864
vn 0.3796 0.9248 0.0265
vn 0.3798 0.9247 0.0265
vn 0.3796 0.9248 0.0264
vn 0.9233 0.3838 0.0128
vn 0.8381 0.5449 0.0243
vn -0.3810 0.9244 0.0196
vn -0.1988 0.9796 0.0291
vn -0.5201 0.8511 -0.0713
vn -0.1602 -0.9869 -0.0176
vn -0.1579 -0.9735 -0.1655
vn -0.9227 -0.3854 -0.0086
vn -0.9177 -0.3830 -0.1058
vn -0.8095 0.5871 0.0085
vn -0.9228 -0.3852 -0.0086
vn -0.9214 -0.3886 -0.0086
vn -0.0014 -0.3991 0.9169
vn -0.0012 -0.7196 0.6944
vn -0.0012 -0.7193 0.6947
vn -0.0007 -0.9303 0.3667
vn -0.0023 0.4011 -0.9160
vn -0.0032 -0.9175 -0.3978
vn 0.0111 -0.3648 -0.9310
vn -0.0002 -0.9825 -0.1861
vn 0.9021 -0.0964 -0.4207
vn 0.7420 -0.1471 -0.6541
vn -0.3638 -0.2080 -0.9080
vn 0.9225 -0.0845 -0.3766
vn -0.3611 -0.2069 -0.9093
vn 0.3843 -0.9231 -0.0153
vn 0.7083 -0.7058 -0.0108
vn 0.9228 -0.3854 -0.0048
vn 0.7068 -0.7074 -0.0109
vn -0.0004 0.9165 0.4001
vn 0.0120 0.9153 0.4025
vn -0.0004 0.9163 0.4006
vn -0.0014 0.1423 0.9898
vn -0.0014 0.1448 0.9895
vn 0.0011 0.8246 -0.5657
vn 0.0099 0.9832 -0.1824
vn 0.0087 0.5477 0.8366
vn 0.0120 0.9168 0.3991
vn 0.8985 0.3068 -0.3139
vn 0.8991 0.3232 -0.2954
vn 0.7625 0.4562 -0.4588
vn 0.7638 0.4790 -0.4326
vn 0.2476 0.7231 -0.6448
vn -0.0104 0.7096 -0.7045
vn -0.0105 0.7472 -0.6645
vn 0.8987 0.2877 -0.3311
vn 0.7636 0.4276 -0.4838
vn 0.2456 0.6869 -0.6840
vn -0.0097 0.6681 -0.7440
vn 0.9116 -0.3118 0.2678
vn 0.9112 -0.3283 0.2487
vn 0.7843 -0.4677 0.4076
vn 0.3250 -0.7458 0.5815
vn 0.0800 -0.7463 0.6608
vn 0.3241 -0.7097 0.6256
vn 0.9117 -0.3426 0.2267
vn 0.7835 -0.4928 0.3784
vn 0.3238 -0.7822 0.5322
vn 0.0796 -0.7846 0.6149
vn 0.8987 0.3563 -0.2557
vn 0.8991 0.3402 -0.2754
vn 0.7634 0.5264 -0.3744
vn 0.2467 0.7607 -0.6004
vn -0.0103 0.8211 -0.5707
vn 0.2459 0.7955 -0.5538
vn 0.7637 0.5041 -0.4034
vn -0.0103 0.7858 -0.6184
vn 0.9118 -0.2941 0.2865
vn 0.9110 -0.2795 0.3032
vn 0.7834 -0.4429 0.4360
vn 0.7835 -0.4173 0.4605
vn 0.3262 -0.6333 0.7018
vn 0.0802 -0.7048 0.7049
vn 0.0825 -0.6646 0.7426
vn 0.3243 -0.6721 0.6657
vn 0.9108 -0.2620 0.3191
vn 0.9103 -0.2428 0.3353
vn 0.7825 -0.3904 0.4850
vn 0.7806 -0.3609 0.5103
vn 0.3261 -0.5438 0.7733
vn 0.0836 -0.6240 0.7770
vn 0.0856 -0.5709 0.8166
vn 0.3259 -0.5952 0.7345
vn 0.8975 0.2713 -0.3478
vn 0.7615 0.4029 -0.5078
vn 0.2468 0.6446 -0.7236
vn -0.0080 0.6248 -0.7807
vn 0.8963 0.2514 -0.3652
vn 0.7602 0.3738 -0.5314
vn 0.2456 0.6027 -0.7593
vn -0.0065 0.5786 -0.8156
vn 0.8940 0.2320 -0.3833
vn 0.7548 0.3471 -0.5567
vn 0.2459 0.5578 -0.7928
vn -0.0042 0.5283 -0.8491
vn 0.8906 0.2116 -0.4026
vn 0.7493 0.3184 -0.5806
vn 0.2452 0.5071 -0.8263
vn -0.0054 0.4822 -0.8761
vn 0.9086 -0.2212 0.3542
vn 0.9048 -0.2097 0.3707
vn 0.7767 -0.3265 0.5387
vn 0.7696 -0.3055 0.5607
vn 0.3190 -0.4543 0.8318
vn 0.0868 -0.5169 0.8517
vn 0.0845 -0.4729 0.8771
vn 0.3248 -0.4953 0.8057
vn 0.8838 0.1225 -0.4516
vn 0.9217 0.0061 -0.3878
vn 0.5323 0.2094 -0.8203
vn 0.6979 0.0119 -0.7161
vn 0.0545 0.2284 -0.9720
vn 0.3575 0.0163 -0.9338
vn 0.9777 0.0897 -0.1900
vn 0.7378 0.3038 -0.6028
vn 0.2374 0.4613 -0.8549
vn -0.0113 0.4483 -0.8938
vn 0.7299 0.2971 -0.6156
vn 0.2211 0.4301 -0.8753
vn 0.9024 -0.1999 0.3816
vn 0.7653 -0.2943 0.5724
vn 0.0824 -0.4527 0.8878
vn 0.3145 -0.4341 0.8442
vn 0.9106 -0.3623 0.1989
vn 0.7834 -0.5170 0.3449
vn 0.3218 -0.8229 0.4683
vn 0.0800 -0.8237 0.5613
vn 0.9050 -0.3874 0.1759
vn 0.7799 -0.5486 0.3012
vn 0.3150 -0.8566 0.4086
vn 0.0799 -0.8669 0.4920
vn 0.8951 0.3895 -0.2170
vn 0.8980 0.3719 -0.2352
vn 0.7555 0.5714 -0.3206
vn 0.2436 0.8269 -0.5069
vn -0.0117 0.8787 -0.4772
vn 0.2371 0.8555 -0.4603
vn 0.7609 0.5493 -0.3455
vn -0.0096 0.8522 -0.5231
vn 0.9268 0.3755 0.0061
vn 0.7026 0.7113 0.0207
vn 0.3627 0.9314 0.0317
vn 0.8877 0.4458 -0.1151
vn 0.5318 0.8250 -0.1913
vn 0.0395 0.9786 -0.2018
vn 0.9023 -0.3980 0.1656
vn 0.7670 -0.5859 0.2618
vn 0.3064 -0.8730 0.3795
vn 0.0756 -0.9029 0.4232
vn 0.0683 -0.9166 0.3939
vn 0.7593 -0.6019 0.2475
vn 0.3060 -0.8788 0.3662
vn 0.8908 0.4048 -0.2064
vn 0.2204 0.8762 -0.4286
vn 0.7462 0.5926 -0.3032
vn -0.0184 0.8960 -0.4436
vn -0.6929 0.5425 -0.4750
vn -0.6923 0.5139 -0.5065
vn -0.8544 0.3925 -0.3404
vn -0.8539 0.3724 -0.3634
vn -0.9579 0.2194 -0.1850
vn -0.9584 0.2064 -0.1972
vn -0.6909 0.4859 -0.5353
vn -0.8539 0.3513 -0.3839
vn -0.9579 0.1958 -0.2098
vn -0.6416 -0.6009 0.4767
vn -0.6415 -0.5707 0.5126
vn -0.8296 -0.4357 0.3492
vn -0.8295 -0.4139 0.3751
vn -0.9511 -0.2386 0.1959
vn -0.9511 -0.2266 0.2100
vn -0.6405 -0.6313 0.4372
vn -0.8294 -0.4576 0.3205
vn -0.9512 -0.2504 0.1803
vn -0.6927 0.5701 -0.4416
vn -0.6911 0.5963 -0.4084
vn -0.8543 0.4122 -0.3165
vn -0.8528 0.4327 -0.2922
vn -0.9583 0.2286 -0.1716
vn -0.9574 0.2417 -0.1581
vn -0.6383 -0.5096 0.5770
vn -0.6392 -0.5412 0.5464
vn -0.8273 -0.3702 0.4224
vn -0.8281 -0.3929 0.3998
vn -0.9501 -0.2036 0.2364
vn -0.9503 -0.2163 0.2237
vn -0.6308 -0.4434 0.6367
vn -0.6352 -0.4794 0.6056
vn -0.8226 -0.3245 0.4670
vn -0.8256 -0.3488 0.4436
vn -0.9488 -0.1780 0.2609
vn -0.9495 -0.1918 0.2481
vn -0.6891 0.4560 -0.5632
vn -0.8520 0.3309 -0.4058
vn -0.9575 0.1844 -0.2220
vn -0.6849 0.4242 -0.5923
vn -0.8505 0.3073 -0.4269
vn -0.9569 0.1715 -0.2344
vn -0.6801 0.3896 -0.6210
vn -0.8468 0.2842 -0.4496
vn -0.9560 0.1579 -0.2473
vn -0.6730 0.3578 -0.6474
vn -0.8418 0.2622 -0.4718
vn -0.9540 0.1479 -0.2609
vn -0.6163 -0.3715 0.6944
vn -0.6246 -0.4021 0.6695
vn -0.8131 -0.2739 0.5137
vn -0.8185 -0.2960 0.4924
vn -0.9451 -0.1523 0.2890
vn -0.9472 -0.1642 0.2755
vn -0.4259 0.0791 -0.9013
vn -0.6417 0.1963 -0.7414
vn -0.7341 0.0598 -0.6764
vn -0.8267 0.1465 -0.5433
vn -0.9325 0.0327 -0.3597
vn -0.9486 0.0852 -0.3048
vn -0.6659 0.3344 -0.6669
vn -0.8357 0.2471 -0.4904
vn -0.9519 0.1391 -0.2729
vn -0.6106 -0.3576 0.7066
vn -0.8083 -0.2649 0.5259
vn -0.9430 -0.1486 0.2977
vn -0.6384 -0.6660 0.3858
vn -0.8283 -0.4831 0.2839
vn -0.9515 -0.2624 0.1607
vn -0.6286 -0.7010 0.3369
vn -0.8199 -0.5146 0.2508
vn -0.9485 -0.2822 0.1438
vn -0.6881 0.6217 -0.3741
vn -0.6833 0.6448 -0.3426
vn -0.8511 0.4514 -0.2681
vn -0.8472 0.4708 -0.2461
vn -0.9569 0.2517 -0.1448
vn -0.9549 0.2658 -0.1326
vn -0.4191 0.9077 -0.0209
vn -0.7280 0.6855 -0.0124
vn -0.9291 0.3697 -0.0018
vn -0.6550 0.7376 -0.1642
vn -0.8327 0.5408 -0.1186
vn -0.9487 0.3093 -0.0648
vn -0.6201 -0.7195 0.3128
vn -0.8146 -0.5300 0.2355
vn -0.9455 -0.2957 0.1365
vn -0.6777 0.6616 -0.3209
vn -0.8425 0.4863 -0.2320
vn -0.9533 0.2747 -0.1257
vn -0.3658 -0.7330 0.5735
vn 0.1401 0.8657 0.4805
vn -0.3591 -0.8159 0.4532
vn -0.1591 0.2318 0.9597
vn -0.1591 0.2315 0.9597
vn 0.2197 0.9450 0.2424
vn -0.3615 -0.6387 0.6793
vn 0.0623 -0.4969 -0.8655
vn 0.1508 -0.2443 -0.9579
vn -0.3449 -0.5009 0.7938
vn 0.0849 -0.4409 -0.8935
vn -0.3924 0.3680 0.8430
vn -0.4099 0.3495 0.8425
vn -0.5244 0.5063 0.6846
vn -0.5500 0.4795 0.6838
vn -0.7371 0.6626 0.1328
vn -0.6948 0.7087 -0.1225
vn -0.7349 0.6663 -0.1263
vn -0.3751 0.3848 0.8434
vn -0.4990 0.5310 0.6849
vn -0.6978 0.7033 0.1357
vn -0.6547 0.7462 -0.1208
vn 0.2132 -0.2158 0.9529
vn 0.2296 -0.1964 0.9533
vn 0.3793 -0.3636 0.8509
vn 0.7012 -0.5656 0.4340
vn 0.7257 -0.6598 0.1953
vn 0.6638 -0.6093 0.4337
vn 0.2459 -0.1750 0.9534
vn 0.4040 -0.3341 0.8516
vn 0.7383 -0.5166 0.4337
vn 0.7653 -0.6128 0.1967
vn -0.4437 0.3101 0.8408
vn -0.4271 0.3296 0.8420
vn -0.5979 0.4215 0.6818
vn -0.7752 0.6177 0.1320
vn -0.8090 0.5741 -0.1265
vn -0.8094 0.5725 0.1308
vn -0.5747 0.4505 0.6832
vn -0.7737 0.6207 -0.1270
vn 0.1960 -0.2340 0.9523
vn 0.1799 -0.2499 0.9514
vn 0.3526 -0.3903 0.8505
vn 0.3279 -0.4150 0.8487
vn 0.5868 -0.6850 0.4318
vn 0.6840 -0.7029 0.1949
vn 0.6437 -0.7402 0.1945
vn 0.6245 -0.6500 0.4330
vn 0.1629 -0.2650 0.9504
vn 0.1435 -0.2793 0.9494
vn 0.3014 -0.4379 0.8470
vn 0.2708 -0.4628 0.8441
vn 0.4989 -0.7535 0.4282
vn 0.6005 -0.7755 0.1950
vn 0.5481 -0.8137 0.1939
vn 0.5465 -0.7185 0.4302
vn -0.3573 0.4017 0.8432
vn -0.4729 0.5544 0.6848
vn -0.6583 0.7400 0.1377
vn -0.6121 0.7821 -0.1170
vn -0.3377 0.4191 0.8428
vn -0.4441 0.5787 0.6841
vn -0.6168 0.7747 0.1394
vn -0.5651 0.8172 -0.1131
vn -0.3157 0.4344 0.8436
vn -0.4132 0.6009 0.6843
vn -0.5704 0.8089 0.1424
vn -0.5155 0.8500 -0.1085
vn -0.2895 0.4386 0.8508
vn -0.3822 0.6135 0.6910
vn -0.5213 0.8417 0.1408
vn -0.4684 0.8772 -0.1057
vn 0.1275 -0.2921 0.9479
vn 0.1250 -0.3121 0.9418
vn 0.2396 -0.4914 0.8373
vn 0.2216 -0.5187 0.8257
vn 0.3915 -0.8239 0.4098
vn 0.4805 -0.8558 0.1918
vn 0.4216 -0.8879 0.1842
vn 0.4410 -0.7931 0.4202
vn -0.1621 0.3963 0.9037
vn -0.0407 0.3959 0.9174
vn -0.2367 0.8208 0.5198
vn -0.0346 0.7327 0.6797
vn -0.2164 0.9762 -0.0113
vn -0.0226 0.9490 0.3143
vn -0.1549 0.1781 0.9717
vn -0.3531 0.6101 0.7093
vn -0.4726 0.8701 0.1399
vn -0.4333 0.8948 -0.1077
vn -0.3478 0.6230 0.7007
vn -0.4386 0.8891 0.1308
vn 0.1307 -0.3376 0.9322
vn 0.2212 -0.5438 0.8095
vn 0.3943 -0.9021 0.1754
vn 0.3669 -0.8412 0.3973
vn 0.2655 -0.1479 0.9527
vn 0.4306 -0.3016 0.8507
vn 0.7794 -0.4537 0.4321
vn 0.8042 -0.5606 0.1974
vn 0.2882 -0.1252 0.9493
vn 0.4629 -0.2582 0.8480
vn 0.8151 -0.3947 0.4240
vn 0.8486 -0.4909 0.1974
vn -0.4765 0.2714 0.8362
vn -0.4594 0.2898 0.8396
vn -0.6408 0.3676 0.6739
vn -0.8413 0.5250 0.1286
vn -0.8673 0.4811 -0.1280
vn -0.8697 0.4785 0.1213
vn -0.6202 0.3925 0.6792
vn -0.8407 0.5263 -0.1275
vn -0.4726 0.0502 0.8799
vn -0.7795 0.0247 0.6259
vn -0.9639 -0.0048 0.2663
vn -0.5327 0.1694 0.8292
vn -0.8728 0.2269 0.4321
vn -0.9751 0.2095 -0.0726
vn 0.3052 -0.1146 0.9454
vn 0.4960 -0.2205 0.8399
vn 0.8348 -0.3635 0.4135
vn 0.8847 -0.4249 0.1915
vn 0.9010 -0.3928 0.1842
vn 0.5164 -0.2058 0.8313
vn 0.8360 -0.3556 0.4178
vn -0.4918 0.2609 0.8307
vn -0.8884 0.4469 0.1047
vn -0.6609 0.3506 0.6636
vn -0.8838 0.4477 -0.1361
vn -0.4629 0.4368 -0.7713
vn -0.4346 0.4684 -0.7693
vn -0.2993 0.2925 -0.9082
vn -0.2782 0.3150 -0.9074
vn -0.1174 0.1302 -0.9845
vn -0.1052 0.1424 -0.9842
vn -0.4061 0.4967 -0.7671
vn -0.2582 0.3361 -0.9057
vn -0.0943 0.1546 -0.9835
vn 0.6575 -0.5169 -0.5482
vn 0.6270 -0.5526 -0.5491
vn 0.5140 -0.3996 -0.7590
vn 0.4913 -0.4248 -0.7603
vn 0.3322 -0.2526 -0.9088
vn 0.3198 -0.2663 -0.9093
vn 0.6881 -0.4773 -0.5465
vn 0.5360 -0.3711 -0.7583
vn 0.3444 -0.2372 -0.9084
vn -0.4914 0.4037 -0.7717
vn -0.5182 0.3706 -0.7708
vn -0.3202 0.2687 -0.9085
vn -0.3396 0.2445 -0.9082
vn -0.1293 0.1170 -0.9847
vn -0.1400 0.1034 -0.9847
vn 0.5659 -0.6157 -0.5484
vn 0.5960 -0.5860 -0.5490
vn 0.4479 -0.4713 -0.7598
vn 0.4695 -0.4496 -0.7599
vn 0.2963 -0.2917 -0.9095
vn 0.3078 -0.2797 -0.9094
vn 0.4942 -0.6770 -0.5454
vn 0.5344 -0.6443 -0.5471
vn 0.3961 -0.5173 -0.7586
vn 0.4252 -0.4920 -0.7597
vn 0.2675 -0.3181 -0.9096
vn 0.2836 -0.3026 -0.9100
vn -0.3768 0.5252 -0.7630
vn -0.2374 0.3575 -0.9032
vn -0.0827 0.1666 -0.9826
vn -0.3445 0.5541 -0.7578
vn -0.2142 0.3792 -0.9002
vn -0.0703 0.1796 -0.9812
vn -0.3112 0.5834 -0.7502
vn -0.1917 0.4034 -0.8947
vn -0.0588 0.1952 -0.9790
vn -0.2825 0.6142 -0.7369
vn -0.1762 0.4362 -0.8824
vn -0.0573 0.2273 -0.9721
vn 0.3810 -0.7566 -0.5314
vn 0.4370 -0.7199 -0.5392
vn 0.3067 -0.5871 -0.7492
vn 0.3523 -0.5540 -0.7543
vn 0.2052 -0.3649 -0.9082
vn 0.2387 -0.3423 -0.9088
vn -0.0462 0.8792 -0.4743
vn -0.1464 0.7252 -0.6728
vn -0.0221 0.6557 -0.7547
vn -0.1002 0.5585 -0.8234
vn 0.0045 0.3564 -0.9343
vn -0.0484 0.3648 -0.9298
vn -0.2661 0.6437 -0.7175
vn -0.1753 0.4797 -0.8597
vn -0.0715 0.2820 -0.9567
vn 0.3528 -0.7736 -0.5264
vn 0.2816 -0.6002 -0.7487
vn 0.1825 -0.3668 -0.9122
vn 0.7241 -0.4260 -0.5424
vn 0.5630 -0.3345 -0.7557
vn 0.3588 -0.2174 -0.9077
vn 0.7569 -0.3776 -0.5334
vn 0.5906 -0.3015 -0.7485
vn 0.3758 -0.2006 -0.9048
vn -0.5441 0.3373 -0.7682
vn -0.5676 0.3061 -0.7643
vn -0.3590 0.2206 -0.9069
vn -0.3777 0.1986 -0.9044
vn -0.1507 0.0899 -0.9845
vn -0.1632 0.0783 -0.9835
vn -0.8601 0.0019 -0.5102
vn -0.6073 -0.0261 -0.7940
vn -0.2725 -0.0503 -0.9608
vn -0.6657 0.1300 -0.7348
vn -0.4527 0.0728 -0.8887
vn -0.2104 0.0112 -0.9776
vn 0.7736 -0.3536 -0.5259
vn 0.6076 -0.2857 -0.7411
vn 0.3883 -0.1930 -0.9011
vn -0.5848 0.2847 -0.7596
vn -0.3950 0.1854 -0.8998
vn -0.1741 0.0715 -0.9821
vn 0.7572 -0.6021 -0.2532
vn 0.7488 -0.6123 -0.2536
vn -0.9654 -0.2197 0.1404
vn 0.4648 -0.8513 -0.2434
vn 0.4859 0.8714 0.0673
vn 0.5303 0.8460 0.0553
vn 0.5313 0.8454 0.0551
vn 0.4349 0.8968 0.0815
vn 0.4841 0.8723 0.0679
vn 0.7741 0.0791 -0.6281
vn 0.4398 -0.7323 0.5200
vn 0.6068 0.7938 -0.0419
vn 0.6486 0.7596 0.0472
vn -0.6926 0.4989 -0.5210
vn -0.6926 0.4988 -0.5211
vn 0.4328 -0.4990 0.7508
vn 0.4328 -0.4989 0.7508
vn -0.6416 0.5898 -0.4904
vn -0.0202 0.9734 0.2281
vn 0.4990 -0.7039 0.5055
vn 0.7850 -0.5734 -0.2346
vn 0.8225 -0.2233 -0.5231
vn -0.6348 -0.6278 -0.4504
vn -0.8508 -0.4282 -0.3045
vn -0.6585 0.4625 0.5937
vn -0.7241 0.4371 -0.5336
vn 0.8842 0.4640 -0.0536
vn -0.8883 -0.1349 0.4390
vn 0.1155 0.8851 0.4508
vn 0.1302 -0.4291 -0.8938
vn -0.8877 -0.4449 0.1186
vn -0.2681 0.3150 -0.9104
vn 0.2006 0.8844 -0.4215
vn 0.5304 0.3520 -0.7712
vn -0.3827 0.4119 -0.8270
vn 0.7063 -0.5295 0.4698
vn 0.5869 0.1953 0.7858
vn -0.7775 -0.0758 -0.6243
vn 0.1157 0.5710 -0.8127
vn 0.4902 -0.3358 -0.8043
vn -0.9251 -0.0081 0.3795
vn -0.9213 -0.3887 -0.0086
vn 0.0083 0.5358 0.8443
vn 0.0855 -0.4400 -0.8939
vn 0.4340 0.8972 0.0817
vt 0.119812 0.758602
vt 0.123736 0.748633
vt 0.125584 0.754213
vt 0.015201 0.874516
vt 0.015538 0.855390
vt 0.018779 0.873841
vt 0.129410 0.743816
vt 0.133137 0.732975
vt 0.134982 0.738547
vt 0.050927 0.810761
vt 0.047341 0.790575
vt 0.051567 0.790475
vt 0.145532 0.726943
vt 0.152158 0.726530
vt 0.147380 0.732522
vt 0.019321 0.891736
vt 0.022673 0.891027
vt 0.054801 0.887620
vt 0.054377 0.905205
vt 0.051523 0.887929
vt 0.051650 0.851083
vt 0.047037 0.831355
vt 0.050957 0.831149
vt 0.142240 0.738438
vt 0.136828 0.744119
vt 0.138546 0.727288
vt 0.140393 0.732863
vt 0.048614 0.770269
vt 0.052963 0.770248
vt 0.007874 0.756116
vt 0.011135 0.776076
vt 0.006703 0.776409
vt 0.006567 0.796427
vt 0.011544 0.815927
vt 0.007397 0.816427
vt 0.050940 0.748616
vt 0.055395 0.748676
vt 0.055313 0.719430
vt 0.059853 0.719527
vt 0.013525 0.713282
vt 0.014792 0.735061
vt 0.010138 0.735184
vt 0.150309 0.720948
vt 0.156613 0.720413
vt 0.062095 0.677491
vt 0.066709 0.677557
vt 0.069795 0.627631
vt 0.074447 0.627674
vt 0.018348 0.690766
vt 0.018264 0.713324
vt 0.159079 0.708299
vt 0.164887 0.707340
vt 0.160823 0.714064
vt 0.023929 0.907667
vt 0.027054 0.906947
vt 0.028980 0.922791
vt 0.031892 0.922078
vt 0.062263 0.926354
vt 0.067560 0.954828
vt 0.059559 0.926773
vt 0.127563 0.738241
vt 0.034451 0.937563
vt 0.037174 0.936828
vt 0.040451 0.951793
vt 0.042911 0.950873
vt 0.069889 0.954541
vt 0.073697 0.982095
vt 0.110392 0.757756
vt 0.115734 0.747603
vt 0.117773 0.753102
vt 0.019314 0.854806
vt 0.022347 0.873209
vt 0.029108 0.813140
vt 0.015713 0.795521
vt 0.029008 0.793035
vt 0.046844 0.810920
vt 0.043102 0.790703
vt 0.043650 0.770384
vt 0.031589 0.752067
vt 0.045845 0.748664
vt 0.026020 0.890364
vt 0.030176 0.906271
vt 0.047918 0.851327
vt 0.045933 0.870588
vt 0.044179 0.851610
vt 0.043110 0.831595
vt 0.049458 0.870271
vt 0.048235 0.888286
vt 0.013109 0.835902
vt 0.010866 0.796003
vt 0.015680 0.815462
vt 0.015150 0.795611
vt 0.046473 0.748574
vt 0.042533 0.790768
vt 0.029772 0.772949
vt 0.012423 0.755885
vt 0.015549 0.775773
vt 0.016952 0.755681
vt 0.057487 0.677432
vt 0.035035 0.727175
vt 0.050163 0.719535
vt 0.019427 0.734963
vt 0.023060 0.691242
vt 0.022961 0.713388
vt 0.065141 0.627588
vt 0.026463 0.890303
vt 0.034065 0.871676
vt 0.037077 0.889089
vt 0.051357 0.905624
vt 0.056851 0.927227
vt 0.034803 0.921402
vt 0.039884 0.936124
vt 0.040762 0.905709
vt 0.035249 0.921421
vt 0.030602 0.906229
vt 0.065238 0.955158
vt 0.072727 0.981815
vt 0.045313 0.949994
vt 0.052976 0.869996
vt 0.057771 0.970331
vt 0.059253 0.968876
vt 0.060756 0.967451
vt 0.045468 0.870622
vt 0.047796 0.888320
vt 0.042751 0.811111
vt 0.043674 0.851654
vt 0.100692 0.763059
vt 0.107026 0.752837
vt 0.131257 0.749391
vt 0.056429 0.927161
vt 0.053109 0.945361
vt 0.046018 0.924068
vt 0.176115 0.678294
vt 0.180662 0.664600
vt 0.177291 0.678584
vt 0.182023 0.665449
vt 0.178467 0.678875
vt 0.016126 0.775678
vt 0.009132 0.836466
vt 0.022815 0.873138
vt 0.031649 0.853011
vt 0.017076 0.835375
vt 0.089802 0.768669
vt 0.094098 0.759556
vt 0.100766 0.770254
vt 0.107291 0.766565
vt 0.045434 0.949891
vt 0.040393 0.936202
vt 0.064727 0.954754
vt 0.060595 0.966585
vt 0.163870 0.700283
vt 0.168894 0.700156
vt 0.148460 0.715367
vt 0.154764 0.714832
vt 0.044249 0.770316
vt 0.023770 0.713027
vt 0.040296 0.695660
vt 0.143684 0.721364
vt 0.152916 0.709251
vt 0.029990 0.833314
vt 0.042583 0.831649
vt 0.057383 0.904832
vt 0.173683 0.835189
vt 0.184143 0.875234
vt 0.183319 0.876031
vt 0.050913 0.905652
vt 0.169645 0.689963
vt 0.172736 0.692971
vt 0.170396 0.679768
vt 0.175879 0.678532
vt 0.056833 0.677898
vt 0.045918 0.660753
vt 0.064335 0.629117
vt 0.027871 0.691758
vt 0.073683 0.982066
vt 0.073827 0.983174
vt 0.113760 0.762676
vt 0.073729 0.981142
vt 0.020102 0.734771
vt 0.011751 0.856014
vt 0.042205 0.811172
vt 0.017552 0.755565
vt 0.038039 0.655717
vt 0.157334 0.702534
vt 0.050775 0.719342
vt 0.041857 0.657672
vt 0.027659 0.691721
vt 0.016228 0.815375
vt 0.017598 0.835291
vt 0.019806 0.854728
vt 0.121887 0.743053
vt 0.162854 0.693226
vt 0.133945 0.792520
vt 0.088292 0.860563
vt 0.137890 0.774251
vt 0.094412 0.940474
vt 0.133448 0.909488
vt 0.134123 0.910284
vt 0.095457 0.938443
vt 0.132776 0.908692
vt 0.161746 0.880303
vt 0.128181 0.871224
vt 0.143290 0.848296
vt 0.265930 0.929221
vt 0.197451 0.971437
vt 0.196233 0.966680
vt 0.168512 0.785165
vt 0.174775 0.834866
vt 0.262688 0.929089
vt 0.218090 0.909404
vt 0.218477 0.908424
vt 0.111423 0.866691
vt 0.124851 0.816320
vt 0.275278 0.895220
vt 0.240972 0.819515
vt 0.289264 0.908415
vt 0.148654 0.925004
vt 0.120351 0.964030
vt 0.118324 0.965078
vt 0.222074 0.872896
vt 0.222071 0.836490
vt 0.258479 0.872844
vt 0.178348 0.896020
vt 0.150241 0.926358
vt 0.149447 0.925683
vt 0.155768 0.769885
vt 0.245278 0.815318
vt 0.100576 0.971177
vt 0.198809 0.976727
vt 0.082685 0.976843
vt 0.284382 0.926256
vt 0.168756 0.785049
vt 0.235703 0.824411
vt 0.170329 0.787533
vt 0.224586 0.887076
vt 0.184262 0.875356
vt 0.224799 0.886043
vt 0.170357 0.882571
vt 0.137167 0.921600
vt 0.135543 0.915718
vt 0.082975 0.859045
vt 0.142286 0.755053
vt 0.183201 0.876271
vt 0.168210 0.833433
vt 0.173497 0.835169
vt 0.236855 0.823471
vt 0.272606 0.893276
vt 0.231542 0.789386
vt 0.301475 0.773315
vt 0.292994 0.842705
vt 0.176724 0.889134
vt 0.137342 0.921776
vt 0.175474 0.884094
vt 0.157332 0.835906
vt 0.153355 0.839814
vt 0.226092 0.892730
vt 0.224611 0.887267
vt 0.162120 0.831545
vt 0.142636 0.754952
vt 0.161876 0.831603
vt 0.178235 0.894863
vt 0.178514 0.895977
vt 0.196155 0.966370
vt 0.120454 0.964231
vt 0.195842 0.965088
vt 0.088185 0.958401
vt 0.082391 0.976605
vt 0.265099 0.929351
vt 0.262690 0.929337
vt 0.265114 0.929096
vt 0.218862 0.907441
vt 0.179191 0.880254
vt 0.227644 0.898926
vt 0.175532 0.883887
vt 0.117682 0.965548
vt 0.143206 0.923494
vt 0.148478 0.924933
vt 0.164918 0.881072
vt 0.303842 0.922572
vt 0.170115 0.787653
vt 0.175866 0.834548
vt 0.163546 0.880788
vt 0.164650 0.881091
vt 0.093399 0.862017
vt 0.133668 0.795905
vt 0.094698 0.862364
vt 0.240022 0.719996
vt 0.170089 0.736068
vt 0.095255 0.938341
vt 0.094203 0.940348
vt 0.164697 0.880920
vt 0.152213 0.840279
vt 0.153203 0.839932
vt 0.227572 0.899168
vt 0.223067 0.903507
vt 0.178062 0.894907
vt 0.303698 0.922924
vt 0.309956 0.703925
vt 0.257680 0.760899
vt 0.175324 0.883941
vt 0.162478 0.880492
vt 0.096111 0.936605
vt 0.095982 0.862709
vt 0.185053 0.874581
vt 0.225008 0.885013
vt 0.234562 0.825343
vt 0.171705 0.789632
vt 0.270823 0.892070
vt 0.195531 0.963820
vt 0.178786 0.897051
vt 0.260554 0.929358
vt 0.168206 0.784429
vt 0.237103 0.823256
vt 0.272464 0.893484
vt 0.274521 0.894868
vt 0.270704 0.892244
vt 0.184938 0.874463
vt 0.178087 0.894638
vt 0.178571 0.898171
vt 0.187010 0.932000
vt 0.159493 0.929790
vt 0.191223 0.948889
vt 0.140433 0.961378
vt 0.134193 0.910461
vt 0.093937 0.941121
vt 0.129855 0.898692
vt 0.097994 0.917064
vt 0.163591 0.880623
vt 0.151228 0.840627
vt 0.185648 0.836524
vt 0.185663 0.800135
vt 0.185633 0.872949
vt 0.209937 0.848631
vt 0.218988 0.907293
vt 0.210307 0.917296
vt 0.242012 0.936401
vt 0.122074 0.963175
vt 0.093086 0.861930
vt 0.133919 0.795917
vt 0.134024 0.793425
vt 0.133785 0.798058
vt 0.133954 0.671319
vt 0.130725 0.681456
vt 0.127953 0.675718
vt 0.415644 0.790717
vt 0.412276 0.811223
vt 0.411612 0.790876
vt 0.124888 0.686295
vt 0.121989 0.697328
vt 0.119220 0.691598
vt 0.372203 0.853349
vt 0.374897 0.872687
vt 0.370979 0.872658
vt 0.108689 0.703305
vt 0.101238 0.703623
vt 0.105917 0.697567
vt 0.414013 0.770754
vt 0.410063 0.770983
vt 0.372471 0.770884
vt 0.374595 0.749896
vt 0.376329 0.770804
vt 0.373439 0.812013
vt 0.377081 0.832945
vt 0.373061 0.832944
vt 0.111017 0.691596
vt 0.116452 0.685868
vt 0.116556 0.703061
vt 0.113787 0.697329
vt 0.373173 0.890951
vt 0.369367 0.890893
vt 0.406940 0.905872
vt 0.406425 0.888438
vt 0.410352 0.888668
vt 0.413023 0.870687
vt 0.410872 0.851636
vt 0.414943 0.851709
vt 0.370787 0.909282
vt 0.367139 0.909186
vt 0.366945 0.932267
vt 0.363522 0.932170
vt 0.398011 0.939022
vt 0.399128 0.922216
vt 0.402809 0.922585
vt 0.104010 0.709362
vt 0.096939 0.709811
vt 0.361721 0.962299
vt 0.358694 0.962361
vt 0.358877 0.991808
vt 0.357002 0.992435
vt 0.392442 0.954941
vt 0.394477 0.938557
vt 0.095622 0.722167
vt 0.089163 0.723056
vt 0.092945 0.716241
vt 0.411567 0.751371
vt 0.407726 0.751657
vt 0.408336 0.732104
vt 0.404612 0.732434
vt 0.367081 0.722548
vt 0.363885 0.684459
vt 0.370593 0.722337
vt 0.127657 0.692028
vt 0.404351 0.712504
vt 0.400743 0.712920
vt 0.399377 0.692945
vt 0.395982 0.693679
vt 0.360689 0.684549
vt 0.359123 0.644962
vt 0.144722 0.672333
vt 0.139911 0.682636
vt 0.136933 0.676978
vt 0.408211 0.811298
vt 0.407595 0.791022
vt 0.393575 0.852411
vt 0.404485 0.870421
vt 0.391978 0.871454
vt 0.376192 0.853363
vt 0.378822 0.872735
vt 0.377515 0.890995
vt 0.386880 0.907169
vt 0.374966 0.909353
vt 0.406127 0.771194
vt 0.403896 0.751920
vt 0.377450 0.811994
vt 0.381151 0.791100
vt 0.381466 0.811969
vt 0.381106 0.832947
vt 0.377188 0.791157
vt 0.380198 0.770701
vt 0.411998 0.831684
vt 0.409009 0.870536
vt 0.406816 0.851570
vt 0.405012 0.870399
vt 0.374446 0.909411
vt 0.379348 0.872698
vt 0.389795 0.889483
vt 0.403128 0.905569
vt 0.402518 0.888229
vt 0.399333 0.905291
vt 0.364742 0.962297
vt 0.382724 0.926923
vt 0.370882 0.932243
vt 0.395464 0.921875
vt 0.389152 0.954214
vt 0.390975 0.938120
vt 0.360350 0.991285
vt 0.405609 0.771196
vt 0.394456 0.791134
vt 0.393231 0.771058
vt 0.378323 0.749716
vt 0.374111 0.722101
vt 0.400898 0.732743
vt 0.397159 0.713315
vt 0.391149 0.750960
vt 0.400351 0.732643
vt 0.403384 0.751902
vt 0.367077 0.684329
vt 0.360702 0.645447
vt 0.392671 0.694383
vt 0.373231 0.791200
vt 0.380000 0.664977
vt 0.377656 0.666645
vt 0.375299 0.668285
vt 0.381675 0.791103
vt 0.380714 0.770707
vt 0.380186 0.853387
vt 0.382009 0.811962
vt 0.155059 0.667060
vt 0.149132 0.677418
vt 0.122118 0.680562
vt 0.374632 0.722234
vt 0.381624 0.699101
vt 0.387371 0.727606
vt 0.375989 0.977341
vt 0.359548 0.992092
vt 0.373834 0.975706
vt 0.359203 0.990706
vt 0.371658 0.974118
vt 0.402001 0.888256
vt 0.416092 0.831681
vt 0.407069 0.791031
vt 0.394934 0.811662
vt 0.407919 0.831687
vt 0.166705 0.661491
vt 0.162950 0.670748
vt 0.154098 0.659697
vt 0.147160 0.663369
vt 0.392499 0.694473
vt 0.396520 0.713118
vt 0.367679 0.684871
vt 0.375310 0.669379
vt 0.091173 0.730292
vt 0.085501 0.730343
vt 0.106783 0.715102
vt 0.099711 0.715550
vt 0.376990 0.891036
vt 0.390349 0.938317
vt 0.377291 0.949961
vt 0.111461 0.709042
vt 0.102484 0.721290
vt 0.394600 0.832297
vt 0.381647 0.832929
vt 0.370884 0.750050
vt 0.113408 0.667097
vt 0.111743 0.674037
vt 0.108539 0.670520
vt 0.378863 0.749733
vt 0.085890 0.740760
vt 0.082026 0.737634
vt 0.086279 0.751178
vt 0.080222 0.752357
vt 0.365313 0.961787
vt 0.371702 0.973056
vt 0.359773 0.990896
vt 0.385765 0.953407
vt 0.359932 0.644614
vt 0.360648 0.642699
vt 0.140309 0.667245
vt 0.359433 0.646096
vt 0.394916 0.921980
vt 0.416357 0.811141
vt 0.380718 0.853359
vt 0.398821 0.905333
vt 0.098299 0.728092
vt 0.370371 0.932401
vt 0.385942 0.953527
vt 0.406278 0.851588
vt 0.407381 0.831704
vt 0.407679 0.811312
vt 0.133497 0.687195
vt 0.093182 0.737529
vt 0.367266 0.785921
vt 0.364123 0.806409
vt 0.363247 0.786121
vt 0.107076 0.677734
vt 0.105818 0.685231
vt 0.102619 0.681720
vt 0.324681 0.848984
vt 0.327708 0.868235
vt 0.323804 0.868277
vt 0.094566 0.690341
vt 0.087889 0.691216
vt 0.091362 0.686825
vt 0.365445 0.766035
vt 0.361511 0.766301
vt 0.324005 0.766512
vt 0.325994 0.745548
vt 0.327858 0.766403
vt 0.325351 0.807633
vt 0.329253 0.828520
vt 0.325234 0.828574
vt 0.095225 0.682451
vt 0.099420 0.678208
vt 0.101626 0.689478
vt 0.098426 0.685965
vt 0.326329 0.886442
vt 0.322551 0.886440
vt 0.360121 0.900619
vt 0.359315 0.883359
vt 0.363213 0.883524
vt 0.365603 0.865634
vt 0.363207 0.846709
vt 0.367261 0.846730
vt 0.324180 0.904843
vt 0.320575 0.904741
vt 0.320173 0.928858
vt 0.316807 0.928670
vt 0.352051 0.933522
vt 0.352731 0.916926
vt 0.356372 0.917207
vt 0.091093 0.694734
vt 0.084774 0.695661
vt 0.314062 0.961329
vt 0.311103 0.961254
vt 0.310201 0.993376
vt 0.308555 0.993888
vt 0.347155 0.949398
vt 0.348552 0.933173
vt 0.085105 0.703919
vt 0.079391 0.705048
vt 0.081964 0.700236
vt 0.362833 0.746750
vt 0.359012 0.747067
vt 0.359458 0.727610
vt 0.355759 0.727968
vt 0.318392 0.718349
vt 0.315112 0.680575
vt 0.321883 0.718127
vt 0.110276 0.681247
vt 0.355348 0.708177
vt 0.351771 0.708616
vt 0.350277 0.688823
vt 0.346919 0.689573
vt 0.311954 0.680666
vt 0.310431 0.641795
vt 0.123236 0.666800
vt 0.120166 0.673990
vt 0.116787 0.670544
vt 0.360070 0.806528
vt 0.359242 0.786307
vt 0.345987 0.847718
vt 0.357112 0.865492
vt 0.344686 0.866714
vt 0.328665 0.848934
vt 0.331617 0.868212
vt 0.330638 0.886423
vt 0.340205 0.902394
vt 0.328355 0.904919
vt 0.357590 0.766546
vt 0.355200 0.747361
vt 0.329361 0.807568
vt 0.332845 0.786642
vt 0.333376 0.807498
vt 0.333274 0.828468
vt 0.328885 0.786736
vt 0.331720 0.766272
vt 0.364081 0.826816
vt 0.361611 0.865540
vt 0.359168 0.846697
vt 0.357636 0.865463
vt 0.327811 0.904978
vt 0.332130 0.868165
vt 0.342820 0.884686
vt 0.356344 0.900390
vt 0.355435 0.883216
vt 0.352583 0.900187
vt 0.317016 0.961458
vt 0.336110 0.922656
vt 0.324062 0.928908
vt 0.349104 0.916673
vt 0.343867 0.948861
vt 0.345078 0.932850
vt 0.311518 0.992992
vt 0.357073 0.766553
vt 0.346133 0.786549
vt 0.344729 0.766524
vt 0.329710 0.745346
vt 0.325378 0.717878
vt 0.352068 0.728303
vt 0.348217 0.709033
vt 0.342498 0.746503
vt 0.351524 0.728206
vt 0.354690 0.747347
vt 0.318265 0.680443
vt 0.311931 0.642285
vt 0.343644 0.690292
vt 0.324930 0.786816
vt 0.330911 0.661280
vt 0.328616 0.662946
vt 0.326308 0.664582
vt 0.333370 0.786641
vt 0.332236 0.766273
vt 0.332651 0.848894
vt 0.333920 0.807485
vt 0.131906 0.662416
vt 0.127837 0.669741
vt 0.103875 0.674220
vt 0.325899 0.718009
vt 0.332731 0.695029
vt 0.338587 0.723284
vt 0.328693 0.975473
vt 0.310736 0.993604
vt 0.326442 0.974062
vt 0.310296 0.992412
vt 0.324181 0.972690
vt 0.354922 0.883252
vt 0.368161 0.826764
vt 0.358717 0.786321
vt 0.346825 0.807039
vt 0.360015 0.826868
vt 0.141718 0.657721
vt 0.139471 0.664130
vt 0.130135 0.657671
vt 0.124333 0.660701
vt 0.343473 0.690385
vt 0.347582 0.708842
vt 0.318871 0.680994
vt 0.326331 0.665688
vt 0.082091 0.709892
vt 0.076983 0.710157
vt 0.094297 0.698251
vt 0.087978 0.699178
vt 0.330124 0.886472
vt 0.344469 0.933084
vt 0.330386 0.946952
vt 0.097768 0.693858
vt 0.091182 0.702695
vt 0.346738 0.827642
vt 0.333816 0.828442
vt 0.322295 0.745720
vt 0.330248 0.745360
vt 0.078613 0.717826
vt 0.074741 0.715243
vt 0.080243 0.725487
vt 0.074928 0.726727
vt 0.317569 0.960906
vt 0.324259 0.971629
vt 0.310945 0.992504
vt 0.340383 0.948221
vt 0.311066 0.641523
vt 0.311618 0.639690
vt 0.118635 0.663857
vt 0.310636 0.642950
vt 0.348565 0.916804
vt 0.368192 0.806283
vt 0.333181 0.848855
vt 0.352075 0.900242
vt 0.088245 0.707601
vt 0.323550 0.929081
vt 0.340637 0.948355
vt 0.358633 0.846723
vt 0.359478 0.826892
vt 0.359539 0.806548
vt 0.114946 0.677554
vt 0.084791 0.714733
vt 0.179301 0.663752
vt 0.179247 0.663759
vt 0.179314 0.663713
vt 0.179233 0.663825
vt 0.179184 0.663815
vt 0.179251 0.663719
vt 0.179200 0.663772
vt 0.179050 0.663996
vt 0.179082 0.664010
vt 0.179022 0.664092
vt 0.074601 0.628272
vt 0.074708 0.628246
vt 0.074665 0.628581
vt 0.179120 0.663895
vt 0.179156 0.663916
vt 0.179163 0.663805
vt 0.074550 0.627764
vt 0.074535 0.627954
vt 0.074433 0.627506
vt 0.074562 0.627645
vt 0.074634 0.627981
vt 0.074637 0.627838
vt 0.074166 0.982986
vt 0.074203 0.983049
vt 0.074017 0.982917
vt 0.074288 0.982843
vt 0.074313 0.982955
vt 0.074303 0.982942
vt 0.074341 0.982907
vt 0.074750 0.982578
vt 0.074473 0.982789
vt 0.074408 0.982675
vt 0.074490 0.982848
vt 0.074381 0.982912
vt 0.074277 0.982864
vt 0.074308 0.982850
vt 0.074180 0.982860
vt 0.074329 0.982916
vt 0.074363 0.982894
vt 0.182043 0.665516
vt 0.182027 0.665584
vt 0.065110 0.627374
vt 0.064932 0.627583
vt 0.064797 0.627665
vt 0.064642 0.627851
vt 0.064685 0.627999
vt 0.064524 0.628283
vt 0.064787 0.627853
vt 0.064937 0.627733
vt 0.065131 0.627447
vt 0.064938 0.627956
vt 0.064771 0.628033
vt 0.064405 0.628720
vt 0.064525 0.628780
vt 0.064606 0.628353
vt 0.064729 0.628374
vt 0.073431 0.981430
vt 0.073389 0.981247
vt 0.073478 0.981475
vt 0.073353 0.981574
vt 0.073257 0.981475
vt 0.073309 0.981563
vt 0.073310 0.981583
vt 0.073317 0.981578
vt 0.073314 0.981568
vt 0.073288 0.981629
vt 0.073322 0.981602
vt 0.073361 0.981576
vt 0.073289 0.981618
vt 0.073142 0.981624
vt 0.073152 0.981703
vt 0.073143 0.981372
vt 0.183340 0.876070
vt 0.183294 0.876098
vt 0.183369 0.876106
vt 0.183310 0.876125
vt 0.183266 0.876174
vt 0.183376 0.876181
vt 0.183404 0.876136
vt 0.183443 0.876158
vt 0.183300 0.876207
vt 0.183349 0.876165
vt 0.183304 0.876170
vt 0.183329 0.876145
vt 0.183264 0.876209
vt 0.183234 0.876232
vt 0.183241 0.876239
vt 0.118311 0.965161
vt 0.118143 0.965237
vt 0.118143 0.965280
vt 0.118013 0.965366
vt 0.117942 0.965407
vt 0.118450 0.965289
vt 0.118150 0.965333
vt 0.118367 0.965259
vt 0.118154 0.965306
vt 0.118326 0.965217
vt 0.118045 0.965355
vt 0.168451 0.784883
vt 0.168534 0.785066
vt 0.168391 0.784736
vt 0.168415 0.784775
vt 0.168647 0.785006
vt 0.168506 0.784830
vt 0.168580 0.785018
vt 0.168475 0.784867
vt 0.168491 0.784841
vt 0.168381 0.784720
vt 0.168346 0.784641
vt 0.274605 0.894838
vt 0.274763 0.894956
vt 0.274650 0.894796
vt 0.274803 0.894934
vt 0.274949 0.895010
vt 0.275022 0.895055
vt 0.274653 0.894641
vt 0.274848 0.894901
vt 0.274668 0.894736
vt 0.274861 0.894889
vt 0.275063 0.895070
vt 0.274978 0.895026
vt 0.274821 0.894912
vt 0.274922 0.894987
vt 0.133953 0.793369
vt 0.133974 0.793174
vt 0.133892 0.793352
vt 0.133934 0.793150
vt 0.133925 0.792947
vt 0.133928 0.792903
vt 0.133757 0.793432
vt 0.133880 0.793125
vt 0.133831 0.793369
vt 0.133921 0.792839
vt 0.133863 0.793118
vt 0.178076 0.894837
vt 0.178101 0.894884
vt 0.178108 0.894767
vt 0.178103 0.894822
vt 0.178131 0.894814
vt 0.178144 0.894868
vt 0.178122 0.894779
vt 0.178139 0.894745
vt 0.178109 0.894725
vt 0.178105 0.894687
vt 0.178095 0.894689
vt 0.178092 0.894757
vt 0.178190 0.894861
vt 0.178190 0.894808
vt 0.178159 0.894808
vt 0.265379 0.929194
vt 0.265166 0.929166
vt 0.265360 0.929156
vt 0.265581 0.929214
vt 0.265543 0.929211
vt 0.265382 0.929223
vt 0.265179 0.929225
vt 0.265162 0.929282
vt 0.265400 0.929263
vt 0.265397 0.929246
vt 0.265662 0.929225
vt 0.164751 0.880966
vt 0.164698 0.880965
vt 0.164795 0.881028
vt 0.164751 0.880997
vt 0.164744 0.881025
vt 0.164690 0.881010
vt 0.164778 0.881034
vt 0.164866 0.881064
vt 0.164790 0.881049
vt 0.164832 0.881049
vt 0.164869 0.881054
vt 0.164812 0.881019
vt 0.164673 0.881053
vt 0.164720 0.881079
vt 0.164736 0.881052
vt 0.164800 0.881065
vt 0.094252 0.940656
vt 0.094330 0.940487
vt 0.094123 0.940789
vt 0.094211 0.940656
vt 0.094185 0.940645
vt 0.094274 0.940472
vt 0.094233 0.940432
vt 0.094142 0.940642
vt 0.094158 0.940647
vt 0.094103 0.940820
vt 0.094056 0.940886
vt 0.094135 0.940756
vt 0.303927 0.922556
vt 0.303817 0.922664
vt 0.303994 0.922586
vt 0.303934 0.922700
vt 0.303787 0.922752
vt 0.304016 0.922743
vt 0.303919 0.922805
vt 0.292999 0.842732
vt 0.292960 0.842716
vt 0.303921 0.923078
vt 0.303965 0.922926
vt 0.304076 0.922988
vt 0.292975 0.842752
vt 0.292930 0.842723
vt 0.292998 0.842754
vt 0.303747 0.922838
vt 0.303745 0.922991
vt 0.303861 0.922898
vt 0.303815 0.923035
vt 0.303979 0.922824
vt 0.142227 0.755002
vt 0.142374 0.755018
vt 0.142192 0.754925
vt 0.142335 0.754908
vt 0.142460 0.754991
vt 0.142328 0.754821
vt 0.142426 0.754867
vt 0.170062 0.736066
vt 0.170091 0.736037
vt 0.170082 0.736100
vt 0.170044 0.736091
vt 0.170051 0.736044
vt 0.170093 0.736020
vt 0.170041 0.736070
vt 0.142547 0.754971
vt 0.142654 0.754870
vt 0.142521 0.754859
vt 0.142628 0.754805
vt 0.142412 0.754814
vt 0.142486 0.754784
vt 0.175527 0.883942
vt 0.175476 0.883890
vt 0.175516 0.883994
vt 0.175477 0.883941
vt 0.175425 0.883900
vt 0.175443 0.883974
vt 0.175436 0.883945
vt 0.175428 0.884063
vt 0.175498 0.884044
vt 0.175389 0.884027
vt 0.175455 0.884019
vt 0.175472 0.883982
vt 0.175374 0.883917
vt 0.175355 0.883987
vt 0.175398 0.883961
vt 0.175422 0.883995
vt 0.082672 0.976923
vt 0.082604 0.976789
vt 0.082627 0.976994
vt 0.082535 0.976884
vt 0.082530 0.976733
vt 0.082469 0.976938
vt 0.082447 0.976837
vt 0.309966 0.703915
vt 0.309983 0.703950
vt 0.082203 0.976831
vt 0.082345 0.976843
vt 0.082351 0.976964
vt 0.082530 0.977085
vt 0.082413 0.976882
vt 0.082460 0.976673
vt 0.082304 0.976627
vt 0.082379 0.976764
vt 0.082219 0.976695
vt 0.171525 0.789737
vt 0.171605 0.789741
vt 0.171585 0.789806
vt 0.171595 0.789655
vt 0.171629 0.789705
vt 0.171646 0.789783
vt 0.171641 0.789859
vt 0.171653 0.789746
vt 0.171672 0.789704
vt 0.171634 0.789640
vt 0.171736 0.789726
vt 0.171689 0.789761
vt 0.171697 0.789905
vt 0.171758 0.789873
vt 0.171937 0.788853
vt 0.171695 0.789824
vt 0.171750 0.789802
vt 0.184977 0.874445
vt 0.184962 0.874499
vt 0.185016 0.874433
vt 0.184997 0.874480
vt 0.184988 0.874530
vt 0.185030 0.874489
vt 0.185014 0.874504
vt 0.185093 0.874465
vt 0.185055 0.874426
vt 0.183762 0.875682
vt 0.185085 0.874505
vt 0.185054 0.874466
vt 0.185050 0.874495
vt 0.185024 0.874469
vt 0.185018 0.874557
vt 0.185072 0.874543
vt 0.185038 0.874522
vt 0.270698 0.892164
vt 0.270761 0.892208
vt 0.270633 0.892178
vt 0.270650 0.892119
vt 0.270737 0.892144
vt 0.270789 0.892178
vt 0.270691 0.892115
vt 0.270554 0.891997
vt 0.270521 0.892055
vt 0.271582 0.891553
vt 0.270635 0.892012
vt 0.270605 0.892064
vt 0.270574 0.892116
vt 0.270675 0.892077
vt 0.270739 0.892099
vt 0.270721 0.892033
vt 0.178665 0.897074
vt 0.178650 0.897127
vt 0.178626 0.897092
vt 0.178704 0.897061
vt 0.178685 0.897108
vt 0.178677 0.897157
vt 0.178713 0.897097
vt 0.178703 0.897132
vt 0.178782 0.897094
vt 0.178744 0.897054
vt 0.178773 0.897133
vt 0.178742 0.897094
vt 0.178738 0.897123
vt 0.178707 0.897184
vt 0.178760 0.897171
vt 0.178323 0.895438
vt 0.178726 0.897150
vt 0.178718 0.897117
vt 0.122135 0.963227
vt 0.122072 0.963251
vt 0.122154 0.963163
vt 0.122195 0.963204
vt 0.122082 0.963286
vt 0.122178 0.963233
vt 0.122135 0.963257
vt 0.122340 0.963161
vt 0.122317 0.963123
vt 0.122071 0.964224
vt 0.122282 0.963224
vt 0.122256 0.963186
vt 0.122234 0.963146
vt 0.122171 0.963363
vt 0.122161 0.963274
vt 0.122227 0.963290
vt 0.122105 0.963315
vt 0.122212 0.963232
vt 0.260551 0.929151
vt 0.260502 0.929213
vt 0.260456 0.929166
vt 0.260579 0.929211
vt 0.260524 0.929251
vt 0.260438 0.929224
vt 0.260373 0.929185
vt 0.260469 0.929249
vt 0.260501 0.929289
vt 0.260580 0.929292
vt 0.260450 0.929333
vt 0.260436 0.929272
vt 0.260296 0.929207
vt 0.260291 0.929272
vt 0.260897 0.929906
vt 0.260371 0.929245
vt 0.260367 0.929304
vt 0.133721 0.798105
vt 0.133725 0.798029
vt 0.133767 0.798154
vt 0.133707 0.798170
vt 0.133684 0.798082
vt 0.133683 0.798137
vt 0.133654 0.798314
vt 0.133720 0.798312
vt 0.132816 0.797645
vt 0.133625 0.798238
vt 0.133685 0.798236
vt 0.133744 0.798236
vt 0.133720 0.798313
vt 0.133659 0.798170
vt 0.133578 0.798048
vt 0.133645 0.798104
vt 0.133599 0.798153
vt 0.133686 0.798021
vt 0.162518 0.880376
vt 0.162479 0.880336
vt 0.162521 0.880333
vt 0.162510 0.880415
vt 0.162478 0.880376
vt 0.162439 0.880344
vt 0.162474 0.880406
vt 0.162448 0.880379
vt 0.162443 0.880468
vt 0.162496 0.880454
vt 0.162413 0.880440
vt 0.162462 0.880433
vt 0.162454 0.880400
vt 0.162401 0.880357
vt 0.162386 0.880410
vt 0.164204 0.880897
vt 0.162421 0.880391
vt 0.162439 0.880415
vt 0.096301 0.936701
vt 0.096248 0.936640
vt 0.096312 0.936622
vt 0.096225 0.936703
vt 0.096190 0.936694
vt 0.096272 0.936580
vt 0.096330 0.936542
vt 0.096218 0.936640
vt 0.096242 0.936598
vt 0.096202 0.936615
vt 0.096161 0.936671
vt 0.096185 0.936548
vt 0.096244 0.936564
vt 0.096353 0.936459
vt 0.096315 0.936435
vt 0.095112 0.936602
vt 0.096290 0.936519
vt 0.096252 0.936494
vt 0.360018 0.993889
vt 0.360001 0.994171
vt 0.359356 0.993542
vt 0.360216 0.993999
vt 0.360313 0.994135
vt 0.359579 0.994309
vt 0.360214 0.994313
vt 0.078414 0.767182
vt 0.078376 0.767167
vt 0.078419 0.767080
vt 0.078404 0.767294
vt 0.078367 0.767287
vt 0.360493 0.994012
vt 0.360431 0.993942
vt 0.360610 0.993876
vt 0.360395 0.994213
vt 0.078376 0.767487
vt 0.078359 0.767457
vt 0.078391 0.767402
vt 0.078347 0.767525
vt 0.078336 0.767486
vt 0.078360 0.767386
vt 0.078341 0.767423
vt 0.360765 0.642450
vt 0.360876 0.642672
vt 0.179740 0.663177
vt 0.179686 0.663208
vt 0.179656 0.663193
vt 0.360986 0.642609
vt 0.361080 0.642762
vt 0.179614 0.663224
vt 0.179572 0.663215
vt 0.179709 0.663227
vt 0.179657 0.663233
vt 0.179742 0.663208
vt 0.179604 0.663265
vt 0.179572 0.663250
vt 0.179383 0.663241
vt 0.179383 0.663295
vt 0.179300 0.663283
vt 0.179490 0.663205
vt 0.179484 0.663249
vt 0.179490 0.663289
vt 0.359566 0.990948
vt 0.359536 0.990985
vt 0.359853 0.990899
vt 0.359752 0.990991
vt 0.359682 0.991057
vt 0.359694 0.991024
vt 0.359718 0.991055
vt 0.359892 0.991116
vt 0.360091 0.991041
vt 0.359893 0.991177
vt 0.359749 0.991091
vt 0.359760 0.990963
vt 0.359753 0.990959
vt 0.359731 0.991038
vt 0.359757 0.991061
vt 0.359842 0.645836
vt 0.359846 0.646016
vt 0.359817 0.645805
vt 0.359979 0.645730
vt 0.360045 0.645793
vt 0.360013 0.645725
vt 0.360069 0.645879
vt 0.360082 0.645873
vt 0.360103 0.645967
vt 0.360063 0.645747
vt 0.360039 0.645771
vt 0.360002 0.645784
vt 0.360049 0.645694
vt 0.360202 0.645652
vt 0.360201 0.645596
vt 0.360153 0.645902
vt 0.074974 0.738516
vt 0.075006 0.738493
vt 0.074972 0.738543
vt 0.075005 0.738445
vt 0.075038 0.738437
vt 0.310199 0.994722
vt 0.308410 0.994610
vt 0.308863 0.994342
vt 0.308235 0.994132
vt 0.308212 0.993370
vt 0.308131 0.993386
vt 0.308156 0.993200
vt 0.308257 0.993582
vt 0.308173 0.993585
vt 0.075070 0.738365
vt 0.075040 0.738361
vt 0.075076 0.738276
vt 0.308192 0.993854
vt 0.308039 0.993915
vt 0.308454 0.994075
vt 0.308348 0.993823
vt 0.309825 0.994362
vt 0.153567 0.657628
vt 0.153549 0.657662
vt 0.153503 0.657660
vt 0.310076 0.640557
vt 0.308601 0.640492
vt 0.308040 0.639320
vt 0.153500 0.657694
vt 0.153428 0.657697
vt 0.153532 0.657692
vt 0.308543 0.641209
vt 0.308279 0.641010
vt 0.309387 0.640870
vt 0.308314 0.641341
vt 0.308175 0.641386
vt 0.308039 0.641127
vt 0.153354 0.657735
vt 0.153361 0.657770
vt 0.153290 0.657770
vt 0.153437 0.657728
vt 0.308183 0.641568
vt 0.308252 0.641573
vt 0.308204 0.641779
vt 0.153506 0.657717
vt 0.310699 0.992640
vt 0.310677 0.992668
vt 0.310972 0.992622
vt 0.310887 0.992692
vt 0.310836 0.992733
vt 0.310854 0.992680
vt 0.310867 0.992739
vt 0.311041 0.992808
vt 0.311228 0.992760
vt 0.311045 0.992850
vt 0.310903 0.992764
vt 0.310927 0.992592
vt 0.310919 0.992585
vt 0.310892 0.992690
vt 0.310916 0.992709
vt 0.311050 0.642678
vt 0.311057 0.642868
vt 0.311020 0.642641
vt 0.311185 0.642561
vt 0.311258 0.642636
vt 0.311222 0.642559
vt 0.311268 0.642686
vt 0.311278 0.642682
vt 0.311295 0.642765
vt 0.311269 0.642565
vt 0.311242 0.642590
vt 0.311202 0.642606
vt 0.311258 0.642522
vt 0.311418 0.642488
vt 0.311417 0.642424
vt 0.311371 0.642752
vt 0.142259 0.738477
vt 0.136847 0.744158
vt 0.142286 0.738507
vt 0.136874 0.744188
vt 0.142318 0.738523
vt 0.136906 0.744204
vt 0.136937 0.744204
vt 0.147399 0.732561
vt 0.147427 0.732591
vt 0.147458 0.732608
vt 0.142348 0.738523
vt 0.053344 0.869958
vt 0.051936 0.851070
vt 0.052041 0.851067
vt 0.053245 0.869970
vt 0.051844 0.851073
vt 0.053159 0.869980
vt 0.051753 0.851077
vt 0.055140 0.887560
vt 0.055049 0.887581
vt 0.054970 0.887598
vt 0.053074 0.869989
vt 0.125603 0.754252
vt 0.131276 0.749430
vt 0.125631 0.754282
vt 0.131303 0.749460
vt 0.125662 0.754298
vt 0.131365 0.749476
vt 0.125693 0.754298
vt 0.131335 0.749476
vt 0.051354 0.810796
vt 0.051257 0.831151
vt 0.051240 0.810778
vt 0.051160 0.831147
vt 0.051139 0.810766
vt 0.051065 0.831146
vt 0.051040 0.810760
vt 0.051367 0.831158
vt 0.053409 0.770344
vt 0.051888 0.790509
vt 0.053291 0.770303
vt 0.051786 0.790488
vt 0.053188 0.770272
vt 0.051683 0.790477
vt 0.053083 0.770253
vt 0.052005 0.790538
vt 0.152177 0.726569
vt 0.152205 0.726599
vt 0.152236 0.726616
vt 0.147489 0.732608
vt 0.156632 0.720452
vt 0.156660 0.720482
vt 0.156692 0.720499
vt 0.152267 0.726616
vt 0.160842 0.714105
vt 0.160869 0.714136
vt 0.160900 0.714154
vt 0.156723 0.720500
vt 0.164900 0.707391
vt 0.164923 0.707430
vt 0.164951 0.707453
vt 0.160931 0.714155
vt 0.060289 0.719771
vt 0.055727 0.748760
vt 0.060180 0.719672
vt 0.055624 0.748714
vt 0.060082 0.719594
vt 0.055518 0.748687
vt 0.059977 0.719545
vt 0.055842 0.748819
vt 0.172773 0.692976
vt 0.175941 0.678434
vt 0.172816 0.692978
vt 0.176007 0.678354
vt 0.172858 0.692975
vt 0.176068 0.678305
vt 0.172893 0.692969
vt 0.168894 0.700230
vt 0.168905 0.700290
vt 0.168926 0.700326
vt 0.168954 0.700334
vt 0.164981 0.707456
vt 0.074750 0.628841
vt 0.067021 0.677826
vt 0.066932 0.677683
vt 0.066833 0.677590
vt 0.067117 0.678002
vt 0.057691 0.904744
vt 0.057606 0.904773
vt 0.057536 0.904799
vt 0.054891 0.887610
vt 0.115727 0.747568
vt 0.062451 0.926251
vt 0.062395 0.926300
vt 0.057465 0.904819
vt 0.113789 0.762709
vt 0.119832 0.758640
vt 0.113825 0.762733
vt 0.119860 0.758669
vt 0.113862 0.762745
vt 0.028906 0.922818
vt 0.119892 0.758685
vt 0.023848 0.907689
vt 0.057474 0.970323
vt 0.057605 0.970353
vt 0.057707 0.970358
vt 0.057327 0.970280
vt 0.040286 0.951889
vt 0.040332 0.951849
vt 0.040384 0.951817
vt 0.107010 0.752808
vt 0.070038 0.954387
vt 0.069998 0.954466
vt 0.062336 0.926335
vt 0.069951 0.954519
vt 0.078847 0.767086
vt 0.094062 0.759537
vt 0.100766 0.770302
vt 0.107339 0.766585
vt 0.100777 0.770340
vt 0.107391 0.766600
vt 0.100797 0.770362
vt 0.107439 0.766606
vt 0.034385 0.937599
vt 0.019431 0.854788
vt 0.017200 0.835357
vt 0.019559 0.854768
vt 0.017336 0.835336
vt 0.019688 0.854747
vt 0.017473 0.835313
vt 0.015810 0.815445
vt 0.015953 0.815423
vt 0.016097 0.815399
vt 0.045822 0.870597
vt 0.044059 0.851620
vt 0.045702 0.870606
vt 0.043928 0.851631
vt 0.045580 0.870615
vt 0.043797 0.851643
vt 0.048131 0.888297
vt 0.048017 0.888306
vt 0.047902 0.888314
vt 0.022457 0.873191
vt 0.026124 0.890347
vt 0.022579 0.873172
vt 0.026240 0.890331
vt 0.022702 0.873154
vt 0.026356 0.890316
vt 0.042621 0.811121
vt 0.042985 0.831605
vt 0.042480 0.811135
vt 0.042848 0.831619
vt 0.042337 0.811153
vt 0.042711 0.831634
vt 0.044106 0.770322
vt 0.042966 0.790711
vt 0.043951 0.770338
vt 0.042819 0.790727
vt 0.043795 0.770360
vt 0.042671 0.790747
vt 0.015284 0.795596
vt 0.015431 0.795573
vt 0.015578 0.795547
vt 0.015686 0.775759
vt 0.015837 0.775735
vt 0.015988 0.775707
vt 0.017095 0.755666
vt 0.017251 0.755638
vt 0.017408 0.755602
vt 0.019586 0.734948
vt 0.019761 0.734904
vt 0.019938 0.734841
vt 0.050632 0.719356
vt 0.046323 0.748580
vt 0.050474 0.719398
vt 0.046161 0.748601
vt 0.050313 0.719462
vt 0.045997 0.748631
vt 0.045849 0.659785
vt 0.027715 0.691708
vt 0.045913 0.660035
vt 0.027777 0.691711
vt 0.045930 0.660371
vt 0.027833 0.691729
vt 0.178490 0.678907
vt 0.023146 0.713373
vt 0.023354 0.713296
vt 0.023568 0.713173
vt 0.057339 0.677470
vt 0.057171 0.677573
vt 0.056998 0.677724
vt 0.051252 0.905637
vt 0.051138 0.905646
vt 0.051022 0.905650
vt 0.056754 0.927230
vt 0.056646 0.927217
vt 0.056535 0.927192
vt 0.030276 0.906256
vt 0.034905 0.921390
vt 0.030387 0.906244
vt 0.035019 0.921391
vt 0.030499 0.906235
vt 0.035138 0.921402
vt 0.060763 0.967292
vt 0.060733 0.967087
vt 0.060673 0.966846
vt 0.045345 0.949977
vt 0.045380 0.949952
vt 0.045412 0.949923
vt 0.065126 0.955098
vt 0.064997 0.955005
vt 0.064861 0.954887
vt 0.039994 0.936103
vt 0.040123 0.936114
vt 0.040260 0.936151
vt 0.073692 0.982097
vt 0.072939 0.981543
vt 0.073693 0.982089
vt 0.074189 0.982784
vt 0.073693 0.982077
vt 0.074437 0.627563
vt 0.180670 0.664558
vt 0.069808 0.627519
vt 0.182038 0.665411
vt 0.162052 0.831534
vt 0.161989 0.831540
vt 0.161930 0.831563
vt 0.137281 0.921750
vt 0.137193 0.921662
vt 0.137231 0.921712
vt 0.309927 0.703901
vt 0.240008 0.719969
vt 0.309900 0.703892
vt 0.082856 0.859011
vt 0.239996 0.719956
vt 0.082733 0.858976
vt 0.227615 0.899115
vt 0.227642 0.899057
vt 0.227651 0.898994
vt 0.231522 0.789409
vt 0.170077 0.736130
vt 0.231495 0.789441
vt 0.170077 0.736153
vt 0.245368 0.815229
vt 0.231505 0.789428
vt 0.292909 0.842727
vt 0.293025 0.842701
vt 0.198901 0.977085
vt 0.198839 0.976844
vt 0.301504 0.773326
vt 0.198871 0.976965
vt 0.173639 0.835197
vt 0.168437 0.784913
vt 0.173593 0.835195
vt 0.168355 0.784679
vt 0.173547 0.835185
vt 0.168277 0.784566
vt 0.275139 0.895140
vt 0.224596 0.887216
vt 0.224586 0.887169
vt 0.224581 0.887121
vt 0.168283 0.784539
vt 0.237041 0.823315
vt 0.236979 0.823369
vt 0.236918 0.823419
vt 0.275169 0.895140
vt 0.148617 0.924979
vt 0.148574 0.924960
vt 0.148529 0.924945
vt 0.117815 0.965467
vt 0.218883 0.907400
vt 0.218913 0.907363
vt 0.265622 0.929213
vt 0.218948 0.907328
vt 0.265770 0.929209
vt 0.265794 0.929227
vt 0.196212 0.966600
vt 0.196192 0.966523
vt 0.196174 0.966448
vt 0.117801 0.965493
vt 0.117910 0.965435
vt 0.118154 0.965350
vt 0.133953 0.792693
vt 0.153318 0.839852
vt 0.153283 0.839885
vt 0.153244 0.839912
vt 0.134181 0.910411
vt 0.134167 0.910364
vt 0.134148 0.910321
vt 0.094020 0.940987
vt 0.094085 0.940856
vt 0.093994 0.941000
vt 0.093167 0.861953
vt 0.093245 0.861975
vt 0.093321 0.861996
vt 0.133933 0.792659
vt 0.175998 0.834548
vt 0.175953 0.834540
vt 0.175909 0.834540
vt 0.179227 0.834869
vt 0.225013 0.884969
vt 0.225010 0.884924
vt 0.225001 0.884877
vt 0.224520 0.881840
vt 0.234501 0.825392
vt 0.234441 0.825442
vt 0.234383 0.825494
vt 0.231794 0.828595
vt 0.152903 0.927799
vt 0.150363 0.926417
vt 0.150318 0.926403
vt 0.150277 0.926383
vt 0.218009 0.909515
vt 0.218042 0.909480
vt 0.218070 0.909443
vt 0.216345 0.911982
vt 0.195513 0.963746
vt 0.195495 0.963672
vt 0.195476 0.963598
vt 0.194642 0.960155
vt 0.151188 0.840645
vt 0.151150 0.840671
vt 0.151115 0.840703
vt 0.148693 0.842683
vt 0.132752 0.908657
vt 0.132733 0.908616
vt 0.132718 0.908570
vt 0.131582 0.905875
vt 0.096057 0.862729
vt 0.096131 0.862750
vt 0.096206 0.862770
vt 0.099699 0.863475
vt 0.184172 0.875264
vt 0.184202 0.875295
vt 0.184232 0.875325
vt 0.272565 0.893336
vt 0.270808 0.892141
vt 0.272507 0.893421
vt 0.272537 0.893378
vt 0.120423 0.964171
vt 0.120381 0.964090
vt 0.120402 0.964130
vt 0.262689 0.929165
vt 0.262689 0.929214
vt 0.260585 0.929251
vt 0.262689 0.929265
vt 0.163557 0.880746
vt 0.163568 0.880705
vt 0.163580 0.880664
vt 0.133741 0.795908
vt 0.133644 0.798025
vt 0.133845 0.795913
vt 0.133793 0.795911
vt 0.170184 0.787628
vt 0.171563 0.789681
vt 0.170231 0.787608
vt 0.170274 0.787580
vt 0.178473 0.895988
vt 0.178390 0.896009
vt 0.178432 0.895998
vt 0.095397 0.938413
vt 0.095314 0.938371
vt 0.095356 0.938392
vt 0.111005 0.691559
vt 0.116440 0.685831
vt 0.416647 0.811140
vt 0.416291 0.831688
vt 0.416555 0.811139
vt 0.416200 0.831683
vt 0.416464 0.811140
vt 0.105905 0.697530
vt 0.416382 0.831697
vt 0.415140 0.851724
vt 0.415050 0.851714
vt 0.122014 0.697367
vt 0.127682 0.692068
vt 0.122045 0.697397
vt 0.127714 0.692097
vt 0.122077 0.697411
vt 0.373328 0.812013
vt 0.133523 0.687234
vt 0.133554 0.687263
vt 0.127746 0.692111
vt 0.373122 0.791202
vt 0.127941 0.675681
vt 0.415930 0.790697
vt 0.414204 0.770735
vt 0.414292 0.770719
vt 0.415840 0.790705
vt 0.414117 0.770746
vt 0.122106 0.680525
vt 0.415751 0.790712
vt 0.116581 0.703101
vt 0.111486 0.709082
vt 0.116612 0.703130
vt 0.111517 0.709111
vt 0.116645 0.703144
vt 0.111550 0.709125
vt 0.372950 0.832942
vt 0.372093 0.853346
vt 0.106808 0.715141
vt 0.102509 0.721330
vt 0.106840 0.715171
vt 0.102541 0.721359
vt 0.106872 0.715185
vt 0.102573 0.721374
vt 0.370871 0.872653
vt 0.369260 0.890888
vt 0.101225 0.703586
vt 0.415231 0.851741
vt 0.413217 0.870711
vt 0.413129 0.870695
vt 0.096926 0.709774
vt 0.413305 0.870735
vt 0.410542 0.888700
vt 0.410456 0.888680
vt 0.410720 0.888781
vt 0.407201 0.905956
vt 0.410626 0.888732
vt 0.407123 0.905914
vt 0.407041 0.905887
vt 0.407291 0.906012
vt 0.403047 0.922716
vt 0.402979 0.922650
vt 0.402905 0.922607
vt 0.098324 0.728134
vt 0.093202 0.737580
vt 0.098355 0.728165
vt 0.093229 0.737619
vt 0.098387 0.728180
vt 0.093258 0.737640
vt 0.093286 0.737640
vt 0.098416 0.728178
vt 0.376556 0.977189
vt 0.392694 0.954981
vt 0.392778 0.955004
vt 0.376374 0.977273
vt 0.392616 0.954969
vt 0.376210 0.977337
vt 0.392534 0.954958
vt 0.376079 0.977364
vt 0.360766 0.993832
vt 0.403122 0.922801
vt 0.398205 0.939247
vt 0.398160 0.939134
vt 0.398099 0.939057
vt 0.398254 0.939388
vt 0.086287 0.751253
vt 0.086304 0.751312
vt 0.086326 0.751347
vt 0.086352 0.751351
vt 0.139937 0.682675
vt 0.139969 0.682703
vt 0.133586 0.687278
vt 0.372365 0.770888
vt 0.149168 0.677451
vt 0.149209 0.677475
vt 0.140002 0.682718
vt 0.370781 0.750058
vt 0.140287 0.667215
vt 0.411835 0.751315
vt 0.408511 0.732048
vt 0.408585 0.731994
vt 0.411752 0.751341
vt 0.408433 0.732085
vt 0.133941 0.671283
vt 0.411668 0.751359
vt 0.166794 0.661453
vt 0.361276 0.642842
vt 0.380233 0.664986
vt 0.380096 0.664954
vt 0.154107 0.659651
vt 0.380403 0.665059
vt 0.399550 0.692915
vt 0.399470 0.692928
vt 0.163009 0.670770
vt 0.163068 0.670786
vt 0.149247 0.677487
vt 0.360603 0.684574
vt 0.366985 0.722564
vt 0.163119 0.670791
vt 0.357002 0.644616
vt 0.404566 0.712293
vt 0.399626 0.692900
vt 0.404509 0.712399
vt 0.147118 0.663350
vt 0.404442 0.712471
vt 0.408085 0.811300
vt 0.407792 0.831689
vt 0.407946 0.811304
vt 0.407651 0.831693
vt 0.407807 0.811308
vt 0.407510 0.831698
vt 0.406689 0.851570
vt 0.406549 0.851574
vt 0.406408 0.851581
vt 0.381275 0.791100
vt 0.381595 0.811968
vt 0.381411 0.791100
vt 0.381736 0.811967
vt 0.381548 0.791101
vt 0.381878 0.811965
vt 0.380320 0.770699
vt 0.380454 0.770700
vt 0.380589 0.770703
vt 0.407470 0.791026
vt 0.406005 0.771197
vt 0.407333 0.791028
vt 0.405869 0.771198
vt 0.407195 0.791030
vt 0.405733 0.771198
vt 0.380312 0.853385
vt 0.381235 0.832946
vt 0.380450 0.853379
vt 0.381375 0.832942
vt 0.380590 0.853369
vt 0.381516 0.832935
vt 0.377115 0.891035
vt 0.378947 0.872733
vt 0.377251 0.891025
vt 0.379083 0.872724
vt 0.377388 0.891011
vt 0.379220 0.872712
vt 0.404888 0.870399
vt 0.404750 0.870403
vt 0.404612 0.870411
vt 0.402396 0.888228
vt 0.402261 0.888234
vt 0.402125 0.888244
vt 0.399213 0.905290
vt 0.399079 0.905299
vt 0.398945 0.905314
vt 0.395338 0.921876
vt 0.395196 0.921898
vt 0.395051 0.921935
vt 0.370491 0.932388
vt 0.374569 0.909409
vt 0.370623 0.932352
vt 0.374704 0.909396
vt 0.370756 0.932301
vt 0.374840 0.909376
vt 0.371614 0.973937
vt 0.385894 0.953512
vt 0.371614 0.973688
vt 0.385843 0.953486
vt 0.371648 0.973387
vt 0.385798 0.953449
vt 0.390837 0.938114
vt 0.390677 0.938153
vt 0.390510 0.938226
vt 0.364871 0.962221
vt 0.365017 0.962103
vt 0.365167 0.961953
vt 0.378451 0.749712
vt 0.378591 0.749715
vt 0.378732 0.749723
vt 0.374233 0.722108
vt 0.374367 0.722137
vt 0.374504 0.722182
vt 0.403775 0.751922
vt 0.400770 0.732741
vt 0.403642 0.751919
vt 0.400629 0.732720
vt 0.403507 0.751911
vt 0.400485 0.732685
vt 0.375247 0.668471
vt 0.375238 0.668727
vt 0.375264 0.669038
vt 0.392628 0.694394
vt 0.392579 0.694414
vt 0.392533 0.694442
vt 0.367213 0.684407
vt 0.367366 0.684531
vt 0.367525 0.684692
vt 0.397014 0.713320
vt 0.396851 0.713282
vt 0.396681 0.713209
vt 0.359330 0.644857
vt 0.360417 0.645731
vt 0.358004 0.643867
vt 0.359527 0.644771
vt 0.358947 0.643355
vt 0.359902 0.642959
vt 0.359722 0.644690
vt 0.357880 0.992917
vt 0.359373 0.992031
vt 0.359049 0.991896
vt 0.359578 0.990811
vt 0.095204 0.682428
vt 0.099399 0.678184
vt 0.095185 0.682408
vt 0.099381 0.678164
vt 0.095166 0.682390
vt 0.099362 0.678145
vt 0.099341 0.678123
vt 0.091341 0.686801
vt 0.091322 0.686782
vt 0.091302 0.686764
vt 0.367368 0.846733
vt 0.368268 0.826766
vt 0.324515 0.786837
vt 0.325044 0.807633
vt 0.324930 0.807632
vt 0.324627 0.786829
vt 0.325142 0.807634
vt 0.324724 0.786823
vt 0.325240 0.807634
vt 0.323604 0.766557
vt 0.323712 0.766539
vt 0.323806 0.766526
vt 0.324820 0.786819
vt 0.108517 0.670497
vt 0.103853 0.674196
vt 0.108500 0.670476
vt 0.103836 0.674176
vt 0.108484 0.670455
vt 0.103798 0.674132
vt 0.108465 0.670430
vt 0.103818 0.674156
vt 0.324264 0.848942
vt 0.324926 0.828562
vt 0.324376 0.848961
vt 0.325025 0.828570
vt 0.324474 0.848975
vt 0.325122 0.828574
vt 0.324571 0.848983
vt 0.324812 0.828551
vt 0.322163 0.886356
vt 0.323506 0.868243
vt 0.322266 0.886393
vt 0.323601 0.868263
vt 0.322356 0.886420
vt 0.323696 0.868274
vt 0.322447 0.886436
vt 0.323398 0.868216
vt 0.087867 0.691193
vt 0.087848 0.691174
vt 0.087827 0.691157
vt 0.365708 0.865640
vt 0.084752 0.695637
vt 0.084733 0.695618
vt 0.084711 0.695602
vt 0.363316 0.883534
vt 0.081943 0.700211
vt 0.081923 0.700192
vt 0.081902 0.700176
vt 0.360221 0.900632
vt 0.079373 0.705015
vt 0.079357 0.704989
vt 0.079337 0.704971
vt 0.356466 0.917227
vt 0.316490 0.928461
vt 0.320308 0.904667
vt 0.316568 0.928543
vt 0.320391 0.904706
vt 0.316639 0.928609
vt 0.320476 0.904731
vt 0.316716 0.928652
vt 0.320215 0.904617
vt 0.074710 0.715243
vt 0.074896 0.726805
vt 0.074684 0.715248
vt 0.074864 0.726873
vt 0.074658 0.715254
vt 0.328785 0.975486
vt 0.347245 0.949408
vt 0.075110 0.738203
vt 0.074833 0.726920
vt 0.311423 0.995103
vt 0.076974 0.710107
vt 0.076965 0.710067
vt 0.076950 0.710039
vt 0.352138 0.933555
vt 0.310900 0.961057
vt 0.310958 0.961161
vt 0.311023 0.961230
vt 0.310838 0.960930
vt 0.321917 0.745808
vt 0.322017 0.745774
vt 0.322105 0.745747
vt 0.323899 0.766516
vt 0.318055 0.718530
vt 0.318140 0.718460
vt 0.318217 0.718403
vt 0.322193 0.745729
vt 0.118605 0.663838
vt 0.113385 0.667074
vt 0.118581 0.663822
vt 0.113367 0.667054
vt 0.118561 0.663802
vt 0.113334 0.667006
vt 0.118545 0.663775
vt 0.113351 0.667033
vt 0.141787 0.657687
vt 0.141847 0.657654
vt 0.141887 0.657621
vt 0.311786 0.639746
vt 0.130132 0.657640
vt 0.130131 0.657612
vt 0.130132 0.657584
vt 0.331005 0.661256
vt 0.311669 0.680979
vt 0.311738 0.680856
vt 0.311800 0.680756
vt 0.318297 0.718366
vt 0.311869 0.680690
vt 0.308141 0.641949
vt 0.124287 0.660691
vt 0.124248 0.660683
vt 0.124201 0.660642
vt 0.130123 0.657553
vt 0.124220 0.660668
vt 0.359944 0.806532
vt 0.359888 0.826871
vt 0.359806 0.806537
vt 0.359748 0.826877
vt 0.359667 0.806543
vt 0.359607 0.826884
vt 0.359042 0.846699
vt 0.358902 0.846705
vt 0.358761 0.846714
vt 0.332970 0.786641
vt 0.333505 0.807496
vt 0.333106 0.786640
vt 0.333646 0.807492
vt 0.333243 0.786640
vt 0.333788 0.807489
vt 0.331843 0.766269
vt 0.331976 0.766269
vt 0.332111 0.766271
vt 0.359118 0.786312
vt 0.357467 0.766551
vt 0.358981 0.786316
vt 0.357332 0.766553
vt 0.358843 0.786319
vt 0.357197 0.766554
vt 0.332777 0.848889
vt 0.333403 0.828465
vt 0.332914 0.848880
vt 0.333543 0.828458
vt 0.333053 0.848868
vt 0.333685 0.828450
vt 0.330246 0.886469
vt 0.331739 0.868207
vt 0.330379 0.886458
vt 0.331872 0.868196
vt 0.330513 0.886441
vt 0.332005 0.868181
vt 0.357512 0.865464
vt 0.357375 0.865471
vt 0.357238 0.865481
vt 0.355314 0.883217
vt 0.355180 0.883225
vt 0.355045 0.883238
vt 0.352463 0.900190
vt 0.352331 0.900202
vt 0.352198 0.900220
vt 0.348980 0.916679
vt 0.348840 0.916707
vt 0.348698 0.916752
vt 0.323669 0.929068
vt 0.327941 0.904978
vt 0.323801 0.929030
vt 0.328081 0.904965
vt 0.323935 0.928973
vt 0.328222 0.904944
vt 0.324144 0.972518
vt 0.340571 0.948339
vt 0.324151 0.972271
vt 0.340499 0.948309
vt 0.324194 0.971966
vt 0.340433 0.948268
vt 0.344944 0.932851
vt 0.344788 0.932899
vt 0.344624 0.932983
vt 0.317139 0.961379
vt 0.317279 0.961252
vt 0.317426 0.961089
vt 0.329837 0.745342
vt 0.329976 0.745344
vt 0.330117 0.745351
vt 0.325499 0.717885
vt 0.325633 0.717914
vt 0.325770 0.717957
vt 0.355080 0.747364
vt 0.351942 0.728302
vt 0.354947 0.747362
vt 0.351801 0.728282
vt 0.354813 0.747356
vt 0.351658 0.728248
vt 0.326259 0.664772
vt 0.326254 0.665031
vt 0.326283 0.665345
vt 0.343601 0.690303
vt 0.343552 0.690325
vt 0.343506 0.690353
vt 0.318401 0.680524
vt 0.318555 0.680651
vt 0.318715 0.680813
vt 0.348074 0.709039
vt 0.347911 0.709002
vt 0.347743 0.708931
vt 0.310593 0.641711
vt 0.311640 0.642576
vt 0.310900 0.641582
vt 0.310337 0.993446
vt 0.309281 0.994114
vt 0.310596 0.993553
vt 0.311260 0.995170
vt 0.310683 0.992532
vt 0.094053 0.940913
vt 0.265688 0.929215
vt 0.117885 0.965438
vt 0.275079 0.895091
vt 0.168325 0.784627
vt 0.045682 0.659633
vt 0.357068 0.644428
vt 0.183285 0.876173
vt 0.183301 0.876188
vt 0.117986 0.965383
vt 0.178129 0.894762
vt 0.293023 0.842741
vt 0.078360 0.767518
vt 0.179753 0.663191
vt 0.153595 0.657627
vt 0.153578 0.657667
vt 0.019236 0.891758
vt 0.040241 0.951941
vt 0.078788 0.767078
vt 0.133939 0.792805
vt 0.102602 0.721372
vt 0.095143 0.682368
vt 0.350364 0.688793
vt 0.310530 0.640118
s 1
g off
g esquina_02_Holocron_Corners.001
usemtl Holocron_Corners.001
f 1220/1/1 1/2/2 202/3/3
f 1171/4/4 20/5/5 106/6/6
f 89/7/2 227/8/7 3/9/2
f 216/10/8 114/11/9 1181/12/10
f 4/13/2 1185/14/11 206/15/12
f 201/16/13 106/6/6 16/17/14
f 212/18/15 102/19/16 14/20/17
f 226/21/18 109/22/19 1176/23/20
f 3/9/2 1160/24/21 222/25/22
f 1175/26/23 4/13/2 88/27/24
f 1181/12/10 22/28/25 231/29/26
f 1191/30/27 19/31/28 237/32/29
f 1186/33/30 26/34/31 207/35/32
f 231/29/26 108/36/33 1196/37/34
f 1196/37/34 23/38/35 241/39/36
f 1206/40/37 18/41/38 247/42/39
f 90/43/2 236/44/40 1185/14/11
f 241/39/36 115/45/41 1211/46/42
f 1211/46/42 1323/47/43 253/48/44
f 268/49/45 113/50/46 1206/40/37
f 91/51/2 246/52/47 1190/53/48
f 1221/54/49 16/17/14 104/55/50
f 273/56/51 104/55/50 17/57/52
f 279/58/53 110/59/54 13/60/55
f 1/2/2 1165/61/56 89/7/2
f 1236/62/57 17/57/52 112/63/58
f 284/64/59 112/63/58 21/65/60
f 1231/66/61 1320/67/62 110/59/54
f 6/68/2 1215/69/63 93/70/2
f 106/6/6 327/71/64 1250/72/65
f 10/73/66 1266/74/67 97/75/66
f 24/76/68 1260/77/69 114/11/9
f 336/78/70 98/79/66 1276/80/71
f 104/55/50 307/81/72 1300/82/73
f 15/83/74 1245/84/75 332/85/76
f 15/83/74 1255/86/77 109/22/19
f 103/87/78 316/88/79 1245/84/75
f 116/89/80 327/71/64 20/5/5
f 117/90/81 311/91/82 26/34/31
f 19/31/28 1265/92/83 117/90/81
f 22/28/25 1275/93/84 108/36/33
f 1261/94/85 8/95/66 336/78/70
f 105/96/86 341/97/87 19/31/28
f 18/41/38 1270/98/88 105/96/86
f 23/38/35 1290/99/89 115/45/41
f 1276/80/71 11/100/66 346/101/90
f 113/50/46 351/102/91 18/41/38
f 25/103/92 1285/104/93 113/50/46
f 115/45/41 357/105/94 1323/47/43
f 306/106/95 96/107/66 7/108/66
f 14/20/17 1295/109/96 316/88/79
f 102/19/16 383/110/97 1295/109/96
f 112/63/58 379/111/98 1315/112/99
f 100/113/66 378/114/100 1301/115/101
f 13/60/55 1310/116/102 383/110/97
f 110/59/54 395/117/103 1310/116/102
f 21/65/60 1315/112/99 388/118/104
f 1166/119/105 14/20/17 103/87/78
f 1226/120/106 21/65/60 107/121/107
f 107/121/107 388/118/104 1305/122/108
f 7/108/66 1246/123/109 317/124/110
f 227/8/7 88/27/24 3/9/2
f 1176/23/20 24/76/68 216/10/8
f 109/22/19 322/125/111 24/76/68
f 96/107/66 331/126/112 1246/123/109
f 94/127/24 278/128/113 6/68/2
f 202/3/3 89/7/2 1170/129/114
f 16/17/14 1250/72/65 307/81/72
f 384/130/115 101/131/66 12/132/66
f 237/32/29 117/90/81 1186/33/30
f 1201/133/116 1324/134/117 111/135/118
f 111/135/118 356/136/119 1280/137/120
f 97/75/66 342/138/121 8/95/66
f 207/35/32 116/89/80 1161/139/122
f 226/21/18 103/87/78 15/83/74
f 1251/140/123 9/141/66 96/107/66
f 26/34/31 1240/142/124 116/89/80
f 1225/143/125 1230/144/126 94/127/24
f 283/145/127 94/127/24 1235/146/128
f 101/131/66 389/147/129 1316/148/130
f 1311/149/131 1306/150/132 101/131/66
f 5/151/2 1205/152/133 246/52/47
f 1180/153/134 2/154/2 90/43/2
f 114/11/9 337/155/135 22/28/25
f 11/100/66 1286/156/136 99/157/137
f 217/158/138 90/43/2 4/13/2
f 232/159/139 91/51/2 2/154/2
f 95/160/66 331/126/112 9/141/66
f 10/73/66 1256/161/140 95/160/66
f 1216/162/141 13/60/55 102/19/16
f 7/108/66 1301/115/101 306/106/95
s 2
f 1353/163/142 1443/164/143 410/165/144
s 1
f 1296/166/145 12/132/66 100/113/66
f 92/167/146 269/168/147 1205/152/133
f 1210/169/148 1200/170/149 92/167/146
f 1291/171/150 1281/172/151 358/173/152
f 99/157/137 373/174/153 1281/172/151
f 1226/120/106 1321/175/154 288/176/155
f 274/177/156 93/70/2 1220/1/1
f 17/57/52 1300/82/73 379/111/98
f 107/121/107 393/178/157 1321/175/154
f 247/42/39 105/96/86 1191/30/27
f 1235/146/128 6/68/2 274/177/156
f 12/132/66 1316/148/130 378/114/100
f 98/79/66 352/179/158 11/100/66
f 2/154/2 1190/53/48 236/44/40
f 1161/139/122 20/5/5 221/180/159
f 321/181/160 97/75/66 1261/94/85
f 8/95/66 1271/182/161 98/79/66
f 1201/183/116 25/103/92 268/49/45
f 1195/184/162 5/151/2 91/51/2
f 108/36/33 347/185/163 23/38/35
f 111/186/118 374/187/164 25/103/92
f 1170/129/114 3/9/2 222/25/22
f 88/27/24 206/15/12 1160/24/21
f 312/188/165 95/160/66 1241/189/166
f 1241/189/166 9/141/66 326/190/167
f 93/70/2 211/191/168 1/2/2
f 242/192/169 92/167/146 5/151/2
f 346/101/90 99/157/137 1291/171/150
f 317/124/110 100/113/66 7/108/66
s 2
f 457/193/170 130/194/171 34/195/172
f 503/196/173 136/197/174 1389/198/175
f 1477/199/176 1433/200/177 136/197/174
f 711/201/178 131/202/179 1429/203/180
f 480/204/181 127/205/182 1378/206/183
f 436/207/184 137/208/185 1353/163/142
f 1455/209/186 1419/210/187 138/211/188
f 1429/203/180 1439/212/189 693/213/190
f 447/214/191 124/215/192 29/216/193
f 1368/217/194 1452/218/195 425/219/196
f 1404/220/197 1409/221/198 622/222/199
f 1472/223/200 1414/224/201 135/225/202
f 27/226/203 1346/227/204 124/215/192
f 31/228/205 1350/229/206 567/230/207
f 32/231/208 1350/229/206 127/205/182
f 438/232/209 134/233/210 1468/234/211
f 1359/235/212 1444/236/213 120/237/214
f 33/238/215 1332/239/216 129/240/179
f 34/195/172 1337/241/217 530/242/218
f 412/243/219 122/244/220 1354/245/221
f 1364/246/222 1448/247/223 134/233/210
s 3
f 1345/248/224 1349/249/225 514/250/226
s 2
f 30/251/227 1331/252/228 549/253/229
f 457/193/170 128/254/230 1383/255/231
f 447/214/191 123/256/232 1358/257/233
f 27/226/203 1326/258/234 532/259/235
f 34/195/172 1327/260/236 128/254/230
f 467/261/237 138/211/188 1471/262/238
f 1379/263/239 1453/264/240 119/265/241
f 35/266/242 1337/241/217 130/194/171
f 35/266/242 1332/239/216 569/267/243
f 481/268/244 119/265/241 1456/269/245
f 479/270/246 138/211/188 1373/271/247
f 28/272/248 1341/273/249 548/274/250
f 29/216/193 1341/273/249 123/256/232
f 427/275/251 125/276/252 1369/277/253
f 489/278/254 128/254/230 33/238/215
f 29/216/193 1346/227/204 513/279/255
f 1467/280/256 1399/281/257 137/208/185
f 1389/198/175 1459/282/258 490/283/259
f 1394/284/260 1464/285/261 139/286/262
s 3
f 1336/287/263 1345/248/224 531/288/264
s 2
f 28/272/248 1326/258/234 122/244/220
f 1394/284/260 1476/289/265 505/290/266
f 488/291/267 118/292/268 1384/293/269
f 30/251/227 1340/294/270 126/295/271
f 31/228/205 1331/252/228 125/276/252
f 465/296/272 135/225/202 1368/217/194
f 32/231/208 1340/294/270 200/297/273
s 3
f 568/298/274 121/299/275 1336/287/263
s 2
f 33/238/215 1327/260/236 550/300/276
f 1459/282/258 1433/200/177 710/301/277
f 139/286/262 728/302/278 1476/289/265
f 1464/285/261 1438/303/279 139/286/262
f 120/237/214 605/304/280 1403/305/281
f 1468/234/211 1408/306/282 586/307/283
f 134/233/210 623/308/284 1408/306/282
f 1453/264/240 1423/309/285 119/265/241
f 138/211/188 640/310/286 1471/262/238
f 119/265/241 675/311/287 1456/269/245
f 437/312/288 124/215/192 1363/313/289
f 1359/235/212 1449/314/290 445/315/291
f 120/237/214 621/316/292 1449/314/290
f 137/208/185 603/317/293 1443/164/143
f 427/275/251 127/205/182 31/228/205
f 466/318/294 125/276/252 30/251/227
f 641/319/295 133/320/252 1413/321/296
f 1413/321/296 1424/322/297 658/323/298
f 489/278/254 129/240/179 1388/324/299
f 504/325/300 129/240/179 35/266/242
f 1439/212/189 1434/326/301 729/327/302
f 1460/328/303 1428/329/304 118/292/268
f 412/243/219 123/256/232 28/272/248
f 437/312/288 122/244/220 27/226/203
f 1409/221/198 1398/330/305 587/331/306
f 604/332/307 132/333/308 1404/220/197
f 466/318/294 126/295/271 1374/334/309
f 480/204/181 126/295/271 32/231/208
f 1424/322/297 1418/335/310 676/336/311
f 135/225/202 657/337/312 1452/218/195
f 504/325/300 130/194/171 1393/338/313
f 1384/293/269 1465/339/314 455/340/315
f 118/292/268 692/341/316 1465/339/314
s 4
f 1540/342/317 36/343/318 744/344/319
f 1491/345/320 55/346/321 158/347/322
f 141/348/318 769/349/323 38/350/318
f 758/351/324 166/352/325 1501/353/326
f 39/354/318 1505/355/327 748/356/328
f 743/357/329 158/347/322 51/358/330
f 754/359/331 154/360/332 49/361/333
f 768/362/334 161/363/335 1496/364/336
f 38/350/318 1480/365/337 764/366/338
f 1495/367/339 39/354/318 140/368/318
f 1501/353/326 57/369/340 773/370/341
f 1511/371/342 54/372/343 779/373/344
f 1506/374/345 61/375/346 749/376/347
f 773/370/341 160/377/348 1516/378/349
f 1516/378/349 58/379/350 783/380/351
f 1526/381/352 53/382/353 789/383/354
f 142/384/318 778/385/355 1505/355/327
f 783/380/351 167/386/356 1531/387/357
f 1531/387/357 1643/388/358 795/389/359
f 810/390/360 165/391/361 1526/381/352
f 143/392/318 788/393/362 1510/394/363
f 1541/395/364 51/358/330 156/396/365
f 815/397/366 156/396/365 52/398/367
f 821/399/368 162/400/369 48/401/370
f 36/343/318 1485/402/371 141/348/318
f 1556/403/372 52/398/367 164/404/373
f 826/405/374 164/404/373 56/406/375
f 1551/407/376 1640/408/377 162/400/369
f 41/409/318 1535/410/378 145/411/318
f 158/347/322 869/412/379 1570/413/380
f 45/414/381 1586/415/382 149/416/381
f 59/417/383 1580/418/384 166/352/325
f 878/419/385 150/420/386 1596/421/387
f 156/396/365 849/422/388 1620/423/389
f 50/424/390 1565/425/391 874/426/392
f 50/424/390 1575/427/393 161/363/335
f 155/428/394 858/429/395 1565/425/391
f 168/430/396 869/412/379 55/346/321
f 169/431/397 853/432/398 61/375/346
f 54/372/343 1585/433/399 169/431/397
f 57/369/340 1595/434/400 160/377/348
f 1581/435/401 43/436/381 878/419/385
f 157/437/402 883/438/403 54/372/343
f 53/382/353 1590/439/404 157/437/402
f 58/379/350 1610/440/405 167/386/356
f 1596/421/387 46/441/386 888/442/406
f 165/391/361 893/443/407 53/382/353
f 60/444/408 1605/445/409 165/391/361
f 167/386/356 899/446/410 1643/388/358
f 848/447/411 148/448/381 42/449/381
f 49/361/333 1615/450/412 858/429/395
f 154/360/332 925/451/413 1615/450/412
f 164/404/373 921/452/414 1635/453/415
f 152/454/381 920/455/416 1621/456/417
f 48/401/370 1630/457/418 925/451/413
f 162/400/369 937/458/419 1630/457/418
f 56/406/375 1635/453/415 930/459/420
f 1486/460/421 49/361/333 155/428/394
f 1546/461/422 56/406/375 159/462/423
f 159/462/423 930/459/420 1625/463/424
f 42/449/381 1566/464/425 859/465/426
f 769/349/323 140/368/318 38/350/318
f 1496/364/336 59/417/383 758/351/324
f 161/363/335 864/466/427 59/417/383
f 148/448/381 873/467/428 1566/464/425
f 146/468/318 820/469/429 41/409/318
f 744/344/319 141/348/318 1490/470/430
f 51/358/330 1570/413/380 849/422/388
f 926/471/431 153/472/381 47/473/381
f 779/373/344 169/431/397 1506/374/345
f 1521/474/432 1644/475/433 163/476/434
f 163/476/434 898/477/435 1600/478/436
f 149/416/381 884/479/437 43/436/381
f 749/376/347 168/430/396 1481/480/438
f 768/362/334 155/428/394 50/424/390
f 1571/481/439 44/482/381 148/448/381
f 61/375/346 1560/483/440 168/430/396
f 1545/484/441 1550/485/442 146/468/318
f 825/486/443 146/468/318 1555/487/444
f 153/472/381 931/488/445 1636/489/446
f 1631/490/447 1626/491/448 153/472/381
f 40/492/449 1525/493/450 788/393/362
f 1500/494/451 37/495/318 142/384/318
f 166/352/325 879/496/452 57/369/340
f 46/441/386 1606/497/453 151/498/454
f 759/499/455 142/384/318 39/354/318
f 774/500/456 143/392/318 37/495/318
f 147/501/381 873/467/428 44/482/381
f 45/414/381 1576/502/457 147/501/381
f 1536/503/458 48/401/370 154/360/332
f 42/449/381 1621/456/417 848/447/411
s 5
f 1706/504/459 62/505/460 953/506/461
s 4
f 1616/507/462 47/473/381 152/454/381
f 144/508/463 811/509/464 1525/493/450
f 1530/510/465 1520/511/466 144/508/463
f 1611/512/467 1601/513/468 900/514/469
f 151/498/454 915/515/470 1601/513/468
f 1546/461/422 1641/516/471 830/517/472
f 816/518/473 145/411/318 1540/342/317
f 52/398/367 1620/423/389 921/452/414
f 159/462/423 935/519/474 1641/516/471
f 789/383/354 157/437/402 1511/371/342
f 1555/487/444 41/409/318 816/518/473
f 47/473/381 1636/489/446 920/455/416
f 150/420/386 894/520/475 46/441/386
f 37/495/318 1510/394/363 778/385/355
f 1481/480/438 55/346/321 763/521/476
f 863/522/477 149/416/381 1581/435/401
f 43/436/381 1591/523/478 150/420/386
f 1521/474/432 60/444/408 810/390/360
f 1515/524/479 40/492/449 143/392/318
f 160/377/348 889/525/480 58/379/350
f 163/476/434 916/526/481 60/444/408
f 1490/470/430 38/350/318 764/366/338
f 140/368/318 748/356/328 1480/365/337
f 854/527/482 147/501/381 1561/528/483
f 1561/528/483 44/482/381 868/529/484
f 145/411/318 753/530/485 36/343/318
f 784/531/486 144/508/463 40/492/449
f 888/442/406 151/498/454 1611/512/467
f 859/465/426 152/454/381 42/449/381
s 5
f 1657/532/487 81/533/488 188/534/489
f 171/535/460 978/536/490 64/537/460
f 967/538/491 196/539/492 1667/540/493
f 65/541/460 1671/542/494 957/543/495
f 952/544/496 188/534/489 77/545/497
f 963/546/498 184/547/499 75/548/500
f 977/549/501 191/550/502 1662/551/503
f 64/537/460 1646/552/504 973/553/505
f 1661/554/506 65/541/460 170/555/460
f 1667/540/493 83/556/507 982/557/508
f 1677/558/509 80/559/510 988/560/511
f 1672/561/512 87/562/513 958/563/514
f 982/557/508 190/564/515 1682/565/516
f 1682/565/516 84/566/517 992/567/518
f 1692/568/519 79/569/520 998/570/521
f 172/571/460 987/572/522 1671/542/494
f 992/567/518 197/573/523 1697/574/524
f 1697/574/524 1809/575/525 1004/576/526
f 1019/577/527 195/578/528 1692/568/519
f 173/579/529 997/580/530 1676/581/531
f 1707/582/532 77/545/497 186/583/533
f 1024/584/534 186/583/533 78/585/535
f 1030/586/536 192/587/537 74/588/538
f 62/505/460 1651/589/539 171/535/460
f 1722/590/540 78/585/535 194/591/541
f 1035/592/542 194/591/541 82/593/543
f 1717/594/544 1806/595/545 192/587/537
f 67/596/460 1701/597/546 175/598/460
f 188/534/489 1077/599/547 1736/600/548
f 71/601/549 1752/602/550 179/603/549
f 85/604/551 1746/605/552 196/539/492
f 1086/606/553 180/607/554 1762/608/555
f 186/583/533 1057/609/556 1786/610/557
f 76/611/558 1731/612/559 1082/613/560
f 76/611/558 1741/614/561 191/550/502
f 185/615/562 1066/616/563 1731/612/559
f 198/617/564 1077/599/547 81/533/488
f 199/618/565 1061/619/566 87/562/513
f 80/559/510 1751/620/567 199/618/565
f 83/556/507 1761/621/568 190/564/515
f 1747/622/569 69/623/570 1086/606/553
f 187/624/571 1091/625/572 80/559/510
f 79/569/520 1756/626/573 187/624/571
f 84/566/517 1776/627/574 197/573/523
f 1762/608/555 72/628/575 1096/629/576
f 195/578/528 1101/630/577 79/569/520
f 86/631/578 1771/632/579 195/578/528
f 197/573/523 1107/633/580 1809/575/525
f 1056/634/581 178/635/549 68/636/549
f 75/548/500 1781/637/582 1066/616/563
f 184/547/499 1133/638/583 1781/637/582
f 194/591/541 1129/639/584 1801/640/585
f 182/641/549 1128/642/586 1787/643/587
f 74/588/538 1796/644/588 1133/638/583
f 192/587/537 1145/645/589 1796/644/588
f 82/593/543 1801/640/585 1138/646/590
f 1652/647/591 75/548/500 185/615/562
f 1712/648/592 82/593/543 189/649/593
f 189/649/593 1138/646/590 1791/650/594
f 68/636/549 1732/651/595 1067/652/596
f 978/536/490 170/555/460 64/537/460
f 1662/551/503 85/604/551 967/538/491
f 191/550/502 1072/653/597 85/604/551
f 178/635/549 1081/654/598 1732/651/595
f 176/655/460 1029/656/599 67/596/460
f 953/506/461 171/535/460 1656/657/600
f 77/545/497 1736/600/548 1057/609/556
f 1134/658/601 183/659/549 73/660/549
f 988/560/511 199/618/565 1672/561/512
f 1687/661/602 1810/662/603 193/663/604
f 193/663/604 1106/664/605 1766/665/606
f 179/603/549 1092/666/607 69/623/570
f 958/563/514 198/617/564 1647/667/608
f 977/549/501 185/615/562 76/611/558
f 1737/668/609 70/669/549 178/635/549
f 87/562/513 1726/670/610 198/617/564
f 1711/671/611 1716/672/612 176/655/460
f 1034/673/613 176/655/460 1721/674/614
f 183/659/549 1139/675/615 1802/676/616
f 1797/677/617 1792/678/618 183/659/549
f 66/679/619 1691/680/620 997/580/530
f 1666/681/621 63/682/622 172/571/460
f 196/539/492 1087/683/623 83/556/507
f 72/628/575 1772/684/624 181/685/625
f 968/686/626 172/571/460 65/541/460
f 983/687/627 173/579/529 63/682/622
f 177/688/549 1081/654/598 70/669/549
f 71/601/549 1742/689/628 177/688/549
f 1702/690/629 74/588/538 184/547/499
f 68/636/549 1787/643/587 1056/634/581
f 1782/691/630 73/660/549 182/641/549
f 174/692/631 1020/693/632 1691/680/620
f 1696/694/633 1686/695/634 174/692/631
f 1777/696/635 1767/697/636 1108/698/637
f 181/685/625 1123/699/638 1767/697/636
f 1712/648/592 1807/700/639 1039/701/640
f 1025/702/641 175/598/460 1706/504/459
f 78/585/535 1786/610/557 1129/639/584
f 189/649/593 1143/703/642 1807/700/639
f 998/570/521 187/624/571 1677/558/509
f 1721/674/614 67/596/460 1025/702/641
f 73/660/549 1802/676/616 1128/642/586
f 180/607/554 1102/704/643 72/628/575
f 63/682/622 1676/581/531 987/572/522
f 1647/667/608 81/533/488 972/705/644
f 1071/706/645 179/603/549 1747/622/569
f 69/623/570 1757/707/646 180/607/554
f 1687/661/602 86/631/578 1019/577/527
f 1681/708/647 66/679/619 173/579/529
f 190/564/515 1097/709/648 84/566/517
f 193/663/604 1124/710/649 86/631/578
f 1656/657/600 64/537/460 973/553/505
f 170/555/460 957/543/495 1646/552/504
f 1062/711/650 177/688/549 1727/712/651
f 1727/712/651 70/669/549 1076/713/652
f 175/598/460 962/714/653 62/505/460
f 993/715/654 174/692/631 66/679/619
f 1096/629/576 181/685/625 1777/696/635
f 1067/652/596 182/641/549 68/636/549
s 1
f 251/716/655 256/717/656 264/718/657
f 254/719/658 257/720/659 256/717/656
f 264/718/657 256/717/656 267/721/660
f 256/717/656 258/722/661 267/721/660
f 259/723/662 261/724/663 252/725/664
f 260/726/665 262/727/666 259/728/662
f 262/729/666 255/730/667 261/724/663
f 263/731/668 257/720/659 262/729/666
f 253/48/44 266/732/669 265/733/670
f 264/734/671 267/735/672 266/732/669
f 265/733/670 263/736/673 260/726/674
f 266/732/669 258/737/675 263/736/673
f 288/176/155 293/738/676 292/739/677
f 291/740/678 294/741/679 293/738/676
f 292/739/677 305/742/680 302/743/681
f 293/738/676 295/744/682 305/742/680
f 289/745/683 299/746/684 298/747/685
f 296/748/686 300/749/687 299/746/684
f 298/747/685 299/746/684 294/741/688
f 299/746/684 295/744/689 294/741/688
f 301/750/690 303/751/691 290/752/692
f 302/743/681 304/753/693 301/750/690
f 304/753/693 297/754/694 303/751/691
f 305/742/680 300/749/695 304/753/693
f 356/136/119 361/755/696 360/756/697
f 359/757/698 362/758/699 361/759/696
f 360/760/697 372/761/700 369/762/701
f 361/759/696 363/763/702 372/761/700
f 357/105/94 366/764/703 359/765/704
f 364/766/705 367/767/706 366/764/703
f 359/765/704 366/764/703 362/758/707
f 366/764/703 363/763/708 362/758/709
f 368/768/710 370/769/711 358/173/152
f 369/762/701 371/770/712 368/768/710
f 371/770/712 365/771/713 370/769/711
f 372/761/714 367/767/706 371/770/712
f 393/178/157 398/772/715 406/773/716
f 396/774/717 399/775/718 398/772/715
f 406/773/716 398/772/715 409/776/719
f 398/772/715 400/777/720 409/776/721
f 401/778/722 403/779/723 394/780/724
f 402/781/725 404/782/726 401/778/722
f 404/782/726 397/783/727 403/779/723
f 405/784/728 399/775/729 404/782/726
f 395/117/103 408/785/730 407/786/731
f 406/787/732 409/776/733 408/785/730
f 407/786/731 405/784/728 402/781/725
f 408/785/730 400/777/734 405/784/728
s 2
f 413/788/735 415/789/736 410/165/144
f 413/788/735 414/790/737 416/791/738
f 416/791/738 422/792/739 415/789/736
f 418/793/740 420/794/741 411/795/742
f 419/796/743 421/797/744 418/793/740
f 421/797/744 414/790/737 420/794/741
f 421/797/744 417/798/745 416/799/738
f 422/792/739 424/800/746 423/801/747
f 424/800/746 419/796/743 423/802/747
f 425/219/196 428/803/748 429/804/749
s 6
f 429/805/750 430/806/750 433/807/751
s 2
f 426/808/752 432/809/753 431/810/754
s 7
f 431/810/755 429/811/756 428/812/757
f 432/809/758 430/813/759 429/811/756
s 8
f 436/207/760 439/814/761 443/815/762
s 9
f 439/814/763 1813/816/764 440/817/765
s 10
f 438/232/766 443/818/767 444/819/767
s 8
f 443/820/762 439/821/761 444/822/768
s 11
f 444/822/769 1813/823/769 442/824/769
s 2
f 445/315/291 448/825/770 449/826/771
s 12
f 448/825/772 453/827/773 449/828/774
f 449/828/774 450/829/775 1814/830/776
s 2
f 446/831/777 451/832/778 453/833/779
s 13
f 451/834/780 452/835/781 1814/836/781
s 12
f 453/833/773 451/832/782 449/837/774
f 451/832/782 450/838/775 449/837/774
s 2
f 458/839/783 459/840/784 455/340/315
s 14
f 458/839/785 461/841/786 460/842/785
s 15
f 459/840/787 464/843/788 1815/844/789
s 2
f 456/845/790 460/846/791 461/847/792
f 463/848/793 464/843/794 460/849/795
f 468/850/796 470/851/797 465/296/272
f 468/850/796 469/852/798 478/853/799
f 470/851/797 478/854/799 476/855/800
f 478/853/799 469/852/801 471/856/802
f 472/857/803 474/858/804 473/859/805
f 473/860/805 474/858/804 469/861/806
f 474/858/804 471/856/802 469/852/806
f 475/862/807 477/863/808 467/261/237
f 475/862/807 476/855/800 478/864/799
f 478/864/799 472/857/803 477/863/808
f 479/270/246 487/865/809 482/866/810
s 16
f 487/867/811 1816/868/812 483/869/813
s 17
f 482/866/814 487/870/815 486/871/815
s 2
f 481/268/244 486/872/816 487/873/817
s 18
f 487/874/818 1816/868/819 484/875/820
s 2
f 491/876/821 493/877/822 488/291/267
f 491/876/821 492/878/823 494/879/824
f 493/877/822 494/880/824 500/881/825
f 494/879/824 492/878/823 495/882/826
f 496/883/827 497/884/828 498/885/829
f 496/886/827 498/885/829 492/887/823
f 497/884/828 492/878/823 498/885/829
f 499/888/830 501/889/831 490/283/259
f 500/881/825 502/890/832 499/888/830
f 501/889/831 502/890/832 497/891/828
f 502/890/832 495/882/826 497/884/828
s 19
f 506/892/833 507/893/834 503/196/835
s 20
f 506/892/836 508/894/837 512/895/838
s 21
f 507/893/839 512/896/839 511/897/839
s 2
f 505/290/266 511/898/840 512/899/841
s 22
f 512/900/842 1812/901/843 510/902/844
f 512/896/842 508/903/845 1812/901/843
s 2
f 515/904/846 517/905/847 513/279/255
f 516/906/848 518/907/849 515/904/846
f 518/907/849 526/908/850 517/905/847
f 518/907/849 519/909/851 529/910/852
s 3
f 514/250/226 523/911/853 522/912/854
f 520/913/855 524/914/856 523/915/853
f 522/912/854 519/916/857 516/917/858
s 23
f 523/911/859 529/918/860 519/916/861
s 2
f 525/919/862 527/920/863 200/297/273
f 526/908/850 528/921/864 525/919/862
f 528/921/864 521/922/865 527/920/863
f 528/921/864 529/923/866 524/914/867
f 533/924/868 535/925/869 530/242/218
f 534/926/870 536/927/871 533/924/868
f 536/927/871 545/928/872 535/925/869
f 536/927/871 537/929/873 538/930/874
s 3
f 531/288/264 542/931/875 541/932/876
f 539/933/877 543/934/878 542/931/875
f 541/932/876 537/935/879 534/936/880
f 542/931/875 538/937/881 537/935/879
s 2
f 544/938/882 546/939/883 532/259/235
f 545/928/872 547/940/884 544/938/882
f 547/940/884 540/941/885 546/939/883
f 547/940/884 538/942/874 543/943/886
f 551/944/887 553/945/888 548/274/250
f 552/946/889 554/947/890 551/944/887
f 554/947/890 563/948/891 553/945/888
f 554/947/890 556/949/892 566/950/893
f 557/951/894 559/952/895 549/253/229
f 558/953/896 560/954/897 557/951/894
f 560/954/897 552/946/889 559/952/895
f 560/954/897 556/949/892 555/955/898
f 562/956/899 564/957/900 550/300/276
f 563/948/891 565/958/901 562/956/899
f 565/958/901 558/953/896 564/957/900
f 565/958/901 556/949/892 561/959/902
f 570/960/903 572/961/904 567/230/207
f 571/962/905 573/963/906 570/960/903
f 573/963/906 582/964/907 572/961/904
f 573/963/906 574/965/908 575/966/909
s 3
f 568/298/274 579/967/910 578/968/911
f 576/969/912 580/970/913 579/971/910
f 578/972/911 574/965/914 571/962/915
f 579/971/910 575/973/916 574/965/914
s 2
f 581/974/917 583/975/918 569/267/243
f 582/964/907 584/976/919 581/974/917
f 584/976/919 577/977/920 583/975/918
f 584/976/919 575/973/909 580/970/921
f 585/978/922 590/979/923 589/980/924
f 588/981/925 591/982/926 590/979/923
f 589/980/924 602/983/927 599/984/928
f 590/979/923 592/985/929 602/983/927
f 586/307/283 596/986/930 595/987/931
f 593/988/932 597/989/933 596/986/930
f 595/987/934 591/982/935 588/981/936
f 596/986/930 592/985/937 591/982/938
f 598/990/939 600/991/940 587/992/306
f 599/984/928 601/993/941 598/990/939
f 601/993/941 594/994/942 600/991/940
f 602/983/943 597/989/944 601/993/941
f 606/995/945 608/996/946 603/317/293
f 607/997/947 609/998/948 606/995/945
f 609/998/948 617/999/949 608/996/946
f 609/998/948 610/1000/950 620/1001/951
f 611/1002/952 613/1003/953 604/1004/307
f 612/1005/954 614/1006/955 611/1002/952
f 614/1006/955 607/997/947 613/1003/953
f 614/1006/955 615/1007/956 610/1008/950
f 616/1009/957 618/1010/958 605/304/280
f 617/999/949 619/1011/959 616/1009/957
f 619/1011/959 612/1005/954 618/1010/958
f 620/1001/951 615/1007/956 619/1011/959
f 621/316/292 627/1012/960 626/1013/961
f 624/1014/962 628/1015/963 627/1012/960
f 626/1013/964 638/1016/965 635/1017/966
f 627/1012/960 629/1018/967 638/1016/965
f 630/1019/968 632/1020/969 622/1021/199
f 631/1022/970 633/1023/971 630/1019/968
f 633/1023/971 625/1024/972 632/1020/969
f 634/1025/973 628/1015/963 633/1023/971
f 623/308/284 637/1026/974 636/1027/975
f 635/1017/976 638/1016/977 637/1026/974
f 636/1027/975 634/1025/973 631/1022/970
f 637/1026/974 629/1018/967 634/1025/973
f 642/1028/978 644/1029/979 639/1030/980
f 643/1031/981 645/1032/982 642/1028/978
f 645/1032/982 653/1033/983 644/1029/979
f 645/1032/982 646/1034/984 656/1035/985
f 647/1036/986 649/1037/987 640/310/286
f 648/1038/988 650/1039/989 647/1036/986
f 650/1039/989 643/1031/981 649/1037/987
f 651/1040/990 646/1034/984 650/1039/989
f 652/1041/991 654/1042/992 641/1043/295
f 653/1033/983 655/1044/993 652/1041/991
f 655/1044/993 648/1038/988 654/1042/992
f 655/1044/993 656/1045/985 651/1040/990
f 657/337/312 663/1046/994 662/1047/995
f 660/1048/996 664/1049/997 663/1046/994
s 24
f 663/1046/998 671/1050/999 662/1047/1000
f 663/1046/998 665/1051/1001 673/1052/1002
s 2
f 666/1053/1003 668/1054/1004 658/1055/298
f 667/1056/1005 669/1057/1006 666/1053/1003
f 669/1057/1007 661/1058/1008 668/1054/1004
f 659/1059/1009 673/1060/1010 672/1061/1011
s 25
f 670/1062/1012 671/1050/1012 673/1060/1012
s 2
f 672/1061/1011 664/1063/1013 667/1056/1005
s 26
f 673/1052/1014 665/1051/1014 664/1063/1014
s 2
f 674/1064/1015 679/1065/1016 678/1066/1017
f 677/1067/1018 680/1068/1019 679/1065/1016
f 678/1066/1017 691/1069/1020 688/1070/1021
f 679/1065/1016 681/1071/1022 691/1069/1020
f 675/311/287 685/1072/1023 684/1073/1024
f 682/1074/1025 686/1075/1026 685/1072/1023
f 684/1073/1024 685/1072/1023 680/1068/1027
f 685/1072/1023 681/1071/1022 680/1068/1027
f 687/1076/1028 689/1077/1029 676/1078/311
f 688/1070/1021 690/1079/1030 687/1076/1028
f 690/1079/1030 683/1080/1031 689/1077/1029
f 691/1069/1020 686/1075/1026 690/1079/1030
f 692/341/316 697/1081/1032 705/1082/1033
f 695/1083/1034 698/1084/1035 697/1081/1032
f 705/1082/1033 697/1081/1032 708/1085/1036
f 697/1081/1032 699/1086/1037 708/1085/1036
f 700/1087/1038 702/1088/1039 693/1089/190
f 701/1090/1040 703/1091/1041 700/1087/1038
f 703/1091/1041 696/1092/1042 702/1093/1039
f 704/1094/1043 698/1084/1035 703/1091/1041
f 694/1095/1044 707/1096/1045 706/1097/1046
f 705/1098/1047 708/1085/1048 707/1096/1045
f 706/1097/1046 704/1094/1043 701/1090/1040
f 707/1096/1045 699/1086/1037 704/1094/1043
f 712/1099/1049 714/1100/1050 709/1101/1051
f 713/1102/1052 715/1103/1053 712/1099/1049
f 715/1103/1053 723/1104/1054 714/1100/1050
f 716/1105/1055 726/1106/1056 715/1103/1053
f 717/1107/1057 719/1108/1058 710/301/277
f 718/1109/1059 720/1110/1060 717/1107/1057
f 720/1110/1060 713/1102/1052 719/1108/1058
f 720/1110/1060 721/1111/1061 716/1105/1055
f 722/1112/1062 724/1113/1063 711/1114/178
f 723/1104/1054 725/1115/1064 722/1112/1062
f 725/1115/1064 718/1109/1059 724/1113/1063
f 725/1115/1064 726/1106/1056 721/1116/1061
f 727/1117/1065 733/1118/1066 732/1119/1067
f 730/1120/1068 731/1121/1069 733/1118/1066
f 732/1119/1067 738/1122/1070 740/1123/1071
s 27
f 733/1124/1072 734/1125/1073 738/1122/1074
s 2
f 728/302/278 733/1126/1075 737/1127/1076
f 735/1128/1077 738/1129/1078 733/1126/1075
f 737/1127/1076 733/1124/1075 731/1121/1079
f 739/1130/1080 741/1131/1081 729/1132/302
f 740/1123/1071 742/1133/1082 739/1130/1080
f 742/1133/1083 736/1134/1084 741/1131/1081
s 4
f 793/1135/1085 798/1136/1086 806/1137/1087
f 796/1138/1088 799/1139/1089 798/1136/1086
f 806/1137/1087 798/1136/1086 809/1140/1090
f 798/1136/1086 800/1141/1091 809/1140/1090
f 801/1142/1092 803/1143/1093 794/1144/1094
f 802/1145/1095 804/1146/1096 801/1142/1092
f 804/1147/1096 797/1148/1097 803/1149/1093
f 805/1150/1098 799/1139/1089 804/1147/1096
f 795/1151/359 808/1152/1099 807/1153/1100
f 806/1154/1101 809/1155/1102 808/1152/1099
f 807/1153/1100 805/1156/1103 802/1145/1104
f 808/1152/1099 800/1157/1105 805/1156/1103
f 830/517/472 835/1158/1106 834/1159/1107
f 833/1160/1108 836/1161/1109 835/1162/1106
f 834/1159/1107 847/1163/1110 844/1164/1111
f 835/1162/1106 837/1165/1112 847/1166/1110
f 831/1167/1113 841/1168/1114 840/1169/1115
f 838/1170/1116 842/1171/1117 841/1168/1114
f 840/1169/1115 841/1168/1114 836/1161/1118
f 841/1168/1114 837/1165/1119 836/1161/1118
f 843/1172/1120 845/1173/1121 832/1174/1122
f 844/1175/1111 846/1176/1123 843/1172/1120
f 846/1176/1123 839/1177/1124 845/1173/1121
f 847/1166/1110 842/1171/1125 846/1176/1123
f 898/477/435 902/1178/1126 901/1179/1127
f 907/1180/1128 903/1181/1129 902/1178/1126
f 901/1179/1127 914/1182/1130 911/1183/1131
f 902/1178/1126 904/1184/1132 914/1182/1130
f 899/446/410 908/1185/1133 907/1186/1134
f 905/1187/1135 909/1188/1136 908/1185/1133
f 907/1186/1134 908/1185/1133 903/1181/1137
f 908/1185/1133 904/1184/1138 903/1181/1137
f 910/1189/1139 912/1190/1140 900/514/469
f 911/1183/1131 913/1191/1141 910/1189/1139
f 913/1191/1141 906/1192/1142 912/1190/1140
f 914/1182/1143 909/1188/1136 913/1191/1141
f 935/519/474 940/1193/1144 948/1194/1145
f 938/1195/1146 941/1196/1147 940/1193/1144
f 948/1194/1145 940/1193/1144 951/1197/1148
f 940/1193/1144 942/1198/1149 951/1197/1150
f 943/1199/1151 945/1200/1152 936/1201/1153
f 944/1202/1154 946/1203/1155 943/1199/1151
f 946/1203/1155 939/1204/1156 945/1200/1152
f 947/1205/1157 941/1196/1158 946/1203/1155
f 937/458/419 950/1206/1159 949/1207/1160
f 948/1208/1161 951/1197/1162 950/1206/1159
f 949/1207/1160 947/1205/1157 944/1202/1154
f 950/1206/1159 942/1198/1163 947/1205/1157
s 5
f 1002/1209/1164 1007/1210/1165 1015/1211/1166
f 1005/1212/1167 1008/1213/1168 1007/1210/1165
f 1015/1214/1166 1007/1215/1165 1018/1216/1169
f 1007/1215/1165 1009/1217/1170 1018/1216/1171
f 1010/1218/1172 1012/1219/1173 1003/1220/1174
f 1011/1221/1175 1013/1222/1176 1010/1218/1172
f 1013/1223/1176 1006/1224/1177 1012/1225/1173
f 1014/1226/1178 1008/1227/1168 1013/1222/1176
f 1004/576/526 1017/1228/1179 1016/1229/1180
f 1015/1230/1181 1018/1216/1182 1017/1228/1179
f 1016/1229/1180 1014/1226/1183 1011/1221/1184
f 1017/1228/1179 1009/1217/1185 1014/1226/1183
f 1039/1231/640 1044/1232/1186 1043/1233/1187
f 1042/1234/1188 1045/1235/1189 1044/1236/1186
f 1043/1233/1187 1055/1237/1190 1052/1238/1191
f 1044/1232/1186 1046/1239/1192 1055/1237/1190
f 1040/1240/1193 1049/1241/1194 1042/1242/1195
f 1047/1243/1196 1050/1244/1197 1049/1241/1194
f 1042/1242/1195 1049/1241/1194 1045/1235/1198
f 1049/1241/1194 1046/1245/1199 1045/1235/1200
f 1051/1246/1201 1053/1247/1202 1041/1248/1203
f 1052/1238/1191 1054/1249/1204 1051/1246/1201
f 1054/1250/1204 1048/1251/1205 1053/1252/1202
f 1055/1237/1190 1050/1253/1206 1054/1249/1204
f 1106/664/605 1110/1254/1207 1109/1255/1208
f 1115/1256/1209 1111/1257/1210 1110/1254/1207
f 1109/1255/1208 1122/1258/1211 1119/1259/1212
f 1110/1254/1207 1112/1260/1213 1122/1258/1211
f 1107/633/580 1116/1261/1214 1115/1262/1215
f 1113/1263/1216 1117/1264/1217 1116/1261/1214
f 1115/1262/1215 1116/1261/1214 1111/1257/1218
f 1116/1261/1214 1112/1260/1219 1111/1257/1218
f 1118/1265/1220 1120/1266/1221 1108/698/637
f 1119/1259/1212 1121/1267/1222 1118/1265/1220
f 1121/1267/1222 1114/1268/1223 1120/1266/1221
f 1122/1258/1224 1117/1264/1217 1121/1267/1222
f 1143/703/642 1149/1269/1225 1148/1270/1226
f 1146/1271/1227 1150/1272/1228 1149/1269/1225
f 1148/1270/1226 1149/1269/1225 1159/1273/1229
f 1149/1269/1225 1151/1274/1230 1159/1273/1229
f 1152/1275/1231 1154/1276/1232 1144/1277/1233
f 1153/1278/1234 1155/1279/1235 1152/1275/1231
f 1155/1279/1235 1147/1280/1236 1154/1276/1232
f 1156/1281/1237 1150/1272/1238 1155/1279/1235
f 1145/645/589 1158/1282/1239 1157/1283/1240
f 1148/1284/1241 1159/1273/1242 1158/1282/1239
f 1157/1283/1240 1156/1281/1237 1153/1278/1234
f 1158/1282/1239 1151/1274/1243 1156/1281/1237
s 1
f 222/25/22 1162/1285/1244 225/1286/1245
f 225/1286/1245 1163/1287/1246 224/1288/1247
f 224/1288/1248 1164/1289/1249 223/1290/1250
f 1164/1289/1249 221/1291/159 223/1290/1250
f 1160/24/21 208/1292/1251 1162/1285/1244
f 1162/1285/1244 209/1293/1252 1163/1287/1246
f 1163/1287/1253 210/1294/1254 1164/1289/1249
f 210/1294/1254 1161/1295/122 1164/1289/1249
f 1165/1296/56 230/1297/1255 227/1298/7
f 1167/1299/1256 229/1300/1257 230/1297/1255
f 1168/1301/1258 228/1302/1259 229/1300/1260
f 228/1302/1259 1166/119/105 226/21/18
f 211/1303/168 1167/1299/1256 1165/1296/56
f 213/1304/1261 1168/1301/1262 1167/1299/1256
f 214/1305/1263 1169/1306/1264 1168/1301/1258
f 1169/1306/1264 212/18/15 1166/119/105
f 1170/129/114 205/1307/1265 202/3/3
f 1172/1308/1266 204/1309/1267 205/1307/1265
f 1173/1310/1268 203/1311/1269 204/1309/1270
f 203/1311/1269 1171/1312/4 201/1313/13
f 222/25/22 1172/1308/1266 1170/129/114
f 225/1286/1245 1173/1310/1271 1172/1308/1266
f 224/1288/1248 1174/1314/1272 1173/1310/1268
f 1174/1314/1272 221/1291/159 1171/1312/4
f 217/1315/138 1177/1316/1273 220/1317/1274
f 220/1317/1274 1178/1318/1275 219/1319/1276
f 219/1319/1277 1179/1320/1278 218/1321/1279
f 1179/1320/1278 216/10/8 218/1321/1279
f 1175/1322/23 230/1297/1255 1177/1316/1273
f 1177/1316/1273 229/1300/1257 1178/1318/1275
f 1178/1318/1280 228/1302/1259 1179/1320/1278
f 228/1302/1259 1176/23/20 1179/1320/1278
f 232/1323/139 1182/1324/1281 235/1325/1282
f 235/1325/1282 1183/1326/1283 234/1327/1284
f 234/1327/1285 1184/1328/1286 233/1329/1287
f 1184/1328/1286 231/29/26 233/1329/1287
f 1180/1330/134 220/1317/1274 1182/1324/1281
f 1182/1324/1281 219/1319/1276 1183/1326/1283
f 1183/1326/1288 218/1321/1279 1184/1328/1286
f 218/1321/1279 1181/12/10 1184/1328/1286
f 206/15/12 1187/1331/1289 208/1292/1251
f 208/1292/1251 1188/1332/1290 209/1293/1252
f 209/1293/1291 1189/1333/1292 210/1294/1254
f 1189/1333/1292 207/1334/32 210/1294/1254
f 1185/14/11 238/1335/1293 1187/1331/1289
f 1187/1331/1289 239/1336/1294 1188/1332/1290
f 1188/1332/1295 240/1337/1296 1189/1333/1292
f 240/1337/1296 1186/1338/30 1189/1333/1292
f 236/44/40 1192/1339/1297 238/1335/1293
f 238/1335/1293 1193/1340/1298 239/1336/1294
f 239/1336/1299 1194/1341/1300 240/1337/1296
f 1194/1341/1300 237/1342/29 240/1337/1296
f 1190/53/48 248/1343/1301 1192/1339/1297
f 1192/1339/1297 249/1344/1302 1193/1340/1298
f 1193/1340/1303 250/1345/1304 1194/1341/1300
f 250/1345/1304 1191/1346/27 1194/1341/1300
f 242/1347/169 1197/1348/1305 245/1349/1306
f 245/1349/1306 1198/1350/1307 244/1351/1308
f 244/1351/1309 1199/1352/1310 243/1353/1311
f 1199/1352/1310 241/39/36 243/1353/1311
f 1195/1354/162 235/1325/1282 1197/1348/1305
f 1197/1348/1305 234/1327/1284 1198/1350/1307
f 1198/1350/1312 233/1329/1287 1199/1352/1310
f 233/1329/1287 1196/37/34 1199/1352/1310
f 1200/170/149 272/1355/1313 269/168/147
f 1202/1356/1314 271/1357/1315 272/1355/1313
f 1203/1358/1316 270/1359/1317 271/1357/1315
f 1204/1360/1318 268/1361/45 270/1359/1317
f 252/725/664 1202/1356/1314 1200/170/149
f 261/724/663 1203/1358/1316 1202/1356/1314
f 255/730/667 1204/1360/1318 1203/1358/1316
f 254/719/658 1201/133/116 1204/1360/1318
f 246/52/47 1207/1362/1319 248/1343/1301
f 248/1343/1301 1208/1363/1320 249/1344/1302
f 249/1344/1321 1209/1364/1322 250/1345/1304
f 250/1345/1304 1206/1365/37 247/1366/39
f 1205/152/133 272/1355/1313 1207/1362/1319
f 1207/1362/1323 271/1357/1315 1208/1363/1320
f 1208/1363/1324 270/1359/1317 1209/1364/1322
f 270/1359/1317 1206/1365/37 1209/1364/1322
f 252/1367/664 1212/1368/1325 259/728/662
f 259/728/662 1213/1369/1326 260/726/665
f 260/726/674 1214/1370/1327 265/733/670
f 265/733/670 1211/46/42 253/48/44
f 1210/1371/148 245/1349/1306 1212/1368/1325
f 1212/1368/1325 244/1351/1308 1213/1369/1326
f 1213/1369/1328 243/1353/1311 1214/1370/1327
f 1214/1370/1327 241/39/36 1211/46/42
f 1215/1372/63 213/1304/1261 211/1303/168
f 1217/1373/1329 214/1305/1330 213/1304/1261
f 1218/1374/1331 215/1375/1332 214/1305/1263
f 215/1375/1332 1216/162/141 212/18/15
f 278/128/113 1217/1376/1329 1215/69/63
f 280/1377/1333 1218/1374/1334 1217/1373/1329
f 281/1378/1335 1219/1379/1336 1218/1374/1331
f 1219/1379/1336 279/58/53 1216/162/141
f 1220/1/1 277/1380/1337 274/177/156
f 1222/1381/1338 276/1382/1339 277/1380/1337
f 1223/1383/1340 275/1384/1341 276/1382/1342
f 275/1385/1341 1221/54/49 273/56/51
f 202/3/3 1222/1381/1338 1220/1/1
f 205/1307/1265 1223/1383/1343 1222/1381/1338
f 204/1309/1270 1224/1386/1344 1223/1383/1340
f 1224/1387/1344 201/16/13 1221/54/49
f 290/752/692 1227/1388/1345 301/750/690
f 301/750/690 1228/1389/1346 302/743/681
f 302/743/681 1229/1390/1347 292/739/677
f 292/739/677 1226/120/106 288/176/155
f 1225/1391/125 285/1392/1348 1227/1388/1345
f 1227/1388/1345 286/1393/1349 1228/1389/1346
f 1228/1389/1346 287/1394/1350 1229/1390/1347
f 1229/1390/1347 284/64/59 1226/120/106
f 1230/144/126 280/1395/1333 278/128/113
f 1232/1396/1351 281/1378/1352 280/1377/1333
f 1233/1397/1353 282/1398/1354 281/1378/1335
f 1234/1399/1355 279/58/53 282/1398/1354
f 290/1400/692 1232/1401/1351 1230/144/126
f 303/751/691 1233/1397/1356 1232/1396/1351
f 297/754/1357 1234/1399/1355 1233/1397/1353
f 296/748/686 1231/66/61 1234/1399/1355
f 1235/146/128 285/1402/1348 283/145/127
f 1237/1403/1358 286/1404/1349 285/1402/1348
f 1238/1405/1359 287/1406/1350 286/1404/1349
f 287/1394/1350 1236/62/57 284/64/59
f 274/177/156 1237/1403/1358 1235/146/128
f 277/1380/1337 1238/1405/1360 1237/1403/1358
f 276/1382/1342 1239/1407/1361 1238/1405/1359
f 275/1385/1341 1236/62/57 1239/1408/1361
f 1240/142/124 330/1409/1362 327/71/64
f 1242/1410/1363 329/1411/1364 330/1409/1362
f 1243/1412/1365 328/1413/1366 329/1411/1364
f 1244/1414/1367 326/190/167 328/1413/1366
f 311/91/82 1242/1410/1363 1240/142/124
f 313/1415/1368 1243/1412/1365 1242/1410/1363
f 314/1416/1369 1244/1414/1367 1243/1412/1365
f 315/1417/1370 1241/189/166 1244/1414/1367
f 332/85/76 1247/1418/1371 335/1419/1372
f 335/1419/1372 1248/1420/1373 334/1421/1374
f 334/1421/1374 1249/1422/1375 333/1423/1376
f 333/1423/1376 1246/123/109 331/126/112
f 1245/84/75 318/1424/1377 1247/1418/1371
f 1247/1418/1371 319/1425/1378 1248/1420/1373
f 1248/1420/1373 320/1426/1379 1249/1422/1375
f 1249/1422/1375 317/124/110 1246/123/109
f 307/81/72 1252/1427/1380 310/1428/1381
f 310/1428/1381 1253/1429/1382 309/1430/1383
f 309/1430/1383 1254/1431/1384 308/1432/1385
f 308/1432/1385 1251/140/123 306/106/95
f 1250/72/65 330/1409/1362 1252/1427/1380
f 1252/1427/1380 329/1411/1364 1253/1429/1382
f 1253/1429/1382 328/1413/1366 1254/1431/1384
f 1254/1431/1384 326/190/167 1251/140/123
f 1255/86/77 325/1433/1386 322/125/111
f 1257/1434/1387 324/1435/1388 325/1433/1386
f 1258/1436/1389 323/1437/1390 324/1435/1388
f 1259/1438/1391 321/181/160 323/1437/1390
f 332/85/76 1257/1434/1387 1255/86/77
f 335/1419/1372 1258/1436/1389 1257/1434/1387
f 334/1421/1374 1259/1438/1391 1258/1436/1389
f 333/1423/1376 1256/161/140 1259/1438/1391
f 1260/77/69 340/1439/1392 337/155/135
f 1262/1440/1393 339/1441/1394 340/1439/1392
f 1263/1442/1395 338/1443/1396 339/1441/1394
f 1264/1444/1397 336/78/70 338/1443/1396
f 322/125/111 1262/1440/1393 1260/77/69
f 325/1433/1386 1263/1442/1395 1262/1440/1393
f 324/1435/1388 1264/1444/1397 1263/1442/1395
f 323/1437/1390 1261/94/85 1264/1444/1397
f 1265/92/83 313/1415/1368 311/91/82
f 1267/1445/1398 314/1416/1369 313/1415/1368
f 1268/1446/1399 315/1417/1370 314/1416/1369
f 1269/1447/1400 312/188/165 315/1417/1370
f 341/97/87 1267/1445/1398 1265/92/83
f 343/1448/1401 1268/1446/1399 1267/1445/1398
f 344/1449/1402 1269/1447/1400 1268/1446/1399
f 345/1450/1403 1266/74/67 1269/1447/1400
f 1270/98/88 343/1448/1401 341/97/87
f 1272/1451/1404 344/1449/1402 343/1448/1401
f 1273/1452/1405 345/1450/1403 344/1449/1402
f 1274/1453/1406 342/138/121 345/1450/1403
f 351/102/91 1272/1451/1404 1270/98/88
f 353/1454/1407 1273/1452/1405 1272/1451/1404
f 354/1455/1408 1274/1453/1406 1273/1452/1405
f 355/1456/1409 1271/182/161 1274/1453/1406
f 1275/93/84 350/1457/1410 347/185/163
f 1277/1458/1411 349/1459/1412 350/1457/1410
f 1278/1460/1413 348/1461/1414 349/1459/1412
f 1279/1462/1415 346/101/90 348/1461/1414
f 337/155/135 1277/1458/1411 1275/93/84
f 340/1439/1392 1278/1460/1413 1277/1458/1411
f 339/1441/1394 1279/1462/1415 1278/1460/1413
f 338/1443/1396 1276/80/71 1279/1462/1415
f 374/187/164 1282/1463/1416 377/1464/1417
f 377/1464/1417 1283/1465/1418 376/1466/1419
f 376/1466/1419 1284/1467/1420 375/1468/1421
f 375/1468/1421 1281/172/151 373/174/153
f 1280/137/120 360/756/697 1282/1469/1416
f 1282/1463/1416 369/762/701 1283/1465/1418
f 1283/1465/1418 368/768/710 1284/1467/1420
f 1284/1467/1420 358/173/152 1281/172/151
f 1285/104/93 353/1454/1407 351/102/91
f 1287/1470/1422 354/1455/1408 353/1454/1407
f 1288/1471/1423 355/1456/1409 354/1455/1408
f 1289/1472/1424 352/179/158 355/1456/1409
f 374/187/164 1287/1470/1422 1285/104/93
f 377/1464/1417 1288/1471/1423 1287/1470/1422
f 376/1466/1419 1289/1472/1424 1288/1471/1423
f 375/1468/1421 1286/156/136 1289/1472/1424
f 1290/99/89 364/766/705 357/105/94
f 1292/1473/1425 365/771/713 364/766/705
f 1293/1474/1426 370/769/711 365/771/713
f 1294/1475/1427 358/173/152 370/769/711
f 347/185/163 1292/1473/1425 1290/99/89
f 350/1457/1410 1293/1474/1426 1292/1473/1425
f 349/1459/1412 1294/1475/1427 1293/1474/1426
f 348/1461/1414 1291/171/150 1294/1475/1427
f 316/88/79 1297/1476/1428 318/1424/1377
f 318/1424/1377 1298/1477/1429 319/1425/1378
f 319/1425/1378 1299/1478/1430 320/1426/1379
f 320/1426/1379 1296/166/145 317/124/110
f 1295/109/96 385/1479/1431 1297/1476/1428
f 1297/1476/1428 386/1480/1432 1298/1477/1429
f 1298/1477/1429 387/1481/1433 1299/1478/1430
f 1299/1478/1430 384/130/115 1296/166/145
f 379/111/98 1302/1482/1434 382/1483/1435
f 382/1483/1435 1303/1484/1436 381/1485/1437
f 381/1485/1437 1304/1486/1438 380/1487/1439
f 380/1487/1439 1301/115/101 378/114/100
f 1300/82/73 310/1428/1381 1302/1482/1434
f 1302/1482/1434 309/1430/1383 1303/1484/1436
f 1303/1484/1436 308/1432/1385 1304/1486/1438
f 1304/1486/1438 306/106/95 1301/115/101
f 1305/122/108 396/774/717 393/178/157
f 1307/1488/1440 397/783/727 396/774/717
f 1308/1489/1441 403/779/723 397/783/727
f 1309/1490/1442 394/780/724 403/779/723
f 388/118/104 1307/1488/1440 1305/122/108
f 390/1491/1443 1308/1489/1441 1307/1488/1440
f 391/1492/1444 1309/1490/1442 1308/1489/1441
f 392/1493/1445 1306/150/132 1309/1490/1442
f 383/110/97 1312/1494/1446 385/1479/1431
f 385/1479/1431 1313/1495/1447 386/1480/1432
f 386/1480/1432 1314/1496/1448 387/1481/1433
f 387/1481/1433 1311/149/131 384/130/115
f 1310/116/102 407/786/731 1312/1494/1446
f 1312/1494/1446 402/781/725 1313/1495/1447
f 1313/1495/1447 401/778/722 1314/1496/1448
f 1314/1496/1448 394/780/724 1311/149/131
f 388/118/104 1317/1497/1449 390/1491/1443
f 390/1491/1443 1318/1498/1450 391/1492/1444
f 391/1492/1444 1319/1499/1451 392/1493/1445
f 392/1493/1445 1316/148/130 389/147/129
f 1315/112/99 382/1483/1435 1317/1497/1449
f 1317/1497/1449 381/1485/1437 1318/1498/1450
f 1318/1498/1450 380/1487/1439 1319/1499/1451
f 1319/1499/1451 378/114/100 1316/148/130
f 395/117/103 1322/1500/1452 406/1501/732
f 406/773/1453 1321/175/154 393/178/157
f 1320/67/62 298/747/1454 1322/1500/1452
s 28
f 1322/1502/1455 298/1503/1456 291/740/1456
s 1
f 1322/1504/1457 288/176/155 1321/175/154
f 1323/47/43 264/1505/1458 253/48/44
f 1325/1506/1459 251/716/655 264/718/657
f 357/105/94 1325/1507/1460 1323/47/43
f 359/1508/698 1324/134/117 1325/1506/1459
s 2
f 532/259/235 1328/1509/1461 544/938/882
f 544/938/882 1329/1510/1462 545/928/872
f 1329/1510/1462 535/925/869 545/928/872
f 1330/1511/1463 530/242/218 535/925/869
f 1326/258/234 553/945/888 1328/1509/1461
f 1328/1509/1461 563/948/891 1329/1510/1462
f 563/948/891 1330/1511/1463 1329/1510/1462
f 562/956/899 1327/260/236 1330/1511/1463
f 1331/252/228 557/951/894 549/253/229
f 1333/1512/1464 558/953/896 557/951/894
f 558/953/896 1335/1513/1465 564/957/900
f 564/957/900 1332/239/216 550/300/276
f 567/230/207 1333/1512/1464 1331/252/228
f 572/961/904 1334/1514/1466 1333/1512/1464
f 1334/1514/1466 581/974/917 1335/1513/1465
f 1335/1513/1465 569/267/243 1332/239/216
s 3
f 1336/287/263 576/1515/912 568/298/274
f 1338/1516/1467 577/1517/1468 576/1515/912
s 2
f 577/977/920 1339/1518/1469 583/975/918
f 1339/1518/1469 569/267/243 583/975/918
s 3
f 1336/287/263 541/932/876 1338/1516/1467
f 1338/1516/1467 534/936/880 1339/1519/1470
s 2
f 1339/1520/1469 534/926/1471 533/924/868
f 1339/1518/1469 530/242/218 1337/241/217
f 200/297/273 1342/1521/1472 525/919/862
f 525/919/862 1343/1522/1473 526/908/850
f 1343/1522/1473 517/905/847 526/908/850
f 1344/1523/1474 513/279/255 517/905/847
f 1340/294/270 559/952/895 1342/1521/1472
f 1342/1521/1472 552/946/889 1343/1522/1473
f 552/946/889 1344/1523/1474 1343/1522/1473
f 551/944/887 1341/273/249 1344/1523/1474
s 3
f 1345/248/224 539/933/877 531/288/264
f 1347/1524/1475 540/1525/1476 539/933/877
s 2
f 540/1525/885 1348/1526/1477 546/1527/883
f 1348/1528/1477 532/259/235 546/939/883
s 3
f 1345/248/224 522/912/854 1347/1524/1475
f 1347/1524/1475 516/917/858 1348/1529/1478
s 2
f 1348/1529/1477 516/917/848 515/1530/846
f 1348/1528/1477 513/279/255 1346/227/204
s 3
f 1349/249/225 520/1531/855 514/250/226
f 1351/1532/1479 521/922/1480 520/913/855
s 2
f 521/922/865 1352/1533/1481 527/920/863
f 1352/1533/1481 200/297/1482 527/920/863
s 3
f 1349/249/225 578/968/911 1351/1534/1479
f 1351/1532/1479 571/962/915 1352/1535/1483
s 2
f 1352/1535/1481 571/962/905 570/960/903
f 1352/1533/1481 567/230/207 1350/229/206
f 436/207/184 1355/1536/1484 439/1537/1485
f 439/1537/1485 1356/1538/1486 1813/1539/1487
f 1813/1539/1488 1357/1540/1489 441/1541/1490
f 441/1541/1490 1354/245/221 437/312/288
f 410/165/144 1355/1536/1484 1353/163/142
f 415/789/736 1356/1538/1486 1355/1536/1484
f 422/792/739 1357/1540/1489 1356/1538/1486
f 423/801/747 1354/245/221 1357/1540/1489
f 1358/257/233 454/1542/1491 447/214/191
f 1360/1543/1492 1814/830/1493 454/1542/1491
f 1361/1544/1494 449/826/771 1814/830/1493
f 1362/1545/1495 445/315/291 449/826/771
f 1358/257/233 423/802/747 1360/1543/1492
f 1360/1543/1492 419/796/743 1361/1544/1494
f 1361/1544/1494 418/793/740 1362/1545/1495
f 1362/1545/1495 411/795/742 1359/235/212
f 1363/313/289 441/1546/1490 437/312/288
f 1365/1547/1496 442/824/1497 441/1546/1490
f 1366/1548/1498 444/819/1499 442/824/1497
f 1367/1549/1500 438/232/209 444/819/1499
f 1363/313/289 454/1550/1491 1365/1547/1496
f 1365/1547/1496 452/835/1501 1366/1548/1498
f 1366/1548/1498 451/834/778 1367/1549/1500
f 1367/1549/1500 446/831/777 1364/246/222
f 465/296/272 1370/1551/1502 468/850/796
f 468/850/796 1371/1552/1503 469/861/798
f 469/861/798 1372/1553/1504 473/860/805
f 473/860/805 1369/277/253 466/318/294
f 425/219/196 1370/1551/1502 1368/217/194
f 429/804/749 1371/1552/1503 1370/1551/1502
f 433/807/1505 1372/1553/1504 1371/1552/1503
f 434/1554/1506 1369/277/253 1372/1553/1504
f 479/270/246 1375/1555/1507 487/867/809
f 487/867/1508 1376/1556/1509 1816/1557/1510
f 1816/1557/1510 1377/1558/1511 485/1559/1512
f 485/1559/1512 1374/334/309 480/204/181
f 467/261/237 1375/1555/1507 1373/271/247
f 477/863/808 1376/1556/1509 1375/1555/1507
f 472/857/803 1377/1558/1511 1376/1556/1509
f 473/859/805 1374/334/309 1377/1558/1511
f 1378/206/183 485/1560/1512 480/204/181
f 1380/1561/1513 484/875/1514 485/1560/1512
f 1381/1562/1515 487/873/1516 484/875/1514
f 1382/1563/1517 481/268/244 487/873/817
f 1378/206/183 434/1564/1506 1380/1561/1513
f 1380/1561/1513 433/1565/1518 1381/1562/1515
f 1381/1562/1515 432/1566/753 1382/1563/1517
f 1382/1563/1517 426/808/752 1379/263/239
f 1383/255/231 462/1567/1519 457/193/170
f 1385/1568/1520 1386/1569/1521 1815/844/1522
f 1386/1569/1521 459/840/784 1815/844/1522
f 1387/1570/1523 455/340/315 459/840/784
f 1383/255/231 496/886/1524 1385/1568/1520
f 1385/1568/1520 492/887/823 1386/1569/1521
f 1386/1569/1521 491/876/821 1387/1570/1523
f 1387/1570/1523 488/291/267 1384/293/269
f 1388/324/299 496/883/1524 489/278/254
f 1390/1571/1525 497/891/828 496/883/1524
f 1391/1572/1526 501/889/831 497/891/828
f 1392/1573/1527 490/283/259 501/889/831
f 1388/324/299 509/1574/1528 1390/1571/1525
f 1390/1571/1525 1812/1575/1529 1391/1572/1526
f 1391/1572/1526 506/892/1530 1392/1573/1527
f 1392/1573/1527 503/196/173 1389/198/175
f 1393/338/313 509/1576/1528 504/325/300
f 1395/1577/1531 510/902/1532 509/1576/1528
f 1396/1578/1533 512/899/841 510/902/1532
f 1397/1579/1534 505/290/266 512/899/841
f 1393/338/313 462/1580/1519 1395/1577/1531
f 1395/1577/1531 463/848/1535 1396/1578/1533
f 1396/1578/1533 460/849/791 1397/1579/1534
f 1397/1579/1534 456/845/790 1394/284/260
f 587/992/306 1400/1581/1536 598/990/939
f 598/990/939 1401/1582/1537 599/984/928
f 599/984/928 1402/1583/1538 589/980/924
f 589/980/924 1399/281/257 585/978/922
f 1398/1584/305 613/1003/953 1400/1581/1536
f 1400/1581/1536 607/997/947 1401/1582/1537
f 1401/1582/1537 606/995/945 1402/1583/1538
f 606/995/945 1399/281/257 1402/1583/1538
f 1403/305/281 624/1014/962 621/316/292
f 1405/1585/1539 625/1024/972 624/1014/962
f 1406/1586/1540 632/1020/969 625/1024/972
f 1407/1587/1541 622/1021/199 632/1020/969
f 605/304/280 1405/1585/1539 1403/305/281
f 618/1010/958 1406/1586/1540 1405/1585/1539
f 612/1005/954 1407/1587/1541 1406/1586/1540
f 611/1002/952 1404/1588/197 1407/1587/1541
f 1408/306/282 593/988/932 586/307/283
f 1410/1589/1542 594/994/942 593/988/932
f 1411/1590/1543 600/991/940 594/994/942
f 1412/1591/1544 587/992/306 600/991/940
f 1408/306/282 636/1027/975 1410/1589/1542
f 1410/1589/1542 631/1022/970 1411/1590/1543
f 1411/1590/1543 630/1019/968 1412/1591/1544
f 1412/1591/1544 622/1021/199 1409/1592/198
f 1413/1593/296 652/1041/991 641/1043/295
f 1415/1594/1545 653/1033/983 652/1041/991
f 1416/1595/1546 644/1029/979 653/1033/983
f 1417/1596/1547 639/1030/980 644/1029/979
f 658/1055/298 1415/1594/1545 1413/1593/296
f 668/1054/1004 1416/1595/1546 1415/1594/1545
f 661/1058/1008 1417/1596/1547 1416/1595/1546
f 660/1048/996 1414/224/201 1417/1596/1547
f 676/1078/311 1420/1597/1548 687/1076/1028
f 687/1076/1028 1421/1598/1549 688/1070/1021
f 688/1070/1021 1422/1599/1550 678/1066/1017
f 678/1066/1017 1419/210/187 674/1064/1015
f 1418/1600/310 654/1042/992 1420/1597/1548
f 1420/1597/1548 648/1038/988 1421/1598/1549
f 1421/1598/1549 647/1036/986 1422/1599/1550
f 1422/1599/1550 640/310/286 1419/210/187
f 1423/309/285 682/1074/1025 675/311/287
f 1425/1601/1551 683/1080/1031 682/1074/1025
f 1426/1602/1552 689/1077/1029 683/1080/1031
f 1427/1603/1553 676/1078/311 689/1077/1029
f 1423/309/285 672/1061/1011 1425/1601/1551
f 1425/1601/1551 667/1056/1005 1426/1602/1552
f 1426/1602/1552 666/1053/1003 1427/1603/1553
f 1427/1603/1553 658/1055/298 1424/1604/297
f 1428/329/304 695/1083/1034 692/341/316
f 1430/1605/1554 696/1092/1042 695/1083/1034
f 1431/1606/1555 702/1093/1039 696/1092/1042
f 1432/1607/1556 693/1089/190 702/1088/1039
f 709/1101/1051 1430/1605/1554 1428/329/304
f 714/1100/1050 1431/1606/1555 1430/1605/1554
f 723/1104/1054 1432/1607/1556 1431/1606/1555
f 722/1112/1062 1429/1608/180 1432/1607/1556
f 710/301/277 1435/1609/1557 717/1107/1057
f 717/1107/1057 1436/1610/1558 718/1109/1059
f 718/1109/1059 1437/1611/1559 724/1113/1063
f 724/1113/1063 1434/1612/301 711/1114/178
f 1433/200/177 732/1119/1067 1435/1609/1557
f 1435/1609/1557 740/1123/1071 1436/1610/1558
f 1436/1610/1558 739/1130/1080 1437/1611/1559
f 1437/1611/1559 729/1132/302 1434/1612/301
f 1438/303/279 735/1128/1077 728/302/278
f 1440/1613/1560 736/1134/1084 735/1128/1077
f 1441/1614/1561 741/1131/1081 736/1134/1084
f 1442/1615/1562 729/1132/302 741/1131/1081
f 1438/303/279 706/1097/1046 1440/1613/1560
f 1440/1613/1560 701/1090/1040 1441/1614/1561
f 1441/1614/1561 700/1087/1038 1442/1615/1562
f 1442/1615/1562 693/1089/190 1439/1616/189
f 1443/164/143 413/788/735 410/165/144
f 1445/1617/1563 414/790/1564 413/788/735
f 1446/1618/1565 420/794/741 414/790/1564
f 1447/1619/1566 411/795/742 420/794/741
f 603/317/293 1445/1617/1563 1443/164/143
f 608/996/946 1446/1618/1565 1445/1617/1563
f 617/999/949 1447/1619/1566 1446/1618/1565
f 616/1009/957 1444/236/213 1447/1619/1566
f 623/308/284 1450/1620/1567 635/1621/976
f 635/1017/966 1451/1622/1568 626/1013/964
f 626/1013/961 1449/314/290 621/316/292
f 1448/247/223 453/833/779 1450/1620/1567
f 1450/1623/1569 448/825/1570 1451/1622/1568
f 1451/1622/1571 445/315/291 1449/314/290
f 1452/218/195 428/803/748 425/219/196
s 29
f 428/812/1572 1454/1624/1573 431/810/1574
s 2
f 431/810/754 1453/264/240 426/808/752
f 1452/218/195 662/1047/995 1454/1625/1575
f 1454/1625/1575 662/1047/995 671/1050/1576
f 1454/1626/1577 671/1050/1578 670/1062/1579
f 670/1062/1579 1453/264/240 1454/1624/1577
f 674/1064/1015 1457/1627/1580 677/1067/1581
f 677/1067/1018 1458/1628/1582 684/1629/1583
f 1458/1630/1584 675/311/287 684/1073/1024
f 1455/209/186 482/866/810 1457/1627/1580
f 1457/1627/1585 486/871/1586 1458/1628/1582
f 486/872/816 1456/269/245 1458/1630/1584
f 490/283/259 1461/1631/1587 499/888/830
f 1461/1631/1587 500/881/1588 499/888/830
f 1462/1632/1589 493/877/822 500/881/1588
f 1463/1633/1590 488/291/267 493/877/822
f 1459/282/258 719/1108/1058 1461/1631/1587
f 1461/1631/1587 713/1102/1052 1462/1632/1589
f 713/1102/1052 1463/1633/1590 1462/1632/1589
f 712/1099/1049 1460/328/303 1463/1633/1590
f 694/1095/1044 1466/1634/1591 705/1635/1047
f 1466/1636/1592 692/341/316 705/1082/1033
f 1464/285/261 461/847/792 1466/1634/1591
s 30
f 1466/1637/1593 461/841/1593 458/839/1593
s 2
f 458/839/1594 1465/339/314 1466/1636/1592
f 585/978/922 1469/1638/1595 588/1639/925
f 588/1639/936 1469/1638/1595 1470/1640/1596
f 588/981/936 1470/1641/1596 595/987/934
f 1470/1641/1597 586/307/283 595/987/931
f 1467/280/256 443/815/1598 1469/1638/1595
f 1469/1638/1595 443/820/1598 1470/1640/1596
f 443/818/1599 1468/234/211 1470/1641/1597
f 1471/262/238 475/862/807 467/261/237
f 1473/1642/1600 476/855/1601 475/862/807
f 476/855/1601 1475/1643/1602 470/851/797
f 1475/1643/1602 465/296/272 470/851/797
f 640/310/286 1473/1642/1600 1471/262/238
f 1473/1642/1600 643/1031/981 1474/1644/1603
f 1474/1644/1603 642/1028/978 1475/1643/1602
f 642/1028/978 1472/223/200 1475/1643/1602
f 1476/289/265 511/898/840 505/290/266
s 31
f 511/897/1604 1479/1645/1605 507/893/1606
s 2
f 1479/1645/1607 503/196/173 507/893/1608
f 728/302/278 1478/1646/1609 1476/289/265
f 1478/1646/1609 737/1127/1076 731/1121/1610
s 31
f 731/1121/1611 1479/1645/1605 1478/1647/1612
s 2
f 1479/1645/1607 727/1117/1065 1477/199/176
s 4
f 764/366/338 1482/1648/1613 767/1649/1614
f 767/1650/1614 1483/1651/1615 766/1652/1616
f 766/1652/1617 1484/1653/1618 765/1654/1619
f 1484/1653/1618 763/521/476 765/1654/1619
f 1480/365/337 750/1655/1620 1482/1648/1613
f 1482/1656/1613 751/1657/1621 1483/1651/1615
f 1483/1651/1622 752/1658/1623 1484/1653/1618
f 752/1658/1623 1481/480/438 1484/1653/1618
f 1485/402/371 772/1659/1624 769/349/323
f 1487/1660/1625 771/1661/1626 772/1659/1624
f 1488/1662/1627 770/1663/1628 771/1661/1629
f 770/1664/1628 1486/460/421 768/362/334
f 753/530/485 1487/1660/1625 1485/402/371
f 755/1665/1630 1488/1662/1631 1487/1660/1625
f 756/1666/1632 1489/1667/1633 1488/1662/1627
f 1489/1668/1633 754/359/331 1486/460/421
f 1490/470/430 747/1669/1634 744/344/319
f 1492/1670/1635 746/1671/1636 747/1672/1634
f 1493/1673/1637 745/1674/1638 746/1671/1639
f 745/1674/1638 1491/345/320 743/357/329
f 764/366/338 1492/1675/1635 1490/470/430
f 767/1650/1614 1493/1673/1640 1492/1670/1635
f 766/1652/1617 1494/1676/1641 1493/1673/1637
f 1494/1676/1641 763/521/476 1491/345/320
f 759/499/455 1497/1677/1642 762/1678/1643
f 762/1678/1643 1498/1679/1644 761/1680/1645
f 761/1680/1646 1499/1681/1647 760/1682/1648
f 1499/1683/1647 758/351/324 760/1684/1648
f 1495/367/339 772/1659/1624 1497/1677/1642
f 1497/1677/1642 771/1661/1626 1498/1679/1644
f 1498/1679/1649 770/1663/1628 1499/1681/1647
f 770/1664/1628 1496/364/336 1499/1683/1647
f 774/500/456 1502/1685/1650 777/1686/1651
f 777/1686/1651 1503/1687/1652 776/1688/1653
f 776/1688/1654 1504/1689/1655 775/1690/1656
f 1504/1691/1655 773/370/341 775/1692/1656
f 1500/494/451 762/1678/1643 1502/1685/1650
f 1502/1685/1650 761/1680/1645 1503/1687/1652
f 1503/1687/1657 760/1682/1648 1504/1689/1655
f 760/1684/1648 1501/353/326 1504/1691/1655
f 748/356/328 1507/1693/1658 750/1655/1620
f 750/1694/1620 1508/1695/1659 751/1657/1621
f 751/1657/1660 1509/1696/1661 752/1658/1623
f 1509/1696/1661 749/376/347 752/1658/1623
f 1505/355/327 780/1697/1662 1507/1693/1658
f 1507/1698/1658 781/1699/1663 1508/1695/1659
f 1508/1695/1664 782/1700/1665 1509/1696/1661
f 782/1700/1665 1506/374/345 1509/1696/1661
f 778/1701/355 1512/1702/1666 780/1703/1662
f 780/1703/1662 1513/1704/1667 781/1699/1663
f 781/1699/1668 1514/1705/1669 782/1700/1665
f 1514/1705/1669 779/373/344 782/1700/1665
f 1510/1706/363 790/1707/1670 1512/1702/1666
f 1512/1702/1666 791/1708/1671 1513/1704/1667
f 1513/1704/1672 792/1709/1673 1514/1705/1669
f 792/1709/1673 1511/371/342 1514/1705/1669
f 784/531/486 1517/1710/1674 787/1711/1675
f 787/1711/1675 1518/1712/1676 786/1713/1677
f 786/1713/1678 1519/1714/1679 785/1715/1680
f 1519/1714/1679 783/1716/351 785/1715/1680
f 1515/524/479 777/1686/1651 1517/1710/1674
f 1517/1710/1674 776/1688/1653 1518/1712/1676
f 1518/1712/1681 775/1690/1656 1519/1714/1679
f 775/1690/1656 1516/1717/349 1519/1714/1679
f 1520/1718/466 814/1719/1682 811/1720/464
f 1522/1721/1683 813/1722/1684 814/1719/1682
f 1523/1723/1685 812/1724/1686 813/1722/1684
f 1524/1725/1687 810/390/360 812/1724/1686
f 794/1726/1094 1522/1721/1683 1520/1718/466
f 803/1149/1093 1523/1723/1685 1522/1721/1683
f 797/1148/1097 1524/1725/1687 1523/1723/1685
f 796/1138/1088 1521/474/432 1524/1725/1687
f 788/1727/362 1527/1728/1688 790/1707/1670
f 790/1707/1670 1528/1729/1689 791/1708/1671
f 791/1708/1690 1529/1730/1691 792/1709/1673
f 792/1709/1673 1526/381/352 789/383/354
f 1525/1731/450 814/1719/1682 1527/1728/1688
f 1527/1728/1692 813/1722/1684 1528/1729/1689
f 1528/1729/1693 812/1724/1686 1529/1730/1691
f 812/1724/1686 1526/381/352 1529/1730/1691
f 794/1144/1094 1532/1732/1694 801/1142/1092
f 801/1142/1092 1533/1733/1695 802/1145/1095
f 802/1145/1104 1534/1734/1696 807/1153/1100
f 807/1153/1100 1531/1735/357 795/1151/359
f 1530/510/465 787/1711/1675 1532/1732/1694
f 1532/1732/1694 786/1713/1677 1533/1733/1695
f 1533/1733/1697 785/1715/1680 1534/1734/1696
f 1534/1734/1696 783/1716/351 1531/1735/357
f 1535/410/378 755/1665/1630 753/530/485
f 1537/1736/1698 756/1666/1699 755/1665/1630
f 1538/1737/1700 757/1738/1701 756/1666/1632
f 757/1739/1701 1536/503/458 754/359/331
f 820/469/429 1537/1736/1698 1535/410/378
f 822/1740/1702 1538/1737/1703 1537/1736/1698
f 823/1741/1704 1539/1742/1705 1538/1737/1700
f 1539/1743/1705 821/399/368 1536/503/458
f 1540/342/317 819/1744/1706 816/518/473
f 1542/1745/1707 818/1746/1708 819/1747/1706
f 1543/1748/1709 817/1749/1710 818/1746/1711
f 817/1749/1710 1541/395/364 815/397/366
f 744/344/319 1542/1750/1707 1540/342/317
f 747/1672/1634 1543/1748/1712 1542/1745/1707
f 746/1671/1639 1544/1751/1713 1543/1748/1709
f 1544/1751/1713 743/357/329 1541/395/364
f 832/1174/1122 1547/1752/1714 843/1172/1120
f 843/1753/1120 1548/1754/1715 844/1164/1111
f 844/1164/1111 1549/1755/1716 834/1159/1107
f 834/1159/1107 1546/461/422 830/517/472
f 1545/484/441 827/1756/1717 1547/1752/1714
f 1547/1757/1714 828/1758/1718 1548/1754/1715
f 1548/1754/1715 829/1759/1719 1549/1755/1716
f 1549/1755/1716 826/405/374 1546/461/422
f 1550/485/442 822/1740/1702 820/469/429
f 1552/1760/1720 823/1741/1721 822/1740/1702
f 1553/1761/1722 824/1762/1723 823/1741/1704
f 1554/1763/1724 821/399/368 824/1764/1723
f 832/1174/1122 1552/1760/1720 1550/485/442
f 845/1173/1121 1553/1761/1725 1552/1760/1720
f 839/1177/1726 1554/1765/1724 1553/1761/1722
f 838/1766/1116 1551/407/376 1554/1763/1724
f 1555/487/444 827/1756/1717 825/486/443
f 1557/1767/1727 828/1758/1718 827/1768/1717
f 1558/1769/1728 829/1759/1719 828/1758/1718
f 829/1759/1719 1556/403/372 826/405/374
f 816/518/473 1557/1770/1727 1555/487/444
f 819/1747/1706 1558/1769/1729 1557/1767/1727
f 818/1746/1711 1559/1771/1730 1558/1769/1728
f 817/1749/1710 1556/403/372 1559/1771/1730
f 1560/483/440 872/1772/1731 869/412/379
f 1562/1773/1732 871/1774/1733 872/1772/1731
f 1563/1775/1734 870/1776/1735 871/1774/1733
f 1564/1777/1736 868/529/484 870/1776/1735
f 853/432/398 1562/1773/1732 1560/483/440
f 855/1778/1737 1563/1775/1734 1562/1773/1732
f 856/1779/1738 1564/1777/1736 1563/1775/1734
f 857/1780/1739 1561/528/483 1564/1777/1736
f 874/426/392 1567/1781/1740 877/1782/1741
f 877/1782/1741 1568/1783/1742 876/1784/1743
f 876/1784/1743 1569/1785/1744 875/1786/1745
f 875/1786/1745 1566/464/425 873/467/428
f 1565/425/391 860/1787/1746 1567/1781/1740
f 1567/1781/1740 861/1788/1747 1568/1783/1742
f 1568/1783/1742 862/1789/1748 1569/1785/1744
f 1569/1785/1744 859/465/426 1566/464/425
f 849/422/388 1572/1790/1749 852/1791/1750
f 852/1791/1750 1573/1792/1751 851/1793/1752
f 851/1793/1752 1574/1794/1753 850/1795/1754
f 850/1795/1754 1571/481/439 848/447/411
f 1570/413/380 872/1772/1731 1572/1790/1749
f 1572/1790/1749 871/1774/1733 1573/1792/1751
f 1573/1792/1751 870/1776/1735 1574/1794/1753
f 1574/1794/1753 868/529/484 1571/481/439
f 1575/427/393 867/1796/1755 864/466/427
f 1577/1797/1756 866/1798/1757 867/1796/1755
f 1578/1799/1758 865/1800/1759 866/1798/1757
f 1579/1801/1760 863/522/477 865/1800/1759
f 874/426/392 1577/1797/1756 1575/427/393
f 877/1782/1741 1578/1799/1758 1577/1797/1756
f 876/1784/1743 1579/1801/1760 1578/1799/1758
f 875/1786/1745 1576/502/457 1579/1801/1760
f 1580/418/384 882/1802/1761 879/496/452
f 1582/1803/1762 881/1804/1763 882/1802/1761
f 1583/1805/1764 880/1806/1765 881/1804/1763
f 1584/1807/1766 878/419/385 880/1806/1765
f 864/466/427 1582/1803/1762 1580/418/384
f 867/1796/1755 1583/1805/1764 1582/1803/1762
f 866/1798/1757 1584/1807/1766 1583/1805/1764
f 865/1800/1759 1581/435/401 1584/1807/1766
f 1585/433/399 855/1778/1737 853/432/398
f 1587/1808/1767 856/1779/1738 855/1778/1737
f 1588/1809/1768 857/1780/1739 856/1779/1738
f 1589/1810/1769 854/527/482 857/1780/1739
f 883/438/403 1587/1808/1767 1585/433/399
f 885/1811/1770 1588/1809/1768 1587/1808/1767
f 886/1812/1771 1589/1810/1769 1588/1809/1768
f 887/1813/1772 1586/415/382 1589/1810/1769
f 1590/439/404 885/1811/1770 883/438/403
f 1592/1814/1773 886/1812/1771 885/1811/1770
f 1593/1815/1774 887/1813/1772 886/1812/1771
f 1594/1816/1775 884/479/437 887/1813/1772
f 893/443/407 1592/1814/1773 1590/439/404
f 895/1817/1776 1593/1815/1774 1592/1814/1773
f 896/1818/1777 1594/1816/1775 1593/1815/1774
f 897/1819/1778 1591/523/478 1594/1816/1775
f 1595/434/400 892/1820/1779 889/525/480
f 1597/1821/1780 891/1822/1781 892/1820/1779
f 1598/1823/1782 890/1824/1783 891/1822/1781
f 1599/1825/1784 888/442/406 890/1824/1783
f 879/496/452 1597/1821/1780 1595/434/400
f 882/1802/1761 1598/1823/1782 1597/1821/1780
f 881/1804/1763 1599/1825/1784 1598/1823/1782
f 880/1806/1765 1596/421/387 1599/1825/1784
f 916/526/481 1602/1826/1785 919/1827/1786
f 919/1827/1786 1603/1828/1787 918/1829/1788
f 918/1829/1788 1604/1830/1789 917/1831/1790
f 917/1831/1790 1601/513/468 915/515/470
f 1600/478/436 901/1179/1127 1602/1826/1785
f 1602/1826/1785 911/1183/1131 1603/1828/1787
f 1603/1828/1787 910/1189/1139 1604/1830/1789
f 1604/1830/1789 900/514/469 1601/513/468
f 1605/445/409 895/1817/1776 893/443/407
f 1607/1832/1791 896/1818/1777 895/1817/1776
f 1608/1833/1792 897/1819/1778 896/1818/1777
f 1609/1834/1793 894/520/475 897/1819/1778
f 916/526/481 1607/1832/1791 1605/445/409
f 919/1827/1786 1608/1833/1792 1607/1832/1791
f 918/1829/1788 1609/1834/1793 1608/1833/1792
f 917/1831/1790 1606/497/453 1609/1834/1793
f 1610/440/405 905/1187/1135 899/446/410
f 1612/1835/1794 906/1192/1142 905/1187/1135
f 1613/1836/1795 912/1190/1140 906/1192/1142
f 1614/1837/1796 900/514/469 912/1190/1140
f 889/525/480 1612/1835/1794 1610/440/405
f 892/1820/1779 1613/1836/1795 1612/1835/1794
f 891/1822/1781 1614/1837/1796 1613/1836/1795
f 890/1824/1783 1611/512/467 1614/1837/1796
f 858/429/395 1617/1838/1797 860/1787/1746
f 860/1787/1746 1618/1839/1798 861/1788/1747
f 861/1788/1747 1619/1840/1799 862/1789/1748
f 862/1789/1748 1616/507/462 859/465/426
f 1615/450/412 927/1841/1800 1617/1838/1797
f 1617/1838/1797 928/1842/1801 1618/1839/1798
f 1618/1839/1798 929/1843/1802 1619/1840/1799
f 1619/1840/1799 926/471/431 1616/507/462
f 921/452/414 1622/1844/1803 924/1845/1804
f 924/1845/1804 1623/1846/1805 923/1847/1806
f 923/1847/1806 1624/1848/1807 922/1849/1808
f 922/1849/1808 1621/456/417 920/455/416
f 1620/423/389 852/1791/1750 1622/1844/1803
f 1622/1844/1803 851/1793/1752 1623/1846/1805
f 1623/1846/1805 850/1795/1754 1624/1848/1807
f 1624/1848/1807 848/447/411 1621/456/417
f 1625/463/424 938/1195/1146 935/519/474
f 1627/1850/1809 939/1204/1156 938/1195/1146
f 1628/1851/1810 945/1200/1152 939/1204/1156
f 1629/1852/1811 936/1201/1153 945/1200/1152
f 930/459/420 1627/1850/1809 1625/463/424
f 932/1853/1812 1628/1851/1810 1627/1850/1809
f 933/1854/1813 1629/1852/1811 1628/1851/1810
f 934/1855/1814 1626/491/448 1629/1852/1811
f 925/451/413 1632/1856/1815 927/1841/1800
f 927/1841/1800 1633/1857/1816 928/1842/1801
f 928/1842/1801 1634/1858/1817 929/1843/1802
f 929/1843/1802 1631/490/447 926/471/431
f 1630/457/418 949/1207/1160 1632/1856/1815
f 1632/1856/1815 944/1202/1154 1633/1857/1816
f 1633/1857/1816 943/1199/1151 1634/1858/1817
f 1634/1858/1817 936/1201/1153 1631/490/447
f 930/459/420 1637/1859/1818 932/1853/1812
f 932/1853/1812 1638/1860/1819 933/1854/1813
f 933/1854/1813 1639/1861/1820 934/1855/1814
f 934/1855/1814 1636/489/446 931/488/445
f 1635/453/415 924/1845/1804 1637/1859/1818
f 1637/1859/1818 923/1847/1806 1638/1860/1819
f 1638/1860/1819 922/1849/1808 1639/1861/1820
f 1639/1861/1820 920/455/416 1636/489/446
f 937/458/419 1642/1862/1821 948/1863/1161
f 948/1194/1822 1641/516/471 935/519/474
f 1640/408/377 840/1864/1823 1642/1862/1821
s 32
f 1642/1865/1824 840/1866/1825 833/1867/1825
s 4
f 1642/1868/1826 830/517/472 1641/516/471
f 1643/388/358 806/1869/1827 795/389/359
f 1645/1870/1828 793/1135/1085 806/1137/1829
f 1643/388/358 907/1186/1134 1645/1871/1830
f 907/1872/1831 1644/475/433 1645/1870/1828
s 5
f 973/553/505 1648/1873/1832 976/1874/1833
f 976/1874/1833 1649/1875/1834 975/1876/1835
f 975/1876/1836 1650/1877/1837 974/1878/1838
f 1650/1877/1837 972/1879/644 974/1878/1838
f 1646/552/504 959/1880/1839 1648/1873/1832
f 1648/1873/1832 960/1881/1840 1649/1875/1834
f 1649/1875/1841 961/1882/1842 1650/1877/1837
f 961/1883/1842 1647/667/608 1650/1884/1837
f 1651/1885/539 981/1886/1843 978/1887/490
f 1653/1888/1844 980/1889/1845 981/1886/1843
f 1654/1890/1846 979/1891/1847 980/1889/1848
f 979/1891/1847 1652/647/591 977/549/501
f 962/1892/653 1653/1888/1844 1651/1885/539
f 964/1893/1849 1654/1890/1850 1653/1888/1844
f 965/1894/1851 1655/1895/1852 1654/1890/1846
f 1655/1895/1852 963/546/498 1652/647/591
f 1656/657/600 956/1896/1853 953/506/461
f 1658/1897/1854 955/1898/1855 956/1896/1853
f 1659/1899/1856 954/1900/1857 955/1898/1858
f 954/1900/1857 1657/1901/487 952/1902/496
f 973/553/505 1658/1897/1854 1656/657/600
f 976/1874/1833 1659/1899/1859 1658/1897/1854
f 975/1876/1836 1660/1903/1860 1659/1899/1856
f 1660/1903/1860 972/1879/644 1657/1901/487
f 968/1904/626 1663/1905/1861 971/1906/1862
f 971/1906/1862 1664/1907/1863 970/1908/1864
f 970/1908/1865 1665/1909/1866 969/1910/1867
f 1665/1909/1866 967/538/491 969/1910/1867
f 1661/1911/506 981/1886/1843 1663/1905/1861
f 1663/1905/1861 980/1889/1845 1664/1907/1863
f 1664/1907/1868 979/1891/1847 1665/1909/1866
f 979/1891/1847 1662/551/503 1665/1909/1866
f 983/1912/627 1668/1913/1869 986/1914/1870
f 986/1914/1870 1669/1915/1871 985/1916/1872
f 985/1916/1873 1670/1917/1874 984/1918/1875
f 1670/1917/1874 982/557/508 984/1918/1875
f 1666/1919/621 971/1906/1862 1668/1913/1869
f 1668/1913/1869 970/1908/1864 1669/1915/1871
f 1669/1915/1876 969/1910/1867 1670/1917/1874
f 969/1910/1867 1667/540/493 1670/1917/1874
f 957/543/495 1673/1920/1877 959/1880/1839
f 959/1880/1839 1674/1921/1878 960/1881/1840
f 960/1881/1879 1675/1922/1880 961/1882/1842
f 1675/1923/1880 958/563/514 961/1883/1842
f 1671/542/494 989/1924/1881 1673/1920/1877
f 1673/1920/1877 990/1925/1882 1674/1921/1878
f 1674/1921/1883 991/1926/1884 1675/1922/1880
f 991/1927/1884 1672/561/512 1675/1923/1880
f 987/572/522 1678/1928/1885 989/1924/1881
f 989/1924/1881 1679/1929/1886 990/1925/1882
f 990/1925/1887 1680/1930/1888 991/1926/1884
f 1680/1931/1888 988/560/511 991/1927/1884
f 1676/581/531 999/1932/1889 1678/1928/1885
f 1678/1928/1885 1000/1933/1890 1679/1929/1886
f 1679/1929/1891 1001/1934/1892 1680/1930/1888
f 1001/1935/1892 1677/558/509 1680/1931/1888
f 993/1936/654 1683/1937/1893 996/1938/1894
f 996/1938/1894 1684/1939/1895 995/1940/1896
f 995/1940/1897 1685/1941/1898 994/1942/1899
f 1685/1941/1898 992/567/518 994/1942/1899
f 1681/1943/647 986/1914/1870 1683/1937/1893
f 1683/1937/1893 985/1916/1872 1684/1939/1895
f 1684/1939/1900 984/1918/1875 1685/1941/1898
f 984/1918/1875 1682/565/516 1685/1941/1898
f 1686/695/634 1023/1944/1901 1020/693/632
f 1688/1945/1902 1022/1946/1903 1023/1944/1901
f 1689/1947/1904 1021/1948/1905 1022/1946/1903
f 1690/1949/1906 1019/577/527 1021/1950/1905
f 1003/1951/1174 1688/1945/1902 1686/695/634
f 1012/1225/1173 1689/1947/1904 1688/1945/1902
f 1006/1224/1177 1690/1952/1906 1689/1947/1904
f 1005/1953/1167 1687/661/602 1690/1949/1906
f 997/580/530 1693/1954/1907 999/1932/1889
f 999/1932/1889 1694/1955/1908 1000/1933/1890
f 1000/1933/1909 1695/1956/1910 1001/1934/1892
f 1001/1935/1892 1692/568/519 998/570/521
f 1691/680/620 1023/1944/1901 1693/1954/1907
f 1693/1954/1911 1022/1946/1903 1694/1955/1908
f 1694/1955/1912 1021/1948/1905 1695/1956/1910
f 1021/1950/1905 1692/568/519 1695/1957/1910
f 1003/1220/1174 1698/1958/1913 1010/1218/1172
f 1010/1218/1172 1699/1959/1914 1011/1221/1175
f 1011/1221/1184 1700/1960/1915 1016/1229/1180
f 1016/1229/1180 1697/574/524 1004/576/526
f 1696/1961/633 996/1938/1894 1698/1958/1913
f 1698/1958/1913 995/1940/1896 1699/1959/1914
f 1699/1959/1916 994/1942/1899 1700/1960/1915
f 1700/1960/1915 992/567/518 1697/574/524
f 1701/1962/546 964/1893/1849 962/1892/653
f 1703/1963/1917 965/1894/1918 964/1893/1849
f 1704/1964/1919 966/1965/1920 965/1894/1851
f 966/1965/1920 1702/690/629 963/546/498
f 1029/1966/599 1703/1963/1917 1701/1962/546
f 1031/1967/1921 1704/1964/1922 1703/1963/1917
f 1032/1968/1923 1705/1969/1924 1704/1964/1919
f 1705/1969/1924 1030/586/536 1702/690/629
f 1706/504/459 1028/1970/1925 1025/702/641
f 1708/1971/1926 1027/1972/1927 1028/1970/1925
f 1709/1973/1928 1026/1974/1929 1027/1972/1930
f 1026/1974/1929 1707/1975/532 1024/1976/534
f 953/506/461 1708/1971/1926 1706/504/459
f 956/1896/1853 1709/1973/1931 1708/1971/1926
f 955/1898/1858 1710/1977/1932 1709/1973/1928
f 1710/1977/1932 952/1902/496 1707/1975/532
f 1041/1248/1203 1713/1978/1933 1051/1246/1201
f 1051/1246/1201 1714/1979/1934 1052/1238/1191
f 1052/1238/1191 1715/1980/1935 1043/1233/1187
f 1043/1981/1187 1712/648/592 1039/701/640
f 1711/671/611 1036/1982/1936 1713/1978/1933
f 1713/1978/1933 1037/1983/1937 1714/1979/1934
f 1714/1979/1934 1038/1984/1938 1715/1980/1935
f 1715/1985/1935 1035/592/542 1712/648/592
f 1716/1986/612 1031/1967/1921 1029/1966/599
f 1718/1987/1939 1032/1968/1940 1031/1967/1921
f 1719/1988/1941 1033/1989/1942 1032/1968/1923
f 1720/1990/1943 1030/586/536 1033/1989/1942
f 1041/1991/1203 1718/1987/1939 1716/1986/612
f 1053/1252/1202 1719/1988/1944 1718/1987/1939
f 1048/1251/1945 1720/1990/1943 1719/1988/1941
f 1047/1243/1196 1717/594/544 1720/1990/1943
f 1721/674/614 1036/1982/1936 1034/673/613
f 1723/1992/1946 1037/1983/1937 1036/1982/1936
f 1724/1993/1947 1038/1984/1938 1037/1983/1937
f 1038/1984/1938 1722/1994/540 1035/1995/542
f 1025/702/641 1723/1992/1946 1721/674/614
f 1028/1970/1925 1724/1993/1948 1723/1992/1946
f 1027/1972/1930 1725/1996/1949 1724/1993/1947
f 1026/1974/1929 1722/1994/540 1725/1996/1949
f 1726/670/610 1080/1997/1950 1077/599/547
f 1728/1998/1951 1079/1999/1952 1080/1997/1950
f 1729/2000/1953 1078/2001/1954 1079/1999/1952
f 1730/2002/1955 1076/713/652 1078/2001/1954
f 1061/619/566 1728/1998/1951 1726/670/610
f 1063/2003/1956 1729/2000/1953 1728/1998/1951
f 1064/2004/1957 1730/2002/1955 1729/2000/1953
f 1065/2005/1958 1727/712/651 1730/2002/1955
f 1082/613/560 1733/2006/1959 1085/2007/1960
f 1085/2007/1960 1734/2008/1961 1084/2009/1962
f 1084/2009/1962 1735/2010/1963 1083/2011/1964
f 1083/2011/1964 1732/651/595 1081/654/598
f 1731/612/559 1068/2012/1965 1733/2006/1959
f 1733/2006/1959 1069/2013/1966 1734/2008/1961
f 1734/2008/1961 1070/2014/1967 1735/2010/1963
f 1735/2010/1963 1067/652/596 1732/651/595
f 1057/609/556 1738/2015/1968 1060/2016/1969
f 1060/2016/1969 1739/2017/1970 1059/2018/1971
f 1059/2018/1971 1740/2019/1972 1058/2020/1973
f 1058/2020/1973 1737/668/609 1056/634/581
f 1736/600/548 1080/1997/1950 1738/2015/1968
f 1738/2015/1968 1079/1999/1952 1739/2017/1970
f 1739/2017/1970 1078/2001/1954 1740/2019/1972
f 1740/2019/1972 1076/713/652 1737/668/609
f 1741/614/561 1075/2021/1974 1072/653/597
f 1743/2022/1975 1074/2023/1976 1075/2021/1974
f 1744/2024/1977 1073/2025/1978 1074/2023/1976
f 1745/2026/1979 1071/706/645 1073/2025/1978
f 1082/613/560 1743/2022/1975 1741/614/561
f 1085/2007/1960 1744/2024/1977 1743/2022/1975
f 1084/2009/1962 1745/2026/1979 1744/2024/1977
f 1083/2011/1964 1742/689/628 1745/2026/1979
f 1746/605/552 1090/2027/1980 1087/683/623
f 1748/2028/1981 1089/2029/1982 1090/2027/1980
f 1749/2030/1983 1088/2031/1984 1089/2029/1982
f 1750/2032/1985 1086/606/553 1088/2031/1984
f 1072/653/597 1748/2028/1981 1746/605/552
f 1075/2021/1974 1749/2030/1983 1748/2028/1981
f 1074/2023/1976 1750/2032/1985 1749/2030/1983
f 1073/2025/1978 1747/622/569 1750/2032/1985
f 1751/620/567 1063/2003/1956 1061/619/566
f 1753/2033/1986 1064/2004/1957 1063/2003/1956
f 1754/2034/1987 1065/2005/1958 1064/2004/1957
f 1755/2035/1988 1062/711/650 1065/2005/1958
f 1091/625/572 1753/2033/1986 1751/620/567
f 1093/2036/1989 1754/2034/1987 1753/2033/1986
f 1094/2037/1990 1755/2035/1988 1754/2034/1987
f 1095/2038/1991 1752/602/550 1755/2035/1988
f 1756/626/573 1093/2036/1989 1091/625/572
f 1758/2039/1992 1094/2037/1990 1093/2036/1989
f 1759/2040/1993 1095/2038/1991 1094/2037/1990
f 1760/2041/1994 1092/666/607 1095/2038/1991
f 1101/630/577 1758/2039/1992 1756/626/573
f 1103/2042/1995 1759/2040/1993 1758/2039/1992
f 1104/2043/1996 1760/2041/1994 1759/2040/1993
f 1105/2044/1997 1757/707/646 1760/2041/1994
f 1761/621/568 1100/2045/1998 1097/709/648
f 1763/2046/1999 1099/2047/2000 1100/2045/1998
f 1764/2048/2001 1098/2049/2002 1099/2047/2000
f 1765/2050/2003 1096/629/576 1098/2049/2002
f 1087/683/623 1763/2046/1999 1761/621/568
f 1090/2027/1980 1764/2048/2001 1763/2046/1999
f 1089/2029/1982 1765/2050/2003 1764/2048/2001
f 1088/2031/1984 1762/608/555 1765/2050/2003
f 1124/710/649 1768/2051/2004 1127/2052/2005
f 1127/2052/2005 1769/2053/2006 1126/2054/2007
f 1126/2054/2007 1770/2055/2008 1125/2056/2009
f 1125/2056/2009 1767/697/636 1123/699/638
f 1766/665/606 1109/1255/1208 1768/2051/2004
f 1768/2051/2004 1119/1259/1212 1769/2053/2006
f 1769/2053/2006 1118/1265/1220 1770/2055/2008
f 1770/2055/2008 1108/698/637 1767/697/636
f 1771/632/579 1103/2042/1995 1101/630/577
f 1773/2057/2010 1104/2043/1996 1103/2042/1995
f 1774/2058/2011 1105/2044/1997 1104/2043/1996
f 1775/2059/2012 1102/704/643 1105/2044/1997
f 1124/710/649 1773/2057/2010 1771/632/579
f 1127/2052/2005 1774/2058/2011 1773/2057/2010
f 1126/2054/2007 1775/2059/2012 1774/2058/2011
f 1125/2056/2009 1772/684/624 1775/2059/2012
f 1776/627/574 1113/1263/1216 1107/633/580
f 1778/2060/2013 1114/1268/1223 1113/1263/1216
f 1779/2061/2014 1120/1266/1221 1114/1268/1223
f 1780/2062/2015 1108/698/637 1120/1266/1221
f 1097/709/648 1778/2060/2013 1776/627/574
f 1100/2045/1998 1779/2061/2014 1778/2060/2013
f 1099/2047/2000 1780/2062/2015 1779/2061/2014
f 1098/2049/2002 1777/696/635 1780/2062/2015
f 1066/616/563 1783/2063/2016 1068/2012/1965
f 1068/2012/1965 1784/2064/2017 1069/2013/1966
f 1069/2013/1966 1785/2065/2018 1070/2014/1967
f 1070/2014/1967 1782/691/630 1067/652/596
f 1781/637/582 1135/2066/2019 1783/2063/2016
f 1783/2063/2016 1136/2067/2020 1784/2064/2017
f 1784/2064/2017 1137/2068/2021 1785/2065/2018
f 1785/2065/2018 1134/658/601 1782/691/630
f 1129/639/584 1788/2069/2022 1132/2070/2023
f 1132/2070/2023 1789/2071/2024 1131/2072/2025
f 1131/2072/2025 1790/2073/2026 1130/2074/2027
f 1130/2074/2027 1787/643/587 1128/642/586
f 1786/610/557 1060/2016/1969 1788/2069/2022
f 1788/2069/2022 1059/2018/1971 1789/2071/2024
f 1789/2071/2024 1058/2020/1973 1790/2073/2026
f 1790/2073/2026 1056/634/581 1787/643/587
f 1791/650/594 1146/1271/1227 1143/703/642
f 1793/2075/2028 1147/1280/1236 1146/1271/1227
f 1794/2076/2029 1154/1276/1232 1147/1280/1236
f 1795/2077/2030 1144/1277/1233 1154/1276/1232
f 1138/646/590 1793/2075/2028 1791/650/594
f 1140/2078/2031 1794/2076/2029 1793/2075/2028
f 1141/2079/2032 1795/2077/2030 1794/2076/2029
f 1142/2080/2033 1792/678/618 1795/2077/2030
f 1133/638/583 1798/2081/2034 1135/2066/2019
f 1135/2066/2019 1799/2082/2035 1136/2067/2020
f 1136/2067/2020 1800/2083/2036 1137/2068/2021
f 1137/2068/2021 1797/677/617 1134/658/601
f 1796/644/588 1157/1283/1240 1798/2081/2034
f 1798/2081/2034 1153/1278/1234 1799/2082/2035
f 1799/2082/2035 1152/1275/1231 1800/2083/2036
f 1800/2083/2036 1144/1277/1233 1797/677/617
f 1138/646/590 1803/2084/2037 1140/2078/2031
f 1140/2078/2031 1804/2085/2038 1141/2079/2032
f 1141/2079/2032 1805/2086/2039 1142/2080/2033
f 1142/2080/2033 1802/676/616 1139/675/615
f 1801/640/585 1132/2070/2023 1803/2084/2037
f 1803/2084/2037 1131/2072/2025 1804/2085/2038
f 1804/2085/2038 1130/2074/2027 1805/2086/2039
f 1805/2086/2039 1128/642/586 1802/676/616
f 1145/645/589 1808/2087/2040 1148/2088/1241
f 1148/1270/1226 1807/700/639 1143/703/642
f 1806/595/545 1042/1242/2041 1808/2087/2040
f 1808/2089/2042 1039/701/640 1807/700/639
f 1004/576/526 1811/2090/2043 1015/2091/1181
s 33
f 1811/2092/2044 1002/2093/2045 1015/1214/2046
s 5
f 1809/575/525 1115/1262/1215 1811/2090/2043
s 33
f 1115/2094/2047 1810/662/2048 1811/2092/2044
s 34
f 509/1574/2049 510/2095/2049 1812/1575/2049
s 18
f 485/1559/2050 484/2096/820 1816/1557/819
s 8
f 444/822/768 440/817/2051 1813/816/2052
s 35
f 434/1554/2053 433/807/2054 435/2097/2054
s 36
f 454/1542/2055 1814/830/2055 452/2098/2056
s 2
f 441/1541/1490 442/2099/1497 1813/1539/2057
s 1
f 216/10/8 24/76/68 114/11/9
f 212/18/15 1216/162/141 102/19/16
f 1191/30/27 105/96/86 19/31/28
f 10/73/66 312/188/165 1266/74/67
f 24/76/68 322/125/111 1260/77/69
f 336/78/70 8/95/66 98/79/66
f 15/83/74 103/87/78 1245/84/75
f 15/83/74 332/85/76 1255/86/77
f 103/87/78 14/20/17 316/88/79
f 1261/94/85 97/75/66 8/95/66
f 18/41/38 351/102/91 1270/98/88
f 23/38/35 347/185/163 1290/99/89
f 1276/80/71 98/79/66 11/100/66
f 113/50/46 1285/104/93 351/102/91
f 25/103/92 374/187/164 1285/104/93
f 115/45/41 1290/99/89 357/105/94
f 306/106/95 1251/140/123 96/107/66
f 14/20/17 102/19/16 1295/109/96
f 102/19/16 13/60/55 383/110/97
f 100/113/66 12/132/66 378/114/100
f 13/60/55 110/59/54 1310/116/102
f 110/59/54 1320/67/62 395/117/103
f 1166/119/105 212/18/15 14/20/17
f 7/108/66 96/107/66 1246/123/109
f 109/22/19 1255/86/77 322/125/111
f 96/107/66 9/141/66 331/126/112
f 384/130/115 1311/149/131 101/131/66
f 237/32/29 19/31/28 117/90/81
f 97/75/66 1266/74/67 342/138/121
f 226/21/18 1166/119/105 103/87/78
f 1251/140/123 326/190/167 9/141/66
f 26/34/31 311/91/82 1240/142/124
f 101/131/66 1306/150/132 389/147/129
f 1311/149/131 394/780/724 1306/150/132
f 11/100/66 352/179/158 1286/156/136
f 95/160/66 1256/161/140 331/126/112
f 10/73/66 321/181/160 1256/161/140
f 7/108/66 100/113/66 1301/115/101
f 1296/166/145 384/130/115 12/132/66
f 1291/171/150 99/157/137 1281/172/151
f 99/157/137 1286/156/136 373/174/153
f 12/132/66 101/131/66 1316/148/130
f 98/79/66 1271/182/161 352/179/158
f 321/181/160 10/73/66 97/75/66
f 8/95/66 342/138/121 1271/182/161
f 108/36/33 1275/93/84 347/185/163
f 312/188/165 10/73/66 95/160/66
f 1241/189/166 95/160/66 9/141/66
f 346/101/90 11/100/66 99/157/137
f 317/124/110 1296/166/145 100/113/66
s 2
f 457/193/170 1393/338/313 130/194/171
f 503/196/173 1477/199/176 136/197/174
f 1477/199/176 727/1117/1065 1433/200/177
f 711/201/178 1434/326/301 131/202/179
f 1429/203/180 131/202/179 1439/212/189
f 447/214/191 1363/313/289 124/215/192
f 1404/220/197 132/333/308 1409/221/198
f 27/226/203 532/259/235 1346/227/204
f 1359/235/212 411/795/742 1444/236/213
f 33/238/215 550/300/276 1332/239/216
f 34/195/172 130/194/171 1337/241/217
f 412/243/219 28/272/248 122/244/220
f 457/193/170 34/195/172 128/254/230
f 447/214/191 29/216/193 123/256/232
f 27/226/203 122/244/220 1326/258/234
f 34/195/172 530/242/218 1327/260/236
f 35/266/242 569/267/243 1337/241/217
f 35/266/242 129/240/179 1332/239/216
f 28/272/248 123/256/232 1341/273/249
f 29/216/193 513/279/255 1341/273/249
f 489/278/254 1383/255/231 128/254/230
f 29/216/193 124/215/192 1346/227/204
f 1389/198/175 136/197/174 1459/282/258
f 28/272/248 548/274/250 1326/258/234
s 3
f 568/298/274 1349/249/225 121/299/275
s 2
f 33/238/215 128/254/230 1327/260/236
f 1459/282/258 136/197/174 1433/200/177
f 120/237/214 1444/236/213 605/304/280
f 437/312/288 27/226/203 124/215/192
f 1359/235/212 120/237/214 1449/314/290
f 120/237/214 1403/305/281 621/316/292
f 489/278/254 33/238/215 129/240/179
f 504/325/300 1388/324/299 129/240/179
f 1439/212/189 131/202/179 1434/326/301
f 412/243/219 1358/257/233 123/256/232
f 437/312/288 1354/245/221 122/244/220
f 1409/221/198 132/333/308 1398/330/305
f 604/332/307 1398/330/305 132/333/308
f 504/325/300 35/266/242 130/194/171
s 4
f 758/351/324 59/417/383 166/352/325
f 1501/353/326 166/352/325 57/369/340
f 773/370/341 57/369/340 160/377/348
f 1516/378/349 160/377/348 58/379/350
f 783/380/351 58/379/350 167/386/356
f 1531/387/357 167/386/356 1643/388/358
f 1541/395/364 743/357/329 51/358/330
f 158/347/322 55/346/321 869/412/379
f 45/414/381 854/527/482 1586/415/382
f 59/417/383 864/466/427 1580/418/384
f 878/419/385 43/436/381 150/420/386
f 156/396/365 51/358/330 849/422/388
f 50/424/390 155/428/394 1565/425/391
f 50/424/390 874/426/392 1575/427/393
f 155/428/394 49/361/333 858/429/395
f 168/430/396 1560/483/440 869/412/379
f 57/369/340 879/496/452 1595/434/400
f 1581/435/401 149/416/381 43/436/381
f 58/379/350 889/525/480 1610/440/405
f 1596/421/387 150/420/386 46/441/386
f 167/386/356 1610/440/405 899/446/410
f 848/447/411 1571/481/439 148/448/381
f 49/361/333 154/360/332 1615/450/412
f 164/404/373 52/398/367 921/452/414
f 152/454/381 47/473/381 920/455/416
f 56/406/375 164/404/373 1635/453/415
f 42/449/381 148/448/381 1566/464/425
f 1496/364/336 161/363/335 59/417/383
f 161/363/335 1575/427/393 864/466/427
f 148/448/381 44/482/381 873/467/428
f 51/358/330 158/347/322 1570/413/380
f 926/471/431 1631/490/447 153/472/381
f 149/416/381 1586/415/382 884/479/437
f 1571/481/439 868/529/484 44/482/381
f 153/472/381 1626/491/448 931/488/445
f 1631/490/447 936/1201/1153 1626/491/448
f 166/352/325 1580/418/384 879/496/452
f 46/441/386 894/520/475 1606/497/453
f 147/501/381 1576/502/457 873/467/428
f 45/414/381 863/522/477 1576/502/457
f 42/449/381 152/454/381 1621/456/417
f 1616/507/462 926/471/431 47/473/381
f 1611/512/467 151/498/454 1601/513/468
f 151/498/454 1606/497/453 915/515/470
f 52/398/367 156/396/365 1620/423/389
f 47/473/381 153/472/381 1636/489/446
f 150/420/386 1591/523/478 894/520/475
f 863/522/477 45/414/381 149/416/381
f 43/436/381 884/479/437 1591/523/478
f 160/377/348 1595/434/400 889/525/480
f 854/527/482 45/414/381 147/501/381
f 1561/528/483 147/501/381 44/482/381
f 888/442/406 46/441/386 151/498/454
f 859/465/426 1616/507/462 152/454/381
s 1
f 333/1423/1376 331/126/112 1256/161/140
f 1263/1442/1395 1264/1444/1397 338/1443/1396
f 1264/1444/1397 1261/94/85 336/78/70
f 1268/1446/1399 1269/1447/1400 315/1417/1370
f 355/1456/1409 352/179/158 1271/182/161
f 1293/1474/1426 1294/1475/1427 370/769/711
f 320/1426/1379 1299/1478/1430 1296/166/145
f 1297/1476/1428 385/1479/1431 386/1480/1432
f 1299/1478/1430 387/1481/1433 384/130/115
f 1319/1499/1451 380/1487/1439 378/114/100
s 2
f 532/259/235 1326/258/234 1328/1509/1461
f 544/938/882 1328/1509/1461 1329/1510/1462
f 1329/1510/1462 1330/1511/1463 535/925/869
f 1330/1511/1463 1327/260/236 530/242/218
f 1328/1509/1461 553/945/888 563/948/891
f 563/948/891 562/956/899 1330/1511/1463
f 562/956/899 550/300/276 1327/260/236
f 564/957/900 1335/1513/1465 1332/239/216
s 3
f 1336/287/263 1338/1516/1467 576/1515/912
s 2
f 1339/1518/1469 1337/241/217 569/267/243
s 3
f 1338/1516/1467 541/932/876 534/936/880
s 2
f 1344/1523/1474 1341/273/249 513/279/255
f 1348/1528/1477 1346/227/204 532/259/235
f 1348/1528/1477 515/904/846 513/279/255
f 1813/1539/1488 1356/1538/1486 1357/1540/1489
f 423/801/747 412/243/219 1354/245/221
f 1358/257/233 1360/1543/1492 454/1542/1491
f 1360/1543/1492 1361/1544/1494 1814/830/1493
f 1361/1544/1494 1362/1545/1495 449/826/771
f 1362/1545/1495 1359/235/212 445/315/291
f 1360/1543/1492 423/802/747 419/796/743
f 1362/1545/1495 418/793/740 411/795/742
f 1363/313/289 447/214/191 454/1550/1491
f 1365/1547/1496 454/1550/1491 452/835/1501
f 1386/1569/1521 1387/1570/1523 459/840/784
f 1388/324/299 1390/1571/1525 496/883/1524
f 1391/1572/1526 1392/1573/1527 501/889/831
f 1392/1573/1527 1389/198/175 490/283/259
f 1390/1571/1525 509/1574/1528 1812/1575/1529
f 1391/1572/1526 1812/1575/1529 506/892/1530
f 1392/1573/1527 506/892/1530 503/196/173
f 1395/1577/1531 1396/1578/1533 510/902/1532
f 1393/338/313 457/193/170 462/1580/1519
f 1405/1585/1539 1406/1586/1540 625/1024/972
f 1406/1586/1540 1407/1587/1541 632/1020/969
f 605/304/280 618/1010/958 1405/1585/1539
f 618/1010/958 612/1005/954 1406/1586/1540
f 612/1005/954 611/1002/952 1407/1587/1541
f 611/1002/952 604/1004/307 1404/1588/197
f 710/301/277 1433/200/177 1435/1609/1557
f 718/1109/1059 1436/1610/1558 1437/1611/1559
f 724/1113/1063 1437/1611/1559 1434/1612/301
f 1435/1609/1557 732/1119/1067 740/1123/1071
s 4
f 851/1793/1752 1573/1792/1751 1574/1794/1753
f 875/1786/1745 873/467/428 1576/502/457
f 864/466/427 867/1796/1755 1582/1803/1762
f 1589/1810/1769 1586/415/382 854/527/482
f 882/1802/1761 881/1804/1763 1598/1823/1782
f 1610/440/405 1612/1835/1794 905/1187/1135
f 1614/1837/1796 1611/512/467 900/514/469
f 1617/1838/1797 927/1841/1800 928/1842/1801
f 1618/1839/1798 928/1842/1801 929/1843/1802
f 922/1849/1808 1624/1848/1807 1621/456/417
s 1
f 1220/1/1 93/70/2 1/2/2
f 1171/4/4 221/180/159 20/5/5
f 89/7/2 1165/61/56 227/8/7
f 4/13/2 90/43/2 1185/14/11
f 201/16/13 1171/4/4 106/6/6
f 226/21/18 15/83/74 109/22/19
f 3/9/2 88/27/24 1160/24/21
f 1175/26/23 217/158/138 4/13/2
f 1181/12/10 114/11/9 22/28/25
f 1186/33/30 117/90/81 26/34/31
f 231/29/26 22/28/25 108/36/33
f 1196/37/34 108/36/33 23/38/35
f 1206/40/37 113/50/46 18/41/38
f 90/43/2 2/154/2 236/44/40
f 241/39/36 23/38/35 115/45/41
f 1211/46/42 115/45/41 1323/47/43
f 268/49/45 25/103/92 113/50/46
f 91/51/2 5/151/2 246/52/47
f 1221/54/49 201/16/13 16/17/14
f 273/56/51 1221/54/49 104/55/50
f 279/58/53 1231/66/61 110/59/54
f 1/2/2 211/191/168 1165/61/56
f 1236/62/57 273/56/51 17/57/52
f 284/64/59 1236/62/57 112/63/58
f 1231/66/61 289/745/683 1320/67/62
f 6/68/2 278/128/113 1215/69/63
f 106/6/6 20/5/5 327/71/64
f 104/55/50 16/17/14 307/81/72
f 116/89/80 1240/142/124 327/71/64
f 117/90/81 1265/92/83 311/91/82
f 19/31/28 341/97/87 1265/92/83
f 22/28/25 337/155/135 1275/93/84
f 105/96/86 1270/98/88 341/97/87
f 112/63/58 17/57/52 379/111/98
f 21/65/60 112/63/58 1315/112/99
f 1226/120/106 284/64/59 21/65/60
f 107/121/107 21/65/60 388/118/104
f 227/8/7 1175/26/23 88/27/24
f 1176/23/20 109/22/19 24/76/68
f 94/127/24 1230/144/126 278/128/113
f 202/3/3 1/2/2 89/7/2
f 16/17/14 106/6/6 1250/72/65
f 1201/133/116 251/716/655 1324/134/117
f 111/135/118 1324/134/117 356/136/119
f 207/35/32 26/34/31 116/89/80
f 1225/143/125 290/1400/692 1230/144/126
f 283/145/127 1225/143/125 94/127/24
f 5/151/2 92/167/146 1205/152/133
f 1180/153/134 232/159/139 2/154/2
f 114/11/9 1260/77/69 337/155/135
f 217/158/138 1180/153/134 90/43/2
f 232/159/139 1195/184/162 91/51/2
f 1216/162/141 279/58/53 13/60/55
s 2
f 1353/163/142 137/208/185 1443/164/143
s 1
f 92/167/146 1200/170/149 269/168/147
f 1210/169/148 252/725/664 1200/170/149
f 1226/120/106 107/121/107 1321/175/154
f 274/177/156 6/68/2 93/70/2
f 17/57/52 104/55/50 1300/82/73
f 107/121/107 1305/122/108 393/178/157
f 247/42/39 18/41/38 105/96/86
f 1235/146/128 94/127/24 6/68/2
f 2/154/2 91/51/2 1190/53/48
f 1161/139/122 116/89/80 20/5/5
f 1201/183/116 111/186/118 25/103/92
f 1195/184/162 242/192/169 5/151/2
f 111/186/118 1280/2100/120 374/187/164
f 1170/129/114 89/7/2 3/9/2
f 88/27/24 4/13/2 206/15/12
f 93/70/2 1215/69/63 211/191/168
f 242/192/169 1210/169/148 92/167/146
s 2
f 480/204/181 32/231/208 127/205/182
f 436/207/184 1467/280/256 137/208/185
f 1455/209/186 674/1064/1015 1419/210/187
f 1368/217/194 135/225/202 1452/218/195
f 1472/223/200 639/1030/980 1414/224/201
f 31/228/205 127/205/182 1350/229/206
f 32/231/208 200/297/273 1350/229/206
f 438/232/209 1364/246/222 134/233/210
f 1364/246/222 446/831/777 1448/247/223
s 3
f 1345/248/224 121/299/275 1349/249/225
s 2
f 30/251/227 125/276/252 1331/252/228
f 467/261/237 1373/271/247 138/211/188
f 1379/263/239 426/808/752 1453/264/240
f 481/268/244 1379/263/239 119/265/241
f 479/270/246 1455/209/186 138/211/188
f 427/275/251 31/228/205 125/276/252
f 1467/280/256 585/978/922 1399/281/257
f 1394/284/260 456/845/790 1464/285/261
s 3
f 1336/287/263 121/299/275 1345/248/224
s 2
f 1394/284/260 139/286/262 1476/289/265
f 488/291/267 1460/328/303 118/292/268
f 30/251/227 549/253/229 1340/294/270
f 31/228/205 567/230/207 1331/252/228
f 465/296/272 1472/223/200 135/225/202
f 32/231/208 126/295/271 1340/294/270
f 139/286/262 1438/303/279 728/302/278
f 1464/285/261 694/1095/1044 1438/303/279
f 1468/234/211 134/233/210 1408/306/282
f 134/233/210 1448/247/223 623/308/284
f 1453/264/240 659/1059/1009 1423/309/285
f 138/211/188 1419/210/187 640/310/286
f 119/265/241 1423/309/285 675/311/287
f 137/208/185 1399/281/257 603/317/293
f 427/275/251 1378/206/183 127/205/182
f 466/318/294 1369/277/253 125/276/252
f 641/319/295 1418/335/310 133/320/252
f 1413/321/296 133/320/252 1424/322/297
f 1460/328/303 709/1101/1051 1428/329/304
f 466/318/294 30/251/227 126/295/271
f 480/204/181 1374/334/309 126/295/271
f 1424/322/297 133/320/252 1418/335/310
f 135/225/202 1414/224/201 657/337/312
f 1384/293/269 118/292/268 1465/339/314
f 118/292/268 1428/329/304 692/341/316
s 4
f 1540/342/317 145/411/318 36/343/318
f 1491/345/320 763/521/476 55/346/321
f 141/348/318 1485/402/371 769/349/323
f 39/354/318 142/384/318 1505/355/327
f 743/357/329 1491/345/320 158/347/322
f 754/359/331 1536/503/458 154/360/332
f 768/362/334 50/424/390 161/363/335
f 38/350/318 140/368/318 1480/365/337
f 1495/367/339 759/499/455 39/354/318
f 1511/371/342 157/437/402 54/372/343
f 1506/374/345 169/431/397 61/375/346
f 1526/381/352 165/391/361 53/382/353
f 142/384/318 37/495/318 778/385/355
f 810/390/360 60/444/408 165/391/361
f 143/392/318 40/492/449 788/393/362
f 815/397/366 1541/395/364 156/396/365
f 821/399/368 1551/407/376 162/400/369
f 36/343/318 753/530/485 1485/402/371
f 1556/403/372 815/397/366 52/398/367
f 826/405/374 1556/403/372 164/404/373
f 1551/407/376 831/2101/1113 1640/408/377
f 41/409/318 820/469/429 1535/410/378
f 169/431/397 1585/433/399 853/432/398
f 54/372/343 883/438/403 1585/433/399
f 157/437/402 1590/439/404 883/438/403
f 53/382/353 893/443/407 1590/439/404
f 165/391/361 1605/445/409 893/443/407
f 60/444/408 916/526/481 1605/445/409
f 154/360/332 48/401/370 925/451/413
f 48/401/370 162/400/369 1630/457/418
f 162/400/369 1640/408/377 937/458/419
f 1486/460/421 754/359/331 49/361/333
f 1546/461/422 826/405/374 56/406/375
f 159/462/423 56/406/375 930/459/420
f 769/349/323 1495/367/339 140/368/318
f 146/468/318 1550/485/442 820/469/429
f 744/344/319 36/343/318 141/348/318
f 779/373/344 54/372/343 169/431/397
f 1521/474/432 793/1135/1085 1644/475/433
f 163/476/434 1644/475/433 898/477/435
f 749/376/347 61/375/346 168/430/396
f 768/362/334 1486/460/421 155/428/394
f 61/375/346 853/432/398 1560/483/440
f 1545/484/441 832/1174/1122 1550/485/442
f 825/486/443 1545/484/441 146/468/318
f 40/492/449 144/508/463 1525/493/450
f 1500/494/451 774/500/456 37/495/318
f 759/499/455 1500/494/451 142/384/318
f 774/500/456 1515/524/479 143/392/318
f 1536/503/458 821/399/368 48/401/370
s 5
f 1706/504/459 175/598/460 62/505/460
s 4
f 144/508/463 1520/511/466 811/509/464
f 1530/510/465 794/1144/1094 1520/511/466
f 1546/461/422 159/462/423 1641/516/471
f 816/518/473 41/409/318 145/411/318
f 159/462/423 1625/463/424 935/519/474
f 789/383/354 53/382/353 157/437/402
f 1555/487/444 146/468/318 41/409/318
f 37/495/318 143/392/318 1510/394/363
f 1481/480/438 168/430/396 55/346/321
f 1521/474/432 163/476/434 60/444/408
f 1515/524/479 784/531/486 40/492/449
f 163/476/434 1600/478/436 916/526/481
f 1490/470/430 141/348/318 38/350/318
f 140/368/318 39/354/318 748/356/328
f 145/411/318 1535/410/378 753/530/485
f 784/531/486 1530/510/465 144/508/463
s 5
f 1657/532/487 972/705/644 81/533/488
f 171/535/460 1651/589/539 978/536/490
f 967/538/491 85/604/551 196/539/492
f 65/541/460 172/571/460 1671/542/494
f 952/544/496 1657/532/487 188/534/489
f 963/546/498 1702/690/629 184/547/499
f 977/549/501 76/611/558 191/550/502
f 64/537/460 170/555/460 1646/552/504
f 1661/554/506 968/686/626 65/541/460
f 1667/540/493 196/539/492 83/556/507
f 1677/558/509 187/624/571 80/559/510
f 1672/561/512 199/618/565 87/562/513
f 982/557/508 83/556/507 190/564/515
f 1682/565/516 190/564/515 84/566/517
f 1692/568/519 195/578/528 79/569/520
f 172/571/460 63/682/622 987/572/522
f 992/567/518 84/566/517 197/573/523
f 1697/574/524 197/573/523 1809/575/525
f 1019/577/527 86/631/578 195/578/528
f 173/579/529 66/679/619 997/580/530
f 1707/582/532 952/544/496 77/545/497
f 1024/584/534 1707/582/532 186/583/533
f 1030/586/536 1717/594/544 192/587/537
f 62/505/460 962/714/653 1651/589/539
f 1722/590/540 1024/584/534 78/585/535
f 1035/592/542 1722/590/540 194/591/541
f 1717/594/544 1040/1240/1193 1806/595/545
f 67/596/460 1029/656/599 1701/597/546
f 188/534/489 81/533/488 1077/599/547
f 71/601/549 1062/711/650 1752/602/550
f 85/604/551 1072/653/597 1746/605/552
f 1086/606/553 69/623/570 180/607/554
f 186/583/533 77/545/497 1057/609/556
f 76/611/558 185/615/562 1731/612/559
f 76/611/558 1082/613/560 1741/614/561
f 185/615/562 75/548/500 1066/616/563
f 198/617/564 1726/670/610 1077/599/547
f 199/618/565 1751/620/567 1061/619/566
f 80/559/510 1091/625/572 1751/620/567
f 83/556/507 1087/683/623 1761/621/568
f 1747/622/569 179/603/549 69/623/570
f 187/624/571 1756/626/573 1091/625/572
f 79/569/520 1101/630/577 1756/626/573
f 84/566/517 1097/709/648 1776/627/574
f 1762/608/555 180/607/554 72/628/575
f 195/578/528 1771/632/579 1101/630/577
f 86/631/578 1124/710/649 1771/632/579
f 197/573/523 1776/627/574 1107/633/580
f 1056/634/581 1737/668/609 178/635/549
f 75/548/500 184/547/499 1781/637/582
f 184/547/499 74/588/538 1133/638/583
f 194/591/541 78/585/535 1129/639/584
f 182/641/549 73/660/549 1128/642/586
f 74/588/538 192/587/537 1796/644/588
f 192/587/537 1806/595/545 1145/645/589
f 82/593/543 194/591/541 1801/640/585
f 1652/647/591 963/546/498 75/548/500
f 1712/648/592 1035/592/542 82/593/543
f 189/649/593 82/593/543 1138/646/590
f 68/636/549 178/635/549 1732/651/595
f 978/536/490 1661/554/506 170/555/460
f 1662/551/503 191/550/502 85/604/551
f 191/550/502 1741/614/561 1072/653/597
f 178/635/549 70/669/549 1081/654/598
f 176/655/460 1716/672/612 1029/656/599
f 953/506/461 62/505/460 171/535/460
f 77/545/497 188/534/489 1736/600/548
f 1134/658/601 1797/677/617 183/659/549
f 988/560/511 80/559/510 199/618/565
f 1687/661/602 1002/2093/2058 1810/662/603
f 193/663/604 1810/662/603 1106/664/605
f 179/603/549 1752/602/550 1092/666/607
f 958/563/514 87/562/513 198/617/564
f 977/549/501 1652/647/591 185/615/562
f 1737/668/609 1076/713/652 70/669/549
f 87/562/513 1061/619/566 1726/670/610
f 1711/671/611 1041/1248/1203 1716/672/612
f 1034/673/613 1711/671/611 176/655/460
f 183/659/549 1792/678/618 1139/675/615
f 1797/677/617 1144/1277/1233 1792/678/618
f 66/679/619 174/692/631 1691/680/620
f 1666/681/621 983/687/627 63/682/622
f 196/539/492 1746/605/552 1087/683/623
f 72/628/575 1102/704/643 1772/684/624
f 968/686/626 1666/681/621 172/571/460
f 983/687/627 1681/708/647 173/579/529
f 177/688/549 1742/689/628 1081/654/598
f 71/601/549 1071/706/645 1742/689/628
f 1702/690/629 1030/586/536 74/588/538
f 68/636/549 182/641/549 1787/643/587
f 1782/691/630 1134/658/601 73/660/549
f 174/692/631 1686/695/634 1020/693/632
f 1696/694/633 1003/1951/1174 1686/695/634
f 1777/696/635 181/685/625 1767/697/636
f 181/685/625 1772/684/624 1123/699/638
f 1712/648/592 189/649/593 1807/700/639
f 1025/702/641 67/596/460 175/598/460
f 78/585/535 186/583/533 1786/610/557
f 189/649/593 1791/650/594 1143/703/642
f 998/570/521 79/569/520 187/624/571
f 1721/674/614 176/655/460 67/596/460
f 73/660/549 183/659/549 1802/676/616
f 180/607/554 1757/707/646 1102/704/643
f 63/682/622 173/579/529 1676/581/531
f 1647/667/608 198/617/564 81/533/488
f 1071/706/645 71/601/549 179/603/549
f 69/623/570 1092/666/607 1757/707/646
f 1687/661/602 193/663/604 86/631/578
f 1681/708/647 993/715/654 66/679/619
f 190/564/515 1761/621/568 1097/709/648
f 193/663/604 1766/665/606 1124/710/649
f 1656/657/600 171/535/460 64/537/460
f 170/555/460 65/541/460 957/543/495
f 1062/711/650 71/601/549 177/688/549
f 1727/712/651 177/688/549 70/669/549
f 175/598/460 1701/597/546 962/714/653
f 993/715/654 1696/694/633 174/692/631
f 1096/629/576 72/628/575 181/685/625
f 1067/652/596 1782/691/630 182/641/549
s 1
f 251/716/655 254/719/658 256/717/656
f 254/719/658 255/730/667 257/720/659
f 256/717/656 257/720/659 258/722/661
f 259/723/662 262/729/666 261/724/663
f 260/726/665 263/736/668 262/727/666
f 262/729/666 257/720/659 255/730/667
f 263/731/668 258/722/661 257/720/659
f 253/48/44 264/1505/671 266/732/669
f 265/733/670 266/732/669 263/736/673
f 266/732/669 267/735/2059 258/737/675
f 288/176/155 291/740/678 293/738/676
f 291/740/678 298/1503/2060 294/741/679
f 292/739/677 293/738/676 305/742/680
f 293/738/676 294/741/679 295/744/682
f 289/745/683 296/748/686 299/746/684
f 296/748/686 297/754/1357 300/749/687
f 299/746/684 300/749/687 295/744/689
f 301/750/690 304/753/693 303/751/691
f 302/743/681 305/742/680 304/753/693
f 304/753/693 300/749/695 297/754/694
f 305/742/680 295/744/682 300/749/695
f 356/136/119 359/1508/698 361/755/696
f 360/760/697 361/759/696 372/761/700
f 361/759/696 362/758/699 363/763/702
f 357/105/94 364/766/705 366/764/703
f 364/766/705 365/771/713 367/767/706
f 366/764/703 367/767/706 363/763/708
f 368/768/710 371/770/712 370/769/711
f 369/762/701 372/761/714 371/770/712
f 371/770/712 367/767/706 365/771/713
f 372/761/714 363/763/708 367/767/706
f 393/178/157 396/774/717 398/772/715
f 396/774/717 397/783/727 399/775/718
f 398/772/715 399/775/718 400/777/720
f 401/778/722 404/782/726 403/779/723
f 402/781/725 405/784/728 404/782/726
f 404/782/726 399/775/729 397/783/727
f 405/784/728 400/777/734 399/775/729
f 395/117/103 406/1501/732 408/785/730
f 407/786/731 408/785/730 405/784/728
f 408/785/730 409/776/733 400/777/734
s 2
f 413/788/735 416/791/738 415/789/736
f 416/791/738 417/2102/745 422/792/739
f 418/793/740 421/797/744 420/794/741
f 419/796/743 417/2103/745 421/797/744
f 421/797/744 416/799/738 414/790/737
f 422/792/739 417/2102/745 424/800/746
f 424/800/746 417/2103/745 419/796/743
s 7
f 431/810/755 432/809/758 429/811/756
f 432/809/758 433/2104/2061 430/813/759
s 12
f 451/832/782 1814/836/776 450/838/775
s 2
f 458/839/783 460/842/2062 459/840/784
s 15
f 459/840/787 460/842/2063 464/843/788
s 2
f 463/848/793 1815/844/1522 464/843/794
f 468/850/796 478/853/799 470/851/797
f 472/857/803 471/2105/802 474/858/804
f 475/862/807 478/864/799 477/863/808
f 478/864/799 471/2105/802 472/857/803
f 491/876/821 494/879/824 493/877/822
f 497/884/828 495/882/826 492/878/823
f 499/888/830 502/890/832 501/889/831
f 500/881/825 494/880/824 502/890/832
f 502/890/832 494/880/824 495/882/826
s 19
f 506/892/833 512/895/2064 507/893/834
s 20
f 506/892/836 1812/901/2065 508/894/837
s 2
f 515/904/846 518/907/849 517/905/847
f 516/906/848 519/909/851 518/907/849
f 518/907/849 529/910/852 526/908/850
s 3
f 514/250/226 520/1531/855 523/911/853
f 520/913/855 521/922/1480 524/914/856
f 522/912/854 523/911/853 519/916/857
s 23
f 523/911/859 524/2106/2066 529/918/860
s 2
f 525/919/862 528/921/864 527/920/863
f 526/908/850 529/910/866 528/921/864
f 528/921/864 524/914/867 521/922/865
f 533/924/868 536/927/871 535/925/869
f 534/926/870 537/929/2067 536/927/871
f 536/927/871 538/930/874 545/928/872
s 3
f 531/288/264 539/933/877 542/931/875
f 539/933/877 540/1525/1476 543/934/878
f 541/932/876 542/931/875 537/935/879
f 542/931/875 543/934/878 538/937/881
s 2
f 544/938/882 547/940/884 546/939/883
f 545/928/872 538/930/874 547/940/884
f 547/940/884 543/943/2068 540/941/885
f 551/944/887 554/947/890 553/945/888
f 552/946/889 555/955/898 554/947/890
f 554/947/890 566/950/893 563/948/891
f 554/947/890 555/955/898 556/949/892
f 557/951/894 560/954/897 559/952/895
f 558/953/896 561/959/902 560/954/897
f 560/954/897 555/955/898 552/946/889
f 560/954/897 561/959/902 556/949/892
f 562/956/899 565/958/901 564/957/900
f 563/948/891 566/950/893 565/958/901
f 565/958/901 561/959/902 558/953/896
f 565/958/901 566/950/893 556/949/892
f 570/960/903 573/963/906 572/961/904
f 571/962/905 574/965/2069 573/963/906
f 573/963/906 575/966/909 582/964/907
s 3
f 568/298/274 576/1515/912 579/967/910
f 576/969/912 577/977/1468 580/970/913
f 578/972/911 579/971/910 574/965/914
f 579/971/910 580/970/913 575/973/916
s 2
f 581/974/917 584/976/919 583/975/918
f 582/964/907 575/966/909 584/976/919
f 584/976/919 580/970/2070 577/977/920
f 585/978/922 588/1639/925 590/979/923
f 589/980/924 590/979/923 602/983/927
f 590/979/923 591/982/926 592/985/929
f 586/307/283 593/988/932 596/986/930
f 593/988/932 594/994/942 597/989/933
f 595/987/934 596/986/2071 591/982/935
f 596/986/930 597/989/933 592/985/937
f 598/990/939 601/993/941 600/991/940
f 599/984/928 602/983/943 601/993/941
f 601/993/941 597/989/944 594/994/942
f 602/983/943 592/985/2072 597/989/944
f 606/995/945 609/998/948 608/996/946
f 607/997/947 610/1008/950 609/998/948
f 609/998/948 620/1001/951 617/999/949
f 611/1002/952 614/1006/955 613/1003/953
f 612/1005/954 615/1007/956 614/1006/955
f 614/1006/955 610/1008/950 607/997/947
f 616/1009/957 619/1011/959 618/1010/958
f 617/999/949 620/1001/951 619/1011/959
f 619/1011/959 615/1007/956 612/1005/954
f 620/1001/951 610/1000/950 615/1007/956
f 621/316/292 624/1014/962 627/1012/960
f 624/1014/962 625/1024/972 628/1015/963
f 626/1013/964 627/1012/960 638/1016/965
f 627/1012/960 628/1015/963 629/1018/967
f 630/1019/968 633/1023/971 632/1020/969
f 631/1022/970 634/1025/973 633/1023/971
f 633/1023/971 628/1015/963 625/1024/972
f 634/1025/973 629/1018/967 628/1015/963
f 623/308/284 635/1621/976 637/1026/974
f 636/1027/975 637/1026/974 634/1025/973
f 637/1026/974 638/1016/977 629/1018/967
f 642/1028/978 645/1032/982 644/1029/979
f 643/1031/981 646/1034/984 645/1032/982
f 645/1032/982 656/1035/985 653/1033/983
f 647/1036/986 650/1039/989 649/1037/987
f 648/1038/988 651/1040/990 650/1039/989
f 650/1039/989 646/1034/984 643/1031/981
f 651/1040/990 656/1045/985 646/1034/984
f 652/1041/991 655/1044/993 654/1042/992
f 653/1033/983 656/1035/985 655/1044/993
f 655/1044/993 651/1040/990 648/1038/988
f 657/337/312 660/1048/996 663/1046/994
f 660/1048/996 661/1058/1008 664/1049/997
s 24
f 663/1046/998 673/1052/1002 671/1050/999
f 663/1046/998 664/1049/2073 665/1051/1001
s 2
f 666/1053/1003 669/1057/1007 668/1054/1004
f 667/1056/1005 664/1063/1013 669/1057/1006
f 669/1057/1007 664/1049/997 661/1058/1008
f 659/1059/1009 670/1062/1579 673/1060/1010
f 672/1061/1011 673/1060/2074 664/1063/1013
f 674/1064/1015 677/1067/1581 679/1065/1016
f 677/1067/1018 684/1629/1583 680/1068/1019
f 678/1066/1017 679/1065/1016 691/1069/1020
f 679/1065/1016 680/1068/1019 681/1071/1022
f 675/311/287 682/1074/1025 685/1072/1023
f 682/1074/1025 683/1080/1031 686/1075/1026
f 685/1072/1023 686/1075/1026 681/1071/1022
f 687/1076/1028 690/1079/1030 689/1077/1029
f 688/1070/1021 691/1069/1020 690/1079/1030
f 690/1079/1030 686/1075/1026 683/1080/1031
f 691/1069/1020 681/1071/1022 686/1075/1026
f 692/341/316 695/1083/1034 697/1081/1032
f 695/1083/1034 696/1092/1042 698/1084/1035
f 697/1081/1032 698/1084/1035 699/1086/1037
f 700/1087/1038 703/1091/1041 702/1088/1039
f 701/1090/1040 704/1094/1043 703/1091/1041
f 703/1091/1041 698/1084/1035 696/1092/1042
f 704/1094/1043 699/1086/1037 698/1084/1035
f 694/1095/1044 705/1635/1047 707/1096/1045
f 706/1097/1046 707/1096/1045 704/1094/1043
f 707/1096/1045 708/1085/1048 699/1086/1037
f 712/1099/1049 715/1103/1053 714/1100/1050
f 713/1102/1052 716/1105/1055 715/1103/1053
f 715/1103/1053 726/1106/1056 723/1104/1054
f 716/1105/1055 721/1111/1061 726/1106/1056
f 717/1107/1057 720/1110/1060 719/1108/1058
f 718/1109/1059 721/1116/1061 720/1110/1060
f 720/1110/1060 716/1105/1055 713/1102/1052
f 722/1112/1062 725/1115/1064 724/1113/1063
f 723/1104/1054 726/1106/1056 725/1115/1064
f 725/1115/1064 721/1116/1061 718/1109/1059
f 727/1117/1065 730/1120/1068 733/1118/1066
f 732/1119/1067 733/1118/1066 738/1122/1070
f 728/302/278 735/1128/1077 733/1126/1075
f 735/1128/1077 736/1134/1084 738/1129/1078
f 739/1130/1080 742/1133/1083 741/1131/1081
f 740/1123/1071 738/1122/1070 742/1133/1082
f 742/1133/1083 738/1129/1078 736/1134/1084
s 4
f 793/1135/1085 796/1138/1088 798/1136/1086
f 796/1138/1088 797/1148/1097 799/1139/1089
f 798/1136/1086 799/1139/1089 800/1141/1091
f 801/1142/1092 804/1146/1096 803/1143/1093
f 802/1145/1095 805/1156/1098 804/1146/1096
f 804/1147/1096 799/1139/1089 797/1148/1097
f 805/1150/1098 800/1141/1091 799/1139/1089
f 795/1151/359 806/2107/1101 808/1152/1099
f 807/1153/1100 808/1152/1099 805/1156/1103
f 808/1152/1099 809/1155/2075 800/1157/1105
f 830/517/472 833/1867/1108 835/1158/1106
f 833/1160/1108 840/2108/2076 836/1161/1109
f 834/1159/1107 835/1158/1106 847/1163/1110
f 835/1162/1106 836/1161/1109 837/1165/1112
f 831/1167/1113 838/1170/1116 841/1168/1114
f 838/1170/1116 839/1177/1726 842/1171/1117
f 841/1168/1114 842/1171/1117 837/1165/1119
f 843/1172/1120 846/1176/1123 845/1173/1121
f 844/1175/1111 847/1166/1110 846/1176/1123
f 846/1176/1123 842/1171/1125 839/1177/1124
f 847/1166/1110 837/1165/1112 842/1171/1125
f 898/477/435 907/1872/1128 902/1178/1126
f 901/1179/1127 902/1178/1126 914/1182/1130
f 902/1178/1126 903/1181/2077 904/1184/1132
f 899/446/410 905/1187/1135 908/1185/1133
f 905/1187/1135 906/1192/1142 909/1188/1136
f 908/1185/1133 909/1188/1136 904/1184/1138
f 910/1189/1139 913/1191/1141 912/1190/1140
f 911/1183/1131 914/1182/1143 913/1191/1141
f 913/1191/1141 909/1188/1136 906/1192/1142
f 914/1182/1143 904/1184/1138 909/1188/1136
f 935/519/474 938/1195/1146 940/1193/1144
f 938/1195/1146 939/1204/1156 941/1196/1147
f 940/1193/1144 941/1196/1147 942/1198/1149
f 943/1199/1151 946/1203/1155 945/1200/1152
f 944/1202/1154 947/1205/1157 946/1203/1155
f 946/1203/1155 941/1196/1158 939/1204/1156
f 947/1205/1157 942/1198/1163 941/1196/1158
f 937/458/419 948/1863/1161 950/1206/1159
f 949/1207/1160 950/1206/1159 947/1205/1157
f 950/1206/1159 951/1197/1162 942/1198/1163
s 5
f 1002/1209/1164 1005/1212/1167 1007/1210/1165
f 1005/1212/1167 1006/1224/1177 1008/1213/1168
f 1007/1215/1165 1008/1227/1168 1009/1217/1170
f 1010/1218/1172 1013/1222/1176 1012/1219/1173
f 1011/1221/1175 1014/1226/1178 1013/1222/1176
f 1013/1223/1176 1008/1213/1168 1006/1224/1177
f 1014/1226/1178 1009/1217/1170 1008/1227/1168
f 1004/576/526 1015/2091/1181 1017/1228/1179
f 1016/1229/1180 1017/1228/1179 1014/1226/1183
f 1017/1228/1179 1018/1216/1182 1009/1217/1185
f 1039/1231/640 1042/2109/1188 1044/1232/1186
f 1043/1233/1187 1044/1232/1186 1055/1237/1190
f 1044/1232/1186 1045/2110/1189 1046/1239/1192
f 1040/1240/1193 1047/1243/1196 1049/1241/1194
f 1047/1243/1196 1048/1251/1945 1050/1244/1197
f 1049/1241/1194 1050/1244/1197 1046/1245/1199
f 1051/1246/1201 1054/1249/1204 1053/1247/1202
f 1052/1238/1191 1055/1237/1190 1054/1249/1204
f 1054/1250/1204 1050/1244/1206 1048/1251/1205
f 1055/1237/1190 1046/1239/1192 1050/1253/1206
f 1106/664/605 1115/2094/1209 1110/1254/1207
f 1109/1255/1208 1110/1254/1207 1122/1258/1211
f 1110/1254/1207 1111/1257/2078 1112/1260/1213
f 1107/633/580 1113/1263/1216 1116/1261/1214
f 1113/1263/1216 1114/1268/1223 1117/1264/1217
f 1116/1261/1214 1117/1264/1217 1112/1260/1219
f 1118/1265/1220 1121/1267/1222 1120/1266/1221
f 1119/1259/1212 1122/1258/1224 1121/1267/1222
f 1121/1267/1222 1117/1264/1217 1114/1268/1223
f 1122/1258/1224 1112/1260/1219 1117/1264/1217
f 1143/703/642 1146/1271/1227 1149/1269/1225
f 1146/1271/1227 1147/1280/1236 1150/1272/1228
f 1149/1269/1225 1150/1272/1228 1151/1274/1230
f 1152/1275/1231 1155/1279/1235 1154/1276/1232
f 1153/1278/1234 1156/1281/1237 1155/1279/1235
f 1155/1279/1235 1150/1272/1238 1147/1280/1236
f 1156/1281/1237 1151/1274/1243 1150/1272/1238
f 1145/645/589 1148/2088/1241 1158/1282/1239
f 1157/1283/1240 1158/1282/1239 1156/1281/1237
f 1158/1282/1239 1159/1273/2079 1151/1274/1243
s 1
f 222/25/22 1160/24/21 1162/1285/1244
f 225/1286/1245 1162/1285/1244 1163/1287/1246
f 224/1288/1248 1163/1287/1253 1164/1289/1249
f 1164/1289/1249 1161/1295/122 221/1291/159
f 1160/24/21 206/15/12 208/1292/1251
f 1162/1285/1244 208/1292/1251 209/1293/1252
f 1163/1287/1253 209/1293/1291 210/1294/1254
f 210/1294/1254 207/1334/32 1161/1295/122
f 1165/1296/56 1167/1299/1256 230/1297/1255
f 1167/1299/1256 1168/1301/1262 229/1300/1257
f 1168/1301/1258 1169/1306/1264 228/1302/1259
f 228/1302/1259 1169/1306/1264 1166/119/105
f 211/1303/168 213/1304/1261 1167/1299/1256
f 213/1304/1261 214/1305/1330 1168/1301/1262
f 214/1305/1263 215/1375/1332 1169/1306/1264
f 1169/1306/1264 215/1375/1332 212/18/15
f 1170/129/114 1172/1308/1266 205/1307/1265
f 1172/1308/1266 1173/1310/1271 204/1309/1267
f 1173/1310/1268 1174/1314/1272 203/1311/1269
f 203/1311/1269 1174/1314/1272 1171/1312/4
f 222/25/22 225/1286/1245 1172/1308/1266
f 225/1286/1245 224/1288/1247 1173/1310/1271
f 224/1288/1248 223/1290/1250 1174/1314/1272
f 1174/1314/1272 223/1290/1250 221/1291/159
f 217/1315/138 1175/1322/23 1177/1316/1273
f 220/1317/1274 1177/1316/1273 1178/1318/1275
f 219/1319/1277 1178/1318/1280 1179/1320/1278
f 1179/1320/1278 1176/23/20 216/10/8
f 1175/1322/23 227/1298/7 230/1297/1255
f 1177/1316/1273 230/1297/1255 229/1300/1257
f 1178/1318/1280 229/1300/1260 228/1302/1259
f 228/1302/1259 226/21/18 1176/23/20
f 232/1323/139 1180/1330/134 1182/1324/1281
f 235/1325/1282 1182/1324/1281 1183/1326/1283
f 234/1327/1285 1183/1326/1288 1184/1328/1286
f 1184/1328/1286 1181/12/10 231/29/26
f 1180/1330/134 217/1315/138 220/1317/1274
f 1182/1324/1281 220/1317/1274 219/1319/1276
f 1183/1326/1288 219/1319/1277 218/1321/1279
f 218/1321/1279 216/10/8 1181/12/10
f 206/15/12 1185/14/11 1187/1331/1289
f 208/1292/1251 1187/1331/1289 1188/1332/1290
f 209/1293/1291 1188/1332/1295 1189/1333/1292
f 1189/1333/1292 1186/1338/30 207/1334/32
f 1185/14/11 236/44/40 238/1335/1293
f 1187/1331/1289 238/1335/1293 239/1336/1294
f 1188/1332/1295 239/1336/1299 240/1337/1296
f 240/1337/1296 237/1342/29 1186/1338/30
f 236/44/40 1190/53/48 1192/1339/1297
f 238/1335/1293 1192/1339/1297 1193/1340/1298
f 239/1336/1299 1193/1340/1303 1194/1341/1300
f 1194/1341/1300 1191/1346/27 237/1342/29
f 1190/53/48 246/52/47 248/1343/1301
f 1192/1339/1297 248/1343/1301 249/1344/1302
f 1193/1340/1303 249/1344/1321 250/1345/1304
f 250/1345/1304 247/1366/39 1191/1346/27
f 242/1347/169 1195/1354/162 1197/1348/1305
f 245/1349/1306 1197/1348/1305 1198/1350/1307
f 244/1351/1309 1198/1350/1312 1199/1352/1310
f 1199/1352/1310 1196/37/34 241/39/36
f 1195/1354/162 232/1323/139 235/1325/1282
f 1197/1348/1305 235/1325/1282 234/1327/1284
f 1198/1350/1312 234/1327/1285 233/1329/1287
f 233/1329/1287 231/29/26 1196/37/34
f 1200/170/149 1202/1356/1314 272/1355/1313
f 1202/1356/1314 1203/1358/1316 271/1357/1315
f 1203/1358/1316 1204/1360/1318 270/1359/1317
f 1204/1360/1318 1201/133/116 268/1361/45
f 252/725/664 261/724/663 1202/1356/1314
f 261/724/663 255/730/667 1203/1358/1316
f 255/730/667 254/719/658 1204/1360/1318
f 254/719/658 251/716/655 1201/133/116
f 246/52/47 1205/152/133 1207/1362/1319
f 248/1343/1301 1207/1362/1323 1208/1363/1320
f 249/1344/1321 1208/1363/1324 1209/1364/1322
f 250/1345/1304 1209/1364/1322 1206/1365/37
f 1205/152/133 269/168/147 272/1355/1313
f 1207/1362/1323 272/1355/1313 271/1357/1315
f 1208/1363/1324 271/1357/1315 270/1359/1317
f 270/1359/1317 268/1361/45 1206/1365/37
f 252/1367/664 1210/1371/148 1212/1368/1325
f 259/728/662 1212/1368/1325 1213/1369/1326
f 260/726/674 1213/1369/1328 1214/1370/1327
f 265/733/670 1214/1370/1327 1211/46/42
f 1210/1371/148 242/1347/169 245/1349/1306
f 1212/1368/1325 245/1349/1306 244/1351/1308
f 1213/1369/1328 244/1351/1309 243/1353/1311
f 1214/1370/1327 243/1353/1311 241/39/36
f 1215/1372/63 1217/1373/1329 213/1304/1261
f 1217/1373/1329 1218/1374/1334 214/1305/1330
f 1218/1374/1331 1219/1379/1336 215/1375/1332
f 215/1375/1332 1219/1379/1336 1216/162/141
f 278/128/113 280/1395/1333 1217/1376/1329
f 280/1377/1333 281/1378/1352 1218/1374/1334
f 281/1378/1335 282/1398/1354 1219/1379/1336
f 1219/1379/1336 282/1398/1354 279/58/53
f 1220/1/1 1222/1381/1338 277/1380/1337
f 1222/1381/1338 1223/1383/1343 276/1382/1339
f 1223/1383/1340 1224/1386/1344 275/1384/1341
f 275/1385/1341 1224/1387/1344 1221/54/49
f 202/3/3 205/1307/1265 1222/1381/1338
f 205/1307/1265 204/1309/1267 1223/1383/1343
f 204/1309/1270 203/1311/1269 1224/1386/1344
f 1224/1387/1344 203/2111/1269 201/16/13
f 290/752/692 1225/1391/125 1227/1388/1345
f 301/750/690 1227/1388/1345 1228/1389/1346
f 302/743/681 1228/1389/1346 1229/1390/1347
f 292/739/677 1229/1390/1347 1226/120/106
f 1225/1391/125 283/2112/127 285/1392/1348
f 1227/1388/1345 285/1392/1348 286/1393/1349
f 1228/1389/1346 286/1393/1349 287/1394/1350
f 1229/1390/1347 287/1394/1350 284/64/59
f 1230/144/126 1232/1401/1351 280/1395/1333
f 1232/1396/1351 1233/1397/1356 281/1378/1352
f 1233/1397/1353 1234/1399/1355 282/1398/1354
f 1234/1399/1355 1231/66/61 279/58/53
f 290/1400/692 303/2113/691 1232/1401/1351
f 303/751/691 297/754/694 1233/1397/1356
f 297/754/1357 296/748/686 1234/1399/1355
f 296/748/686 289/745/683 1231/66/61
f 1235/146/128 1237/1403/1358 285/1402/1348
f 1237/1403/1358 1238/1405/1360 286/1404/1349
f 1238/1405/1359 1239/1407/1361 287/1406/1350
f 287/1394/1350 1239/1408/1361 1236/62/57
f 274/177/156 277/1380/1337 1237/1403/1358
f 277/1380/1337 276/1382/1339 1238/1405/1360
f 276/1382/1342 275/1384/1341 1239/1407/1361
f 275/1385/1341 273/56/51 1236/62/57
f 1240/142/124 1242/1410/1363 330/1409/1362
f 1242/1410/1363 1243/1412/1365 329/1411/1364
f 1243/1412/1365 1244/1414/1367 328/1413/1366
f 1244/1414/1367 1241/189/166 326/190/167
f 311/91/82 313/1415/1368 1242/1410/1363
f 313/1415/1368 314/1416/1369 1243/1412/1365
f 314/1416/1369 315/1417/1370 1244/1414/1367
f 315/1417/1370 312/188/165 1241/189/166
f 332/85/76 1245/84/75 1247/1418/1371
f 335/1419/1372 1247/1418/1371 1248/1420/1373
f 334/1421/1374 1248/1420/1373 1249/1422/1375
f 333/1423/1376 1249/1422/1375 1246/123/109
f 1245/84/75 316/88/79 318/1424/1377
f 1247/1418/1371 318/1424/1377 319/1425/1378
f 1248/1420/1373 319/1425/1378 320/1426/1379
f 1249/1422/1375 320/1426/1379 317/124/110
f 307/81/72 1250/72/65 1252/1427/1380
f 310/1428/1381 1252/1427/1380 1253/1429/1382
f 309/1430/1383 1253/1429/1382 1254/1431/1384
f 308/1432/1385 1254/1431/1384 1251/140/123
f 1250/72/65 327/71/64 330/1409/1362
f 1252/1427/1380 330/1409/1362 329/1411/1364
f 1253/1429/1382 329/1411/1364 328/1413/1366
f 1254/1431/1384 328/1413/1366 326/190/167
f 1255/86/77 1257/1434/1387 325/1433/1386
f 1257/1434/1387 1258/1436/1389 324/1435/1388
f 1258/1436/1389 1259/1438/1391 323/1437/1390
f 1259/1438/1391 1256/161/140 321/181/160
f 332/85/76 335/1419/1372 1257/1434/1387
f 335/1419/1372 334/1421/1374 1258/1436/1389
f 334/1421/1374 333/1423/1376 1259/1438/1391
f 1260/77/69 1262/1440/1393 340/1439/1392
f 1262/1440/1393 1263/1442/1395 339/1441/1394
f 322/125/111 325/1433/1386 1262/1440/1393
f 325/1433/1386 324/1435/1388 1263/1442/1395
f 324/1435/1388 323/1437/1390 1264/1444/1397
f 323/1437/1390 321/181/160 1261/94/85
f 1265/92/83 1267/1445/1398 313/1415/1368
f 1267/1445/1398 1268/1446/1399 314/1416/1369
f 1269/1447/1400 1266/74/67 312/188/165
f 341/97/87 343/1448/1401 1267/1445/1398
f 343/1448/1401 344/1449/1402 1268/1446/1399
f 344/1449/1402 345/1450/1403 1269/1447/1400
f 345/1450/1403 342/138/121 1266/74/67
f 1270/98/88 1272/1451/1404 343/1448/1401
f 1272/1451/1404 1273/1452/1405 344/1449/1402
f 1273/1452/1405 1274/1453/1406 345/1450/1403
f 1274/1453/1406 1271/182/161 342/138/121
f 351/102/91 353/1454/1407 1272/1451/1404
f 353/1454/1407 354/1455/1408 1273/1452/1405
f 354/1455/1408 355/1456/1409 1274/1453/1406
f 1275/93/84 1277/1458/1411 350/1457/1410
f 1277/1458/1411 1278/1460/1413 349/1459/1412
f 1278/1460/1413 1279/1462/1415 348/1461/1414
f 1279/1462/1415 1276/80/71 346/101/90
f 337/155/135 340/1439/1392 1277/1458/1411
f 340/1439/1392 339/1441/1394 1278/1460/1413
f 339/1441/1394 338/1443/1396 1279/1462/1415
f 338/1443/1396 336/78/70 1276/80/71
f 374/187/164 1280/2100/120 1282/1463/1416
f 377/1464/1417 1282/1463/1416 1283/1465/1418
f 376/1466/1419 1283/1465/1418 1284/1467/1420
f 375/1468/1421 1284/1467/1420 1281/172/151
f 1280/137/120 356/136/119 360/756/697
f 1282/1463/1416 360/760/697 369/762/701
f 1283/1465/1418 369/762/701 368/768/710
f 1284/1467/1420 368/768/710 358/173/152
f 1285/104/93 1287/1470/1422 353/1454/1407
f 1287/1470/1422 1288/1471/1423 354/1455/1408
f 1288/1471/1423 1289/1472/1424 355/1456/1409
f 1289/1472/1424 1286/156/136 352/179/158
f 374/187/164 377/1464/1417 1287/1470/1422
f 377/1464/1417 376/1466/1419 1288/1471/1423
f 376/1466/1419 375/1468/1421 1289/1472/1424
f 375/1468/1421 373/174/153 1286/156/136
f 1290/99/89 1292/1473/1425 364/766/705
f 1292/1473/1425 1293/1474/1426 365/771/713
f 1294/1475/1427 1291/171/150 358/173/152
f 347/185/163 350/1457/1410 1292/1473/1425
f 350/1457/1410 349/1459/1412 1293/1474/1426
f 349/1459/1412 348/1461/1414 1294/1475/1427
f 348/1461/1414 346/101/90 1291/171/150
f 316/88/79 1295/109/96 1297/1476/1428
f 318/1424/1377 1297/1476/1428 1298/1477/1429
f 319/1425/1378 1298/1477/1429 1299/1478/1430
f 1295/109/96 383/110/97 385/1479/1431
f 1298/1477/1429 386/1480/1432 387/1481/1433
f 379/111/98 1300/82/73 1302/1482/1434
f 382/1483/1435 1302/1482/1434 1303/1484/1436
f 381/1485/1437 1303/1484/1436 1304/1486/1438
f 380/1487/1439 1304/1486/1438 1301/115/101
f 1300/82/73 307/81/72 310/1428/1381
f 1302/1482/1434 310/1428/1381 309/1430/1383
f 1303/1484/1436 309/1430/1383 308/1432/1385
f 1304/1486/1438 308/1432/1385 306/106/95
f 1305/122/108 1307/1488/1440 396/774/717
f 1307/1488/1440 1308/1489/1441 397/783/727
f 1308/1489/1441 1309/1490/1442 403/779/723
f 1309/1490/1442 1306/150/132 394/780/724
f 388/118/104 390/1491/1443 1307/1488/1440
f 390/1491/1443 391/1492/1444 1308/1489/1441
f 391/1492/1444 392/1493/1445 1309/1490/1442
f 392/1493/1445 389/147/129 1306/150/132
f 383/110/97 1310/116/102 1312/1494/1446
f 385/1479/1431 1312/1494/1446 1313/1495/1447
f 386/1480/1432 1313/1495/1447 1314/1496/1448
f 387/1481/1433 1314/1496/1448 1311/149/131
f 1310/116/102 395/117/103 407/786/731
f 1312/1494/1446 407/786/731 402/781/725
f 1313/1495/1447 402/781/725 401/778/722
f 1314/1496/1448 401/778/722 394/780/724
f 388/118/104 1315/112/99 1317/1497/1449
f 390/1491/1443 1317/1497/1449 1318/1498/1450
f 391/1492/1444 1318/1498/1450 1319/1499/1451
f 392/1493/1445 1319/1499/1451 1316/148/130
f 1315/112/99 379/111/98 382/1483/1435
f 1317/1497/1449 382/1483/1435 381/1485/1437
f 1318/1498/1450 381/1485/1437 380/1487/1439
f 395/117/103 1320/67/62 1322/1500/1452
f 406/773/1453 1322/1504/1457 1321/175/154
f 1320/67/62 289/745/683 298/747/1454
f 1322/1504/1457 291/740/678 288/176/155
f 1323/47/43 1325/1507/1460 264/1505/1458
f 1325/1506/1459 1324/134/117 251/716/655
f 357/105/94 359/765/704 1325/1507/1460
f 359/1508/698 356/136/119 1324/134/117
s 2
f 1326/258/234 548/274/250 553/945/888
f 1331/252/228 1333/1512/1464 557/951/894
f 1333/1512/1464 1334/1514/1466 558/953/896
f 558/953/896 1334/1514/1466 1335/1513/1465
f 567/230/207 572/961/904 1333/1512/1464
f 572/961/904 582/964/907 1334/1514/1466
f 1334/1514/1466 582/964/907 581/974/917
f 1335/1513/1465 581/974/917 569/267/243
s 3
f 1338/1516/1467 1339/1519/1470 577/1517/1468
f 1336/287/263 531/288/264 541/932/876
s 2
f 1339/1518/1469 533/924/868 530/242/218
f 200/297/273 1340/294/270 1342/1521/1472
f 525/919/862 1342/1521/1472 1343/1522/1473
f 1343/1522/1473 1344/1523/1474 517/905/847
f 1340/294/270 549/253/229 559/952/895
f 1342/1521/1472 559/952/895 552/946/889
f 552/946/889 551/944/887 1344/1523/1474
f 551/944/887 548/274/250 1341/273/249
s 3
f 1345/248/224 1347/1524/1475 539/933/877
f 1347/1524/1475 1348/1529/1478 540/1525/1476
f 1345/248/224 514/250/226 522/912/854
f 1347/1524/1475 522/912/854 516/917/858
f 1349/249/225 1351/1534/1479 520/1531/855
f 1351/1532/1479 1352/1535/1483 521/922/1480
s 2
f 1352/1533/1481 1350/229/206 200/297/1482
s 3
f 1349/249/225 568/298/274 578/968/911
f 1351/1532/1479 578/972/911 571/962/915
s 2
f 1352/1533/1481 570/960/903 567/230/207
f 436/207/184 1353/163/142 1355/1536/1484
f 439/1537/1485 1355/1536/1484 1356/1538/1486
f 441/1541/1490 1357/1540/1489 1354/245/221
f 410/165/144 415/789/736 1355/1536/1484
f 415/789/736 422/792/739 1356/1538/1486
f 422/792/739 423/801/747 1357/1540/1489
f 1358/257/233 412/243/219 423/802/747
f 1361/1544/1494 419/796/743 418/793/740
f 1363/313/289 1365/1547/1496 441/1546/1490
f 1365/1547/1496 1366/1548/1498 442/824/1497
f 1366/1548/1498 1367/1549/1500 444/819/1499
f 1367/1549/1500 1364/246/222 438/232/209
f 1366/1548/1498 452/835/1501 451/834/778
f 1367/1549/1500 451/834/778 446/831/777
f 465/296/272 1368/217/194 1370/1551/1502
f 468/850/796 1370/1551/1502 1371/1552/1503
f 469/861/798 1371/1552/1503 1372/1553/1504
f 473/860/805 1372/1553/1504 1369/277/253
f 425/219/196 429/804/749 1370/1551/1502
f 429/804/749 433/807/1505 1371/1552/1503
f 433/807/1505 434/1554/1506 1372/1553/1504
f 434/1554/1506 427/275/251 1369/277/253
f 479/270/246 1373/271/247 1375/1555/1507
f 487/867/1508 1375/1555/1507 1376/1556/1509
f 1816/1557/1510 1376/1556/1509 1377/1558/1511
f 485/1559/1512 1377/1558/1511 1374/334/309
f 467/261/237 477/863/808 1375/1555/1507
f 477/863/808 472/857/803 1376/1556/1509
f 472/857/803 473/859/805 1377/1558/1511
f 473/859/805 466/318/294 1374/334/309
f 1378/206/183 1380/1561/1513 485/1560/1512
f 1380/1561/1513 1381/1562/1515 484/875/1514
f 1381/1562/1515 1382/1563/1517 487/873/1516
f 1382/1563/1517 1379/263/239 481/268/244
f 1378/206/183 427/275/251 434/1564/1506
f 1380/1561/1513 434/1564/1506 433/1565/1518
f 1381/1562/1515 433/1565/1518 432/1566/753
f 1382/1563/1517 432/1566/753 426/808/752
f 1383/255/231 1385/1568/1520 462/1567/1519
f 463/2114/793 462/1567/1519 1815/844/1522
f 462/1567/1519 1385/1568/1520 1815/844/1522
f 1387/1570/1523 1384/293/269 455/340/315
f 1383/255/231 489/278/254 496/886/1524
f 1385/1568/1520 496/886/1524 492/887/823
f 1386/1569/1521 492/887/823 491/876/821
f 1387/1570/1523 491/876/821 488/291/267
f 1390/1571/1525 1391/1572/1526 497/891/828
f 1388/324/299 504/325/300 509/1574/1528
f 1393/338/313 1395/1577/1531 509/1576/1528
f 1396/1578/1533 1397/1579/1534 512/899/841
f 1397/1579/1534 1394/284/260 505/290/266
f 1395/1577/1531 462/1580/1519 463/848/1535
f 1396/1578/1533 463/848/1535 460/849/791
f 1397/1579/1534 460/849/791 456/845/790
f 587/992/306 1398/1584/305 1400/1581/1536
f 598/990/939 1400/1581/1536 1401/1582/1537
f 599/984/928 1401/1582/1537 1402/1583/1538
f 589/980/924 1402/1583/1538 1399/281/257
f 1398/1584/305 604/1004/307 613/1003/953
f 1400/1581/1536 613/1003/953 607/997/947
f 1401/1582/1537 607/997/947 606/995/945
f 606/995/945 603/317/293 1399/281/257
f 1403/305/281 1405/1585/1539 624/1014/962
f 1407/1587/1541 1404/1588/197 622/1021/199
f 1408/306/282 1410/1589/1542 593/988/932
f 1410/1589/1542 1411/1590/1543 594/994/942
f 1411/1590/1543 1412/1591/1544 600/991/940
f 1412/1591/1544 1409/1592/198 587/992/306
f 1408/306/282 623/308/284 636/1027/975
f 1410/1589/1542 636/1027/975 631/1022/970
f 1411/1590/1543 631/1022/970 630/1019/968
f 1412/1591/1544 630/1019/968 622/1021/199
f 1413/1593/296 1415/1594/1545 652/1041/991
f 1415/1594/1545 1416/1595/1546 653/1033/983
f 1416/1595/1546 1417/1596/1547 644/1029/979
f 1417/1596/1547 1414/224/201 639/1030/980
f 658/1055/298 668/1054/1004 1415/1594/1545
f 668/1054/1004 661/1058/1008 1416/1595/1546
f 661/1058/1008 660/1048/996 1417/1596/1547
f 660/1048/996 657/337/312 1414/224/201
f 676/1078/311 1418/1600/310 1420/1597/1548
f 687/1076/1028 1420/1597/1548 1421/1598/1549
f 688/1070/1021 1421/1598/1549 1422/1599/1550
f 678/1066/1017 1422/1599/1550 1419/210/187
f 1418/1600/310 641/1043/295 654/1042/992
f 1420/1597/1548 654/1042/992 648/1038/988
f 1421/1598/1549 648/1038/988 647/1036/986
f 1422/1599/1550 647/1036/986 640/310/286
f 1423/309/285 1425/1601/1551 682/1074/1025
f 1425/1601/1551 1426/1602/1552 683/1080/1031
f 1426/1602/1552 1427/1603/1553 689/1077/1029
f 1427/1603/1553 1424/1604/297 676/1078/311
f 1423/309/285 659/1059/1009 672/1061/1011
f 1425/1601/1551 672/1061/1011 667/1056/1005
f 1426/1602/1552 667/1056/1005 666/1053/1003
f 1427/1603/1553 666/1053/1003 658/1055/298
f 1428/329/304 1430/1605/1554 695/1083/1034
f 1430/1605/1554 1431/1606/1555 696/1092/1042
f 1431/1606/1555 1432/1607/1556 702/1093/1039
f 1432/1607/1556 1429/1608/180 693/1089/190
f 709/1101/1051 714/1100/1050 1430/1605/1554
f 714/1100/1050 723/1104/1054 1431/1606/1555
f 723/1104/1054 722/1112/1062 1432/1607/1556
f 722/1112/1062 711/1114/178 1429/1608/180
f 717/1107/1057 1435/1609/1557 1436/1610/1558
f 1433/200/177 727/1117/1065 732/1119/1067
f 1436/1610/1558 740/1123/1071 739/1130/1080
f 1437/1611/1559 739/1130/1080 729/1132/302
f 1438/303/279 1440/1613/1560 735/1128/1077
f 1440/1613/1560 1441/1614/1561 736/1134/1084
f 1441/1614/1561 1442/1615/1562 741/1131/1081
f 1442/1615/1562 1439/1616/189 729/1132/302
f 1438/303/279 694/1095/1044 706/1097/1046
f 1440/1613/1560 706/1097/1046 701/1090/1040
f 1441/1614/1561 701/1090/1040 700/1087/1038
f 1442/1615/1562 700/1087/1038 693/1089/190
f 1443/164/143 1445/1617/1563 413/788/735
f 1445/1617/1563 1446/1618/1565 414/790/1564
f 1446/1618/1565 1447/1619/1566 420/794/741
f 1447/1619/1566 1444/236/213 411/795/742
f 603/317/293 608/996/946 1445/1617/1563
f 608/996/946 617/999/949 1446/1618/1565
f 617/999/949 616/1009/957 1447/1619/1566
f 616/1009/957 605/304/280 1444/236/213
f 623/308/284 1448/247/223 1450/1620/1567
f 635/1017/966 1450/1623/1569 1451/1622/1568
f 626/1013/961 1451/1622/1571 1449/314/290
f 1448/247/223 446/831/777 453/833/779
f 1450/1623/1569 453/827/2080 448/825/1570
f 1451/1622/1571 448/825/770 445/315/291
f 1452/218/195 1454/1625/1575 428/803/748
f 431/810/754 1454/1624/1577 1453/264/240
f 1452/218/195 657/337/312 662/1047/995
f 670/1062/1579 659/1059/1009 1453/264/240
f 674/1064/1015 1455/209/186 1457/1627/1580
f 677/1067/1018 1457/1627/1585 1458/1628/1582
f 1458/1630/1584 1456/269/245 675/311/287
f 1455/209/186 479/270/246 482/866/810
f 1457/1627/1585 482/866/2081 486/871/1586
f 486/872/816 481/268/244 1456/269/245
f 490/283/259 1459/282/258 1461/1631/1587
f 1461/1631/1587 1462/1632/1589 500/881/1588
f 1462/1632/1589 1463/1633/1590 493/877/822
f 1463/1633/1590 1460/328/303 488/291/267
f 1459/282/258 710/301/277 719/1108/1058
f 1461/1631/1587 719/1108/1058 713/1102/1052
f 713/1102/1052 712/1099/1049 1463/1633/1590
f 712/1099/1049 709/1101/1051 1460/328/303
f 694/1095/1044 1464/285/261 1466/1634/1591
f 1466/1636/1592 1465/339/314 692/341/316
f 1464/285/261 456/845/790 461/847/792
f 458/839/1594 455/340/315 1465/339/314
f 585/978/922 1467/280/256 1469/1638/1595
f 1470/1641/1597 1468/234/211 586/307/283
f 1467/280/256 436/207/184 443/815/1598
f 443/818/1599 438/232/209 1468/234/211
f 1471/262/238 1473/1642/1600 475/862/807
f 1473/1642/1600 1474/1644/1603 476/855/1601
f 476/855/1601 1474/1644/1603 1475/1643/1602
f 1475/1643/1602 1472/223/200 465/296/272
f 640/310/286 649/1037/987 1473/1642/1600
f 1473/1642/1600 649/1037/987 643/1031/981
f 1474/1644/1603 643/1031/981 642/1028/978
f 642/1028/978 639/1030/980 1472/223/200
f 1476/289/265 1478/1646/1609 511/898/840
s 31
f 511/897/1604 1478/1647/1612 1479/1645/1605
s 2
f 1479/1645/1607 1477/199/176 503/196/173
f 728/302/278 737/1127/1076 1478/1646/1609
s 31
f 731/1121/1611 730/1120/2082 1479/1645/1605
s 2
f 1479/1645/1607 730/1120/1068 727/1117/1065
s 4
f 764/366/338 1480/365/337 1482/1648/1613
f 767/1650/1614 1482/1656/1613 1483/1651/1615
f 766/1652/1617 1483/1651/1622 1484/1653/1618
f 1484/1653/1618 1481/480/438 763/521/476
f 1480/365/337 748/356/328 750/1655/1620
f 1482/1656/1613 750/1694/1620 751/1657/1621
f 1483/1651/1622 751/1657/1660 752/1658/1623
f 752/1658/1623 749/376/347 1481/480/438
f 1485/402/371 1487/1660/1625 772/1659/1624
f 1487/1660/1625 1488/1662/1631 771/1661/1626
f 1488/1662/1627 1489/1667/1633 770/1663/1628
f 770/1664/1628 1489/1668/1633 1486/460/421
f 753/530/485 755/1665/1630 1487/1660/1625
f 755/1665/1630 756/1666/1699 1488/1662/1631
f 756/1666/1632 757/1738/1701 1489/1667/1633
f 1489/1668/1633 757/1739/1701 754/359/331
f 1490/470/430 1492/1675/1635 747/1669/1634
f 1492/1670/1635 1493/1673/1640 746/1671/1636
f 1493/1673/1637 1494/1676/1641 745/1674/1638
f 745/1674/1638 1494/1676/1641 1491/345/320
f 764/366/338 767/1649/1614 1492/1675/1635
f 767/1650/1614 766/1652/1616 1493/1673/1640
f 766/1652/1617 765/1654/1619 1494/1676/1641
f 1494/1676/1641 765/1654/1619 763/521/476
f 759/499/455 1495/367/339 1497/1677/1642
f 762/1678/1643 1497/1677/1642 1498/1679/1644
f 761/1680/1646 1498/1679/1649 1499/1681/1647
f 1499/1683/1647 1496/364/336 758/351/324
f 1495/367/339 769/349/323 772/1659/1624
f 1497/1677/1642 772/1659/1624 771/1661/1626
f 1498/1679/1649 771/1661/1629 770/1663/1628
f 770/1664/1628 768/362/334 1496/364/336
f 774/500/456 1500/494/451 1502/1685/1650
f 777/1686/1651 1502/1685/1650 1503/1687/1652
f 776/1688/1654 1503/1687/1657 1504/1689/1655
f 1504/1691/1655 1501/353/326 773/370/341
f 1500/494/451 759/499/455 762/1678/1643
f 1502/1685/1650 762/1678/1643 761/1680/1645
f 1503/1687/1657 761/1680/1646 760/1682/1648
f 760/1684/1648 758/351/324 1501/353/326
f 748/356/328 1505/355/327 1507/1693/1658
f 750/1694/1620 1507/1698/1658 1508/1695/1659
f 751/1657/1660 1508/1695/1664 1509/1696/1661
f 1509/1696/1661 1506/374/345 749/376/347
f 1505/355/327 778/385/355 780/1697/1662
f 1507/1698/1658 780/1703/1662 781/1699/1663
f 1508/1695/1664 781/1699/1668 782/1700/1665
f 782/1700/1665 779/373/344 1506/374/345
f 778/1701/355 1510/1706/363 1512/1702/1666
f 780/1703/1662 1512/1702/1666 1513/1704/1667
f 781/1699/1668 1513/1704/1672 1514/1705/1669
f 1514/1705/1669 1511/371/342 779/373/344
f 1510/1706/363 788/1727/362 790/1707/1670
f 1512/1702/1666 790/1707/1670 791/1708/1671
f 1513/1704/1672 791/1708/1690 792/1709/1673
f 792/1709/1673 789/383/354 1511/371/342
f 784/531/486 1515/524/479 1517/1710/1674
f 787/1711/1675 1517/1710/1674 1518/1712/1676
f 786/1713/1678 1518/1712/1681 1519/1714/1679
f 1519/1714/1679 1516/1717/349 783/1716/351
f 1515/524/479 774/500/456 777/1686/1651
f 1517/1710/1674 777/1686/1651 776/1688/1653
f 1518/1712/1681 776/1688/1654 775/1690/1656
f 775/1690/1656 773/2115/341 1516/1717/349
f 1520/1718/466 1522/1721/1683 814/1719/1682
f 1522/1721/1683 1523/1723/1685 813/1722/1684
f 1523/1723/1685 1524/1725/1687 812/1724/1686
f 1524/1725/1687 1521/474/432 810/390/360
f 794/1726/1094 803/1149/1093 1522/1721/1683
f 803/1149/1093 797/1148/1097 1523/1723/1685
f 797/1148/1097 796/1138/1088 1524/1725/1687
f 796/1138/1088 793/1135/1085 1521/474/432
f 788/1727/362 1525/1731/450 1527/1728/1688
f 790/1707/1670 1527/1728/1692 1528/1729/1689
f 791/1708/1690 1528/1729/1693 1529/1730/1691
f 792/1709/1673 1529/1730/1691 1526/381/352
f 1525/1731/450 811/1720/464 814/1719/1682
f 1527/1728/1692 814/1719/1682 813/1722/1684
f 1528/1729/1693 813/1722/1684 812/1724/1686
f 812/1724/1686 810/390/360 1526/381/352
f 794/1144/1094 1530/510/465 1532/1732/1694
f 801/1142/1092 1532/1732/1694 1533/1733/1695
f 802/1145/1104 1533/1733/1697 1534/1734/1696
f 807/1153/1100 1534/1734/1696 1531/1735/357
f 1530/510/465 784/531/486 787/1711/1675
f 1532/1732/1694 787/1711/1675 786/1713/1677
f 1533/1733/1697 786/1713/1678 785/1715/1680
f 1534/1734/1696 785/1715/1680 783/1716/351
f 1535/410/378 1537/1736/1698 755/1665/1630
f 1537/1736/1698 1538/1737/1703 756/1666/1699
f 1538/1737/1700 1539/1742/1705 757/1738/1701
f 757/1739/1701 1539/1743/1705 1536/503/458
f 820/469/429 822/1740/1702 1537/1736/1698
f 822/1740/1702 823/1741/1721 1538/1737/1703
f 823/1741/1704 824/1762/1723 1539/1742/1705
f 1539/1743/1705 824/1764/1723 821/399/368
f 1540/342/317 1542/1750/1707 819/1744/1706
f 1542/1745/1707 1543/1748/1712 818/1746/1708
f 1543/1748/1709 1544/1751/1713 817/1749/1710
f 817/1749/1710 1544/1751/1713 1541/395/364
f 744/344/319 747/1669/1634 1542/1750/1707
f 747/1672/1634 746/1671/1636 1543/1748/1712
f 746/1671/1639 745/1674/1638 1544/1751/1713
f 1544/1751/1713 745/1674/1638 743/357/329
f 832/1174/1122 1545/484/441 1547/1752/1714
f 843/1753/1120 1547/1757/1714 1548/1754/1715
f 844/1164/1111 1548/1754/1715 1549/1755/1716
f 834/1159/1107 1549/1755/1716 1546/461/422
f 1545/484/441 825/486/443 827/1756/1717
f 1547/1757/1714 827/1768/1717 828/1758/1718
f 1548/1754/1715 828/1758/1718 829/1759/1719
f 1549/1755/1716 829/1759/1719 826/405/374
f 1550/485/442 1552/1760/1720 822/1740/1702
f 1552/1760/1720 1553/1761/1725 823/1741/1721
f 1553/1761/1722 1554/1765/1724 824/1762/1723
f 1554/1763/1724 1551/407/376 821/399/368
f 832/1174/1122 845/1173/1121 1552/1760/1720
f 845/1173/1121 839/1177/1124 1553/1761/1725
f 839/1177/1726 838/1170/1116 1554/1765/1724
f 838/1766/1116 831/2101/1113 1551/407/376
f 1555/487/444 1557/1770/1727 827/1756/1717
f 1557/1767/1727 1558/1769/1729 828/1758/1718
f 1558/1769/1728 1559/1771/1730 829/1759/1719
f 829/1759/1719 1559/1771/1730 1556/403/372
f 816/518/473 819/1744/1706 1557/1770/1727
f 819/1747/1706 818/1746/1708 1558/1769/1729
f 818/1746/1711 817/1749/1710 1559/1771/1730
f 817/1749/1710 815/397/366 1556/403/372
f 1560/483/440 1562/1773/1732 872/1772/1731
f 1562/1773/1732 1563/1775/1734 871/1774/1733
f 1563/1775/1734 1564/1777/1736 870/1776/1735
f 1564/1777/1736 1561/528/483 868/529/484
f 853/432/398 855/1778/1737 1562/1773/1732
f 855/1778/1737 856/1779/1738 1563/1775/1734
f 856/1779/1738 857/1780/1739 1564/1777/1736
f 857/1780/1739 854/527/482 1561/528/483
f 874/426/392 1565/425/391 1567/1781/1740
f 877/1782/1741 1567/1781/1740 1568/1783/1742
f 876/1784/1743 1568/1783/1742 1569/1785/1744
f 875/1786/1745 1569/1785/1744 1566/464/425
f 1565/425/391 858/429/395 860/1787/1746
f 1567/1781/1740 860/1787/1746 861/1788/1747
f 1568/1783/1742 861/1788/1747 862/1789/1748
f 1569/1785/1744 862/1789/1748 859/465/426
f 849/422/388 1570/413/380 1572/1790/1749
f 852/1791/1750 1572/1790/1749 1573/1792/1751
f 850/1795/1754 1574/1794/1753 1571/481/439
f 1570/413/380 869/412/379 872/1772/1731
f 1572/1790/1749 872/1772/1731 871/1774/1733
f 1573/1792/1751 871/1774/1733 870/1776/1735
f 1574/1794/1753 870/1776/1735 868/529/484
f 1575/427/393 1577/1797/1756 867/1796/1755
f 1577/1797/1756 1578/1799/1758 866/1798/1757
f 1578/1799/1758 1579/1801/1760 865/1800/1759
f 1579/1801/1760 1576/502/457 863/522/477
f 874/426/392 877/1782/1741 1577/1797/1756
f 877/1782/1741 876/1784/1743 1578/1799/1758
f 876/1784/1743 875/1786/1745 1579/1801/1760
f 1580/418/384 1582/1803/1762 882/1802/1761
f 1582/1803/1762 1583/1805/1764 881/1804/1763
f 1583/1805/1764 1584/1807/1766 880/1806/1765
f 1584/1807/1766 1581/435/401 878/419/385
f 867/1796/1755 866/1798/1757 1583/1805/1764
f 866/1798/1757 865/1800/1759 1584/1807/1766
f 865/1800/1759 863/522/477 1581/435/401
f 1585/433/399 1587/1808/1767 855/1778/1737
f 1587/1808/1767 1588/1809/1768 856/1779/1738
f 1588/1809/1768 1589/1810/1769 857/1780/1739
f 883/438/403 885/1811/1770 1587/1808/1767
f 885/1811/1770 886/1812/1771 1588/1809/1768
f 886/1812/1771 887/1813/1772 1589/1810/1769
f 887/1813/1772 884/479/437 1586/415/382
f 1590/439/404 1592/1814/1773 885/1811/1770
f 1592/1814/1773 1593/1815/1774 886/1812/1771
f 1593/1815/1774 1594/1816/1775 887/1813/1772
f 1594/1816/1775 1591/523/478 884/479/437
f 893/443/407 895/1817/1776 1592/1814/1773
f 895/1817/1776 896/1818/1777 1593/1815/1774
f 896/1818/1777 897/1819/1778 1594/1816/1775
f 897/1819/1778 894/520/475 1591/523/478
f 1595/434/400 1597/1821/1780 892/1820/1779
f 1597/1821/1780 1598/1823/1782 891/1822/1781
f 1598/1823/1782 1599/1825/1784 890/1824/1783
f 1599/1825/1784 1596/421/387 888/442/406
f 879/496/452 882/1802/1761 1597/1821/1780
f 881/1804/1763 880/1806/1765 1599/1825/1784
f 880/1806/1765 878/419/385 1596/421/387
f 916/526/481 1600/478/436 1602/1826/1785
f 919/1827/1786 1602/1826/1785 1603/1828/1787
f 918/1829/1788 1603/1828/1787 1604/1830/1789
f 917/1831/1790 1604/1830/1789 1601/513/468
f 1600/478/436 898/477/435 901/1179/1127
f 1602/1826/1785 901/1179/1127 911/1183/1131
f 1603/1828/1787 911/1183/1131 910/1189/1139
f 1604/1830/1789 910/1189/1139 900/514/469
f 1605/445/409 1607/1832/1791 895/1817/1776
f 1607/1832/1791 1608/1833/1792 896/1818/1777
f 1608/1833/1792 1609/1834/1793 897/1819/1778
f 1609/1834/1793 1606/497/453 894/520/475
f 916/526/481 919/1827/1786 1607/1832/1791
f 919/1827/1786 918/1829/1788 1608/1833/1792
f 918/1829/1788 917/1831/1790 1609/1834/1793
f 917/1831/1790 915/515/470 1606/497/453
f 1612/1835/1794 1613/1836/1795 906/1192/1142
f 1613/1836/1795 1614/1837/1796 912/1190/1140
f 889/525/480 892/1820/1779 1612/1835/1794
f 892/1820/1779 891/1822/1781 1613/1836/1795
f 891/1822/1781 890/1824/1783 1614/1837/1796
f 890/1824/1783 888/442/406 1611/512/467
f 858/429/395 1615/450/412 1617/1838/1797
f 860/1787/1746 1617/1838/1797 1618/1839/1798
f 861/1788/1747 1618/1839/1798 1619/1840/1799
f 862/1789/1748 1619/1840/1799 1616/507/462
f 1615/450/412 925/451/413 927/1841/1800
f 1619/1840/1799 929/1843/1802 926/471/431
f 921/452/414 1620/423/389 1622/1844/1803
f 924/1845/1804 1622/1844/1803 1623/1846/1805
f 923/1847/1806 1623/1846/1805 1624/1848/1807
f 1620/423/389 849/422/388 852/1791/1750
f 1622/1844/1803 852/1791/1750 851/1793/1752
f 1623/1846/1805 851/1793/1752 850/1795/1754
f 1624/1848/1807 850/1795/1754 848/447/411
f 1625/463/424 1627/1850/1809 938/1195/1146
f 1627/1850/1809 1628/1851/1810 939/1204/1156
f 1628/1851/1810 1629/1852/1811 945/1200/1152
f 1629/1852/1811 1626/491/448 936/1201/1153
f 930/459/420 932/1853/1812 1627/1850/1809
f 932/1853/1812 933/1854/1813 1628/1851/1810
f 933/1854/1813 934/1855/1814 1629/1852/1811
f 934/1855/1814 931/488/445 1626/491/448
f 925/451/413 1630/457/418 1632/1856/1815
f 927/1841/1800 1632/1856/1815 1633/1857/1816
f 928/1842/1801 1633/1857/1816 1634/1858/1817
f 929/1843/1802 1634/1858/1817 1631/490/447
f 1630/457/418 937/458/419 949/1207/1160
f 1632/1856/1815 949/1207/1160 944/1202/1154
f 1633/1857/1816 944/1202/1154 943/1199/1151
f 1634/1858/1817 943/1199/1151 936/1201/1153
f 930/459/420 1635/453/415 1637/1859/1818
f 932/1853/1812 1637/1859/1818 1638/1860/1819
f 933/1854/1813 1638/1860/1819 1639/1861/1820
f 934/1855/1814 1639/1861/1820 1636/489/446
f 1635/453/415 921/452/414 924/1845/1804
f 1637/1859/1818 924/1845/1804 923/1847/1806
f 1638/1860/1819 923/1847/1806 922/1849/1808
f 1639/1861/1820 922/1849/1808 920/455/416
f 937/458/419 1640/408/377 1642/1862/1821
f 948/1194/1822 1642/1868/1826 1641/516/471
f 1640/408/377 831/2101/1113 840/1864/1823
f 1642/1868/1826 833/1867/1108 830/517/472
f 1643/388/358 1645/1871/1830 806/1869/1827
f 1645/1870/1828 1644/475/433 793/1135/1085
f 1643/388/358 899/446/410 907/1186/1134
f 907/1872/1831 898/477/2083 1644/475/433
s 5
f 973/553/505 1646/552/504 1648/1873/1832
f 976/1874/1833 1648/1873/1832 1649/1875/1834
f 975/1876/1836 1649/1875/1841 1650/1877/1837
f 1650/1877/1837 1647/2116/608 972/1879/644
f 1646/552/504 957/543/495 959/1880/1839
f 1648/1873/1832 959/1880/1839 960/1881/1840
f 1649/1875/1841 960/1881/1879 961/1882/1842
f 961/1883/1842 958/563/514 1647/667/608
f 1651/1885/539 1653/1888/1844 981/1886/1843
f 1653/1888/1844 1654/1890/1850 980/1889/1845
f 1654/1890/1846 1655/1895/1852 979/1891/1847
f 979/1891/1847 1655/1895/1852 1652/647/591
f 962/1892/653 964/1893/1849 1653/1888/1844
f 964/1893/1849 965/1894/1918 1654/1890/1850
f 965/1894/1851 966/1965/1920 1655/1895/1852
f 1655/1895/1852 966/1965/1920 963/546/498
f 1656/657/600 1658/1897/1854 956/1896/1853
f 1658/1897/1854 1659/1899/1859 955/1898/1855
f 1659/1899/1856 1660/1903/1860 954/1900/1857
f 954/1900/1857 1660/1903/1860 1657/1901/487
f 973/553/505 976/1874/1833 1658/1897/1854
f 976/1874/1833 975/1876/1835 1659/1899/1859
f 975/1876/1836 974/1878/1838 1660/1903/1860
f 1660/1903/1860 974/1878/1838 972/1879/644
f 968/1904/626 1661/1911/506 1663/1905/1861
f 971/1906/1862 1663/1905/1861 1664/1907/1863
f 970/1908/1865 1664/1907/1868 1665/1909/1866
f 1665/1909/1866 1662/551/503 967/538/491
f 1661/1911/506 978/1887/490 981/1886/1843
f 1663/1905/1861 981/1886/1843 980/1889/1845
f 1664/1907/1868 980/1889/1848 979/1891/1847
f 979/1891/1847 977/549/501 1662/551/503
f 983/1912/627 1666/1919/621 1668/1913/1869
f 986/1914/1870 1668/1913/1869 1669/1915/1871
f 985/1916/1873 1669/1915/1876 1670/1917/1874
f 1670/1917/1874 1667/540/493 982/557/508
f 1666/1919/621 968/1904/626 971/1906/1862
f 1668/1913/1869 971/1906/1862 970/1908/1864
f 1669/1915/1876 970/1908/1865 969/1910/1867
f 969/1910/1867 967/538/491 1667/540/493
f 957/543/495 1671/542/494 1673/1920/1877
f 959/1880/1839 1673/1920/1877 1674/1921/1878
f 960/1881/1879 1674/1921/1883 1675/1922/1880
f 1675/1923/1880 1672/561/512 958/563/514
f 1671/542/494 987/572/522 989/1924/1881
f 1673/1920/1877 989/1924/1881 990/1925/1882
f 1674/1921/1883 990/1925/1887 991/1926/1884
f 991/1927/1884 988/560/511 1672/561/512
f 987/572/522 1676/581/531 1678/1928/1885
f 989/1924/1881 1678/1928/1885 1679/1929/1886
f 990/1925/1887 1679/1929/1891 1680/1930/1888
f 1680/1931/1888 1677/558/509 988/560/511
f 1676/581/531 997/580/530 999/1932/1889
f 1678/1928/1885 999/1932/1889 1000/1933/1890
f 1679/1929/1891 1000/1933/1909 1001/1934/1892
f 1001/1935/1892 998/570/521 1677/558/509
f 993/1936/654 1681/1943/647 1683/1937/1893
f 996/1938/1894 1683/1937/1893 1684/1939/1895
f 995/1940/1897 1684/1939/1900 1685/1941/1898
f 1685/1941/1898 1682/565/516 992/567/518
f 1681/1943/647 983/1912/627 986/1914/1870
f 1683/1937/1893 986/1914/1870 985/1916/1872
f 1684/1939/1900 985/1916/1873 984/1918/1875
f 984/1918/1875 982/557/508 1682/565/516
f 1686/695/634 1688/1945/1902 1023/1944/1901
f 1688/1945/1902 1689/1947/1904 1022/1946/1903
f 1689/1947/1904 1690/1952/1906 1021/1948/1905
f 1690/1949/1906 1687/661/602 1019/577/527
f 1003/1951/1174 1012/1225/1173 1688/1945/1902
f 1012/1225/1173 1006/1224/1177 1689/1947/1904
f 1006/1224/1177 1005/1212/1167 1690/1952/1906
f 1005/1953/1167 1002/2093/2058 1687/661/602
f 997/580/530 1691/680/620 1693/1954/1907
f 999/1932/1889 1693/1954/1911 1694/1955/1908
f 1000/1933/1909 1694/1955/1912 1695/1956/1910
f 1001/1935/1892 1695/1957/1910 1692/568/519
f 1691/680/620 1020/693/632 1023/1944/1901
f 1693/1954/1911 1023/1944/1901 1022/1946/1903
f 1694/1955/1912 1022/1946/1903 1021/1948/1905
f 1021/1950/1905 1019/577/527 1692/568/519
f 1003/1220/1174 1696/1961/633 1698/1958/1913
f 1010/1218/1172 1698/1958/1913 1699/1959/1914
f 1011/1221/1184 1699/1959/1916 1700/1960/1915
f 1016/1229/1180 1700/1960/1915 1697/574/524
f 1696/1961/633 993/1936/654 996/1938/1894
f 1698/1958/1913 996/1938/1894 995/1940/1896
f 1699/1959/1916 995/1940/1897 994/1942/1899
f 1700/1960/1915 994/1942/1899 992/567/518
f 1701/1962/546 1703/1963/1917 964/1893/1849
f 1703/1963/1917 1704/1964/1922 965/1894/1918
f 1704/1964/1919 1705/1969/1924 966/1965/1920
f 966/1965/1920 1705/1969/1924 1702/690/629
f 1029/1966/599 1031/1967/1921 1703/1963/1917
f 1031/1967/1921 1032/1968/1940 1704/1964/1922
f 1032/1968/1923 1033/1989/1942 1705/1969/1924
f 1705/1969/1924 1033/1989/1942 1030/586/536
f 1706/504/459 1708/1971/1926 1028/1970/1925
f 1708/1971/1926 1709/1973/1931 1027/1972/1927
f 1709/1973/1928 1710/1977/1932 1026/1974/1929
f 1026/1974/1929 1710/1977/1932 1707/1975/532
f 953/506/461 956/1896/1853 1708/1971/1926
f 956/1896/1853 955/1898/1855 1709/1973/1931
f 955/1898/1858 954/1900/1857 1710/1977/1932
f 1710/1977/1932 954/1900/1857 952/1902/496
f 1041/1248/1203 1711/671/611 1713/1978/1933
f 1051/1246/1201 1713/1978/1933 1714/1979/1934
f 1052/1238/1191 1714/1979/1934 1715/1980/1935
f 1043/1981/1187 1715/1985/1935 1712/648/592
f 1711/671/611 1034/673/613 1036/1982/1936
f 1713/1978/1933 1036/1982/1936 1037/1983/1937
f 1714/1979/1934 1037/1983/1937 1038/1984/1938
f 1715/1985/1935 1038/2117/1938 1035/592/542
f 1716/1986/612 1718/1987/1939 1031/1967/1921
f 1718/1987/1939 1719/1988/1944 1032/1968/1940
f 1719/1988/1941 1720/1990/1943 1033/1989/1942
f 1720/1990/1943 1717/594/544 1030/586/536
f 1041/1991/1203 1053/1252/1202 1718/1987/1939
f 1053/1252/1202 1048/1251/1205 1719/1988/1944
f 1048/1251/1945 1047/1243/1196 1720/1990/1943
f 1047/1243/1196 1040/1240/1193 1717/594/544
f 1721/674/614 1723/1992/1946 1036/1982/1936
f 1723/1992/1946 1724/1993/1948 1037/1983/1937
f 1724/1993/1947 1725/1996/1949 1038/1984/1938
f 1038/1984/1938 1725/1996/1949 1722/1994/540
f 1025/702/641 1028/1970/1925 1723/1992/1946
f 1028/1970/1925 1027/1972/1927 1724/1993/1948
f 1027/1972/1930 1026/1974/1929 1725/1996/1949
f 1026/1974/1929 1024/1976/534 1722/1994/540
f 1726/670/610 1728/1998/1951 1080/1997/1950
f 1728/1998/1951 1729/2000/1953 1079/1999/1952
f 1729/2000/1953 1730/2002/1955 1078/2001/1954
f 1730/2002/1955 1727/712/651 1076/713/652
f 1061/619/566 1063/2003/1956 1728/1998/1951
f 1063/2003/1956 1064/2004/1957 1729/2000/1953
f 1064/2004/1957 1065/2005/1958 1730/2002/1955
f 1065/2005/1958 1062/711/650 1727/712/651
f 1082/613/560 1731/612/559 1733/2006/1959
f 1085/2007/1960 1733/2006/1959 1734/2008/1961
f 1084/2009/1962 1734/2008/1961 1735/2010/1963
f 1083/2011/1964 1735/2010/1963 1732/651/595
f 1731/612/559 1066/616/563 1068/2012/1965
f 1733/2006/1959 1068/2012/1965 1069/2013/1966
f 1734/2008/1961 1069/2013/1966 1070/2014/1967
f 1735/2010/1963 1070/2014/1967 1067/652/596
f 1057/609/556 1736/600/548 1738/2015/1968
f 1060/2016/1969 1738/2015/1968 1739/2017/1970
f 1059/2018/1971 1739/2017/1970 1740/2019/1972
f 1058/2020/1973 1740/2019/1972 1737/668/609
f 1736/600/548 1077/599/547 1080/1997/1950
f 1738/2015/1968 1080/1997/1950 1079/1999/1952
f 1739/2017/1970 1079/1999/1952 1078/2001/1954
f 1740/2019/1972 1078/2001/1954 1076/713/652
f 1741/614/561 1743/2022/1975 1075/2021/1974
f 1743/2022/1975 1744/2024/1977 1074/2023/1976
f 1744/2024/1977 1745/2026/1979 1073/2025/1978
f 1745/2026/1979 1742/689/628 1071/706/645
f 1082/613/560 1085/2007/1960 1743/2022/1975
f 1085/2007/1960 1084/2009/1962 1744/2024/1977
f 1084/2009/1962 1083/2011/1964 1745/2026/1979
f 1083/2011/1964 1081/654/598 1742/689/628
f 1746/605/552 1748/2028/1981 1090/2027/1980
f 1748/2028/1981 1749/2030/1983 1089/2029/1982
f 1749/2030/1983 1750/2032/1985 1088/2031/1984
f 1750/2032/1985 1747/622/569 1086/606/553
f 1072/653/597 1075/2021/1974 1748/2028/1981
f 1075/2021/1974 1074/2023/1976 1749/2030/1983
f 1074/2023/1976 1073/2025/1978 1750/2032/1985
f 1073/2025/1978 1071/706/645 1747/622/569
f 1751/620/567 1753/2033/1986 1063/2003/1956
f 1753/2033/1986 1754/2034/1987 1064/2004/1957
f 1754/2034/1987 1755/2035/1988 1065/2005/1958
f 1755/2035/1988 1752/602/550 1062/711/650
f 1091/625/572 1093/2036/1989 1753/2033/1986
f 1093/2036/1989 1094/2037/1990 1754/2034/1987
f 1094/2037/1990 1095/2038/1991 1755/2035/1988
f 1095/2038/1991 1092/666/607 1752/602/550
f 1756/626/573 1758/2039/1992 1093/2036/1989
f 1758/2039/1992 1759/2040/1993 1094/2037/1990
f 1759/2040/1993 1760/2041/1994 1095/2038/1991
f 1760/2041/1994 1757/707/646 1092/666/607
f 1101/630/577 1103/2042/1995 1758/2039/1992
f 1103/2042/1995 1104/2043/1996 1759/2040/1993
f 1104/2043/1996 1105/2044/1997 1760/2041/1994
f 1105/2044/1997 1102/704/643 1757/707/646
f 1761/621/568 1763/2046/1999 1100/2045/1998
f 1763/2046/1999 1764/2048/2001 1099/2047/2000
f 1764/2048/2001 1765/2050/2003 1098/2049/2002
f 1765/2050/2003 1762/608/555 1096/629/576
f 1087/683/623 1090/2027/1980 1763/2046/1999
f 1090/2027/1980 1089/2029/1982 1764/2048/2001
f 1089/2029/1982 1088/2031/1984 1765/2050/2003
f 1088/2031/1984 1086/606/553 1762/608/555
f 1124/710/649 1766/665/606 1768/2051/2004
f 1127/2052/2005 1768/2051/2004 1769/2053/2006
f 1126/2054/2007 1769/2053/2006 1770/2055/2008
f 1125/2056/2009 1770/2055/2008 1767/697/636
f 1766/665/606 1106/664/605 1109/1255/1208
f 1768/2051/2004 1109/1255/1208 1119/1259/1212
f 1769/2053/2006 1119/1259/1212 1118/1265/1220
f 1770/2055/2008 1118/1265/1220 1108/698/637
f 1771/632/579 1773/2057/2010 1103/2042/1995
f 1773/2057/2010 1774/2058/2011 1104/2043/1996
f 1774/2058/2011 1775/2059/2012 1105/2044/1997
f 1775/2059/2012 1772/684/624 1102/704/643
f 1124/710/649 1127/2052/2005 1773/2057/2010
f 1127/2052/2005 1126/2054/2007 1774/2058/2011
f 1126/2054/2007 1125/2056/2009 1775/2059/2012
f 1125/2056/2009 1123/699/638 1772/684/624
f 1776/627/574 1778/2060/2013 1113/1263/1216
f 1778/2060/2013 1779/2061/2014 1114/1268/1223
f 1779/2061/2014 1780/2062/2015 1120/1266/1221
f 1780/2062/2015 1777/696/635 1108/698/637
f 1097/709/648 1100/2045/1998 1778/2060/2013
f 1100/2045/1998 1099/2047/2000 1779/2061/2014
f 1099/2047/2000 1098/2049/2002 1780/2062/2015
f 1098/2049/2002 1096/629/576 1777/696/635
f 1066/616/563 1781/637/582 1783/2063/2016
f 1068/2012/1965 1783/2063/2016 1784/2064/2017
f 1069/2013/1966 1784/2064/2017 1785/2065/2018
f 1070/2014/1967 1785/2065/2018 1782/691/630
f 1781/637/582 1133/638/583 1135/2066/2019
f 1783/2063/2016 1135/2066/2019 1136/2067/2020
f 1784/2064/2017 1136/2067/2020 1137/2068/2021
f 1785/2065/2018 1137/2068/2021 1134/658/601
f 1129/639/584 1786/610/557 1788/2069/2022
f 1132/2070/2023 1788/2069/2022 1789/2071/2024
f 1131/2072/2025 1789/2071/2024 1790/2073/2026
f 1130/2074/2027 1790/2073/2026 1787/643/587
f 1786/610/557 1057/609/556 1060/2016/1969
f 1788/2069/2022 1060/2016/1969 1059/2018/1971
f 1789/2071/2024 1059/2018/1971 1058/2020/1973
f 1790/2073/2026 1058/2020/1973 1056/634/581
f 1791/650/594 1793/2075/2028 1146/1271/1227
f 1793/2075/2028 1794/2076/2029 1147/1280/1236
f 1794/2076/2029 1795/2077/2030 1154/1276/1232
f 1795/2077/2030 1792/678/618 1144/1277/1233
f 1138/646/590 1140/2078/2031 1793/2075/2028
f 1140/2078/2031 1141/2079/2032 1794/2076/2029
f 1141/2079/2032 1142/2080/2033 1795/2077/2030
f 1142/2080/2033 1139/675/615 1792/678/618
f 1133/638/583 1796/644/588 1798/2081/2034
f 1135/2066/2019 1798/2081/2034 1799/2082/2035
f 1136/2067/2020 1799/2082/2035 1800/2083/2036
f 1137/2068/2021 1800/2083/2036 1797/677/617
f 1796/644/588 1145/645/589 1157/1283/1240
f 1798/2081/2034 1157/1283/1240 1153/1278/1234
f 1799/2082/2035 1153/1278/1234 1152/1275/1231
f 1800/2083/2036 1152/1275/1231 1144/1277/1233
f 1138/646/590 1801/640/585 1803/2084/2037
f 1140/2078/2031 1803/2084/2037 1804/2085/2038
f 1141/2079/2032 1804/2085/2038 1805/2086/2039
f 1142/2080/2033 1805/2086/2039 1802/676/616
f 1801/640/585 1129/639/584 1132/2070/2023
f 1803/2084/2037 1132/2070/2023 1131/2072/2025
f 1804/2085/2038 1131/2072/2025 1130/2074/2027
f 1805/2086/2039 1130/2074/2027 1128/642/586
f 1145/645/589 1806/595/545 1808/2087/2040
f 1148/1270/1226 1808/2089/2042 1807/700/639
f 1806/595/545 1040/1240/1193 1042/1242/2041
f 1808/2089/2042 1042/2118/1188 1039/701/640
f 1004/576/526 1809/575/525 1811/2090/2043
s 33
f 1811/2092/2044 1810/662/2048 1002/2093/2045
s 5
f 1809/575/525 1107/633/580 1115/1262/1215
s 33
f 1115/2094/2047 1106/664/2084 1810/662/2048
s 8
f 444/822/768 439/821/761 440/817/2051
