# Blender 5.2.2 LTS
# www.blender.org
mtllib esquina_03.mtl
g esquina_03_Holocron.003
v -5.017352 -2.925590 -3.943253
v -5.021819 -4.099799 -2.736270
v -5.019053 -3.375005 -3.575734
v -5.020567 -3.773011 -3.161755
v -5.022936 -4.393515 -2.232514
v -5.015219 -2.361111 -4.287450
v -5.129031 -2.921552 -3.939172
v -5.133494 -4.095765 -2.732188
v -5.130732 -3.370967 -3.571653
v -5.132246 -3.768977 -3.157673
v -5.134612 -4.389479 -2.228432
v -5.126898 -2.357075 -4.283368
v -5.070288 -2.149743 -4.155007
v -5.072680 -2.783758 -3.783219
v -5.074381 -3.233397 -3.415954
v -5.073702 -3.063384 -4.099205
v -5.071833 -2.568444 -4.415811
v -5.079199 -4.505665 -2.440305
v -5.078169 -4.237661 -2.892296
v -5.075404 -3.512575 -3.731432
v -5.069693 -2.001036 -4.710435
v -5.077143 -3.957903 -2.576162
v -5.078349 -4.277332 -2.020640
v -5.075896 -3.631190 -3.001729
v -5.080107 -4.740502 -1.942980
v -5.076918 -3.910799 -3.317698
v -5.168078 -4.962978 -0.602768
v -5.167521 -4.893061 -5.008541
v -5.158358 -0.484540 -4.926943
v -4.927111 -4.890582 -5.250596
v -0.515704 -4.888582 -5.246876
v -4.917922 -0.473388 -5.168833
v -4.928587 -5.133375 -5.015772
v -4.911688 -5.196608 -0.600196
v -0.532370 -5.118026 -5.047721
v -3.931933 -5.033235 -2.947123
v -2.728251 -5.028955 -4.124717
v -3.565676 -5.031223 -3.397565
v -3.152815 -5.029792 -3.796735
v -2.225321 -5.028669 -4.419851
v -4.274546 -5.036224 -2.381687
v -3.928275 -5.144965 -2.944375
v -2.724593 -5.140687 -4.121969
v -3.562018 -5.142955 -3.394818
v -3.149161 -5.141524 -3.793987
v -2.215086 -5.133243 -4.425912
v -4.270888 -5.147954 -2.378940
v -4.141730 -5.094216 -2.171338
v -3.771723 -5.090799 -2.806386
v -3.405722 -5.088787 -3.257054
v -4.088488 -5.087399 -3.085111
v -4.403704 -5.089963 -2.589289
v -2.427077 -5.079007 -4.537913
v -2.884879 -5.083119 -4.262770
v -3.721976 -5.085391 -3.535330
v -4.696734 -5.093168 -2.021062
v -2.567965 -5.086521 -3.983917
v -2.013331 -5.082904 -4.307851
v -2.992613 -5.087358 -3.656006
v -3.309363 -5.083958 -3.934715
v -2.834845 -3.915830 -5.133098
v -4.019568 -2.719853 -5.092215
v -3.287119 -3.551856 -5.128589
v -3.688750 -3.141644 -5.114157
v -4.317145 -2.224358 -5.062776
v -2.268229 -4.256401 -5.124913
v -2.821738 -3.898519 -5.242794
v -4.006461 -2.702541 -5.201911
v -3.274008 -3.534547 -5.238286
v -3.675639 -3.124332 -5.223854
v -4.304038 -2.207046 -5.172474
v -2.255118 -4.239089 -5.234610
v -2.054717 -4.117818 -5.146292
v -2.690951 -3.749999 -5.157231
v -3.143446 -3.386279 -5.152770
v -2.965632 -4.064349 -5.218662
v -2.468634 -4.377670 -5.213232
v -4.422999 -2.420214 -5.147645
v -4.150420 -2.868446 -5.177794
v -3.417681 -3.700125 -5.214104
v -1.899706 -4.669014 -5.198948
v -3.875609 -2.553950 -5.116332
v -4.198180 -2.011190 -5.087605
v -3.544863 -2.975820 -5.138291
v -4.663100 -1.926895 -5.109285
v -3.819529 -3.290153 -5.199720
v -5.019843 -3.582075 -3.372054
v -5.018221 -3.155316 -3.766611
v -5.021224 -3.945103 -2.950392
v -5.022364 -4.242917 -2.509229
v -5.023581 -4.567752 -1.877708
v -5.016413 -2.677629 -4.109740
v -5.013621 -1.936105 -4.494720
v -5.131518 -3.578041 -3.367973
v -5.129897 -3.151280 -3.762529
v -5.132903 -3.941065 -2.946310
v -5.134043 -4.238883 -2.505147
v -5.135260 -4.563717 -1.873626
v -5.128092 -2.673593 -4.105658
v -5.125296 -1.932069 -4.490639
v -5.071707 -2.527050 -3.953093
v -5.073550 -3.013626 -3.606735
v -5.072798 -2.824174 -4.262307
v -5.078703 -4.377564 -2.671726
v -5.074572 -3.292972 -3.922405
v -5.067614 -1.444369 -4.718413
v -5.077700 -4.104235 -2.342651
v -5.075167 -3.440388 -3.212183
v -5.068129 -1.577127 -4.421089
v -5.080119 -4.754897 -1.474320
v -5.070788 -2.291046 -4.564270
v -5.079661 -4.625262 -2.195501
v -5.076552 -3.803214 -2.790294
v -5.079184 -4.506206 -1.555833
v -5.076190 -3.719725 -3.527843
v -5.077574 -4.082953 -3.106408
v -4.680533 -5.120520 -2.931836
v -2.844801 -2.815668 -5.162927
v -5.115412 -2.823519 -4.726884
v -3.448756 -3.433024 -3.507186
v -5.167799 -4.928020 -2.805655
v -5.162940 -2.688800 -4.967742
v -5.163218 -2.723759 -2.764857
v -2.721407 -4.889582 -5.248738
v -4.922514 -2.681984 -5.209714
v -2.716811 -2.680984 -5.207855
v -4.920138 -5.164992 -2.807985
v -2.730479 -5.125701 -5.031747
v -2.722029 -5.157317 -2.823960
v -3.464186 -5.070752 -3.545479
v -5.069117 -3.456253 -3.515933
v -3.458624 -3.429376 -5.126961
v -5.115653 -2.855121 -2.892952
v -2.848727 -4.659031 -5.198115
v -2.859236 -5.090361 -4.793186
v -5.119555 -4.689812 -2.927976
v -4.682326 -2.810697 -5.163085
v -3.362578 -5.030431 -3.605208
v -3.755934 -5.032162 -3.177344
v -2.941935 -5.029301 -3.969418
v -2.501612 -5.028747 -4.268473
v -1.871008 -5.028700 -4.595085
v -4.097723 -5.034486 -2.698699
v -4.480624 -5.038679 -1.956105
v -3.358923 -5.142164 -3.602460
v -3.752280 -5.143894 -3.174596
v -2.938281 -5.141034 -3.966670
v -2.497134 -5.139583 -4.266827
v -1.846789 -5.118062 -4.619864
v -4.094069 -5.146219 -2.695951
v -4.476969 -5.150410 -1.953357
v -3.940875 -5.092106 -2.549206
v -3.595885 -5.089727 -3.036747
v -4.250918 -5.088599 -2.845445
v -2.663882 -5.082433 -4.404027
v -3.912333 -5.086329 -3.315192
v -4.703154 -5.097426 -1.464389
v -2.334864 -5.085897 -4.131273
v -3.202532 -5.087997 -3.464616
v -4.406207 -5.097575 -1.597983
v -1.448630 -5.063182 -4.810432
v -4.551386 -5.091514 -2.311478
v -2.168654 -5.070906 -4.670664
v -2.781661 -5.086868 -3.828626
v -1.549143 -5.075859 -4.544286
v -3.518969 -5.084600 -3.743052
v -3.098555 -5.083466 -4.107462
v -3.495932 -3.350055 -5.122461
v -3.065894 -3.740922 -5.132116
v -3.862807 -2.932137 -5.104099
v -4.164797 -2.495229 -5.078378
v -4.492434 -1.881098 -5.045747
v -2.585761 -4.080616 -5.131307
v -1.842253 -4.461308 -5.112632
v -3.482821 -3.332742 -5.232156
v -3.052786 -3.723611 -5.241813
v -3.849696 -2.914826 -5.213797
v -4.151686 -2.477918 -5.188076
v -4.479323 -1.863787 -5.155445
v -2.572646 -4.063305 -5.241003
v -1.829142 -4.443997 -5.222329
v -2.433104 -3.918130 -5.155082
v -2.922137 -3.575249 -5.156279
v -2.725302 -4.225792 -5.217227
v -4.292521 -2.649730 -5.163868
v -3.196543 -3.889284 -5.217650
v -1.345023 -4.675753 -5.151784
v -4.023962 -2.323417 -5.102585
v -3.352179 -3.184386 -5.146624
v -1.480956 -4.380809 -5.128190
v -4.675662 -1.486066 -5.082814
v -2.190436 -4.524494 -5.206771
v -4.545176 -2.177390 -5.129108
v -3.718855 -2.766244 -5.128220
v -4.426581 -1.567498 -5.072086
v -3.626574 -3.498411 -5.207994
v -3.993647 -3.080719 -5.189677
v -5.021769 -3.080659 -4.118505
v -5.017912 -3.079050 -4.116670
v -5.020297 -3.080930 -4.118804
v -5.019049 -3.080719 -4.118560
v -5.018210 -3.080061 -4.117810
v -5.021128 -3.926449 -3.335144
v -5.024985 -3.928074 -3.336997
v -5.021426 -3.927464 -3.336292
v -5.022261 -3.928128 -3.337047
v -5.023512 -3.928343 -3.337295
v -5.016791 -2.772139 -3.769850
v -5.020754 -2.770270 -3.767755
v -5.017088 -2.771108 -3.768686
v -5.017947 -2.770390 -3.767878
v -5.019232 -2.770096 -3.767552
v -5.023970 -3.617701 -2.986267
v -5.020007 -3.619576 -2.988367
v -5.022452 -3.617530 -2.986064
v -5.021163 -3.617823 -2.986392
v -5.020304 -3.618544 -2.987201
v -5.023467 -3.529851 -3.750733
v -5.019614 -3.528243 -3.748899
v -5.021998 -3.530121 -3.751031
v -5.020747 -3.529909 -3.750787
v -5.019911 -3.529251 -3.750039
v -5.022456 -3.219911 -3.400490
v -5.018496 -3.221772 -3.402577
v -5.020937 -3.219737 -3.400286
v -5.019648 -3.220029 -3.400611
v -5.018794 -3.220743 -3.401415
v -5.025225 -3.944419 -2.560701
v -5.021254 -3.946324 -2.562836
v -5.023703 -3.944247 -2.560501
v -5.022414 -3.944548 -2.560835
v -5.021555 -3.945278 -2.561656
v -5.022376 -4.253274 -2.909702
v -5.026251 -4.254932 -2.911590
v -5.022673 -4.254304 -2.910865
v -5.023516 -4.254977 -2.911631
v -5.024771 -4.255197 -2.911886
v -5.026438 -4.263848 -2.005181
v -5.022460 -4.265273 -2.008298
v -5.024912 -4.263638 -2.005053
v -5.023619 -4.263837 -2.005601
v -5.022757 -4.264412 -2.006741
v -5.023409 -4.521757 -2.456731
v -5.027304 -4.522927 -2.459591
v -5.023711 -4.522600 -2.458267
v -5.024554 -4.523119 -2.459351
v -5.025816 -4.523233 -2.459816
v -5.028243 -4.755834 -0.994644
v -5.024218 -4.750592 -1.007211
v -5.028212 -4.753952 -0.994087
v -5.026705 -4.755126 -0.997481
v -5.025401 -4.753881 -1.000865
v -5.026873 -4.754912 -0.995259
v -5.025599 -4.753906 -0.997460
v -5.026000 -4.753775 -0.995977
v -5.024519 -4.750546 -1.003945
v -5.025385 -4.751167 -1.000305
v -5.024527 -4.752288 -1.004282
v -5.024970 -4.752420 -1.000396
v -5.025591 -4.752754 -0.997221
v -5.028586 -4.755366 -0.992749
v -5.026682 -4.752364 -0.996843
v -5.026862 -4.753614 -0.994956
v -5.026968 -4.754559 -0.993941
v -5.028243 -4.757755 -1.962254
v -5.024313 -4.754794 -1.963413
v -5.026743 -4.757928 -1.962789
v -5.025473 -4.757426 -1.963196
v -5.024619 -4.756326 -1.963416
v -5.019915 -2.585716 -4.435105
v -5.016039 -2.583019 -4.433911
v -5.018435 -2.585905 -4.435454
v -5.017180 -2.585458 -4.435349
v -5.016337 -2.584444 -4.434807
v -5.014403 -2.139288 -4.141042
v -5.018363 -2.136256 -4.139544
v -5.014700 -2.137811 -4.140106
v -5.015555 -2.136717 -4.139493
v -5.016844 -2.136171 -4.139296
v -5.013915 -2.018959 -4.726890
v -5.017798 -2.018297 -4.729720
v -5.014208 -2.019102 -4.728416
v -5.015051 -2.019026 -4.729490
v -5.016314 -2.018743 -4.729946
v -5.013648 -0.878621 -4.711014
v -5.013628 -0.878138 -4.709192
v -5.009707 -0.892078 -4.705836
v -5.013861 -0.877296 -4.710917
v -5.012133 -0.881664 -4.710300
v -5.012274 -0.879410 -4.710058
v -5.012354 -0.878081 -4.709697
v -5.011416 -0.880251 -4.708916
v -5.012122 -0.881118 -4.707583
v -5.010844 -0.884815 -4.706381
v -5.013854 -0.877032 -4.709931
v -5.012270 -0.879153 -4.708784
v -5.011027 -0.881586 -4.707912
v -5.010001 -0.888943 -4.707496
v -5.010851 -0.885287 -4.709063
v -5.009997 -0.888663 -4.705765
v -5.010424 -0.884907 -4.707595
v -5.011031 -0.881787 -4.709049
v -5.129469 -3.041934 -4.075208
v -5.125639 -3.046106 -4.079905
v -5.129179 -3.043139 -4.076567
v -5.128352 -3.044355 -4.077937
v -5.127108 -3.045397 -4.079109
v -5.128851 -3.893523 -3.298398
v -5.132689 -3.889336 -3.293683
v -5.130324 -3.892812 -3.297601
v -5.131567 -3.891766 -3.296426
v -5.132399 -3.890545 -3.295050
v -5.124606 -2.797246 -3.798683
v -5.128588 -2.801183 -3.803150
v -5.126128 -2.797861 -3.799386
v -5.127417 -2.798826 -3.800481
v -5.128283 -2.799993 -3.801803
v -5.131804 -3.648617 -3.021664
v -5.127821 -3.644676 -3.017193
v -5.131499 -3.647425 -3.020316
v -5.130633 -3.646258 -3.018993
v -5.129340 -3.645291 -3.017896
v -5.131171 -3.491128 -3.707437
v -5.127341 -3.495296 -3.712130
v -5.130885 -3.492333 -3.708796
v -5.130053 -3.493545 -3.710165
v -5.128813 -3.494587 -3.711336
v -5.130293 -3.250813 -3.435874
v -5.126307 -3.246885 -3.431419
v -5.129984 -3.249627 -3.434532
v -5.129122 -3.248464 -3.433214
v -5.127829 -3.247500 -3.432120
v -5.133055 -3.975364 -2.596133
v -5.129061 -3.971389 -2.591623
v -5.132746 -3.974161 -2.594771
v -5.131880 -3.972983 -2.593436
v -5.130587 -3.972008 -2.592331
v -5.130087 -4.220388 -2.873001
v -5.133936 -4.216160 -2.868240
v -5.131564 -4.219671 -2.872199
v -5.132811 -4.218618 -2.871012
v -5.133646 -4.217385 -2.869622
v -5.134257 -4.294182 -2.041849
v -5.130263 -4.290816 -2.036100
v -5.133948 -4.293212 -2.040014
v -5.133082 -4.292231 -2.038277
v -5.131789 -4.291390 -2.036903
v -5.131102 -4.488398 -2.421017
v -5.134970 -4.484779 -2.415017
v -5.132582 -4.487726 -2.420119
v -5.133841 -4.486806 -2.418663
v -5.134676 -4.485769 -2.416871
v -5.132021 -4.782468 -1.025516
v -5.132033 -4.780918 -1.025004
v -5.136008 -4.778069 -1.043739
v -5.132369 -4.782228 -1.023645
v -5.133551 -4.782287 -1.029665
v -5.133616 -4.782239 -1.027398
v -5.133635 -4.782015 -1.026021
v -5.134394 -4.781495 -1.028922
v -5.133555 -4.779864 -1.029210
v -5.134844 -4.778952 -1.034249
v -5.133616 -4.781101 -1.027180
v -5.134707 -4.780606 -1.030629
v -5.135714 -4.779905 -1.039529
v -5.134848 -4.781388 -1.034584
v -5.135706 -4.778321 -1.039349
v -5.135272 -4.780229 -1.034729
v -5.134711 -4.781638 -1.030774
v -5.135870 -4.717692 -1.922005
v -5.131983 -4.723244 -1.923701
v -5.135581 -4.719419 -1.922209
v -5.134737 -4.721081 -1.922604
v -5.133475 -4.722423 -1.923128
v -5.127596 -2.545627 -4.392613
v -5.123755 -2.551171 -4.396515
v -5.127310 -2.547356 -4.393667
v -5.126479 -2.549017 -4.394778
v -5.125231 -2.550356 -4.395778
v -5.122210 -2.163231 -4.170470
v -5.126204 -2.168627 -4.174184
v -5.123732 -2.163957 -4.171116
v -5.125025 -2.165239 -4.172048
v -5.125895 -2.166879 -4.173125
v -5.121596 -1.983769 -4.691147
v -5.125472 -1.981829 -4.685474
v -5.123080 -1.983225 -4.690273
v -5.124335 -1.982667 -4.688888
v -5.125174 -1.982176 -4.687204
v -5.117461 -0.905563 -4.741634
v -5.121520 -0.924320 -4.737682
v -5.117472 -0.905111 -4.740117
v -5.119002 -0.909822 -4.741573
v -5.120314 -0.914880 -4.740801
v -5.119040 -0.907509 -4.741483
v -5.120158 -0.910973 -4.740978
v -5.119830 -0.909086 -4.740792
v -5.121199 -0.919849 -4.737842
v -5.120318 -0.914625 -4.738363
v -5.121199 -0.919973 -4.739433
v -5.120741 -0.915061 -4.739659
v -5.120158 -0.910863 -4.739947
v -5.117751 -0.903693 -4.741366
v -5.119009 -0.909452 -4.739162
v -5.119040 -0.907331 -4.740354
v -5.119048 -0.906112 -4.741238
v -5.162810 -4.658194 -4.757654
v -5.162802 -4.653862 -4.761833
v -5.167078 -4.662525 -4.766548
v -5.162810 -4.657841 -4.759278
v -5.162806 -4.656894 -4.760643
v -5.164443 -4.658497 -4.759611
v -5.164382 -4.658161 -4.760627
v -5.164435 -4.655773 -4.762216
v -5.165823 -4.658090 -4.763246
v -5.162806 -4.655495 -4.761540
v -5.164382 -4.656813 -4.761917
v -5.166750 -4.660844 -4.764424
v -5.166277 -4.659462 -4.763347
v -5.165644 -4.658723 -4.761971
v -1.015452 -4.663158 -5.241448
v -1.014193 -4.660145 -5.241389
v -1.001681 -4.667418 -5.245730
v -1.014052 -4.662933 -5.241443
v -1.012312 -4.663465 -5.243078
v -1.010363 -4.663573 -5.243897
v -1.008193 -4.664595 -5.244469
v -1.013369 -4.661303 -5.241411
v -1.011538 -4.662703 -5.243006
v -1.004740 -4.666351 -5.245407
v -1.007353 -4.664918 -5.244922
v -5.163291 -4.721248 -1.098306
v -5.167563 -4.725937 -1.084648
v -5.163283 -4.718255 -1.097003
v -5.164923 -4.721635 -1.095260
v -5.163291 -4.721041 -1.096901
v -5.167235 -4.724828 -1.087608
v -5.166758 -4.723275 -1.090263
v -5.163287 -4.719421 -1.096196
v -5.164862 -4.720922 -1.094359
v -5.155016 -0.992995 -4.691948
v -5.155013 -0.991803 -4.688909
v -5.159251 -0.979113 -4.696347
v -5.155013 -0.990882 -4.691024
v -5.156641 -0.990013 -4.692246
v -5.157454 -0.987899 -4.692397
v -5.156638 -0.988927 -4.691314
v -5.158934 -0.982502 -4.694627
v -5.158465 -0.984861 -4.693802
v -4.656554 -5.184626 -1.093091
v -4.653510 -5.184457 -1.092032
v -4.659113 -5.188705 -1.080642
v -4.655554 -5.184806 -1.091020
v -4.656195 -5.186150 -1.090372
v -4.656027 -5.186944 -1.088285
v -4.655406 -5.186062 -1.089079
v -4.657134 -5.187432 -1.085878
v -4.657584 -5.188358 -1.083636
v -4.656516 -5.187481 -1.087037
v -4.658438 -5.188360 -1.082915
v -4.681986 -4.653240 -5.241762
v -4.690741 -4.657582 -5.246107
v -4.686236 -4.648971 -5.241680
v -4.683936 -4.653544 -5.243398
v -4.683615 -4.652912 -5.241757
v -4.684954 -4.653220 -5.243335
v -4.686282 -4.653774 -5.244606
v -4.687560 -4.653168 -5.244776
v -4.688673 -4.655891 -5.245751
v -4.687632 -4.654520 -5.245253
v -4.685919 -4.650601 -5.241712
v -4.684996 -4.651986 -5.241739
v -4.686583 -4.650866 -5.243349
v -4.686266 -4.651897 -5.243310
v -4.678404 -0.970765 -5.171467
v -4.683070 -0.956804 -5.175513
v -4.675395 -0.969529 -5.171444
v -4.678755 -0.967756 -5.173045
v -4.678175 -0.969365 -5.171441
v -4.678946 -0.965624 -5.173829
v -4.681281 -0.960200 -5.175235
v -4.680407 -0.962570 -5.174796
v -4.676543 -0.968697 -5.171428
v -4.678061 -0.966753 -5.172969
v -4.689143 -5.134538 -4.772038
v -4.692942 -5.138655 -4.780115
v -4.684924 -5.134460 -4.776380
v -4.689452 -5.136137 -4.774077
v -4.688834 -5.134505 -4.773672
v -4.689124 -5.136061 -4.775025
v -4.689642 -5.137302 -4.776308
v -4.691222 -5.138363 -4.778684
v -4.689097 -5.137463 -4.777472
v -4.690306 -5.137914 -4.777507
v -4.686553 -5.134464 -4.776024
v -4.687922 -5.134479 -4.775072
v -4.686884 -5.136094 -4.776663
v -4.687850 -5.136039 -4.776311
v -1.047656 -5.119188 -4.844130
v -1.036566 -5.121917 -4.850511
v -1.046301 -5.119207 -4.840971
v -1.046187 -5.119171 -4.843903
v -1.044524 -5.120203 -4.845349
v -1.041220 -5.121122 -4.847985
v -1.038756 -5.121724 -4.849093
v -1.045455 -5.119181 -4.842193
v -1.045413 -5.119169 -4.843222
v -5.157462 0.010034 -5.157540
v -5.153975 0.012637 -5.158663
v -5.152785 0.010054 -5.162154
v -5.157195 0.011124 -5.157014
v -5.156439 0.012002 -5.157041
v -5.157107 0.010053 -5.159319
v -5.156699 0.012014 -5.159060
v -5.156081 0.013295 -5.159003
v -5.152922 0.012565 -5.159993
v -5.152327 0.012049 -5.161122
v -5.155310 0.012533 -5.157620
v -5.154715 0.013216 -5.159394
v -5.154318 0.013315 -5.160750
v -5.154574 0.010064 -5.161815
v -5.156092 0.010063 -5.160819
v -5.152277 0.011167 -5.161881
v -5.154353 0.012032 -5.161381
v -5.155924 0.012461 -5.160613
v -5.163954 -5.204498 -0.120335
v -5.165114 -5.201044 -0.118386
v -5.168597 -5.200024 -0.120883
v -5.163458 -5.204245 -0.119481
v -5.163504 -5.203498 -0.118811
v -5.165732 -5.204161 -0.120474
v -5.165514 -5.203782 -0.118712
v -5.165480 -5.203187 -0.117579
v -5.166445 -5.200056 -0.118409
v -5.167574 -5.199515 -0.118892
v -5.164084 -5.202376 -0.118426
v -5.165869 -5.201838 -0.117727
v -5.167227 -5.201482 -0.117619
v -5.168246 -5.201739 -0.120771
v -5.167243 -5.203191 -0.120627
v -5.168330 -5.199504 -0.119761
v -5.167838 -5.201523 -0.118853
v -5.167075 -5.203048 -0.118362
v -5.167967 -5.123591 -5.250529
v -5.163447 -5.123549 -5.255084
v -5.163897 -5.128103 -5.251093
v -5.167624 -5.123568 -5.252273
v -5.166644 -5.123550 -5.253751
v -5.167662 -5.125310 -5.250675
v -5.167166 -5.125228 -5.252321
v -5.166502 -5.125169 -5.253638
v -5.166148 -5.126141 -5.253301
v -5.163554 -5.125261 -5.254804
v -5.163680 -5.126729 -5.253946
v -5.165175 -5.123544 -5.254738
v -5.165194 -5.125204 -5.254309
v -5.165221 -5.126538 -5.253725
v -5.165461 -5.127750 -5.250981
v -5.166781 -5.126770 -5.250834
v -5.163798 -5.127728 -5.252644
v -5.165331 -5.127227 -5.252506
v -5.166564 -5.126558 -5.252381
v -0.029749 -5.109736 -5.248025
v -0.027178 -5.110659 -5.244515
v -0.028975 -5.114143 -5.244621
v -0.028582 -5.109186 -5.247732
v -0.027686 -5.109167 -5.246960
v -0.029543 -5.111411 -5.247776
v -0.027621 -5.111156 -5.247376
v -0.026358 -5.111089 -5.246768
v -0.026957 -5.112003 -5.243836
v -0.027220 -5.113136 -5.243616
v -0.027194 -5.109687 -5.245831
v -0.026385 -5.111447 -5.245503
v -0.026156 -5.112787 -5.245339
v -0.029124 -5.113795 -5.245934
v -0.029322 -5.112836 -5.247042
v -0.027930 -5.113888 -5.243892
v -0.027304 -5.113396 -5.245550
v -0.027056 -5.112653 -5.246803
v -5.076300 -4.721433 -1.098298
v -5.076293 -4.718438 -1.096995
v -5.072028 -4.717079 -1.104232
v -5.076300 -4.721427 -1.096437
v -5.076296 -4.720855 -1.095536
v -5.074667 -4.720906 -1.099206
v -5.074709 -4.720391 -1.096608
v -5.073836 -4.719909 -1.097718
v -5.074660 -4.718140 -1.098002
v -5.073279 -4.717776 -1.099731
v -5.076296 -4.719806 -1.095732
v -5.072356 -4.718549 -1.102417
v -5.073283 -4.719892 -1.100653
v -5.072352 -4.717404 -1.101919
v -5.072749 -4.718927 -1.099983
v -5.073500 -4.720005 -1.098663
v -5.075819 -4.658379 -4.757646
v -5.071547 -4.654129 -4.757564
v -5.075808 -4.654047 -4.761824
v -5.074187 -4.658059 -4.757640
v -5.072802 -4.657138 -4.757622
v -5.075819 -4.658026 -4.759270
v -5.074145 -4.657640 -4.759302
v -5.073020 -4.656894 -4.759205
v -5.071875 -4.654100 -4.759196
v -5.072798 -4.654074 -4.760576
v -5.071875 -4.655759 -4.757595
v -5.072268 -4.655768 -4.759268
v -5.073016 -4.655664 -4.760390
v -5.075812 -4.655682 -4.761532
v -5.075816 -4.657079 -4.760636
v -5.074179 -4.654054 -4.761500
v -5.074141 -4.655733 -4.761141
v -5.074229 -4.656870 -4.760412
v -5.068026 -0.993180 -4.691939
v -5.063776 -0.999284 -4.687792
v -5.068022 -0.991988 -4.688901
v -5.066397 -0.994113 -4.691440
v -5.065016 -0.995599 -4.690478
v -5.068022 -0.991320 -4.691863
v -5.066351 -0.992283 -4.691310
v -5.065230 -0.993604 -4.690518
v -5.065566 -0.992664 -4.690389
v -5.064097 -0.996960 -4.688035
v -5.065016 -0.994756 -4.688329
v -5.064097 -0.997417 -4.689196
v -5.064482 -0.994969 -4.689487
v -5.068018 -0.990675 -4.690220
v -5.068018 -0.990441 -4.691260
v -5.066393 -0.993011 -4.688634
v -5.066351 -0.991759 -4.689974
v -4.681998 -4.654904 -5.154785
v -4.686251 -4.650632 -5.154703
v -4.681990 -4.650726 -5.150444
v -4.683630 -4.654576 -5.154780
v -4.685008 -4.653649 -5.154762
v -4.681998 -4.654611 -5.153149
v -4.683669 -4.654216 -5.153102
v -4.684790 -4.653463 -5.153171
v -4.685927 -4.650665 -5.153074
v -4.685004 -4.650692 -5.151692
v -4.685931 -4.652264 -5.154735
v -4.685538 -4.652338 -5.153066
v -4.684790 -4.652276 -5.151940
v -4.681994 -4.652348 -5.150800
v -4.681998 -4.653713 -5.151749
v -4.683619 -4.650716 -5.150768
v -4.683665 -4.652379 -5.151192
v -4.683585 -4.653488 -5.151962
v -1.015467 -4.664819 -5.154469
v -1.021460 -4.660625 -5.150130
v -1.014205 -4.661806 -5.154412
v -1.016379 -4.664333 -5.152830
v -1.017840 -4.663366 -5.151428
v -1.013606 -4.664785 -5.154469
v -1.014548 -4.664242 -5.152786
v -1.014906 -4.663332 -5.151980
v -1.019141 -4.660910 -5.150459
v -1.016951 -4.661235 -5.151388
v -1.019625 -4.662064 -5.150480
v -1.017184 -4.662398 -5.150878
v -1.015494 -4.662590 -5.151631
v -1.012923 -4.663155 -5.154438
v -1.012713 -4.664200 -5.154458
v -1.015215 -4.661550 -5.152776
v -1.013995 -4.662917 -5.152762
v -4.678420 -0.972426 -5.084491
v -4.675406 -0.971192 -5.084468
v -4.674170 -0.978570 -5.080348
v -4.678187 -0.971026 -5.084466
v -4.678099 -0.973846 -5.082888
v -4.677741 -0.972150 -5.082913
v -4.677229 -0.971070 -5.082934
v -4.676745 -0.972267 -5.082039
v -4.674662 -0.972437 -5.082862
v -4.674162 -0.974275 -5.081513
v -4.676558 -0.970357 -5.084452
v -4.676108 -0.971480 -5.082901
v -4.675780 -0.972791 -5.081666
v -4.675799 -0.977171 -5.080645
v -4.677176 -0.975513 -5.081538
v -4.673991 -0.976430 -5.080632
v -4.675730 -0.974755 -5.081071
v -4.677065 -0.973320 -5.081675
v -4.687586 -5.115337 -1.091790
v -4.685069 -5.111356 -1.097767
v -4.684363 -5.115547 -1.090688
v -4.687930 -5.113825 -1.093150
v -4.687571 -5.112538 -1.094763
v -4.687247 -5.115586 -1.090405
v -4.687491 -5.114022 -1.091470
v -4.687346 -5.112782 -1.092608
v -4.686808 -5.113201 -1.091610
v -4.684584 -5.111703 -1.095812
v -4.684279 -5.112620 -1.093780
v -4.686568 -5.111670 -1.096385
v -4.686221 -5.112161 -1.094072
v -4.685942 -5.112819 -1.092187
v -4.685503 -5.115699 -1.089808
v -4.686518 -5.115715 -1.089708
v -4.684203 -5.113971 -1.091981
v -4.685721 -5.114093 -1.090913
v -4.686900 -5.114149 -1.090428
v -4.688845 -5.047581 -4.770426
v -4.684584 -5.047518 -4.774686
v -4.684569 -5.043338 -4.770347
v -4.688521 -5.047551 -4.772056
v -4.687598 -5.047529 -4.773438
v -4.688517 -5.045953 -4.770395
v -4.688124 -5.045882 -4.772066
v -4.687376 -5.045949 -4.773192
v -4.684580 -5.045894 -4.774330
v -4.684577 -5.044529 -4.773382
v -4.686217 -5.047517 -4.774361
v -4.686251 -5.045853 -4.773939
v -4.686163 -5.044745 -4.773171
v -4.686202 -5.043657 -4.770354
v -4.687586 -5.044572 -4.770371
v -4.684569 -5.043633 -4.771982
v -4.686244 -5.044017 -4.772032
v -4.687373 -5.044762 -4.771961
v -1.020167 -5.060284 -4.777563
v -1.018855 -5.060347 -4.774407
v -1.024653 -5.057522 -4.770112
v -1.018702 -5.060294 -4.777322
v -1.017935 -5.060310 -4.776636
v -1.021193 -5.059204 -4.776016
v -1.019362 -5.059256 -4.775692
v -1.018187 -5.059296 -4.775210
v -1.019076 -5.058695 -4.774063
v -1.019377 -5.059275 -4.772614
v -1.020663 -5.058362 -4.771169
v -1.017989 -5.060327 -4.775613
v -1.023623 -5.057710 -4.771984
v -1.022410 -5.058302 -4.774058
v -1.022517 -5.057748 -4.770289
v -1.021208 -5.058033 -4.772317
v -1.020110 -5.058431 -4.774089
v -4.107634 -5.035196 -3.101739
v -4.105780 -5.031368 -3.100090
v -4.107928 -5.033721 -3.101991
v -4.107676 -5.032474 -3.101766
v -4.106925 -5.031649 -3.101099
v -3.326632 -5.027925 -3.949678
v -3.328509 -5.031749 -3.951344
v -3.327784 -5.028205 -3.950693
v -3.328547 -5.029031 -3.951366
v -3.328799 -5.030274 -3.951595
v -3.758101 -5.035100 -2.794168
v -3.756018 -5.039092 -2.792350
v -3.756938 -5.035415 -2.793143
v -3.756129 -5.036282 -2.792438
v -3.755808 -5.037574 -2.792160
v -2.976912 -5.035652 -3.641971
v -2.979002 -5.031658 -3.643793
v -2.976702 -5.034135 -3.641780
v -2.977026 -5.032842 -3.642059
v -2.977831 -5.031973 -3.642766
v -3.741126 -5.033180 -3.551959
v -3.739268 -5.029360 -3.550310
v -3.741416 -5.031707 -3.552210
v -3.741164 -5.030464 -3.551985
v -3.740412 -5.029640 -3.551318
v -3.390017 -5.037078 -3.243017
v -3.392092 -5.033086 -3.244827
v -3.389807 -5.035560 -3.242826
v -3.390128 -5.034269 -3.243103
v -3.390929 -5.033399 -3.243805
v -2.552264 -5.034822 -3.969884
v -2.554389 -5.030821 -3.971736
v -2.552058 -5.033302 -3.969695
v -2.552386 -5.032007 -3.969980
v -2.553206 -5.031137 -3.970697
v -2.902110 -5.027088 -4.277699
v -2.904021 -5.030918 -4.279397
v -2.903277 -5.027370 -4.278726
v -2.904051 -5.028196 -4.279410
v -2.904311 -5.029443 -4.279646
v -1.997687 -5.034431 -4.291131
v -2.000750 -5.030528 -4.292248
v -1.997538 -5.032949 -4.290807
v -1.998068 -5.031686 -4.290905
v -1.999197 -5.030836 -4.291412
v -2.449896 -5.026807 -4.547455
v -2.452189 -5.030653 -4.549013
v -2.451392 -5.027090 -4.548324
v -2.452353 -5.027919 -4.548926
v -2.452631 -5.029170 -4.549167
v -0.988833 -5.033777 -4.787502
v -1.001032 -5.030620 -4.780384
v -0.988081 -5.033612 -4.785478
v -0.991629 -5.032567 -4.786081
v -0.994929 -5.031542 -4.784230
v -0.987460 -5.033907 -4.787471
v -0.989325 -5.032664 -4.785910
v -0.991461 -5.031686 -4.784331
v -0.989962 -5.031985 -4.784362
v -0.997851 -5.030860 -4.780441
v -0.994277 -5.031510 -4.781429
v -0.998232 -5.030859 -4.782229
v -0.994349 -5.031202 -4.782545
v -0.987051 -5.033817 -4.786377
v -0.990843 -5.032479 -4.783198
v -0.988951 -5.032619 -4.784555
v -1.942576 -5.030747 -4.788117
v -1.958159 -5.030974 -4.784606
v -1.957236 -5.026959 -4.781883
v -1.946276 -5.030738 -4.787845
v -1.950533 -5.030778 -4.787083
v -1.945937 -5.029295 -4.787033
v -1.949606 -5.029353 -4.786659
v -1.952788 -5.029408 -4.786265
v -1.953925 -5.028589 -4.785614
v -1.958281 -5.029427 -4.784695
v -1.958148 -5.028119 -4.784209
v -1.954710 -5.030863 -4.785944
v -1.955599 -5.029419 -4.785507
v -1.956110 -5.028262 -4.785003
v -1.953871 -5.027246 -4.783659
v -1.949904 -5.028067 -4.785468
v -1.957781 -5.027251 -4.783221
v -1.955195 -5.027677 -4.784402
v -1.952513 -5.028235 -4.785564
v -4.422843 -5.037771 -2.605912
v -4.421626 -5.033935 -2.603174
v -4.423186 -5.036292 -2.606083
v -4.423075 -5.035041 -2.605622
v -4.422530 -5.034213 -2.604601
v -4.127520 -5.038509 -2.160284
v -4.126029 -5.042511 -2.157302
v -4.126578 -5.038826 -2.158813
v -4.125968 -5.039698 -2.157730
v -4.125773 -5.040991 -2.157199
v -4.713023 -5.037124 -2.038302
v -4.715865 -5.041005 -2.037677
v -4.714549 -5.037412 -2.038444
v -4.715628 -5.038250 -2.038376
v -4.716090 -5.039512 -2.038106
v -4.693972 -5.049957 -0.898083
v -4.692145 -5.049954 -0.897605
v -4.688815 -5.045886 -0.911507
v -4.693488 -5.050270 -0.896202
v -4.693259 -5.048410 -0.901109
v -4.693015 -5.048581 -0.898860
v -4.692648 -5.048679 -0.897531
v -4.691870 -5.047720 -0.899693
v -4.690539 -5.048416 -0.900574
v -4.689341 -5.047104 -0.904259
v -4.691737 -5.048584 -0.898606
v -4.690867 -5.047317 -0.901027
v -4.690466 -5.046206 -0.908374
v -4.692027 -5.047092 -0.904723
v -4.688735 -5.046213 -0.908099
v -4.690554 -5.046677 -0.904342
v -4.692004 -5.047313 -0.901226
v -4.064654 -5.143502 -3.064373
v -4.069342 -5.139611 -3.068482
v -4.066012 -5.143195 -3.065569
v -4.067381 -5.142348 -3.066770
v -4.068549 -5.141091 -3.067793
v -3.290209 -5.136178 -3.918082
v -3.285517 -5.140061 -3.913969
v -3.289420 -5.137651 -3.917393
v -3.288252 -5.138909 -3.916370
v -3.286879 -5.139754 -3.915168
v -3.787428 -5.142507 -2.820423
v -3.791918 -5.146430 -2.824392
v -3.788134 -5.144020 -2.821054
v -3.789240 -5.145297 -2.822030
v -3.790568 -5.146144 -2.823202
v -3.012808 -5.142987 -3.674010
v -3.008315 -5.139062 -3.670041
v -3.011458 -5.142700 -3.672821
v -3.010130 -5.141853 -3.671649
v -3.009028 -5.140575 -3.670673
v -3.698145 -5.141494 -3.514597
v -3.702826 -5.137609 -3.518697
v -3.699503 -5.141189 -3.515790
v -3.700869 -5.140342 -3.516988
v -3.702036 -5.139086 -3.518009
v -3.425902 -5.144417 -3.275047
v -3.421423 -5.140495 -3.271090
v -3.424559 -5.144129 -3.273862
v -3.423232 -5.143283 -3.272694
v -3.422133 -5.142006 -3.271721
v -2.588194 -5.142150 -4.001949
v -2.583666 -5.138217 -3.997951
v -2.586829 -5.141862 -4.000749
v -2.585494 -5.141013 -3.999568
v -2.584380 -5.139733 -3.998586
v -2.865729 -5.135339 -4.246137
v -2.861002 -5.139223 -4.241996
v -2.864935 -5.136814 -4.245446
v -2.863760 -5.138070 -4.244417
v -2.862380 -5.138916 -4.243205
v -2.034609 -5.135197 -4.328276
v -2.028975 -5.131374 -4.324569
v -2.032839 -5.134919 -4.327266
v -2.031146 -5.134096 -4.326208
v -2.029788 -5.132851 -4.325260
v -2.401938 -5.127403 -4.526802
v -2.395583 -5.131286 -4.523561
v -2.400843 -5.128873 -4.526284
v -2.399252 -5.130129 -4.525488
v -2.397406 -5.130976 -4.524531
v -1.019503 -5.098931 -4.847137
v -1.018908 -5.099267 -4.845495
v -1.035071 -5.102291 -4.845240
v -1.023119 -5.100118 -4.847795
v -1.021006 -5.100216 -4.847677
v -1.019724 -5.100293 -4.847397
v -1.022292 -5.100912 -4.847328
v -1.022563 -5.100471 -4.845282
v -1.026919 -5.101470 -4.845159
v -1.017851 -5.099331 -4.846332
v -1.020739 -5.100385 -4.846499
v -1.023772 -5.101237 -4.846635
v -1.031542 -5.101937 -4.846768
v -1.027346 -5.101174 -4.847666
v -1.031310 -5.102106 -4.845143
v -1.027354 -5.101645 -4.846688
v -1.023955 -5.101112 -4.847697
v -1.836352 -5.089217 -4.819059
v -1.836874 -5.093826 -4.816655
v -1.851035 -5.089952 -4.815390
v -1.836508 -5.090750 -4.819426
v -1.836661 -5.092165 -4.819099
v -1.839850 -5.089350 -4.818744
v -1.839072 -5.090814 -4.818967
v -1.838583 -5.092028 -4.818904
v -1.840609 -5.091748 -4.818441
v -1.840231 -5.093452 -4.816777
v -1.844100 -5.092582 -4.816580
v -1.836791 -5.093246 -4.818125
v -1.839255 -5.092787 -4.818014
v -1.841834 -5.092210 -4.817816
v -1.847800 -5.089748 -4.816759
v -1.843871 -5.089536 -4.817936
v -1.847895 -5.091355 -4.816093
v -1.844611 -5.091105 -4.817363
v -1.841734 -5.090894 -4.818406
v -4.380663 -5.146073 -2.567181
v -4.384562 -5.142158 -2.572664
v -4.381720 -5.145762 -2.568902
v -4.382830 -5.144909 -2.570548
v -4.383830 -5.143645 -2.571869
v -4.157435 -5.145921 -2.185373
v -4.161177 -5.149838 -2.190803
v -4.158087 -5.147433 -2.186116
v -4.159029 -5.148707 -2.187409
v -4.160113 -5.149552 -2.189055
v -4.677603 -5.145344 -2.004443
v -4.671938 -5.149259 -2.002573
v -4.676733 -5.146836 -2.003921
v -4.675353 -5.148104 -2.003382
v -4.673666 -5.148955 -2.002908
v -4.725073 -5.153341 -0.926122
v -4.721186 -5.157197 -0.944932
v -4.723551 -5.153360 -0.925675
v -4.725028 -5.154833 -0.930397
v -4.724276 -5.156090 -0.935470
v -4.724932 -5.154895 -0.928084
v -4.724440 -5.155976 -0.931562
v -4.724249 -5.155670 -0.929674
v -4.721335 -5.156928 -0.940456
v -4.721835 -5.156104 -0.935226
v -4.722926 -5.156920 -0.940576
v -4.723135 -5.156516 -0.935659
v -4.723410 -5.155983 -0.931456
v -4.724799 -5.153648 -0.924257
v -4.722613 -5.154852 -0.930035
v -4.723803 -5.154904 -0.927910
v -4.724684 -5.154917 -0.926690
v -2.986861 -4.089715 -5.170981
v -2.985594 -4.088350 -5.166813
v -2.987246 -4.090189 -5.169580
v -2.987139 -4.090094 -5.168296
v -2.986559 -4.089447 -5.167324
v -3.839476 -3.314135 -5.147867
v -3.840754 -3.315518 -5.152043
v -3.840445 -3.315242 -5.148381
v -3.841033 -3.315893 -5.149355
v -3.841139 -3.315991 -5.150641
v -2.684111 -3.743324 -5.099385
v -2.681948 -3.740770 -5.102904
v -2.683074 -3.742131 -5.099457
v -2.682299 -3.741226 -5.100151
v -2.681902 -3.740749 -5.101361
v -3.535861 -2.966592 -5.083966
v -3.538027 -2.969150 -5.080447
v -3.535815 -2.966571 -5.082424
v -3.536208 -2.967050 -5.081213
v -3.536986 -2.967955 -5.080521
v -3.438910 -3.725493 -5.166419
v -3.437647 -3.724126 -5.162255
v -3.439299 -3.725964 -5.165019
v -3.439192 -3.725870 -5.163737
v -3.438612 -3.725225 -5.162766
v -3.134444 -3.377049 -5.098443
v -3.136595 -3.379595 -5.094924
v -3.134394 -3.377027 -5.096903
v -3.134787 -3.377504 -5.095692
v -3.135561 -3.378405 -5.094998
v -3.866610 -2.544721 -5.062010
v -3.868804 -2.547311 -5.058496
v -3.866568 -2.544702 -5.060469
v -3.866965 -2.545186 -5.059258
v -3.867751 -2.546104 -5.058566
v -4.170332 -2.892390 -5.125933
v -4.171637 -2.893803 -5.130131
v -4.171317 -2.893510 -5.126451
v -4.171912 -2.894172 -5.127430
v -4.172022 -2.894273 -5.128722
v -4.189181 -2.001961 -5.033284
v -4.190920 -2.005468 -5.029759
v -4.189101 -2.002011 -5.031740
v -4.189406 -2.002696 -5.030527
v -4.190043 -2.003908 -5.029833
v -4.443366 -2.443232 -5.095792
v -4.444209 -2.445554 -5.100008
v -4.444174 -2.444705 -5.096309
v -4.444621 -2.445663 -5.097291
v -4.444632 -2.445961 -5.098590
v -4.679247 -1.040365 -5.002238
v -4.674422 -1.052622 -4.998703
v -4.677306 -1.039838 -5.002143
v -4.678687 -1.043150 -5.000849
v -4.677577 -1.046457 -4.999692
v -4.679125 -1.039025 -5.002370
v -4.678442 -1.041012 -5.000855
v -4.677565 -1.043209 -4.999681
v -4.677390 -1.041764 -4.999976
v -4.674342 -1.049455 -4.998801
v -4.674860 -1.045913 -4.999489
v -4.676077 -1.049782 -4.998937
v -4.676154 -1.046052 -4.999150
v -4.676413 -1.042978 -4.999594
v -4.678076 -1.038737 -5.002318
v -4.675902 -1.042536 -5.000663
v -4.677134 -1.040721 -5.000767
v -4.678069 -1.039742 -5.000842
v -4.684290 -1.952218 -5.061685
v -4.681639 -1.953790 -5.058167
v -4.684584 -1.952928 -5.060310
v -4.684180 -1.953475 -5.059158
v -4.683146 -1.953778 -5.058406
v -2.489855 -4.403031 -5.165562
v -2.487498 -4.402300 -5.161364
v -2.490160 -4.403554 -5.164157
v -2.489817 -4.403599 -5.162865
v -2.488886 -4.403158 -5.161885
v -2.049040 -4.110556 -5.088476
v -2.045714 -4.108592 -5.091968
v -2.047556 -4.109586 -5.088536
v -2.046404 -4.108872 -5.089222
v -2.045756 -4.108523 -5.090427
v -1.921931 -4.692014 -5.147174
v -1.920920 -4.694361 -5.151299
v -1.922030 -4.693494 -5.147659
v -1.921874 -4.694462 -5.148614
v -1.921484 -4.694765 -5.149892
v -0.785723 -4.673359 -5.050707
v -0.785265 -4.671548 -5.050433
v -0.799517 -4.668718 -5.047311
v -0.784384 -4.673231 -5.050800
v -0.788886 -4.672836 -5.049373
v -0.786631 -4.672575 -5.049302
v -0.785304 -4.672201 -5.049229
v -0.787554 -4.671541 -5.048388
v -0.788378 -4.670138 -5.048997
v -0.792181 -4.669104 -5.047899
v -0.784136 -4.672251 -5.050652
v -0.786391 -4.671309 -5.049124
v -0.788931 -4.670596 -5.047994
v -0.796351 -4.670324 -5.047536
v -0.792616 -4.671773 -5.048260
v -0.796092 -4.668606 -5.047307
v -0.792292 -4.670360 -5.047634
v -0.789114 -4.671725 -5.048147
v -2.939990 -4.033849 -5.269242
v -2.944403 -4.038980 -5.266347
v -2.941195 -4.035239 -5.269216
v -2.942458 -4.036700 -5.268657
v -2.943587 -4.038015 -5.267650
v -3.798300 -3.264789 -5.247400
v -3.793871 -3.259639 -5.250295
v -3.797480 -3.263820 -5.248704
v -3.796351 -3.262501 -5.249712
v -3.795084 -3.261032 -5.250271
v -2.699954 -3.759230 -5.211556
v -2.703494 -3.763200 -5.216350
v -2.700434 -3.759747 -5.213196
v -2.701273 -3.760684 -5.214682
v -2.702349 -3.761895 -5.215790
v -3.557406 -2.989023 -5.197411
v -3.553862 -2.985051 -5.192617
v -3.556262 -2.987721 -5.196851
v -3.555186 -2.986508 -5.195742
v -3.554343 -2.985568 -5.194255
v -3.392043 -3.669628 -5.264684
v -3.396452 -3.674752 -5.261791
v -3.393248 -3.671013 -5.264659
v -3.394511 -3.672475 -5.264099
v -3.395636 -3.673788 -5.263093
v -3.155978 -3.399470 -5.211888
v -3.152445 -3.395509 -5.207098
v -3.154837 -3.398171 -5.211329
v -3.153765 -3.396962 -5.210222
v -3.152926 -3.396028 -5.208736
v -3.888186 -2.567187 -5.175460
v -3.884612 -2.563179 -5.170655
v -3.887030 -2.565869 -5.174897
v -3.885943 -2.564644 -5.173785
v -3.885096 -2.563699 -5.172297
v -4.129199 -2.843088 -5.225459
v -4.124728 -2.837890 -5.228364
v -4.128375 -2.842115 -5.226768
v -4.127234 -2.840784 -5.227780
v -4.125956 -2.839302 -5.228338
v -4.210173 -2.025578 -5.146719
v -4.207182 -2.020419 -5.141925
v -4.209242 -2.023819 -5.146159
v -4.208342 -2.022222 -5.145053
v -4.207621 -2.021028 -5.143564
v -4.401793 -2.394867 -5.195286
v -4.397891 -2.388498 -5.198226
v -4.401007 -2.393800 -5.196606
v -4.399992 -2.392215 -5.197628
v -4.398894 -2.390354 -5.198197
v -4.696940 -1.058818 -5.110975
v -4.695307 -1.058294 -5.110779
v -4.692259 -1.075556 -5.115693
v -4.696936 -1.057480 -5.111076
v -4.696639 -1.062548 -5.112708
v -4.696566 -1.060352 -5.112599
v -4.696322 -1.059022 -5.112502
v -4.695746 -1.061692 -5.113421
v -4.694148 -1.062097 -5.112498
v -4.693163 -1.066714 -5.114035
v -4.695395 -1.060134 -5.112498
v -4.694830 -1.063279 -5.113785
v -4.694106 -1.071607 -5.115261
v -4.695643 -1.067041 -5.114214
v -4.692500 -1.071439 -5.115157
v -4.694434 -1.067105 -5.114568
v -4.695879 -1.063421 -5.113863
v -4.636061 -1.899320 -5.160747
v -4.641905 -1.901568 -5.156892
v -4.637805 -1.899592 -5.160378
v -4.639529 -1.900114 -5.159516
v -4.640971 -1.900809 -5.158292
v -2.441618 -4.347962 -5.263789
v -2.447409 -4.352308 -5.260908
v -2.443350 -4.349047 -5.263772
v -2.445059 -4.350254 -5.263218
v -2.446486 -4.351400 -5.262213
v -2.063715 -4.127049 -5.200614
v -2.068724 -4.130275 -5.205447
v -2.064307 -4.127510 -5.202255
v -2.065466 -4.128286 -5.203753
v -2.067019 -4.129256 -5.204872
v -1.878489 -4.643659 -5.246606
v -1.876311 -4.637560 -5.249609
v -1.877837 -4.642614 -5.247925
v -1.877196 -4.641089 -5.248959
v -1.876658 -4.639312 -5.249550
v -0.803698 -4.691514 -5.159280
v -0.822108 -4.687156 -5.164380
v -0.803267 -4.690005 -5.159076
v -0.807814 -4.691282 -5.161152
v -0.812758 -4.690372 -5.162778
v -0.805510 -4.691182 -5.160984
v -0.808875 -4.690558 -5.162318
v -0.807024 -4.690408 -5.161817
v -0.817675 -4.687344 -5.163713
v -0.812537 -4.687951 -5.162471
v -0.817778 -4.688925 -5.163912
v -0.812918 -4.689188 -5.163078
v -0.808779 -4.689532 -5.162189
v -0.802130 -4.690685 -5.159271
v -0.807478 -4.688887 -5.160842
v -0.805346 -4.690063 -5.160840
v -0.804121 -4.690936 -5.160847
v -5.020400 -3.735389 -3.545302
v -5.024256 -3.737001 -3.547144
v -5.020697 -3.736399 -3.546445
v -5.021536 -3.737060 -3.547196
v -5.022784 -3.737271 -3.547441
v -5.017661 -3.002000 -3.593359
v -5.021624 -3.000138 -3.591271
v -5.017958 -3.000971 -3.592197
v -5.018816 -3.000256 -3.591393
v -5.020102 -2.999962 -3.591067
v -5.018782 -3.308642 -3.939874
v -5.022635 -3.310249 -3.941706
v -5.019080 -3.309648 -3.941012
v -5.019915 -3.310307 -3.941760
v -5.021163 -3.310516 -3.942004
v -5.019278 -3.428768 -3.198810
v -5.023245 -3.426900 -3.196720
v -5.019579 -3.427737 -3.197648
v -5.020438 -3.427020 -3.196842
v -5.021723 -3.426726 -3.196516
v -5.020663 -3.791616 -2.776948
v -5.024630 -3.789728 -2.774832
v -5.020964 -3.790576 -2.775774
v -5.021819 -3.789852 -2.774961
v -5.023108 -3.789554 -2.774629
v -5.021788 -4.098587 -3.123836
v -5.025649 -4.100226 -3.125704
v -5.022082 -4.099607 -3.124990
v -5.022921 -4.100276 -3.125750
v -5.024176 -4.100493 -3.126001
v -5.022917 -4.393227 -2.688996
v -5.026797 -4.394831 -2.691016
v -5.023215 -4.394236 -2.690210
v -5.024054 -4.394895 -2.691020
v -5.025313 -4.395104 -2.691304
v -5.021815 -4.092604 -2.329458
v -5.025786 -4.090751 -2.327190
v -5.022112 -4.091578 -2.328226
v -5.022974 -4.090864 -2.327362
v -5.024264 -4.090575 -2.326999
v -5.024264 -4.752693 -1.485317
v -5.028414 -4.756766 -1.476210
v -5.024584 -4.754298 -1.481876
v -5.025488 -4.755635 -1.478939
v -5.026831 -4.756501 -1.476949
v -5.023879 -4.642368 -2.209790
v -5.027781 -4.642520 -2.214781
v -5.024176 -4.642825 -2.212146
v -5.025023 -4.643014 -2.213921
v -5.026289 -4.642906 -2.214847
v -5.023287 -4.493128 -1.545607
v -5.027270 -4.492724 -1.540374
v -5.023589 -4.492657 -1.543240
v -5.024451 -4.492412 -1.541415
v -5.025744 -4.492437 -1.540408
v -5.015822 -2.515581 -3.939646
v -5.019785 -2.513564 -3.937629
v -5.016119 -2.514492 -3.938512
v -5.016978 -2.513726 -3.937730
v -5.018263 -2.513400 -3.937420
v -5.017008 -2.839697 -4.279855
v -5.020873 -2.841448 -4.281604
v -5.017306 -2.840761 -4.280963
v -5.018145 -2.841466 -4.281685
v -5.019396 -2.841706 -4.281910
v -5.011809 -1.455271 -4.716358
v -5.015925 -1.446238 -4.720301
v -5.012114 -1.451860 -4.717914
v -5.012999 -1.448945 -4.719210
v -5.014338 -1.446970 -4.720049
v -5.012255 -1.569107 -4.406013
v -5.016207 -1.563641 -4.405626
v -5.012549 -1.566698 -4.405502
v -5.013403 -1.564814 -4.405250
v -5.014689 -1.563740 -4.405293
v -5.014987 -2.303455 -4.583512
v -5.018878 -2.308315 -4.583560
v -5.015288 -2.305709 -4.583972
v -5.016135 -2.307423 -4.584142
v -5.017397 -2.308339 -4.583997
v -5.128130 -3.702449 -3.508542
v -5.131960 -3.698273 -3.503842
v -5.129599 -3.701738 -3.507746
v -5.130843 -3.700695 -3.506574
v -5.131670 -3.699480 -3.505202
v -5.125475 -3.027112 -3.622199
v -5.129458 -3.031042 -3.626657
v -5.126997 -3.027727 -3.622901
v -5.128287 -3.028691 -3.623995
v -5.129153 -3.029854 -3.625313
v -5.126509 -3.275694 -3.903104
v -5.130339 -3.271526 -3.898412
v -5.127978 -3.274985 -3.902309
v -5.129221 -3.273943 -3.901138
v -5.130049 -3.272730 -3.899770
v -5.127093 -3.453876 -3.227647
v -5.131079 -3.457808 -3.232107
v -5.128615 -3.454492 -3.228349
v -5.129908 -3.455455 -3.229443
v -5.130774 -3.456620 -3.230763
v -5.128474 -3.816702 -2.805757
v -5.132460 -3.820656 -2.810245
v -5.129996 -3.817319 -2.806462
v -5.131289 -3.818288 -2.807562
v -5.132155 -3.819459 -2.808891
v -5.129504 -4.065678 -3.087110
v -5.133345 -4.061473 -3.082375
v -5.130976 -4.064965 -3.086311
v -5.132224 -4.063916 -3.085130
v -5.133055 -4.062689 -3.083749
v -5.130618 -4.360295 -2.652434
v -5.134474 -4.356129 -2.647502
v -5.132094 -4.359585 -2.651618
v -5.133349 -4.358543 -2.650395
v -5.134184 -4.357330 -2.648950
v -5.129618 -4.117719 -2.358111
v -5.133612 -4.121629 -2.362786
v -5.131144 -4.118334 -2.358830
v -5.132437 -4.119293 -2.359971
v -5.133307 -4.120450 -2.361360
v -5.131804 -4.753029 -1.472431
v -5.135939 -4.747878 -1.482887
v -5.133391 -4.752592 -1.473180
v -5.134737 -4.751457 -1.475431
v -5.135630 -4.749804 -1.478840
v -5.131552 -4.607999 -2.176217
v -5.135436 -4.605669 -2.167506
v -5.133040 -4.607427 -2.175113
v -5.134299 -4.606781 -2.173069
v -5.135142 -4.606164 -2.170399
v -5.131094 -4.519690 -1.571292
v -5.135085 -4.521760 -1.579721
v -5.132620 -4.520167 -1.572298
v -5.133914 -4.520726 -1.574254
v -5.134779 -4.521286 -1.576859
v -5.123633 -2.540538 -3.968556
v -5.127619 -2.544662 -3.972923
v -5.125155 -2.541169 -3.969251
v -5.126448 -2.542174 -3.970326
v -5.127314 -2.543399 -3.971615
v -5.124728 -2.806897 -4.243008
v -5.128565 -2.802546 -4.238416
v -5.126200 -2.806173 -4.242220
v -5.127448 -2.805094 -4.241071
v -5.128275 -2.803820 -4.239735
v -5.119288 -1.442503 -4.716524
v -5.123496 -1.452716 -4.711594
v -5.120886 -1.443235 -4.716102
v -5.122244 -1.445431 -4.715018
v -5.123160 -1.448762 -4.713434
v -5.120051 -1.590614 -4.436552
v -5.124060 -1.599034 -4.438885
v -5.121577 -1.591571 -4.437092
v -5.122874 -1.593507 -4.437726
v -5.123747 -1.596128 -4.438355
v -5.122702 -2.273777 -4.544977
v -5.126540 -2.265585 -4.542469
v -5.124178 -2.272760 -4.544346
v -5.125426 -2.270845 -4.543647
v -5.126257 -2.268327 -4.542988
v -5.065550 -0.891626 -4.724653
v -5.065554 -0.892094 -4.726328
v -5.065547 -0.890461 -4.725314
v -5.080122 -4.767436 -1.009545
v -5.080130 -4.769157 -1.010083
v -5.080130 -4.768711 -1.008094
v -5.168280 -5.161816 -2.685645
v -5.163931 -5.166304 -2.685518
v -5.167952 -5.163542 -2.684925
v -5.167014 -5.165001 -2.684648
v -5.165598 -5.165972 -2.684857
v -2.596514 -5.116648 -5.251555
v -2.596434 -5.121124 -5.247837
v -2.595767 -5.118336 -5.251288
v -2.595488 -5.119780 -5.250487
v -2.595725 -5.120759 -5.249275
v -2.596148 -5.155852 -2.681450
v -2.596671 -5.159324 -2.682321
v -2.595656 -5.157191 -2.681000
v -2.595938 -5.159072 -2.681472
v -5.158129 -2.556620 -5.208616
v -5.162714 -2.556724 -5.204046
v -5.159884 -2.555880 -5.208264
v -5.161372 -2.555640 -5.207269
v -5.162364 -2.555937 -5.205788
v -5.159544 -2.594205 -2.638524
v -5.163031 -2.595026 -2.639222
v -5.160880 -2.593744 -2.638034
v -5.162764 -2.594190 -2.638413
v -2.590575 -2.549010 -5.201588
v -2.591326 -2.549819 -5.205089
v -2.590098 -2.548522 -5.202910
v -2.590071 -2.548504 -5.204040
v -5.163050 -4.689721 -2.927979
v -5.167319 -4.694221 -2.925666
v -5.164683 -4.690062 -2.927804
v -5.166068 -4.691035 -2.927302
v -5.166991 -4.692496 -2.926551
v -5.163165 -2.820876 -4.731436
v -5.158907 -2.823427 -4.726890
v -5.162844 -2.821850 -4.729696
v -5.161921 -2.822675 -4.728222
v -5.160540 -2.823230 -4.727236
v -5.163405 -2.852491 -2.890490
v -5.159148 -2.855027 -2.892956
v -5.163085 -2.853459 -2.891433
v -5.162161 -2.854280 -2.892233
v -5.160780 -2.854832 -2.892768
v -2.848719 -4.658199 -5.241605
v -2.846312 -4.662496 -5.245918
v -2.848536 -4.658503 -5.243239
v -2.848013 -4.659424 -5.244633
v -2.847235 -4.660827 -5.245573
v -4.682322 -2.809868 -5.206576
v -4.686896 -2.807354 -5.210812
v -4.682669 -2.809650 -5.208203
v -4.683661 -2.809098 -5.209580
v -4.685145 -2.808290 -5.210496
v -2.842299 -2.812149 -5.210620
v -2.844794 -2.814838 -5.206415
v -2.843253 -2.813154 -5.210317
v -2.844065 -2.814017 -5.209411
v -2.844603 -2.814609 -5.208040
v -4.676035 -5.163677 -2.930604
v -4.672812 -5.159477 -2.932562
v -4.674548 -5.163351 -2.931378
v -4.673415 -5.162438 -2.932021
v -4.672804 -5.161078 -2.932436
v -2.864718 -5.130285 -4.815347
v -2.866129 -5.126503 -4.810084
v -2.865481 -5.130018 -4.813885
v -2.866019 -5.129206 -4.812370
v -2.866248 -5.127970 -4.811037
v -2.846632 -5.151201 -2.969311
v -2.847567 -5.155307 -2.965798
v -2.852915 -5.151319 -2.962768
v -2.847483 -5.152759 -2.968838
v -2.847960 -5.154085 -2.968003
v -2.848204 -5.151231 -2.967674
v -2.848505 -5.152726 -2.967668
v -2.848773 -5.153928 -2.967420
v -2.849020 -5.155000 -2.965862
v -2.850550 -5.154136 -2.965307
v -2.847991 -5.154982 -2.966936
v -2.849917 -5.153948 -2.966228
v -2.851344 -5.151289 -2.964404
v -2.849772 -5.151260 -2.966039
v -2.851916 -5.152843 -2.964221
v -2.850680 -5.152765 -2.965405
v -2.849585 -5.152707 -2.966570
v -5.071787 -4.685618 -2.930020
v -5.076060 -4.689906 -2.927972
v -5.072119 -4.687265 -2.929235
v -5.073042 -4.688656 -2.928571
v -5.074427 -4.689585 -2.928127
v -5.071917 -2.823613 -4.726882
v -5.067664 -2.825825 -4.722662
v -5.070288 -2.823784 -4.726560
v -5.068907 -2.824266 -4.725645
v -5.067984 -2.824980 -4.724276
v -5.072157 -2.855214 -2.892949
v -5.067904 -2.858180 -2.896014
v -5.070529 -2.855443 -2.893181
v -5.069148 -2.856085 -2.893845
v -5.068224 -2.857047 -2.894841
v -2.850848 -4.655677 -5.150286
v -2.848731 -4.659863 -5.154628
v -2.850039 -4.657304 -5.150641
v -2.849352 -4.658670 -5.151591
v -2.848895 -4.659567 -5.152991
v -4.678080 -2.813758 -5.115378
v -4.682333 -2.811529 -5.119599
v -4.679709 -2.812929 -5.115687
v -4.681086 -2.812215 -5.116596
v -4.682013 -2.811721 -5.117970
v -2.844805 -2.816499 -5.119438
v -2.847823 -2.819590 -5.115238
v -2.845038 -2.816758 -5.117813
v -2.845690 -2.817437 -5.116444
v -2.846667 -2.818431 -5.115541
v -4.688254 -5.081564 -2.931111
v -4.684821 -5.077362 -2.933171
v -4.688246 -5.079963 -2.931242
v -4.687590 -5.078601 -2.931682
v -4.686388 -5.077689 -2.932358
v -2.852347 -5.054221 -4.776292
v -2.853735 -5.050433 -4.770230
v -2.852229 -5.052748 -4.775278
v -2.852450 -5.051510 -4.773770
v -2.852980 -5.050698 -4.771998
v -2.848540 -5.088468 -2.936232
v -2.854937 -5.088561 -2.929815
v -2.854868 -5.084439 -2.933932
v -2.850138 -5.088492 -2.934628
v -2.851737 -5.088514 -2.933022
v -2.849383 -5.086937 -2.935087
v -2.850791 -5.087011 -2.933805
v -2.851996 -5.087067 -2.932556
v -2.854311 -5.087010 -2.930142
v -2.854079 -5.085682 -2.931040
v -2.853339 -5.088538 -2.931420
v -2.853190 -5.087045 -2.931400
v -2.853041 -5.085846 -2.931705
v -2.852808 -5.084755 -2.933842
v -2.850882 -5.085633 -2.934249
v -2.854277 -5.084779 -2.932371
v -2.852889 -5.085226 -2.932666
v -2.851641 -5.085825 -2.933109
v -5.119315 -4.658288 -4.757651
v -5.119307 -4.653953 -4.761830
v -5.119315 -4.657935 -4.759274
v -5.119311 -4.656988 -4.760637
v -5.119307 -4.655589 -4.761536
v -5.111517 -0.991895 -4.688904
v -5.111521 -0.993087 -4.691943
v -5.111517 -0.991046 -4.690043
v -5.111517 -0.991690 -4.691686
v -1.015460 -4.663990 -5.197959
v -1.014201 -4.660977 -5.197901
v -1.013327 -4.663112 -5.197941
v -4.678412 -0.971595 -5.127980
v -4.675402 -0.970360 -5.127957
v -4.677527 -0.969469 -5.127940
v -4.684756 -5.090991 -4.775532
v -4.688994 -5.091059 -4.771231
v -4.686385 -5.090996 -4.775192
v -4.687762 -5.091012 -4.774256
v -4.688677 -5.091033 -4.772865
v -4.668940 -5.149998 -1.091360
v -4.672068 -5.149981 -1.092441
v -4.670130 -5.150014 -1.090468
v -4.671145 -5.150016 -1.090360
v -5.119795 -4.721341 -1.098302
v -5.119788 -4.718346 -1.096999
v -5.119795 -4.720493 -1.096156
v -4.686244 -4.649800 -5.198192
v -4.681994 -4.654072 -5.198273
v -4.685923 -4.651432 -5.198223
v -4.685004 -4.652816 -5.198250
v -4.683623 -4.653742 -5.198267
v -1.032580 -5.089782 -4.807696
v -1.033911 -5.089733 -4.810843
v -1.031725 -5.089762 -4.808912
v -1.031680 -5.089745 -4.809939
v -1.032446 -5.089736 -4.810616
v -3.536253 -5.028567 -3.758027
v -3.538115 -5.032390 -3.759682
v -3.537402 -5.028845 -3.759037
v -3.538157 -5.029671 -3.759706
v -3.538409 -5.030914 -3.759933
v -3.582255 -5.034026 -3.024522
v -3.580180 -5.038016 -3.022711
v -3.581095 -5.034342 -3.023500
v -3.580290 -5.035210 -3.022796
v -3.579970 -5.036501 -3.022519
v -3.929625 -5.030297 -3.330174
v -3.931479 -5.034120 -3.331821
v -3.930769 -5.030579 -3.331181
v -3.931521 -5.031403 -3.331848
v -3.931773 -5.032649 -3.332073
v -3.188906 -5.032297 -3.452393
v -3.186827 -5.036289 -3.450579
v -3.187743 -5.032611 -3.451370
v -3.186938 -5.033480 -3.450666
v -3.186617 -5.034773 -3.450389
v -2.768065 -5.031167 -3.816427
v -2.765959 -5.035165 -3.814591
v -2.766890 -5.031484 -3.815395
v -2.766078 -5.032353 -3.814684
v -2.765753 -5.033648 -3.814401
v -3.115809 -5.027434 -4.122408
v -3.117701 -5.031260 -4.124089
v -3.116965 -5.027715 -4.123429
v -3.117732 -5.028541 -4.124107
v -3.117991 -5.029786 -4.124338
v -2.681799 -5.026880 -4.418272
v -2.683775 -5.030715 -4.419960
v -2.683012 -5.027160 -4.419283
v -2.683814 -5.027988 -4.419960
v -2.684081 -5.029235 -4.420197
v -2.321425 -5.030612 -4.118674
v -2.319170 -5.034605 -4.116903
v -2.320193 -5.030925 -4.117657
v -2.319331 -5.031796 -4.116963
v -2.318972 -5.033086 -4.116698
v -1.479140 -5.028789 -4.781132
v -1.468035 -5.032239 -4.787891
v -1.475554 -5.029053 -4.782948
v -1.472182 -5.029802 -4.784871
v -1.469542 -5.030921 -4.786607
v -2.203295 -5.026853 -4.668763
v -2.206076 -5.030750 -4.670233
v -2.205481 -5.027137 -4.669312
v -2.206778 -5.027980 -4.669785
v -2.206984 -5.029248 -4.670108
v -1.538702 -5.030547 -4.521405
v -1.533606 -5.034150 -4.521896
v -1.536345 -5.030833 -4.521006
v -1.534548 -5.031620 -4.520960
v -1.533587 -5.032784 -4.521272
v -3.927176 -5.036406 -2.537136
v -3.925173 -5.040399 -2.535170
v -3.926043 -5.036720 -2.536054
v -3.925261 -5.037593 -2.535301
v -3.924956 -5.038883 -2.534990
v -4.268290 -5.032567 -2.860281
v -4.270060 -5.036400 -2.862071
v -4.269400 -5.032847 -2.861344
v -4.270129 -5.033674 -2.862057
v -4.270361 -5.034921 -2.862312
v -4.700911 -5.041506 -1.474658
v -4.704848 -5.045710 -1.465661
v -4.702460 -5.041843 -1.471245
v -4.703753 -5.042758 -1.468337
v -4.704592 -5.044116 -1.466375
v -4.390891 -5.041855 -1.589368
v -4.390505 -5.045871 -1.583948
v -4.390372 -5.042177 -1.586964
v -4.390120 -5.043055 -1.585091
v -4.390166 -5.044351 -1.584032
v -4.570445 -5.035499 -2.323194
v -4.570521 -5.039335 -2.328098
v -4.570910 -5.035774 -2.325451
v -4.571089 -5.036601 -2.327175
v -4.570952 -5.037852 -2.328105
v -3.499819 -5.136818 -3.726419
v -3.495135 -5.140701 -3.722315
v -3.499030 -5.138293 -3.725731
v -3.497862 -5.139550 -3.724709
v -3.496493 -5.140394 -3.723510
v -3.611586 -5.141435 -3.050783
v -3.616068 -5.145356 -3.054743
v -3.612296 -5.142946 -3.051414
v -3.613398 -5.144223 -3.052388
v -3.614722 -5.145069 -3.053557
v -3.893183 -5.138545 -3.298562
v -3.888503 -5.142431 -3.294460
v -3.892394 -5.140022 -3.297873
v -3.891226 -5.141279 -3.296852
v -3.889861 -5.142124 -3.295653
v -3.218234 -5.139703 -3.478652
v -3.222716 -5.143627 -3.482612
v -3.218943 -5.141216 -3.479282
v -3.220046 -5.142492 -3.480257
v -3.221369 -5.143338 -3.481426
v -2.797366 -5.138570 -3.842661
v -2.801871 -5.142497 -3.846643
v -2.798079 -5.140082 -3.843294
v -2.799185 -5.141361 -3.844273
v -2.800517 -5.142207 -3.845448
v -3.079405 -5.135685 -4.090829
v -3.074694 -5.139568 -4.086702
v -3.078612 -5.137160 -4.090139
v -3.077441 -5.138416 -4.089112
v -3.076064 -5.139261 -4.087906
v -2.643981 -5.134174 -4.388088
v -2.639044 -5.138059 -4.384047
v -2.643149 -5.135650 -4.387417
v -2.641921 -5.136904 -4.386414
v -2.640479 -5.137751 -4.385231
v -2.350558 -5.137189 -4.145642
v -2.355235 -5.141110 -4.149611
v -2.351286 -5.138699 -4.146285
v -2.352431 -5.139977 -4.147264
v -2.353816 -5.140822 -4.148433
v -1.429255 -5.094076 -4.832936
v -1.435912 -5.098007 -4.830938
v -1.429091 -5.095448 -4.833564
v -1.430296 -5.096676 -4.833406
v -1.432692 -5.097575 -4.832483
v -2.131094 -5.111214 -4.671099
v -2.121012 -5.115065 -4.669942
v -2.129248 -5.112667 -4.671024
v -2.126681 -5.113909 -4.670777
v -2.123789 -5.114752 -4.670397
v -1.564681 -5.117566 -4.566678
v -1.572642 -5.121060 -4.569803
v -1.565695 -5.118925 -4.567502
v -1.567564 -5.120065 -4.568385
v -1.570006 -5.120815 -4.569194
v -3.956580 -5.143814 -2.563242
v -3.960970 -5.147736 -2.567397
v -3.957282 -5.145325 -2.563888
v -3.958361 -5.146601 -2.564904
v -3.959658 -5.147449 -2.566137
v -4.231772 -5.140802 -2.828818
v -4.227187 -5.144702 -2.824527
v -4.230990 -5.142283 -2.828114
v -4.229842 -5.143543 -2.827051
v -4.228507 -5.144393 -2.825792
v -4.701464 -5.149125 -1.463117
v -4.696578 -5.153231 -1.473392
v -4.701052 -5.150715 -1.463867
v -4.699976 -5.152053 -1.466084
v -4.698409 -5.152938 -1.469428
v -4.421912 -5.149281 -1.612019
v -4.424281 -5.153179 -1.620474
v -4.422461 -5.150790 -1.612993
v -4.423102 -5.152061 -1.614942
v -4.423743 -5.152900 -1.617569
v -4.532248 -5.143699 -2.294856
v -4.529730 -5.147637 -2.286723
v -4.531619 -5.145189 -2.293858
v -4.530921 -5.146460 -2.291962
v -4.530257 -5.147319 -2.289457
v -4.707850 -5.101656 -0.911640
v -4.709525 -5.101648 -0.912105
v -4.709414 -5.101656 -0.910724
v -1.003493 -5.066438 -4.815484
v -1.004164 -5.066339 -4.817311
v -1.002375 -5.066411 -4.816203
v -1.002738 -5.066357 -4.817191
v -1.904902 -5.060287 -4.799895
v -1.889342 -5.060053 -4.803611
v -1.901476 -5.060179 -4.801278
v -1.897311 -5.060097 -4.802469
v -1.893054 -5.060052 -4.803288
v -3.646533 -3.522406 -5.156143
v -3.647803 -3.523779 -5.160311
v -3.647501 -3.523507 -5.156655
v -3.648081 -3.524154 -5.157627
v -3.648188 -3.524250 -5.158910
v -2.915289 -3.568565 -5.098433
v -2.913138 -3.566018 -5.101954
v -2.914256 -3.567374 -5.098507
v -2.913481 -3.566471 -5.099201
v -2.913088 -3.565996 -5.100411
v -3.216509 -3.913288 -5.165802
v -3.217772 -3.914652 -5.169965
v -3.217474 -3.914386 -5.166313
v -3.218054 -3.915029 -5.167283
v -3.218157 -3.915123 -5.168566
v -3.345332 -3.177704 -5.088779
v -3.343176 -3.175155 -5.092299
v -3.344294 -3.176512 -5.088852
v -3.343524 -3.175611 -5.089546
v -3.343131 -3.175132 -5.090757
v -3.712031 -2.759587 -5.070379
v -3.709853 -2.757015 -5.073897
v -3.710986 -2.758385 -5.070450
v -3.710207 -2.757475 -5.071144
v -3.709807 -2.756994 -5.072354
v -4.013579 -3.104684 -5.137820
v -4.014868 -3.106082 -5.142006
v -4.014555 -3.105797 -5.138336
v -4.015143 -3.106453 -5.139312
v -4.015254 -3.106553 -5.140600
v -4.312479 -2.673543 -5.112006
v -4.313735 -2.675079 -5.116220
v -4.313448 -2.674712 -5.112526
v -4.314024 -2.675414 -5.113509
v -4.314127 -2.675544 -5.114805
v -4.017107 -2.316905 -5.044749
v -4.014964 -2.314188 -5.048265
v -4.016074 -2.315648 -5.044820
v -4.015303 -2.314690 -5.045511
v -4.014914 -2.314179 -5.046723
v -4.678030 -1.503251 -5.028360
v -4.681738 -1.494088 -5.031987
v -4.679595 -1.499940 -5.028516
v -4.680850 -1.497035 -5.029259
v -4.681601 -1.494981 -5.030480
v -4.566512 -2.198378 -5.077271
v -4.566374 -2.202725 -5.081488
v -4.566950 -2.200630 -5.077783
v -4.567076 -2.202246 -5.078765
v -4.566874 -2.202982 -5.080066
v -4.418334 -1.563750 -5.014219
v -4.417578 -1.558269 -5.017767
v -4.417834 -1.561436 -5.014300
v -4.417517 -1.559582 -5.015001
v -4.417426 -1.558469 -5.016219
v -2.426413 -3.911377 -5.097241
v -2.424105 -3.908899 -5.100757
v -2.425318 -3.910214 -5.097312
v -2.424498 -3.909332 -5.098005
v -2.424071 -3.908873 -5.099216
v -2.745120 -4.249873 -5.165375
v -2.746527 -4.251157 -5.169550
v -2.746142 -4.250942 -5.165888
v -2.746768 -4.251560 -5.166861
v -2.746901 -4.251635 -5.168148
v -1.360480 -4.680360 -5.097221
v -1.351092 -4.683764 -5.101011
v -1.357035 -4.681860 -5.097422
v -1.354041 -4.683033 -5.098213
v -1.351954 -4.683701 -5.099473
v -1.477721 -4.372447 -5.070454
v -1.471953 -4.371582 -5.073868
v -1.475302 -4.371900 -5.070485
v -1.473357 -4.371542 -5.071145
v -1.472182 -4.371429 -5.072333
v -2.207133 -4.550253 -5.154849
v -2.211657 -4.549851 -5.159109
v -2.209349 -4.550679 -5.155390
v -2.210986 -4.550753 -5.156389
v -2.211798 -4.550461 -5.157696
v -3.605345 -3.473042 -5.255678
v -3.600928 -3.467910 -5.258572
v -3.604529 -3.472077 -5.256982
v -3.603400 -3.470763 -5.257989
v -3.602137 -3.469299 -5.258547
v -2.931139 -3.584478 -5.210606
v -2.934672 -3.588441 -5.215398
v -2.931620 -3.584997 -5.212244
v -2.932459 -3.585931 -5.213730
v -2.933531 -3.587142 -5.214837
v -3.175314 -3.863913 -5.265337
v -3.170905 -3.858788 -5.268230
v -3.174498 -3.862948 -5.266639
v -3.173373 -3.861633 -5.267645
v -3.172110 -3.860174 -5.268204
v -3.361178 -3.193617 -5.200951
v -3.364714 -3.197579 -5.205743
v -3.361659 -3.194134 -5.202589
v -3.362498 -3.195069 -5.204075
v -3.363570 -3.196279 -5.205182
v -3.727858 -2.775471 -5.182544
v -3.731413 -2.779462 -5.187344
v -3.728339 -2.775991 -5.184186
v -3.729186 -2.776933 -5.185672
v -3.730265 -2.778151 -5.186783
v -3.972422 -3.055357 -5.237352
v -3.967974 -3.050186 -5.240250
v -3.971602 -3.054384 -5.238657
v -3.970469 -3.053061 -5.239667
v -3.969191 -3.051587 -5.240226
v -4.271307 -2.624376 -5.211523
v -4.266890 -2.619016 -5.214436
v -4.270487 -2.623388 -5.212836
v -4.269358 -2.622021 -5.213851
v -4.268095 -2.620487 -5.214412
v -4.032965 -2.332646 -5.156907
v -4.036475 -2.336807 -5.161713
v -4.033442 -2.333180 -5.158548
v -4.034277 -2.334158 -5.160038
v -4.035342 -2.335432 -5.161150
v -4.669592 -1.478050 -5.133620
v -4.664149 -1.487504 -5.138128
v -4.669028 -1.478574 -5.135203
v -4.667796 -1.480555 -5.136615
v -4.666083 -1.483692 -5.137643
v -4.523970 -2.152053 -5.176734
v -4.521315 -2.143089 -5.179711
v -4.523280 -2.150784 -5.178060
v -4.522532 -2.148635 -5.179093
v -4.521842 -2.145932 -5.179671
v -4.435580 -1.576727 -5.126404
v -4.437315 -1.584397 -5.131172
v -4.435923 -1.577526 -5.128044
v -4.436373 -1.579265 -5.129524
v -4.436865 -1.581677 -5.130624
v -2.442107 -3.927357 -5.209408
v -2.445837 -3.931229 -5.214207
v -2.442603 -3.927870 -5.211047
v -2.443484 -3.928784 -5.212536
v -2.444621 -3.929964 -5.213644
v -2.704073 -4.200424 -5.264910
v -2.699481 -4.195398 -5.267804
v -2.703242 -4.199466 -5.266212
v -2.702075 -4.198175 -5.267221
v -2.700755 -4.196746 -5.267780
v -1.338957 -4.667742 -5.202540
v -1.348853 -4.662375 -5.206966
v -1.339560 -4.667136 -5.204131
v -1.341650 -4.665903 -5.205532
v -1.344916 -4.664231 -5.206527
v -1.489954 -4.390040 -5.182512
v -1.497988 -4.391899 -5.187445
v -1.490778 -4.390396 -5.184164
v -1.492594 -4.390876 -5.185680
v -1.495123 -4.391404 -5.186833
v -2.169219 -4.499136 -5.254438
v -2.160773 -4.496167 -5.257263
v -2.168089 -4.498332 -5.255740
v -2.166090 -4.497483 -5.256735
v -2.163519 -4.496724 -5.257270
v -0.794264 -4.680779 -5.104755
v -0.794714 -4.682440 -5.104992
v -0.793097 -4.681429 -5.104732
v -4.686308 -1.049066 -5.056461
v -4.688101 -1.049595 -5.056606
v -4.687029 -1.047932 -5.056436
v -4.688002 -1.048218 -5.056514
v -1.042494 -5.121024 -4.847017
v -1.043288 -5.120764 -4.846353
v -5.166365 -4.722639 -1.091595
v -2.853926 -5.119944 -2.946292
v -2.847586 -5.119838 -2.952773
v -2.852339 -5.119916 -2.947912
v -2.850756 -5.119891 -2.949532
v -2.849169 -5.119863 -2.951153
v -1.009512 -4.663957 -5.244291
v -5.157889 -0.986970 -4.692851
v -4.679408 -0.964681 -5.174233
v -5.166064 -4.722147 -1.092578
vn 0.9950 -0.0571 -0.0819
vn 1.0000 -0.0037 0.0001
vn 0.9951 -0.0600 -0.0785
vn -0.3552 -0.5911 -0.7242
vn -0.4463 -0.6066 -0.6579
vn -0.4460 -0.5660 -0.6934
vn 0.9958 0.0600 0.0690
vn -0.2689 0.7312 0.6270
vn -0.3611 0.7405 0.5668
vn -0.2672 0.7649 0.5862
vn 0.9951 -0.0804 -0.0583
vn 0.9950 -0.0774 -0.0631
vn -0.3545 -0.5486 -0.7572
vn -0.4444 -0.5247 -0.7261
vn -0.2712 0.5591 0.7834
vn -0.3625 0.4785 0.7998
vn -0.3660 0.5414 0.7569
vn -0.2724 0.6541 0.7056
vn -0.3662 0.6720 0.6436
vn -0.2713 0.6950 0.6659
vn 0.9952 -0.0718 -0.0667
vn 0.9950 -0.0696 -0.0712
vn 0.9957 0.0650 0.0662
vn -0.3566 0.7754 0.5212
vn -0.2625 0.8009 0.5381
vn -0.3406 -0.8081 -0.4807
vn -0.4356 -0.7447 -0.5056
vn -0.3449 -0.7765 -0.5274
vn -0.3499 -0.7427 -0.5709
vn -0.4434 -0.6786 -0.5856
vn -0.3534 -0.7083 -0.6111
vn -0.3504 0.8101 0.4701
vn -0.2573 0.8361 0.4846
vn -0.3447 0.8349 0.4291
vn -0.2531 0.8607 0.4418
vn -0.3325 -0.8521 -0.4041
vn -0.4230 -0.8034 -0.4191
vn -0.3348 -0.8353 -0.4360
vn 0.9948 -0.0863 -0.0545
vn -0.3417 0.8457 0.4098
vn -0.2508 0.8713 0.4219
vn -0.3556 0.7809 0.5136
vn -0.0469 0.7735 0.6321
vn -0.2745 -0.9414 -0.1961
vn -0.4177 -0.8213 -0.3887
vn 1.0000 -0.0037 -0.0000
vn 0.9943 -0.0956 -0.0466
vn 0.9947 -0.0895 -0.0501
vn -0.3516 -0.5041 -0.7888
vn -0.4416 -0.4826 -0.7564
vn -0.3497 -0.4619 -0.8151
vn -0.4380 -0.4423 -0.7826
vn -0.2646 0.4308 0.8628
vn -0.3541 0.3875 0.8511
vn -0.3573 0.4183 0.8350
vn 0.9958 0.0558 0.0728
vn -0.3489 -0.4317 -0.8318
vn -0.4349 -0.4138 -0.7998
vn -0.2997 -0.2048 -0.9318
vn -0.3958 -0.2051 -0.8951
vn -0.2637 0.3975 0.8789
vn -0.3576 0.4210 0.8336
vn 0.9957 0.0450 0.0805
vn -0.5178 -0.5797 -0.6291
vn -0.5174 -0.5414 -0.6627
vn -1.0000 0.0037 -0.0001
vn -0.9969 -0.0613 -0.0499
vn -0.3642 0.7071 0.6062
vn -0.4412 0.7128 0.5452
vn -0.9962 0.0729 0.0470
vn -1.0000 0.0037 -0.0000
vn -0.9961 0.0769 0.0429
vn -0.5160 -0.5010 -0.6948
vn -0.5127 -0.4623 -0.7235
vn -0.3674 0.6322 0.6822
vn -0.4480 0.5653 0.6926
vn -0.4470 0.6087 0.6555
vn -0.4462 0.6465 0.6188
vn -0.3674 0.5892 0.7197
vn -0.4461 0.5208 0.7279
vn -0.4454 -0.6445 -0.6215
vn -0.4402 -0.7116 -0.5475
vn -0.5147 -0.6489 -0.5604
vn -0.5119 -0.6806 -0.5241
vn -0.4299 0.7813 0.4526
vn -0.9964 0.0688 0.0502
vn -0.4297 -0.7762 -0.4614
vn -0.5076 -0.7126 -0.4843
vn -0.5010 -0.7439 -0.4423
vn -0.4195 0.8171 0.3954
vn -1.0000 0.0038 -0.0000
vn -0.9960 0.0801 0.0402
vn -0.4949 -0.7701 -0.4025
vn -0.3703 -0.9074 -0.1989
vn -0.4877 -0.7886 -0.3745
vn -0.4872 0.7347 0.4721
vn -0.9968 -0.0443 -0.0667
vn -0.4425 0.4603 0.7696
vn -0.4358 0.4027 0.8049
vn -0.5087 -0.4238 -0.7494
vn -0.5046 -0.3971 -0.7666
vn -0.9967 -0.0369 -0.0730
vn -0.9967 -0.0411 -0.0696
vn -0.4301 0.3734 0.8219
vn -0.4997 0.4483 0.7412
vn -0.4684 -0.2078 -0.8587
vn -0.2725 0.6102 0.7439
vn 0.0639 0.0019 -0.9980
vn -0.0376 -0.0294 -0.9989
vn -0.1374 -0.0461 -0.9894
vn -0.9964 0.0558 0.0632
vn -0.9964 0.0514 0.0667
vn -0.4444 0.6800 0.5832
vn -0.9964 0.0597 0.0605
vn 0.9954 0.0406 0.0868
vn 0.9950 -0.0653 -0.0752
vn -0.9963 0.0422 0.0751
vn 0.0650 -0.9978 -0.0130
vn 0.2143 -0.9714 0.1019
vn -0.0379 -0.9982 -0.0469
vn 0.0278 -0.9981 0.0555
vn -0.1379 -0.9883 -0.0655
vn -0.9968 -0.0647 -0.0463
vn -0.3556 -0.6715 -0.6501
vn -0.9968 -0.0481 -0.0635
vn -0.5167 -0.6164 -0.5942
vn 0.9953 -0.0019 -0.0964
vn 0.9951 0.0384 0.0916
vn 0.9937 -0.0307 -0.1074
vn 0.9946 -0.0509 -0.0905
vn -0.9953 -0.0211 -0.0940
vn -0.9965 -0.0351 -0.0761
vn -0.9960 0.0407 0.0794
vn -0.9959 -0.0007 -0.0903
vn 0.9941 -0.0995 -0.0442
vn 0.9957 0.0712 0.0585
vn -0.4363 0.7470 0.5016
vn -0.9964 -0.0766 -0.0372
vn -1.0000 0.0038 0.0001
vn 0.9958 0.0670 0.0622
vn 0.9957 0.0756 0.0541
vn -0.9964 0.0626 0.0566
vn -0.2686 0.4938 0.8271
vn -0.1274 0.9879 0.0882
vn 0.0021 0.9998 0.0172
vn 0.0021 0.9933 0.1152
vn -0.9965 0.0467 0.0699
vn 1.0000 -0.0038 -0.0000
vn 0.9931 -0.1137 -0.0275
vn 0.9949 0.0901 0.0449
vn 0.9950 -0.0995 0.0003
vn -0.9958 0.0833 0.0390
vn -0.9959 -0.0897 -0.0063
vn -0.9994 -0.0114 0.0322
vn -0.9958 -0.0878 -0.0249
vn 0.2061 0.2712 -0.9402
vn 0.4414 0.1043 -0.8912
vn 0.9949 -0.0519 -0.0865
vn 0.0500 0.0754 -0.9959
vn -0.9965 -0.0742 -0.0393
vn -0.3562 -0.6336 -0.6868
vn -0.9964 0.0658 0.0535
vn -0.9968 -0.0680 -0.0426
vn 0.9955 0.0807 0.0493
vn -0.4233 0.8061 0.4136
vn -0.4456 -0.8719 -0.2031
vn -0.9969 -0.0586 -0.0534
vn -0.9969 -0.0553 -0.0567
vn -0.9969 -0.0512 -0.0594
vn 0.9958 0.0500 0.0766
vn 0.9956 0.0810 0.0461
vn 0.0025 -0.9996 -0.0292
vn 0.0019 -0.9999 -0.0158
vn 0.0018 -0.9999 -0.0150
vn -0.0136 -0.6739 0.7387
vn 0.0089 -0.4237 0.9057
vn 0.0158 -0.5050 0.8630
vn -0.0502 -0.6687 0.7418
vn 0.0013 -0.4648 0.8854
vn 0.0934 -0.9928 0.0746
vn -0.0039 -0.9998 -0.0185
vn 0.0960 -0.9952 -0.0184
vn 0.0053 0.0048 -1.0000
vn 0.0014 0.0197 -0.9998
vn -0.0807 -0.0612 -0.9949
vn -0.1008 0.9948 0.0171
vn 0.0041 0.9846 -0.1749
vn 1.0000 -0.0021 0.0001
vn 0.9816 -0.1030 -0.1611
vn 0.9953 -0.0003 -0.0973
vn -0.0726 -0.9935 -0.0873
vn 0.0301 -0.9953 -0.0915
vn -1.0000 -0.0080 0.0041
vn -1.0000 0.0018 -0.0004
vn -1.0000 0.0018 -0.0001
vn -0.0500 0.9932 -0.1055
vn 0.0027 0.9998 0.0191
vn -0.1892 0.9817 0.0207
vn -0.9950 0.0002 0.0999
vn -0.9951 -0.0673 -0.0726
vn -0.9973 -0.0686 0.0277
vn 0.1011 0.9947 0.0191
vn 0.0027 0.9968 -0.0797
vn -1.0000 0.0020 -0.0001
vn -0.9938 0.0769 0.0802
vn 0.0054 0.0173 -0.9998
vn 0.1797 0.1964 -0.9639
vn 0.1380 -0.0152 -0.9903
vn 0.0015 0.0146 -0.9999
vn -0.0664 -0.6925 -0.7183
vn 0.0009 -0.5432 -0.8396
vn -0.0714 -0.6553 -0.7520
vn -0.1054 -0.0188 0.9942
vn 0.0001 0.0793 0.9968
vn -0.0001 -0.0191 0.9998
vn -0.0008 -0.9998 -0.0185
vn 0.0032 -0.9912 -0.1326
vn 0.0038 -0.9998 -0.0188
vn 0.0816 -0.9946 0.0643
vn -0.0361 -0.9885 0.1469
vn -0.9995 0.0223 0.0219
vn -0.9940 0.1092 0.0018
vn -0.0015 -0.7500 -0.6615
vn -0.0014 -0.6940 -0.7200
vn 0.4607 0.7503 0.4741
vn 0.5767 0.5672 0.5880
vn 0.6061 0.5977 0.5248
vn 0.0018 0.0180 -0.9998
vn 0.0013 -0.0716 -0.9974
vn -0.0945 -0.0685 -0.9932
vn -0.0016 -0.9999 -0.0139
vn 0.0998 -0.9949 -0.0146
vn -1.0000 0.0021 0.0002
vn -0.9959 0.0004 0.0907
vn -0.9956 -0.0933 -0.0015
vn -0.9882 -0.0573 0.1418
vn -0.1027 -0.9946 -0.0147
vn 0.9945 -0.0001 -0.1048
vn 0.9954 0.0957 0.0020
vn 0.9893 0.0707 -0.1277
vn -0.7443 -0.6654 -0.0574
vn -0.7100 -0.7041 -0.0135
vn -0.7075 -0.7000 -0.0969
vn 0.0022 -0.9999 -0.0154
vn 0.1533 -0.9831 -0.1004
vn -0.6722 -0.7385 -0.0521
vn -0.5611 -0.8276 -0.0159
vn 0.9899 -0.0525 -0.1316
vn -0.9952 0.0038 -0.0979
vn -0.9920 -0.0826 -0.0957
vn -0.0060 0.0222 -0.9997
vn 0.0005 0.0127 -0.9999
vn 0.0004 0.1081 -0.9941
vn 0.0272 -0.9996 0.0058
vn -0.9866 0.1531 -0.0572
vn -0.2061 0.9780 -0.0312
vn -0.0950 0.9953 0.0171
vn 0.1087 -0.1206 0.9867
vn 0.0886 -0.1822 0.9793
vn -0.6566 -0.0969 -0.7480
vn -0.7065 0.1662 -0.6879
vn -0.7191 0.0707 -0.6913
vn 0.6028 0.5105 0.6132
vn 0.5154 0.5939 0.6178
vn 0.4707 0.4705 0.7464
vn -0.6975 0.2554 -0.6695
vn -0.5336 0.7297 -0.4277
vn -0.4805 0.7858 -0.3894
vn 0.9969 0.0778 -0.0072
vn 0.9957 -0.0045 0.0921
vn 0.9809 0.1944 -0.0014
vn -0.0924 0.0184 -0.9955
vn 0.0053 0.0188 -0.9998
vn 0.0020 0.9966 -0.0821
vn -0.0552 0.1578 -0.9859
vn 0.7269 0.4835 0.4876
vn -0.1256 -0.9814 -0.1451
vn 0.0974 -0.2164 0.9714
vn -0.6759 0.3288 -0.6596
vn -0.5258 0.7164 -0.4585
vn -0.6524 -0.1150 -0.7491
vn -0.7045 0.1346 -0.6969
vn -0.0983 -0.0188 0.9950
vn -0.2006 -0.6438 -0.7384
vn -0.1528 -0.6969 -0.7007
vn -0.1272 -0.6882 -0.7143
vn -0.7116 -0.6806 -0.1746
vn -0.7065 -0.6988 -0.1119
vn 0.9908 0.0957 -0.0954
vn -0.6246 -0.7612 -0.1742
vn -0.9999 0.0034 -0.0121
vn -0.9932 -0.0800 -0.0850
vn -0.0971 -0.1239 0.9875
vn -0.0003 -0.1004 0.9950
vn -0.1607 -0.0349 0.9864
vn -0.0946 0.9889 0.1142
vn 0.0226 0.0392 -0.9990
vn 0.0972 0.1151 -0.9886
vn 0.0001 0.0191 -0.9998
vn 0.0004 0.1169 -0.9931
vn -0.0694 -0.0500 -0.9963
vn -0.0735 0.0495 -0.9961
vn 0.0058 -0.9970 0.0768
vn -0.0053 -1.0000 -0.0074
vn -0.0039 -0.9976 0.0689
vn -0.0625 -0.9980 -0.0132
vn 0.9901 -0.1041 0.0938
vn 0.9952 0.0981 0.0003
vn -0.9950 0.0994 0.0016
vn -0.9969 0.0303 -0.0733
vn -0.9903 0.0973 0.0991
vn -1.0000 0.0021 -0.0001
vn 0.0965 0.0188 -0.9952
vn 0.0982 0.0188 -0.9950
vn 0.0301 -0.0551 -0.9980
vn -0.0128 0.9897 -0.1427
vn -0.1003 -0.9884 -0.1137
vn 0.9397 0.3214 -0.1166
vn 0.8952 0.4061 -0.1836
vn 0.9667 0.2201 -0.1309
vn -0.0786 0.9959 -0.0445
vn 0.0040 1.0000 0.0077
vn -0.0749 0.9960 -0.0490
vn -0.7267 -0.3467 -0.5931
vn -0.6613 -0.4368 -0.6098
vn -0.6967 -0.4368 -0.5691
vn 0.0729 0.9948 0.0710
vn 0.6280 -0.2796 0.7263
vn 0.5675 -0.3718 0.7347
vn 0.5866 -0.2790 0.7603
vn -0.0553 0.9960 -0.0697
vn -0.0591 0.9961 -0.0655
vn -0.7606 -0.3447 -0.5501
vn -0.7293 -0.4355 -0.5277
vn 0.7837 -0.2806 0.5542
vn 0.7997 -0.3710 0.4721
vn 0.7570 -0.3752 0.5350
vn 0.7066 -0.2829 0.6485
vn 0.6440 -0.3764 0.6660
vn 0.6668 -0.2816 0.6900
vn -0.0625 0.9962 -0.0613
vn -0.0671 0.9961 -0.0577
vn 0.0697 0.9947 0.0755
vn 0.5229 -0.3678 0.7690
vn 0.5396 -0.2740 0.7961
vn -0.4843 -0.3288 -0.8108
vn -0.5094 -0.4251 -0.7482
vn -0.5307 -0.3351 -0.7785
vn -0.5747 -0.3390 -0.7448
vn -0.5892 -0.4333 -0.6819
vn -0.6146 -0.3424 -0.7107
vn 0.4717 -0.3806 0.7954
vn 0.4854 -0.2828 0.8273
vn 0.4258 -0.4350 0.7934
vn 0.4361 -0.3379 0.8340
vn -0.4154 -0.2770 -0.8664
vn -0.4262 -0.4046 -0.8091
vn -0.4412 -0.3169 -0.8396
vn -0.0512 0.9959 -0.0741
vn 0.3807 -0.5573 0.7379
vn 0.3908 -0.4754 0.7882
vn 0.3730 -0.6746 0.6370
vn 0.3388 -0.6725 0.6580
vn -0.3852 -0.1705 -0.9070
vn -0.4068 -0.3703 -0.8351
vn -0.0425 0.9957 -0.0829
vn -0.0462 0.9959 -0.0776
vn -0.7913 -0.3439 -0.5056
vn -0.7594 -0.4331 -0.4855
vn -0.8184 -0.3392 -0.4638
vn -0.7856 -0.4298 -0.4451
vn 0.8625 -0.2748 0.4250
vn 0.8508 -0.3618 0.3810
vn 0.8348 -0.3653 0.4119
vn 0.0776 0.9947 0.0675
vn -0.8344 -0.3407 -0.4333
vn -0.8026 -0.4270 -0.4165
vn -0.9338 -0.2925 -0.2061
vn -0.8973 -0.3899 -0.2071
vn 0.8786 -0.2707 0.3933
vn 0.6929 -0.3800 0.6128
vn 0.0845 0.9948 0.0561
vn -0.6328 -0.5086 -0.5839
vn -0.6666 -0.5087 -0.5449
vn -0.0040 -1.0000 -0.0077
vn -0.0540 -0.9959 -0.0730
vn 0.6067 -0.3746 0.7011
vn 0.5456 -0.4509 0.7064
vn 0.0443 -0.9972 0.0598
vn 0.0028 -0.9998 -0.0191
vn 0.0462 -0.9974 0.0557
vn -0.6978 -0.5075 -0.5055
vn -0.7267 -0.5054 -0.4653
vn 0.6825 -0.3772 0.6260
vn 0.6917 -0.4566 0.5596
vn 0.6560 -0.4561 0.6013
vn 0.6189 -0.4557 0.6398
vn 0.7199 -0.3768 0.5829
vn 0.7275 -0.4549 0.5136
vn -0.6251 -0.4356 -0.6478
vn -0.5512 -0.4299 -0.7151
vn -0.5643 -0.5049 -0.6532
vn -0.5278 -0.5025 -0.6848
vn 0.4578 -0.4541 0.7643
vn 0.0473 -0.9972 0.0583
vn -0.0028 -1.0000 -0.0091
vn -0.4654 -0.4186 -0.7798
vn -0.4880 -0.4976 -0.7171
vn -0.4455 -0.4918 -0.7481
vn 0.3705 -0.6246 0.6875
vn 0.0086 -0.9989 -0.0457
vn 0.0454 -0.9984 0.0340
vn -0.4090 -0.4771 -0.7779
vn -0.3900 -0.2467 -0.8872
vn -0.3903 -0.4433 -0.8070
vn 0.3484 -0.7593 0.5496
vn -0.0704 -0.9960 -0.0553
vn 0.7691 -0.4507 0.4531
vn 0.8045 -0.4431 0.3955
vn -0.7526 -0.5008 -0.4275
vn -0.7696 -0.4973 -0.4006
vn -0.0773 -0.9958 -0.0482
vn -0.0738 -0.9959 -0.0518
vn 0.8208 -0.4383 0.3664
vn 0.7409 -0.5034 0.4446
vn -0.8611 -0.4627 -0.2107
vn 0.7453 -0.2825 0.6039
vn -0.9977 0.0676 0.0054
vn -0.9991 -0.0334 -0.0270
vn -0.9900 -0.1338 -0.0449
vn 0.0595 -0.9973 0.0439
vn 0.0623 -0.9973 0.0395
vn 0.5829 -0.4544 0.6735
vn 0.0564 -0.9973 0.0479
vn 0.0904 0.9946 0.0515
vn -0.0714 0.9960 -0.0536
vn 0.0717 -0.9970 0.0308
vn 0.0588 0.7460 -0.6634
vn -0.0089 0.5849 -0.8110
vn -0.0007 0.6437 -0.7653
vn 0.0331 0.6611 -0.7495
vn -0.0201 0.5026 -0.8643
vn -0.0491 -0.9958 -0.0778
vn -0.6521 -0.3449 -0.6752
vn -0.0673 -0.9960 -0.0591
vn -0.5982 -0.5076 -0.6201
vn -0.0925 0.9957 0.0097
vn 0.0951 0.9943 0.0493
vn -0.1036 0.9944 -0.0194
vn -0.0866 0.9955 -0.0382
vn -0.0945 -0.9950 -0.0323
vn -0.0807 -0.9957 -0.0466
vn 0.0761 -0.9967 0.0289
vn -0.0984 -0.9951 -0.0120
vn 0.0039 1.0000 0.0077
vn -0.0400 0.9954 -0.0865
vn 0.0626 0.9946 0.0832
vn 0.5033 -0.4469 0.7396
vn -0.0286 -0.9847 -0.1719
vn 0.0021 -0.9962 -0.0874
vn 0.0661 0.9947 0.0793
vn 0.0581 0.9945 0.0867
vn 0.0534 -0.9972 0.0516
vn 0.8275 -0.2769 0.4884
vn -0.1363 -0.2000 0.9703
vn -0.0856 -0.1186 0.9893
vn -0.1408 -0.1963 0.9704
vn 0.0660 -0.9972 0.0344
vn 0.0039 1.0000 0.0076
vn -0.0176 0.9928 -0.1184
vn 0.0462 0.9945 0.0936
vn 0.0039 0.9979 -0.0645
vn 0.0384 -0.9992 0.0049
vn -0.0137 -0.9788 -0.2041
vn 0.0148 -0.9924 -0.1224
vn -0.0530 -0.9601 -0.2747
vn -0.9615 0.2713 0.0438
vn -0.8746 0.4439 0.1948
vn -0.0828 0.9958 -0.0403
vn -0.9954 0.0538 0.0793
vn -0.0257 -0.9923 -0.1215
vn -0.6902 -0.3454 -0.6359
vn 0.0500 -0.9973 0.0545
vn -0.0383 -0.9951 -0.0909
vn -0.0411 0.4094 -0.9114
vn -0.0316 0.4890 -0.8717
vn 0.0530 0.9945 0.0903
vn 0.4142 -0.5144 0.7509
vn -0.0562 0.3299 -0.9423
vn -0.0571 -0.9959 -0.0694
vn -0.0606 -0.9959 -0.0664
vn -0.0636 -0.9960 -0.0626
vn 0.0808 0.9948 0.0624
vn 0.0496 0.9943 0.0944
vn -0.5512 -0.6781 -0.4862
vn -0.5599 -0.6019 -0.5695
vn -0.5190 -0.6371 -0.5700
vn -0.0222 -0.0490 0.9986
vn 0.7429 0.6563 -0.1319
vn 0.7605 0.6076 -0.2292
vn 0.7772 0.6153 -0.1316
vn -0.1621 -0.1771 0.9707
vn -0.1581 -0.1811 0.9707
vn -0.5079 -0.7116 -0.4855
vn -0.4776 -0.6696 -0.5688
vn 0.5701 0.8113 -0.1294
vn 0.4967 0.8384 -0.2247
vn 0.5601 0.7964 -0.2281
vn 0.6651 0.7349 -0.1327
vn 0.6918 0.6842 -0.2309
vn 0.7066 0.6951 -0.1325
vn -0.1539 -0.1847 0.9707
vn -0.1497 -0.1887 0.9706
vn -0.0181 -0.0528 0.9984
vn 0.7954 0.5619 -0.2273
vn 0.8130 0.5678 -0.1293
vn -0.7712 -0.4387 -0.4613
vn -0.7002 -0.4523 -0.5524
vn -0.7388 -0.4845 -0.4685
vn -0.7042 -0.5276 -0.4752
vn -0.6327 -0.5306 -0.5640
vn -0.6693 -0.5666 -0.4805
vn 0.8303 0.5102 -0.2243
vn 0.8478 0.5147 -0.1279
vn 0.8556 0.4679 -0.2213
vn 0.8724 0.4722 -0.1261
vn -0.8163 -0.3635 -0.4488
vn -0.7609 -0.3680 -0.5345
vn -0.7991 -0.3954 -0.4530
vn -0.1664 -0.1729 0.9708
vn 0.8669 0.4474 -0.2197
vn 0.8831 0.4521 -0.1253
vn 0.8458 0.4849 -0.2225
vn 0.8409 0.5410 0.0149
vn -0.9126 -0.1633 -0.3749
vn -0.7795 -0.3385 -0.5271
vn -0.0864 -0.1131 0.9898
vn -0.1636 -0.1553 0.9742
vn -0.1695 -0.1671 0.9713
vn -0.4638 -0.7428 -0.4828
vn -0.4355 -0.6999 -0.5662
vn -0.4215 -0.7688 -0.4809
vn -0.3953 -0.7263 -0.5624
vn 0.4403 0.8891 -0.1250
vn 0.4046 0.8881 -0.2179
vn 0.4358 0.8726 -0.2205
vn -0.0264 -0.0452 0.9986
vn -0.3914 -0.7856 -0.4791
vn -0.3669 -0.7436 -0.5589
vn -0.1681 -0.8897 -0.4244
vn -0.1610 -0.8424 -0.5142
vn 0.4081 0.9044 -0.1244
vn 0.4375 0.8718 -0.2205
vn -0.0376 -0.0379 0.9986
vn -0.5278 -0.5650 -0.6341
vn -0.4886 -0.5986 -0.6348
vn 0.0856 0.1186 -0.9893
vn 0.0206 0.0684 -0.9974
vn 0.7269 0.6469 -0.2303
vn 0.7399 0.5956 -0.3128
vn 0.1540 0.1636 -0.9744
vn 0.0857 0.1129 -0.9899
vn 0.1616 0.1521 -0.9751
vn -0.4493 -0.6299 -0.6335
vn -0.4091 -0.6589 -0.6312
vn 0.6516 0.7226 -0.2307
vn 0.5927 0.7414 -0.3145
vn 0.6344 0.7057 -0.3155
vn 0.6732 0.6690 -0.3150
vn 0.6083 0.7597 -0.2299
vn 0.5466 0.7770 -0.3122
vn -0.5981 -0.5660 -0.5674
vn -0.6664 -0.4933 -0.5591
vn -0.5975 -0.4969 -0.6294
vn -0.6299 -0.4614 -0.6247
vn 0.8092 0.5013 -0.3066
vn 0.1496 0.1684 -0.9743
vn 0.0858 0.1180 -0.9893
vn -0.7327 -0.4091 -0.5438
vn -0.6630 -0.4228 -0.6178
vn -0.6949 -0.3820 -0.6093
vn 0.8465 0.4392 -0.3009
vn 0.0773 0.0980 -0.9922
vn 0.1650 0.1333 -0.9772
vn -0.7231 -0.3436 -0.5992
vn -0.8705 -0.1590 -0.4658
vn -0.7435 -0.3170 -0.5888
vn 0.6456 0.6444 -0.4099
vn 0.0383 0.0521 -0.9979
vn 0.4854 0.8176 -0.3097
vn 0.4271 0.8521 -0.3025
vn -0.3715 -0.6849 -0.6268
vn -0.3448 -0.7021 -0.6230
vn 0.0456 0.0454 -0.9979
vn 0.0423 0.0492 -0.9979
vn 0.3976 0.8680 -0.2975
vn 0.4179 0.8419 -0.3414
vn -0.1581 -0.7976 -0.5821
vn 0.6202 0.7733 -0.1318
vn 0.0089 -0.9985 -0.0533
vn -0.0139 -0.9874 -0.1575
vn -0.0225 -0.9663 -0.2566
vn 0.1364 0.1815 -0.9739
vn 0.1317 0.1840 -0.9741
vn 0.7073 0.6332 -0.3142
vn 0.1398 0.1780 -0.9740
vn -0.0423 -0.0323 0.9986
vn -0.1452 -0.1925 0.9705
vn 0.1226 0.1928 -0.9736
vn -0.9998 -0.0092 -0.0154
vn -0.9882 0.0188 0.1523
vn -0.9915 -0.0379 -0.1246
vn -0.9998 -0.0137 -0.0157
vn -0.9728 -0.0516 -0.2258
vn 0.0164 0.0716 -0.9973
vn -0.6337 -0.6039 -0.4834
vn 0.0345 0.0553 -0.9979
vn -0.5646 -0.5309 -0.6319
vn -0.0822 -0.2134 0.9735
vn -0.0443 -0.0270 0.9987
vn -0.1110 -0.2247 0.9681
vn -0.1302 -0.2083 0.9693
vn 0.0614 0.0277 -0.9977
vn 0.0473 0.0422 -0.9980
vn 0.1206 0.1970 -0.9730
vn 0.0817 0.0235 -0.9964
vn -0.0817 -0.0997 0.9917
vn -0.1376 -0.1361 0.9811
vn -0.0109 -0.0601 0.9981
vn -0.0858 -0.1179 0.9893
vn 0.7740 0.5516 -0.3108
vn -0.0444 0.0492 -0.9978
vn 0.0510 0.0750 -0.9959
vn -0.0140 -0.0560 0.9983
vn -0.0082 -0.0632 0.9980
vn 0.1436 0.1750 -0.9740
vn 0.5039 0.8544 -0.1267
vn 0.1267 0.1878 -0.9740
vn -0.0635 -0.0805 0.9947
vn -0.1043 -0.0985 0.9897
vn 0.0096 -0.0313 0.9995
vn -0.1477 -0.0662 0.9868
vn 0.1510 0.1136 -0.9820
vn -0.0557 0.0526 -0.9971
vn 0.0415 0.0928 -0.9948
vn -0.1091 0.0355 -0.9934
vn 0.2670 -0.9572 0.1116
vn 0.0793 -0.9368 0.3409
vn -0.1325 -0.2047 0.9698
vn 0.1903 -0.9509 -0.2441
vn -0.0059 0.0678 -0.9977
vn -0.5939 -0.6414 -0.4856
vn 0.1467 0.1717 -0.9742
vn 0.0113 0.0740 -0.9972
vn -0.0078 -0.0594 0.9982
vn 0.8349 0.4595 -0.3030
vn -0.8329 -0.1596 -0.5299
vn 0.0242 0.0657 -0.9975
vn 0.0275 0.0621 -0.9977
vn 0.0310 0.0588 -0.9978
vn -0.0315 -0.0420 0.9986
vn -0.0048 -0.0467 0.9989
vn 0.4074 -0.8943 0.1848
vn 0.7114 -0.6766 0.1902
vn 0.3531 -0.8938 0.2763
vn 0.6002 -0.7985 0.0477
vn 0.9089 -0.3855 0.1594
vn 0.6485 -0.7224 0.2399
vn 0.8792 -0.3991 0.2604
vn 0.9338 0.2968 0.1999
vn 0.9654 -0.2557 0.0521
vn 0.9989 -0.0008 0.0464
vn 0.9125 0.3236 0.2501
vn 0.9867 -0.0097 0.1623
vn 0.8440 -0.5351 0.0368
vn 0.9751 -0.0065 0.2217
vn 0.4408 0.6713 0.5958
vn 0.1627 0.8605 0.4828
vn 0.2418 0.6616 0.7098
vn 0.1450 0.7175 0.6813
vn 0.4792 0.7317 0.4847
vn 0.3181 0.8529 0.4139
vn 0.7307 0.3990 0.5540
vn 0.7373 0.1717 -0.6534
vn 0.6200 0.0538 -0.7828
vn 0.6728 0.5257 -0.5206
vn 0.7336 0.3295 -0.5944
vn 0.9172 0.1508 -0.3687
vn 0.8524 0.0400 -0.5214
vn 0.8908 0.2459 -0.3821
vn -0.0997 0.5056 0.8570
vn 0.4440 0.5485 0.7085
vn 0.2592 0.6012 0.7559
vn 0.1511 0.4552 0.8775
vn 0.4676 0.4525 0.7593
vn 0.4032 0.6109 0.6813
vn 0.7373 0.5213 0.4297
vn 0.9678 0.0505 -0.2464
vn 0.9329 0.1886 0.3069
vn 0.9991 0.0416 0.0062
vn 0.9882 0.1532 0.0032
vn 0.9127 0.2326 0.3361
vn 0.9785 0.2063 0.0037
vn -0.4945 -0.8666 0.0667
vn -0.2276 -0.9731 -0.0343
vn 0.0597 -0.9874 0.1468
vn -0.4169 -0.8980 0.1409
vn -0.5074 -0.8616 -0.0140
vn -0.7257 -0.6878 -0.0181
vn -0.8366 -0.5198 0.1733
vn -0.7552 0.5463 0.3622
vn -0.4942 0.6803 0.5413
vn -0.6371 0.6861 0.3512
vn -0.9232 0.2991 0.2413
vn -0.7418 0.5343 0.4052
vn -0.9124 0.2772 0.3012
vn -0.9472 -0.3200 0.0201
vn -0.9668 0.2124 0.1418
vn -0.9927 -0.0402 0.1140
vn -0.8559 0.4572 0.2417
vn -0.9890 -0.0494 0.1392
vn -0.4836 0.0866 -0.8710
vn 0.0957 0.1676 -0.9812
vn -0.2053 -0.0133 -0.9786
vn -0.4865 0.0043 -0.8736
vn -0.3817 0.1580 -0.9107
vn -0.8304 0.1880 -0.5245
vn -0.7670 0.1061 -0.6328
vn -0.9674 0.1378 0.2125
vn -0.9459 0.0286 -0.3232
vn -0.9992 0.0356 -0.0153
vn -0.8586 0.2300 0.4581
vn -0.9922 0.1160 -0.0446
vn -0.7160 -0.0023 -0.6981
vn -0.9244 0.2338 0.3012
vn -0.9886 0.1425 -0.0485
vn -0.7605 0.3458 0.5496
vn -0.6438 0.3325 0.6892
vn -0.5007 0.5189 0.6928
vn -0.7446 0.3903 0.5415
vn -0.9131 0.2950 0.2816
vn -0.2417 0.9008 0.3607
vn -0.3269 0.9370 0.1230
vn -0.5340 0.5867 0.6088
vn -0.5821 0.7079 0.4000
vn -0.7755 0.5305 0.3423
vn -0.4683 0.0791 0.8800
vn -0.2428 0.3284 0.9128
vn -0.1305 0.0529 0.9900
vn -0.8692 0.3669 0.3315
vn -0.6443 0.3751 0.6665
vn -0.7389 0.1492 0.6571
vn -0.9641 0.1687 0.2049
vn -0.9561 0.1649 0.2420
vn -0.1558 0.9531 -0.2595
vn -0.0102 0.8301 -0.5576
vn -0.6139 0.2703 -0.7417
vn -0.5504 0.3235 -0.7697
vn -0.4139 0.3932 -0.8211
vn -0.3970 -0.6409 -0.6569
vn -0.3970 -0.6410 -0.6569
vn -0.2148 0.4461 -0.8688
vn -0.2479 0.3706 -0.8951
vn -0.6163 -0.5870 -0.5250
vn -0.7934 -0.5532 -0.2538
vn 0.3974 0.8849 -0.2430
vn 0.3972 0.8851 -0.2426
vn -0.3386 0.4446 -0.8293
vn -0.1238 0.9916 -0.0367
vn -0.5030 0.8643 0.0016
vn -0.2722 0.9515 -0.1434
vn -0.8466 -0.3222 -0.4236
vn -0.2398 -0.5522 -0.7985
vn -0.4808 -0.6014 -0.6380
vn -0.7679 0.3388 -0.5436
vn -0.8247 0.4176 -0.3815
vn -0.8442 0.4440 -0.3002
vn -0.4576 0.8453 0.2758
vn -0.4877 0.8334 0.2598
vn -0.4557 0.8460 0.2767
vn -0.6699 -0.2956 0.6811
vn -0.6741 -0.3451 0.6531
vn -0.7493 -0.3944 0.5320
vn -0.9163 -0.3386 0.2140
vn -0.9221 -0.3448 0.1758
vn -0.7191 -0.6364 -0.2790
vn -0.7192 -0.6363 -0.2791
vn -0.7737 0.0033 0.6336
vn -0.6835 0.1358 0.7172
vn -0.8511 -0.1636 0.4988
vn -0.8086 -0.3808 0.4485
vn 0.7358 -0.5443 -0.4028
vn 0.7344 -0.5444 -0.4053
vn 0.7103 -0.5843 -0.3925
vn 0.0977 -0.9268 -0.3627
vn 0.0977 -0.9267 -0.3629
vn -0.1211 -0.8370 -0.5337
vn -0.1211 -0.8369 -0.5338
vn 0.8812 -0.0311 0.4718
vn 0.8811 -0.0312 0.4718
vn 0.8811 -0.0313 0.4718
vn 0.6744 -0.6663 -0.3180
vn 0.8353 -0.5490 0.0294
vn 0.3233 0.8645 0.3848
vn 0.1973 0.9516 0.2356
vn 0.1642 0.9667 0.1964
vn 0.1108 0.9450 -0.3078
vn 0.3470 0.9104 -0.2253
vn 0.0736 0.9912 -0.1100
vn 0.3350 0.5529 -0.7629
vn 0.3904 0.7268 -0.5650
vn 0.5995 0.6076 -0.5210
vn 0.3268 0.3910 -0.8604
vn 0.2435 0.1875 -0.9516
vn 0.2050 0.1922 -0.9597
vn 0.9078 0.3474 -0.2350
vn 0.8811 0.1047 -0.4612
vn 0.6620 0.3992 -0.6344
vn 0.6576 0.1730 -0.7332
vn 0.9019 -0.0071 -0.4319
vn 0.9490 -0.1526 -0.2758
vn 0.4299 -0.3587 -0.8286
vn 0.4169 -0.1787 -0.8912
vn 0.4908 -0.1435 -0.8594
vn -0.5653 -0.7841 -0.2562
vn -0.6141 -0.6132 -0.4968
vn 0.3412 -0.5308 -0.7757
vn 0.4923 -0.2569 -0.8317
vn 0.8533 0.2799 -0.4399
vn 0.9560 -0.2888 0.0519
vn 0.9125 -0.2364 0.3338
vn 0.9896 -0.1401 0.0323
vn 0.5824 -0.7447 0.3259
vn 0.7288 -0.5600 0.3941
vn 0.6900 -0.2837 0.6659
vn 0.2574 -0.8373 0.4824
vn 0.3401 -0.9294 0.1430
vn 0.1585 -0.9794 0.1250
vn -0.4028 -0.7073 0.5809
vn -0.4028 -0.7073 0.5810
vn 0.3647 -0.2448 0.8983
vn 0.1352 -0.5311 0.8365
vn 0.4180 -0.6225 0.6616
vn -0.0278 -0.8211 0.5700
vn -0.1367 -0.8326 0.5368
vn -0.6597 -0.0520 -0.7497
vn -0.6598 -0.0544 -0.7494
vn -0.6598 -0.0535 -0.7495
vn -0.2830 -0.9031 0.3230
vn -0.5960 0.6966 -0.3993
vn -0.4349 0.8232 -0.3650
vn -0.7929 -0.6081 -0.0389
vn 0.6090 -0.0790 0.7892
vn 0.5938 -0.1642 0.7876
vn 0.6101 -0.0721 0.7891
vn -0.8644 0.4480 0.2282
vn -0.9180 0.1286 -0.3752
vn -0.4308 0.7408 0.5154
vn -0.9196 0.3422 -0.1932
vn -0.7001 0.0986 -0.7072
vn -0.8917 0.4398 -0.1072
vn -0.8961 0.2259 -0.3821
vn 0.3094 0.8942 0.3236
vn 0.1797 0.7837 0.5946
vn 0.5808 0.7913 0.1909
vn 0.4332 0.8969 0.0891
vn 0.0764 0.8909 0.4477
vn -0.2896 0.9146 -0.2822
vn -0.2885 0.9146 -0.2833
vn -0.0839 0.8795 -0.4684
vn -0.3659 0.1337 -0.9210
vn 0.2202 0.4549 -0.8629
vn -0.1920 0.3463 -0.9183
vn 0.2447 0.5994 -0.7622
vn -0.3767 0.2295 -0.8975
vn -0.1097 0.4417 -0.8904
vn -0.1853 -0.9107 0.3691
vn -0.3842 -0.9163 0.1126
vn 0.1356 -0.7269 0.6732
vn 0.0724 -0.9073 0.4143
vn -0.7056 -0.7040 0.0807
vn -0.0905 -0.8807 0.4649
vn -0.3746 -0.9017 0.2158
vn 0.3308 0.3367 0.8816
vn 0.5848 0.1894 0.7887
vn 0.1508 0.5832 0.7982
vn 0.0890 0.4466 0.8903
vn 0.4511 0.1433 0.8809
vn 0.6553 -0.2115 0.7251
vn -0.2554 -0.2366 0.9374
vn -0.2516 -0.2407 0.9374
vn -0.4425 -0.0263 0.8964
vn -0.9202 -0.3750 0.1128
vn -0.8690 0.2159 0.4453
vn -0.9204 -0.1875 0.3432
vn -0.5009 0.4811 0.7195
vn -0.8985 -0.3768 0.2254
vn -0.8903 -0.0982 0.4446
vn -0.9174 -0.0986 -0.3856
vn -0.9271 -0.3510 -0.1312
vn -0.7073 -0.0740 -0.7030
vn -0.8733 -0.3111 -0.3750
vn -0.7449 -0.6574 -0.1134
vn -0.6020 -0.5191 -0.6067
vn -0.7072 -0.5997 -0.3744
vn -0.1243 -0.3359 -0.9336
vn -0.3886 -0.0905 -0.9170
vn -0.0997 -0.6405 -0.7614
vn -0.3743 -0.3047 -0.8758
vn -0.6805 -0.2710 -0.6808
vn -0.3892 -0.8297 -0.4002
vn -0.1412 -0.8952 -0.4227
vn -0.4005 -0.9023 -0.1597
vn -0.3681 -0.5954 -0.7141
vn 0.4306 0.2514 -0.8668
vn 0.1209 -0.2855 -0.9507
vn 0.5733 0.3108 -0.7581
vn 0.3394 -0.0924 -0.9361
vn 0.0840 -0.5990 -0.7963
vn 0.4331 0.0036 -0.9013
vn 0.2521 -0.2615 -0.9317
vn 0.8823 0.3545 0.3096
vn 0.7795 0.5968 0.1905
vn 0.7949 0.1775 0.5802
vn 0.8988 0.0955 0.4278
vn 0.8754 0.4792 0.0640
vn 0.7463 0.6653 -0.0187
vn 0.9303 -0.1736 -0.3233
vn 0.9296 -0.1682 -0.3279
vn 0.9082 -0.4077 -0.0944
vn 0.4193 -0.8789 -0.2275
vn 0.4675 -0.8652 0.1813
vn 0.1158 -0.8834 -0.4542
vn 0.3216 -0.8116 -0.4878
vn 0.6000 -0.7559 0.2620
vn 0.4846 -0.8664 -0.1205
vn -0.5079 0.8411 -0.1857
vn -0.4586 0.8865 -0.0614
vn -0.2689 0.9251 -0.2682
vn -0.5213 0.7202 -0.4578
vn -0.6420 0.7611 -0.0923
vn -0.7358 0.6769 -0.0211
vn -0.7375 0.5929 -0.3234
vn -0.7375 0.5929 -0.3235
vn -0.7375 0.5928 -0.3235
vn -0.5987 -0.4042 -0.6915
vn -0.2716 -0.4330 -0.8595
vn -0.5305 -0.4876 -0.6934
vn -0.7680 -0.2638 -0.5836
vn -0.5213 -0.1543 -0.8393
vn -0.9427 0.3278 -0.0617
vn -0.9446 -0.1750 -0.2777
vn -0.8920 0.4455 -0.0768
vn -0.8072 -0.2528 -0.5334
vn -0.7347 -0.3967 -0.5502
vn -0.3763 0.9196 0.1130
vn -0.0950 0.9141 0.3942
vn -0.7034 0.7032 0.1040
vn -0.3715 0.8433 0.3882
vn -0.0908 0.6915 0.7167
vn -0.6599 0.6557 0.3668
vn -0.3540 0.6498 0.6726
vn -0.9200 0.0917 0.3810
vn -0.9197 0.3785 0.1043
vn -0.7040 0.0800 0.7056
vn -0.8488 0.3674 0.3802
vn -0.6603 0.3449 0.6671
vn -0.0967 0.3607 0.9276
vn -0.3785 0.0801 0.9221
vn -0.0969 0.0780 0.9922
vn -0.3732 0.3581 0.8559
vn -0.4828 -0.0949 0.8706
vn -0.1365 -0.0407 0.9898
vn -0.4590 -0.0346 0.8877
vn -0.6958 -0.1068 0.7102
vn -0.5141 -0.4828 0.7089
vn -0.7786 -0.3469 0.5230
vn -0.9461 -0.2668 -0.1838
vn -0.9439 -0.0708 0.3227
vn -0.7334 -0.5379 -0.4156
vn -0.8069 -0.5224 -0.2759
vn -0.8916 -0.0908 0.4436
vn -0.7363 -0.0440 0.6752
vn -0.3295 -0.6765 -0.6586
vn -0.5258 -0.6329 -0.5683
vn -0.6137 -0.7894 -0.0135
vn -0.7726 -0.6342 -0.0300
vn -0.5159 -0.8356 -0.1887
vn -0.7803 -0.5093 -0.3630
vn -0.7074 -0.3271 -0.6266
vn 0.3809 0.9212 -0.0798
vn 0.0997 0.9273 -0.3609
vn 0.0993 0.9920 -0.0781
vn 0.7072 0.7026 -0.0785
vn 0.3759 0.8549 -0.3577
vn 0.0939 0.7169 -0.6908
vn 0.6617 0.6671 -0.3423
vn 0.3572 0.6726 -0.6481
vn 0.9207 0.1028 -0.3765
vn 0.9222 0.3761 -0.0902
vn 0.7043 0.1040 -0.7022
vn 0.8501 0.3787 -0.3660
vn 0.6624 0.3659 -0.6537
vn 0.0982 0.3954 -0.9132
vn 0.3783 0.1142 -0.9186
vn 0.3744 0.3887 -0.8419
vn -0.0294 0.9504 -0.3096
vn -0.2270 0.9716 -0.0664
vn -0.0601 0.8491 -0.5248
vn -0.1788 0.6108 -0.7713
vn -0.0087 0.5690 -0.8223
vn -0.4696 0.7290 -0.4981
vn -0.4698 0.7289 -0.4980
vn 0.5387 0.6650 -0.5173
vn -0.2783 -0.1637 -0.9464
vn -0.0663 0.3429 -0.9370
vn -0.5025 -0.4388 -0.7450
vn -0.3755 -0.2367 -0.8961
vn -0.1850 0.5767 -0.7957
vn -0.0951 0.6857 -0.7217
vn -0.6669 -0.6097 -0.4284
vn -0.6435 -0.6037 -0.4705
vn -0.7916 0.0151 -0.6109
vn -0.7012 0.1684 -0.6927
vn -0.8416 -0.1605 -0.5158
vn -0.5554 -0.4813 -0.6782
vn -0.6618 0.0443 -0.7484
vn -0.6157 -0.1121 -0.7800
vn 0.7863 -0.2737 -0.5539
vn 0.9017 -0.0749 -0.4258
vn 0.9518 -0.2110 -0.2225
vn 0.7159 -0.3533 -0.6022
vn 0.4972 -0.2396 -0.8339
vn 0.6394 -0.0541 -0.7669
vn 0.2251 -0.5315 -0.8166
vn -0.3605 -0.7439 -0.5627
vn -0.5777 -0.7999 -0.1627
vn -0.5836 -0.6845 -0.4370
vn -0.1745 -0.5157 -0.8388
vn 0.2619 -0.9424 -0.2080
vn -0.0681 -0.8437 -0.5324
vn 0.3797 -0.9170 -0.1220
vn 0.3179 -0.0709 -0.9455
vn -0.1636 -0.2681 -0.9494
vn 0.1042 -0.2351 -0.9664
vn -0.4063 -0.4838 -0.7752
vn 0.8630 -0.3156 -0.3945
vn 0.8656 0.1242 -0.4851
vn 0.9870 -0.1117 -0.1159
vn 0.8459 -0.4448 -0.2942
vn 0.7735 -0.3187 -0.5478
vn 0.6627 -0.1719 -0.7289
vn 0.6089 -0.5989 -0.5201
vn -0.1361 -0.9449 -0.2978
vn 0.3548 -0.9283 -0.1115
vn -0.3319 -0.7967 -0.5051
vn 0.0908 -0.9578 -0.2726
vn 0.4252 -0.8902 -0.1635
vn -0.1617 -0.8488 -0.5035
vn 0.1568 -0.9355 -0.3166
vn -0.5354 -0.3701 -0.7592
vn -0.3234 -0.6241 -0.7113
vn -0.5233 -0.5777 -0.6264
vn -0.1618 -0.5364 -0.8283
vn -0.3669 -0.4741 -0.8004
vn -0.0700 -0.8043 -0.5901
vn 0.9203 -0.1073 0.3763
vn 0.9191 -0.3836 0.0899
vn 0.7034 -0.1069 0.7027
vn 0.8481 -0.3829 0.3662
vn 0.7010 -0.7088 0.0789
vn 0.6600 -0.3691 0.6543
vn 0.6583 -0.6703 0.3426
vn 0.1608 -0.4452 0.8809
vn 0.3779 -0.1161 0.9185
vn 0.1234 -0.7453 0.6552
vn 0.3715 -0.3903 0.8424
vn 0.3523 -0.6746 0.6487
vn 0.3741 -0.9239 0.0802
vn 0.0936 -0.9360 0.3394
vn 0.3694 -0.8578 0.3573
vn -0.1033 -0.7746 0.6240
vn -0.1741 -0.8774 0.4471
vn -0.0459 -0.8625 0.5040
vn -0.4163 -0.7499 0.5142
vn -0.3614 -0.7143 0.5992
vn -0.1121 -0.9333 0.3411
vn -0.0355 -0.9335 0.3568
vn -0.2178 -0.9101 0.3526
vn -0.8762 -0.0216 -0.4814
vn -0.9201 -0.0350 -0.3901
vn -0.9572 -0.0821 -0.2775
vn -0.8328 0.0574 -0.5507
vn -0.9865 -0.1543 -0.0548
vn -0.0565 -0.9858 0.1579
vn -0.3074 -0.9244 -0.2257
vn -0.3029 -0.9519 0.0471
vn -0.4640 -0.8799 -0.1030
vn -0.4175 -0.8619 -0.2879
vn -0.4865 -0.8534 -0.1872
vn 0.3397 0.8839 -0.3213
vn 0.0841 0.7261 -0.6824
vn 0.0298 0.8366 -0.5471
vn 0.0643 0.9149 -0.3986
vn 0.3535 0.9350 -0.0285
vn 0.5147 0.8564 -0.0405
vn 0.0944 0.9887 -0.1162
vn 0.3945 0.9015 0.1782
vn 0.2046 0.9216 0.3298
vn 0.0417 0.9851 -0.1670
vn 0.0423 0.9989 0.0184
vn 0.2976 0.9160 0.2690
vn 0.1976 0.9796 0.0352
vn 0.0255 0.9344 -0.3553
vn 0.3325 0.8254 0.4562
vn 0.3009 0.8506 0.4313
vn 0.5499 -0.2568 0.7948
vn 0.3682 -0.5740 0.7314
vn -0.6325 0.1487 -0.7602
vn -0.6325 0.1487 -0.7601
vn 0.4685 0.8383 -0.2789
vn -0.1254 0.3560 -0.9260
vn -0.0386 0.6556 -0.7541
vn -0.2082 0.1913 -0.9592
vn -0.1071 0.5271 -0.8430
vn -0.0189 0.8171 -0.5762
vn -0.1908 0.3400 -0.9209
vn -0.0755 0.7259 -0.6837
vn -0.2825 0.1847 -0.9413
vn -0.3186 -0.0102 -0.9478
vn -0.3602 0.1330 -0.9233
vn -0.2017 0.5703 -0.7963
vn -0.1755 0.5493 -0.8170
vn -0.0801 0.8581 -0.5071
vn -0.1178 0.9057 -0.4073
vn -0.0247 0.9483 -0.3164
vn -0.2233 0.7719 -0.5952
vn -0.6530 0.7325 0.1924
vn -0.7797 0.6230 0.0631
vn -0.8752 0.3927 0.2826
vn -0.6987 0.6733 0.2420
vn -0.3653 0.9165 0.1629
vn -0.5176 0.8541 0.0505
vn -0.3782 0.8889 0.2585
vn 0.7986 -0.0559 0.5992
vn 0.7061 0.4310 0.5618
vn 0.6956 0.2460 0.6750
vn 0.8791 0.1429 0.4548
vn 0.7605 0.4623 0.4559
vn 0.7498 0.1422 0.6462
vn 0.4327 0.7306 0.5282
vn 0.5124 0.7019 0.4948
vn -0.2422 0.9683 0.0616
vn 0.3107 0.9301 0.1962
vn 0.0100 0.9986 0.0521
vn 0.0085 0.9864 0.1643
vn 0.3403 0.9087 0.2417
vn 0.0085 0.9758 0.2185
vn 0.2657 0.3444 -0.9005
vn 0.1268 0.2481 -0.9604
vn 0.0098 0.2105 -0.9775
vn 0.4545 0.3790 -0.8061
vn 0.2126 0.5095 -0.8338
vn 0.0040 -0.1017 -0.9948
vn -0.0328 0.0090 -0.9994
vn 0.1417 -0.6394 -0.7557
vn 0.2183 -0.7288 -0.6490
vn 0.2291 -0.7403 -0.6321
vn 0.2778 -0.9173 0.2852
vn 0.3597 -0.7993 0.4814
vn 0.3020 -0.8694 0.3910
vn 0.1846 -0.9786 0.0910
vn 0.2953 -0.9250 0.2389
vn 0.2392 -0.9682 0.0737
vn 0.0139 -0.8938 -0.4483
vn 0.1106 -0.9916 0.0674
vn 0.0331 -0.8875 -0.4597
vn 0.0897 -0.9795 -0.1805
vn 0.1751 -0.9584 0.2253
vn 0.1183 -0.9784 -0.1695
vn -0.1781 -0.0217 -0.9838
vn -0.1414 0.1768 -0.9740
vn -0.0972 0.0228 -0.9950
vn -0.1910 -0.4244 -0.8851
vn -0.2544 -0.1746 -0.9512
vn -0.2521 -0.0187 -0.9675
vn -0.2284 -0.3996 -0.8878
vn -0.1784 -0.7525 -0.6340
vn -0.0969 -0.8203 -0.5637
vn -0.1425 -0.8724 -0.4676
vn -0.2600 -0.5893 -0.7649
vn -0.0750 -0.6623 -0.7455
vn -0.3158 -0.1882 -0.9300
vn -0.3245 -0.5087 -0.7975
vn -0.3810 -0.3274 -0.8646
vn -0.2993 -0.3693 -0.8798
vn -0.2635 -0.6963 -0.6677
vn -0.8720 -0.4823 0.0840
vn -0.9810 0.1001 0.1660
vn -0.9808 -0.1946 -0.0131
vn -0.8799 -0.4751 0.0011
vn -0.9156 -0.3703 0.1567
vn -0.5236 -0.8332 0.1781
vn -0.6324 -0.7681 0.1005
vn 0.2089 -0.9698 0.1262
vn -0.3264 -0.9451 0.0188
vn -0.0190 -0.9995 0.0242
vn 0.4558 -0.8628 0.2189
vn -0.0468 -0.9934 0.1047
vn -0.7033 -0.7109 -0.0088
vn 0.2972 -0.9286 0.2222
vn -0.0524 -0.9899 0.1319
vn 0.5458 -0.7676 0.3360
vn 0.6884 -0.6495 0.3229
vn 0.6957 -0.5012 0.5145
vn 0.5367 -0.7539 0.3790
vn 0.2778 -0.9175 0.2846
vn -0.9356 0.0785 0.3443
vn -0.7188 0.1463 0.6796
vn -0.9287 0.1336 0.3460
vn -0.8414 0.0196 0.5401
vn -0.4411 0.1116 0.8905
vn -0.7034 0.1965 0.6831
vn -0.4435 0.2198 0.8689
vn 0.2270 0.1444 0.9631
vn -0.3179 -0.0053 0.9481
vn -0.0651 -0.0160 0.9978
vn 0.2673 0.1984 0.9430
vn -0.0700 0.1067 0.9918
vn -0.5917 -0.0103 0.8061
vn -0.0592 0.1673 0.9841
vn 0.6416 0.5533 0.5313
vn 0.8337 0.4782 0.2762
vn -0.0363 0.8257 0.5630
vn 0.4740 0.6884 0.5491
vn 0.6810 0.4587 0.5708
vn 0.8102 0.3991 0.4293
vn 0.3540 0.5086 0.7849
vn 0.1184 -0.7352 0.6674
vn 0.0130 -0.8503 0.5262
vn 0.1469 -0.8051 0.5747
vn 0.1679 -0.7269 0.6659
vn 0.0805 -0.4737 0.8770
vn -0.0241 -0.6186 0.7853
vn 0.1778 -0.4846 0.8565
vn 0.5018 0.8639 0.0441
vn 0.5017 0.6522 0.5682
vn 0.5455 0.7709 0.3289
vn 0.4304 0.8544 0.2912
vn 0.4035 0.6986 0.5909
vn 0.7681 -0.0881 0.6343
vn 0.6325 0.5155 0.5782
vn 0.7363 -0.2815 0.6153
vn 0.4535 0.3418 0.8231
vn -0.0264 -0.3583 0.9332
vn 0.1056 0.1945 0.9752
vn -0.0409 -0.1118 0.9929
vn 0.0714 -0.1126 0.9911
vn 0.1530 0.2265 0.9619
vn 0.1265 -0.1111 0.9857
vn -0.8093 0.1174 -0.5755
vn -0.9461 -0.0078 -0.3237
vn -0.9995 0.0310 -0.0116
vn -0.7767 0.1850 -0.6020
vn -0.8045 0.0339 -0.5930
vn -0.6297 0.0320 -0.7762
vn -0.4589 0.2460 -0.8538
vn 0.5877 0.4556 -0.6686
vn 0.5016 0.7638 -0.4063
vn 0.7311 0.4106 -0.5449
vn 0.3596 0.3149 -0.8783
vn 0.7256 0.5997 -0.3375
vn 0.3310 0.3813 -0.8632
vn 0.4552 0.3743 -0.8079
vn -0.2573 0.0799 -0.9630
vn 0.2697 0.2076 -0.9403
vn 0.0201 0.1821 -0.9831
vn 0.5141 0.3085 -0.8004
vn 0.0077 0.2090 -0.9779
vn 0.1538 -0.8093 -0.5669
vn 0.3468 -0.8258 -0.4447
vn 0.0156 -0.9475 -0.3192
vn 0.0549 -0.8091 -0.5850
vn 0.1799 -0.9811 -0.0717
vn 0.2603 -0.4218 -0.8685
vn 0.1772 -0.5371 -0.8247
vn 0.2137 0.3261 -0.9209
vn 0.1099 -0.2083 -0.9719
vn 0.1174 0.1041 -0.9876
vn 0.2937 0.5575 -0.7765
vn 0.1975 0.0749 -0.9774
vn 0.0647 -0.6083 -0.7911
vn 0.3049 0.4094 -0.8599
vn 0.2239 0.0690 -0.9722
vn 0.3954 0.6367 -0.6620
vn 0.3747 0.7614 -0.5290
vn 0.4526 0.8164 -0.3586
vn 0.4221 0.5997 -0.6798
vn 0.3659 0.3891 -0.8454
vn -0.7291 -0.0506 -0.6825
vn -0.7046 0.2420 -0.6671
vn -0.6284 -0.4324 -0.6466
vn -0.7152 0.0454 -0.6975
vn -0.7208 0.0807 -0.6884
vn -0.7041 0.2371 -0.6693
vn -0.6633 -0.0089 -0.7483
vn -0.3798 -0.8452 -0.3762
vn -0.3903 -0.8319 -0.3944
vn -0.6471 -0.4834 -0.5896
vn -0.5500 -0.6511 -0.5231
vn -0.5351 -0.6480 -0.5420
vn -0.6973 0.2453 -0.6735
vn -0.7051 -0.1328 -0.6966
vn -0.7237 0.0356 -0.6892
vn -0.7520 -0.0307 -0.6584
vn -0.6871 0.2194 -0.6926
vn -0.6940 -0.1010 -0.7128
vn -0.6910 0.2312 -0.6849
vn -0.6957 0.2113 -0.6866
vn -0.7128 -0.0606 -0.6988
vn -0.7121 -0.2698 -0.6482
vn -0.7094 -0.0052 -0.7048
vn -0.7182 -0.2361 -0.6545
vn -0.7472 -0.1647 -0.6439
vn -0.6965 0.2148 -0.6846
vn -0.5781 -0.6117 -0.5400
vn -0.6994 -0.0478 -0.7132
vn -0.5748 -0.4408 -0.6894
vn -0.2997 -0.9108 -0.2839
vn -0.2661 -0.9149 -0.3035
vn -0.4675 -0.7869 -0.4027
vn -0.4363 -0.7783 -0.4515
vn 0.9009 -0.3142 -0.2994
vn 0.9007 -0.2963 -0.3177
vn 0.7653 -0.4653 -0.4448
vn 0.7668 -0.4365 -0.4707
vn 0.2502 -0.6579 -0.7103
vn -0.0074 -0.7195 -0.6944
vn -0.0072 -0.6788 -0.7343
vn 0.8998 -0.3334 -0.2814
vn 0.7644 -0.4904 -0.4186
vn 0.2491 -0.6993 -0.6700
vn -0.0052 -0.7581 -0.6522
vn 0.9102 0.2794 0.3057
vn 0.9101 0.2600 0.3228
vn 0.7822 0.4215 0.4589
vn 0.3229 0.5971 0.7344
vn 0.0770 0.6771 0.7319
vn 0.3218 0.6413 0.6965
vn 0.9105 0.2367 0.3391
vn 0.7814 0.3927 0.4850
vn 0.3209 0.5508 0.7705
vn 0.0771 0.6307 0.7722
vn 0.9001 -0.2573 -0.3515
vn 0.9004 -0.2778 -0.3349
vn 0.7645 -0.3805 -0.5203
vn 0.2495 -0.6133 -0.7494
vn -0.0069 -0.5877 -0.8090
vn 0.2493 -0.5687 -0.7839
vn 0.7653 -0.4104 -0.4958
vn -0.0065 -0.6336 -0.7737
vn 0.9094 0.2989 0.2892
vn 0.9097 0.3133 0.2726
vn 0.7814 0.4499 0.4324
vn 0.7802 0.4754 0.4065
vn 0.3204 0.7183 0.6176
vn 0.0776 0.7194 0.6902
vn 0.0778 0.7565 0.6494
vn 0.3218 0.6827 0.6560
vn 0.9092 0.3287 0.2554
vn 0.9082 0.3459 0.2356
vn 0.7798 0.4970 0.3807
vn 0.7782 0.5215 0.3500
vn 0.3206 0.7843 0.5311
vn 0.0790 0.7910 0.6067
vn 0.0806 0.8274 0.5559
vn 0.3221 0.7501 0.5776
vn 0.8999 -0.3476 -0.2634
vn 0.7639 -0.5120 -0.3929
vn 0.2512 -0.7355 -0.6292
vn -0.0026 -0.7928 -0.6095
vn 0.8978 -0.3662 -0.2447
vn 0.7603 -0.5373 -0.3649
vn 0.2516 -0.7677 -0.5893
vn -0.0006 -0.8272 -0.5619
vn 0.8968 -0.3818 -0.2236
vn 0.7589 -0.5592 -0.3338
vn 0.2512 -0.8015 -0.5427
vn 0.0004 -0.8592 -0.5116
vn 0.8926 -0.4015 -0.2050
vn 0.7533 -0.5815 -0.3073
vn 0.2495 -0.8343 -0.4915
vn -0.0005 -0.8865 -0.4628
vn 0.9059 0.3654 0.2143
vn 0.9047 0.3765 0.1993
vn 0.7724 0.5507 0.3164
vn 0.7675 0.5708 0.2918
vn 0.3169 0.8407 0.4391
vn 0.0811 0.8625 0.4994
vn 0.0806 0.8868 0.4550
vn 0.3176 0.8187 0.4784
vn 0.8860 -0.4496 -0.1137
vn 0.9229 -0.3850 0.0015
vn 0.5368 -0.8213 -0.1932
vn 0.7027 -0.7115 0.0025
vn 0.0606 -0.9761 -0.2088
vn 0.3631 -0.9317 0.0027
vn 0.9790 -0.1837 -0.0883
vn 0.7431 -0.6033 -0.2896
vn 0.2412 -0.8633 -0.4433
vn -0.0066 -0.9029 -0.4298
vn 0.7352 -0.6153 -0.2843
vn 0.2257 -0.8827 -0.4122
vn 0.8986 0.3948 0.1915
vn 0.7623 0.5827 0.2818
vn 0.0770 0.8969 0.4354
vn 0.3099 0.8533 0.4193
vn 0.9093 0.2115 0.3584
vn 0.7818 0.3580 0.5105
vn 0.3195 0.4846 0.8143
vn 0.0772 0.5784 0.8121
vn 0.9050 0.1889 0.3813
vn 0.7772 0.3183 0.5428
vn 0.3113 0.4285 0.8482
vn 0.0771 0.5092 0.8572
vn 0.8963 -0.2198 -0.3850
vn 0.8989 -0.2388 -0.3673
vn 0.7574 -0.3294 -0.5638
vn 0.2468 -0.5222 -0.8163
vn -0.0084 -0.4939 -0.8695
vn 0.2409 -0.4744 -0.8467
vn 0.7627 -0.3523 -0.5423
vn -0.0068 -0.5396 -0.8419
vn 0.9249 0.0035 -0.3802
vn 0.7026 0.0100 -0.7115
vn 0.3618 0.0148 -0.9321
vn 0.8886 -0.1185 -0.4431
vn 0.5318 -0.2051 -0.8217
vn 0.0409 -0.2211 -0.9744
vn 0.8997 0.1780 0.3985
vn 0.7684 0.2785 0.5761
vn 0.3020 0.3961 0.8671
vn 0.0721 0.4433 0.8934
vn 0.0655 0.4097 0.9098
vn 0.7581 0.2640 0.5963
vn 0.3064 0.3885 0.8690
vn 0.8919 -0.2096 -0.4007
vn 0.2240 -0.4459 -0.8666
vn 0.7480 -0.3135 -0.5850
vn -0.0157 -0.4625 -0.8865
vn -0.6906 -0.4892 -0.5328
vn -0.6900 -0.5204 -0.5031
vn -0.8528 -0.3521 -0.3857
vn -0.8524 -0.3754 -0.3641
vn -0.9571 -0.1949 -0.2146
vn -0.9573 -0.2062 -0.2026
vn -0.6882 -0.5487 -0.4746
vn -0.8511 -0.3970 -0.3437
vn -0.9564 -0.2206 -0.1912
vn -0.6446 0.4837 0.5920
vn -0.6436 0.5209 0.5608
vn -0.8315 0.3533 0.4287
vn -0.8316 0.3786 0.4065
vn -0.9518 0.1974 0.2348
vn -0.9521 0.2096 0.2228
vn -0.6430 0.4465 0.6223
vn -0.8311 0.3251 0.4512
vn -0.9522 0.1800 0.2469
vn -0.6896 -0.4586 -0.5606
vn -0.6890 -0.4228 -0.5886
vn -0.8520 -0.3300 -0.4065
vn -0.8516 -0.3054 -0.4260
vn -0.9569 -0.1816 -0.2264
vn -0.9567 -0.1682 -0.2374
vn -0.6411 0.5832 0.4988
vn -0.6424 0.5541 0.5294
vn -0.8294 0.4251 0.3626
vn -0.8303 0.4036 0.3844
vn -0.9515 0.2348 0.1989
vn -0.9519 0.2227 0.2105
vn -0.6341 0.6425 0.4302
vn -0.6383 0.6118 0.4672
vn -0.8253 0.4695 0.3136
vn -0.8279 0.4462 0.3400
vn -0.9502 0.2591 0.1730
vn -0.9509 0.2467 0.1868
vn -0.6856 -0.5765 -0.4445
vn -0.8504 -0.4158 -0.3224
vn -0.9564 -0.2302 -0.1795
vn -0.6820 -0.6048 -0.4112
vn -0.8474 -0.4387 -0.2990
vn -0.9560 -0.2415 -0.1664
vn -0.6764 -0.6328 -0.3769
vn -0.8440 -0.4610 -0.2742
vn -0.9546 -0.2557 -0.1529
vn -0.6702 -0.6574 -0.3446
vn -0.8394 -0.4815 -0.2523
vn -0.9525 -0.2700 -0.1408
vn -0.6216 0.6966 0.3583
vn -0.6282 0.6735 0.3896
vn -0.8161 0.5144 0.2634
vn -0.8220 0.4926 0.2857
vn -0.9469 0.2861 0.1467
vn -0.9492 0.2724 0.1577
vn -0.4225 -0.9043 -0.0609
vn -0.6378 -0.7485 -0.1816
vn -0.7313 -0.6805 -0.0463
vn -0.8230 -0.5517 -0.1355
vn -0.9317 -0.3624 -0.0250
vn -0.9462 -0.3137 -0.0794
vn -0.6618 -0.6772 -0.3215
vn -0.8324 -0.5010 -0.2370
vn -0.9502 -0.2815 -0.1336
vn -0.6141 0.7109 0.3429
vn -0.8124 0.5246 0.2545
vn -0.9454 0.2931 0.1422
vn -0.6396 0.3953 0.6593
vn -0.8291 0.2881 0.4791
vn -0.9517 0.1605 0.2616
vn -0.6308 0.3484 0.6933
vn -0.8221 0.2569 0.5080
vn -0.9493 0.1442 0.2792
vn -0.6854 -0.3908 -0.6144
vn -0.6810 -0.3607 -0.6373
vn -0.8499 -0.2808 -0.4459
vn -0.8458 -0.2617 -0.4649
vn -0.9562 -0.1550 -0.2485
vn -0.9547 -0.1432 -0.2607
vn -0.4184 -0.0418 -0.9073
vn -0.7304 -0.0303 -0.6824
vn -0.9382 -0.0135 -0.3459
vn -0.6535 -0.1822 -0.7346
vn -0.8249 -0.1343 -0.5490
vn -0.9426 -0.0771 -0.3247
vn -0.6226 0.3248 0.7119
vn -0.8154 0.2424 0.5257
vn -0.9463 0.1370 0.2927
vn -0.6756 -0.3390 -0.6547
vn -0.8412 -0.2469 -0.4811
vn -0.9527 -0.1365 -0.2714
vn -0.3613 0.4623 0.8098
vn -0.3615 0.4660 0.8076
vn -0.1728 0.9524 -0.2513
vn -0.1728 0.9524 -0.2512
vn -0.1728 0.9524 -0.2514
vn 0.1197 0.5201 -0.8457
vn -0.3653 0.6892 0.6257
vn 0.1829 -0.9592 0.2158
vn -0.3644 0.7008 0.6133
vn -0.9271 -0.3747 -0.0057
vn -0.7147 -0.6993 -0.0105
vn -0.3929 -0.9195 -0.0137
vn 0.0022 -0.3280 -0.9447
vn 0.0030 -0.8942 -0.4477
vn 0.0028 -0.6438 -0.7652
vn 0.6942 -0.1980 0.6920
vn 0.7677 -0.0603 0.6379
vn 0.5223 -0.6823 0.5115
vn 0.6262 0.4515 0.6356
vn 0.6935 -0.2025 0.6915
vn 0.6126 -0.5083 0.6052
vn 0.1604 -0.9765 0.1436
vn -0.3791 0.0175 -0.9252
vn -0.7057 0.0143 -0.7083
vn -0.9240 0.0088 -0.3822
vn -0.2392 0.6766 0.6964
vn -0.2361 0.6771 0.6970
vn -0.9755 0.1510 0.1599
vn 0.4521 0.6169 0.6442
vn 0.6866 0.6831 0.2491
vn 0.6607 0.7506 0.0053
vn 0.3460 0.3607 -0.8661
vn 0.7066 0.7071 0.0266
vn -0.3926 0.9196 0.0158
vn -0.7323 0.6808 0.0117
vn -0.8577 0.5140 0.0088
vn -0.9386 0.3451 0.0059
vn -0.9942 0.0482 -0.0962
vn -0.8885 0.4588 0.0077
vn -0.9839 0.1411 0.1096
vn -0.9931 -0.1170 -0.0082
vn -0.9314 -0.0048 0.3639
vn -0.8263 -0.0091 0.5631
vn -0.7074 -0.0120 0.7068
vn -0.4863 -0.0157 0.8737
vn -0.4073 -0.0034 0.9133
vn -0.7784 -0.0103 0.6277
vn -0.9163 -0.2770 -0.2892
vn -0.7058 -0.5270 -0.4733
vn -0.6878 -0.5029 -0.5234
vn -0.3286 -0.6553 -0.6801
vn -0.8079 -0.4062 -0.4269
vn -0.4490 -0.6196 -0.6438
vn -0.0757 -0.7626 -0.6424
vn 0.0025 0.9274 -0.3741
vn 0.0020 0.7099 -0.7043
vn 0.0014 0.4745 -0.8803
vn 0.0012 0.3873 -0.9220
vn 0.1141 0.1595 -0.9806
vn 0.0016 0.5195 -0.8545
vn -0.0915 0.0914 -0.9916
vn 0.9149 0.0058 -0.4037
vn 0.6851 0.0124 -0.7283
vn 0.5642 0.0146 -0.8255
vn 0.3653 0.0170 -0.9307
vn -0.0008 -0.0985 -0.9951
vn 0.6775 0.0127 -0.7354
vn -0.3075 -0.2878 -0.9070
vn -0.3487 -0.3293 -0.8775
vn -0.5388 -0.5220 -0.6613
vn -0.6692 -0.6573 -0.3466
vn -0.4500 -0.4317 -0.7817
vn 0.2980 -0.9545 0.0067
vn 0.4281 -0.9036 -0.0119
vn 0.6239 -0.7813 -0.0163
vn 0.6877 -0.7254 0.0289
vn 0.9319 -0.3624 -0.0133
vn 0.9812 -0.1924 -0.0116
vn 0.9647 -0.2632 -0.0124
vn 0.9815 -0.1911 -0.0114
vn 0.5717 -0.8203 -0.0162
vn 0.0104 -0.9478 0.3187
vn 0.0146 -0.8178 0.5753
vn 0.0456 -0.6420 0.7654
vn -0.1214 -0.9922 -0.0274
vn 0.0124 -0.8985 0.4389
vn -0.4117 -0.8139 -0.4099
vn -0.6788 -0.3259 -0.6581
vn -0.2392 -0.9391 -0.2466
vn -0.5206 -0.6828 -0.5126
vn -0.6647 -0.3754 -0.6459
vn -0.9226 0.3858 0.0065
vn -0.7053 0.7088 0.0121
vn -0.3799 0.9249 0.0158
vn -0.3830 -0.0169 0.9236
vn -0.7071 -0.0120 0.7070
vn -0.9225 -0.0054 0.3860
vn -0.3834 -0.6166 -0.6876
vn -0.7072 -0.4892 -0.5104
vn -0.9247 -0.2687 -0.2697
vn 0.0012 0.4002 -0.9164
vn 0.0020 0.7208 -0.6931
vn 0.0025 0.9309 -0.3653
vn 0.3831 0.0168 -0.9236
vn 0.7067 0.0120 -0.7074
vn 0.9240 0.0053 -0.3824
vn -0.6560 -0.6432 -0.3949
vn -0.5020 -0.4844 -0.7165
vn -0.2716 -0.2517 -0.9289
vn 0.9746 -0.2239 -0.0043
vn 0.9511 -0.3070 -0.0328
vn 0.7717 -0.6359 -0.0118
vn 0.4072 -0.9132 -0.0169
vn -0.0031 -0.8399 0.5428
vn -0.0037 -0.9524 0.3048
vn -0.0020 -0.6487 0.7611
vn -0.5523 0.6351 -0.5400
vn -0.7044 0.1186 -0.6998
vn -0.7044 0.1187 -0.6998
vn -0.4474 -0.7732 -0.4495
vn 0.0014 0.6942 0.7198
vn 0.0014 0.6941 0.7199
vn 0.0007 0.3658 0.9307
vn 0.0019 0.9169 0.3991
vn -0.0014 -0.8041 -0.5945
vn -0.0864 -0.8377 -0.5393
vn 0.0074 -0.9758 -0.2187
vn 0.0086 -0.5775 0.8164
vn 0.0057 -0.9294 0.3689
vn 0.0082 -0.5656 0.8246
vn -0.0003 -0.1821 0.9833
vn 0.0057 -0.9311 0.3648
vn -0.0117 -0.9310 0.3648
vn -0.9223 0.3861 0.0170
vn -0.9222 0.3863 0.0170
vn -0.9224 0.3858 0.0170
vn -0.8318 -0.5550 -0.0087
vn -0.3823 0.9238 0.0217
vn -0.5443 0.8384 0.0285
vn -0.9265 -0.3763 -0.0032
vn -0.9800 -0.1988 0.0089
vn -0.8512 -0.5163 -0.0948
vn 0.9809 -0.1946 -0.0036
vn 0.3810 -0.9242 -0.0274
vn 0.9228 -0.3852 -0.0072
vn 0.3788 -0.9255 -0.0079
vn -0.3875 -0.9217 -0.0176
vn 0.3907 -0.0191 0.9203
vn 0.7124 -0.0159 0.7016
vn 0.9260 -0.0105 0.3774
vn -0.3592 -0.1401 -0.9227
vn -0.0977 -0.0251 -0.9949
vn -0.1057 -0.0283 -0.9940
vn -0.0973 -0.0248 -0.9949
vn 0.6823 0.3184 -0.6581
vn 0.8435 0.3888 -0.3706
vn -0.4140 -0.1676 -0.8947
vn 0.0062 0.9295 -0.3688
vn 0.0147 0.8438 -0.5365
vn 0.0125 -0.1836 -0.9829
vn 0.0034 -0.3641 -0.9314
vn 0.0107 0.3990 -0.9169
vn 0.9249 0.3801 0.0074
vn 0.7076 0.7065 0.0136
vn 0.7103 0.7038 0.0136
vn 0.3851 0.9227 0.0177
vn -0.5786 0.7137 -0.3948
vn -0.8919 0.4512 -0.0303
vn -0.8895 0.4557 -0.0336
vn -0.8919 0.4513 -0.0304
vn -0.5803 -0.4760 0.6608
vn -0.5872 -0.4708 0.6584
vn -0.5802 -0.4762 0.6608
vn -0.5723 0.7167 -0.3986
vn -0.8888 0.4571 -0.0340
vn -0.8848 0.4643 -0.0389
vn -0.5874 -0.4707 0.6584
vn -0.1072 -0.7220 0.6836
vn -0.2962 0.9057 -0.3033
vn -0.3141 0.9055 -0.2852
vn -0.4436 0.7723 -0.4548
vn -0.4678 0.7740 -0.4267
vn -0.7106 0.2630 -0.6525
vn -0.6955 0.0067 -0.7185
vn -0.7362 0.0057 -0.6768
vn -0.2786 0.9057 -0.3196
vn -0.4167 0.7737 -0.4772
vn -0.6708 0.2642 -0.6930
vn -0.6550 0.0077 -0.7556
vn 0.3104 0.9056 0.2890
vn 0.3270 0.9057 0.2697
vn 0.4642 0.7743 0.4302
vn 0.7368 0.3116 0.6000
vn 0.7343 0.0656 0.6756
vn 0.6989 0.3117 0.6437
vn 0.3426 0.9062 0.2478
vn 0.4879 0.7763 0.3992
vn 0.7742 0.3106 0.5515
vn 0.7746 0.0654 0.6290
vn -0.3485 0.9043 -0.2465
vn -0.3310 0.9056 -0.2653
vn -0.5179 0.7710 -0.3706
vn -0.7502 0.2571 -0.6092
vn -0.8110 0.0029 -0.5851
vn -0.7852 0.2559 -0.5640
vn -0.4916 0.7749 -0.3973
vn -0.7754 0.0011 -0.6314
vn 0.2929 0.9058 0.3063
vn 0.2775 0.9046 0.3235
vn 0.4355 0.7767 0.4551
vn 0.4116 0.7744 0.4805
vn 0.6219 0.3087 0.7197
vn 0.6925 0.0680 0.7183
vn 0.6518 0.0666 0.7555
vn 0.6592 0.3138 0.6834
vn 0.2603 0.9041 0.3389
vn 0.2402 0.9035 0.3548
vn 0.3854 0.7727 0.5044
vn 0.3545 0.7708 0.5294
vn 0.5346 0.3086 0.7868
vn 0.6088 0.0664 0.7906
vn 0.5585 0.0685 0.8267
vn 0.5812 0.3100 0.7524
vn -0.2607 0.9049 -0.3364
vn -0.3900 0.7730 -0.5004
vn -0.6313 0.2638 -0.7293
vn -0.6118 0.0095 -0.7909
vn -0.2407 0.9042 -0.3529
vn -0.3606 0.7719 -0.5236
vn -0.5890 0.2643 -0.7637
vn -0.5642 0.0118 -0.8256
vn -0.2204 0.9023 -0.3704
vn -0.3314 0.7679 -0.5481
vn -0.5424 0.2645 -0.7974
vn -0.5140 0.0137 -0.8577
vn -0.2010 0.9001 -0.3866
vn -0.3031 0.7645 -0.5689
vn -0.4934 0.2629 -0.8292
vn -0.4665 0.0206 -0.8843
vn 0.2197 0.9009 0.3742
vn 0.2057 0.8957 0.3942
vn 0.3230 0.7626 0.5605
vn 0.3007 0.7501 0.5890
vn 0.4485 0.2529 0.8572
vn 0.5025 0.0638 0.8622
vn 0.4591 0.0097 0.8884
vn 0.4831 0.3047 0.8208
vn 0.0040 0.9687 -0.2483
vn 0.0038 0.8932 -0.4497
vn 0.0032 0.7763 -0.6304
vn -0.1874 0.8985 -0.3969
vn -0.2816 0.7613 -0.5841
vn -0.4465 0.2640 -0.8550
vn -0.4315 0.0543 -0.9005
vn -0.3561 0.3570 -0.8636
vn -0.4111 0.2890 -0.8646
vn 0.0881 0.9794 0.1816
vn 0.3008 0.7239 0.6208
vn 0.4324 -0.1037 0.8957
vn 0.4347 -0.1370 0.8901
vn 0.4324 -0.1036 0.8957
vn 0.3027 0.7291 0.6138
vn 0.4384 0.1250 0.8900
vn 0.3625 0.9055 0.2208
vn 0.5133 0.7761 0.3664
vn 0.8164 0.3081 0.4885
vn 0.8140 0.0667 0.5770
vn 0.3850 0.9014 0.1980
vn 0.5467 0.7720 0.3241
vn 0.8487 0.3108 0.4280
vn 0.8589 0.0673 0.5077
vn -0.3823 0.9002 -0.2086
vn -0.3640 0.9035 -0.2261
vn -0.5617 0.7640 -0.3175
vn -0.8167 0.2563 -0.5170
vn -0.8702 0.0030 -0.4927
vn -0.8457 0.2512 -0.4708
vn -0.5402 0.7690 -0.3419
vn -0.8432 0.0024 -0.5376
vn -0.3772 0.9260 0.0152
vn -0.7094 0.7046 0.0202
vn -0.9311 0.3642 0.0215
vn -0.4400 0.8915 -0.1077
vn -0.8198 0.5377 -0.1969
vn -0.9747 0.0486 -0.2181
vn 0.4028 0.8958 0.1879
vn 0.5789 0.7639 0.2851
vn 0.8697 0.2930 0.3972
vn 0.8949 0.0655 0.4415
vn 0.9106 0.0588 0.4090
vn 0.6011 0.7516 0.2715
vn 0.8734 0.2912 0.3903
vn -0.3974 0.8960 -0.1981
vn -0.8672 0.2315 -0.4409
vn -0.5836 0.7539 -0.3017
vn -0.8878 -0.0076 -0.4602
vn -0.5365 -0.6827 -0.4961
vn -0.5074 -0.6818 -0.5270
vn -0.3897 -0.8469 -0.3618
vn -0.3683 -0.8467 -0.3840
vn -0.2186 -0.9540 -0.2049
vn -0.2067 -0.9540 -0.2173
vn -0.4789 -0.6799 -0.5553
vn -0.3482 -0.8454 -0.4051
vn -0.1953 -0.9536 -0.2290
vn 0.5903 -0.6517 0.4764
vn 0.5604 -0.6504 0.5127
vn 0.4267 -0.8369 0.3428
vn 0.4045 -0.8370 0.3685
vn 0.2315 -0.9553 0.1838
vn 0.2196 -0.9553 0.1980
vn 0.6208 -0.6509 0.4369
vn 0.4490 -0.8364 0.3145
vn 0.2439 -0.9550 0.1686
vn -0.5645 -0.6837 -0.4625
vn -0.5924 -0.6811 -0.4302
vn -0.4098 -0.8475 -0.3373
vn -0.4313 -0.8455 -0.3147
vn -0.2303 -0.9541 -0.1916
vn -0.2415 -0.9539 -0.1784
vn 0.4982 -0.6492 0.5747
vn 0.5278 -0.6519 0.5445
vn 0.3609 -0.8351 0.4151
vn 0.3817 -0.8369 0.3924
vn 0.1961 -0.9547 0.2237
vn 0.2080 -0.9549 0.2118
vn 0.4316 -0.6428 0.6329
vn 0.4666 -0.6467 0.6034
vn 0.3139 -0.8317 0.4580
vn 0.3383 -0.8338 0.4363
vn 0.1715 -0.9537 0.2470
vn 0.1844 -0.9541 0.2360
vn -0.4485 -0.6778 -0.5827
vn -0.3264 -0.8441 -0.4254
vn -0.1838 -0.9529 -0.2411
vn -0.4151 -0.6736 -0.6115
vn -0.3024 -0.8414 -0.4479
vn -0.1696 -0.9521 -0.2544
vn -0.3775 -0.6686 -0.6407
vn -0.2726 -0.8377 -0.4732
vn -0.1497 -0.9499 -0.2743
vn -0.3447 -0.6535 -0.6739
vn -0.2469 -0.8231 -0.5113
vn -0.1290 -0.9424 -0.3086
vn 0.3599 -0.6823 0.6364
vn 0.3966 -0.6435 0.6547
vn 0.2692 -0.8462 0.4599
vn 0.2917 -0.8310 0.4736
vn 0.1509 -0.9604 0.2344
vn 0.1629 -0.9535 0.2536
vn -0.0358 -0.0934 -0.9950
vn -0.0772 -0.2164 -0.9732
vn -0.0283 -0.8390 -0.5434
vn -0.0326 0.1660 -0.9856
vn -0.0337 -0.6711 -0.7406
vn -0.3296 -0.6240 -0.7085
vn -0.2400 -0.7943 -0.5581
vn -0.1295 -0.9217 -0.3656
vn 0.3203 -0.7543 0.5731
vn 0.2253 -0.8975 0.3791
vn 0.1363 -0.9715 0.1941
vn 0.6580 -0.6464 0.3862
vn 0.4765 -0.8340 0.2782
vn 0.2587 -0.9544 0.1491
vn 0.6926 -0.6367 0.3390
vn 0.5051 -0.8273 0.2459
vn 0.2769 -0.9517 0.1330
vn -0.6166 -0.6805 -0.3959
vn -0.6422 -0.6734 -0.3661
vn -0.4487 -0.8455 -0.2896
vn -0.4701 -0.8406 -0.2692
vn -0.2526 -0.9534 -0.1652
vn -0.2650 -0.9519 -0.1536
vn -0.9088 -0.4150 -0.0439
vn -0.6888 -0.7240 -0.0368
vn -0.3730 -0.9275 -0.0241
vn -0.7376 -0.6485 -0.1880
vn -0.5431 -0.8275 -0.1421
vn -0.3119 -0.9462 -0.0864
vn 0.7094 -0.6304 0.3152
vn 0.5232 -0.8203 0.2310
vn 0.2894 -0.9490 0.1254
vn -0.6584 -0.6695 -0.3440
vn -0.4850 -0.8366 -0.2546
vn -0.2750 -0.9502 -0.1463
vn 0.4739 -0.3654 0.8012
vn 0.7062 -0.3774 0.5991
vn -0.9607 0.2654 0.0816
vn 0.3734 -0.7166 0.5891
vn 0.9296 -0.1239 -0.3470
vn 0.9322 -0.1319 -0.3370
vn 0.9322 -0.1318 -0.3371
vn 0.0716 0.6491 -0.7573
vn 0.3911 -0.7138 0.5810
vn 0.9306 -0.1154 -0.3474
vn 0.9303 -0.1183 -0.3473
vn -0.3209 -0.0889 -0.9429
vn -0.2325 0.0867 -0.9687
vn -0.1354 0.2584 -0.9565
vn -0.3844 -0.4054 0.8294
vn -0.3659 -0.4229 0.8291
vn -0.5202 -0.5339 0.6665
vn -0.4933 -0.5594 0.6661
vn -0.6674 -0.7367 0.1089
vn -0.7089 -0.6897 -0.1473
vn -0.6668 -0.7300 -0.1499
vn -0.4009 -0.3878 0.8300
vn -0.5442 -0.5085 0.6673
vn -0.7083 -0.6972 0.1107
vn -0.7463 -0.6495 -0.1456
vn 0.2001 0.1965 0.9599
vn 0.1809 0.2131 0.9601
vn 0.3505 0.3640 0.8629
vn 0.5611 0.6922 0.4539
vn 0.6591 0.7196 0.2184
vn 0.6048 0.6545 0.4537
vn 0.1593 0.2292 0.9603
vn 0.3205 0.3888 0.8638
vn 0.5122 0.7291 0.4540
vn 0.6123 0.7596 0.2192
vn -0.3262 -0.4563 0.8279
vn -0.3460 -0.4401 0.8286
vn -0.4357 -0.6077 0.6640
vn -0.6229 -0.7749 0.1075
vn -0.5748 -0.8043 -0.1505
vn -0.5774 -0.8093 0.1075
vn -0.4647 -0.5844 0.6652
vn -0.6212 -0.7690 -0.1510
vn 0.2189 0.1804 0.9589
vn 0.2348 0.1639 0.9581
vn 0.3790 0.3389 0.8611
vn 0.4020 0.3127 0.8606
vn 0.6811 0.5778 0.4496
vn 0.7021 0.6780 0.2176
vn 0.7395 0.6375 0.2161
vn 0.6453 0.6153 0.4527
vn 0.2508 0.1472 0.9568
vn 0.2652 0.1287 0.9556
vn 0.4267 0.2875 0.8575
vn 0.4507 0.2586 0.8544
vn 0.7485 0.4926 0.4440
vn 0.7746 0.5944 0.2159
vn 0.8106 0.5453 0.2133
vn 0.7140 0.5373 0.4489
vn -0.4182 -0.3703 0.8294
vn -0.5684 -0.4825 0.6664
vn -0.7448 -0.6579 0.1120
vn -0.7821 -0.6069 -0.1411
vn -0.4353 -0.3504 0.8293
vn -0.5921 -0.4532 0.6664
vn -0.7795 -0.6158 0.1148
vn -0.8172 -0.5597 -0.1378
vn -0.4523 -0.3294 0.8288
vn -0.6160 -0.4232 0.6644
vn -0.8139 -0.5694 0.1155
vn -0.8499 -0.5103 -0.1317
vn -0.4589 -0.3045 0.8347
vn -0.6303 -0.3925 0.6698
vn -0.8456 -0.5202 0.1194
vn -0.8770 -0.4628 -0.1292
vn 0.2768 0.1165 0.9538
vn 0.2893 0.1174 0.9500
vn 0.4713 0.2343 0.8503
vn 0.4888 0.2255 0.8428
vn 0.8004 0.4139 0.4337
vn 0.8438 0.4931 0.2120
vn 0.8660 0.4544 0.2087
vn 0.7794 0.4465 0.4396
vn -0.4288 -0.1793 0.8854
vn -0.4173 -0.0564 0.9070
vn -0.8351 -0.2393 0.4952
vn -0.7468 -0.0382 0.6639
vn -0.9780 -0.2067 -0.0297
vn -0.9545 -0.0133 0.2979
vn -0.2107 -0.1778 0.9612
vn -0.6316 -0.3655 0.6837
vn -0.8741 -0.4718 0.1158
vn -0.8943 -0.4279 -0.1310
vn -0.6427 -0.3600 0.6763
vn -0.8928 -0.4372 0.1081
vn 0.3061 0.1255 0.9437
vn 0.5050 0.2285 0.8323
vn 0.8759 0.4376 0.2033
vn 0.8115 0.4000 0.4259
vn 0.1319 0.2486 0.9596
vn 0.2882 0.4149 0.8630
vn 0.4492 0.7712 0.4511
vn 0.5601 0.7987 0.2199
vn 0.1097 0.2720 0.9560
vn 0.2451 0.4471 0.8603
vn 0.3905 0.8066 0.4438
vn 0.4906 0.8433 0.2196
vn -0.2879 -0.4897 0.8230
vn -0.3061 -0.4721 0.8267
vn -0.3817 -0.6505 0.6566
vn -0.5306 -0.8412 0.1039
vn -0.4819 -0.8628 -0.1526
vn -0.4838 -0.8697 0.0977
vn -0.4068 -0.6298 0.6617
vn -0.5271 -0.8363 -0.1505
vn -0.0674 -0.4875 0.8705
vn -0.0386 -0.7901 0.6118
vn -0.0035 -0.9683 0.2499
vn -0.1857 -0.5452 0.8175
vn -0.2377 -0.8790 0.4133
vn -0.2120 -0.9728 -0.0937
vn 0.0994 0.2892 0.9521
vn 0.2079 0.4823 0.8509
vn 0.3595 0.8264 0.4333
vn 0.4249 0.8798 0.2132
vn 0.3929 0.8963 0.2054
vn 0.1934 0.5021 0.8429
vn 0.3514 0.8276 0.4378
vn -0.2770 -0.5044 0.8178
vn -0.4519 -0.8882 0.0826
vn -0.3644 -0.6701 0.6466
vn -0.4487 -0.8795 -0.1583
vn -0.4253 -0.4484 -0.7862
vn -0.4566 -0.4197 -0.7845
vn -0.2776 -0.2826 -0.9182
vn -0.2999 -0.2615 -0.9174
vn -0.1133 -0.1001 -0.9885
vn -0.1256 -0.0881 -0.9882
vn -0.4848 -0.3911 -0.7823
vn -0.3212 -0.2415 -0.9157
vn -0.1375 -0.0769 -0.9875
vn 0.5291 0.6648 -0.5273
vn 0.5646 0.6342 -0.5282
vn 0.4149 0.5253 -0.7429
vn 0.4406 0.5031 -0.7435
vn 0.2700 0.3469 -0.8982
vn 0.2838 0.3345 -0.8987
vn 0.4899 0.6956 -0.5255
vn 0.3866 0.5477 -0.7420
vn 0.2543 0.3585 -0.8982
vn -0.3920 -0.4768 -0.7868
vn -0.3590 -0.5038 -0.7857
vn -0.2534 -0.3032 -0.9186
vn -0.2296 -0.3230 -0.9181
vn -0.0999 -0.1118 -0.9887
vn -0.0867 -0.1230 -0.9886
vn 0.6276 0.5729 -0.5272
vn 0.5982 0.6032 -0.5276
vn 0.4868 0.4593 -0.7430
vn 0.4651 0.4809 -0.7432
vn 0.3096 0.3112 -0.8985
vn 0.2975 0.3228 -0.8985
vn 0.6872 0.5040 -0.5232
vn 0.6561 0.5411 -0.5260
vn 0.5321 0.4102 -0.7407
vn 0.5080 0.4368 -0.7424
vn 0.3355 0.2838 -0.8983
vn 0.3213 0.2990 -0.8985
vn -0.5131 -0.3617 -0.7784
vn -0.3422 -0.2204 -0.9134
vn -0.1494 -0.0652 -0.9866
vn -0.5423 -0.3296 -0.7728
vn -0.3642 -0.1974 -0.9102
vn -0.1627 -0.0530 -0.9852
vn -0.5714 -0.2962 -0.7654
vn -0.3876 -0.1745 -0.9052
vn -0.1773 -0.0409 -0.9833
vn -0.6011 -0.2668 -0.7534
vn -0.4183 -0.1577 -0.8945
vn -0.2045 -0.0366 -0.9782
vn 0.7474 0.4211 -0.5138
vn 0.7210 0.4597 -0.5185
vn 0.5841 0.3434 -0.7355
vn 0.5608 0.3760 -0.7377
vn 0.3703 0.2362 -0.8984
vn 0.3548 0.2617 -0.8975
vn -0.8704 -0.0312 -0.4913
vn -0.7120 -0.1290 -0.6902
vn -0.6405 -0.0011 -0.7680
vn -0.5373 -0.0787 -0.8397
vn -0.3347 0.0287 -0.9419
vn -0.3363 -0.0242 -0.9415
vn -0.6289 -0.2495 -0.7363
vn -0.4570 -0.1545 -0.8760
vn -0.2526 -0.0476 -0.9664
vn 0.7584 0.4013 -0.5137
vn 0.5916 0.3245 -0.7381
vn 0.3698 0.2176 -0.9033
vn 0.4381 0.7314 -0.5226
vn 0.3500 0.5747 -0.7398
vn 0.2346 0.3731 -0.8976
vn 0.3898 0.7644 -0.5136
vn 0.3168 0.6020 -0.7330
vn 0.2178 0.3902 -0.8946
vn -0.3256 -0.5294 -0.7834
vn -0.2946 -0.5530 -0.7793
vn -0.2061 -0.3428 -0.9165
vn -0.1843 -0.3619 -0.9138
vn -0.0732 -0.1338 -0.9883
vn -0.0615 -0.1461 -0.9874
vn 0.0039 -0.8513 -0.5246
vn 0.0377 -0.5942 -0.8035
vn 0.0661 -0.2567 -0.9642
vn -0.1194 -0.6523 -0.7485
vn -0.0590 -0.4375 -0.8973
vn 0.0052 -0.1940 -0.9810
vn 0.3659 0.7815 -0.5054
vn 0.3011 0.6191 -0.7253
vn 0.2103 0.4029 -0.8908
vn -0.2736 -0.5709 -0.7741
vn -0.1710 -0.3789 -0.9095
vn -0.0547 -0.1568 -0.9861
vn 0.4764 0.8505 -0.2230
vn 0.4706 -0.8795 0.0705
vn 0.4696 -0.8801 0.0707
vn 0.4846 0.8455 -0.2242
vn 0.9650 -0.2325 -0.1215
vn 0.5206 -0.8519 0.0573
vn 0.8228 0.5574 -0.1106
vn -0.2556 0.9592 -0.1206
vn -0.2711 0.9554 -0.1172
vn -0.2557 0.9592 -0.1206
vn -0.2711 0.9554 -0.1168
vn -0.9869 0.0584 0.1506
vn 0.8173 0.5303 -0.2255
vn -0.2706 0.9556 -0.1165
vn -0.6119 -0.0837 0.7865
vn -0.6117 -0.0838 0.7867
vn -0.6097 -0.6190 -0.4951
vn -0.6786 0.3247 -0.6588
vn -0.6787 0.3252 -0.6585
vn -0.6785 0.3258 -0.6583
vn 0.3936 0.8087 0.4371
vn -0.5010 -0.7846 -0.3653
vn -0.5011 -0.7845 -0.3653
vn -0.8614 0.4205 -0.2850
vn 0.8002 -0.0645 -0.5963
vn 0.8001 -0.0648 -0.5964
vn 0.8001 -0.0646 -0.5964
vn 0.7068 0.4773 0.5221
vn 0.5840 0.7829 -0.2145
vn -0.7665 -0.6360 0.0894
vn -0.7295 0.2758 -0.6259
vn -0.8957 0.4382 -0.0751
vn -0.6670 0.1566 0.7284
vn 0.8665 -0.4841 0.1221
vn 0.3483 0.8408 0.4144
vn 0.2647 -0.6314 -0.7289
vn 0.5713 -0.2591 0.7788
vn -0.4724 0.8782 -0.0750
vn -0.0415 -0.4325 0.9007
vn 0.8520 0.0796 -0.5174
vn -0.6890 -0.6751 0.2635
vn -0.6703 0.2902 -0.6830
vn -0.2821 -0.5944 -0.7531
vn -0.2127 -0.8695 0.4458
vn -0.9685 -0.0835 -0.2345
vn -0.2194 -0.8879 -0.4044
vn 0.1302 -0.6252 -0.7696
vn -0.2462 0.8004 0.5467
vn 0.2401 0.1102 -0.9645
vn 0.7464 0.5493 0.3757
vn 0.0055 -0.9169 -0.3992
vn 0.0065 -0.4007 0.9162
vn 0.8438 0.3852 -0.3737
vn -0.8848 0.4644 -0.0390
vn 0.1032 -0.9857 0.1333
vt 0.804176 0.053784
vt 0.800411 0.059951
vt 0.798445 0.055530
vt 0.864542 0.344510
vt 0.849199 0.342331
vt 0.864366 0.341481
vt 0.794701 0.062003
vt 0.790950 0.068841
vt 0.789065 0.064343
vt 0.817222 0.313404
vt 0.802785 0.315517
vt 0.802807 0.312558
vt 0.778304 0.069754
vt 0.771659 0.068135
vt 0.776534 0.065256
vt 0.879667 0.343082
vt 0.879450 0.340045
vt 0.878326 0.311075
vt 0.894777 0.311562
vt 0.878584 0.314026
vt 0.847657 0.313499
vt 0.832349 0.316700
vt 0.832270 0.313741
vt 0.781744 0.062480
vt 0.787197 0.059887
vt 0.785392 0.071476
vt 0.783563 0.066957
vt 0.788816 0.314143
vt 0.788897 0.311191
vt 0.777678 0.341105
vt 0.791290 0.339988
vt 0.791261 0.343029
vt 0.805036 0.344398
vt 0.819223 0.342214
vt 0.819279 0.345250
vt 0.774383 0.312057
vt 0.774523 0.309129
vt 0.755616 0.308501
vt 0.755788 0.305626
vt 0.749929 0.335273
vt 0.764119 0.335494
vt 0.763970 0.338549
vt 0.773380 0.072651
vt 0.767075 0.071144
vt 0.729669 0.303326
vt 0.729772 0.300436
vt 0.698909 0.298502
vt 0.698335 0.295358
vt 0.735936 0.331148
vt 0.750180 0.332201
vt 0.764219 0.078987
vt 0.758416 0.077814
vt 0.762694 0.074343
vt 0.894747 0.341046
vt 0.894486 0.338007
vt 0.910237 0.338335
vt 0.909929 0.335290
vt 0.916501 0.303788
vt 0.948831 0.298409
vt 0.916909 0.306690
vt 0.796642 0.066479
vt 0.926518 0.334832
vt 0.926164 0.331797
vt 0.943109 0.330810
vt 0.942730 0.327786
vt 0.948415 0.295532
vt 0.986533 0.288819
vt 0.813680 0.056450
vt 0.808629 0.062559
vt 0.806377 0.058151
vt 0.849062 0.339311
vt 0.864190 0.338458
vt 0.818237 0.329314
vt 0.804975 0.337932
vt 0.803901 0.328468
vt 0.817251 0.316364
vt 0.802762 0.318488
vt 0.788765 0.317511
vt 0.776066 0.325060
vt 0.774280 0.315398
vt 0.879231 0.337014
vt 0.894224 0.334974
vt 0.847789 0.316458
vt 0.863431 0.318532
vt 0.847922 0.319424
vt 0.832428 0.319670
vt 0.863240 0.315565
vt 0.878841 0.316990
vt 0.834044 0.342557
vt 0.805020 0.341361
vt 0.819167 0.339186
vt 0.805005 0.338333
vt 0.774237 0.314998
vt 0.802792 0.318889
vt 0.790049 0.327094
vt 0.777761 0.338058
vt 0.791322 0.336958
vt 0.777846 0.335022
vt 0.729561 0.306189
vt 0.759873 0.321902
vt 0.755544 0.311778
vt 0.764270 0.332453
vt 0.736408 0.328257
vt 0.750424 0.329173
vt 0.700195 0.301452
vt 0.879217 0.336614
vt 0.863815 0.328552
vt 0.879039 0.327060
vt 0.895118 0.314518
vt 0.917322 0.309599
vt 0.909618 0.332253
vt 0.925813 0.328768
vt 0.894665 0.324806
vt 0.909690 0.331834
vt 0.894223 0.334570
vt 0.949251 0.301284
vt 0.986647 0.291872
vt 0.942348 0.324763
vt 0.863050 0.312611
vt 0.833409 0.052023
vt 0.823071 0.048878
vt 0.833653 0.051030
vt 0.823601 0.047889
vt 0.833894 0.050035
vt 0.863449 0.318932
vt 0.878858 0.317391
vt 0.817281 0.319335
vt 0.847943 0.319824
vt 0.822972 0.054688
vt 0.817279 0.060612
vt 0.792783 0.057566
vt 0.917249 0.310014
vt 0.937556 0.314855
vt 0.913448 0.320945
vt 0.746065 0.094058
vt 0.741192 0.102187
vt 0.745099 0.093655
vt 0.740312 0.101466
vt 0.744134 0.093246
vt 0.791288 0.336556
vt 0.834140 0.345591
vt 0.864172 0.338059
vt 0.848498 0.329427
vt 0.833948 0.339531
vt 0.833208 0.052111
vt 0.829716 0.058035
vt 0.822512 0.049973
vt 0.816490 0.050924
vt 0.942205 0.324401
vt 0.926039 0.328313
vt 0.949007 0.301733
vt 0.964316 0.308460
vt 0.759147 0.083129
vt 0.754186 0.081602
vt 0.775108 0.077212
vt 0.768749 0.075676
vt 0.788733 0.317109
vt 0.750174 0.328718
vt 0.740046 0.317395
vt 0.780082 0.074294
vt 0.770426 0.080258
vt 0.833197 0.329656
vt 0.832453 0.320070
vt 0.894438 0.308621
vt 0.846891 0.182066
vt 0.860997 0.137109
vt 0.848135 0.181724
vt 0.895122 0.314920
vt 0.753073 0.088409
vt 0.750299 0.085336
vt 0.751745 0.095217
vt 0.746260 0.093946
vt 0.729825 0.306602
vt 0.718607 0.313617
vt 0.701066 0.301942
vt 0.737001 0.325083
vt 0.844467 0.053387
vt 0.844354 0.054533
vt 0.810147 0.052237
vt 0.844482 0.052261
vt 0.764165 0.332033
vt 0.849336 0.345363
vt 0.817309 0.319735
vt 0.777802 0.334616
vt 0.715364 0.318145
vt 0.765736 0.083677
vt 0.755436 0.311375
vt 0.716672 0.315882
vt 0.736867 0.325424
vt 0.819139 0.338787
vt 0.833923 0.339133
vt 0.849041 0.338913
vt 0.802412 0.064406
vt 0.759832 0.088459
vt 0.844007 0.075967
vt 0.757201 0.116539
vt 0.859248 0.060305
vt 0.719197 0.203258
vt 0.778491 0.189522
vt 0.778946 0.190580
vt 0.721480 0.201212
vt 0.778045 0.188468
vt 0.823211 0.174226
vt 0.796273 0.146012
vt 0.824095 0.132786
vt 0.901768 0.277142
vt 0.810185 0.286748
vt 0.811396 0.280772
vt 0.859895 0.136707
vt 0.882655 0.087795
vt 0.864633 0.232894
vt 0.896393 0.274449
vt 0.863748 0.233677
vt 0.782824 0.131925
vt 0.824978 0.091385
vt 0.927669 0.248535
vt 0.932336 0.159132
vt 0.934782 0.268194
vt 0.731066 0.237286
vt 0.785149 0.213970
vt 0.733752 0.237325
vt 0.887188 0.202025
vt 0.907320 0.165753
vt 0.923486 0.222106
vt 0.831079 0.199392
vt 0.785594 0.215103
vt 0.879421 0.064635
vt 0.938617 0.157614
vt 0.708107 0.234720
vt 0.808840 0.293389
vt 0.684650 0.231444
vt 0.921310 0.283157
vt 0.926321 0.160596
vt 0.882907 0.087784
vt 0.882820 0.085291
vt 0.881683 0.214793
vt 0.848186 0.181909
vt 0.882427 0.213887
vt 0.830550 0.181504
vt 0.774730 0.203567
vt 0.776901 0.196800
vt 0.752350 0.111038
vt 0.875473 0.044110
vt 0.846642 0.182239
vt 0.855458 0.132078
vt 0.859728 0.136570
vt 0.926135 0.245459
vt 0.924890 0.160988
vt 0.988743 0.053896
vt 0.941022 0.084511
vt 0.937342 0.050844
vt 0.833175 0.191541
vt 0.774813 0.203847
vt 0.834669 0.185774
vt 0.843371 0.128674
vt 0.837417 0.130160
vt 0.880246 0.221216
vt 0.881610 0.214996
vt 0.850599 0.127131
vt 0.875842 0.044309
vt 0.850332 0.127046
vt 0.865514 0.232109
vt 0.831270 0.199438
vt 0.831582 0.198155
vt 0.731075 0.237574
vt 0.811821 0.278914
vt 0.811474 0.280409
vt 0.701775 0.216861
vt 0.684435 0.231061
vt 0.900872 0.276863
vt 0.898443 0.275680
vt 0.901013 0.276612
vt 0.840479 0.183991
vt 0.878596 0.228195
vt 0.834844 0.185593
vt 0.730107 0.237432
vt 0.779934 0.208564
vt 0.784562 0.212667
vt 0.826106 0.177033
vt 0.941956 0.288813
vt 0.882784 0.089948
vt 0.862096 0.137515
vt 0.824888 0.175996
vt 0.825831 0.176910
vt 0.843373 0.076726
vt 0.763395 0.122046
vt 0.761984 0.121436
vt 0.917162 0.099818
vt 0.968563 0.102870
vt 0.948383 0.151844
vt 0.761634 0.121752
vt 0.721424 0.200919
vt 0.719192 0.202923
vt 0.837208 0.130191
vt 0.825023 0.175855
vt 0.836171 0.129999
vt 0.878401 0.228399
vt 0.871729 0.230374
vt 0.784709 0.212836
vt 0.941659 0.289122
vt 0.885941 0.047792
vt 0.834609 0.185540
vt 0.823984 0.175124
vt 0.763128 0.122350
vt 0.723305 0.199180
vt 0.842212 0.078869
vt 0.764933 0.122576
vt 0.883170 0.212974
vt 0.883021 0.089938
vt 0.925110 0.243539
vt 0.923475 0.161375
vt 0.736043 0.237647
vt 0.812164 0.277434
vt 0.830968 0.200668
vt 0.896293 0.274658
vt 0.882664 0.084401
vt 0.926667 0.160507
vt 0.927123 0.247823
vt 0.925910 0.245580
vt 0.924900 0.243653
vt 0.849334 0.181398
vt 0.831552 0.197848
vt 0.829953 0.201963
vt 0.821460 0.241070
vt 0.794257 0.224821
vt 0.817219 0.260595
vt 0.758596 0.247658
vt 0.778947 0.190800
vt 0.718457 0.203709
vt 0.781920 0.173345
vt 0.740669 0.172466
vt 0.824114 0.174988
vt 0.835133 0.129810
vt 0.871013 0.145644
vt 0.891153 0.109399
vt 0.850854 0.181924
vt 0.888516 0.171138
vt 0.865716 0.232026
vt 0.852908 0.237765
vt 0.875842 0.273532
vt 0.736046 0.237395
vt 0.761447 0.121346
vt 0.843606 0.076918
vt 0.842423 0.079073
vt 0.841350 0.080938
vt 0.793308 0.034341
vt 0.789494 0.040475
vt 0.787548 0.036069
vt 0.871618 0.424528
vt 0.856350 0.422371
vt 0.871447 0.421512
vt 0.783816 0.042518
vt 0.780155 0.049313
vt 0.778238 0.044887
vt 0.824105 0.393727
vt 0.809649 0.396102
vt 0.809611 0.393129
vt 0.767664 0.050468
vt 0.761005 0.049061
vt 0.765781 0.046040
vt 0.886636 0.423159
vt 0.886442 0.420142
vt 0.885561 0.391171
vt 0.902032 0.391844
vt 0.885793 0.394133
vt 0.854714 0.393523
vt 0.839340 0.396848
vt 0.839231 0.393875
vt 0.770920 0.043149
vt 0.776325 0.040473
vt 0.774717 0.052004
vt 0.772817 0.047570
vt 0.795595 0.395052
vt 0.795594 0.392081
vt 0.785105 0.422137
vt 0.798640 0.420786
vt 0.798664 0.423817
vt 0.812420 0.424938
vt 0.826514 0.422510
vt 0.826615 0.425527
vt 0.780968 0.393415
vt 0.780991 0.390443
vt 0.761549 0.390758
vt 0.761596 0.387898
vt 0.757361 0.416829
vt 0.771064 0.416923
vt 0.771420 0.419808
vt 0.762873 0.053488
vt 0.756573 0.052233
vt 0.733952 0.386798
vt 0.734094 0.384129
vt 0.701690 0.382161
vt 0.702300 0.379846
vt 0.743418 0.413607
vt 0.756116 0.414242
vt 0.754061 0.060100
vt 0.748296 0.059194
vt 0.752369 0.055578
vt 0.901610 0.421309
vt 0.901392 0.418286
vt 0.917025 0.418887
vt 0.916770 0.415850
vt 0.923818 0.384564
vt 0.955820 0.380473
vt 0.924144 0.387446
vt 0.785752 0.046938
vt 0.933274 0.415731
vt 0.932957 0.412673
vt 0.949940 0.411715
vt 0.949366 0.408803
vt 0.955543 0.377623
vt 0.993391 0.373247
vt 0.802834 0.037164
vt 0.797623 0.043124
vt 0.795460 0.038728
vt 0.856205 0.419363
vt 0.871275 0.418501
vt 0.825351 0.409659
vt 0.812245 0.418489
vt 0.811008 0.409052
vt 0.824179 0.396699
vt 0.809687 0.399082
vt 0.795640 0.398431
vt 0.783038 0.406314
vt 0.781004 0.396790
vt 0.886248 0.417129
vt 0.901173 0.415268
vt 0.854858 0.396499
vt 0.870569 0.398575
vt 0.855001 0.399479
vt 0.839449 0.399829
vt 0.870386 0.395598
vt 0.886027 0.397105
vt 0.841264 0.422685
vt 0.812351 0.421907
vt 0.826415 0.419498
vt 0.812283 0.418885
vt 0.780946 0.396388
vt 0.809725 0.399482
vt 0.797138 0.407966
vt 0.785079 0.419125
vt 0.798617 0.417765
vt 0.785056 0.416124
vt 0.733811 0.389470
vt 0.766155 0.403866
vt 0.761616 0.394031
vt 0.770713 0.414044
vt 0.740988 0.411403
vt 0.754872 0.411646
vt 0.701241 0.384656
vt 0.886237 0.416731
vt 0.870923 0.408613
vt 0.886135 0.407195
vt 0.902328 0.394800
vt 0.924478 0.390330
vt 0.916513 0.412822
vt 0.932642 0.409651
vt 0.901738 0.405116
vt 0.916592 0.412408
vt 0.901177 0.414867
vt 0.956105 0.383304
vt 0.993099 0.376626
vt 0.948805 0.405951
vt 0.870204 0.392629
vt 0.974213 0.396035
vt 0.972865 0.393832
vt 0.971521 0.391623
vt 0.870587 0.398977
vt 0.886041 0.397506
vt 0.824254 0.399678
vt 0.855024 0.399879
vt 0.812453 0.035656
vt 0.806333 0.041428
vt 0.781887 0.038109
vt 0.924395 0.390738
vt 0.944327 0.396114
vt 0.920463 0.401591
vt 0.733404 0.085179
vt 0.735983 0.076266
vt 0.736845 0.076175
vt 0.732687 0.084554
vt 0.735123 0.076356
vt 0.798576 0.417368
vt 0.841384 0.425702
vt 0.871258 0.418104
vt 0.855610 0.409498
vt 0.841144 0.419673
vt 0.823165 0.034022
vt 0.819138 0.039570
vt 0.812219 0.030617
vt 0.805802 0.031656
vt 0.948680 0.405597
vt 0.932871 0.409208
vt 0.955845 0.383730
vt 0.970910 0.391630
vt 0.749226 0.064419
vt 0.744283 0.063140
vt 0.764731 0.057937
vt 0.758402 0.056649
vt 0.795597 0.398030
vt 0.754509 0.411197
vt 0.744506 0.400557
vt 0.769547 0.054911
vt 0.760224 0.061097
vt 0.840310 0.409824
vt 0.839478 0.400230
vt 0.901741 0.388898
vt 0.783439 0.012334
vt 0.779714 0.018460
vt 0.777745 0.014103
vt 0.902326 0.395201
vt 0.743404 0.070006
vt 0.740480 0.067127
vt 0.742409 0.076786
vt 0.737070 0.076023
vt 0.734428 0.389874
vt 0.720436 0.396759
vt 0.702953 0.384844
vt 0.737927 0.408682
vt 0.995199 0.378630
vt 0.997248 0.380438
vt 0.799348 0.032884
vt 0.993161 0.376815
vt 0.770572 0.413631
vt 0.856497 0.425388
vt 0.824287 0.400079
vt 0.785001 0.415724
vt 0.739234 0.068088
vt 0.740234 0.067348
vt 0.755741 0.064650
vt 0.761502 0.393617
vt 0.738242 0.068842
vt 0.826382 0.419102
vt 0.841116 0.419277
vt 0.856182 0.418967
vt 0.791448 0.044891
vt 0.750113 0.069647
vt 0.872511 0.383383
vt 0.856995 0.381377
vt 0.872303 0.380324
vt 0.774085 0.020531
vt 0.770466 0.027313
vt 0.768547 0.022908
vt 0.823806 0.352719
vt 0.809102 0.355386
vt 0.809012 0.352353
vt 0.758027 0.028447
vt 0.751418 0.027009
vt 0.756177 0.024041
vt 0.887739 0.381837
vt 0.887510 0.378775
vt 0.886287 0.349311
vt 0.902997 0.349788
vt 0.886559 0.352316
vt 0.854958 0.352087
vt 0.839369 0.355674
vt 0.839218 0.352649
vt 0.761279 0.021187
vt 0.766638 0.018528
vt 0.765045 0.029995
vt 0.763159 0.025578
vt 0.794731 0.354563
vt 0.794683 0.351528
vt 0.784792 0.382543
vt 0.798448 0.380731
vt 0.798556 0.383795
vt 0.812482 0.384614
vt 0.826716 0.381947
vt 0.826863 0.385009
vt 0.779844 0.353167
vt 0.779850 0.350141
vt 0.760641 0.350855
vt 0.760686 0.347873
vt 0.756446 0.378609
vt 0.770784 0.377733
vt 0.770849 0.380829
vt 0.753240 0.031427
vt 0.746961 0.030120
vt 0.734390 0.347731
vt 0.734393 0.344772
vt 0.703879 0.345184
vt 0.703438 0.341964
vt 0.741627 0.375917
vt 0.756407 0.375491
vt 0.744399 0.037963
vt 0.738609 0.037038
vt 0.742725 0.033434
vt 0.902925 0.379810
vt 0.902667 0.376740
vt 0.918532 0.377181
vt 0.918229 0.374096
vt 0.924815 0.342156
vt 0.956513 0.338412
vt 0.925169 0.345047
vt 0.776036 0.024922
vt 0.934912 0.373679
vt 0.934532 0.370608
vt 0.951432 0.369174
vt 0.950773 0.366329
vt 0.956411 0.335528
vt 0.991508 0.334423
vt 0.792929 0.015022
vt 0.787818 0.020993
vt 0.785621 0.016660
vt 0.856808 0.378328
vt 0.872095 0.377270
vt 0.825331 0.368913
vt 0.812181 0.378093
vt 0.810736 0.368545
vt 0.823929 0.355747
vt 0.809194 0.358426
vt 0.794830 0.358019
vt 0.782268 0.366394
vt 0.779899 0.356614
vt 0.887281 0.375717
vt 0.902409 0.373676
vt 0.855143 0.355111
vt 0.871140 0.357020
vt 0.855328 0.358138
vt 0.839522 0.358705
vt 0.870916 0.353995
vt 0.886833 0.355331
vt 0.841691 0.381905
vt 0.812354 0.381553
vt 0.826570 0.378890
vt 0.812227 0.378497
vt 0.779835 0.356206
vt 0.809240 0.358834
vt 0.796591 0.367733
vt 0.784705 0.379468
vt 0.798342 0.377671
vt 0.784622 0.376396
vt 0.734374 0.350662
vt 0.765701 0.364294
vt 0.760716 0.354248
vt 0.770724 0.374642
vt 0.741791 0.372859
vt 0.756377 0.372400
vt 0.704724 0.348545
vt 0.887265 0.375313
vt 0.871620 0.367224
vt 0.887054 0.365605
vt 0.903335 0.352767
vt 0.925538 0.347932
vt 0.917925 0.371022
vt 0.934165 0.367578
vt 0.902856 0.363310
vt 0.917999 0.370602
vt 0.902409 0.373269
vt 0.956660 0.341299
vt 0.988495 0.335857
vt 0.950142 0.363542
vt 0.870692 0.350978
vt 0.974156 0.352925
vt 0.972574 0.350897
vt 0.971036 0.348840
vt 0.871163 0.357428
vt 0.886853 0.355738
vt 0.824052 0.358782
vt 0.855357 0.358545
vt 0.802525 0.013423
vt 0.796454 0.019223
vt 0.772146 0.016164
vt 0.925457 0.348337
vt 0.945469 0.353860
vt 0.921699 0.359486
vt 0.720646 0.364437
vt 0.702042 0.350798
vt 0.721730 0.361963
vt 0.704676 0.348740
vt 0.722800 0.359495
vt 0.798289 0.377265
vt 0.841857 0.384965
vt 0.872073 0.376867
vt 0.856077 0.368314
vt 0.841525 0.378849
vt 0.813235 0.011836
vt 0.809204 0.017318
vt 0.802263 0.008353
vt 0.795812 0.009508
vt 0.950010 0.363201
vt 0.934386 0.367129
vt 0.956421 0.341683
vt 0.970499 0.348868
vt 0.739580 0.042208
vt 0.734528 0.040982
vt 0.755067 0.035872
vt 0.748756 0.034549
vt 0.794779 0.357609
vt 0.756092 0.371950
vt 0.745367 0.361372
vt 0.759883 0.032878
vt 0.750554 0.039003
vt 0.840538 0.368855
vt 0.839556 0.359112
vt 0.902669 0.346821
vt 0.903338 0.353172
vt 0.733836 0.047681
vt 0.730615 0.044977
vt 0.733205 0.054328
vt 0.727708 0.053653
vt 0.734658 0.351065
vt 0.723412 0.359445
vt 0.705583 0.348947
vt 0.742058 0.369472
vt 0.991592 0.334679
vt 0.995286 0.332667
vt 0.789412 0.010819
vt 0.988550 0.336027
vt 0.770592 0.374221
vt 0.857182 0.384435
vt 0.824093 0.359189
vt 0.784554 0.375987
vt 0.746071 0.042508
vt 0.760587 0.353841
vt 0.741951 0.369852
vt 0.826530 0.378487
vt 0.841491 0.378446
vt 0.856780 0.377925
vt 0.781699 0.022838
vt 0.740556 0.047377
vt 0.742135 0.102887
vt 0.742175 0.102885
vt 0.742123 0.102915
vt 0.742193 0.102840
vt 0.742227 0.102854
vt 0.742169 0.102912
vt 0.742212 0.102884
vt 0.742345 0.102759
vt 0.742317 0.102739
vt 0.742372 0.102701
vt 0.742305 0.102825
vt 0.742281 0.102810
vt 0.742256 0.102789
vt 0.742247 0.102870
vt 0.698389 0.295293
vt 0.698511 0.295302
vt 0.742125 0.102934
vt 0.742199 0.102914
vt 0.742256 0.102898
vt 0.844328 0.054562
vt 0.844282 0.054551
vt 0.844382 0.054540
vt 0.844354 0.054572
vt 0.844271 0.054585
vt 0.844200 0.054569
vt 0.844304 0.054590
vt 0.986199 0.285853
vt 0.986129 0.285797
vt 0.986271 0.285849
vt 0.844290 0.054633
vt 0.844272 0.054611
vt 0.844337 0.054597
vt 0.844391 0.054565
vt 0.844120 0.054587
vt 0.844119 0.054621
vt 0.844053 0.054607
vt 0.844200 0.054602
vt 0.844198 0.054628
vt 0.700120 0.301644
vt 0.700285 0.301654
vt 0.700378 0.301736
vt 0.700083 0.301506
vt 0.700235 0.301594
vt 0.700465 0.301718
vt 0.700619 0.301817
vt 0.700389 0.301661
vt 0.700316 0.301580
vt 0.700115 0.301480
vt 0.700447 0.301579
vt 0.700487 0.301673
vt 0.700856 0.301894
vt 0.700892 0.301830
vt 0.700660 0.301773
vt 0.700676 0.301706
vt 0.844450 0.052222
vt 0.844508 0.052263
vt 0.986521 0.292181
vt 0.986422 0.292174
vt 0.986609 0.292064
vt 0.986756 0.291930
vt 0.986643 0.291993
vt 0.986498 0.292096
vt 0.985955 0.292333
vt 0.985999 0.292398
vt 0.985775 0.292467
vt 0.986183 0.292180
vt 0.986207 0.292252
vt 0.986255 0.292295
vt 0.986392 0.292127
vt 0.986560 0.291998
vt 0.986425 0.292020
vt 0.986758 0.291891
vt 0.846890 0.182116
vt 0.846830 0.182118
vt 0.846898 0.182167
vt 0.846830 0.182153
vt 0.846760 0.182179
vt 0.846865 0.182246
vt 0.846917 0.182216
vt 0.846944 0.182258
vt 0.846775 0.182230
vt 0.846847 0.182215
vt 0.846800 0.182195
vt 0.846838 0.182184
vt 0.846697 0.182218
vt 0.846780 0.182188
vt 0.846739 0.182212
vt 0.846700 0.182229
vt 0.731004 0.237365
vt 0.730768 0.237360
vt 0.730987 0.237430
vt 0.730751 0.237395
vt 0.730528 0.237425
vt 0.730458 0.237425
vt 0.730753 0.237428
vt 0.730604 0.237426
vt 0.730540 0.237426
vt 0.730740 0.237458
vt 0.731007 0.237495
vt 0.730744 0.237484
vt 0.730431 0.237435
vt 0.882552 0.085287
vt 0.882645 0.084998
vt 0.882625 0.085228
vt 0.882612 0.085017
vt 0.882666 0.084787
vt 0.882667 0.084804
vt 0.882746 0.085228
vt 0.882724 0.084982
vt 0.882676 0.084997
vt 0.882703 0.084982
vt 0.882675 0.084699
vt 0.927216 0.247836
vt 0.927306 0.248024
vt 0.927349 0.248025
vt 0.927467 0.248181
vt 0.927503 0.248247
vt 0.927354 0.247679
vt 0.927411 0.248013
vt 0.927322 0.247773
vt 0.927430 0.248006
vt 0.927474 0.248199
vt 0.927379 0.248011
vt 0.843584 0.076796
vt 0.843694 0.076630
vt 0.843657 0.076548
vt 0.843733 0.076441
vt 0.843757 0.076413
vt 0.843648 0.076515
vt 0.843483 0.076699
vt 0.843638 0.076498
vt 0.843813 0.076274
vt 0.843766 0.076381
vt 0.843921 0.076161
vt 0.843919 0.076101
vt 0.831435 0.198043
vt 0.831434 0.198105
vt 0.831383 0.198107
vt 0.831504 0.197990
vt 0.831470 0.198043
vt 0.831503 0.198049
vt 0.831487 0.198112
vt 0.831547 0.197984
vt 0.831527 0.197948
vt 0.831543 0.197907
vt 0.831532 0.197904
vt 0.831494 0.197971
vt 0.831538 0.198129
vt 0.831566 0.198075
vt 0.831534 0.198058
vt 0.831528 0.197996
vt 0.901231 0.276844
vt 0.901030 0.276709
vt 0.901229 0.276796
vt 0.901423 0.276963
vt 0.901387 0.276942
vt 0.900968 0.276825
vt 0.901217 0.276924
vt 0.901219 0.276874
vt 0.901223 0.276905
vt 0.901498 0.277015
vt 0.901349 0.276929
vt 0.826001 0.176840
vt 0.825950 0.176806
vt 0.825974 0.176760
vt 0.826012 0.176925
vt 0.825984 0.176869
vt 0.825962 0.176893
vt 0.825916 0.176848
vt 0.825996 0.176963
vt 0.826035 0.176964
vt 0.826061 0.176996
vt 0.826069 0.176990
vt 0.826033 0.176926
vt 0.825875 0.176883
vt 0.825910 0.176935
vt 0.825939 0.176915
vt 0.825995 0.176941
vt 0.718959 0.203333
vt 0.719127 0.203215
vt 0.718974 0.203360
vt 0.718789 0.203461
vt 0.718852 0.203412
vt 0.718951 0.203305
vt 0.719114 0.203152
vt 0.719132 0.203064
vt 0.718913 0.203283
vt 0.718929 0.203290
vt 0.718806 0.203451
vt 0.718706 0.203504
vt 0.942054 0.288833
vt 0.941889 0.288899
vt 0.942146 0.288896
vt 0.941996 0.288991
vt 0.941819 0.288977
vt 0.942050 0.289078
vt 0.941932 0.289084
vt 0.942159 0.289302
vt 0.942048 0.289195
vt 0.942262 0.289046
vt 0.941909 0.289415
vt 0.941932 0.289202
vt 0.941980 0.289129
vt 0.941743 0.289050
vt 0.941685 0.289219
vt 0.941842 0.289153
vt 0.941754 0.289308
vt 0.875609 0.044023
vt 0.875570 0.044145
vt 0.948336 0.151845
vt 0.948344 0.151869
vt 0.948321 0.151845
vt 0.875663 0.044190
vt 0.875664 0.043945
vt 0.875722 0.044053
vt 0.948381 0.151865
vt 0.948358 0.151845
vt 0.876014 0.044059
vt 0.875849 0.044014
vt 0.875915 0.043898
vt 0.948360 0.151875
vt 0.948374 0.151881
vt 0.875752 0.044246
vt 0.875918 0.044253
vt 0.875818 0.044124
vt 0.875967 0.044173
vt 0.875745 0.043992
vt 0.834807 0.185646
vt 0.834786 0.185568
vt 0.834767 0.185693
vt 0.834756 0.185618
vt 0.834729 0.185551
vt 0.834704 0.185633
vt 0.834713 0.185600
vt 0.834642 0.185716
vt 0.834721 0.185735
vt 0.834623 0.185660
vt 0.834691 0.185685
vt 0.834728 0.185656
vt 0.834668 0.185597
vt 0.834612 0.185602
vt 0.834671 0.185541
vt 0.834671 0.185643
vt 0.684582 0.231534
vt 0.684581 0.231347
vt 0.684487 0.231598
vt 0.684435 0.231419
vt 0.684525 0.231250
vt 0.684299 0.231456
vt 0.684356 0.231306
vt 0.885918 0.047781
vt 0.885946 0.047770
vt 0.885925 0.047809
vt 0.885899 0.047792
vt 0.684356 0.231661
vt 0.885901 0.047778
vt 0.885915 0.047765
vt 0.684327 0.231192
vt 0.684317 0.231029
vt 0.684477 0.231154
vt 0.684222 0.231054
vt 0.684276 0.231334
vt 0.684223 0.231241
vt 0.882868 0.089978
vt 0.882817 0.090031
vt 0.882857 0.089904
vt 0.882896 0.089894
vt 0.882879 0.090050
vt 0.882843 0.090119
vt 0.882898 0.089962
vt 0.882897 0.090016
vt 0.882928 0.089978
vt 0.882937 0.089901
vt 0.882980 0.090034
vt 0.882915 0.090050
vt 0.882866 0.090213
vt 0.882916 0.090215
vt 0.883814 0.089316
vt 0.882894 0.090119
vt 0.882945 0.090123
vt 0.849381 0.181402
vt 0.849337 0.181446
vt 0.849425 0.181411
vt 0.849382 0.181446
vt 0.849346 0.181490
vt 0.849409 0.181473
vt 0.849386 0.181479
vt 0.848624 0.181451
vt 0.849468 0.181425
vt 0.847397 0.182089
vt 0.849455 0.181518
vt 0.849445 0.181463
vt 0.849426 0.181490
vt 0.849415 0.181450
vt 0.849361 0.181533
vt 0.849422 0.181549
vt 0.849382 0.181576
vt 0.849399 0.181510
vt 0.924958 0.243583
vt 0.924986 0.243653
vt 0.924886 0.243564
vt 0.924930 0.243516
vt 0.924992 0.243582
vt 0.925025 0.243641
vt 0.924963 0.243535
vt 0.924878 0.243354
vt 0.924836 0.243381
vt 0.926037 0.243292
vt 0.924950 0.243418
vt 0.924908 0.243448
vt 0.924864 0.243474
vt 0.925009 0.243553
vt 0.925026 0.243478
vt 0.925057 0.243615
vt 0.924961 0.243497
vt 0.830833 0.200625
vt 0.830789 0.200671
vt 0.830784 0.200623
vt 0.830879 0.200633
vt 0.830835 0.200671
vt 0.830800 0.200716
vt 0.830863 0.200698
vt 0.830840 0.200704
vt 0.830940 0.200708
vt 0.830923 0.200647
vt 0.830911 0.200743
vt 0.830900 0.200687
vt 0.830881 0.200714
vt 0.830869 0.200674
vt 0.830816 0.200759
vt 0.830877 0.200774
vt 0.831190 0.198703
vt 0.830854 0.200735
vt 0.736081 0.237484
vt 0.736002 0.237474
vt 0.736136 0.237428
vt 0.736157 0.237493
vt 0.736064 0.237516
vt 0.735992 0.237516
vt 0.736122 0.237514
vt 0.736332 0.237528
vt 0.736329 0.237476
vt 0.735671 0.238537
vt 0.736236 0.237562
vt 0.736231 0.237508
vt 0.736230 0.237454
vt 0.736082 0.237547
vt 0.736143 0.237601
vt 0.736000 0.237559
vt 0.736159 0.237532
vt 0.896313 0.274487
vt 0.896290 0.274417
vt 0.896378 0.274567
vt 0.896316 0.274536
vt 0.896243 0.274466
vt 0.896197 0.274395
vt 0.896262 0.274507
vt 0.896274 0.274563
vt 0.896352 0.274605
vt 0.896201 0.274582
vt 0.896217 0.274513
vt 0.896109 0.274378
vt 0.896072 0.274442
vt 0.896396 0.275607
vt 0.896165 0.274453
vt 0.896132 0.274511
vt 0.841279 0.080944
vt 0.841315 0.080869
vt 0.841285 0.081018
vt 0.841237 0.080997
vt 0.841261 0.080899
vt 0.841285 0.080831
vt 0.841234 0.080951
vt 0.841099 0.081098
vt 0.841169 0.081135
vt 0.840522 0.079365
vt 0.841105 0.081003
vt 0.841178 0.081042
vt 0.841227 0.081079
vt 0.841191 0.080963
vt 0.841164 0.080777
vt 0.841208 0.080887
vt 0.841121 0.080898
vt 0.841248 0.080802
vt 0.824087 0.175029
vt 0.824069 0.174968
vt 0.824057 0.175064
vt 0.824047 0.175008
vt 0.824026 0.174954
vt 0.824027 0.175035
vt 0.824016 0.174995
vt 0.823962 0.175081
vt 0.824024 0.175095
vt 0.823946 0.175037
vt 0.824001 0.175056
vt 0.823986 0.175025
vt 0.823980 0.174946
vt 0.823936 0.174992
vt 0.825310 0.176847
vt 0.823982 0.174992
vt 0.824010 0.175019
vt 0.723382 0.199397
vt 0.723393 0.199276
vt 0.723471 0.199310
vt 0.723314 0.199297
vt 0.723325 0.199340
vt 0.723442 0.199209
vt 0.723539 0.199216
vt 0.723399 0.199202
vt 0.723364 0.199196
vt 0.723311 0.199255
vt 0.723354 0.199243
vt 0.723592 0.199123
vt 0.723543 0.199057
vt 0.722723 0.198562
vt 0.723493 0.199142
vt 0.723468 0.199097
vt 0.723421 0.199159
vt 0.733444 0.085185
vt 0.733392 0.085205
vt 0.733459 0.085141
vt 0.733495 0.085158
vt 0.733439 0.085214
vt 0.733392 0.085220
vt 0.733481 0.085186
vt 0.733618 0.085068
vt 0.733587 0.085047
vt 0.733642 0.085008
vt 0.733572 0.085130
vt 0.733551 0.085118
vt 0.733523 0.085094
vt 0.733514 0.085174
vt 0.702365 0.379794
vt 0.702487 0.379794
vt 0.702200 0.379858
vt 0.702286 0.379800
vt 0.733467 0.085207
vt 0.740263 0.067281
vt 0.740291 0.067299
vt 0.740300 0.067202
vt 0.740321 0.067232
vt 0.740356 0.067239
vt 0.740348 0.067173
vt 0.740371 0.067188
vt 0.740383 0.067054
vt 0.740378 0.067120
vt 0.740340 0.067122
vt 0.740412 0.067072
vt 0.740406 0.067123
vt 0.740377 0.067159
vt 0.740415 0.067147
vt 0.740457 0.067107
vt 0.740421 0.067178
vt 0.740435 0.067089
vt 0.834371 0.037435
vt 0.834344 0.037464
vt 0.834299 0.037449
vt 0.834410 0.037449
vt 0.834372 0.037476
vt 0.834286 0.037482
vt 0.834215 0.037462
vt 0.834319 0.037489
vt 0.993068 0.370278
vt 0.993004 0.370218
vt 0.993136 0.370278
vt 0.992887 0.370231
vt 0.992863 0.370171
vt 0.993079 0.370206
vt 0.992953 0.370168
vt 0.834130 0.037474
vt 0.834126 0.037509
vt 0.834060 0.037488
vt 0.834213 0.037496
vt 0.834209 0.037524
vt 0.834286 0.037506
vt 0.732024 0.083896
vt 0.732010 0.083860
vt 0.732025 0.083823
vt 0.732003 0.083928
vt 0.732000 0.083883
vt 0.732012 0.083802
vt 0.732034 0.083742
vt 0.732002 0.083833
vt 0.701287 0.384774
vt 0.701168 0.384658
vt 0.731958 0.083822
vt 0.731992 0.083801
vt 0.731981 0.083865
vt 0.731989 0.083926
vt 0.732046 0.083655
vt 0.732013 0.083646
vt 0.732046 0.083577
vt 0.732014 0.083733
vt 0.731981 0.083733
vt 0.738233 0.068781
vt 0.738266 0.068777
vt 0.738214 0.068828
vt 0.738206 0.068780
vt 0.738253 0.068729
vt 0.738296 0.068700
vt 0.738227 0.068743
vt 0.738137 0.068782
vt 0.738193 0.068756
vt 0.738164 0.068799
vt 0.738063 0.408795
vt 0.738091 0.408911
vt 0.737979 0.408828
vt 0.738189 0.068814
vt 0.738355 0.409135
vt 0.738395 0.409052
vt 0.738537 0.409169
vt 0.738274 0.068670
vt 0.738328 0.068623
vt 0.738213 0.409014
vt 0.738228 0.408923
vt 0.738228 0.068713
vt 0.993001 0.376827
vt 0.993214 0.376730
vt 0.992905 0.376909
vt 0.992819 0.376893
vt 0.993053 0.376767
vt 0.992897 0.376836
vt 0.992383 0.377017
vt 0.992421 0.377080
vt 0.992205 0.377134
vt 0.992603 0.376887
vt 0.992620 0.376954
vt 0.992662 0.376996
vt 0.992797 0.376849
vt 0.992971 0.376754
vt 0.992837 0.376755
vt 0.993229 0.376681
vt 0.724716 0.062395
vt 0.724751 0.062379
vt 0.724720 0.062426
vt 0.724750 0.062329
vt 0.724788 0.062335
vt 0.724756 0.062405
vt 0.724783 0.062367
vt 0.724893 0.062233
vt 0.724863 0.062215
vt 0.724913 0.062173
vt 0.724862 0.062300
vt 0.724836 0.062287
vt 0.724808 0.062269
vt 0.724811 0.062348
vt 0.724774 0.062430
vt 0.724781 0.062396
vt 0.724825 0.062373
vt 0.724746 0.062442
vt 0.824352 0.015274
vt 0.824319 0.015291
vt 0.824279 0.015264
vt 0.824383 0.015305
vt 0.824338 0.015308
vt 0.824260 0.015295
vt 0.824190 0.015269
vt 0.824289 0.015309
vt 0.995125 0.332415
vt 0.995084 0.332346
vt 0.995220 0.332468
vt 0.824269 0.015341
vt 0.824256 0.015319
vt 0.824316 0.015323
vt 0.824373 0.015317
vt 0.824104 0.015281
vt 0.824100 0.015316
vt 0.824034 0.015295
vt 0.824187 0.015304
vt 0.824182 0.015332
vt 0.704819 0.348732
vt 0.704913 0.348803
vt 0.704602 0.348618
vt 0.704768 0.348679
vt 0.704990 0.348775
vt 0.705143 0.348861
vt 0.704916 0.348727
vt 0.704844 0.348655
vt 0.704639 0.348583
vt 0.704970 0.348642
vt 0.705010 0.348728
vt 0.705374 0.348916
vt 0.705407 0.348848
vt 0.705180 0.348812
vt 0.705194 0.348745
vt 0.988406 0.336040
vt 0.988577 0.335957
vt 0.988324 0.336112
vt 0.988249 0.336100
vt 0.988451 0.335986
vt 0.988314 0.336049
vt 0.987881 0.336211
vt 0.987914 0.336264
vt 0.987733 0.336313
vt 0.988064 0.336098
vt 0.988080 0.336155
vt 0.988117 0.336190
vt 0.988229 0.336062
vt 0.988378 0.335974
vt 0.988262 0.335978
vt 0.988580 0.335924
vt 0.761586 0.121667
vt 0.761700 0.121660
vt 0.761544 0.121570
vt 0.761641 0.121594
vt 0.761707 0.121527
vt 0.761786 0.121574
vt 0.761598 0.121524
vt 0.761593 0.121453
vt 0.761502 0.121464
vt 0.761594 0.121374
vt 0.761733 0.121391
vt 0.761680 0.121445
vt 0.761658 0.121496
vt 0.761884 0.121500
vt 0.761864 0.121410
vt 0.761782 0.121465
vt 0.764690 0.122838
vt 0.764724 0.122921
vt 0.764620 0.122929
vt 0.764764 0.122748
vt 0.764781 0.122845
vt 0.764828 0.122898
vt 0.764875 0.122796
vt 0.764859 0.122840
vt 0.764958 0.122659
vt 0.764844 0.122660
vt 0.764973 0.122739
vt 0.764894 0.122718
vt 0.764835 0.122777
vt 0.764923 0.122771
vt 0.764926 0.122880
vt 0.764990 0.122813
vt 0.767985 0.124354
vt 0.764924 0.122824
vt 0.781732 0.062450
vt 0.787185 0.059857
vt 0.781721 0.062425
vt 0.787174 0.059832
vt 0.781710 0.062400
vt 0.787163 0.059807
vt 0.834141 0.345671
vt 0.849339 0.345443
vt 0.776522 0.065225
vt 0.776511 0.065200
vt 0.776499 0.065176
vt 0.819279 0.345330
vt 0.790963 0.068872
vt 0.796655 0.066510
vt 0.790974 0.068899
vt 0.796666 0.066536
vt 0.790986 0.068925
vt 0.847653 0.313417
vt 0.802425 0.064437
vt 0.802437 0.064464
vt 0.796677 0.066563
vt 0.863044 0.312529
vt 0.798432 0.055501
vt 0.792770 0.057536
vt 0.798421 0.055476
vt 0.792760 0.057511
vt 0.798412 0.055450
vt 0.879673 0.343162
vt 0.792750 0.057486
vt 0.864547 0.344590
vt 0.785405 0.071507
vt 0.780094 0.074325
vt 0.785416 0.071534
vt 0.780105 0.074352
vt 0.785429 0.071560
vt 0.780118 0.074378
vt 0.832269 0.313659
vt 0.817223 0.313322
vt 0.775119 0.077244
vt 0.770437 0.080290
vt 0.775131 0.077271
vt 0.770449 0.080317
vt 0.775144 0.077296
vt 0.770463 0.080342
vt 0.802811 0.312476
vt 0.788903 0.311109
vt 0.771647 0.068105
vt 0.771636 0.068080
vt 0.771623 0.068056
vt 0.805033 0.344478
vt 0.767063 0.071113
vt 0.767052 0.071088
vt 0.767038 0.071065
vt 0.791256 0.343110
vt 0.762684 0.074311
vt 0.762673 0.074285
vt 0.762659 0.074262
vt 0.777671 0.341186
vt 0.758411 0.077777
vt 0.758405 0.077747
vt 0.758393 0.077722
vt 0.763957 0.338629
vt 0.765746 0.083709
vt 0.759836 0.088496
vt 0.765757 0.083737
vt 0.759841 0.088527
vt 0.765771 0.083761
vt 0.759853 0.088554
vt 0.774532 0.309049
vt 0.755802 0.305548
vt 0.750271 0.085323
vt 0.746201 0.093995
vt 0.750244 0.085314
vt 0.746146 0.094035
vt 0.750217 0.085306
vt 0.715352 0.318234
vt 0.735925 0.331230
vt 0.746100 0.094058
vt 0.754195 0.081553
vt 0.754201 0.081513
vt 0.754196 0.081481
vt 0.749903 0.335350
vt 0.751734 0.095265
vt 0.751727 0.095306
vt 0.751730 0.095339
vt 0.729794 0.300359
vt 0.808645 0.062589
vt 0.808657 0.062615
vt 0.802447 0.064490
vt 0.878317 0.310994
vt 0.817303 0.060639
vt 0.817323 0.060663
vt 0.808667 0.062642
vt 0.894425 0.308541
vt 0.810124 0.052211
vt 0.804161 0.053755
vt 0.810105 0.052188
vt 0.804150 0.053731
vt 0.810092 0.052163
vt 0.804133 0.053675
vt 0.810085 0.052133
vt 0.804141 0.053705
vt 0.798404 0.055420
vt 0.833280 0.052094
vt 0.833343 0.052074
vt 0.833388 0.052051
vt 0.822517 0.049944
vt 0.822523 0.049918
vt 0.822530 0.049893
vt 0.822538 0.049863
vt 0.829761 0.058056
vt 0.829799 0.058075
vt 0.817337 0.060688
vt 0.948384 0.295457
vt 0.916481 0.303710
vt 0.829824 0.058097
vt 0.986011 0.285818
vt 0.816449 0.050901
vt 0.816416 0.050881
vt 0.816384 0.050829
vt 0.816394 0.050859
vt 0.849058 0.339217
vt 0.833943 0.339437
vt 0.849052 0.339113
vt 0.833937 0.339333
vt 0.849046 0.339008
vt 0.833930 0.339228
vt 0.819163 0.339092
vt 0.819156 0.338987
vt 0.819148 0.338883
vt 0.863436 0.318627
vt 0.847926 0.319519
vt 0.863441 0.318731
vt 0.847932 0.319623
vt 0.863446 0.318835
vt 0.847938 0.319727
vt 0.878848 0.317085
vt 0.878853 0.317189
vt 0.878856 0.317294
vt 0.864185 0.338364
vt 0.879226 0.336920
vt 0.864180 0.338259
vt 0.879222 0.336815
vt 0.864176 0.338155
vt 0.879219 0.336710
vt 0.817284 0.319430
vt 0.832432 0.319765
vt 0.817291 0.319534
vt 0.832438 0.319869
vt 0.817299 0.319638
vt 0.832445 0.319973
vt 0.788734 0.317205
vt 0.802764 0.318584
vt 0.788741 0.317308
vt 0.802771 0.318687
vt 0.788752 0.317413
vt 0.802781 0.318792
vt 0.805003 0.338238
vt 0.804995 0.338133
vt 0.804985 0.338028
vt 0.791320 0.336863
vt 0.791312 0.336758
vt 0.791301 0.336652
vt 0.777844 0.334927
vt 0.777834 0.334821
vt 0.777819 0.334714
vt 0.764265 0.332356
vt 0.764242 0.332247
vt 0.764206 0.332136
vt 0.755441 0.311469
vt 0.774238 0.315092
vt 0.755464 0.311573
vt 0.774247 0.315196
vt 0.755501 0.311679
vt 0.774263 0.315300
vt 0.718065 0.313558
vt 0.736887 0.325336
vt 0.718205 0.313552
vt 0.736917 0.325244
vt 0.718393 0.313576
vt 0.736956 0.325158
vt 0.717990 0.313605
vt 0.750410 0.329074
vt 0.750355 0.328957
vt 0.750272 0.328835
vt 0.729580 0.306282
vt 0.729637 0.306387
vt 0.729724 0.306497
vt 0.895126 0.314613
vt 0.895128 0.314717
vt 0.895126 0.314822
vt 0.917325 0.309694
vt 0.917311 0.309801
vt 0.917284 0.309911
vt 0.894218 0.334878
vt 0.909617 0.332156
vt 0.894217 0.334773
vt 0.909631 0.332047
vt 0.894219 0.334667
vt 0.909658 0.331937
vt 0.844405 0.052213
vt 0.964870 0.308373
vt 0.964726 0.308373
vt 0.964534 0.308406
vt 0.964951 0.308419
vt 0.942323 0.324672
vt 0.942289 0.324575
vt 0.942248 0.324483
vt 0.949241 0.301381
vt 0.949190 0.301495
vt 0.949107 0.301616
vt 0.925823 0.328668
vt 0.925871 0.328551
vt 0.925947 0.328429
vt 0.986605 0.288808
vt 0.986722 0.291878
vt 0.844507 0.053402
vt 0.844395 0.054549
vt 0.844494 0.053396
vt 0.698260 0.295367
vt 0.741181 0.102214
vt 0.698831 0.298517
vt 0.740297 0.101489
vt 0.850540 0.127082
vt 0.850476 0.127051
vt 0.850406 0.127039
vt 0.774761 0.203787
vt 0.774718 0.203647
vt 0.774728 0.203720
vt 0.917143 0.099830
vt 0.885911 0.047824
vt 0.917115 0.099844
vt 0.885903 0.047834
vt 0.917126 0.099839
vt 0.752254 0.110927
vt 0.878471 0.228368
vt 0.878527 0.228325
vt 0.878569 0.228267
vt 0.948405 0.151848
vt 0.939019 0.157518
vt 0.938750 0.157583
vt 0.988756 0.053921
vt 0.968580 0.102884
vt 0.938885 0.157551
vt 0.988727 0.053873
vt 0.808755 0.293809
vt 0.808812 0.293527
vt 0.937337 0.050822
vt 0.808784 0.293669
vt 0.859849 0.136684
vt 0.859807 0.136652
vt 0.882665 0.084734
vt 0.859768 0.136614
vt 0.882657 0.084573
vt 0.927574 0.248388
vt 0.881622 0.214938
vt 0.881636 0.214886
vt 0.881656 0.214836
vt 0.882675 0.084553
vt 0.926576 0.160530
vt 0.926491 0.160551
vt 0.926407 0.160573
vt 0.927603 0.248402
vt 0.927534 0.248280
vt 0.784684 0.212789
vt 0.784650 0.212746
vt 0.784609 0.212707
vt 0.730291 0.237420
vt 0.865556 0.232079
vt 0.865605 0.232057
vt 0.901465 0.276984
vt 0.865658 0.232040
vt 0.901615 0.277053
vt 0.901630 0.277081
vt 0.811415 0.280677
vt 0.811434 0.280587
vt 0.811453 0.280499
vt 0.730278 0.237440
vt 0.837361 0.130177
vt 0.837309 0.130189
vt 0.843790 0.076363
vt 0.837258 0.130195
vt 0.778963 0.190740
vt 0.778967 0.190684
vt 0.778961 0.190631
vt 0.718632 0.203605
vt 0.718742 0.203505
vt 0.718599 0.203595
vt 0.862221 0.137601
vt 0.862182 0.137565
vt 0.862140 0.137536
vt 0.865017 0.139271
vt 0.883198 0.212933
vt 0.883218 0.212886
vt 0.884122 0.210831
vt 0.850834 0.181960
vt 0.887186 0.202071
vt 0.923393 0.161398
vt 0.923311 0.161420
vt 0.923229 0.161443
vt 0.919571 0.162208
vt 0.787589 0.217747
vt 0.785687 0.215231
vt 0.785648 0.215191
vt 0.785617 0.215148
vt 0.863610 0.233746
vt 0.863661 0.233728
vt 0.863708 0.233706
vt 0.860438 0.235351
vt 0.812184 0.277348
vt 0.812203 0.277262
vt 0.812223 0.277175
vt 0.813303 0.273246
vt 0.835085 0.129806
vt 0.835035 0.129812
vt 0.834983 0.129826
vt 0.830316 0.130974
vt 0.778023 0.188364
vt 0.778025 0.188307
vt 0.778348 0.185469
vt 0.778030 0.188419
vt 0.723398 0.199137
vt 0.848161 0.181816
vt 0.848173 0.181863
vt 0.848148 0.181770
vt 0.926068 0.245495
vt 0.926022 0.245520
vt 0.925977 0.245544
vt 0.733749 0.237460
vt 0.733746 0.237595
vt 0.733750 0.237405
vt 0.733748 0.237515
vt 0.898562 0.275431
vt 0.896391 0.274523
vt 0.898479 0.275605
vt 0.898527 0.275504
vt 0.898503 0.275554
vt 0.901015 0.276775
vt 0.824922 0.175961
vt 0.824956 0.175926
vt 0.824990 0.175891
vt 0.842272 0.078935
vt 0.842308 0.078983
vt 0.842349 0.079025
vt 0.843545 0.076728
vt 0.882780 0.087790
vt 0.882832 0.087787
vt 0.882729 0.087792
vt 0.882685 0.085212
vt 0.831222 0.199426
vt 0.831174 0.199415
vt 0.831127 0.199403
vt 0.721453 0.201006
vt 0.721451 0.201068
vt 0.721451 0.201127
vt 0.770907 0.043119
vt 0.776312 0.040444
vt 0.770895 0.043094
vt 0.776301 0.040419
vt 0.856503 0.425535
vt 0.841386 0.425782
vt 0.856500 0.425467
vt 0.765768 0.046010
vt 0.765757 0.045985
vt 0.841385 0.425849
vt 0.826616 0.425607
vt 0.780168 0.049344
vt 0.785765 0.046968
vt 0.780180 0.049370
vt 0.870192 0.392475
vt 0.854710 0.393441
vt 0.854708 0.393369
vt 0.791462 0.044922
vt 0.785776 0.046995
vt 0.885542 0.391018
vt 0.870199 0.392547
vt 0.787535 0.036040
vt 0.781874 0.038080
vt 0.787524 0.036015
vt 0.871629 0.424674
vt 0.886642 0.423239
vt 0.886651 0.423305
vt 0.781864 0.038055
vt 0.871623 0.424607
vt 0.774730 0.052035
vt 0.769560 0.054941
vt 0.774742 0.052061
vt 0.769572 0.054968
vt 0.824111 0.393573
vt 0.839230 0.393793
vt 0.824106 0.393645
vt 0.839231 0.393721
vt 0.764744 0.057967
vt 0.760237 0.061128
vt 0.764756 0.057994
vt 0.760249 0.061154
vt 0.795610 0.391928
vt 0.809613 0.393047
vt 0.795598 0.391999
vt 0.809622 0.392976
vt 0.760993 0.049031
vt 0.760981 0.049006
vt 0.826612 0.425674
vt 0.812419 0.425018
vt 0.756560 0.052202
vt 0.756548 0.052178
vt 0.756533 0.052156
vt 0.760967 0.048984
vt 0.798661 0.423897
vt 0.752357 0.055548
vt 0.752346 0.055523
vt 0.752330 0.055501
vt 0.785100 0.422217
vt 0.748289 0.059159
vt 0.748279 0.059131
vt 0.748263 0.059110
vt 0.771422 0.419889
vt 0.755753 0.064682
vt 0.750119 0.069684
vt 0.761689 0.387689
vt 0.781015 0.390291
vt 0.761639 0.387751
vt 0.780997 0.390361
vt 0.761607 0.387817
vt 0.781045 0.390222
vt 0.737010 0.076076
vt 0.736947 0.076125
vt 0.736890 0.076160
vt 0.744287 0.063093
vt 0.744282 0.063060
vt 0.744263 0.063041
vt 0.757388 0.416917
vt 0.743403 0.413687
vt 0.742400 0.076834
vt 0.702893 0.379746
vt 0.734180 0.383997
vt 0.702695 0.379769
vt 0.734119 0.384052
vt 0.734272 0.383949
vt 0.797638 0.043154
vt 0.791473 0.044948
vt 0.901711 0.388748
vt 0.885553 0.391090
vt 0.806357 0.041456
vt 0.797650 0.043180
vt 0.923766 0.384421
vt 0.901729 0.388818
vt 0.799325 0.032857
vt 0.793294 0.034312
vt 0.799307 0.032834
vt 0.901633 0.421455
vt 0.917040 0.418966
vt 0.917069 0.419030
vt 0.793283 0.034287
vt 0.901619 0.421389
vt 0.823242 0.034011
vt 0.823308 0.033997
vt 0.823355 0.033978
vt 0.823379 0.033951
vt 0.812225 0.030586
vt 0.812233 0.030559
vt 0.812247 0.030535
vt 0.974227 0.396125
vt 0.819182 0.039594
vt 0.806376 0.041481
vt 0.955452 0.377490
vt 0.923800 0.384486
vt 0.955516 0.377548
vt 0.819219 0.039616
vt 0.992677 0.370200
vt 0.805760 0.031633
vt 0.933361 0.415865
vt 0.949954 0.411796
vt 0.949947 0.411868
vt 0.805726 0.031612
vt 0.933301 0.415808
vt 0.856200 0.419269
vt 0.841139 0.419579
vt 0.856194 0.419166
vt 0.841132 0.419475
vt 0.856188 0.419062
vt 0.841124 0.419372
vt 0.826410 0.419404
vt 0.826402 0.419300
vt 0.826392 0.419196
vt 0.870574 0.398671
vt 0.855006 0.399574
vt 0.870579 0.398775
vt 0.855012 0.399678
vt 0.870583 0.398880
vt 0.855018 0.399782
vt 0.886033 0.397200
vt 0.886037 0.397304
vt 0.886040 0.397409
vt 0.871270 0.418407
vt 0.886243 0.417035
vt 0.871266 0.418304
vt 0.886240 0.416931
vt 0.871262 0.418200
vt 0.886238 0.416827
vt 0.824258 0.399774
vt 0.839454 0.399925
vt 0.824266 0.399877
vt 0.839461 0.400028
vt 0.824276 0.399982
vt 0.839470 0.400133
vt 0.795600 0.398126
vt 0.809691 0.399177
vt 0.795611 0.398230
vt 0.809700 0.399281
vt 0.795625 0.398334
vt 0.809712 0.399385
vt 0.812278 0.418791
vt 0.812269 0.418688
vt 0.812258 0.418584
vt 0.798613 0.417671
vt 0.798603 0.417568
vt 0.798590 0.417463
vt 0.785051 0.416029
vt 0.785038 0.415925
vt 0.785020 0.415820
vt 0.770693 0.413947
vt 0.770659 0.413839
vt 0.770616 0.413730
vt 0.761511 0.393714
vt 0.780950 0.396484
vt 0.761537 0.393821
vt 0.780964 0.396588
vt 0.761574 0.393930
vt 0.780983 0.396693
vt 0.735080 0.076317
vt 0.735075 0.076262
vt 0.735072 0.076190
vt 0.735094 0.076348
vt 0.754808 0.411541
vt 0.754715 0.411423
vt 0.754610 0.411305
vt 0.701405 0.384781
vt 0.733826 0.389570
vt 0.701599 0.384922
vt 0.730496 0.071186
vt 0.734334 0.389765
vt 0.702796 0.384723
vt 0.733879 0.389685
vt 0.729120 0.060395
vt 0.730532 0.071143
vt 0.729156 0.060369
vt 0.730563 0.071096
vt 0.902334 0.394895
vt 0.902335 0.394999
vt 0.902332 0.395103
vt 0.924478 0.390424
vt 0.924461 0.390529
vt 0.924432 0.390637
vt 0.901169 0.415173
vt 0.916514 0.412726
vt 0.901169 0.415069
vt 0.916530 0.412618
vt 0.901172 0.414964
vt 0.916558 0.412509
vt 0.971445 0.391576
vt 0.971307 0.391568
vt 0.971121 0.391591
vt 0.948784 0.405862
vt 0.948755 0.405768
vt 0.948720 0.405677
vt 0.956090 0.383398
vt 0.956035 0.383507
vt 0.955948 0.383621
vt 0.932653 0.409553
vt 0.932701 0.409439
vt 0.932779 0.409320
vt 0.993470 0.373241
vt 0.993188 0.376653
vt 0.834908 0.035173
vt 0.834624 0.036311
vt 0.834881 0.035165
vt 0.834650 0.036325
vt 0.702234 0.379854
vt 0.732675 0.084597
vt 0.732676 0.084582
vt 0.701617 0.382149
vt 0.732010 0.083917
vt 0.740798 0.411362
vt 0.739299 0.067941
vt 0.739264 0.068020
vt 0.743228 0.413566
vt 0.739335 0.067862
vt 0.761267 0.021157
vt 0.766625 0.018499
vt 0.857192 0.384654
vt 0.841860 0.385114
vt 0.857190 0.384584
vt 0.841860 0.385046
vt 0.857187 0.384516
vt 0.756164 0.024012
vt 0.841857 0.385183
vt 0.826861 0.385158
vt 0.826864 0.385089
vt 0.770480 0.027343
vt 0.776049 0.024952
vt 0.770491 0.027369
vt 0.776061 0.024978
vt 0.770503 0.027395
vt 0.854953 0.352004
vt 0.781712 0.022868
vt 0.781724 0.022894
vt 0.776072 0.025005
vt 0.870686 0.350895
vt 0.777732 0.014074
vt 0.872531 0.383600
vt 0.887756 0.381986
vt 0.887769 0.382053
vt 0.872523 0.383531
vt 0.887746 0.381918
vt 0.772133 0.016135
vt 0.872517 0.383463
vt 0.765058 0.030026
vt 0.759895 0.032908
vt 0.765069 0.030052
vt 0.759907 0.032934
vt 0.765082 0.030077
vt 0.759920 0.032959
vt 0.839215 0.352565
vt 0.823805 0.352636
vt 0.755079 0.035903
vt 0.750566 0.039034
vt 0.755091 0.035929
vt 0.750578 0.039060
vt 0.755105 0.035954
vt 0.750593 0.039084
vt 0.809013 0.352269
vt 0.794686 0.351445
vt 0.751406 0.026980
vt 0.826853 0.385227
vt 0.812476 0.384764
vt 0.812482 0.384695
vt 0.746949 0.030090
vt 0.812463 0.384832
vt 0.798546 0.383945
vt 0.798555 0.383877
vt 0.742714 0.033403
vt 0.798527 0.384013
vt 0.784775 0.382693
vt 0.784789 0.382625
vt 0.738603 0.037002
vt 0.784749 0.382759
vt 0.770814 0.380976
vt 0.770842 0.380910
vt 0.746083 0.042539
vt 0.740562 0.047413
vt 0.746095 0.042566
vt 0.740570 0.047444
vt 0.746110 0.042590
vt 0.740582 0.047470
vt 0.779856 0.350057
vt 0.760697 0.347791
vt 0.730585 0.044966
vt 0.727656 0.053705
vt 0.730559 0.044963
vt 0.727608 0.053749
vt 0.730532 0.044964
vt 0.720643 0.364529
vt 0.741626 0.376002
vt 0.727566 0.053777
vt 0.700165 0.353071
vt 0.734534 0.040934
vt 0.770768 0.381038
vt 0.756372 0.378748
vt 0.756428 0.378689
vt 0.756284 0.378799
vt 0.741646 0.376072
vt 0.733199 0.054376
vt 0.733196 0.054416
vt 0.733202 0.054449
vt 0.703606 0.341895
vt 0.734412 0.344691
vt 0.787833 0.021022
vt 0.787845 0.021048
vt 0.781734 0.022921
vt 0.886278 0.349228
vt 0.796478 0.019251
vt 0.924763 0.342013
vt 0.902656 0.346740
vt 0.902634 0.346671
vt 0.789389 0.010792
vt 0.902970 0.380025
vt 0.918579 0.377325
vt 0.918624 0.377386
vt 0.902949 0.379959
vt 0.918548 0.377261
vt 0.783425 0.012305
vt 0.902934 0.379891
vt 0.813310 0.011825
vt 0.813376 0.011811
vt 0.995166 0.333036
vt 0.974180 0.353010
vt 0.995235 0.332839
vt 0.802269 0.008321
vt 0.802278 0.008295
vt 0.974157 0.353135
vt 0.951449 0.369253
vt 0.809248 0.017343
vt 0.796497 0.019275
vt 0.956328 0.335389
vt 0.924798 0.342078
vt 0.956388 0.335451
vt 0.809284 0.017365
vt 0.994755 0.332286
vt 0.994960 0.332340
vt 0.935094 0.373861
vt 0.951461 0.369322
vt 0.951451 0.369394
vt 0.935004 0.373814
vt 0.795770 0.009486
vt 0.934941 0.373757
vt 0.856802 0.378232
vt 0.841519 0.378753
vt 0.856795 0.378127
vt 0.841510 0.378648
vt 0.856787 0.378021
vt 0.841500 0.378543
vt 0.826563 0.378794
vt 0.826554 0.378689
vt 0.826542 0.378583
vt 0.871146 0.357117
vt 0.855334 0.358235
vt 0.871153 0.357222
vt 0.855342 0.358340
vt 0.871158 0.357329
vt 0.855349 0.358446
vt 0.886841 0.355427
vt 0.886846 0.355533
vt 0.886850 0.355639
vt 0.872089 0.377175
vt 0.887275 0.375621
vt 0.872083 0.377070
vt 0.887271 0.375516
vt 0.872078 0.376964
vt 0.887267 0.375410
vt 0.824058 0.358879
vt 0.839528 0.358802
vt 0.824068 0.358984
vt 0.839536 0.358907
vt 0.824080 0.359090
vt 0.839546 0.359014
vt 0.794784 0.357707
vt 0.809200 0.358523
vt 0.794796 0.357813
vt 0.809211 0.358629
vt 0.794813 0.357920
vt 0.809225 0.358735
vt 0.812221 0.378401
vt 0.812209 0.378296
vt 0.812195 0.378190
vt 0.798335 0.377575
vt 0.798322 0.377469
vt 0.798306 0.377362
vt 0.784614 0.376299
vt 0.784598 0.376192
vt 0.784577 0.376085
vt 0.770712 0.374543
vt 0.770682 0.374433
vt 0.770639 0.374322
vt 0.760597 0.353937
vt 0.779840 0.356303
vt 0.760625 0.354042
vt 0.779855 0.356409
vt 0.760667 0.354149
vt 0.779876 0.356515
vt 0.722870 0.359438
vt 0.741963 0.369757
vt 0.723007 0.359417
vt 0.741985 0.369654
vt 0.723196 0.359422
vt 0.742018 0.369556
vt 0.756354 0.372299
vt 0.756291 0.372181
vt 0.756199 0.372061
vt 0.734397 0.350757
vt 0.734459 0.350860
vt 0.734551 0.350966
vt 0.903343 0.352862
vt 0.903345 0.352967
vt 0.903343 0.353073
vt 0.925539 0.348026
vt 0.925522 0.348130
vt 0.925493 0.348236
vt 0.902404 0.373580
vt 0.917925 0.370925
vt 0.902403 0.373474
vt 0.917939 0.370815
vt 0.902405 0.373367
vt 0.917966 0.370704
vt 0.970968 0.348801
vt 0.970846 0.348799
vt 0.970683 0.348826
vt 0.950118 0.363456
vt 0.950087 0.363366
vt 0.950050 0.363278
vt 0.956645 0.341384
vt 0.956594 0.341482
vt 0.956514 0.341585
vt 0.934174 0.367480
vt 0.934221 0.367364
vt 0.934296 0.367243
vt 0.991554 0.334498
vt 0.988561 0.335895
vt 0.995232 0.332519
vt 0.991574 0.334587
vt 0.703361 0.341981
vt 0.703759 0.345205
vt 0.703322 0.341994
vt 0.724728 0.062442
vt 0.723422 0.062666
vt 0.723414 0.062651
vt 0.703798 0.345193
vt 0.722038 0.062887
vt 0.704621 0.348668
vt 0.701976 0.350747
vt 0.901530 0.277018
vt 0.882665 0.084665
vt 0.763329 0.122121
vt 0.763262 0.122197
vt 0.763195 0.122274
vt 0.927442 0.248134
vt 0.718692 0.203528
vt 0.730389 0.237428
vt 0.927540 0.248310
vt 0.885023 0.208774
vt 0.729189 0.060341
vt 0.700086 0.352928
vt 0.700069 0.301551
vt 0.846787 0.182211
vt 0.843851 0.076268
vt 0.875450 0.044030
vt 0.948394 0.151877
vt 0.684173 0.231535
vt 0.834398 0.037442
vt 0.738177 0.068724
vt 0.824376 0.015291
vt 0.833886 0.050000
vt 0.812414 0.425085
vt 0.795635 0.391857
vt 0.741670 0.376139
vt 0.787855 0.021075
vt 0.995245 0.332569
vt 0.723401 0.062621
s 1
g off
g esquina_03_Holocron_Corners.001
usemtl Holocron_Corners.001
f 1244/1/1 1/2/2 199/3/3
f 1195/4/4 20/5/5 105/6/6
f 88/7/2 224/8/7 3/9/2
f 213/10/8 113/11/9 1205/12/10
f 4/13/2 1209/14/11 203/15/12
f 198/16/13 105/6/6 16/17/14
f 209/18/15 101/19/16 14/20/17
f 223/21/18 108/22/19 1200/23/20
f 3/9/2 1184/24/21 219/25/22
f 1199/26/23 4/13/2 87/27/2
f 1205/12/10 22/28/24 228/29/25
f 1215/30/26 19/31/27 234/32/28
f 1210/33/29 26/34/30 204/35/31
f 228/29/25 107/36/32 1220/37/33
f 1220/37/33 23/38/34 238/39/35
f 1230/40/36 18/41/37 244/42/38
f 89/43/2 233/44/39 1209/14/11
f 238/39/35 114/45/40 1235/46/41
f 1235/46/41 1347/47/42 250/48/43
f 265/49/44 112/50/45 1230/40/36
f 90/51/46 243/52/47 1214/53/48
f 1245/54/49 16/17/14 103/55/50
f 270/56/51 103/55/50 17/57/52
f 276/58/53 109/59/54 13/60/55
f 1/2/2 1189/61/56 88/7/2
f 1260/62/57 17/57/52 111/63/58
f 281/64/59 111/63/58 21/65/60
f 1255/66/61 1344/67/62 109/59/54
f 6/68/2 1239/69/63 92/70/2
f 105/6/6 324/71/64 1274/72/65
f 10/73/66 1290/74/67 96/75/66
f 24/76/68 1284/77/69 113/11/9
f 333/78/70 97/79/71 1300/80/72
f 103/55/50 304/81/73 1324/82/74
f 15/83/75 1269/84/76 329/85/77
f 15/83/75 1279/86/78 108/22/19
f 102/87/79 313/88/80 1269/84/76
f 115/89/81 324/71/64 20/5/5
f 116/90/82 308/91/83 26/34/30
f 19/31/27 1289/92/84 116/90/82
f 22/28/24 1299/93/85 107/36/32
f 1285/94/86 8/95/66 333/78/70
f 104/96/87 338/97/88 19/31/27
f 18/41/37 1294/98/89 104/96/87
f 23/38/34 1314/99/90 114/45/40
f 1300/80/72 11/100/91 343/101/92
f 112/50/45 348/102/93 18/41/37
f 25/103/94 1309/104/95 112/50/45
f 114/45/40 354/105/96 1347/47/42
f 303/106/97 95/107/66 7/108/66
f 14/20/17 1319/109/98 313/88/80
f 101/19/16 380/110/99 1319/109/98
f 111/63/58 376/111/100 1339/112/101
f 99/113/66 375/114/102 1325/115/103
f 13/60/55 1334/116/104 380/110/99
f 109/59/54 392/117/105 1334/116/104
f 21/65/60 1339/112/101 385/118/106
f 1190/119/107 14/20/17 102/87/79
f 1250/120/108 21/121/60 106/122/109
f 106/122/109 385/123/106 1329/124/110
f 7/108/66 1270/125/111 314/126/112
f 224/8/7 87/27/2 3/9/2
f 1200/23/20 24/76/68 213/10/8
f 108/22/19 319/127/113 24/76/68
f 95/107/66 328/128/114 1270/125/111
f 93/129/2 275/130/115 6/68/2
f 199/3/3 88/7/2 1194/131/116
f 16/17/14 1274/72/65 304/81/73
f 381/132/117 100/133/66 12/134/66
f 234/32/28 116/90/82 1210/33/29
f 1225/135/118 1348/136/119 110/137/120
f 110/137/120 353/138/121 1304/139/122
f 96/75/66 339/140/123 8/95/66
f 204/35/31 115/89/81 1185/141/124
f 223/21/18 102/87/79 15/83/75
f 1275/142/125 9/143/66 95/107/66
f 26/34/30 1264/144/126 115/89/81
f 1249/145/127 1254/146/128 93/129/2
f 280/147/129 93/129/2 1259/148/130
f 100/133/66 386/149/131 1340/150/132
f 1335/151/133 1330/152/134 100/133/66
f 5/153/46 1229/154/135 243/52/47
f 1204/155/136 2/156/2 89/43/2
f 113/11/9 334/157/137 22/28/24
f 11/100/91 1310/158/138 98/159/139
f 214/160/140 89/43/2 4/13/2
f 229/161/141 90/51/46 2/156/2
f 94/162/66 328/128/114 9/143/66
f 10/73/66 1280/163/142 94/162/66
f 1240/164/143 13/60/55 101/19/16
f 7/108/66 1325/115/103 303/106/97
s 2
f 407/165/144 136/166/145 1492/167/146
s 1
f 1320/168/147 12/134/66 99/113/66
f 91/169/148 266/170/149 1229/154/135
f 1234/171/150 1224/172/151 91/169/148
f 1315/173/152 1305/174/153 355/175/154
f 98/159/139 370/176/155 1305/174/153
f 1250/120/108 1345/177/156 285/178/157
f 271/179/158 92/70/2 1244/1/1
f 17/57/52 1324/82/74 376/111/100
f 106/122/109 390/180/159 1345/177/156
f 244/42/38 104/96/87 1215/30/26
f 1259/148/130 6/68/2 271/179/158
f 12/134/66 1340/150/132 375/114/102
f 97/79/71 349/181/160 11/100/91
f 2/156/2 1214/53/48 233/44/39
f 1185/141/124 20/5/5 218/182/161
f 318/183/162 96/75/66 1285/94/86
f 8/95/66 1295/184/163 97/79/71
f 1225/185/118 25/103/94 265/49/44
f 1219/186/164 5/153/46 90/51/46
f 107/36/32 344/187/165 23/38/34
f 110/188/120 371/189/166 25/103/94
f 1194/131/116 3/9/2 219/25/22
f 87/27/2 203/15/12 1184/24/21
f 309/190/167 94/162/66 1265/191/168
f 1265/191/168 9/143/66 323/192/169
f 92/70/2 208/193/170 1/2/2
f 239/194/171 91/169/148 5/153/46
f 343/101/92 98/159/139 1315/173/152
f 314/126/112 99/113/66 7/108/66
s 2
f 452/195/172 129/196/173 34/197/174
f 499/198/175 135/199/176 1413/200/177
f 1525/201/178 1469/202/179 135/199/176
f 706/203/180 130/204/181 1465/205/182
f 476/206/183 126/207/184 1402/208/185
f 1377/209/186 1516/210/187 136/166/145
f 137/211/188 667/212/189 1455/213/190
f 1465/205/182 1476/214/191 686/215/192
f 443/216/193 123/217/194 29/218/195
f 421/219/196 134/220/197 1501/221/198
f 1440/222/199 1445/223/200 616/224/201
f 1520/225/202 1450/226/203 134/220/197
f 27/227/204 1370/228/205 123/217/194
f 31/229/206 1374/230/207 563/231/208
f 32/232/209 1374/230/207 126/207/184
f 1388/233/210 1517/234/211 434/235/212
f 1383/236/213 1493/237/214 119/238/215
f 33/239/216 1356/240/217 128/241/218
f 34/197/174 1361/242/219 526/243/220
f 409/244/221 121/245/204 1378/246/222
f 1388/233/210 1497/247/223 133/248/224
f 509/249/225 120/250/226 1373/251/227
f 30/252/228 1355/253/229 545/254/230
f 452/195/172 127/255/231 1407/256/232
f 443/216/193 122/257/233 1382/258/234
f 27/227/204 1350/259/235 528/260/236
f 34/197/174 1351/261/237 127/255/231
f 1397/262/238 1519/263/239 463/264/240
f 422/265/241 118/266/242 1403/267/243
f 35/268/244 1361/242/219 129/196/173
f 35/268/244 1356/240/217 565/269/245
f 477/270/246 118/266/242 1505/271/247
f 475/272/248 137/211/188 1397/262/238
f 28/273/204 1365/274/249 544/275/250
f 29/218/195 1365/274/249 122/257/233
f 423/276/251 124/277/252 1393/278/253
f 486/279/254 127/255/231 33/239/216
f 29/218/195 1370/228/205 508/280/255
f 136/166/145 581/281/256 1435/282/257
f 1413/200/177 1507/283/258 487/284/259
f 451/285/260 1871/286/261 1419/287/262
f 1360/288/263 1369/289/264 527/290/265
f 28/273/204 1350/259/235 121/245/204
f 1417/291/266 1524/292/267 501/293/268
f 1408/294/269 1508/295/270 117/296/271
f 30/252/228 1364/297/272 125/298/273
f 31/229/206 1355/253/229 124/277/252
f 1392/299/274 1520/225/202 134/220/197
f 32/232/209 1364/297/272 510/300/275
f 1373/251/227 1360/288/263 564/301/276
f 33/239/216 1351/261/237 546/302/277
f 135/199/176 705/303/278 1507/283/258
f 1872/304/279 723/305/280 1524/292/267
f 1512/306/281 1475/307/282 1871/286/261
f 1493/237/214 1439/308/283 119/238/215
f 133/248/224 582/309/284 1517/234/211
f 133/248/224 617/310/285 1444/311/286
f 118/266/242 652/312/287 1459/313/288
f 1519/263/239 1455/213/190 633/314/289
f 118/266/242 668/315/290 1505/271/247
f 433/316/291 123/217/194 1387/317/292
f 441/318/293 119/238/215 1498/319/294
f 119/238/215 615/320/295 1498/319/294
f 136/166/145 597/321/296 1492/167/146
f 423/276/251 126/207/184 31/229/206
f 462/322/297 124/277/252 30/252/228
f 634/323/298 132/324/299 1449/325/300
f 1449/325/300 1460/326/301 651/327/302
f 486/279/254 128/241/218 1412/328/303
f 500/329/304 128/241/218 35/268/244
f 1476/214/191 1470/330/305 724/331/306
f 117/296/271 704/332/307 1464/333/308
f 409/244/221 122/257/233 28/273/204
f 433/316/291 121/245/204 27/227/204
f 1445/223/200 1434/334/309 583/335/310
f 598/336/311 131/337/312 1440/222/199
f 462/322/297 125/298/273 1398/338/313
f 476/206/183 125/298/273 32/232/209
f 1460/326/301 1454/339/314 669/340/315
f 134/220/197 650/341/316 1501/221/198
f 500/329/304 129/196/173 1418/342/317
f 450/343/318 117/296/271 1513/344/319
f 1513/344/319 1464/333/308 685/345/320
s 3
f 1589/346/321 36/347/322 740/348/323
f 1540/349/324 55/350/325 156/351/326
f 139/352/322 765/353/327 38/354/322
f 754/355/328 164/356/329 1550/357/330
f 39/358/322 1554/359/331 744/360/332
f 739/361/333 156/351/326 51/362/334
f 750/363/335 152/364/336 49/365/337
f 764/366/338 159/367/339 1545/368/340
f 38/354/322 1529/369/341 760/370/342
f 1544/371/343 39/358/322 138/372/322
f 1550/357/330 57/373/344 769/374/345
f 1560/375/346 54/376/347 775/377/348
f 1555/378/349 60/379/350 745/380/351
f 769/374/345 158/381/352 1565/382/353
f 1565/382/353 58/383/354 779/384/355
f 1575/385/356 53/386/357 785/387/358
f 140/388/322 774/389/359 1554/359/331
f 779/384/355 165/390/360 1580/391/361
f 1580/391/361 1692/392/362 791/393/363
f 806/394/364 163/395/365 1575/385/356
f 141/396/322 784/397/366 1559/398/367
f 1590/399/368 51/362/334 154/400/369
f 824/401/370 154/400/369 52/402/371
f 830/403/372 160/404/373 48/405/374
f 36/347/322 1534/406/375 139/352/322
f 1605/407/376 52/402/371 162/408/377
f 835/409/378 162/408/377 56/410/379
f 1600/411/380 1689/412/381 160/404/373
f 41/413/322 1584/414/382 143/415/322
f 156/351/326 877/416/383 1619/417/384
f 45/418/385 1635/419/386 147/420/385
f 59/421/387 1629/422/388 164/356/329
f 886/423/389 148/424/390 1645/425/391
f 154/400/369 857/426/392 1669/427/393
f 50/428/394 1614/429/395 882/430/396
f 50/428/394 1624/431/397 159/367/339
f 153/432/398 866/433/399 1614/429/395
f 166/434/400 877/416/383 55/350/325
f 167/435/401 861/436/402 60/379/350
f 54/376/347 1634/437/403 167/435/401
f 57/373/344 1644/438/404 158/381/352
f 1630/439/405 43/440/406 886/423/389
f 155/441/407 891/442/408 54/376/347
f 53/386/357 1639/443/409 155/441/407
f 58/383/354 1659/444/410 165/390/360
f 1645/425/391 46/445/411 896/446/412
f 163/395/365 901/447/413 53/386/357
f 1696/448/414 1654/449/415 163/395/365
f 165/390/360 907/450/416 1692/392/362
f 856/451/417 146/452/385 42/453/385
f 49/365/337 1664/454/418 866/433/399
f 152/364/336 947/455/419 1664/454/418
f 162/408/377 943/456/420 1684/457/421
f 150/458/385 942/459/422 1670/460/423
f 48/405/374 1679/461/424 947/455/419
f 160/404/373 959/462/425 1679/461/424
f 56/410/379 1684/457/421 952/463/426
f 1535/464/427 49/365/337 153/432/398
f 1595/465/428 56/410/379 157/466/429
f 157/466/429 952/463/426 1674/467/430
f 42/453/385 1615/468/431 867/469/432
f 765/353/327 138/372/322 38/354/322
f 1545/368/340 59/421/387 754/355/328
f 159/367/339 872/470/433 59/421/387
f 146/452/385 881/471/434 1615/468/431
f 144/472/322 829/473/435 41/413/322
f 740/348/323 139/352/322 1539/474/436
f 51/362/334 1619/417/384 857/426/392
f 948/475/437 151/476/385 47/477/385
f 775/377/348 167/435/401 1555/378/349
f 789/478/438 161/479/439 1570/480/440
f 1693/481/441 1649/482/442 161/479/439
f 147/420/385 892/483/443 43/440/406
f 745/380/351 166/434/400 1530/484/444
f 764/366/338 153/432/398 50/428/394
f 1620/485/445 44/486/385 146/452/385
f 60/379/350 1609/487/446 166/434/400
f 1594/488/447 1599/489/448 144/472/322
f 834/490/449 144/472/322 1604/491/450
f 151/476/385 953/492/451 1685/493/452
f 1680/494/453 1675/495/454 151/476/385
f 40/496/455 1574/497/456 784/397/366
f 1549/498/457 37/499/322 140/388/322
f 164/356/329 887/500/458 57/373/344
f 46/445/411 1655/501/459 149/502/460
f 755/503/461 140/388/322 39/358/322
f 770/504/462 141/396/322 37/499/322
f 145/505/385 881/471/434 44/486/385
f 45/418/385 1625/506/463 145/505/385
f 1585/507/464 48/405/374 152/364/336
f 42/453/385 1670/460/423 856/451/417
s 4
f 1761/508/465 61/509/466 975/510/467
s 3
f 1665/511/468 47/477/385 150/458/385
f 142/512/469 807/513/470 1574/497/456
f 1579/514/471 1569/515/472 142/512/469
f 1660/516/473 1650/517/474 908/518/475
f 149/502/460 924/519/476 1650/517/474
f 1595/465/428 1690/520/477 839/521/478
f 825/522/479 143/415/322 1589/346/321
f 52/402/371 1669/427/393 943/456/420
f 157/466/429 957/523/480 1690/520/477
f 785/387/358 155/441/407 1560/375/346
f 1604/491/450 41/413/322 825/522/479
f 47/477/385 1685/493/452 942/459/422
f 148/424/390 902/524/481 46/445/411
f 37/499/322 1559/398/367 774/389/359
f 1530/484/444 55/350/325 759/525/482
f 871/526/483 147/420/385 1630/439/405
f 43/440/406 1640/527/484 148/424/390
f 1570/480/440 1697/528/485 805/529/486
f 1564/530/487 40/496/455 141/396/322
f 158/381/352 897/531/488 58/383/354
f 161/479/439 923/532/489 1697/528/485
f 1539/474/436 38/354/322 760/370/342
f 138/372/322 744/360/332 1529/369/341
f 862/533/490 145/505/385 1610/534/491
f 1610/534/491 44/486/385 876/535/492
f 143/415/322 749/536/493 36/347/322
f 780/537/494 142/512/469 40/496/455
f 896/446/412 149/502/460 1660/516/473
f 867/469/432 150/458/385 42/453/385
s 4
f 1712/538/495 80/539/496 186/540/497
f 169/541/466 1000/542/498 63/543/466
f 989/544/499 194/545/500 1722/546/501
f 64/547/466 1726/548/502 979/549/503
f 974/550/504 186/540/497 76/551/505
f 985/552/506 182/553/507 74/554/508
f 999/555/509 189/556/510 1717/557/511
f 63/543/466 1701/558/512 995/559/513
f 1716/560/514 64/547/466 168/561/466
f 1722/546/501 82/562/515 1004/563/516
f 1732/564/517 79/565/518 1010/566/519
f 1727/567/520 86/568/521 980/569/522
f 1004/563/516 188/570/523 1737/571/524
f 1737/571/524 83/572/525 1014/573/526
f 1747/574/527 78/575/528 1020/576/529
f 170/577/466 1009/578/530 1726/548/502
f 1014/573/526 195/579/531 1752/580/532
f 1752/580/532 1864/581/533 1026/582/534
f 1042/583/535 193/584/536 1747/574/527
f 171/585/537 1019/586/538 1731/587/539
f 1762/588/540 76/551/505 184/589/541
f 1047/590/542 184/589/541 77/591/543
f 1053/592/544 190/593/545 73/594/546
f 61/509/466 1706/595/547 169/541/466
f 1777/596/548 77/591/543 192/597/549
f 1058/598/550 192/597/549 81/599/551
f 1772/600/552 1861/601/553 190/593/545
f 66/602/466 1756/603/554 173/604/466
f 186/540/497 1101/605/555 1791/606/556
f 70/607/557 1807/608/558 177/609/557
f 84/610/559 1801/611/560 194/545/500
f 1110/612/561 178/613/562 1817/614/563
f 184/589/541 1081/615/564 1841/616/565
f 75/617/566 1786/618/567 1106/619/568
f 75/617/566 1796/620/569 189/556/510
f 183/621/570 1090/622/571 1786/618/567
f 196/623/572 1101/605/555 80/539/496
f 197/624/573 1085/625/574 86/568/521
f 79/565/518 1806/626/575 197/624/573
f 82/562/515 1816/627/576 188/570/523
f 1802/628/577 68/629/578 1110/612/561
f 185/630/579 1115/631/580 79/565/518
f 78/575/528 1811/632/581 185/630/579
f 83/572/525 1831/633/582 195/579/531
f 1817/614/563 71/634/583 1120/635/584
f 193/584/536 1125/636/585 78/575/528
f 85/637/586 1826/638/587 193/584/536
f 195/579/531 1131/639/588 1864/581/533
f 1080/640/589 176/641/557 67/642/557
f 74/554/508 1836/643/590 1090/622/571
f 182/553/507 1157/644/591 1836/643/590
f 192/597/549 1153/645/592 1856/646/593
f 180/647/557 1152/648/594 1842/649/595
f 73/594/546 1851/650/596 1157/644/591
f 190/593/545 1169/651/597 1851/650/596
f 81/599/551 1856/646/593 1162/652/598
f 1707/653/599 74/554/508 183/621/570
f 1767/654/600 81/599/551 187/655/601
f 187/655/601 1162/652/598 1846/656/602
f 67/642/557 1787/657/603 1091/658/604
f 1000/542/498 168/561/466 63/543/466
f 1717/557/511 84/610/559 989/544/499
f 189/556/510 1096/659/605 84/610/559
f 176/641/557 1105/660/606 1787/657/603
f 174/661/466 1052/662/607 66/602/466
f 975/510/467 169/541/466 1711/663/608
f 76/551/505 1791/606/556 1081/615/564
f 1158/664/609 181/665/557 72/666/557
f 1010/566/519 197/624/573 1727/567/520
f 1742/667/610 1865/668/611 191/669/612
f 191/669/612 1130/670/613 1821/671/614
f 177/609/557 1116/672/615 68/629/578
f 980/569/522 196/623/572 1702/673/616
f 999/555/509 183/621/570 75/617/566
f 1792/674/617 69/675/557 176/641/557
f 86/568/521 1781/676/618 196/623/572
f 1766/677/619 1771/678/620 174/661/466
f 1057/679/621 174/661/466 1776/680/622
f 181/665/557 1163/681/623 1857/682/624
f 1852/683/625 1847/684/626 181/665/557
f 65/685/627 1746/686/628 1019/586/538
f 1721/687/629 62/688/630 170/577/466
f 194/545/500 1111/689/631 82/562/515
f 71/634/583 1827/690/632 179/691/633
f 990/692/634 170/577/466 64/547/466
f 1005/693/635 171/585/537 62/688/630
f 175/694/557 1105/660/606 69/675/557
f 70/607/557 1797/695/636 175/694/557
f 1757/696/637 73/594/546 182/553/507
f 67/642/557 1842/649/595 1080/640/589
f 1837/697/638 72/666/557 180/647/557
f 172/698/639 1043/699/640 1746/686/628
f 1751/700/641 1741/701/642 172/698/639
f 1832/702/643 1822/703/644 1132/704/645
f 179/691/633 1147/705/646 1822/703/644
f 1767/654/600 1862/706/647 1062/707/648
f 1048/708/649 173/604/466 1761/508/465
f 77/591/543 1841/616/565 1153/645/592
f 187/655/601 1167/709/650 1862/706/647
f 1020/576/529 185/630/579 1732/564/517
f 1776/680/622 66/602/466 1048/708/649
f 72/666/557 1857/682/624 1152/648/594
f 178/613/562 1126/710/651 71/634/583
f 62/688/630 1731/587/539 1009/578/530
f 1702/673/616 80/539/496 994/711/652
f 1095/712/653 177/609/557 1802/628/577
f 68/629/578 1812/713/654 178/613/562
f 1742/667/610 85/637/586 1042/583/535
f 1736/714/655 65/685/627 171/585/537
f 188/570/523 1121/715/656 83/572/525
f 191/669/612 1148/716/657 85/637/586
f 1711/663/608 63/543/466 995/559/513
f 168/561/466 979/549/503 1701/558/512
f 1086/717/658 175/694/557 1782/718/659
f 1782/718/659 69/675/557 1100/719/660
f 173/604/466 984/720/661 61/509/466
f 1015/721/662 172/698/639 65/685/627
f 1120/635/584 179/691/633 1832/702/643
f 1091/658/604 180/647/557 67/642/557
s 1
f 248/722/663 253/723/664 261/724/665
f 251/725/666 254/726/667 253/723/664
f 261/724/665 253/723/664 264/727/668
f 253/723/664 255/728/669 264/727/668
f 256/729/670 258/730/671 249/731/672
f 257/732/673 259/733/674 256/729/670
f 259/733/674 252/734/675 258/730/671
f 260/735/676 254/726/667 259/733/674
f 250/48/43 263/736/677 262/737/678
f 261/738/679 264/727/680 263/739/677
f 262/740/678 260/735/681 257/732/682
f 263/739/677 255/728/683 260/735/681
f 285/178/157 290/741/684 289/742/685
f 288/743/686 291/744/687 290/741/684
f 289/742/685 302/745/688 299/746/689
f 290/741/684 292/747/690 302/745/688
f 286/748/691 296/749/692 295/750/693
f 293/751/694 297/752/695 296/753/692
f 295/754/693 296/753/692 291/744/696
f 296/753/692 292/747/697 291/744/696
f 298/755/698 300/756/699 287/757/700
f 299/746/689 301/758/701 298/755/698
f 301/758/701 294/759/702 300/756/699
f 302/745/688 297/752/703 301/758/701
f 353/760/121 358/761/704 357/762/705
f 356/763/706 359/764/707 358/761/704
f 357/762/705 369/765/708 366/766/709
f 358/761/704 360/767/710 369/765/708
f 354/105/96 363/768/711 356/769/712
f 361/770/713 364/771/714 363/768/711
f 356/769/712 363/768/711 359/764/715
f 363/768/711 360/767/716 359/764/715
f 365/772/717 367/773/718 355/175/154
f 366/766/709 368/774/719 365/772/717
f 368/774/719 362/775/720 367/773/718
f 369/765/721 364/771/714 368/774/719
f 390/180/159 395/776/722 403/777/723
f 393/778/724 396/779/725 395/780/722
f 403/781/723 395/780/722 406/782/726
f 395/780/722 397/783/727 406/782/728
f 398/784/729 400/785/730 391/786/731
f 399/787/732 401/788/733 398/784/729
f 401/788/733 394/789/734 400/785/730
f 402/790/735 396/779/736 401/788/733
f 392/117/105 405/791/737 404/792/738
f 403/793/739 406/782/740 405/791/737
f 404/792/738 402/790/735 399/787/732
f 405/791/737 397/783/741 402/790/735
s 2
f 410/794/742 412/795/743 407/165/144
f 410/794/742 411/796/744 413/797/745
f 412/795/743 413/797/745 420/798/746
f 414/799/747 416/800/748 408/801/749
f 415/802/750 417/803/751 414/799/752
f 417/803/751 411/796/744 416/800/748
f 417/803/751 420/804/746 413/805/745
f 418/806/753 420/807/746 419/808/754
f 419/808/754 415/802/750 418/809/753
f 421/219/196 424/810/755 425/811/756
s 5
f 424/810/757 428/812/758 425/813/759
s 6
f 425/813/760 1876/814/760 427/815/761
s 5
f 425/816/759 426/817/762 1876/818/763
s 2
f 422/265/241 429/819/764 428/820/765
s 7
f 429/821/766 427/822/766 1876/818/767
s 5
f 428/820/758 429/819/768 425/816/759
s 2
f 432/823/769 435/824/770 436/825/771
s 8
f 435/826/772 1870/827/772 1879/828/772
s 2
f 434/235/212 439/829/773 440/830/774
s 9
f 439/829/775 435/831/776 440/832/777
s 10
f 1879/828/778 438/833/779 440/832/780
s 11
f 441/318/781 444/834/782 445/835/783
f 445/836/783 446/837/784 1877/838/785
s 12
f 442/839/786 447/840/786 444/841/787
s 13
f 447/842/788 1877/843/789 446/837/790
s 11
f 444/841/782 447/840/791 445/844/783
s 14
f 450/343/792 453/845/793 454/846/794
s 15
f 454/847/795 455/848/796 459/849/796
s 16
f 451/285/797 456/850/798 453/851/798
s 17
f 456/852/799 457/853/800 459/854/801
s 14
f 453/851/793 456/850/802 454/847/794
f 456/850/802 455/848/803 454/847/794
s 18
f 458/855/804 460/856/805 452/195/806
s 2
f 464/857/807 465/858/808 461/859/809
f 464/857/807 467/860/810 466/861/811
f 465/858/808 466/862/811 472/863/812
f 468/864/813 470/865/814 469/866/815
f 469/867/815 470/865/814 467/868/810
f 471/869/816 473/870/817 463/264/240
f 472/863/812 474/871/818 471/869/816
f 474/871/818 468/864/813 473/870/819
f 474/871/818 466/862/811 467/872/810
f 475/272/248 478/873/820 479/874/821
s 19
f 478/875/822 1878/876/823 480/877/824
s 2
f 477/270/246 483/878/825 484/879/826
s 19
f 483/878/827 478/880/822 484/881/828
s 20
f 484/881/829 1878/876/829 482/882/829
s 19
f 484/881/828 480/883/824 1878/876/823
s 2
f 488/884/830 489/885/831 485/886/832
f 488/884/830 491/887/833 490/888/834
f 489/885/831 490/889/834 496/890/835
f 493/891/836 494/892/837 492/893/838
s 21
f 492/894/839 494/892/840 491/895/840
s 2
f 495/896/841 497/897/842 487/284/259
f 496/890/835 498/898/843 495/896/841
f 498/898/843 493/891/836 497/897/842
f 498/898/843 490/889/834 491/899/833
f 499/198/175 503/900/844 502/901/845
s 22
f 503/902/846 1868/903/847 1869/904/848
s 2
f 502/901/845 503/905/844 507/906/849
f 501/293/268 506/907/850 503/908/851
s 23
f 506/907/852 507/906/852 503/909/852
s 24
f 1869/910/853 504/911/854 503/909/855
s 2
f 511/912/856 513/913/857 508/280/255
f 512/914/858 514/915/859 511/912/856
f 514/915/859 522/916/860 513/913/857
f 514/915/859 515/917/861 525/918/862
f 509/919/225 519/920/863 518/921/864
f 516/922/865 520/923/866 519/920/863
f 518/921/864 515/917/867 512/914/858
s 25
f 519/920/868 525/924/869 515/917/870
s 2
f 521/925/871 523/926/872 510/300/275
f 522/916/860 524/927/873 521/925/871
f 524/927/873 517/928/874 523/926/872
f 524/927/873 525/924/875 520/923/876
f 526/243/220 532/929/877 531/930/878
f 530/931/879 532/932/877 529/933/880
f 532/929/877 540/934/881 531/930/878
f 532/929/877 533/935/882 543/936/883
f 527/290/265 537/937/884 536/938/885
f 534/939/886 538/940/887 537/941/884
f 536/938/885 533/942/888 530/931/889
s 26
f 537/937/890 543/943/891 533/942/892
s 2
f 539/944/893 541/945/894 528/260/236
f 540/934/881 542/946/895 539/944/893
f 542/946/895 535/947/896 541/945/894
f 542/946/895 543/948/897 538/940/898
f 547/949/899 549/950/900 544/275/250
f 548/951/901 550/952/902 547/949/899
f 550/952/902 559/953/903 549/950/900
f 550/952/902 552/954/904 562/955/905
f 553/956/906 555/957/907 545/254/230
f 554/958/908 556/959/909 553/956/906
f 556/959/909 548/951/901 555/957/907
f 556/959/909 552/954/904 551/960/910
f 546/302/277 561/961/911 560/962/912
f 558/963/913 562/955/905 561/961/911
f 560/962/912 557/964/914 554/958/908
f 561/961/911 552/954/904 557/964/914
f 566/965/915 568/966/916 563/231/208
f 567/967/917 569/968/918 566/965/915
f 569/968/918 577/969/919 568/966/916
f 569/968/918 570/970/920 580/971/921
f 564/301/276 574/972/922 573/973/923
f 571/974/924 575/975/925 574/972/922
f 573/976/923 570/970/926 567/967/927
s 27
f 574/972/928 580/977/929 570/978/930
s 2
f 565/269/245 579/979/931 578/980/932
f 576/981/933 580/971/934 579/979/931
f 579/979/931 572/982/935 578/980/932
f 579/979/931 580/983/934 575/984/936
f 581/281/256 587/985/937 586/986/938
f 584/987/939 585/988/940 587/985/937
f 586/986/938 596/989/941 593/990/942
s 28
f 587/991/943 588/992/944 596/989/945
s 2
f 582/309/284 587/993/946 591/994/947
f 589/995/948 596/996/949 587/993/946
f 591/994/947 587/991/946 585/988/950
f 592/997/951 594/998/952 583/999/310
f 593/990/942 595/1000/953 592/997/951
f 595/1000/954 590/1001/955 594/998/952
f 600/1002/956 602/1003/957 597/321/296
f 601/1004/958 603/1005/959 600/1002/956
f 603/1005/959 611/1006/960 602/1003/957
f 603/1005/959 604/1007/961 614/1008/962
f 605/1009/963 607/1010/964 598/1011/311
f 606/1012/965 608/1013/966 605/1009/963
f 608/1013/966 601/1004/958 607/1010/964
f 608/1013/966 609/1014/967 604/1015/961
f 610/1016/968 612/1017/969 599/1018/970
f 611/1006/960 613/1019/971 610/1016/968
f 613/1019/971 606/1012/965 612/1017/969
f 614/1008/962 609/1014/967 613/1019/971
f 615/320/295 621/1020/972 620/1021/973
f 618/1022/974 622/1023/975 621/1020/972
s 29
f 620/1021/976 621/1024/976 629/1025/976
s 2
f 621/1020/972 622/1023/975 623/1026/977
f 624/1027/978 626/1028/979 616/1029/201
f 625/1030/980 627/1031/981 624/1027/978
f 627/1031/982 619/1032/983 626/1028/979
f 617/310/285 631/1033/984 630/1034/985
f 629/1025/986 631/1033/987 628/1035/988
f 630/1034/985 622/1036/989 625/1030/980
f 631/1033/987 623/1026/990 622/1036/989
f 635/1037/991 637/1038/992 632/1039/993
f 636/1040/994 638/1041/995 635/1037/991
f 638/1041/995 646/1042/996 637/1038/992
f 638/1041/995 639/1043/997 649/1044/998
f 640/1045/999 642/1046/1000 633/314/289
f 641/1047/1001 643/1048/1002 640/1045/999
f 643/1048/1002 636/1040/994 642/1046/1000
f 643/1048/1002 644/1049/1003 639/1050/997
f 645/1051/1004 647/1052/1005 634/1053/298
f 646/1042/996 648/1054/1006 645/1051/1004
f 648/1054/1006 641/1047/1001 647/1052/1005
f 649/1044/998 644/1049/1003 648/1054/1006
f 650/341/316 656/1055/1007 655/1056/1008
f 653/1057/1009 662/1058/1010 656/1055/1011
s 30
f 655/1056/1012 656/1059/1013 664/1060/1013
s 31
f 656/1055/1014 662/1058/1014 657/1061/1014
s 2
f 658/1062/1015 660/1063/1016 651/1064/302
f 659/1065/1017 661/1066/1018 658/1062/1015
f 661/1066/1019 654/1067/1020 660/1063/1016
f 652/312/287 666/1068/1021 665/1069/1022
s 32
f 664/1060/1023 666/1068/1024 663/1070/1025
s 2
f 665/1069/1022 662/1071/1026 659/1065/1017
s 32
f 666/1068/1024 657/1061/1027 662/1071/1028
s 2
f 667/212/189 672/1072/1029 671/1073/1030
f 670/1074/1031 673/1075/1032 672/1072/1029
f 671/1073/1030 684/1076/1033 681/1077/1034
f 672/1072/1029 674/1078/1035 684/1076/1033
f 668/315/290 678/1079/1036 677/1080/1037
f 675/1081/1038 679/1082/1039 678/1079/1036
f 677/1080/1040 673/1075/1041 670/1074/1042
f 678/1079/1036 674/1078/1035 673/1075/1041
f 680/1083/1043 682/1084/1044 669/1085/315
f 681/1077/1034 683/1086/1045 680/1083/1043
f 683/1086/1045 676/1087/1046 682/1084/1044
f 684/1076/1033 679/1082/1039 683/1086/1045
f 685/345/320 691/1088/1047 690/1089/1048
f 688/1090/1049 692/1091/1050 691/1088/1047
f 690/1089/1048 703/1092/1051 700/1093/1052
f 691/1088/1047 693/1094/1053 703/1092/1051
f 694/1095/1054 696/1096/1055 686/1097/192
f 695/1098/1056 697/1099/1057 694/1095/1054
f 697/1099/1057 689/1100/1058 696/1096/1055
f 698/1101/1059 692/1091/1060 697/1099/1057
f 687/1102/1061 702/1103/1062 701/1104/1063
f 700/1093/1064 702/1103/1062 699/1105/1065
f 701/1104/1063 698/1101/1059 695/1098/1056
f 702/1103/1062 693/1094/1066 698/1101/1059
f 707/1106/1067 709/1107/1068 704/332/307
f 708/1108/1069 710/1109/1070 707/1106/1067
f 710/1109/1070 718/1110/1071 709/1107/1068
f 710/1109/1070 711/1111/1072 721/1112/1073
f 712/1113/1074 714/1114/1075 705/303/278
f 713/1115/1076 715/1116/1077 712/1113/1074
f 715/1116/1077 708/1108/1069 714/1114/1075
f 716/1117/1078 711/1111/1072 715/1116/1077
f 717/1118/1079 719/1119/1080 706/1120/180
f 718/1110/1071 720/1121/1081 717/1118/1079
f 720/1121/1081 713/1115/1076 719/1119/1080
f 720/1121/1081 721/1122/1073 716/1117/1078
f 722/1123/1082 728/1124/1083 727/1125/1084
f 726/1126/1085 728/1124/1083 725/1127/1086
f 727/1125/1084 738/1128/1087 735/1129/1088
f 728/1124/1083 730/1130/1089 738/1128/1087
s 33
f 723/305/1090 730/1131/1091 733/1132/1092
f 733/1132/1092 729/1133/1093 726/1126/1094
s 2
f 734/1134/1095 736/1135/1096 724/1136/306
f 735/1129/1088 737/1137/1097 734/1134/1095
f 737/1137/1097 732/1138/1098 736/1135/1096
f 738/1128/1099 731/1139/1100 737/1137/1097
s 3
f 789/478/438 795/1140/1101 794/1141/1102
f 792/1142/1103 796/1143/1104 795/1140/1101
f 794/1141/1105 791/1144/1106 802/1145/1107
f 795/1140/1101 797/1146/1108 791/1144/1106
f 798/1147/1109 800/1148/1110 790/1149/1111
f 799/1150/1112 801/1151/1113 798/1147/1109
f 801/1151/1113 793/1152/1114 800/1148/1110
f 803/1153/1115 796/1143/1116 801/1151/1113
f 791/393/363 804/1154/1117 803/1155/1118
s 34
f 802/1156/1119 791/1157/1120 804/1154/1120
s 3
f 804/1158/1121 797/1146/1108 803/1153/1115
f 808/1159/1122 810/1160/1123 805/529/486
f 809/1161/1124 811/1162/1125 808/1159/1122
f 811/1162/1125 820/1163/1126 810/1160/1123
f 812/1164/1127 823/1165/1128 811/1162/1125
f 806/1166/364 817/1167/1129 816/1168/1130
f 814/1169/1131 818/1170/1132 817/1167/1129
f 816/1168/1130 812/1164/1127 809/1161/1124
f 817/1167/1129 813/1171/1133 812/1164/1127
f 807/513/470 822/1172/1134 821/1173/1135
f 819/1174/1136 823/1165/1128 822/1172/1134
f 821/1173/1135 818/1170/1132 815/1175/1137
f 822/1172/1134 813/1171/1133 818/1170/1132
f 839/1176/478 844/1177/1138 843/1178/1139
f 842/1179/1140 845/1180/1141 844/1177/1138
f 843/1178/1139 855/1181/1142 852/1182/1143
f 844/1177/1138 846/1183/1144 855/1181/1142
f 840/1184/1145 849/1185/1146 842/1186/1147
f 847/1187/1148 850/1188/1149 849/1185/1146
f 842/1186/1147 849/1185/1146 845/1189/1150
f 849/1185/1146 846/1190/1151 845/1189/1152
f 851/1191/1153 853/1192/1154 841/1193/1155
f 852/1182/1143 854/1194/1156 851/1191/1153
f 854/1194/1156 848/1195/1157 853/1192/1154
f 855/1181/1142 850/1196/1158 854/1194/1156
f 906/1197/1159 910/1198/1160 909/1199/1161
f 915/1200/1162 911/1201/1163 910/1198/1160
f 909/1199/1161 922/1202/1164 919/1203/1165
s 35
f 910/1198/1166 912/1204/1167 922/1202/1168
s 3
f 907/450/416 916/1205/1169 915/1206/1170
f 913/1207/1171 917/1208/1172 916/1209/1169
f 915/1210/1170 916/1209/1169 911/1201/1173
f 916/1209/1169 912/1204/1174 911/1201/1173
f 918/1211/1175 920/1212/1176 908/1213/475
f 919/1203/1177 921/1214/1178 918/1211/1175
f 921/1214/1178 914/1215/1179 920/1212/1176
f 922/1202/1180 917/1208/1172 921/1214/1178
f 923/532/489 929/1216/1181 928/1217/1182
f 926/1218/1183 930/1219/1184 929/1216/1181
f 928/1217/1182 941/1220/1185 938/1221/1186
f 929/1216/1181 931/1222/1187 941/1220/1185
f 924/1223/476 935/1224/1188 934/1225/1189
f 932/1226/1190 936/1227/1191 935/1228/1188
f 934/1225/1189 930/1219/1184 927/1229/1192
f 935/1224/1188 931/1222/1187 930/1219/1184
f 937/1230/1193 939/1231/1194 925/1232/1195
f 938/1221/1186 940/1233/1196 937/1234/1193
f 940/1235/1196 933/1236/1197 939/1231/1194
f 941/1220/1185 936/1237/1191 940/1233/1196
f 957/523/480 962/1238/1198 970/1239/1199
f 960/1240/1200 963/1241/1201 962/1238/1198
f 970/1239/1199 962/1238/1198 973/1242/1202
f 962/1238/1198 964/1243/1203 973/1242/1204
f 965/1244/1205 967/1245/1206 958/1246/1207
f 966/1247/1208 968/1248/1209 965/1244/1205
f 968/1248/1209 961/1249/1210 967/1245/1206
f 969/1250/1211 963/1241/1212 968/1248/1209
f 959/462/425 972/1251/1213 971/1252/1214
f 970/1253/1215 973/1242/1216 972/1251/1213
f 971/1252/1214 969/1250/1211 966/1247/1208
f 972/1251/1213 964/1243/1217 969/1250/1211
s 4
f 1024/1254/1218 1030/1255/1219 1029/1256/1220
f 1027/1257/1221 1031/1258/1222 1030/1255/1219
f 1029/1256/1220 1030/1255/1219 1041/1259/1223
f 1030/1255/1219 1032/1260/1224 1041/1259/1223
f 1033/1261/1225 1035/1262/1226 1025/1263/1227
f 1034/1264/1228 1036/1265/1229 1033/1261/1225
f 1036/1265/1229 1028/1266/1230 1035/1262/1226
f 1037/1267/1231 1031/1258/1222 1036/1265/1229
f 1026/1268/534 1040/1269/1232 1039/1270/1233
f 1038/1271/1234 1041/1259/1235 1040/1269/1232
f 1039/1270/1233 1037/1267/1236 1034/1264/1237
f 1040/1269/1232 1032/1260/1238 1037/1267/1236
f 1062/1272/648 1067/1273/1239 1066/1274/1240
f 1065/1275/1241 1068/1276/1242 1067/1273/1239
f 1066/1274/1240 1079/1277/1243 1076/1278/1244
f 1067/1273/1239 1069/1279/1245 1079/1277/1243
f 1063/1280/1246 1073/1281/1247 1072/1282/1248
f 1070/1283/1249 1074/1284/1250 1073/1285/1247
f 1072/1286/1251 1068/1276/1252 1065/1275/1253
f 1073/1285/1247 1069/1279/1254 1068/1276/1252
f 1075/1287/1255 1077/1288/1256 1064/1289/1257
f 1076/1278/1244 1078/1290/1258 1075/1287/1255
f 1078/1290/1258 1071/1291/1259 1077/1288/1256
f 1079/1277/1243 1074/1284/1260 1078/1290/1258
f 1130/670/613 1135/1292/1261 1134/1293/1262
f 1133/1294/1263 1136/1295/1264 1135/1292/1261
f 1134/1293/1262 1146/1296/1265 1143/1297/1266
f 1135/1292/1261 1137/1298/1267 1146/1296/1265
f 1131/639/588 1140/1299/1268 1133/1300/1269
f 1138/1301/1270 1141/1302/1271 1140/1299/1268
f 1133/1300/1269 1140/1299/1268 1136/1295/1272
f 1140/1299/1268 1137/1298/1273 1136/1295/1274
f 1142/1303/1275 1144/1304/1276 1132/704/645
f 1143/1297/1266 1145/1305/1277 1142/1303/1275
f 1145/1305/1277 1139/1306/1278 1144/1304/1276
f 1146/1296/1279 1141/1302/1271 1145/1305/1277
f 1167/709/650 1172/1307/1280 1180/1308/1281
f 1170/1309/1282 1173/1310/1283 1172/1307/1280
f 1180/1308/1281 1172/1307/1280 1183/1311/1284
f 1172/1307/1280 1174/1312/1285 1183/1311/1286
f 1175/1313/1287 1177/1314/1288 1168/1315/1289
f 1176/1316/1290 1178/1317/1291 1175/1313/1287
f 1178/1317/1291 1171/1318/1292 1177/1314/1288
f 1179/1319/1293 1173/1310/1294 1178/1317/1291
f 1169/651/597 1182/1320/1295 1181/1321/1296
f 1180/1322/1297 1183/1311/1298 1182/1320/1295
f 1181/1321/1296 1179/1319/1293 1176/1316/1290
f 1182/1320/1295 1174/1312/1299 1179/1319/1293
s 2
f 1420/1323/1300 1422/1324/1301 1417/291/266
f 1421/1325/1302 1423/1326/1303 1420/1323/1300
f 1422/1324/1301 1433/1327/1304 1430/1328/1305
f 1424/1329/1306 1433/1327/1304 1423/1326/1303
f 1418/342/317 1425/1330/1307 1427/1331/1308
f 1425/1332/1307 1426/1333/1309 1428/1334/1310
f 1427/1331/1308 1424/1329/1311 1421/1325/1302
f 1425/1330/1307 1428/1335/1310 1424/1329/1311
f 1429/1336/1312 1431/1337/1313 1419/287/262
f 1430/1328/1305 1432/1338/1314 1429/1336/1312
f 1432/1338/1314 1426/1333/1309 1431/1337/1313
f 1432/1338/1314 1433/1327/1304 1428/1334/1315
f 1477/1339/1316 1479/1340/1317 1474/1341/1318
f 1478/1342/1319 1480/1343/1320 1477/1339/1316
f 1480/1343/1320 1488/1344/1321 1479/1340/1317
f 1480/1343/1320 1481/1345/1322 1491/1346/1323
f 1482/1347/1324 1484/1348/1325 1475/307/282
f 1483/1349/1326 1485/1350/1327 1482/1347/1324
f 1484/1348/1325 1481/1351/1322 1478/1342/1319
f 1485/1350/1327 1486/1352/1328 1481/1351/1322
f 1487/1353/1329 1489/1354/1330 1476/1355/191
f 1487/1353/1329 1491/1346/1331 1490/1356/1332
f 1489/1354/1330 1486/1352/1328 1483/1349/1326
f 1491/1346/1323 1486/1352/1328 1490/1356/1332
s 1
f 219/25/22 1186/1357/1333 222/1358/1334
f 222/1358/1334 1187/1359/1335 221/1360/1336
f 221/1360/1337 1188/1361/1338 220/1362/1339
f 1188/1363/1338 218/182/161 220/1364/1339
f 1184/24/21 205/1365/1340 1186/1357/1333
f 1186/1357/1333 206/1366/1341 1187/1359/1335
f 1187/1359/1342 207/1367/1343 1188/1361/1338
f 207/1368/1343 1185/141/124 1188/1363/1338
f 1189/61/56 227/1369/1344 224/8/7
f 1191/1370/1345 226/1371/1346 227/1369/1344
f 1192/1372/1347 225/1373/1348 226/1371/1349
f 225/1374/1348 1190/119/107 223/21/18
f 208/193/170 1191/1370/1345 1189/61/56
f 210/1375/1350 1192/1372/1351 1191/1370/1345
f 211/1376/1352 1193/1377/1353 1192/1372/1347
f 1193/1378/1353 209/18/15 1190/119/107
f 1194/131/116 202/1379/1354 199/3/3
f 1196/1380/1355 201/1381/1356 202/1379/1354
f 1197/1382/1357 200/1383/1358 201/1381/1359
f 200/1384/1358 1195/4/4 198/16/13
f 219/25/22 1196/1380/1355 1194/131/116
f 222/1358/1334 1197/1382/1360 1196/1380/1355
f 221/1360/1337 1198/1385/1361 1197/1382/1357
f 1198/1386/1361 218/182/161 1195/4/4
f 214/160/140 1201/1387/1362 217/1388/1363
f 217/1388/1363 1202/1389/1364 216/1390/1365
f 216/1390/1366 1203/1391/1367 215/1392/1368
f 1203/1393/1367 213/10/8 215/1394/1368
f 1199/26/23 227/1369/1344 1201/1387/1362
f 1201/1387/1362 226/1371/1346 1202/1389/1364
f 1202/1389/1369 225/1373/1348 1203/1391/1367
f 225/1374/1348 1200/23/20 1203/1393/1367
f 229/161/141 1206/1395/1370 232/1396/1371
f 232/1396/1371 1207/1397/1372 231/1398/1373
f 231/1398/1374 1208/1399/1375 230/1400/1376
f 1208/1401/1375 228/29/25 230/1402/1376
f 1204/155/136 217/1388/1363 1206/1395/1370
f 1206/1395/1370 216/1390/1365 1207/1397/1372
f 1207/1397/1377 215/1392/1368 1208/1399/1375
f 215/1394/1368 1205/12/10 1208/1401/1375
f 203/15/12 1211/1403/1378 205/1365/1340
f 205/1365/1340 1212/1404/1379 206/1366/1341
f 206/1366/1380 1213/1405/1381 207/1367/1343
f 1213/1406/1381 204/35/31 207/1368/1343
f 1209/14/11 235/1407/1382 1211/1403/1378
f 1211/1403/1378 236/1408/1383 1212/1404/1379
f 1212/1404/1384 237/1409/1385 1213/1405/1381
f 237/1410/1385 1210/33/29 1213/1406/1381
f 233/44/39 1216/1411/1386 235/1407/1382
f 235/1407/1382 1217/1412/1387 236/1408/1383
f 236/1408/1388 1218/1413/1389 237/1409/1385
f 1218/1414/1389 234/32/28 237/1410/1385
f 1214/53/48 245/1415/1390 1216/1411/1386
f 1216/1411/1386 246/1416/1391 1217/1412/1387
f 1217/1412/1392 247/1417/1393 1218/1413/1389
f 247/1418/1393 1215/30/26 1218/1414/1389
f 239/194/171 1221/1419/1394 242/1420/1395
f 242/1420/1395 1222/1421/1396 241/1422/1397
f 241/1422/1398 1223/1423/1399 240/1424/1400
f 1223/1425/1399 238/39/35 240/1426/1400
f 1219/186/164 232/1396/1371 1221/1419/1394
f 1221/1419/1394 231/1398/1373 1222/1421/1396
f 1222/1421/1401 230/1400/1376 1223/1423/1399
f 230/1402/1376 1220/37/33 1223/1425/1399
f 1224/172/151 269/1427/1402 266/170/149
f 1226/1428/1403 268/1429/1404 269/1427/1402
f 1227/1430/1405 267/1431/1406 268/1429/1404
f 1228/1432/1407 265/49/44 267/1433/1406
f 249/731/672 1226/1428/1403 1224/172/151
f 258/730/671 1227/1430/1405 1226/1428/1403
f 252/734/675 1228/1434/1407 1227/1430/1405
f 251/725/666 1225/135/118 1228/1434/1407
f 243/52/47 1231/1435/1408 245/1415/1390
f 245/1415/1390 1232/1436/1409 246/1416/1391
f 246/1416/1410 1233/1437/1411 247/1417/1393
f 247/1418/1393 1230/40/36 244/42/38
f 1229/154/135 269/1427/1402 1231/1435/1408
f 1231/1435/1412 268/1429/1404 1232/1436/1409
f 1232/1436/1413 267/1431/1406 1233/1437/1411
f 267/1433/1406 1230/40/36 1233/1438/1411
f 249/731/672 1236/1439/1414 256/729/670
f 256/729/670 1237/1440/1415 257/732/673
f 257/732/682 1238/1441/1416 262/740/678
f 262/737/678 1235/46/41 250/48/43
f 1234/171/150 242/1420/1395 1236/1439/1414
f 1236/1439/1414 241/1422/1397 1237/1440/1415
f 1237/1440/1417 240/1424/1400 1238/1441/1416
f 1238/1442/1416 238/39/35 1235/46/41
f 1239/69/63 210/1375/1350 208/193/170
f 1241/1443/1418 211/1376/1419 210/1375/1350
f 1242/1444/1420 212/1445/1421 211/1376/1352
f 212/1446/1421 1240/164/143 209/18/15
f 275/130/115 1241/1443/1418 1239/69/63
f 277/1447/1422 1242/1444/1423 1241/1443/1418
f 278/1448/1424 1243/1449/1425 1242/1444/1420
f 1243/1450/1425 276/58/53 1240/164/143
f 1244/1/1 274/1451/1426 271/179/158
f 1246/1452/1427 273/1453/1428 274/1451/1426
f 1247/1454/1429 272/1455/1430 273/1453/1431
f 272/1455/1430 1245/1456/49 270/1457/51
f 199/3/3 1246/1452/1427 1244/1/1
f 202/1379/1354 1247/1454/1432 1246/1452/1427
f 201/1381/1359 1248/1458/1433 1247/1454/1429
f 1248/1458/1433 198/1459/13 1245/1456/49
f 287/757/700 1251/1460/1434 298/755/698
f 298/755/698 1252/1461/1435 299/746/689
f 299/746/689 1253/1462/1436 289/742/685
f 289/742/685 1250/120/108 285/178/157
f 1249/145/127 282/1463/1437 1251/1460/1434
f 1251/1460/1434 283/1464/1438 1252/1461/1435
f 1252/1461/1435 284/1465/1439 1253/1462/1436
f 1253/1462/1436 281/1466/59 1250/120/108
f 1254/146/128 277/1447/1422 275/130/115
f 1256/1467/1440 278/1448/1441 277/1447/1422
f 1257/1468/1442 279/1469/1443 278/1448/1424
f 1258/1470/1444 276/58/53 279/1471/1443
f 287/757/700 1256/1467/1440 1254/146/128
f 300/756/699 1257/1468/1445 1256/1467/1440
f 294/759/1446 1258/1472/1444 1257/1468/1442
f 293/1473/694 1255/66/61 1258/1470/1444
f 1259/148/130 282/1463/1437 280/147/129
f 1261/1474/1447 283/1464/1438 282/1463/1437
f 1262/1475/1448 284/1465/1439 283/1464/1438
f 284/1465/1439 1260/1476/57 281/1466/59
f 271/179/158 1261/1474/1447 1259/148/130
f 274/1451/1426 1262/1475/1449 1261/1474/1447
f 273/1453/1431 1263/1477/1450 1262/1475/1448
f 272/1455/1430 1260/1476/57 1263/1477/1450
f 1264/144/126 327/1478/1451 324/71/64
f 1266/1479/1452 326/1480/1453 327/1478/1451
f 1267/1481/1454 325/1482/1455 326/1480/1453
f 1268/1483/1456 323/192/169 325/1482/1455
f 308/91/83 1266/1479/1452 1264/144/126
f 310/1484/1457 1267/1481/1454 1266/1479/1452
f 311/1485/1458 1268/1483/1456 1267/1481/1454
f 312/1486/1459 1265/191/168 1268/1483/1456
f 329/85/77 1271/1487/1460 332/1488/1461
f 332/1488/1461 1272/1489/1462 331/1490/1463
f 331/1490/1463 1273/1491/1464 330/1492/1465
f 330/1492/1465 1270/125/111 328/128/114
f 1269/84/76 315/1493/1466 1271/1487/1460
f 1271/1487/1460 316/1494/1467 1272/1489/1462
f 1272/1489/1462 317/1495/1468 1273/1491/1464
f 1273/1491/1464 314/126/112 1270/125/111
f 304/81/73 1276/1496/1469 307/1497/1470
f 307/1497/1470 1277/1498/1471 306/1499/1472
f 306/1499/1472 1278/1500/1473 305/1501/1474
f 305/1501/1474 1275/142/125 303/106/97
f 1274/72/65 327/1478/1451 1276/1496/1469
f 1276/1496/1469 326/1480/1453 1277/1498/1471
f 1277/1498/1471 325/1482/1455 1278/1500/1473
f 1278/1500/1473 323/192/169 1275/142/125
f 1279/86/78 322/1502/1475 319/127/113
f 1281/1503/1476 321/1504/1477 322/1502/1475
f 1282/1505/1478 320/1506/1479 321/1504/1477
f 1283/1507/1480 318/183/162 320/1506/1479
f 329/85/77 1281/1503/1476 1279/86/78
f 332/1488/1461 1282/1505/1478 1281/1503/1476
f 331/1490/1463 1283/1507/1480 1282/1505/1478
f 330/1492/1465 1280/163/142 1283/1507/1480
f 1284/77/69 337/1508/1481 334/157/137
f 1286/1509/1482 336/1510/1483 337/1508/1481
f 1287/1511/1484 335/1512/1485 336/1510/1483
f 1288/1513/1486 333/78/70 335/1512/1485
f 319/127/113 1286/1509/1482 1284/77/69
f 322/1502/1475 1287/1511/1484 1286/1509/1482
f 321/1504/1477 1288/1513/1486 1287/1511/1484
f 320/1506/1479 1285/94/86 1288/1513/1486
f 1289/92/84 310/1484/1457 308/91/83
f 1291/1514/1487 311/1485/1458 310/1484/1457
f 1292/1515/1488 312/1486/1459 311/1485/1458
f 1293/1516/1489 309/190/167 312/1486/1459
f 338/97/88 1291/1514/1487 1289/92/84
f 340/1517/1490 1292/1515/1488 1291/1514/1487
f 341/1518/1491 1293/1516/1489 1292/1515/1488
f 342/1519/1492 1290/74/67 1293/1516/1489
f 1294/98/89 340/1517/1490 338/97/88
f 1296/1520/1493 341/1518/1491 340/1517/1490
f 1297/1521/1494 342/1519/1492 341/1518/1491
f 1298/1522/1495 339/140/123 342/1519/1492
f 348/102/93 1296/1520/1493 1294/98/89
f 350/1523/1496 1297/1521/1494 1296/1520/1493
f 351/1524/1497 1298/1522/1495 1297/1521/1494
f 352/1525/1498 1295/184/163 1298/1522/1495
f 1299/93/85 347/1526/1499 344/187/165
f 1301/1527/1500 346/1528/1501 347/1526/1499
f 1302/1529/1502 345/1530/1503 346/1528/1501
f 1303/1531/1504 343/101/92 345/1530/1503
f 334/157/137 1301/1527/1500 1299/93/85
f 337/1508/1481 1302/1529/1502 1301/1527/1500
f 336/1510/1483 1303/1531/1504 1302/1529/1502
f 335/1512/1485 1300/80/72 1303/1531/1504
f 371/189/166 1306/1532/1505 374/1533/1506
f 374/1533/1506 1307/1534/1507 373/1535/1508
f 373/1535/1508 1308/1536/1509 372/1537/1510
f 372/1537/1510 1305/174/153 370/176/155
f 1304/1538/122 357/762/705 1306/1532/1505
f 1306/1532/1505 366/766/709 1307/1534/1507
f 1307/1534/1507 365/772/717 1308/1536/1509
f 1308/1536/1509 355/175/154 1305/174/153
f 1309/104/95 350/1523/1496 348/102/93
f 1311/1539/1511 351/1524/1497 350/1523/1496
f 1312/1540/1512 352/1525/1498 351/1524/1497
f 1313/1541/1513 349/181/160 352/1525/1498
f 371/189/166 1311/1539/1511 1309/104/95
f 374/1533/1506 1312/1540/1512 1311/1539/1511
f 373/1535/1508 1313/1541/1513 1312/1540/1512
f 372/1537/1510 1310/158/138 1313/1541/1513
f 1314/99/90 361/770/713 354/105/96
f 1316/1542/1514 362/775/720 361/770/713
f 1317/1543/1515 367/773/718 362/775/720
f 1318/1544/1516 355/175/154 367/773/718
f 344/187/165 1316/1542/1514 1314/99/90
f 347/1526/1499 1317/1543/1515 1316/1542/1514
f 346/1528/1501 1318/1544/1516 1317/1543/1515
f 345/1530/1503 1315/173/152 1318/1544/1516
f 313/88/80 1321/1545/1517 315/1493/1466
f 315/1493/1466 1322/1546/1518 316/1494/1467
f 316/1494/1467 1323/1547/1519 317/1495/1468
f 317/1495/1468 1320/168/147 314/126/112
f 1319/109/98 382/1548/1520 1321/1545/1517
f 1321/1545/1517 383/1549/1521 1322/1546/1518
f 1322/1546/1518 384/1550/1522 1323/1547/1519
f 1323/1547/1519 381/132/117 1320/168/147
f 376/111/100 1326/1551/1523 379/1552/1524
f 379/1552/1524 1327/1553/1525 378/1554/1526
f 378/1554/1526 1328/1555/1527 377/1556/1528
f 377/1556/1528 1325/115/103 375/114/102
f 1324/82/74 307/1497/1470 1326/1551/1523
f 1326/1551/1523 306/1499/1472 1327/1553/1525
f 1327/1553/1525 305/1501/1474 1328/1555/1527
f 1328/1555/1527 303/106/97 1325/115/103
f 1329/124/110 393/1557/724 390/180/159
f 1331/1558/1529 394/789/734 393/778/724
f 1332/1559/1530 400/785/730 394/789/734
f 1333/1560/1531 391/786/731 400/785/730
f 385/118/106 1331/1558/1529 1329/1561/110
f 387/1562/1532 1332/1559/1530 1331/1558/1529
f 388/1563/1533 1333/1560/1531 1332/1559/1530
f 389/1564/1534 1330/152/134 1333/1560/1531
f 380/110/99 1336/1565/1535 382/1548/1520
f 382/1548/1520 1337/1566/1536 383/1549/1521
f 383/1549/1521 1338/1567/1537 384/1550/1522
f 384/1550/1522 1335/151/133 381/132/117
f 1334/116/104 404/792/738 1336/1565/1535
f 1336/1565/1535 399/787/732 1337/1566/1536
f 1337/1566/1536 398/784/729 1338/1567/1537
f 1338/1567/1537 391/786/731 1335/151/133
f 385/118/106 1341/1568/1538 387/1562/1532
f 387/1562/1532 1342/1569/1539 388/1563/1533
f 388/1563/1533 1343/1570/1540 389/1564/1534
f 389/1564/1534 1340/150/132 386/149/131
f 1339/112/101 379/1552/1524 1341/1568/1538
f 1341/1568/1538 378/1554/1526 1342/1569/1539
f 1342/1569/1539 377/1556/1528 1343/1570/1540
f 1343/1570/1540 375/114/102 1340/150/132
f 392/117/105 1346/1571/1541 403/1572/739
f 403/777/723 1345/177/156 390/180/159
f 1344/67/62 295/750/1542 1346/1571/1541
s 36
f 1346/1573/1543 295/1574/1544 288/743/1545
s 1
f 1346/1575/1546 285/178/157 1345/177/156
f 1347/47/42 261/1576/1547 250/48/43
f 1349/1577/1548 248/722/663 261/724/665
f 354/105/96 1349/1578/1549 1347/47/42
f 356/1579/706 1348/136/119 1349/1577/1548
s 2
f 528/260/236 1352/1580/1550 539/944/893
f 539/944/893 1353/1581/1551 540/934/881
f 1353/1581/1551 531/930/878 540/934/881
f 1354/1582/1552 526/243/220 531/930/878
f 1350/259/235 549/950/900 1352/1580/1550
f 1352/1580/1550 559/953/903 1353/1581/1551
f 559/953/903 1354/1582/1552 1353/1581/1551
f 558/963/913 1351/261/237 1354/1582/1552
f 1355/253/229 553/956/906 545/254/230
f 1357/1583/1553 554/958/908 553/956/906
f 554/958/908 1359/1584/1554 560/962/912
f 560/962/912 1356/240/217 546/302/277
f 563/231/208 1357/1583/1553 1355/253/229
f 568/966/916 1358/1585/1555 1357/1583/1553
f 1358/1585/1555 576/981/933 1359/1584/1554
f 1359/1584/1554 565/269/245 1356/240/217
f 1360/288/263 571/974/924 564/301/276
f 1362/1586/1556 572/1587/1557 571/974/924
f 572/1587/935 1363/1588/1558 578/1589/932
f 578/980/932 1361/242/219 565/269/245
f 1360/288/263 536/938/885 1362/1586/1559
f 1362/1586/1556 530/931/889 1363/1590/1560
f 1363/1590/1560 530/931/889 529/933/1561
f 1363/1591/1562 526/243/220 1361/242/219
f 510/300/275 1366/1592/1563 521/925/871
f 521/925/871 1367/1593/1564 522/916/860
f 1367/1593/1564 513/913/857 522/916/860
f 1368/1594/1565 508/280/255 513/913/857
f 1364/297/272 555/957/907 1366/1592/1563
f 1366/1592/1563 548/951/901 1367/1593/1564
f 548/951/901 1368/1594/1565 1367/1593/1564
f 547/949/899 1365/274/249 1368/1594/1565
f 1369/289/264 534/1595/886 527/290/265
f 1371/1596/1566 535/947/896 534/939/886
f 535/947/896 1372/1597/1567 541/945/894
f 1372/1597/1568 528/260/236 541/945/894
f 1369/289/264 518/1598/864 1371/1599/1569
f 1371/1596/1566 512/914/858 1372/1600/1567
f 1372/1600/1567 512/914/858 511/912/856
f 1372/1597/1568 508/280/255 1370/228/205
f 1373/251/227 516/1601/865 509/249/225
f 1375/1602/1570 517/928/1571 516/922/865
f 517/928/874 1376/1603/1572 523/926/872
f 1376/1603/1572 510/300/275 523/926/872
f 1373/251/227 573/973/923 1375/1604/1570
f 1375/1602/1570 567/967/927 1376/1605/1573
f 1376/1605/1572 567/967/917 566/965/915
f 1376/1603/1572 563/231/208 1374/230/207
f 432/823/769 1379/1606/1574 435/826/770
f 435/826/770 1380/1607/1575 1870/1608/1576
f 1870/1608/1576 1381/1609/1577 437/1610/1578
f 437/1610/1578 1378/246/222 433/316/291
f 407/165/144 1379/1606/1574 1377/209/186
f 412/795/743 1380/1607/1575 1379/1606/1574
f 420/798/1579 1381/1609/1577 1380/1607/1575
f 418/806/1580 1378/246/222 1381/1609/1577
f 1382/258/234 448/1611/1581 443/216/193
f 1384/1612/1582 1877/838/1583 448/1611/1581
f 1385/1613/1584 445/835/1585 1877/838/1583
f 1386/1614/1586 441/318/293 445/835/1585
f 1382/258/234 418/809/1580 1384/1612/1582
f 1384/1612/1582 415/802/1587 1385/1613/1584
f 1385/1613/1584 414/799/747 1386/1614/1586
f 1386/1614/1586 408/801/749 1383/236/213
f 1387/317/292 437/1615/1578 433/316/291
f 1389/1616/1588 438/833/1589 437/1615/1578
f 1390/1617/1590 440/830/774 438/833/1589
f 1391/1618/1591 434/235/212 440/830/774
f 1387/317/292 448/1619/1581 1389/1616/1588
f 1389/1616/1588 449/1620/1592 1390/1617/1590
f 1390/1617/1590 447/842/1593 1391/1618/1591
f 1391/1618/1591 442/839/1594 1388/233/210
f 461/859/809 1394/1621/1595 464/857/807
f 464/857/807 1395/1622/1596 467/868/810
f 467/868/1597 1396/1623/1598 469/867/1599
f 469/867/1599 1393/278/253 462/322/297
f 421/219/196 1394/1621/1595 1392/299/274
f 425/811/756 1395/1622/1596 1394/1621/1595
f 427/815/1600 1396/1623/1598 1395/1622/1596
f 430/1624/1601 1393/278/253 1396/1623/1598
f 475/272/248 1399/1625/1602 478/875/820
f 478/875/820 1400/1626/1603 1878/1627/1604
f 1878/1627/1604 1401/1628/1605 481/1629/1606
f 481/1629/1606 1398/338/313 476/206/183
f 463/264/240 1399/1625/1602 1397/262/238
f 473/870/817 1400/1626/1603 1399/1625/1602
f 468/864/1607 1401/1628/1605 1400/1626/1603
f 469/866/1599 1398/338/313 1401/1628/1605
f 1402/208/185 481/1630/1606 476/206/183
f 1404/1631/1608 482/882/1609 481/1630/1606
f 1405/1632/1610 484/879/826 482/882/1609
f 1406/1633/1611 477/270/246 484/879/826
f 1402/208/185 430/1634/1601 1404/1631/1608
f 1404/1631/1608 427/822/1612 1405/1632/1610
f 1405/1632/1610 429/821/764 1406/1633/1611
f 1406/1633/1611 422/265/241 1403/267/243
f 1407/256/232 458/855/1613 452/195/172
f 1409/1635/1614 1410/1636/1615 459/1637/1616
f 1410/1636/1617 454/846/1618 459/1637/1619
f 1411/1638/1620 450/343/318 454/846/1618
f 1407/256/232 492/894/838 1409/1635/1614
f 1409/1635/1614 491/895/1621 1410/1636/1615
f 1410/1636/1617 488/884/830 1411/1638/1620
f 1411/1638/1620 485/886/832 1408/294/269
f 1412/328/303 492/893/838 486/279/254
f 1414/1639/1622 493/891/836 492/893/838
f 1415/1640/1623 497/897/842 493/891/836
f 1416/1641/1624 487/284/259 497/897/842
f 1412/328/303 505/1642/1625 1414/1639/1622
f 1414/1639/1622 1868/1643/1626 1415/1640/1623
f 1415/1640/1623 503/902/844 1416/1641/1624
f 1416/1641/1624 499/198/175 1413/200/177
f 1418/342/317 505/1644/1625 500/329/304
f 1427/1331/1308 504/911/1627 505/1644/1625
f 1421/1325/1302 503/908/1628 504/911/1627
f 1420/1323/1300 501/293/268 503/908/851
f 1418/342/317 460/856/1629 1425/1332/1307
f 1425/1332/1307 457/853/1630 1426/1333/1309
f 1426/1333/1309 456/852/1631 1431/1337/1313
f 1431/1337/1313 451/285/260 1419/287/262
f 583/999/310 1436/1645/1632 592/997/951
f 592/997/951 1437/1646/1633 593/990/942
f 593/990/942 1438/1647/1634 586/986/938
f 586/986/938 1435/282/257 581/281/256
f 1434/1648/309 607/1010/964 1436/1645/1632
f 1436/1645/1632 601/1004/958 1437/1646/1633
f 1437/1646/1633 600/1002/956 1438/1647/1634
f 1438/1647/1634 597/321/296 1435/282/257
f 1439/308/283 618/1022/974 615/320/295
f 1441/1649/1635 619/1032/983 618/1022/974
f 1442/1650/1636 626/1028/979 619/1032/983
f 1443/1651/1637 616/1029/201 626/1028/979
f 599/1018/970 1441/1649/1635 1439/308/283
f 612/1017/969 1442/1650/1636 1441/1649/1635
f 606/1012/965 1443/1651/1637 1442/1650/1636
f 605/1652/963 1440/222/199 1443/1653/1637
f 1444/311/286 589/995/948 582/309/284
f 1446/1654/1638 590/1001/955 589/995/948
f 1447/1655/1639 594/998/952 590/1001/955
f 1448/1656/1640 583/999/310 594/998/952
f 1444/311/286 630/1034/985 1446/1654/1638
f 1446/1654/1638 625/1030/980 1447/1655/1639
f 1447/1655/1639 624/1027/978 1448/1656/1640
f 1448/1656/1640 616/1029/201 1445/1657/200
f 1449/1658/300 645/1051/1004 634/1053/298
f 1451/1659/1641 646/1042/996 645/1051/1004
f 1452/1660/1642 637/1038/992 646/1042/996
f 1453/1661/1643 632/1039/993 637/1038/992
f 651/1064/302 1451/1659/1641 1449/1658/300
f 660/1063/1016 1452/1660/1642 1451/1659/1641
f 654/1067/1020 1453/1661/1643 1452/1660/1642
f 653/1057/1009 1450/226/203 1453/1661/1643
f 669/1085/315 1456/1662/1644 680/1083/1043
f 680/1083/1043 1457/1663/1645 681/1077/1034
f 681/1077/1034 1458/1664/1646 671/1073/1030
f 671/1073/1030 1455/213/190 667/212/189
f 1454/1665/314 647/1052/1005 1456/1662/1644
f 1456/1662/1644 641/1047/1001 1457/1663/1645
f 1457/1663/1645 640/1045/999 1458/1664/1646
f 1458/1664/1646 633/314/289 1455/213/190
f 1459/313/288 675/1081/1038 668/315/290
f 1461/1666/1647 676/1087/1046 675/1081/1038
f 1462/1667/1648 682/1084/1044 676/1087/1046
f 1463/1668/1649 669/1085/315 682/1084/1044
f 1459/313/288 665/1069/1022 1461/1666/1647
f 1461/1666/1647 659/1065/1017 1462/1667/1648
f 1462/1667/1648 658/1062/1015 1463/1668/1649
f 1463/1668/1649 651/1064/302 1460/1669/301
f 1464/333/308 688/1090/1049 685/345/320
f 1466/1670/1650 689/1100/1651 688/1090/1049
f 1467/1671/1652 696/1096/1055 689/1100/1058
f 1468/1672/1653 686/1097/192 696/1096/1055
f 704/332/307 1466/1670/1650 1464/333/308
f 709/1107/1068 1467/1671/1652 1466/1670/1650
f 718/1110/1071 1468/1672/1653 1467/1671/1652
f 717/1118/1079 1465/1673/182 1468/1672/1653
f 1469/202/179 712/1113/1074 705/303/278
f 712/1113/1074 1472/1674/1654 713/1115/1076
f 713/1115/1076 1473/1675/1655 719/1119/1080
f 719/1119/1080 1470/1676/305 706/1120/180
f 1469/202/179 727/1125/1084 1471/1677/1656
f 1471/1677/1656 735/1129/1088 1472/1674/1654
f 1472/1674/1654 734/1134/1095 1473/1675/1655
f 1473/1675/1655 724/1136/306 1470/1676/305
f 1474/1341/1318 731/1678/1657 723/305/280
f 1479/1340/1317 732/1138/1658 731/1678/1659
f 1488/1344/1660 736/1135/1096 732/1138/1098
f 1487/1353/1329 724/1136/306 736/1135/1096
f 1475/307/282 701/1104/1063 1482/1347/1324
f 1482/1347/1324 695/1098/1056 1483/1349/1326
f 1483/1349/1326 694/1095/1054 1489/1354/1330
f 1489/1354/1330 686/1097/192 1476/1355/191
f 1492/167/146 410/794/742 407/165/144
f 410/794/742 1495/1679/1661 411/796/1662
f 411/796/1662 1496/1680/1663 416/800/748
f 416/800/748 1493/237/214 408/801/749
f 597/321/296 1494/1681/1664 1492/167/146
f 1494/1681/1664 611/1006/960 1495/1679/1661
f 611/1006/960 1496/1680/1663 1495/1679/1661
f 1496/1680/1663 599/1018/970 1493/237/214
f 617/310/285 1499/1682/1665 628/1035/1666
f 628/1035/1666 1499/1683/1665 629/1025/1667
s 37
f 629/1025/1668 1500/1684/1669 620/1021/1670
s 2
f 1500/1684/1671 615/320/295 620/1021/973
f 442/839/1594 1499/1682/1665 1497/247/223
s 37
f 1499/1683/1672 444/834/1673 1500/1684/1669
s 2
f 1500/1684/1671 441/318/293 1498/319/294
f 1501/221/198 424/810/755 421/219/196
s 38
f 424/810/1674 1503/1685/1675 428/812/1676
s 2
f 428/820/765 1502/1686/1677 422/265/241
f 1501/221/198 655/1056/1008 1503/1687/1678
f 1503/1687/1678 655/1056/1008 664/1060/1679
f 1503/1685/1680 664/1060/1681 663/1070/1682
f 663/1070/1682 1502/1686/1677 1503/1688/1680
f 1504/1689/1683 670/1690/1031 667/212/189
f 670/1074/1042 1506/1691/1684 677/1080/1040
f 677/1080/1037 1505/271/247 668/315/290
f 1504/1689/1683 479/874/821 1506/1692/1685
s 39
f 1506/1693/1686 479/1694/1686 483/878/1686
s 2
f 483/878/825 1505/271/247 1506/1691/1687
f 487/284/259 1509/1695/1688 495/896/841
f 495/896/841 1510/1696/1689 496/890/835
f 496/890/835 1511/1697/1690 489/885/831
f 489/885/831 1508/295/270 485/886/832
f 1507/283/258 714/1114/1075 1509/1695/1688
f 1509/1695/1688 708/1108/1069 1510/1696/1689
f 708/1108/1069 1511/1697/1690 1510/1696/1689
f 707/1106/1067 1508/295/270 1511/1697/1690
f 687/1102/1061 1514/1698/1691 699/1105/1065
f 699/1105/1692 1515/1699/1693 700/1093/1694
f 700/1093/1695 1515/1700/1696 690/1089/1048
f 690/1089/1048 1513/344/319 685/345/320
f 1512/306/281 453/851/1697 1514/1698/1691
f 1514/1698/1691 453/1701/1697 1515/1699/1693
f 1515/1700/1696 450/343/318 1513/344/319
f 1516/210/187 584/987/939 581/281/256
f 584/987/939 1518/1702/1698 585/988/1699
f 585/988/1700 1518/1703/1701 591/994/947
f 591/994/947 1517/234/211 582/309/284
f 1516/210/187 436/825/771 1518/1704/1698
s 40
f 1518/1702/1702 436/1705/1702 439/829/1702
s 2
f 439/829/773 1517/234/211 1518/1703/1701
f 463/264/240 1521/1706/1703 471/869/816
f 471/869/816 1522/1707/1704 472/863/1705
f 1522/1707/1704 465/858/808 472/863/1705
f 1523/1708/1706 461/859/809 465/858/808
f 1519/263/239 642/1046/1000 1521/1706/1703
f 1521/1706/1703 636/1040/994 1522/1707/1704
f 636/1040/994 1523/1708/1706 1522/1707/1704
f 635/1037/991 1520/225/202 1523/1708/1706
f 501/293/268 1526/1709/1707 506/907/850
s 41
f 506/907/1708 1527/1710/1709 507/906/1710
s 2
f 507/906/1711 1528/1711/1712 502/901/1713
f 502/901/845 1525/201/178 499/198/175
f 1524/292/267 733/1132/1714 1526/1709/1707
s 41
f 1526/1709/1715 726/1126/1716 1527/1710/1709
s 2
f 1527/1710/1717 725/1127/1086 1528/1711/1712
f 1528/1711/1718 722/1123/1082 1525/201/178
s 3
f 760/370/342 1531/1712/1719 763/1713/1720
f 763/1713/1720 1532/1714/1721 762/1715/1722
f 762/1716/1723 1533/1717/1724 761/1718/1725
f 1533/1717/1724 759/525/482 761/1718/1725
f 1529/369/341 746/1719/1726 1531/1712/1719
f 1531/1712/1719 747/1720/1727 1532/1714/1721
f 1532/1721/1728 748/1722/1729 1533/1717/1724
f 748/1722/1729 1530/484/444 1533/1717/1724
f 1534/406/375 768/1723/1730 765/353/327
f 1536/1724/1731 767/1725/1732 768/1723/1730
f 1537/1726/1733 766/1727/1734 767/1728/1735
f 766/1727/1734 1535/464/427 764/366/338
f 749/536/493 1536/1724/1731 1534/406/375
f 751/1729/1736 1537/1730/1737 1536/1724/1731
f 752/1731/1738 1538/1732/1739 1537/1726/1733
f 1538/1732/1739 750/363/335 1535/464/427
f 1539/474/436 743/1733/1740 740/348/323
f 1541/1734/1741 742/1735/1742 743/1733/1740
f 1542/1736/1743 741/1737/1744 742/1738/1745
f 741/1737/1744 1540/349/324 739/361/333
f 760/370/342 1541/1734/1741 1539/474/436
f 763/1713/1720 1542/1739/1746 1541/1734/1741
f 762/1716/1723 1543/1740/1747 1542/1736/1743
f 1543/1740/1747 759/525/482 1540/349/324
f 755/503/461 1546/1741/1748 758/1742/1749
f 758/1742/1749 1547/1743/1750 757/1744/1751
f 757/1745/1752 1548/1746/1753 756/1747/1754
f 1548/1746/1753 754/355/328 756/1747/1754
f 1544/371/343 768/1723/1730 1546/1741/1748
f 1546/1741/1748 767/1725/1732 1547/1743/1750
f 1547/1748/1755 766/1727/1734 1548/1746/1753
f 766/1727/1734 1545/368/340 1548/1746/1753
f 770/504/462 1551/1749/1756 773/1750/1757
f 773/1750/1757 1552/1751/1758 772/1752/1759
f 772/1753/1760 1553/1754/1761 771/1755/1762
f 1553/1754/1761 769/374/345 771/1755/1762
f 1549/498/457 758/1742/1749 1551/1749/1756
f 1551/1749/1756 757/1744/1751 1552/1751/1758
f 1552/1756/1763 756/1747/1754 1553/1754/1761
f 756/1747/1754 1550/357/330 1553/1754/1761
f 744/360/332 1556/1757/1764 746/1719/1726
f 746/1719/1726 1557/1758/1765 747/1720/1727
f 747/1759/1766 1558/1760/1767 748/1722/1729
f 1558/1760/1767 745/380/351 748/1722/1729
f 1554/359/331 776/1761/1768 1556/1757/1764
f 1556/1757/1764 777/1762/1769 1557/1758/1765
f 1557/1758/1770 778/1763/1771 1558/1764/1767
f 778/1765/1771 1555/378/349 1558/1760/1767
f 774/389/359 1561/1766/1772 776/1761/1768
f 776/1761/1768 1562/1767/1773 777/1762/1769
f 777/1762/1774 1563/1768/1775 778/1763/1771
f 1563/1769/1775 775/377/348 778/1765/1771
f 1559/398/367 786/1770/1776 1561/1766/1772
f 1561/1766/1772 787/1771/1777 1562/1767/1773
f 1562/1767/1778 788/1772/1779 1563/1768/1775
f 788/1773/1779 1560/375/346 1563/1769/1775
f 780/537/494 1566/1774/1780 783/1775/1781
f 783/1776/1781 1567/1777/1782 782/1778/1783
f 782/1778/1784 1568/1779/1785 781/1780/1786
f 1568/1779/1785 779/384/355 781/1780/1786
f 1564/530/487 773/1750/1757 1566/1774/1780
f 1566/1781/1780 772/1753/1759 1567/1777/1782
f 1567/1777/1787 771/1755/1762 1568/1779/1785
f 771/1755/1762 1565/382/353 1568/1779/1785
f 1569/515/472 819/1174/1136 807/513/470
f 1571/1782/1788 820/1163/1126 819/1174/1136
f 1572/1783/1789 810/1160/1123 820/1163/1126
f 1573/1784/1790 805/529/486 810/1160/1123
f 790/1149/1111 1571/1782/1788 1569/515/472
f 800/1148/1110 1572/1783/1789 1571/1782/1788
f 793/1152/1114 1573/1784/1790 1572/1783/1789
f 792/1142/1103 1570/480/440 1573/1784/1790
f 784/397/366 1576/1785/1791 786/1770/1776
f 786/1770/1776 1577/1786/1792 787/1771/1777
f 787/1771/1793 1578/1787/1794 788/1772/1779
f 1578/1788/1794 785/387/358 788/1773/1779
f 1574/497/456 821/1173/1135 1576/1785/1791
f 1576/1785/1791 815/1175/1137 1577/1786/1792
f 815/1175/1795 1578/1787/1794 1577/1786/1796
f 814/1789/1131 1575/385/356 1578/1788/1794
f 790/1149/1111 1581/1790/1797 798/1147/1109
f 798/1791/1109 1582/1792/1798 799/1793/1112
f 799/1793/1799 1583/1794/1800 803/1155/1801
f 803/1155/1118 1580/391/361 791/393/363
f 1579/514/471 783/1775/1781 1581/1790/1797
f 1581/1795/1802 782/1778/1783 1582/1792/1798
f 1582/1792/1803 781/1780/1786 1583/1794/1800
f 1583/1794/1800 779/384/355 1580/391/361
f 1584/414/382 751/1729/1736 749/536/493
f 1586/1796/1804 752/1797/1805 751/1729/1736
f 1587/1798/1806 753/1799/1807 752/1731/1738
f 753/1799/1807 1585/507/464 750/363/335
f 829/473/435 1586/1796/1804 1584/414/382
f 831/1800/1808 1587/1801/1809 1586/1796/1804
f 832/1802/1810 1588/1803/1811 1587/1798/1806
f 1588/1803/1811 830/403/372 1585/507/464
f 1589/346/321 828/1804/1812 825/522/479
f 1591/1805/1813 827/1806/1814 828/1804/1812
f 1592/1807/1815 826/1808/1816 827/1809/1817
f 826/1808/1816 1590/399/368 824/401/370
f 740/348/323 1591/1805/1813 1589/346/321
f 743/1733/1740 1592/1810/1818 1591/1805/1813
f 742/1738/1745 1593/1811/1819 1592/1807/1815
f 1593/1811/1819 739/361/333 1590/399/368
f 841/1193/1155 1596/1812/1820 851/1191/1153
f 851/1191/1153 1597/1813/1821 852/1182/1143
f 852/1182/1143 1598/1814/1822 843/1178/1139
f 843/1178/1139 1595/1815/428 839/1176/478
f 1594/488/447 836/1816/1823 1596/1812/1820
f 1596/1812/1820 837/1817/1824 1597/1813/1821
f 1597/1813/1821 838/1818/1825 1598/1814/1822
f 1598/1819/1822 835/409/378 1595/465/428
f 1599/489/448 831/1800/1808 829/473/435
f 1601/1820/1826 832/1821/1827 831/1800/1808
f 1602/1822/1828 833/1823/1829 832/1802/1810
f 1603/1824/1830 830/403/372 833/1823/1829
f 841/1193/1155 1601/1820/1826 1599/489/448
f 853/1192/1154 1602/1825/1831 1601/1820/1826
f 848/1826/1832 1603/1824/1830 1602/1822/1828
f 847/1187/1148 1600/411/380 1603/1824/1830
f 1604/491/450 836/1816/1823 834/490/449
f 1606/1827/1833 837/1817/1824 836/1816/1823
f 1607/1828/1834 838/1829/1825 837/1830/1824
f 838/1829/1825 1605/407/376 835/409/378
f 825/522/479 1606/1827/1833 1604/491/450
f 828/1804/1812 1607/1831/1835 1606/1827/1833
f 827/1809/1817 1608/1832/1836 1607/1828/1834
f 826/1808/1816 1605/407/376 1608/1832/1836
f 1609/487/446 880/1833/1837 877/416/383
f 1611/1834/1838 879/1835/1839 880/1833/1837
f 1612/1836/1840 878/1837/1841 879/1835/1839
f 1613/1838/1842 876/535/492 878/1837/1841
f 861/436/402 1611/1834/1838 1609/487/446
f 863/1839/1843 1612/1836/1840 1611/1834/1838
f 864/1840/1844 1613/1838/1842 1612/1836/1840
f 865/1841/1845 1610/534/491 1613/1838/1842
f 882/430/396 1616/1842/1846 885/1843/1847
f 885/1843/1847 1617/1844/1848 884/1845/1849
f 884/1845/1849 1618/1846/1850 883/1847/1851
f 883/1847/1851 1615/468/431 881/471/434
f 1614/429/395 868/1848/1852 1616/1842/1846
f 1616/1842/1846 869/1849/1853 1617/1844/1848
f 1617/1844/1848 870/1850/1854 1618/1846/1850
f 1618/1846/1850 867/469/432 1615/468/431
f 857/426/392 1621/1851/1855 860/1852/1856
f 860/1852/1856 1622/1853/1857 859/1854/1858
f 859/1854/1858 1623/1855/1859 858/1856/1860
f 858/1856/1860 1620/485/445 856/451/417
f 1619/417/384 880/1833/1837 1621/1851/1855
f 1621/1851/1855 879/1835/1839 1622/1853/1857
f 1622/1853/1857 878/1837/1841 1623/1855/1859
f 1623/1855/1859 876/535/492 1620/485/445
f 1624/431/397 875/1857/1861 872/470/433
f 1626/1858/1862 874/1859/1863 875/1857/1861
f 1627/1860/1864 873/1861/1865 874/1859/1863
f 1628/1862/1866 871/526/483 873/1861/1865
f 882/430/396 1626/1858/1862 1624/431/397
f 885/1843/1847 1627/1860/1864 1626/1858/1862
f 884/1845/1849 1628/1862/1866 1627/1860/1864
f 883/1847/1851 1625/506/463 1628/1862/1866
f 1629/422/388 890/1863/1867 887/500/458
f 1631/1864/1868 889/1865/1869 890/1863/1867
f 1632/1866/1870 888/1867/1871 889/1865/1869
f 1633/1868/1872 886/423/389 888/1867/1871
f 872/470/433 1631/1864/1868 1629/422/388
f 875/1857/1861 1632/1866/1870 1631/1864/1868
f 874/1859/1863 1633/1868/1872 1632/1866/1870
f 873/1861/1865 1630/439/405 1633/1868/1872
f 1634/437/403 863/1839/1843 861/436/402
f 1636/1869/1873 864/1840/1844 863/1839/1843
f 1637/1870/1874 865/1841/1845 864/1840/1844
f 1638/1871/1875 862/533/490 865/1841/1845
f 891/442/408 1636/1869/1873 1634/437/403
f 893/1872/1876 1637/1870/1874 1636/1869/1873
f 894/1873/1877 1638/1871/1875 1637/1870/1874
f 895/1874/1878 1635/419/386 1638/1871/1875
f 1639/443/409 893/1872/1876 891/442/408
f 1641/1875/1879 894/1873/1877 893/1872/1876
f 1642/1876/1880 895/1874/1878 894/1873/1877
f 1643/1877/1881 892/483/443 895/1874/1878
f 901/447/413 1641/1875/1879 1639/443/409
f 903/1878/1882 1642/1876/1880 1641/1875/1879
f 904/1879/1883 1643/1877/1881 1642/1876/1880
f 905/1880/1884 1640/527/484 1643/1877/1881
f 1644/438/404 900/1881/1885 897/531/488
f 1646/1882/1886 899/1883/1887 900/1881/1885
f 1647/1884/1888 898/1885/1889 899/1883/1887
f 1648/1886/1890 896/446/412 898/1885/1889
f 887/500/458 1646/1882/1886 1644/438/404
f 890/1863/1867 1647/1884/1888 1646/1882/1886
f 889/1865/1869 1648/1886/1890 1647/1884/1888
f 888/1867/1871 1645/425/391 1648/1886/1890
f 1649/482/442 926/1218/1183 923/532/489
f 926/1218/1183 1652/1887/1891 927/1229/1892
f 927/1229/1192 1653/1888/1893 934/1225/1189
f 934/1225/1189 1650/1889/474 924/1223/476
f 1649/482/442 909/1199/1161 1651/1890/1894
f 1651/1890/1894 919/1203/1165 1652/1887/1891
f 1652/1887/1895 918/1211/1175 1653/1888/1893
f 1653/1888/1893 908/1213/475 1650/1889/474
f 1654/449/415 903/1878/1882 901/447/413
f 1656/1891/1896 904/1879/1883 903/1878/1882
f 1657/1892/1897 905/1880/1884 904/1879/1883
f 1658/1893/1898 902/524/481 905/1880/1884
f 925/1232/1195 1656/1891/1896 1654/449/415
f 939/1231/1194 1657/1892/1897 1656/1891/1896
f 933/1236/1197 1658/1893/1898 1657/1892/1897
f 932/1226/1190 1655/501/459 1658/1893/1898
f 1659/444/410 913/1894/1171 907/450/416
f 1661/1895/1899 914/1896/1179 913/1894/1171
f 1662/1897/1900 920/1212/1176 914/1215/1179
f 1663/1898/1901 908/518/475 920/1899/1176
f 897/531/488 1661/1895/1899 1659/444/410
f 900/1881/1885 1662/1900/1900 1661/1895/1899
f 899/1901/1887 1663/1902/1901 1662/1897/1900
f 898/1903/1889 1660/1904/473 1663/1902/1901
f 866/433/399 1666/1905/1902 868/1848/1852
f 868/1848/1852 1667/1906/1903 869/1849/1853
f 869/1849/1853 1668/1907/1904 870/1850/1854
f 870/1850/1854 1665/511/468 867/469/432
f 1664/454/418 949/1908/1905 1666/1905/1902
f 1666/1905/1902 950/1909/1906 1667/1906/1903
f 1667/1906/1903 951/1910/1907 1668/1907/1904
f 1668/1907/1904 948/475/437 1665/511/468
f 943/456/420 1671/1911/1908 946/1912/1909
f 946/1912/1909 1672/1913/1910 945/1914/1911
f 945/1914/1911 1673/1915/1912 944/1916/1913
f 944/1916/1913 1670/460/423 942/459/422
f 1669/427/393 860/1852/1856 1671/1911/1908
f 1671/1911/1908 859/1854/1858 1672/1913/1910
f 1672/1913/1910 858/1856/1860 1673/1915/1912
f 1673/1915/1912 856/451/417 1670/460/423
f 1674/467/430 960/1240/1200 957/523/480
f 1676/1917/1914 961/1249/1210 960/1240/1200
f 1677/1918/1915 967/1245/1206 961/1249/1210
f 1678/1919/1916 958/1246/1207 967/1245/1206
f 952/463/426 1676/1917/1914 1674/467/430
f 954/1920/1917 1677/1918/1915 1676/1917/1914
f 955/1921/1918 1678/1919/1916 1677/1918/1915
f 956/1922/1919 1675/495/454 1678/1919/1916
f 947/455/419 1681/1923/1920 949/1908/1905
f 949/1908/1905 1682/1924/1921 950/1909/1906
f 950/1909/1906 1683/1925/1922 951/1910/1907
f 951/1910/1907 1680/494/453 948/475/437
f 1679/461/424 971/1252/1214 1681/1923/1920
f 1681/1923/1920 966/1247/1208 1682/1924/1921
f 1682/1924/1921 965/1244/1205 1683/1925/1922
f 1683/1925/1922 958/1246/1207 1680/494/453
f 952/463/426 1686/1926/1923 954/1920/1917
f 954/1920/1917 1687/1927/1924 955/1921/1918
f 955/1921/1918 1688/1928/1925 956/1922/1919
f 956/1922/1919 1685/493/452 953/492/451
f 1684/457/421 946/1912/1909 1686/1926/1923
f 1686/1926/1923 945/1914/1911 1687/1927/1924
f 1687/1927/1924 944/1916/1913 1688/1928/1925
f 1688/1928/1925 942/459/422 1685/493/452
f 959/462/425 1691/1929/1926 970/1930/1215
f 970/1931/1199 1690/1932/477 957/1933/480
f 1689/412/381 842/1186/1927 1691/1929/1926
f 1691/1934/1928 839/1176/478 1690/1932/477
f 1692/392/362 802/1935/1929 791/393/363
s 42
f 1694/1936/1930 794/1141/1931 802/1145/1932
s 3
f 1695/1937/1933 789/478/438 794/1141/1102
f 907/450/416 1694/1938/1934 1692/392/362
s 42
f 1694/1936/1930 915/1939/1935 1695/1937/1936
s 3
f 915/1939/1162 1693/481/441 1695/1937/1933
f 925/1232/1195 1698/1940/1937 937/1230/1193
f 937/1234/1193 1699/1941/1938 938/1221/1186
f 938/1221/1186 1700/1942/1939 928/1217/1182
f 928/1217/1182 1697/528/485 923/532/489
f 1696/448/414 816/1943/1130 1698/1940/1937
f 1698/1944/1937 809/1161/1124 1699/1941/1938
f 1699/1941/1938 808/1159/1122 1700/1942/1939
f 1700/1942/1939 805/529/486 1697/528/485
s 4
f 995/559/513 1703/1945/1940 998/1946/1941
f 998/1947/1941 1704/1948/1942 997/1949/1943
f 997/1949/1944 1705/1950/1945 996/1951/1946
f 1705/1950/1945 994/711/652 996/1951/1946
f 1701/558/512 981/1952/1947 1703/1945/1940
f 1703/1953/1940 982/1954/1948 1704/1948/1942
f 1704/1948/1949 983/1955/1950 1705/1950/1945
f 983/1955/1950 1702/673/616 1705/1950/1945
f 1706/595/547 1003/1956/1951 1000/542/498
f 1708/1957/1952 1002/1958/1953 1003/1956/1951
f 1709/1959/1954 1001/1960/1955 1002/1958/1956
f 1001/1961/1955 1707/653/599 999/555/509
f 984/720/661 1708/1957/1952 1706/595/547
f 986/1962/1957 1709/1959/1958 1708/1957/1952
f 987/1963/1959 1710/1964/1960 1709/1959/1954
f 1710/1965/1960 985/552/506 1707/653/599
f 1711/663/608 978/1966/1961 975/510/467
f 1713/1967/1962 977/1968/1963 978/1969/1961
f 1714/1970/1964 976/1971/1965 977/1968/1966
f 976/1971/1965 1712/538/495 974/550/504
f 995/559/513 1713/1972/1962 1711/663/608
f 998/1947/1941 1714/1970/1967 1713/1967/1962
f 997/1949/1944 1715/1973/1968 1714/1970/1964
f 1715/1973/1968 994/711/652 1712/538/495
f 990/692/634 1718/1974/1969 993/1975/1970
f 993/1975/1970 1719/1976/1971 992/1977/1972
f 992/1977/1973 1720/1978/1974 991/1979/1975
f 1720/1980/1974 989/544/499 991/1981/1975
f 1716/560/514 1003/1956/1951 1718/1974/1969
f 1718/1974/1969 1002/1958/1953 1719/1976/1971
f 1719/1976/1976 1001/1960/1955 1720/1978/1974
f 1001/1961/1955 1717/557/511 1720/1980/1974
f 1005/693/635 1723/1982/1977 1008/1983/1978
f 1008/1983/1978 1724/1984/1979 1007/1985/1980
f 1007/1985/1981 1725/1986/1982 1006/1987/1983
f 1725/1988/1982 1004/563/516 1006/1989/1983
f 1721/687/629 993/1975/1970 1723/1982/1977
f 1723/1982/1977 992/1977/1972 1724/1984/1979
f 1724/1984/1984 991/1979/1975 1725/1986/1982
f 991/1981/1975 1722/546/501 1725/1988/1982
f 979/549/503 1728/1990/1985 981/1952/1947
f 981/1991/1947 1729/1992/1986 982/1954/1948
f 982/1954/1987 1730/1993/1988 983/1955/1950
f 1730/1993/1988 980/569/522 983/1955/1950
f 1726/548/502 1011/1994/1989 1728/1990/1985
f 1728/1995/1985 1012/1996/1990 1729/1992/1986
f 1729/1992/1991 1013/1997/1992 1730/1993/1988
f 1013/1997/1992 1727/567/520 1730/1993/1988
f 1009/578/530 1733/1998/1993 1011/1994/1989
f 1011/1999/1989 1734/2000/1994 1012/1996/1990
f 1012/1996/1995 1735/2001/1996 1013/1997/1992
f 1735/2001/1996 1010/566/519 1013/1997/1992
f 1731/587/539 1021/2002/1997 1733/1998/1993
f 1733/2003/1993 1022/2004/1998 1734/2000/1994
f 1734/2000/1999 1023/2005/2000 1735/2001/1996
f 1023/2005/2000 1732/564/517 1735/2001/1996
f 1015/721/662 1738/2006/2001 1018/2007/2002
f 1018/2007/2002 1739/2008/2003 1017/2009/2004
f 1017/2009/2005 1740/2010/2006 1016/2011/2007
f 1740/2012/2006 1014/573/526 1016/2013/2007
f 1736/714/655 1008/1983/1978 1738/2006/2001
f 1738/2006/2001 1007/1985/1980 1739/2008/2003
f 1739/2008/2008 1006/1987/1983 1740/2010/2006
f 1006/1989/1983 1737/571/524 1740/2012/2006
f 1741/701/642 1046/2014/2009 1043/699/640
f 1743/2015/2010 1045/2016/2011 1046/2014/2009
f 1744/2017/2012 1044/2018/2013 1045/2016/2011
f 1745/2019/2014 1042/583/535 1044/2020/2013
f 1025/1263/1227 1743/2015/2010 1741/701/642
f 1035/1262/1226 1744/2017/2012 1743/2015/2010
f 1028/1266/1230 1745/2021/2014 1744/2017/2012
f 1027/2022/1221 1742/667/610 1745/2019/2014
f 1019/586/538 1748/2023/2015 1021/2002/1997
f 1021/2024/1997 1749/2025/2016 1022/2004/1998
f 1022/2004/2017 1750/2026/2018 1023/2005/2000
f 1023/2005/2000 1747/574/527 1020/576/529
f 1746/686/628 1046/2014/2009 1748/2023/2015
f 1748/2027/2019 1045/2028/2011 1749/2025/2016
f 1749/2025/2020 1044/2020/2013 1750/2026/2018
f 1044/2020/2013 1747/574/527 1750/2026/2018
f 1025/1263/1227 1753/2029/2021 1033/1261/1225
f 1033/1261/1225 1754/2030/2022 1034/1264/1228
f 1034/1264/1237 1755/2031/2023 1039/1270/1233
f 1039/2032/1233 1752/580/532 1026/582/534
f 1751/700/641 1018/2007/2002 1753/2029/2021
f 1753/2029/2021 1017/2009/2004 1754/2030/2022
f 1754/2030/2024 1016/2011/2007 1755/2031/2023
f 1755/2033/2023 1014/573/526 1752/580/532
f 1756/603/554 986/1962/1957 984/720/661
f 1758/2034/2025 987/1963/2026 986/1962/1957
f 1759/2035/2027 988/2036/2028 987/1963/1959
f 988/2037/2028 1757/696/637 985/552/506
f 1052/662/607 1758/2034/2025 1756/603/554
f 1054/2038/2029 1759/2035/2030 1758/2034/2025
f 1055/2039/2031 1760/2040/2032 1759/2041/2027
f 1760/2040/2032 1053/592/544 1757/696/637
f 1761/508/465 1051/2042/2033 1048/708/649
f 1763/2043/2034 1050/2044/2035 1051/2045/2033
f 1764/2046/2036 1049/2047/2037 1050/2044/2038
f 1049/2047/2037 1762/588/540 1047/590/542
f 975/510/467 1763/2048/2034 1761/508/465
f 978/1969/1961 1764/2046/2039 1763/2043/2034
f 977/1968/1966 1765/2049/2040 1764/2046/2036
f 1765/2049/2040 974/550/504 1762/588/540
f 1064/1289/1257 1768/2050/2041 1075/1287/1255
f 1075/1287/1255 1769/2051/2042 1076/1278/1244
f 1076/2052/1244 1770/2053/2043 1066/2054/1240
f 1066/2054/1240 1767/654/600 1062/707/648
f 1766/677/619 1059/2055/2044 1768/2050/2041
f 1768/2050/2041 1060/2056/2045 1769/2051/2042
f 1769/2057/2042 1061/2058/2046 1770/2053/2043
f 1770/2053/2043 1058/598/550 1767/654/600
f 1771/678/620 1054/2038/2029 1052/662/607
f 1773/2059/2047 1055/2060/2048 1054/2038/2029
f 1774/2061/2049 1056/2062/2050 1055/2039/2031
f 1775/2063/2051 1053/592/544 1056/2062/2050
f 1064/1289/1257 1773/2059/2047 1771/678/620
f 1077/1288/1256 1774/2064/2052 1773/2059/2047
f 1071/2065/2053 1775/2063/2051 1774/2061/2049
f 1070/2066/1249 1772/600/552 1775/2063/2051
f 1776/680/622 1059/2055/2044 1057/679/621
f 1778/2067/2054 1060/2068/2045 1059/2069/2044
f 1779/2070/2055 1061/2058/2046 1060/2068/2045
f 1061/2058/2046 1777/596/548 1058/598/550
f 1048/708/649 1778/2071/2054 1776/680/622
f 1051/2045/2033 1779/2070/2056 1778/2067/2054
f 1050/2044/2038 1780/2072/2057 1779/2070/2055
f 1049/2047/2037 1777/596/548 1780/2072/2057
f 1781/676/618 1104/2073/2058 1101/605/555
f 1783/2074/2059 1103/2075/2060 1104/2073/2058
f 1784/2076/2061 1102/2077/2062 1103/2075/2060
f 1785/2078/2063 1100/719/660 1102/2077/2062
f 1085/625/574 1783/2074/2059 1781/676/618
f 1087/2079/2064 1784/2076/2061 1783/2074/2059
f 1088/2080/2065 1785/2078/2063 1784/2076/2061
f 1089/2081/2066 1782/718/659 1785/2078/2063
f 1106/619/568 1788/2082/2067 1109/2083/2068
f 1109/2083/2068 1789/2084/2069 1108/2085/2070
f 1108/2085/2070 1790/2086/2071 1107/2087/2072
f 1107/2087/2072 1787/657/603 1105/660/606
f 1786/618/567 1092/2088/2073 1788/2082/2067
f 1788/2082/2067 1093/2089/2074 1789/2084/2069
f 1789/2084/2069 1094/2090/2075 1790/2086/2071
f 1790/2086/2071 1091/658/604 1787/657/603
f 1081/615/564 1793/2091/2076 1084/2092/2077
f 1084/2092/2077 1794/2093/2078 1083/2094/2079
f 1083/2094/2079 1795/2095/2080 1082/2096/2081
f 1082/2096/2081 1792/674/617 1080/640/589
f 1791/606/556 1104/2073/2058 1793/2091/2076
f 1793/2091/2076 1103/2075/2060 1794/2093/2078
f 1794/2093/2078 1102/2077/2062 1795/2095/2080
f 1795/2095/2080 1100/719/660 1792/674/617
f 1796/620/569 1099/2097/2082 1096/659/605
f 1798/2098/2083 1098/2099/2084 1099/2097/2082
f 1799/2100/2085 1097/2101/2086 1098/2099/2084
f 1800/2102/2087 1095/712/653 1097/2101/2086
f 1106/619/568 1798/2098/2083 1796/620/569
f 1109/2083/2068 1799/2100/2085 1798/2098/2083
f 1108/2085/2070 1800/2102/2087 1799/2100/2085
f 1107/2087/2072 1797/695/636 1800/2102/2087
f 1801/611/560 1114/2103/2088 1111/689/631
f 1803/2104/2089 1113/2105/2090 1114/2103/2088
f 1804/2106/2091 1112/2107/2092 1113/2105/2090
f 1805/2108/2093 1110/612/561 1112/2107/2092
f 1096/659/605 1803/2104/2089 1801/611/560
f 1099/2097/2082 1804/2106/2091 1803/2104/2089
f 1098/2099/2084 1805/2108/2093 1804/2106/2091
f 1097/2101/2086 1802/628/577 1805/2108/2093
f 1806/626/575 1087/2079/2064 1085/625/574
f 1808/2109/2094 1088/2080/2065 1087/2079/2064
f 1809/2110/2095 1089/2081/2066 1088/2080/2065
f 1810/2111/2096 1086/717/658 1089/2081/2066
f 1115/631/580 1808/2109/2094 1806/626/575
f 1117/2112/2097 1809/2110/2095 1808/2109/2094
f 1118/2113/2098 1810/2111/2096 1809/2110/2095
f 1119/2114/2099 1807/608/558 1810/2111/2096
f 1811/632/581 1117/2112/2097 1115/631/580
f 1813/2115/2100 1118/2113/2098 1117/2112/2097
f 1814/2116/2101 1119/2114/2099 1118/2113/2098
f 1815/2117/2102 1116/672/615 1119/2114/2099
f 1125/636/585 1813/2115/2100 1811/632/581
f 1127/2118/2103 1814/2116/2101 1813/2115/2100
f 1128/2119/2104 1815/2117/2102 1814/2116/2101
f 1129/2120/2105 1812/713/654 1815/2117/2102
f 1816/627/576 1124/2121/2106 1121/715/656
f 1818/2122/2107 1123/2123/2108 1124/2121/2106
f 1819/2124/2109 1122/2125/2110 1123/2123/2108
f 1820/2126/2111 1120/635/584 1122/2125/2110
f 1111/689/631 1818/2122/2107 1816/627/576
f 1114/2103/2088 1819/2124/2109 1818/2122/2107
f 1113/2105/2090 1820/2126/2111 1819/2124/2109
f 1112/2107/2092 1817/614/563 1820/2126/2111
f 1148/716/657 1823/2127/2112 1151/2128/2113
f 1151/2128/2113 1824/2129/2114 1150/2130/2115
f 1150/2130/2115 1825/2131/2116 1149/2132/2117
f 1149/2132/2117 1822/703/644 1147/705/646
f 1821/671/614 1134/1293/1262 1823/2127/2112
f 1823/2127/2112 1143/1297/1266 1824/2129/2114
f 1824/2129/2114 1142/1303/1275 1825/2131/2116
f 1825/2131/2116 1132/704/645 1822/703/644
f 1826/638/587 1127/2118/2103 1125/636/585
f 1828/2133/2118 1128/2119/2104 1127/2118/2103
f 1829/2134/2119 1129/2120/2105 1128/2119/2104
f 1830/2135/2120 1126/710/651 1129/2120/2105
f 1148/716/657 1828/2133/2118 1826/638/587
f 1151/2128/2113 1829/2134/2119 1828/2133/2118
f 1150/2130/2115 1830/2135/2120 1829/2134/2119
f 1149/2132/2117 1827/690/632 1830/2135/2120
f 1831/633/582 1138/1301/1270 1131/639/588
f 1833/2136/2121 1139/1306/1278 1138/1301/1270
f 1834/2137/2122 1144/1304/1276 1139/1306/1278
f 1835/2138/2123 1132/704/645 1144/1304/1276
f 1121/715/656 1833/2136/2121 1831/633/582
f 1124/2121/2106 1834/2137/2122 1833/2136/2121
f 1123/2123/2108 1835/2138/2123 1834/2137/2122
f 1122/2125/2110 1832/702/643 1835/2138/2123
f 1090/622/571 1838/2139/2124 1092/2088/2073
f 1092/2088/2073 1839/2140/2125 1093/2089/2074
f 1093/2089/2074 1840/2141/2126 1094/2090/2075
f 1094/2090/2075 1837/697/638 1091/658/604
f 1836/643/590 1159/2142/2127 1838/2139/2124
f 1838/2139/2124 1160/2143/2128 1839/2140/2125
f 1839/2140/2125 1161/2144/2129 1840/2141/2126
f 1840/2141/2126 1158/664/609 1837/697/638
f 1153/645/592 1843/2145/2130 1156/2146/2131
f 1156/2146/2131 1844/2147/2132 1155/2148/2133
f 1155/2148/2133 1845/2149/2134 1154/2150/2135
f 1154/2150/2135 1842/649/595 1152/648/594
f 1841/616/565 1084/2092/2077 1843/2145/2130
f 1843/2145/2130 1083/2094/2079 1844/2147/2132
f 1844/2147/2132 1082/2096/2081 1845/2149/2134
f 1845/2149/2134 1080/640/589 1842/649/595
f 1846/656/602 1170/1309/1282 1167/709/650
f 1848/2151/2136 1171/1318/1292 1170/1309/1282
f 1849/2152/2137 1177/1314/1288 1171/1318/1292
f 1850/2153/2138 1168/1315/1289 1177/1314/1288
f 1162/652/598 1848/2151/2136 1846/656/602
f 1164/2154/2139 1849/2152/2137 1848/2151/2136
f 1165/2155/2140 1850/2153/2138 1849/2152/2137
f 1166/2156/2141 1847/684/626 1850/2153/2138
f 1157/644/591 1853/2157/2142 1159/2142/2127
f 1159/2142/2127 1854/2158/2143 1160/2143/2128
f 1160/2143/2128 1855/2159/2144 1161/2144/2129
f 1161/2144/2129 1852/683/625 1158/664/609
f 1851/650/596 1181/1321/1296 1853/2157/2142
f 1853/2157/2142 1176/1316/1290 1854/2158/2143
f 1854/2158/2143 1175/1313/1287 1855/2159/2144
f 1855/2159/2144 1168/1315/1289 1852/683/625
f 1162/652/598 1858/2160/2145 1164/2154/2139
f 1164/2154/2139 1859/2161/2146 1165/2155/2140
f 1165/2155/2140 1860/2162/2147 1166/2156/2141
f 1166/2156/2141 1857/682/624 1163/681/623
f 1856/646/593 1156/2146/2131 1858/2160/2145
f 1858/2160/2145 1155/2148/2133 1859/2161/2146
f 1859/2161/2146 1154/2150/2135 1860/2162/2147
f 1860/2162/2147 1152/648/594 1857/682/624
f 1169/651/597 1863/2163/2148 1180/2164/1297
f 1180/1308/2149 1862/706/647 1167/709/2150
f 1861/601/553 1072/1282/2151 1863/2163/2148
s 43
f 1863/2163/2152 1072/1282/2152 1065/2165/2152
s 4
f 1863/2166/2153 1062/707/648 1862/706/647
f 1864/581/533 1038/2167/2154 1026/582/534
s 44
f 1038/2167/2155 1866/2168/2156 1029/2169/2157
f 1029/2170/2157 1866/2171/2156 1867/2172/2158
s 4
f 1867/2172/2159 1024/1254/1218 1029/1256/1220
f 1131/639/588 1866/2173/2160 1864/581/533
s 44
f 1866/2171/2156 1133/2174/2161 1867/2172/2158
s 4
f 1133/2175/1263 1865/668/611 1867/2176/2159
s 45
f 481/1629/2162 482/2177/2163 1878/1627/2163
s 2
f 437/1610/1578 438/2178/1589 1870/1608/2164
f 1419/287/262 1873/2179/2165 1429/1336/1312
f 1429/1336/1312 1874/2180/2166 1430/1328/1305
f 1430/1328/1305 1875/2181/2167 1422/1324/1301
f 1422/1324/1301 1872/304/279 1417/291/266
f 1474/1341/1318 1875/2181/2167 1477/1339/1316
f 1477/1339/1316 1874/2180/2166 1478/1342/1319
f 1478/1342/1319 1873/2179/2165 1484/1348/1325
f 1484/1348/1325 1871/286/261 1475/307/282
s 11
f 447/840/791 446/2182/784 445/844/783
s 5
f 429/819/768 426/817/762 425/816/759
s 46
f 505/1642/2168 504/2183/2168 1868/1643/2168
s 47
f 430/1624/2169 427/815/2170 431/2184/2170
s 9
f 440/832/777 435/831/776 1879/828/2171
s 48
f 448/1611/2172 1877/838/2173 449/2185/2174
s 1
f 213/10/8 24/76/68 113/11/9
f 1220/37/33 107/36/32 23/38/34
f 238/39/35 23/38/34 114/45/40
f 105/6/6 20/5/5 324/71/64
f 10/73/66 309/190/167 1290/74/67
f 24/76/68 319/127/113 1284/77/69
f 333/78/70 8/95/66 97/79/71
f 103/55/50 16/17/14 304/81/73
f 15/83/75 102/87/79 1269/84/76
f 15/83/75 329/85/77 1279/86/78
f 102/87/79 14/20/17 313/88/80
f 115/89/81 1264/144/126 324/71/64
f 116/90/82 1289/92/84 308/91/83
f 19/31/27 338/97/88 1289/92/84
f 22/28/24 334/157/137 1299/93/85
f 1285/94/86 96/75/66 8/95/66
f 104/96/87 1294/98/89 338/97/88
f 18/41/37 348/102/93 1294/98/89
f 23/38/34 344/187/165 1314/99/90
f 1300/80/72 97/79/71 11/100/91
f 112/50/45 1309/104/95 348/102/93
f 25/103/94 371/189/166 1309/104/95
f 114/45/40 1314/99/90 354/105/96
f 303/106/97 1275/142/125 95/107/66
f 14/20/17 101/19/16 1319/109/98
f 101/19/16 13/60/55 380/110/99
f 111/63/58 17/57/52 376/111/100
f 99/113/66 12/134/66 375/114/102
f 13/60/55 109/59/54 1334/116/104
f 109/59/54 1344/67/62 392/117/105
f 21/65/60 111/63/58 1339/112/101
f 7/108/66 95/107/66 1270/125/111
f 108/22/19 1279/86/78 319/127/113
f 95/107/66 9/143/66 328/128/114
f 16/17/14 105/6/6 1274/72/65
f 381/132/117 1335/151/133 100/133/66
f 234/32/28 19/31/27 116/90/82
f 96/75/66 1290/74/67 339/140/123
f 1275/142/125 323/192/169 9/143/66
f 26/34/30 308/91/83 1264/144/126
f 100/133/66 1330/152/134 386/149/131
f 1335/151/133 391/786/731 1330/152/134
f 113/11/9 1284/77/69 334/157/137
f 11/100/91 349/181/160 1310/158/138
f 94/162/66 1280/163/142 328/128/114
f 10/73/66 318/183/162 1280/163/142
f 7/108/66 99/113/66 1325/115/103
s 2
f 407/165/144 1377/209/186 136/166/145
s 1
f 1320/168/147 381/132/117 12/134/66
f 1315/173/152 98/159/139 1305/174/153
f 98/159/139 1310/158/138 370/176/155
f 17/57/52 103/55/50 1324/82/74
f 12/134/66 100/133/66 1340/150/132
f 97/79/71 1295/184/163 349/181/160
f 318/183/162 10/73/66 96/75/66
f 8/95/66 339/140/123 1295/184/163
f 107/36/32 1299/93/85 344/187/165
f 309/190/167 10/73/66 94/162/66
f 1265/191/168 94/162/66 9/143/66
f 343/101/92 11/100/91 98/159/139
f 314/126/112 1320/168/147 99/113/66
s 2
f 452/195/172 1418/342/317 129/196/173
f 499/198/175 1525/201/178 135/199/176
f 1525/201/178 722/1123/1082 1469/202/179
f 706/203/180 1470/330/305 130/204/181
f 1377/209/186 432/823/769 1516/210/187
f 1465/205/182 130/204/181 1476/214/191
f 443/216/193 1387/317/292 123/217/194
f 1440/222/199 131/337/312 1445/223/200
f 27/227/204 528/260/236 1370/228/205
f 1388/233/210 133/248/224 1517/234/211
f 1383/236/213 408/801/749 1493/237/214
f 33/239/216 546/302/277 1356/240/217
f 34/197/174 129/196/173 1361/242/219
f 409/244/221 28/273/204 121/245/204
f 1388/233/210 442/839/1594 1497/247/223
f 509/249/225 1369/289/264 120/250/226
f 452/195/172 34/197/174 127/255/231
f 443/216/193 29/218/195 122/257/233
f 27/227/204 121/245/204 1350/259/235
f 34/197/174 526/243/220 1351/261/237
f 35/268/244 565/269/245 1361/242/219
f 35/268/244 128/241/218 1356/240/217
f 28/273/204 122/257/233 1365/274/249
f 29/218/195 508/280/255 1365/274/249
f 486/279/254 1407/256/232 127/255/231
f 29/218/195 123/217/194 1370/228/205
f 136/166/145 1516/210/187 581/281/256
f 1413/200/177 135/199/176 1507/283/258
f 451/285/260 1512/306/281 1871/286/261
f 1360/288/263 120/250/226 1369/289/264
f 28/273/204 544/275/250 1350/259/235
f 30/252/228 545/254/230 1364/297/272
f 32/232/209 125/298/273 1364/297/272
f 1373/251/227 120/250/226 1360/288/263
f 33/239/216 127/255/231 1351/261/237
f 135/199/176 1469/202/179 705/303/278
f 1512/306/281 687/1102/1061 1475/307/282
f 1493/237/214 599/1018/970 1439/308/283
f 133/248/224 1444/311/286 582/309/284
f 133/248/224 1497/247/223 617/310/285
f 433/316/291 27/227/204 123/217/194
f 441/318/293 1383/236/213 119/238/215
f 119/238/215 1439/308/283 615/320/295
f 136/166/145 1435/282/257 597/321/296
f 486/279/254 33/239/216 128/241/218
f 500/329/304 1412/328/303 128/241/218
f 1476/214/191 130/204/181 1470/330/305
f 409/244/221 1382/258/234 122/257/233
f 433/316/291 1378/246/222 121/245/204
f 1445/223/200 131/337/312 1434/334/309
f 598/336/311 1434/334/309 131/337/312
f 500/329/304 35/268/244 129/196/173
s 3
f 1540/349/324 759/525/482 55/350/325
f 754/355/328 59/421/387 164/356/329
f 739/361/333 1540/349/324 156/351/326
f 1560/375/346 155/441/407 54/376/347
f 769/374/345 57/373/344 158/381/352
f 1565/382/353 158/381/352 58/383/354
f 779/384/355 58/383/354 165/390/360
f 1580/391/361 165/390/360 1692/392/362
f 1590/399/368 739/361/333 51/362/334
f 824/401/370 1590/399/368 154/400/369
f 1605/407/376 824/401/370 52/402/371
f 156/351/326 55/350/325 877/416/383
f 45/418/385 862/533/490 1635/419/386
f 886/423/389 43/440/406 148/424/390
f 154/400/369 51/362/334 857/426/392
f 50/428/394 153/432/398 1614/429/395
f 153/432/398 49/365/337 866/433/399
f 166/434/400 1609/487/446 877/416/383
f 167/435/401 1634/437/403 861/436/402
f 54/376/347 891/442/408 1634/437/403
f 1630/439/405 147/420/385 43/440/406
f 155/441/407 1639/443/409 891/442/408
f 53/386/357 901/447/413 1639/443/409
f 58/383/354 897/531/488 1659/444/410
f 1645/425/391 148/424/390 46/445/411
f 163/395/365 1654/449/415 901/447/413
f 165/390/360 1659/444/410 907/450/416
f 856/451/417 1620/485/445 146/452/385
f 162/408/377 52/402/371 943/456/420
f 150/458/385 47/477/385 942/459/422
f 56/410/379 162/408/377 1684/457/421
f 42/453/385 146/452/385 1615/468/431
f 159/367/339 1624/431/397 872/470/433
f 146/452/385 44/486/385 881/471/434
f 51/362/334 156/351/326 1619/417/384
f 948/475/437 1680/494/453 151/476/385
f 775/377/348 54/376/347 167/435/401
f 147/420/385 1635/419/386 892/483/443
f 745/380/351 60/379/350 166/434/400
f 1620/485/445 876/535/492 44/486/385
f 60/379/350 861/436/402 1609/487/446
f 151/476/385 1675/495/454 953/492/451
f 1680/494/453 958/1246/1207 1675/495/454
f 164/356/329 1629/422/388 887/500/458
f 46/445/411 902/524/481 1655/501/459
f 145/505/385 1625/506/463 881/471/434
f 45/418/385 871/526/483 1625/506/463
f 42/453/385 150/458/385 1670/460/423
f 1665/511/468 948/475/437 47/477/385
f 1660/516/473 149/502/460 1650/517/474
f 149/502/460 1655/501/459 924/519/476
f 52/402/371 154/400/369 1669/427/393
f 785/387/358 53/386/357 155/441/407
f 47/477/385 151/476/385 1685/493/452
f 148/424/390 1640/527/484 902/524/481
f 1530/484/444 166/434/400 55/350/325
f 871/526/483 45/418/385 147/420/385
f 43/440/406 892/483/443 1640/527/484
f 158/381/352 1644/438/404 897/531/488
f 862/533/490 45/418/385 145/505/385
f 1610/534/491 145/505/385 44/486/385
f 896/446/412 46/445/411 149/502/460
f 867/469/432 1665/511/468 150/458/385
s 1
f 1266/1479/1452 1267/1481/1454 326/1480/1453
f 310/1484/1457 311/1485/1458 1267/1481/1454
f 329/85/77 1269/84/76 1271/1487/1460
f 331/1490/1463 1272/1489/1462 1273/1491/1464
f 305/1501/1474 1278/1500/1473 1275/142/125
f 1276/1496/1469 327/1478/1451 326/1480/1453
f 1277/1498/1471 326/1480/1453 325/1482/1455
f 1279/86/78 1281/1503/1476 322/1502/1475
f 1282/1505/1478 1283/1507/1480 320/1506/1479
f 329/85/77 332/1488/1461 1281/1503/1476
f 330/1492/1465 328/128/114 1280/163/142
f 1286/1509/1482 1287/1511/1484 336/1510/1483
f 1287/1511/1484 1288/1513/1486 335/1512/1485
f 338/97/88 340/1517/1490 1291/1514/1487
f 1296/1520/1493 1297/1521/1494 341/1518/1491
f 1297/1521/1494 1298/1522/1495 342/1519/1492
f 1298/1522/1495 1295/184/163 339/140/123
f 351/1524/1497 352/1525/1498 1298/1522/1495
f 352/1525/1498 349/181/160 1295/184/163
f 1303/1531/1504 1300/80/72 343/101/92
f 337/1508/1481 336/1510/1483 1302/1529/1502
f 1309/104/95 1311/1539/1511 350/1523/1496
f 1314/99/90 1316/1542/1514 361/770/713
f 315/1493/1466 1321/1545/1517 1322/1546/1518
f 1319/109/98 380/110/99 382/1548/1520
f 1324/82/74 304/81/73 307/1497/1470
f 1328/1555/1527 305/1501/1474 303/106/97
f 388/1563/1533 389/1564/1534 1333/1560/1531
f 389/1564/1534 386/149/131 1330/152/134
f 380/110/99 1334/116/104 1336/1565/1535
f 382/1548/1520 1336/1565/1535 1337/1566/1536
f 383/1549/1521 1337/1566/1536 1338/1567/1537
f 384/1550/1522 1338/1567/1537 1335/151/133
f 1334/116/104 392/117/105 404/792/738
f 1342/1569/1539 378/1554/1526 377/1556/1528
s 2
f 528/260/236 1350/259/235 1352/1580/1550
f 539/944/893 1352/1580/1550 1353/1581/1551
f 1353/1581/1551 1354/1582/1552 531/930/878
f 1354/1582/1552 1351/261/237 526/243/220
f 1350/259/235 544/275/250 549/950/900
f 1352/1580/1550 549/950/900 559/953/903
f 559/953/903 558/963/913 1354/1582/1552
f 558/963/913 546/302/277 1351/261/237
f 1357/1583/1553 1358/1585/1555 554/958/908
f 554/958/908 1358/1585/1555 1359/1584/1554
f 560/962/912 1359/1584/1554 1356/240/217
f 1358/1585/1555 577/969/919 576/981/933
f 1359/1584/1554 576/981/933 565/269/245
f 578/980/932 1363/1591/1562 1361/242/219
f 1360/288/263 527/290/265 536/938/885
f 1362/1586/1556 536/938/885 530/931/889
f 1367/1593/1564 1368/1594/1565 513/913/857
f 1364/297/272 545/254/230 555/957/907
f 547/949/899 544/275/250 1365/274/249
f 1369/289/264 1371/1599/1569 534/1595/886
f 1371/1596/1566 1372/1600/1567 535/947/896
f 1372/1597/1568 1370/228/205 528/260/236
f 1369/289/264 509/249/225 518/1598/864
f 1372/1597/1568 511/912/856 508/280/255
f 435/826/770 1379/1606/1574 1380/1607/1575
f 1870/1608/1576 1380/1607/1575 1381/1609/1577
f 437/1610/1578 1381/1609/1577 1378/246/222
f 407/165/144 412/795/743 1379/1606/1574
f 1382/258/234 1384/1612/1582 448/1611/1581
f 1384/1612/1582 1385/1613/1584 1877/838/1583
f 1385/1613/1584 1386/1614/1586 445/835/1585
f 1384/1612/1582 418/809/1580 415/802/1587
f 1385/1613/1584 415/802/1587 414/799/747
f 1387/317/292 1389/1616/1588 437/1615/1578
f 1389/1616/1588 1390/1617/1590 438/833/1589
f 1390/1617/1590 1391/1618/1591 440/830/774
f 1391/1618/1591 1388/233/210 434/235/212
f 1389/1616/1588 448/1619/1581 449/1620/1592
f 1391/1618/1591 447/842/1593 442/839/1594
f 1407/256/232 486/279/254 492/894/838
f 1410/1636/1617 491/895/833 488/884/830
f 1411/1638/1620 488/884/830 485/886/832
f 1412/328/303 1414/1639/1622 492/893/838
f 1414/1639/1622 1415/1640/1623 493/891/836
f 1415/1640/1623 1416/1641/1624 497/897/842
f 1412/328/303 500/329/304 505/1642/1625
f 1414/1639/1622 505/1642/1625 1868/1643/1626
f 1415/1640/1623 1868/1643/1626 503/902/844
f 1416/1641/1624 503/902/844 499/198/175
f 1418/342/317 1427/1331/1308 505/1644/1625
f 1421/1325/1302 1420/1323/1300 503/908/1628
f 1418/342/317 452/195/172 460/856/1629
f 1425/1332/1307 460/856/1629 457/853/1630
f 1426/1333/1309 457/853/1630 456/852/1631
f 1431/1337/1313 456/852/1631 451/285/260
f 1434/1648/309 598/1011/311 607/1010/964
f 1436/1645/1632 607/1010/964 601/1004/958
f 1437/1646/1633 601/1004/958 600/1002/956
f 1438/1647/1634 600/1002/956 597/321/296
f 1443/1651/1637 1440/2186/199 616/1029/201
f 599/1018/970 612/1017/969 1441/1649/1635
f 612/1017/969 606/1012/965 1442/1650/1636
f 606/1012/965 605/1009/963 1443/1651/1637
f 605/1652/963 598/336/311 1440/222/199
f 1444/311/286 1446/1654/1638 589/995/948
f 1447/1655/1639 1448/1656/1640 594/998/952
f 1444/311/286 617/310/285 630/1034/985
f 1446/1654/1638 630/1034/985 625/1030/980
f 1447/1655/1639 625/1030/980 624/1027/978
f 1448/1656/1640 624/1027/978 616/1029/201
f 1469/202/179 1471/1677/1656 712/1113/1074
f 712/1113/1074 1471/1677/1656 1472/1674/1654
f 713/1115/1076 1472/1674/1654 1473/1675/1655
f 719/1119/1080 1473/1675/1655 1470/1676/305
f 1471/1677/1656 727/1125/1084 735/1129/1088
f 1482/1347/1324 701/1104/1063 695/1098/1056
f 1483/1349/1326 695/1098/1056 694/1095/1054
f 1489/1354/1330 694/1095/1054 686/1097/192
s 3
f 865/1841/1845 862/533/490 1610/534/491
f 860/1852/1856 1621/1851/1855 1622/1853/1857
f 1621/1851/1855 880/1833/1837 879/1835/1839
f 1628/1862/1866 1625/506/463 871/526/483
f 883/1847/1851 881/471/434 1625/506/463
f 872/470/433 875/1857/1861 1631/1864/1868
f 874/1859/1863 873/1861/1865 1633/1868/1872
f 894/1873/1877 895/1874/1878 1638/1871/1875
f 1643/1877/1881 1640/527/484 892/483/443
f 889/1865/1869 888/1867/1871 1648/1886/1890
f 1656/1891/1896 1657/1892/1897 904/1879/1883
f 1659/444/410 1661/1895/1899 913/1894/1171
f 1662/1897/1900 1663/1902/1901 920/1212/1176
f 897/531/488 900/1881/1885 1661/1895/1899
f 898/1903/1889 896/2187/412 1660/1904/473
f 868/1848/1852 1666/1905/1902 1667/1906/1903
f 946/1912/1909 1671/1911/1908 1672/1913/1910
f 1672/1913/1910 859/1854/1858 858/1856/1860
f 951/1910/1907 1683/1925/1922 1680/494/453
f 955/1921/1918 1687/1927/1924 1688/1928/1925
f 956/1922/1919 1688/1928/1925 1685/493/452
f 1687/1927/1924 945/1914/1911 944/1916/1913
f 1688/1928/1925 944/1916/1913 942/459/422
s 1
f 1244/1/1 92/70/2 1/2/2
f 1195/4/4 218/182/161 20/5/5
f 88/7/2 1189/61/56 224/8/7
f 4/13/2 89/43/2 1209/14/11
f 198/16/13 1195/4/4 105/6/6
f 209/18/15 1240/164/143 101/19/16
f 223/21/18 15/83/75 108/22/19
f 3/9/2 87/27/2 1184/24/21
f 1199/26/23 214/160/140 4/13/2
f 1205/12/10 113/11/9 22/28/24
f 1215/30/26 104/96/87 19/31/27
f 1210/33/29 116/90/82 26/34/30
f 228/29/25 22/28/24 107/36/32
f 1230/40/36 112/50/45 18/41/37
f 89/43/2 2/156/2 233/44/39
f 1235/46/41 114/45/40 1347/47/42
f 265/49/44 25/103/94 112/50/45
f 90/51/46 5/153/46 243/52/47
f 1245/54/49 198/16/13 16/17/14
f 270/56/51 1245/54/49 103/55/50
f 276/58/53 1255/66/61 109/59/54
f 1/2/2 208/193/170 1189/61/56
f 1260/62/57 270/56/51 17/57/52
f 281/64/59 1260/62/57 111/63/58
f 1255/66/61 286/748/691 1344/67/62
f 6/68/2 275/130/115 1239/69/63
f 1190/119/107 209/18/15 14/20/17
f 1250/120/108 281/1466/59 21/121/60
f 106/122/109 21/121/60 385/123/106
f 224/8/7 1199/26/23 87/27/2
f 1200/23/20 108/22/19 24/76/68
f 93/129/2 1254/146/128 275/130/115
f 199/3/3 1/2/2 88/7/2
f 1225/135/118 248/722/663 1348/136/119
f 110/137/120 1348/136/119 353/138/121
f 204/35/31 26/34/30 115/89/81
f 223/21/18 1190/119/107 102/87/79
f 1249/145/127 287/757/700 1254/146/128
f 280/147/129 1249/145/127 93/129/2
f 5/153/46 91/169/148 1229/154/135
f 1204/155/136 229/161/141 2/156/2
f 214/160/140 1204/155/136 89/43/2
f 229/161/141 1219/186/164 90/51/46
f 1240/164/143 276/58/53 13/60/55
f 91/169/148 1224/172/151 266/170/149
f 1234/171/150 249/731/672 1224/172/151
f 1250/120/108 106/122/109 1345/177/156
f 271/179/158 6/68/2 92/70/2
f 106/122/109 1329/124/110 390/180/159
f 244/42/38 18/41/37 104/96/87
f 1259/148/130 93/129/2 6/68/2
f 2/156/2 90/51/46 1214/53/48
f 1185/141/124 115/89/81 20/5/5
f 1225/185/118 110/188/120 25/103/94
f 1219/186/164 239/194/171 5/153/46
f 110/188/120 1304/1538/122 371/189/166
f 1194/131/116 88/7/2 3/9/2
f 87/27/2 4/13/2 203/15/12
f 92/70/2 1239/69/63 208/193/170
f 239/194/171 1234/171/150 91/169/148
s 2
f 476/206/183 32/232/209 126/207/184
f 137/211/188 1504/1689/1683 667/212/189
f 421/219/196 1392/299/274 134/220/197
f 1520/225/202 632/1039/993 1450/226/203
f 31/229/206 126/207/184 1374/230/207
f 32/232/209 510/300/275 1374/230/207
f 30/252/228 124/277/252 1355/253/229
f 1397/262/238 137/211/188 1519/263/239
f 422/265/241 1502/1686/1677 118/266/242
f 477/270/246 1403/267/243 118/266/242
f 475/272/248 1504/1689/1683 137/211/188
f 423/276/251 31/229/206 124/277/252
f 1417/291/266 1872/304/279 1524/292/267
f 1408/294/269 485/886/832 1508/295/270
f 31/229/206 563/231/208 1355/253/229
f 1392/299/274 461/859/809 1520/225/202
f 1872/304/279 1474/1341/1318 723/305/280
f 118/266/242 1502/1686/1677 652/312/287
f 1519/263/239 137/211/188 1455/213/190
f 118/266/242 1459/313/288 668/315/290
f 423/276/251 1402/208/185 126/207/184
f 462/322/297 1393/278/253 124/277/252
f 634/323/298 1454/339/314 132/324/299
f 1449/325/300 132/324/299 1460/326/301
f 117/296/271 1508/295/270 704/332/307
f 462/322/297 30/252/228 125/298/273
f 476/206/183 1398/338/313 125/298/273
f 1460/326/301 132/324/299 1454/339/314
f 134/220/197 1450/226/203 650/341/316
f 450/343/318 1408/294/269 117/296/271
f 1513/344/319 117/296/271 1464/333/308
s 3
f 1589/346/321 143/415/322 36/347/322
f 139/352/322 1534/406/375 765/353/327
f 39/358/322 140/388/322 1554/359/331
f 750/363/335 1585/507/464 152/364/336
f 764/366/338 50/428/394 159/367/339
f 38/354/322 138/372/322 1529/369/341
f 1544/371/343 755/503/461 39/358/322
f 1550/357/330 164/356/329 57/373/344
f 1555/378/349 167/435/401 60/379/350
f 1575/385/356 163/395/365 53/386/357
f 140/388/322 37/499/322 774/389/359
f 806/394/364 1696/448/414 163/395/365
f 141/396/322 40/496/455 784/397/366
f 830/403/372 1600/411/380 160/404/373
f 36/347/322 749/536/493 1534/406/375
f 835/409/378 1605/407/376 162/408/377
f 1600/411/380 840/1184/1145 1689/412/381
f 41/413/322 829/473/435 1584/414/382
f 59/421/387 872/470/433 1629/422/388
f 50/428/394 882/430/396 1624/431/397
f 57/373/344 887/500/458 1644/438/404
f 1696/448/414 925/1232/1195 1654/449/415
f 49/365/337 152/364/336 1664/454/418
f 152/364/336 48/405/374 947/455/419
f 48/405/374 160/404/373 1679/461/424
f 160/404/373 1689/412/381 959/462/425
f 1535/464/427 750/363/335 49/365/337
f 1595/465/428 835/409/378 56/410/379
f 157/466/429 56/410/379 952/463/426
f 765/353/327 1544/371/343 138/372/322
f 1545/368/340 159/367/339 59/421/387
f 144/472/322 1599/489/448 829/473/435
f 740/348/323 36/347/322 139/352/322
f 789/478/438 1693/481/441 161/479/439
f 1693/481/441 906/1197/1159 1649/482/442
f 764/366/338 1535/464/427 153/432/398
f 1594/488/447 841/1193/1155 1599/489/448
f 834/490/449 1594/488/447 144/472/322
f 40/496/455 142/512/469 1574/497/456
f 1549/498/457 770/504/462 37/499/322
f 755/503/461 1549/498/457 140/388/322
f 770/504/462 1564/530/487 141/396/322
f 1585/507/464 830/403/372 48/405/374
s 4
f 1761/508/465 173/604/466 61/509/466
s 3
f 142/512/469 1569/515/472 807/513/470
f 1579/514/471 790/1149/1111 1569/515/472
f 1595/465/428 157/466/429 1690/520/477
f 825/522/479 41/413/322 143/415/322
f 157/466/429 1674/467/430 957/523/480
f 1604/491/450 144/472/322 41/413/322
f 37/499/322 141/396/322 1559/398/367
f 1570/480/440 161/479/439 1697/528/485
f 1564/530/487 780/537/494 40/496/455
f 161/479/439 1649/482/442 923/532/489
f 1539/474/436 139/352/322 38/354/322
f 138/372/322 39/358/322 744/360/332
f 143/415/322 1584/414/382 749/536/493
f 780/537/494 1579/514/471 142/512/469
s 4
f 1712/538/495 994/711/652 80/539/496
f 169/541/466 1706/595/547 1000/542/498
f 989/544/499 84/610/559 194/545/500
f 64/547/466 170/577/466 1726/548/502
f 974/550/504 1712/538/495 186/540/497
f 985/552/506 1757/696/637 182/553/507
f 999/555/509 75/617/566 189/556/510
f 63/543/466 168/561/466 1701/558/512
f 1716/560/514 990/692/634 64/547/466
f 1722/546/501 194/545/500 82/562/515
f 1732/564/517 185/630/579 79/565/518
f 1727/567/520 197/624/573 86/568/521
f 1004/563/516 82/562/515 188/570/523
f 1737/571/524 188/570/523 83/572/525
f 1747/574/527 193/584/536 78/575/528
f 170/577/466 62/688/630 1009/578/530
f 1014/573/526 83/572/525 195/579/531
f 1752/580/532 195/579/531 1864/581/533
f 1042/583/535 85/637/586 193/584/536
f 171/585/537 65/685/627 1019/586/538
f 1762/588/540 974/550/504 76/551/505
f 1047/590/542 1762/588/540 184/589/541
f 1053/592/544 1772/600/552 190/593/545
f 61/509/466 984/720/661 1706/595/547
f 1777/596/548 1047/590/542 77/591/543
f 1058/598/550 1777/596/548 192/597/549
f 1772/600/552 1063/1280/1246 1861/601/553
f 66/602/466 1052/662/607 1756/603/554
f 186/540/497 80/539/496 1101/605/555
f 70/607/557 1086/717/658 1807/608/558
f 84/610/559 1096/659/605 1801/611/560
f 1110/612/561 68/629/578 178/613/562
f 184/589/541 76/551/505 1081/615/564
f 75/617/566 183/621/570 1786/618/567
f 75/617/566 1106/619/568 1796/620/569
f 183/621/570 74/554/508 1090/622/571
f 196/623/572 1781/676/618 1101/605/555
f 197/624/573 1806/626/575 1085/625/574
f 79/565/518 1115/631/580 1806/626/575
f 82/562/515 1111/689/631 1816/627/576
f 1802/628/577 177/609/557 68/629/578
f 185/630/579 1811/632/581 1115/631/580
f 78/575/528 1125/636/585 1811/632/581
f 83/572/525 1121/715/656 1831/633/582
f 1817/614/563 178/613/562 71/634/583
f 193/584/536 1826/638/587 1125/636/585
f 85/637/586 1148/716/657 1826/638/587
f 195/579/531 1831/633/582 1131/639/588
f 1080/640/589 1792/674/617 176/641/557
f 74/554/508 182/553/507 1836/643/590
f 182/553/507 73/594/546 1157/644/591
f 192/597/549 77/591/543 1153/645/592
f 180/647/557 72/666/557 1152/648/594
f 73/594/546 190/593/545 1851/650/596
f 190/593/545 1861/601/553 1169/651/597
f 81/599/551 192/597/549 1856/646/593
f 1707/653/599 985/552/506 74/554/508
f 1767/654/600 1058/598/550 81/599/551
f 187/655/601 81/599/551 1162/652/598
f 67/642/557 176/641/557 1787/657/603
f 1000/542/498 1716/560/514 168/561/466
f 1717/557/511 189/556/510 84/610/559
f 189/556/510 1796/620/569 1096/659/605
f 176/641/557 69/675/557 1105/660/606
f 174/661/466 1771/678/620 1052/662/607
f 975/510/467 61/509/466 169/541/466
f 76/551/505 186/540/497 1791/606/556
f 1158/664/609 1852/683/625 181/665/557
f 1010/566/519 79/565/518 197/624/573
f 1742/667/610 1024/2188/1218 1865/668/611
f 191/669/612 1865/668/611 1130/670/613
f 177/609/557 1807/608/558 1116/672/615
f 980/569/522 86/568/521 196/623/572
f 999/555/509 1707/653/599 183/621/570
f 1792/674/617 1100/719/660 69/675/557
f 86/568/521 1085/625/574 1781/676/618
f 1766/677/619 1064/1289/1257 1771/678/620
f 1057/679/621 1766/677/619 174/661/466
f 181/665/557 1847/684/626 1163/681/623
f 1852/683/625 1168/1315/1289 1847/684/626
f 65/685/627 172/698/639 1746/686/628
f 1721/687/629 1005/693/635 62/688/630
f 194/545/500 1801/611/560 1111/689/631
f 71/634/583 1126/710/651 1827/690/632
f 990/692/634 1721/687/629 170/577/466
f 1005/693/635 1736/714/655 171/585/537
f 175/694/557 1797/695/636 1105/660/606
f 70/607/557 1095/712/653 1797/695/636
f 1757/696/637 1053/592/544 73/594/546
f 67/642/557 180/647/557 1842/649/595
f 1837/697/638 1158/664/609 72/666/557
f 172/698/639 1741/701/642 1043/699/640
f 1751/700/641 1025/1263/1227 1741/701/642
f 1832/702/643 179/691/633 1822/703/644
f 179/691/633 1827/690/632 1147/705/646
f 1767/654/600 187/655/601 1862/706/647
f 1048/708/649 66/602/466 173/604/466
f 77/591/543 184/589/541 1841/616/565
f 187/655/601 1846/656/602 1167/709/650
f 1020/576/529 78/575/528 185/630/579
f 1776/680/622 174/661/466 66/602/466
f 72/666/557 181/665/557 1857/682/624
f 178/613/562 1812/713/654 1126/710/651
f 62/688/630 171/585/537 1731/587/539
f 1702/673/616 196/623/572 80/539/496
f 1095/712/653 70/607/557 177/609/557
f 68/629/578 1116/672/615 1812/713/654
f 1742/667/610 191/669/612 85/637/586
f 1736/714/655 1015/721/662 65/685/627
f 188/570/523 1816/627/576 1121/715/656
f 191/669/612 1821/671/614 1148/716/657
f 1711/663/608 169/541/466 63/543/466
f 168/561/466 64/547/466 979/549/503
f 1086/717/658 70/607/557 175/694/557
f 1782/718/659 175/694/557 69/675/557
f 173/604/466 1756/603/554 984/720/661
f 1015/721/662 1751/700/641 172/698/639
f 1120/635/584 71/634/583 179/691/633
f 1091/658/604 1837/697/638 180/647/557
s 1
f 248/722/663 251/725/666 253/723/664
f 251/725/666 252/734/675 254/726/667
f 253/723/664 254/726/667 255/728/669
f 256/729/670 259/733/674 258/730/671
f 257/732/673 260/735/676 259/733/674
f 259/733/674 254/726/667 252/734/675
f 260/735/676 255/728/669 254/726/667
f 250/48/43 261/1576/679 263/736/677
f 262/740/678 263/739/677 260/735/681
f 263/739/677 264/727/2175 255/728/683
f 285/178/157 288/743/686 290/741/684
f 288/743/686 295/1574/2176 291/744/687
f 289/742/685 290/741/684 302/745/688
f 290/741/684 291/744/687 292/747/690
f 286/748/691 293/1473/694 296/749/692
f 293/751/694 294/759/1446 297/752/695
f 296/753/692 297/752/695 292/747/697
f 298/755/698 301/758/701 300/756/699
f 299/746/689 302/745/688 301/758/701
f 301/758/701 297/752/703 294/759/702
f 302/745/688 292/747/690 297/752/703
f 353/760/121 356/2189/706 358/761/704
f 357/762/705 358/761/704 369/765/708
f 358/761/704 359/764/2177 360/767/710
f 354/105/96 361/770/713 363/768/711
f 361/770/713 362/775/720 364/771/714
f 363/768/711 364/771/714 360/767/716
f 365/772/717 368/774/719 367/773/718
f 366/766/709 369/765/721 368/774/719
f 368/774/719 364/771/714 362/775/720
f 369/765/721 360/767/716 364/771/714
f 390/180/159 393/1557/724 395/776/722
f 393/778/724 394/789/734 396/779/725
f 395/780/722 396/779/725 397/783/727
f 398/784/729 401/788/733 400/785/730
f 399/787/732 402/790/735 401/788/733
f 401/788/733 396/779/736 394/789/734
f 402/790/735 397/783/741 396/779/736
f 392/117/105 403/1572/739 405/791/737
f 404/792/738 405/791/737 402/790/735
f 405/791/737 406/782/740 397/783/741
s 2
f 410/794/742 413/797/745 412/795/743
f 414/799/747 417/803/751 416/800/748
f 415/802/750 420/2190/746 417/803/751
f 417/803/751 413/805/745 411/796/744
f 419/808/754 420/2190/746 415/802/750
s 9
f 439/829/775 436/1705/2178 435/831/776
s 10
f 1879/828/778 1870/827/2179 438/833/779
s 13
f 447/842/788 449/1620/2180 1877/843/789
s 14
f 456/850/802 459/854/2181 455/848/803
s 18
f 458/855/804 457/2191/2182 460/856/805
s 2
f 464/857/807 466/861/811 465/858/808
f 468/864/813 467/872/810 470/865/814
f 471/869/816 474/871/818 473/870/817
f 472/863/812 466/862/811 474/871/818
f 474/871/818 467/872/810 468/864/813
s 19
f 483/878/827 479/1694/2183 478/880/822
f 484/881/828 478/880/822 480/883/824
s 2
f 488/884/830 490/888/834 489/885/831
f 493/891/836 491/899/833 494/892/837
f 495/896/841 498/898/843 497/897/842
f 496/890/835 490/889/834 498/898/843
f 498/898/843 491/899/833 493/891/836
s 24
f 1869/910/853 1868/903/2184 504/911/854
s 2
f 511/912/856 514/915/859 513/913/857
f 512/914/858 515/917/861 514/915/859
f 514/915/859 525/918/862 522/916/860
f 509/919/225 516/922/865 519/920/863
f 516/922/865 517/928/1571 520/923/866
f 518/921/864 519/920/863 515/917/867
s 25
f 519/920/868 520/923/2185 525/924/869
s 2
f 521/925/871 524/927/873 523/926/872
f 522/916/860 525/918/875 524/927/873
f 524/927/873 520/923/876 517/928/874
f 526/243/220 529/2192/880 532/929/877
f 530/931/879 533/942/882 532/932/877
f 532/929/877 543/936/883 540/934/881
f 527/290/265 534/1595/886 537/937/884
f 534/939/886 535/947/896 538/940/887
f 536/938/885 537/937/884 533/942/888
s 26
f 537/937/890 538/2193/2186 543/943/891
s 2
f 539/944/893 542/946/895 541/945/894
f 540/934/881 543/936/897 542/946/895
f 542/946/895 538/940/898 535/947/896
f 547/949/899 550/952/902 549/950/900
f 548/951/901 551/960/910 550/952/902
f 550/952/902 562/955/905 559/953/903
f 550/952/902 551/960/910 552/954/904
f 553/956/906 556/959/909 555/957/907
f 554/958/908 557/964/914 556/959/909
f 556/959/909 551/960/910 548/951/901
f 556/959/909 557/964/914 552/954/904
f 546/302/277 558/963/913 561/961/911
f 558/963/913 559/953/903 562/955/905
f 560/962/912 561/961/911 557/964/914
f 561/961/911 562/955/905 552/954/904
f 566/965/915 569/968/918 568/966/916
f 567/967/917 570/970/920 569/968/918
f 569/968/918 580/971/921 577/969/919
f 564/301/276 571/974/924 574/972/922
f 571/974/924 572/1587/1557 575/975/925
f 573/976/923 574/2194/922 570/970/926
s 27
f 574/972/928 575/975/2187 580/977/929
s 2
f 565/269/245 576/981/933 579/979/931
f 576/981/933 577/969/919 580/971/934
f 579/979/931 575/984/936 572/982/935
f 581/281/256 584/987/939 587/985/937
f 586/986/938 587/985/937 596/989/941
f 582/309/284 589/995/948 587/993/946
f 589/995/948 590/1001/955 596/996/949
f 592/997/951 595/1000/953 594/998/952
f 593/990/942 596/989/941 595/1000/953
f 595/1000/954 596/996/949 590/1001/955
f 600/1002/956 603/1005/959 602/1003/957
f 601/1004/958 604/1015/961 603/1005/959
f 603/1005/959 614/1008/962 611/1006/960
f 605/1009/963 608/1013/966 607/1010/964
f 606/1012/965 609/1014/967 608/1013/966
f 608/1013/966 604/1015/961 601/1004/958
f 610/1016/968 613/1019/971 612/1017/969
f 611/1006/960 614/1008/962 613/1019/971
f 613/1019/971 609/1014/967 606/1012/965
f 614/1008/962 604/1007/961 609/1014/967
f 615/320/295 618/1022/974 621/1020/972
f 618/1022/974 619/1032/983 622/1023/975
f 624/1027/978 627/1031/982 626/1028/979
f 625/1030/980 622/1036/989 627/1031/981
f 627/1031/982 622/1023/975 619/1032/983
f 617/310/285 628/1035/1666 631/1033/984
f 629/1025/986 621/1024/2188 631/1033/987
f 630/1034/985 631/1033/987 622/1036/989
f 631/1033/987 621/1024/2188 623/1026/990
f 635/1037/991 638/1041/995 637/1038/992
f 636/1040/994 639/1050/997 638/1041/995
f 638/1041/995 649/1044/998 646/1042/996
f 640/1045/999 643/1048/1002 642/1046/1000
f 641/1047/1001 644/1049/1003 643/1048/1002
f 643/1048/1002 639/1050/997 636/1040/994
f 645/1051/1004 648/1054/1006 647/1052/1005
f 646/1042/996 649/1044/998 648/1054/1006
f 648/1054/1006 644/1049/1003 641/1047/1001
f 649/1044/998 639/1043/997 644/1049/1003
f 650/341/316 653/1057/1009 656/1055/1007
f 653/1057/1009 654/1067/1020 662/1058/1010
f 658/1062/1015 661/1066/1018 660/1063/1016
f 659/1065/1017 662/1071/1026 661/1066/1018
f 661/1066/1019 662/1058/1010 654/1067/1020
f 652/312/287 663/1070/1682 666/1068/1021
s 32
f 664/1060/1023 656/1059/2189 666/1068/1024
s 2
f 665/1069/1022 666/1068/1021 662/1071/1026
s 32
f 666/1068/1024 656/1059/2189 657/1061/1027
s 2
f 667/212/189 670/1690/1031 672/1072/1029
f 671/1073/1030 672/1072/1029 684/1076/1033
f 672/1072/1029 673/1075/1032 674/1078/1035
f 668/315/290 675/1081/1038 678/1079/1036
f 675/1081/1038 676/1087/1046 679/1082/1039
f 677/1080/1040 678/1079/1036 673/1075/1041
f 678/1079/1036 679/1082/1039 674/1078/1035
f 680/1083/1043 683/1086/1045 682/1084/1044
f 681/1077/1034 684/1076/1033 683/1086/1045
f 683/1086/1045 679/1082/1039 676/1087/1046
f 684/1076/1033 674/1078/1035 679/1082/1039
f 685/345/320 688/1090/1049 691/1088/1047
f 688/1090/1049 689/1100/1651 692/1091/1050
f 690/1089/1048 691/1088/1047 703/1092/1051
f 691/1088/1047 692/1091/1050 693/1094/1053
f 694/1095/1054 697/1099/1057 696/1096/1055
f 695/1098/1056 698/1101/1059 697/1099/1057
f 697/1099/1057 692/1091/1060 689/1100/1058
f 698/1101/1059 693/1094/1066 692/1091/1060
f 687/1102/1061 699/1105/1065 702/1103/1062
f 700/1093/1064 703/1092/2190 702/1103/1062
f 701/1104/1063 702/1103/1062 698/1101/1059
f 702/1103/1062 703/1092/2190 693/1094/1066
f 707/1106/1067 710/1109/1070 709/1107/1068
f 708/1108/1069 711/1111/1072 710/1109/1070
f 710/1109/1070 721/1112/1073 718/1110/1071
f 712/1113/1074 715/1116/1077 714/1114/1075
f 713/1115/1076 716/1117/1078 715/1116/1077
f 715/1116/1077 711/1111/1072 708/1108/1069
f 716/1117/1078 721/1122/1073 711/1111/1072
f 717/1118/1079 720/1121/1081 719/1119/1080
f 718/1110/1071 721/1112/1073 720/1121/1081
f 720/1121/1081 716/1117/1078 713/1115/1076
f 722/1123/1082 725/1127/1086 728/1124/1083
f 726/1126/1085 729/1133/2191 728/1124/1083
f 727/1125/1084 728/1124/1083 738/1128/1087
f 728/1124/1083 729/1133/2191 730/1130/1089
s 33
f 723/305/1090 731/1678/2192 730/1131/1091
f 733/1132/1092 730/1131/1091 729/1133/1093
s 2
f 734/1134/1095 737/1137/1097 736/1135/1096
f 735/1129/1088 738/1128/1087 737/1137/1097
f 737/1137/1097 731/1139/1100 732/1138/1098
f 738/1128/1099 730/1130/2193 731/1139/1100
s 3
f 789/478/438 792/1142/1103 795/1140/1101
f 792/1142/1103 793/1152/1114 796/1143/1104
f 794/1141/1105 795/1140/1101 791/1144/1106
f 795/1140/1101 796/1143/1104 797/1146/1108
f 798/1147/1109 801/1151/1113 800/1148/1110
f 799/1150/1112 803/1153/1115 801/1151/1113
f 801/1151/1113 796/1143/1104 793/1152/1114
f 803/1153/1115 797/1146/1108 796/1143/1116
f 804/1158/1121 791/1144/1106 797/1146/1108
f 808/1159/1122 811/1162/1125 810/1160/1123
f 809/1161/1124 812/1164/1127 811/1162/1125
f 811/1162/1125 823/1165/1128 820/1163/1126
f 812/1164/1127 813/1171/1133 823/1165/1128
f 806/1166/364 814/1169/1131 817/1167/1129
f 814/1169/1131 815/1175/1795 818/1170/1132
f 816/1168/1130 817/1167/1129 812/1164/1127
f 817/1167/1129 818/1170/1132 813/1171/1133
f 807/513/470 819/1174/1136 822/1172/1134
f 819/1174/1136 820/1163/1126 823/1165/1128
f 821/1173/1135 822/1172/1134 818/1170/1132
f 822/1172/1134 823/1165/1128 813/1171/1133
f 839/1176/478 842/2195/1140 844/1177/1138
f 843/1178/1139 844/1177/1138 855/1181/1142
f 844/1177/1138 845/1180/1141 846/1183/1144
f 840/1184/1145 847/1187/1148 849/1185/1146
f 847/1187/1148 848/1826/1832 850/1188/1149
f 849/1185/1146 850/1188/1149 846/1190/1151
f 851/1191/1153 854/1194/1156 853/1192/1154
f 852/1182/1143 855/1181/1142 854/1194/1156
f 854/1194/1156 850/1196/1158 848/1195/1157
f 855/1181/1142 846/1183/1144 850/1196/1158
f 906/1197/1159 915/1939/1162 910/1198/1160
f 909/1199/1161 910/1198/1160 922/1202/1164
s 35
f 910/1198/1166 911/1201/2194 912/1204/1167
s 3
f 907/450/416 913/1894/1171 916/1205/1169
f 913/1207/1171 914/1215/1179 917/1208/1172
f 916/1209/1169 917/1208/1172 912/1204/1174
f 918/1211/1175 921/1214/1178 920/1212/1176
f 919/1203/1177 922/1202/1180 921/1214/1178
f 921/1214/1178 917/1208/1172 914/1215/1179
f 922/1202/1180 912/1204/1174 917/1208/1172
f 923/532/489 926/1218/1183 929/1216/1181
f 926/1218/1183 927/1229/1892 930/1219/1184
f 928/1217/1182 929/1216/1181 941/1220/1185
f 929/1216/1181 930/1219/1184 931/1222/1187
f 924/1223/476 932/2196/1190 935/1224/1188
f 932/1226/1190 933/1236/1197 936/1227/1191
f 934/1225/1189 935/1224/1188 930/1219/1184
f 935/1224/1188 936/1237/1191 931/1222/1187
f 937/1230/1193 940/1235/1196 939/1231/1194
f 938/1221/1186 941/1220/1185 940/1233/1196
f 940/1235/1196 936/1227/1191 933/1236/1197
f 941/1220/1185 931/1222/1187 936/1237/1191
f 957/523/480 960/1240/1200 962/1238/1198
f 960/1240/1200 961/1249/1210 963/1241/1201
f 962/1238/1198 963/1241/1201 964/1243/1203
f 965/1244/1205 968/1248/1209 967/1245/1206
f 966/1247/1208 969/1250/1211 968/1248/1209
f 968/1248/1209 963/1241/1212 961/1249/1210
f 969/1250/1211 964/1243/1217 963/1241/1212
f 959/462/425 970/1930/1215 972/1251/1213
f 971/1252/1214 972/1251/1213 969/1250/1211
f 972/1251/1213 973/1242/1216 964/1243/1217
s 4
f 1024/1254/1218 1027/1257/1221 1030/1255/1219
f 1027/1257/1221 1028/1266/1230 1031/1258/1222
f 1030/1255/1219 1031/1258/1222 1032/1260/1224
f 1033/1261/1225 1036/1265/1229 1035/1262/1226
f 1034/1264/1228 1037/1267/1231 1036/1265/1229
f 1036/1265/1229 1031/1258/1222 1028/1266/1230
f 1037/1267/1231 1032/1260/1224 1031/1258/1222
f 1026/1268/534 1038/1271/2154 1040/1269/1232
f 1038/1271/1234 1029/2170/2195 1041/1259/1235
f 1039/1270/1233 1040/1269/1232 1037/1267/1236
f 1040/1269/1232 1041/1259/1235 1032/1260/1238
f 1062/1272/648 1065/2197/1241 1067/1273/1239
f 1066/1274/1240 1067/1273/1239 1079/1277/1243
f 1067/1273/1239 1068/1276/1242 1069/1279/1245
f 1063/1280/1246 1070/2066/1249 1073/1281/1247
f 1070/1283/1249 1071/1291/2053 1074/1284/1250
f 1072/1286/1251 1073/1285/1247 1068/1276/1252
f 1073/1285/1247 1074/1284/1250 1069/1279/1254
f 1075/1287/1255 1078/1290/1258 1077/1288/1256
f 1076/1278/1244 1079/1277/1243 1078/1290/1258
f 1078/1290/1258 1074/1284/1260 1071/1291/1259
f 1079/1277/1243 1069/1279/1245 1074/1284/1260
f 1130/670/613 1133/2175/1263 1135/1292/1261
f 1134/1293/1262 1135/1292/1261 1146/1296/1265
f 1135/1292/1261 1136/1295/1264 1137/1298/1267
f 1131/639/588 1138/1301/1270 1140/1299/1268
f 1138/1301/1270 1139/1306/1278 1141/1302/1271
f 1140/1299/1268 1141/1302/1271 1137/1298/1273
f 1142/1303/1275 1145/1305/1277 1144/1304/1276
f 1143/1297/1266 1146/1296/1279 1145/1305/1277
f 1145/1305/1277 1141/1302/1271 1139/1306/1278
f 1146/1296/1279 1137/1298/1273 1141/1302/1271
f 1167/709/650 1170/1309/1282 1172/1307/1280
f 1170/1309/1282 1171/1318/1292 1173/1310/1283
f 1172/1307/1280 1173/1310/1283 1174/1312/1285
f 1175/1313/1287 1178/1317/1291 1177/1314/1288
f 1176/1316/1290 1179/1319/1293 1178/1317/1291
f 1178/1317/1291 1173/1310/1294 1171/1318/1292
f 1179/1319/1293 1174/1312/1299 1173/1310/1294
f 1169/651/597 1180/2164/1297 1182/1320/1295
f 1181/1321/1296 1182/1320/1295 1179/1319/1293
f 1182/1320/1295 1183/1311/1298 1174/1312/1299
s 2
f 1420/1323/1300 1423/1326/1303 1422/1324/1301
f 1421/1325/1302 1424/1329/1306 1423/1326/1303
f 1422/1324/1301 1423/1326/1303 1433/1327/1304
f 1424/1329/1306 1428/1335/1315 1433/1327/1304
f 1427/1331/1308 1425/1330/1307 1424/1329/1311
f 1429/1336/1312 1432/1338/1314 1431/1337/1313
f 1430/1328/1305 1433/1327/1304 1432/1338/1314
f 1432/1338/1314 1428/1334/1315 1426/1333/1309
f 1477/1339/1316 1480/1343/1320 1479/1340/1317
f 1478/1342/1319 1481/1351/1322 1480/1343/1320
f 1480/1343/1320 1491/1346/1323 1488/1344/1321
f 1482/1347/1324 1485/1350/1327 1484/1348/1325
f 1483/1349/1326 1486/1352/1328 1485/1350/1327
f 1484/1348/1325 1485/1350/1327 1481/1351/1322
f 1487/1353/1329 1490/1356/1332 1489/1354/1330
f 1487/1353/1329 1488/1344/1660 1491/1346/1331
f 1489/1354/1330 1490/1356/1332 1486/1352/1328
f 1491/1346/1323 1481/1345/1322 1486/1352/1328
s 1
f 219/25/22 1184/24/21 1186/1357/1333
f 222/1358/1334 1186/1357/1333 1187/1359/1335
f 221/1360/1337 1187/1359/1342 1188/1361/1338
f 1188/1363/1338 1185/141/124 218/182/161
f 1184/24/21 203/15/12 205/1365/1340
f 1186/1357/1333 205/1365/1340 206/1366/1341
f 1187/1359/1342 206/1366/1380 207/1367/1343
f 207/1368/1343 204/35/31 1185/141/124
f 1189/61/56 1191/1370/1345 227/1369/1344
f 1191/1370/1345 1192/1372/1351 226/1371/1346
f 1192/1372/1347 1193/1377/1353 225/1373/1348
f 225/1374/1348 1193/1378/1353 1190/119/107
f 208/193/170 210/1375/1350 1191/1370/1345
f 210/1375/1350 211/1376/1419 1192/1372/1351
f 211/1376/1352 212/1445/1421 1193/1377/1353
f 1193/1378/1353 212/1446/1421 209/18/15
f 1194/131/116 1196/1380/1355 202/1379/1354
f 1196/1380/1355 1197/1382/1360 201/1381/1356
f 1197/1382/1357 1198/1385/1361 200/1383/1358
f 200/1384/1358 1198/1386/1361 1195/4/4
f 219/25/22 222/1358/1334 1196/1380/1355
f 222/1358/1334 221/1360/1336 1197/1382/1360
f 221/1360/1337 220/1362/1339 1198/1385/1361
f 1198/1386/1361 220/1364/1339 218/182/161
f 214/160/140 1199/26/23 1201/1387/1362
f 217/1388/1363 1201/1387/1362 1202/1389/1364
f 216/1390/1366 1202/1389/1369 1203/1391/1367
f 1203/1393/1367 1200/23/20 213/10/8
f 1199/26/23 224/8/7 227/1369/1344
f 1201/1387/1362 227/1369/1344 226/1371/1346
f 1202/1389/1369 226/1371/1349 225/1373/1348
f 225/1374/1348 223/21/18 1200/23/20
f 229/161/141 1204/155/136 1206/1395/1370
f 232/1396/1371 1206/1395/1370 1207/1397/1372
f 231/1398/1374 1207/1397/1377 1208/1399/1375
f 1208/1401/1375 1205/12/10 228/29/25
f 1204/155/136 214/160/140 217/1388/1363
f 1206/1395/1370 217/1388/1363 216/1390/1365
f 1207/1397/1377 216/1390/1366 215/1392/1368
f 215/1394/1368 213/10/8 1205/12/10
f 203/15/12 1209/14/11 1211/1403/1378
f 205/1365/1340 1211/1403/1378 1212/1404/1379
f 206/1366/1380 1212/1404/1384 1213/1405/1381
f 1213/1406/1381 1210/33/29 204/35/31
f 1209/14/11 233/44/39 235/1407/1382
f 1211/1403/1378 235/1407/1382 236/1408/1383
f 1212/1404/1384 236/1408/1388 237/1409/1385
f 237/1410/1385 234/32/28 1210/33/29
f 233/44/39 1214/53/48 1216/1411/1386
f 235/1407/1382 1216/1411/1386 1217/1412/1387
f 236/1408/1388 1217/1412/1392 1218/1413/1389
f 1218/1414/1389 1215/30/26 234/32/28
f 1214/53/48 243/52/47 245/1415/1390
f 1216/1411/1386 245/1415/1390 246/1416/1391
f 1217/1412/1392 246/1416/1410 247/1417/1393
f 247/1418/1393 244/42/38 1215/30/26
f 239/194/171 1219/186/164 1221/1419/1394
f 242/1420/1395 1221/1419/1394 1222/1421/1396
f 241/1422/1398 1222/1421/1401 1223/1423/1399
f 1223/1425/1399 1220/37/33 238/39/35
f 1219/186/164 229/161/141 232/1396/1371
f 1221/1419/1394 232/1396/1371 231/1398/1373
f 1222/1421/1401 231/1398/1374 230/1400/1376
f 230/1402/1376 228/29/25 1220/37/33
f 1224/172/151 1226/1428/1403 269/1427/1402
f 1226/1428/1403 1227/1430/1405 268/1429/1404
f 1227/1430/1405 1228/1434/1407 267/1431/1406
f 1228/1432/1407 1225/185/118 265/49/44
f 249/731/672 258/730/671 1226/1428/1403
f 258/730/671 252/734/675 1227/1430/1405
f 252/734/675 251/725/666 1228/1434/1407
f 251/725/666 248/722/663 1225/135/118
f 243/52/47 1229/154/135 1231/1435/1408
f 245/1415/1390 1231/1435/1412 1232/1436/1409
f 246/1416/1410 1232/1436/1413 1233/1437/1411
f 247/1418/1393 1233/1438/1411 1230/40/36
f 1229/154/135 266/170/149 269/1427/1402
f 1231/1435/1412 269/1427/1402 268/1429/1404
f 1232/1436/1413 268/1429/1404 267/1431/1406
f 267/1433/1406 265/49/44 1230/40/36
f 249/731/672 1234/171/150 1236/1439/1414
f 256/729/670 1236/1439/1414 1237/1440/1415
f 257/732/682 1237/1440/1417 1238/1441/1416
f 262/737/678 1238/1442/1416 1235/46/41
f 1234/171/150 239/194/171 242/1420/1395
f 1236/1439/1414 242/1420/1395 241/1422/1397
f 1237/1440/1417 241/1422/1398 240/1424/1400
f 1238/1442/1416 240/1426/1400 238/39/35
f 1239/69/63 1241/1443/1418 210/1375/1350
f 1241/1443/1418 1242/1444/1423 211/1376/1419
f 1242/1444/1420 1243/1449/1425 212/1445/1421
f 212/1446/1421 1243/1450/1425 1240/164/143
f 275/130/115 277/1447/1422 1241/1443/1418
f 277/1447/1422 278/1448/1441 1242/1444/1423
f 278/1448/1424 279/1469/1443 1243/1449/1425
f 1243/1450/1425 279/1471/1443 276/58/53
f 1244/1/1 1246/1452/1427 274/1451/1426
f 1246/1452/1427 1247/1454/1432 273/1453/1428
f 1247/1454/1429 1248/1458/1433 272/1455/1430
f 272/1455/1430 1248/1458/1433 1245/1456/49
f 199/3/3 202/1379/1354 1246/1452/1427
f 202/1379/1354 201/1381/1356 1247/1454/1432
f 201/1381/1359 200/1383/1358 1248/1458/1433
f 1248/1458/1433 200/1383/1358 198/1459/13
f 287/757/700 1249/145/127 1251/1460/1434
f 298/755/698 1251/1460/1434 1252/1461/1435
f 299/746/689 1252/1461/1435 1253/1462/1436
f 289/742/685 1253/1462/1436 1250/120/108
f 1249/145/127 280/147/129 282/1463/1437
f 1251/1460/1434 282/1463/1437 283/1464/1438
f 1252/1461/1435 283/1464/1438 284/1465/1439
f 1253/1462/1436 284/1465/1439 281/1466/59
f 1254/146/128 1256/1467/1440 277/1447/1422
f 1256/1467/1440 1257/1468/1445 278/1448/1441
f 1257/1468/1442 1258/1472/1444 279/1469/1443
f 1258/1470/1444 1255/66/61 276/58/53
f 287/757/700 300/756/699 1256/1467/1440
f 300/756/699 294/759/702 1257/1468/1445
f 294/759/1446 293/751/694 1258/1472/1444
f 293/1473/694 286/748/691 1255/66/61
f 1259/148/130 1261/1474/1447 282/1463/1437
f 1261/1474/1447 1262/1475/1449 283/1464/1438
f 1262/1475/1448 1263/1477/1450 284/1465/1439
f 284/1465/1439 1263/1477/1450 1260/1476/57
f 271/179/158 274/1451/1426 1261/1474/1447
f 274/1451/1426 273/1453/1428 1262/1475/1449
f 273/1453/1431 272/1455/1430 1263/1477/1450
f 272/1455/1430 270/1457/51 1260/1476/57
f 1264/144/126 1266/1479/1452 327/1478/1451
f 1267/1481/1454 1268/1483/1456 325/1482/1455
f 1268/1483/1456 1265/191/168 323/192/169
f 308/91/83 310/1484/1457 1266/1479/1452
f 311/1485/1458 312/1486/1459 1268/1483/1456
f 312/1486/1459 309/190/167 1265/191/168
f 332/1488/1461 1271/1487/1460 1272/1489/1462
f 330/1492/1465 1273/1491/1464 1270/125/111
f 1269/84/76 313/88/80 315/1493/1466
f 1271/1487/1460 315/1493/1466 316/1494/1467
f 1272/1489/1462 316/1494/1467 317/1495/1468
f 1273/1491/1464 317/1495/1468 314/126/112
f 304/81/73 1274/72/65 1276/1496/1469
f 307/1497/1470 1276/1496/1469 1277/1498/1471
f 306/1499/1472 1277/1498/1471 1278/1500/1473
f 1274/72/65 324/71/64 327/1478/1451
f 1278/1500/1473 325/1482/1455 323/192/169
f 1281/1503/1476 1282/1505/1478 321/1504/1477
f 1283/1507/1480 1280/163/142 318/183/162
f 332/1488/1461 331/1490/1463 1282/1505/1478
f 331/1490/1463 330/1492/1465 1283/1507/1480
f 1284/77/69 1286/1509/1482 337/1508/1481
f 1288/1513/1486 1285/94/86 333/78/70
f 319/127/113 322/1502/1475 1286/1509/1482
f 322/1502/1475 321/1504/1477 1287/1511/1484
f 321/1504/1477 320/1506/1479 1288/1513/1486
f 320/1506/1479 318/183/162 1285/94/86
f 1289/92/84 1291/1514/1487 310/1484/1457
f 1291/1514/1487 1292/1515/1488 311/1485/1458
f 1292/1515/1488 1293/1516/1489 312/1486/1459
f 1293/1516/1489 1290/74/67 309/190/167
f 340/1517/1490 341/1518/1491 1292/1515/1488
f 341/1518/1491 342/1519/1492 1293/1516/1489
f 342/1519/1492 339/140/123 1290/74/67
f 1294/98/89 1296/1520/1493 340/1517/1490
f 348/102/93 350/1523/1496 1296/1520/1493
f 350/1523/1496 351/1524/1497 1297/1521/1494
f 1299/93/85 1301/1527/1500 347/1526/1499
f 1301/1527/1500 1302/1529/1502 346/1528/1501
f 1302/1529/1502 1303/1531/1504 345/1530/1503
f 334/157/137 337/1508/1481 1301/1527/1500
f 336/1510/1483 335/1512/1485 1303/1531/1504
f 335/1512/1485 333/78/70 1300/80/72
f 371/189/166 1304/1538/122 1306/1532/1505
f 374/1533/1506 1306/1532/1505 1307/1534/1507
f 373/1535/1508 1307/1534/1507 1308/1536/1509
f 372/1537/1510 1308/1536/1509 1305/174/153
f 1304/1538/122 353/760/121 357/762/705
f 1306/1532/1505 357/762/705 366/766/709
f 1307/1534/1507 366/766/709 365/772/717
f 1308/1536/1509 365/772/717 355/175/154
f 1311/1539/1511 1312/1540/1512 351/1524/1497
f 1312/1540/1512 1313/1541/1513 352/1525/1498
f 1313/1541/1513 1310/158/138 349/181/160
f 371/189/166 374/1533/1506 1311/1539/1511
f 374/1533/1506 373/1535/1508 1312/1540/1512
f 373/1535/1508 372/1537/1510 1313/1541/1513
f 372/1537/1510 370/176/155 1310/158/138
f 1316/1542/1514 1317/1543/1515 362/775/720
f 1317/1543/1515 1318/1544/1516 367/773/718
f 1318/1544/1516 1315/173/152 355/175/154
f 344/187/165 347/1526/1499 1316/1542/1514
f 347/1526/1499 346/1528/1501 1317/1543/1515
f 346/1528/1501 345/1530/1503 1318/1544/1516
f 345/1530/1503 343/101/92 1315/173/152
f 313/88/80 1319/109/98 1321/1545/1517
f 316/1494/1467 1322/1546/1518 1323/1547/1519
f 317/1495/1468 1323/1547/1519 1320/168/147
f 1321/1545/1517 382/1548/1520 383/1549/1521
f 1322/1546/1518 383/1549/1521 384/1550/1522
f 1323/1547/1519 384/1550/1522 381/132/117
f 376/111/100 1324/82/74 1326/1551/1523
f 379/1552/1524 1326/1551/1523 1327/1553/1525
f 378/1554/1526 1327/1553/1525 1328/1555/1527
f 377/1556/1528 1328/1555/1527 1325/115/103
f 1326/1551/1523 307/1497/1470 306/1499/1472
f 1327/1553/1525 306/1499/1472 305/1501/1474
f 1329/124/110 1331/2198/1529 393/1557/724
f 1331/1558/1529 1332/1559/1530 394/789/734
f 1332/1559/1530 1333/1560/1531 400/785/730
f 1333/1560/1531 1330/152/134 391/786/731
f 385/118/106 387/1562/1532 1331/1558/1529
f 387/1562/1532 388/1563/1533 1332/1559/1530
f 1336/1565/1535 404/792/738 399/787/732
f 1337/1566/1536 399/787/732 398/784/729
f 1338/1567/1537 398/784/729 391/786/731
f 385/118/106 1339/112/101 1341/1568/1538
f 387/1562/1532 1341/1568/1538 1342/1569/1539
f 388/1563/1533 1342/1569/1539 1343/1570/1540
f 389/1564/1534 1343/1570/1540 1340/150/132
f 1339/112/101 376/111/100 379/1552/1524
f 1341/1568/1538 379/1552/1524 378/1554/1526
f 1343/1570/1540 377/1556/1528 375/114/102
f 392/117/105 1344/67/62 1346/1571/1541
f 403/777/723 1346/1575/1546 1345/177/156
f 1344/67/62 286/748/691 295/750/1542
f 1346/1575/1546 288/743/2196 285/178/157
f 1347/47/42 1349/1578/1549 261/1576/1547
f 1349/1577/1548 1348/136/119 248/722/663
f 354/105/96 356/769/712 1349/1578/1549
f 356/1579/706 353/138/121 1348/136/119
s 2
f 1355/253/229 1357/1583/1553 553/956/906
f 563/231/208 568/966/916 1357/1583/1553
f 568/966/916 577/969/919 1358/1585/1555
f 1360/288/263 1362/1586/1559 571/974/924
f 1362/1586/1556 1363/1590/1560 572/1587/1557
f 1363/1591/1562 529/2192/880 526/243/220
f 510/300/275 1364/297/272 1366/1592/1563
f 521/925/871 1366/1592/1563 1367/1593/1564
f 1368/1594/1565 1365/274/249 508/280/255
f 1366/1592/1563 555/957/907 548/951/901
f 548/951/901 547/949/899 1368/1594/1565
f 1371/1596/1566 518/921/864 512/914/858
f 1373/251/227 1375/1604/1570 516/1601/865
f 1375/1602/1570 1376/1605/1573 517/928/1571
f 1376/1603/1572 1374/230/207 510/300/275
f 1373/251/227 564/301/276 573/973/923
f 1375/1602/1570 573/976/923 567/967/927
f 1376/1603/1572 566/965/915 563/231/208
f 432/823/769 1377/209/186 1379/1606/1574
f 412/795/743 420/798/746 1380/1607/1575
f 420/798/1579 418/806/1580 1381/1609/1577
f 418/806/1580 409/244/221 1378/246/222
f 1386/1614/1586 1383/236/213 441/318/293
f 1382/258/234 409/244/221 418/809/1580
f 1386/1614/1586 414/799/747 408/801/749
f 1387/317/292 443/216/193 448/1619/1581
f 1390/1617/1590 449/1620/1592 447/842/1593
f 461/859/809 1392/299/274 1394/1621/1595
f 464/857/807 1394/1621/1595 1395/1622/1596
f 467/868/1597 1395/1622/1596 1396/1623/1598
f 469/867/1599 1396/1623/1598 1393/278/253
f 421/219/196 425/811/756 1394/1621/1595
f 425/811/756 427/815/1600 1395/1622/1596
f 427/815/1600 430/1624/1601 1396/1623/1598
f 430/1624/1601 423/276/251 1393/278/253
f 475/272/248 1397/262/238 1399/1625/1602
f 478/875/820 1399/1625/1602 1400/1626/1603
f 1878/1627/1604 1400/1626/1603 1401/1628/1605
f 481/1629/1606 1401/1628/1605 1398/338/313
f 463/264/240 473/870/817 1399/1625/1602
f 473/870/817 468/864/1607 1400/1626/1603
f 468/864/1607 469/866/1599 1401/1628/1605
f 469/866/1599 462/322/297 1398/338/313
f 1402/208/185 1404/1631/1608 481/1630/1606
f 1404/1631/1608 1405/1632/1610 482/882/1609
f 1405/1632/1610 1406/1633/1611 484/879/826
f 1406/1633/1611 1403/267/243 477/270/246
f 1402/208/185 423/276/251 430/1634/1601
f 1404/1631/1608 430/1634/1601 427/822/1612
f 1405/1632/1610 427/822/1612 429/821/764
f 1406/1633/1611 429/821/764 422/265/241
f 1407/256/232 1409/1635/1614 458/855/1613
f 457/2191/2197 458/855/1613 459/1637/1616
f 458/855/1613 1409/1635/1614 459/1637/1616
f 1410/1636/1617 1411/1638/1620 454/846/1618
f 1411/1638/1620 1408/294/269 450/343/318
f 1409/1635/1614 492/894/838 491/895/1621
f 1416/1641/1624 1413/200/177 487/284/259
f 1427/1331/1308 1421/1325/1302 504/911/1627
f 1420/1323/1300 1417/291/266 501/293/268
f 583/999/310 1434/1648/309 1436/1645/1632
f 592/997/951 1436/1645/1632 1437/1646/1633
f 593/990/942 1437/1646/1633 1438/1647/1634
f 586/986/938 1438/1647/1634 1435/282/257
f 1439/308/283 1441/1649/1635 618/1022/974
f 1441/1649/1635 1442/1650/1636 619/1032/983
f 1442/1650/1636 1443/1651/1637 626/1028/979
f 1446/1654/1638 1447/1655/1639 590/1001/955
f 1448/1656/1640 1445/1657/200 583/999/310
f 1449/1658/300 1451/1659/1641 645/1051/1004
f 1451/1659/1641 1452/1660/1642 646/1042/996
f 1452/1660/1642 1453/1661/1643 637/1038/992
f 1453/1661/1643 1450/226/203 632/1039/993
f 651/1064/302 660/1063/1016 1451/1659/1641
f 660/1063/1016 654/1067/1020 1452/1660/1642
f 654/1067/1020 653/1057/1009 1453/1661/1643
f 653/1057/1009 650/341/316 1450/226/203
f 669/1085/315 1454/1665/314 1456/1662/1644
f 680/1083/1043 1456/1662/1644 1457/1663/1645
f 681/1077/1034 1457/1663/1645 1458/1664/1646
f 671/1073/1030 1458/1664/1646 1455/213/190
f 1454/1665/314 634/1053/298 647/1052/1005
f 1456/1662/1644 647/1052/1005 641/1047/1001
f 1457/1663/1645 641/1047/1001 640/1045/999
f 1458/1664/1646 640/1045/999 633/314/289
f 1459/313/288 1461/1666/1647 675/1081/1038
f 1461/1666/1647 1462/1667/1648 676/1087/1046
f 1462/1667/1648 1463/1668/1649 682/1084/1044
f 1463/1668/1649 1460/1669/301 669/1085/315
f 1459/313/288 652/312/287 665/1069/1022
f 1461/1666/1647 665/1069/1022 659/1065/1017
f 1462/1667/1648 659/1065/1017 658/1062/1015
f 1463/1668/1649 658/1062/1015 651/1064/302
f 1464/333/308 1466/1670/1650 688/1090/1049
f 1466/1670/1650 1467/1671/1652 689/1100/1651
f 1467/1671/1652 1468/1672/1653 696/1096/1055
f 1468/1672/1653 1465/1673/182 686/1097/192
f 704/332/307 709/1107/1068 1466/1670/1650
f 709/1107/1068 718/1110/1071 1467/1671/1652
f 718/1110/1071 717/1118/1079 1468/1672/1653
f 717/1118/1079 706/1120/180 1465/1673/182
f 1469/202/179 722/1123/1082 727/1125/1084
f 1472/1674/1654 735/1129/1088 734/1134/1095
f 1473/1675/1655 734/1134/1095 724/1136/306
f 1474/1341/1318 1479/1340/1317 731/1678/1657
f 1479/1340/1317 1488/1344/1321 732/1138/1658
f 1488/1344/1660 1487/1353/1329 736/1135/1096
f 1487/1353/1329 1476/1355/191 724/1136/306
f 1475/307/282 687/1102/1061 701/1104/1063
f 1492/167/146 1494/1681/1664 410/794/742
f 410/794/742 1494/1681/1664 1495/1679/1661
f 411/796/1662 1495/1679/1661 1496/1680/1663
f 416/800/748 1496/1680/1663 1493/237/214
f 597/321/296 602/1003/957 1494/1681/1664
f 1494/1681/1664 602/1003/957 611/1006/960
f 611/1006/960 610/1016/968 1496/1680/1663
f 1496/1680/1663 610/1016/968 599/1018/970
f 617/310/285 1497/247/223 1499/1682/1665
s 37
f 629/1025/1668 1499/1683/1672 1500/1684/1669
s 2
f 1500/1684/1671 1498/319/294 615/320/295
f 442/839/1594 444/841/2198 1499/1682/1665
f 1500/1684/1671 444/834/2199 441/318/293
f 1501/221/198 1503/1687/1678 424/810/755
f 428/820/765 1503/1688/1680 1502/1686/1677
f 1501/221/198 650/341/316 655/1056/1008
f 663/1070/1682 652/312/287 1502/1686/1677
f 1504/1689/1683 1506/1692/1685 670/1690/1031
f 677/1080/1037 1506/1691/1687 1505/271/247
f 1504/1689/1683 475/272/248 479/874/821
f 483/878/825 477/270/246 1505/271/247
f 487/284/259 1507/283/258 1509/1695/1688
f 495/896/841 1509/1695/1688 1510/1696/1689
f 496/890/835 1510/1696/1689 1511/1697/1690
f 489/885/831 1511/1697/1690 1508/295/270
f 1507/283/258 705/303/278 714/1114/1075
f 1509/1695/1688 714/1114/1075 708/1108/1069
f 708/1108/1069 707/1106/1067 1511/1697/1690
f 707/1106/1067 704/332/307 1508/295/270
f 687/1102/1061 1512/306/281 1514/1698/1691
f 699/1105/1692 1514/1698/1691 1515/1699/1693
f 690/1089/1048 1515/1700/1696 1513/344/319
f 1512/306/281 451/285/260 453/851/1697
f 1515/1700/1696 453/845/2200 450/343/318
f 1516/210/187 1518/1704/1698 584/987/939
f 591/994/947 1518/1703/1701 1517/234/211
f 1516/210/187 432/823/769 436/825/771
f 439/829/773 434/235/212 1517/234/211
f 463/264/240 1519/263/239 1521/1706/1703
f 471/869/816 1521/1706/1703 1522/1707/1704
f 1522/1707/1704 1523/1708/1706 465/858/808
f 1523/1708/1706 1520/225/202 461/859/809
f 1519/263/239 633/314/289 642/1046/1000
f 1521/1706/1703 642/1046/1000 636/1040/994
f 636/1040/994 635/1037/991 1523/1708/1706
f 635/1037/991 632/1039/993 1520/225/202
f 501/293/268 1524/292/267 1526/1709/1707
s 41
f 506/907/1708 1526/1709/1715 1527/1710/1709
s 2
f 507/906/1711 1527/1710/1717 1528/1711/1712
f 502/901/845 1528/1711/1718 1525/201/178
f 1524/292/267 723/305/280 733/1132/1714
s 41
f 1526/1709/1715 733/1132/2201 726/1126/1716
s 2
f 1527/1710/1717 726/1126/1085 725/1127/1086
f 1528/1711/1718 725/1127/1086 722/1123/1082
s 3
f 760/370/342 1529/369/341 1531/1712/1719
f 763/1713/1720 1531/1712/1719 1532/1714/1721
f 762/1716/1723 1532/1721/1728 1533/1717/1724
f 1533/1717/1724 1530/484/444 759/525/482
f 1529/369/341 744/360/332 746/1719/1726
f 1531/1712/1719 746/1719/1726 747/1720/1727
f 1532/1721/1728 747/1759/1766 748/1722/1729
f 748/1722/1729 745/380/351 1530/484/444
f 1534/406/375 1536/1724/1731 768/1723/1730
f 1536/1724/1731 1537/1730/1737 767/1725/1732
f 1537/1726/1733 1538/1732/1739 766/1727/1734
f 766/1727/1734 1538/1732/1739 1535/464/427
f 749/536/493 751/1729/1736 1536/1724/1731
f 751/1729/1736 752/1797/1805 1537/1730/1737
f 752/1731/1738 753/1799/1807 1538/1732/1739
f 1538/1732/1739 753/1799/1807 750/363/335
f 1539/474/436 1541/1734/1741 743/1733/1740
f 1541/1734/1741 1542/1739/1746 742/1735/1742
f 1542/1736/1743 1543/1740/1747 741/1737/1744
f 741/1737/1744 1543/1740/1747 1540/349/324
f 760/370/342 763/1713/1720 1541/1734/1741
f 763/1713/1720 762/1715/1722 1542/1739/1746
f 762/1716/1723 761/1718/1725 1543/1740/1747
f 1543/1740/1747 761/1718/1725 759/525/482
f 755/503/461 1544/371/343 1546/1741/1748
f 758/1742/1749 1546/1741/1748 1547/1743/1750
f 757/1745/1752 1547/1748/1755 1548/1746/1753
f 1548/1746/1753 1545/368/340 754/355/328
f 1544/371/343 765/353/327 768/1723/1730
f 1546/1741/1748 768/1723/1730 767/1725/1732
f 1547/1748/1755 767/1728/1735 766/1727/1734
f 766/1727/1734 764/366/338 1545/368/340
f 770/504/462 1549/498/457 1551/1749/1756
f 773/1750/1757 1551/1749/1756 1552/1751/1758
f 772/1753/1760 1552/1756/1763 1553/1754/1761
f 1553/1754/1761 1550/357/330 769/374/345
f 1549/498/457 755/503/461 758/1742/1749
f 1551/1749/1756 758/1742/1749 757/1744/1751
f 1552/1756/1763 757/1745/1752 756/1747/1754
f 756/1747/1754 754/355/328 1550/357/330
f 744/360/332 1554/359/331 1556/1757/1764
f 746/1719/1726 1556/1757/1764 1557/1758/1765
f 747/1759/1766 1557/2199/1770 1558/1760/1767
f 1558/1760/1767 1555/378/349 745/380/351
f 1554/359/331 774/389/359 776/1761/1768
f 1556/1757/1764 776/1761/1768 777/1762/1769
f 1557/1758/1770 777/1762/1774 778/1763/1771
f 778/1765/1771 775/377/348 1555/378/349
f 774/389/359 1559/398/367 1561/1766/1772
f 776/1761/1768 1561/1766/1772 1562/1767/1773
f 777/1762/1774 1562/1767/1778 1563/1768/1775
f 1563/1769/1775 1560/375/346 775/377/348
f 1559/398/367 784/397/366 786/1770/1776
f 1561/1766/1772 786/1770/1776 787/1771/1777
f 1562/1767/1778 787/1771/1793 788/1772/1779
f 788/1773/1779 785/387/358 1560/375/346
f 780/537/494 1564/530/487 1566/1774/1780
f 783/1776/1781 1566/1781/1780 1567/1777/1782
f 782/1778/1784 1567/1777/1787 1568/1779/1785
f 1568/1779/1785 1565/382/353 779/384/355
f 1564/530/487 770/504/462 773/1750/1757
f 1566/1781/1780 773/2200/1757 772/1753/1759
f 1567/1777/1787 772/1753/1760 771/1755/1762
f 771/1755/1762 769/374/345 1565/382/353
f 1569/515/472 1571/1782/1788 819/1174/1136
f 1571/1782/1788 1572/1783/1789 820/1163/1126
f 1572/1783/1789 1573/1784/1790 810/1160/1123
f 1573/1784/1790 1570/480/440 805/529/486
f 790/1149/1111 800/1148/1110 1571/1782/1788
f 800/1148/1110 793/1152/1114 1572/1783/1789
f 793/1152/1114 792/1142/1103 1573/1784/1790
f 792/1142/1103 789/478/438 1570/480/440
f 784/397/366 1574/497/456 1576/1785/1791
f 786/1770/1776 1576/1785/1791 1577/1786/1792
f 787/1771/1793 1577/1786/1796 1578/1787/1794
f 1578/1788/1794 1575/385/356 785/387/358
f 1574/497/456 807/513/470 821/1173/1135
f 1576/1785/1791 821/1173/1135 815/1175/1137
f 815/1175/1795 814/1169/1131 1578/1787/1794
f 814/1789/1131 806/394/364 1575/385/356
f 790/1149/1111 1579/514/471 1581/1790/1797
f 798/1791/1109 1581/1795/1802 1582/1792/1798
f 799/1793/1799 1582/1792/1803 1583/1794/1800
f 803/1155/1118 1583/1794/1800 1580/391/361
f 1579/514/471 780/537/494 783/1775/1781
f 1581/1795/1802 783/1776/1781 782/1778/1783
f 1582/1792/1803 782/1778/1784 781/1780/1786
f 1583/1794/1800 781/1780/1786 779/384/355
f 1584/414/382 1586/1796/1804 751/1729/1736
f 1586/1796/1804 1587/1801/1809 752/1797/1805
f 1587/1798/1806 1588/1803/1811 753/1799/1807
f 753/1799/1807 1588/1803/1811 1585/507/464
f 829/473/435 831/1800/1808 1586/1796/1804
f 831/1800/1808 832/1821/1827 1587/1801/1809
f 832/1802/1810 833/1823/1829 1588/1803/1811
f 1588/1803/1811 833/1823/1829 830/403/372
f 1589/346/321 1591/1805/1813 828/1804/1812
f 1591/1805/1813 1592/1810/1818 827/1806/1814
f 1592/1807/1815 1593/1811/1819 826/1808/1816
f 826/1808/1816 1593/1811/1819 1590/399/368
f 740/348/323 743/1733/1740 1591/1805/1813
f 743/1733/1740 742/1735/1742 1592/1810/1818
f 742/1738/1745 741/1737/1744 1593/1811/1819
f 1593/1811/1819 741/1737/1744 739/361/333
f 841/1193/1155 1594/488/447 1596/1812/1820
f 851/1191/1153 1596/1812/1820 1597/1813/1821
f 852/1182/1143 1597/1813/1821 1598/1814/1822
f 843/1178/1139 1598/1814/1822 1595/1815/428
f 1594/488/447 834/490/449 836/1816/1823
f 1596/1812/1820 836/1816/1823 837/1817/1824
f 1597/1813/1821 837/1817/1824 838/1818/1825
f 1598/1819/1822 838/1829/1825 835/409/378
f 1599/489/448 1601/1820/1826 831/1800/1808
f 1601/1820/1826 1602/1825/1831 832/1821/1827
f 1602/1822/1828 1603/1824/1830 833/1823/1829
f 1603/1824/1830 1600/411/380 830/403/372
f 841/1193/1155 853/1192/1154 1601/1820/1826
f 853/1192/1154 848/1195/1157 1602/1825/1831
f 848/1826/1832 847/1187/1148 1603/1824/1830
f 847/1187/1148 840/1184/1145 1600/411/380
f 1604/491/450 1606/1827/1833 836/1816/1823
f 1606/1827/1833 1607/1831/1835 837/1817/1824
f 1607/1828/1834 1608/1832/1836 838/1829/1825
f 838/1829/1825 1608/1832/1836 1605/407/376
f 825/522/479 828/1804/1812 1606/1827/1833
f 828/1804/1812 827/1806/1814 1607/1831/1835
f 827/1809/1817 826/1808/1816 1608/1832/1836
f 826/1808/1816 824/401/370 1605/407/376
f 1609/487/446 1611/1834/1838 880/1833/1837
f 1611/1834/1838 1612/1836/1840 879/1835/1839
f 1612/1836/1840 1613/1838/1842 878/1837/1841
f 1613/1838/1842 1610/534/491 876/535/492
f 861/436/402 863/1839/1843 1611/1834/1838
f 863/1839/1843 864/1840/1844 1612/1836/1840
f 864/1840/1844 865/1841/1845 1613/1838/1842
f 882/430/396 1614/429/395 1616/1842/1846
f 885/1843/1847 1616/1842/1846 1617/1844/1848
f 884/1845/1849 1617/1844/1848 1618/1846/1850
f 883/1847/1851 1618/1846/1850 1615/468/431
f 1614/429/395 866/433/399 868/1848/1852
f 1616/1842/1846 868/1848/1852 869/1849/1853
f 1617/1844/1848 869/1849/1853 870/1850/1854
f 1618/1846/1850 870/1850/1854 867/469/432
f 857/426/392 1619/417/384 1621/1851/1855
f 859/1854/1858 1622/1853/1857 1623/1855/1859
f 858/1856/1860 1623/1855/1859 1620/485/445
f 1619/417/384 877/416/383 880/1833/1837
f 1622/1853/1857 879/1835/1839 878/1837/1841
f 1623/1855/1859 878/1837/1841 876/535/492
f 1624/431/397 1626/1858/1862 875/1857/1861
f 1626/1858/1862 1627/1860/1864 874/1859/1863
f 1627/1860/1864 1628/1862/1866 873/1861/1865
f 882/430/396 885/1843/1847 1626/1858/1862
f 885/1843/1847 884/1845/1849 1627/1860/1864
f 884/1845/1849 883/1847/1851 1628/1862/1866
f 1629/422/388 1631/1864/1868 890/1863/1867
f 1631/1864/1868 1632/1866/1870 889/1865/1869
f 1632/1866/1870 1633/1868/1872 888/1867/1871
f 1633/1868/1872 1630/439/405 886/423/389
f 875/1857/1861 874/1859/1863 1632/1866/1870
f 873/1861/1865 871/526/483 1630/439/405
f 1634/437/403 1636/1869/1873 863/1839/1843
f 1636/1869/1873 1637/1870/1874 864/1840/1844
f 1637/1870/1874 1638/1871/1875 865/1841/1845
f 1638/1871/1875 1635/419/386 862/533/490
f 891/442/408 893/1872/1876 1636/1869/1873
f 893/1872/1876 894/1873/1877 1637/1870/1874
f 895/1874/1878 892/483/443 1635/419/386
f 1639/443/409 1641/1875/1879 893/1872/1876
f 1641/1875/1879 1642/1876/1880 894/1873/1877
f 1642/1876/1880 1643/1877/1881 895/1874/1878
f 901/447/413 903/1878/1882 1641/1875/1879
f 903/1878/1882 904/1879/1883 1642/1876/1880
f 904/1879/1883 905/1880/1884 1643/1877/1881
f 905/1880/1884 902/524/481 1640/527/484
f 1644/438/404 1646/1882/1886 900/1881/1885
f 1646/1882/1886 1647/1884/1888 899/1883/1887
f 1647/1884/1888 1648/1886/1890 898/1885/1889
f 1648/1886/1890 1645/425/391 896/446/412
f 887/500/458 890/1863/1867 1646/1882/1886
f 890/1863/1867 889/1865/1869 1647/1884/1888
f 888/1867/1871 886/423/389 1645/425/391
f 1649/482/442 1651/1890/1894 926/1218/1183
f 926/1218/1183 1651/1890/1894 1652/1887/1891
f 927/1229/1192 1652/1887/1895 1653/1888/1893
f 934/1225/1189 1653/1888/1893 1650/1889/474
f 1649/482/442 906/1197/1159 909/1199/1161
f 1651/1890/1894 909/1199/1161 919/1203/1165
f 1652/1887/1895 919/1203/1177 918/1211/1175
f 1653/1888/1893 918/1211/1175 908/1213/475
f 1654/449/415 1656/1891/1896 903/1878/1882
f 1657/1892/1897 1658/1893/1898 905/1880/1884
f 1658/1893/1898 1655/501/459 902/524/481
f 925/1232/1195 939/1231/1194 1656/1891/1896
f 939/1231/1194 933/1236/1197 1657/1892/1897
f 933/1236/1197 932/1226/1190 1658/1893/1898
f 932/1226/1190 924/519/476 1655/501/459
f 1661/1895/1899 1662/1900/1900 914/1896/1179
f 1663/1898/1901 1660/516/473 908/518/475
f 900/1881/1885 899/1883/1887 1662/1900/1900
f 899/1901/1887 898/1903/1889 1663/1902/1901
f 866/433/399 1664/454/418 1666/1905/1902
f 869/1849/1853 1667/1906/1903 1668/1907/1904
f 870/1850/1854 1668/1907/1904 1665/511/468
f 1664/454/418 947/455/419 949/1908/1905
f 1666/1905/1902 949/1908/1905 950/1909/1906
f 1667/1906/1903 950/1909/1906 951/1910/1907
f 1668/1907/1904 951/1910/1907 948/475/437
f 943/456/420 1669/427/393 1671/1911/1908
f 945/1914/1911 1672/1913/1910 1673/1915/1912
f 944/1916/1913 1673/1915/1912 1670/460/423
f 1669/427/393 857/426/392 860/1852/1856
f 1671/1911/1908 860/1852/1856 859/1854/1858
f 1673/1915/1912 858/1856/1860 856/451/417
f 1674/467/430 1676/1917/1914 960/1240/1200
f 1676/1917/1914 1677/1918/1915 961/1249/1210
f 1677/1918/1915 1678/1919/1916 967/1245/1206
f 1678/1919/1916 1675/495/454 958/1246/1207
f 952/463/426 954/1920/1917 1676/1917/1914
f 954/1920/1917 955/1921/1918 1677/1918/1915
f 955/1921/1918 956/1922/1919 1678/1919/1916
f 956/1922/1919 953/492/451 1675/495/454
f 947/455/419 1679/461/424 1681/1923/1920
f 949/1908/1905 1681/1923/1920 1682/1924/1921
f 950/1909/1906 1682/1924/1921 1683/1925/1922
f 1679/461/424 959/462/425 971/1252/1214
f 1681/1923/1920 971/1252/1214 966/1247/1208
f 1682/1924/1921 966/1247/1208 965/1244/1205
f 1683/1925/1922 965/1244/1205 958/1246/1207
f 952/463/426 1684/457/421 1686/1926/1923
f 954/1920/1917 1686/1926/1923 1687/1927/1924
f 1684/457/421 943/456/420 946/1912/1909
f 1686/1926/1923 946/1912/1909 945/1914/1911
f 959/462/425 1689/412/381 1691/1929/1926
f 970/1931/1199 1691/1934/1928 1690/1932/477
f 1689/412/381 840/1184/1145 842/1186/1927
f 1691/1934/1928 842/2195/1140 839/1176/478
f 1692/392/362 1694/1938/1934 802/1935/1929
s 42
f 1694/1936/1930 1695/1937/1936 794/1141/1931
s 3
f 1695/1937/1933 1693/481/441 789/478/438
f 907/450/416 915/1206/1170 1694/1938/1934
f 915/1939/1162 906/1197/1159 1693/481/441
f 925/1232/1195 1696/448/414 1698/1940/1937
f 937/1234/1193 1698/1944/1937 1699/1941/1938
f 938/1221/1186 1699/1941/1938 1700/1942/1939
f 928/1217/1182 1700/1942/1939 1697/528/485
f 1696/448/414 806/394/364 816/1943/1130
f 1698/1944/1937 816/1168/1130 809/1161/1124
f 1699/1941/1938 809/1161/1124 808/1159/1122
f 1700/1942/1939 808/1159/1122 805/529/486
s 4
f 995/559/513 1701/558/512 1703/1945/1940
f 998/1947/1941 1703/1953/1940 1704/1948/1942
f 997/1949/1944 1704/1948/1949 1705/1950/1945
f 1705/1950/1945 1702/673/616 994/711/652
f 1701/558/512 979/549/503 981/1952/1947
f 1703/1953/1940 981/1991/1947 982/1954/1948
f 1704/1948/1949 982/1954/1987 983/1955/1950
f 983/1955/1950 980/569/522 1702/673/616
f 1706/595/547 1708/1957/1952 1003/1956/1951
f 1708/1957/1952 1709/1959/1958 1002/1958/1953
f 1709/1959/1954 1710/1964/1960 1001/1960/1955
f 1001/1961/1955 1710/1965/1960 1707/653/599
f 984/720/661 986/1962/1957 1708/1957/1952
f 986/1962/1957 987/1963/2026 1709/1959/1958
f 987/1963/1959 988/2036/2028 1710/1964/1960
f 1710/1965/1960 988/2037/2028 985/552/506
f 1711/663/608 1713/1972/1962 978/1966/1961
f 1713/1967/1962 1714/1970/1967 977/1968/1963
f 1714/1970/1964 1715/1973/1968 976/1971/1965
f 976/1971/1965 1715/1973/1968 1712/538/495
f 995/559/513 998/1946/1941 1713/1972/1962
f 998/1947/1941 997/1949/1943 1714/1970/1967
f 997/1949/1944 996/1951/1946 1715/1973/1968
f 1715/1973/1968 996/1951/1946 994/711/652
f 990/692/634 1716/560/514 1718/1974/1969
f 993/1975/1970 1718/1974/1969 1719/1976/1971
f 992/1977/1973 1719/1976/1976 1720/1978/1974
f 1720/1980/1974 1717/557/511 989/544/499
f 1716/560/514 1000/542/498 1003/1956/1951
f 1718/1974/1969 1003/1956/1951 1002/1958/1953
f 1719/1976/1976 1002/1958/1956 1001/1960/1955
f 1001/1961/1955 999/555/509 1717/557/511
f 1005/693/635 1721/687/629 1723/1982/1977
f 1008/1983/1978 1723/1982/1977 1724/1984/1979
f 1007/1985/1981 1724/1984/1984 1725/1986/1982
f 1725/1988/1982 1722/546/501 1004/563/516
f 1721/687/629 990/692/634 993/1975/1970
f 1723/1982/1977 993/1975/1970 992/1977/1972
f 1724/1984/1984 992/1977/1973 991/1979/1975
f 991/1981/1975 989/544/499 1722/546/501
f 979/549/503 1726/548/502 1728/1990/1985
f 981/1991/1947 1728/1995/1985 1729/1992/1986
f 982/1954/1987 1729/1992/1991 1730/1993/1988
f 1730/1993/1988 1727/567/520 980/569/522
f 1726/548/502 1009/578/530 1011/1994/1989
f 1728/1995/1985 1011/1999/1989 1012/1996/1990
f 1729/1992/1991 1012/1996/1995 1013/1997/1992
f 1013/1997/1992 1010/566/519 1727/567/520
f 1009/578/530 1731/587/539 1733/1998/1993
f 1011/1999/1989 1733/2003/1993 1734/2000/1994
f 1012/1996/1995 1734/2000/1999 1735/2001/1996
f 1735/2001/1996 1732/564/517 1010/566/519
f 1731/587/539 1019/586/538 1021/2002/1997
f 1733/2003/1993 1021/2024/1997 1022/2004/1998
f 1734/2000/1999 1022/2004/2017 1023/2005/2000
f 1023/2005/2000 1020/576/529 1732/564/517
f 1015/721/662 1736/714/655 1738/2006/2001
f 1018/2007/2002 1738/2006/2001 1739/2008/2003
f 1017/2009/2005 1739/2008/2008 1740/2010/2006
f 1740/2012/2006 1737/571/524 1014/573/526
f 1736/714/655 1005/693/635 1008/1983/1978
f 1738/2006/2001 1008/1983/1978 1007/1985/1980
f 1739/2008/2008 1007/1985/1981 1006/1987/1983
f 1006/1989/1983 1004/563/516 1737/571/524
f 1741/701/642 1743/2015/2010 1046/2014/2009
f 1743/2015/2010 1744/2017/2012 1045/2016/2011
f 1744/2017/2012 1745/2021/2014 1044/2018/2013
f 1745/2019/2014 1742/667/610 1042/583/535
f 1025/1263/1227 1035/1262/1226 1743/2015/2010
f 1035/1262/1226 1028/1266/1230 1744/2017/2012
f 1028/1266/1230 1027/1257/1221 1745/2021/2014
f 1027/2022/1221 1024/2188/1218 1742/667/610
f 1019/586/538 1746/686/628 1748/2023/2015
f 1021/2024/1997 1748/2027/2019 1749/2025/2016
f 1022/2004/2017 1749/2025/2020 1750/2026/2018
f 1023/2005/2000 1750/2026/2018 1747/574/527
f 1746/686/628 1043/699/640 1046/2014/2009
f 1748/2027/2019 1046/2201/2009 1045/2028/2011
f 1749/2025/2020 1045/2028/2011 1044/2020/2013
f 1044/2020/2013 1042/583/535 1747/574/527
f 1025/1263/1227 1751/700/641 1753/2029/2021
f 1033/1261/1225 1753/2029/2021 1754/2030/2022
f 1034/1264/1237 1754/2030/2024 1755/2031/2023
f 1039/2032/1233 1755/2033/2023 1752/580/532
f 1751/700/641 1015/721/662 1018/2007/2002
f 1753/2029/2021 1018/2007/2002 1017/2009/2004
f 1754/2030/2024 1017/2009/2005 1016/2011/2007
f 1755/2033/2023 1016/2013/2007 1014/573/526
f 1756/603/554 1758/2034/2025 986/1962/1957
f 1758/2034/2025 1759/2035/2030 987/1963/2026
f 1759/2035/2027 1760/2202/2032 988/2036/2028
f 988/2037/2028 1760/2040/2032 1757/696/637
f 1052/662/607 1054/2038/2029 1758/2034/2025
f 1054/2038/2029 1055/2060/2048 1759/2035/2030
f 1055/2039/2031 1056/2062/2050 1760/2040/2032
f 1760/2040/2032 1056/2062/2050 1053/592/544
f 1761/508/465 1763/2048/2034 1051/2042/2033
f 1763/2043/2034 1764/2046/2039 1050/2044/2035
f 1764/2046/2036 1765/2049/2040 1049/2047/2037
f 1049/2047/2037 1765/2049/2040 1762/588/540
f 975/510/467 978/1966/1961 1763/2048/2034
f 978/1969/1961 977/1968/1963 1764/2046/2039
f 977/1968/1966 976/1971/1965 1765/2049/2040
f 1765/2049/2040 976/1971/1965 974/550/504
f 1064/1289/1257 1766/677/619 1768/2050/2041
f 1075/1287/1255 1768/2050/2041 1769/2051/2042
f 1076/2052/1244 1769/2057/2042 1770/2053/2043
f 1066/2054/1240 1770/2053/2043 1767/654/600
f 1766/677/619 1057/679/621 1059/2055/2044
f 1768/2050/2041 1059/2055/2044 1060/2056/2045
f 1769/2057/2042 1060/2068/2045 1061/2058/2046
f 1770/2053/2043 1061/2058/2046 1058/598/550
f 1771/678/620 1773/2059/2047 1054/2038/2029
f 1773/2059/2047 1774/2064/2052 1055/2060/2048
f 1774/2061/2049 1775/2063/2051 1056/2062/2050
f 1775/2063/2051 1772/600/552 1053/592/544
f 1064/1289/1257 1077/1288/1256 1773/2059/2047
f 1077/1288/1256 1071/1291/1259 1774/2064/2052
f 1071/2065/2053 1070/2066/1249 1775/2063/2051
f 1070/2066/1249 1063/1280/1246 1772/600/552
f 1776/680/622 1778/2071/2054 1059/2055/2044
f 1778/2067/2054 1779/2070/2056 1060/2068/2045
f 1779/2070/2055 1780/2072/2057 1061/2058/2046
f 1061/2058/2046 1780/2072/2057 1777/596/548
f 1048/708/649 1051/2042/2033 1778/2071/2054
f 1051/2045/2033 1050/2044/2035 1779/2070/2056
f 1050/2044/2038 1049/2047/2037 1780/2072/2057
f 1049/2047/2037 1047/590/542 1777/596/548
f 1781/676/618 1783/2074/2059 1104/2073/2058
f 1783/2074/2059 1784/2076/2061 1103/2075/2060
f 1784/2076/2061 1785/2078/2063 1102/2077/2062
f 1785/2078/2063 1782/718/659 1100/719/660
f 1085/625/574 1087/2079/2064 1783/2074/2059
f 1087/2079/2064 1088/2080/2065 1784/2076/2061
f 1088/2080/2065 1089/2081/2066 1785/2078/2063
f 1089/2081/2066 1086/717/658 1782/718/659
f 1106/619/568 1786/618/567 1788/2082/2067
f 1109/2083/2068 1788/2082/2067 1789/2084/2069
f 1108/2085/2070 1789/2084/2069 1790/2086/2071
f 1107/2087/2072 1790/2086/2071 1787/657/603
f 1786/618/567 1090/622/571 1092/2088/2073
f 1788/2082/2067 1092/2088/2073 1093/2089/2074
f 1789/2084/2069 1093/2089/2074 1094/2090/2075
f 1790/2086/2071 1094/2090/2075 1091/658/604
f 1081/615/564 1791/606/556 1793/2091/2076
f 1084/2092/2077 1793/2091/2076 1794/2093/2078
f 1083/2094/2079 1794/2093/2078 1795/2095/2080
f 1082/2096/2081 1795/2095/2080 1792/674/617
f 1791/606/556 1101/605/555 1104/2073/2058
f 1793/2091/2076 1104/2073/2058 1103/2075/2060
f 1794/2093/2078 1103/2075/2060 1102/2077/2062
f 1795/2095/2080 1102/2077/2062 1100/719/660
f 1796/620/569 1798/2098/2083 1099/2097/2082
f 1798/2098/2083 1799/2100/2085 1098/2099/2084
f 1799/2100/2085 1800/2102/2087 1097/2101/2086
f 1800/2102/2087 1797/695/636 1095/712/653
f 1106/619/568 1109/2083/2068 1798/2098/2083
f 1109/2083/2068 1108/2085/2070 1799/2100/2085
f 1108/2085/2070 1107/2087/2072 1800/2102/2087
f 1107/2087/2072 1105/660/606 1797/695/636
f 1801/611/560 1803/2104/2089 1114/2103/2088
f 1803/2104/2089 1804/2106/2091 1113/2105/2090
f 1804/2106/2091 1805/2108/2093 1112/2107/2092
f 1805/2108/2093 1802/628/577 1110/612/561
f 1096/659/605 1099/2097/2082 1803/2104/2089
f 1099/2097/2082 1098/2099/2084 1804/2106/2091
f 1098/2099/2084 1097/2101/2086 1805/2108/2093
f 1097/2101/2086 1095/712/653 1802/628/577
f 1806/626/575 1808/2109/2094 1087/2079/2064
f 1808/2109/2094 1809/2110/2095 1088/2080/2065
f 1809/2110/2095 1810/2111/2096 1089/2081/2066
f 1810/2111/2096 1807/608/558 1086/717/658
f 1115/631/580 1117/2112/2097 1808/2109/2094
f 1117/2112/2097 1118/2113/2098 1809/2110/2095
f 1118/2113/2098 1119/2114/2099 1810/2111/2096
f 1119/2114/2099 1116/672/615 1807/608/558
f 1811/632/581 1813/2115/2100 1117/2112/2097
f 1813/2115/2100 1814/2116/2101 1118/2113/2098
f 1814/2116/2101 1815/2117/2102 1119/2114/2099
f 1815/2117/2102 1812/713/654 1116/672/615
f 1125/636/585 1127/2118/2103 1813/2115/2100
f 1127/2118/2103 1128/2119/2104 1814/2116/2101
f 1128/2119/2104 1129/2120/2105 1815/2117/2102
f 1129/2120/2105 1126/710/651 1812/713/654
f 1816/627/576 1818/2122/2107 1124/2121/2106
f 1818/2122/2107 1819/2124/2109 1123/2123/2108
f 1819/2124/2109 1820/2126/2111 1122/2125/2110
f 1820/2126/2111 1817/614/563 1120/635/584
f 1111/689/631 1114/2103/2088 1818/2122/2107
f 1114/2103/2088 1113/2105/2090 1819/2124/2109
f 1113/2105/2090 1112/2107/2092 1820/2126/2111
f 1112/2107/2092 1110/612/561 1817/614/563
f 1148/716/657 1821/671/614 1823/2127/2112
f 1151/2128/2113 1823/2127/2112 1824/2129/2114
f 1150/2130/2115 1824/2129/2114 1825/2131/2116
f 1149/2132/2117 1825/2131/2116 1822/703/644
f 1821/671/614 1130/670/613 1134/1293/1262
f 1823/2127/2112 1134/1293/1262 1143/1297/1266
f 1824/2129/2114 1143/1297/1266 1142/1303/1275
f 1825/2131/2116 1142/1303/1275 1132/704/645
f 1826/638/587 1828/2133/2118 1127/2118/2103
f 1828/2133/2118 1829/2134/2119 1128/2119/2104
f 1829/2134/2119 1830/2135/2120 1129/2120/2105
f 1830/2135/2120 1827/690/632 1126/710/651
f 1148/716/657 1151/2128/2113 1828/2133/2118
f 1151/2128/2113 1150/2130/2115 1829/2134/2119
f 1150/2130/2115 1149/2132/2117 1830/2135/2120
f 1149/2132/2117 1147/705/646 1827/690/632
f 1831/633/582 1833/2136/2121 1138/1301/1270
f 1833/2136/2121 1834/2137/2122 1139/1306/1278
f 1834/2137/2122 1835/2138/2123 1144/1304/1276
f 1835/2138/2123 1832/702/643 1132/704/645
f 1121/715/656 1124/2121/2106 1833/2136/2121
f 1124/2121/2106 1123/2123/2108 1834/2137/2122
f 1123/2123/2108 1122/2125/2110 1835/2138/2123
f 1122/2125/2110 1120/635/584 1832/702/643
f 1090/622/571 1836/643/590 1838/2139/2124
f 1092/2088/2073 1838/2139/2124 1839/2140/2125
f 1093/2089/2074 1839/2140/2125 1840/2141/2126
f 1094/2090/2075 1840/2141/2126 1837/697/638
f 1836/643/590 1157/644/591 1159/2142/2127
f 1838/2139/2124 1159/2142/2127 1160/2143/2128
f 1839/2140/2125 1160/2143/2128 1161/2144/2129
f 1840/2141/2126 1161/2144/2129 1158/664/609
f 1153/645/592 1841/616/565 1843/2145/2130
f 1156/2146/2131 1843/2145/2130 1844/2147/2132
f 1155/2148/2133 1844/2147/2132 1845/2149/2134
f 1154/2150/2135 1845/2149/2134 1842/649/595
f 1841/616/565 1081/615/564 1084/2092/2077
f 1843/2145/2130 1084/2092/2077 1083/2094/2079
f 1844/2147/2132 1083/2094/2079 1082/2096/2081
f 1845/2149/2134 1082/2096/2081 1080/640/589
f 1846/656/602 1848/2151/2136 1170/1309/1282
f 1848/2151/2136 1849/2152/2137 1171/1318/1292
f 1849/2152/2137 1850/2153/2138 1177/1314/1288
f 1850/2153/2138 1847/684/626 1168/1315/1289
f 1162/652/598 1164/2154/2139 1848/2151/2136
f 1164/2154/2139 1165/2155/2140 1849/2152/2137
f 1165/2155/2140 1166/2156/2141 1850/2153/2138
f 1166/2156/2141 1163/681/623 1847/684/626
f 1157/644/591 1851/650/596 1853/2157/2142
f 1159/2142/2127 1853/2157/2142 1854/2158/2143
f 1160/2143/2128 1854/2158/2143 1855/2159/2144
f 1161/2144/2129 1855/2159/2144 1852/683/625
f 1851/650/596 1169/651/597 1181/1321/1296
f 1853/2157/2142 1181/1321/1296 1176/1316/1290
f 1854/2158/2143 1176/1316/1290 1175/1313/1287
f 1855/2159/2144 1175/1313/1287 1168/1315/1289
f 1162/652/598 1856/646/593 1858/2160/2145
f 1164/2154/2139 1858/2160/2145 1859/2161/2146
f 1165/2155/2140 1859/2161/2146 1860/2162/2147
f 1166/2156/2141 1860/2162/2147 1857/682/624
f 1856/646/593 1153/645/592 1156/2146/2131
f 1858/2160/2145 1156/2146/2131 1155/2148/2133
f 1859/2161/2146 1155/2148/2133 1154/2150/2135
f 1860/2162/2147 1154/2150/2135 1152/648/594
f 1169/651/597 1861/601/553 1863/2163/2148
f 1180/1308/2149 1863/2166/2153 1862/706/647
f 1861/601/553 1063/1280/1246 1072/1282/2151
f 1863/2166/2153 1065/2203/2202 1062/707/648
f 1864/581/533 1866/2173/2160 1038/2167/2154
f 1867/2172/2159 1865/2204/611 1024/1254/1218
f 1131/639/588 1133/1300/1269 1866/2173/2160
f 1133/2175/1263 1130/670/613 1865/668/611
s 2
f 1419/287/262 1871/286/261 1873/2179/2165
f 1429/1336/1312 1873/2179/2165 1874/2180/2166
f 1430/1328/1305 1874/2180/2166 1875/2181/2167
f 1422/1324/1301 1875/2181/2167 1872/304/279
f 1474/1341/1318 1872/304/279 1875/2181/2167
f 1477/1339/1316 1875/2181/2167 1874/2180/2166
f 1478/1342/1319 1874/2180/2166 1873/2179/2165
f 1484/1348/1325 1873/2179/2165 1871/286/261
s 5
f 429/819/768 1876/818/763 426/817/762
