# Blender 5.2.2 LTS
# www.blender.org
mtllib esquina_01.mtl
g esquina_01_Holocron.001
v -3.890166 4.956010 3.004104
v -2.656046 4.936015 4.149595
v -3.512236 4.948318 3.444735
v -3.089060 4.941541 3.832894
v -2.145556 4.931085 4.431406
v -4.247473 4.965718 2.447916
v -3.886164 5.067750 3.002341
v -2.652045 5.047755 4.147832
v -3.508231 5.060060 3.442972
v -3.085055 5.053285 3.831131
v -2.141554 5.042823 4.429642
v -4.243472 5.077458 2.446151
v -4.120005 5.025292 2.234720
v -3.733489 5.014382 2.859775
v -3.355803 5.006688 3.300635
v -4.042845 5.009376 3.146672
v -4.370940 5.017881 2.659347
v -2.350661 4.984887 4.549550
v -2.808798 4.989379 4.292229
v -3.664664 5.001687 3.587072
v -4.678759 5.027661 2.099065
v -2.499293 4.994391 4.005197
v -1.936453 4.989018 4.311499
v -2.932387 4.999916 3.688572
v -1.847979 4.980994 4.772657
v -3.241728 4.994908 3.975454
v -0.511492 5.082020 4.980528
v -4.909121 5.064111 4.998697
v -4.928618 5.149516 0.590287
v -5.151202 4.823722 4.996786
v -5.154772 0.422102 4.914603
v -5.170741 4.909287 0.579706
v -4.910765 4.820138 5.233998
v -0.491690 4.836547 5.221946
v -4.914324 0.418834 5.151046
v -2.845175 3.826534 5.064409
v -4.022734 2.622810 5.062178
v -3.295599 3.460248 5.065177
v -3.694754 3.047372 5.064337
v -4.317870 2.119902 5.058142
v -2.279772 4.169198 5.061429
v -2.839816 3.820513 5.175945
v -4.017375 2.616788 5.173713
v -3.290240 3.454226 5.176713
v -3.689394 3.041353 5.175873
v -4.312510 2.113880 5.169677
v -2.274413 4.163177 5.172963
v -2.068144 4.035257 5.111659
v -2.703158 3.665186 5.115261
v -3.153803 3.299156 5.116038
v -2.981837 3.981859 5.125091
v -2.486041 4.297121 5.122733
v -4.428736 2.326990 5.119324
v -4.159461 2.778207 5.122864
v -3.432032 3.615317 5.125851
v -1.917849 4.590212 5.118856
v -3.880652 2.461390 5.113028
v -4.201647 1.906792 5.108496
v -3.552744 2.886037 5.115190
v -4.664984 1.830356 5.114483
v -3.831408 3.202688 5.125019
v -5.056860 2.752614 3.975453
v -5.043784 3.962419 2.804210
v -5.060797 3.212497 3.621135
v -5.055903 3.622730 3.219296
v -5.027853 4.272010 2.297459
v -5.040801 2.178915 4.303660
v -5.166934 2.739836 3.960438
v -5.153857 3.949640 2.789196
v -5.170870 3.199718 3.606120
v -5.165976 3.609954 3.204281
v -5.137927 4.259233 2.282445
v -5.150874 2.166137 4.288645
v -5.065444 1.968377 4.161124
v -5.084887 2.612255 3.807221
v -5.088866 3.072354 3.453161
v -5.138907 2.880194 4.128669
v -5.126227 2.376675 4.431180
v -5.106143 4.372086 2.514561
v -5.125842 4.090060 2.957502
v -5.142798 3.339859 3.774092
v -5.105219 1.801710 4.709992
v -5.071795 3.821998 2.635904
v -5.059634 4.159154 2.065343
v -5.083933 3.482380 3.051072
v -5.079295 4.622594 2.025678
v -5.137949 3.750304 3.372504
v -3.303771 4.944789 3.646957
v -3.708201 4.952073 3.229604
v -2.873728 4.938626 3.999968
v -2.425719 4.933609 4.287342
v -1.786772 4.928160 4.597269
v -4.062411 4.960268 2.760143
v -4.464629 4.973048 2.027933
v -3.299765 5.056527 3.645193
v -3.704195 5.063814 3.227841
v -2.869727 5.050367 3.998205
v -2.421717 5.045349 4.285579
v -1.782771 5.039901 4.595506
v -4.058405 5.072007 2.758380
v -4.460627 5.084789 2.026169
v -3.909316 5.018792 2.607146
v -3.551672 5.010445 3.085416
v -4.211497 5.013482 2.911376
v -2.585013 4.987028 4.426916
v -3.860724 5.005441 3.372029
v -4.699755 5.037370 1.542819
v -2.262423 4.991929 4.146005
v -3.147246 5.003160 3.502773
v -4.399409 5.035175 1.668568
v -1.379111 4.980859 4.776084
v -4.525851 5.022660 2.385535
v -2.103125 4.982901 4.663371
v -2.716986 4.997002 3.855580
v -1.466418 4.985161 4.529404
v -3.456286 4.998157 3.789376
v -3.026469 4.991991 4.142595
v -2.828101 4.585122 5.173921
v -5.112414 2.785860 2.876745
v -4.675959 5.055943 2.922493
v -3.442965 3.389871 3.486668
v -2.710307 5.073066 4.989612
v -4.918868 5.106812 2.794491
v -2.720053 5.115767 2.785407
v -5.152987 2.622913 4.955693
v -5.160971 4.866504 2.788245
v -5.162756 2.665695 2.747154
v -2.701228 4.828342 5.227972
v -4.912543 2.619485 5.192522
v -2.703009 2.627689 5.186496
v -3.442564 3.357892 5.105995
v -3.450545 4.996669 3.525606
v -5.062010 3.386558 3.502311
v -2.848052 5.060237 2.911259
v -5.104472 2.750726 4.720097
v -4.671576 2.744668 5.147674
v -2.840151 5.025265 4.745940
v -5.112406 4.623078 2.910707
v -2.828097 2.748189 5.140655
v -3.503233 3.257141 5.064941
v -3.075385 3.650520 5.064995
v -3.867434 2.836493 5.063418
v -4.166491 2.396180 5.060532
v -4.493113 1.765604 5.054766
v -2.596766 3.992346 5.063362
v -1.854216 4.375325 5.058294
v -3.497874 3.251118 5.176475
v -3.070025 3.644498 5.176530
v -3.862078 2.830472 5.174953
v -4.161131 2.390158 5.172066
v -4.487753 1.759583 5.166302
v -2.591406 3.986326 5.174896
v -1.848856 4.369305 5.169829
v -2.445990 3.834362 5.114136
v -2.933508 3.489332 5.115851
v -2.742182 4.144310 5.124124
v -4.299983 2.558040 5.121280
v -3.211905 3.805686 5.125672
v -1.361228 4.596729 5.110223
v -4.027640 2.228299 5.111320
v -3.361357 3.095958 5.115798
v -1.494826 4.299800 5.107210
v -4.680735 1.361804 5.106587
v -2.208247 4.444829 5.120912
v -4.549029 2.082536 5.117003
v -3.725363 2.675084 5.114268
v -4.431838 1.442654 5.104067
v -3.639750 3.412302 5.125619
v -4.004149 2.991882 5.124102
v -5.059359 3.425537 3.423712
v -5.059935 2.987318 3.805503
v -5.050723 3.801189 3.013345
v -5.035426 4.112574 2.580311
v -5.022986 4.457879 1.921315
v -5.051253 2.500092 4.134838
v -5.023795 1.748694 4.499153
v -5.169432 3.412758 3.408697
v -5.170008 2.974538 3.790488
v -5.160796 3.788411 2.998330
v -5.145499 4.099795 2.565296
v -5.133059 4.445102 1.906301
v -5.161326 2.487315 4.119825
v -5.133868 1.735916 4.484140
v -5.078848 2.350909 3.969754
v -5.087988 2.847091 3.637429
v -5.133734 2.636499 4.284909
v -5.117014 4.236771 2.741580
v -5.141955 3.114764 3.958557
v -5.057997 1.247022 4.703874
v -5.063910 3.975598 2.404027
v -5.087412 3.285318 3.255646
v -5.041285 1.389180 4.411405
v -5.074877 4.653955 1.482020
v -5.116374 2.095435 4.571885
v -5.093272 4.499381 2.274014
v -5.078738 3.660778 2.845049
v -5.062773 4.403600 1.553604
v -5.141379 3.552980 3.576762
v -5.132781 3.928823 3.166626
v -4.061743 4.957083 3.163291
v -4.059947 4.953261 3.161558
v -4.062037 4.955606 3.163538
v -4.061797 4.954360 3.163293
v -4.061064 4.953537 3.162600
v -3.258814 4.938795 3.990323
v -3.260626 4.942618 3.992072
v -3.259936 4.939072 3.991370
v -3.260676 4.939894 3.992069
v -3.260916 4.941139 3.992316
v -3.720400 4.958758 2.846663
v -3.718348 4.962762 2.844831
v -3.719260 4.959080 2.845613
v -3.718470 4.959952 2.844894
v -3.718150 4.961245 2.844619
v -2.917250 4.948297 3.673629
v -2.919310 4.944291 3.675468
v -2.917052 4.946780 3.673418
v -2.917376 4.945485 3.673694
v -2.918166 4.944613 3.674413
v -3.683566 4.949391 3.603692
v -3.681769 4.945575 3.601959
v -3.683856 4.947915 3.603937
v -3.683619 4.946671 3.603694
v -3.682883 4.945849 3.602999
v -3.340666 4.955064 3.285692
v -3.342711 4.951062 3.287518
v -3.340468 4.953549 3.285480
v -3.340788 4.952257 3.285753
v -3.341574 4.951385 3.286469
v -2.484160 4.942776 3.990256
v -2.486250 4.938764 3.992125
v -2.483962 4.941257 3.990047
v -2.484290 4.939961 3.990329
v -2.485095 4.939086 3.991059
v -2.825842 4.933267 4.307063
v -2.827689 4.937102 4.308844
v -2.826979 4.933543 4.308123
v -2.827731 4.934369 4.308833
v -2.827979 4.935619 4.309087
v -1.921321 4.937408 4.296560
v -1.924403 4.933400 4.297975
v -1.921198 4.935888 4.296316
v -1.921740 4.934594 4.296499
v -1.922869 4.933720 4.297082
v -2.366713 4.928767 4.564839
v -2.369544 4.932633 4.566157
v -2.368231 4.929048 4.565724
v -2.369299 4.929881 4.566286
v -2.369761 4.931139 4.566437
v -0.899550 4.929138 4.764701
v -0.912238 4.925220 4.759671
v -0.899035 4.929150 4.762806
v -0.902403 4.927616 4.764027
v -0.905818 4.926338 4.762835
v -0.898226 4.929399 4.764595
v -0.900187 4.927791 4.763765
v -0.902411 4.926535 4.762783
v -0.900931 4.926939 4.762626
v -0.908972 4.925525 4.759555
v -0.905318 4.926380 4.760110
v -0.909270 4.925497 4.761306
v -0.905383 4.925936 4.761355
v -0.902197 4.926553 4.761628
v -0.897952 4.929406 4.763569
v -0.901831 4.927651 4.761252
v -0.899916 4.927805 4.762461
v -0.898879 4.927890 4.763383
v -1.866850 4.928769 4.789254
v -1.868079 4.924901 4.786240
v -1.867381 4.927267 4.789408
v -1.867800 4.926004 4.788890
v -1.868044 4.925174 4.787777
v -4.389834 4.965602 2.675961
v -4.388705 4.961786 2.673154
v -4.390181 4.964121 2.676126
v -4.390086 4.962876 2.675650
v -4.389567 4.962056 2.674606
v -4.106295 4.969648 2.222759
v -4.104868 4.973674 2.219779
v -4.105395 4.969977 2.221268
v -4.104807 4.970856 2.220178
v -4.104620 4.972156 2.219656
v -4.694800 4.971509 2.116184
v -4.697642 4.975408 2.115673
v -4.696318 4.971801 2.116369
v -4.697394 4.972645 2.116337
v -4.697859 4.973910 2.116092
v -4.705603 4.995400 0.976037
v -4.703791 4.995395 0.975511
v -4.700110 4.991179 0.989280
v -4.705534 4.995645 0.974713
v -4.704817 4.993820 0.979027
v -4.704627 4.994012 0.976774
v -4.704298 4.994122 0.975438
v -4.703467 4.993138 0.977569
v -4.702113 4.993821 0.978421
v -4.700823 4.992471 0.982060
v -4.704554 4.995642 0.974428
v -4.703360 4.994014 0.976487
v -4.702433 4.992721 0.978872
v -4.701842 4.991538 0.986195
v -4.703497 4.992465 0.982594
v -4.700121 4.991542 0.985873
v -4.702036 4.992047 0.982171
v -4.703562 4.992720 0.979100
v -4.019347 5.065594 3.125855
v -4.023947 5.061673 3.130054
v -4.020678 5.065281 3.127084
v -4.022021 5.064425 3.128314
v -4.023169 5.063158 3.129356
v -3.222830 5.047205 3.958835
v -3.218215 5.051127 3.954622
v -3.222048 5.048692 3.958138
v -3.220900 5.049957 3.957092
v -3.219550 5.050815 3.955857
v -3.748621 5.066009 2.874716
v -3.752993 5.069905 2.878841
v -3.749308 5.067517 2.875381
v -3.750384 5.068787 2.876399
v -3.751677 5.069626 2.877614
v -2.951899 5.055439 3.707642
v -2.947524 5.051539 3.703513
v -2.950579 5.055160 3.706413
v -2.949286 5.054318 3.705196
v -2.948210 5.053048 3.704179
v -3.641169 5.057907 3.566257
v -3.645766 5.053990 3.570451
v -3.642500 5.057593 3.567486
v -3.643839 5.056739 3.568714
v -3.644988 5.055472 3.569755
v -3.375304 5.062211 3.319694
v -3.370940 5.058312 3.315578
v -3.373988 5.061931 3.318470
v -3.372698 5.061091 3.317257
v -3.371626 5.059821 3.316242
v -2.518843 5.049912 4.024301
v -2.514426 5.046007 4.020138
v -2.517508 5.049632 4.023058
v -2.516200 5.048791 4.021831
v -2.515120 5.047517 4.020805
v -2.789904 5.041662 4.275615
v -2.785243 5.045600 4.271360
v -2.789118 5.043153 4.274913
v -2.787955 5.044425 4.273858
v -2.786593 5.045283 4.272609
v -1.957251 5.044553 4.330019
v -1.951583 5.040629 4.326437
v -1.955439 5.044268 4.329000
v -1.953726 5.043421 4.327961
v -1.952372 5.042143 4.327061
v -2.331774 5.037151 4.532942
v -2.325858 5.041098 4.529267
v -2.330893 5.038649 4.532281
v -2.329459 5.039923 4.531351
v -2.327689 5.040784 4.530293
v -0.929774 5.032321 4.794244
v -0.929301 5.032366 4.792683
v -0.948096 5.036396 4.790357
v -0.928462 5.032577 4.794260
v -0.933924 5.033855 4.794194
v -0.931658 5.033919 4.794093
v -0.930289 5.033945 4.793839
v -0.933203 5.034713 4.793400
v -0.933531 5.033908 4.791759
v -0.938590 5.035215 4.790993
v -0.931471 5.033945 4.792953
v -0.934931 5.035047 4.792559
v -0.943839 5.036060 4.792090
v -0.938860 5.035169 4.793437
v -0.943705 5.036090 4.790500
v -0.939036 5.035614 4.792291
v -0.935050 5.035025 4.793594
v -1.827536 5.037234 4.750551
v -1.829100 5.033231 4.756057
v -1.827700 5.036906 4.752275
v -1.828055 5.036029 4.753927
v -1.828547 5.034740 4.755255
v -4.348273 5.074124 2.637179
v -4.352046 5.070168 2.642730
v -4.349288 5.073800 2.638926
v -4.350359 5.072935 2.640594
v -4.351328 5.071658 2.641929
v -4.135138 5.076918 2.249662
v -4.138724 5.080791 2.255229
v -4.135767 5.078424 2.250437
v -4.136672 5.079688 2.251767
v -4.137709 5.080521 2.253450
v -4.659869 5.079926 2.082455
v -4.654242 5.083842 2.080465
v -4.659010 5.081420 2.081924
v -4.657637 5.082688 2.081359
v -4.655966 5.083539 2.080847
v -4.735564 5.098613 1.005880
v -4.731173 5.102271 1.024621
v -4.734061 5.098634 1.005394
v -4.735404 5.100062 1.010166
v -4.734515 5.101268 1.015233
v -4.735610 5.098850 1.004566
v -4.735369 5.100146 1.007854
v -4.734782 5.101193 1.011329
v -4.734641 5.100905 1.009433
v -4.731440 5.102048 1.020149
v -4.732081 5.101277 1.014924
v -4.733027 5.102044 1.020308
v -4.733366 5.101690 1.015396
v -4.733756 5.101197 1.011195
v -4.733004 5.100078 1.009743
v -4.734244 5.100154 1.007649
v -4.735159 5.100184 1.006453
v -4.663794 5.064480 4.757977
v -4.668074 5.064540 4.753743
v -4.672606 5.068632 4.762625
v -4.665427 5.064482 4.757662
v -4.666815 5.064495 4.756747
v -4.665747 5.066095 4.758363
v -4.666770 5.066041 4.758049
v -4.668101 5.066913 4.758077
v -4.668414 5.066134 4.755696
v -4.669394 5.067472 4.758070
v -4.667742 5.064515 4.755371
v -4.668089 5.066061 4.756729
v -4.670516 5.068345 4.760879
v -4.668105 5.067453 4.759382
v -4.669466 5.067899 4.759458
v -5.147978 0.917764 4.686404
v -5.147990 0.916569 4.683364
v -5.152285 0.904051 4.690734
v -5.147978 0.916367 4.686147
v -5.149611 0.914770 4.686702
v -5.149615 0.913727 4.685756
v -5.147986 0.915720 4.684503
v -5.151034 0.911114 4.687612
v -5.151942 0.906954 4.689743
v -5.151461 0.909696 4.688232
v -1.028185 5.081222 4.735707
v -1.015364 5.085432 4.740247
v -1.026885 5.081336 4.732638
v -1.025378 5.082855 4.736063
v -1.026801 5.081481 4.735470
v -1.023543 5.083755 4.736262
v -1.018103 5.085124 4.739313
v -1.021254 5.084237 4.737539
v -1.026099 5.081542 4.733809
v -1.024489 5.082946 4.735378
v -4.683844 5.134322 1.092902
v -4.680842 5.134358 1.091650
v -4.688529 5.138870 1.079216
v -4.683619 5.134354 1.091501
v -4.684008 5.135964 1.089481
v -4.684405 5.136874 1.087867
v -4.681998 5.134372 1.090823
v -4.686743 5.138473 1.082539
v -4.685870 5.137952 1.084878
v -0.989390 4.594051 5.214375
v -0.988154 4.591041 5.214300
v -0.975783 4.599157 5.218661
v -0.987990 4.593821 5.214318
v -0.986395 4.594596 5.215994
v -0.985335 4.593701 5.215965
v -0.987322 4.592193 5.214277
v -0.979029 4.597358 5.218313
v -0.982760 4.595747 5.217402
v -0.981360 4.596453 5.217832
v -5.147959 4.583684 4.754165
v -5.152201 4.592433 4.758878
v -5.147978 4.588027 4.749985
v -5.149588 4.585620 4.754555
v -5.150965 4.587962 4.755584
v -5.147963 4.585321 4.753872
v -5.149531 4.586652 4.754253
v -5.150408 4.587987 4.754287
v -5.150973 4.589283 4.754287
v -5.151885 4.590353 4.757105
v -5.151419 4.589332 4.755673
v -5.147971 4.587671 4.751610
v -5.147963 4.586721 4.752974
v -5.149600 4.588336 4.751919
v -5.149539 4.587998 4.752949
v -5.163825 4.658126 1.071804
v -5.168154 4.663026 1.058201
v -5.163832 4.655144 1.070505
v -5.165469 4.658536 1.068851
v -5.163832 4.657925 1.070399
v -5.166300 4.658771 1.066751
v -5.167811 4.661186 1.061488
v -5.167330 4.660285 1.063787
v -5.163836 4.656310 1.069695
v -5.165473 4.657666 1.067716
v -4.667105 4.580862 5.224416
v -4.675898 4.585325 5.228790
v -4.671366 4.576585 5.224348
v -4.669024 4.581174 5.226059
v -4.671366 4.582132 5.227466
v -4.668734 4.580532 5.224416
v -4.670058 4.580853 5.226000
v -4.671389 4.580843 5.226880
v -4.674155 4.583218 5.228419
v -4.672682 4.580818 5.227445
v -4.672747 4.582188 5.227925
v -4.671038 4.578218 5.224378
v -4.670115 4.579603 5.224403
v -4.671702 4.578489 5.226016
v -4.671385 4.579524 5.225979
v -4.671362 0.911294 5.155051
v -4.675993 0.897619 5.159074
v -4.668353 0.910048 5.155019
v -4.671134 0.909894 5.155025
v -4.671507 0.907850 5.156560
v -4.672213 0.905622 5.157781
v -4.674971 0.900442 5.158798
v -4.673365 0.903210 5.158372
v -4.669505 0.909220 5.155010
v -5.168719 5.160163 0.101333
v -5.169875 5.156778 0.098726
v -5.173323 5.155549 0.101216
v -5.168208 5.159936 0.100237
v -5.168246 5.159213 0.099359
v -5.170485 5.159819 0.101322
v -5.170264 5.159461 0.099368
v -5.170233 5.158880 0.098090
v -5.171206 5.155725 0.098800
v -5.172328 5.155120 0.099298
v -5.168833 5.158105 0.098827
v -5.170622 5.157523 0.098158
v -5.171980 5.157127 0.098064
v -5.172976 5.157321 0.101259
v -5.171980 5.158820 0.101297
v -5.173071 5.155058 0.100146
v -5.172583 5.157136 0.099323
v -5.171824 5.158704 0.098925
v -0.007624 5.073926 5.225230
v -0.005194 5.075120 5.221768
v -0.007700 5.078609 5.220768
v -0.006575 5.073415 5.224954
v -0.005744 5.073461 5.224200
v -0.007643 5.075689 5.224919
v -0.005724 5.075473 5.224506
v -0.004477 5.075447 5.223891
v -0.005255 5.076467 5.220775
v -0.005755 5.077604 5.220236
v -0.005259 5.074061 5.223081
v -0.004580 5.075857 5.222543
v -0.004485 5.077220 5.222193
v -0.007685 5.078222 5.222502
v -0.007662 5.077198 5.223961
v -0.006613 5.078355 5.220234
v -0.005744 5.077828 5.222255
v -0.005305 5.077039 5.223781
v -5.145644 5.059590 5.234778
v -5.150202 5.055017 5.234691
v -5.145632 5.054953 5.239207
v -5.147387 5.059243 5.234776
v -5.148867 5.058251 5.234758
v -5.145644 5.059217 5.236500
v -5.147322 5.058708 5.236433
v -5.148669 5.058030 5.236379
v -5.148257 5.057605 5.237345
v -5.149851 5.054990 5.236425
v -5.148860 5.054968 5.237891
v -5.149855 5.056768 5.234730
v -5.149344 5.056677 5.236397
v -5.148665 5.056613 5.237732
v -5.145636 5.056706 5.238897
v -5.145640 5.058202 5.237947
v -5.147376 5.054955 5.238868
v -5.147315 5.056648 5.238400
v -5.147276 5.058010 5.237755
v -5.157259 -0.059844 5.138471
v -5.153838 -0.062289 5.139503
v -5.152655 -0.059948 5.143018
v -5.157019 -0.060887 5.137925
v -5.156287 -0.061719 5.137928
v -5.156920 -0.059879 5.140218
v -5.156531 -0.061782 5.139947
v -5.155928 -0.063017 5.139877
v -5.155356 -0.062978 5.141047
v -5.152789 -0.062239 5.140834
v -5.152194 -0.061776 5.141969
v -5.155169 -0.062212 5.138483
v -5.154574 -0.062914 5.140252
v -5.154177 -0.063041 5.141606
v -5.154425 -0.059937 5.142680
v -5.155924 -0.059910 5.141695
v -5.152144 -0.060971 5.142737
v -5.154208 -0.061824 5.142240
v -1.005034 4.977878 4.733761
v -1.003722 4.977883 4.730699
v -1.010008 4.973699 4.729458
v -1.003649 4.978112 4.733524
v -1.006171 4.976254 4.733415
v -1.004405 4.976419 4.733049
v -1.003287 4.976517 4.732520
v -1.004271 4.975518 4.732012
v -1.004633 4.976292 4.729866
v -1.006148 4.974934 4.729337
v -1.002936 4.978118 4.731867
v -1.003676 4.976435 4.731364
v -1.004687 4.975112 4.731008
v -1.008864 4.973993 4.731086
v -1.007517 4.974891 4.732476
v -1.008036 4.974025 4.729192
v -1.006522 4.974461 4.730978
v -1.005274 4.975095 4.732348
v -4.663794 4.977486 4.756318
v -4.663813 4.973304 4.751978
v -4.668074 4.977565 4.752084
v -4.663798 4.975860 4.755964
v -4.663802 4.974495 4.755014
v -4.665427 4.977491 4.756005
v -4.665473 4.975826 4.755583
v -4.666262 4.975057 4.754486
v -4.665446 4.973629 4.751994
v -4.666827 4.974554 4.752020
v -4.663809 4.973598 4.753614
v -4.665480 4.973989 4.753671
v -4.667746 4.977535 4.753713
v -4.666815 4.977508 4.755089
v -4.667754 4.975935 4.752052
v -4.667353 4.975863 4.753720
v -4.683844 5.047347 1.091245
v -4.679556 5.042974 1.097157
v -4.680834 5.047372 1.089981
v -4.683512 5.045691 1.092591
v -4.682581 5.044278 1.094188
v -4.683619 5.047374 1.089842
v -4.683165 5.045781 1.090897
v -4.682486 5.044499 1.092009
v -4.682169 5.044902 1.090970
v -4.679389 5.043338 1.095035
v -4.679575 5.044302 1.092926
v -4.681193 5.043323 1.095792
v -4.681139 5.043841 1.093400
v -4.681201 5.044511 1.091468
v -4.681990 5.047387 1.089159
v -4.680083 5.045718 1.091151
v -4.681536 5.045794 1.090213
v -4.682662 5.045842 1.089817
v -5.060969 4.583691 4.753792
v -5.060984 4.588033 4.749611
v -5.056727 4.583772 4.749513
v -5.060969 4.585327 4.753497
v -5.060973 4.586728 4.752599
v -5.059340 4.583699 4.753462
v -5.059298 4.585376 4.753100
v -5.059386 4.586514 4.752373
v -5.059355 4.587707 4.749597
v -5.057974 4.586784 4.749574
v -5.060980 4.587677 4.751236
v -5.059309 4.587286 4.751261
v -5.058184 4.586538 4.751158
v -5.057044 4.583741 4.751145
v -5.057959 4.583715 4.752531
v -5.057051 4.585404 4.749545
v -5.057433 4.585413 4.751219
v -5.058180 4.585306 4.752345
v -5.060988 0.917769 4.686028
v -5.056746 0.923852 4.681861
v -5.060999 0.916574 4.682988
v -5.059359 0.918695 4.685523
v -5.057978 0.920177 4.684554
v -5.060988 0.915912 4.685955
v -5.058196 0.918186 4.684596
v -5.058535 0.917243 4.684470
v -5.057066 0.921531 4.682105
v -5.057990 0.919331 4.682405
v -5.057063 0.921988 4.683267
v -5.057452 0.919544 4.683561
v -5.060996 0.915264 4.684309
v -5.060988 0.915030 4.685352
v -5.059371 0.917591 4.682716
v -5.059405 0.916118 4.684916
v -5.076834 4.658132 1.071429
v -5.076838 4.655150 1.070130
v -5.072546 4.653757 1.077382
v -5.076842 4.657929 1.070024
v -5.075198 4.657783 1.072804
v -5.075263 4.657458 1.071101
v -5.075308 4.656972 1.070013
v -5.074385 4.656464 1.071177
v -5.075205 4.654376 1.071321
v -5.073813 4.653841 1.073117
v -5.076842 4.656317 1.069322
v -5.075266 4.655843 1.070396
v -5.074000 4.655488 1.071671
v -5.072878 4.655414 1.076025
v -5.073809 4.656827 1.074418
v -5.072882 4.653623 1.075244
v -5.073359 4.655396 1.073619
v -5.074000 4.656764 1.072227
v -0.988375 4.583221 5.119467
v -0.994383 4.578477 5.115190
v -0.987143 4.580206 5.119423
v -0.989756 4.582712 5.117849
v -0.991385 4.581631 5.116467
v -0.986975 4.582988 5.119417
v -0.988055 4.582363 5.117874
v -0.989188 4.581550 5.116630
v -0.988135 4.581277 5.116995
v -0.992217 4.578374 5.115501
v -0.990080 4.578668 5.116414
v -0.993006 4.580144 5.115534
v -0.990584 4.580152 5.115991
v -0.988631 4.580284 5.116607
v -0.986308 4.581357 5.119393
v -0.988299 4.579312 5.117791
v -0.987364 4.580745 5.117847
v -0.986971 4.581861 5.117893
v -4.667529 4.582353 5.137430
v -4.671790 4.578092 5.137377
v -4.667548 4.578166 5.133096
v -4.669158 4.582029 5.137432
v -4.670542 4.581104 5.137423
v -4.667536 4.582057 5.135793
v -4.669207 4.581665 5.135753
v -4.670332 4.580916 5.135832
v -4.671473 4.578121 5.135745
v -4.670554 4.578146 5.134358
v -4.671465 4.579723 5.137404
v -4.671080 4.579792 5.135731
v -4.670340 4.579728 5.134601
v -4.667548 4.579792 5.133449
v -4.667544 4.581157 5.134395
v -4.669177 4.578161 5.133428
v -4.669219 4.579825 5.133849
v -4.669127 4.580938 5.134617
v -4.671786 0.912700 5.073918
v -4.668768 0.911446 5.073880
v -4.667548 0.918772 5.069742
v -4.670901 0.910568 5.073877
v -4.671469 0.914103 5.072309
v -4.671114 0.912410 5.072336
v -4.670603 0.911331 5.072356
v -4.670123 0.912516 5.071455
v -4.668028 0.912677 5.072267
v -4.667540 0.914499 5.070915
v -4.669478 0.911731 5.072316
v -4.669158 0.913030 5.071077
v -4.669177 0.917387 5.070050
v -4.670554 0.915750 5.070951
v -4.667368 0.916640 5.070028
v -4.669108 0.914985 5.070477
v -4.670447 0.913566 5.071092
v -2.999674 4.002100 5.073712
v -2.998118 4.000328 5.069804
v -2.999964 4.002424 5.072246
v -2.999766 4.002202 5.070989
v -2.999121 4.001464 5.070132
v -3.847674 3.221140 5.069731
v -3.849249 3.222930 5.073640
v -3.848681 3.222285 5.070060
v -3.849333 3.223028 5.070917
v -3.849532 3.223254 5.072176
v -2.692248 3.652755 5.059016
v -2.690337 3.650587 5.062918
v -2.691214 3.651583 5.059282
v -2.690489 3.650758 5.060117
v -2.690180 3.650409 5.061394
v -3.539923 2.871438 5.062849
v -3.541842 2.873610 5.058945
v -3.539771 2.871261 5.061322
v -3.540080 2.871611 5.060045
v -3.540804 2.872436 5.059211
v -3.449877 3.635560 5.074466
v -3.448317 3.633789 5.070565
v -3.450163 3.635885 5.073004
v -3.449965 3.635661 5.071748
v -3.449320 3.634925 5.070892
v -3.140982 3.284557 5.063693
v -3.142886 3.286716 5.059789
v -3.140830 3.284378 5.062168
v -3.141135 3.284726 5.060891
v -3.141860 3.285547 5.060055
v -3.867835 2.446792 5.060693
v -3.869780 2.449001 5.056783
v -3.867678 2.446618 5.059163
v -3.867995 2.446977 5.057884
v -3.868731 2.447812 5.057049
v -4.175692 2.796617 5.067574
v -4.177294 2.798441 5.071499
v -4.176711 2.797778 5.067904
v -4.177374 2.798531 5.068766
v -4.177580 2.798765 5.070028
v -4.188830 1.892195 5.056166
v -4.190295 1.895384 5.052259
v -4.188639 1.892094 5.054634
v -4.188849 1.892662 5.053355
v -4.189433 1.893818 5.052522
v -4.445452 2.344419 5.064025
v -4.446566 2.347216 5.067980
v -4.446288 2.345952 5.064359
v -4.446791 2.347023 5.065229
v -4.446890 2.347466 5.066500
v -4.683680 0.883100 5.046461
v -4.678450 0.895720 5.042591
v -4.681799 0.882540 5.046403
v -4.682978 0.885961 5.044967
v -4.681742 0.889365 5.043708
v -4.682772 0.883736 5.045096
v -4.681773 0.885957 5.043845
v -4.681643 0.884466 5.044219
v -4.678408 0.892452 5.042837
v -4.679030 0.888797 5.043649
v -4.680151 0.892793 5.042874
v -4.680285 0.888899 5.043248
v -4.680624 0.885714 5.043821
v -4.683211 0.881200 5.046768
v -4.680220 0.885318 5.044900
v -4.681475 0.883430 5.045063
v -4.682421 0.882417 5.045161
v -4.682799 1.850570 5.063168
v -4.679884 1.851788 5.059222
v -4.682990 1.851129 5.061682
v -4.682505 1.851559 5.060409
v -4.681414 1.851788 5.059545
v -2.503878 4.317355 5.071366
v -2.501227 4.316221 5.067439
v -2.504080 4.317729 5.069897
v -2.503649 4.317645 5.068634
v -2.502650 4.317115 5.067772
v -2.058398 4.022233 5.055423
v -2.055323 4.020658 5.059320
v -2.056921 4.021287 5.055685
v -2.055819 4.020657 5.056518
v -2.055258 4.020435 5.057795
v -1.936392 4.607679 5.063585
v -1.935675 4.610439 5.067511
v -1.936526 4.609199 5.063910
v -1.936438 4.610256 5.064770
v -1.936141 4.610692 5.066034
v -0.796187 4.588746 5.049339
v -0.795710 4.586923 5.049286
v -0.809706 4.583672 5.045474
v -0.794302 4.588256 5.049598
v -0.799250 4.588066 5.047849
v -0.796996 4.587816 5.047962
v -0.795668 4.587451 5.048021
v -0.797850 4.586690 5.047096
v -0.798716 4.585347 5.047784
v -0.802428 4.584177 5.046533
v -0.796744 4.586542 5.047931
v -0.799193 4.585698 5.046704
v -0.806563 4.585319 5.045757
v -0.802893 4.586862 5.046591
v -0.806288 4.583588 5.045721
v -0.802523 4.585398 5.046135
v -0.799391 4.586834 5.046728
v -2.959792 3.956846 5.180176
v -2.963995 3.961618 5.176477
v -2.960993 3.958212 5.179927
v -2.962218 3.959599 5.179136
v -2.963271 3.960796 5.177923
v -3.813567 3.182450 5.176401
v -3.809348 3.177658 5.180104
v -3.812838 3.181625 5.177850
v -3.811785 3.180426 5.179062
v -3.810557 3.179032 5.179854
v -2.715979 3.679789 5.167606
v -2.719855 3.684197 5.171714
v -2.716574 3.680467 5.169145
v -2.717520 3.681542 5.170469
v -2.718672 3.682852 5.171368
v -3.569445 2.905050 5.171642
v -3.565566 2.900636 5.167533
v -3.568263 2.903703 5.171297
v -3.567107 2.902393 5.170397
v -3.566161 2.901315 5.169073
v -3.409991 3.590306 5.180938
v -3.414191 3.595077 5.177240
v -3.411196 3.591672 5.180688
v -3.412413 3.593060 5.179897
v -3.413466 3.594254 5.178686
v -3.170493 3.318155 5.172488
v -3.166625 3.313756 5.168381
v -3.169314 3.316814 5.172145
v -3.168162 3.315507 5.171242
v -3.167220 3.314434 5.169922
v -3.897383 2.480440 5.169481
v -3.893469 2.475987 5.165364
v -3.896189 2.479081 5.169134
v -3.895022 2.477756 5.168230
v -3.894068 2.476672 5.166907
v -4.141623 2.757973 5.174233
v -4.137362 2.753135 5.177945
v -4.140891 2.757144 5.175687
v -4.139826 2.755935 5.176903
v -4.138587 2.754527 5.177696
v -4.217764 1.927074 5.164961
v -4.214465 1.921388 5.160826
v -4.216803 1.925241 5.164610
v -4.215838 1.923518 5.163699
v -4.215018 1.922163 5.162372
v -4.410906 2.306764 5.170673
v -4.407259 2.300688 5.174394
v -4.410223 2.305837 5.172132
v -4.409289 2.304356 5.173351
v -4.408247 2.302550 5.174146
v -4.708979 0.912248 5.151071
v -4.707430 0.911732 5.151057
v -4.704482 0.930387 5.155320
v -4.708743 0.910371 5.151385
v -4.708769 0.916366 5.152673
v -4.708727 0.914100 5.152695
v -4.708506 0.912723 5.152688
v -4.707968 0.915607 5.153490
v -4.706347 0.915910 5.152637
v -4.705405 0.920922 5.154002
v -4.707591 0.913878 5.152678
v -4.707072 0.917309 5.153825
v -4.706336 0.926184 5.154971
v -4.707839 0.921257 5.154042
v -4.704749 0.926006 5.154946
v -4.706675 0.921397 5.154453
v -4.708102 0.917455 5.153839
v -4.641570 1.808359 5.169596
v -4.647162 1.810138 5.165806
v -4.643301 1.808574 5.169329
v -4.644969 1.808987 5.168514
v -4.646327 1.809535 5.167278
v -2.462626 4.272903 5.177808
v -2.468203 4.276884 5.174105
v -2.464354 4.273965 5.177561
v -2.466021 4.275096 5.176769
v -2.467371 4.276121 5.175556
v -2.080966 4.049859 5.164001
v -2.086302 4.053518 5.168122
v -2.081671 4.050479 5.165543
v -2.082934 4.051393 5.166867
v -2.084559 4.052459 5.167773
v -1.900019 4.569984 5.170207
v -1.898047 4.564239 5.173958
v -1.899459 4.569084 5.171668
v -1.898890 4.567676 5.172894
v -1.898394 4.565975 5.173698
v -0.821795 4.617639 5.153985
v -0.840518 4.613669 5.158198
v -0.821349 4.616122 5.153964
v -0.826037 4.617565 5.155577
v -0.831084 4.616782 5.156936
v -0.823725 4.617467 5.155583
v -0.827178 4.616952 5.156734
v -0.825297 4.616766 5.156381
v -0.836047 4.613822 5.157828
v -0.830836 4.614344 5.156893
v -0.836169 4.615415 5.157857
v -0.831259 4.615633 5.157343
v -0.827067 4.615921 5.156717
v -0.820231 4.616827 5.154169
v -0.825675 4.615152 5.155537
v -0.823546 4.616338 5.155564
v -0.822329 4.617219 5.155569
v -5.090643 2.900898 4.153358
v -5.086508 2.899662 4.151867
v -5.089232 2.901273 4.153805
v -5.087950 2.901173 4.153679
v -5.086993 2.900606 4.152999
v -5.085543 3.769756 3.395682
v -5.089686 3.771004 3.397189
v -5.086031 3.770706 3.396820
v -5.086989 3.771275 3.397506
v -5.088274 3.771380 3.397637
v -5.027216 2.605583 3.799054
v -5.030795 2.603473 3.796532
v -5.027319 2.604568 3.797839
v -5.028033 2.603813 3.796932
v -5.029253 2.603425 3.796476
v -5.029837 3.473594 3.040386
v -5.026263 3.475718 3.042922
v -5.028296 3.473550 3.040329
v -5.027079 3.473939 3.040791
v -5.026362 3.474699 3.041701
v -5.094534 3.360565 3.798784
v -5.090399 3.359330 3.797292
v -5.093123 3.360940 3.799229
v -5.091841 3.360837 3.799104
v -5.090888 3.360272 3.798424
v -5.034773 3.063569 3.442477
v -5.031195 3.065675 3.444990
v -5.033232 3.063522 3.442416
v -5.032012 3.063906 3.442875
v -5.031298 3.064662 3.443777
v -5.017706 3.813214 2.625218
v -5.014136 3.815372 2.627797
v -5.016165 3.813171 2.625165
v -5.014945 3.813567 2.625635
v -5.014231 3.814338 2.626559
v -5.073431 4.109477 2.980639
v -5.077597 4.110753 2.982179
v -5.073920 4.110439 2.981793
v -5.074889 4.111018 2.982491
v -5.076178 4.111129 2.982626
v -5.005545 4.150370 2.054658
v -5.001898 4.151982 2.058393
v -5.004000 4.150286 2.054692
v -5.002760 4.150563 2.055413
v -5.002024 4.151158 2.056714
v -5.053816 4.392076 2.536602
v -5.057929 4.392766 2.539224
v -5.054278 4.392817 2.538174
v -5.055220 4.393208 2.539226
v -5.056502 4.393190 2.539593
v -5.016306 4.676391 0.931999
v -5.012240 4.671048 0.946960
v -5.016322 4.674747 0.931569
v -5.014800 4.675715 0.935368
v -5.013495 4.674462 0.939393
v -5.016501 4.676337 0.930676
v -5.014914 4.675576 0.933071
v -5.013648 4.674603 0.935737
v -5.014021 4.674510 0.934110
v -5.012503 4.671126 0.943291
v -5.013369 4.671855 0.939078
v -5.012599 4.672825 0.943464
v -5.012999 4.673079 0.939170
v -5.013598 4.673500 0.935601
v -5.014708 4.673127 0.934961
v -5.014872 4.674364 0.932876
v -5.014975 4.675284 0.931716
v -5.031123 4.643256 2.050319
v -5.027834 4.640596 2.051776
v -5.029746 4.643537 2.051006
v -5.028639 4.643128 2.051523
v -5.027968 4.642098 2.051795
v -5.077971 2.397371 4.455862
v -5.073790 2.395031 4.454983
v -5.076556 2.397663 4.456359
v -5.075263 2.397323 4.456365
v -5.074294 2.396399 4.455882
v -5.007819 1.962880 4.152395
v -5.011355 1.959593 4.150439
v -5.007903 1.961417 4.151396
v -5.008605 1.960276 4.150673
v -5.009818 1.959636 4.150338
v -5.052916 1.823459 4.732242
v -5.056986 1.822398 4.734662
v -5.053370 1.823528 4.733733
v -5.054297 1.823349 4.734719
v -5.055571 1.822953 4.735044
v -4.957087 0.687936 4.687269
v -4.956858 0.687515 4.685445
v -4.953799 0.701834 4.682843
v -4.957182 0.686599 4.687118
v -4.955767 0.691110 4.686784
v -4.955702 0.688863 4.686473
v -4.955637 0.687541 4.686072
v -4.954813 0.689806 4.685439
v -4.955451 0.690657 4.684068
v -4.954379 0.694480 4.683090
v -4.957060 0.686372 4.686130
v -4.955554 0.688648 4.685200
v -4.954440 0.691201 4.684513
v -4.953986 0.698633 4.684387
v -4.954680 0.694867 4.685772
v -4.953799 0.698406 4.682659
v -4.954085 0.694569 4.684342
v -4.954566 0.691365 4.685650
v -5.190192 2.855188 4.098826
v -5.187174 2.859494 4.103979
v -5.190131 2.856366 4.100238
v -5.189539 2.857597 4.101712
v -5.188502 2.858696 4.103027
v -5.186213 3.729604 3.347816
v -5.189230 3.725282 3.342642
v -5.187537 3.728804 3.346862
v -5.188578 3.727702 3.345543
v -5.189173 3.726465 3.344061
v -5.138983 2.621042 3.817907
v -5.143683 2.624500 3.822068
v -5.140608 2.621511 3.818474
v -5.142073 2.622333 3.819463
v -5.143149 2.623383 3.820727
v -5.142729 3.494635 3.065932
v -5.138026 3.491165 3.061759
v -5.142195 3.493514 3.064586
v -5.141116 3.492460 3.063320
v -5.139651 3.491636 3.062327
v -5.194083 3.314856 3.744251
v -5.191069 3.319157 3.749402
v -5.194026 3.316033 3.745662
v -5.193434 3.317263 3.747136
v -5.192393 3.318361 3.748451
v -5.147658 3.084591 3.468004
v -5.142962 3.081139 3.463848
v -5.147131 3.083477 3.466665
v -5.146052 3.082428 3.465403
v -5.144587 3.081607 3.464415
v -5.130599 3.834291 2.650810
v -5.125887 3.830781 2.646589
v -5.130064 3.833154 2.649446
v -5.128981 3.832088 2.648164
v -5.127516 3.831256 2.647161
v -5.174086 4.069368 2.932823
v -5.177115 4.065003 2.927598
v -5.175421 4.068563 2.931862
v -5.176463 4.067451 2.930532
v -5.177058 4.066201 2.929033
v -5.118338 4.170747 2.081694
v -5.113722 4.167937 2.076028
v -5.117842 4.169879 2.079776
v -5.116789 4.169040 2.078026
v -5.115344 4.168359 2.076710
v -5.154360 4.351407 2.489896
v -5.157523 4.347756 2.483290
v -5.155715 4.350651 2.488826
v -5.156790 4.349693 2.487195
v -5.157423 4.348676 2.485250
v -5.124678 4.693730 0.953384
v -5.124495 4.692315 0.952939
v -5.128573 4.688382 0.973374
v -5.124835 4.693511 0.951510
v -5.126212 4.693278 0.957868
v -5.126204 4.693288 0.955477
v -5.126173 4.693111 0.954037
v -5.126967 4.692428 0.957173
v -5.126040 4.690922 0.957589
v -5.127360 4.689683 0.963106
v -5.126124 4.692185 0.955339
v -5.127264 4.691460 0.959077
v -5.128321 4.690385 0.968687
v -5.127493 4.692103 0.963242
v -5.128249 4.688792 0.968648
v -5.127860 4.690897 0.963508
v -5.127322 4.692482 0.959138
v -5.131701 4.596152 1.998791
v -5.127474 4.601932 2.001034
v -5.131205 4.597881 1.999074
v -5.130229 4.599587 1.999600
v -5.128920 4.601009 2.000288
v -5.177466 2.350276 4.402098
v -5.174483 2.355976 4.406494
v -5.177424 2.351988 4.403219
v -5.176844 2.353671 4.404447
v -5.175810 2.355070 4.405597
v -5.119536 1.977163 4.171810
v -5.124293 1.982100 4.175257
v -5.121169 1.977743 4.172324
v -5.122641 1.978886 4.173158
v -5.123740 1.980418 4.174188
v -5.153460 1.781020 4.685314
v -5.156603 1.778965 4.679243
v -5.154803 1.780390 4.684288
v -5.155871 1.779777 4.682773
v -5.156504 1.779280 4.681002
v -5.065203 0.705481 4.708338
v -5.070403 0.723989 4.704490
v -5.065035 0.705085 4.706816
v -5.067080 0.709607 4.708237
v -5.068724 0.714571 4.707470
v -5.066916 0.707302 4.708083
v -5.068263 0.710684 4.707561
v -5.067767 0.708835 4.707361
v -5.069731 0.719550 4.704569
v -5.068476 0.714396 4.705037
v -5.069891 0.719622 4.706155
v -5.069052 0.714754 4.706298
v -5.068160 0.710606 4.706532
v -5.065310 0.703607 4.707995
v -5.066824 0.709319 4.705828
v -5.066798 0.707161 4.706957
v -5.066782 0.705919 4.707804
v -0.983695 4.595226 5.217108
v -5.150744 0.912052 4.687142
v -3.473383 4.942042 3.804257
v -3.475184 4.945863 3.805995
v -3.474501 4.942319 3.805299
v -3.475237 4.943140 3.805995
v -3.475478 4.944385 3.806240
v -3.538580 4.954819 3.072300
v -3.536536 4.958821 3.070474
v -3.537444 4.955141 3.071251
v -3.536658 4.956013 3.070535
v -3.536337 4.957306 3.070262
v -3.877829 4.949327 3.386917
v -3.879622 4.953147 3.388648
v -3.878943 4.949603 3.387956
v -3.879675 4.950425 3.388650
v -3.879916 4.951671 3.388893
v -3.134158 4.947534 3.489660
v -3.132109 4.951538 3.487831
v -3.133021 4.947856 3.488609
v -3.132231 4.948730 3.487892
v -3.131911 4.950021 3.487619
v -2.703925 4.941376 3.842490
v -2.701853 4.945384 3.840639
v -2.702773 4.941697 3.841431
v -2.701979 4.942573 3.840707
v -2.701655 4.943867 3.840429
v -3.043536 4.935878 4.157447
v -3.045363 4.939706 4.159211
v -3.044665 4.936153 4.158500
v -3.045409 4.936978 4.159205
v -3.045657 4.938226 4.159455
v -2.601923 4.930915 4.441794
v -2.603903 4.934763 4.443526
v -2.603114 4.931192 4.442836
v -2.603907 4.932021 4.443533
v -2.604186 4.933274 4.443775
v -2.249514 4.936305 4.132888
v -2.247290 4.940318 4.131067
v -2.248309 4.936626 4.131840
v -2.247462 4.937501 4.131126
v -2.247103 4.938798 4.130854
v -1.390162 4.925060 4.772956
v -1.380965 4.929127 4.776901
v -1.386687 4.925348 4.774485
v -1.383719 4.926223 4.775772
v -1.381709 4.927549 4.776621
v -2.117022 4.926764 4.679625
v -2.122004 4.930660 4.679974
v -2.119364 4.927051 4.680141
v -2.121134 4.927894 4.680388
v -2.122061 4.929160 4.680330
v -1.456507 4.929560 4.514910
v -1.451285 4.933553 4.514466
v -1.454154 4.929873 4.514388
v -1.452334 4.930741 4.514121
v -1.451327 4.932034 4.514148
v -3.896151 4.963164 2.594183
v -3.894183 4.967171 2.592205
v -3.895045 4.963486 2.593075
v -3.894278 4.964362 2.592310
v -3.893977 4.965654 2.592004
v -4.228686 4.957371 2.926122
v -4.230395 4.961196 2.927993
v -4.229769 4.957645 2.927217
v -4.230475 4.958470 2.927957
v -4.230692 4.959717 2.928229
v -4.697455 4.981348 1.552486
v -4.701609 4.985652 1.543635
v -4.699091 4.981721 1.549119
v -4.700453 4.982672 1.546256
v -4.701338 4.984052 1.544330
v -4.384531 4.979488 1.659015
v -4.384272 4.983556 1.653625
v -4.384078 4.979833 1.656601
v -4.383868 4.980727 1.654731
v -4.383936 4.982036 1.653686
v -4.544806 4.966603 2.397205
v -4.544741 4.970393 2.402146
v -4.545214 4.966859 2.399477
v -4.545340 4.967669 2.401213
v -4.545176 4.968909 2.402150
v -3.437384 5.050456 3.772756
v -3.432784 5.054376 3.768555
v -3.436606 5.051940 3.772059
v -3.435462 5.053205 3.771016
v -3.434115 5.054061 3.769786
v -3.566809 5.062070 3.100359
v -3.571173 5.065968 3.104476
v -3.567496 5.063578 3.101023
v -3.568568 5.064846 3.102039
v -3.569857 5.065687 3.103252
v -3.841822 5.057744 3.355408
v -3.837229 5.061661 3.351215
v -3.841044 5.059226 3.354712
v -3.839900 5.060493 3.353671
v -3.838561 5.061347 3.352443
v -3.162383 5.054782 3.517716
v -3.166750 5.058682 3.521835
v -3.163069 5.056291 3.518380
v -3.164141 5.057561 3.519396
v -3.165434 5.058400 3.520609
v -2.732119 5.048623 3.870521
v -2.736514 5.052524 3.874666
v -2.732810 5.050131 3.871188
v -2.733889 5.051403 3.872210
v -2.735190 5.052243 3.873431
v -3.007571 5.044282 4.125977
v -3.002936 5.048211 4.121744
v -3.006789 5.045768 4.125277
v -3.005633 5.047038 4.124227
v -3.004279 5.047895 4.122986
v -2.566123 5.039304 4.410303
v -2.561289 5.043247 4.406108
v -2.565325 5.040795 4.409605
v -2.564124 5.042071 4.408562
v -2.562708 5.042932 4.407334
v -2.277556 5.043544 4.160945
v -2.282137 5.047454 4.165046
v -2.278262 5.045056 4.161608
v -2.279379 5.046330 4.162620
v -2.280741 5.047172 4.163828
v -1.377257 5.032575 4.775269
v -1.387831 5.036813 4.770453
v -1.378016 5.034170 4.774882
v -1.380293 5.035537 4.773831
v -1.383738 5.036466 4.772276
v -2.084242 5.035151 4.646767
v -2.075587 5.039088 4.644316
v -2.083151 5.036650 4.646199
v -2.081122 5.037926 4.645533
v -2.078467 5.038782 4.644872
v -1.481547 5.036773 4.544342
v -1.489928 5.040717 4.546693
v -1.482543 5.038287 4.544873
v -1.484484 5.039571 4.545506
v -1.487078 5.040423 4.546145
v -3.924452 5.070416 2.622089
v -3.928721 5.074312 2.626399
v -3.925135 5.071924 2.622768
v -3.926184 5.073194 2.623826
v -3.927443 5.074032 2.625100
v -4.192599 5.065776 2.894758
v -4.188109 5.069705 2.890382
v -4.191828 5.067264 2.894048
v -4.190703 5.068532 2.892966
v -4.189398 5.069390 2.891679
v -4.697901 5.089072 1.542005
v -4.692736 5.093062 1.552186
v -4.697463 5.090653 1.542758
v -4.696326 5.091968 1.544958
v -4.694666 5.092814 1.548269
v -4.414542 5.086797 1.683508
v -4.416678 5.090621 1.692065
v -4.415061 5.088300 1.684512
v -4.415648 5.089555 1.686490
v -4.416216 5.090371 1.689142
v -4.506957 5.074938 2.368922
v -4.504641 5.078949 2.360758
v -4.506350 5.076436 2.367923
v -4.505698 5.077724 2.366019
v -4.505095 5.078608 2.363504
v -4.718924 5.047013 0.990453
v -4.720587 5.047006 0.990961
v -4.720511 5.047029 0.989578
v -0.914168 4.980758 4.777745
v -0.914664 4.980728 4.779478
v -0.913271 4.980730 4.779356
v -2.576731 5.069099 5.227784
v -2.576609 5.064453 5.232219
v -2.575942 5.068722 5.229507
v -2.575644 5.067707 5.230955
v -2.575877 5.066207 5.231909
v -5.153731 2.497545 5.186592
v -5.149157 2.497472 5.191114
v -5.153388 2.496792 5.188315
v -5.152396 2.496511 5.189778
v -5.150912 2.496751 5.190761
v -2.579512 2.506420 5.180636
v -2.580176 2.507000 5.184127
v -2.579024 2.505915 5.181957
v -2.579386 2.506227 5.183846
v -5.161765 5.105296 2.667916
v -5.157195 5.109877 2.668011
v -5.161421 5.107068 2.667208
v -5.160429 5.108560 2.666976
v -5.158949 5.109546 2.667259
v -2.587531 5.115948 2.660253
v -2.588332 5.119388 2.660971
v -2.587058 5.117288 2.659791
v -2.587492 5.119147 2.660182
v -5.161856 2.547245 2.619115
v -5.165293 2.547871 2.619874
v -5.163188 2.546769 2.618633
v -5.165045 2.547108 2.619045
v -2.845900 5.072851 4.746842
v -2.843890 5.077033 4.751425
v -2.845908 5.074474 4.747215
v -2.845526 5.075840 4.748218
v -2.844817 5.076738 4.749696
v -4.680556 5.103750 2.920964
v -4.675959 5.099433 2.923323
v -4.678797 5.103404 2.921892
v -4.677306 5.102462 2.922667
v -4.676310 5.101066 2.923167
v -2.851786 5.112149 2.909848
v -2.853804 5.107837 2.912161
v -2.852717 5.111799 2.910758
v -2.853426 5.110857 2.911517
v -2.853808 5.109466 2.912009
v -5.147971 2.750723 4.720285
v -5.152243 2.748285 4.724797
v -5.149600 2.750537 4.720634
v -5.150988 2.750009 4.721613
v -5.151915 2.749218 4.723076
v -5.155901 4.623076 2.910894
v -5.160178 4.627715 2.908575
v -5.157534 4.623429 2.910723
v -5.158919 4.624436 2.910223
v -5.159850 4.625940 2.909468
v -5.160223 2.783525 2.874435
v -5.155909 2.785856 2.876934
v -5.159880 2.784416 2.875397
v -5.158938 2.785173 2.876209
v -5.157546 2.785678 2.876750
v -2.825850 4.592229 5.223724
v -2.828246 4.587446 5.219387
v -2.826769 4.590466 5.223369
v -2.827551 4.588937 5.222420
v -2.828070 4.587876 5.221021
v -4.675932 2.741500 5.193933
v -4.671366 2.743942 5.189699
v -4.674178 2.742412 5.193618
v -4.672694 2.743196 5.192703
v -4.671706 2.743732 5.191327
v -2.825842 2.748383 5.188867
v -2.828246 2.750529 5.184654
v -2.826766 2.749274 5.188560
v -2.827548 2.749994 5.187652
v -2.828066 2.750435 5.186280
v -2.836035 4.973502 4.740712
v -2.834403 4.977681 4.745039
v -2.835249 4.973797 4.742344
v -2.834666 4.974694 4.743738
v -2.834368 4.976058 4.744685
v -4.675959 5.012456 2.921664
v -4.671690 5.008157 2.923687
v -4.675635 5.010822 2.921793
v -4.674708 5.009432 2.922224
v -4.673323 5.008494 2.922888
v -2.842299 5.012639 2.910358
v -2.844786 5.008336 2.913306
v -2.842333 5.011010 2.910559
v -2.842814 5.009620 2.911190
v -2.843676 5.008682 2.912154
v -5.056735 2.752935 4.715672
v -5.060977 2.750730 4.719910
v -5.057051 2.752092 4.717287
v -5.057971 2.751377 4.718662
v -5.059348 2.750898 4.719582
v -5.064642 4.618782 2.912560
v -5.068911 4.623082 2.910521
v -5.064970 4.620427 2.911772
v -5.065894 4.621823 2.911108
v -5.067278 4.622754 2.910668
v -5.068919 2.785861 2.876559
v -5.064646 2.788813 2.879615
v -5.067290 2.786086 2.876786
v -5.065905 2.786726 2.877445
v -5.064974 2.787684 2.878440
v -2.827956 4.582799 5.128456
v -2.830077 4.578323 5.124140
v -2.828112 4.582394 5.126824
v -2.828570 4.581399 5.125428
v -2.829260 4.579969 5.124487
v -4.671786 2.745395 5.105645
v -4.667548 2.747592 5.101403
v -4.671473 2.745586 5.104017
v -4.670554 2.746069 5.102638
v -4.669177 2.746774 5.101722
v -2.827952 2.745851 5.096658
v -2.830958 2.748632 5.092466
v -2.828177 2.745994 5.095033
v -2.828825 2.746573 5.093665
v -2.829802 2.747499 5.092765
v -4.663794 5.020982 4.757149
v -4.668074 5.021054 4.752915
v -4.665427 5.020985 4.756834
v -4.666815 5.020999 4.755919
v -4.667742 5.021023 4.754543
v -4.680838 5.090864 1.090816
v -4.683844 5.090835 1.092072
v -4.681994 5.090878 1.089991
v -4.683619 5.090861 1.090672
v -5.104483 0.917766 4.686216
v -5.104495 0.916571 4.683176
v -5.104483 0.916368 4.685960
v -5.104491 0.915723 4.684314
v -5.120329 4.658129 1.071616
v -5.120337 4.655147 1.070317
v -5.120337 4.657927 1.070210
v -5.120337 4.656314 1.069509
v -4.671576 4.577339 5.180863
v -4.667315 4.581607 5.180924
v -4.671252 4.578969 5.180891
v -4.670329 4.580354 5.180912
v -4.668948 4.581279 5.180924
v -0.987650 4.585624 5.166862
v -0.988886 4.588637 5.166921
v -0.986815 4.586780 5.166879
v -0.987483 4.588411 5.166912
v -1.016608 5.029547 4.734733
v -1.015303 5.029608 4.731668
v -1.015170 5.029555 4.734492
v -1.014418 5.029571 4.733824
v -5.104483 4.588029 4.749798
v -5.104464 4.583691 4.753978
v -5.104475 4.587676 4.751423
v -5.104468 4.586725 4.752786
v -5.104464 4.585326 4.753685
v -4.668559 0.910747 5.114450
v -4.671576 0.911997 5.114484
v -4.669714 0.909921 5.114438
v -4.671343 0.910597 5.114456
v -3.656027 3.430767 5.070330
v -3.657591 3.432544 5.074235
v -3.657031 3.431905 5.070659
v -3.657679 3.432643 5.071517
v -3.657877 3.432868 5.072773
v -2.922591 3.476894 5.059603
v -2.920687 3.474733 5.063506
v -2.921561 3.475725 5.059870
v -2.920836 3.474904 5.060704
v -2.920531 3.474555 5.061981
v -3.228194 3.824158 5.070386
v -3.229746 3.825930 5.074289
v -3.229193 3.825296 5.070713
v -3.229838 3.826030 5.071570
v -3.230036 3.826252 5.072826
v -3.350447 3.083521 5.059551
v -3.348540 3.081359 5.063456
v -3.349413 3.082351 5.059819
v -3.348692 3.081530 5.060653
v -3.348383 3.081182 5.061930
v -3.714472 2.662673 5.058022
v -3.712542 2.660486 5.061930
v -3.713431 2.661494 5.058288
v -3.712698 2.660663 5.059125
v -3.712386 2.660308 5.060404
v -4.020400 3.010314 5.068815
v -4.021986 3.012120 5.072728
v -4.021414 3.011465 5.069144
v -4.022074 3.012213 5.070005
v -4.022273 3.012443 5.071264
v -4.316264 2.576311 5.065988
v -4.317816 2.578269 5.069923
v -4.317263 2.577524 5.066319
v -4.317912 2.578320 5.067184
v -4.318106 2.578584 5.068448
v -4.016715 2.216042 5.055076
v -4.014822 2.213701 5.058987
v -4.015692 2.214804 5.055342
v -4.014971 2.213922 5.056176
v -4.014666 2.213537 5.057459
v -4.679167 1.373760 5.050907
v -4.683215 1.364592 5.054949
v -4.680777 1.370322 5.051189
v -4.682112 1.367371 5.052056
v -4.682967 1.365361 5.053376
v -4.566760 2.097833 5.061683
v -4.566851 2.102755 5.065674
v -4.567206 2.100182 5.062029
v -4.567378 2.101943 5.062907
v -4.567252 2.102846 5.064186
v -4.419459 1.433359 5.047851
v -4.419020 1.428058 5.051739
v -4.418990 1.430989 5.048106
v -4.418742 1.429148 5.048935
v -4.418753 1.428119 5.050210
v -2.435229 3.821854 5.057891
v -2.433169 3.819761 5.061794
v -2.434138 3.820710 5.058157
v -2.433367 3.819911 5.058991
v -2.433024 3.819578 5.060269
v -2.758322 4.162860 5.068836
v -2.760020 4.164547 5.072750
v -2.759379 4.163965 5.069165
v -2.760069 4.164674 5.070025
v -2.760298 4.164878 5.071284
v -1.372801 4.595670 5.054526
v -1.363707 4.599517 5.058601
v -1.369383 4.597209 5.054815
v -1.366454 4.598482 5.055691
v -1.364462 4.599292 5.057019
v -1.487521 4.285669 5.050990
v -1.482008 4.285200 5.054870
v -1.485110 4.285146 5.051247
v -1.483214 4.284873 5.052074
v -1.482127 4.284892 5.053347
v -2.221266 4.465068 5.065604
v -2.226080 4.465060 5.069556
v -2.223517 4.465528 5.065943
v -2.225218 4.465688 5.066812
v -2.226119 4.465522 5.068081
v -3.621909 3.392060 5.177005
v -3.617701 3.387284 5.180702
v -3.621184 3.391237 5.178450
v -3.620131 3.390041 5.179662
v -3.618906 3.388652 5.180453
v -2.946326 3.503932 5.168195
v -2.950198 3.508331 5.172302
v -2.946921 3.504610 5.169736
v -2.947867 3.505683 5.171057
v -2.949015 3.506990 5.171959
v -3.194064 3.785443 5.177058
v -3.189864 3.780674 5.180756
v -3.193339 3.784623 5.178506
v -3.192286 3.783426 5.179715
v -3.191069 3.782041 5.180506
v -3.374178 3.110559 5.168142
v -3.378050 3.114960 5.172250
v -3.374774 3.111236 5.169683
v -3.375720 3.112312 5.171005
v -3.376872 3.113618 5.171906
v -3.738181 2.689685 5.166609
v -3.742075 2.694113 5.170719
v -3.738776 2.690363 5.168151
v -3.739729 2.691445 5.169473
v -3.740885 2.692761 5.170377
v -3.986311 2.971645 5.175482
v -3.982077 2.966833 5.179188
v -3.985583 2.970818 5.176930
v -3.984522 2.969613 5.178144
v -3.983290 2.968214 5.178935
v -4.282149 2.537806 5.172642
v -4.277953 2.532800 5.176360
v -4.281424 2.536963 5.174095
v -4.280371 2.535716 5.175316
v -4.279150 2.534253 5.176110
v -4.040457 2.242895 5.163653
v -4.044302 2.247513 5.167773
v -4.041052 2.243592 5.165198
v -4.041991 2.244714 5.166524
v -4.043135 2.246089 5.167427
v -4.678252 1.359020 5.158205
v -4.673026 1.369387 5.162459
v -4.677794 1.359740 5.159800
v -4.676638 1.361965 5.161170
v -4.674963 1.365352 5.162103
v -4.531203 2.062312 5.168340
v -4.528849 2.053529 5.172047
v -4.530615 2.061180 5.169802
v -4.529959 2.059112 5.171021
v -4.529341 2.056426 5.171808
v -4.444655 1.457250 5.156392
v -4.446650 1.465615 5.160557
v -4.445109 1.458230 5.157944
v -4.445647 1.460165 5.159279
v -4.446188 1.462758 5.160196
v -2.458811 3.848963 5.166476
v -2.462874 3.853273 5.170586
v -2.459418 3.849635 5.168019
v -2.460406 3.850689 5.169340
v -2.461619 3.851966 5.170243
v -2.724341 4.124071 5.175503
v -2.719958 4.119401 5.179208
v -2.723605 4.123256 5.176952
v -2.722510 4.122080 5.178165
v -2.721232 4.120727 5.178957
v -1.358748 4.593946 5.161830
v -1.368922 4.588971 5.166072
v -1.359461 4.593498 5.163429
v -1.361643 4.592393 5.164796
v -1.364966 4.590806 5.165725
v -1.507647 4.314399 5.159548
v -1.516013 4.316685 5.163695
v -1.508585 4.314916 5.161092
v -1.510504 4.315532 5.162423
v -1.513113 4.316153 5.163336
v -2.190413 4.424598 5.172276
v -2.182185 4.422002 5.175971
v -2.189379 4.423938 5.173730
v -2.187453 4.423213 5.174942
v -2.184927 4.422534 5.175729
v -0.808531 4.601522 5.101625
v -0.808993 4.603197 5.101662
v -0.807616 4.603084 5.101638
v -4.694613 0.897135 5.098728
v -4.696333 0.897676 5.098766
v -4.696249 0.896281 5.098739
v -5.088976 3.572443 3.599954
v -5.093112 3.573682 3.601453
v -5.089461 3.573387 3.601088
v -5.090418 3.573955 3.601773
v -5.091700 3.574057 3.601898
v -5.030318 2.840414 3.629259
v -5.033896 2.838307 3.626745
v -5.030417 2.839402 3.628048
v -5.031134 2.838647 3.627144
v -5.032355 2.838262 3.626684
v -5.089556 3.134235 3.981758
v -5.093688 3.135467 3.983248
v -5.090041 3.135176 3.982888
v -5.090998 3.135740 3.983568
v -5.092276 3.135843 3.983694
v -5.029742 3.278644 3.247483
v -5.033320 3.276533 3.244961
v -5.029841 3.277629 3.246267
v -5.030558 3.276873 3.245361
v -5.031779 3.276488 3.244901
v -5.021075 3.654130 2.836917
v -5.024649 3.651992 2.834363
v -5.021170 3.653106 2.835690
v -5.021887 3.652339 2.834773
v -5.023108 3.651949 2.834306
v -5.080374 3.948262 3.189786
v -5.084528 3.949522 3.191308
v -5.080863 3.949214 3.190932
v -5.081824 3.949790 3.191623
v -5.083109 3.949896 3.191755
v -5.064612 4.256249 2.764562
v -5.068785 4.257457 2.766249
v -5.065104 4.257186 2.765774
v -5.066065 4.257745 2.766521
v -5.067358 4.257839 2.766687
v -5.006243 3.968915 2.396080
v -5.009821 3.966815 2.393342
v -5.006342 3.967906 2.394783
v -5.007056 3.967152 2.393806
v -5.008280 3.966768 2.393301
v -5.019911 4.655816 1.499184
v -5.023863 4.659877 1.488978
v -5.020190 4.657512 1.495447
v -5.021040 4.658879 1.492195
v -5.022330 4.659711 1.489923
v -5.041106 4.520492 2.293843
v -5.045077 4.520053 2.298666
v -5.041506 4.520804 2.296261
v -5.042403 4.520829 2.298027
v -5.043654 4.520566 2.298872
v -5.004881 4.395316 1.549082
v -5.008685 4.394814 1.542919
v -5.005064 4.394917 1.546472
v -5.005854 4.394683 1.544384
v -5.007124 4.394647 1.543137
v -5.021182 2.344385 3.961516
v -5.024752 2.342123 3.959069
v -5.021281 2.343313 3.960327
v -5.021994 2.342509 3.959447
v -5.023215 2.342090 3.959005
v -5.081328 2.655823 4.308185
v -5.085471 2.657199 4.309593
v -5.081816 2.656821 4.309285
v -5.082774 2.657431 4.309941
v -5.084059 2.657566 4.310048
v -5.003336 1.262400 4.707532
v -5.007048 1.252939 4.710823
v -5.003504 1.258924 4.708963
v -5.004267 1.255906 4.710089
v -5.005515 1.253806 4.710744
v -4.983763 1.386147 4.401631
v -4.987196 1.380394 4.400720
v -4.983805 1.383739 4.401031
v -4.984473 1.381801 4.400648
v -4.985663 1.380627 4.400540
v -5.063860 2.111596 4.596771
v -5.068129 2.116126 4.596564
v -5.064391 2.113801 4.597256
v -5.065390 2.115438 4.597387
v -5.066702 2.116255 4.597142
v -5.189642 3.532278 3.552075
v -5.192660 3.527969 3.546914
v -5.190970 3.531480 3.551121
v -5.192008 3.530382 3.549804
v -5.192603 3.529148 3.548330
v -5.142085 2.855876 3.648116
v -5.146780 2.859332 3.652272
v -5.143710 2.856346 3.648683
v -5.145175 2.857168 3.649674
v -5.146254 2.858217 3.650934
v -5.190226 3.094060 3.933868
v -5.193240 3.089760 3.928717
v -5.191550 3.093264 3.932914
v -5.192587 3.092166 3.931604
v -5.193182 3.090936 3.930127
v -5.141509 3.294102 3.266334
v -5.146208 3.297562 3.270494
v -5.143134 3.294571 3.266901
v -5.144598 3.295393 3.267890
v -5.145678 3.296443 3.269151
v -5.132830 3.669563 2.855735
v -5.137537 3.673048 2.859928
v -5.134459 3.670033 2.856304
v -5.135924 3.670863 2.857301
v -5.137007 3.671920 2.858574
v -5.181036 3.908126 3.141943
v -5.184058 3.903783 3.136745
v -5.182364 3.907322 3.140985
v -5.183405 3.906215 3.139660
v -5.184000 3.904974 3.138171
v -5.165247 4.216084 2.716907
v -5.168299 4.211797 2.711485
v -5.166586 4.215282 2.715927
v -5.167639 4.214186 2.714554
v -5.168238 4.212962 2.712995
v -5.118002 3.984383 2.414713
v -5.122706 3.987812 2.419129
v -5.119627 3.984849 2.415300
v -5.121096 3.985667 2.416345
v -5.122176 3.986705 2.417690
v -5.125872 4.648034 1.475065
v -5.129996 4.642273 1.485802
v -5.127425 4.647452 1.475713
v -5.128756 4.646152 1.477981
v -5.129656 4.644334 1.481524
v -5.141470 4.478709 2.249358
v -5.144850 4.476445 2.240022
v -5.142848 4.478058 2.248077
v -5.143969 4.477399 2.245853
v -5.144675 4.476831 2.243024
v -5.116862 4.412385 1.564289
v -5.121283 4.413797 1.572988
v -5.118468 4.412701 1.565202
v -5.119872 4.413077 1.567175
v -5.120863 4.413464 1.569910
v -5.132937 2.359693 3.980439
v -5.137648 2.363343 3.984505
v -5.134566 2.360178 3.981001
v -5.136031 2.361040 3.981970
v -5.137114 2.362152 3.983199
v -5.181998 2.615798 4.260220
v -5.185011 2.611309 4.255164
v -5.183325 2.614986 4.259274
v -5.184363 2.613848 4.257981
v -5.184954 2.612558 4.256538
v -5.108923 1.241112 4.696928
v -5.113474 1.251116 4.691877
v -5.110529 1.241724 4.696372
v -5.111956 1.243844 4.695216
v -5.112990 1.247139 4.693639
v -5.095374 1.397963 4.422091
v -5.100264 1.405962 4.424239
v -5.097018 1.398777 4.422506
v -5.098525 1.400585 4.423058
v -5.099661 1.403107 4.423669
v -5.164626 2.074737 4.547206
v -5.167521 2.066357 4.544125
v -5.165946 2.073627 4.546408
v -5.166960 2.071647 4.545543
v -5.167513 2.069093 4.544741
v -5.010947 0.696299 4.696132
v -5.011145 0.696711 4.697808
v -5.011015 0.695339 4.697665
v -5.070410 4.683533 0.942254
v -5.070494 4.685063 0.942694
v -5.070475 4.685025 0.941333
v -4.672675 0.904675 5.157978
v -1.022677 5.084130 4.736720
v -4.684874 5.137323 1.086960
v -5.166724 4.659253 1.065832
vn -0.0814 -0.9960 0.0370
vn -0.0000 -0.9998 -0.0175
vn -0.0775 -0.9961 0.0414
vn -0.7096 0.3432 0.6153
vn -0.6435 0.4331 0.6312
vn -0.6799 0.4336 0.5913
vn 0.0675 -0.9943 -0.0829
vn 0.6096 0.2852 -0.7396
vn 0.5494 0.3769 -0.7457
vn 0.5676 0.2837 -0.7729
vn -0.0573 -0.9964 0.0617
vn -0.0613 -0.9964 0.0586
vn -0.7448 0.3415 0.5733
vn -0.7135 0.4329 0.5509
vn 0.7702 0.2826 -0.5718
vn 0.7884 0.3728 -0.4893
vn 0.7441 0.3777 -0.5510
vn 0.6906 0.2859 -0.6643
vn 0.6278 0.3806 -0.6790
vn 0.6492 0.2866 -0.7045
vn -0.0657 -0.9964 0.0544
vn -0.0694 -0.9964 0.0497
vn 0.0643 -0.9941 -0.0874
vn 0.5030 0.3731 -0.7796
vn 0.5192 0.2789 -0.8079
vn -0.4615 0.3235 0.8261
vn -0.4880 0.4196 0.7654
vn -0.5088 0.3291 0.7955
vn -0.5538 0.3330 0.7631
vn -0.5695 0.4287 0.7013
vn -0.5943 0.3380 0.7298
vn 0.4510 0.3676 -0.8133
vn 0.4649 0.2752 -0.8415
vn 0.4095 0.3624 -0.8372
vn 0.4217 0.2705 -0.8654
vn -0.3840 0.3145 0.8681
vn -0.4001 0.4057 0.8218
vn -0.4167 0.3171 0.8520
vn -0.0531 -0.9964 0.0659
vn 0.3900 0.3597 -0.8477
vn 0.4014 0.2698 -0.8753
vn 0.6257 0.3834 -0.6794
vn 0.5195 0.1034 -0.8482
vn -0.1741 0.2549 0.9512
vn -0.3693 0.4000 0.8388
vn -0.0441 -0.9962 0.0747
vn -0.0484 -0.9963 0.0705
vn -0.7768 0.3406 0.5297
vn -0.7448 0.4311 0.5094
vn -0.8036 0.3409 0.4879
vn -0.7720 0.4283 0.4697
vn 0.8528 0.2730 -0.4452
vn 0.8419 0.3625 -0.3997
vn 0.8251 0.3664 -0.4301
vn 0.0720 -0.9943 -0.0791
vn -0.8222 0.3368 0.4588
vn -0.7898 0.4258 0.4415
vn -0.9261 0.2966 0.2330
vn -0.8900 0.3910 0.2344
vn 0.8688 0.2723 -0.4135
vn 0.6781 0.3836 -0.6269
vn 0.0792 -0.9945 -0.0681
vn -0.6153 0.5053 0.6051
vn -0.6498 0.5064 0.5668
vn -0.0000 0.9998 0.0175
vn -0.0484 0.9953 0.0841
vn 0.5895 0.3793 -0.7132
vn 0.5283 0.4567 -0.7157
vn 0.0450 0.9976 -0.0522
vn 0.0413 0.9976 -0.0562
vn -0.6824 0.5050 0.5285
vn -0.7129 0.5021 0.4895
vn 0.6673 0.3809 -0.6400
vn 0.6785 0.4595 -0.5731
vn 0.6415 0.4603 -0.6137
vn 0.6031 0.4608 -0.6511
vn 0.7058 0.3800 -0.5979
vn 0.7156 0.4570 -0.5282
vn -0.6062 0.4314 0.6681
vn -0.5307 0.4249 0.7334
vn -0.5453 0.5000 0.6728
vn -0.5081 0.4969 0.7035
vn 0.4342 0.4469 -0.7821
vn 0.0490 0.9976 -0.0491
vn -0.4430 0.4130 0.7957
vn -0.4675 0.4920 0.7344
vn -0.4249 0.4854 0.7641
vn 0.3763 0.4362 -0.8174
vn 0.0001 0.9998 0.0174
vn 0.0384 0.9975 -0.0601
vn -0.3845 0.4778 0.7899
vn -0.1776 0.3509 0.9194
vn -0.3555 0.4710 0.8073
vn 0.5727 0.5394 -0.6173
vn -0.0648 0.9957 0.0665
vn 0.7580 0.4541 -0.4682
vn 0.7955 0.4442 -0.4122
vn -0.7390 0.4997 0.4518
vn -0.7572 0.4955 0.4256
vn -0.0722 0.9956 0.0598
vn -0.0682 0.9957 0.0630
vn 0.8123 0.4395 -0.3834
vn 0.6128 0.5471 -0.5703
vn -0.8538 0.4632 0.2378
vn 0.7301 0.2857 -0.6208
vn -0.9976 -0.0656 0.0201
vn -0.9979 0.0367 0.0535
vn -0.9880 0.1368 0.0721
vn 0.0620 0.9974 -0.0358
vn 0.0651 0.9974 -0.0316
vn 0.5669 0.4586 -0.6843
vn 0.0586 0.9975 -0.0393
vn 0.0857 -0.9943 -0.0638
vn -0.0738 -0.9962 0.0458
vn 0.0740 0.9970 -0.0227
vn 0.0103 -0.0857 0.9963
vn 0.0472 -0.2573 0.9652
vn -0.0236 0.0167 0.9996
vn -0.0023 -0.1133 0.9936
vn -0.0423 0.1173 0.9922
vn -0.0448 0.9951 0.0877
vn -0.6328 0.3404 0.6955
vn -0.0617 0.9956 0.0703
vn -0.5798 0.5035 0.6406
vn -0.0956 -0.9953 -0.0169
vn 0.0904 -0.9940 -0.0615
vn -0.1067 -0.9942 0.0122
vn -0.0897 -0.9955 0.0311
vn -0.0902 0.9949 0.0444
vn -0.0754 0.9955 0.0581
vn 0.0783 0.9967 -0.0209
vn -0.0947 0.9952 0.0242
vn -0.0001 -0.9998 -0.0174
vn -0.0418 -0.9960 0.0787
vn 0.0564 -0.9940 -0.0940
vn 0.4839 0.4527 -0.7489
vn -0.0353 0.9945 0.0988
vn 0.0605 -0.9940 -0.0909
vn 0.0521 -0.9938 -0.0979
vn 0.0558 0.9975 -0.0433
vn 0.8154 0.2786 -0.5074
vn -0.0066 0.1217 -0.9925
vn 0.0918 0.0190 -0.9956
vn 0.0643 0.1486 -0.9868
vn 0.0692 0.9972 -0.0267
vn -0.0251 -0.9954 0.0923
vn 0.0426 -0.9930 -0.1100
vn 0.0025 -0.9969 0.0785
vn 0.0372 0.9973 -0.0630
vn -0.0041 0.9938 0.1112
vn 0.0327 0.9989 0.0329
vn -0.0228 0.9937 0.1100
vn -0.9630 -0.2688 -0.0209
vn -0.8915 -0.4439 -0.0907
vn -0.0862 -0.9957 0.0333
vn -0.9925 -0.1197 0.0267
vn -0.0373 0.9948 0.0952
vn -0.6719 0.3418 0.6571
vn 0.0521 0.9976 -0.0459
vn -0.0407 0.9950 0.0910
vn 0.0473 -0.9937 -0.1019
vn 0.3947 0.4401 -0.8065
vn -0.1826 0.4268 0.8857
vn -0.0514 0.9954 0.0803
vn -0.0551 0.9955 0.0776
vn -0.0583 0.9956 0.0740
vn 0.0755 -0.9944 -0.0742
vn 0.0441 -0.9933 -0.1068
vn -0.0067 -0.0240 0.9997
vn 0.0018 -0.0178 0.9998
vn 0.0024 -0.0188 0.9998
vn 0.9963 0.0517 0.0686
vn 1.0000 0.0001 -0.0050
vn 0.9950 -0.0019 0.0999
vn 0.9966 0.0823 -0.0038
vn 0.9957 -0.0016 0.0928
vn 0.1017 -0.1141 0.9883
vn 0.0049 -0.0173 0.9998
vn 0.0049 -0.1135 0.9935
vn -0.9999 -0.0040 0.0155
vn -0.9999 0.0081 0.0124
vn -0.9899 0.0970 0.1032
vn -0.0622 0.1350 -0.9889
vn -0.0062 0.0182 -0.9998
vn -0.0000 -0.9998 -0.0191
vn -0.1584 -0.9837 0.0853
vn -0.0982 -0.9950 -0.0185
vn -0.0648 0.0527 0.9965
vn -0.0698 -0.0435 0.9966
vn 0.0022 0.9995 0.0312
vn -0.0068 0.9997 0.0219
vn -0.0030 0.9997 0.0226
vn -0.0995 0.0630 -0.9930
vn -0.0043 0.0185 -0.9998
vn -0.0043 0.0997 -0.9950
vn 0.0975 0.9951 0.0185
vn -0.0697 0.9936 0.0892
vn 0.0309 0.9952 0.0930
vn -0.1008 -0.0789 -0.9918
vn -0.1022 0.0184 -0.9946
vn -0.0037 0.9998 0.0200
vn 0.0733 0.9956 -0.0577
vn -1.0000 0.0061 0.0045
vn -0.9950 -0.0703 -0.0704
vn -0.9881 -0.1414 0.0609
vn -1.0000 0.0021 0.0069
vn -0.7402 -0.0858 0.6669
vn -0.7022 -0.0968 0.7054
vn -0.8187 -0.1744 0.5470
vn 0.9883 0.1337 -0.0730
vn 1.0000 0.0001 -0.0043
vn 0.9945 0.1045 -0.0023
vn 0.0031 -0.0191 0.9998
vn -0.0939 -0.0186 0.9954
vn 0.0038 -0.0189 0.9998
vn 0.0843 -0.1004 0.9914
vn 0.1587 0.0400 0.9865
vn 0.0216 0.9998 -0.0025
vn -0.0042 0.9998 0.0190
vn -0.0050 0.9959 -0.0899
vn -0.7026 -0.1029 0.7041
vn -0.6448 -0.0370 0.7635
vn 0.6031 -0.5065 -0.6162
vn 0.5155 -0.5956 -0.6161
vn 0.4613 -0.4495 -0.7650
vn -1.0000 0.0002 0.0026
vn -0.9954 -0.0007 0.0963
vn -0.9902 0.0949 0.1022
vn 0.0028 -0.0195 0.9998
vn 0.0031 -0.1098 0.9940
vn 0.0027 0.9998 0.0192
vn 0.0907 0.9957 0.0187
vn -0.0035 0.9931 0.1175
vn 0.1497 0.9855 0.0799
vn 0.0024 0.0772 0.9970
vn -0.1053 -0.9943 -0.0185
vn -0.0004 -0.9932 -0.1164
vn -0.1308 -0.9874 -0.0897
vn -0.0759 0.6928 0.7172
vn 0.0028 0.7509 0.6604
vn 0.0031 0.6949 0.7191
vn 0.0028 -0.0182 0.9998
vn -0.0542 -0.1749 0.9831
vn -0.0996 0.6536 0.7502
vn 0.0033 0.6341 0.7732
vn -0.0971 -0.9949 0.0256
vn -0.0013 0.9998 0.0181
vn -0.0960 0.9952 0.0198
vn -0.0975 0.9885 0.1156
vn -0.9998 0.0184 -0.0006
vn -1.0000 0.0008 -0.0029
vn -0.9956 0.0019 -0.0940
vn 0.0235 -0.0406 0.9989
vn -0.0616 0.9905 -0.1232
vn -0.0859 -0.0005 -0.9963
vn -0.0061 0.1162 -0.9932
vn 0.9954 -0.0960 -0.0065
vn 0.9895 -0.0745 0.1240
vn -0.7063 0.7071 -0.0355
vn -0.7587 0.6476 -0.0703
vn -0.7057 0.7074 -0.0394
vn 0.6029 -0.5957 -0.5306
vn 0.7490 -0.4595 -0.4773
vn -0.6685 0.7407 -0.0667
vn -0.6475 0.7621 0.0017
vn 0.0037 -0.9896 0.1435
vn 0.1003 -0.9949 -0.0087
vn 0.0023 -0.9991 0.0428
vn -0.9953 0.0969 0.0063
vn -1.0000 -0.0011 0.0043
vn -0.1347 -0.0528 -0.9895
vn -0.1085 0.0179 -0.9939
vn -0.9873 0.0621 -0.1460
vn 0.4669 -0.7405 -0.4833
vn 0.5754 -0.5673 -0.5892
vn -0.0936 0.0770 0.9926
vn 0.9909 -0.0999 0.0907
vn -0.7051 0.7066 0.0606
vn -0.5379 0.8291 0.1528
vn -0.7704 0.6310 0.0909
vn 0.9901 0.0997 -0.0992
vn 0.9952 0.0975 -0.0024
vn -0.7038 0.0048 0.7104
vn -0.7909 0.0093 0.6119
vn -0.6188 0.1278 0.7751
vn -0.1087 0.6908 0.7149
vn -0.0982 -0.9884 -0.1158
vn -0.1559 0.6076 0.7788
vn -0.0167 0.9997 0.0198
vn -0.0962 0.9891 0.1117
vn 0.9964 0.0697 0.0488
vn 0.9970 -0.0015 0.0768
vn 0.9818 0.1598 0.1025
vn 0.0904 0.1152 -0.9892
vn -0.9995 -0.0239 -0.0183
vn -0.9910 -0.0942 -0.0947
vn -1.0000 -0.0001 0.0043
vn -0.9956 0.0017 -0.0941
vn -0.9946 0.0704 0.0768
vn -0.9970 0.0714 -0.0288
vn 0.0952 -0.0188 0.9953
vn 0.0078 -0.0056 1.0000
vn 0.1028 -0.0172 0.9945
vn 0.0362 0.0570 0.9977
vn 0.0980 -0.9920 0.0795
vn 0.0013 -0.9891 0.1469
vn -0.0006 0.9968 -0.0794
vn -0.0799 0.9967 -0.0133
vn 0.0963 0.9922 -0.0786
vn -0.0000 0.9998 0.0191
vn -0.9959 -0.0903 0.0026
vn -0.9953 -0.0963 0.0024
vn -0.9964 -0.0321 0.0782
vn -0.2115 0.0671 -0.9751
vn -0.0907 0.0746 0.9931
vn -0.0388 -0.9806 0.1919
vn -0.0781 -0.9906 0.1120
vn -0.0959 -0.9614 0.2579
vn -0.0679 0.0999 -0.9927
vn -0.0157 0.0172 -0.9997
vn -0.0721 0.0959 -0.9928
vn -0.5848 0.7191 0.3754
vn -0.5993 0.6517 0.4648
vn -0.5586 0.6871 0.4646
vn 0.0482 -0.0523 -0.9975
vn 0.7326 -0.6335 0.2490
vn 0.7431 -0.5750 0.3424
vn 0.7666 -0.5923 0.2481
vn -0.0929 0.0763 -0.9927
vn -0.0891 0.0804 -0.9928
vn -0.5415 0.7528 0.3742
vn -0.5173 0.7197 0.4631
vn 0.5604 -0.7892 0.2513
vn 0.4805 -0.8072 0.3429
vn 0.5435 -0.7646 0.3464
vn 0.6549 -0.7122 0.2527
vn 0.6745 -0.6517 0.3470
vn 0.6963 -0.6723 0.2515
vn -0.0854 0.0844 -0.9928
vn -0.0808 0.0880 -0.9928
vn 0.0526 -0.0489 -0.9974
vn 0.7781 -0.5294 0.3382
vn 0.8023 -0.5446 0.2442
vn -0.8025 0.4769 0.3586
vn -0.7380 0.5000 0.4532
vn -0.7703 0.5231 0.3646
vn -0.7363 0.5669 0.3693
vn -0.6715 0.5797 0.4615
vn -0.7023 0.6069 0.3720
vn 0.8129 -0.4782 0.3325
vn 0.8377 -0.4913 0.2384
vn 0.8377 -0.4372 0.3271
vn 0.8625 -0.4485 0.2346
vn -0.8473 0.4008 0.3486
vn -0.7971 0.4139 0.4398
vn -0.8297 0.4326 0.3529
vn -0.0976 0.0724 -0.9926
vn 0.8486 -0.4179 0.3244
vn 0.8730 -0.4285 0.2329
vn 0.6751 -0.6495 0.3499
vn 0.7696 -0.6380 0.0271
vn -0.9373 0.1940 0.2895
vn -0.8151 0.3836 0.4341
vn -0.1061 0.0634 -0.9923
vn -0.1019 0.0678 -0.9925
vn -0.4974 0.7838 0.3717
vn -0.4751 0.7499 0.4604
vn -0.4554 0.8103 0.3688
vn -0.4348 0.7761 0.4567
vn 0.4314 -0.8684 0.2446
vn 0.3893 -0.8582 0.3347
vn 0.4202 -0.8422 0.3379
vn 0.0440 -0.0562 -0.9974
vn -0.4252 0.8270 0.3677
vn -0.4063 0.7932 0.4535
vn -0.1986 0.9269 0.3185
vn -0.1978 0.8887 0.4136
vn 0.3993 -0.8838 0.2439
vn 0.6218 -0.7000 0.3512
vn 0.0330 -0.0636 -0.9974
vn -0.5716 0.6216 0.5357
vn -0.5330 0.6557 0.5347
vn 0.0157 -0.0172 0.9997
vn -0.0500 0.0332 0.9982
vn 0.7096 -0.6143 0.3452
vn 0.7166 -0.5548 0.4227
vn 0.0846 -0.0643 0.9943
vn 0.0882 -0.0603 0.9943
vn -0.4934 0.6868 0.5338
vn -0.4535 0.7162 0.5304
vn 0.6345 -0.6902 0.3479
vn 0.5700 -0.7011 0.4285
vn 0.6115 -0.6651 0.4287
vn 0.6501 -0.6282 0.4276
vn 0.5914 -0.7275 0.3478
vn 0.5239 -0.7367 0.4275
vn -0.6373 0.6155 0.4637
vn -0.7047 0.5418 0.4581
vn -0.6408 0.5529 0.5326
vn -0.6728 0.5169 0.5292
vn 0.7849 -0.4619 0.4130
vn 0.0806 -0.0676 0.9945
vn -0.7697 0.4560 0.4469
vn -0.7053 0.4775 0.5239
vn -0.7362 0.4358 0.5177
vn 0.8212 -0.4049 0.4020
vn 0.0157 -0.0173 0.9997
vn 0.0924 -0.0577 0.9941
vn -0.7633 0.3962 0.5102
vn -0.9023 0.1949 0.3845
vn -0.7818 0.3679 0.5034
vn 0.7385 -0.4853 0.4681
vn -0.0318 0.0489 0.9983
vn 0.4634 -0.7783 0.4236
vn 0.4056 -0.8133 0.4172
vn -0.4155 0.7416 0.5267
vn -0.3888 0.7588 0.5225
vn -0.0247 0.0559 0.9981
vn -0.0283 0.0526 0.9982
vn 0.3765 -0.8299 0.4119
vn 0.3972 -0.8005 0.4489
vn -0.1997 0.8510 0.4857
vn 0.6102 -0.7510 0.2522
vn 0.0040 0.9989 -0.0475
vn -0.0261 0.9981 0.0552
vn -0.0416 0.9870 0.1552
vn 0.0671 -0.0804 0.9945
vn 0.0632 -0.0839 0.9945
vn 0.6840 -0.5923 0.4258
vn 0.0708 -0.0772 0.9945
vn 0.0282 -0.0692 -0.9972
vn -0.0763 0.0918 -0.9928
vn 0.0540 -0.0926 0.9942
vn -0.9985 0.0168 -0.0527
vn -0.9744 -0.0191 -0.2240
vn -0.9975 0.0490 0.0506
vn -0.9986 -0.0509 -0.0168
vn -0.9864 0.0658 0.1508
vn -0.0532 0.0292 0.9982
vn -0.6668 0.6443 0.3745
vn -0.0356 0.0459 0.9983
vn -0.6081 0.5869 0.5345
vn -0.0136 0.1134 -0.9935
vn 0.0264 -0.0748 -0.9969
vn -0.0428 0.1250 -0.9912
vn -0.0618 0.1083 -0.9922
vn -0.0089 0.0735 0.9973
vn -0.0231 0.0593 0.9980
vn 0.0522 -0.0973 0.9939
vn 0.0113 0.0776 0.9969
vn -0.0157 0.0173 -0.9997
vn -0.1113 0.0617 -0.9919
vn 0.0595 -0.0412 -0.9974
vn 0.7505 -0.5109 0.4191
vn -0.0645 0.0202 0.9977
vn 0.0158 -0.0173 0.9997
vn 0.0560 -0.0450 -0.9974
vn 0.0631 -0.0368 -0.9973
vn 0.0746 -0.0742 0.9944
vn 0.4946 -0.8329 0.2484
vn 0.9746 0.1325 0.1804
vn 0.9918 0.0834 0.0972
vn 0.9748 0.1370 0.1760
vn 0.0576 -0.0868 0.9946
vn -0.0158 0.0173 -0.9997
vn -0.1248 0.0450 -0.9912
vn 0.0756 -0.0277 -0.9968
vn -0.1120 0.0171 -0.9936
vn 0.0951 -0.0564 0.9939
vn -0.0785 -0.0106 0.9969
vn -0.0009 -0.0494 0.9988
vn -0.0761 0.0080 0.9971
vn 0.0397 0.9679 -0.2481
vn 0.1845 0.8842 -0.4292
vn -0.0640 0.1046 -0.9925
vn 0.2472 0.9645 0.0925
vn -0.0619 0.0222 0.9978
vn -0.6273 0.6822 0.3756
vn 0.0781 -0.0714 0.9944
vn -0.0567 0.0254 0.9981
vn 0.0674 -0.0322 -0.9972
vn 0.8100 -0.4231 0.4060
vn -0.8661 0.1979 0.4591
vn -0.0461 0.0360 0.9983
vn -0.0427 0.0391 0.9983
vn -0.0393 0.0426 0.9983
vn 0.0390 -0.0595 -0.9975
vn 0.0720 -0.0289 -0.9970
vn -0.4698 0.5367 0.7009
vn -0.5552 0.5468 0.6267
vn -0.5548 0.5052 0.6611
vn 0.9994 0.0217 0.0264
vn -0.1469 -0.7286 -0.6690
vn -0.2435 -0.7475 -0.6180
vn -0.1455 -0.7642 -0.6284
vn 0.9748 0.1579 0.1575
vn 0.9747 0.1548 0.1615
vn -0.4684 0.4926 0.7335
vn -0.5530 0.4631 0.6927
vn -0.1487 -0.5534 -0.8196
vn -0.2443 -0.4789 -0.8432
vn -0.2468 -0.5432 -0.8025
vn -0.1498 -0.6494 -0.7455
vn -0.2469 -0.6772 -0.6931
vn -0.1485 -0.6918 -0.7067
vn 0.9747 0.1508 0.1652
vn 0.9748 0.1456 0.1690
vn 0.9994 0.0178 0.0303
vn -0.2402 -0.7857 -0.5700
vn -0.1426 -0.8031 -0.5785
vn -0.4501 0.7619 0.4658
vn -0.5415 0.6903 0.4798
vn -0.4573 0.7280 0.5107
vn -0.4623 0.6928 0.5535
vn -0.5513 0.6212 0.5570
vn -0.4672 0.6570 0.5917
vn -0.2346 -0.8310 -0.5045
vn -0.1377 -0.8483 -0.5114
vn -0.2283 -0.8672 -0.4425
vn -0.1336 -0.8834 -0.4491
vn -0.4415 0.8079 0.3905
vn -0.5256 0.7527 0.3964
vn -0.4446 0.7894 0.4232
vn 0.9745 0.1641 0.1532
vn -0.2247 -0.8834 -0.4111
vn -0.1321 -0.8987 -0.4183
vn -0.2444 -0.7309 -0.6372
vn -0.1853 -0.8943 -0.4072
vn -0.3759 0.9046 0.2011
vn -0.5189 0.7720 0.3672
vn 0.9925 0.0850 0.0875
vn 0.9802 0.1510 0.1284
vn 0.9752 0.1654 0.1470
vn -0.4659 0.4476 0.7633
vn -0.5496 0.4203 0.7220
vn -0.4627 0.4049 0.7886
vn -0.5452 0.3796 0.7475
vn -0.1454 -0.4211 -0.8953
vn -0.2387 -0.3858 -0.8912
vn -0.2409 -0.4173 -0.8762
vn 0.9994 0.0267 0.0230
vn -0.4601 0.3751 0.8047
vn -0.5413 0.3509 0.7641
vn -0.4032 0.1491 0.9029
vn -0.4662 0.1491 0.8720
vn -0.1448 -0.3892 -0.9097
vn -0.2508 -0.6228 -0.7411
vn 0.9992 0.0355 0.0155
vn -0.6204 0.5163 0.5904
vn -0.6204 0.4763 0.6231
vn -0.9918 -0.0834 -0.0972
vn -0.9988 -0.0194 -0.0455
vn -0.2455 -0.7132 -0.6566
vn -0.3270 -0.7271 -0.6036
vn -0.9782 -0.1513 -0.1424
vn -0.9931 -0.0823 -0.0841
vn -0.9791 -0.1614 -0.1235
vn -0.6191 0.4350 0.6538
vn -0.6154 0.3949 0.6822
vn -0.2477 -0.6363 -0.7306
vn -0.3317 -0.5774 -0.7460
vn -0.3317 -0.6198 -0.7112
vn -0.3315 -0.6578 -0.6763
vn -0.2476 -0.5922 -0.7668
vn -0.3310 -0.5300 -0.7808
vn -0.5539 0.5858 0.5916
vn -0.5473 0.6556 0.5202
vn -0.6179 0.5861 0.5242
vn -0.6140 0.6196 0.4889
vn -0.3166 -0.8108 -0.4923
vn -0.9781 -0.1459 -0.1482
vn -0.9919 -0.0837 -0.0957
vn -0.5340 0.7237 0.4372
vn -0.6080 0.6534 0.4510
vn -0.6004 0.6862 0.4107
vn -0.3047 -0.8642 -0.4005
vn -0.9958 -0.0689 -0.0595
vn -0.9818 -0.1660 -0.0923
vn -0.5895 0.7167 0.3727
vn -0.4662 0.8621 0.1985
vn -0.5781 0.7383 0.3475
vn -0.3859 -0.7911 -0.4746
vn -0.9989 -0.0372 -0.0290
vn -0.3285 -0.4681 -0.8204
vn -0.3227 -0.4091 -0.8536
vn -0.6106 0.3567 0.7071
vn -0.6060 0.3293 0.7241
vn -0.9987 -0.0450 -0.0231
vn -0.9988 -0.0413 -0.0264
vn -0.3183 -0.3792 -0.8689
vn -0.3851 -0.4655 -0.7969
vn -0.5012 0.1524 0.8518
vn -0.1496 -0.6037 -0.7831
vn -0.0305 -0.0301 0.9991
vn -0.1714 -0.0140 0.9851
vn -0.3004 -0.0079 0.9538
vn -0.9780 -0.1322 -0.1612
vn -0.9779 -0.1289 -0.1645
vn -0.3294 -0.6944 -0.6397
vn -0.9781 -0.1362 -0.1577
vn 0.9990 0.0433 0.0096
vn 0.9748 0.1414 0.1727
vn -0.9778 -0.1185 -0.1727
vn -0.0168 0.9990 0.0426
vn 0.1544 0.9880 0.0087
vn -0.1246 0.9897 0.0703
vn -0.0878 0.9954 -0.0386
vn -0.2235 0.9710 0.0847
vn -0.9987 -0.0155 -0.0488
vn -0.4692 0.6201 0.6287
vn -0.9989 -0.0344 -0.0328
vn -0.6195 0.5529 0.5573
vn 0.9781 0.0780 0.1927
vn 0.9990 0.0449 0.0050
vn 0.9729 0.1063 0.2052
vn 0.9740 0.1261 0.1883
vn -0.9981 -0.0621 -0.0061
vn -0.9987 -0.0466 -0.0195
vn -0.9772 -0.1172 -0.1769
vn -0.9967 -0.0815 -0.0017
vn 0.9949 0.0771 0.0647
vn 0.9893 0.1080 0.0985
vn 0.9993 0.0089 0.0373
vn 0.9918 0.0839 0.0961
vn -0.3244 -0.7644 -0.5572
vn -0.9975 0.0706 -0.0054
vn -0.9991 -0.0325 -0.0290
vn 0.9993 0.0145 0.0337
vn 0.9992 0.0088 0.0399
vn -0.9780 -0.1399 -0.1548
vn -0.1470 -0.4857 -0.8617
vn -0.9782 -0.1224 -0.1675
vn 0.9982 0.0498 0.0345
vn 0.9975 0.0483 0.0515
vn 0.9998 -0.0158 -0.0119
vn 0.9913 0.1303 0.0208
vn -0.9877 -0.1431 -0.0637
vn -0.9970 0.0775 -0.0009
vn -0.9987 -0.0335 -0.0383
vn -0.9872 0.1580 0.0220
vn 0.1775 -0.0490 0.9829
vn 0.3661 -0.0961 0.9256
vn 0.9745 0.1277 0.1847
vn -0.0382 -0.1045 0.9938
vn -0.9992 0.0308 -0.0266
vn -0.4700 0.5802 0.6652
vn -0.9778 -0.1438 -0.1524
vn -0.9989 -0.0082 -0.0469
vn 0.9994 0.0095 0.0321
vn -0.3096 -0.8474 -0.4314
vn -0.5257 0.8272 0.1983
vn -0.9988 -0.0222 -0.0425
vn -0.9988 -0.0278 -0.0393
vn -0.9989 -0.0307 -0.0360
vn 0.9994 0.0305 0.0191
vn 0.9999 0.0087 0.0105
vn 0.1187 -0.4379 0.8911
vn 0.1931 -0.7326 0.6527
vn 0.1697 -0.4294 0.8870
vn 0.0674 -0.6173 0.7838
vn 0.1681 -0.9172 0.3612
vn 0.2441 -0.7234 0.6459
vn 0.2691 -0.8876 0.3738
vn 0.1933 -0.9276 -0.3198
vn 0.0579 -0.9706 0.2337
vn 0.0465 -0.9986 -0.0237
vn 0.2424 -0.9046 -0.3507
vn 0.1628 -0.9865 -0.0164
vn 0.0495 -0.8549 0.5164
vn 0.2215 -0.9750 -0.0198
vn 0.5663 -0.4318 -0.7020
vn 0.4627 -0.1468 -0.8743
vn 0.8501 -0.5264 0.0103
vn 0.7082 -0.4405 -0.5518
vn 0.4678 -0.4645 -0.7519
vn 0.3939 -0.3020 -0.8681
vn 0.5427 -0.7181 -0.4356
vn -0.6581 -0.7333 -0.1710
vn -0.7832 -0.6198 -0.0491
vn -0.8899 -0.4346 -0.1387
vn -0.6519 -0.7258 -0.2196
vn -0.3728 -0.9138 -0.1614
vn -0.5229 -0.8512 -0.0451
vn -0.3882 -0.8855 -0.2553
vn 0.8450 0.1085 -0.5237
vn 0.6957 -0.4309 -0.5747
vn 0.7842 -0.1818 -0.5933
vn 0.8658 -0.1449 -0.4790
vn 0.7476 -0.4586 -0.4804
vn -0.0394 -0.5559 -0.8303
vn 0.5544 -0.4413 -0.7056
vn -0.2315 -0.5645 -0.7923
vn 0.4195 -0.7232 -0.5486
vn -0.2471 -0.9668 -0.0647
vn 0.3019 -0.9292 -0.2132
vn 0.0052 -0.9980 -0.0627
vn 0.0002 -0.9849 -0.1730
vn 0.3307 -0.9076 -0.2588
vn -0.0018 -0.9738 -0.2274
vn 0.0813 0.4822 0.8723
vn -0.0111 0.2076 0.9782
vn 0.0391 -0.1105 0.9931
vn 0.1461 0.5184 0.8426
vn 0.0069 0.4886 0.8725
vn -0.0017 0.7117 0.7025
vn 0.1855 0.8256 0.5330
vn 0.3684 0.7623 -0.5321
vn 0.6935 0.5347 -0.4828
vn 0.3354 0.6513 -0.6807
vn 0.2342 0.9298 -0.2839
vn 0.5244 0.4879 -0.6978
vn 0.2945 0.9197 -0.2595
vn 0.2892 0.8760 -0.3860
vn 0.0275 0.9413 0.3364
vn 0.1370 0.9711 -0.1952
vn 0.1153 0.9915 0.0604
vn 0.2309 0.8658 -0.4439
vn 0.1405 0.9876 0.0705
vn -0.8732 0.4847 -0.0501
vn -0.9924 -0.1223 -0.0140
vn -0.9787 0.2013 0.0414
vn -0.8762 0.4812 0.0270
vn -0.8472 0.5189 -0.1138
vn -0.5292 0.8339 -0.1567
vn 0.2090 0.9703 -0.1220
vn -0.3251 0.9457 -0.0009
vn -0.0158 0.9998 -0.0138
vn 0.4521 0.8639 -0.2221
vn -0.0457 0.9945 -0.0941
vn -0.6986 0.7147 0.0342
vn 0.2943 0.9299 -0.2208
vn -0.0519 0.9913 -0.1210
vn 0.5353 0.7642 -0.3597
vn 0.6813 0.6515 -0.3338
vn 0.4843 0.5415 -0.6872
vn 0.6943 0.5007 -0.5170
vn 0.2744 0.9190 -0.2832
vn 0.3388 0.2622 -0.9036
vn 0.0991 0.5248 -0.8454
vn 0.5923 0.5496 -0.5892
vn 0.3835 0.6607 -0.6453
vn 0.1644 0.8646 -0.4748
vn 0.4204 0.8123 -0.4042
vn 0.8541 0.5104 -0.0999
vn 0.9040 0.2519 -0.3453
vn 0.5452 0.8251 -0.1481
vn 0.6554 0.6539 -0.3779
vn 0.1252 0.9841 -0.1261
vn 0.1922 0.9562 -0.2208
vn -0.4999 0.2199 -0.8377
vn -0.6519 0.4570 -0.6051
vn -0.4551 0.1609 -0.8758
vn -0.8986 0.3227 -0.2974
vn -0.8929 0.4064 0.1940
vn -0.8674 0.4109 0.2808
vn -0.1001 0.7277 0.6786
vn -0.4377 0.6305 0.6410
vn -0.2884 0.7663 0.5741
vn -0.7540 -0.0794 -0.6520
vn -0.7026 -0.1118 -0.7027
vn -0.6976 -0.1151 -0.7072
vn -0.8174 0.5372 -0.2080
vn -0.8174 0.5371 -0.2081
vn -0.0279 0.6655 -0.7459
vn -0.2422 0.5866 -0.7728
vn -0.4900 0.5630 0.6656
vn -0.4417 0.7382 0.5099
vn -0.4289 0.7680 0.4757
vn -0.7925 0.3978 0.4624
vn -0.6554 0.3910 0.6462
vn -0.5467 0.7875 -0.2844
vn -0.4418 0.8292 -0.3423
vn -0.3749 0.8481 -0.3744
vn 0.3201 0.4562 -0.8303
vn 0.4515 0.2772 -0.8481
vn 0.4710 0.2463 -0.8470
vn 0.9559 0.2483 0.1572
vn 0.8763 0.4815 0.0170
vn -0.2057 0.8294 0.5194
vn -0.6660 -0.1023 0.7389
vn -0.6640 -0.1447 0.7336
vn -0.5823 -0.0393 0.8120
vn 0.2328 0.7809 0.5796
vn 0.2328 0.7811 0.5795
vn -0.1782 -0.8182 0.5466
vn -0.4082 -0.6164 0.6734
vn -0.1186 -0.8544 0.5060
vn -0.5202 -0.2322 0.8219
vn -0.2959 -0.3216 0.8995
vn -0.4092 0.1807 0.8944
vn -0.2295 -0.0268 0.9729
vn -0.7433 0.6681 0.0345
vn -0.6587 0.6397 0.3960
vn -0.7899 0.5730 0.2185
vn 0.1376 -0.6858 0.7147
vn -0.5123 -0.0897 -0.8541
vn -0.2485 -0.3278 -0.9115
vn -0.8619 -0.1780 -0.4748
vn -0.6494 -0.3754 -0.6613
vn -0.5389 -0.5850 -0.6061
vn -0.7970 -0.4231 -0.4310
vn -0.9649 -0.1922 -0.1792
vn -0.8296 -0.5271 -0.1842
vn -0.9570 -0.1823 -0.2256
vn -0.2448 -0.8995 -0.3618
vn -0.5093 -0.8524 -0.1183
vn -0.6468 -0.6521 -0.3955
vn -0.6369 -0.6481 0.4175
vn -0.4937 -0.8496 0.1855
vn -0.4525 -0.8824 0.1288
vn -0.8810 -0.3594 0.3078
vn -0.9057 -0.3475 0.2428
vn -0.8653 -0.4310 0.2559
vn -0.2870 0.5484 0.7854
vn -0.4361 0.6193 0.6530
vn -0.8205 -0.2288 0.5239
vn -0.8203 -0.2292 0.5240
vn -0.7119 -0.6924 -0.1176
vn -0.6633 -0.7291 -0.1687
vn 0.1061 -0.8628 0.4943
vn 0.3491 -0.9092 0.2268
vn 0.0745 -0.9880 0.1350
vn 0.1828 -0.5486 0.8159
vn 0.3908 -0.6683 0.6330
vn 0.6000 -0.6062 0.5221
vn 0.4317 -0.4445 0.7849
vn 0.6600 -0.3986 0.6368
vn 0.1843 -0.2060 0.9610
vn 0.4790 -0.2020 0.8543
vn 0.2308 -0.1979 0.9527
vn 0.9072 -0.3502 0.2331
vn 0.8564 -0.1148 0.5034
vn 0.8390 0.0013 0.5441
vn 0.9560 0.1530 0.2504
vn -0.7963 0.4614 0.3912
vn -0.5859 0.8102 -0.0163
vn -0.6665 0.7365 -0.1153
vn 0.2378 0.5558 0.7966
vn 0.7585 -0.4743 -0.4470
vn 0.2195 0.8752 -0.4311
vn -0.3729 0.9226 -0.0991
vn 0.5023 0.4429 -0.7427
vn -0.1965 0.9285 -0.3150
vn -0.7038 0.7071 -0.0685
vn -0.1134 0.9040 -0.4123
vn -0.3832 0.9026 -0.1961
vn 0.3129 -0.3010 -0.9008
vn 0.5793 -0.1700 -0.7972
vn 0.1556 -0.5687 -0.8077
vn 0.0874 -0.4230 -0.9019
vn 0.4344 -0.0689 -0.8981
vn -0.2865 0.2975 -0.9107
vn -0.2859 0.2980 -0.9107
vn -0.4699 0.0885 -0.8783
vn -0.9200 0.3761 -0.1100
vn -0.8624 -0.2185 -0.4566
vn -0.9225 0.1985 -0.3310
vn -0.4902 -0.4717 -0.7330
vn -0.8989 0.3869 -0.2058
vn -0.8950 0.1160 -0.4308
vn 0.4620 -0.2457 0.8522
vn 0.1244 0.3537 0.9271
vn 0.7281 -0.5003 0.4686
vn 0.3446 0.1714 0.9230
vn 0.0874 0.6890 0.7195
vn 0.4430 0.0851 0.8925
vn 0.2228 0.3600 0.9060
vn 0.8898 -0.3171 -0.3283
vn 0.7930 -0.5837 -0.1747
vn 0.7941 -0.1400 -0.5915
vn 0.8924 -0.0746 -0.4451
vn 0.8895 -0.4447 -0.1049
vn 0.9204 0.2735 0.2795
vn 0.9205 0.2736 0.2790
vn 0.8808 0.4678 0.0730
vn 0.1203 0.9117 0.3929
vn 0.4485 0.8694 -0.2072
vn 0.3388 0.9172 0.2095
vn 0.7165 0.5066 -0.4796
vn 0.2196 0.8907 0.3981
vn 0.4363 0.8916 0.1214
vn -0.3876 0.9105 0.1441
vn -0.1269 0.9052 0.4056
vn -0.7044 0.6986 0.1258
vn -0.3645 0.8495 0.3815
vn -0.1096 0.6865 0.7189
vn -0.5749 0.5646 0.5922
vn -0.3262 0.6533 0.6833
vn -0.9119 0.1178 0.3932
vn -0.9138 0.3825 0.1368
vn -0.6992 0.0956 0.7086
vn -0.8568 0.3550 0.3740
vn -0.6683 0.6601 0.3430
vn -0.1237 0.3664 0.9222
vn -0.3824 0.1072 0.9177
vn -0.3599 0.3437 0.8674
vn -0.6650 0.3139 0.6776
vn -0.8671 -0.4430 -0.2281
vn -0.9197 -0.1250 0.3722
vn -0.4912 -0.7138 -0.4992
vn -0.8993 -0.3605 0.2474
vn -0.6981 -0.1346 0.7033
vn -0.8109 -0.4181 0.4095
vn -0.6631 -0.3453 0.6641
vn 0.2302 -0.9418 -0.2451
vn 0.1574 -0.7830 -0.6018
vn 0.5830 -0.7833 -0.2158
vn 0.3133 -0.9429 -0.1129
vn 0.0922 -0.9407 -0.3266
vn 0.0336 -0.9982 -0.0488
vn -0.3668 -0.1405 0.9196
vn 0.2373 -0.4813 0.8438
vn -0.2417 -0.3790 0.8933
vn 0.5140 -0.7658 0.3864
vn -0.4051 -0.4303 0.8067
vn -0.1277 0.1636 -0.9782
vn -0.3218 0.5064 -0.8000
vn -0.0932 0.4327 -0.8967
vn -0.2395 0.1966 -0.9508
vn -0.3975 0.5429 -0.7398
vn -0.2572 0.6179 -0.7430
vn -0.0759 0.7699 -0.6336
vn -0.4325 0.6511 -0.6238
vn -0.8197 0.4340 0.3738
vn -0.8243 -0.0496 0.5639
vn -0.7246 0.3036 0.6188
vn -0.7506 0.5388 0.3824
vn -0.9638 -0.0041 -0.2666
vn -0.9775 0.2105 -0.0112
vn -0.9128 -0.1031 -0.3952
vn -0.7822 0.6080 0.1360
vn -0.7485 0.6302 0.2064
vn -0.0949 0.9468 -0.3074
vn -0.3054 0.9333 0.1890
vn -0.2713 0.9576 -0.0964
vn -0.5374 0.7187 0.4412
vn -0.2972 0.9313 -0.2105
vn -0.3669 0.9289 -0.0514
vn 0.0913 0.3957 -0.9138
vn 0.3723 0.1142 -0.9211
vn 0.1120 0.7158 -0.6893
vn 0.3957 0.4157 -0.8189
vn 0.6988 0.1296 -0.7035
vn 0.3764 0.9229 -0.0815
vn 0.0953 0.9275 -0.3614
vn 0.7015 0.7047 -0.1061
vn 0.3983 0.8321 -0.3859
vn 0.9189 0.1044 -0.3803
vn 0.9200 0.3803 -0.0942
vn 0.8229 0.4072 -0.3963
vn 0.7876 0.5440 0.2895
vn 0.9535 0.2171 0.2089
vn 0.9017 0.4237 0.0856
vn 0.4996 0.8235 0.2687
vn 0.7194 0.5883 0.3691
vn 0.2289 0.7956 0.5609
vn -0.1589 0.9372 0.3104
vn 0.3186 0.9420 0.1052
vn -0.3970 0.7509 0.5278
vn 0.1061 0.9562 0.2727
vn 0.6388 0.7652 0.0798
vn -0.1693 0.8186 0.5488
vn -0.3525 0.5323 0.7697
vn -0.5823 0.3925 0.7120
vn 0.2684 0.1638 0.9493
vn -0.0613 0.4973 0.8654
vn -0.1007 -0.3612 -0.9270
vn -0.3818 -0.0804 -0.9207
vn -0.0948 -0.6907 -0.7169
vn -0.3772 -0.3577 -0.8543
vn -0.7076 -0.0796 -0.7021
vn -0.3582 -0.6477 -0.6724
vn -0.6635 -0.3441 -0.6643
vn -0.3794 -0.9183 -0.1131
vn -0.0987 -0.9134 -0.3949
vn -0.7044 -0.7025 -0.1019
vn -0.3750 -0.8421 -0.3877
vn -0.6639 -0.6528 -0.3648
vn -0.9223 -0.0906 -0.3758
vn -0.9209 -0.3767 -0.1004
vn -0.8506 -0.3667 -0.3767
vn -0.5134 0.2159 -0.8306
vn -0.2745 0.2997 -0.9137
vn -0.4641 0.0930 -0.8809
vn -0.6467 0.1200 -0.7533
vn -0.5242 0.4826 -0.7016
vn -0.7404 0.3429 -0.5781
vn -0.7404 0.3430 -0.5780
vn -0.9445 0.2700 0.1874
vn -0.9445 0.0745 -0.3200
vn -0.7315 0.5384 0.4183
vn -0.8055 0.5232 0.2783
vn -0.8933 0.0947 -0.4393
vn -0.7399 0.0462 -0.6711
vn -0.1983 0.7194 0.6657
vn -0.5965 0.6765 0.4318
vn -0.5196 0.6702 0.5300
vn -0.3645 0.7570 0.5423
vn -0.5198 0.8336 0.1868
vn -0.7661 0.5741 0.2888
vn -0.5465 -0.7929 0.2694
vn -0.4234 -0.9035 0.0659
vn -0.1800 -0.4981 0.8482
vn -0.5144 -0.6615 0.5457
vn -0.8282 -0.5023 0.2486
vn -0.7664 -0.6397 0.0586
vn -0.8040 -0.2370 0.5453
vn -0.5451 0.3436 0.7647
vn -0.2161 0.5124 0.8311
vn -0.4208 0.5678 0.7075
vn -0.8269 0.1623 0.5385
vn -0.5927 0.2391 0.7691
vn -0.9442 -0.3179 0.0861
vn -0.9426 0.1582 0.2939
vn -0.9607 -0.1087 0.2554
vn -0.7640 0.3952 0.5100
vn -0.2564 -0.7561 0.6022
vn -0.1497 -0.9548 0.2569
vn -0.0717 -0.8647 0.4971
vn -0.2345 -0.4816 0.8444
vn -0.8531 -0.4758 0.2140
vn -0.5313 -0.6297 0.5667
vn -0.9145 -0.3800 0.1390
vn -0.3696 -0.4451 0.8156
vn -0.2883 0.1563 0.9447
vn -0.0805 -0.3155 0.9455
vn -0.5144 0.4072 0.7547
vn -0.2458 -0.1155 0.9624
vn -0.0578 -0.6110 0.7895
vn -0.3204 -0.0734 0.9444
vn -0.7739 0.3637 0.5184
vn -0.7130 0.5927 0.3745
vn -0.8283 0.5398 0.1497
vn -0.7806 0.2522 0.5719
vn -0.6887 0.3853 0.6142
vn -0.6965 0.1252 0.7065
vn 0.3789 -0.9220 0.0797
vn 0.0995 -0.9269 0.3619
vn 0.7045 -0.7055 0.0765
vn 0.3752 -0.8557 0.3563
vn 0.0954 -0.7163 0.6913
vn 0.6628 -0.6673 0.3396
vn 0.3578 -0.6729 0.6474
vn 0.9223 -0.1042 0.3722
vn 0.9202 -0.3819 0.0863
vn 0.7076 -0.1045 0.6989
vn 0.8507 -0.3811 0.3621
vn 0.6645 -0.3666 0.6511
vn 0.1016 -0.3946 0.9132
vn 0.3827 -0.1129 0.9170
vn 0.3776 -0.3878 0.8409
vn 0.9685 0.2022 0.1456
vn 0.8010 0.3028 0.5165
vn 0.9044 0.0741 0.4202
vn 0.9099 0.3848 0.1546
vn 0.7800 0.3775 0.4990
vn 0.5025 0.2412 0.8302
vn 0.6433 0.0541 0.7637
vn 0.2324 0.5333 0.8134
vn -0.3397 0.7766 0.5305
vn -0.3655 0.9151 0.1701
vn -0.5709 0.6970 0.4339
vn -0.1672 0.5190 0.8382
vn -0.2729 0.8139 0.5129
vn 0.3229 0.0720 0.9437
vn -0.1591 0.2739 0.9485
vn 0.1099 0.2375 0.9651
vn -0.3926 0.4880 0.7796
vn -0.8981 -0.1748 -0.4035
vn -0.6858 -0.1759 -0.7062
vn -0.8970 -0.2687 -0.3509
vn -0.8048 -0.0353 -0.5925
vn -0.3958 -0.1436 -0.9070
vn -0.7320 -0.2261 -0.6427
vn -0.4111 -0.2445 -0.8782
vn 0.2833 -0.1850 -0.9410
vn -0.2681 -0.0346 -0.9628
vn -0.0123 -0.0293 -0.9995
vn 0.3132 -0.2349 -0.9202
vn -0.0211 -0.1452 -0.9892
vn -0.5460 -0.0209 -0.8375
vn -0.0190 -0.2057 -0.9784
vn 0.6674 -0.5880 -0.4569
vn 0.8569 -0.4821 -0.1826
vn 0.6513 -0.7123 -0.2615
vn 0.7121 -0.6825 -0.1644
vn 0.7236 -0.4793 -0.4967
vn 0.8476 -0.4110 -0.3355
vn 0.3959 -0.5433 -0.7403
vn 0.1755 0.6683 -0.7229
vn 0.0490 0.7925 -0.6079
vn 0.2738 0.8833 -0.3806
vn 0.2260 0.7123 -0.6645
vn 0.1414 0.3833 -0.9127
vn 0.0305 0.5358 -0.8438
vn 0.2374 0.3961 -0.8870
vn 0.5997 -0.7996 0.0299
vn 0.5515 -0.6976 -0.4574
vn 0.6706 -0.6906 -0.2710
vn 0.4513 -0.8757 -0.1717
vn 0.4457 -0.7509 -0.4872
vn 0.6454 -0.7430 -0.1773
vn 0.5111 -0.4173 -0.7514
vn 0.4798 -0.4973 -0.7228
vn 0.0391 0.2628 -0.9641
vn 0.1744 -0.2912 -0.9406
vn 0.0291 0.0109 -0.9995
vn 0.1409 0.0132 -0.9899
vn 0.2207 -0.3207 -0.9211
vn 0.1958 0.0114 -0.9806
vn -0.8586 -0.0736 0.5074
vn -0.9703 0.0318 0.2399
vn -0.9895 -0.1355 -0.0509
vn -0.8962 -0.1413 0.4205
vn -0.8558 0.0070 0.5172
vn -0.6785 0.0073 0.7345
vn -0.5115 -0.1851 0.8391
vn 0.5524 -0.3775 0.7433
vn 0.6857 -0.5552 0.4707
vn 0.6927 -0.3644 0.6224
vn 0.3092 -0.2582 0.9153
vn 0.5387 -0.4220 0.7292
vn 0.2832 -0.3185 0.9046
vn -0.3065 -0.0353 0.9512
vn 0.2235 -0.1590 0.9616
vn -0.0314 -0.1310 0.9909
vn 0.4661 -0.2577 0.8464
vn -0.0395 -0.1555 0.9870
vn 0.1127 0.8639 0.4909
vn 0.3146 0.8683 0.3834
vn -0.0082 0.9751 0.2216
vn 0.0125 0.8645 0.5025
vn 0.1745 0.9846 -0.0139
vn 0.1982 0.5103 0.8368
vn 0.1180 0.6219 0.7742
vn 0.1487 -0.2296 0.9619
vn 0.0408 0.3069 0.9509
vn 0.0474 -0.0023 0.9989
vn 0.2387 -0.4735 0.8479
vn 0.1280 0.0264 0.9914
vn 0.0080 0.6856 0.7279
vn 0.2439 -0.3174 0.9164
vn 0.1552 0.0310 0.9874
vn 0.3484 -0.5645 0.7483
vn 0.3372 -0.7012 0.6282
vn 0.4294 -0.7766 0.4609
vn 0.3745 -0.5237 0.7652
vn 0.3055 -0.2968 0.9048
vn 0.3599 0.9313 -0.0559
vn 0.6989 0.7033 -0.1299
vn 0.3342 0.9374 -0.0982
vn 0.5461 0.8377 -0.0122
vn 0.8998 0.4197 -0.1193
vn 0.6892 0.7014 -0.1818
vn 0.8786 0.4262 -0.2156
vn 0.9522 -0.2500 -0.1758
vn 0.9525 0.3035 -0.0266
vn 0.9982 0.0523 -0.0279
vn 0.9296 -0.2939 -0.2226
vn 0.9898 0.0444 -0.1356
vn 0.8130 0.5822 -0.0052
vn 0.9818 0.0301 -0.1874
vn 0.5329 -0.4432 -0.7209
vn 0.5408 -0.6547 -0.5281
vn 0.2540 -0.8562 -0.4498
vn -0.1229 -0.7807 -0.6127
vn 0.5314 -0.7291 -0.4314
vn 0.4049 -0.8278 -0.3882
vn 0.7741 -0.4055 -0.4861
vn 0.6839 -0.1329 0.7173
vn 0.5456 -0.0309 0.8375
vn 0.3623 -0.1451 0.9207
vn 0.6826 -0.1820 0.7078
vn 0.8876 -0.0900 0.4517
vn 0.7992 0.0116 0.6009
vn 0.8679 -0.1873 0.4601
vn 0.0245 -0.4832 -0.8752
vn 0.5541 -0.4891 -0.6736
vn 0.3117 -0.5255 -0.7916
vn 0.2715 -0.4120 -0.8698
vn 0.5754 -0.3872 -0.7204
vn 0.6344 -0.7710 0.0553
vn 0.5676 -0.6232 -0.5380
vn 0.6197 -0.7446 0.2481
vn 0.8163 -0.4460 -0.3672
vn 0.9412 0.0190 0.3374
vn 0.9704 -0.1018 -0.2191
vn 0.9952 0.0395 0.0898
vn 0.9933 -0.0731 0.0893
vn 0.9569 -0.1470 -0.2506
vn 0.9879 -0.1287 0.0861
vn -0.5822 0.8113 -0.0532
vn -0.3255 0.9442 0.0495
vn -0.0122 0.9927 -0.1199
vn -0.4787 0.8703 -0.1158
vn -0.5833 0.8118 0.0285
vn -0.7750 0.6314 0.0273
vn -0.8790 0.4479 -0.1638
vn -0.6851 -0.6267 -0.3715
vn -0.3739 -0.7514 -0.5437
vn -0.5475 -0.7552 -0.3604
vn -0.8912 -0.3768 -0.2524
vn -0.6609 -0.6245 -0.4163
vn -0.8788 -0.3576 -0.3160
vn -0.9637 0.2665 -0.0190
vn -0.9502 -0.2730 -0.1502
vn -0.9927 -0.0202 -0.1187
vn -0.8091 -0.5296 -0.2548
vn -0.9890 -0.0143 -0.1470
vn -0.5548 -0.1532 0.8177
vn 0.0166 -0.1861 0.9824
vn -0.2974 -0.0362 0.9541
vn -0.5655 -0.0727 0.8216
vn -0.4533 -0.2179 0.8643
vn -0.8575 -0.2680 0.4392
vn -0.8109 -0.1876 0.5543
vn -0.9286 -0.2070 -0.3080
vn -0.9667 -0.1143 0.2291
vn -0.9899 -0.1152 -0.0827
vn -0.7896 -0.2829 -0.5444
vn -0.9791 -0.1961 -0.0545
vn -0.7766 -0.0777 0.6251
vn -0.8696 -0.2959 -0.3952
vn -0.9739 -0.2212 -0.0507
vn -0.6737 -0.3878 -0.6291
vn -0.5468 -0.3591 -0.7564
vn -0.3796 -0.5366 -0.7536
vn -0.6542 -0.4309 -0.6216
vn -0.8540 -0.3591 -0.3764
vn -0.2922 -0.9071 0.3029
vn -0.3106 -0.9069 0.2847
vn -0.4333 -0.7764 0.4576
vn -0.4606 -0.7754 0.4319
vn -0.6948 -0.2673 0.6677
vn -0.6763 -0.0099 0.7366
vn -0.7185 -0.0100 0.6955
vn -0.2758 -0.9061 0.3208
vn -0.4098 -0.7732 0.4840
vn -0.6539 -0.2655 0.7084
vn -0.6351 -0.0107 0.7724
vn 0.2987 -0.9043 -0.3051
vn 0.3168 -0.9039 -0.2873
vn 0.4477 -0.7741 -0.4475
vn 0.7194 -0.3094 -0.6219
vn 0.7161 -0.0629 -0.6952
vn 0.6806 -0.3081 -0.6648
vn 0.3334 -0.9045 -0.2660
vn 0.4748 -0.7735 -0.4198
vn 0.7576 -0.3105 -0.5742
vn 0.7576 -0.0629 -0.6497
vn -0.3456 -0.9053 0.2470
vn -0.3286 -0.9062 0.2661
vn -0.5114 -0.7723 0.3769
vn -0.7344 -0.2608 0.6266
vn -0.7952 -0.0090 0.6063
vn -0.7694 -0.2651 0.5812
vn -0.4859 -0.7751 0.4038
vn -0.7584 -0.0053 0.6517
vn 0.2826 -0.9027 -0.3243
vn 0.2655 -0.9024 -0.3394
vn 0.4227 -0.7707 -0.4769
vn 0.3965 -0.7705 -0.4991
vn 0.6010 -0.3064 -0.7382
vn 0.6732 -0.0621 -0.7369
vn 0.6313 -0.0617 -0.7731
vn 0.6402 -0.3076 -0.7039
vn 0.2485 -0.9013 -0.3548
vn 0.2277 -0.9006 -0.3701
vn 0.3701 -0.7678 -0.5230
vn 0.3379 -0.7663 -0.5464
vn 0.5121 -0.3067 -0.8023
vn 0.5872 -0.0619 -0.8071
vn 0.5361 -0.0650 -0.8417
vn 0.5595 -0.3062 -0.7702
vn -0.2556 -0.9068 0.3353
vn -0.3801 -0.7752 0.5046
vn -0.6135 -0.2659 0.7436
vn -0.5909 -0.0155 0.8066
vn -0.2357 -0.9059 0.3517
vn -0.3510 -0.7740 0.5270
vn -0.5699 -0.2688 0.7765
vn -0.5424 -0.0153 0.8400
vn -0.2148 -0.9043 0.3690
vn -0.3208 -0.7705 0.5509
vn -0.5231 -0.2659 0.8097
vn -0.4914 -0.0187 0.8707
vn -0.1956 -0.9011 0.3870
vn -0.2944 -0.7641 0.5740
vn -0.4728 -0.2667 0.8398
vn -0.4431 -0.0184 0.8963
vn 0.2062 -0.8988 -0.3869
vn 0.1898 -0.8948 -0.4042
vn 0.3035 -0.7614 -0.5728
vn 0.2780 -0.7544 -0.5947
vn 0.4176 -0.2974 -0.8586
vn 0.4791 -0.0635 -0.8755
vn 0.4339 -0.0617 -0.8988
vn 0.4595 -0.3023 -0.8352
vn -0.1031 -0.8956 0.4328
vn 0.0103 -0.9317 0.3632
vn -0.1741 -0.5538 0.8143
vn 0.0190 -0.7173 0.6965
vn -0.1858 -0.0804 0.9793
vn 0.0244 -0.3826 0.9236
vn -0.0835 -0.9824 0.1672
vn -0.2757 -0.7531 0.5973
vn -0.4233 -0.2597 0.8680
vn -0.4078 -0.0128 0.9130
vn -0.2703 -0.7452 0.6096
vn -0.3905 -0.2462 0.8871
vn 0.1829 -0.8914 -0.4147
vn 0.2683 -0.7490 -0.6058
vn 0.4135 -0.0578 -0.9087
vn 0.3973 -0.2911 -0.8703
vn 0.3535 -0.9043 -0.2393
vn 0.5016 -0.7732 -0.3879
vn 0.8007 -0.3111 -0.5120
vn 0.7983 -0.0663 -0.5986
vn 0.3768 -0.9005 -0.2170
vn 0.5357 -0.7701 -0.3463
vn 0.8391 -0.2987 -0.4546
vn 0.8447 -0.0679 -0.5309
vn -0.3802 -0.9008 0.2099
vn -0.3622 -0.9039 0.2275
vn -0.5558 -0.7653 0.3248
vn -0.8044 -0.2566 0.5359
vn -0.8569 0.0005 0.5154
vn -0.8350 -0.2476 0.4913
vn -0.5346 -0.7697 0.3490
vn -0.8288 -0.0043 0.5595
vn -0.3806 -0.9246 -0.0142
vn -0.7119 -0.7023 -0.0084
vn -0.9317 -0.3632 -0.0006
vn -0.4404 -0.8910 0.1108
vn -0.8159 -0.5375 0.2132
vn -0.9689 -0.0450 0.2433
vn 0.3939 -0.8956 -0.2068
vn 0.5683 -0.7632 -0.3076
vn 0.8583 -0.2907 -0.4229
vn 0.8828 -0.0627 -0.4655
vn 0.8995 -0.0560 -0.4333
vn 0.5884 -0.7535 -0.2933
vn 0.8600 -0.2964 -0.4154
vn -0.3959 -0.8963 0.1998
vn -0.8558 -0.2353 0.4606
vn -0.5779 -0.7553 0.3091
vn -0.8756 0.0022 0.4831
vn -0.5210 0.6791 0.5170
vn -0.4908 0.6785 0.5466
vn -0.3770 0.8446 0.3802
vn -0.3553 0.8439 0.4020
vn -0.2096 0.9527 0.2198
vn -0.1975 0.9524 0.2321
vn -0.4621 0.6754 0.5747
vn -0.3341 0.8427 0.4221
vn -0.1855 0.9521 0.2432
vn 0.5797 0.6548 -0.4849
vn 0.5486 0.6545 -0.5203
vn 0.4200 0.8393 -0.3452
vn 0.3979 0.8390 -0.3712
vn 0.2303 0.9562 -0.1806
vn 0.2180 0.9563 -0.1947
vn 0.6124 0.6519 -0.4472
vn 0.4442 0.8375 -0.3183
vn 0.2427 0.9559 -0.1655
vn -0.5503 0.6801 0.4844
vn -0.5778 0.6797 0.4518
vn -0.3988 0.8447 0.3571
vn -0.4189 0.8445 0.3336
vn -0.2217 0.9529 0.2068
vn -0.2329 0.9530 0.1937
vn 0.4852 0.6534 -0.5811
vn 0.5158 0.6550 -0.5521
vn 0.3526 0.8383 -0.4157
vn 0.3744 0.8393 -0.3942
vn 0.1936 0.9563 -0.2193
vn 0.2056 0.9563 -0.2077
vn 0.4152 0.6482 -0.6383
vn 0.4526 0.6518 -0.6086
vn 0.3033 0.8351 -0.4590
vn 0.3290 0.8378 -0.4358
vn 0.1667 0.9557 -0.2428
vn 0.1804 0.9562 -0.2307
vn -0.4307 0.6732 0.6011
vn -0.3123 0.8407 0.4423
vn -0.1740 0.9511 0.2551
vn -0.3969 0.6692 0.6282
vn -0.2877 0.8385 0.4627
vn -0.1605 0.9502 0.2670
vn -0.3618 0.6629 0.6555
vn -0.2634 0.8343 0.4843
vn -0.1467 0.9489 0.2793
vn -0.3286 0.6557 0.6798
vn -0.2403 0.8290 0.5050
vn -0.1342 0.9468 0.2926
vn 0.3419 0.6337 -0.6939
vn 0.3741 0.6420 -0.6693
vn 0.2519 0.8262 -0.5039
vn 0.2739 0.8318 -0.4827
vn 0.1401 0.9526 -0.2700
vn 0.1514 0.9546 -0.2567
vn -0.0394 0.4013 0.9151
vn -0.1633 0.6219 0.7658
vn -0.0301 0.7155 0.6980
vn -0.1223 0.8117 0.5711
vn -0.0163 0.9229 0.3848
vn -0.0721 0.9397 0.3343
vn -0.3055 0.6473 0.6984
vn -0.2254 0.8220 0.5230
vn -0.1269 0.9440 0.3045
vn 0.3268 0.6291 -0.7053
vn 0.2420 0.8222 -0.5151
vn 0.1351 0.9509 -0.2784
vn 0.6486 0.6499 -0.3960
vn 0.4718 0.8353 -0.2823
vn 0.2584 0.9549 -0.1466
vn 0.6853 0.6381 -0.3509
vn 0.5015 0.8279 -0.2511
vn 0.2761 0.9522 -0.1306
vn -0.6047 0.6770 0.4194
vn -0.6291 0.6731 0.3888
vn -0.4382 0.8438 0.3098
vn -0.4589 0.8402 0.2890
vn -0.2440 0.9528 0.1805
vn -0.2570 0.9514 0.1694
vn -0.9053 0.4186 0.0718
vn -0.6828 0.7280 0.0616
vn -0.3686 0.9286 0.0428
vn -0.7301 0.6491 0.2136
vn -0.5367 0.8276 0.1643
vn -0.3070 0.9460 0.1039
vn 0.7037 0.6303 -0.3279
vn 0.5210 0.8200 -0.2371
vn 0.2890 0.9493 -0.1235
vn -0.6470 0.6679 0.3678
vn -0.4753 0.8356 0.2755
vn -0.2679 0.9496 0.1629
vn 0.4511 0.3726 -0.8110
vn 0.7913 0.3727 -0.4847
vn -0.2738 0.1911 -0.9426
vn -0.2738 0.1912 -0.9426
vn -0.9629 -0.2635 -0.0580
vn 0.4824 0.3703 -0.7938
vn 0.9448 0.2041 0.2565
vn 0.9448 0.2041 0.2564
vn 0.0850 -0.2510 0.9642
vn 0.8132 0.3734 -0.4463
vn -0.0023 0.9154 0.4025
vn -0.0006 0.6909 0.7229
vn 0.0012 0.3620 0.9322
vn -0.9230 -0.0060 0.3848
vn -0.3775 -0.0169 0.9258
vn -0.7029 -0.0124 0.7112
vn 0.6922 -0.6968 0.1877
vn 0.6924 -0.6969 0.1872
vn 0.1664 -0.1821 0.9691
vn 0.6270 -0.6211 -0.4701
vn -0.9241 0.3820 0.0116
vn -0.7077 0.7063 0.0170
vn -0.3827 0.9237 0.0198
vn 0.6852 0.2432 -0.6866
vn 0.6850 0.2442 -0.6864
vn 0.1522 0.9788 -0.1369
vn 0.6277 -0.4435 -0.6398
vn -0.1561 -0.6875 -0.7092
vn -0.9773 -0.1477 -0.1522
vn 0.4532 -0.6209 -0.6396
vn -0.0075 0.4173 -0.9088
vn -0.0075 0.7388 -0.6738
vn -0.0068 0.8797 -0.4756
vn -0.0064 0.9346 -0.3555
vn -0.1078 0.9939 -0.0243
vn -0.0043 0.9906 0.1366
vn 0.3651 0.9307 0.0211
vn 0.5635 0.8260 0.0133
vn 0.6826 0.7307 0.0110
vn 0.9144 0.4047 0.0038
vn -0.3157 0.8896 0.3300
vn -0.4993 0.7006 0.5098
vn -0.5210 0.6666 0.5330
vn -0.6872 0.2179 0.6931
vn -0.4254 0.7921 0.4378
vn -0.5548 0.6101 0.5656
vn -0.4040 0.0169 -0.9146
vn -0.7274 0.0127 -0.6861
vn -0.9312 0.0067 -0.3643
vn -0.9831 -0.1197 -0.1383
vn -0.5150 0.0159 -0.8571
vn -0.8909 0.0083 -0.4540
vn -0.9923 0.1027 -0.0699
vn -0.4048 -0.9143 -0.0157
vn -0.4326 -0.9015 -0.0153
vn -0.7314 -0.6819 -0.0098
vn -0.8268 -0.5624 -0.0072
vn -0.9345 -0.3560 -0.0028
vn -0.9927 -0.0026 0.1206
vn -0.8972 0.3064 0.3181
vn -0.7975 0.4150 0.4379
vn -0.6523 0.5252 0.5465
vn -0.3197 0.6573 0.6825
vn -0.7204 0.4324 0.5423
vn -0.1148 -0.0125 0.9933
vn 0.0039 -0.3700 0.9290
vn 0.0043 -0.5455 0.8381
vn 0.0045 -0.6745 0.7383
vn 0.0046 -0.8172 0.5764
vn 0.0045 -0.8992 0.4376
vn 0.1422 -0.1340 0.9807
vn 0.3323 -0.0178 0.9430
vn 0.6711 -0.0140 0.7412
vn 0.9162 -0.0076 0.4006
vn 0.0766 0.0839 0.9935
vn 0.5024 -0.0164 0.8645
vn -0.2997 0.2849 0.9105
vn -0.5434 0.4519 0.7075
vn -0.5155 0.5041 0.6929
vn -0.5520 0.5421 0.6335
vn -0.6831 0.6784 0.2702
vn -0.3953 0.3814 0.8356
vn -0.0024 0.9307 -0.3658
vn -0.0044 0.7201 -0.6939
vn -0.0057 0.3998 -0.9166
vn 0.9240 0.3824 0.0033
vn 0.7071 0.7071 0.0104
vn 0.3825 0.9238 0.0160
vn -0.6668 0.3069 0.6791
vn -0.5182 0.6663 0.5362
vn -0.2782 0.9130 0.2984
vn -0.9255 0.0070 -0.3786
vn -0.7100 0.0131 -0.7040
vn -0.3866 0.0171 -0.9221
vn -0.9247 -0.3807 -0.0033
vn -0.7069 -0.7073 -0.0104
vn -0.3811 -0.9244 -0.0159
vn -0.3962 0.6378 0.6605
vn -0.7057 0.4912 0.5106
vn -0.9204 0.2700 0.2829
vn 0.0022 -0.9086 0.4176
vn 0.0036 -0.6947 0.7193
vn 0.0045 -0.3865 0.9223
vn 0.9259 -0.0065 0.3777
vn 0.7100 -0.0122 0.7041
vn 0.3866 -0.0160 0.9221
vn -0.6616 0.6598 0.3563
vn -0.5088 0.5021 0.6993
vn -0.2714 0.2609 0.9264
vn 0.3770 0.0176 -0.9260
vn 0.7033 0.0135 -0.7108
vn 0.7035 0.0135 -0.7106
vn 0.9219 0.0074 -0.3873
vn 0.9947 0.0019 -0.1025
vn -0.5810 -0.0156 0.8138
vn -0.5728 0.1331 0.8089
vn 0.3866 -0.0176 0.9221
vn 0.3850 0.0788 0.9196
vn 0.9876 -0.0030 0.1568
vn 0.3860 -0.0176 0.9223
vn -0.0043 0.1809 -0.9835
vn 0.0108 0.9304 -0.3664
vn -0.0016 0.9304 -0.3665
vn -0.0041 0.1809 -0.9835
vn 0.0059 0.5656 -0.8246
vn 0.0107 0.9789 0.2038
vn 0.0108 0.9320 -0.3623
vn 0.0026 0.8004 0.5994
vn 0.0007 -0.9898 0.1424
vn -0.1471 -0.9791 0.1406
vn 0.0040 -0.3995 0.9167
vn -0.0935 -0.3973 0.9129
vn 0.0003 -0.9981 0.0619
vn 0.0007 -0.9899 0.1418
vn 0.0040 -0.3993 0.9168
vn 0.0040 -0.3994 0.9168
vn 0.0035 0.5691 0.8222
vn 0.9247 -0.3806 -0.0111
vn 0.7077 -0.7064 -0.0156
vn 0.7099 -0.7042 -0.0156
vn 0.3841 -0.9231 -0.0178
vn -0.9249 -0.3788 0.0336
vn -0.1573 -0.9814 0.1103
vn -0.8077 0.5847 -0.0754
vn -0.9233 -0.3825 0.0336
vn -0.9250 -0.3785 0.0335
vn -0.1566 -0.9815 0.1103
vn -0.1656 -0.0185 -0.9860
vn -0.6559 -0.1331 -0.7431
vn -0.6624 -0.1347 -0.7369
vn -0.9056 -0.2068 0.3704
vn -0.1671 -0.0186 -0.9858
vn -0.8974 -0.2016 -0.3924
vn -0.8994 -0.2022 -0.3875
vn -0.8031 -0.1902 0.5646
vn -0.0017 -0.9164 -0.4002
vn -0.0030 -0.6935 -0.7204
vn -0.0040 -0.3656 -0.9308
vn -0.0043 -0.0794 -0.9968
vn -0.0031 -0.6935 -0.7204
vn 0.3849 0.9229 0.0089
vn 0.3823 0.9239 0.0140
vn -0.5807 0.8139 0.0172
vn 0.3834 0.9236 0.0035
vn 0.9857 0.1686 -0.0021
vn -0.3253 0.3161 -0.8912
vn -0.3067 0.3335 -0.8915
vn -0.4725 0.4595 -0.7521
vn -0.4457 0.4851 -0.7524
vn -0.6589 0.7161 -0.2302
vn -0.7183 0.6952 0.0265
vn -0.6766 0.7358 0.0277
vn -0.3413 0.2981 -0.8914
vn -0.4955 0.4332 -0.7528
vn -0.6993 0.6764 -0.2312
vn -0.7555 0.6547 0.0257
vn 0.2676 -0.2910 -0.9185
vn 0.2483 -0.3076 -0.9185
vn 0.4115 -0.4468 -0.7943
vn 0.5920 -0.7303 -0.3408
vn 0.6737 -0.7325 -0.0975
vn 0.6363 -0.6918 -0.3413
vn 0.2272 -0.3239 -0.9184
vn 0.3813 -0.4719 -0.7949
vn 0.5436 -0.7669 -0.3412
vn 0.6272 -0.7728 -0.0971
vn -0.2669 0.3669 -0.8912
vn -0.2872 0.3511 -0.8912
vn -0.3881 0.5335 -0.7515
vn -0.6142 0.7551 -0.2293
vn -0.5849 0.8107 0.0277
vn -0.5694 0.7896 -0.2286
vn -0.4175 0.5108 -0.7515
vn -0.6310 0.7753 0.0280
vn 0.2864 -0.2748 -0.9179
vn 0.3022 -0.2582 -0.9176
vn 0.4384 -0.4207 -0.7942
vn 0.4631 -0.3957 -0.7930
vn 0.7112 -0.6147 -0.3410
vn 0.7165 -0.6907 -0.0978
vn 0.7534 -0.6501 -0.0985
vn 0.6767 -0.6526 -0.3409
vn 0.3169 -0.2410 -0.9173
vn 0.3339 -0.2211 -0.9163
vn 0.4866 -0.3691 -0.7918
vn 0.5118 -0.3386 -0.7896
vn 0.7792 -0.5274 -0.3387
vn 0.7887 -0.6068 -0.0987
vn 0.8247 -0.5566 -0.1002
vn 0.7448 -0.5737 -0.3408
vn -0.3581 0.2805 -0.8906
vn -0.5193 0.4068 -0.7516
vn -0.7357 0.6370 -0.2302
vn -0.7909 0.6115 0.0238
vn -0.3754 0.2607 -0.8894
vn -0.5432 0.3779 -0.7497
vn -0.7701 0.5946 -0.2310
vn -0.8255 0.5640 0.0213
vn -0.3930 0.2402 -0.8876
vn -0.5675 0.3484 -0.7461
vn -0.8041 0.5480 -0.2306
vn -0.8577 0.5138 0.0181
vn -0.4118 0.2215 -0.8840
vn -0.5906 0.3221 -0.7399
vn -0.8355 0.4980 -0.2323
vn -0.8844 0.4663 0.0193
vn 0.3517 -0.1997 -0.9146
vn 0.3691 -0.1842 -0.9110
vn 0.5382 -0.3041 -0.7860
vn 0.5616 -0.2796 -0.7787
vn 0.8369 -0.4349 -0.3323
vn 0.8600 -0.5003 -0.1005
vn 0.8845 -0.4561 -0.0984
vn 0.8127 -0.4755 -0.3367
vn -0.4598 0.1301 -0.8784
vn -0.3940 0.0155 -0.9190
vn -0.8276 0.2048 -0.5226
vn -0.7205 0.0116 -0.6934
vn -0.9762 0.2121 -0.0451
vn -0.9362 0.0061 -0.3513
vn -0.1989 0.1058 -0.9743
vn -0.6123 0.3041 -0.7298
vn -0.8643 0.4504 -0.2237
vn -0.9019 0.4314 0.0238
vn -0.6248 0.2989 -0.7213
vn -0.8844 0.4176 -0.2083
vn 0.3799 -0.1773 -0.9079
vn 0.5742 -0.2706 -0.7727
vn 0.8950 -0.4356 -0.0958
vn 0.8494 -0.4143 -0.3268
vn 0.1998 -0.3435 -0.9177
vn 0.3491 -0.4976 -0.7940
vn 0.4805 -0.8089 -0.3389
vn 0.5752 -0.8121 -0.0983
vn 0.1772 -0.3666 -0.9133
vn 0.3057 -0.5300 -0.7910
vn 0.4213 -0.8438 -0.3323
vn 0.5058 -0.8570 -0.0984
vn -0.2296 0.4015 -0.8866
vn -0.2478 0.3840 -0.8895
vn -0.3358 0.5780 -0.7438
vn -0.5227 0.8220 -0.2260
vn -0.4924 0.8699 0.0292
vn -0.4767 0.8513 -0.2194
vn -0.3602 0.5569 -0.7484
vn -0.5369 0.8432 0.0277
vn -0.0064 0.3966 -0.9179
vn 0.0038 0.7233 -0.6905
vn 0.0131 0.9378 -0.3469
vn -0.1285 0.4592 -0.8790
vn -0.2089 0.8307 -0.5160
vn -0.2191 0.9754 -0.0223
vn 0.1667 -0.3835 -0.9084
vn 0.2679 -0.5639 -0.7812
vn 0.3900 -0.8628 -0.3218
vn 0.4398 -0.8932 -0.0935
vn 0.4074 -0.9093 -0.0852
vn 0.2529 -0.5832 -0.7719
vn 0.3824 -0.8645 -0.3261
vn -0.2194 0.4171 -0.8820
vn -0.4463 0.8715 -0.2031
vn -0.3185 0.5982 -0.7353
vn -0.4597 0.8873 0.0365
vn -0.4799 0.5218 0.7052
vn -0.5109 0.4927 0.7044
vn -0.3421 0.3719 0.8629
vn -0.3645 0.3507 0.8626
vn -0.1827 0.1985 0.9629
vn -0.1948 0.1863 0.9630
vn -0.5389 0.4640 0.7030
vn -0.3852 0.3301 0.8618
vn -0.2066 0.1750 0.9626
vn 0.4913 -0.6037 0.6279
vn 0.5268 -0.5729 0.6279
vn 0.3621 -0.4440 0.8196
vn 0.3877 -0.4218 0.8197
vn 0.2062 -0.2518 0.9455
vn 0.2201 -0.2396 0.9456
vn 0.4523 -0.6348 0.6265
vn 0.3338 -0.4664 0.8192
vn 0.1908 -0.2639 0.9455
vn -0.4470 0.5506 0.7050
vn -0.4140 0.5776 0.7035
vn -0.3179 0.3924 0.8631
vn -0.2944 0.4125 0.8621
vn -0.1690 0.2101 0.9630
vn -0.1559 0.2210 0.9627
vn 0.5897 -0.5116 0.6249
vn 0.5600 -0.5416 0.6269
vn 0.4336 -0.3777 0.8181
vn 0.4118 -0.3992 0.8192
vn 0.2456 -0.2160 0.9450
vn 0.2336 -0.2276 0.9453
vn 0.6484 -0.4431 0.6191
vn 0.6179 -0.4798 0.6229
vn 0.4777 -0.3292 0.8145
vn 0.4548 -0.3552 0.8167
vn 0.2704 -0.1901 0.9438
vn 0.2574 -0.2039 0.9445
vn -0.5668 0.4340 0.7003
vn -0.4056 0.3084 0.8605
vn -0.2187 0.1634 0.9620
vn -0.5954 0.4013 0.6960
vn -0.4276 0.2854 0.8577
vn -0.2314 0.1506 0.9611
vn -0.6237 0.3669 0.6902
vn -0.4493 0.2610 0.8544
vn -0.2435 0.1369 0.9602
vn -0.6488 0.3344 0.6835
vn -0.4708 0.2386 0.8494
vn -0.2580 0.1255 0.9580
vn 0.7045 -0.3703 0.6054
vn 0.6797 -0.4022 0.6133
vn 0.5241 -0.2793 0.8045
vn 0.5025 -0.3008 0.8106
vn 0.2983 -0.1641 0.9403
vn 0.2842 -0.1747 0.9427
vn -0.9001 0.0558 0.4321
vn -0.7405 0.1719 0.6497
vn -0.6730 0.0355 0.7388
vn -0.5405 0.1226 0.8324
vn -0.3534 0.0099 0.9354
vn -0.3010 0.0640 0.9515
vn -0.6686 0.3120 0.6750
vn -0.4891 0.2241 0.8429
vn -0.2693 0.1177 0.9558
vn 0.7168 -0.3558 0.5997
vn 0.5357 -0.2697 0.8001
vn 0.3062 -0.1592 0.9386
vn 0.4010 -0.6712 0.6234
vn 0.2974 -0.4937 0.8172
vn 0.1711 -0.2785 0.9451
vn 0.3534 -0.7051 0.6148
vn 0.2651 -0.5225 0.8104
vn 0.1550 -0.2967 0.9423
vn -0.3806 0.6032 0.7009
vn -0.3495 0.6267 0.6964
vn -0.2704 0.4316 0.8606
vn -0.2489 0.4513 0.8570
vn -0.1431 0.2328 0.9619
vn -0.1310 0.2444 0.9608
vn -0.0341 0.8996 0.4355
vn -0.0197 0.6729 0.7395
vn -0.0023 0.3535 0.9354
vn -0.1727 0.7239 0.6679
vn -0.1227 0.5257 0.8418
vn -0.0642 0.2922 0.9542
vn 0.3301 -0.7231 0.6068
vn 0.2499 -0.5402 0.8036
vn 0.1475 -0.3094 0.9394
vn -0.3282 0.6441 0.6910
vn -0.2351 0.4673 0.8523
vn -0.1243 0.2552 0.9589
vn 0.8099 -0.4791 0.3383
vn 0.4657 0.8756 -0.1284
vn 0.6081 -0.7130 0.3490
vn 0.0768 0.9671 -0.2423
vn 0.6861 -0.6400 0.3460
vn -0.9743 -0.0558 -0.2180
vn 0.4405 -0.8288 0.3450
vn 0.8387 0.3766 0.3934
vn 0.8395 0.3544 0.4118
vn 0.6789 0.5100 0.5282
vn 0.6805 0.4775 0.5558
vn 0.1270 0.6509 0.7484
vn -0.1324 0.6938 0.7079
vn -0.1324 0.6512 0.7473
vn 0.8385 0.3936 0.3768
vn 0.6788 0.5337 0.5043
vn 0.1252 0.6941 0.7089
vn -0.1301 0.7333 0.6674
vn 0.9550 -0.1963 -0.2224
vn 0.9551 -0.1749 -0.2390
vn 0.8541 -0.3439 -0.3902
vn 0.4404 -0.5453 -0.7132
vn 0.2021 -0.6436 -0.7382
vn 0.4394 -0.5909 -0.6766
vn 0.9548 -0.1536 -0.2546
vn 0.8543 -0.3114 -0.4162
vn 0.4386 -0.4969 -0.7488
vn 0.2024 -0.5960 -0.7771
vn 0.8385 0.3166 0.4434
vn 0.8388 0.3372 0.4275
vn 0.6781 0.4218 0.6019
vn 0.1259 0.6075 0.7843
vn -0.1324 0.5575 0.8196
vn 0.1242 0.5611 0.8184
vn 0.6785 0.4527 0.5785
vn -0.1324 0.6052 0.7850
vn 0.9548 -0.2139 -0.2065
vn 0.9546 -0.2291 -0.1903
vn 0.8539 -0.3701 -0.3659
vn 0.8537 -0.3937 -0.3407
vn 0.4393 -0.6683 -0.6003
vn 0.2026 -0.6874 -0.6975
vn 0.2036 -0.7254 -0.6575
vn 0.4394 -0.6324 -0.6380
vn 0.9536 -0.2463 -0.1731
vn 0.9533 -0.2595 -0.1548
vn 0.8526 -0.4175 -0.3143
vn 0.8501 -0.4426 -0.2852
vn 0.4389 -0.7359 -0.5155
vn 0.2036 -0.7613 -0.6156
vn 0.2048 -0.7997 -0.5644
vn 0.4391 -0.7005 -0.5625
vn 0.8390 0.4086 0.3593
vn 0.6792 0.5561 0.4789
vn 0.1274 0.7324 0.6688
vn -0.1275 0.7691 0.6263
vn 0.8370 0.4287 0.3402
vn 0.6762 0.5828 0.4507
vn 0.1278 0.7665 0.6294
vn -0.1241 0.8054 0.5796
vn 0.8378 0.4436 0.3182
vn 0.6765 0.6052 0.4196
vn 0.1297 0.8026 0.5823
vn -0.1198 0.8392 0.5304
vn 0.8490 0.4420 0.2897
vn 0.6869 0.6150 0.3873
vn 0.1300 0.8347 0.5351
vn -0.1186 0.8662 0.4854
vn 0.9516 -0.2725 -0.1424
vn 0.9467 -0.2870 -0.1466
vn 0.8452 -0.4682 -0.2577
vn 0.8318 -0.4978 -0.2456
vn 0.4212 -0.8072 -0.4136
vn 0.2045 -0.8424 -0.4986
vn 0.1973 -0.8747 -0.4427
vn 0.4331 -0.7757 -0.4591
vn 0.9167 0.3714 0.1472
vn 0.9185 0.3946 0.0237
vn 0.8130 0.5661 0.1363
vn 0.6768 0.7355 0.0300
vn -0.0229 0.9725 0.2318
vn 0.3332 0.9424 0.0311
vn 0.3028 0.9525 0.0316
vn 0.9752 0.1715 0.1403
vn 0.7136 0.6046 0.3539
vn 0.1282 0.8635 0.4878
vn -0.1204 0.8854 0.4491
vn 0.7069 0.6148 0.3497
vn 0.1203 0.8832 0.4533
vn 0.9359 -0.3149 -0.1581
vn 0.8155 -0.5220 -0.2501
vn 0.1879 -0.8897 -0.4161
vn 0.4076 -0.8251 -0.3911
vn 0.9531 -0.1290 -0.2739
vn 0.8540 -0.2770 -0.4404
vn 0.4348 -0.4314 -0.7904
vn 0.2020 -0.5441 -0.8144
vn 0.9495 -0.1034 -0.2962
vn 0.8483 -0.2374 -0.4734
vn 0.4253 -0.3737 -0.8243
vn 0.2003 -0.4725 -0.8583
vn 0.8349 0.2767 0.4758
vn 0.8375 0.2961 0.4593
vn 0.6716 0.3681 0.6430
vn 0.1245 0.5130 0.8493
vn -0.1325 0.4634 0.8762
vn 0.1176 0.4650 0.8775
vn 0.6760 0.3942 0.6226
vn -0.1310 0.5095 0.8505
vn 0.8814 0.0574 0.4689
vn 0.6303 0.0221 0.7760
vn 0.2722 -0.0170 0.9621
vn 0.8301 0.1745 0.5296
vn 0.4346 0.2191 0.8736
vn -0.0699 0.1914 0.9790
vn 0.9454 -0.0925 -0.3126
vn 0.8401 -0.1973 -0.5053
vn 0.4139 -0.3424 -0.8435
vn 0.1930 -0.4060 -0.8932
vn 0.1851 -0.3741 -0.9087
vn 0.8313 -0.1813 -0.5255
vn 0.4189 -0.3345 -0.8442
vn 0.8293 0.2667 0.4911
vn 0.1018 0.4321 0.8961
vn 0.6622 0.3508 0.6621
vn -0.1379 0.4300 0.8923
vn -0.7752 0.4161 0.4754
vn -0.7745 0.4472 0.4473
vn -0.9111 0.2717 0.3100
vn -0.9108 0.2944 0.2895
vn -0.9860 0.1103 0.1250
vn -0.9860 0.1219 0.1140
vn -0.7726 0.4763 0.4198
vn -0.9093 0.3172 0.2694
vn -0.9852 0.1370 0.1030
vn -0.5434 -0.5152 -0.6628
vn -0.5430 -0.5517 -0.6331
vn -0.7556 -0.4036 -0.5159
vn -0.7555 -0.4298 -0.4945
vn -0.9064 -0.2624 -0.3309
vn -0.9064 -0.2771 -0.3188
vn -0.5430 -0.4737 -0.6934
vn -0.7556 -0.3735 -0.5381
vn -0.9064 -0.2470 -0.3428
vn -0.7748 0.3828 0.5031
vn -0.7742 0.3466 0.5296
vn -0.9109 0.2471 0.3305
vn -0.9103 0.2214 0.3497
vn -0.9858 0.0971 0.1369
vn -0.9854 0.0838 0.1480
vn -0.5413 -0.6154 -0.5729
vn -0.5433 -0.5831 -0.6040
vn -0.7545 -0.4765 -0.4514
vn -0.7554 -0.4537 -0.4728
vn -0.9058 -0.3033 -0.2959
vn -0.9063 -0.2903 -0.3073
vn -0.5370 -0.6777 -0.5024
vn -0.5394 -0.6446 -0.5418
vn -0.7518 -0.5240 -0.4002
vn -0.7536 -0.4979 -0.4292
vn -0.9056 -0.3295 -0.2671
vn -0.9060 -0.3142 -0.2838
vn -0.7702 0.5043 0.3905
vn -0.9082 0.3364 0.2492
vn -0.9848 0.1474 0.0916
vn -0.7650 0.5348 0.3589
vn -0.9052 0.3598 0.2261
vn -0.9837 0.1612 0.0795
vn -0.7586 0.5639 0.3265
vn -0.9000 0.3849 0.2047
vn -0.9816 0.1783 0.0687
vn -0.7429 0.5990 0.2986
vn -0.8858 0.4226 0.1916
vn -0.9723 0.2220 0.0735
vn -0.5208 -0.7603 -0.3881
vn -0.5286 -0.7233 -0.4444
vn -0.7412 -0.5972 -0.3064
vn -0.7478 -0.5609 -0.3552
vn -0.9031 -0.3816 -0.1969
vn -0.9044 -0.3554 -0.2360
vn -0.4863 0.8705 0.0758
vn -0.6763 0.7160 0.1732
vn -0.7589 0.6488 0.0557
vn -0.8177 0.5606 0.1303
vn -0.9341 0.3558 0.0292
vn -0.9205 0.3822 0.0813
vn -0.7218 0.6309 0.2844
vn -0.8592 0.4729 0.1953
vn -0.9584 0.2720 0.0862
vn -0.5169 -0.7776 -0.3580
vn -0.7423 -0.6097 -0.2781
vn -0.9101 -0.3780 -0.1696
vn -0.5400 -0.4230 -0.7277
vn -0.7531 -0.3385 -0.5641
vn -0.9063 -0.2267 -0.3567
vn -0.5321 -0.3732 -0.7600
vn -0.7472 -0.3041 -0.5909
vn -0.9035 -0.2093 -0.3741
vn -0.7707 0.3145 0.5541
vn -0.7656 0.2829 0.5779
vn -0.9084 0.1982 0.3680
vn -0.9049 0.1765 0.3874
vn -0.9848 0.0705 0.1590
vn -0.9837 0.0582 0.1701
vn -0.5478 -0.0259 0.8362
vn -0.7895 -0.0506 0.6117
vn -0.9579 -0.0718 0.2780
vn -0.7247 0.1497 0.6726
vn -0.8867 0.0493 0.4597
vn -0.9763 -0.0102 0.2160
vn -0.5236 -0.3494 -0.7770
vn -0.7399 -0.2881 -0.6079
vn -0.9002 -0.2018 -0.3858
vn -0.7603 0.2604 0.5951
vn -0.9003 0.1627 0.4037
vn -0.9821 0.0519 0.1809
vn -0.2416 -0.8153 -0.5262
vn -0.2443 -0.4753 -0.8452
vn -0.1169 -0.9710 0.2085
vn -0.1168 -0.9710 0.2088
vn 0.1755 -0.0846 0.9808
vn -0.2451 -0.4960 -0.8330
vn -0.2451 -0.4956 -0.8333
vn 0.1515 0.9881 -0.0258
vn -0.2456 -0.5198 -0.8182
vn -0.3728 0.8499 -0.3723
vn -0.5855 0.4649 0.6641
vn -0.6438 0.4651 0.6076
vn 0.7992 0.5972 0.0681
vn 0.7992 0.5971 0.0681
vn -0.6063 -0.7937 0.0493
vn -0.1003 0.6627 -0.7422
vn -0.1003 0.6626 -0.7422
vn -0.2157 -0.0441 0.9755
vn -0.6397 0.6325 0.4368
vn 0.5931 -0.1870 -0.7831
vn 0.8173 -0.5340 0.2163
vn 0.3931 0.8764 -0.2783
vn -0.6727 0.4986 -0.5467
vn -0.8868 0.3098 -0.3430
vn -0.9759 0.2076 -0.0671
vn -0.4986 0.1008 0.8609
vn -0.6217 0.7471 -0.2353
vn 0.0786 0.6936 -0.7161
vn 0.7575 -0.4274 -0.4934
vn 0.7575 -0.4272 -0.4935
vn 0.7575 -0.4275 -0.4935
vn -0.4546 -0.5604 0.6922
vn -0.2815 -0.3631 0.8882
vn -0.6576 -0.5970 0.4596
vn -0.0806 0.4838 -0.8715
vn 0.8849 0.0571 0.4623
vn -0.8951 -0.4288 -0.1223
vn 0.1291 -0.4546 0.8813
vn -0.9065 0.3155 0.2807
vn -0.4361 0.8821 -0.1780
vn 0.5744 0.5888 -0.5686
vn 0.4728 -0.5113 -0.7177
vn -0.6171 -0.1026 0.7802
vn 0.5736 -0.3526 -0.7394
vn 0.7437 -0.4894 -0.4554
vn -0.8239 0.5600 -0.0870
vn 0.0103 0.9758 0.2182
vn -0.9233 -0.3827 0.0336
vn 0.1186 0.8867 0.4469
vt 0.129631 0.361744
vt 0.128187 0.367085
vt 0.125808 0.364265
vt 0.014481 0.493987
vt 0.017135 0.478653
vt 0.017529 0.493897
vt 0.124415 0.369792
vt 0.123058 0.375612
vt 0.120742 0.372677
vt 0.047080 0.447537
vt 0.045370 0.433032
vt 0.048333 0.433135
vt 0.113893 0.378853
vt 0.108668 0.378985
vt 0.111686 0.375890
vt 0.015512 0.509196
vt 0.018562 0.509060
vt 0.047593 0.508735
vt 0.046648 0.525145
vt 0.044635 0.508908
vt 0.046065 0.477990
vt 0.043328 0.462576
vt 0.046294 0.462586
vt 0.114965 0.372794
vt 0.118455 0.369774
vt 0.119481 0.378697
vt 0.117213 0.375728
vt 0.047109 0.419091
vt 0.050066 0.419247
vt 0.020509 0.407297
vt 0.021261 0.420878
vt 0.018233 0.420765
vt 0.016473 0.434454
vt 0.018224 0.448676
vt 0.015192 0.448639
vt 0.049548 0.404670
vt 0.052490 0.404881
vt 0.053564 0.385818
vt 0.056476 0.386058
vt 0.026853 0.379839
vt 0.026397 0.393942
vt 0.023365 0.393737
vt 0.110835 0.381978
vt 0.105880 0.382110
vt 0.059568 0.359528
vt 0.062468 0.359747
vt 0.066096 0.328688
vt 0.069125 0.328770
vt 0.030792 0.365670
vt 0.029890 0.380089
vt 0.105305 0.388479
vt 0.100762 0.388735
vt 0.103268 0.385330
vt 0.017153 0.524357
vt 0.020205 0.524173
vt 0.019494 0.539931
vt 0.022548 0.539690
vt 0.053812 0.547008
vt 0.058088 0.579309
vt 0.050910 0.547327
vt 0.126777 0.372683
vt 0.022666 0.556286
vt 0.025716 0.555970
vt 0.026608 0.573102
vt 0.029592 0.572502
vt 0.060974 0.579000
vt 0.066104 0.617392
vt 0.137228 0.361654
vt 0.134805 0.367263
vt 0.132196 0.364486
vt 0.020169 0.478613
vt 0.020568 0.493807
vt 0.031137 0.448083
vt 0.022923 0.434582
vt 0.032398 0.433783
vt 0.044114 0.447481
vt 0.042398 0.432929
vt 0.043740 0.418955
vt 0.036519 0.406065
vt 0.046193 0.404491
vt 0.021603 0.508922
vt 0.023247 0.523987
vt 0.043101 0.478034
vt 0.040562 0.493624
vt 0.040129 0.478077
vt 0.040354 0.462566
vt 0.043536 0.493520
vt 0.041665 0.509083
vt 0.017417 0.463473
vt 0.019502 0.434528
vt 0.021249 0.448713
vt 0.022523 0.434601
vt 0.046596 0.404456
vt 0.041996 0.432948
vt 0.034144 0.419986
vt 0.023538 0.407455
vt 0.024279 0.420993
vt 0.026557 0.407616
vt 0.056675 0.359306
vt 0.040022 0.389893
vt 0.050239 0.385672
vt 0.029419 0.394150
vt 0.033868 0.365959
vt 0.032920 0.380345
vt 0.063057 0.328705
vt 0.022004 0.508919
vt 0.030514 0.493717
vt 0.031580 0.509000
vt 0.043692 0.525406
vt 0.048005 0.547651
vt 0.025591 0.539447
vt 0.028751 0.555656
vt 0.033416 0.524686
vt 0.026007 0.539529
vt 0.023651 0.523997
vt 0.055210 0.579618
vt 0.063029 0.617344
vt 0.032509 0.571905
vt 0.046501 0.493416
vt 0.042874 0.597699
vt 0.045147 0.596315
vt 0.047441 0.594927
vt 0.040161 0.493631
vt 0.041263 0.509088
vt 0.041141 0.447424
vt 0.039729 0.478087
vt 0.143757 0.358353
vt 0.140791 0.364004
vt 0.122088 0.366935
vt 0.047595 0.547566
vt 0.042271 0.567533
vt 0.036802 0.543518
vt 0.095041 0.403142
vt 0.093421 0.409965
vt 0.094268 0.403071
vt 0.092575 0.409727
vt 0.093487 0.402992
vt 0.024682 0.420970
vt 0.014384 0.463470
vt 0.020969 0.493800
vt 0.030094 0.478352
vt 0.020443 0.463474
vt 0.150643 0.354464
vt 0.149410 0.359681
vt 0.142423 0.354736
vt 0.138109 0.356888
vt 0.032867 0.571776
vt 0.029197 0.555886
vt 0.054772 0.579358
vt 0.047430 0.594296
vt 0.102353 0.392556
vt 0.098309 0.392387
vt 0.113019 0.385009
vt 0.108010 0.385133
vt 0.044142 0.418933
vt 0.033383 0.380096
vt 0.044957 0.369864
vt 0.116118 0.381853
vt 0.110156 0.388199
vt 0.030341 0.463031
vt 0.039953 0.462579
vt 0.049590 0.524888
vt 0.274927 0.451153
vt 0.236716 0.487801
vt 0.235302 0.487385
vt 0.043290 0.525399
vt 0.098884 0.397693
vt 0.096061 0.395976
vt 0.099523 0.402950
vt 0.095150 0.403021
vt 0.056237 0.359564
vt 0.049721 0.347983
vt 0.062498 0.329590
vt 0.037200 0.366661
vt 0.150773 0.354368
vt 0.159041 0.353489
vt 0.159031 0.354490
vt 0.133696 0.359299
vt 0.150781 0.353586
vt 0.158888 0.352618
vt 0.029841 0.394052
vt 0.014087 0.478693
vt 0.040740 0.447440
vt 0.026963 0.407581
vt 0.095131 0.396159
vt 0.095971 0.395980
vt 0.107359 0.391668
vt 0.050651 0.385572
vt 0.047469 0.345912
vt 0.036852 0.366515
vt 0.021649 0.448697
vt 0.020843 0.463462
vt 0.020569 0.478604
vt 0.130603 0.369941
vt 0.103960 0.396393
vt 0.298947 0.379508
vt 0.193563 0.368148
vt 0.321240 0.372861
vt 0.107046 0.427116
vt 0.166473 0.452154
vt 0.166013 0.453369
vt 0.109938 0.427040
vt 0.166938 0.450941
vt 0.216882 0.464775
vt 0.205061 0.422334
vt 0.239815 0.423962
vt 0.230248 0.612791
vt 0.135163 0.565882
vt 0.140097 0.561014
vt 0.328100 0.413843
vt 0.275972 0.452195
vt 0.221565 0.547059
vt 0.226706 0.606880
vt 0.220233 0.547272
vt 0.199159 0.401143
vt 0.262724 0.383189
vt 0.273113 0.602013
vt 0.336782 0.516649
vt 0.267698 0.624802
vt 0.094352 0.469112
vt 0.158099 0.480392
vt 0.096775 0.470795
vt 0.263473 0.529781
vt 0.304647 0.506826
vt 0.286483 0.570921
vt 0.208661 0.495365
vt 0.157826 0.481711
vt 0.336746 0.390163
vt 0.344509 0.518728
vt 0.076964 0.453070
vt 0.129730 0.571246
vt 0.060304 0.436867
vt 0.245477 0.630378
vt 0.328378 0.414037
vt 0.327633 0.513927
vt 0.326600 0.417361
vt 0.235239 0.487603
vt 0.250613 0.539773
vt 0.249331 0.540195
vt 0.219661 0.476928
vt 0.155001 0.464046
vt 0.160682 0.458457
vt 0.191819 0.360781
vt 0.344302 0.366311
vt 0.234958 0.487405
vt 0.273432 0.443832
vt 0.274836 0.450930
vt 0.329440 0.514614
vt 0.273583 0.597902
vt 0.270775 0.358462
vt 0.305386 0.305441
vt 0.338819 0.357192
vt 0.216353 0.488219
vt 0.154911 0.464352
vt 0.221182 0.483655
vt 0.263768 0.433270
vt 0.256799 0.431346
vt 0.243975 0.545500
vt 0.249135 0.540347
vt 0.271676 0.435805
vt 0.344642 0.366670
vt 0.271458 0.435568
vt 0.222900 0.546842
vt 0.209838 0.494540
vt 0.210909 0.493521
vt 0.140402 0.560717
vt 0.096609 0.471034
vt 0.141678 0.559507
vt 0.083490 0.431489
vt 0.060441 0.436399
vt 0.229551 0.611975
vt 0.227934 0.609325
vt 0.229843 0.611819
vt 0.227903 0.485414
vt 0.238104 0.551126
vt 0.221452 0.483589
vt 0.093426 0.468669
vt 0.156652 0.472002
vt 0.158348 0.478834
vt 0.217909 0.469860
vt 0.261830 0.648119
vt 0.326332 0.417202
vt 0.277010 0.453239
vt 0.217377 0.468148
vt 0.217721 0.469572
vt 0.195231 0.375256
vt 0.294851 0.381219
vt 0.195581 0.376998
vt 0.247104 0.298691
vt 0.203692 0.347665
vt 0.107058 0.426787
vt 0.109927 0.426724
vt 0.256570 0.431248
vt 0.217589 0.468096
vt 0.255524 0.430295
vt 0.237792 0.551204
vt 0.230043 0.548997
vt 0.210750 0.493356
vt 0.158378 0.479079
vt 0.261351 0.648238
vt 0.280561 0.257262
vt 0.274197 0.320760
vt 0.221261 0.483390
vt 0.217044 0.466774
vt 0.195931 0.378722
vt 0.112465 0.426639
vt 0.292163 0.382413
vt 0.238016 0.488406
vt 0.251895 0.539343
vt 0.325843 0.513248
vt 0.325123 0.420233
vt 0.273798 0.595196
vt 0.142944 0.558305
vt 0.208808 0.495518
vt 0.226482 0.607022
vt 0.328713 0.413051
vt 0.329841 0.514748
vt 0.273027 0.600972
vt 0.273267 0.597875
vt 0.273533 0.595174
vt 0.238076 0.488203
vt 0.211066 0.493214
vt 0.206802 0.497036
vt 0.174690 0.527573
vt 0.159883 0.495764
vt 0.158658 0.542819
vt 0.113009 0.494494
vt 0.165856 0.453558
vt 0.106018 0.426984
vt 0.176218 0.441925
vt 0.135592 0.419099
vt 0.217249 0.466724
vt 0.254475 0.429349
vt 0.281646 0.465655
vt 0.322811 0.442731
vt 0.240441 0.488600
vt 0.283266 0.500757
vt 0.223146 0.546885
vt 0.205553 0.544113
vt 0.204306 0.591145
vt 0.098791 0.472238
vt 0.195143 0.374841
vt 0.298087 0.380087
vt 0.295004 0.381494
vt 0.292281 0.382644
vt 0.119719 0.350070
vt 0.118228 0.355437
vt 0.115849 0.352583
vt 0.458772 0.450248
vt 0.456109 0.465477
vt 0.455746 0.450328
vt 0.114424 0.358142
vt 0.113046 0.363982
vt 0.110729 0.361032
vt 0.426258 0.496504
vt 0.427970 0.510987
vt 0.425011 0.510885
vt 0.103852 0.367216
vt 0.098611 0.367345
vt 0.101641 0.364243
vt 0.457832 0.435156
vt 0.454805 0.435267
vt 0.425905 0.435388
vt 0.426975 0.419001
vt 0.428860 0.435235
vt 0.427289 0.466095
vt 0.430005 0.481488
vt 0.427043 0.481477
vt 0.104934 0.361142
vt 0.108438 0.358117
vt 0.109453 0.367068
vt 0.107184 0.364087
vt 0.426235 0.524908
vt 0.423284 0.524751
vt 0.452811 0.536671
vt 0.452049 0.523110
vt 0.455072 0.523221
vt 0.456821 0.509554
vt 0.455066 0.495360
vt 0.458093 0.495394
vt 0.423784 0.539316
vt 0.420838 0.539106
vt 0.419801 0.558178
vt 0.416890 0.557942
vt 0.446516 0.564113
vt 0.446947 0.550019
vt 0.449976 0.550219
vt 0.100786 0.370344
vt 0.095818 0.370485
vt 0.413864 0.584484
vt 0.410970 0.584272
vt 0.407393 0.615257
vt 0.404372 0.615178
vt 0.442605 0.578283
vt 0.443480 0.563869
vt 0.095270 0.376855
vt 0.090745 0.377157
vt 0.093216 0.373727
vt 0.456369 0.420065
vt 0.453325 0.420216
vt 0.454202 0.404521
vt 0.451155 0.404723
vt 0.419954 0.397065
vt 0.415669 0.364611
vt 0.422867 0.396757
vt 0.116786 0.361054
vt 0.451285 0.388171
vt 0.448243 0.388413
vt 0.447873 0.371444
vt 0.444833 0.371715
vt 0.412776 0.364931
vt 0.407348 0.326552
vt 0.127359 0.350056
vt 0.124877 0.355664
vt 0.122278 0.352853
vt 0.453093 0.465517
vt 0.452727 0.450407
vt 0.442175 0.495957
vt 0.450381 0.509429
vt 0.440922 0.510232
vt 0.429219 0.496560
vt 0.430937 0.511089
vt 0.429599 0.525043
vt 0.436816 0.537917
vt 0.427141 0.539495
vt 0.451784 0.435379
vt 0.450289 0.420370
vt 0.430249 0.466058
vt 0.432834 0.450510
vt 0.433215 0.466021
vt 0.432974 0.481500
vt 0.429866 0.450600
vt 0.431826 0.435081
vt 0.455860 0.480598
vt 0.453797 0.509482
vt 0.452047 0.495324
vt 0.450781 0.509410
vt 0.426738 0.539529
vt 0.431338 0.511070
vt 0.439182 0.524010
vt 0.449785 0.536516
vt 0.449034 0.522998
vt 0.446770 0.536360
vt 0.416752 0.584698
vt 0.433333 0.554084
vt 0.423125 0.558318
vt 0.443927 0.549816
vt 0.439530 0.578001
vt 0.440451 0.563618
vt 0.410425 0.615237
vt 0.451385 0.435380
vt 0.442842 0.450458
vt 0.441867 0.435230
vt 0.429933 0.418763
vt 0.425785 0.396444
vt 0.448116 0.404927
vt 0.445208 0.388654
vt 0.440170 0.419575
vt 0.447702 0.404840
vt 0.449887 0.420357
vt 0.418556 0.364289
vt 0.410423 0.326576
vt 0.441795 0.371990
vt 0.426906 0.450690
vt 0.141034 0.342912
vt 0.132881 0.342269
vt 0.141050 0.342144
vt 0.133113 0.341452
vt 0.141064 0.341374
vt 0.433234 0.450504
vt 0.432227 0.435078
vt 0.432187 0.496616
vt 0.433615 0.466013
vt 0.133943 0.346813
vt 0.130912 0.352449
vt 0.112090 0.355260
vt 0.426196 0.396531
vt 0.431723 0.376436
vt 0.436973 0.400708
vt 0.085086 0.391841
vt 0.083393 0.398811
vt 0.084292 0.391768
vt 0.082621 0.398484
vt 0.083493 0.391691
vt 0.448633 0.523021
vt 0.458888 0.480596
vt 0.452329 0.450412
vt 0.443217 0.465766
vt 0.452840 0.480599
vt 0.140903 0.343007
vt 0.139593 0.348206
vt 0.132643 0.343170
vt 0.128291 0.345283
vt 0.441428 0.372121
vt 0.444762 0.388412
vt 0.418996 0.364548
vt 0.426245 0.349473
vt 0.092355 0.380949
vt 0.088358 0.380827
vt 0.102974 0.373379
vt 0.097959 0.373502
vt 0.429197 0.525066
vt 0.439989 0.563867
vt 0.428440 0.574118
vt 0.106079 0.370226
vt 0.100102 0.376550
vt 0.442966 0.481041
vt 0.433374 0.481488
vt 0.424031 0.419237
vt 0.108054 0.336564
vt 0.106334 0.341823
vt 0.104080 0.338901
vt 0.430335 0.418773
vt 0.088930 0.386146
vt 0.086153 0.384446
vt 0.089490 0.391434
vt 0.085201 0.391716
vt 0.417189 0.584440
vt 0.423703 0.596000
vt 0.410981 0.614353
vt 0.436198 0.577304
vt 0.149270 0.342135
vt 0.149251 0.343130
vt 0.123836 0.347657
vt 0.149125 0.341268
vt 0.443506 0.549914
vt 0.459136 0.465436
vt 0.432587 0.496600
vt 0.446364 0.536395
vt 0.085193 0.384633
vt 0.086061 0.384450
vt 0.097327 0.380010
vt 0.422714 0.558418
vt 0.425958 0.598067
vt 0.436546 0.577450
vt 0.451648 0.495340
vt 0.452442 0.480611
vt 0.452695 0.465526
vt 0.120640 0.358321
vt 0.093959 0.384750
vt 0.407588 0.445170
vt 0.405153 0.459719
vt 0.404700 0.445254
vt 0.102487 0.344383
vt 0.101018 0.350105
vt 0.098776 0.347172
vt 0.377050 0.490158
vt 0.379140 0.504161
vt 0.376265 0.504157
vt 0.091956 0.353285
vt 0.086739 0.353486
vt 0.089729 0.350344
vt 0.406707 0.430772
vt 0.403813 0.430864
vt 0.375935 0.430838
vt 0.377085 0.414950
vt 0.378799 0.430700
vt 0.377417 0.460642
vt 0.380313 0.475521
vt 0.377445 0.475572
vt 0.093013 0.347236
vt 0.096538 0.344244
vt 0.097480 0.353110
vt 0.095245 0.350170
vt 0.377930 0.517787
vt 0.375039 0.517736
vt 0.404285 0.527800
vt 0.402831 0.514880
vt 0.405723 0.514843
vt 0.406830 0.501746
vt 0.404716 0.488266
vt 0.407603 0.488218
vt 0.376090 0.532159
vt 0.373182 0.532038
vt 0.372910 0.551972
vt 0.370025 0.551784
vt 0.400376 0.554653
vt 0.399582 0.541014
vt 0.402512 0.540974
vt 0.088959 0.356431
vt 0.084018 0.356687
vt 0.367932 0.580787
vt 0.365072 0.580589
vt 0.362425 0.614619
vt 0.359570 0.614290
vt 0.398004 0.568692
vt 0.397422 0.554698
vt 0.083661 0.363072
vt 0.079178 0.363513
vt 0.081517 0.360004
vt 0.405432 0.416381
vt 0.402528 0.416481
vt 0.403703 0.401509
vt 0.400778 0.401627
vt 0.370825 0.393597
vt 0.368104 0.362382
vt 0.373633 0.393387
vt 0.104736 0.347312
vt 0.401386 0.385719
vt 0.398444 0.385877
vt 0.398447 0.369261
vt 0.395539 0.369698
vt 0.365341 0.362544
vt 0.362432 0.325912
vt 0.115656 0.336938
vt 0.112856 0.342310
vt 0.110452 0.339437
vt 0.402272 0.459790
vt 0.401813 0.445339
vt 0.392392 0.489192
vt 0.400677 0.501859
vt 0.391631 0.502976
vt 0.379918 0.490132
vt 0.382022 0.504162
vt 0.381225 0.517795
vt 0.388868 0.530039
vt 0.379410 0.532223
vt 0.400922 0.430958
vt 0.399624 0.416585
vt 0.380288 0.460569
vt 0.382665 0.445492
vt 0.383160 0.460497
vt 0.383185 0.475471
vt 0.379793 0.445591
vt 0.381671 0.430562
vt 0.405140 0.474158
vt 0.403944 0.501787
vt 0.401832 0.488314
vt 0.401059 0.501827
vt 0.379014 0.532278
vt 0.382411 0.504130
vt 0.390497 0.516353
vt 0.401379 0.527838
vt 0.399939 0.514915
vt 0.398470 0.527871
vt 0.370791 0.580991
vt 0.386283 0.546535
vt 0.376205 0.552032
vt 0.396650 0.541047
vt 0.395022 0.568730
vt 0.394466 0.554737
vt 0.365397 0.614585
vt 0.400540 0.430956
vt 0.392323 0.445414
vt 0.391385 0.430762
vt 0.379955 0.414763
vt 0.376444 0.393169
vt 0.397856 0.401750
vt 0.395513 0.386038
vt 0.389886 0.415684
vt 0.397460 0.401656
vt 0.399239 0.416566
vt 0.370850 0.362209
vt 0.365672 0.326310
vt 0.392699 0.370132
vt 0.376928 0.445690
vt 0.383852 0.345044
vt 0.381621 0.346277
vt 0.379371 0.347514
vt 0.383052 0.445485
vt 0.382059 0.430560
vt 0.382791 0.490105
vt 0.383547 0.460483
vt 0.122554 0.334071
vt 0.119032 0.339475
vt 0.100241 0.341458
vt 0.376836 0.393265
vt 0.382888 0.374110
vt 0.387187 0.397488
vt 0.073894 0.379761
vt 0.072177 0.388288
vt 0.073074 0.379776
vt 0.071333 0.388047
vt 0.072253 0.379790
vt 0.399554 0.514955
vt 0.408027 0.474100
vt 0.401432 0.445345
vt 0.392802 0.460137
vt 0.402256 0.474216
vt 0.130307 0.330919
vt 0.128276 0.335758
vt 0.121460 0.330375
vt 0.116867 0.332309
vt 0.392348 0.370239
vt 0.395093 0.385795
vt 0.371253 0.362477
vt 0.379359 0.348106
vt 0.080889 0.367419
vt 0.076950 0.367255
vt 0.091181 0.359384
vt 0.086230 0.359635
vt 0.380832 0.517833
vt 0.394025 0.555032
vt 0.382516 0.567879
vt 0.094185 0.356232
vt 0.088442 0.362590
vt 0.392802 0.474830
vt 0.383572 0.475451
vt 0.374224 0.415135
vt 0.380343 0.414779
vt 0.077614 0.373168
vt 0.074889 0.370946
vt 0.078199 0.379117
vt 0.074009 0.379610
vt 0.371208 0.580686
vt 0.378759 0.591473
vt 0.365907 0.613598
vt 0.391658 0.568653
vt 0.130454 0.330826
vt 0.139284 0.330534
vt 0.139398 0.331390
vt 0.112286 0.334386
vt 0.130530 0.330006
vt 0.139146 0.329665
vt 0.396245 0.541182
vt 0.408042 0.459647
vt 0.383179 0.490079
vt 0.398081 0.527931
vt 0.073937 0.371239
vt 0.074803 0.370960
vt 0.085802 0.366146
vt 0.375804 0.552164
vt 0.073069 0.371515
vt 0.401450 0.488339
vt 0.401874 0.474235
vt 0.401891 0.459803
vt 0.108592 0.344748
vt 0.082586 0.371328
vt 0.094408 0.410074
vt 0.094439 0.410054
vt 0.094414 0.410102
vt 0.094436 0.410017
vt 0.094460 0.410017
vt 0.094447 0.410074
vt 0.094461 0.410039
vt 0.094516 0.409932
vt 0.094494 0.409925
vt 0.094522 0.409888
vt 0.094502 0.409982
vt 0.094485 0.409977
vt 0.094465 0.409969
vt 0.094476 0.410021
vt 0.094467 0.410094
vt 0.094465 0.410061
vt 0.094487 0.410033
vt 0.094443 0.410114
vt 0.159004 0.354519
vt 0.158967 0.354512
vt 0.159073 0.354512
vt 0.159024 0.354529
vt 0.158962 0.354537
vt 0.158913 0.354536
vt 0.158986 0.354540
vt 0.159043 0.354551
vt 0.159008 0.354546
vt 0.159066 0.354530
vt 0.158977 0.354565
vt 0.158964 0.354553
vt 0.158862 0.354561
vt 0.158866 0.354584
vt 0.158819 0.354585
vt 0.158918 0.354557
vt 0.158921 0.354575
vt 0.092544 0.409700
vt 0.092540 0.409663
vt 0.092571 0.409758
vt 0.092546 0.409724
vt 0.062747 0.328847
vt 0.062761 0.328945
vt 0.062647 0.329111
vt 0.062852 0.328756
vt 0.062833 0.328866
vt 0.062924 0.328797
vt 0.063049 0.328629
vt 0.062914 0.328936
vt 0.062810 0.328973
vt 0.062923 0.328706
vt 0.062557 0.329367
vt 0.062624 0.329408
vt 0.062694 0.329158
vt 0.062766 0.329179
vt 0.158858 0.352595
vt 0.158908 0.352615
vt 0.062725 0.617204
vt 0.062736 0.617105
vt 0.062838 0.617298
vt 0.062966 0.617450
vt 0.062908 0.617335
vt 0.062811 0.617184
vt 0.062597 0.616631
vt 0.062530 0.616672
vt 0.062471 0.616445
vt 0.062740 0.616865
vt 0.062668 0.616886
vt 0.062622 0.616933
vt 0.062785 0.617077
vt 0.062906 0.617251
vt 0.062891 0.617114
vt 0.063005 0.617454
vt 0.235272 0.487433
vt 0.235212 0.487399
vt 0.235249 0.487488
vt 0.235192 0.487434
vt 0.235109 0.487416
vt 0.235137 0.487456
vt 0.235122 0.487437
vt 0.235171 0.487544
vt 0.235239 0.487546
vt 0.235093 0.487475
vt 0.235172 0.487504
vt 0.235181 0.487468
vt 0.235024 0.487417
vt 0.235068 0.487436
vt 0.235020 0.487429
vt 0.235115 0.487464
vt 0.094249 0.469148
vt 0.094056 0.469003
vt 0.093810 0.468923
vt 0.093750 0.468879
vt 0.094187 0.469383
vt 0.093957 0.469068
vt 0.094172 0.469269
vt 0.093701 0.468864
vt 0.093942 0.469086
vt 0.093991 0.469053
vt 0.094194 0.469198
vt 0.328369 0.413604
vt 0.328221 0.413809
vt 0.328531 0.413374
vt 0.328492 0.413445
vt 0.328326 0.413608
vt 0.328355 0.413894
vt 0.328460 0.413628
vt 0.328402 0.413619
vt 0.328439 0.413620
vt 0.328504 0.413423
vt 0.328568 0.413336
vt 0.273113 0.601045
vt 0.273083 0.601292
vt 0.273125 0.601320
vt 0.273142 0.601548
vt 0.273135 0.601635
vt 0.273357 0.600978
vt 0.273192 0.601348
vt 0.273262 0.601052
vt 0.273163 0.601326
vt 0.273186 0.601069
vt 0.298098 0.379981
vt 0.298332 0.379886
vt 0.298075 0.379911
vt 0.298331 0.379838
vt 0.298551 0.379705
vt 0.298597 0.379682
vt 0.297905 0.379815
vt 0.298317 0.379769
vt 0.298017 0.379858
vt 0.298311 0.379747
vt 0.298636 0.379647
vt 0.298529 0.379713
vt 0.210838 0.493327
vt 0.210800 0.493385
vt 0.210935 0.493319
vt 0.210872 0.493348
vt 0.210898 0.493374
vt 0.210846 0.493423
vt 0.210931 0.493343
vt 0.211022 0.493265
vt 0.210954 0.493339
vt 0.210983 0.493293
vt 0.211013 0.493255
vt 0.210937 0.493294
vt 0.210882 0.493470
vt 0.210942 0.493436
vt 0.210922 0.493401
vt 0.210979 0.493339
vt 0.229940 0.612129
vt 0.229800 0.611923
vt 0.230002 0.612365
vt 0.229912 0.612176
vt 0.229669 0.611997
vt 0.229851 0.612245
vt 0.229745 0.611978
vt 0.229867 0.612230
vt 0.230024 0.612408
vt 0.230065 0.612504
vt 0.229882 0.612197
vt 0.229974 0.612329
vt 0.217925 0.469607
vt 0.217893 0.469546
vt 0.217943 0.469518
vt 0.217883 0.469695
vt 0.217889 0.469626
vt 0.217837 0.469566
vt 0.217865 0.469679
vt 0.217854 0.469636
vt 0.217887 0.469797
vt 0.217856 0.469702
vt 0.217882 0.469749
vt 0.217900 0.469794
vt 0.217904 0.469708
vt 0.217778 0.469574
vt 0.217778 0.469643
vt 0.217818 0.469643
vt 0.217844 0.469723
vt 0.106709 0.426999
vt 0.106978 0.427028
vt 0.106735 0.427047
vt 0.106453 0.426981
vt 0.106502 0.426984
vt 0.106979 0.426878
vt 0.106676 0.426913
vt 0.106958 0.426953
vt 0.106682 0.426934
vt 0.106351 0.426968
vt 0.261915 0.648198
vt 0.261713 0.648165
vt 0.261964 0.648310
vt 0.261765 0.648325
vt 0.261596 0.648201
vt 0.261772 0.648449
vt 0.261640 0.648382
vt 0.261807 0.649070
vt 0.261695 0.648611
vt 0.261993 0.648501
vt 0.261380 0.648648
vt 0.261553 0.648502
vt 0.261659 0.648463
vt 0.261477 0.648224
vt 0.261312 0.648345
vt 0.261503 0.648389
vt 0.261319 0.648466
vt 0.344326 0.366200
vt 0.344400 0.366391
vt 0.344397 0.366100
vt 0.344510 0.366268
vt 0.344488 0.366476
vt 0.344613 0.366200
vt 0.344622 0.366347
vt 0.345139 0.365849
vt 0.344789 0.366185
vt 0.344548 0.365978
vt 0.344989 0.366433
vt 0.344768 0.366361
vt 0.344681 0.366290
vt 0.344567 0.366568
vt 0.344756 0.366648
vt 0.344696 0.366462
vt 0.344860 0.366580
vt 0.221387 0.483619
vt 0.221413 0.483529
vt 0.221321 0.483639
vt 0.221356 0.483562
vt 0.221369 0.483478
vt 0.221299 0.483545
vt 0.221326 0.483519
vt 0.221190 0.483584
vt 0.221254 0.483651
vt 0.221205 0.483518
vt 0.221255 0.483587
vt 0.221308 0.483582
vt 0.221319 0.483432
vt 0.221228 0.483454
vt 0.221284 0.483487
vt 0.221262 0.483534
vt 0.060196 0.436901
vt 0.060324 0.436744
vt 0.060077 0.436889
vt 0.060164 0.436710
vt 0.060351 0.436627
vt 0.060057 0.436656
vt 0.060178 0.436577
vt 0.059506 0.436381
vt 0.059959 0.436512
vt 0.059900 0.436821
vt 0.060078 0.436223
vt 0.060120 0.436445
vt 0.060101 0.436554
vt 0.060391 0.436514
vt 0.060371 0.436314
vt 0.060240 0.436457
vt 0.060265 0.436261
vt 0.324893 0.420102
vt 0.324938 0.420192
vt 0.324854 0.420212
vt 0.325027 0.420127
vt 0.324993 0.420195
vt 0.324917 0.420265
vt 0.324830 0.420308
vt 0.324962 0.420249
vt 0.325021 0.420243
vt 0.325068 0.420160
vt 0.325038 0.420327
vt 0.324968 0.420298
vt 0.324814 0.420400
vt 0.324887 0.420448
vt 0.326117 0.419895
vt 0.324902 0.420346
vt 0.324962 0.420393
vt 0.238120 0.488235
vt 0.238051 0.488252
vt 0.238158 0.488271
vt 0.238094 0.488279
vt 0.238033 0.488301
vt 0.238171 0.488377
vt 0.238191 0.488310
vt 0.236144 0.487729
vt 0.238122 0.488393
vt 0.238146 0.488333
vt 0.238022 0.488351
vt 0.238071 0.488402
vt 0.238073 0.488351
vt 0.273617 0.595117
vt 0.273608 0.595214
vt 0.273561 0.595053
vt 0.273637 0.595036
vt 0.273664 0.595148
vt 0.273667 0.595078
vt 0.273712 0.594852
vt 0.273627 0.594852
vt 0.274714 0.595810
vt 0.273746 0.594952
vt 0.273669 0.594952
vt 0.273593 0.594949
vt 0.273699 0.595037
vt 0.273714 0.595122
vt 0.273776 0.595061
vt 0.273711 0.595223
vt 0.208706 0.495397
vt 0.208636 0.495414
vt 0.208744 0.495432
vt 0.208680 0.495441
vt 0.208619 0.495463
vt 0.208690 0.495484
vt 0.208664 0.495476
vt 0.208757 0.495541
vt 0.208778 0.495472
vt 0.208708 0.495556
vt 0.208732 0.495496
vt 0.208697 0.495510
vt 0.208710 0.495465
vt 0.208608 0.495513
vt 0.208657 0.495564
vt 0.210283 0.493976
vt 0.208659 0.495514
vt 0.098768 0.472339
vt 0.098704 0.472282
vt 0.098852 0.472321
vt 0.098832 0.472393
vt 0.098734 0.472357
vt 0.098669 0.472314
vt 0.098787 0.472391
vt 0.098969 0.472532
vt 0.098999 0.472483
vt 0.097359 0.472981
vt 0.098861 0.472504
vt 0.098889 0.472452
vt 0.098922 0.472402
vt 0.098999 0.472482
vt 0.098635 0.472462
vt 0.098731 0.472397
vt 0.098753 0.472482
vt 0.098650 0.472358
vt 0.098810 0.472429
vt 0.226606 0.606868
vt 0.226626 0.606786
vt 0.226659 0.606950
vt 0.226579 0.606917
vt 0.226550 0.606805
vt 0.226550 0.606708
vt 0.226544 0.606856
vt 0.226522 0.606917
vt 0.226572 0.607006
vt 0.226439 0.606891
vt 0.226497 0.606835
vt 0.226475 0.606637
vt 0.226399 0.606676
vt 0.225988 0.608001
vt 0.226483 0.606745
vt 0.226415 0.606780
vt 0.292186 0.382599
vt 0.292276 0.382561
vt 0.292162 0.382680
vt 0.292104 0.382621
vt 0.292188 0.382544
vt 0.292259 0.382513
vt 0.292126 0.382575
vt 0.291908 0.382649
vt 0.291950 0.382722
vt 0.292239 0.381347
vt 0.291979 0.382573
vt 0.292015 0.382636
vt 0.292054 0.382704
vt 0.292074 0.382569
vt 0.292140 0.382516
vt 0.292059 0.382497
vt 0.217199 0.466746
vt 0.217219 0.466678
vt 0.217150 0.466762
vt 0.217174 0.466702
vt 0.217185 0.466639
vt 0.217132 0.466690
vt 0.217152 0.466671
vt 0.217050 0.466719
vt 0.217099 0.466771
vt 0.217062 0.466669
vt 0.217101 0.466720
vt 0.217106 0.466682
vt 0.217139 0.466716
vt 0.217147 0.466604
vt 0.217079 0.466621
vt 0.217663 0.468812
vt 0.217122 0.466648
vt 0.112475 0.426903
vt 0.112535 0.426822
vt 0.112596 0.426881
vt 0.112429 0.426776
vt 0.112507 0.426774
vt 0.112617 0.426806
vt 0.112701 0.426854
vt 0.112576 0.426775
vt 0.112535 0.426726
vt 0.112434 0.426724
vt 0.112598 0.426667
vt 0.112618 0.426745
vt 0.112799 0.426824
vt 0.112803 0.426740
vt 0.111877 0.425730
vt 0.112702 0.426778
vt 0.112705 0.426702
vt 0.084253 0.399045
vt 0.084279 0.399035
vt 0.084251 0.399067
vt 0.084283 0.399002
vt 0.084308 0.399005
vt 0.084280 0.399055
vt 0.084303 0.399028
vt 0.084372 0.398912
vt 0.084348 0.398904
vt 0.084378 0.398865
vt 0.084358 0.398968
vt 0.084338 0.398963
vt 0.084315 0.398953
vt 0.084325 0.399013
vt 0.084290 0.399074
vt 0.084300 0.399049
vt 0.084337 0.399033
vt 0.084254 0.399080
vt 0.149223 0.343158
vt 0.149187 0.343151
vt 0.149292 0.343151
vt 0.149244 0.343168
vt 0.149182 0.343175
vt 0.149133 0.343174
vt 0.149205 0.343178
vt 0.149262 0.343190
vt 0.149227 0.343184
vt 0.149285 0.343169
vt 0.149196 0.343203
vt 0.149184 0.343191
vt 0.149082 0.343198
vt 0.149086 0.343221
vt 0.149039 0.343221
vt 0.149137 0.343195
vt 0.149140 0.343212
vt 0.082600 0.398453
vt 0.082605 0.398418
vt 0.082612 0.398511
vt 0.082596 0.398475
vt 0.410734 0.615094
vt 0.410720 0.614997
vt 0.410832 0.614831
vt 0.410629 0.615186
vt 0.410648 0.615076
vt 0.410557 0.615145
vt 0.410432 0.615313
vt 0.410567 0.615007
vt 0.410670 0.614969
vt 0.410559 0.615236
vt 0.410923 0.614577
vt 0.410855 0.614535
vt 0.410787 0.614784
vt 0.410714 0.614764
vt 0.149096 0.341244
vt 0.149146 0.341265
vt 0.410728 0.326713
vt 0.410718 0.326811
vt 0.410614 0.326620
vt 0.410485 0.326468
vt 0.410544 0.326583
vt 0.410642 0.326733
vt 0.410861 0.327284
vt 0.410927 0.327242
vt 0.410988 0.327469
vt 0.410716 0.327051
vt 0.410788 0.327029
vt 0.410833 0.326982
vt 0.410669 0.326840
vt 0.410546 0.326667
vt 0.410563 0.326804
vt 0.410446 0.326465
vt 0.073013 0.388496
vt 0.073039 0.388483
vt 0.073008 0.388516
vt 0.073044 0.388447
vt 0.073070 0.388444
vt 0.073039 0.388505
vt 0.073064 0.388470
vt 0.073140 0.388329
vt 0.073113 0.388324
vt 0.073146 0.388271
vt 0.359485 0.613869
vt 0.359420 0.613883
vt 0.359450 0.613649
vt 0.073101 0.388392
vt 0.073078 0.388386
vt 0.359463 0.614060
vt 0.359410 0.614079
vt 0.359507 0.614212
vt 0.359522 0.614090
vt 0.359561 0.614390
vt 0.359494 0.614289
vt 0.359457 0.614153
vt 0.139385 0.331416
vt 0.139350 0.331414
vt 0.139430 0.331391
vt 0.139407 0.331419
vt 0.139347 0.331440
vt 0.139292 0.331439
vt 0.139372 0.331439
vt 0.359561 0.326121
vt 0.359501 0.326180
vt 0.359563 0.326056
vt 0.359510 0.326293
vt 0.359451 0.326314
vt 0.359493 0.326108
vt 0.359561 0.326021
vt 0.359451 0.326228
vt 0.139232 0.331465
vt 0.139236 0.331493
vt 0.139181 0.331489
vt 0.139297 0.331464
vt 0.359410 0.326480
vt 0.359473 0.326493
vt 0.359438 0.326687
vt 0.139351 0.331457
vt 0.071312 0.388011
vt 0.071317 0.387973
vt 0.365421 0.614692
vt 0.365513 0.614562
vt 0.365579 0.614519
vt 0.365686 0.614414
vt 0.365671 0.614311
vt 0.365775 0.614125
vt 0.365602 0.614398
vt 0.365513 0.614474
vt 0.365407 0.614658
vt 0.365525 0.614331
vt 0.365625 0.614282
vt 0.365856 0.613843
vt 0.365791 0.613801
vt 0.365730 0.614075
vt 0.365662 0.614058
vt 0.365855 0.326256
vt 0.365862 0.326410
vt 0.365776 0.326203
vt 0.365937 0.326504
vt 0.365920 0.326587
vt 0.365806 0.326358
vt 0.365867 0.326511
vt 0.366024 0.327010
vt 0.366086 0.326976
vt 0.366131 0.327186
vt 0.365907 0.326795
vt 0.365971 0.326780
vt 0.366013 0.326741
vt 0.365876 0.326607
vt 0.365790 0.326437
vt 0.365788 0.326565
vt 0.365729 0.326187
vt 0.114950 0.372774
vt 0.118440 0.369755
vt 0.114937 0.372758
vt 0.118427 0.369738
vt 0.013939 0.478691
vt 0.014304 0.463469
vt 0.014007 0.478693
vt 0.111671 0.375870
vt 0.111658 0.375854
vt 0.014236 0.463465
vt 0.015112 0.448636
vt 0.123074 0.375632
vt 0.126793 0.372703
vt 0.123088 0.375649
vt 0.126807 0.372720
vt 0.123102 0.375666
vt 0.126835 0.372758
vt 0.123118 0.375686
vt 0.130619 0.369961
vt 0.130633 0.369978
vt 0.126820 0.372738
vt 0.130660 0.370017
vt 0.125792 0.364246
vt 0.122073 0.366916
vt 0.125779 0.364230
vt 0.122060 0.366900
vt 0.125767 0.364213
vt 0.015431 0.509201
vt 0.122047 0.366884
vt 0.014400 0.493990
vt 0.119496 0.378717
vt 0.116133 0.381874
vt 0.119510 0.378735
vt 0.116147 0.381891
vt 0.119525 0.378752
vt 0.116162 0.381908
vt 0.116179 0.381925
vt 0.119541 0.378770
vt 0.113034 0.385030
vt 0.110171 0.388220
vt 0.113048 0.385048
vt 0.110185 0.388238
vt 0.113063 0.385064
vt 0.110201 0.388254
vt 0.110221 0.388269
vt 0.113082 0.385080
vt 0.108653 0.378965
vt 0.108640 0.378949
vt 0.015044 0.448629
vt 0.016393 0.434449
vt 0.105866 0.382090
vt 0.105853 0.382073
vt 0.016325 0.434438
vt 0.018153 0.420758
vt 0.103254 0.385309
vt 0.103241 0.385292
vt 0.018086 0.420743
vt 0.020429 0.407288
vt 0.100751 0.388708
vt 0.100741 0.388687
vt 0.020364 0.407269
vt 0.023286 0.393722
vt 0.107373 0.391690
vt 0.103971 0.396419
vt 0.107387 0.391708
vt 0.103981 0.396441
vt 0.107403 0.391724
vt 0.103995 0.396458
vt 0.104015 0.396472
vt 0.107423 0.391738
vt 0.096037 0.395973
vt 0.095120 0.403068
vt 0.096016 0.395972
vt 0.095092 0.403108
vt 0.095995 0.395975
vt 0.095065 0.403134
vt 0.098307 0.392349
vt 0.098303 0.392318
vt 0.023224 0.393689
vt 0.026776 0.379813
vt 0.026721 0.379751
vt 0.030707 0.365670
vt 0.099525 0.402986
vt 0.099528 0.403016
vt 0.099536 0.403039
vt 0.099554 0.403054
vt 0.134823 0.367282
vt 0.134837 0.367299
vt 0.130646 0.369996
vt 0.134862 0.367338
vt 0.140814 0.364018
vt 0.140834 0.364032
vt 0.134850 0.367316
vt 0.140861 0.364069
vt 0.133673 0.359285
vt 0.129614 0.361726
vt 0.133655 0.359272
vt 0.129601 0.361711
vt 0.133640 0.359257
vt 0.019415 0.539945
vt 0.129589 0.361694
vt 0.017072 0.524365
vt 0.150692 0.354439
vt 0.150735 0.354415
vt 0.150763 0.354391
vt 0.142420 0.354713
vt 0.142419 0.354693
vt 0.142419 0.354672
vt 0.142425 0.354650
vt 0.149446 0.359687
vt 0.149477 0.359694
vt 0.140849 0.364048
vt 0.149499 0.359705
vt 0.149513 0.359724
vt 0.138074 0.356881
vt 0.138044 0.356874
vt 0.026525 0.573106
vt 0.138023 0.356862
vt 0.022588 0.556313
vt 0.020264 0.478611
vt 0.020538 0.463473
vt 0.020368 0.478609
vt 0.020642 0.463470
vt 0.020473 0.478606
vt 0.020747 0.463466
vt 0.021344 0.448712
vt 0.021448 0.448708
vt 0.021553 0.448703
vt 0.040467 0.493626
vt 0.040034 0.478079
vt 0.040363 0.493629
vt 0.039930 0.478081
vt 0.040258 0.493630
vt 0.039826 0.478084
vt 0.041570 0.509087
vt 0.041466 0.509089
vt 0.041361 0.509089
vt 0.020663 0.493804
vt 0.021698 0.508919
vt 0.020768 0.493802
vt 0.021803 0.508918
vt 0.020873 0.493801
vt 0.021908 0.508918
vt 0.041046 0.447424
vt 0.040258 0.462567
vt 0.040942 0.447428
vt 0.040155 0.462570
vt 0.040838 0.447434
vt 0.040050 0.462574
vt 0.044047 0.418932
vt 0.042303 0.432928
vt 0.043943 0.418937
vt 0.042199 0.432933
vt 0.043837 0.418945
vt 0.042094 0.432940
vt 0.022617 0.434601
vt 0.022722 0.434597
vt 0.022827 0.434590
vt 0.024374 0.420993
vt 0.024479 0.420988
vt 0.024585 0.420980
vt 0.026653 0.407616
vt 0.026759 0.407608
vt 0.026865 0.407595
vt 0.029516 0.394146
vt 0.029626 0.394126
vt 0.029737 0.394092
vt 0.050556 0.385575
vt 0.046501 0.404454
vt 0.050450 0.385596
vt 0.046397 0.404462
vt 0.050341 0.385631
vt 0.046291 0.404475
vt 0.049798 0.347415
vt 0.036942 0.366537
vt 0.049801 0.347561
vt 0.037035 0.366570
vt 0.049770 0.347759
vt 0.037123 0.366612
vt 0.049751 0.347334
vt 0.033021 0.380331
vt 0.033139 0.380277
vt 0.033264 0.380194
vt 0.056579 0.359322
vt 0.056467 0.359378
vt 0.056350 0.359463
vt 0.043597 0.525411
vt 0.043493 0.525410
vt 0.043388 0.525406
vt 0.047910 0.547651
vt 0.047805 0.547634
vt 0.047697 0.547603
vt 0.023343 0.523984
vt 0.025687 0.539449
vt 0.023448 0.523986
vt 0.025796 0.539466
vt 0.023554 0.523990
vt 0.025905 0.539494
vt 0.150786 0.352801
vt 0.158823 0.352597
vt 0.047490 0.594849
vt 0.047498 0.594706
vt 0.047473 0.594514
vt 0.032599 0.571883
vt 0.032694 0.571853
vt 0.032786 0.571816
vt 0.055114 0.579605
vt 0.055002 0.579549
vt 0.054885 0.579462
vt 0.028850 0.555667
vt 0.028965 0.555716
vt 0.029085 0.555793
vt 0.066111 0.617465
vt 0.063019 0.617419
vt 0.069120 0.617346
vt 0.069112 0.617382
vt 0.159064 0.353493
vt 0.069119 0.328697
vt 0.066102 0.328579
vt 0.069111 0.328660
vt 0.093423 0.409989
vt 0.066104 0.328614
vt 0.092573 0.409748
vt 0.271647 0.435722
vt 0.271601 0.435654
vt 0.271538 0.435604
vt 0.154902 0.464266
vt 0.154947 0.464114
vt 0.154914 0.464187
vt 0.191666 0.360148
vt 0.191705 0.360305
vt 0.191782 0.360623
vt 0.191744 0.360463
vt 0.237878 0.551217
vt 0.237959 0.551209
vt 0.238034 0.551178
vt 0.345139 0.518899
vt 0.344982 0.518853
vt 0.344665 0.518768
vt 0.344825 0.518810
vt 0.129267 0.571701
vt 0.129384 0.571588
vt 0.129617 0.571359
vt 0.129500 0.571475
vt 0.274891 0.451108
vt 0.274866 0.451055
vt 0.274848 0.450997
vt 0.328606 0.413214
vt 0.273114 0.601814
vt 0.249182 0.540298
vt 0.249228 0.540255
vt 0.249277 0.540220
vt 0.328640 0.413203
vt 0.329735 0.514718
vt 0.329635 0.514685
vt 0.329539 0.514651
vt 0.273134 0.601843
vt 0.273144 0.601684
vt 0.273215 0.601353
vt 0.158383 0.479021
vt 0.158378 0.478960
vt 0.158366 0.478900
vt 0.093597 0.468769
vt 0.222959 0.546839
vt 0.223020 0.546847
vt 0.230052 0.612452
vt 0.223081 0.546864
vt 0.230155 0.612611
vt 0.230152 0.612648
vt 0.140176 0.560936
vt 0.140252 0.560862
vt 0.140325 0.560791
vt 0.093563 0.468772
vt 0.298772 0.379607
vt 0.256733 0.431329
vt 0.256673 0.431309
vt 0.256618 0.431283
vt 0.165906 0.453513
vt 0.165950 0.453469
vt 0.165987 0.453421
vt 0.106218 0.426993
vt 0.106405 0.426983
vt 0.106186 0.426971
vt 0.195168 0.374949
vt 0.195190 0.375052
vt 0.195210 0.375152
vt 0.298788 0.379575
vt 0.277091 0.453388
vt 0.277072 0.453332
vt 0.277045 0.453282
vt 0.279077 0.457069
vt 0.251947 0.539320
vt 0.251996 0.539287
vt 0.252043 0.539247
vt 0.255352 0.537127
vt 0.325749 0.513212
vt 0.325655 0.513178
vt 0.325560 0.513145
vt 0.319909 0.511936
vt 0.157928 0.485795
vt 0.157835 0.481886
vt 0.157824 0.481826
vt 0.157820 0.481767
vt 0.220057 0.547254
vt 0.220117 0.547269
vt 0.220176 0.547275
vt 0.216050 0.546893
vt 0.143017 0.558235
vt 0.143090 0.558165
vt 0.143164 0.558095
vt 0.147107 0.554426
vt 0.254430 0.429316
vt 0.254378 0.429289
vt 0.254320 0.429268
vt 0.250894 0.427458
vt 0.166963 0.450890
vt 0.166997 0.450843
vt 0.167039 0.450799
vt 0.169319 0.447535
vt 0.195952 0.378822
vt 0.195972 0.378920
vt 0.195994 0.379019
vt 0.197205 0.384176
vt 0.236700 0.487853
vt 0.236685 0.487906
vt 0.236670 0.487958
vt 0.236655 0.488011
vt 0.273491 0.597894
vt 0.273428 0.597889
vt 0.273658 0.595226
vt 0.273362 0.597884
vt 0.096693 0.470914
vt 0.096726 0.470865
vt 0.096659 0.470962
vt 0.228124 0.609206
vt 0.226620 0.606984
vt 0.228202 0.609157
vt 0.228068 0.609241
vt 0.228013 0.609277
vt 0.217430 0.468135
vt 0.217483 0.468122
vt 0.217536 0.468109
vt 0.292229 0.382471
vt 0.294933 0.381357
vt 0.294964 0.381412
vt 0.294899 0.381301
vt 0.326404 0.417261
vt 0.324979 0.420108
vt 0.326456 0.417300
vt 0.326514 0.417329
vt 0.328300 0.413829
vt 0.209800 0.494500
vt 0.209724 0.494421
vt 0.209686 0.494381
vt 0.209762 0.494460
vt 0.109930 0.426816
vt 0.109932 0.426880
vt 0.109935 0.426946
vt 0.104919 0.361122
vt 0.108422 0.358098
vt 0.104906 0.361106
vt 0.108409 0.358082
vt 0.459284 0.465435
vt 0.458968 0.480597
vt 0.459216 0.465435
vt 0.101626 0.364223
vt 0.101613 0.364207
vt 0.459035 0.480601
vt 0.458172 0.495397
vt 0.113062 0.364002
vt 0.116802 0.361074
vt 0.113076 0.364019
vt 0.116816 0.361092
vt 0.113090 0.364036
vt 0.116844 0.361130
vt 0.113106 0.364056
vt 0.120656 0.358341
vt 0.120670 0.358359
vt 0.116830 0.361109
vt 0.120696 0.358398
vt 0.115833 0.352564
vt 0.112074 0.355240
vt 0.115820 0.352547
vt 0.458920 0.450242
vt 0.457912 0.435152
vt 0.457979 0.435145
vt 0.112062 0.355224
vt 0.458852 0.450246
vt 0.109469 0.367089
vt 0.106095 0.370247
vt 0.109483 0.367106
vt 0.106108 0.370265
vt 0.109497 0.367123
vt 0.106123 0.370281
vt 0.106141 0.370299
vt 0.109514 0.367142
vt 0.102989 0.373400
vt 0.100117 0.376572
vt 0.103003 0.373418
vt 0.100131 0.376589
vt 0.103018 0.373434
vt 0.100147 0.376605
vt 0.100166 0.376621
vt 0.103036 0.373450
vt 0.098596 0.367325
vt 0.098583 0.367309
vt 0.458240 0.495405
vt 0.456901 0.509558
vt 0.095804 0.370464
vt 0.095791 0.370448
vt 0.456968 0.509569
vt 0.455152 0.523228
vt 0.093202 0.373705
vt 0.093189 0.373688
vt 0.455218 0.523242
vt 0.452891 0.536680
vt 0.090735 0.377131
vt 0.090724 0.377110
vt 0.452956 0.536700
vt 0.450055 0.550234
vt 0.097341 0.380032
vt 0.093970 0.384776
vt 0.097355 0.380050
vt 0.093980 0.384798
vt 0.097370 0.380065
vt 0.093994 0.384815
vt 0.420757 0.539094
vt 0.416811 0.557926
vt 0.423203 0.524741
vt 0.086129 0.384442
vt 0.085170 0.391765
vt 0.086107 0.384442
vt 0.085140 0.391806
vt 0.086085 0.384445
vt 0.085112 0.391833
vt 0.088355 0.380789
vt 0.088351 0.380758
vt 0.450118 0.550268
vt 0.446593 0.564139
vt 0.446648 0.564201
vt 0.442690 0.578283
vt 0.089492 0.391471
vt 0.089496 0.391503
vt 0.089505 0.391526
vt 0.404328 0.614999
vt 0.410893 0.584247
vt 0.124894 0.355683
vt 0.124909 0.355700
vt 0.120683 0.358377
vt 0.124933 0.355740
vt 0.130936 0.352464
vt 0.130955 0.352478
vt 0.124921 0.355718
vt 0.130982 0.352515
vt 0.123813 0.347642
vt 0.119702 0.350051
vt 0.123795 0.347629
vt 0.119689 0.350035
vt 0.123780 0.347613
vt 0.454281 0.404508
vt 0.456449 0.420058
vt 0.456516 0.420047
vt 0.140952 0.342983
vt 0.140995 0.342959
vt 0.141023 0.342936
vt 0.132640 0.343147
vt 0.132640 0.343127
vt 0.132640 0.343106
vt 0.132646 0.343084
vt 0.139629 0.348213
vt 0.139660 0.348220
vt 0.130970 0.352494
vt 0.139682 0.348231
vt 0.139695 0.348250
vt 0.128256 0.345275
vt 0.128226 0.345267
vt 0.447955 0.371442
vt 0.128205 0.345256
vt 0.451362 0.388146
vt 0.452999 0.465519
vt 0.452746 0.480600
vt 0.452895 0.465521
vt 0.452642 0.480603
vt 0.452790 0.465524
vt 0.452537 0.480607
vt 0.451952 0.495325
vt 0.451848 0.495329
vt 0.451744 0.495334
vt 0.432929 0.450507
vt 0.433310 0.466020
vt 0.433033 0.450506
vt 0.433414 0.466018
vt 0.433137 0.450505
vt 0.433518 0.466015
vt 0.431921 0.435077
vt 0.432025 0.435076
vt 0.432130 0.435077
vt 0.452633 0.450409
vt 0.451689 0.435381
vt 0.452529 0.450411
vt 0.451585 0.435382
vt 0.452424 0.450412
vt 0.451480 0.435381
vt 0.432282 0.496615
vt 0.433069 0.481499
vt 0.432386 0.496612
vt 0.433172 0.481496
vt 0.432490 0.496606
vt 0.433277 0.481492
vt 0.429292 0.525067
vt 0.431032 0.511089
vt 0.429396 0.525062
vt 0.431136 0.511085
vt 0.429501 0.525054
vt 0.431241 0.511078
vt 0.450687 0.509410
vt 0.450582 0.509414
vt 0.450477 0.509421
vt 0.448940 0.522998
vt 0.448835 0.523003
vt 0.448729 0.523011
vt 0.446674 0.536360
vt 0.446568 0.536367
vt 0.446462 0.536380
vt 0.443830 0.549819
vt 0.443721 0.549840
vt 0.443609 0.549874
vt 0.422809 0.558415
vt 0.426833 0.539531
vt 0.422915 0.558394
vt 0.426937 0.539524
vt 0.423024 0.558359
vt 0.427042 0.539510
vt 0.423626 0.596568
vt 0.436456 0.577427
vt 0.423623 0.596422
vt 0.436363 0.577394
vt 0.423653 0.596225
vt 0.436274 0.577353
vt 0.083469 0.391676
vt 0.440351 0.563632
vt 0.440232 0.563686
vt 0.440108 0.563769
vt 0.416848 0.584682
vt 0.416960 0.584626
vt 0.417077 0.584540
vt 0.430028 0.418759
vt 0.430132 0.418760
vt 0.430237 0.418766
vt 0.425880 0.396444
vt 0.425986 0.396462
vt 0.426094 0.396493
vt 0.450194 0.420372
vt 0.448020 0.404925
vt 0.450089 0.420369
vt 0.447912 0.404906
vt 0.449983 0.420364
vt 0.447802 0.404877
vt 0.149061 0.341246
vt 0.426178 0.348916
vt 0.426172 0.349060
vt 0.426200 0.349254
vt 0.426226 0.348837
vt 0.441703 0.372013
vt 0.441606 0.372043
vt 0.441512 0.372080
vt 0.418652 0.364302
vt 0.418764 0.364358
vt 0.418883 0.364445
vt 0.445109 0.388640
vt 0.444994 0.388589
vt 0.444874 0.388508
vt 0.407341 0.326480
vt 0.410432 0.326500
vt 0.404332 0.326623
vt 0.149293 0.342139
vt 0.404378 0.615251
vt 0.083392 0.398834
vt 0.407385 0.615330
vt 0.082615 0.398502
vt 0.092998 0.347216
vt 0.096524 0.344224
vt 0.092985 0.347200
vt 0.096511 0.344208
vt 0.408183 0.459645
vt 0.408104 0.474100
vt 0.408118 0.459645
vt 0.089714 0.350325
vt 0.089701 0.350308
vt 0.408168 0.474102
vt 0.407679 0.488219
vt 0.101033 0.350125
vt 0.376709 0.445703
vt 0.377269 0.460644
vt 0.377198 0.460644
vt 0.376780 0.445698
vt 0.377338 0.460643
vt 0.104752 0.347332
vt 0.375718 0.430864
vt 0.375787 0.430852
vt 0.376849 0.445693
vt 0.104065 0.338882
vt 0.100226 0.341439
vt 0.104053 0.338865
vt 0.407729 0.445164
vt 0.406783 0.430768
vt 0.406847 0.430762
vt 0.100214 0.341422
vt 0.407664 0.445167
vt 0.097495 0.353131
vt 0.094200 0.356252
vt 0.376832 0.490141
vt 0.377297 0.475569
vt 0.376902 0.490151
vt 0.377366 0.475572
vt 0.376971 0.490157
vt 0.377226 0.475564
vt 0.091196 0.359404
vt 0.088457 0.362610
vt 0.374822 0.517695
vt 0.376116 0.504144
vt 0.374891 0.517717
vt 0.376186 0.504154
vt 0.374960 0.517731
vt 0.376047 0.504128
vt 0.086724 0.353467
vt 0.086711 0.353450
vt 0.407744 0.488223
vt 0.406907 0.501748
vt 0.084002 0.356667
vt 0.083989 0.356651
vt 0.406971 0.501755
vt 0.405800 0.514845
vt 0.081502 0.359983
vt 0.081488 0.359966
vt 0.405864 0.514856
vt 0.404363 0.527804
vt 0.079167 0.363486
vt 0.079156 0.363466
vt 0.404426 0.527819
vt 0.402589 0.540982
vt 0.085816 0.366168
vt 0.082597 0.371355
vt 0.369821 0.551674
vt 0.373035 0.532008
vt 0.369882 0.551730
vt 0.373102 0.532029
vt 0.369947 0.551768
vt 0.372968 0.531976
vt 0.074865 0.370945
vt 0.073978 0.379667
vt 0.074846 0.370946
vt 0.073948 0.379716
vt 0.074826 0.370952
vt 0.073920 0.379749
vt 0.076947 0.367216
vt 0.076944 0.367185
vt 0.402650 0.541011
vt 0.400452 0.554672
vt 0.400506 0.554729
vt 0.398084 0.568684
vt 0.078202 0.379159
vt 0.364936 0.580493
vt 0.364996 0.580561
vt 0.364883 0.580391
vt 0.108607 0.344768
vt 0.374011 0.415181
vt 0.374078 0.415159
vt 0.375856 0.430843
vt 0.112873 0.342330
vt 0.370624 0.393688
vt 0.370685 0.393642
vt 0.374146 0.415144
vt 0.112265 0.334370
vt 0.108038 0.336545
vt 0.112247 0.334356
vt 0.405573 0.416365
vt 0.403780 0.401498
vt 0.403842 0.401473
vt 0.108025 0.336529
vt 0.405508 0.416376
vt 0.130362 0.330896
vt 0.130409 0.330874
vt 0.130441 0.330850
vt 0.121459 0.330350
vt 0.121460 0.330329
vt 0.121466 0.330308
vt 0.121474 0.330285
vt 0.119055 0.339492
vt 0.365158 0.362717
vt 0.365209 0.362627
vt 0.370749 0.393611
vt 0.365267 0.362568
vt 0.128314 0.335769
vt 0.116832 0.332299
vt 0.401520 0.385643
vt 0.398528 0.369261
vt 0.398598 0.369273
vt 0.116803 0.332290
vt 0.401462 0.385698
vt 0.402182 0.459793
vt 0.402165 0.474219
vt 0.402083 0.459796
vt 0.402066 0.474224
vt 0.401983 0.459800
vt 0.401966 0.474229
vt 0.401742 0.488317
vt 0.401642 0.488323
vt 0.401542 0.488331
vt 0.382757 0.445489
vt 0.383252 0.460494
vt 0.382857 0.445487
vt 0.383352 0.460491
vt 0.382958 0.445486
vt 0.383453 0.460487
vt 0.381763 0.430559
vt 0.381863 0.430558
vt 0.381964 0.430559
vt 0.401723 0.445341
vt 0.400831 0.430959
vt 0.401623 0.445343
vt 0.400731 0.430959
vt 0.401523 0.445344
vt 0.400631 0.430958
vt 0.382883 0.490102
vt 0.383277 0.475468
vt 0.382984 0.490096
vt 0.383377 0.475463
vt 0.383085 0.490088
vt 0.383478 0.475457
vt 0.380925 0.517831
vt 0.382114 0.504159
vt 0.381027 0.517822
vt 0.382215 0.504152
vt 0.381129 0.517809
vt 0.382317 0.504141
vt 0.400969 0.501830
vt 0.400869 0.501838
vt 0.400768 0.501849
vt 0.399848 0.514919
vt 0.399747 0.514928
vt 0.399646 0.514941
vt 0.398378 0.527877
vt 0.398277 0.527891
vt 0.398174 0.527910
vt 0.396556 0.541059
vt 0.396450 0.541089
vt 0.396343 0.541133
vt 0.375897 0.552157
vt 0.379108 0.532275
vt 0.376001 0.552129
vt 0.379210 0.532264
vt 0.376106 0.552084
vt 0.379314 0.532245
vt 0.392037 0.568763
vt 0.378721 0.592063
vt 0.391942 0.568752
vt 0.378706 0.591916
vt 0.391839 0.568728
vt 0.378722 0.591710
vt 0.391741 0.568694
vt 0.072228 0.379777
vt 0.394367 0.554761
vt 0.394252 0.554826
vt 0.394134 0.554922
vt 0.370884 0.580971
vt 0.370991 0.580906
vt 0.371102 0.580805
vt 0.380047 0.414760
vt 0.380147 0.414763
vt 0.380249 0.414770
vt 0.376535 0.393172
vt 0.376636 0.393192
vt 0.376739 0.393225
vt 0.399533 0.416585
vt 0.397763 0.401745
vt 0.399433 0.416582
vt 0.397660 0.401725
vt 0.399332 0.416575
vt 0.397556 0.401693
vt 0.379323 0.347586
vt 0.379311 0.347720
vt 0.379327 0.347901
vt 0.392612 0.370149
vt 0.392519 0.370174
vt 0.392429 0.370204
vt 0.370941 0.362227
vt 0.371044 0.362285
vt 0.371151 0.362373
vt 0.395418 0.386022
vt 0.395309 0.385970
vt 0.395198 0.385890
vt 0.362428 0.325836
vt 0.365701 0.326225
vt 0.139167 0.329663
vt 0.139305 0.330536
vt 0.359567 0.614357
vt 0.072176 0.388309
vt 0.362416 0.614689
vt 0.071328 0.388067
vt 0.093678 0.468834
vt 0.106320 0.426982
vt 0.230094 0.612526
vt 0.273131 0.601717
vt 0.298674 0.379643
vt 0.069125 0.617273
vt 0.404328 0.326695
vt 0.423674 0.596648
vt 0.130602 0.329186
vt 0.094424 0.410118
vt 0.159059 0.354500
vt 0.094014 0.469024
vt 0.093792 0.468908
vt 0.273137 0.601569
vt 0.238124 0.488303
vt 0.238078 0.488314
vt 0.238111 0.488348
vt 0.112438 0.426827
vt 0.084268 0.399081
vt 0.149279 0.343139
vt 0.139419 0.331389
vt 0.118414 0.369723
vt 0.030633 0.365681
vt 0.062803 0.328629
vt 0.150774 0.352777
vt 0.442765 0.578272
vt 0.119677 0.350018
vt 0.141053 0.341349
vt 0.398147 0.568664
vt 0.378776 0.592135
s 1
g off
g esquina_01_Holocron_Corners.001
usemtl Holocron_Corners.001
f 1222/1/1 1/2/2 201/3/3
f 1173/4/4 20/5/5 106/6/6
f 89/7/2 226/8/7 3/9/2
f 215/10/8 114/11/9 1183/12/10
f 4/13/2 1187/14/11 205/15/12
f 200/16/13 106/6/6 16/17/14
f 211/18/15 102/19/16 14/20/17
f 225/21/18 109/22/19 1178/23/20
f 3/9/2 1162/24/21 221/25/22
f 1177/26/23 4/13/2 88/27/2
f 1183/12/10 22/28/24 230/29/25
f 1193/30/26 19/31/27 236/32/28
f 1188/33/29 26/34/30 206/35/31
f 230/29/25 108/36/32 1198/37/33
f 1198/37/33 23/38/34 240/39/35
f 1208/40/36 18/41/37 246/42/38
f 90/43/2 235/44/39 1187/14/11
f 240/39/35 115/45/40 1213/46/41
f 1213/46/41 1325/47/42 252/48/43
f 268/49/44 113/50/45 1208/40/36
f 91/51/2 245/52/46 1192/53/47
f 1223/54/48 16/17/14 104/55/49
f 273/56/50 104/55/49 17/57/51
f 279/58/52 110/59/53 13/60/54
f 1/2/2 1167/61/55 89/7/2
f 1238/62/56 17/57/51 112/63/57
f 284/64/58 112/63/57 21/65/59
f 1233/66/60 1322/67/61 110/59/53
f 6/68/2 1217/69/62 93/70/2
f 106/6/6 327/71/63 1252/72/64
f 10/73/65 1268/74/66 97/75/65
f 24/76/67 1262/77/68 114/11/9
f 336/78/69 98/79/65 1278/80/70
f 104/55/49 307/81/71 1302/82/72
f 15/83/73 1247/84/74 332/85/75
f 15/83/73 1257/86/76 109/22/19
f 103/87/77 316/88/78 1247/84/74
f 116/89/79 327/71/63 20/5/5
f 117/90/80 311/91/81 26/34/30
f 19/31/27 1267/92/82 117/90/80
f 22/28/24 1277/93/83 108/36/32
f 1263/94/84 8/95/65 336/78/69
f 105/96/85 341/97/86 19/31/27
f 18/41/37 1272/98/87 105/96/85
f 23/38/34 1292/99/88 115/45/40
f 1278/80/70 11/100/89 346/101/90
f 113/50/45 351/102/91 18/41/37
f 25/103/92 1287/104/93 113/50/45
f 115/45/40 357/105/94 1325/47/42
f 306/106/95 96/107/65 7/108/65
f 14/20/17 1297/109/96 316/88/78
f 102/19/16 383/110/97 1297/109/96
f 112/63/57 379/111/98 1317/112/99
f 100/113/65 378/114/100 1303/115/101
f 13/60/54 1312/116/102 383/110/97
f 110/59/53 395/117/103 1312/116/102
f 21/65/59 1317/112/99 388/118/104
f 1168/119/105 14/20/17 103/87/77
f 1228/120/106 21/65/59 107/121/107
f 107/121/107 388/118/104 1307/122/108
f 7/108/65 1248/123/109 317/124/110
f 226/8/7 88/27/2 3/9/2
f 1178/23/20 24/76/67 215/10/8
f 109/22/19 322/125/111 24/76/67
f 96/107/65 331/126/112 1248/123/109
f 94/127/2 278/128/113 6/68/2
f 201/3/3 89/7/2 1172/129/114
f 16/17/14 1252/72/64 307/81/71
f 384/130/115 101/131/65 12/132/65
f 236/32/28 117/90/80 1188/33/29
f 1203/133/116 1326/134/117 111/135/118
f 111/135/118 356/136/119 1282/137/120
f 97/75/65 342/138/121 8/95/65
f 206/35/31 116/89/79 1163/139/122
f 225/21/18 103/87/77 15/83/73
f 1253/140/123 9/141/65 96/107/65
f 26/34/30 1242/142/124 116/89/79
f 1227/143/125 1232/144/126 94/127/2
f 283/145/127 94/127/2 1237/146/128
f 101/131/65 389/147/129 1318/148/130
f 1313/149/131 1308/150/132 101/131/65
f 5/151/133 1207/152/134 245/52/46
f 1182/153/135 2/154/2 90/43/2
f 114/11/9 337/155/136 22/28/24
f 11/100/89 1288/156/137 99/157/89
f 216/158/138 90/43/2 4/13/2
f 231/159/139 91/51/2 2/154/2
f 95/160/65 331/126/112 9/141/65
f 10/73/65 1258/161/140 95/160/65
f 1218/162/141 13/60/54 102/19/16
f 7/108/65 1303/115/101 306/106/95
s 2
f 1355/163/142 1445/164/143 410/165/144
s 1
f 1298/166/145 12/132/65 100/113/65
f 92/167/133 269/168/146 1207/152/134
f 1212/169/147 1202/170/148 92/167/133
f 1293/171/149 1283/172/150 358/173/151
f 99/157/89 373/174/152 1283/172/150
f 1228/175/106 1323/176/153 288/177/154
f 274/178/155 93/70/2 1222/1/1
f 17/57/51 1302/82/72 379/111/98
f 107/179/107 393/180/156 1323/176/153
f 246/42/38 105/96/85 1193/30/26
f 1237/146/128 6/68/2 274/178/155
f 12/132/65 1318/148/130 378/114/100
f 98/79/65 352/181/157 11/100/89
f 2/154/2 1192/53/47 235/44/39
f 1163/139/122 20/5/5 220/182/158
f 321/183/159 97/75/65 1263/94/84
f 8/95/65 1273/184/160 98/79/65
f 1203/133/116 25/185/92 268/186/44
f 1197/187/161 5/151/133 91/51/2
f 108/36/32 347/188/162 23/38/34
f 111/189/118 374/190/163 25/103/92
f 1172/129/114 3/9/2 221/25/22
f 88/27/2 205/15/12 1162/24/21
f 312/191/164 95/160/65 1243/192/165
f 1243/192/165 9/141/65 326/193/166
f 93/70/2 210/194/167 1/2/2
f 241/195/168 92/167/133 5/151/133
f 346/101/90 99/157/89 1293/171/149
f 317/124/110 100/113/65 7/108/65
s 2
f 456/196/169 130/197/170 34/198/171
f 504/199/172 136/200/173 1391/201/174
f 1481/202/175 1435/203/176 136/200/173
f 710/204/177 131/205/178 1431/206/179
f 480/207/180 127/208/181 1380/209/182
f 435/210/183 137/211/184 1355/163/142
f 138/212/185 672/213/186 1421/214/187
f 1431/206/179 1441/215/188 691/216/189
f 447/217/190 124/218/191 29/219/192
f 425/220/193 135/221/194 1454/222/195
f 1406/223/196 1411/224/197 621/225/198
f 135/221/194 638/226/199 1416/227/200
f 27/228/201 1348/229/202 124/218/191
f 31/230/203 1352/231/204 568/232/205
f 32/233/206 1352/231/204 127/208/181
f 437/234/207 134/235/208 1472/236/209
f 411/237/210 120/238/211 1361/239/212
f 33/240/213 1334/241/214 129/242/215
f 34/198/171 1339/243/216 531/244/217
f 412/245/218 122/246/219 1356/247/220
f 1366/248/221 1450/249/222 134/235/208
f 1347/250/223 1351/251/224 514/252/225
f 30/253/226 1333/254/227 550/255/228
f 456/196/169 128/256/229 1385/257/230
f 447/217/190 123/258/231 1360/259/232
f 27/228/201 1328/260/233 533/261/234
f 34/198/171 1329/262/235 128/256/229
f 1375/263/236 1475/264/237 466/265/238
f 1381/266/239 1455/267/240 119/268/241
f 35/269/242 1339/243/216 130/197/170
f 35/269/242 1334/241/214 570/270/243
f 481/271/244 119/268/241 1459/272/245
f 479/273/246 138/212/185 1375/263/236
f 28/274/247 1343/275/248 549/276/249
f 29/219/192 1343/275/248 123/258/231
f 427/277/250 125/278/251 1371/279/252
f 490/280/253 128/256/229 33/240/213
f 29/219/192 1348/229/202 513/281/254
f 1471/282/255 1401/283/256 137/211/184
f 1391/201/174 1462/284/257 491/285/258
f 1396/286/259 1467/287/260 139/288/261
f 1338/289/262 1347/250/223 532/290/263
f 28/274/247 1328/260/233 122/246/219
f 506/291/264 139/288/261 1480/292/265
f 1386/293/266 1463/294/267 118/295/268
f 30/253/226 1342/296/269 126/297/270
f 31/230/203 1333/254/227 125/278/251
f 464/298/271 135/221/194 1370/299/272
f 32/233/206 1342/296/269 515/300/273
f 569/301/274 121/302/275 1338/289/262
f 33/240/213 1329/262/235 551/303/276
f 136/200/173 709/304/277 1462/284/257
f 1480/292/265 1440/305/278 727/306/279
f 139/288/261 692/307/280 1440/305/278
f 120/238/211 606/308/281 1405/309/282
f 1472/236/209 1410/310/283 587/311/284
f 134/235/208 622/312/285 1410/310/283
f 1455/267/240 1425/313/286 119/268/241
f 1475/264/237 1421/214/187 639/314/287
f 119/268/241 673/315/288 1459/272/245
f 436/316/289 124/218/191 1365/317/290
f 445/318/291 120/238/211 1451/319/292
f 120/238/211 620/320/293 1451/319/292
f 137/211/184 604/321/294 1445/164/143
f 427/277/250 127/208/181 31/230/203
f 465/322/295 125/278/251 30/253/226
f 640/323/296 133/324/297 1415/325/298
f 1415/325/298 1426/326/299 657/327/300
f 490/280/253 129/242/215 1390/328/301
f 505/329/302 129/242/215 35/269/242
f 1441/215/188 1436/330/303 728/331/304
f 118/295/268 708/332/305 1430/333/306
f 412/245/218 123/258/231 28/274/247
f 436/316/289 122/246/219 27/228/201
f 1411/224/197 1400/334/307 588/335/308
f 605/336/309 132/337/310 1406/223/196
f 465/322/295 126/297/270 1376/338/311
f 480/207/180 126/297/270 32/233/206
f 1426/326/299 1420/339/312 674/340/313
f 135/221/194 656/341/314 1454/222/195
f 505/329/302 130/197/170 1395/342/315
f 454/343/316 118/295/268 1468/344/317
f 1468/344/317 1430/333/306 690/345/318
s 3
f 1544/346/319 36/347/320 744/348/321
f 1495/349/322 55/350/323 158/351/324
f 141/352/320 769/353/325 38/354/320
f 758/355/326 166/356/327 1505/357/328
f 39/358/320 1509/359/329 748/360/330
f 743/361/331 158/351/324 51/362/332
f 754/363/333 154/364/334 49/365/335
f 768/366/336 161/367/337 1500/368/338
f 38/354/320 1484/369/339 764/370/340
f 1499/371/341 39/358/320 140/372/320
f 1505/357/328 57/373/342 773/374/343
f 1515/375/344 54/376/345 779/377/346
f 1510/378/347 61/379/348 749/380/349
f 773/374/343 160/381/350 1520/382/351
f 1520/382/351 58/383/352 783/384/353
f 1530/385/354 53/386/355 789/387/356
f 142/388/320 778/389/357 1509/359/329
f 783/384/353 167/390/358 1535/391/359
f 1535/391/359 1647/392/360 795/393/361
f 810/394/362 165/395/363 1530/385/354
f 143/396/320 788/397/364 1514/398/365
f 1545/399/366 51/362/332 156/400/367
f 815/401/368 156/400/367 52/402/369
f 821/403/370 162/404/371 48/405/372
f 36/347/320 1489/406/373 141/352/320
f 1560/407/374 52/402/369 164/408/375
f 826/409/376 164/408/375 56/410/377
f 1555/411/378 1644/412/379 162/404/371
f 41/413/320 1539/414/380 145/415/320
f 158/351/324 868/416/381 1574/417/382
f 45/418/383 1590/419/384 149/420/383
f 59/421/385 1584/422/386 166/356/327
f 877/423/387 150/424/383 1600/425/388
f 156/400/367 848/426/389 1624/427/390
f 50/428/391 1569/429/392 873/430/393
f 50/428/391 1579/431/394 161/367/337
f 155/432/395 857/433/396 1569/429/392
f 168/434/397 868/416/381 55/350/323
f 169/435/398 852/436/399 61/379/348
f 54/376/345 1589/437/400 169/435/398
f 57/373/342 1599/438/401 160/381/350
f 1585/439/402 43/440/383 877/423/387
f 157/441/403 882/442/404 54/376/345
f 53/386/355 1594/443/405 157/441/403
f 58/383/352 1614/444/406 167/390/358
f 1600/425/388 46/445/407 887/446/408
f 165/395/363 892/447/409 53/386/355
f 60/448/410 1609/449/411 165/395/363
f 167/390/358 898/450/412 1647/392/360
f 847/451/413 148/452/383 42/453/383
f 49/365/335 1619/454/414 857/433/396
f 154/364/334 924/455/415 1619/454/414
f 164/408/375 920/456/416 1639/457/417
f 152/458/383 919/459/418 1625/460/419
f 48/405/372 1634/461/420 924/455/415
f 162/404/371 936/462/421 1634/461/420
f 56/410/377 1639/457/417 929/463/422
f 1490/464/423 49/365/335 155/432/395
f 1550/465/424 56/466/377 159/467/425
f 159/467/425 929/468/422 1629/469/426
f 42/453/383 1570/470/427 858/471/428
f 769/353/325 140/372/320 38/354/320
f 1500/368/338 59/421/385 758/355/326
f 161/367/337 863/472/429 59/421/385
f 148/452/383 872/473/430 1570/470/427
f 146/474/320 820/475/431 41/413/320
f 744/348/321 141/352/320 1494/476/432
f 51/362/332 1574/417/382 848/426/389
f 925/477/433 153/478/383 47/479/383
f 779/377/346 169/435/398 1510/378/347
f 1525/480/434 1648/481/435 163/482/436
f 163/482/436 897/483/437 1604/484/438
f 149/420/383 883/485/439 43/440/383
f 749/380/349 168/434/397 1485/486/440
f 768/366/336 155/432/395 50/428/391
f 1575/487/441 44/488/383 148/452/383
f 61/379/348 1564/489/442 168/434/397
f 1549/490/443 1554/491/444 146/474/320
f 825/492/445 146/474/320 1559/493/446
f 153/478/383 930/494/447 1640/495/448
f 1635/496/449 1630/497/450 153/478/383
f 40/498/451 1529/499/452 788/397/364
f 1504/500/453 37/501/320 142/388/320
f 166/356/327 878/502/454 57/373/342
f 46/445/407 1610/503/455 151/504/456
f 759/505/457 142/388/320 39/358/320
f 774/506/458 143/396/320 37/501/320
f 147/507/383 872/473/430 44/488/383
f 45/418/383 1580/508/459 147/507/383
f 1540/509/460 48/405/372 154/364/334
f 42/453/383 1625/460/419 847/451/413
s 4
f 1710/510/461 62/511/462 952/512/463
s 3
f 1620/513/464 47/479/383 152/458/383
f 144/514/465 811/515/466 1529/499/452
f 1534/516/467 1524/517/468 144/514/465
f 1615/518/469 1605/519/470 899/520/471
f 151/504/456 914/521/472 1605/519/470
f 1550/465/424 1645/522/473 830/523/474
f 816/524/475 145/415/320 1544/346/319
f 52/402/369 1624/427/390 920/456/416
f 159/467/425 934/525/476 1645/522/473
f 789/387/356 157/441/403 1515/375/344
f 1559/493/446 41/413/320 816/524/475
f 47/479/383 1640/495/448 919/459/418
f 150/424/383 893/526/477 46/445/407
f 37/501/320 1514/398/365 778/389/357
f 1485/486/440 55/350/323 763/527/478
f 862/528/479 149/420/383 1585/439/402
f 43/440/383 1595/529/480 150/424/383
f 1525/480/434 60/530/410 810/531/362
f 1519/532/481 40/498/451 143/396/320
f 160/381/350 888/533/482 58/383/352
f 163/534/436 915/535/483 60/448/410
f 1494/476/432 38/354/320 764/370/340
f 140/372/320 748/360/330 1484/369/339
f 853/536/484 147/507/383 1565/537/485
f 1565/537/485 44/488/383 867/538/486
f 145/415/320 753/539/487 36/347/320
f 784/540/488 144/514/465 40/498/451
f 887/446/408 151/504/456 1615/518/469
f 858/471/428 152/458/383 42/453/383
s 4
f 1661/541/489 81/542/490 188/543/491
f 171/544/462 977/545/492 64/546/462
f 966/547/493 196/548/494 1671/549/495
f 65/550/462 1675/551/496 956/552/497
f 951/553/498 188/543/491 77/554/499
f 962/555/500 184/556/501 75/557/502
f 976/558/503 191/559/504 1666/560/505
f 64/546/462 1650/561/506 972/562/507
f 1665/563/508 65/550/462 170/564/462
f 1671/549/495 83/565/509 981/566/510
f 1681/567/511 80/568/512 987/569/513
f 1676/570/514 87/571/515 957/572/516
f 981/566/510 190/573/517 1686/574/518
f 1686/574/518 84/575/519 991/576/520
f 1696/577/521 79/578/522 997/579/523
f 172/580/462 986/581/524 1675/551/496
f 991/576/520 197/582/525 1701/583/526
f 1701/583/526 1813/584/527 1003/585/528
f 1018/586/529 195/587/530 1696/577/521
f 173/588/531 996/589/532 1680/590/533
f 1711/591/534 77/554/499 186/592/535
f 1023/593/536 186/592/535 78/594/537
f 1029/595/538 192/596/539 74/597/540
f 62/511/462 1655/598/541 171/544/462
f 1726/599/542 78/594/537 194/600/543
f 1034/601/544 194/600/543 82/602/545
f 1721/603/546 1810/604/547 192/596/539
f 67/605/462 1705/606/548 175/607/462
f 188/543/491 1077/608/549 1740/609/550
f 71/610/551 1756/611/552 179/612/551
f 85/613/553 1750/614/554 196/548/494
f 1086/615/555 180/616/556 1766/617/557
f 186/592/535 1057/618/558 1790/619/559
f 76/620/560 1735/621/561 1082/622/562
f 76/620/560 1745/623/563 191/559/504
f 185/624/564 1066/625/565 1735/621/561
f 198/626/566 1077/608/549 81/542/490
f 199/627/567 1061/628/568 87/571/515
f 80/568/512 1755/629/569 199/627/567
f 83/565/509 1765/630/570 190/573/517
f 1751/631/571 69/632/572 1086/615/555
f 187/633/573 1091/634/574 80/568/512
f 79/578/522 1760/635/575 187/633/573
f 84/575/519 1780/636/576 197/582/525
f 1766/617/557 72/637/577 1096/638/578
f 195/587/530 1101/639/579 79/578/522
f 86/640/580 1775/641/581 195/587/530
f 197/582/525 1107/642/582 1813/584/527
f 1056/643/583 178/644/551 68/645/551
f 75/557/502 1785/646/584 1066/625/565
f 184/556/501 1133/647/585 1785/646/584
f 194/600/543 1129/648/586 1805/649/587
f 182/650/551 1128/651/588 1791/652/589
f 74/597/540 1800/653/590 1133/647/585
f 192/596/539 1145/654/591 1800/653/590
f 82/602/545 1805/649/587 1138/655/592
f 1656/656/593 75/557/502 185/624/564
f 1716/657/594 82/602/545 189/658/595
f 189/658/595 1138/655/592 1795/659/596
f 68/645/551 1736/660/597 1067/661/598
f 977/545/492 170/564/462 64/546/462
f 1666/560/505 85/613/553 966/547/493
f 191/559/504 1072/662/599 85/613/553
f 178/644/551 1081/663/600 1736/660/597
f 176/664/462 1028/665/601 67/605/462
f 952/512/463 171/544/462 1660/666/602
f 77/554/499 1740/609/550 1057/618/558
f 1134/667/603 183/668/551 73/669/551
f 987/569/513 199/627/567 1676/570/514
f 1691/670/604 1814/671/605 193/672/606
f 193/672/606 1106/673/607 1770/674/608
f 179/612/551 1092/675/609 69/632/572
f 957/572/516 198/626/566 1651/676/610
f 976/558/503 185/624/564 76/620/560
f 1741/677/611 70/678/551 178/644/551
f 87/571/515 1730/679/612 198/626/566
f 1715/680/613 1720/681/614 176/664/462
f 1033/682/615 176/664/462 1725/683/616
f 183/668/551 1139/684/617 1806/685/618
f 1801/686/619 1796/687/620 183/668/551
f 66/688/621 1695/689/622 996/589/532
f 1670/690/623 63/691/624 172/580/462
f 196/548/494 1087/692/625 83/565/509
f 72/637/577 1776/693/626 181/694/627
f 967/695/628 172/580/462 65/550/462
f 982/696/629 173/588/531 63/691/624
f 177/697/551 1081/663/600 70/678/551
f 71/610/551 1746/698/630 177/697/551
f 1706/699/631 74/597/540 184/556/501
f 68/645/551 1791/652/589 1056/643/583
f 1786/700/632 73/669/551 182/650/551
f 174/701/633 1019/702/634 1695/689/622
f 1700/703/635 1690/704/636 174/701/633
f 1781/705/637 1771/706/638 1108/707/639
f 181/694/627 1123/708/640 1771/706/638
f 1716/709/594 1811/710/641 1038/711/642
f 1024/712/643 175/607/462 1710/510/461
f 78/594/537 1790/619/559 1129/648/586
f 189/713/595 1143/714/644 1811/710/641
f 997/579/523 187/633/573 1681/567/511
f 1725/683/616 67/605/462 1024/712/643
f 73/669/551 1806/685/618 1128/651/588
f 180/616/556 1102/715/645 72/637/577
f 63/691/624 1680/590/533 986/581/524
f 1651/676/610 81/542/490 971/716/646
f 1071/717/647 179/612/551 1751/631/571
f 69/632/572 1761/718/648 180/616/556
f 1691/670/604 86/719/580 1018/720/529
f 1685/721/649 66/688/621 173/588/531
f 190/573/517 1097/722/650 84/575/519
f 193/672/606 1124/723/651 86/719/580
f 1660/666/602 64/546/462 972/562/507
f 170/564/462 956/552/497 1650/561/506
f 1062/724/652 177/697/551 1731/725/653
f 1731/725/653 70/678/551 1076/726/654
f 175/607/462 961/727/655 62/511/462
f 992/728/656 174/701/633 66/688/621
f 1096/638/578 181/694/627 1781/705/637
f 1067/661/598 182/650/551 68/645/551
s 1
f 250/729/657 256/730/658 255/731/659
f 253/732/660 257/733/661 256/730/658
f 255/731/659 256/730/658 267/734/662
f 256/730/658 258/735/663 267/734/662
f 259/736/664 261/737/665 251/738/666
f 260/739/667 262/740/668 259/736/664
f 262/740/668 254/741/669 261/737/665
f 263/742/670 257/733/661 262/740/668
f 252/743/43 266/744/671 265/745/672
f 264/746/673 267/734/674 266/744/671
f 265/745/672 263/742/675 260/739/676
f 266/744/671 258/735/677 263/742/675
f 288/177/154 293/747/678 292/748/679
f 291/749/680 294/750/681 293/747/678
f 292/748/679 305/751/682 302/752/683
f 293/747/678 295/753/684 305/751/682
f 289/754/685 299/755/686 298/756/687
f 296/757/688 300/758/689 299/755/686
f 298/756/690 294/750/691 291/749/692
f 299/755/686 295/753/693 294/750/691
f 301/759/694 303/760/695 290/761/696
f 302/752/683 304/762/697 301/759/694
f 304/762/697 297/763/698 303/760/695
f 305/751/682 300/758/699 304/762/697
f 356/136/119 361/764/700 360/765/701
f 359/766/702 362/767/703 361/764/700
f 360/768/701 372/769/704 369/770/705
f 361/771/700 363/772/706 372/769/704
f 357/105/94 366/773/707 359/774/708
f 364/775/709 367/776/710 366/773/707
f 359/774/708 366/773/707 362/777/711
f 366/773/707 363/772/712 362/777/713
f 368/778/714 370/779/715 358/173/151
f 369/770/705 371/780/716 368/778/714
f 371/780/716 365/781/717 370/779/715
f 372/769/718 367/776/710 371/780/716
f 393/180/156 399/782/719 398/783/720
f 396/784/721 400/785/722 399/786/719
f 398/787/720 399/786/719 409/788/723
f 399/786/719 401/789/724 409/788/723
f 402/790/725 404/791/726 394/792/727
f 403/793/728 405/794/729 402/790/725
f 405/794/729 397/795/730 404/791/726
f 406/796/731 400/785/732 405/794/729
f 395/117/103 408/797/733 407/798/734
f 398/799/735 409/788/736 408/797/733
f 407/798/734 406/796/731 403/793/728
f 408/797/733 401/789/737 406/796/731
s 2
f 413/800/738 415/801/739 410/165/144
f 414/802/740 416/803/741 413/800/738
f 415/801/739 416/803/741 423/804/742
f 416/803/741 417/805/743 423/806/742
f 418/807/744 420/808/745 411/237/210
f 419/809/746 421/810/747 418/807/744
f 420/808/745 421/811/747 414/802/740
f 422/812/748 423/806/742 424/813/749
f 424/813/749 419/809/746 422/814/748
f 424/813/749 423/806/742 417/815/743
s 5
f 428/816/750 429/817/751 425/220/752
s 6
f 429/817/753 1161/818/754 432/819/755
s 2
f 426/820/756 430/821/757 431/822/758
s 7
f 434/823/759 1161/818/760 430/824/761
s 8
f 431/822/762 430/825/763 428/826/763
s 2
f 435/210/183 438/827/764 439/828/765
s 9
f 442/829/766 440/830/767 438/831/768
s 2
f 437/234/207 443/832/769 444/833/770
s 10
f 443/832/771 438/834/772 444/835/773
s 11
f 444/835/774 1817/836/775 442/837/776
s 2
f 445/318/291 448/838/777 449/839/778
s 12
f 449/840/779 450/841/779 1818/842/779
s 2
f 446/843/780 449/844/781 451/845/782
s 13
f 451/845/783 449/846/784 448/847/784
s 14
f 457/848/785 458/849/786 454/343/787
s 15
f 457/848/788 460/850/788 459/851/788
s 16
f 458/849/789 1160/852/790 462/853/791
s 2
f 455/854/792 459/855/793 460/856/794
s 17
f 459/857/795 463/858/795 1160/859/795
s 2
f 467/860/796 469/861/797 464/298/271
f 467/860/796 468/862/798 470/863/799
f 469/861/797 470/864/799 476/865/800
f 470/863/799 468/862/798 471/866/801
f 473/867/802 472/868/803 474/869/804
f 473/870/802 474/869/804 468/871/798
f 472/868/803 468/862/798 474/869/804
f 475/872/805 477/873/806 466/265/238
f 476/865/800 478/874/807 475/872/805
f 477/873/806 478/874/807 472/875/803
f 478/874/807 471/866/801 472/868/803
s 18
f 482/876/808 483/877/809 479/273/810
s 19
f 482/876/811 484/878/812 488/879/813
s 2
f 481/271/244 487/880/814 488/881/815
s 20
f 487/880/816 483/882/816 488/883/817
s 19
f 488/883/813 1819/884/818 486/885/819
f 488/886/813 484/887/812 1819/884/818
s 2
f 492/888/820 494/889/821 489/890/822
f 492/888/820 493/891/823 495/892/824
f 495/892/824 501/893/825 494/889/821
f 495/892/824 496/894/826 503/895/827
f 497/896/828 498/897/829 499/898/830
f 497/899/828 499/898/830 493/900/823
f 498/897/829 493/891/823 499/898/830
f 500/901/831 502/902/832 491/285/258
f 500/901/831 501/893/825 503/903/827
f 502/902/832 503/903/827 498/904/829
f 503/895/827 496/894/826 498/897/829
f 504/199/172 508/905/833 507/906/834
s 21
f 508/907/835 1816/908/835 509/909/835
s 2
f 506/291/264 512/910/836 508/911/837
s 22
f 512/910/838 507/912/838 508/913/838
s 23
f 508/913/839 1816/908/839 511/914/839
s 2
f 516/915/840 518/916/841 513/281/254
f 517/917/842 519/918/843 516/915/840
f 519/918/843 527/919/844 518/916/841
f 519/918/843 520/920/845 530/921/846
f 514/922/225 524/923/847 523/924/848
f 521/925/849 525/926/850 524/923/847
f 523/924/848 520/920/851 517/917/842
s 24
f 524/923/852 530/927/853 520/920/854
s 2
f 526/928/855 528/929/856 515/300/273
f 527/919/844 529/930/857 526/928/855
f 529/930/857 522/931/858 528/929/856
f 529/930/857 530/927/859 525/926/860
f 534/932/861 536/933/862 531/244/217
f 535/934/863 537/935/864 534/932/861
f 537/935/864 545/936/865 536/933/862
f 537/935/864 538/937/866 548/938/867
f 532/939/263 542/940/868 541/941/869
f 539/942/870 543/943/871 542/940/868
f 541/941/869 538/937/872 535/934/863
s 25
f 542/940/873 548/944/874 538/937/875
s 2
f 544/945/876 546/946/877 533/261/234
f 545/936/865 547/947/878 544/945/876
f 547/947/878 540/948/879 546/946/877
f 547/947/878 548/944/880 543/943/881
f 552/949/882 554/950/883 549/276/249
f 553/951/884 555/952/885 552/949/882
f 555/952/885 564/953/886 554/950/883
f 555/952/885 557/954/887 567/955/888
f 558/956/889 560/957/890 550/255/228
f 559/958/891 561/959/892 558/956/889
f 561/959/892 553/951/884 560/957/890
f 561/959/892 557/954/887 556/960/893
f 563/961/894 565/962/895 551/303/276
f 564/953/886 566/963/896 563/961/894
f 566/963/896 559/958/891 565/962/895
f 566/963/896 557/954/887 562/964/897
f 571/965/898 573/966/899 568/232/205
f 572/967/900 574/968/901 571/965/898
f 574/968/901 583/969/902 573/966/899
f 574/968/901 575/970/903 576/971/904
f 569/972/274 580/973/905 579/974/906
f 577/975/907 581/976/908 580/973/905
f 579/974/906 575/970/909 572/967/900
f 580/973/905 576/977/910 575/970/909
f 582/978/911 584/979/912 570/270/243
f 583/969/902 585/980/913 582/978/911
f 585/980/913 578/981/914 584/979/912
f 585/980/913 576/977/904 581/976/915
f 586/982/916 591/983/917 590/984/918
f 589/985/919 592/986/920 591/983/917
f 590/984/918 603/987/921 600/988/922
f 591/983/917 593/989/923 603/987/921
f 587/311/284 597/990/924 596/991/925
f 594/992/926 598/993/927 597/990/924
s 26
f 596/991/928 592/986/929 589/985/930
s 2
f 597/990/924 593/989/931 592/986/932
f 599/994/933 601/995/934 588/996/308
f 600/988/922 602/997/935 599/994/933
f 602/997/935 595/998/936 601/995/934
f 603/987/937 598/993/938 602/997/935
f 607/999/939 609/1000/940 604/321/294
f 608/1001/941 610/1002/942 607/999/939
f 610/1002/942 617/1003/943 609/1000/940
f 612/1004/944 614/1005/945 605/1006/309
f 613/1007/946 615/1008/947 612/1004/944
f 615/1008/947 608/1001/941 614/1005/945
f 616/1009/948 618/1010/949 606/308/281
f 617/1003/943 619/1011/950 616/1009/948
f 619/1011/950 613/1007/946 618/1010/949
f 620/320/293 626/1012/951 625/1013/952
f 623/1014/953 627/1015/954 626/1012/951
f 625/1013/952 626/1012/951 637/1016/955
f 626/1012/951 628/1017/956 637/1016/955
f 629/1018/957 631/1019/958 621/1020/198
f 630/1021/959 632/1022/960 629/1018/957
f 632/1022/960 624/1023/961 631/1019/958
f 633/1024/962 627/1015/954 632/1022/960
f 622/312/285 636/1025/963 635/1026/964
f 634/1027/965 637/1016/966 636/1025/963
f 635/1026/964 633/1024/962 630/1021/959
f 636/1025/963 628/1017/956 633/1024/962
f 641/1028/967 643/1029/968 638/226/199
f 642/1030/969 644/1031/970 641/1028/967
f 644/1031/970 652/1032/971 643/1029/968
f 644/1031/970 645/1033/972 655/1034/973
f 646/1035/974 648/1036/975 639/314/287
f 647/1037/976 649/1038/977 646/1035/974
f 649/1038/977 642/1030/969 648/1036/975
f 649/1038/977 650/1039/978 645/1040/972
f 651/1041/979 653/1042/980 640/1043/296
f 652/1032/971 654/1044/981 651/1041/979
f 654/1044/981 647/1037/976 653/1042/980
f 655/1034/973 650/1039/978 654/1044/981
f 656/341/314 671/1045/982 661/1046/983
f 659/1047/984 662/1048/985 671/1045/982
f 661/1046/983 671/1049/982 669/1050/986
s 27
f 671/1045/987 662/1048/987 663/1051/988
s 2
f 664/1052/989 666/1053/990 657/1054/300
f 665/1055/991 667/1056/992 664/1052/989
f 667/1056/993 660/1057/994 666/1058/990
f 658/1059/995 671/1060/996 670/1061/997
f 668/1062/998 669/1050/999 671/1060/996
f 670/1061/997 662/1063/1000 665/1055/991
f 672/213/186 677/1064/1001 676/1065/1002
f 675/1066/1003 678/1067/1004 677/1064/1001
f 676/1065/1002 689/1068/1005 686/1069/1006
f 677/1064/1001 679/1070/1007 689/1068/1005
f 673/315/288 683/1071/1008 682/1072/1009
f 680/1073/1010 684/1074/1011 683/1071/1008
f 682/1072/1009 683/1071/1008 678/1067/1012
f 683/1071/1008 679/1070/1007 678/1067/1012
f 685/1075/1013 687/1076/1014 674/1077/313
f 686/1069/1006 688/1078/1015 685/1075/1013
f 688/1078/1015 681/1079/1016 687/1076/1014
f 689/1068/1005 684/1074/1011 688/1078/1015
f 690/345/318 696/1080/1017 695/1081/1018
f 693/1082/1019 697/1083/1020 696/1080/1017
f 695/1081/1021 707/1084/1022 704/1085/1023
f 696/1080/1017 698/1086/1024 707/1084/1022
f 699/1087/1025 701/1088/1026 691/1089/189
f 700/1090/1027 702/1091/1028 699/1087/1025
f 702/1091/1028 694/1092/1029 701/1088/1026
f 703/1093/1030 697/1083/1020 702/1091/1028
f 692/307/280 706/1094/1031 705/1095/1032
f 704/1085/1033 707/1084/1034 706/1094/1031
f 705/1095/1032 703/1093/1035 700/1090/1027
f 706/1094/1031 698/1086/1036 703/1093/1035
f 711/1096/1037 713/1097/1038 708/332/305
f 712/1098/1039 714/1099/1040 711/1096/1037
f 714/1099/1040 722/1100/1041 713/1097/1038
f 714/1099/1040 715/1101/1042 725/1102/1043
f 716/1103/1044 718/1104/1045 709/304/277
f 717/1105/1046 719/1106/1047 716/1103/1044
f 719/1106/1047 712/1098/1039 718/1104/1045
f 719/1106/1047 720/1107/1048 715/1108/1042
f 721/1109/1049 723/1110/1050 710/1111/177
f 722/1100/1041 724/1112/1051 721/1109/1049
f 724/1112/1051 717/1105/1046 723/1110/1050
f 725/1102/1043 720/1107/1048 724/1112/1051
f 726/1113/1052 731/1114/1053 730/1115/1054
f 729/1116/1055 732/1117/1056 731/1114/1053
f 730/1115/1054 742/1118/1057 739/1119/1058
f 731/1114/1053 733/1120/1059 742/1118/1057
f 727/306/279 736/1121/1060 729/1122/1061
f 734/1123/1062 737/1124/1063 736/1121/1060
f 729/1122/1061 736/1121/1060 732/1117/1064
f 736/1121/1060 733/1120/1059 732/1117/1064
f 738/1125/1065 740/1126/1066 728/1127/304
f 739/1119/1058 741/1128/1067 738/1125/1065
f 741/1128/1067 735/1129/1068 740/1126/1066
f 742/1118/1057 737/1124/1063 741/1128/1067
s 3
f 793/1130/1069 798/1131/1070 806/1132/1071
f 796/1133/1072 799/1134/1073 798/1131/1070
f 806/1132/1071 798/1131/1070 809/1135/1074
f 798/1131/1070 800/1136/1075 809/1135/1074
f 801/1137/1076 803/1138/1077 794/1139/1078
f 802/1140/1079 804/1141/1080 801/1137/1076
f 804/1141/1080 797/1142/1081 803/1138/1077
f 805/1143/1082 799/1134/1073 804/1141/1080
f 795/1144/361 808/1145/1083 807/1146/1084
f 806/1147/1085 809/1135/1086 808/1145/1083
f 807/1146/1084 805/1143/1087 802/1140/1088
f 808/1145/1083 800/1136/1089 805/1143/1087
f 830/523/474 835/1148/1090 834/1149/1091
f 833/1150/1092 836/1151/1093 835/1148/1090
f 834/1149/1091 846/1152/1094 843/1153/1095
f 835/1148/1090 837/1154/1096 846/1152/1094
f 831/1155/1097 840/1156/1098 833/1157/1099
f 838/1158/1100 841/1159/1101 840/1156/1098
f 833/1157/1099 840/1156/1098 836/1151/1102
f 840/1156/1098 837/1154/1103 836/1151/1104
f 842/1160/1105 844/1161/1106 832/1162/1107
f 843/1153/1095 845/1163/1108 842/1160/1105
f 845/1163/1108 839/1164/1109 844/1161/1106
f 846/1152/1094 841/1159/1110 845/1163/1108
f 897/483/437 902/1165/1111 901/1166/1112
f 900/1167/1113 903/1168/1114 902/1165/1111
f 901/1169/1112 913/1170/1115 910/1171/1116
f 902/1172/1111 904/1173/1117 913/1170/1115
f 898/450/412 907/1174/1118 900/1175/1119
f 905/1176/1120 908/1177/1121 907/1174/1118
f 900/1175/1119 907/1174/1118 903/1178/1122
f 907/1174/1118 904/1173/1123 903/1178/1122
f 909/1179/1124 911/1180/1125 899/520/471
f 910/1171/1116 912/1181/1126 909/1179/1124
f 912/1181/1126 906/1182/1127 911/1180/1125
f 913/1170/1128 908/1177/1121 912/1181/1126
f 934/525/476 939/1183/1129 947/1184/1130
f 937/1185/1131 940/1186/1132 939/1187/1129
f 947/1188/1130 939/1187/1129 950/1189/1133
f 939/1187/1129 941/1190/1134 950/1189/1135
f 942/1191/1136 944/1192/1137 935/1193/1138
f 943/1194/1139 945/1195/1140 942/1191/1136
f 945/1195/1140 938/1196/1141 944/1192/1137
f 946/1197/1142 940/1186/1143 945/1195/1140
f 936/462/421 949/1198/1144 948/1199/1145
f 947/1200/1146 950/1189/1147 949/1198/1144
f 948/1199/1145 946/1197/1142 943/1194/1139
f 949/1198/1144 941/1190/1148 946/1197/1142
s 4
f 1001/1201/1149 1007/1202/1150 1006/1203/1151
f 1004/1204/1152 1008/1205/1153 1007/1202/1150
f 1006/1203/1151 1007/1202/1150 1017/1206/1154
f 1007/1202/1150 1009/1207/1155 1017/1206/1154
f 1010/1208/1156 1012/1209/1157 1002/1210/1158
f 1011/1211/1159 1013/1212/1160 1010/1213/1156
f 1013/1214/1160 1005/1215/1161 1012/1209/1157
f 1014/1216/1162 1008/1217/1153 1013/1212/1160
f 1003/585/1163 1016/1218/1164 1015/1219/1165
s 28
f 1006/1220/1166 1017/1221/1166 1016/1218/1166
s 4
f 1015/1219/1165 1014/1216/1167 1011/1211/1168
f 1016/1218/1164 1009/1222/1169 1014/1216/1167
f 1038/711/642 1043/1223/1170 1042/1224/1171
f 1041/1225/1172 1044/1226/1173 1043/1223/1170
f 1042/1224/1171 1055/1227/1174 1052/1228/1175
f 1043/1223/1170 1045/1229/1176 1055/1227/1174
f 1039/1230/1177 1049/1231/1178 1048/1232/1179
f 1046/1233/1180 1050/1234/1181 1049/1231/1178
f 1048/1232/1182 1044/1235/1183 1041/1236/1184
f 1049/1231/1178 1045/1237/1185 1044/1235/1183
f 1051/1238/1186 1053/1239/1187 1040/1240/1188
f 1052/1228/1175 1054/1241/1189 1051/1238/1186
f 1054/1242/1189 1047/1243/1190 1053/1244/1187
f 1055/1227/1174 1050/1245/1191 1054/1241/1189
f 1106/673/607 1111/1246/1192 1110/1247/1193
f 1109/1248/1194 1112/1249/1195 1111/1250/1192
f 1110/1251/1193 1122/1252/1196 1119/1253/1197
f 1111/1250/1192 1113/1254/1198 1122/1252/1196
f 1107/642/582 1116/1255/1199 1109/1256/1200
f 1114/1257/1201 1117/1258/1202 1116/1255/1199
f 1109/1256/1200 1116/1255/1199 1112/1249/1203
f 1116/1255/1199 1113/1254/1204 1112/1249/1203
f 1118/1259/1205 1120/1260/1206 1108/707/639
f 1119/1253/1197 1121/1261/1207 1118/1259/1205
f 1121/1261/1207 1115/1262/1208 1120/1260/1206
f 1122/1252/1209 1117/1258/1202 1121/1261/1207
f 1143/1263/644 1148/1264/1210 1156/1265/1211
f 1146/1266/1212 1149/1267/1213 1148/1264/1210
f 1156/1265/1211 1148/1264/1210 1159/1268/1214
f 1148/1264/1210 1150/1269/1215 1159/1268/1216
f 1151/1270/1217 1153/1271/1218 1144/1272/1219
f 1152/1273/1220 1154/1274/1221 1151/1270/1217
f 1154/1274/1221 1147/1275/1222 1153/1271/1218
f 1155/1276/1223 1149/1267/1224 1154/1274/1221
f 1145/654/591 1158/1277/1225 1157/1278/1226
f 1156/1279/1227 1159/1268/1228 1158/1277/1225
f 1157/1278/1226 1155/1276/1223 1152/1273/1220
f 1158/1277/1225 1150/1269/1229 1155/1276/1223
s 1
f 221/25/22 1164/1280/1230 224/1281/1231
f 224/1281/1231 1165/1282/1232 223/1283/1233
f 223/1284/1234 1166/1285/1235 222/1286/1236
f 1166/1285/1235 220/182/158 222/1286/1236
f 1162/24/21 207/1287/1237 1164/1280/1230
f 1164/1280/1230 208/1288/1238 1165/1282/1232
f 1165/1289/1239 209/1290/1240 1166/1285/1235
f 209/1290/1240 1163/139/122 1166/1285/1235
f 1167/61/55 229/1291/1241 226/8/7
f 1169/1292/1242 228/1293/1243 229/1291/1241
f 1170/1294/1244 227/1295/1245 228/1293/1246
f 227/1295/1245 1168/1296/105 225/1297/18
f 210/194/167 1169/1292/1242 1167/61/55
f 212/1298/1247 1170/1294/1248 1169/1292/1242
f 213/1299/1249 1171/1300/1250 1170/1294/1244
f 1171/1300/1250 211/1301/15 1168/1296/105
f 1172/129/114 204/1302/1251 201/3/3
f 1174/1303/1252 203/1304/1253 204/1302/1251
f 1175/1305/1254 202/1306/1255 203/1304/1256
f 202/1307/1255 1173/4/4 200/16/13
f 221/25/22 1174/1303/1252 1172/129/114
f 224/1281/1231 1175/1305/1257 1174/1303/1252
f 223/1283/1234 1176/1308/1258 1175/1305/1254
f 1176/1309/1258 220/182/158 1173/4/4
f 216/158/138 1179/1310/1259 219/1311/1260
f 219/1311/1260 1180/1312/1261 218/1313/1262
f 218/1313/1263 1181/1314/1264 217/1315/1265
f 1181/1314/1264 215/1316/8 217/1315/1265
f 1177/26/23 229/1291/1241 1179/1310/1259
f 1179/1310/1259 228/1293/1243 1180/1312/1261
f 1180/1312/1266 227/1295/1245 1181/1314/1264
f 227/1295/1245 1178/1317/20 1181/1314/1264
f 231/159/139 1184/1318/1267 234/1319/1268
f 234/1319/1268 1185/1320/1269 233/1321/1270
f 233/1321/1271 1186/1322/1272 232/1323/1273
f 1186/1322/1272 230/1324/25 232/1323/1273
f 1182/153/135 219/1311/1260 1184/1318/1267
f 1184/1318/1267 218/1313/1262 1185/1320/1269
f 1185/1320/1274 217/1315/1265 1186/1322/1272
f 217/1315/1265 1183/1325/10 1186/1322/1272
f 205/15/12 1189/1326/1275 207/1287/1237
f 207/1287/1237 1190/1327/1276 208/1288/1238
f 208/1328/1277 1191/1329/1278 209/1290/1240
f 1191/1329/1278 206/35/31 209/1290/1240
f 1187/14/11 237/1330/1279 1189/1326/1275
f 1189/1326/1275 238/1331/1280 1190/1327/1276
f 1190/1332/1281 239/1333/1282 1191/1329/1278
f 239/1333/1282 1188/33/29 1191/1329/1278
f 235/44/39 1194/1334/1283 237/1330/1279
f 237/1330/1279 1195/1335/1284 238/1331/1280
f 238/1336/1285 1196/1337/1286 239/1333/1282
f 1196/1337/1286 236/32/28 239/1333/1282
f 1192/53/47 247/1338/1287 1194/1334/1283
f 1194/1334/1283 248/1339/1288 1195/1335/1284
f 1195/1340/1289 249/1341/1290 1196/1337/1286
f 249/1341/1290 1193/30/26 1196/1337/1286
f 241/195/168 1199/1342/1291 244/1343/1292
f 244/1343/1292 1200/1344/1293 243/1345/1294
f 243/1345/1295 1201/1346/1296 242/1347/1297
f 1201/1346/1296 240/1348/35 242/1347/1297
f 1197/187/161 234/1319/1268 1199/1342/1291
f 1199/1342/1291 233/1321/1270 1200/1344/1293
f 1200/1344/1298 232/1323/1273 1201/1346/1296
f 232/1323/1273 1198/1349/33 1201/1346/1296
f 1202/170/148 272/1350/1299 269/168/146
f 1204/1351/1300 271/1352/1301 272/1350/1299
f 1205/1353/1302 270/1354/1303 271/1352/1301
f 1206/1355/1304 268/186/44 270/1354/1303
f 251/738/666 1204/1351/1300 1202/170/148
f 261/737/665 1205/1353/1302 1204/1351/1300
f 254/741/669 1206/1355/1304 1205/1353/1302
f 253/732/660 1203/133/116 1206/1355/1304
f 245/52/46 1209/1356/1305 247/1338/1287
f 247/1338/1287 1210/1357/1306 248/1339/1288
f 248/1358/1307 1211/1359/1308 249/1341/1290
f 249/1341/1290 1208/40/36 246/42/38
f 1207/152/134 272/1350/1299 1209/1356/1305
f 1209/1356/1309 271/1352/1301 1210/1357/1306
f 1210/1360/1310 270/1361/1303 1211/1359/1308
f 270/1361/1303 1208/40/36 1211/1359/1308
f 251/738/666 1214/1362/1311 259/736/664
f 259/736/664 1215/1363/1312 260/739/667
f 260/739/676 1216/1364/1313 265/745/672
f 265/745/672 1213/1365/41 252/743/43
f 1212/169/147 244/1343/1292 1214/1362/1311
f 1214/1362/1311 243/1345/1294 1215/1363/1312
f 1215/1363/1314 242/1347/1297 1216/1364/1313
f 1216/1364/1313 240/1348/35 1213/1365/41
f 1217/69/62 212/1298/1247 210/194/167
f 1219/1366/1315 213/1299/1316 212/1298/1247
f 1220/1367/1317 214/1368/1318 213/1299/1249
f 214/1368/1318 1218/1369/141 211/1301/15
f 278/128/113 1219/1366/1315 1217/69/62
f 280/1370/1319 1220/1367/1320 1219/1366/1315
f 281/1371/1321 1221/1372/1322 1220/1367/1317
f 1221/1372/1322 279/1373/52 1218/1369/141
f 1222/1/1 277/1374/1323 274/178/155
f 1224/1375/1324 276/1376/1325 277/1374/1323
f 1225/1377/1326 275/1378/1327 276/1376/1328
f 275/1379/1327 1223/54/48 273/56/50
f 201/3/3 1224/1375/1324 1222/1/1
f 204/1302/1251 1225/1377/1329 1224/1375/1324
f 203/1304/1256 1226/1380/1330 1225/1377/1326
f 1226/1381/1330 200/16/13 1223/54/48
f 290/761/696 1229/1382/1331 301/759/694
f 301/759/694 1230/1383/1332 302/752/683
f 302/752/683 1231/1384/1333 292/748/679
f 292/748/679 1228/175/106 288/177/154
f 1227/143/125 285/1385/1334 1229/1382/1331
f 1229/1382/1331 286/1386/1335 1230/1383/1332
f 1230/1383/1332 287/1387/1336 1231/1384/1333
f 1231/1384/1333 284/1388/58 1228/175/106
f 1232/144/126 280/1370/1319 278/128/113
f 1234/1389/1337 281/1371/1338 280/1370/1319
f 1235/1390/1339 282/1391/1340 281/1371/1321
f 1236/1392/1341 279/1373/52 282/1391/1340
f 290/761/696 1234/1389/1337 1232/144/126
f 303/760/695 1235/1390/1342 1234/1389/1337
f 297/763/1343 1236/1392/1341 1235/1390/1339
f 296/757/688 1233/1393/60 1236/1392/1341
f 1237/146/128 285/1385/1334 283/145/127
f 1239/1394/1344 286/1386/1335 285/1385/1334
f 1240/1395/1345 287/1387/1336 286/1386/1335
f 287/1396/1336 1238/62/56 284/64/58
f 274/178/155 1239/1394/1344 1237/146/128
f 277/1374/1323 1240/1395/1346 1239/1394/1344
f 276/1376/1328 1241/1397/1347 1240/1395/1345
f 275/1379/1327 1238/62/56 1241/1398/1347
f 1242/142/124 330/1399/1348 327/71/63
f 1244/1400/1349 329/1401/1350 330/1399/1348
f 1245/1402/1351 328/1403/1352 329/1401/1350
f 1246/1404/1353 326/193/166 328/1403/1352
f 311/91/81 1244/1400/1349 1242/142/124
f 313/1405/1354 1245/1402/1351 1244/1400/1349
f 314/1406/1355 1246/1404/1353 1245/1402/1351
f 315/1407/1356 1243/192/165 1246/1404/1353
f 332/85/75 1249/1408/1357 335/1409/1358
f 335/1409/1358 1250/1410/1359 334/1411/1360
f 334/1411/1360 1251/1412/1361 333/1413/1362
f 333/1413/1362 1248/123/109 331/126/112
f 1247/84/74 318/1414/1363 1249/1408/1357
f 1249/1408/1357 319/1415/1364 1250/1410/1359
f 1250/1410/1359 320/1416/1365 1251/1412/1361
f 1251/1412/1361 317/124/110 1248/123/109
f 307/81/71 1254/1417/1366 310/1418/1367
f 310/1418/1367 1255/1419/1368 309/1420/1369
f 309/1420/1369 1256/1421/1370 308/1422/1371
f 308/1422/1371 1253/140/123 306/106/95
f 1252/72/64 330/1399/1348 1254/1417/1366
f 1254/1417/1366 329/1401/1350 1255/1419/1368
f 1255/1419/1368 328/1403/1352 1256/1421/1370
f 1256/1421/1370 326/193/166 1253/140/123
f 1257/86/76 325/1423/1372 322/125/111
f 1259/1424/1373 324/1425/1374 325/1423/1372
f 1260/1426/1375 323/1427/1376 324/1425/1374
f 1261/1428/1377 321/183/159 323/1427/1376
f 332/85/75 1259/1424/1373 1257/86/76
f 335/1409/1358 1260/1426/1375 1259/1424/1373
f 334/1411/1360 1261/1428/1377 1260/1426/1375
f 333/1413/1362 1258/161/140 1261/1428/1377
f 1262/77/68 340/1429/1378 337/155/136
f 1264/1430/1379 339/1431/1380 340/1429/1378
f 1265/1432/1381 338/1433/1382 339/1431/1380
f 1266/1434/1383 336/78/69 338/1433/1382
f 322/125/111 1264/1430/1379 1262/77/68
f 325/1423/1372 1265/1432/1381 1264/1430/1379
f 324/1425/1374 1266/1434/1383 1265/1432/1381
f 323/1427/1376 1263/94/84 1266/1434/1383
f 1267/92/82 313/1405/1354 311/91/81
f 1269/1435/1384 314/1406/1355 313/1405/1354
f 1270/1436/1385 315/1407/1356 314/1406/1355
f 1271/1437/1386 312/191/164 315/1407/1356
f 341/97/86 1269/1435/1384 1267/92/82
f 343/1438/1387 1270/1436/1385 1269/1435/1384
f 344/1439/1388 1271/1437/1386 1270/1436/1385
f 345/1440/1389 1268/74/66 1271/1437/1386
f 1272/98/87 343/1438/1387 341/97/86
f 1274/1441/1390 344/1439/1388 343/1438/1387
f 1275/1442/1391 345/1440/1389 344/1439/1388
f 1276/1443/1392 342/138/121 345/1440/1389
f 351/102/91 1274/1441/1390 1272/98/87
f 353/1444/1393 1275/1442/1391 1274/1441/1390
f 354/1445/1394 1276/1443/1392 1275/1442/1391
f 355/1446/1395 1273/184/160 1276/1443/1392
f 1277/93/83 350/1447/1396 347/188/162
f 1279/1448/1397 349/1449/1398 350/1447/1396
f 1280/1450/1399 348/1451/1400 349/1449/1398
f 1281/1452/1401 346/101/90 348/1451/1400
f 337/155/136 1279/1448/1397 1277/93/83
f 340/1429/1378 1280/1450/1399 1279/1448/1397
f 339/1431/1380 1281/1452/1401 1280/1450/1399
f 338/1433/1382 1278/80/70 1281/1452/1401
f 374/190/163 1284/1453/1402 377/1454/1403
f 377/1454/1403 1285/1455/1404 376/1456/1405
f 376/1456/1405 1286/1457/1406 375/1458/1407
f 375/1458/1407 1283/172/150 373/174/152
f 1282/1459/120 360/768/701 1284/1453/1402
f 1284/1453/1402 369/770/705 1285/1455/1404
f 1285/1455/1404 368/778/714 1286/1457/1406
f 1286/1457/1406 358/173/151 1283/172/150
f 1287/104/93 353/1444/1393 351/102/91
f 1289/1460/1408 354/1445/1394 353/1444/1393
f 1290/1461/1409 355/1446/1395 354/1445/1394
f 1291/1462/1410 352/181/157 355/1446/1395
f 374/190/163 1289/1460/1408 1287/104/93
f 377/1454/1403 1290/1461/1409 1289/1460/1408
f 376/1456/1405 1291/1462/1410 1290/1461/1409
f 375/1458/1407 1288/156/137 1291/1462/1410
f 1292/99/88 364/775/709 357/105/94
f 1294/1463/1411 365/781/717 364/775/709
f 1295/1464/1412 370/779/715 365/781/717
f 1296/1465/1413 358/173/151 370/779/715
f 347/188/162 1294/1463/1411 1292/99/88
f 350/1447/1396 1295/1464/1412 1294/1463/1411
f 349/1449/1398 1296/1465/1413 1295/1464/1412
f 348/1451/1400 1293/171/149 1296/1465/1413
f 316/88/78 1299/1466/1414 318/1414/1363
f 318/1414/1363 1300/1467/1415 319/1415/1364
f 319/1415/1364 1301/1468/1416 320/1416/1365
f 320/1416/1365 1298/166/145 317/124/110
f 1297/109/96 385/1469/1417 1299/1466/1414
f 1299/1466/1414 386/1470/1418 1300/1467/1415
f 1300/1467/1415 387/1471/1419 1301/1468/1416
f 1301/1468/1416 384/130/115 1298/166/145
f 379/111/98 1304/1472/1420 382/1473/1421
f 382/1473/1421 1305/1474/1422 381/1475/1423
f 381/1475/1423 1306/1476/1424 380/1477/1425
f 380/1477/1425 1303/115/101 378/114/100
f 1302/82/72 310/1418/1367 1304/1472/1420
f 1304/1472/1420 309/1420/1369 1305/1474/1422
f 1305/1474/1422 308/1422/1371 1306/1476/1424
f 1306/1476/1424 306/106/95 1303/115/101
f 1307/1478/108 396/1479/721 393/180/156
f 1309/1480/1426 397/795/730 396/784/721
f 1310/1481/1427 404/791/726 397/795/730
f 1311/1482/1428 394/792/727 404/791/726
f 388/118/104 1309/1480/1426 1307/122/108
f 390/1483/1429 1310/1481/1427 1309/1480/1426
f 391/1484/1430 1311/1482/1428 1310/1481/1427
f 392/1485/1431 1308/150/132 1311/1482/1428
f 383/110/97 1314/1486/1432 385/1469/1417
f 385/1469/1417 1315/1487/1433 386/1470/1418
f 386/1470/1418 1316/1488/1434 387/1471/1419
f 387/1471/1419 1313/149/131 384/130/115
f 1312/116/102 407/798/734 1314/1486/1432
f 1314/1486/1432 403/793/728 1315/1487/1433
f 1315/1487/1433 402/790/725 1316/1488/1434
f 1316/1488/1434 394/792/727 1313/149/131
f 388/118/104 1319/1489/1435 390/1483/1429
f 390/1483/1429 1320/1490/1436 391/1484/1430
f 391/1484/1430 1321/1491/1437 392/1485/1431
f 392/1485/1431 1318/148/130 389/147/129
f 1317/112/99 382/1473/1421 1319/1489/1435
f 1319/1489/1435 381/1475/1423 1320/1490/1436
f 1320/1490/1436 380/1477/1425 1321/1491/1437
f 1321/1491/1437 378/114/100 1318/148/130
f 395/117/103 1324/1492/1438 398/1493/735
f 398/783/720 1323/176/153 393/180/156
f 1322/67/61 298/1494/1439 1324/1492/1438
s 29
f 1324/1492/1440 298/1494/1441 291/1495/1440
s 1
f 1324/1496/1442 288/177/154 1323/176/153
f 1325/47/42 264/1497/1443 252/48/43
s 30
f 264/1497/1444 1327/1498/1444 255/1499/1445
s 1
f 1327/1500/1446 250/729/657 255/731/659
f 357/105/94 1327/1501/1447 1325/47/42
f 359/1502/702 1326/134/117 1327/1500/1446
s 2
f 533/261/234 1330/1503/1448 544/945/876
f 544/945/876 1331/1504/1449 545/936/865
f 1331/1504/1449 536/933/862 545/936/865
f 1332/1505/1450 531/244/217 536/933/862
f 1328/260/233 554/950/883 1330/1503/1448
f 1330/1503/1448 564/953/886 1331/1504/1449
f 564/953/886 1332/1505/1450 1331/1504/1449
f 563/961/894 1329/262/235 1332/1505/1450
f 1333/254/227 558/956/889 550/255/228
f 1335/1506/1451 559/958/891 558/956/889
f 559/958/891 1337/1507/1452 565/962/895
f 565/962/895 1334/241/214 551/303/276
f 568/232/205 1335/1506/1451 1333/254/227
f 573/966/899 1336/1508/1453 1335/1506/1451
f 1336/1508/1453 582/978/911 1337/1507/1452
f 1337/1507/1452 570/270/243 1334/241/214
f 1338/1509/262 577/975/907 569/972/274
f 1340/1510/1454 578/981/914 577/975/907
f 578/981/914 1341/1511/1455 584/979/912
f 1341/1511/1456 570/270/243 584/979/912
f 1338/1509/262 541/941/869 1340/1510/1457
f 1340/1510/1454 535/934/863 1341/1512/1455
f 1341/1512/1455 535/934/863 534/932/861
f 1341/1511/1456 531/244/217 1339/243/216
f 515/300/273 1344/1513/1458 526/928/855
f 526/928/855 1345/1514/1459 527/919/844
f 1345/1514/1459 518/916/841 527/919/844
f 1346/1515/1460 513/281/254 518/916/841
f 1342/296/269 560/957/890 1344/1513/1458
f 1344/1513/1458 553/951/884 1345/1514/1459
f 553/951/884 1346/1515/1460 1345/1514/1459
f 552/949/882 1343/275/248 1346/1515/1460
f 1347/1516/223 539/942/870 532/939/263
f 1349/1517/1461 540/948/879 539/942/870
f 540/948/879 1350/1518/1462 546/946/877
f 1350/1518/1463 533/261/234 546/946/877
f 1347/1516/223 523/924/848 1349/1517/1464
f 1349/1517/1461 517/917/842 1350/1519/1462
f 1350/1519/1462 517/917/842 516/915/840
f 1350/1518/1463 513/281/254 1348/229/202
f 1351/1520/224 521/925/849 514/922/225
f 1353/1521/1465 522/931/858 521/925/849
f 522/931/858 1354/1522/1465 528/929/856
f 1354/1522/1466 515/300/273 528/929/856
f 1351/1520/224 579/974/906 1353/1521/1467
f 1353/1521/1465 572/967/900 1354/1523/1465
f 1354/1523/1465 572/967/900 571/965/898
f 1354/1522/1466 568/232/205 1352/231/204
f 435/210/183 1357/1524/1468 438/831/764
f 438/831/764 1358/1525/1469 442/829/1470
f 442/829/1470 1359/1526/1471 441/1527/1472
f 441/1527/1472 1356/247/220 436/316/289
f 410/165/144 1357/1524/1468 1355/163/142
f 415/801/739 1358/1525/1469 1357/1524/1468
f 423/804/742 1359/1526/1471 1358/1525/1469
f 422/812/748 1356/247/220 1359/1526/1471
f 1360/259/232 452/1528/1473 447/217/190
f 1362/1529/1474 1818/842/1475 452/1528/1473
f 1363/1530/1476 449/839/778 1818/842/1475
f 1364/1531/1477 445/318/291 449/839/778
f 1360/259/232 422/814/748 1362/1529/1474
f 1362/1529/1474 419/809/746 1363/1530/1476
f 1363/1530/1476 418/807/744 1364/1531/1477
f 1364/1531/1477 411/237/210 1361/239/212
f 1365/317/290 441/1532/1472 436/316/289
f 1367/1533/1478 442/837/1479 441/1532/1472
f 1368/1534/1480 444/833/770 442/837/1479
f 1369/1535/1481 437/234/207 444/833/770
f 1365/317/290 452/1536/1473 1367/1533/1478
f 1367/1533/1478 453/1537/1482 1368/1534/1480
f 1368/1534/1480 449/1538/1483 1369/1535/1481
f 1369/1535/1481 446/843/780 1366/248/221
f 464/298/271 1372/1539/1484 467/860/796
f 467/860/796 1373/1540/1485 468/871/798
f 468/871/798 1374/1541/1486 473/870/1487
f 473/870/1487 1371/279/252 465/322/295
f 425/220/193 1372/1539/1484 1370/299/272
f 429/817/1488 1373/1540/1485 1372/1539/1484
f 432/819/1489 1374/1541/1486 1373/1540/1485
f 433/1542/1490 1371/279/252 1374/1541/1486
f 479/273/246 1377/1543/1491 482/876/1492
f 482/876/1492 1378/1544/1493 1819/1545/1494
f 1819/1545/1494 1379/1546/1495 485/1547/1496
f 485/1547/1496 1376/338/311 480/207/180
f 466/265/238 1377/1543/1491 1375/263/236
f 477/873/806 1378/1544/1493 1377/1543/1491
f 472/875/803 1379/1546/1495 1378/1544/1493
f 473/867/1487 1376/338/311 1379/1546/1495
f 1380/209/182 485/1548/1496 480/207/180
f 1382/1549/1497 486/885/1498 485/1548/1496
f 1383/1550/1499 488/881/815 486/885/1498
f 1384/1551/1500 481/271/244 488/881/815
f 1380/209/182 433/1552/1490 1382/1549/1497
f 1382/1549/1497 434/823/1501 1383/1550/1499
f 1383/1550/1499 430/824/757 1384/1551/1500
f 1384/1551/1500 426/820/756 1381/266/239
f 1385/257/230 461/1553/1502 456/196/169
f 1387/1554/1503 462/853/1504 461/1553/1502
f 1388/1555/1505 458/849/1506 462/853/1504
f 1389/1556/1507 454/343/316 458/849/1506
f 1385/257/230 497/899/1508 1387/1554/1503
f 1387/1554/1503 493/900/823 1388/1555/1505
f 1388/1555/1505 492/888/820 1389/1556/1507
f 1389/1556/1507 489/890/822 1386/293/266
f 1390/328/301 497/896/1508 490/280/253
f 1392/1557/1509 498/904/829 497/896/1508
f 1393/1558/1510 502/902/832 498/904/829
f 1394/1559/1511 491/285/258 502/902/832
f 1390/328/301 510/1560/1512 1392/1557/1509
f 1392/1557/1509 1816/1561/1513 1393/1558/1510
f 1393/1558/1510 508/907/833 1394/1559/1511
f 1394/1559/1511 504/199/172 1391/201/174
f 1395/342/315 510/1562/1512 505/329/302
f 1397/1563/1514 511/914/1515 510/1562/1512
f 1398/1564/1516 508/911/1517 511/914/1515
f 1399/1565/1518 506/291/264 508/911/837
f 1395/342/315 461/1566/1502 1397/1563/1514
f 1397/1563/1514 463/858/1519 1398/1564/1516
f 1398/1564/1516 459/857/793 1399/1565/1518
f 1399/1565/1518 455/854/792 1396/286/259
f 588/996/308 1402/1567/1520 599/994/933
f 599/994/933 1403/1568/1521 600/988/922
f 600/988/922 1404/1569/1522 590/984/918
f 590/984/918 1401/283/256 586/982/916
f 1400/1570/307 614/1005/945 1402/1567/1520
f 1402/1567/1520 608/1001/941 1403/1568/1521
f 1403/1568/1521 607/999/939 1404/1569/1522
f 607/999/939 1401/283/256 1404/1569/1522
f 1405/309/282 623/1014/953 620/320/293
f 1407/1571/1523 624/1023/961 623/1014/953
f 1408/1572/1524 631/1019/958 624/1023/961
f 1409/1573/1525 621/1020/198 631/1019/958
f 606/308/281 1407/1571/1523 1405/309/282
f 618/1010/949 1408/1572/1524 1407/1571/1523
f 613/1007/946 1409/1573/1525 1408/1572/1524
f 612/1004/944 1406/1574/196 1409/1573/1525
f 1410/310/283 594/992/926 587/311/284
f 1412/1575/1526 595/998/936 594/992/926
f 1413/1576/1527 601/995/934 595/998/936
f 1414/1577/1528 588/996/308 601/995/934
f 1410/310/283 635/1026/964 1412/1575/1526
f 1412/1575/1526 630/1021/959 1413/1576/1527
f 1413/1576/1527 629/1018/957 1414/1577/1528
f 1414/1577/1528 621/1020/198 1411/1578/197
f 1415/1579/298 651/1041/979 640/1043/296
f 1417/1580/1529 652/1032/971 651/1041/979
f 1418/1581/1530 643/1029/968 652/1032/971
f 1419/1582/1531 638/226/199 643/1029/968
f 657/1054/300 1417/1580/1529 1415/1579/298
f 666/1058/990 1418/1581/1530 1417/1580/1529
f 660/1057/994 1419/1582/1531 1418/1581/1530
f 659/1047/984 1416/227/200 1419/1582/1531
f 674/1077/313 1422/1583/1532 685/1075/1013
f 685/1075/1013 1423/1584/1533 686/1069/1006
f 686/1069/1006 1424/1585/1534 676/1065/1002
f 676/1065/1002 1421/214/187 672/213/186
f 1420/1586/312 653/1042/980 1422/1583/1532
f 1422/1583/1532 647/1037/976 1423/1584/1533
f 1423/1584/1533 646/1035/974 1424/1585/1534
f 1424/1585/1534 639/314/287 1421/214/187
f 1425/313/286 680/1073/1010 673/315/288
f 1427/1587/1535 681/1079/1016 680/1073/1010
f 1428/1588/1536 687/1076/1014 681/1079/1016
f 1429/1589/1537 674/1077/313 687/1076/1014
f 1425/313/286 670/1061/997 1427/1587/1535
f 1427/1587/1535 665/1055/991 1428/1588/1536
f 1428/1588/1536 664/1052/989 1429/1589/1537
f 1429/1589/1537 657/1054/300 1426/1590/299
f 1430/333/306 693/1082/1019 690/345/318
f 1432/1591/1538 694/1092/1029 693/1082/1019
f 1433/1592/1539 701/1088/1026 694/1092/1029
f 1434/1593/1540 691/1089/189 701/1088/1026
f 708/332/305 1432/1591/1538 1430/333/306
f 713/1097/1038 1433/1592/1539 1432/1591/1538
f 722/1100/1041 1434/1593/1540 1433/1592/1539
f 721/1109/1049 1431/1594/179 1434/1593/1540
f 709/304/277 1437/1595/1541 716/1103/1044
f 716/1103/1044 1438/1596/1542 717/1105/1046
f 717/1105/1046 1439/1597/1543 723/1110/1050
f 723/1110/1050 1436/1598/303 710/1111/177
f 1435/203/176 730/1115/1054 1437/1595/1541
f 1437/1595/1541 739/1119/1058 1438/1596/1542
f 1438/1596/1542 738/1125/1065 1439/1597/1543
f 1439/1597/1543 728/1127/304 1436/1598/303
f 1440/305/278 734/1123/1062 727/306/279
f 1442/1599/1544 735/1129/1068 734/1123/1062
f 1443/1600/1545 740/1126/1066 735/1129/1068
f 1444/1601/1546 728/1127/304 740/1126/1066
f 1440/305/278 705/1095/1032 1442/1599/1544
f 1442/1599/1544 700/1090/1027 1443/1600/1545
f 1443/1600/1545 699/1087/1025 1444/1601/1546
f 1444/1601/1546 691/1089/189 1441/1602/188
f 1445/164/143 413/800/738 410/165/144
f 1447/1603/1547 414/802/1548 413/800/738
f 1448/1604/1549 420/808/745 414/802/1548
f 1449/1605/1550 411/237/210 420/808/745
f 604/321/294 1447/1603/1547 1445/164/143
f 609/1000/940 1448/1604/1549 1447/1603/1547
f 617/1003/943 1449/1605/1550 1448/1604/1549
f 616/1009/948 1446/1606/1551 1449/1605/1550
f 622/312/285 1452/1607/1552 634/1027/1553
f 634/1027/965 1453/1608/1554 625/1609/1555
f 1453/1610/1556 620/320/293 625/1013/952
f 1450/249/222 451/845/782 1452/1607/1552
f 1452/1607/1554 448/847/1557 1453/1608/1554
f 1453/1610/1556 445/318/291 1451/319/292
f 1454/222/195 428/816/1558 425/220/193
s 31
f 1456/1611/1559 431/822/1560 428/826/1560
s 2
f 431/822/758 1455/267/240 426/820/756
f 656/341/314 1456/1612/1561 1454/222/195
f 1456/1612/1561 661/1046/983 669/1050/1562
s 31
f 669/1050/1563 1457/1613/1564 1456/1611/1559
s 2
f 1457/1613/1565 658/1059/995 1455/267/240
f 672/213/186 1460/1614/1566 675/1066/1567
f 1460/1614/1568 682/1615/1569 675/1066/1003
f 682/1072/1009 1459/272/245 673/315/288
f 1458/1616/1570 483/877/1571 1460/1614/1566
f 1460/1614/1568 483/882/1572 1461/1617/1573
f 1461/1617/1573 483/882/1572 487/880/1572
f 487/880/814 1459/272/245 1461/1618/1574
f 491/285/258 1464/1619/1575 500/901/831
f 500/901/831 1465/1620/1576 501/893/1577
f 501/893/1577 1466/1621/1578 494/889/821
f 494/889/821 1463/294/267 489/890/822
f 1462/284/257 718/1104/1045 1464/1619/1575
f 1464/1619/1575 712/1098/1039 1465/1620/1576
f 1465/1620/1576 711/1096/1037 1466/1621/1578
f 1466/1621/1578 708/332/305 1463/294/267
f 1467/287/260 704/1622/1033 692/307/280
f 1469/1623/1579 695/1081/1021 704/1085/1023
f 1470/1624/1580 690/345/318 695/1081/1018
f 455/854/792 1469/1625/1581 1467/287/260
f 460/850/1582 1470/1624/1583 1469/1623/1579
f 457/848/1584 1468/344/317 1470/1624/1580
f 586/982/916 1473/1626/1585 589/1627/919
s 26
f 589/1627/930 1473/1626/1586 1474/1628/1587
f 589/985/930 1474/1629/1587 596/991/928
s 2
f 1474/1629/1588 587/311/284 596/991/925
f 1471/282/255 439/828/1589 1473/1626/1585
s 26
f 1473/1626/1586 439/1630/1590 1474/1628/1587
f 1474/1628/1587 439/1630/1590 443/832/1591
s 2
f 443/832/1592 1472/236/209 1474/1629/1588
f 1475/264/237 475/872/805 466/265/238
f 1477/1631/1593 476/865/1594 475/872/805
f 476/865/1594 1479/1632/1595 469/861/797
f 469/861/797 1476/1633/1596 464/298/271
f 639/314/287 1477/1631/1593 1475/264/237
f 648/1036/975 1478/1634/1597 1477/1631/1593
f 642/1030/969 1479/1632/1595 1478/1634/1597
f 641/1028/967 1476/1633/1596 1479/1632/1595
f 1480/292/265 512/910/836 506/291/264
s 32
f 1482/1635/1598 507/912/1599 512/910/1599
s 2
f 507/906/834 1481/202/175 504/199/172
f 727/306/279 1482/1635/1600 1480/292/265
s 32
f 1482/1635/1598 729/1116/1601 1483/1636/1598
s 2
f 1483/1637/1602 726/1113/1052 1481/202/175
s 3
f 764/370/340 1486/1638/1603 767/1639/1604
f 767/1639/1604 1487/1640/1605 766/1641/1606
f 766/1642/1607 1488/1643/1608 765/1644/1609
f 1488/1643/1608 763/527/478 765/1644/1609
f 1484/369/339 750/1645/1610 1486/1638/1603
f 1486/1638/1603 751/1646/1611 1487/1640/1605
f 1487/1647/1612 752/1648/1613 1488/1643/1608
f 752/1648/1613 1485/486/440 1488/1643/1608
f 1489/406/373 772/1649/1614 769/353/325
f 1491/1650/1615 771/1651/1616 772/1649/1614
f 1492/1652/1617 770/1653/1618 771/1651/1619
f 770/1653/1618 1490/1654/423 768/1655/336
f 753/539/487 1491/1650/1615 1489/406/373
f 755/1656/1620 1492/1652/1621 1491/1650/1615
f 756/1657/1622 1493/1658/1623 1492/1652/1617
f 1493/1658/1623 754/1659/333 1490/1654/423
f 1494/476/432 747/1660/1624 744/348/321
f 1496/1661/1625 746/1662/1626 747/1660/1624
f 1497/1663/1627 745/1664/1628 746/1665/1629
f 745/1664/1628 1495/349/322 743/361/331
f 764/370/340 1496/1661/1625 1494/476/432
f 767/1639/1604 1497/1666/1630 1496/1661/1625
f 766/1642/1607 1498/1667/1631 1497/1663/1627
f 1498/1667/1631 763/527/478 1495/349/322
f 759/505/457 1501/1668/1632 762/1669/1633
f 762/1669/1633 1502/1670/1634 761/1671/1635
f 761/1671/1636 1503/1672/1637 760/1673/1638
f 1503/1672/1637 758/1674/326 760/1673/1638
f 1499/371/341 772/1649/1614 1501/1668/1632
f 1501/1668/1632 771/1651/1616 1502/1670/1634
f 1502/1670/1639 770/1653/1618 1503/1672/1637
f 770/1653/1618 1500/1675/338 1503/1672/1637
f 774/506/458 1506/1676/1640 777/1677/1641
f 777/1677/1641 1507/1678/1642 776/1679/1643
f 776/1679/1644 1508/1680/1645 775/1681/1646
f 1508/1680/1645 773/1682/343 775/1681/1646
f 1504/500/453 762/1669/1633 1506/1676/1640
f 1506/1676/1640 761/1671/1635 1507/1678/1642
f 1507/1678/1647 760/1673/1638 1508/1680/1645
f 760/1673/1638 1505/1683/328 1508/1680/1645
f 748/360/330 1511/1684/1648 750/1645/1610
f 750/1645/1610 1512/1685/1649 751/1646/1611
f 751/1686/1650 1513/1687/1651 752/1648/1613
f 1513/1687/1651 749/380/349 752/1648/1613
f 1509/359/329 780/1688/1652 1511/1684/1648
f 1511/1684/1648 781/1689/1653 1512/1685/1649
f 1512/1690/1654 782/1691/1655 1513/1687/1651
f 782/1691/1655 1510/378/347 1513/1687/1651
f 778/389/357 1516/1692/1656 780/1688/1652
f 780/1688/1652 1517/1693/1657 781/1689/1653
f 781/1694/1658 1518/1695/1659 782/1691/1655
f 1518/1695/1659 779/377/346 782/1691/1655
f 1514/398/365 790/1696/1660 1516/1692/1656
f 1516/1692/1656 791/1697/1661 1517/1693/1657
f 1517/1698/1662 792/1699/1663 1518/1695/1659
f 792/1699/1663 1515/375/344 1518/1695/1659
f 784/540/488 1521/1700/1664 787/1701/1665
f 787/1701/1665 1522/1702/1666 786/1703/1667
f 786/1703/1668 1523/1704/1669 785/1705/1670
f 1523/1706/1669 783/384/353 785/1707/1670
f 1519/532/481 777/1677/1641 1521/1700/1664
f 1521/1700/1664 776/1679/1643 1522/1702/1666
f 1522/1702/1671 775/1681/1646 1523/1704/1669
f 775/1708/1646 1520/382/351 1523/1706/1669
f 1524/517/468 814/1709/1672 811/515/466
f 1526/1710/1673 813/1711/1674 814/1709/1672
f 1527/1712/1675 812/1713/1676 813/1711/1674
f 1528/1714/1677 810/531/362 812/1713/1676
f 794/1139/1078 1526/1710/1673 1524/517/468
f 803/1138/1077 1527/1712/1675 1526/1710/1673
f 797/1142/1081 1528/1714/1677 1527/1712/1675
f 796/1133/1072 1525/480/434 1528/1714/1677
f 788/397/364 1531/1715/1678 790/1696/1660
f 790/1696/1660 1532/1716/1679 791/1697/1661
f 791/1717/1680 1533/1718/1681 792/1699/1663
f 792/1699/1663 1530/385/354 789/387/356
f 1529/499/452 814/1709/1672 1531/1715/1678
f 1531/1715/1682 813/1711/1674 1532/1716/1679
f 1532/1719/1683 812/1720/1676 1533/1718/1681
f 812/1720/1676 1530/385/354 1533/1718/1681
f 794/1139/1078 1536/1721/1684 801/1137/1076
f 801/1137/1076 1537/1722/1685 802/1140/1079
f 802/1140/1088 1538/1723/1686 807/1146/1084
f 807/1724/1084 1535/391/359 795/393/361
f 1534/516/467 787/1701/1665 1536/1721/1684
f 1536/1721/1684 786/1703/1667 1537/1722/1685
f 1537/1722/1687 785/1705/1670 1538/1723/1686
f 1538/1725/1686 783/384/353 1535/391/359
f 1539/414/380 755/1656/1620 753/539/487
f 1541/1726/1688 756/1657/1689 755/1656/1620
f 1542/1727/1690 757/1728/1691 756/1657/1622
f 757/1728/1691 1540/1729/460 754/1659/333
f 820/475/431 1541/1726/1688 1539/414/380
f 822/1730/1692 1542/1727/1693 1541/1726/1688
f 823/1731/1694 1543/1732/1695 1542/1727/1690
f 1543/1732/1695 821/1733/370 1540/1729/460
f 1544/346/319 819/1734/1696 816/524/475
f 1546/1735/1697 818/1736/1698 819/1734/1696
f 1547/1737/1699 817/1738/1700 818/1736/1701
f 817/1739/1700 1545/399/366 815/401/368
f 744/348/321 1546/1735/1697 1544/346/319
f 747/1660/1624 1547/1737/1702 1546/1735/1697
f 746/1665/1629 1548/1740/1703 1547/1741/1699
f 1548/1740/1703 743/361/331 1545/399/366
f 832/1162/1107 1551/1742/1704 842/1160/1105
f 842/1160/1105 1552/1743/1705 843/1153/1095
f 843/1153/1095 1553/1744/1706 834/1149/1091
f 834/1149/1091 1550/465/424 830/523/474
f 1549/490/443 827/1745/1707 1551/1742/1704
f 1551/1742/1704 828/1746/1708 1552/1743/1705
f 1552/1743/1705 829/1747/1709 1553/1744/1706
f 1553/1744/1706 826/1748/376 1550/465/424
f 1554/491/444 822/1730/1692 820/475/431
f 1556/1749/1710 823/1731/1711 822/1730/1692
f 1557/1750/1712 824/1751/1713 823/1731/1694
f 1558/1752/1714 821/1733/370 824/1751/1713
f 832/1162/1107 1556/1749/1710 1554/491/444
f 844/1161/1106 1557/1750/1715 1556/1749/1710
f 839/1164/1716 1558/1752/1714 1557/1750/1712
f 838/1158/1100 1555/1753/378 1558/1752/1714
f 1559/493/446 827/1745/1707 825/492/445
f 1561/1754/1717 828/1746/1708 827/1745/1707
f 1562/1755/1718 829/1747/1709 828/1746/1708
f 829/1756/1709 1560/407/374 826/409/376
f 816/524/475 1561/1754/1717 1559/493/446
f 819/1734/1696 1562/1755/1719 1561/1754/1717
f 818/1736/1701 1563/1757/1720 1562/1755/1718
f 817/1739/1700 1560/407/374 1563/1758/1720
f 1564/489/442 871/1759/1721 868/416/381
f 1566/1760/1722 870/1761/1723 871/1759/1721
f 1567/1762/1724 869/1763/1725 870/1761/1723
f 1568/1764/1726 867/538/486 869/1763/1725
f 852/436/399 1566/1760/1722 1564/489/442
f 854/1765/1727 1567/1762/1724 1566/1760/1722
f 855/1766/1728 1568/1764/1726 1567/1762/1724
f 856/1767/1729 1565/537/485 1568/1764/1726
f 873/430/393 1571/1768/1730 876/1769/1731
f 876/1769/1731 1572/1770/1732 875/1771/1733
f 875/1771/1733 1573/1772/1734 874/1773/1735
f 874/1773/1735 1570/470/427 872/473/430
f 1569/429/392 859/1774/1736 1571/1768/1730
f 1571/1768/1730 860/1775/1737 1572/1770/1732
f 1572/1770/1732 861/1776/1738 1573/1772/1734
f 1573/1772/1734 858/471/428 1570/470/427
f 848/426/389 1576/1777/1739 851/1778/1740
f 851/1778/1740 1577/1779/1741 850/1780/1742
f 850/1780/1742 1578/1781/1743 849/1782/1744
f 849/1782/1744 1575/487/441 847/451/413
f 1574/417/382 871/1759/1721 1576/1777/1739
f 1576/1777/1739 870/1761/1723 1577/1779/1741
f 1577/1779/1741 869/1763/1725 1578/1781/1743
f 1578/1781/1743 867/538/486 1575/487/441
f 1579/431/394 866/1783/1745 863/472/429
f 1581/1784/1746 865/1785/1747 866/1783/1745
f 1582/1786/1748 864/1787/1749 865/1785/1747
f 1583/1788/1750 862/528/479 864/1787/1749
f 873/430/393 1581/1784/1746 1579/431/394
f 876/1769/1731 1582/1786/1748 1581/1784/1746
f 875/1771/1733 1583/1788/1750 1582/1786/1748
f 874/1773/1735 1580/508/459 1583/1788/1750
f 1584/422/386 881/1789/1751 878/502/454
f 1586/1790/1752 880/1791/1753 881/1789/1751
f 1587/1792/1754 879/1793/1755 880/1791/1753
f 1588/1794/1756 877/423/387 879/1793/1755
f 863/472/429 1586/1790/1752 1584/422/386
f 866/1783/1745 1587/1792/1754 1586/1790/1752
f 865/1785/1747 1588/1794/1756 1587/1792/1754
f 864/1787/1749 1585/439/402 1588/1794/1756
f 1589/437/400 854/1765/1727 852/436/399
f 1591/1795/1757 855/1766/1728 854/1765/1727
f 1592/1796/1758 856/1767/1729 855/1766/1728
f 1593/1797/1759 853/536/484 856/1767/1729
f 882/442/404 1591/1795/1757 1589/437/400
f 884/1798/1760 1592/1796/1758 1591/1795/1757
f 885/1799/1761 1593/1797/1759 1592/1796/1758
f 886/1800/1762 1590/419/384 1593/1797/1759
f 1594/443/405 884/1798/1760 882/442/404
f 1596/1801/1763 885/1799/1761 884/1798/1760
f 1597/1802/1764 886/1800/1762 885/1799/1761
f 1598/1803/1765 883/485/439 886/1800/1762
f 892/447/409 1596/1801/1763 1594/443/405
f 894/1804/1766 1597/1802/1764 1596/1801/1763
f 895/1805/1767 1598/1803/1765 1597/1802/1764
f 896/1806/1768 1595/529/480 1598/1803/1765
f 1599/438/401 891/1807/1769 888/533/482
f 1601/1808/1770 890/1809/1771 891/1807/1769
f 1602/1810/1772 889/1811/1773 890/1809/1771
f 1603/1812/1774 887/446/408 889/1811/1773
f 878/502/454 1601/1808/1770 1599/438/401
f 881/1789/1751 1602/1810/1772 1601/1808/1770
f 880/1791/1753 1603/1812/1774 1602/1810/1772
f 879/1793/1755 1600/425/388 1603/1812/1774
f 915/535/483 1606/1813/1775 918/1814/1776
f 918/1814/1776 1607/1815/1777 917/1816/1778
f 917/1816/1778 1608/1817/1779 916/1818/1780
f 916/1818/1780 1605/519/470 914/521/472
f 1604/484/438 901/1166/1112 1606/1819/1775
f 1606/1813/1775 910/1171/1116 1607/1815/1777
f 1607/1815/1777 909/1179/1124 1608/1817/1779
f 1608/1817/1779 899/520/471 1605/519/470
f 1609/449/411 894/1804/1766 892/447/409
f 1611/1820/1781 895/1805/1767 894/1804/1766
f 1612/1821/1782 896/1806/1768 895/1805/1767
f 1613/1822/1783 893/526/477 896/1806/1768
f 915/535/483 1611/1820/1781 1609/449/411
f 918/1814/1776 1612/1821/1782 1611/1820/1781
f 917/1816/1778 1613/1822/1783 1612/1821/1782
f 916/1818/1780 1610/503/455 1613/1822/1783
f 1614/444/406 905/1176/1120 898/450/412
f 1616/1823/1784 906/1182/1127 905/1176/1120
f 1617/1824/1785 911/1180/1125 906/1182/1127
f 1618/1825/1786 899/520/471 911/1180/1125
f 888/533/482 1616/1823/1784 1614/444/406
f 891/1807/1769 1617/1824/1785 1616/1823/1784
f 890/1809/1771 1618/1825/1786 1617/1824/1785
f 889/1811/1773 1615/518/469 1618/1825/1786
f 857/433/396 1621/1826/1787 859/1774/1736
f 859/1774/1736 1622/1827/1788 860/1775/1737
f 860/1775/1737 1623/1828/1789 861/1776/1738
f 861/1776/1738 1620/513/464 858/471/428
f 1619/454/414 926/1829/1790 1621/1826/1787
f 1621/1826/1787 927/1830/1791 1622/1827/1788
f 1622/1827/1788 928/1831/1792 1623/1828/1789
f 1623/1828/1789 925/477/433 1620/513/464
f 920/456/416 1626/1832/1793 923/1833/1794
f 923/1833/1794 1627/1834/1795 922/1835/1796
f 922/1835/1796 1628/1836/1797 921/1837/1798
f 921/1837/1798 1625/460/419 919/459/418
f 1624/427/390 851/1778/1740 1626/1832/1793
f 1626/1832/1793 850/1780/1742 1627/1834/1795
f 1627/1834/1795 849/1782/1744 1628/1836/1797
f 1628/1836/1797 847/451/413 1625/460/419
f 1629/469/426 937/1838/1131 934/525/476
f 1631/1839/1799 938/1196/1141 937/1185/1131
f 1632/1840/1800 944/1192/1137 938/1196/1141
f 1633/1841/1801 935/1193/1138 944/1192/1137
f 929/463/422 1631/1839/1799 1629/1842/426
f 931/1843/1802 1632/1840/1800 1631/1839/1799
f 932/1844/1803 1633/1841/1801 1632/1840/1800
f 933/1845/1804 1630/497/450 1633/1841/1801
f 924/455/415 1636/1846/1805 926/1829/1790
f 926/1829/1790 1637/1847/1806 927/1830/1791
f 927/1830/1791 1638/1848/1807 928/1831/1792
f 928/1831/1792 1635/496/449 925/477/433
f 1634/461/420 948/1199/1145 1636/1846/1805
f 1636/1846/1805 943/1194/1139 1637/1847/1806
f 1637/1847/1806 942/1191/1136 1638/1848/1807
f 1638/1848/1807 935/1193/1138 1635/496/449
f 929/463/422 1641/1849/1808 931/1843/1802
f 931/1843/1802 1642/1850/1809 932/1844/1803
f 932/1844/1803 1643/1851/1810 933/1845/1804
f 933/1845/1804 1640/495/448 930/494/447
f 1639/457/417 923/1833/1794 1641/1849/1808
f 1641/1849/1808 922/1835/1796 1642/1850/1809
f 1642/1850/1809 921/1837/1798 1643/1851/1810
f 1643/1851/1810 919/459/418 1640/495/448
f 936/462/421 1646/1852/1811 947/1853/1146
f 947/1184/1812 1645/522/473 934/525/476
f 1644/412/379 833/1854/1813 1646/1852/1811
f 1646/1855/1814 830/523/474 1645/522/473
f 1647/392/360 806/1856/1815 795/393/361
f 1649/1857/1816 793/1130/1069 806/1132/1071
f 898/450/412 1649/1858/1817 1647/392/360
f 900/1859/1113 1648/481/435 1649/1857/1816
s 4
f 972/562/507 1652/1860/1818 975/1861/1819
f 975/1861/1819 1653/1862/1820 974/1863/1821
f 974/1864/1822 1654/1865/1823 973/1866/1824
f 1654/1865/1823 971/716/646 973/1866/1824
f 1650/561/506 958/1867/1825 1652/1860/1818
f 1652/1860/1818 959/1868/1826 1653/1862/1820
f 1653/1869/1827 960/1870/1828 1654/1865/1823
f 960/1870/1828 1651/676/610 1654/1865/1823
f 1655/598/541 980/1871/1829 977/545/492
f 1657/1872/1830 979/1873/1831 980/1874/1829
f 1658/1875/1832 978/1876/1833 979/1873/1834
f 978/1876/1833 1656/656/593 976/558/503
f 961/727/655 1657/1877/1830 1655/598/541
f 963/1878/1835 1658/1875/1836 1657/1872/1830
f 964/1879/1837 1659/1880/1838 1658/1875/1832
f 1659/1880/1838 962/555/500 1656/656/593
f 1660/666/602 955/1881/1839 952/512/463
f 1662/1882/1840 954/1883/1841 955/1881/1839
f 1663/1884/1842 953/1885/1843 954/1886/1844
f 953/1885/1843 1661/541/489 951/553/498
f 972/562/507 1662/1882/1840 1660/666/602
f 975/1861/1819 1663/1887/1845 1662/1882/1840
f 974/1864/1822 1664/1888/1846 1663/1884/1842
f 1664/1888/1846 971/716/646 1661/541/489
f 967/695/628 1667/1889/1847 970/1890/1848
f 970/1891/1848 1668/1892/1849 969/1893/1850
f 969/1893/1851 1669/1894/1852 968/1895/1853
f 1669/1894/1852 966/547/493 968/1895/1853
f 1665/563/508 980/1871/1829 1667/1889/1847
f 1667/1896/1847 979/1873/1831 1668/1892/1849
f 1668/1892/1854 978/1876/1833 1669/1894/1852
f 978/1876/1833 1666/560/505 1669/1894/1852
f 982/696/629 1672/1897/1855 985/1898/1856
f 985/1899/1856 1673/1900/1857 984/1901/1858
f 984/1901/1859 1674/1902/1860 983/1903/1861
f 1674/1902/1860 981/566/510 983/1903/1861
f 1670/690/623 970/1890/1848 1672/1897/1855
f 1672/1904/1855 969/1893/1850 1673/1900/1857
f 1673/1900/1862 968/1895/1853 1674/1902/1860
f 968/1895/1853 1671/549/495 1674/1902/1860
f 956/552/497 1677/1905/1863 958/1867/1825
f 958/1867/1825 1678/1906/1864 959/1868/1826
f 959/1907/1865 1679/1908/1866 960/1870/1828
f 1679/1908/1866 957/572/516 960/1870/1828
f 1675/551/496 988/1909/1867 1677/1905/1863
f 1677/1905/1863 989/1910/1868 1678/1906/1864
f 1678/1911/1869 990/1912/1870 1679/1908/1866
f 990/1912/1870 1676/570/514 1679/1908/1866
f 986/581/524 1682/1913/1871 988/1909/1867
f 988/1909/1867 1683/1914/1872 989/1910/1868
f 989/1915/1873 1684/1916/1874 990/1912/1870
f 1684/1916/1874 987/569/513 990/1912/1870
f 1680/590/533 998/1917/1875 1682/1913/1871
f 1682/1913/1871 999/1918/1876 1683/1914/1872
f 1683/1919/1877 1000/1920/1878 1684/1916/1874
f 1000/1920/1878 1681/567/511 1684/1916/1874
f 992/728/656 1687/1921/1879 995/1922/1880
f 995/1923/1880 1688/1924/1881 994/1925/1882
f 994/1925/1883 1689/1926/1884 993/1927/1885
f 993/1927/1885 1686/574/518 991/576/520
f 1685/721/649 985/1898/1856 1687/1921/1879
f 1687/1928/1879 984/1901/1858 1688/1924/1881
f 1688/1924/1886 983/1903/1861 1689/1926/1884
f 983/1903/1861 1686/574/518 1689/1926/1884
f 1690/704/636 1022/1929/1887 1019/702/634
f 1692/1930/1888 1021/1931/1889 1022/1929/1887
f 1693/1932/1890 1020/1933/1891 1021/1931/1892
f 1694/1934/1893 1018/720/529 1020/1933/1891
f 1002/1210/1158 1692/1930/1888 1690/704/636
f 1012/1209/1157 1693/1932/1890 1692/1930/1888
f 1005/1215/1161 1694/1934/1893 1693/1932/1890
f 1004/1204/1152 1691/670/604 1694/1934/1893
f 996/589/532 1697/1935/1894 998/1917/1875
f 998/1917/1875 1698/1936/1895 999/1918/1876
f 999/1937/1896 1699/1938/1897 1000/1920/1878
f 1000/1920/1878 1696/577/521 997/579/523
f 1695/689/622 1022/1929/1887 1697/1935/1894
f 1697/1935/1898 1021/1931/1889 1698/1936/1895
f 1698/1939/1899 1020/1940/1891 1699/1938/1897
f 1020/1940/1891 1696/577/521 1699/1938/1897
f 1002/1210/1158 1702/1941/1900 1010/1208/1156
f 1010/1213/1156 1703/1942/1901 1011/1211/1159
f 1011/1211/1168 1704/1943/1902 1015/1219/1165
f 1015/1219/1165 1701/583/526 1003/585/528
f 1700/703/635 995/1922/1880 1702/1941/1900
f 1702/1944/1900 994/1925/1882 1703/1942/1901
f 1703/1942/1903 993/1927/1885 1704/1943/1902
f 1704/1943/1902 991/576/520 1701/583/526
f 1705/606/548 963/1945/1835 961/727/655
f 1707/1946/1904 964/1879/1905 963/1878/1835
f 1708/1947/1906 965/1948/1907 964/1879/1837
f 965/1948/1907 1706/699/631 962/555/500
f 1028/665/601 1707/1949/1904 1705/606/548
f 1030/1950/1908 1708/1947/1909 1707/1946/1904
f 1031/1951/1910 1709/1952/1911 1708/1947/1906
f 1709/1952/1911 1029/595/538 1706/699/631
f 1710/510/461 1027/1953/1912 1024/712/643
f 1712/1954/1913 1026/1955/1914 1027/1953/1912
f 1713/1956/1915 1025/1957/1916 1026/1958/1917
f 1025/1957/1916 1711/591/534 1023/593/536
f 952/512/463 1712/1954/1913 1710/510/461
f 955/1881/1839 1713/1959/1918 1712/1954/1913
f 954/1886/1844 1714/1960/1919 1713/1956/1915
f 1714/1960/1919 951/553/498 1711/591/534
f 1040/1240/1188 1717/1961/1920 1051/1238/1186
f 1051/1238/1186 1718/1962/1921 1052/1228/1175
f 1052/1228/1175 1719/1963/1922 1042/1224/1171
f 1042/1224/1171 1716/709/594 1038/711/642
f 1715/680/613 1035/1964/1923 1717/1961/1920
f 1717/1961/1920 1036/1965/1924 1718/1962/1921
f 1718/1962/1921 1037/1966/1925 1719/1963/1922
f 1719/1963/1922 1034/1967/544 1716/709/594
f 1720/681/614 1030/1968/1908 1028/665/601
f 1722/1969/1926 1031/1951/1927 1030/1950/1908
f 1723/1970/1928 1032/1971/1929 1031/1951/1910
f 1724/1972/1930 1029/595/538 1032/1971/1929
f 1040/1240/1188 1722/1973/1926 1720/681/614
f 1053/1244/1187 1723/1970/1931 1722/1969/1926
f 1047/1243/1932 1724/1972/1930 1723/1970/1928
f 1046/1233/1180 1721/603/546 1724/1972/1930
f 1725/683/616 1035/1964/1923 1033/682/615
f 1727/1974/1933 1036/1965/1924 1035/1964/1923
f 1728/1975/1934 1037/1976/1925 1036/1977/1924
f 1037/1976/1925 1726/599/542 1034/601/544
f 1024/712/643 1727/1974/1933 1725/683/616
f 1027/1953/1912 1728/1978/1935 1727/1974/1933
f 1026/1958/1917 1729/1979/1936 1728/1975/1934
f 1025/1957/1916 1726/599/542 1729/1979/1936
f 1730/679/612 1080/1980/1937 1077/608/549
f 1732/1981/1938 1079/1982/1939 1080/1980/1937
f 1733/1983/1940 1078/1984/1941 1079/1982/1939
f 1734/1985/1942 1076/726/654 1078/1984/1941
f 1061/628/568 1732/1981/1938 1730/679/612
f 1063/1986/1943 1733/1983/1940 1732/1981/1938
f 1064/1987/1944 1734/1985/1942 1733/1983/1940
f 1065/1988/1945 1731/725/653 1734/1985/1942
f 1082/622/562 1737/1989/1946 1085/1990/1947
f 1085/1990/1947 1738/1991/1948 1084/1992/1949
f 1084/1992/1949 1739/1993/1950 1083/1994/1951
f 1083/1994/1951 1736/660/597 1081/663/600
f 1735/621/561 1068/1995/1952 1737/1989/1946
f 1737/1989/1946 1069/1996/1953 1738/1991/1948
f 1738/1991/1948 1070/1997/1954 1739/1993/1950
f 1739/1993/1950 1067/661/598 1736/660/597
f 1057/618/558 1742/1998/1955 1060/1999/1956
f 1060/1999/1956 1743/2000/1957 1059/2001/1958
f 1059/2001/1958 1744/2002/1959 1058/2003/1960
f 1058/2003/1960 1741/677/611 1056/643/583
f 1740/609/550 1080/1980/1937 1742/1998/1955
f 1742/1998/1955 1079/1982/1939 1743/2000/1957
f 1743/2000/1957 1078/1984/1941 1744/2002/1959
f 1744/2002/1959 1076/726/654 1741/677/611
f 1745/623/563 1075/2004/1961 1072/662/599
f 1747/2005/1962 1074/2006/1963 1075/2004/1961
f 1748/2007/1964 1073/2008/1965 1074/2006/1963
f 1749/2009/1966 1071/717/647 1073/2008/1965
f 1082/622/562 1747/2005/1962 1745/623/563
f 1085/1990/1947 1748/2007/1964 1747/2005/1962
f 1084/1992/1949 1749/2009/1966 1748/2007/1964
f 1083/1994/1951 1746/698/630 1749/2009/1966
f 1750/614/554 1090/2010/1967 1087/692/625
f 1752/2011/1968 1089/2012/1969 1090/2010/1967
f 1753/2013/1970 1088/2014/1971 1089/2012/1969
f 1754/2015/1972 1086/615/555 1088/2014/1971
f 1072/662/599 1752/2011/1968 1750/614/554
f 1075/2004/1961 1753/2013/1970 1752/2011/1968
f 1074/2006/1963 1754/2015/1972 1753/2013/1970
f 1073/2008/1965 1751/631/571 1754/2015/1972
f 1755/629/569 1063/1986/1943 1061/628/568
f 1757/2016/1973 1064/1987/1944 1063/1986/1943
f 1758/2017/1974 1065/1988/1945 1064/1987/1944
f 1759/2018/1975 1062/724/652 1065/1988/1945
f 1091/634/574 1757/2016/1973 1755/629/569
f 1093/2019/1976 1758/2017/1974 1757/2016/1973
f 1094/2020/1977 1759/2018/1975 1758/2017/1974
f 1095/2021/1978 1756/611/552 1759/2018/1975
f 1760/635/575 1093/2019/1976 1091/634/574
f 1762/2022/1979 1094/2020/1977 1093/2019/1976
f 1763/2023/1980 1095/2021/1978 1094/2020/1977
f 1764/2024/1981 1092/675/609 1095/2021/1978
f 1101/639/579 1762/2022/1979 1760/635/575
f 1103/2025/1982 1763/2023/1980 1762/2022/1979
f 1104/2026/1983 1764/2024/1981 1763/2023/1980
f 1105/2027/1984 1761/718/648 1764/2024/1981
f 1765/630/570 1100/2028/1985 1097/722/650
f 1767/2029/1986 1099/2030/1987 1100/2028/1985
f 1768/2031/1988 1098/2032/1989 1099/2030/1987
f 1769/2033/1990 1096/638/578 1098/2032/1989
f 1087/692/625 1767/2029/1986 1765/630/570
f 1090/2010/1967 1768/2031/1988 1767/2029/1986
f 1089/2012/1969 1769/2033/1990 1768/2031/1988
f 1088/2014/1971 1766/617/557 1769/2033/1990
f 1124/2034/651 1772/2035/1991 1127/2036/1992
f 1127/2036/1992 1773/2037/1993 1126/2038/1994
f 1126/2038/1994 1774/2039/1995 1125/2040/1996
f 1125/2040/1996 1771/706/638 1123/708/640
f 1770/674/608 1110/1247/1193 1772/2041/1991
f 1772/2035/1991 1119/1253/1197 1773/2037/1993
f 1773/2037/1993 1118/1259/1205 1774/2039/1995
f 1774/2039/1995 1108/707/639 1771/706/638
f 1775/641/581 1103/2025/1982 1101/639/579
f 1777/2042/1997 1104/2026/1983 1103/2025/1982
f 1778/2043/1998 1105/2027/1984 1104/2026/1983
f 1779/2044/1999 1102/715/645 1105/2027/1984
f 1124/2034/651 1777/2042/1997 1775/641/581
f 1127/2036/1992 1778/2043/1998 1777/2042/1997
f 1126/2038/1994 1779/2044/1999 1778/2043/1998
f 1125/2040/1996 1776/693/626 1779/2044/1999
f 1780/636/576 1114/1257/1201 1107/642/582
f 1782/2045/2000 1115/1262/1208 1114/1257/1201
f 1783/2046/2001 1120/1260/1206 1115/1262/1208
f 1784/2047/2002 1108/707/639 1120/1260/1206
f 1097/722/650 1782/2045/2000 1780/636/576
f 1100/2028/1985 1783/2046/2001 1782/2045/2000
f 1099/2030/1987 1784/2047/2002 1783/2046/2001
f 1098/2032/1989 1781/705/637 1784/2047/2002
f 1066/625/565 1787/2048/2003 1068/1995/1952
f 1068/1995/1952 1788/2049/2004 1069/1996/1953
f 1069/1996/1953 1789/2050/2005 1070/1997/1954
f 1070/1997/1954 1786/700/632 1067/661/598
f 1785/646/584 1135/2051/2006 1787/2048/2003
f 1787/2048/2003 1136/2052/2007 1788/2049/2004
f 1788/2049/2004 1137/2053/2008 1789/2050/2005
f 1789/2050/2005 1134/667/603 1786/700/632
f 1129/648/586 1792/2054/2009 1132/2055/2010
f 1132/2055/2010 1793/2056/2011 1131/2057/2012
f 1131/2057/2012 1794/2058/2013 1130/2059/2014
f 1130/2059/2014 1791/652/589 1128/651/588
f 1790/619/559 1060/1999/1956 1792/2054/2009
f 1792/2054/2009 1059/2001/1958 1793/2056/2011
f 1793/2056/2011 1058/2003/1960 1794/2058/2013
f 1794/2058/2013 1056/643/583 1791/652/589
f 1795/659/596 1146/1266/1212 1143/1263/644
f 1797/2060/2015 1147/1275/1222 1146/1266/1212
f 1798/2061/2016 1153/1271/1218 1147/1275/1222
f 1799/2062/2017 1144/1272/1219 1153/1271/1218
f 1138/655/592 1797/2060/2015 1795/659/596
f 1140/2063/2018 1798/2061/2016 1797/2060/2015
f 1141/2064/2019 1799/2062/2017 1798/2061/2016
f 1142/2065/2020 1796/687/620 1799/2062/2017
f 1133/647/585 1802/2066/2021 1135/2051/2006
f 1135/2051/2006 1803/2067/2022 1136/2052/2007
f 1136/2052/2007 1804/2068/2023 1137/2053/2008
f 1137/2053/2008 1801/686/619 1134/667/603
f 1800/653/590 1157/1278/1226 1802/2066/2021
f 1802/2066/2021 1152/1273/1220 1803/2067/2022
f 1803/2067/2022 1151/1270/1217 1804/2068/2023
f 1804/2068/2023 1144/1272/1219 1801/686/619
f 1138/655/592 1807/2069/2024 1140/2063/2018
f 1140/2063/2018 1808/2070/2025 1141/2064/2019
f 1141/2064/2019 1809/2071/2026 1142/2065/2020
f 1142/2065/2020 1806/685/618 1139/684/617
f 1805/649/587 1132/2055/2010 1807/2069/2024
f 1807/2069/2024 1131/2057/2012 1808/2070/2025
f 1808/2070/2025 1130/2059/2014 1809/2071/2026
f 1809/2071/2026 1128/651/588 1806/685/618
f 1145/654/591 1812/2072/2027 1156/2073/1227
f 1156/2074/1211 1811/710/641 1143/714/644
f 1810/604/547 1048/1232/2028 1812/2072/2027
s 33
f 1812/2072/2029 1048/1232/2029 1041/1236/2030
s 4
f 1812/2075/2031 1038/711/642 1811/710/641
f 1813/584/527 1006/2076/2032 1003/585/2033
f 1815/2077/2034 1001/1201/1149 1006/1203/1151
f 1107/642/582 1815/2078/2035 1813/584/527
f 1109/2079/1194 1814/671/605 1815/2077/2034
s 10
f 444/835/773 438/834/772 440/830/2036
s 2
f 433/1542/1490 432/819/2037 434/2080/1501
f 510/1560/1512 511/2081/1515 1816/1561/2038
s 34
f 485/1547/2039 486/2082/2040 1819/1545/2039
s 35
f 452/1528/2041 1818/842/2041 453/2083/2041
s 36
f 461/1553/2042 462/853/2043 463/2084/2043
s 16
f 463/2084/2044 462/853/791 1160/852/790
s 1
f 200/16/13 1173/4/4 106/6/6
f 1193/30/26 105/96/85 19/31/27
f 1188/33/29 117/90/80 26/34/30
f 1208/40/36 113/50/45 18/41/37
f 273/56/50 1223/54/48 104/55/49
f 284/64/58 1238/62/56 112/63/57
f 106/6/6 20/5/5 327/71/63
f 10/73/65 312/191/164 1268/74/66
f 336/78/69 8/95/65 98/79/65
f 104/55/49 16/17/14 307/81/71
f 116/89/79 1242/142/124 327/71/63
f 117/90/80 1267/92/82 311/91/81
f 19/31/27 341/97/86 1267/92/82
f 1263/94/84 97/75/65 8/95/65
f 105/96/85 1272/98/87 341/97/86
f 18/41/37 351/102/91 1272/98/87
f 1278/80/70 98/79/65 11/100/89
f 113/50/45 1287/104/93 351/102/91
f 25/103/92 374/190/163 1287/104/93
f 306/106/95 1253/140/123 96/107/65
f 112/63/57 17/57/51 379/111/98
f 100/113/65 12/132/65 378/114/100
f 21/65/59 112/63/57 1317/112/99
f 7/108/65 96/107/65 1248/123/109
f 96/107/65 9/141/65 331/126/112
f 16/17/14 106/6/6 1252/72/64
f 384/130/115 1313/149/131 101/131/65
f 97/75/65 1268/74/66 342/138/121
f 206/35/31 26/34/30 116/89/79
f 1253/140/123 326/193/166 9/141/65
f 26/34/30 311/91/81 1242/142/124
f 101/131/65 1308/150/132 389/147/129
f 1313/149/131 394/792/727 1308/150/132
f 11/100/89 352/181/157 1288/156/137
f 95/160/65 1258/161/140 331/126/112
f 10/73/65 321/183/159 1258/161/140
f 7/108/65 100/113/65 1303/115/101
f 1298/166/145 384/130/115 12/132/65
f 1293/171/149 99/157/89 1283/172/150
f 99/157/89 1288/156/137 373/174/152
f 17/57/51 104/55/49 1302/82/72
f 246/42/38 18/41/37 105/96/85
f 12/132/65 101/131/65 1318/148/130
f 98/79/65 1273/184/160 352/181/157
f 1163/139/122 116/89/79 20/5/5
f 321/183/159 10/73/65 97/75/65
f 8/95/65 342/138/121 1273/184/160
f 312/191/164 10/73/65 95/160/65
f 1243/192/165 95/160/65 9/141/65
f 346/101/90 11/100/89 99/157/89
f 317/124/110 1298/166/145 100/113/65
s 2
f 456/196/169 1395/342/315 130/197/170
f 710/204/177 1436/330/303 131/205/178
f 480/207/180 32/233/206 127/208/181
f 1431/206/179 131/205/178 1441/215/188
f 447/217/190 1365/317/290 124/218/191
f 1406/223/196 132/337/310 1411/224/197
f 27/228/201 533/261/234 1348/229/202
f 31/230/203 127/208/181 1352/231/204
f 32/233/206 515/300/273 1352/231/204
f 437/234/207 1366/248/221 134/235/208
f 33/240/213 551/303/276 1334/241/214
f 34/198/171 130/197/170 1339/243/216
f 412/245/218 28/274/247 122/246/219
f 1366/248/221 446/843/780 1450/249/222
f 30/253/226 125/278/251 1333/254/227
f 456/196/169 34/198/171 128/256/229
f 447/217/190 29/219/192 123/258/231
f 27/228/201 122/246/219 1328/260/233
f 34/198/171 531/244/217 1329/262/235
f 1381/266/239 426/820/756 1455/267/240
f 35/269/242 570/270/243 1339/243/216
f 35/269/242 129/242/215 1334/241/214
f 481/271/244 1381/266/239 119/268/241
f 28/274/247 123/258/231 1343/275/248
f 29/219/192 513/281/254 1343/275/248
f 427/277/250 31/230/203 125/278/251
f 490/280/253 1385/257/230 128/256/229
f 29/219/192 124/218/191 1348/229/202
f 1396/286/259 455/854/792 1467/287/260
f 28/274/247 549/276/249 1328/260/233
f 506/291/264 1396/286/259 139/288/261
f 1386/293/266 489/890/822 1463/294/267
f 30/253/226 550/255/228 1342/296/269
f 31/230/203 568/232/205 1333/254/227
f 32/233/206 126/297/270 1342/296/269
f 569/301/274 1351/251/224 121/302/275
f 33/240/213 128/256/229 1329/262/235
f 1480/292/265 139/288/261 1440/305/278
f 139/288/261 1467/287/260 692/307/280
f 1472/236/209 134/235/208 1410/310/283
f 134/235/208 1450/249/222 622/312/285
f 1455/267/240 658/1059/995 1425/313/286
f 119/268/241 1425/313/286 673/315/288
f 436/316/289 27/228/201 124/218/191
f 427/277/250 1380/209/182 127/208/181
f 465/322/295 1371/279/252 125/278/251
f 640/323/296 1420/339/312 133/324/297
f 1415/325/298 133/324/297 1426/326/299
f 490/280/253 33/240/213 129/242/215
f 505/329/302 1390/328/301 129/242/215
f 1441/215/188 131/205/178 1436/330/303
f 412/245/218 1360/259/232 123/258/231
f 436/316/289 1356/247/220 122/246/219
f 1411/224/197 132/337/310 1400/334/307
f 605/336/309 1400/334/307 132/337/310
f 465/322/295 30/253/226 126/297/270
f 480/207/180 1376/338/311 126/297/270
f 1426/326/299 133/324/297 1420/339/312
f 505/329/302 35/269/242 130/197/170
s 3
f 1495/349/322 763/527/478 55/350/323
f 743/361/331 1495/349/322 158/351/324
f 1515/375/344 157/441/403 54/376/345
f 1510/378/347 169/435/398 61/379/348
f 1530/385/354 165/395/363 53/386/355
f 810/394/362 60/448/410 165/395/363
f 1545/399/366 743/361/331 51/362/332
f 815/401/368 1545/399/366 156/400/367
f 1560/407/374 815/401/368 52/402/369
f 158/351/324 55/350/323 868/416/381
f 45/418/383 853/536/484 1590/419/384
f 877/423/387 43/440/383 150/424/383
f 156/400/367 51/362/332 848/426/389
f 168/434/397 1564/489/442 868/416/381
f 169/435/398 1589/437/400 852/436/399
f 54/376/345 882/442/404 1589/437/400
f 1585/439/402 149/420/383 43/440/383
f 157/441/403 1594/443/405 882/442/404
f 53/386/355 892/447/409 1594/443/405
f 1600/425/388 150/424/383 46/445/407
f 165/395/363 1609/449/411 892/447/409
f 60/448/410 915/535/483 1609/449/411
f 847/451/413 1575/487/441 148/452/383
f 164/408/375 52/402/369 920/456/416
f 152/458/383 47/479/383 919/459/418
f 56/410/377 164/408/375 1639/457/417
f 42/453/383 148/452/383 1570/470/427
f 148/452/383 44/488/383 872/473/430
f 51/362/332 158/351/324 1574/417/382
f 925/477/433 1635/496/449 153/478/383
f 779/377/346 54/376/345 169/435/398
f 149/420/383 1590/419/384 883/485/439
f 749/380/349 61/379/348 168/434/397
f 1575/487/441 867/538/486 44/488/383
f 61/379/348 852/436/399 1564/489/442
f 153/478/383 1630/497/450 930/494/447
f 1635/496/449 935/1193/1138 1630/497/450
f 46/445/407 893/526/477 1610/503/455
f 147/507/383 1580/508/459 872/473/430
f 45/418/383 862/528/479 1580/508/459
f 42/453/383 152/458/383 1625/460/419
f 1620/513/464 925/477/433 47/479/383
f 1615/518/469 151/504/456 1605/519/470
f 151/504/456 1610/503/455 914/521/472
f 52/402/369 156/400/367 1624/427/390
f 789/387/356 53/386/355 157/441/403
f 47/479/383 153/478/383 1640/495/448
f 150/424/383 1595/529/480 893/526/477
f 1485/486/440 168/434/397 55/350/323
f 862/528/479 45/418/383 149/420/383
f 43/440/383 883/485/439 1595/529/480
f 853/536/484 45/418/383 147/507/383
f 1565/537/485 147/507/383 44/488/383
f 887/446/408 46/445/407 151/504/456
f 858/471/428 1620/513/464 152/458/383
s 4
f 1661/541/489 971/716/646 81/542/490
f 951/553/498 1661/541/489 188/543/491
f 1681/567/511 187/633/573 80/568/512
f 1676/570/514 199/627/567 87/571/515
f 1696/577/521 195/587/530 79/578/522
f 1018/586/529 86/640/580 195/587/530
f 1711/591/534 951/553/498 77/554/499
f 1023/593/536 1711/591/534 186/592/535
f 1726/599/542 1023/593/536 78/594/537
f 1034/601/544 1726/599/542 194/600/543
f 188/543/491 81/542/490 1077/608/549
f 71/610/551 1062/724/652 1756/611/552
f 1086/615/555 69/632/572 180/616/556
f 186/592/535 77/554/499 1057/618/558
f 198/626/566 1730/679/612 1077/608/549
f 199/627/567 1755/629/569 1061/628/568
f 80/568/512 1091/634/574 1755/629/569
f 1751/631/571 179/612/551 69/632/572
f 187/633/573 1760/635/575 1091/634/574
f 79/578/522 1101/639/579 1760/635/575
f 1766/617/557 180/616/556 72/637/577
f 195/587/530 1775/641/581 1101/639/579
f 86/640/580 1124/2034/651 1775/641/581
f 1056/643/583 1741/677/611 178/644/551
f 194/600/543 78/594/537 1129/648/586
f 182/650/551 73/669/551 1128/651/588
f 82/602/545 194/600/543 1805/649/587
f 189/658/595 82/602/545 1138/655/592
f 68/645/551 178/644/551 1736/660/597
f 178/644/551 70/678/551 1081/663/600
f 77/554/499 188/543/491 1740/609/550
f 1134/667/603 1801/686/619 183/668/551
f 987/569/513 80/568/512 199/627/567
f 179/612/551 1756/611/552 1092/675/609
f 957/572/516 87/571/515 198/626/566
f 1741/677/611 1076/726/654 70/678/551
f 87/571/515 1061/628/568 1730/679/612
f 183/668/551 1796/687/620 1139/684/617
f 1801/686/619 1144/1272/1219 1796/687/620
f 72/637/577 1102/715/645 1776/693/626
f 177/697/551 1746/698/630 1081/663/600
f 71/610/551 1071/717/647 1746/698/630
f 68/645/551 182/650/551 1791/652/589
f 1786/700/632 1134/667/603 73/669/551
f 1781/705/637 181/694/627 1771/706/638
f 181/694/627 1776/693/626 1123/708/640
f 78/594/537 186/592/535 1790/619/559
f 997/579/523 79/578/522 187/633/573
f 73/669/551 183/668/551 1806/685/618
f 180/616/556 1761/718/648 1102/715/645
f 1651/676/610 198/626/566 81/542/490
f 1071/717/647 71/610/551 179/612/551
f 69/632/572 1092/675/609 1761/718/648
f 1062/724/652 71/610/551 177/697/551
f 1731/725/653 177/697/551 70/678/551
f 1096/638/578 72/637/577 181/694/627
f 1067/661/598 1786/700/632 182/650/551
s 1
f 1250/1410/1359 319/1415/1364 320/1416/1365
f 310/1418/1367 1254/1417/1366 1255/1419/1368
f 308/1422/1371 1256/1421/1370 1253/140/123
f 1266/1434/1383 1263/94/84 336/78/69
f 341/97/86 343/1438/1387 1269/1435/1384
f 344/1439/1388 345/1440/1389 1271/1437/1386
f 353/1444/1393 354/1445/1394 1275/1442/1391
f 1289/1460/1408 1290/1461/1409 354/1445/1394
f 1290/1461/1409 1291/1462/1410 355/1446/1395
f 348/1451/1400 346/101/90 1293/171/149
f 380/1477/1425 1306/1476/1424 1303/115/101
f 1305/1474/1422 309/1420/1369 308/1422/1371
f 391/1484/1430 1320/1490/1436 1321/1491/1437
s 2
f 533/261/234 1328/260/233 1330/1503/1448
f 544/945/876 1330/1503/1448 1331/1504/1449
f 1331/1504/1449 1332/1505/1450 536/933/862
f 1332/1505/1450 1329/262/235 531/244/217
f 1328/260/233 549/276/249 554/950/883
f 1330/1503/1448 554/950/883 564/953/886
f 564/953/886 563/961/894 1332/1505/1450
f 563/961/894 551/303/276 1329/262/235
f 1333/254/227 1335/1506/1451 558/956/889
f 1335/1506/1451 1336/1508/1453 559/958/891
f 559/958/891 1336/1508/1453 1337/1507/1452
f 565/962/895 1337/1507/1452 1334/241/214
f 568/232/205 573/966/899 1335/1506/1451
f 573/966/899 583/969/902 1336/1508/1453
f 1336/1508/1453 583/969/902 582/978/911
f 1337/1507/1452 582/978/911 570/270/243
f 1341/1511/1456 1339/243/216 570/270/243
f 1338/1509/262 532/939/263 541/941/869
f 1340/1510/1454 541/941/869 535/934/863
f 1341/1511/1456 534/932/861 531/244/217
f 515/300/273 1342/296/269 1344/1513/1458
f 526/928/855 1344/1513/1458 1345/1514/1459
f 1345/1514/1459 1346/1515/1460 518/916/841
f 1346/1515/1460 1343/275/248 513/281/254
f 1342/296/269 550/255/228 560/957/890
f 1344/1513/1458 560/957/890 553/951/884
f 553/951/884 552/949/882 1346/1515/1460
f 552/949/882 549/276/249 1343/275/248
f 1349/1517/1461 1350/1519/1462 540/948/879
f 1350/1518/1463 1348/229/202 533/261/234
f 1350/1518/1463 516/915/840 513/281/254
f 1351/1520/224 1353/1521/1467 521/925/849
f 1353/1521/1465 1354/1523/1465 522/931/858
f 1351/1520/224 569/972/274 579/974/906
f 1353/1521/1465 579/974/906 572/967/900
f 441/1527/1472 1359/1526/1471 1356/247/220
f 422/812/748 412/245/218 1356/247/220
f 1360/259/232 1362/1529/1474 452/1528/1473
f 1360/259/232 412/245/218 422/814/748
f 1365/317/290 1367/1533/1478 441/1532/1472
f 1367/1533/1478 1368/1534/1480 442/837/1479
f 1368/1534/1480 1369/1535/1481 444/833/770
f 1369/1535/1481 1366/248/221 437/234/207
f 1365/317/290 447/217/190 452/1536/1473
f 1367/1533/1478 452/1536/1473 453/1537/1482
f 1368/1534/1480 453/1537/1482 449/1538/1483
f 1369/1535/1481 449/1538/781 446/843/780
f 464/298/271 1370/299/272 1372/1539/1484
f 473/870/1487 1374/1541/1486 1371/279/252
f 473/867/1487 465/322/295 1376/338/311
f 1380/209/182 1382/1549/1497 485/1548/1496
f 1382/1549/1497 1383/1550/1499 486/885/1498
f 1383/1550/1499 1384/1551/1500 488/881/815
f 1384/1551/1500 1381/266/239 481/271/244
f 1380/209/182 427/277/250 433/1552/1490
f 1383/1550/1499 434/823/1501 430/824/757
f 1384/1551/1500 430/824/757 426/820/756
f 1389/1556/1507 1386/293/266 454/343/316
f 1389/1556/1507 492/888/820 489/890/822
f 1394/1559/1511 1391/201/174 491/285/258
f 1392/1557/1509 510/1560/1512 1816/1561/1513
f 1395/342/315 1397/1563/1514 510/1562/1512
f 1397/1563/1514 1398/1564/1516 511/914/1515
f 1398/1564/1516 1399/1565/1518 508/911/1517
f 1399/1565/1518 1396/286/259 506/291/264
f 1395/342/315 456/196/169 461/1566/1502
f 1397/1563/1514 461/1566/1502 463/858/1519
f 1398/1564/1516 463/858/2045 459/857/793
f 1399/1565/1518 459/857/793 455/854/792
f 1410/310/283 1412/1575/1526 594/992/926
f 1412/1575/1526 1413/1576/1527 595/998/936
f 1413/1576/1527 1414/1577/1528 601/995/934
f 1414/1577/1528 1411/1578/197 588/996/308
f 1410/310/283 622/312/285 635/1026/964
f 1412/1575/1526 635/1026/964 630/1021/959
f 1413/1576/1527 630/1021/959 629/1018/957
f 1414/1577/1528 629/1018/957 621/1020/198
f 1425/313/286 1427/1587/1535 680/1073/1010
f 1427/1587/1535 1428/1588/1536 681/1079/1016
f 1428/1588/1536 1429/1589/1537 687/1076/1014
f 1429/1589/1537 1426/1590/299 674/1077/313
f 1425/313/286 658/1059/995 670/1061/997
f 1427/1587/1535 670/1061/997 665/1055/991
f 1428/1588/1536 665/1055/991 664/1052/989
f 1429/1589/1537 664/1052/989 657/1054/300
f 1440/305/278 1442/1599/1544 734/1123/1062
f 1442/1599/1544 1443/1600/1545 735/1129/1068
f 1443/1600/1545 1444/1601/1546 740/1126/1066
f 1444/1601/1546 1441/1602/188 728/1127/304
f 1440/305/278 692/307/280 705/1095/1032
f 1442/1599/1544 705/1095/1032 700/1090/1027
f 1443/1600/1545 700/1090/1027 699/1087/1025
f 1444/1601/1546 699/1087/1025 691/1089/189
s 3
f 1566/1760/1722 1567/1762/1724 870/1761/1723
f 848/426/389 1574/417/382 1576/1777/1739
f 1574/417/382 868/416/381 871/1759/1721
f 1591/1795/1757 1592/1796/1758 855/1766/1728
f 1592/1796/1758 1593/1797/1759 856/1767/1729
f 1593/1797/1759 1590/419/384 853/536/484
f 884/1798/1760 885/1799/1761 1592/1796/1758
f 885/1799/1761 886/1800/1762 1593/1797/1759
f 886/1800/1762 883/485/439 1590/419/384
f 895/1805/1767 896/1806/1768 1598/1803/1765
f 1603/1812/1774 1600/425/388 887/446/408
f 1611/1820/1781 1612/1821/1782 895/1805/1767
f 1612/1821/1782 1613/1822/1783 896/1806/1768
f 916/1818/1780 914/521/472 1610/503/455
f 1618/1825/1786 1615/518/469 899/520/471
f 889/1811/1773 887/446/408 1615/518/469
f 1623/1828/1789 928/1831/1792 925/477/433
f 923/1833/1794 1626/1832/1793 1627/1834/1795
f 928/1831/1792 1638/1848/1807 1635/496/449
f 1641/1849/1808 923/1833/1794 922/1835/1796
f 1643/1851/1810 921/1837/1798 919/459/418
s 4
f 990/1912/1870 987/569/513 1676/570/514
f 989/1915/1873 1683/1919/1877 1684/1916/1874
f 1059/2001/1958 1743/2000/1957 1744/2002/1959
f 1093/2019/1976 1094/2020/1977 1758/2017/1974
f 1762/2022/1979 1763/2023/1980 1094/2020/1977
f 1101/639/579 1103/2025/1982 1762/2022/1979
f 1779/2044/1999 1776/693/626 1102/715/645
f 1129/648/586 1790/619/559 1792/2054/2009
f 1790/619/559 1057/618/558 1060/1999/1956
f 1138/655/592 1140/2063/2018 1797/2060/2015
f 1808/2070/2025 1131/2057/2012 1130/2059/2014
s 1
f 1222/1/1 93/70/2 1/2/2
f 1173/4/4 220/182/158 20/5/5
f 89/7/2 1167/61/55 226/8/7
f 215/10/8 24/76/67 114/11/9
f 4/13/2 90/43/2 1187/14/11
f 211/18/15 1218/162/141 102/19/16
f 225/21/18 15/83/73 109/22/19
f 3/9/2 88/27/2 1162/24/21
f 1177/26/23 216/158/138 4/13/2
f 1183/12/10 114/11/9 22/28/24
f 230/29/25 22/28/24 108/36/32
f 1198/37/33 108/36/32 23/38/34
f 90/43/2 2/154/2 235/44/39
f 240/39/35 23/38/34 115/45/40
f 1213/46/41 115/45/40 1325/47/42
f 268/49/44 25/103/92 113/50/45
f 91/51/2 5/151/133 245/52/46
f 1223/54/48 200/16/13 16/17/14
f 279/58/52 1233/66/60 110/59/53
f 1/2/2 210/194/167 1167/61/55
f 1238/62/56 273/56/50 17/57/51
f 1233/66/60 289/2085/685 1322/67/61
f 6/68/2 278/128/113 1217/69/62
f 24/76/67 322/125/111 1262/77/68
f 15/83/73 103/87/77 1247/84/74
f 15/83/73 332/85/75 1257/86/76
f 103/87/77 14/20/17 316/88/78
f 22/28/24 337/155/136 1277/93/83
f 23/38/34 347/188/162 1292/99/88
f 115/45/40 1292/99/88 357/105/94
f 14/20/17 102/19/16 1297/109/96
f 102/19/16 13/60/54 383/110/97
f 13/60/54 110/59/53 1312/116/102
f 110/59/53 1322/67/61 395/117/103
f 1168/119/105 211/18/15 14/20/17
f 1228/120/106 284/64/58 21/65/59
f 107/121/107 21/65/59 388/118/104
f 226/8/7 1177/26/23 88/27/2
f 1178/23/20 109/22/19 24/76/67
f 109/22/19 1257/86/76 322/125/111
f 94/127/2 1232/144/126 278/128/113
f 201/3/3 1/2/2 89/7/2
f 236/32/28 19/31/27 117/90/80
f 1203/133/116 250/729/657 1326/134/117
f 111/135/118 1326/134/117 356/136/119
f 225/21/18 1168/119/105 103/87/77
f 1227/143/125 290/761/696 1232/144/126
f 283/145/127 1227/143/125 94/127/2
f 5/151/133 92/167/133 1207/152/134
f 1182/153/135 231/159/139 2/154/2
f 114/11/9 1262/77/68 337/155/136
f 216/158/138 1182/153/135 90/43/2
f 231/159/139 1197/187/161 91/51/2
f 1218/162/141 279/58/52 13/60/54
s 2
f 1355/163/142 137/211/184 1445/164/143
s 1
f 92/167/133 1202/170/148 269/168/146
f 1212/169/147 251/738/666 1202/170/148
f 1228/175/106 107/179/107 1323/176/153
f 274/178/155 6/68/2 93/70/2
f 107/179/107 1307/1478/108 393/180/156
f 1237/146/128 94/127/2 6/68/2
f 2/154/2 91/51/2 1192/53/47
f 1203/133/116 111/135/118 25/185/92
f 1197/187/161 241/195/168 5/151/133
f 108/36/32 1277/93/83 347/188/162
f 111/189/118 1282/1459/120 374/190/163
f 1172/129/114 89/7/2 3/9/2
f 88/27/2 4/13/2 205/15/12
f 93/70/2 1217/69/62 210/194/167
f 241/195/168 1212/169/147 92/167/133
s 2
f 504/199/172 1481/202/175 136/200/173
f 1481/202/175 726/1113/1052 1435/203/176
f 435/210/183 1471/282/255 137/211/184
f 138/212/185 1458/1616/1570 672/213/186
f 425/220/193 1370/299/272 135/221/194
f 135/221/194 1476/1633/1596 638/226/199
f 411/237/210 1446/1606/1551 120/238/211
f 1347/250/223 121/302/275 1351/251/224
f 1375/263/236 138/212/185 1475/264/237
f 479/273/246 1458/1616/1570 138/212/185
f 1471/282/255 586/982/916 1401/283/256
f 1391/201/174 136/200/173 1462/284/257
f 1338/289/262 121/302/275 1347/250/223
f 464/298/271 1476/1633/1596 135/221/194
f 136/200/173 1435/203/176 709/304/277
f 120/238/211 1446/1606/1551 606/308/281
f 1475/264/237 138/212/185 1421/214/187
f 445/318/291 1361/239/212 120/238/211
f 120/238/211 1405/309/282 620/320/293
f 137/211/184 1401/283/256 604/321/294
f 118/295/268 1463/294/267 708/332/305
f 135/221/194 1416/227/200 656/341/314
f 454/343/316 1386/293/266 118/295/268
f 1468/344/317 118/295/268 1430/333/306
s 3
f 1544/346/319 145/415/320 36/347/320
f 141/352/320 1489/406/373 769/353/325
f 758/355/326 59/421/385 166/356/327
f 39/358/320 142/388/320 1509/359/329
f 754/363/333 1540/509/460 154/364/334
f 768/366/336 50/428/391 161/367/337
f 38/354/320 140/372/320 1484/369/339
f 1499/371/341 759/505/457 39/358/320
f 1505/357/328 166/356/327 57/373/342
f 773/374/343 57/373/342 160/381/350
f 1520/382/351 160/381/350 58/383/352
f 142/388/320 37/501/320 778/389/357
f 783/384/353 58/383/352 167/390/358
f 1535/391/359 167/390/358 1647/392/360
f 143/396/320 40/498/451 788/397/364
f 821/403/370 1555/411/378 162/404/371
f 36/347/320 753/539/487 1489/406/373
f 826/409/376 1560/407/374 164/408/375
f 1555/411/378 831/2086/1097 1644/412/379
f 41/413/320 820/475/431 1539/414/380
f 59/421/385 863/472/429 1584/422/386
f 50/428/391 155/432/395 1569/429/392
f 50/428/391 873/430/393 1579/431/394
f 155/432/395 49/365/335 857/433/396
f 57/373/342 878/502/454 1599/438/401
f 58/383/352 888/533/482 1614/444/406
f 167/390/358 1614/444/406 898/450/412
f 49/365/335 154/364/334 1619/454/414
f 154/364/334 48/405/372 924/455/415
f 48/405/372 162/404/371 1634/461/420
f 162/404/371 1644/412/379 936/462/421
f 1490/464/423 754/363/333 49/365/335
f 1550/465/424 826/1748/376 56/466/377
f 159/467/425 56/466/377 929/468/422
f 769/353/325 1499/371/341 140/372/320
f 1500/368/338 161/367/337 59/421/385
f 161/367/337 1579/431/394 863/472/429
f 146/474/320 1554/491/444 820/475/431
f 744/348/321 36/347/320 141/352/320
f 1525/480/434 793/1130/1069 1648/481/435
f 163/482/436 1648/481/435 897/483/437
f 768/366/336 1490/464/423 155/432/395
f 1549/490/443 832/1162/1107 1554/491/444
f 825/492/445 1549/490/443 146/474/320
f 40/498/451 144/514/465 1529/499/452
f 1504/500/453 774/506/458 37/501/320
f 166/356/327 1584/422/386 878/502/454
f 759/505/457 1504/500/453 142/388/320
f 774/506/458 1519/532/481 143/396/320
f 1540/509/460 821/403/370 48/405/372
s 4
f 1710/510/461 175/607/462 62/511/462
s 3
f 144/514/465 1524/517/468 811/515/466
f 1534/516/467 794/1139/1078 1524/517/468
f 1550/465/424 159/467/425 1645/522/473
f 816/524/475 41/413/320 145/415/320
f 159/467/425 1629/469/426 934/525/476
f 1559/493/446 146/474/320 41/413/320
f 37/501/320 143/396/320 1514/398/365
f 1525/480/434 163/482/436 60/530/410
f 1519/532/481 784/540/488 40/498/451
f 160/381/350 1599/438/401 888/533/482
f 163/534/436 1604/2087/438 915/535/483
f 1494/476/432 141/352/320 38/354/320
f 140/372/320 39/358/320 748/360/330
f 145/415/320 1539/414/380 753/539/487
f 784/540/488 1534/516/467 144/514/465
s 4
f 171/544/462 1655/598/541 977/545/492
f 966/547/493 85/613/553 196/548/494
f 65/550/462 172/580/462 1675/551/496
f 962/555/500 1706/699/631 184/556/501
f 976/558/503 76/620/560 191/559/504
f 64/546/462 170/564/462 1650/561/506
f 1665/563/508 967/695/628 65/550/462
f 1671/549/495 196/548/494 83/565/509
f 981/566/510 83/565/509 190/573/517
f 1686/574/518 190/573/517 84/575/519
f 172/580/462 63/691/624 986/581/524
f 991/576/520 84/575/519 197/582/525
f 1701/583/526 197/582/525 1813/584/527
f 173/588/531 66/688/621 996/589/532
f 1029/595/538 1721/603/546 192/596/539
f 62/511/462 961/727/655 1655/598/541
f 1721/603/546 1039/1230/1177 1810/604/547
f 67/605/462 1028/665/601 1705/606/548
f 85/613/553 1072/662/599 1750/614/554
f 76/620/560 185/624/564 1735/621/561
f 76/620/560 1082/622/562 1745/623/563
f 185/624/564 75/557/502 1066/625/565
f 83/565/509 1087/692/625 1765/630/570
f 84/575/519 1097/722/650 1780/636/576
f 197/582/525 1780/636/576 1107/642/582
f 75/557/502 184/556/501 1785/646/584
f 184/556/501 74/597/540 1133/647/585
f 74/597/540 192/596/539 1800/653/590
f 192/596/539 1810/604/547 1145/654/591
f 1656/656/593 962/555/500 75/557/502
f 1716/657/594 1034/601/544 82/602/545
f 977/545/492 1665/563/508 170/564/462
f 1666/560/505 191/559/504 85/613/553
f 191/559/504 1745/623/563 1072/662/599
f 176/664/462 1720/681/614 1028/665/601
f 952/512/463 62/511/462 171/544/462
f 1691/670/604 1001/1201/1149 1814/671/605
f 193/672/606 1814/671/605 1106/673/607
f 976/558/503 1656/656/593 185/624/564
f 1715/680/613 1040/1240/1188 1720/681/614
f 1033/682/615 1715/680/613 176/664/462
f 66/688/621 174/701/633 1695/689/622
f 1670/690/623 982/696/629 63/691/624
f 196/548/494 1750/614/554 1087/692/625
f 967/695/628 1670/690/623 172/580/462
f 982/696/629 1685/721/649 173/588/531
f 1706/699/631 1029/595/538 74/597/540
f 174/701/633 1690/704/636 1019/702/634
f 1700/703/635 1002/1210/1158 1690/704/636
f 1716/709/594 189/713/595 1811/710/641
f 1024/712/643 67/605/462 175/607/462
f 189/713/595 1795/2088/596 1143/714/644
f 1725/683/616 176/664/462 67/605/462
f 63/691/624 173/588/531 1680/590/533
f 1691/670/604 193/672/606 86/719/580
f 1685/721/649 992/728/656 66/688/621
f 190/573/517 1765/630/570 1097/722/650
f 193/672/606 1770/674/608 1124/723/651
f 1660/666/602 171/544/462 64/546/462
f 170/564/462 65/550/462 956/552/497
f 175/607/462 1705/606/548 961/727/655
f 992/728/656 1700/703/635 174/701/633
s 1
f 250/729/657 253/732/660 256/730/658
f 253/732/660 254/741/669 257/733/661
f 256/730/658 257/733/661 258/735/663
f 259/736/664 262/740/668 261/737/665
f 260/739/667 263/742/670 262/740/668
f 262/740/668 257/733/661 254/741/669
f 263/742/670 258/735/663 257/733/661
f 252/743/43 264/746/2046 266/744/671
f 264/746/673 255/2089/2047 267/734/674
f 265/745/672 266/744/671 263/742/675
f 266/744/671 267/734/674 258/735/677
f 288/177/154 291/2090/680 293/747/678
f 292/748/679 293/747/678 305/751/682
f 293/747/678 294/750/681 295/753/684
f 289/754/685 296/757/688 299/755/686
f 296/757/688 297/763/1343 300/758/689
f 298/756/690 299/755/686 294/750/691
f 299/755/686 300/758/689 295/753/693
f 301/759/694 304/762/697 303/760/695
f 302/752/683 305/751/682 304/762/697
f 304/762/697 300/758/699 297/763/698
f 305/751/682 295/753/684 300/758/699
f 356/136/119 359/1502/702 361/764/700
f 360/768/701 361/771/700 372/769/704
f 361/771/700 362/777/703 363/772/706
f 357/105/94 364/775/709 366/773/707
f 364/775/709 365/781/717 367/776/710
f 366/773/707 367/776/710 363/772/712
f 368/778/714 371/780/716 370/779/715
f 369/770/705 372/769/718 371/780/716
f 371/780/716 367/776/710 365/781/717
f 372/769/718 363/772/712 367/776/710
f 393/180/156 396/1479/721 399/782/719
f 396/784/721 397/795/730 400/785/722
f 399/786/719 400/785/722 401/789/724
f 402/790/725 405/794/729 404/791/726
f 403/793/728 406/796/731 405/794/729
f 405/794/729 400/785/732 397/795/730
f 406/796/731 401/789/737 400/785/732
f 395/117/103 398/1493/735 408/797/733
f 407/798/734 408/797/733 406/796/731
f 408/797/733 409/788/2048 401/789/737
s 2
f 413/800/738 416/803/741 415/801/739
f 414/802/740 421/811/747 416/803/741
f 416/803/741 421/811/747 417/805/743
f 418/807/744 421/810/747 420/808/745
f 419/809/746 417/815/743 421/810/747
f 424/813/749 417/815/743 419/809/746
s 5
f 428/816/750 430/2091/2049 429/817/751
s 6
f 429/817/753 430/2091/2050 1161/818/754
s 7
f 434/823/759 432/2092/2051 1161/818/760
s 9
f 442/829/766 1817/836/2052 440/830/767
s 10
f 443/832/771 439/1630/2053 438/834/772
s 11
f 444/835/774 440/830/2054 1817/836/775
s 37
f 449/1538/2055 453/1537/2056 1818/2093/2057
s 14
f 457/848/785 459/851/2058 458/849/786
s 16
f 458/849/789 459/851/2059 1160/852/790
s 2
f 467/860/796 470/863/799 469/861/797
f 472/868/803 471/866/801 468/862/798
f 475/872/805 478/874/807 477/873/806
f 476/865/800 470/864/799 478/874/807
f 478/874/807 470/864/799 471/866/801
s 18
f 482/876/808 488/879/2060 483/877/809
s 19
f 482/876/811 1819/884/818 484/878/812
s 2
f 492/888/820 495/892/824 494/889/821
f 495/892/824 503/895/827 501/893/825
f 495/892/824 493/891/823 496/894/826
f 498/897/829 496/894/826 493/891/823
f 500/901/831 503/903/827 502/902/832
f 516/915/840 519/918/843 518/916/841
f 517/917/842 520/920/845 519/918/843
f 519/918/843 530/921/846 527/919/844
f 514/922/225 521/925/849 524/923/847
f 521/925/849 522/931/858 525/926/850
f 523/924/848 524/923/847 520/920/851
s 24
f 524/923/852 525/926/2061 530/927/853
s 2
f 526/928/855 529/930/857 528/929/856
f 527/919/844 530/921/859 529/930/857
f 529/930/857 525/926/860 522/931/858
f 534/932/861 537/935/864 536/933/862
f 535/934/863 538/937/866 537/935/864
f 537/935/864 548/938/867 545/936/865
f 532/939/263 539/942/870 542/940/868
f 539/942/870 540/948/879 543/943/871
f 541/941/869 542/940/868 538/937/872
s 25
f 542/940/873 543/943/2062 548/944/874
s 2
f 544/945/876 547/947/878 546/946/877
f 545/936/865 548/938/880 547/947/878
f 547/947/878 543/943/881 540/948/879
f 552/949/882 555/952/885 554/950/883
f 553/951/884 556/960/893 555/952/885
f 555/952/885 567/955/888 564/953/886
f 555/952/885 556/960/893 557/954/887
f 558/956/889 561/959/892 560/957/890
f 559/958/891 562/964/897 561/959/892
f 561/959/892 556/960/893 553/951/884
f 561/959/892 562/964/897 557/954/887
f 563/961/894 566/963/896 565/962/895
f 564/953/886 567/955/888 566/963/896
f 566/963/896 562/964/897 559/958/891
f 566/963/896 567/955/888 557/954/887
f 571/965/898 574/968/901 573/966/899
f 572/967/900 575/970/2063 574/968/901
f 574/968/901 576/971/904 583/969/902
f 569/972/274 577/975/907 580/973/905
f 577/975/907 578/981/914 581/976/908
f 579/974/906 580/973/905 575/970/909
f 580/973/905 581/976/908 576/977/910
f 582/978/911 585/980/913 584/979/912
f 583/969/902 576/971/904 585/980/913
f 585/980/913 581/976/2064 578/981/914
f 586/982/916 589/1627/919 591/983/917
f 590/984/918 591/983/917 603/987/921
f 591/983/917 592/986/920 593/989/923
f 587/311/284 594/992/926 597/990/924
f 594/992/926 595/998/936 598/993/927
s 26
f 596/991/928 597/990/2065 592/986/929
s 2
f 597/990/924 598/993/927 593/989/931
f 599/994/933 602/997/935 601/995/934
f 600/988/922 603/987/937 602/997/935
f 602/997/935 598/993/938 595/998/936
f 603/987/937 593/989/2066 598/993/938
f 607/999/939 610/1002/942 609/1000/940
f 608/1001/941 611/2094/2067 610/1002/942
f 610/1002/942 611/2095/2067 617/1003/943
f 612/1004/944 615/1008/947 614/1005/945
f 613/1007/946 611/2096/2067 615/1008/947
f 615/1008/947 611/2094/2067 608/1001/941
f 616/1009/948 619/1011/950 618/1010/949
f 617/1003/943 611/2095/2067 619/1011/950
f 619/1011/950 611/2096/2067 613/1007/946
f 620/320/293 623/1014/953 626/1012/951
f 623/1014/953 624/1023/961 627/1015/954
f 626/1012/951 627/1015/954 628/1017/956
f 629/1018/957 632/1022/960 631/1019/958
f 630/1021/959 633/1024/962 632/1022/960
f 632/1022/960 627/1015/954 624/1023/961
f 633/1024/962 628/1017/956 627/1015/954
f 622/312/285 634/1027/1553 636/1025/963
f 634/1027/965 625/1609/1555 637/1016/966
f 635/1026/964 636/1025/963 633/1024/962
f 636/1025/963 637/1016/966 628/1017/956
f 641/1028/967 644/1031/970 643/1029/968
f 642/1030/969 645/1040/972 644/1031/970
f 644/1031/970 655/1034/973 652/1032/971
f 646/1035/974 649/1038/977 648/1036/975
f 647/1037/976 650/1039/978 649/1038/977
f 649/1038/977 645/1040/972 642/1030/969
f 651/1041/979 654/1044/981 653/1042/980
f 652/1032/971 655/1034/973 654/1044/981
f 654/1044/981 650/1039/978 647/1037/976
f 655/1034/973 645/1033/972 650/1039/978
f 656/341/314 659/1047/984 671/1045/982
f 659/1047/984 660/1057/994 662/1048/985
f 664/1052/989 667/1056/993 666/1053/990
f 665/1055/991 662/1063/1000 667/1056/992
f 667/1056/993 662/1048/985 660/1057/994
f 658/1059/995 668/1062/998 671/1060/996
f 670/1061/997 671/1060/996 662/1063/1000
f 672/213/186 675/1066/1567 677/1064/1001
f 675/1066/1003 682/1615/1569 678/1067/1004
f 676/1065/1002 677/1064/1001 689/1068/1005
f 677/1064/1001 678/1067/1004 679/1070/1007
f 673/315/288 680/1073/1010 683/1071/1008
f 680/1073/1010 681/1079/1016 684/1074/1011
f 683/1071/1008 684/1074/1011 679/1070/1007
f 685/1075/1013 688/1078/1015 687/1076/1014
f 686/1069/1006 689/1068/1005 688/1078/1015
f 688/1078/1015 684/1074/1011 681/1079/1016
f 689/1068/1005 679/1070/1007 684/1074/1011
f 690/345/318 693/1082/1019 696/1080/1017
f 693/1082/1019 694/1092/1029 697/1083/1020
f 695/1081/1021 696/1080/1017 707/1084/1022
f 696/1080/1017 697/1083/1020 698/1086/1024
f 699/1087/1025 702/1091/1028 701/1088/1026
f 700/1090/1027 703/1093/1030 702/1091/1028
f 702/1091/1028 697/1083/1020 694/1092/1029
f 703/1093/1030 698/1086/1024 697/1083/1020
f 692/307/280 704/1622/1033 706/1094/1031
f 705/1095/1032 706/1094/1031 703/1093/1035
f 706/1094/1031 707/1084/1034 698/1086/1036
f 711/1096/1037 714/1099/1040 713/1097/1038
f 712/1098/1039 715/1108/1042 714/1099/1040
f 714/1099/1040 725/1102/1043 722/1100/1041
f 716/1103/1044 719/1106/1047 718/1104/1045
f 717/1105/1046 720/1107/1048 719/1106/1047
f 719/1106/1047 715/1108/1042 712/1098/1039
f 721/1109/1049 724/1112/1051 723/1110/1050
f 722/1100/1041 725/1102/1043 724/1112/1051
f 724/1112/1051 720/1107/1048 717/1105/1046
f 725/1102/1043 715/1101/1042 720/1107/1048
f 726/1113/1052 729/2097/1055 731/1114/1053
f 730/1115/1054 731/1114/1053 742/1118/1057
f 731/1114/1053 732/1117/1056 733/1120/1059
f 727/306/279 734/1123/1062 736/1121/1060
f 734/1123/1062 735/1129/1068 737/1124/1063
f 736/1121/1060 737/1124/1063 733/1120/1059
f 738/1125/1065 741/1128/1067 740/1126/1066
f 739/1119/1058 742/1118/1057 741/1128/1067
f 741/1128/1067 737/1124/1063 735/1129/1068
f 742/1118/1057 733/1120/1059 737/1124/1063
s 3
f 793/1130/1069 796/1133/1072 798/1131/1070
f 796/1133/1072 797/1142/1081 799/1134/1073
f 798/1131/1070 799/1134/1073 800/1136/1075
f 801/1137/1076 804/1141/1080 803/1138/1077
f 802/1140/1079 805/1143/1082 804/1141/1080
f 804/1141/1080 799/1134/1073 797/1142/1081
f 805/1143/1082 800/1136/1075 799/1134/1073
f 795/1144/361 806/2098/1085 808/1145/1083
f 807/1146/1084 808/1145/1083 805/1143/1087
f 808/1145/1083 809/1135/2068 800/1136/1089
f 830/523/474 833/2099/1092 835/1148/1090
f 834/1149/1091 835/1148/1090 846/1152/1094
f 835/1148/1090 836/1151/1093 837/1154/1096
f 831/1155/1097 838/1158/1100 840/1156/1098
f 838/1158/1100 839/1164/1716 841/1159/1101
f 840/1156/1098 841/1159/1101 837/1154/1103
f 842/1160/1105 845/1163/1108 844/1161/1106
f 843/1153/1095 846/1152/1094 845/1163/1108
f 845/1163/1108 841/1159/1110 839/1164/1109
f 846/1152/1094 837/1154/1096 841/1159/1110
f 897/483/437 900/1859/1113 902/1165/1111
f 901/1169/1112 902/1172/1111 913/1170/1115
f 902/1172/1111 903/1178/2069 904/1173/1117
f 898/450/412 905/1176/1120 907/1174/1118
f 905/1176/1120 906/1182/1127 908/1177/1121
f 907/1174/1118 908/1177/1121 904/1173/1123
f 909/1179/1124 912/1181/1126 911/1180/1125
f 910/1171/1116 913/1170/1128 912/1181/1126
f 912/1181/1126 908/1177/1121 906/1182/1127
f 913/1170/1128 904/1173/1123 908/1177/1121
f 934/525/476 937/1838/1131 939/1183/1129
f 937/1185/1131 938/1196/1141 940/1186/1132
f 939/1187/1129 940/1186/1132 941/1190/1134
f 942/1191/1136 945/1195/1140 944/1192/1137
f 943/1194/1139 946/1197/1142 945/1195/1140
f 945/1195/1140 940/1186/1143 938/1196/1141
f 946/1197/1142 941/1190/1148 940/1186/1143
f 936/462/421 947/1853/1146 949/1198/1144
f 948/1199/1145 949/1198/1144 946/1197/1142
f 949/1198/1144 950/1189/1147 941/1190/1148
s 4
f 1001/1201/1149 1004/1204/1152 1007/1202/1150
f 1004/1204/1152 1005/1215/1161 1008/1205/1153
f 1007/1202/1150 1008/1205/1153 1009/1207/1155
f 1010/1208/1156 1013/1214/1160 1012/1209/1157
f 1011/1211/1159 1014/1216/1162 1013/1212/1160
f 1013/1214/1160 1008/1205/1153 1005/1215/1161
f 1014/1216/1162 1009/1222/1155 1008/1217/1153
f 1003/585/1163 1006/2076/2070 1016/1218/1164
f 1015/1219/1165 1016/1218/1164 1014/1216/1167
f 1016/1218/1164 1017/1221/2071 1009/1222/1169
f 1038/711/642 1041/2100/1172 1043/1223/1170
f 1042/1224/1171 1043/1223/1170 1055/1227/1174
f 1043/1223/1170 1044/1226/1173 1045/1229/1176
f 1039/1230/1177 1046/1233/1180 1049/1231/1178
f 1046/1233/1180 1047/1243/1932 1050/1234/1181
f 1048/1232/1182 1049/1231/1178 1044/1235/1183
f 1049/1231/1178 1050/1234/1181 1045/1237/1185
f 1051/1238/1186 1054/1241/1189 1053/1239/1187
f 1052/1228/1175 1055/1227/1174 1054/1241/1189
f 1054/1242/1189 1050/1234/1191 1047/1243/1190
f 1055/1227/1174 1045/1229/1176 1050/1245/1191
f 1106/673/607 1109/2079/1194 1111/1246/1192
f 1110/1251/1193 1111/1250/1192 1122/1252/1196
f 1111/1250/1192 1112/1249/2072 1113/1254/1198
f 1107/642/582 1114/1257/1201 1116/1255/1199
f 1114/1257/1201 1115/1262/1208 1117/1258/1202
f 1116/1255/1199 1117/1258/1202 1113/1254/1204
f 1118/1259/1205 1121/1261/1207 1120/1260/1206
f 1119/1253/1197 1122/1252/1209 1121/1261/1207
f 1121/1261/1207 1117/1258/1202 1115/1262/1208
f 1122/1252/1209 1113/1254/1204 1117/1258/1202
f 1143/1263/644 1146/1266/1212 1148/1264/1210
f 1146/1266/1212 1147/1275/1222 1149/1267/1213
f 1148/1264/1210 1149/1267/1213 1150/1269/1215
f 1151/1270/1217 1154/1274/1221 1153/1271/1218
f 1152/1273/1220 1155/1276/1223 1154/1274/1221
f 1154/1274/1221 1149/1267/1224 1147/1275/1222
f 1155/1276/1223 1150/1269/1229 1149/1267/1224
f 1145/654/591 1156/2073/1227 1158/1277/1225
f 1157/1278/1226 1158/1277/1225 1155/1276/1223
f 1158/1277/1225 1159/1268/1228 1150/1269/1229
s 1
f 221/25/22 1162/24/21 1164/1280/1230
f 224/1281/1231 1164/1280/1230 1165/1282/1232
f 223/1284/1234 1165/1289/1239 1166/1285/1235
f 1166/1285/1235 1163/139/122 220/182/158
f 1162/24/21 205/15/12 207/1287/1237
f 1164/1280/1230 207/1287/1237 208/1288/1238
f 1165/1289/1239 208/1328/1277 209/1290/1240
f 209/1290/1240 206/35/31 1163/139/122
f 1167/61/55 1169/1292/1242 229/1291/1241
f 1169/1292/1242 1170/1294/1248 228/1293/1243
f 1170/1294/1244 1171/1300/1250 227/1295/1245
f 227/1295/1245 1171/1300/1250 1168/1296/105
f 210/194/167 212/1298/1247 1169/1292/1242
f 212/1298/1247 213/1299/1316 1170/1294/1248
f 213/1299/1249 214/1368/1318 1171/1300/1250
f 1171/1300/1250 214/1368/1318 211/1301/15
f 1172/129/114 1174/1303/1252 204/1302/1251
f 1174/1303/1252 1175/1305/1257 203/1304/1253
f 1175/1305/1254 1176/1308/1258 202/1306/1255
f 202/1307/1255 1176/1309/1258 1173/4/4
f 221/25/22 224/1281/1231 1174/1303/1252
f 224/1281/1231 223/1283/1233 1175/1305/1257
f 223/1283/1234 222/2101/1236 1176/1308/1258
f 1176/1309/1258 222/1286/1236 220/182/158
f 216/158/138 1177/26/23 1179/1310/1259
f 219/1311/1260 1179/1310/1259 1180/1312/1261
f 218/1313/1263 1180/1312/1266 1181/1314/1264
f 1181/1314/1264 1178/1317/20 215/1316/8
f 1177/26/23 226/8/7 229/1291/1241
f 1179/1310/1259 229/1291/1241 228/1293/1243
f 1180/1312/1266 228/1293/1246 227/1295/1245
f 227/1295/1245 225/1297/18 1178/1317/20
f 231/159/139 1182/153/135 1184/1318/1267
f 234/1319/1268 1184/1318/1267 1185/1320/1269
f 233/1321/1271 1185/1320/1274 1186/1322/1272
f 1186/1322/1272 1183/1325/10 230/1324/25
f 1182/153/135 216/158/138 219/1311/1260
f 1184/1318/1267 219/1311/1260 218/1313/1262
f 1185/1320/1274 218/1313/1263 217/1315/1265
f 217/1315/1265 215/1316/8 1183/1325/10
f 205/15/12 1187/14/11 1189/1326/1275
f 207/1287/1237 1189/1326/1275 1190/1327/1276
f 208/1328/1277 1190/1332/1281 1191/1329/1278
f 1191/1329/1278 1188/33/29 206/35/31
f 1187/14/11 235/44/39 237/1330/1279
f 1189/1326/1275 237/1330/1279 238/1331/1280
f 1190/1332/1281 238/1336/1285 239/1333/1282
f 239/1333/1282 236/32/28 1188/33/29
f 235/44/39 1192/53/47 1194/1334/1283
f 237/1330/1279 1194/1334/1283 1195/1335/1284
f 238/1336/1285 1195/1340/1289 1196/1337/1286
f 1196/1337/1286 1193/30/26 236/32/28
f 1192/53/47 245/52/46 247/1338/1287
f 1194/1334/1283 247/1338/1287 248/1339/1288
f 1195/1340/1289 248/1358/1307 249/1341/1290
f 249/1341/1290 246/42/38 1193/30/26
f 241/195/168 1197/187/161 1199/1342/1291
f 244/1343/1292 1199/1342/1291 1200/1344/1293
f 243/1345/1295 1200/1344/1298 1201/1346/1296
f 1201/1346/1296 1198/1349/33 240/1348/35
f 1197/187/161 231/159/139 234/1319/1268
f 1199/1342/1291 234/1319/1268 233/1321/1270
f 1200/1344/1298 233/1321/1271 232/1323/1273
f 232/1323/1273 230/1324/25 1198/1349/33
f 1202/170/148 1204/1351/1300 272/1350/1299
f 1204/1351/1300 1205/1353/1302 271/1352/1301
f 1205/1353/1302 1206/1355/1304 270/1354/1303
f 1206/1355/1304 1203/133/116 268/186/44
f 251/738/666 261/737/665 1204/1351/1300
f 261/737/665 254/741/669 1205/1353/1302
f 254/741/669 253/732/660 1206/1355/1304
f 253/732/660 250/729/657 1203/133/116
f 245/52/46 1207/152/134 1209/1356/1305
f 247/1338/1287 1209/1356/1309 1210/1357/1306
f 248/1358/1307 1210/1360/1310 1211/1359/1308
f 249/1341/1290 1211/1359/1308 1208/40/36
f 1207/152/134 269/168/146 272/1350/1299
f 1209/1356/1309 272/1350/1299 271/1352/1301
f 1210/1360/1310 271/2102/1301 270/1361/1303
f 270/1361/1303 268/49/44 1208/40/36
f 251/738/666 1212/169/147 1214/1362/1311
f 259/736/664 1214/1362/1311 1215/1363/1312
f 260/739/676 1215/1363/1314 1216/1364/1313
f 265/745/672 1216/1364/1313 1213/1365/41
f 1212/169/147 241/195/168 244/1343/1292
f 1214/1362/1311 244/1343/1292 243/1345/1294
f 1215/1363/1314 243/1345/1295 242/1347/1297
f 1216/1364/1313 242/1347/1297 240/1348/35
f 1217/69/62 1219/1366/1315 212/1298/1247
f 1219/1366/1315 1220/1367/1320 213/1299/1316
f 1220/1367/1317 1221/1372/1322 214/1368/1318
f 214/1368/1318 1221/1372/1322 1218/1369/141
f 278/128/113 280/1370/1319 1219/1366/1315
f 280/1370/1319 281/1371/1338 1220/1367/1320
f 281/1371/1321 282/1391/1340 1221/1372/1322
f 1221/1372/1322 282/1391/1340 279/1373/52
f 1222/1/1 1224/1375/1324 277/1374/1323
f 1224/1375/1324 1225/1377/1329 276/1376/1325
f 1225/1377/1326 1226/1380/1330 275/1378/1327
f 275/1379/1327 1226/1381/1330 1223/54/48
f 201/3/3 204/1302/1251 1224/1375/1324
f 204/1302/1251 203/1304/1253 1225/1377/1329
f 203/1304/1256 202/1306/1255 1226/1380/1330
f 1226/1381/1330 202/1307/1255 200/16/13
f 290/761/696 1227/143/125 1229/1382/1331
f 301/759/694 1229/1382/1331 1230/1383/1332
f 302/752/683 1230/1383/1332 1231/1384/1333
f 292/748/679 1231/1384/1333 1228/175/106
f 1227/143/125 283/145/127 285/1385/1334
f 1229/1382/1331 285/1385/1334 286/1386/1335
f 1230/1383/1332 286/1386/1335 287/1387/1336
f 1231/1384/1333 287/1387/1336 284/1388/58
f 1232/144/126 1234/1389/1337 280/1370/1319
f 1234/1389/1337 1235/1390/1342 281/1371/1338
f 1235/1390/1339 1236/1392/1341 282/1391/1340
f 1236/1392/1341 1233/1393/60 279/1373/52
f 290/761/696 303/760/695 1234/1389/1337
f 303/760/695 297/763/698 1235/1390/1342
f 297/763/1343 296/757/688 1236/1392/1341
f 296/757/688 289/754/685 1233/1393/60
f 1237/146/128 1239/1394/1344 285/1385/1334
f 1239/1394/1344 1240/1395/1346 286/1386/1335
f 1240/1395/1345 1241/1397/1347 287/1387/1336
f 287/1396/1336 1241/1398/1347 1238/62/56
f 274/178/155 277/1374/1323 1239/1394/1344
f 277/1374/1323 276/1376/1325 1240/1395/1346
f 276/1376/1328 275/1378/1327 1241/1397/1347
f 275/1379/1327 273/56/50 1238/62/56
f 1242/142/124 1244/1400/1349 330/1399/1348
f 1244/1400/1349 1245/1402/1351 329/1401/1350
f 1245/1402/1351 1246/1404/1353 328/1403/1352
f 1246/1404/1353 1243/192/165 326/193/166
f 311/91/81 313/1405/1354 1244/1400/1349
f 313/1405/1354 314/1406/1355 1245/1402/1351
f 314/1406/1355 315/1407/1356 1246/1404/1353
f 315/1407/1356 312/191/164 1243/192/165
f 332/85/75 1247/84/74 1249/1408/1357
f 335/1409/1358 1249/1408/1357 1250/1410/1359
f 334/1411/1360 1250/1410/1359 1251/1412/1361
f 333/1413/1362 1251/1412/1361 1248/123/109
f 1247/84/74 316/88/78 318/1414/1363
f 1249/1408/1357 318/1414/1363 319/1415/1364
f 1251/1412/1361 320/1416/1365 317/124/110
f 307/81/71 1252/72/64 1254/1417/1366
f 309/1420/1369 1255/1419/1368 1256/1421/1370
f 1252/72/64 327/71/63 330/1399/1348
f 1254/1417/1366 330/1399/1348 329/1401/1350
f 1255/1419/1368 329/1401/1350 328/1403/1352
f 1256/1421/1370 328/1403/1352 326/193/166
f 1257/86/76 1259/1424/1373 325/1423/1372
f 1259/1424/1373 1260/1426/1375 324/1425/1374
f 1260/1426/1375 1261/1428/1377 323/1427/1376
f 1261/1428/1377 1258/161/140 321/183/159
f 332/85/75 335/1409/1358 1259/1424/1373
f 335/1409/1358 334/1411/1360 1260/1426/1375
f 334/1411/1360 333/1413/1362 1261/1428/1377
f 333/1413/1362 331/126/112 1258/161/140
f 1262/77/68 1264/1430/1379 340/1429/1378
f 1264/1430/1379 1265/1432/1381 339/1431/1380
f 1265/1432/1381 1266/1434/1383 338/1433/1382
f 322/125/111 325/1423/1372 1264/1430/1379
f 325/1423/1372 324/1425/1374 1265/1432/1381
f 324/1425/1374 323/1427/1376 1266/1434/1383
f 323/1427/1376 321/183/159 1263/94/84
f 1267/92/82 1269/1435/1384 313/1405/1354
f 1269/1435/1384 1270/1436/1385 314/1406/1355
f 1270/1436/1385 1271/1437/1386 315/1407/1356
f 1271/1437/1386 1268/74/66 312/191/164
f 343/1438/1387 344/1439/1388 1270/1436/1385
f 345/1440/1389 342/138/121 1268/74/66
f 1272/98/87 1274/1441/1390 343/1438/1387
f 1274/1441/1390 1275/1442/1391 344/1439/1388
f 1275/1442/1391 1276/1443/1392 345/1440/1389
f 1276/1443/1392 1273/184/160 342/138/121
f 351/102/91 353/1444/1393 1274/1441/1390
f 354/1445/1394 355/1446/1395 1276/1443/1392
f 355/1446/1395 352/181/157 1273/184/160
f 1277/93/83 1279/1448/1397 350/1447/1396
f 1279/1448/1397 1280/1450/1399 349/1449/1398
f 1280/1450/1399 1281/1452/1401 348/1451/1400
f 1281/1452/1401 1278/80/70 346/101/90
f 337/155/136 340/1429/1378 1279/1448/1397
f 340/1429/1378 339/1431/1380 1280/1450/1399
f 339/1431/1380 338/1433/1382 1281/1452/1401
f 338/1433/1382 336/78/69 1278/80/70
f 374/190/163 1282/1459/120 1284/1453/1402
f 377/1454/1403 1284/1453/1402 1285/1455/1404
f 376/1456/1405 1285/1455/1404 1286/1457/1406
f 375/1458/1407 1286/1457/1406 1283/172/150
f 1282/1459/120 356/2103/119 360/768/701
f 1284/1453/1402 360/768/701 369/770/705
f 1285/1455/1404 369/770/705 368/778/714
f 1286/1457/1406 368/778/714 358/173/151
f 1287/104/93 1289/1460/1408 353/1444/1393
f 1291/1462/1410 1288/156/137 352/181/157
f 374/190/163 377/1454/1403 1289/1460/1408
f 377/1454/1403 376/1456/1405 1290/1461/1409
f 376/1456/1405 375/1458/1407 1291/1462/1410
f 375/1458/1407 373/174/152 1288/156/137
f 1292/99/88 1294/1463/1411 364/775/709
f 1294/1463/1411 1295/1464/1412 365/781/717
f 1295/1464/1412 1296/1465/1413 370/779/715
f 1296/1465/1413 1293/171/149 358/173/151
f 347/188/162 350/1447/1396 1294/1463/1411
f 350/1447/1396 349/1449/1398 1295/1464/1412
f 349/1449/1398 348/1451/1400 1296/1465/1413
f 316/88/78 1297/109/96 1299/1466/1414
f 318/1414/1363 1299/1466/1414 1300/1467/1415
f 319/1415/1364 1300/1467/1415 1301/1468/1416
f 320/1416/1365 1301/1468/1416 1298/166/145
f 1297/109/96 383/110/97 385/1469/1417
f 1299/1466/1414 385/1469/1417 386/1470/1418
f 1300/1467/1415 386/1470/1418 387/1471/1419
f 1301/1468/1416 387/1471/1419 384/130/115
f 379/111/98 1302/82/72 1304/1472/1420
f 382/1473/1421 1304/1472/1420 1305/1474/1422
f 381/1475/1423 1305/1474/1422 1306/1476/1424
f 1302/82/72 307/81/71 310/1418/1367
f 1304/1472/1420 310/1418/1367 309/1420/1369
f 1306/1476/1424 308/1422/1371 306/106/95
f 1307/1478/108 1309/2104/1426 396/1479/721
f 1309/1480/1426 1310/1481/1427 397/795/730
f 1310/1481/1427 1311/1482/1428 404/791/726
f 1311/1482/1428 1308/150/132 394/792/727
f 388/118/104 390/1483/1429 1309/1480/1426
f 390/1483/1429 391/1484/1430 1310/1481/1427
f 391/1484/1430 392/1485/1431 1311/1482/1428
f 392/1485/1431 389/147/129 1308/150/132
f 383/110/97 1312/116/102 1314/1486/1432
f 385/1469/1417 1314/1486/1432 1315/1487/1433
f 386/1470/1418 1315/1487/1433 1316/1488/1434
f 387/1471/1419 1316/1488/1434 1313/149/131
f 1312/116/102 395/117/103 407/798/734
f 1314/1486/1432 407/798/734 403/793/728
f 1315/1487/1433 403/793/728 402/790/725
f 1316/1488/1434 402/790/725 394/792/727
f 388/118/104 1317/112/99 1319/1489/1435
f 390/1483/1429 1319/1489/1435 1320/1490/1436
f 392/1485/1431 1321/1491/1437 1318/148/130
f 1317/112/99 379/111/98 382/1473/1421
f 1319/1489/1435 382/1473/1421 381/1475/1423
f 1320/1490/1436 381/1475/1423 380/1477/1425
f 1321/1491/1437 380/1477/1425 378/114/100
f 395/117/103 1322/67/61 1324/1492/1438
f 398/783/720 1324/1496/1442 1323/176/153
f 1322/67/61 289/2085/685 298/1494/1439
f 1324/1496/1442 291/2090/680 288/177/154
f 1325/47/42 1327/1501/1447 264/1497/1443
f 1327/1500/1446 1326/134/117 250/729/657
f 357/105/94 359/774/708 1327/1501/1447
f 359/1502/702 356/136/119 1326/134/117
s 2
f 1338/1509/262 1340/1510/1457 577/975/907
f 1340/1510/1454 1341/1512/1455 578/981/914
f 1347/1516/223 1349/1517/1464 539/942/870
f 1347/1516/223 514/922/225 523/924/848
f 1349/1517/1461 523/924/848 517/917/842
f 1354/1522/1466 1352/231/204 515/300/273
f 1354/1522/1466 571/965/898 568/232/205
f 435/210/183 1355/163/142 1357/1524/1468
f 438/831/764 1357/1524/1468 1358/1525/1469
f 442/829/1470 1358/1525/1469 1359/1526/1471
f 410/165/144 415/801/739 1357/1524/1468
f 415/801/739 423/804/742 1358/1525/1469
f 423/804/742 422/812/748 1359/1526/1471
f 1362/1529/1474 1363/1530/1476 1818/842/1475
f 1363/1530/1476 1364/1531/1477 449/839/778
f 1364/1531/1477 1361/239/212 445/318/291
f 1362/1529/1474 422/814/748 419/809/746
f 1363/1530/1476 419/809/746 418/807/744
f 1364/1531/1477 418/807/744 411/237/210
f 467/860/796 1372/1539/1484 1373/1540/1485
f 468/871/798 1373/1540/1485 1374/1541/1486
f 425/220/193 429/817/1488 1372/1539/1484
f 429/817/1488 432/819/1489 1373/1540/1485
f 432/819/1489 433/1542/1490 1374/1541/1486
f 433/1542/1490 427/277/250 1371/279/252
f 479/273/246 1375/263/236 1377/1543/1491
f 482/876/1492 1377/1543/1491 1378/1544/1493
f 1819/1545/1494 1378/1544/1493 1379/1546/1495
f 485/1547/1496 1379/1546/1495 1376/338/311
f 466/265/238 477/873/806 1377/1543/1491
f 477/873/806 472/875/803 1378/1544/1493
f 472/875/803 473/867/1487 1379/1546/1495
f 1382/1549/1497 433/1552/1490 434/823/1501
f 1385/257/230 1387/1554/1503 461/1553/1502
f 1387/1554/1503 1388/1555/1505 462/853/1504
f 1388/1555/1505 1389/1556/1507 458/849/1506
f 1385/257/230 490/280/253 497/899/1508
f 1387/1554/1503 497/899/1508 493/900/823
f 1388/1555/1505 493/900/823 492/888/820
f 1390/328/301 1392/1557/1509 497/896/1508
f 1392/1557/1509 1393/1558/1510 498/904/829
f 1393/1558/1510 1394/1559/1511 502/902/832
f 1390/328/301 505/329/302 510/1560/1512
f 1393/1558/1510 1816/1561/1513 508/907/833
f 1394/1559/1511 508/907/833 504/199/172
f 588/996/308 1400/1570/307 1402/1567/1520
f 599/994/933 1402/1567/1520 1403/1568/1521
f 600/988/922 1403/1568/1521 1404/1569/1522
f 590/984/918 1404/1569/1522 1401/283/256
f 1400/1570/307 605/1006/309 614/1005/945
f 1402/1567/1520 614/1005/945 608/1001/941
f 1403/1568/1521 608/1001/941 607/999/939
f 607/999/939 604/321/294 1401/283/256
f 1405/309/282 1407/1571/1523 623/1014/953
f 1407/1571/1523 1408/1572/1524 624/1023/961
f 1408/1572/1524 1409/1573/1525 631/1019/958
f 1409/1573/1525 1406/1574/196 621/1020/198
f 606/308/281 618/1010/949 1407/1571/1523
f 618/1010/949 613/1007/946 1408/1572/1524
f 613/1007/946 612/1004/944 1409/1573/1525
f 612/1004/944 605/1006/309 1406/1574/196
f 1415/1579/298 1417/1580/1529 651/1041/979
f 1417/1580/1529 1418/1581/1530 652/1032/971
f 1418/1581/1530 1419/1582/1531 643/1029/968
f 1419/1582/1531 1416/227/200 638/226/199
f 657/1054/300 666/1053/990 1417/1580/1529
f 666/1058/990 660/1057/994 1418/1581/1530
f 660/1057/994 659/1047/984 1419/1582/1531
f 659/1047/984 656/341/314 1416/227/200
f 674/1077/313 1420/1586/312 1422/1583/1532
f 685/1075/1013 1422/1583/1532 1423/1584/1533
f 686/1069/1006 1423/1584/1533 1424/1585/1534
f 676/1065/1002 1424/1585/1534 1421/214/187
f 1420/1586/312 640/1043/296 653/1042/980
f 1422/1583/1532 653/1042/980 647/1037/976
f 1423/1584/1533 647/1037/976 646/1035/974
f 1424/1585/1534 646/1035/974 639/314/287
f 1430/333/306 1432/1591/1538 693/1082/1019
f 1432/1591/1538 1433/1592/1539 694/1092/1029
f 1433/1592/1539 1434/1593/1540 701/1088/1026
f 1434/1593/1540 1431/1594/179 691/1089/189
f 708/332/305 713/1097/1038 1432/1591/1538
f 713/1097/1038 722/1100/1041 1433/1592/1539
f 722/1100/1041 721/1109/1049 1434/1593/1540
f 721/1109/1049 710/1111/177 1431/1594/179
f 709/304/277 1435/203/176 1437/1595/1541
f 716/1103/1044 1437/1595/1541 1438/1596/1542
f 717/1105/1046 1438/1596/1542 1439/1597/1543
f 723/1110/1050 1439/1597/1543 1436/1598/303
f 1435/203/176 726/1113/1052 730/1115/1054
f 1437/1595/1541 730/1115/1054 739/1119/1058
f 1438/1596/1542 739/1119/1058 738/1125/1065
f 1439/1597/1543 738/1125/1065 728/1127/304
f 1445/164/143 1447/1603/1547 413/800/738
f 1447/1603/1547 1448/1604/1549 414/802/1548
f 1448/1604/1549 1449/1605/1550 420/808/745
f 1449/1605/1550 1446/1606/1551 411/237/210
f 604/321/294 609/1000/940 1447/1603/1547
f 609/1000/940 617/1003/943 1448/1604/1549
f 617/1003/943 616/1009/948 1449/1605/1550
f 616/1009/948 606/308/281 1446/1606/1551
f 622/312/285 1450/249/222 1452/1607/1552
f 634/1027/965 1452/1607/1554 1453/1608/1554
f 1453/1610/1556 1451/319/292 620/320/293
f 1450/249/222 446/843/780 451/845/782
f 1452/1607/1554 451/845/1557 448/847/1557
f 1453/1610/1556 448/838/777 445/318/291
f 1454/222/195 1456/1612/1561 428/816/1558
s 31
f 1456/1611/1559 1457/1613/1564 431/822/1560
s 2
f 431/822/758 1457/1613/1565 1455/267/240
f 656/341/314 661/1046/983 1456/1612/1561
s 31
f 669/1050/1563 668/1062/2073 1457/1613/1564
s 2
f 1457/1613/1565 668/1062/998 658/1059/995
f 672/213/186 1458/1616/1570 1460/1614/1566
f 1460/1614/1568 1461/1617/1573 682/1615/1569
f 682/1072/1009 1461/1618/1574 1459/272/245
f 1458/1616/1570 479/273/246 483/877/1571
f 487/880/814 481/271/244 1459/272/245
f 491/285/258 1462/284/257 1464/1619/1575
f 500/901/831 1464/1619/1575 1465/1620/1576
f 501/893/1577 1465/1620/1576 1466/1621/1578
f 494/889/821 1466/1621/1578 1463/294/267
f 1462/284/257 709/304/277 718/1104/1045
f 1464/1619/1575 718/1104/1045 712/1098/1039
f 1465/1620/1576 712/1098/1039 711/1096/1037
f 1466/1621/1578 711/1096/1037 708/332/305
f 1467/287/260 1469/1625/1581 704/1622/1033
f 1469/1623/1579 1470/1624/1583 695/1081/1021
f 1470/1624/1580 1468/344/317 690/345/318
f 455/854/792 460/856/794 1469/1625/1581
f 460/850/1582 457/848/2074 1470/1624/1583
f 457/848/1584 454/343/316 1468/344/317
f 586/982/916 1471/282/255 1473/1626/1585
f 1474/1629/1588 1472/236/209 587/311/284
f 1471/282/255 435/210/183 439/828/1589
f 443/832/1592 437/234/207 1472/236/209
f 1475/264/237 1477/1631/1593 475/872/805
f 1477/1631/1593 1478/1634/1597 476/865/1594
f 476/865/1594 1478/1634/1597 1479/1632/1595
f 469/861/797 1479/1632/1595 1476/1633/1596
f 639/314/287 648/1036/975 1477/1631/1593
f 648/1036/975 642/1030/969 1478/1634/1597
f 642/1030/969 641/1028/967 1479/1632/1595
f 641/1028/967 638/226/199 1476/1633/1596
f 1480/292/265 1482/1635/1600 512/910/836
s 32
f 1482/1635/1598 1483/1636/1598 507/912/1599
s 2
f 507/906/834 1483/1637/1602 1481/202/175
f 727/306/279 729/1122/1061 1482/1635/1600
f 1483/1637/1602 729/2097/1055 726/1113/1052
s 3
f 764/370/340 1484/369/339 1486/1638/1603
f 767/1639/1604 1486/1638/1603 1487/1640/1605
f 766/1642/1607 1487/1647/1612 1488/1643/1608
f 1488/1643/1608 1485/486/440 763/527/478
f 1484/369/339 748/360/330 750/1645/1610
f 1486/1638/1603 750/1645/1610 751/1646/1611
f 1487/1647/1612 751/1686/1650 752/1648/1613
f 752/1648/1613 749/380/349 1485/486/440
f 1489/406/373 1491/1650/1615 772/1649/1614
f 1491/1650/1615 1492/1652/1621 771/1651/1616
f 1492/1652/1617 1493/1658/1623 770/1653/1618
f 770/1653/1618 1493/1658/1623 1490/1654/423
f 753/539/487 755/1656/1620 1491/1650/1615
f 755/1656/1620 756/1657/1689 1492/1652/1621
f 756/1657/1622 757/1728/1691 1493/1658/1623
f 1493/1658/1623 757/1728/1691 754/1659/333
f 1494/476/432 1496/1661/1625 747/1660/1624
f 1496/1661/1625 1497/1666/1630 746/1662/1626
f 1497/1663/1627 1498/1667/1631 745/1664/1628
f 745/1664/1628 1498/1667/1631 1495/349/322
f 764/370/340 767/1639/1604 1496/1661/1625
f 767/1639/1604 766/1641/1606 1497/1666/1630
f 766/1642/1607 765/1644/1609 1498/1667/1631
f 1498/1667/1631 765/1644/1609 763/527/478
f 759/505/457 1499/371/341 1501/1668/1632
f 762/1669/1633 1501/1668/1632 1502/1670/1634
f 761/1671/1636 1502/1670/1639 1503/1672/1637
f 1503/1672/1637 1500/1675/338 758/1674/326
f 1499/371/341 769/353/325 772/1649/1614
f 1501/1668/1632 772/1649/1614 771/1651/1616
f 1502/1670/1639 771/1651/1619 770/1653/1618
f 770/1653/1618 768/1655/336 1500/1675/338
f 774/506/458 1504/500/453 1506/1676/1640
f 777/1677/1641 1506/1676/1640 1507/1678/1642
f 776/1679/1644 1507/1678/1647 1508/1680/1645
f 1508/1680/1645 1505/1683/328 773/1682/343
f 1504/500/453 759/505/457 762/1669/1633
f 1506/1676/1640 762/1669/1633 761/1671/1635
f 1507/1678/1647 761/1671/1636 760/1673/1638
f 760/1673/1638 758/1674/326 1505/1683/328
f 748/360/330 1509/359/329 1511/1684/1648
f 750/1645/1610 1511/1684/1648 1512/1685/1649
f 751/1686/1650 1512/1690/1654 1513/1687/1651
f 1513/1687/1651 1510/378/347 749/380/349
f 1509/359/329 778/389/357 780/1688/1652
f 1511/1684/1648 780/1688/1652 781/1689/1653
f 1512/1690/1654 781/1694/1658 782/1691/1655
f 782/1691/1655 779/377/346 1510/378/347
f 778/389/357 1514/398/365 1516/1692/1656
f 780/1688/1652 1516/1692/1656 1517/1693/1657
f 781/1694/1658 1517/1698/1662 1518/1695/1659
f 1518/1695/1659 1515/375/344 779/377/346
f 1514/398/365 788/397/364 790/1696/1660
f 1516/1692/1656 790/1696/1660 791/1697/1661
f 1517/1698/1662 791/1717/1680 792/1699/1663
f 792/1699/1663 789/387/356 1515/375/344
f 784/540/488 1519/532/481 1521/1700/1664
f 787/1701/1665 1521/1700/1664 1522/1702/1666
f 786/1703/1668 1522/1702/1671 1523/1704/1669
f 1523/1706/1669 1520/382/351 783/384/353
f 1519/532/481 774/506/458 777/1677/1641
f 1521/1700/1664 777/1677/1641 776/1679/1643
f 1522/1702/1671 776/1679/1644 775/1681/1646
f 775/1708/1646 773/374/343 1520/382/351
f 1524/517/468 1526/1710/1673 814/1709/1672
f 1526/1710/1673 1527/1712/1675 813/1711/1674
f 1527/1712/1675 1528/1714/1677 812/1713/1676
f 1528/1714/1677 1525/480/434 810/531/362
f 794/1139/1078 803/1138/1077 1526/1710/1673
f 803/1138/1077 797/1142/1081 1527/1712/1675
f 797/1142/1081 796/1133/1072 1528/1714/1677
f 796/1133/1072 793/1130/1069 1525/480/434
f 788/397/364 1529/499/452 1531/1715/1678
f 790/1696/1660 1531/1715/1682 1532/1716/1679
f 791/1717/1680 1532/1719/1683 1533/1718/1681
f 792/1699/1663 1533/1718/1681 1530/385/354
f 1529/499/452 811/515/466 814/1709/1672
f 1531/1715/1682 814/1709/1672 813/1711/1674
f 1532/1719/1683 813/2105/1674 812/1720/1676
f 812/1720/1676 810/394/362 1530/385/354
f 794/1139/1078 1534/516/467 1536/1721/1684
f 801/1137/1076 1536/1721/1684 1537/1722/1685
f 802/1140/1088 1537/1722/1687 1538/1723/1686
f 807/1724/1084 1538/1725/1686 1535/391/359
f 1534/516/467 784/540/488 787/1701/1665
f 1536/1721/1684 787/1701/1665 786/1703/1667
f 1537/1722/1687 786/1703/1668 785/1705/1670
f 1538/1725/1686 785/1707/1670 783/384/353
f 1539/414/380 1541/1726/1688 755/1656/1620
f 1541/1726/1688 1542/1727/1693 756/1657/1689
f 1542/1727/1690 1543/1732/1695 757/1728/1691
f 757/1728/1691 1543/1732/1695 1540/1729/460
f 820/475/431 822/1730/1692 1541/1726/1688
f 822/1730/1692 823/1731/1711 1542/1727/1693
f 823/1731/1694 824/1751/1713 1543/1732/1695
f 1543/1732/1695 824/1751/1713 821/1733/370
f 1544/346/319 1546/1735/1697 819/1734/1696
f 1546/1735/1697 1547/1737/1702 818/1736/1698
f 1547/1737/1699 1548/2106/1703 817/1738/1700
f 817/1739/1700 1548/1740/1703 1545/399/366
f 744/348/321 747/1660/1624 1546/1735/1697
f 747/1660/1624 746/1662/1626 1547/1737/1702
f 746/1665/1629 745/1664/1628 1548/1740/1703
f 1548/1740/1703 745/1664/1628 743/361/331
f 832/1162/1107 1549/490/443 1551/1742/1704
f 842/1160/1105 1551/1742/1704 1552/1743/1705
f 843/1153/1095 1552/1743/1705 1553/1744/1706
f 834/1149/1091 1553/1744/1706 1550/465/424
f 1549/490/443 825/492/445 827/1745/1707
f 1551/1742/1704 827/1745/1707 828/1746/1708
f 1552/1743/1705 828/1746/1708 829/1747/1709
f 1553/1744/1706 829/1747/1709 826/1748/376
f 1554/491/444 1556/1749/1710 822/1730/1692
f 1556/1749/1710 1557/1750/1715 823/1731/1711
f 1557/1750/1712 1558/1752/1714 824/1751/1713
f 1558/1752/1714 1555/1753/378 821/1733/370
f 832/1162/1107 844/1161/1106 1556/1749/1710
f 844/1161/1106 839/1164/1109 1557/1750/1715
f 839/1164/1716 838/1158/1100 1558/1752/1714
f 838/1158/1100 831/1155/1097 1555/1753/378
f 1559/493/446 1561/1754/1717 827/1745/1707
f 1561/1754/1717 1562/1755/1719 828/1746/1708
f 1562/1755/1718 1563/1757/1720 829/1747/1709
f 829/1756/1709 1563/1758/1720 1560/407/374
f 816/524/475 819/1734/1696 1561/1754/1717
f 819/1734/1696 818/1736/1698 1562/1755/1719
f 818/1736/1701 817/1738/1700 1563/1757/1720
f 817/1739/1700 815/401/368 1560/407/374
f 1564/489/442 1566/1760/1722 871/1759/1721
f 1567/1762/1724 1568/1764/1726 869/1763/1725
f 1568/1764/1726 1565/537/485 867/538/486
f 852/436/399 854/1765/1727 1566/1760/1722
f 854/1765/1727 855/1766/1728 1567/1762/1724
f 855/1766/1728 856/1767/1729 1568/1764/1726
f 856/1767/1729 853/536/484 1565/537/485
f 873/430/393 1569/429/392 1571/1768/1730
f 876/1769/1731 1571/1768/1730 1572/1770/1732
f 875/1771/1733 1572/1770/1732 1573/1772/1734
f 874/1773/1735 1573/1772/1734 1570/470/427
f 1569/429/392 857/433/396 859/1774/1736
f 1571/1768/1730 859/1774/1736 860/1775/1737
f 1572/1770/1732 860/1775/1737 861/1776/1738
f 1573/1772/1734 861/1776/1738 858/471/428
f 851/1778/1740 1576/1777/1739 1577/1779/1741
f 850/1780/1742 1577/1779/1741 1578/1781/1743
f 849/1782/1744 1578/1781/1743 1575/487/441
f 1576/1777/1739 871/1759/1721 870/1761/1723
f 1577/1779/1741 870/1761/1723 869/1763/1725
f 1578/1781/1743 869/1763/1725 867/538/486
f 1579/431/394 1581/1784/1746 866/1783/1745
f 1581/1784/1746 1582/1786/1748 865/1785/1747
f 1582/1786/1748 1583/1788/1750 864/1787/1749
f 1583/1788/1750 1580/508/459 862/528/479
f 873/430/393 876/1769/1731 1581/1784/1746
f 876/1769/1731 875/1771/1733 1582/1786/1748
f 875/1771/1733 874/1773/1735 1583/1788/1750
f 874/1773/1735 872/473/430 1580/508/459
f 1584/422/386 1586/1790/1752 881/1789/1751
f 1586/1790/1752 1587/1792/1754 880/1791/1753
f 1587/1792/1754 1588/1794/1756 879/1793/1755
f 1588/1794/1756 1585/439/402 877/423/387
f 863/472/429 866/1783/1745 1586/1790/1752
f 866/1783/1745 865/1785/1747 1587/1792/1754
f 865/1785/1747 864/1787/1749 1588/1794/1756
f 864/1787/1749 862/528/479 1585/439/402
f 1589/437/400 1591/1795/1757 854/1765/1727
f 882/442/404 884/1798/1760 1591/1795/1757
f 1594/443/405 1596/1801/1763 884/1798/1760
f 1596/1801/1763 1597/1802/1764 885/1799/1761
f 1597/1802/1764 1598/1803/1765 886/1800/1762
f 1598/1803/1765 1595/529/480 883/485/439
f 892/447/409 894/1804/1766 1596/1801/1763
f 894/1804/1766 895/1805/1767 1597/1802/1764
f 896/1806/1768 893/526/477 1595/529/480
f 1599/438/401 1601/1808/1770 891/1807/1769
f 1601/1808/1770 1602/1810/1772 890/1809/1771
f 1602/1810/1772 1603/1812/1774 889/1811/1773
f 878/502/454 881/1789/1751 1601/1808/1770
f 881/1789/1751 880/1791/1753 1602/1810/1772
f 880/1791/1753 879/1793/1755 1603/1812/1774
f 879/1793/1755 877/423/387 1600/425/388
f 915/535/483 1604/2087/438 1606/1813/1775
f 918/1814/1776 1606/1813/1775 1607/1815/1777
f 917/1816/1778 1607/1815/1777 1608/1817/1779
f 916/1818/1780 1608/1817/1779 1605/519/470
f 1604/484/438 897/483/437 901/1166/1112
f 1606/1813/1775 901/1169/1112 910/1171/1116
f 1607/1815/1777 910/1171/1116 909/1179/1124
f 1608/1817/1779 909/1179/1124 899/520/471
f 1609/449/411 1611/1820/1781 894/1804/1766
f 1613/1822/1783 1610/503/455 893/526/477
f 915/535/483 918/1814/1776 1611/1820/1781
f 918/1814/1776 917/1816/1778 1612/1821/1782
f 917/1816/1778 916/1818/1780 1613/1822/1783
f 1614/444/406 1616/1823/1784 905/1176/1120
f 1616/1823/1784 1617/1824/1785 906/1182/1127
f 1617/1824/1785 1618/1825/1786 911/1180/1125
f 888/533/482 891/1807/1769 1616/1823/1784
f 891/1807/1769 890/1809/1771 1617/1824/1785
f 890/1809/1771 889/1811/1773 1618/1825/1786
f 857/433/396 1619/454/414 1621/1826/1787
f 859/1774/1736 1621/1826/1787 1622/1827/1788
f 860/1775/1737 1622/1827/1788 1623/1828/1789
f 861/1776/1738 1623/1828/1789 1620/513/464
f 1619/454/414 924/455/415 926/1829/1790
f 1621/1826/1787 926/1829/1790 927/1830/1791
f 1622/1827/1788 927/1830/1791 928/1831/1792
f 920/456/416 1624/427/390 1626/1832/1793
f 922/1835/1796 1627/1834/1795 1628/1836/1797
f 921/1837/1798 1628/1836/1797 1625/460/419
f 1624/427/390 848/426/389 851/1778/1740
f 1626/1832/1793 851/1778/1740 850/1780/1742
f 1627/1834/1795 850/1780/1742 849/1782/1744
f 1628/1836/1797 849/1782/1744 847/451/413
f 1629/469/426 1631/2107/1799 937/1838/1131
f 1631/1839/1799 1632/1840/1800 938/1196/1141
f 1632/1840/1800 1633/1841/1801 944/1192/1137
f 1633/1841/1801 1630/497/450 935/1193/1138
f 929/463/422 931/1843/1802 1631/1839/1799
f 931/1843/1802 932/1844/1803 1632/1840/1800
f 932/1844/1803 933/1845/1804 1633/1841/1801
f 933/1845/1804 930/494/447 1630/497/450
f 924/455/415 1634/461/420 1636/1846/1805
f 926/1829/1790 1636/1846/1805 1637/1847/1806
f 927/1830/1791 1637/1847/1806 1638/1848/1807
f 1634/461/420 936/462/421 948/1199/1145
f 1636/1846/1805 948/1199/1145 943/1194/1139
f 1637/1847/1806 943/1194/1139 942/1191/1136
f 1638/1848/1807 942/1191/1136 935/1193/1138
f 929/463/422 1639/457/417 1641/1849/1808
f 931/1843/1802 1641/1849/1808 1642/1850/1809
f 932/1844/1803 1642/1850/1809 1643/1851/1810
f 933/1845/1804 1643/1851/1810 1640/495/448
f 1639/457/417 920/456/416 923/1833/1794
f 1642/1850/1809 922/1835/1796 921/1837/1798
f 936/462/421 1644/412/379 1646/1852/1811
f 947/1184/1812 1646/1855/1814 1645/522/473
f 1644/412/379 831/2086/1097 833/1854/1813
f 1646/1855/1814 833/2099/1092 830/523/474
f 1647/392/360 1649/1858/1817 806/1856/1815
f 1649/1857/1816 1648/481/435 793/1130/1069
f 898/450/412 900/1175/1119 1649/1858/1817
f 900/1859/1113 897/483/437 1648/481/435
s 4
f 972/562/507 1650/561/506 1652/1860/1818
f 975/1861/1819 1652/1860/1818 1653/1862/1820
f 974/1864/1822 1653/1869/1827 1654/1865/1823
f 1654/1865/1823 1651/676/610 971/716/646
f 1650/561/506 956/552/497 958/1867/1825
f 1652/1860/1818 958/1867/1825 959/1868/1826
f 1653/1869/1827 959/1907/1865 960/1870/1828
f 960/1870/1828 957/572/516 1651/676/610
f 1655/598/541 1657/1877/1830 980/1871/1829
f 1657/1872/1830 1658/1875/1836 979/1873/1831
f 1658/1875/1832 1659/1880/1838 978/1876/1833
f 978/1876/1833 1659/1880/1838 1656/656/593
f 961/727/655 963/1945/1835 1657/1877/1830
f 963/1878/1835 964/1879/1905 1658/1875/1836
f 964/1879/1837 965/1948/1907 1659/1880/1838
f 1659/1880/1838 965/1948/1907 962/555/500
f 1660/666/602 1662/1882/1840 955/1881/1839
f 1662/1882/1840 1663/1887/1845 954/1883/1841
f 1663/1884/1842 1664/1888/1846 953/1885/1843
f 953/1885/1843 1664/1888/1846 1661/541/489
f 972/562/507 975/1861/1819 1662/1882/1840
f 975/1861/1819 974/1863/1821 1663/1887/1845
f 974/1864/1822 973/1866/1824 1664/1888/1846
f 1664/1888/1846 973/1866/1824 971/716/646
f 967/695/628 1665/563/508 1667/1889/1847
f 970/1891/1848 1667/1896/1847 1668/1892/1849
f 969/1893/1851 1668/1892/1854 1669/1894/1852
f 1669/1894/1852 1666/560/505 966/547/493
f 1665/563/508 977/545/492 980/1871/1829
f 1667/1896/1847 980/1874/1829 979/1873/1831
f 1668/1892/1854 979/1873/1834 978/1876/1833
f 978/1876/1833 976/558/503 1666/560/505
f 982/696/629 1670/690/623 1672/1897/1855
f 985/1899/1856 1672/1904/1855 1673/1900/1857
f 984/1901/1859 1673/1900/1862 1674/1902/1860
f 1674/1902/1860 1671/549/495 981/566/510
f 1670/690/623 967/695/628 970/1890/1848
f 1672/1904/1855 970/1891/1848 969/1893/1850
f 1673/1900/1862 969/1893/1851 968/1895/1853
f 968/1895/1853 966/547/493 1671/549/495
f 956/552/497 1675/551/496 1677/1905/1863
f 958/1867/1825 1677/1905/1863 1678/1906/1864
f 959/1907/1865 1678/1911/1869 1679/1908/1866
f 1679/1908/1866 1676/570/514 957/572/516
f 1675/551/496 986/581/524 988/1909/1867
f 1677/1905/1863 988/1909/1867 989/1910/1868
f 1678/1911/1869 989/1915/1873 990/1912/1870
f 986/581/524 1680/590/533 1682/1913/1871
f 988/1909/1867 1682/1913/1871 1683/1914/1872
f 1684/1916/1874 1681/567/511 987/569/513
f 1680/590/533 996/589/532 998/1917/1875
f 1682/1913/1871 998/1917/1875 999/1918/1876
f 1683/1919/1877 999/1937/1896 1000/1920/1878
f 1000/1920/1878 997/579/523 1681/567/511
f 992/728/656 1685/721/649 1687/1921/1879
f 995/1923/1880 1687/1928/1879 1688/1924/1881
f 994/1925/1883 1688/1924/1886 1689/1926/1884
f 993/1927/1885 1689/1926/1884 1686/574/518
f 1685/721/649 982/696/629 985/1898/1856
f 1687/1928/1879 985/1899/1856 984/1901/1858
f 1688/1924/1886 984/1901/1859 983/1903/1861
f 983/1903/1861 981/566/510 1686/574/518
f 1690/704/636 1692/1930/1888 1022/1929/1887
f 1692/1930/1888 1693/1932/1890 1021/1931/1889
f 1693/1932/1890 1694/1934/1893 1020/1933/1891
f 1694/1934/1893 1691/670/604 1018/720/529
f 1002/1210/1158 1012/1209/1157 1692/1930/1888
f 1012/1209/1157 1005/1215/1161 1693/1932/1890
f 1005/1215/1161 1004/1204/1152 1694/1934/1893
f 1004/1204/1152 1001/1201/1149 1691/670/604
f 996/589/532 1695/689/622 1697/1935/1894
f 998/1917/1875 1697/1935/1898 1698/1936/1895
f 999/1937/1896 1698/1939/1899 1699/1938/1897
f 1000/1920/1878 1699/1938/1897 1696/577/521
f 1695/689/622 1019/702/634 1022/1929/1887
f 1697/1935/1898 1022/1929/1887 1021/1931/1889
f 1698/1939/1899 1021/2108/2075 1020/1940/1891
f 1020/1940/1891 1018/586/529 1696/577/521
f 1002/1210/1158 1700/703/635 1702/1941/1900
f 1010/1213/1156 1702/1944/1900 1703/1942/1901
f 1011/1211/1168 1703/1942/1903 1704/1943/1902
f 1015/1219/1165 1704/1943/1902 1701/583/526
f 1700/703/635 992/728/656 995/1922/1880
f 1702/1944/1900 995/1923/1880 994/1925/1882
f 1703/1942/1903 994/1925/1883 993/1927/1885
f 1704/1943/1902 993/1927/1885 991/576/520
f 1705/606/548 1707/1949/1904 963/1945/1835
f 1707/1946/1904 1708/1947/1909 964/1879/1905
f 1708/1947/1906 1709/1952/1911 965/1948/1907
f 965/1948/1907 1709/1952/1911 1706/699/631
f 1028/665/601 1030/1968/1908 1707/1949/1904
f 1030/1950/1908 1031/1951/1927 1708/1947/1909
f 1031/1951/1910 1032/1971/1929 1709/1952/1911
f 1709/1952/1911 1032/1971/1929 1029/595/538
f 1710/510/461 1712/1954/1913 1027/1953/1912
f 1712/1954/1913 1713/1959/1918 1026/1955/1914
f 1713/1956/1915 1714/1960/1919 1025/1957/1916
f 1025/1957/1916 1714/1960/1919 1711/591/534
f 952/512/463 955/1881/1839 1712/1954/1913
f 955/1881/1839 954/1883/1841 1713/1959/1918
f 954/1886/1844 953/1885/1843 1714/1960/1919
f 1714/1960/1919 953/1885/1843 951/553/498
f 1040/1240/1188 1715/680/613 1717/1961/1920
f 1051/1238/1186 1717/1961/1920 1718/1962/1921
f 1052/1228/1175 1718/1962/1921 1719/1963/1922
f 1042/1224/1171 1719/1963/1922 1716/709/594
f 1715/680/613 1033/682/615 1035/1964/1923
f 1717/1961/1920 1035/1964/1923 1036/1965/1924
f 1718/1962/1921 1036/1965/1924 1037/1966/1925
f 1719/1963/1922 1037/1966/1925 1034/1967/544
f 1720/681/614 1722/1973/1926 1030/1968/1908
f 1722/1969/1926 1723/1970/1931 1031/1951/1927
f 1723/1970/1928 1724/1972/1930 1032/1971/1929
f 1724/1972/1930 1721/603/546 1029/595/538
f 1040/1240/1188 1053/1239/1187 1722/1973/1926
f 1053/1244/1187 1047/1243/1190 1723/1970/1931
f 1047/1243/1932 1046/1233/1180 1724/1972/1930
f 1046/1233/1180 1039/1230/1177 1721/603/546
f 1725/683/616 1727/1974/1933 1035/1964/1923
f 1727/1974/1933 1728/1978/1935 1036/1965/1924
f 1728/1975/1934 1729/1979/1936 1037/1976/1925
f 1037/1976/1925 1729/1979/1936 1726/599/542
f 1024/712/643 1027/1953/1912 1727/1974/1933
f 1027/1953/1912 1026/1955/1914 1728/1978/1935
f 1026/1958/1917 1025/1957/1916 1729/1979/1936
f 1025/1957/1916 1023/593/536 1726/599/542
f 1730/679/612 1732/1981/1938 1080/1980/1937
f 1732/1981/1938 1733/1983/1940 1079/1982/1939
f 1733/1983/1940 1734/1985/1942 1078/1984/1941
f 1734/1985/1942 1731/725/653 1076/726/654
f 1061/628/568 1063/1986/1943 1732/1981/1938
f 1063/1986/1943 1064/1987/1944 1733/1983/1940
f 1064/1987/1944 1065/1988/1945 1734/1985/1942
f 1065/1988/1945 1062/724/652 1731/725/653
f 1082/622/562 1735/621/561 1737/1989/1946
f 1085/1990/1947 1737/1989/1946 1738/1991/1948
f 1084/1992/1949 1738/1991/1948 1739/1993/1950
f 1083/1994/1951 1739/1993/1950 1736/660/597
f 1735/621/561 1066/625/565 1068/1995/1952
f 1737/1989/1946 1068/1995/1952 1069/1996/1953
f 1738/1991/1948 1069/1996/1953 1070/1997/1954
f 1739/1993/1950 1070/1997/1954 1067/661/598
f 1057/618/558 1740/609/550 1742/1998/1955
f 1060/1999/1956 1742/1998/1955 1743/2000/1957
f 1058/2003/1960 1744/2002/1959 1741/677/611
f 1740/609/550 1077/608/549 1080/1980/1937
f 1742/1998/1955 1080/1980/1937 1079/1982/1939
f 1743/2000/1957 1079/1982/1939 1078/1984/1941
f 1744/2002/1959 1078/1984/1941 1076/726/654
f 1745/623/563 1747/2005/1962 1075/2004/1961
f 1747/2005/1962 1748/2007/1964 1074/2006/1963
f 1748/2007/1964 1749/2009/1966 1073/2008/1965
f 1749/2009/1966 1746/698/630 1071/717/647
f 1082/622/562 1085/1990/1947 1747/2005/1962
f 1085/1990/1947 1084/1992/1949 1748/2007/1964
f 1084/1992/1949 1083/1994/1951 1749/2009/1966
f 1083/1994/1951 1081/663/600 1746/698/630
f 1750/614/554 1752/2011/1968 1090/2010/1967
f 1752/2011/1968 1753/2013/1970 1089/2012/1969
f 1753/2013/1970 1754/2015/1972 1088/2014/1971
f 1754/2015/1972 1751/631/571 1086/615/555
f 1072/662/599 1075/2004/1961 1752/2011/1968
f 1075/2004/1961 1074/2006/1963 1753/2013/1970
f 1074/2006/1963 1073/2008/1965 1754/2015/1972
f 1073/2008/1965 1071/717/647 1751/631/571
f 1755/629/569 1757/2016/1973 1063/1986/1943
f 1757/2016/1973 1758/2017/1974 1064/1987/1944
f 1758/2017/1974 1759/2018/1975 1065/1988/1945
f 1759/2018/1975 1756/611/552 1062/724/652
f 1091/634/574 1093/2019/1976 1757/2016/1973
f 1094/2020/1977 1095/2021/1978 1759/2018/1975
f 1095/2021/1978 1092/675/609 1756/611/552
f 1760/635/575 1762/2022/1979 1093/2019/1976
f 1763/2023/1980 1764/2024/1981 1095/2021/1978
f 1764/2024/1981 1761/718/648 1092/675/609
f 1103/2025/1982 1104/2026/1983 1763/2023/1980
f 1104/2026/1983 1105/2027/1984 1764/2024/1981
f 1105/2027/1984 1102/715/645 1761/718/648
f 1765/630/570 1767/2029/1986 1100/2028/1985
f 1767/2029/1986 1768/2031/1988 1099/2030/1987
f 1768/2031/1988 1769/2033/1990 1098/2032/1989
f 1769/2033/1990 1766/617/557 1096/638/578
f 1087/692/625 1090/2010/1967 1767/2029/1986
f 1090/2010/1967 1089/2012/1969 1768/2031/1988
f 1089/2012/1969 1088/2014/1971 1769/2033/1990
f 1088/2014/1971 1086/615/555 1766/617/557
f 1124/2034/651 1770/2109/608 1772/2035/1991
f 1127/2036/1992 1772/2035/1991 1773/2037/1993
f 1126/2038/1994 1773/2037/1993 1774/2039/1995
f 1125/2040/1996 1774/2039/1995 1771/706/638
f 1770/674/608 1106/673/607 1110/1247/1193
f 1772/2035/1991 1110/1251/1193 1119/1253/1197
f 1773/2037/1993 1119/1253/1197 1118/1259/1205
f 1774/2039/1995 1118/1259/1205 1108/707/639
f 1775/641/581 1777/2042/1997 1103/2025/1982
f 1777/2042/1997 1778/2043/1998 1104/2026/1983
f 1778/2043/1998 1779/2044/1999 1105/2027/1984
f 1124/2034/651 1127/2036/1992 1777/2042/1997
f 1127/2036/1992 1126/2038/1994 1778/2043/1998
f 1126/2038/1994 1125/2040/1996 1779/2044/1999
f 1125/2040/1996 1123/708/640 1776/693/626
f 1780/636/576 1782/2045/2000 1114/1257/1201
f 1782/2045/2000 1783/2046/2001 1115/1262/1208
f 1783/2046/2001 1784/2047/2002 1120/1260/1206
f 1784/2047/2002 1781/705/637 1108/707/639
f 1097/722/650 1100/2028/1985 1782/2045/2000
f 1100/2028/1985 1099/2030/1987 1783/2046/2001
f 1099/2030/1987 1098/2032/1989 1784/2047/2002
f 1098/2032/1989 1096/638/578 1781/705/637
f 1066/625/565 1785/646/584 1787/2048/2003
f 1068/1995/1952 1787/2048/2003 1788/2049/2004
f 1069/1996/1953 1788/2049/2004 1789/2050/2005
f 1070/1997/1954 1789/2050/2005 1786/700/632
f 1785/646/584 1133/647/585 1135/2051/2006
f 1787/2048/2003 1135/2051/2006 1136/2052/2007
f 1788/2049/2004 1136/2052/2007 1137/2053/2008
f 1789/2050/2005 1137/2053/2008 1134/667/603
f 1132/2055/2010 1792/2054/2009 1793/2056/2011
f 1131/2057/2012 1793/2056/2011 1794/2058/2013
f 1130/2059/2014 1794/2058/2013 1791/652/589
f 1792/2054/2009 1060/1999/1956 1059/2001/1958
f 1793/2056/2011 1059/2001/1958 1058/2003/1960
f 1794/2058/2013 1058/2003/1960 1056/643/583
f 1795/659/596 1797/2060/2015 1146/1266/1212
f 1797/2060/2015 1798/2061/2016 1147/1275/1222
f 1798/2061/2016 1799/2062/2017 1153/1271/1218
f 1799/2062/2017 1796/687/620 1144/1272/1219
f 1140/2063/2018 1141/2064/2019 1798/2061/2016
f 1141/2064/2019 1142/2065/2020 1799/2062/2017
f 1142/2065/2020 1139/684/617 1796/687/620
f 1133/647/585 1800/653/590 1802/2066/2021
f 1135/2051/2006 1802/2066/2021 1803/2067/2022
f 1136/2052/2007 1803/2067/2022 1804/2068/2023
f 1137/2053/2008 1804/2068/2023 1801/686/619
f 1800/653/590 1145/654/591 1157/1278/1226
f 1802/2066/2021 1157/1278/1226 1152/1273/1220
f 1803/2067/2022 1152/1273/1220 1151/1270/1217
f 1804/2068/2023 1151/1270/1217 1144/1272/1219
f 1138/655/592 1805/649/587 1807/2069/2024
f 1140/2063/2018 1807/2069/2024 1808/2070/2025
f 1141/2064/2019 1808/2070/2025 1809/2071/2026
f 1142/2065/2020 1809/2071/2026 1806/685/618
f 1805/649/587 1129/648/586 1132/2055/2010
f 1807/2069/2024 1132/2055/2010 1131/2057/2012
f 1809/2071/2026 1130/2059/2014 1128/651/588
f 1145/654/591 1810/604/547 1812/2072/2027
f 1156/2074/1211 1812/2075/2031 1811/710/641
f 1810/604/547 1039/1230/1177 1048/1232/2028
f 1812/2075/2031 1041/2100/1172 1038/711/642
f 1813/584/527 1815/2078/2035 1006/2076/2032
f 1815/2077/2034 1814/671/605 1001/1201/1149
f 1107/642/582 1109/1256/1200 1815/2078/2035
f 1109/2079/1194 1106/673/607 1814/671/605
