# Blender 5.2.2 LTS
# www.blender.org
mtllib esquina_06.mtl
g esquina_06_Holocron.006
v -4.385050 -2.554996 3.232906
v -4.379210 -3.764347 1.988339
v -2.211462 -3.662635 4.311725
v -3.170229 -2.710395 4.315050
v -4.377326 -4.154956 1.586357
v -2.900763 -4.441508 2.802380
v -3.901362 -2.250801 4.195133
v -2.201483 -4.327682 3.781691
v -3.856005 -4.307431 2.111082
v -4.387732 -1.998972 3.805121
v -4.381991 -3.188862 2.580582
v -4.290228 -3.747725 2.245328
v -4.296629 -2.433129 3.599066
v -4.404124 -3.755163 2.046057
v -4.411032 -2.444081 3.395490
v -1.687922 -4.186836 4.306534
v -2.364802 -3.740245 4.223099
v -2.235812 -3.685453 4.337642
v -3.875258 -3.045478 4.960217
v -2.647761 -4.197868 4.931252
v -3.499873 -3.488212 4.949320
v -3.078940 -3.878737 4.939492
v -2.130091 -4.482624 4.927417
v -4.233473 -2.487317 4.973670
v -3.870966 -3.044311 5.071955
v -2.643469 -4.196701 5.042989
v -3.495581 -3.487044 5.061057
v -3.074648 -3.877568 5.051229
v -2.125800 -4.481456 5.039153
v -4.229182 -2.486149 5.085408
v -4.100523 -2.275160 5.034013
v -3.717612 -2.902342 5.018932
v -3.342474 -3.345307 5.008029
v -4.028616 -3.187445 5.013239
v -4.362135 -2.698306 5.025065
v -2.344542 -4.599804 4.977309
v -2.801188 -4.339901 4.984273
v -3.652979 -3.629949 5.002346
v -2.490038 -4.054667 4.989968
v -1.911349 -4.364275 4.989261
v -2.921301 -3.735612 4.998206
v -1.843153 -4.825751 4.971005
v -3.232287 -4.020697 4.992514
v -0.477530 -5.044207 5.077595
v -4.905322 -5.034756 5.060695
v -4.922873 -0.622794 5.137988
v -5.147986 -5.030232 4.820933
v -5.165339 -4.933189 0.436909
v -5.157462 -0.609951 4.918391
v -4.908919 -5.268790 4.815527
v -0.505984 -5.279194 4.817119
v -4.923342 -5.175948 0.414452
v -2.844882 -5.105890 3.817589
v -4.025412 -5.090778 2.616870
v -3.296214 -5.102215 3.452443
v -3.696391 -5.096982 3.040588
v -4.321772 -5.082481 2.114735
v -2.278616 -5.107892 4.158837
v -2.840174 -5.217422 3.810985
v -4.020701 -5.202310 2.610266
v -3.291506 -5.213745 3.445839
v -3.691683 -5.208511 3.033984
v -4.317069 -5.194012 2.108130
v -2.273909 -5.219422 4.152233
v -2.067614 -5.158641 4.024107
v -2.703558 -5.156726 3.655628
v -3.155116 -5.153053 3.290737
v -2.981497 -5.166590 3.972947
v -2.484911 -5.168673 4.286963
v -4.432471 -5.144089 2.321787
v -4.162089 -5.151478 2.772302
v -3.432608 -5.162903 3.607545
v -1.915976 -5.169537 4.578636
v -3.884024 -5.141607 2.454835
v -4.206370 -5.132404 1.901078
v -3.555075 -5.147817 2.878635
v -4.669924 -5.135355 1.825783
v -3.832999 -5.157680 3.195937
v -5.052981 -3.998851 2.754838
v -5.030188 -2.833919 3.970576
v -5.053744 -3.646879 3.216533
v -5.045531 -3.247184 3.628803
v -5.012743 -2.336090 4.285237
v -5.040228 -4.324199 2.179430
v -5.163001 -3.983144 2.742415
v -5.140208 -2.818212 3.958153
v -5.163764 -3.631172 3.204111
v -5.155547 -3.231475 3.616381
v -5.122763 -2.320383 4.272814
v -5.150248 -4.308493 2.167006
v -5.064585 -4.180449 1.969685
v -5.080397 -3.829745 2.615413
v -5.081202 -3.478034 3.077322
v -5.135584 -4.152251 2.881841
v -5.125887 -4.452243 2.376750
v -5.089873 -2.546191 4.391497
v -5.112803 -2.987394 4.097640
v -5.136302 -3.800019 3.343322
v -5.107909 -4.728219 1.800317
v -5.057593 -2.664739 3.831088
v -5.045630 -2.110283 4.166553
v -5.072947 -3.078085 3.489385
v -5.128130 -3.400571 3.755799
v -4.175810 -3.099041 2.971959
v -1.708811 -4.211550 4.332139
v -4.414759 -1.927515 3.927464
v -2.921504 -4.466798 2.827190
v -2.031466 -4.158214 4.130921
v -4.215819 -2.125352 4.001909
v -3.007472 -4.361353 2.922877
v -4.200728 -4.127368 1.944552
v -4.310191 -3.084272 2.911018
v -4.402098 -4.175108 1.613884
v -4.407279 -3.116674 2.703161
v -3.130351 -2.965308 4.243487
v -3.196883 -2.730701 4.343135
v -3.047766 -3.111592 4.113031
v -2.219367 -4.089380 3.948454
v -4.017996 -4.067777 2.132313
v -4.027773 -2.285277 3.966176
v -3.041560 -4.231800 2.961954
v -3.292574 -3.691597 4.944230
v -3.694594 -3.271989 4.954668
v -2.864577 -4.047019 4.935178
v -2.417128 -4.336921 4.928038
v -1.753546 -4.650656 4.930871
v -4.046607 -2.800563 4.966156
v -4.456961 -2.066147 4.983694
v -3.288283 -3.690428 5.055966
v -3.690302 -3.270821 5.066406
v -2.860285 -4.045851 5.046914
v -2.412837 -4.335754 5.039775
v -1.749251 -4.649488 5.042608
v -4.042315 -2.799395 5.077894
v -4.452666 -2.064978 5.095433
v -3.891985 -2.648744 5.025077
v -3.537100 -3.128997 5.013380
v -4.196940 -2.951216 5.018974
v -2.578185 -4.475847 4.980668
v -3.847796 -3.413813 5.007694
v -4.700987 -1.580037 5.051090
v -2.251780 -4.196826 4.987146
v -3.135085 -3.548610 5.002941
v -4.376658 -1.707482 5.047494
v -1.321448 -4.832250 4.992625
v -4.532969 -2.423643 5.031635
v -2.097666 -4.715024 4.974115
v -2.706866 -3.903829 4.993893
v -1.405131 -4.585119 4.999364
v -3.445769 -3.833416 4.997255
v -3.017996 -4.189043 4.988199
v -2.826144 -5.219023 4.572178
v -5.107386 -2.900263 2.807108
v -4.668105 -2.959808 5.057209
v -3.451518 -3.523549 3.379091
v -2.691424 -5.039481 5.069145
v -4.914095 -2.828774 5.099343
v -2.700202 -2.833500 5.107792
v -5.156661 -4.981711 2.628922
v -5.152724 -2.820092 4.869661
v -5.161402 -2.771569 2.677649
v -2.707453 -5.273993 4.816323
v -4.916129 -5.222368 2.614990
v -2.714663 -5.227571 2.615785
v -3.443663 -5.141668 3.350252
v -3.438525 -3.569680 4.997101
v -5.053843 -3.528944 3.391205
v -2.816634 -2.961296 5.060421
v -5.106318 -4.743344 2.757897
v -4.674429 -5.175830 2.739874
v -2.811518 -4.795880 5.021393
v -5.101523 -2.943488 4.635495
v -2.830546 -5.178977 2.735391
v -3.504351 -5.099752 3.249866
v -3.075530 -5.104261 3.642157
v -3.869589 -5.093997 2.830153
v -4.169722 -5.087149 2.390615
v -4.497878 -5.076291 1.760905
v -2.596056 -5.107112 3.982777
v -1.852538 -5.108238 4.363902
v -3.499644 -5.211284 3.243261
v -3.070822 -5.215793 3.635552
v -3.864882 -5.205528 2.823549
v -4.165011 -5.198681 2.384010
v -4.493170 -5.187823 1.754301
v -2.591349 -5.218641 3.976174
v -1.847830 -5.219770 4.357296
v -2.445967 -5.157931 3.824156
v -2.934348 -5.155101 3.480354
v -2.741438 -5.167822 4.134795
v -4.303153 -5.147964 2.552499
v -3.212008 -5.164954 3.797356
v -1.359301 -5.164114 4.583792
v -4.031580 -5.137866 2.222126
v -3.363173 -5.150593 3.088068
v -1.493624 -5.158815 4.287220
v -4.686797 -5.124969 1.357321
v -2.206744 -5.169194 4.433978
v -4.553355 -5.139832 2.077653
v -3.728209 -5.144829 2.668128
v -4.437689 -5.124283 1.437552
v -3.640826 -5.160444 3.405060
v -4.006258 -5.154699 2.985574
v -5.050646 -3.450563 3.430577
v -5.054499 -3.830091 2.990413
v -5.038729 -3.042182 3.808297
v -5.020449 -2.611748 4.122168
v -5.009837 -1.976299 4.478380
v -5.048914 -4.156970 2.501492
v -5.025412 -4.517581 1.748176
v -5.160666 -3.434855 3.418154
v -5.164515 -3.814384 2.977990
v -5.148745 -3.026475 3.795874
v -5.130465 -2.596041 4.109745
v -5.119856 -1.960594 4.465957
v -5.158934 -4.141263 2.489069
v -5.135432 -4.501874 1.735752
v -5.075934 -3.990969 2.353223
v -5.081942 -3.661145 2.851121
v -5.131911 -4.307265 2.637338
v -5.102377 -2.772299 4.246631
v -5.137072 -3.983329 3.117283
v -5.062037 -4.719529 1.245551
v -5.048537 -2.435489 3.985280
v -5.078089 -3.281623 3.291288
v -5.043303 -4.427893 1.389158
v -5.064913 -1.558510 4.684091
v -5.117545 -4.591562 2.094770
v -5.075308 -2.306734 4.540433
v -5.066130 -2.873012 3.668819
v -5.054381 -1.630160 4.403909
v -5.133223 -3.603796 3.557442
v -5.121340 -3.195645 3.935355
v -2.241595 -4.256678 3.809095
v -2.238539 -4.263581 3.812439
v -2.238581 -4.253738 3.815189
v -2.241751 -4.257971 3.810463
v -2.241225 -4.259736 3.811579
v -2.240447 -4.256462 3.810486
v -2.240717 -4.257744 3.811646
v -2.240714 -4.259090 3.812463
v -2.240252 -4.258469 3.812910
v -2.239325 -4.261828 3.812943
v -2.239607 -4.259341 3.813644
v -2.240099 -4.261706 3.812273
v -2.240126 -4.260354 3.812846
v -2.240008 -4.258896 3.813387
v -2.238818 -4.254870 3.813785
v -2.239474 -4.255827 3.812134
v -2.239344 -4.256501 3.814431
v -2.239550 -4.257000 3.813604
v -2.239985 -4.257360 3.812722
v -3.883574 -4.240307 2.147094
v -3.881129 -4.250206 2.146729
v -3.877589 -4.243361 2.150072
v -3.882922 -4.243066 2.147784
v -3.882227 -4.245916 2.147956
v -3.882201 -4.241468 2.147303
v -3.882090 -4.243599 2.147978
v -3.881938 -4.245500 2.148377
v -3.881442 -4.245094 2.148637
v -3.880923 -4.248350 2.148352
v -3.880175 -4.246396 2.149558
v -3.881598 -4.248423 2.147586
v -3.881445 -4.246975 2.148441
v -3.881018 -4.245732 2.149075
v -3.878962 -4.243121 2.148914
v -3.880579 -4.242457 2.147942
v -3.879004 -4.244645 2.150161
v -3.880160 -4.244395 2.149132
v -3.881213 -4.243988 2.148406
v -3.892390 -2.304136 4.141242
v -3.898108 -2.300069 4.147154
v -3.898348 -2.301171 4.138200
v -3.894358 -2.303820 4.142443
v -3.896132 -2.302935 4.143988
v -3.893767 -2.302987 4.141020
v -3.895342 -2.302990 4.142191
v -3.896613 -2.302772 4.143341
v -3.896872 -2.302519 4.142662
v -3.898272 -2.301245 4.145185
v -3.898375 -2.301868 4.142793
v -3.897452 -2.301618 4.145643
v -3.897528 -2.302091 4.144232
v -3.897612 -2.302297 4.142811
v -3.896990 -2.301382 4.139374
v -3.895380 -2.302019 4.140364
v -3.898402 -2.301840 4.140340
v -3.897330 -2.302015 4.141158
v -3.896304 -2.302404 4.141738
v -1.428545 -4.451132 4.300294
v -1.428561 -4.454187 4.297137
v -1.427622 -4.452310 4.300032
v -1.427298 -4.453303 4.299340
v -1.427626 -4.453962 4.298323
v -4.373015 -4.428827 1.307574
v -4.376017 -4.425831 1.307594
v -4.374159 -4.428591 1.306645
v -4.375132 -4.427939 1.306322
v -4.375784 -4.426970 1.306655
v -4.390120 -1.504379 4.314116
v -4.387064 -1.504373 4.317250
v -4.389891 -1.503446 4.315316
v -4.389231 -1.503115 4.316334
v -4.388239 -1.503441 4.317013
v -1.460253 -4.503881 4.347155
v -1.460268 -4.500871 4.350297
v -1.462340 -4.505886 4.350456
v -1.459235 -4.503520 4.348198
v -1.458876 -4.502820 4.349161
v -1.460936 -4.504885 4.348288
v -1.460051 -4.504498 4.349326
v -1.459582 -4.503994 4.350175
v -1.460284 -4.504592 4.350603
v -1.460818 -4.502255 4.351162
v -1.461405 -4.503695 4.351496
v -1.459242 -4.501891 4.349898
v -1.459998 -4.503231 4.350708
v -1.460658 -4.504378 4.351182
v -1.462065 -4.505971 4.350074
v -1.461569 -4.505620 4.349313
v -1.461939 -4.504968 4.351248
v -1.461325 -4.505208 4.350791
v -1.460726 -4.505213 4.350240
v -4.440917 -1.537579 4.376996
v -4.443938 -1.537578 4.373870
v -4.442465 -1.541684 4.378567
v -4.441920 -1.536539 4.376578
v -4.442847 -1.536174 4.375837
v -4.441336 -1.538911 4.378022
v -4.442618 -1.537762 4.377590
v -4.443640 -1.537125 4.377024
v -4.443827 -1.538134 4.377572
v -4.444643 -1.538571 4.374960
v -4.444613 -1.539698 4.376233
v -4.443556 -1.536539 4.374885
v -4.444193 -1.537608 4.376124
v -4.444396 -1.538636 4.377207
v -4.442175 -1.541133 4.378873
v -4.441779 -1.540160 4.378681
v -4.443846 -1.540791 4.377500
v -4.443533 -1.539791 4.378050
v -4.443182 -1.538829 4.378259
v -4.422984 -4.472023 1.351646
v -4.419985 -4.475032 1.351630
v -4.421801 -4.476380 1.355909
v -4.422743 -4.473155 1.350701
v -4.422091 -4.474124 1.350366
v -4.423670 -4.473113 1.352706
v -4.423285 -4.474211 1.351856
v -4.422778 -4.475054 1.351428
v -4.422938 -4.475486 1.352453
v -4.420538 -4.475898 1.353045
v -4.421076 -4.476459 1.354355
v -4.421122 -4.474783 1.350693
v -4.421790 -4.475549 1.352008
v -4.422347 -4.476072 1.353135
v -4.423033 -4.475470 1.355014
v -4.423689 -4.474323 1.353889
v -4.421523 -4.476628 1.355361
v -4.422701 -4.475897 1.354073
v -4.423464 -4.475152 1.352941
v -4.434374 -2.344449 3.541534
v -4.433127 -2.335936 3.559210
v -4.435088 -2.340344 3.547945
v -4.435103 -2.337284 3.553558
v -4.434412 -2.335737 3.557513
v -4.425299 -3.746028 2.107587
v -4.426482 -3.746922 2.097860
v -4.426535 -3.746081 2.105678
v -4.427195 -3.746270 2.103159
v -4.427176 -3.746566 2.100414
v -4.193263 -2.305823 3.829411
v -4.202143 -2.304866 3.828789
v -4.196196 -2.308834 3.823272
v -4.195384 -2.306525 3.829387
v -4.197814 -2.306591 3.829260
v -4.194388 -2.306067 3.828001
v -4.196166 -2.306721 3.828274
v -4.197814 -2.307029 3.828487
v -4.197653 -2.307259 3.827739
v -4.200625 -2.306431 3.828159
v -4.198966 -2.307735 3.826889
v -4.200186 -2.306008 3.829049
v -4.199225 -2.306859 3.828327
v -4.198325 -2.307537 3.827435
v -4.195979 -2.307697 3.824678
v -4.195342 -2.306726 3.826338
v -4.197409 -2.308579 3.825173
v -4.197165 -2.307730 3.826204
v -4.196723 -2.307126 3.827212
v -4.188483 -3.931686 2.152790
v -4.191485 -3.925689 2.155904
v -4.197409 -3.930315 2.152562
v -4.189631 -3.930300 2.153045
v -4.190604 -3.928674 2.153727
v -4.190894 -3.931360 2.153531
v -4.191542 -3.930407 2.153749
v -4.192019 -3.929455 2.154174
v -4.192996 -3.929856 2.154377
v -4.192694 -3.927405 2.155772
v -4.194243 -3.928887 2.155091
v -4.191256 -3.927056 2.154730
v -4.192439 -3.928457 2.154846
v -4.193625 -3.929529 2.154741
v -4.195723 -3.930619 2.153408
v -4.193438 -3.930986 2.153748
v -4.195899 -3.929908 2.153964
v -4.194617 -3.930192 2.154157
v -4.193259 -3.930466 2.154149
v -2.261801 -3.708772 4.361356
v -2.257704 -3.705969 4.360945
v -2.260985 -3.708404 4.362001
v -2.259921 -3.707743 4.362149
v -2.258769 -3.706888 4.361778
v -2.239203 -3.955487 4.120077
v -2.236212 -3.961462 4.116978
v -2.235999 -3.960281 4.125867
v -2.238051 -3.956866 4.119832
v -2.237082 -3.958486 4.119156
v -2.239096 -3.957238 4.121249
v -2.238196 -3.958291 4.120982
v -2.237547 -3.959284 4.120550
v -2.237757 -3.959700 4.121516
v -2.236945 -3.961157 4.119405
v -2.237162 -3.960826 4.121946
v -2.236434 -3.960100 4.118154
v -2.237143 -3.960224 4.120064
v -2.237547 -3.960310 4.121773
v -2.237360 -3.959832 4.124383
v -2.238448 -3.958763 4.122762
v -2.236830 -3.960518 4.124215
v -2.237555 -3.960070 4.123118
v -2.238112 -3.959387 4.122145
v -2.203139 -3.919047 4.084818
v -2.201148 -3.919509 4.078890
v -2.200148 -3.925022 4.081719
v -2.202300 -3.918317 4.083557
v -2.201628 -3.918149 4.081988
v -2.201918 -3.920427 4.084640
v -2.201029 -3.919748 4.083304
v -2.200549 -3.919549 4.082024
v -2.200079 -3.920599 4.082012
v -2.200079 -3.920854 4.079162
v -2.199515 -3.922373 4.079797
v -2.201224 -3.918568 4.080348
v -2.200156 -3.919951 4.080697
v -2.199698 -3.921245 4.081145
v -2.200297 -3.923661 4.082963
v -2.200919 -3.922047 4.083988
v -2.199538 -3.923838 4.080694
v -2.199717 -3.922375 4.081941
v -2.200263 -3.921114 4.082828
v -3.856329 -2.267697 4.105984
v -3.862284 -2.264732 4.102942
v -3.856791 -2.265664 4.100066
v -3.857707 -2.266485 4.105830
v -3.859320 -2.265494 4.105196
v -3.855605 -2.266841 4.104729
v -3.857035 -2.265580 4.104499
v -3.858397 -2.264820 4.104039
v -3.857882 -2.264625 4.103222
v -3.861105 -2.264103 4.101919
v -3.859648 -2.264058 4.101012
v -3.860930 -2.264880 4.104183
v -3.859652 -2.264277 4.103162
v -3.858527 -2.264243 4.102359
v -3.855856 -2.265741 4.101526
v -3.855437 -2.266153 4.103164
v -3.858134 -2.264607 4.100362
v -3.857237 -2.264686 4.101897
v -3.856837 -2.265085 4.103223
v -4.152419 -3.895246 2.117531
v -4.149485 -3.889795 2.118654
v -4.155425 -3.889250 2.120646
v -4.151366 -3.894067 2.116950
v -4.150439 -3.892617 2.116960
v -4.153639 -3.893859 2.117712
v -4.152586 -3.892580 2.117160
v -4.151770 -3.891463 2.117169
v -4.152625 -3.890804 2.117564
v -4.150927 -3.888822 2.118750
v -4.152564 -3.888376 2.119162
v -4.149779 -3.891117 2.117558
v -4.151297 -3.890183 2.117654
v -4.152621 -3.889761 2.118053
v -4.155264 -3.890613 2.119397
v -4.154639 -3.892231 2.118368
v -4.154139 -3.888527 2.119828
v -4.153906 -3.889944 2.118530
v -4.153456 -3.891308 2.117734
v -3.847510 -4.203866 2.111836
v -3.841525 -4.206922 2.114813
v -3.842051 -4.200957 2.112906
v -3.846137 -4.205095 2.111976
v -3.844519 -4.206107 2.112591
v -3.846339 -4.202813 2.111246
v -3.844866 -4.204044 2.111414
v -3.843596 -4.204922 2.111956
v -3.843092 -4.204094 2.111787
v -3.840807 -4.205636 2.113997
v -3.840655 -4.204051 2.113348
v -3.842898 -4.206750 2.113587
v -3.842234 -4.205387 2.112724
v -3.842047 -4.204096 2.112260
v -3.843382 -4.201239 2.111825
v -3.844889 -4.201891 2.111242
v -3.841094 -4.202408 2.112964
v -3.842463 -4.202765 2.111884
v -3.843749 -4.203229 2.111414
v -2.205534 -4.220239 3.773836
v -2.202517 -4.217299 3.779930
v -2.203524 -4.214291 3.774487
v -2.204310 -4.220098 3.775230
v -2.203310 -4.219489 3.776878
v -2.204699 -4.218946 3.773147
v -2.203429 -4.218731 3.774594
v -2.202658 -4.218292 3.775981
v -2.202471 -4.217457 3.775489
v -2.201910 -4.216230 3.778777
v -2.201891 -4.215282 3.777337
v -2.202681 -4.218507 3.778528
v -2.202101 -4.217438 3.777274
v -2.202086 -4.216603 3.776165
v -2.203612 -4.215728 3.773499
v -2.204024 -4.217362 3.773028
v -2.202456 -4.214602 3.775831
v -2.202544 -4.216115 3.774880
v -2.202944 -4.217439 3.774436
v -4.157198 -2.269383 3.794153
v -4.160132 -2.272395 3.788014
v -4.154204 -2.270365 3.788684
v -4.158404 -2.269548 3.792740
v -4.159384 -2.270179 3.791078
v -4.156134 -2.268771 3.792996
v -4.157340 -2.268964 3.791484
v -4.158194 -2.269519 3.790180
v -4.157359 -2.269331 3.789688
v -4.158846 -2.271553 3.787325
v -4.157267 -2.270873 3.787211
v -4.159991 -2.271178 3.789418
v -4.158629 -2.270288 3.788784
v -4.157343 -2.269798 3.788628
v -4.154517 -2.269303 3.790037
v -4.155192 -2.268743 3.791551
v -4.155638 -2.270455 3.787688
v -4.156024 -2.269395 3.789079
v -4.156508 -2.268943 3.790371
v -4.047747 -3.203693 4.960892
v -4.045962 -3.201960 4.957093
v -4.048041 -3.203927 4.959421
v -4.047808 -3.203682 4.958182
v -4.047076 -3.202992 4.957365
v -3.249602 -4.035184 4.936369
v -3.251410 -4.036940 4.940183
v -3.250727 -4.036224 4.936642
v -3.251467 -4.036924 4.937462
v -3.251708 -4.037174 4.938704
v -3.704592 -2.889026 4.963342
v -3.702517 -2.887222 4.967348
v -3.703444 -2.887981 4.963665
v -3.702647 -2.887271 4.964540
v -3.702322 -2.887005 4.965833
v -2.906210 -3.720492 4.946623
v -2.908293 -3.722304 4.942615
v -2.906012 -3.720274 4.945107
v -2.906340 -3.720541 4.943814
v -2.907141 -3.721254 4.942938
v -3.672106 -3.646194 4.950004
v -3.670317 -3.644462 4.946200
v -3.672404 -3.646431 4.948530
v -3.672167 -3.646184 4.947290
v -3.671435 -3.645491 4.946472
v -3.327384 -3.330185 4.956445
v -3.329451 -3.331983 4.952439
v -3.327185 -3.329968 4.954930
v -3.327509 -3.330231 4.953637
v -3.328303 -3.330941 4.952762
v -2.474947 -4.039549 4.938389
v -2.477072 -4.041399 4.934377
v -2.474757 -4.039336 4.936872
v -2.475092 -4.039611 4.935577
v -2.475905 -4.040336 4.934700
v -2.818461 -4.354352 4.928127
v -2.820303 -4.356141 4.931960
v -2.819602 -4.355405 4.928401
v -2.820353 -4.356117 4.929226
v -2.820601 -4.356372 4.930476
v -1.896258 -4.349157 4.937687
v -1.899500 -4.350518 4.933612
v -1.896151 -4.348907 4.936163
v -1.896731 -4.349076 4.934854
v -1.897906 -4.349643 4.933958
v -2.360739 -4.614761 4.921221
v -2.363650 -4.616032 4.925025
v -2.362292 -4.615621 4.921475
v -2.363390 -4.616165 4.922287
v -2.363867 -4.616309 4.923534
v -0.789019 -4.823702 4.962437
v -0.803156 -4.818592 4.958068
v -0.788611 -4.821974 4.962572
v -0.792162 -4.823009 4.960809
v -0.795950 -4.821793 4.959407
v -0.787711 -4.823615 4.962733
v -0.789896 -4.822775 4.961074
v -0.792372 -4.821781 4.959751
v -0.790820 -4.821652 4.960221
v -0.799647 -4.818519 4.958519
v -0.795649 -4.819139 4.959534
v -0.799811 -4.820243 4.958445
v -0.795664 -4.820342 4.959054
v -0.792246 -4.820657 4.959805
v -0.791773 -4.820351 4.960956
v -0.789710 -4.821531 4.961144
v -0.788565 -4.822425 4.961238
v -1.862246 -4.841969 4.918759
v -1.863505 -4.838959 4.915300
v -1.862788 -4.842114 4.917281
v -1.863215 -4.841596 4.916106
v -1.863467 -4.840487 4.915409
v -4.381266 -2.714553 4.972716
v -4.380118 -2.711837 4.968942
v -4.381613 -2.714714 4.971247
v -4.381514 -2.714254 4.970013
v -4.380991 -2.713245 4.969205
v -4.086920 -2.262932 4.978396
v -4.085429 -2.260040 4.982431
v -4.085997 -2.261471 4.978729
v -4.085387 -2.260409 4.979613
v -4.085188 -2.259908 4.980913
v -4.726767 -2.148043 4.986428
v -4.724131 -2.152772 4.982294
v -4.724810 -2.156235 4.986049
v -4.727030 -2.149075 4.984865
v -4.726622 -2.150337 4.983531
v -4.726637 -2.150003 4.986481
v -4.726786 -2.150945 4.984910
v -4.726706 -2.151821 4.983666
v -4.726542 -2.152823 4.984007
v -4.725089 -2.154028 4.982559
v -4.725554 -2.155130 4.983366
v -4.725607 -2.151635 4.982629
v -4.726016 -2.152890 4.983029
v -4.726237 -2.153902 4.983592
v -4.725577 -2.154439 4.986277
v -4.726218 -2.152249 4.986430
v -4.725455 -2.155904 4.984591
v -4.726023 -2.154250 4.984776
v -4.679213 -1.013065 5.012142
v -4.677176 -1.012506 5.012021
v -4.674323 -1.024707 5.007765
v -4.679060 -1.011733 5.012376
v -4.678568 -1.015700 5.010511
v -4.678252 -1.013535 5.010699
v -4.677832 -1.012252 5.010797
v -4.677111 -1.014163 5.009792
v -4.675696 -1.015035 5.010441
v -4.674635 -1.018243 5.009075
v -4.677958 -1.011430 5.012310
v -4.676901 -1.013219 5.010663
v -4.676119 -1.015326 5.009352
v -4.675921 -1.022000 5.008141
v -4.677413 -1.018838 5.009105
v -4.674151 -1.021639 5.008137
v -4.675906 -1.018323 5.008666
v -4.677298 -1.015577 5.009366
v -4.004881 -3.167070 5.069503
v -4.009486 -3.171198 5.065588
v -4.006209 -3.168282 5.069187
v -4.007552 -3.169493 5.068332
v -4.008704 -3.170515 5.067068
v -3.213164 -4.004452 5.044847
v -3.208518 -4.000291 5.048779
v -3.212374 -4.003768 5.046334
v -3.211218 -4.002736 5.047602
v -3.209864 -4.001516 5.048461
v -3.732703 -2.917462 5.070517
v -3.737090 -2.921586 5.074405
v -3.733393 -2.918131 5.072023
v -3.734465 -2.919150 5.073291
v -3.735766 -2.920363 5.074127
v -2.940791 -3.754863 5.053679
v -2.936392 -3.750731 5.049790
v -2.939463 -3.753634 5.053402
v -2.938159 -3.752421 5.052565
v -2.937079 -3.751400 5.051298
v -3.629237 -3.609568 5.058610
v -3.633849 -3.613701 5.054690
v -3.630568 -3.610780 5.058293
v -3.631915 -3.611992 5.057437
v -3.633067 -3.613019 5.056172
v -3.361948 -3.364540 5.063503
v -3.357569 -3.360428 5.059616
v -3.360625 -3.363323 5.063225
v -3.359328 -3.362111 5.062389
v -3.358256 -3.361096 5.061121
v -2.509573 -4.073959 5.045440
v -2.505129 -4.069788 5.041547
v -2.508227 -4.072718 5.045162
v -2.506911 -4.071489 5.044325
v -2.505820 -4.070460 5.043055
v -2.782073 -4.323663 5.036588
v -2.777377 -4.319458 5.040538
v -2.781279 -4.322973 5.038082
v -2.780108 -4.321931 5.039357
v -2.778738 -4.320696 5.040220
v -1.932284 -4.382939 5.044661
v -1.926440 -4.379393 5.040838
v -1.930399 -4.381938 5.044410
v -1.928629 -4.380911 5.043596
v -1.927237 -4.380021 5.042342
v -2.325434 -4.583575 5.029598
v -2.319388 -4.580010 5.033645
v -2.324534 -4.582930 5.031105
v -2.323069 -4.582026 5.032405
v -2.321261 -4.581000 5.033296
v -0.819205 -4.853683 5.065689
v -0.818789 -4.852211 5.065720
v -0.839049 -4.849699 5.069003
v -0.817358 -4.853413 5.066047
v -0.823683 -4.853611 5.067027
v -0.821337 -4.853518 5.067169
v -0.819926 -4.853274 5.067246
v -0.823054 -4.852820 5.067912
v -0.823435 -4.851223 5.067116
v -0.828913 -4.850399 5.068230
v -0.821215 -4.852399 5.067210
v -0.824946 -4.851976 5.068190
v -0.834425 -4.851453 5.068820
v -0.829028 -4.852827 5.068126
v -0.834399 -4.849865 5.068893
v -0.829325 -4.851681 5.068588
v -0.824999 -4.853004 5.068147
v -1.822485 -4.804090 5.027808
v -1.824061 -4.809531 5.023259
v -1.822646 -4.805795 5.027278
v -1.823000 -4.807429 5.026227
v -1.823496 -4.808743 5.024816
v -4.339198 -2.676704 5.081357
v -4.343005 -2.682057 5.077414
v -4.340224 -2.678387 5.081031
v -4.341307 -2.679993 5.080166
v -4.342284 -2.681282 5.078896
v -4.115614 -2.290280 5.085595
v -4.119265 -2.295766 5.089453
v -4.116248 -2.291052 5.087099
v -4.117163 -2.292365 5.088361
v -4.118224 -2.294022 5.089187
v -4.688925 -2.115682 5.090772
v -4.686549 -2.123737 5.090747
v -4.683123 -2.117782 5.094707
v -4.688658 -2.117613 5.090895
v -4.688113 -2.119824 5.090932
v -4.688017 -2.116187 5.092286
v -4.687697 -2.117823 5.092281
v -4.687384 -2.119394 5.092261
v -4.686755 -2.119110 5.093056
v -4.686068 -2.122567 5.092239
v -4.685252 -2.121025 5.093515
v -4.687373 -2.121975 5.090881
v -4.686755 -2.120921 5.092257
v -4.686129 -2.119916 5.093377
v -4.684878 -2.117324 5.094415
v -4.686598 -2.116763 5.093567
v -4.684218 -2.119343 5.094382
v -4.685534 -2.118658 5.093961
v -4.686717 -2.118058 5.093399
v -4.709036 -1.043215 5.115067
v -4.705637 -1.059745 5.118769
v -4.707358 -1.042744 5.115183
v -4.709097 -1.047043 5.116545
v -4.708468 -1.051528 5.117766
v -4.708926 -1.044857 5.116656
v -4.708518 -1.047955 5.117708
v -4.708262 -1.046219 5.117431
v -4.705641 -1.055769 5.118555
v -4.705969 -1.051141 5.117801
v -4.707255 -1.055987 5.118546
v -4.707316 -1.051561 5.118205
v -4.707457 -1.047791 5.117725
v -4.708098 -1.041649 5.115405
v -4.706572 -1.046569 5.116616
v -4.707743 -1.044631 5.116690
v -4.708621 -1.043539 5.116712
v -4.658625 -4.795455 5.061690
v -4.662917 -4.791186 5.061743
v -4.667254 -4.799870 5.065830
v -4.660258 -4.795128 5.061688
v -4.661646 -4.794201 5.061697
v -4.660586 -4.795820 5.063303
v -4.662333 -4.794920 5.063213
v -4.662905 -4.795504 5.064117
v -4.663233 -4.793139 5.063336
v -4.664172 -4.795476 5.064673
v -4.662581 -4.792816 5.061716
v -4.662917 -4.796786 5.064657
v -4.665583 -4.797841 5.065548
v -4.664233 -4.796838 5.065101
v -5.158591 -4.700440 0.949928
v -5.158717 -4.697304 0.948627
v -5.162909 -4.704773 0.937214
v -5.158976 -4.700172 0.948578
v -5.159140 -4.699480 0.947857
v -5.160414 -4.700196 0.946677
v -5.161173 -4.700936 0.945442
v -5.159049 -4.698473 0.947874
v -5.161631 -4.701646 0.943823
v -5.162577 -4.703903 0.939952
v -5.162100 -4.702307 0.942604
v -0.932608 -4.802783 5.083237
v -0.916518 -4.807964 5.087323
v -0.930930 -4.799575 5.083516
v -0.929186 -4.803302 5.084860
v -0.924925 -4.804468 5.086207
v -0.931277 -4.802492 5.082739
v -0.926077 -4.803523 5.085565
v -0.919413 -4.806763 5.087082
v -0.923167 -4.804749 5.086274
v -0.920477 -4.806105 5.087072
v -0.930369 -4.800759 5.082889
v -0.930491 -4.801782 5.082617
v -0.927214 -4.802223 5.085022
v -0.927989 -4.802705 5.084469
v -4.687003 -1.130347 5.129292
v -4.683814 -1.129172 5.129184
v -4.692759 -1.117410 5.133384
v -4.686690 -1.128947 5.129121
v -4.685977 -1.128233 5.129041
v -4.687960 -1.127305 5.130847
v -4.688342 -1.125445 5.131555
v -4.684966 -1.128311 5.129064
v -4.687087 -1.126554 5.130670
v -4.691073 -1.120301 5.133063
v -4.689394 -1.123788 5.132202
v -4.690085 -1.122616 5.132588
v -0.986559 -5.268891 4.566672
v -0.985323 -5.268830 4.563661
v -0.973261 -5.273276 4.571321
v -0.985156 -5.268888 4.566438
v -0.983744 -5.270535 4.566994
v -0.981547 -5.271365 4.567219
v -0.979025 -5.271961 4.568609
v -0.984488 -5.268854 4.564812
v -0.982554 -5.270468 4.566374
v -0.976546 -5.272908 4.569509
v -0.980219 -5.271966 4.567957
v -0.975829 -5.272927 4.570392
v -5.143965 -4.786407 4.582128
v -5.148203 -4.790937 4.590666
v -5.143958 -4.782250 4.586513
v -5.145590 -4.786782 4.584083
v -5.146964 -4.787775 4.586392
v -5.143965 -4.786122 4.583769
v -5.145529 -4.786483 4.585100
v -5.146403 -4.786510 4.586416
v -5.147883 -4.788886 4.589042
v -5.146964 -4.786515 4.587683
v -5.147414 -4.787854 4.587713
v -5.143958 -4.783872 4.586141
v -5.143961 -4.785231 4.585178
v -5.145583 -4.784184 4.586796
v -5.145529 -4.785196 4.586443
v -5.153643 -1.104754 4.693264
v -5.157847 -1.090874 4.698506
v -5.153628 -1.103468 4.690289
v -5.155257 -1.101493 4.693946
v -5.156622 -1.097713 4.695182
v -5.153559 -1.103349 4.693063
v -5.157526 -1.094092 4.697252
v -5.157065 -1.096614 4.695764
v -5.156432 -1.098875 4.694625
v -5.153552 -1.102655 4.691451
v -5.155245 -1.100907 4.692807
v -4.665808 -5.259372 4.575673
v -4.674647 -5.263718 4.580184
v -4.670077 -5.259269 4.571424
v -4.667738 -5.261004 4.575990
v -4.670096 -5.262406 4.576958
v -4.667437 -5.259362 4.575353
v -4.668772 -5.260940 4.575675
v -4.670111 -5.261816 4.575670
v -4.671412 -5.262373 4.575649
v -4.672522 -5.263358 4.578431
v -4.671477 -5.262856 4.577020
v -4.669749 -5.259309 4.573054
v -4.668822 -5.259340 4.574433
v -4.670424 -5.260941 4.573318
v -4.670104 -5.260906 4.574353
v -4.678862 -5.181703 0.906331
v -4.683398 -5.185687 0.892957
v -4.675845 -5.181683 0.905071
v -4.679213 -5.183271 0.903360
v -4.678637 -5.181673 0.904930
v -4.679400 -5.184047 0.901272
v -4.682421 -5.185416 0.895669
v -4.680644 -5.184559 0.898923
v -4.677004 -5.181663 0.904247
v -4.678530 -5.183194 0.902350
v -5.152819 -0.128533 5.142591
v -5.153613 -0.126310 5.139091
v -5.157080 -0.129006 5.138284
v -5.152255 -0.127506 5.142322
v -5.152205 -0.126723 5.141564
v -5.154444 -0.128654 5.142240
v -5.154181 -0.126763 5.141864
v -5.154097 -0.125535 5.141267
v -5.154940 -0.126296 5.138167
v -5.156065 -0.126802 5.137689
v -5.152686 -0.126303 5.140428
v -5.154425 -0.125639 5.139930
v -5.155753 -0.125569 5.139609
v -5.156744 -0.128908 5.139909
v -5.155821 -0.128787 5.141300
v -5.156817 -0.127751 5.137731
v -5.156355 -0.126887 5.139674
v -5.155642 -0.126421 5.141149
v -0.038752 -5.285111 5.062892
v -0.036623 -5.281649 5.064235
v -0.038580 -5.280432 5.067868
v -0.037852 -5.284835 5.062411
v -0.037131 -5.284081 5.062497
v -0.038718 -5.284784 5.064730
v -0.036944 -5.284374 5.064534
v -0.035815 -5.283761 5.064527
v -0.036658 -5.280617 5.065594
v -0.037043 -5.280025 5.066761
v -0.036700 -5.282961 5.063138
v -0.035960 -5.282400 5.064962
v -0.035773 -5.282022 5.066356
v -0.038622 -5.282252 5.067421
v -0.038672 -5.283782 5.066318
v -0.037718 -5.279959 5.067560
v -0.036879 -5.282046 5.066992
v -0.036475 -5.283622 5.066157
v -5.143275 -5.269531 5.055565
v -5.147772 -5.269454 5.051130
v -5.143195 -5.273864 5.050875
v -5.144995 -5.269526 5.055219
v -5.146456 -5.269508 5.054256
v -5.143260 -5.271222 5.055181
v -5.144923 -5.271152 5.054683
v -5.146254 -5.271097 5.054024
v -5.145846 -5.272043 5.053591
v -5.147425 -5.271143 5.051060
v -5.146437 -5.272573 5.050988
v -5.147429 -5.269484 5.052820
v -5.146925 -5.271114 5.052704
v -5.146246 -5.272419 5.052613
v -5.143218 -5.273566 5.052645
v -5.143240 -5.272639 5.054155
v -5.144949 -5.273530 5.050924
v -5.144900 -5.273077 5.052618
v -5.144869 -5.272449 5.053978
v -5.167765 -5.161580 -0.063338
v -5.164332 -5.162690 -0.066069
v -5.163233 -5.166210 -0.063943
v -5.167513 -5.161047 -0.064485
v -5.166773 -5.161071 -0.065407
v -5.167422 -5.163355 -0.063491
v -5.167033 -5.163090 -0.065462
v -5.166434 -5.163029 -0.066749
v -5.163313 -5.164026 -0.066049
v -5.162745 -5.165167 -0.065638
v -5.165656 -5.161647 -0.065964
v -5.165087 -5.163423 -0.066690
v -5.164710 -5.164785 -0.066851
v -5.164969 -5.165862 -0.063818
v -5.166441 -5.164859 -0.063659
v -5.162718 -5.165933 -0.064899
v -5.164748 -5.165422 -0.065665
v -5.166285 -5.164645 -0.065998
v -0.997221 -4.791942 4.965935
v -0.995741 -4.788661 4.965793
v -1.004973 -4.787293 4.961813
v -0.995306 -4.791840 4.965883
v -0.994353 -4.791181 4.965837
v -0.998839 -4.791317 4.964360
v -0.996127 -4.790637 4.964313
v -0.997626 -4.790122 4.963479
v -0.997473 -4.788285 4.964229
v -0.999835 -4.787894 4.962924
v -0.994505 -4.790064 4.965807
v -0.998328 -4.789319 4.963142
v -1.003035 -4.788800 4.962129
v -1.000880 -4.790215 4.963023
v -1.002470 -4.787546 4.962076
v -1.000380 -4.789109 4.962456
v -0.998747 -4.790249 4.963182
v -4.658831 -4.793339 4.974689
v -4.658835 -4.788978 4.970533
v -4.663088 -4.789083 4.974801
v -4.658835 -4.792975 4.973068
v -4.658839 -4.792020 4.971708
v -4.660464 -4.793017 4.974701
v -4.660506 -4.792585 4.973039
v -4.660422 -4.791811 4.971933
v -4.660468 -4.788987 4.970861
v -4.661849 -4.789010 4.971788
v -4.658839 -4.790616 4.970817
v -4.660510 -4.790666 4.971212
v -4.661631 -4.790601 4.971966
v -4.662764 -4.790711 4.974762
v -4.661845 -4.792093 4.974726
v -4.662768 -4.789043 4.973172
v -4.662379 -4.790712 4.973090
v -4.661631 -4.791839 4.973144
v -4.659411 -1.128616 5.063004
v -4.653521 -1.134533 5.058916
v -4.656340 -1.127493 5.063177
v -4.658278 -1.129478 5.061452
v -4.656760 -1.130902 5.060131
v -4.659358 -1.126783 5.063083
v -4.658152 -1.127675 5.061496
v -4.656905 -1.128945 5.060416
v -4.653914 -1.132249 5.059307
v -4.654589 -1.130108 5.060253
v -4.655089 -1.132679 5.059242
v -4.655558 -1.130275 5.059697
v -4.657694 -1.126174 5.063177
v -4.658755 -1.125926 5.063144
v -4.655440 -1.128439 5.061613
v -4.656798 -1.127181 5.061571
v -5.056967 -4.786531 4.581919
v -5.056952 -4.782372 4.586281
v -5.052699 -4.782276 4.582011
v -5.056960 -4.786245 4.583555
v -5.056956 -4.785353 4.584960
v -5.055335 -4.786208 4.581922
v -5.055289 -4.785856 4.583602
v -5.055373 -4.785132 4.584745
v -5.055319 -4.782364 4.585953
v -5.053942 -4.782344 4.585026
v -5.056952 -4.783992 4.585916
v -5.055281 -4.784028 4.585520
v -5.054160 -4.783927 4.584771
v -5.053027 -4.783905 4.581972
v -5.053954 -4.785285 4.581940
v -5.053019 -4.782314 4.583641
v -5.053412 -4.783985 4.583642
v -5.054163 -4.785107 4.583532
v -5.065745 -4.700010 0.918092
v -5.061469 -4.695867 0.922496
v -5.065627 -4.696881 0.916715
v -5.064112 -4.699714 0.919085
v -5.062724 -4.698823 0.920271
v -5.066077 -4.699742 0.916723
v -5.064314 -4.699309 0.917281
v -5.062937 -4.698642 0.917990
v -5.063368 -4.698271 0.917017
v -5.061785 -4.695517 0.920611
v -5.062689 -4.695590 0.918852
v -5.061797 -4.697475 0.921469
v -5.062262 -4.697291 0.919155
v -5.062922 -4.697262 0.917385
v -5.066012 -4.698046 0.915978
v -5.066172 -4.699052 0.915981
v -5.064036 -4.696066 0.917483
v -5.064276 -4.697579 0.916521
v -5.064417 -4.698747 0.916143
v -5.051543 -1.104579 4.675922
v -5.051577 -1.103284 4.672929
v -5.047362 -1.110520 4.670802
v -5.051470 -1.103174 4.675712
v -5.049937 -1.105954 4.675290
v -5.049963 -1.104253 4.674980
v -5.049990 -1.103160 4.674506
v -5.049117 -1.104315 4.673851
v -5.049963 -1.104417 4.671934
v -5.048594 -1.106189 4.671182
v -5.051489 -1.102474 4.674094
v -5.049975 -1.103524 4.673385
v -5.048754 -1.104787 4.672832
v -5.047675 -1.109172 4.672521
v -5.048579 -1.107568 4.674096
v -5.047678 -1.108332 4.670785
v -5.048140 -1.106743 4.672618
v -5.048750 -1.105374 4.674077
v -0.986479 -5.175438 4.568739
v -0.992537 -5.171078 4.564588
v -0.985243 -5.175369 4.565730
v -0.987868 -5.173800 4.568455
v -0.989508 -5.172396 4.567565
v -0.985079 -5.175433 4.568507
v -0.986174 -5.173850 4.568095
v -0.987319 -5.172572 4.567451
v -0.986273 -5.172949 4.567119
v -0.990405 -5.171401 4.564401
v -0.988268 -5.172328 4.564553
v -0.991148 -5.171439 4.566208
v -0.988741 -5.171910 4.566129
v -0.986788 -5.172546 4.566165
v -0.984412 -5.175398 4.566879
v -0.986456 -5.173722 4.565019
v -0.985503 -5.173815 4.566464
v -0.985095 -5.173879 4.567583
v -4.665728 -5.172393 4.577626
v -4.670001 -5.172296 4.573376
v -4.665736 -5.168039 4.573461
v -4.667361 -5.172384 4.577305
v -4.668746 -5.172362 4.576385
v -4.665728 -5.170756 4.577338
v -4.667399 -5.170706 4.576951
v -4.668528 -5.170773 4.576203
v -4.669672 -5.170665 4.573411
v -4.668749 -5.169285 4.573440
v -4.669672 -5.172332 4.575004
v -4.669280 -5.170662 4.575083
v -4.668528 -5.169535 4.575022
v -4.665732 -5.168400 4.575084
v -4.665728 -5.169353 4.576444
v -4.667365 -5.168362 4.573458
v -4.667403 -5.168790 4.575120
v -4.667315 -5.169563 4.576227
v -4.678782 -5.090048 0.908367
v -4.675768 -5.090022 0.907106
v -4.674506 -5.085927 0.914450
v -4.678748 -5.090007 0.906507
v -4.678164 -5.089988 0.905614
v -4.678267 -5.088439 0.909316
v -4.678175 -5.088358 0.907488
v -4.677245 -5.087578 0.907862
v -4.675478 -5.088417 0.908152
v -4.675139 -5.087074 0.909915
v -4.677115 -5.089994 0.905824
v -4.676848 -5.088348 0.906934
v -4.675948 -5.086211 0.912608
v -4.677271 -5.087092 0.910806
v -4.674796 -5.086199 0.912126
v -4.676291 -5.086546 0.910162
v -4.677351 -5.087263 0.908811
v -2.998995 -5.115211 3.993495
v -2.997420 -5.111303 3.991739
v -2.999270 -5.113748 3.993828
v -2.999068 -5.112491 3.993611
v -2.998419 -5.111632 3.992877
v -3.848902 -5.102396 3.214710
v -3.850493 -5.106303 3.216484
v -3.849909 -5.102725 3.215855
v -3.850565 -5.103583 3.216595
v -3.850768 -5.104839 3.216816
v -2.692358 -5.100478 3.643455
v -2.690478 -5.104382 3.641262
v -2.691332 -5.100743 3.642279
v -2.690615 -5.101581 3.641450
v -2.690314 -5.102858 3.641093
v -3.541991 -5.095474 2.864271
v -3.543879 -5.091570 2.866469
v -3.541831 -5.093949 2.864101
v -3.542128 -5.092671 2.864459
v -3.542849 -5.091837 2.865291
v -3.450106 -5.111523 3.628094
v -3.448531 -5.107619 3.626338
v -3.450381 -5.110060 3.628427
v -3.450179 -5.108804 3.628210
v -3.449530 -5.107948 3.627477
v -3.142035 -5.100712 3.276371
v -3.143908 -5.096808 3.278555
v -3.141867 -5.099186 3.276201
v -3.142169 -5.097909 3.276556
v -3.142882 -5.097074 3.277382
v -3.870940 -5.089271 2.440472
v -3.872859 -5.085363 2.442705
v -3.870780 -5.087745 2.440304
v -3.871089 -5.086466 2.440670
v -3.871817 -5.085630 2.441514
v -4.177958 -5.096192 2.791035
v -4.179583 -5.100115 2.792843
v -4.178980 -5.096521 2.792196
v -4.179644 -5.097383 2.792947
v -4.179858 -5.098644 2.793174
v -4.193293 -5.080072 1.886716
v -4.194724 -5.076173 1.889929
v -4.193091 -5.078544 1.886623
v -4.193293 -5.077267 1.887201
v -4.193869 -5.076434 1.888362
v -4.448821 -5.088786 2.339542
v -4.449954 -5.092748 2.342320
v -4.449656 -5.089123 2.341076
v -4.450163 -5.089997 2.342144
v -4.450266 -5.091269 2.342579
v -4.690596 -5.062377 0.878938
v -4.685309 -5.058599 0.891565
v -4.688715 -5.062325 0.878372
v -4.689879 -5.060901 0.881806
v -4.688624 -5.059663 0.885213
v -4.690516 -5.062606 0.877608
v -4.689677 -5.061018 0.879580
v -4.688666 -5.059785 0.881804
v -4.688540 -5.060154 0.880311
v -4.685282 -5.058830 0.888293
v -4.685915 -5.059619 0.884638
v -4.687022 -5.058855 0.888641
v -4.687171 -5.059212 0.884746
v -4.687518 -5.059766 0.881558
v -4.689501 -5.062577 0.877301
v -4.687121 -5.060846 0.881153
v -4.688380 -5.060990 0.879270
v -4.689330 -5.061079 0.878258
v -4.687396 -5.084045 1.846303
v -4.684454 -5.080122 1.847534
v -4.687575 -5.082559 1.846872
v -4.687079 -5.081290 1.847305
v -4.685984 -5.080436 1.847538
v -2.502402 -5.117308 4.307505
v -2.499735 -5.113393 4.306384
v -2.502600 -5.115840 4.307888
v -2.502162 -5.114579 4.307809
v -2.501158 -5.113720 4.307282
v -2.057578 -5.102392 4.011345
v -2.054533 -5.106299 4.009743
v -2.056105 -5.102659 4.010395
v -2.055010 -5.103496 4.009757
v -2.054457 -5.104774 4.009527
v -1.934161 -5.114254 4.596429
v -1.933459 -5.118198 4.599168
v -1.934294 -5.114583 4.597949
v -1.934206 -5.115448 4.599003
v -1.933917 -5.116718 4.599431
v -0.793944 -5.106413 4.574692
v -0.793471 -5.106353 4.572868
v -0.807452 -5.102446 4.569672
v -0.792616 -5.106619 4.574583
v -0.796996 -5.104901 4.574027
v -0.794749 -5.105027 4.573772
v -0.793417 -5.105089 4.573402
v -0.795599 -5.104150 4.572653
v -0.796473 -5.104824 4.571307
v -0.800181 -5.103546 4.570153
v -0.792361 -5.106586 4.573596
v -0.794497 -5.104990 4.572497
v -0.796942 -5.103743 4.571664
v -0.804308 -5.102755 4.571310
v -0.800639 -5.103618 4.572839
v -0.804038 -5.102711 4.569577
v -0.800269 -5.103153 4.571378
v -0.797137 -5.103774 4.572802
v -2.959830 -5.221668 3.947596
v -2.964003 -5.217970 3.952399
v -2.961028 -5.221419 3.948968
v -2.962245 -5.220630 3.950362
v -2.963286 -5.219419 3.951567
v -3.815501 -5.209060 3.175389
v -3.811316 -5.212761 3.170568
v -3.814787 -5.210506 3.174556
v -3.813738 -5.211718 3.173347
v -3.812521 -5.212511 3.171947
v -2.716643 -5.209070 3.669992
v -2.720530 -5.213176 3.674389
v -2.717246 -5.210610 3.670664
v -2.718195 -5.211931 3.671736
v -2.719351 -5.212831 3.673044
v -3.572051 -5.204269 2.897402
v -3.568160 -5.200157 2.893000
v -3.570868 -5.203923 2.896054
v -3.569712 -5.203020 2.894745
v -3.568762 -5.201697 2.893673
v -3.410941 -5.217983 3.582196
v -3.415110 -5.214287 3.586995
v -3.412142 -5.217733 3.583567
v -3.413355 -5.216946 3.584960
v -3.414397 -5.215734 3.586164
v -3.172080 -5.209508 3.309488
v -3.168200 -5.205399 3.305102
v -3.170901 -5.209164 3.308147
v -3.169753 -5.208261 3.306842
v -3.168803 -5.206940 3.305773
v -3.901030 -5.198060 2.473637
v -3.897105 -5.193945 2.469198
v -3.899836 -5.197714 2.472276
v -3.898669 -5.196810 2.470954
v -3.897711 -5.195486 2.469873
v -4.144598 -5.202845 2.751760
v -4.140372 -5.206556 2.746892
v -4.143878 -5.204297 2.750921
v -4.142821 -5.205514 2.749702
v -4.141593 -5.206306 2.748287
v -4.222762 -5.188876 1.921114
v -4.219450 -5.184733 1.915439
v -4.221800 -5.188522 1.919280
v -4.220835 -5.187611 1.917558
v -4.220011 -5.186280 1.916209
v -4.414984 -5.195435 2.301253
v -4.411376 -5.199146 2.295149
v -4.414309 -5.196894 2.300318
v -4.413386 -5.198111 2.298831
v -4.412356 -5.198902 2.297015
v -4.716422 -5.166989 0.907613
v -4.714873 -5.166980 0.907093
v -4.711897 -5.171356 0.925721
v -4.716185 -5.167291 0.905734
v -4.716208 -5.168611 0.911724
v -4.716170 -5.168621 0.909457
v -4.715956 -5.168611 0.908080
v -4.715411 -5.169432 0.910960
v -4.713786 -5.168586 0.911260
v -4.712840 -5.169984 0.916264
v -4.715037 -5.168610 0.909234
v -4.714514 -5.169778 0.912656
v -4.713759 -5.170974 0.921524
v -4.715273 -5.170011 0.916607
v -4.712176 -5.170956 0.921341
v -4.714110 -5.170429 0.916739
v -4.715544 -5.169789 0.912804
v -4.646880 -5.190487 1.803446
v -4.652449 -5.186675 1.805258
v -4.648608 -5.190214 1.803666
v -4.650271 -5.189393 1.804087
v -4.651621 -5.188150 1.804646
v -2.461874 -5.223757 4.262404
v -2.467421 -5.220041 4.266418
v -2.463599 -5.223505 4.263472
v -2.465258 -5.222710 4.264611
v -2.466597 -5.221494 4.265645
v -2.080695 -5.210981 4.038472
v -2.086051 -5.215090 4.042123
v -2.081412 -5.212522 4.039088
v -2.082682 -5.213844 4.039997
v -2.084311 -5.214746 4.041063
v -1.898493 -5.220886 4.558100
v -1.896555 -5.224617 4.552331
v -1.897944 -5.222345 4.557190
v -1.897383 -5.223567 4.555775
v -1.896895 -5.224364 4.554068
v -0.820078 -5.211056 4.603115
v -0.838831 -5.215142 4.599170
v -0.819636 -5.211031 4.601596
v -0.824328 -5.212623 4.603042
v -0.829382 -5.213950 4.602266
v -0.818758 -5.211258 4.603119
v -0.822016 -5.212642 4.602940
v -0.825476 -5.213770 4.602427
v -0.823592 -5.213428 4.602239
v -0.834357 -5.214797 4.599315
v -0.829138 -5.213896 4.599828
v -0.834475 -5.214835 4.600906
v -0.829566 -5.214350 4.601116
v -0.825369 -5.213748 4.601395
v -0.823969 -5.212571 4.600629
v -0.821841 -5.212618 4.601810
v -0.820620 -5.212635 4.602688
v -5.087401 -4.177324 2.902297
v -5.083270 -4.175852 2.901063
v -5.085997 -4.177780 2.902667
v -5.084715 -4.177660 2.902563
v -5.083758 -4.176983 2.901999
v -5.075816 -3.424166 3.775015
v -5.079943 -3.425649 3.776258
v -5.076304 -3.425300 3.775954
v -5.077261 -3.425982 3.776520
v -5.078536 -3.426102 3.776626
v -5.022696 -3.821874 2.608633
v -5.026263 -3.819323 2.606545
v -5.022795 -3.820655 2.607626
v -5.023505 -3.819739 2.606876
v -5.024725 -3.819273 2.606497
v -5.018813 -3.067662 3.480518
v -5.015250 -3.070224 3.482615
v -5.017275 -3.067613 3.480470
v -5.016058 -3.068083 3.480851
v -5.015345 -3.069001 3.481604
v -5.088114 -3.825093 3.363781
v -5.083991 -3.823627 3.362549
v -5.086710 -3.825550 3.364150
v -5.085433 -3.825432 3.364045
v -5.084475 -3.824756 3.363483
v -5.027071 -3.467609 3.068455
v -5.023505 -3.470154 3.070537
v -5.025530 -3.467559 3.068406
v -5.024313 -3.468027 3.068785
v -5.023600 -3.468936 3.069533
v -5.003462 -2.654315 3.822221
v -4.999903 -2.656919 3.824352
v -5.001921 -2.654269 3.822175
v -5.000704 -2.654749 3.822564
v -4.999995 -2.655678 3.823329
v -5.060484 -3.010964 4.116834
v -5.064620 -3.012469 4.118099
v -5.060977 -3.012108 4.117782
v -5.061934 -3.012795 4.118355
v -5.063212 -3.012922 4.118466
v -4.991503 -2.099862 4.157687
v -4.987826 -2.103422 4.159366
v -4.989951 -2.099887 4.157606
v -4.988707 -2.100572 4.157898
v -4.987963 -2.101813 4.158516
v -5.037676 -2.568903 4.411185
v -5.041689 -2.571265 4.411952
v -5.038119 -2.570376 4.411942
v -5.039038 -2.571340 4.412355
v -5.040293 -2.571654 4.412359
v -5.016139 -1.051346 4.666989
v -5.011691 -1.062946 4.662617
v -5.015986 -1.050859 4.664945
v -5.014502 -1.053979 4.666538
v -5.013083 -1.057109 4.665549
v -5.014624 -1.051880 4.666199
v -5.013285 -1.053959 4.665407
v -5.013678 -1.052571 4.665167
v -5.012011 -1.059952 4.662409
v -5.012942 -1.056605 4.662779
v -5.012095 -1.060257 4.664171
v -5.012568 -1.056680 4.664099
v -5.013224 -1.053743 4.664233
v -5.016318 -1.049451 4.666344
v -5.014338 -1.053412 4.663669
v -5.014544 -1.051610 4.664850
v -5.014678 -1.050642 4.665764
v -5.011843 -2.079694 4.712602
v -5.011656 -2.088328 4.710743
v -5.008296 -2.085565 4.710220
v -5.011958 -2.081742 4.712470
v -5.011965 -2.084103 4.712071
v -5.010355 -2.080995 4.712949
v -5.010458 -2.083002 4.712710
v -5.010500 -2.084817 4.712478
v -5.010279 -2.088225 4.711451
v -5.009158 -2.087663 4.711602
v -5.011858 -2.086417 4.711465
v -5.010417 -2.086497 4.711984
v -5.009291 -2.086360 4.712259
v -5.008437 -2.084175 4.711657
v -5.009161 -2.082569 4.712615
v -5.008460 -2.086729 4.711169
v -5.008780 -2.085411 4.712056
v -5.009295 -2.084149 4.712701
v -5.077723 -4.477308 2.397199
v -5.073546 -4.476443 2.394859
v -5.076308 -4.477812 2.397486
v -5.075018 -4.477826 2.397143
v -5.074049 -4.477344 2.396220
v -5.006922 -4.172019 1.964088
v -5.010455 -4.170027 1.960819
v -5.007002 -4.171013 1.962629
v -5.007704 -4.170280 1.961495
v -5.008917 -4.169934 1.960860
v -5.055686 -4.750880 1.821831
v -5.059767 -4.753272 1.820756
v -5.056143 -4.752371 1.821888
v -5.057078 -4.753348 1.821704
v -5.058352 -4.753665 1.821307
v -4.962428 -4.700634 0.686302
v -4.962191 -4.698811 0.685891
v -4.959082 -4.696298 0.700210
v -4.962527 -4.700475 0.684966
v -4.961100 -4.700170 0.689477
v -4.961039 -4.699851 0.687230
v -4.960974 -4.699443 0.685911
v -4.960143 -4.698828 0.688176
v -4.960772 -4.697456 0.689039
v -4.959681 -4.696504 0.692864
v -4.962397 -4.699489 0.684744
v -4.960883 -4.698577 0.687022
v -4.959761 -4.697910 0.689575
v -4.959288 -4.697826 0.697004
v -4.959998 -4.699185 0.693233
v -4.959090 -4.696098 0.696787
v -4.959395 -4.697758 0.692943
v -4.959891 -4.699048 0.689733
v -5.186759 -4.121995 2.857122
v -5.183768 -4.127176 2.861385
v -5.186705 -4.123408 2.858290
v -5.186118 -4.124891 2.859510
v -5.185088 -4.126215 2.860596
v -5.176322 -3.375495 3.735339
v -5.179305 -3.370310 3.731076
v -5.177638 -3.374533 3.734553
v -5.178668 -3.373211 3.733466
v -5.179255 -3.371729 3.732246
v -5.134528 -3.840167 2.624280
v -5.139243 -3.844317 2.627729
v -5.136157 -3.840728 2.624750
v -5.137625 -3.841713 2.625571
v -5.138709 -3.842973 2.626617
v -5.131796 -3.092667 3.501709
v -5.127081 -3.088509 3.498253
v -5.131262 -3.091320 3.500594
v -5.130175 -3.090056 3.499545
v -5.128706 -3.089068 3.498723
v -5.187479 -3.769769 3.318610
v -5.184493 -3.774941 3.322863
v -5.187426 -3.771182 3.319774
v -5.186839 -3.772661 3.320992
v -5.185809 -3.773981 3.322076
v -5.140051 -3.492598 3.089631
v -5.135340 -3.488456 3.086190
v -5.139517 -3.491257 3.088522
v -5.138434 -3.489999 3.087479
v -5.136965 -3.489015 3.086660
v -5.116446 -2.679363 3.843446
v -5.111723 -2.675161 3.839955
v -5.115908 -2.678001 3.842318
v -5.114821 -2.676723 3.841259
v -5.113352 -2.675726 3.840429
v -5.160990 -2.962316 4.077184
v -5.163973 -2.957106 4.072896
v -5.162310 -2.961352 4.076394
v -5.163340 -2.960025 4.075303
v -5.163924 -2.958532 4.074075
v -5.104342 -2.126099 4.178335
v -5.099761 -2.120705 4.175421
v -5.103858 -2.124278 4.177428
v -5.102816 -2.122615 4.176554
v -5.101378 -2.121359 4.175851
v -5.138056 -2.521118 4.371041
v -5.141196 -2.514836 4.367377
v -5.139388 -2.520070 4.370299
v -5.140452 -2.518510 4.369342
v -5.141085 -2.516673 4.368316
v -5.124228 -1.072155 4.684438
v -5.124247 -1.071704 4.682679
v -5.128066 -1.087596 4.680641
v -5.124415 -1.070829 4.684349
v -5.125769 -1.075720 4.684326
v -5.125823 -1.073566 4.684122
v -5.125838 -1.072274 4.683793
v -5.126624 -1.074803 4.683361
v -5.125750 -1.075264 4.681733
v -5.127001 -1.079531 4.681014
v -5.125811 -1.073345 4.682905
v -5.126929 -1.076293 4.682516
v -5.127844 -1.084077 4.682271
v -5.127036 -1.079909 4.683565
v -5.127814 -1.083862 4.680630
v -5.127459 -1.079867 4.682341
v -5.126944 -1.076453 4.683597
v -5.107493 -2.029977 4.672314
v -5.111941 -2.031618 4.666364
v -5.108019 -2.038184 4.669832
v -5.109023 -2.030368 4.671336
v -5.110407 -2.030816 4.669862
v -5.107756 -2.031927 4.671997
v -5.109126 -2.031984 4.670993
v -5.110266 -2.032092 4.669970
v -5.109980 -2.033178 4.670006
v -5.111514 -2.033246 4.667421
v -5.110617 -2.035067 4.668451
v -5.111434 -2.031256 4.668114
v -5.110941 -2.032626 4.668764
v -5.110358 -2.033950 4.669358
v -5.108042 -2.036369 4.670655
v -5.107947 -2.034171 4.671415
v -5.109389 -2.036801 4.669298
v -5.109305 -2.035112 4.670006
v -5.109202 -2.033559 4.670655
v -5.177031 -4.422738 2.350638
v -5.174059 -4.427177 2.356298
v -5.176989 -4.423866 2.352340
v -5.176413 -4.425107 2.354013
v -5.175383 -4.426270 2.355403
v -5.118712 -4.190870 1.978553
v -5.123477 -4.194314 1.983485
v -5.120345 -4.191377 1.979136
v -5.121825 -4.192209 1.980279
v -5.122923 -4.193242 1.981805
v -5.156062 -4.703162 1.779873
v -5.159174 -4.697063 1.777875
v -5.157401 -4.702127 1.779254
v -5.158461 -4.700602 1.778657
v -5.159087 -4.698825 1.778172
v -5.070624 -4.721175 0.704015
v -5.075751 -4.717394 0.722550
v -5.070445 -4.719654 0.703623
v -5.072489 -4.721084 0.708146
v -5.074118 -4.720335 0.713115
v -5.072329 -4.720921 0.705839
v -5.073664 -4.720408 0.709226
v -5.073172 -4.720200 0.707379
v -5.075095 -4.717454 0.718109
v -5.073855 -4.717901 0.712954
v -5.075263 -4.719038 0.718175
v -5.074439 -4.719161 0.713305
v -5.073554 -4.719378 0.709155
v -5.070731 -4.720823 0.702142
v -5.072222 -4.718675 0.707867
v -5.072203 -4.719793 0.705704
v -5.072199 -4.720636 0.704457
v -3.220923 -2.749016 4.368469
v -3.222167 -2.754164 4.369340
v -3.221819 -2.750018 4.369380
v -3.222373 -2.751347 4.369864
v -3.222491 -2.752804 4.369851
v -4.424330 -4.193196 1.638593
v -4.423159 -4.194145 1.646381
v -4.425017 -4.193900 1.640050
v -4.425040 -4.194328 1.642042
v -4.424384 -4.194415 1.644265
v -2.940085 -4.489457 2.849419
v -2.942774 -4.491033 2.852574
v -2.940951 -4.490382 2.850451
v -2.941767 -4.491008 2.851413
v -2.942408 -4.491235 2.852158
v -1.445296 -4.480425 4.323547
v -1.445292 -4.477389 4.326691
v -1.444361 -4.480203 4.324730
v -1.444033 -4.479548 4.325743
v -1.444361 -4.478560 4.326432
v -4.400771 -4.450174 1.330808
v -4.397761 -4.453170 1.330786
v -4.400534 -4.451312 1.329870
v -4.399882 -4.452281 1.329536
v -4.398909 -4.452934 1.329858
v -4.415328 -1.521802 4.348608
v -4.418372 -1.521804 4.345479
v -4.416502 -1.520868 4.348375
v -4.417494 -1.520541 4.347698
v -4.418150 -1.520870 4.346680
v -3.070231 -3.127025 4.136566
v -3.065798 -3.129811 4.130660
v -3.069289 -3.128857 4.135046
v -3.068118 -3.130029 4.133390
v -3.066889 -3.130365 4.131850
v -4.040602 -4.088996 2.149662
v -4.036028 -4.085996 2.149942
v -4.039610 -4.088612 2.150509
v -4.038390 -4.087908 2.150860
v -4.037135 -4.086989 2.150661
v -3.059874 -4.256878 2.979628
v -3.059592 -4.250019 2.979584
v -3.060523 -4.255018 2.980351
v -3.060698 -4.253061 2.980597
v -3.060370 -4.251307 2.980327
v -4.439101 -1.863149 4.037667
v -4.437754 -1.860860 4.048952
v -4.439822 -1.860801 4.042246
v -4.439818 -1.859541 4.045999
v -4.439093 -1.859563 4.048354
v -4.429976 -3.051880 2.813182
v -4.428771 -3.045719 2.828386
v -4.430678 -3.049144 2.818190
v -4.430697 -3.047012 2.822838
v -4.430029 -3.045808 2.826419
v -4.051516 -2.302497 3.986524
v -4.045805 -2.303497 3.983806
v -4.050086 -2.303645 3.986224
v -4.048499 -2.304238 3.985602
v -4.046996 -2.304186 3.984753
v -4.199770 -3.118678 2.989543
v -4.193842 -3.117261 2.989588
v -4.198256 -3.118901 2.990301
v -4.196600 -3.118710 2.990576
v -4.195052 -3.118134 2.990326
v -1.727538 -4.233707 4.355096
v -1.732924 -4.235428 4.355319
v -1.728613 -4.234622 4.355925
v -1.730013 -4.235271 4.356259
v -1.731528 -4.235553 4.356046
v -2.237257 -4.110698 3.970531
v -2.237395 -4.107600 3.966083
v -2.238066 -4.110277 3.969569
v -2.238379 -4.109542 3.968386
v -2.238142 -4.108601 3.967162
v -3.029734 -3.093372 4.095401
v -3.028983 -3.092573 4.089477
v -3.028918 -3.092545 4.094211
v -3.028491 -3.092106 4.092666
v -3.028513 -3.092115 4.091005
v -3.999964 -4.049557 2.114683
v -3.995776 -4.045367 2.115780
v -3.998888 -4.048473 2.114027
v -3.997717 -4.047296 2.114005
v -3.996623 -4.046206 2.114620
v -3.023528 -4.213580 2.944325
v -3.022807 -4.207632 2.943691
v -3.022715 -4.212362 2.943537
v -3.022295 -4.210803 2.943139
v -3.022326 -4.209143 2.943193
v -4.009741 -2.267058 3.948547
v -4.005522 -2.268016 3.944351
v -4.008666 -2.266365 3.947488
v -4.007483 -2.266303 3.946318
v -4.006381 -2.266883 3.945216
v -4.157778 -3.080822 2.954330
v -4.151835 -3.080084 2.953651
v -4.156569 -3.080001 2.953538
v -4.155016 -3.079572 2.953131
v -4.153353 -3.079602 2.953172
v -2.201331 -4.071160 3.930825
v -2.202338 -4.066908 3.926679
v -2.200652 -4.070072 3.929769
v -2.200606 -4.068882 3.928611
v -2.201197 -4.067770 3.927526
v -4.170455 -3.913465 2.135161
v -4.173453 -3.907470 2.138275
v -4.171599 -3.912081 2.135414
v -4.172572 -3.910454 2.136096
v -4.173224 -3.908836 2.137100
v -4.175231 -2.287603 3.811782
v -4.178164 -2.290615 3.805642
v -4.176356 -2.287846 3.810369
v -4.177310 -2.288503 3.808708
v -4.177947 -2.289477 3.807048
v -3.880316 -2.282951 4.120572
v -3.874358 -2.285916 4.123614
v -3.878962 -2.283163 4.121747
v -3.877352 -2.283800 4.122739
v -3.875735 -2.284768 4.123394
v -2.218180 -3.943242 4.099348
v -2.221171 -3.937268 4.102448
v -2.218401 -3.941878 4.100522
v -2.219046 -3.940264 4.101524
v -2.220019 -3.938645 4.102200
v -2.223567 -4.238458 3.791466
v -2.220549 -4.235518 3.797560
v -2.222418 -4.238241 3.792858
v -2.221442 -4.237607 3.794506
v -2.220786 -4.236650 3.796157
v -3.859557 -4.225142 2.132443
v -3.865542 -4.222088 2.129465
v -3.860930 -4.224902 2.131286
v -3.862551 -4.224237 2.130314
v -3.864169 -4.223249 2.129674
v -3.463099 -3.847919 4.941109
v -3.464896 -3.849663 4.944917
v -3.464221 -3.848954 4.941381
v -3.464957 -3.849650 4.942200
v -3.465193 -3.849897 4.943442
v -3.524077 -3.115672 4.957790
v -3.522009 -3.113876 4.961795
v -3.522933 -3.114632 4.958113
v -3.522135 -3.113922 4.958988
v -3.521811 -3.113659 4.960280
v -3.865138 -3.428329 4.951547
v -3.866923 -3.430061 4.955348
v -3.866255 -3.429358 4.951818
v -3.866984 -3.430048 4.952637
v -3.867220 -3.430295 4.953876
v -3.122069 -3.535292 4.947350
v -3.119994 -3.533489 4.951357
v -3.120921 -3.534247 4.947673
v -3.120123 -3.533538 4.948549
v -3.119799 -3.533270 4.949841
v -2.693877 -3.890538 4.938302
v -2.691775 -3.888708 4.942313
v -2.692717 -3.889483 4.938625
v -2.691912 -3.888765 4.939502
v -2.691580 -3.888492 4.940795
v -3.035288 -4.203515 4.932053
v -3.037116 -4.205282 4.935876
v -3.036425 -4.204561 4.932326
v -3.037169 -4.205265 4.933148
v -3.037413 -4.205518 4.934395
v -2.595309 -4.490350 4.924530
v -2.597300 -4.492080 4.928369
v -2.596507 -4.491385 4.924803
v -2.597304 -4.492074 4.925628
v -2.597582 -4.492321 4.926880
v -2.238970 -4.183509 4.931546
v -2.236689 -4.181708 4.935569
v -2.237742 -4.182464 4.931872
v -2.236880 -4.181757 4.932751
v -2.236510 -4.181489 4.934050
v -1.333197 -4.828766 4.936624
v -1.323435 -4.832793 4.940863
v -1.329512 -4.830320 4.936987
v -1.326361 -4.831631 4.937920
v -1.324225 -4.832499 4.939281
v -2.111643 -4.730997 4.918144
v -2.116766 -4.731246 4.921849
v -2.114047 -4.731467 4.918354
v -2.115862 -4.731679 4.919132
v -2.116820 -4.731601 4.920359
v -1.395644 -4.570359 4.943592
v -1.390040 -4.570004 4.947789
v -1.393145 -4.569866 4.943985
v -1.391203 -4.569625 4.944921
v -1.390112 -4.569674 4.946257
v -3.878890 -2.635568 4.969482
v -3.876891 -2.633623 4.973493
v -3.877772 -2.634468 4.969807
v -3.876997 -2.633714 4.970683
v -3.876692 -2.633418 4.971978
v -4.214373 -2.965603 4.962831
v -4.216071 -2.967465 4.966626
v -4.215453 -2.966682 4.963099
v -4.216155 -2.967414 4.963917
v -4.216372 -2.967687 4.965154
v -4.699210 -1.588358 4.995037
v -4.702971 -1.580576 4.999481
v -4.700697 -1.585395 4.995432
v -4.701937 -1.582873 4.996414
v -4.702734 -1.581183 4.997836
v -4.362017 -1.697434 4.991824
v -4.361567 -1.692361 4.995912
v -4.361491 -1.695139 4.992177
v -4.361220 -1.693369 4.993079
v -4.361250 -1.692393 4.994389
v -4.552046 -2.435411 4.975554
v -4.552100 -2.439894 4.979285
v -4.552496 -2.437492 4.975799
v -4.552664 -2.439076 4.976593
v -4.552523 -2.439917 4.977818
v -3.426642 -3.817171 5.049595
v -3.422019 -3.813025 5.053519
v -3.425856 -3.816488 5.051078
v -3.424704 -3.815461 5.052345
v -3.423354 -3.814242 5.053201
v -3.552195 -3.144117 5.064967
v -3.556574 -3.148232 5.068854
v -3.552882 -3.144785 5.066473
v -3.553954 -3.145800 5.067739
v -3.555251 -3.147011 5.068576
v -3.828665 -3.397565 5.060040
v -3.824057 -3.393433 5.063958
v -3.827883 -3.396883 5.061521
v -3.826731 -3.395859 5.062786
v -3.825388 -3.394650 5.063641
v -3.150179 -3.563730 5.054527
v -3.154566 -3.567850 5.058414
v -3.150866 -3.564399 5.056032
v -3.151942 -3.565416 5.057300
v -3.153243 -3.566628 5.058137
v -2.721957 -3.918949 5.045476
v -2.726374 -3.923097 5.049366
v -2.722647 -3.919618 5.046983
v -2.723731 -3.920640 5.048252
v -2.725039 -3.921865 5.049088
v -2.998873 -4.172803 5.040524
v -2.994208 -4.168621 5.044463
v -2.998084 -4.172115 5.042013
v -2.996920 -4.171079 5.043285
v -2.995558 -4.169852 5.044145
v -2.559073 -4.459614 5.032971
v -2.554190 -4.455475 5.036942
v -2.558264 -4.458927 5.034470
v -2.557051 -4.457901 5.035752
v -2.555621 -4.456687 5.036619
v -2.266871 -4.211947 5.038723
v -2.271502 -4.216046 5.042609
v -2.267577 -4.212614 5.040232
v -2.268706 -4.213627 5.041499
v -2.270083 -4.214833 5.042334
v -1.319460 -4.831711 5.044367
v -1.330573 -4.826891 5.048339
v -1.320258 -4.831330 5.045934
v -1.322653 -4.830279 5.047239
v -1.326273 -4.828721 5.048083
v -2.078566 -4.698800 5.026388
v -2.069754 -4.696498 5.030597
v -2.077452 -4.698250 5.027914
v -2.075385 -4.697619 5.029249
v -2.072684 -4.697004 5.030192
v -1.420222 -4.600237 5.050939
v -1.429022 -4.602520 5.054610
v -1.421244 -4.600766 5.052431
v -1.423277 -4.601386 5.053653
v -1.426009 -4.602001 5.054418
v -3.907076 -2.663864 5.076660
v -3.911364 -2.668162 5.080545
v -3.907759 -2.664545 5.078166
v -3.908812 -2.665602 5.079432
v -3.910079 -2.666871 5.080269
v -4.177809 -2.934966 5.071324
v -4.173316 -2.930678 5.075243
v -4.177035 -2.934272 5.072803
v -4.175910 -2.933212 5.074069
v -4.174601 -2.931951 5.074926
v -4.699004 -1.579497 5.102700
v -4.694392 -1.588226 5.106749
v -4.698603 -1.580149 5.104314
v -4.697585 -1.582035 5.105651
v -4.696105 -1.584874 5.106506
v -4.391753 -1.722602 5.099076
v -4.394133 -1.730750 5.102871
v -4.392287 -1.723576 5.100576
v -4.392928 -1.725468 5.101824
v -4.393576 -1.727986 5.102629
v -4.513838 -2.407395 5.083984
v -4.511332 -2.399938 5.087979
v -4.513213 -2.406459 5.085470
v -4.512518 -2.404714 5.086751
v -4.511858 -2.402423 5.087632
v -4.705679 -2.139988 5.038398
v -4.707846 -2.131864 5.038585
v -4.706526 -2.138249 5.038439
v -4.707236 -2.136095 5.038489
v -4.707697 -2.133853 5.038542
v -4.692267 -1.027626 5.063603
v -4.694125 -1.028141 5.063596
v -4.692961 -1.026474 5.063630
v -4.693968 -1.026752 5.063627
v -0.803702 -4.837094 5.014146
v -0.804114 -4.838697 5.014062
v -0.802180 -4.838248 5.014161
v -2.590685 -5.274995 5.061714
v -2.590979 -5.279487 5.056901
v -2.590106 -5.276745 5.061303
v -2.589957 -5.278214 5.060243
v -2.590262 -5.279177 5.058698
v -5.157767 -5.215526 2.493779
v -5.153227 -5.220039 2.493534
v -5.157427 -5.217240 2.492970
v -5.156447 -5.218699 2.492637
v -5.154971 -5.219681 2.492837
v -2.600474 -5.222169 2.499089
v -2.600962 -5.225663 2.499568
v -2.599978 -5.223495 2.498576
v -2.600245 -5.225385 2.498837
v -5.152426 -2.699024 5.094713
v -5.148051 -2.699099 5.099077
v -5.152091 -2.698311 5.096381
v -5.151141 -2.698075 5.097797
v -5.149725 -2.698352 5.098742
v -2.595118 -2.703981 5.101663
v -2.595419 -2.704825 5.105224
v -2.594603 -2.703533 5.103011
v -2.594767 -2.703990 5.104938
v -5.158972 -2.644496 2.536513
v -5.162421 -2.645217 2.537580
v -5.160300 -2.644004 2.536068
v -5.161421 -2.643968 2.536115
v -5.162165 -2.644394 2.536646
v -2.795470 -4.799099 5.072463
v -2.792193 -4.803905 5.076580
v -2.794810 -4.799546 5.074082
v -2.793955 -4.800617 5.075434
v -2.793036 -4.802147 5.076310
v -4.680010 -2.958522 5.099610
v -4.675017 -2.960765 5.095423
v -4.678332 -2.959412 5.099293
v -4.676795 -2.960152 5.098387
v -4.675631 -2.960626 5.097027
v -2.805033 -2.962236 5.110362
v -2.807845 -2.964400 5.106172
v -2.805861 -2.963151 5.110058
v -2.806685 -2.963885 5.109155
v -2.807383 -2.964323 5.107792
v -5.151278 -4.743421 2.765888
v -5.155558 -4.747850 2.764089
v -5.152907 -4.743760 2.765983
v -5.154295 -4.744720 2.765674
v -5.155226 -4.746158 2.765009
v -5.148787 -2.943500 4.639859
v -5.153025 -2.941173 4.644579
v -5.150412 -2.943324 4.640339
v -5.151789 -2.942819 4.641404
v -5.152705 -2.942066 4.642893
v -5.160380 -2.897926 2.817722
v -5.156165 -2.900415 2.819437
v -5.160052 -2.898882 2.818702
v -5.159136 -2.899692 2.819373
v -5.157771 -2.900230 2.819631
v -2.823931 -5.268497 4.575737
v -2.826182 -5.264132 4.571173
v -2.824793 -5.268133 4.573962
v -2.825526 -5.267177 4.572470
v -2.826014 -5.265771 4.571491
v -4.679011 -5.224701 2.736458
v -4.674468 -5.220487 2.738878
v -4.677275 -5.224392 2.737355
v -4.675803 -5.223484 2.738130
v -4.674815 -5.222112 2.738664
v -2.828387 -5.229480 2.732022
v -2.830584 -5.225257 2.734366
v -2.829230 -5.229171 2.732890
v -2.829943 -5.228258 2.733640
v -2.830420 -5.226886 2.734160
v -2.831027 -4.788134 4.966172
v -2.827567 -4.792661 4.970312
v -2.830111 -4.789787 4.966453
v -2.829134 -4.791226 4.967338
v -2.828242 -4.792234 4.968694
v -4.661192 -2.958851 5.018999
v -4.656176 -2.960877 5.014747
v -4.660578 -2.958973 5.017391
v -4.659411 -2.959401 5.016016
v -4.657866 -2.960070 5.015089
v -2.825423 -2.958188 5.014662
v -2.829245 -2.960910 5.010364
v -2.825961 -2.958305 5.013037
v -2.826876 -2.958865 5.011650
v -2.828032 -2.959780 5.010711
v -5.057086 -4.739052 2.751376
v -5.061354 -4.743268 2.749907
v -5.057414 -4.740662 2.750582
v -5.058341 -4.742028 2.750024
v -5.059725 -4.742943 2.749787
v -5.050028 -2.945510 4.626428
v -5.054259 -2.943474 4.631130
v -5.050345 -2.944730 4.628108
v -5.051260 -2.944070 4.629591
v -5.052634 -2.943631 4.630651
v -5.058611 -2.900112 2.794782
v -5.054415 -2.903186 2.796657
v -5.057005 -2.900342 2.794600
v -5.055644 -2.901008 2.794892
v -5.054736 -2.902004 2.795614
v -2.826106 -5.173916 4.573182
v -2.828249 -5.169559 4.569023
v -2.826266 -5.172275 4.572894
v -2.826731 -5.170875 4.572003
v -2.827429 -5.169920 4.570643
v -4.674391 -5.131172 2.740871
v -4.670123 -5.126964 2.743078
v -4.674067 -5.129546 2.741068
v -4.673140 -5.128175 2.741557
v -4.671755 -5.127268 2.742262
v -2.830508 -5.132696 2.736419
v -2.833514 -5.128504 2.739527
v -2.830737 -5.131071 2.736684
v -2.831385 -5.129704 2.737367
v -2.832366 -5.128802 2.738366
v -4.658728 -4.794395 5.018190
v -4.663001 -4.790136 5.018273
v -4.660361 -4.794071 5.018194
v -4.661746 -4.793149 5.018211
v -4.662673 -4.791764 5.018238
v -4.670073 -1.128334 5.096178
v -4.673209 -1.129480 5.096148
v -4.671278 -1.127466 5.096195
v -4.672972 -1.128090 5.096178
v -5.112166 -4.700227 0.934009
v -5.112174 -4.697090 0.932671
v -5.112170 -4.699955 0.932529
v -5.112174 -4.699264 0.931755
v -5.112174 -4.698258 0.931804
v -5.102591 -1.104665 4.684593
v -5.102602 -1.103377 4.681609
v -5.102595 -1.103262 4.684402
v -5.102599 -1.102564 4.682786
v -4.670039 -5.215783 4.572400
v -4.665770 -5.215882 4.576649
v -4.669711 -5.215819 4.574030
v -4.668784 -5.215852 4.575409
v -4.667399 -5.215872 4.576330
v -0.985285 -5.222100 4.564697
v -0.986517 -5.222164 4.567706
v -0.984450 -5.222129 4.565845
v -0.985117 -5.222162 4.567474
v -0.964911 -4.797363 5.024595
v -0.963332 -4.794119 5.024668
v -0.963297 -4.797117 5.024603
v -0.962431 -4.796413 5.024620
v -0.962443 -4.795360 5.024642
v -5.100455 -4.782311 4.586397
v -5.100466 -4.786470 4.582023
v -5.100455 -4.783933 4.586028
v -5.100455 -4.785295 4.585069
v -5.100462 -4.786185 4.583662
v -4.675807 -5.135853 0.906089
v -4.678824 -5.135874 0.907349
v -4.676966 -5.135834 0.905265
v -4.678595 -5.135846 0.905947
v -3.656741 -5.105161 3.423845
v -3.658320 -5.109066 3.425608
v -3.657744 -5.105492 3.424986
v -3.658396 -5.106350 3.425721
v -3.658598 -5.107605 3.425940
v -2.923140 -5.098854 3.468174
v -2.921263 -5.102757 3.465989
v -2.922114 -5.099119 3.467001
v -2.921401 -5.099956 3.466173
v -2.921099 -5.101233 3.465818
v -3.227931 -5.109670 3.816150
v -3.229506 -5.113575 3.817905
v -3.228930 -5.110001 3.817288
v -3.229578 -5.110857 3.818021
v -3.229781 -5.112114 3.818237
v -3.351969 -5.094344 3.075891
v -3.350089 -5.098248 3.073702
v -3.350943 -5.094610 3.074716
v -3.350226 -5.095445 3.073888
v -3.349925 -5.096723 3.073532
v -3.717028 -5.088584 2.655977
v -3.715128 -5.092490 2.653763
v -3.715994 -5.088849 2.654793
v -3.715270 -5.089685 2.653956
v -3.714964 -5.090965 2.653595
v -4.022147 -5.099415 3.004329
v -4.023753 -5.103328 3.006119
v -4.023161 -5.099744 3.005481
v -4.023821 -5.100600 3.006226
v -4.024027 -5.101861 3.006450
v -4.319071 -5.092675 2.571095
v -4.320639 -5.096612 2.573036
v -4.320071 -5.093007 2.572307
v -4.320719 -5.093871 2.573102
v -4.320921 -5.095139 2.573359
v -4.020365 -5.081626 2.210130
v -4.018500 -5.085535 2.207764
v -4.019347 -5.081888 2.208887
v -4.018630 -5.082725 2.208001
v -4.018336 -5.084004 2.207606
v -4.684882 -5.069361 1.369555
v -4.688979 -5.073333 1.360378
v -4.686503 -5.069616 1.366118
v -4.687850 -5.070459 1.363168
v -4.688719 -5.071765 1.361152
v -4.570731 -5.084489 2.093278
v -4.570834 -5.088504 2.098180
v -4.571173 -5.084842 2.095626
v -4.571349 -5.085732 2.097383
v -4.571227 -5.087016 2.098279
v -4.425013 -5.068093 1.428514
v -4.424613 -5.071953 1.423191
v -4.424551 -5.068338 1.426138
v -4.424311 -5.069157 1.424294
v -4.424334 -5.070428 1.423258
v -2.434916 -5.101686 3.811907
v -2.432887 -5.105591 3.809790
v -2.433833 -5.101951 3.810760
v -2.433066 -5.102788 3.809955
v -2.432734 -5.104066 3.809614
v -2.757216 -5.112537 4.153669
v -2.758933 -5.116448 4.155340
v -2.758269 -5.112867 4.154775
v -2.758967 -5.113728 4.155482
v -2.759200 -5.114985 4.155680
v -1.370562 -5.108347 4.583046
v -1.361479 -5.112493 4.586849
v -1.367140 -5.108661 4.584576
v -1.364211 -5.109561 4.585837
v -1.362223 -5.110906 4.586634
v -1.486029 -5.102569 4.273358
v -1.480540 -5.106476 4.272855
v -1.483622 -5.102834 4.272828
v -1.481734 -5.103670 4.272547
v -1.480654 -5.104949 4.272556
v -2.219397 -5.113916 4.454531
v -2.224234 -5.117841 4.454516
v -2.221648 -5.114245 4.454995
v -2.223357 -5.115105 4.455155
v -2.224265 -5.116368 4.454986
v -3.623328 -5.211828 3.384510
v -3.619154 -5.215526 3.379703
v -3.622611 -5.213276 3.383679
v -3.621569 -5.214486 3.382473
v -3.620352 -5.215277 3.381077
v -2.947428 -5.207445 3.494719
v -2.951312 -5.211551 3.499107
v -2.948031 -5.208985 3.495391
v -2.948981 -5.210306 3.496460
v -2.950133 -5.211207 3.497765
v -3.194510 -5.216337 3.776807
v -3.190344 -5.220035 3.772009
v -3.193797 -5.217784 3.775975
v -3.192755 -5.218996 3.774772
v -3.191542 -5.219786 3.773378
v -3.376254 -5.202932 3.102433
v -3.380141 -5.207043 3.106823
v -3.376856 -5.204474 3.103104
v -3.377806 -5.205794 3.104174
v -3.378962 -5.206698 3.105481
v -3.741290 -5.197168 2.682491
v -3.745200 -5.201282 2.686909
v -3.741896 -5.198709 2.683165
v -3.742850 -5.200033 2.684241
v -3.744009 -5.200937 2.685556
v -3.988764 -5.206072 2.965028
v -3.984560 -5.209778 2.960187
v -3.988047 -5.207522 2.964193
v -3.986998 -5.208735 2.962979
v -3.985774 -5.209527 2.961573
v -4.285662 -5.199321 2.531960
v -4.281500 -5.203039 2.526922
v -4.284945 -5.200775 2.531107
v -4.283904 -5.201993 2.529851
v -4.282694 -5.202788 2.528381
v -4.044661 -5.190200 2.236489
v -4.048522 -5.194324 2.241093
v -4.045260 -5.191745 2.237177
v -4.046206 -5.193071 2.238294
v -4.047350 -5.193976 2.239669
v -4.684618 -5.176586 1.354264
v -4.679389 -5.180921 1.364598
v -4.684168 -5.178186 1.354974
v -4.683016 -5.179575 1.357187
v -4.681338 -5.180534 1.360567
v -4.535872 -5.191162 2.057123
v -4.533564 -5.194839 2.048316
v -4.535296 -5.192623 2.055982
v -4.534655 -5.193834 2.053906
v -4.534049 -5.194611 2.051215
v -4.450770 -5.176612 1.451913
v -4.452769 -5.180805 1.460261
v -4.451228 -5.178162 1.452886
v -4.451773 -5.179505 1.454814
v -4.452311 -5.180431 1.457404
v -2.459052 -5.210276 3.838521
v -2.463126 -5.214383 3.842818
v -2.459670 -5.211818 3.839185
v -2.460658 -5.213139 3.840235
v -2.461874 -5.214041 3.841510
v -2.723944 -5.219197 4.114249
v -2.719592 -5.222902 4.109549
v -2.723216 -5.220645 4.113425
v -2.722132 -5.221859 4.112242
v -2.720858 -5.222651 4.110881
v -1.357123 -5.215718 4.580736
v -1.367335 -5.219876 4.575767
v -1.357848 -5.217310 4.580282
v -1.360041 -5.218660 4.579179
v -1.363375 -5.219560 4.577593
v -1.506705 -5.211156 4.301584
v -1.515090 -5.215264 4.303869
v -1.507651 -5.212699 4.302095
v -1.509577 -5.214020 4.302708
v -1.512187 -5.214922 4.303332
v -2.189253 -5.220555 4.413438
v -2.181052 -5.224282 4.410802
v -2.188231 -5.222011 4.412769
v -2.186316 -5.223230 4.412033
v -2.183794 -5.224029 4.411342
v -0.806555 -5.158691 4.587233
v -0.807013 -5.158734 4.588908
v -0.805632 -5.158719 4.588793
v -4.701792 -5.114650 0.892733
v -4.703513 -5.114681 0.893279
v -4.703429 -5.114649 0.891882
v -5.080908 -3.627399 3.576666
v -5.085032 -3.628872 3.577902
v -5.081397 -3.628529 3.577601
v -5.082350 -3.629207 3.578164
v -5.083628 -3.629327 3.578270
v -5.024241 -3.653268 2.844336
v -5.027808 -3.650724 2.842253
v -5.024336 -3.652051 2.843331
v -5.025050 -3.651140 2.842583
v -5.026267 -3.650673 2.842204
v -5.084761 -4.006937 3.136509
v -5.088889 -4.008405 3.137741
v -5.085249 -4.008065 3.137444
v -5.086203 -4.008743 3.138006
v -5.087481 -4.008861 3.138110
v -5.020392 -3.273749 3.284509
v -5.023959 -3.271200 3.282422
v -5.020487 -3.272529 3.283503
v -5.021197 -3.271618 3.282753
v -5.022418 -3.271151 3.282373
v -5.008437 -2.865170 3.662063
v -5.012000 -2.862590 3.659951
v -5.008532 -2.863937 3.661047
v -5.009242 -2.863016 3.660289
v -5.010458 -2.862542 3.659905
v -5.069022 -3.219228 3.954561
v -5.073153 -3.220721 3.955813
v -5.069514 -3.220368 3.955503
v -5.070471 -3.221050 3.956072
v -5.071749 -3.221174 3.956181
v -5.050074 -2.795746 4.265884
v -5.054194 -2.797372 4.267089
v -5.050559 -2.796935 4.266808
v -5.051512 -2.797663 4.267362
v -5.052790 -2.797818 4.267460
v -4.990836 -2.427805 3.978497
v -4.994406 -2.425067 3.976413
v -4.990931 -2.426513 3.977492
v -4.991644 -2.425538 3.976743
v -4.992865 -2.425030 3.976363
v -5.009902 -1.573932 4.686391
v -5.014143 -1.565759 4.689823
v -5.010226 -1.570990 4.687852
v -5.011145 -1.568401 4.689018
v -5.012522 -1.566567 4.689709
v -5.023345 -2.327907 4.561049
v -5.027129 -2.331806 4.560888
v -5.023699 -2.329968 4.561450
v -5.024542 -2.331432 4.561562
v -5.025748 -2.332078 4.561364
v -4.996348 -1.625193 4.395835
v -5.000254 -1.619738 4.395043
v -4.996573 -1.622862 4.395324
v -4.997393 -1.621007 4.394994
v -4.998686 -1.619909 4.394894
v -5.018240 -3.983024 2.346595
v -5.021807 -3.980547 2.344356
v -5.018336 -3.981830 2.345529
v -5.019045 -3.980943 2.344730
v -5.020266 -3.980489 2.344318
v -5.079592 -4.330944 2.656415
v -5.083735 -4.332334 2.657791
v -5.080084 -4.332045 2.657406
v -5.081042 -4.332696 2.658016
v -5.082327 -4.332798 2.658151
v -5.007361 -4.723576 1.260769
v -5.011115 -4.726799 1.251302
v -5.007544 -4.724988 1.257288
v -5.008322 -4.726097 1.254267
v -5.009573 -4.726733 1.252165
v -4.985732 -4.418430 1.386030
v -4.989172 -4.417472 1.380292
v -4.985777 -4.417819 1.383626
v -4.986449 -4.417422 1.381691
v -4.987639 -4.417300 1.380520
v -5.065135 -4.616830 2.110681
v -5.069384 -4.616621 2.115216
v -5.065661 -4.617322 2.112884
v -5.066657 -4.617456 2.114519
v -5.067965 -4.617209 2.115338
v -5.181410 -3.578718 3.536983
v -5.184397 -3.573542 3.532727
v -5.182730 -3.577756 3.536196
v -5.183760 -3.576437 3.535111
v -5.184344 -3.574955 3.533893
v -5.136076 -3.671571 2.859989
v -5.140788 -3.675713 2.863430
v -5.137702 -3.672129 2.860458
v -5.139170 -3.673114 2.861277
v -5.140254 -3.674372 2.862321
v -5.185263 -3.958253 3.096825
v -5.188250 -3.953078 3.092570
v -5.186579 -3.957291 3.096039
v -5.187609 -3.955969 3.094953
v -5.188197 -3.954491 3.093735
v -5.132224 -3.292045 3.300156
v -5.136939 -3.296193 3.303602
v -5.133852 -3.292607 3.300627
v -5.135321 -3.293592 3.301447
v -5.136405 -3.294852 3.302491
v -5.120265 -2.883433 3.677686
v -5.124983 -2.887613 3.681157
v -5.121893 -2.883995 3.678158
v -5.123362 -2.884988 3.678983
v -5.124445 -2.886258 3.680036
v -5.169531 -3.170569 3.914895
v -5.172514 -3.165374 3.910621
v -5.170847 -3.169607 3.914107
v -5.171877 -3.168281 3.913018
v -5.172461 -3.166794 3.911793
v -5.150565 -2.747225 4.226175
v -5.153567 -2.741864 4.221964
v -5.151885 -2.746249 4.225392
v -5.152918 -2.744887 4.224315
v -5.153510 -2.743347 4.223112
v -5.102667 -2.445910 3.994147
v -5.107375 -2.450278 3.997573
v -5.104296 -2.446487 3.994615
v -5.105761 -2.447520 3.995431
v -5.106844 -2.448851 3.996469
v -5.115679 -1.551263 4.678358
v -5.119921 -1.559142 4.673493
v -5.117301 -1.551676 4.677841
v -5.118678 -1.553320 4.676736
v -5.119597 -1.555941 4.675208
v -5.123492 -2.281659 4.519976
v -5.126914 -2.273539 4.517433
v -5.124842 -2.280472 4.519319
v -5.125968 -2.278515 4.518606
v -5.126696 -2.276079 4.517943
v -5.108511 -1.640582 4.412777
v -5.112811 -1.648301 4.414594
v -5.110110 -1.641415 4.413122
v -5.111487 -1.643174 4.413589
v -5.112437 -1.645593 4.414106
v -5.130068 -4.001392 2.362090
v -5.134787 -4.005450 2.365728
v -5.131697 -4.001945 2.362576
v -5.133166 -4.002911 2.363437
v -5.134253 -4.004141 2.364545
v -5.180090 -4.282195 2.616883
v -5.183081 -4.277107 2.612436
v -5.181410 -4.281238 2.616081
v -5.182444 -4.279936 2.614954
v -5.183028 -4.278485 2.613674
v -5.112944 -4.712262 1.239803
v -5.117434 -4.707235 1.249846
v -5.114542 -4.711703 1.240422
v -5.115958 -4.710549 1.242549
v -5.116972 -4.708982 1.245859
v -5.097430 -4.438315 1.398024
v -5.102309 -4.440476 1.406021
v -5.099070 -4.438724 1.398843
v -5.100573 -4.439278 1.400649
v -5.101714 -4.439892 1.403170
v -5.165705 -4.566498 2.074322
v -5.168601 -4.563362 2.065974
v -5.167025 -4.565688 2.073221
v -5.168036 -4.564807 2.071247
v -5.168593 -4.563992 2.068703
v -5.016318 -4.709233 0.694757
v -5.016524 -4.710909 0.695161
v -5.016398 -4.710761 0.693789
v -5.070117 -1.061281 4.673813
v -5.070178 -1.061752 4.675717
v -5.070151 -1.060134 4.674518
v -5.070185 -1.060390 4.675549
v -5.059836 -2.063258 4.690286
v -5.059657 -2.054838 4.692457
v -5.059752 -2.061494 4.691142
v -5.059687 -2.059276 4.691856
v -5.059653 -2.056939 4.692317
v -4.688906 -1.124643 5.131982
v -4.679869 -5.184450 0.900348
vn -0.5348 0.7197 0.4428
vn -0.4137 0.8106 0.4145
vn -0.4825 0.7315 0.4817
vn -0.5007 -0.6222 0.6018
vn -0.5814 -0.5854 0.5651
vn -0.5833 -0.5841 0.5644
vn 0.4010 0.3956 0.8262
vn 0.4569 0.4565 0.7635
vn 0.4288 0.4264 0.7965
vn 0.4108 0.3906 0.8238
vn 0.3006 0.3546 0.8854
vn 0.3517 0.3313 0.8755
vn -0.5781 -0.5870 0.5667
vn -0.5096 -0.5186 0.6866
vn -0.5801 -0.5877 0.5640
vn 0.4319 0.5646 0.7034
vn 0.3664 0.5413 0.7569
vn -0.8011 0.3553 -0.4816
vn -0.8054 0.4232 -0.4150
vn -0.8012 0.3563 -0.4807
vn 0.4362 0.4318 0.7895
vn 0.4484 0.4316 0.7827
vn 0.4359 0.4318 0.7897
vn -0.6541 -0.5443 0.5253
vn -0.5805 -0.5881 0.5632
vn -0.4966 -0.5051 0.7059
vn -0.5762 -0.3631 0.7322
vn -0.5739 -0.5930 0.5648
vn -0.5760 -0.5924 0.5633
vn -0.5119 -0.5248 0.6801
vn -0.8007 0.4275 -0.4196
vn -0.7903 0.4369 -0.4296
vn -0.8008 0.4274 -0.4195
vn 0.4070 0.3943 0.8239
vn 0.5456 0.3943 0.7395
vn 0.4481 0.4329 0.7822
vn -0.5813 -0.5858 0.5647
vn -0.5620 -0.7585 0.3299
vn -0.5778 -0.5926 0.5612
vn 0.4367 0.5588 0.7050
vn 0.5414 0.3972 0.7410
vn -0.6179 -0.6247 0.4775
vn -0.5802 -0.5881 0.5635
vn -0.8555 0.3751 -0.3569
vn -0.8116 0.4723 -0.3440
vn -0.8641 0.3993 -0.3063
vn 0.4179 -0.8053 -0.4204
vn 0.5330 -0.7446 -0.4019
vn 0.5216 -0.7594 -0.3889
vn -0.5115 -0.4150 -0.7524
vn -0.4058 -0.3956 -0.8239
vn -0.4596 -0.3393 -0.8208
vn 0.7538 -0.4712 0.4579
vn 0.8132 -0.4655 0.3493
vn 0.7404 -0.5199 0.4260
vn 0.3692 -0.8651 -0.3396
vn 0.3741 -0.8086 -0.4542
vn 0.3139 -0.8740 -0.3709
vn -0.8588 0.2933 -0.4200
vn -0.8641 0.3587 -0.3530
vn -0.8048 0.4237 -0.4156
vn -0.6788 -0.5259 0.5125
vn -0.4596 -0.4503 -0.7655
vn -0.3483 -0.4499 -0.8224
vn 0.2926 -0.8417 -0.4538
vn 0.4360 -0.7865 -0.4373
vn -0.5152 -0.5262 0.6766
vn -0.3575 0.8076 0.4690
vn -0.4442 0.7180 0.5359
vn 0.7406 -0.4366 0.5107
vn 0.8149 -0.4149 0.4047
vn -0.8634 0.3598 -0.3537
vn -0.5805 -0.5875 0.5639
vn -0.6512 -0.5471 0.5259
vn -0.5378 -0.5865 0.6057
vn -0.5255 -0.5332 0.6630
vn 0.3908 0.2916 0.8731
vn 0.4638 0.3347 0.8203
vn 0.3970 -0.8722 -0.2856
vn 0.4297 -0.8105 -0.3981
vn -0.5754 -0.5934 0.5628
vn -0.6549 -0.5437 0.5249
vn -0.6548 -0.5429 0.5258
vn 0.3443 -0.8076 -0.4788
vn 0.4362 -0.7867 -0.4369
vn -0.5836 -0.5839 0.5643
vn -0.8631 0.3590 -0.3554
vn -0.7903 0.4367 -0.4297
vn -0.8049 0.4237 -0.4156
vn -0.5365 -0.6627 0.5224
vn -0.8651 0.3231 -0.3836
vn -0.8149 0.4195 -0.3999
vn -0.6483 -0.5503 0.5261
vn -0.8565 0.3662 -0.3637
vn -0.7566 0.5257 -0.3889
vn 0.4562 0.4567 0.7638
vn -0.7590 0.5171 -0.3956
vn -0.4422 0.7334 0.5164
vn -0.8785 0.3787 -0.2912
vn -0.8127 0.3639 -0.4551
vn -0.8682 0.3593 -0.3422
vn 0.3189 -0.8737 -0.3674
vn 0.7363 -0.5155 0.4383
vn 0.8124 -0.3603 0.4585
vn 0.7542 -0.4704 0.4582
vn -0.6225 -0.5867 0.5180
vn -0.5784 -0.6245 0.5248
vn 0.3654 0.3451 0.8645
vn 0.3551 0.4452 0.8220
vn -0.4601 -0.4509 -0.7649
vn -0.5090 -0.4256 -0.7481
vn -0.4321 -0.5003 -0.7503
vn 0.4810 -0.8072 -0.3423
vn 0.3709 -0.8637 -0.3413
vn -0.5872 -0.5584 0.5860
vn 0.5260 -0.7466 -0.4073
vn -0.5384 -0.6258 0.5644
vn 0.3720 0.2804 0.8849
vn -0.6059 -0.5298 0.5934
vn -0.5984 -0.5567 0.5762
vn -0.4662 0.8086 0.3589
vn -0.4685 0.7493 0.4680
vn -0.6899 0.4060 0.5994
vn -0.6790 0.6645 0.3122
vn -0.7783 -0.0217 0.6276
vn -0.8053 0.3652 0.4670
vn -0.8162 0.5581 0.1496
vn -0.7911 0.2543 0.5563
vn -0.8597 0.3239 0.3949
vn -0.7230 -0.4070 0.5583
vn -0.6730 -0.3562 0.6482
vn -0.6698 -0.1455 0.7281
vn -0.7088 -0.2467 0.6609
vn -0.7063 0.0106 0.7078
vn -0.8483 0.0571 0.5264
vn -0.8881 0.4520 -0.0832
vn -0.9706 0.2271 -0.0792
vn -0.9439 0.2073 0.2570
vn -0.9740 0.0249 0.2251
vn 0.0826 0.1986 0.9766
vn 0.0888 0.4314 0.8978
vn 0.3146 0.3707 0.8738
vn -0.7225 -0.1399 0.6771
vn -0.2547 0.1887 0.9484
vn -0.2249 0.0037 0.9744
vn -0.1476 0.5451 0.8253
vn -0.7001 0.0116 0.7140
vn -0.3940 0.3104 0.8651
vn -0.6567 -0.3607 0.6623
vn -0.5659 -0.4145 0.7127
vn -0.6349 -0.0291 0.7721
vn -0.6630 -0.2530 0.7046
vn -0.5277 0.0429 0.8484
vn -0.3139 0.6573 0.6851
vn -0.6047 0.4023 0.6874
vn -0.4719 0.3529 0.8079
vn -0.5508 0.2516 0.7958
vn -0.5637 -0.6718 -0.4806
vn -0.3068 -0.6717 -0.6743
vn -0.4270 -0.5025 -0.7518
vn -0.5741 -0.8185 -0.0212
vn -0.4204 -0.8313 -0.3635
vn -0.1150 -0.8153 -0.5675
vn -0.3191 -0.9178 -0.2361
vn -0.2624 -0.8999 -0.3483
vn -0.5020 -0.7733 0.3873
vn -0.6012 -0.7244 0.3375
vn -0.3289 -0.9385 0.1051
vn -0.5139 -0.8250 0.2353
vn -0.4431 -0.8945 -0.0595
vn -0.3828 -0.9236 -0.0207
vn 0.1142 -0.8797 -0.4616
vn 0.0632 -0.9863 -0.1524
vn -0.1564 -0.9599 -0.2326
vn 0.7432 -0.6582 -0.1201
vn 0.4980 -0.8047 -0.3232
vn 0.8433 -0.5360 0.0380
vn 0.6932 -0.7147 -0.0934
vn 0.4311 -0.8727 -0.2291
vn 0.7379 -0.6695 0.0852
vn 0.5954 -0.7795 0.1946
vn 0.4063 0.1848 0.8949
vn 0.7372 0.1048 0.6675
vn 0.5047 0.3609 0.7842
vn 0.1747 -0.0495 0.9834
vn 0.6583 -0.0080 0.7528
vn 0.8424 -0.0632 0.5351
vn 0.7282 -0.2040 0.6543
vn 0.7262 -0.0809 0.6827
vn 0.3433 -0.7727 0.5339
vn 0.3702 -0.7085 0.6008
vn -0.0488 -0.4775 0.8773
vn 0.3974 -0.9114 0.1068
vn 0.5053 -0.3115 0.8047
vn 0.4952 -0.6670 0.5567
vn 0.0369 0.5606 0.8273
vn 0.2918 0.4503 0.8438
vn 0.1112 0.7366 0.6672
vn -0.1030 0.6409 0.7607
vn 0.0196 0.5118 0.8589
vn 0.0673 0.2819 0.9571
vn -0.1806 0.5466 0.8177
vn -0.8387 0.4600 -0.2914
vn -0.8745 0.4674 0.1295
vn -0.7326 0.6793 -0.0426
vn -0.9698 -0.0784 0.2311
vn -0.9654 0.2555 -0.0523
vn -0.6079 0.7860 0.1129
vn -0.7996 0.4685 0.3756
vn -0.8178 0.5335 0.2158
vn -0.2692 -0.0050 0.9631
vn -0.8077 -0.2662 0.5261
vn -0.6383 -0.0592 0.7675
vn -0.5352 0.0288 0.8442
vn -0.7641 -0.0851 0.6395
vn -0.7902 -0.0072 -0.6129
vn -0.9688 0.0703 -0.2377
vn -0.6829 -0.1908 -0.7051
vn -0.8826 -0.1807 -0.4340
vn -0.8646 -0.4799 -0.1490
vn -0.9707 -0.2314 0.0646
vn -0.7401 -0.6012 -0.3013
vn -0.0255 -0.8844 -0.4661
vn 0.0210 -0.7751 -0.6315
vn 0.2200 -0.8983 -0.3804
vn -0.2963 -0.9231 -0.2453
vn -0.1706 -0.8240 -0.5403
vn -0.1757 -0.6331 -0.7539
vn -0.2258 -0.8598 -0.4579
vn -0.8097 -0.5451 0.2172
vn -0.2664 -0.9638 -0.0122
vn -0.6209 -0.7838 0.0132
vn 0.0291 -0.9699 -0.2419
vn 0.1702 -0.9844 -0.0456
vn 0.4758 -0.8746 -0.0929
vn -0.1035 -0.9375 0.3323
vn 0.2416 -0.9559 0.1671
vn 0.5688 -0.8128 0.1258
vn 0.2459 -0.9260 0.2865
vn 0.3378 -0.9029 0.2658
vn -0.3531 -0.7249 0.5914
vn -0.3983 -0.7710 0.4969
vn 0.0111 -0.8219 0.5695
vn -0.2429 -0.8229 0.5136
vn 0.0381 -0.9209 0.3879
vn 0.0560 -0.8932 0.4461
vn 0.6679 -0.6774 0.3082
vn 0.4658 -0.6843 0.5610
vn 0.3590 -0.8306 0.4256
vn 0.4641 0.0820 0.8820
vn 0.2043 0.0539 0.9774
vn 0.5699 -0.1418 0.8094
vn 0.2455 -0.2034 0.9478
vn -0.0653 -0.3752 0.9246
vn 0.3634 -0.3308 0.8709
vn 0.0995 -0.5482 0.8304
vn 0.4754 -0.5767 0.6644
vn 0.6738 -0.3148 0.6685
vn 0.0553 -0.6112 0.7895
vn 0.3925 -0.4413 0.8070
vn 0.3166 -0.4368 0.8420
vn -0.3715 -0.5388 0.7561
vn -0.3151 -0.6426 0.6984
vn -0.1928 -0.5968 0.7789
vn 0.0906 -0.4639 0.8812
vn -0.6699 -0.2905 -0.6833
vn -0.6688 -0.5568 -0.4927
vn -0.8105 -0.1147 -0.5744
vn -0.8128 -0.4189 -0.4047
vn -0.7991 -0.5966 -0.0743
vn -0.8492 -0.4131 -0.3289
vn -0.8892 -0.4455 -0.1038
vn -0.9751 0.0832 -0.2054
vn -0.8799 0.1119 -0.4618
vn -0.9336 -0.3542 0.0539
vn -0.9512 -0.1798 -0.2509
vn -0.8388 -0.5324 -0.1135
vn -0.8757 -0.3078 -0.3720
vn -0.7098 -0.6390 0.2965
vn -0.7681 -0.5308 0.3581
vn -0.7883 -0.5894 0.1765
vn -0.6420 -0.5626 -0.5209
vn -0.6300 -0.2777 -0.7252
vn -0.7334 -0.6535 -0.1874
vn -0.7560 -0.4100 -0.5104
vn -0.7658 -0.0507 -0.6411
vn -0.8292 -0.5078 -0.2334
vn -0.8642 -0.1910 -0.4655
vn -0.7368 -0.5636 0.3735
vn -0.8765 -0.4761 0.0709
vn -0.7441 -0.6429 0.1816
vn -0.8602 -0.4108 0.3022
vn -0.9703 -0.2256 -0.0870
vn -0.9080 -0.3089 -0.2830
vn -0.8533 0.1682 -0.4936
vn -0.9792 0.1095 -0.1710
vn -0.8778 0.3098 -0.3655
vn -0.9513 -0.0201 -0.3075
vn -0.9861 -0.1483 0.0746
vn -0.2794 -0.6254 -0.7286
vn -0.5645 -0.6356 -0.5267
vn -0.0491 -0.7613 -0.6465
vn -0.4083 -0.7525 -0.5167
vn -0.6526 -0.7325 -0.1936
vn -0.1866 -0.8608 -0.4734
vn -0.5053 -0.8287 -0.2406
vn 0.1207 -0.9769 -0.1764
vn 0.1721 -0.8498 -0.4982
vn -0.1393 -0.9879 0.0683
vn -0.0125 -0.9489 -0.3154
vn -0.2191 -0.9711 -0.0946
vn -0.5581 -0.7442 0.3671
vn -0.4709 -0.8799 0.0639
vn -0.4048 -0.8654 0.2953
vn -0.6393 -0.7487 0.1753
vn -0.3024 -0.9083 -0.2889
vn 0.1730 0.0825 0.9815
vn 0.4951 0.1393 0.8576
vn -0.0771 -0.1693 0.9825
vn 0.3046 -0.0469 0.9513
vn 0.6373 -0.0781 0.7666
vn 0.0813 -0.2481 0.9653
vn 0.4588 -0.2181 0.8614
vn -0.3836 -0.5695 0.7270
vn -0.0811 -0.4911 0.8673
vn -0.3096 -0.4231 0.8516
vn -0.1949 -0.6515 0.7332
vn 0.2217 -0.5275 0.8201
vn 0.2736 -0.3329 0.9024
vn 0.7166 -0.3029 0.6283
vn 0.5068 -0.5823 0.6357
vn 0.7377 -0.4465 0.5063
vn 0.4990 -0.4343 0.7499
vn 0.1733 -0.6687 0.7231
vn 0.1546 0.4819 0.8625
vn 0.1033 0.1581 0.9820
vn -0.0649 0.6281 0.7754
vn -0.0293 0.2936 0.9555
vn -0.1525 -0.0903 0.9842
vn -0.2030 0.4505 0.8694
vn -0.2324 0.0705 0.9700
vn -0.5753 0.5026 0.6452
vn -0.2934 0.7100 0.6401
vn -0.6612 0.1666 0.7315
vn -0.4221 0.4936 0.7604
vn -0.5166 0.2153 0.8288
vn -0.5617 -0.3900 0.7296
vn -0.4797 -0.0890 0.8729
vn -0.6444 -0.2016 0.7376
vn -0.4118 -0.3186 0.8538
vn -0.3173 0.2653 0.9104
vn -0.6342 0.7129 0.2993
vn -0.6480 0.5005 0.5742
vn -0.5163 0.7315 0.4454
vn -0.7670 0.6376 0.0718
vn -0.7583 0.4946 0.4246
vn -0.7371 0.1694 0.6542
vn -0.8643 0.4584 0.2071
vn -0.8294 0.2196 0.5137
vn -0.9791 0.1790 -0.0969
vn -0.8542 0.4986 -0.1474
vn -0.9859 -0.0716 0.1510
vn -0.9511 0.3071 0.0338
vn -0.9695 0.0836 0.2304
vn -0.7410 -0.3833 0.5513
vn -0.8771 -0.0804 0.4736
vn -0.8620 -0.3059 0.4041
vn -0.7472 -0.1974 0.6346
vn -0.9083 0.2727 0.3171
vn 0.5046 -0.8502 -0.1501
vn 0.1853 -0.9779 -0.0970
vn 0.3867 -0.8752 -0.2908
vn 0.6421 -0.7636 0.0677
vn 0.3116 -0.9497 0.0314
vn -0.0669 -0.9865 0.1495
vn 0.4614 -0.8636 0.2033
vn 0.0876 -0.9698 0.2278
vn 0.5043 -0.6511 0.5672
vn 0.7168 -0.6324 0.2936
vn 0.1725 -0.7414 0.6485
vn 0.4991 -0.7576 0.4206
vn 0.2229 -0.8309 0.5099
vn -0.3806 -0.7454 0.5473
vn -0.0780 -0.8799 0.4687
vn -0.1941 -0.7516 0.6303
vn -0.3041 -0.8642 0.4008
vn 0.2766 -0.9086 0.3131
vn 0.2760 0.2686 0.9229
vn 0.1242 0.1174 0.9853
vn 0.0516 0.0422 0.9978
vn -0.0009 -0.0088 1.0000
vn -0.0812 -0.0911 0.9925
vn -0.4277 -0.4379 0.7908
vn 0.3246 0.3200 0.8901
vn -0.3959 -0.4048 0.8243
vn -0.9765 0.1523 -0.1526
vn -0.9768 0.1522 -0.1504
vn -0.9822 -0.1371 0.1286
vn -0.9815 -0.1401 0.1305
vn -0.8384 -0.3926 0.3781
vn -0.8370 -0.3954 0.3782
vn 0.3575 -0.8611 -0.3616
vn 0.2356 -0.9413 -0.2420
vn -0.2503 -0.9384 0.2383
vn 0.1558 -0.9742 -0.1635
vn -0.1351 -0.9831 0.1238
vn 0.7574 -0.6352 -0.1512
vn 0.8625 -0.5039 0.0465
vn 0.8676 -0.0565 0.4940
vn 0.7665 0.1412 0.6265
vn 0.7481 -0.6428 -0.1646
vn 0.8627 -0.5035 0.0464
vn 0.8687 -0.0625 0.4913
vn 0.7615 0.1472 0.6312
vn -0.6038 -0.1335 -0.7859
vn -0.1440 -0.6028 -0.7848
vn 0.2737 -0.7959 -0.5401
vn -0.7901 0.2836 -0.5434
vn -0.7897 0.2858 -0.5428
vn -0.6034 -0.1355 -0.7859
vn -0.6038 -0.1337 -0.7859
vn -0.1432 -0.6028 -0.7850
vn -0.1441 -0.6022 -0.7852
vn 0.2748 -0.7951 -0.5407
vn 0.1761 0.7845 0.5946
vn -0.0735 0.8552 0.5131
vn -0.4939 0.8687 0.0376
vn -0.6347 0.7580 -0.1506
vn 0.1842 0.7793 0.5990
vn -0.0283 0.8843 0.4660
vn -0.0269 0.8834 0.4679
vn -0.4912 0.8702 0.0375
vn -0.6452 0.7450 -0.1694
vn -0.6915 -0.6948 0.1979
vn -0.6946 -0.6929 -0.1937
vn -0.5935 -0.5871 -0.5506
vn -0.3245 -0.3370 0.8838
vn -0.0365 -0.0545 0.9978
vn 0.2112 0.1910 0.9586
vn -0.1234 -0.1400 0.9824
vn -0.6781 -0.3105 0.6662
vn -0.7112 0.0424 0.7017
vn -0.6342 0.4497 0.6290
vn -0.9798 0.1370 -0.1453
vn -0.9756 -0.1638 0.1464
vn -0.8248 -0.4113 0.3880
vn -0.9795 0.1410 -0.1439
vn -0.9780 -0.1531 0.1419
vn -0.8301 -0.4032 0.3851
vn -0.9778 0.1488 -0.1477
vn -0.9806 -0.1424 0.1349
vn -0.8351 -0.3968 0.3809
vn -0.3757 -0.8490 0.3716
vn -0.1132 -0.9859 0.1230
vn 0.1702 -0.9742 -0.1479
vn -0.2280 -0.6988 0.6781
vn 0.1641 -0.7079 0.6870
vn 0.5302 -0.6083 0.5906
vn 0.2671 0.2540 0.9296
vn 0.0250 0.0104 0.9996
vn -0.2882 -0.3019 0.9087
vn -0.8960 -0.3160 0.3121
vn -0.9875 -0.1091 0.1134
vn -0.9993 -0.0218 0.0290
vn -0.9516 0.2246 -0.2098
vn -0.5964 -0.5901 -0.5441
vn -0.6962 -0.6946 -0.1813
vn -0.6899 -0.6934 0.2079
vn -0.6470 -0.6527 0.3942
vn 0.1570 0.1370 0.9780
vn -0.1201 -0.1368 0.9833
vn -0.3792 -0.3902 0.8390
vn -0.4894 -0.4968 0.7167
vn -0.6038 0.5253 0.5996
vn -0.7023 0.1595 0.6938
vn -0.6941 -0.2290 0.6825
vn -0.6503 -0.4126 0.6379
vn 0.1749 -0.9727 -0.1524
vn -0.1073 -0.9873 0.1174
vn -0.3726 -0.8516 0.3687
vn -0.4859 -0.7336 0.4752
vn 0.5312 -0.6075 0.5906
vn 0.1662 -0.7077 0.6867
vn -0.2236 -0.7000 0.6782
vn -0.4088 -0.6560 0.6344
vn -0.9749 0.1636 -0.1512
vn -0.9859 -0.1162 0.1203
vn -0.8473 -0.3782 0.3729
vn -0.7273 -0.4902 0.4804
vn 0.5899 0.1794 0.7873
vn 0.7073 -0.0135 0.7068
vn 0.7834 -0.2060 0.5864
vn 0.6011 -0.7766 -0.1884
vn 0.7135 -0.7006 0.0020
vn 0.7861 -0.5870 0.1938
vn 0.2153 -0.7798 -0.5879
vn 0.0146 -0.7012 -0.7128
vn -0.1865 -0.5801 -0.7929
vn -0.7832 0.2080 -0.5860
vn -0.7052 0.0143 -0.7089
vn -0.5864 -0.1816 -0.7894
vn -0.5900 0.7815 0.2026
vn -0.7054 0.7088 0.0075
vn -0.7813 0.5954 -0.1872
vn -0.1991 0.7767 0.5976
vn -0.0008 0.6974 0.7167
vn 0.1969 0.5759 0.7935
vn 0.3457 -0.8074 -0.4781
vn 0.7548 -0.6555 -0.0255
vn -0.9065 0.3765 0.1911
vn -0.6325 0.1610 0.7577
vn -0.8382 -0.2623 -0.4781
vn 0.8639 -0.5015 0.0464
vn -0.7899 0.2859 -0.5425
vn -0.6033 -0.1357 -0.7859
vn -0.0283 0.8844 0.4658
vn -0.8518 -0.4658 -0.2399
vn -0.8515 -0.4661 -0.2403
vn -0.8512 -0.4664 -0.2407
vn -0.0826 -0.0320 -0.9961
vn -0.0024 0.0226 -0.9997
vn -0.0802 -0.0360 -0.9961
vn -0.7123 -0.6131 0.3416
vn -0.6460 -0.6297 0.4315
vn -0.6822 -0.5897 0.4323
vn 0.0655 0.0874 -0.9940
vn 0.6145 0.7346 0.2879
vn 0.5546 0.7406 0.3794
vn 0.5730 0.7683 0.2852
vn -0.0602 -0.0562 -0.9966
vn -0.0643 -0.0524 -0.9966
vn -0.7462 -0.5717 0.3412
vn -0.7148 -0.5500 0.4319
vn 0.7740 0.5660 0.2839
vn 0.7921 0.4829 0.3733
vn 0.7482 0.5449 0.3786
vn 0.6950 0.6587 0.2883
vn 0.6326 0.6734 0.3825
vn 0.6542 0.6993 0.2880
vn -0.0681 -0.0485 -0.9965
vn -0.0724 -0.0446 -0.9964
vn 0.0618 0.0916 -0.9939
vn 0.5063 0.7762 0.3757
vn 0.5227 0.8048 0.2812
vn -0.4655 -0.8251 0.3201
vn -0.4913 -0.7647 0.4169
vn -0.5129 -0.7940 0.3264
vn -0.5570 -0.7612 0.3323
vn -0.5724 -0.7003 0.4265
vn -0.5977 -0.7281 0.3357
vn 0.4442 0.8163 0.3693
vn 0.4585 0.8448 0.2760
vn 0.3883 0.8475 0.3620
vn 0.4012 0.8753 0.2699
vn -0.3880 -0.8671 0.3124
vn -0.4038 -0.8215 0.4025
vn -0.4206 -0.8508 0.3150
vn -0.0559 -0.0606 -0.9966
vn 0.3604 0.8614 0.3579
vn 0.3730 0.8881 0.2687
vn 0.4617 0.8067 0.3690
vn 0.5721 0.7384 0.3569
vn -0.1831 -0.9501 0.2524
vn -0.3731 -0.8387 0.3967
vn 0.0026 0.0220 -0.9998
vn -0.0391 -0.0584 -0.9975
vn -0.0503 -0.0639 -0.9967
vn -0.7729 -0.5359 0.3398
vn -0.7406 -0.5158 0.4307
vn -0.7888 -0.5114 0.3410
vn -0.7568 -0.4927 0.4295
vn 0.8558 0.4389 0.2738
vn 0.8451 0.3930 0.3625
vn 0.8284 0.4235 0.3665
vn 0.0695 0.0834 -0.9941
vn -0.7974 -0.4990 0.3393
vn -0.7648 -0.4809 0.4288
vn -0.8199 -0.4577 0.3439
vn -0.7899 -0.4415 0.4256
vn 0.8722 0.4074 0.2708
vn 0.8252 0.4290 0.3675
vn -0.0023 0.0226 -0.9997
vn 0.0774 0.0727 -0.9943
vn -0.6177 -0.6044 0.5032
vn -0.6521 -0.5659 0.5045
vn 0.0024 -0.0226 0.9997
vn -0.0463 -0.0888 0.9950
vn 0.5945 0.7078 0.3814
vn 0.5337 0.7106 0.4586
vn 0.0465 0.0476 0.9978
vn -0.0042 -0.0234 0.9997
vn 0.0346 0.0543 0.9979
vn -0.6835 -0.5282 0.5039
vn -0.7082 -0.4956 0.5028
vn 0.6719 0.6342 0.3825
vn 0.6829 0.5669 0.4608
vn 0.6460 0.6075 0.4622
vn 0.6083 0.6453 0.4621
vn 0.7101 0.5919 0.3813
vn 0.7194 0.5214 0.4588
vn -0.6089 -0.6669 0.4295
vn -0.5338 -0.7325 0.4224
vn -0.5475 -0.6719 0.4987
vn -0.5107 -0.7030 0.4949
vn 0.4271 0.7858 0.4474
vn 0.0517 0.0436 0.9977
vn 0.0018 -0.0224 0.9997
vn -0.4465 -0.7953 0.4100
vn -0.4705 -0.7344 0.4892
vn -0.4281 -0.7642 0.4824
vn 0.3454 0.8320 0.4341
vn -0.0165 -0.0309 0.9994
vn 0.0168 0.0576 0.9982
vn -0.3880 -0.7904 0.4741
vn -0.1885 -0.9180 0.3489
vn -0.3597 -0.8091 0.4646
vn 0.4167 0.7535 0.5086
vn -0.0631 -0.0718 0.9954
vn 0.7623 0.4620 0.4533
vn 0.7987 0.4053 0.4448
vn -0.7240 -0.4738 0.5012
vn -0.7321 -0.4627 0.4999
vn -0.0670 -0.0663 0.9956
vn -0.0654 -0.0684 0.9955
vn 0.8161 0.3769 0.4382
vn 0.7812 0.3945 0.4838
vn -0.7552 -0.4328 0.4923
vn 0.7345 0.6149 0.2870
vn -0.9977 0.0295 -0.0605
vn -0.9383 -0.0288 0.3447
vn -0.9993 -0.0031 0.0385
vn -0.9061 -0.0466 0.4204
vn -0.9905 -0.0219 0.1356
vn 0.0647 0.0303 0.9974
vn 0.0680 0.0263 0.9973
vn 0.5721 0.6789 0.4602
vn 0.0614 0.0340 0.9975
vn -0.0022 0.0226 -0.9997
vn 0.0833 0.0682 -0.9942
vn -0.0761 -0.0400 -0.9963
vn 0.0770 0.0174 0.9969
vn 0.0022 -0.0226 0.9997
vn 0.0023 -0.0226 0.9997
vn 0.0071 -0.9957 -0.0927
vn 0.1233 -0.9631 -0.2393
vn -0.0276 -0.9996 0.0116
vn 0.0785 -0.9963 -0.0349
vn -0.0486 -0.9925 0.1118
vn -0.0426 -0.0922 0.9948
vn -0.6359 -0.6935 0.3386
vn -0.0600 -0.0754 0.9954
vn -0.5822 -0.6398 0.5018
vn -0.1009 0.0269 -0.9945
vn 0.0882 0.0661 -0.9939
vn -0.1548 -0.0106 -0.9879
vn -0.0858 -0.0287 -0.9959
vn -0.0954 -0.0494 0.9942
vn -0.0686 -0.0658 0.9955
vn 0.0813 0.0155 0.9966
vn -0.0946 -0.0246 0.9952
vn 0.0141 0.0266 -0.9995
vn -0.0232 -0.0369 -0.9991
vn 0.0542 0.0984 -0.9937
vn -0.0018 0.0223 -0.9997
vn 0.4872 0.7455 0.4548
vn -0.0591 -0.1451 0.9876
vn -0.0322 -0.0510 0.9982
vn 0.0581 0.0951 -0.9938
vn 0.0506 0.1009 -0.9936
vn 0.0579 0.0373 0.9976
vn 0.8188 0.5015 0.2793
vn 0.0709 0.9840 0.1634
vn 0.0007 0.9981 0.0616
vn 0.0989 0.9945 0.0344
vn 0.0716 0.0211 0.9972
vn 0.0291 0.0415 -0.9987
vn 0.0083 -0.0116 -0.9999
vn 0.0717 0.1216 -0.9900
vn 0.0395 -0.0461 -0.9982
vn 0.0012 0.0481 0.9988
vn -0.0458 -0.1543 0.9870
vn -0.0124 -0.0577 0.9983
vn -0.0646 -0.1964 0.9784
vn -0.9657 0.0771 -0.2481
vn -0.8992 0.1350 -0.4162
vn -0.0848 -0.0298 -0.9959
vn -0.9587 0.2771 0.0645
vn -0.0465 -0.1142 0.9924
vn -0.6745 -0.6547 0.3412
vn 0.0547 0.0404 0.9977
vn -0.0416 -0.0982 0.9943
vn 0.0520 0.1017 -0.9935
vn 0.3723 0.8174 0.4395
vn -0.1941 -0.8875 0.4179
vn -0.0497 -0.0855 0.9951
vn -0.0533 -0.0827 0.9952
vn -0.0567 -0.0791 0.9953
vn 0.0730 0.0786 -0.9942
vn 0.0611 0.1073 -0.9924
vn -0.0150 -0.9997 -0.0217
vn -0.0036 -0.9998 -0.0200
vn -0.0019 -0.9998 -0.0210
vn 0.9947 -0.1027 -0.0046
vn 0.9969 -0.0026 0.0786
vn 1.0000 -0.0008 -0.0024
vn 0.9870 -0.1607 0.0102
vn 0.9952 -0.0983 -0.0046
vn 0.0960 -0.9882 -0.1195
vn -0.0009 -0.9997 -0.0224
vn -0.0011 -0.9928 -0.1199
vn -0.9999 -0.0125 0.0015
vn -1.0000 -0.0031 0.0045
vn -0.9928 -0.0859 0.0839
vn 0.0008 0.9866 0.1630
vn -0.0745 0.9894 0.1247
vn -0.0919 0.0265 -0.9954
vn -0.3071 -0.0713 -0.9490
vn -0.1868 0.0247 -0.9821
vn -0.0719 -0.9962 0.0493
vn -0.0754 -0.9958 -0.0524
vn 0.0048 -0.0185 0.9998
vn 0.0181 0.0052 0.9998
vn -0.0003 -0.0089 1.0000
vn -0.0224 0.9971 0.0726
vn 0.0025 0.9997 0.0236
vn 0.0304 0.9943 0.1023
vn 0.0952 -0.0242 0.9952
vn -0.0653 -0.0917 0.9936
vn 0.0016 -0.1062 0.9943
vn -0.0960 0.9927 -0.0735
vn -0.0962 0.9951 0.0237
vn 0.0108 -0.0148 0.9998
vn 0.1089 0.0942 0.9896
vn -1.0000 -0.0011 0.0050
vn -0.9951 0.0720 -0.0677
vn -0.9901 -0.0524 -0.1304
vn -1.0000 -0.0014 0.0040
vn -0.6950 -0.7102 0.1123
vn -0.7237 -0.6265 0.2893
vn -0.6848 -0.6426 0.3437
vn 0.9631 0.0003 0.2691
vn 0.9948 0.1015 0.0011
vn 0.9840 -0.0011 0.1780
vn -0.0008 -0.9997 -0.0224
vn -0.0967 -0.9951 -0.0206
vn 0.0010 -0.9998 -0.0211
vn 0.0859 -0.9903 -0.1089
vn 0.1730 -0.9844 0.0326
vn 0.0157 0.0026 0.9999
vn -0.0040 -0.0334 0.9994
vn -0.0051 0.0542 0.9985
vn -0.6399 -0.7490 -0.1718
vn -0.7009 -0.7101 0.0673
vn 0.6068 0.6097 -0.5099
vn 0.5161 0.6152 -0.5960
vn 0.4716 0.7484 -0.4662
vn -1.0000 0.0005 0.0015
vn -0.9953 -0.0968 0.0019
vn -0.9897 -0.1033 0.0990
vn -0.0025 -0.9998 -0.0216
vn -0.0028 -0.9939 -0.1102
vn -0.0111 -0.0180 0.9998
vn 0.0814 -0.0175 0.9965
vn -0.0031 -0.1334 0.9911
vn 0.2103 -0.0787 0.9745
vn -0.0025 -0.9972 0.0750
vn -0.1300 0.0990 -0.9866
vn -0.0028 0.1244 -0.9922
vn 0.2177 -0.6668 0.7127
vn 0.1888 -0.7093 0.6791
vn 0.1541 -0.7133 0.6837
vn -0.0022 -0.9998 -0.0193
vn -0.0490 -0.9849 -0.1661
vn 0.1085 -0.7703 0.6284
vn -0.0020 -0.7563 0.6542
vn -0.1874 0.0275 -0.9819
vn -0.1668 -0.0534 -0.9845
vn -0.0055 -0.0214 0.9998
vn -0.1074 -0.0173 0.9941
vn -0.1005 -0.1201 0.9877
vn -0.9998 -0.0014 0.0175
vn -1.0000 0.0024 0.0040
vn -0.9937 0.1115 0.0065
vn 0.0223 -0.9989 -0.0422
vn -0.0498 0.1372 0.9893
vn -0.0545 0.9483 0.3128
vn 0.0002 0.9880 0.1541
vn 0.9885 -0.1307 -0.0763
vn 0.9950 0.0014 -0.1003
vn -0.7037 -0.0536 0.7085
vn -0.7591 -0.0138 0.6508
vn -0.7041 -0.0152 0.7099
vn 0.6065 0.5287 -0.5939
vn 0.7361 0.4829 -0.4743
vn -0.6659 -0.0769 0.7420
vn -0.6439 -0.0164 0.7649
vn 0.0685 -0.1091 -0.9917
vn -0.0024 0.0223 -0.9997
vn -0.0027 -0.0848 -0.9964
vn -0.9948 -0.0037 0.1015
vn -1.0000 -0.0024 0.0026
vn -0.0600 0.9979 0.0239
vn 0.0012 0.9972 -0.0742
vn -0.9894 0.1295 0.0655
vn 0.4658 0.4829 -0.7415
vn 0.5806 0.5845 -0.5668
vn -0.0928 -0.9932 0.0706
vn 0.9903 -0.0953 -0.1015
vn -0.6998 -0.1267 0.7030
vn -0.6846 -0.1676 0.7094
vn -0.7653 -0.1718 0.6203
vn 0.9911 0.0904 0.0981
vn 0.9630 -0.0065 0.2695
vn -0.6670 -0.5823 0.4648
vn -0.6976 -0.7138 -0.0627
vn -0.6943 -0.7005 0.1648
vn 0.2364 -0.6435 0.7280
vn 0.0897 -0.7195 0.6887
vn -0.0991 0.1217 -0.9876
vn -0.0540 -0.7853 0.6167
vn -0.0004 -0.0128 0.9999
vn -0.0775 -0.0921 0.9927
vn 0.8958 -0.0459 0.4421
vn 0.9211 -0.0835 0.3803
vn 0.8652 -0.0374 0.5001
vn 0.0964 0.9867 0.1309
vn -0.9995 0.0249 -0.0187
vn -0.9905 0.1018 -0.0922
vn -1.0000 0.0014 0.0024
vn -0.9949 0.1003 0.0047
vn -0.9949 -0.0708 0.0715
vn -0.9958 0.0298 0.0867
vn 0.0906 -0.9957 -0.0213
vn 0.0029 -1.0000 -0.0061
vn 0.0970 -0.9950 -0.0226
vn 0.0340 -0.9983 0.0475
vn 0.0954 0.0223 -0.9952
vn -0.0025 -0.0758 -0.9971
vn 0.0023 0.0726 0.9974
vn -0.0542 0.0308 0.9981
vn 0.0997 0.0725 0.9924
vn 0.0024 -0.0242 0.9997
vn -0.9946 0.0006 -0.1038
vn -0.9956 0.0037 -0.0932
vn -0.9971 -0.0714 -0.0245
vn -0.1321 0.9798 0.1502
vn -0.0963 -0.9926 0.0735
vn -0.0831 0.0221 -0.9963
vn -0.0571 -0.1115 -0.9921
vn -0.1060 -0.1373 -0.9848
vn -0.0622 0.9925 0.1055
vn -0.0099 0.9997 0.0224
vn -0.0665 0.9926 0.1015
vn -0.5853 -0.3751 0.7188
vn -0.6003 -0.4647 0.6508
vn -0.5595 -0.4649 0.6861
vn 0.0535 0.9975 -0.0470
vn 0.7298 -0.2486 -0.6369
vn 0.7397 -0.3437 -0.5786
vn 0.7636 -0.2495 -0.5955
vn -0.0869 0.9929 0.0816
vn -0.0832 0.9928 0.0857
vn -0.5417 -0.3757 0.7520
vn -0.5181 -0.4638 0.7186
vn 0.5570 -0.2500 -0.7920
vn 0.4765 -0.3414 -0.8101
vn 0.5396 -0.3456 -0.7677
vn 0.6516 -0.2531 -0.7151
vn 0.6709 -0.3475 -0.6551
vn 0.6933 -0.2514 -0.6754
vn -0.0798 0.9927 0.0900
vn -0.0753 0.9927 0.0937
vn 0.0579 0.9974 -0.0436
vn 0.7748 -0.3400 -0.5331
vn 0.7997 -0.2453 -0.5480
vn -0.8032 -0.3569 0.4770
vn -0.7393 -0.4515 0.4996
vn -0.7717 -0.3611 0.5236
vn -0.7373 -0.3672 0.5671
vn -0.6727 -0.4606 0.5790
vn -0.7030 -0.3710 0.6068
vn 0.8098 -0.3347 -0.4819
vn 0.8347 -0.2427 -0.4943
vn 0.8348 -0.3297 -0.4410
vn 0.8598 -0.2380 -0.4518
vn -0.8481 -0.3461 0.4011
vn -0.7985 -0.4373 0.4136
vn -0.8308 -0.3496 0.4331
vn -0.0908 0.9929 0.0771
vn 0.8457 -0.3271 -0.4217
vn 0.8705 -0.2360 -0.4319
vn 0.6717 -0.3503 -0.6527
vn 0.8352 -0.0728 -0.5450
vn -0.9389 -0.2836 0.1948
vn -0.8166 -0.4315 0.3834
vn -0.1002 0.9926 0.0687
vn -0.0955 0.9928 0.0728
vn -0.4976 -0.3730 0.7831
vn -0.4758 -0.4615 0.7487
vn -0.4553 -0.3712 0.8093
vn -0.4354 -0.4582 0.7749
vn 0.4278 -0.2432 -0.8705
vn 0.3852 -0.3325 -0.8608
vn 0.4161 -0.3359 -0.8450
vn 0.0493 0.9975 -0.0509
vn -0.4252 -0.3698 0.8261
vn -0.4069 -0.4553 0.7919
vn -0.1980 -0.3224 0.9256
vn -0.2022 -0.3874 0.8995
vn 0.3957 -0.2413 -0.8861
vn 0.6168 -0.3508 -0.7047
vn 0.0381 0.9976 -0.0580
vn -0.5733 -0.5351 0.6205
vn -0.5342 -0.5355 0.6541
vn 0.0099 -0.9997 -0.0224
vn -0.0552 -0.9981 0.0279
vn 0.7061 -0.3461 -0.6178
vn 0.7125 -0.4248 -0.5585
vn 0.0787 -0.9945 -0.0696
vn 0.0825 -0.9944 -0.0657
vn -0.4947 -0.5344 0.6853
vn -0.4546 -0.5321 0.7143
vn 0.6308 -0.3480 -0.6935
vn 0.5657 -0.4286 -0.7045
vn 0.6073 -0.4289 -0.6687
vn 0.6456 -0.4295 -0.6315
vn 0.5876 -0.3474 -0.7308
vn 0.5196 -0.4267 -0.7402
vn -0.6384 -0.4632 0.6147
vn -0.7060 -0.4569 0.5412
vn -0.6422 -0.5321 0.5517
vn -0.6747 -0.5276 0.5161
vn 0.7817 -0.4142 -0.4662
vn 0.0752 -0.9945 -0.0732
vn -0.7711 -0.4448 0.4556
vn -0.7069 -0.5228 0.4765
vn -0.7376 -0.5168 0.4347
vn 0.8180 -0.4045 -0.4090
vn 0.0100 -0.9997 -0.0224
vn 0.0862 -0.9943 -0.0628
vn -0.7652 -0.5081 0.3955
vn -0.9136 -0.3539 0.2003
vn -0.7839 -0.5005 0.3674
vn 0.7338 -0.4716 -0.4890
vn -0.0374 -0.9983 0.0439
vn 0.4591 -0.4218 -0.7819
vn 0.4010 -0.4157 -0.8163
vn -0.4165 -0.5284 0.7398
vn -0.3899 -0.5242 0.7571
vn -0.0304 -0.9982 0.0509
vn -0.0338 -0.9983 0.0474
vn 0.3721 -0.4095 -0.8330
vn 0.5677 -0.5173 -0.6404
vn -0.2066 -0.4526 0.8675
vn 0.6069 -0.2520 -0.7538
vn 0.0068 0.0424 0.9991
vn -0.0197 -0.0979 0.9950
vn -0.0353 -0.2009 0.9790
vn 0.0612 -0.9944 -0.0856
vn 0.0572 -0.9944 -0.0889
vn 0.6802 -0.4265 -0.5962
vn 0.0651 -0.9944 -0.0827
vn 0.0340 0.9973 -0.0646
vn -0.0713 0.9926 0.0981
vn 0.0479 -0.9941 -0.0975
vn -0.9981 0.0584 0.0196
vn -0.9732 0.2295 -0.0159
vn -0.9958 -0.0786 0.0464
vn -0.9985 0.0226 -0.0503
vn -0.9812 -0.1831 0.0618
vn -0.0586 -0.9980 0.0241
vn -0.6672 -0.3743 0.6440
vn -0.0411 -0.9983 0.0408
vn -0.6097 -0.5336 0.5860
vn -0.0076 0.9930 0.1177
vn 0.0315 0.9971 -0.0689
vn -0.0365 0.9910 0.1291
vn -0.0560 0.9919 0.1136
vn -0.0144 -0.9976 0.0683
vn -0.0286 -0.9981 0.0541
vn 0.0460 -0.9937 -0.1019
vn 0.0057 -0.9973 0.0731
vn -0.0100 0.9997 0.0224
vn -0.1046 0.9923 0.0666
vn 0.0650 0.9972 -0.0362
vn 0.7468 -0.4208 -0.5149
vn -0.0708 -0.9974 0.0155
vn 0.0100 -0.9997 -0.0225
vn 0.0619 0.9973 -0.0403
vn 0.0692 0.9971 -0.0322
vn 0.0687 -0.9945 -0.0795
vn 0.4911 -0.2470 -0.8354
vn 0.9738 -0.1870 0.1294
vn 0.9914 -0.1033 0.0804
vn 0.9742 -0.1817 0.1336
vn 0.0518 -0.9944 -0.0922
vn -0.0100 0.9997 0.0225
vn -0.1187 0.9917 0.0503
vn 0.0807 0.9965 -0.0226
vn -0.1061 0.9941 0.0225
vn 0.0897 -0.9940 -0.0619
vn -0.0796 -0.9967 -0.0158
vn -0.0063 -0.9985 -0.0548
vn -0.0839 -0.9965 0.0031
vn 0.0411 0.2476 0.9680
vn 0.1039 0.4269 0.8983
vn -0.0576 0.9924 0.1089
vn -0.0017 0.0951 0.9955
vn -0.0668 -0.9976 0.0172
vn -0.6279 -0.3748 0.6821
vn 0.0724 -0.9944 -0.0768
vn -0.0627 -0.9978 0.0206
vn 0.0720 0.9970 -0.0267
vn 0.8065 -0.4088 -0.4271
vn -0.8837 -0.4208 0.2047
vn -0.0517 -0.9982 0.0310
vn -0.0484 -0.9982 0.0341
vn -0.0450 -0.9983 0.0376
vn 0.0445 0.9975 -0.0544
vn 0.0781 0.9967 -0.0243
vn -0.4726 -0.7009 0.5342
vn -0.5573 -0.6264 0.5450
vn -0.5573 -0.6605 0.5032
vn 0.9993 -0.0325 0.0193
vn -0.1451 0.6737 -0.7246
vn -0.2418 0.6232 -0.7437
vn -0.1436 0.6329 -0.7608
vn 0.9742 -0.1637 0.1553
vn 0.9742 -0.1677 0.1509
vn -0.4718 -0.7331 0.4899
vn -0.5557 -0.6919 0.4610
vn -0.1452 0.8236 -0.5483
vn -0.2407 0.8470 -0.4739
vn -0.2435 0.8067 -0.5385
vn -0.1465 0.7498 -0.6453
vn -0.2446 0.6980 -0.6730
vn -0.1461 0.7110 -0.6878
vn 0.9739 -0.1727 0.1471
vn 0.9741 -0.1754 0.1423
vn 0.9992 -0.0359 0.0149
vn -0.2390 0.5760 -0.7818
vn -0.1413 0.5832 -0.7999
vn -0.4536 -0.4780 0.7522
vn -0.5427 -0.4815 0.6882
vn -0.4585 -0.5132 0.7256
vn -0.4643 -0.5542 0.6909
vn -0.5529 -0.5570 0.6197
vn -0.4680 -0.5928 0.6555
vn -0.2340 0.5125 -0.8262
vn -0.1373 0.5195 -0.8434
vn -0.2283 0.4520 -0.8623
vn -0.1335 0.4595 -0.8781
vn -0.4522 -0.4485 0.7710
vn -0.5330 -0.4293 0.7291
vn -0.4513 -0.4581 0.7658
vn 0.9743 -0.1595 0.1593
vn -0.2250 0.4206 -0.8789
vn -0.1320 0.4291 -0.8936
vn -0.2275 0.4602 -0.8582
vn 0.0211 0.6142 -0.7889
vn -0.4533 -0.4093 0.7918
vn -0.5314 -0.4216 0.7348
vn 0.9924 -0.0917 0.0815
vn 0.9818 -0.1347 0.1337
vn 0.9754 -0.1542 0.1577
vn -0.4692 -0.7628 0.4449
vn -0.5526 -0.7210 0.4180
vn -0.4662 -0.7877 0.4027
vn -0.5485 -0.7463 0.3772
vn -0.1414 0.8981 -0.4165
vn -0.2346 0.8945 -0.3807
vn -0.2369 0.8797 -0.4122
vn 0.9993 -0.0304 0.0232
vn -0.4646 -0.8038 0.3715
vn -0.5448 -0.7628 0.3484
vn -0.4080 -0.9013 0.1455
vn -0.4989 -0.8553 0.1398
vn -0.1414 0.9120 -0.3850
vn -0.2481 0.7457 -0.6183
vn 0.9991 -0.0226 0.0345
vn -0.6231 -0.5896 0.5139
vn -0.6232 -0.6221 0.4738
vn -0.9914 0.1033 -0.0804
vn -0.9985 0.0513 -0.0167
vn -0.2436 0.6616 -0.7092
vn -0.3255 0.6097 -0.7227
vn -0.9777 0.1485 -0.1485
vn -0.9931 0.0872 -0.0780
vn -0.9789 0.1273 -0.1601
vn -0.6213 -0.6526 0.4338
vn -0.6187 -0.6804 0.3928
vn -0.2451 0.7353 -0.6319
vn -0.3285 0.7515 -0.5721
vn -0.3296 0.7159 -0.6156
vn -0.3291 0.6806 -0.6546
vn -0.2448 0.7712 -0.5876
vn -0.3272 0.7861 -0.5244
vn -0.5558 -0.5914 0.5842
vn -0.5486 -0.5204 0.6543
vn -0.6189 -0.5236 0.5855
vn -0.6148 -0.4885 0.6192
vn -0.3161 0.5009 -0.8057
vn -0.9774 0.1551 -0.1433
vn -0.9915 0.1020 -0.0808
vn -0.5368 -0.4484 0.7147
vn -0.6087 -0.4521 0.6520
vn -0.6029 -0.4207 0.6779
vn -0.3061 0.4087 -0.8598
vn -0.9966 0.0556 -0.0601
vn -0.9832 0.0872 -0.1603
vn -0.5975 -0.4031 0.6931
vn -0.5236 -0.3871 0.7589
vn -0.5919 -0.3973 0.7013
vn -0.4326 0.6273 -0.6476
vn -0.9987 0.0370 -0.0349
vn -0.3248 0.8247 -0.4630
vn -0.3190 0.8574 -0.4038
vn -0.6133 -0.7057 0.3548
vn -0.6091 -0.7223 0.3277
vn -0.9987 0.0285 -0.0421
vn -0.9987 0.0324 -0.0385
vn -0.3147 0.8725 -0.3739
vn -0.3808 0.8022 -0.4598
vn -0.5669 -0.8121 0.1384
vn -0.1464 0.7870 -0.5993
vn -0.0362 -0.9987 -0.0351
vn -0.1401 -0.9901 -0.0118
vn -0.2387 -0.9711 -0.0024
vn -0.9776 0.1664 -0.1292
vn -0.9774 0.1706 -0.1249
vn -0.3274 0.6459 -0.6897
vn -0.9774 0.1641 -0.1329
vn 0.9991 -0.0160 0.0395
vn 0.9739 -0.1802 0.1383
vn -0.9771 0.1788 -0.1155
vn -0.0087 0.0314 0.9995
vn 0.1405 0.0770 0.9871
vn -0.1121 0.0015 0.9937
vn -0.0235 0.0423 0.9988
vn -0.2077 -0.0163 0.9781
vn -0.9984 0.0549 -0.0132
vn -0.4712 -0.6288 0.6186
vn -0.9988 0.0366 -0.0311
vn -0.6219 -0.5558 0.5516
vn 0.9773 -0.1982 0.0745
vn 0.9991 -0.0108 0.0416
vn 0.9721 -0.2107 0.1031
vn 0.9733 -0.1943 0.1226
vn -0.9982 0.0108 -0.0586
vn -0.9987 0.0254 -0.0440
vn -0.9764 0.1837 -0.1135
vn -0.9968 0.0072 -0.0790
vn 0.9956 -0.0628 0.0702
vn 0.9922 -0.0970 0.0783
vn 0.9991 -0.0427 0.0072
vn 0.9915 -0.1020 0.0809
vn -0.3229 0.5635 -0.7604
vn -0.9964 -0.0074 0.0840
vn -0.9997 0.0163 -0.0175
vn 0.9992 -0.0392 0.0110
vn 0.9990 -0.0449 0.0062
vn -0.9774 0.1611 -0.1367
vn -0.1443 0.8648 -0.4809
vn -0.9777 0.1731 -0.1192
vn 0.9991 -0.0240 0.0362
vn 0.9957 -0.0387 0.0842
vn 0.9993 0.0275 -0.0251
vn 0.9932 0.0041 0.1161
vn -0.9900 0.0487 -0.1325
vn -0.9946 -0.0114 0.1033
vn -0.9997 0.0234 -0.0091
vn -0.9834 -0.0323 0.1785
vn 0.1721 -0.9836 -0.0543
vn 0.3613 -0.9269 -0.1012
vn 0.9736 -0.1910 0.1250
vn -0.0450 -0.9929 -0.1097
vn -0.9992 0.0319 0.0254
vn -0.4732 -0.6651 0.5776
vn -0.9774 0.1584 -0.1398
vn -0.9987 0.0504 -0.0047
vn -0.3914 -0.0164 0.9201
vn -0.3016 0.0044 0.9534
vn 0.9994 -0.0338 0.0108
vn -0.3096 0.4402 -0.8428
vn -0.4585 -0.0337 0.8881
vn -0.9986 0.0487 -0.0208
vn -0.9987 0.0454 -0.0235
vn -0.9988 0.0417 -0.0271
vn 0.9993 -0.0243 0.0278
vn 1.0000 -0.0040 0.0048
vn 0.1265 -0.8843 -0.4494
vn 0.2058 -0.6314 -0.7476
vn 0.1683 -0.8893 -0.4253
vn 0.0837 -0.7754 -0.6258
vn 0.1919 -0.3317 -0.9237
vn 0.2563 -0.6277 -0.7350
vn 0.2883 -0.3422 -0.8943
vn 0.2187 0.3475 -0.9118
vn 0.0922 -0.2109 -0.9731
vn 0.0834 0.0452 -0.9955
vn 0.2635 0.3855 -0.8843
vn 0.1926 0.0514 -0.9799
vn 0.0775 -0.4982 -0.8636
vn 0.2462 0.0582 -0.9675
vn 0.7600 0.4821 -0.4359
vn 0.5506 0.7095 -0.4399
vn 0.4366 0.8903 -0.1294
vn 0.5775 0.7665 0.2811
vn 0.4441 0.7855 -0.4310
vn 0.3798 0.8802 -0.2847
vn 0.5261 0.4901 -0.6950
vn -0.9976 -0.0262 -0.0644
vn -0.9503 -0.1263 0.2845
vn -0.9673 -0.0062 0.2534
vn -0.8566 0.0034 -0.5160
vn -0.9895 -0.1310 0.0611
vn -0.9246 -0.2343 0.3004
vn -0.9236 -0.0931 -0.3718
vn -0.9685 -0.2262 -0.1038
vn -0.6634 -0.1248 -0.7378
vn -0.4513 -0.0273 -0.8920
vn -0.4403 -0.1367 -0.8874
vn -0.7407 -0.1930 -0.6435
vn -0.8776 -0.3437 0.3341
vn -0.8950 -0.4457 0.0210
vn -0.9354 -0.3304 0.1258
vn -0.8942 -0.4278 -0.1321
vn -0.9174 -0.3945 0.0522
vn -0.6738 0.2193 -0.7056
vn -0.7935 0.0926 -0.6014
vn -0.8861 0.1923 -0.4217
vn -0.6561 0.2713 -0.7042
vn -0.3904 0.1979 -0.8991
vn -0.5380 0.0785 -0.8393
vn -0.4002 0.2986 -0.8664
vn 0.8419 0.5269 0.1167
vn 0.6738 0.5999 -0.4314
vn 0.7759 0.6092 -0.1639
vn 0.8643 0.4815 -0.1455
vn 0.7263 0.4998 -0.4719
vn -0.0527 0.8754 -0.4806
vn 0.4980 0.7453 -0.4433
vn -0.2588 0.8393 -0.4781
vn 0.3875 0.5773 -0.7187
vn -0.2586 0.0868 -0.9621
vn 0.2964 0.2220 -0.9289
vn 0.0011 0.0721 -0.9974
vn -0.0172 0.1924 -0.9812
vn 0.3196 0.2714 -0.9078
vn -0.0158 0.2507 -0.9679
vn 0.0621 -0.8711 0.4872
vn -0.0211 -0.9775 0.2099
vn 0.1667 -0.9824 -0.0846
vn 0.1357 -0.9079 0.3966
vn -0.0183 -0.8741 0.4853
vn -0.0351 -0.7096 0.7037
vn 0.1429 -0.5339 0.8334
vn 0.3063 0.5535 0.7744
vn 0.4882 0.7096 0.5082
vn 0.2977 0.6954 0.6541
vn 0.1885 0.2880 0.9389
vn 0.3519 0.5466 0.7598
vn 0.2512 0.2724 0.9288
vn -0.0155 -0.3545 0.9349
vn 0.0905 0.1831 0.9789
vn 0.0683 -0.0731 0.9950
vn 0.1881 0.4457 0.8752
vn 0.0955 -0.0779 0.9924
vn -0.8776 -0.1524 0.4545
vn -0.7794 -0.0786 0.6215
vn -0.8452 -0.2513 0.4716
vn -0.7820 -0.1498 0.6051
vn -0.5806 -0.0537 0.8124
vn -0.6680 -0.2099 0.7140
vn -0.6280 -0.1231 0.7684
vn -0.6582 -0.3573 0.6627
vn -0.8014 -0.3417 0.4908
vn -0.4837 -0.2846 0.8277
vn -0.7123 -0.3080 0.6307
vn -0.5676 -0.2566 0.7823
vn -0.7736 -0.2360 0.5881
vn -0.3192 -0.0597 0.9458
vn -0.2766 -0.1564 0.9482
vn -0.4418 -0.1533 0.8839
vn -0.8728 0.1359 0.4688
vn -0.8775 0.4778 0.0403
vn -0.9787 0.0108 0.2051
vn -0.8697 0.0261 0.4928
vn -0.9709 0.2316 -0.0616
vn -0.5474 0.1952 0.8138
vn -0.6441 0.1158 0.7561
vn 0.2065 0.1204 0.9710
vn -0.3302 0.0171 0.9437
vn -0.0162 0.0135 0.9998
vn 0.4501 0.2178 0.8660
vn -0.0581 0.1023 0.9931
vn -0.7052 0.0020 0.7090
vn 0.2824 0.2259 0.9323
vn -0.0718 0.1302 0.9889
vn 0.5309 0.3428 0.7750
vn 0.6795 0.3298 0.6554
vn 0.7456 0.4297 0.5093
vn 0.4784 0.3715 0.7957
vn 0.2497 0.2929 0.9230
vn 0.3513 0.9019 0.2513
vn 0.1543 0.8199 0.5513
vn 0.5936 0.5892 0.5482
vn 0.5290 0.5198 0.6708
vn 0.0423 0.6055 0.7947
vn 0.7286 0.2699 0.6295
vn 0.5066 0.4769 0.7182
vn 0.4018 0.2708 0.8747
vn 0.8393 0.1409 0.5250
vn 0.9048 0.3544 0.2361
vn 0.9894 0.1002 0.1053
vn 0.5991 0.0370 0.7998
vn 0.2991 0.7040 0.6441
vn 0.2951 0.3735 0.8795
vn 0.1867 0.1793 0.9659
vn 0.2353 0.1712 0.9567
vn -0.2337 0.9383 0.2547
vn -0.1325 0.9873 0.0876
vn -0.7336 0.3999 0.5495
vn -0.7263 0.2205 0.6510
vn -0.7284 0.2401 0.6418
vn 0.4169 -0.8708 0.2607
vn 0.1599 -0.6731 0.7221
vn 0.0402 -0.5445 0.8378
vn -0.6921 0.0483 0.7202
vn 0.2331 0.8212 -0.5208
vn 0.2331 0.8213 -0.5207
vn 0.2331 0.8213 -0.5206
vn -0.0469 0.9703 0.2371
vn -0.0907 0.7742 0.6265
vn -0.3142 0.8511 0.4206
vn -0.4738 0.6843 0.5543
vn -0.1690 0.4434 0.8803
vn -0.1373 0.7205 0.6797
vn 0.2360 0.3713 -0.8980
vn 0.4954 0.7950 -0.3501
vn 0.2144 0.3364 -0.9170
vn -0.0023 0.1984 0.9801
vn 0.0628 0.5858 0.8080
vn 0.0077 0.5084 0.8611
vn -0.6868 -0.5679 0.4537
vn -0.5888 -0.6027 0.5386
vn -0.7572 -0.0750 0.6489
vn -0.5648 -0.0596 0.8231
vn -0.5445 -0.0891 0.8340
vn 0.0476 0.5040 0.8624
vn -0.5861 -0.1699 0.7922
vn -0.5940 -0.1787 0.7844
vn 0.7641 -0.2119 0.6093
vn 0.6181 -0.1646 0.7687
vn 0.1967 -0.6135 0.7648
vn -0.5390 -0.4832 0.6899
vn 0.4109 -0.1862 0.8925
vn 0.3730 -0.2154 0.9025
vn -0.6596 -0.7463 -0.0889
vn -0.6588 -0.6881 0.3040
vn -0.5954 -0.8025 -0.0394
vn 0.7072 0.2100 0.6752
vn 0.7072 0.2099 0.6752
vn 0.7072 0.2098 0.6752
vn 0.4205 -0.3710 0.8280
vn -0.0722 -0.7175 0.6928
vn -0.1583 -0.2448 -0.9566
vn -0.0181 -0.5043 -0.8633
vn -0.3348 -0.9301 -0.1511
vn -0.3348 -0.9301 -0.1512
vn -0.7381 -0.0702 0.6710
vn -0.6409 -0.4483 0.6232
vn -0.7876 -0.2435 0.5661
vn 0.4723 -0.1718 -0.8645
vn -0.5435 -0.7440 -0.3885
vn -0.3518 -0.7927 -0.4979
vn -0.6758 -0.6771 -0.2913
vn -0.2222 -0.7942 -0.5656
vn 0.1436 -0.5935 -0.7919
vn 0.4098 0.8563 -0.3144
vn 0.2178 0.9634 -0.1563
vn 0.1772 0.9765 -0.1230
vn -0.4977 0.8633 -0.0840
vn -0.2408 0.9153 -0.3230
vn -0.1245 0.9911 -0.0469
vn -0.8332 0.5314 -0.1530
vn -0.6402 0.6692 -0.3773
vn -0.5291 0.6158 -0.5838
vn -0.7988 0.4321 -0.4186
vn -0.8480 0.1843 -0.4969
vn -0.9479 0.2067 -0.2424
vn -0.9809 0.1313 -0.1436
vn -0.2417 0.3723 -0.8961
vn -0.5014 0.1327 -0.8550
vn -0.6397 0.4088 -0.6509
vn -0.2793 -0.0214 -0.9600
vn -0.5933 0.0119 -0.8049
vn -0.3852 -0.1074 -0.9166
vn -0.5530 -0.4369 0.7094
vn -0.1790 0.4053 -0.8965
vn 0.2130 0.5250 -0.8240
vn 0.2257 0.5278 -0.8188
vn -0.1760 -0.8009 0.5723
vn -0.3823 -0.6718 0.6345
vn -0.7812 -0.5666 -0.2620
vn -0.8425 -0.4797 -0.2451
vn -0.7858 -0.5665 -0.2480
vn -0.6863 0.2265 -0.6911
vn -0.6864 0.2265 -0.6910
vn -0.8436 -0.4739 -0.2526
vn -0.9129 -0.3592 -0.1940
vn 0.1000 -0.4915 -0.8651
vn 0.3426 -0.2246 -0.9122
vn 0.1813 -0.8514 -0.4922
vn 0.3839 -0.6332 -0.6721
vn 0.5949 -0.5228 -0.6106
vn 0.4243 -0.7877 -0.4468
vn 0.1859 -0.9616 -0.2018
vn 0.5290 -0.8252 -0.1980
vn 0.1780 -0.9523 -0.2480
vn 0.9049 -0.2383 -0.3527
vn 0.8511 -0.5116 -0.1179
vn 0.6551 -0.6395 -0.4022
vn 0.9904 -0.1290 0.0487
vn 0.7751 -0.6318 -0.0013
vn 0.9523 -0.2668 0.1479
vn -0.6076 -0.6453 0.4630
vn -0.3554 -0.8557 0.3761
vn -0.3101 -0.8808 0.3578
vn -0.5647 -0.2480 0.7871
vn -0.6252 -0.4565 0.6331
vn 0.3476 -0.7712 0.5333
vn 0.4458 -0.8190 0.3612
vn 0.4983 -0.8283 0.2560
vn 0.8661 -0.2054 -0.4557
vn 0.8661 -0.2053 -0.4557
vn 0.7321 -0.6799 -0.0429
vn 0.7652 -0.6356 -0.1023
vn -0.2039 0.3519 0.9136
vn -0.4006 0.1075 0.9099
vn 0.2744 0.6091 0.7441
vn 0.2419 0.4693 0.8492
vn -0.7123 0.0792 0.6974
vn -0.0965 0.4394 0.8931
vn -0.3872 0.2180 0.8959
vn 0.3114 0.8974 -0.3125
vn 0.5808 0.7921 -0.1875
vn 0.1554 0.8030 -0.5753
vn 0.0447 0.9027 -0.4280
vn 0.4383 0.8950 -0.0825
vn 0.6554 0.7553 0.0044
vn -0.3017 0.9104 0.2831
vn -0.3012 0.9105 0.2834
vn -0.5002 0.8641 0.0552
vn -0.9218 0.1092 0.3719
vn -0.8887 0.4166 -0.1913
vn -0.9276 0.3228 0.1883
vn -0.7958 0.5571 -0.2374
vn -0.9038 0.2220 0.3659
vn -0.9025 0.4202 0.0944
vn 0.3929 -0.9175 -0.0615
vn 0.1290 -0.9295 0.3455
vn 0.6626 -0.7303 -0.1661
vn 0.3686 -0.9169 0.1534
vn 0.0887 -0.7265 0.6815
vn 0.4753 -0.8769 0.0717
vn 0.2278 -0.9068 0.3547
vn 0.8655 0.3541 -0.3543
vn 0.7732 0.2461 -0.5844
vn 0.7741 0.5859 -0.2398
vn 0.8727 0.4622 -0.1576
vn 0.8711 0.1572 -0.4653
vn 0.7367 -0.0594 -0.6736
vn 0.9578 -0.2154 0.1903
vn 0.9577 -0.2180 0.1876
vn 0.9259 -0.0189 0.3772
vn 0.1396 -0.4049 0.9036
vn 0.4376 0.0270 0.8988
vn 0.3900 -0.2012 0.8986
vn 0.7011 0.1362 0.7000
vn 0.2335 -0.4077 0.8828
vn 0.4971 -0.1138 0.8602
vn -0.3860 -0.1478 0.9106
vn -0.1264 -0.4168 0.9002
vn -0.6989 -0.1298 0.7034
vn -0.3585 -0.3922 0.8471
vn -0.1075 -0.7294 0.6756
vn -0.5675 -0.6032 0.5604
vn -0.3197 -0.6925 0.6467
vn -0.9086 -0.4004 0.1187
vn -0.9104 -0.1392 0.3896
vn -0.6918 -0.7162 0.0920
vn -0.8513 -0.3841 0.3575
vn -0.6618 -0.3540 0.6608
vn -0.1221 -0.9267 0.3554
vn -0.3756 -0.9211 0.1021
vn -0.3509 -0.8744 0.3352
vn -0.6565 -0.6878 0.3097
vn -0.8777 0.2270 -0.4219
vn -0.9251 -0.3604 -0.1195
vn -0.7803 0.2611 -0.5683
vn -0.9281 -0.1744 -0.3289
vn -0.7143 -0.6928 -0.0986
vn -0.9009 -0.0905 -0.4245
vn -0.9058 -0.3606 -0.2226
vn 0.3147 0.3455 -0.8841
vn 0.1745 0.6011 -0.7799
vn 0.5790 0.2254 -0.7835
vn 0.4383 0.1330 -0.8889
vn 0.0710 0.4636 -0.8832
vn -0.0187 0.6777 -0.7351
vn -0.2934 -0.2364 -0.9263
vn -0.2941 -0.2351 -0.9264
vn -0.0850 -0.4273 -0.9001
vn -0.2081 -0.9012 -0.3801
vn 0.0431 -0.9100 -0.4123
vn -0.3961 -0.9075 -0.1395
vn 0.1044 -0.7514 -0.6516
vn -0.3973 -0.8862 -0.2381
vn -0.1160 -0.8734 -0.4729
vn -0.1837 0.7557 0.6286
vn -0.0733 0.8412 0.5357
vn -0.2447 0.8650 0.4381
vn -0.4811 0.7326 0.4814
vn -0.1848 0.5013 0.8453
vn -0.0261 0.6416 0.7666
vn -0.3887 0.2267 0.8931
vn -0.6069 -0.3117 0.7311
vn -0.7364 -0.3541 0.5765
vn -0.5862 -0.4702 0.6597
vn -0.4295 -0.1292 0.8938
vn -0.8007 -0.0919 0.5919
vn -0.0451 0.3173 0.9472
vn -0.2169 -0.1366 0.9666
vn -0.2040 0.1429 0.9685
vn -0.4096 -0.3614 0.8376
vn 0.1033 0.9085 0.4049
vn 0.3782 0.9180 0.1189
vn 0.0961 0.6844 0.7227
vn 0.3735 0.8402 0.3931
vn 0.7052 0.7008 0.1073
vn 0.3559 0.6447 0.6765
vn 0.6631 0.6509 0.3695
vn 0.3808 0.0740 0.9217
vn 0.0995 0.3545 0.9297
vn 0.7060 0.0742 0.7043
vn 0.3758 0.3525 0.8571
vn 0.6625 0.3386 0.6682
vn 0.9216 0.3738 0.1044
vn 0.9215 0.0877 0.3783
vn 0.8503 0.3642 0.3800
vn 0.7204 -0.1149 0.6840
vn 0.7994 -0.3210 0.5078
vn 0.7187 -0.0433 0.6939
vn 0.5667 -0.0755 0.8205
vn 0.7015 -0.5253 0.4816
vn -0.2355 -0.3347 0.9124
vn 0.2333 -0.0967 0.9676
vn -0.4828 -0.6164 0.6220
vn -0.3228 -0.5909 0.7393
vn 0.3271 -0.1163 0.9378
vn 0.5205 -0.0589 0.8518
vn -0.6869 -0.7246 0.0556
vn -0.6096 -0.7071 0.3583
vn -0.0564 -0.7384 0.6720
vn 0.1365 -0.6695 0.7301
vn 0.2036 -0.6667 0.7170
vn -0.3625 -0.6029 0.7107
vn 0.1548 -0.5475 0.8223
vn -0.0972 0.9292 -0.3565
vn -0.3782 0.9227 -0.0745
vn -0.0927 0.7205 -0.6872
vn -0.3736 0.8580 -0.3525
vn -0.7036 0.7069 -0.0729
vn -0.3552 0.6771 -0.6444
vn -0.6620 0.6692 -0.3376
vn -0.3807 0.1201 -0.9169
vn -0.0987 0.4006 -0.9109
vn -0.7056 0.1096 -0.7001
vn -0.3749 0.3945 -0.8389
vn -0.6620 0.3716 -0.6509
vn -0.9200 0.3824 -0.0856
vn -0.9211 0.1076 -0.3741
vn -0.8499 0.3827 -0.3623
vn -0.4524 0.8208 0.3488
vn -0.0528 0.8810 0.4702
vn -0.4078 0.9062 0.1117
vn -0.5753 0.7643 0.2913
vn -0.4364 0.7630 0.4768
vn 0.0092 0.7337 0.6794
vn -0.5966 0.6586 0.4586
vn -0.9311 -0.1829 0.3156
vn -0.9383 0.3295 0.1048
vn -0.6997 -0.4487 0.5560
vn -0.9516 0.1194 0.2833
vn -0.7514 0.6537 0.0903
vn -0.9197 0.0784 0.3846
vn -0.9181 0.2454 0.3111
vn 0.0646 -0.6214 0.7808
vn -0.3428 -0.3477 0.8727
vn -0.2577 -0.6182 0.7426
vn 0.0890 -0.2936 0.9518
vn -0.3215 -0.1924 0.9271
vn -0.4830 -0.3772 0.7902
vn -0.5445 -0.1241 0.8295
vn -0.6373 -0.2336 -0.7344
vn -0.5373 -0.0516 -0.8418
vn -0.3700 -0.1675 -0.9138
vn -0.6794 -0.3078 -0.6661
vn -0.8609 -0.2200 -0.4588
vn -0.8106 -0.0452 -0.5838
vn -0.8324 -0.3515 -0.4284
vn -0.5089 -0.7817 0.3604
vn -0.0437 -0.8186 0.5727
vn -0.3409 -0.7334 0.5882
vn -0.6029 -0.6985 0.3856
vn -0.2389 -0.9325 -0.2707
vn -0.5122 -0.8566 0.0625
vn -0.1500 -0.9080 -0.3912
vn -0.7095 -0.6941 0.1216
vn -0.9531 -0.0752 -0.2933
vn -0.9401 -0.2966 0.1679
vn -0.9644 -0.2449 -0.1000
vn -0.7367 -0.5334 0.4156
vn -0.9463 -0.3176 -0.0606
vn -0.2844 -0.5297 -0.7991
vn -0.2100 -0.1986 -0.9573
vn -0.0833 -0.4033 -0.9113
vn -0.2561 -0.8178 -0.5153
vn -0.3620 -0.5788 -0.7307
vn -0.5494 -0.7999 -0.2415
vn -0.2871 -0.9472 0.1425
vn -0.0897 -0.9365 -0.3389
vn -0.4986 -0.7748 0.3886
vn -0.2541 -0.9590 -0.1257
vn -0.0695 -0.7514 -0.6561
vn -0.5323 -0.8320 0.1565
vn -0.7553 -0.5554 0.3479
vn -0.6933 -0.4364 0.5735
vn -0.9478 -0.1774 -0.2650
vn -0.8526 -0.5193 0.0586
vn 0.3762 -0.0772 -0.9233
vn 0.0950 -0.3578 -0.9289
vn 0.0946 -0.0750 -0.9927
vn 0.7024 -0.0768 -0.7077
vn 0.3707 -0.3549 -0.8583
vn 0.0895 -0.6883 -0.7199
vn 0.6595 -0.3386 -0.6711
vn 0.3520 -0.6464 -0.6769
vn 0.9208 -0.3749 -0.1079
vn 0.9197 -0.0895 -0.3822
vn 0.7034 -0.7024 -0.1089
vn 0.8486 -0.3641 -0.3837
vn 0.6597 -0.6535 -0.3712
vn 0.0954 -0.9120 -0.3990
vn 0.3770 -0.9186 -0.1186
vn 0.3714 -0.8412 -0.3931
vn 0.8725 -0.4840 0.0669
vn 0.8881 -0.4596 0.0067
vn 0.7191 -0.5210 0.4598
vn 0.7193 -0.5211 0.4595
vn 0.7191 -0.5209 0.4599
vn 0.7109 -0.6990 0.0780
vn 0.6753 -0.7374 0.0145
vn 0.5328 -0.7821 0.3232
vn -0.6420 -0.3437 0.6854
vn -0.6829 -0.1521 0.7145
vn -0.5537 -0.5385 0.6351
vn -0.3515 -0.7892 0.5035
vn -0.0161 -0.7843 0.6202
vn 0.0040 -0.6290 0.7774
vn -0.1696 -0.5325 0.8293
vn -0.6133 -0.7178 0.3296
vn 0.2794 -0.7017 0.6554
vn 0.3251 -0.9446 0.0451
vn -0.1768 -0.9514 0.2521
vn 0.4456 -0.8930 0.0633
vn -0.2638 -0.8177 0.5117
vn -0.4010 -0.7478 0.5292
vn -0.9054 0.4160 -0.0848
vn -0.6769 0.7189 -0.1580
vn -0.9029 0.4077 -0.1366
vn -0.8024 0.5959 -0.0307
vn -0.3920 0.9096 -0.1378
vn -0.6721 0.7103 -0.2089
vn -0.4029 0.8837 -0.2382
vn 0.2887 0.9402 -0.1810
vn -0.2617 0.9647 -0.0295
vn -0.0051 0.9997 -0.0244
vn 0.3185 0.9193 -0.2313
vn -0.0153 0.9900 -0.1405
vn -0.5409 0.8409 -0.0156
vn -0.0135 0.9796 -0.2004
vn 0.6726 0.4654 -0.5753
vn 0.8566 0.1794 -0.4838
vn -0.0513 0.5405 -0.8397
vn 0.5166 0.4741 -0.7130
vn 0.7246 0.4974 -0.4771
vn 0.8485 0.3331 -0.4111
vn 0.3959 0.7449 -0.5371
vn 0.1692 0.7241 0.6687
vn 0.0546 0.6032 0.7957
vn 0.1519 0.4186 0.8954
vn 0.2174 0.7178 0.6615
vn 0.1473 0.9095 0.3888
vn 0.0364 0.8405 0.5406
vn 0.2438 0.8823 0.4027
vn 0.5016 -0.0800 -0.8614
vn 0.5423 0.4625 -0.7014
vn 0.5668 0.2040 -0.7982
vn 0.4497 0.1735 -0.8762
vn 0.4461 0.4883 -0.7500
vn 0.8152 0.5784 0.0290
vn 0.6757 0.4759 -0.5630
vn 0.7830 0.5810 0.2221
vn 0.5144 0.7517 -0.4127
vn 0.0450 0.9624 0.2678
vn 0.1789 0.9411 -0.2869
vn 0.0347 0.9993 0.0161
vn 0.1463 0.9891 0.0185
vn 0.2251 0.9212 -0.3173
vn 0.2011 0.9794 0.0183
vn -0.8620 -0.5016 -0.0734
vn -0.9719 -0.2330 0.0337
vn -0.9886 0.0580 -0.1387
vn -0.8972 -0.4178 -0.1430
vn -0.8631 -0.5051 0.0064
vn -0.6821 -0.7312 0.0055
vn -0.5197 -0.8331 -0.1895
vn 0.5480 -0.7441 -0.3820
vn 0.6812 -0.4737 -0.5582
vn 0.6882 -0.6246 -0.3692
vn 0.3041 -0.9155 -0.2633
vn 0.5345 -0.7304 -0.4251
vn 0.2805 -0.9029 -0.3257
vn -0.3108 -0.9497 -0.0396
vn 0.2182 -0.9619 -0.1649
vn -0.0361 -0.9901 -0.1356
vn 0.4610 -0.8475 -0.2632
vn -0.0455 -0.9860 -0.1603
vn 0.0886 -0.5037 0.8593
vn 0.0388 0.1012 0.9941
vn -0.0072 -0.2267 0.9739
vn 0.0119 -0.5075 0.8616
vn 0.1531 -0.5314 0.8332
vn 0.1941 -0.8410 0.5050
vn 0.1426 -0.9615 -0.2349
vn 0.0362 -0.9528 0.3013
vn 0.0418 -0.9991 -0.0077
vn 0.2328 -0.8467 -0.4784
vn 0.1225 -0.9922 0.0212
vn 0.0056 -0.7313 0.6821
vn 0.2381 -0.9159 -0.3231
vn 0.1492 -0.9885 0.0265
vn 0.3654 -0.7410 -0.5634
vn 0.3319 -0.6265 -0.7053
vn 0.6888 -0.5095 -0.5157
vn 0.5125 -0.4658 -0.7214
vn 0.2994 -0.9049 -0.3025
vn 0.3099 0.2224 0.9244
vn 0.6428 0.2339 0.7295
vn 0.2791 0.3305 0.9016
vn 0.5227 0.0886 0.8479
vn 0.8761 0.1939 0.4415
vn 0.5896 0.2909 0.7535
vn 0.8477 0.3015 0.4365
vn 0.9456 0.2087 -0.2495
vn 0.9477 0.0753 0.3102
vn 0.9974 0.0575 0.0436
vn 0.7185 0.3599 -0.5951
vn 0.9813 0.1837 0.0584
vn 0.7996 0.0697 0.5965
vn 0.9683 0.2457 0.0440
vn 0.4919 0.5902 -0.6401
vn 0.2581 0.4756 -0.8409
vn 0.2958 0.6947 -0.6557
vn 0.2540 0.6780 -0.6898
vn 0.5490 0.4798 -0.6844
vn 0.7506 0.5521 -0.3631
vn -0.3500 -0.1031 0.9310
vn 0.0262 -0.0170 0.9995
vn -0.4013 -0.1934 0.8953
vn -0.1266 -0.0975 0.9872
vn 0.1386 -0.0206 0.9901
vn -0.1809 -0.2148 0.9598
vn 0.0010 -0.2061 0.9785
vn -0.1291 -0.4343 0.8915
vn -0.4338 -0.3048 0.8479
vn 0.0232 -0.4194 0.9075
vn -0.2389 -0.3190 0.9171
vn -0.0362 -0.2527 0.9669
vn 0.8830 -0.1113 0.4560
vn 0.9151 -0.1613 0.3695
vn 0.9271 -0.0359 0.3731
vn 0.7709 -0.0248 0.6364
vn 0.7269 -0.2506 0.6394
vn 0.7712 -0.3199 0.5504
vn 0.1953 -0.1257 0.9727
vn 0.6791 -0.7209 -0.1380
vn 0.5405 -0.8406 -0.0357
vn 0.3572 -0.9220 -0.1497
vn 0.6786 -0.7100 -0.1881
vn 0.8849 -0.4561 -0.0944
vn 0.7959 -0.6054 0.0065
vn 0.8642 -0.4649 -0.1923
vn 0.0277 0.8770 -0.4797
vn 0.5531 0.6783 -0.4837
vn 0.3138 0.7895 -0.5274
vn 0.2745 0.8706 -0.4084
vn 0.5751 0.7216 -0.3855
vn 0.6345 -0.0516 -0.7712
vn 0.5678 0.5405 -0.6209
vn 0.6200 -0.2438 -0.7458
vn 0.8138 0.3741 -0.4448
vn 0.9385 -0.3450 0.0154
vn 0.9715 0.2139 -0.1022
vn 0.9946 -0.0978 0.0360
vn 0.9925 -0.0956 -0.0760
vn 0.9587 0.2425 -0.1488
vn 0.9872 -0.0885 -0.1324
vn -0.5545 0.1264 0.8225
vn -0.3130 0.0212 0.9495
vn -0.0370 0.0924 0.9950
vn -0.5835 0.1939 0.7887
vn -0.5774 0.0453 0.8152
vn -0.7517 0.0125 0.6594
vn -0.8299 0.2199 0.5128
vn -0.6965 0.4276 -0.5761
vn -0.4097 0.7668 -0.4941
vn -0.5636 0.3693 -0.7389
vn -0.9058 0.2636 -0.3318
vn -0.3218 0.6035 -0.7295
vn -0.8946 0.3382 -0.2920
vn -0.8415 0.3291 -0.4284
vn -0.9541 0.0288 0.2981
vn -0.9583 0.1425 -0.2477
vn -0.9923 0.1217 0.0235
vn -0.8238 0.2518 -0.5079
vn -0.9871 0.1522 0.0493
vn -0.6314 -0.0608 0.7731
vn -0.5043 -0.1269 0.8541
vn -0.7922 -0.0382 0.6091
vn -0.6311 -0.1214 0.7662
vn -0.5342 -0.2151 0.8175
vn -0.7270 -0.1701 0.6652
vn -0.6290 -0.1969 0.7520
vn -0.9252 -0.1298 0.3567
vn -0.9139 -0.0492 0.4029
vn -0.7864 -0.2092 0.5813
vn -0.8621 -0.1251 0.4910
vn -0.7630 -0.0941 0.6396
vn -0.5643 -0.2929 0.7719
vn -0.7038 -0.2993 0.6443
vn -0.5765 -0.3727 0.7272
vn -0.6729 -0.2575 0.6935
vn -0.8276 -0.2337 0.5104
vn -0.5541 -0.8179 -0.1552
vn 0.0108 -0.9816 -0.1906
vn -0.3031 -0.9521 -0.0398
vn -0.5718 -0.8169 -0.0755
vn -0.4546 -0.8634 -0.2190
vn -0.8612 -0.4309 -0.2695
vn -0.8045 -0.5638 -0.1870
vn -0.9277 0.3133 -0.2031
vn -0.9685 -0.2218 -0.1132
vn -0.9897 0.0888 -0.1122
vn -0.7874 0.5506 -0.2773
vn -0.9791 0.0634 -0.1932
vn -0.7801 -0.6206 -0.0791
vn -0.8669 0.4040 -0.2919
vn -0.9735 0.0634 -0.2199
vn -0.6681 0.6390 -0.3813
vn -0.5427 0.7619 -0.3536
vn -0.3767 0.7588 -0.5313
vn -0.6504 0.6296 -0.4249
vn -0.8520 0.3870 -0.3527
vn -0.2960 -0.2963 -0.9081
vn -0.3145 -0.2789 -0.9074
vn -0.4381 -0.4514 -0.7774
vn -0.4647 -0.4257 -0.7765
vn -0.6994 -0.6637 -0.2652
vn -0.6808 -0.7324 -0.0106
vn -0.7222 -0.6916 -0.0091
vn -0.2784 -0.3128 -0.9081
vn -0.4123 -0.4750 -0.7774
vn -0.6590 -0.7038 -0.2654
vn -0.6394 -0.7687 -0.0131
vn 0.2982 0.3081 -0.9034
vn 0.3152 0.2893 -0.9039
vn 0.4486 0.4494 -0.7725
vn 0.7224 0.6195 -0.3073
vn 0.7199 0.6914 -0.0603
vn 0.6837 0.6626 -0.3058
vn 0.3322 0.2685 -0.9042
vn 0.4749 0.4206 -0.7730
vn 0.7604 0.5716 -0.3082
vn 0.7611 0.6457 -0.0618
vn -0.3487 -0.2407 -0.9058
vn -0.3329 -0.2601 -0.9064
vn -0.5143 -0.3703 -0.7735
vn -0.7385 -0.6201 -0.2646
vn -0.7980 -0.6027 -0.0064
vn -0.7738 -0.5771 -0.2610
vn -0.4920 -0.3991 -0.7737
vn -0.7624 -0.6471 -0.0082
vn 0.2814 0.3262 -0.9025
vn 0.2645 0.3417 -0.9018
vn 0.4227 0.4769 -0.7707
vn 0.3967 0.5001 -0.7698
vn 0.6043 0.7359 -0.3054
vn 0.6772 0.7333 -0.0608
vn 0.6357 0.7696 -0.0595
vn 0.6432 0.7016 -0.3068
vn 0.2470 0.3566 -0.9010
vn 0.2270 0.3710 -0.9005
vn 0.3697 0.5227 -0.7682
vn 0.3385 0.5473 -0.7655
vn 0.5147 0.8017 -0.3038
vn 0.5918 0.8037 -0.0618
vn 0.5392 0.8399 -0.0628
vn 0.5629 0.7676 -0.3065
vn -0.2603 -0.3295 -0.9076
vn -0.3859 -0.4989 -0.7760
vn -0.6183 -0.7388 -0.2681
vn -0.5954 -0.8033 -0.0157
vn -0.2403 -0.3464 -0.9068
vn -0.3564 -0.5222 -0.7748
vn -0.5752 -0.7722 -0.2697
vn -0.5473 -0.8368 -0.0185
vn -0.2192 -0.3633 -0.9055
vn -0.3264 -0.5460 -0.7716
vn -0.5281 -0.8054 -0.2692
vn -0.4963 -0.8678 -0.0222
vn -0.1941 -0.3700 -0.9086
vn -0.2952 -0.5593 -0.7746
vn -0.4777 -0.8357 -0.2711
vn -0.4483 -0.8936 -0.0210
vn 0.2087 0.3850 -0.8990
vn 0.2010 0.4033 -0.8927
vn 0.3050 0.5735 -0.7603
vn 0.2831 0.5981 -0.7497
vn 0.4092 0.8642 -0.2927
vn 0.4742 0.8780 -0.0644
vn 0.4187 0.9062 -0.0594
vn 0.4571 0.8363 -0.3027
vn -0.0755 -0.3503 -0.9336
vn 0.0444 -0.3249 -0.9447
vn -0.1655 -0.7860 -0.5957
vn 0.0423 -0.6751 -0.7365
vn -0.1873 -0.9776 -0.0956
vn 0.0324 -0.9177 -0.3959
vn -0.0644 -0.1135 -0.9914
vn -0.2689 -0.5633 -0.7813
vn -0.4289 -0.8640 -0.2637
vn -0.4132 -0.9105 -0.0173
vn -0.2640 -0.5766 -0.7732
vn -0.3956 -0.8831 -0.2524
vn 0.2017 0.4233 -0.8833
vn 0.2782 0.6174 -0.7359
vn 0.3927 0.9182 -0.0527
vn 0.3848 0.8787 -0.2826
vn 0.3521 0.2415 -0.9043
vn 0.5017 0.3889 -0.7727
vn 0.8038 0.5091 -0.3076
vn 0.8016 0.5946 -0.0634
vn 0.3754 0.2192 -0.9006
vn 0.5351 0.3465 -0.7704
vn 0.8401 0.4507 -0.3019
vn 0.8478 0.5262 -0.0656
vn -0.3702 -0.2135 -0.9041
vn -0.3616 -0.2244 -0.9049
vn -0.5466 -0.3322 -0.7687
vn -0.8010 -0.5397 -0.2591
vn -0.8429 -0.5381 -0.0043
vn -0.8185 -0.5136 -0.2572
vn -0.5345 -0.3476 -0.7704
vn -0.8257 -0.5640 -0.0067
vn -0.3895 0.0379 -0.9203
vn -0.7206 0.0469 -0.6918
vn -0.9347 0.0479 -0.3522
vn 0.3924 0.2089 -0.8958
vn 0.5688 0.3087 -0.7623
vn 0.8593 0.4189 -0.2935
vn 0.8852 0.4608 -0.0631
vn 0.9017 0.4285 -0.0576
vn 0.5883 0.2939 -0.7533
vn 0.8591 0.4129 -0.3023
vn -0.3758 -0.2091 -0.9028
vn -0.5980 -0.2944 -0.7455
vn -0.8282 -0.5019 -0.2494
vn -0.8514 -0.5245 -0.0026
vn -0.5553 -0.3253 -0.7654
vn -0.5223 -0.5174 0.6779
vn -0.4925 -0.5477 0.6764
vn -0.3771 -0.3823 0.8436
vn -0.3555 -0.4044 0.8427
vn -0.2089 -0.2239 0.9520
vn -0.1965 -0.2359 0.9517
vn -0.4631 -0.5748 0.6747
vn -0.3347 -0.4248 0.8411
vn -0.1851 -0.2476 0.9510
vn 0.5844 0.4787 0.6552
vn 0.5527 0.5133 0.6566
vn 0.4245 0.3388 0.8396
vn 0.4017 0.3639 0.8404
vn 0.2336 0.1744 0.9566
vn 0.2210 0.1879 0.9570
vn 0.6159 0.4400 0.6535
vn 0.4475 0.3111 0.8384
vn 0.2460 0.1592 0.9561
vn -0.5518 -0.4851 0.6784
vn -0.5786 -0.4532 0.6781
vn -0.3988 -0.3592 0.8438
vn -0.4186 -0.3364 0.8436
vn -0.2210 -0.2109 0.9522
vn -0.2322 -0.1982 0.9523
vn 0.4900 0.5748 0.6554
vn 0.5207 0.5458 0.6565
vn 0.3563 0.4085 0.8404
vn 0.3786 0.3875 0.8405
vn 0.1967 0.2127 0.9571
vn 0.2086 0.2009 0.9572
vn 0.4182 0.6339 0.6505
vn 0.4578 0.6027 0.6535
vn 0.3049 0.4530 0.8377
vn 0.3333 0.4290 0.8396
vn 0.1683 0.2377 0.9567
vn 0.1841 0.2237 0.9571
vn -0.4327 -0.6022 0.6709
vn -0.3128 -0.4450 0.8391
vn -0.1728 -0.2589 0.9503
vn -0.3991 -0.6299 0.6662
vn -0.2891 -0.4661 0.8362
vn -0.1598 -0.2711 0.9492
vn -0.3643 -0.6574 0.6596
vn -0.2648 -0.4883 0.8315
vn -0.1471 -0.2853 0.9471
vn -0.3325 -0.6844 0.6489
vn -0.2457 -0.5164 0.8203
vn -0.1412 -0.3111 0.9398
vn 0.3174 0.7050 0.6342
vn 0.3660 0.6724 0.6434
vn 0.2275 0.5142 0.8270
vn 0.2657 0.4855 0.8329
vn 0.1167 0.2768 0.9538
vn 0.1437 0.2584 0.9553
vn -0.0577 -0.9190 0.3901
vn -0.1815 -0.7821 0.5962
vn -0.0618 -0.7164 0.6949
vn -0.1509 -0.6171 0.7723
vn -0.0575 -0.4263 0.9027
vn -0.1111 -0.4181 0.9016
vn -0.3121 -0.7088 0.6326
vn -0.2379 -0.5503 0.8003
vn -0.1466 -0.3521 0.9244
vn 0.2931 0.7196 0.6294
vn 0.2068 0.5264 0.8247
vn 0.0994 0.2807 0.9546
vn 0.6535 0.3897 0.6489
vn 0.4760 0.2756 0.8351
vn 0.2616 0.1402 0.9549
vn 0.6886 0.3433 0.6387
vn 0.5049 0.2438 0.8280
vn 0.2792 0.1241 0.9522
vn -0.6001 -0.4259 0.6771
vn -0.6143 -0.4080 0.6755
vn -0.4349 -0.3171 0.8428
vn -0.4460 -0.3044 0.8417
vn -0.2412 -0.1873 0.9522
vn -0.2474 -0.1801 0.9520
vn -0.9104 -0.0273 0.4129
vn -0.6914 -0.0304 0.7218
vn -0.3739 -0.0288 0.9270
vn 0.7072 0.3207 0.6301
vn 0.5222 0.2289 0.8215
vn 0.2918 0.1168 0.9493
vn -0.6213 -0.3987 0.6745
vn -0.4525 -0.2984 0.8404
vn -0.2517 -0.1773 0.9514
vn -0.8396 -0.3503 0.4153
vn -0.8840 -0.2448 0.3982
vn -0.9167 -0.1362 0.3757
vn 0.7998 0.4704 0.3729
vn -0.2620 0.9439 0.2008
vn -0.2611 0.9442 0.2007
vn -0.2624 0.9440 0.2002
vn 0.7940 0.4806 0.3723
vn -0.2462 0.9473 0.2051
vn -0.9637 0.1186 -0.2391
vn 0.7934 0.4816 0.3724
vn 0.2305 -0.9503 -0.2093
vn 0.5601 0.7387 0.3750
vn -0.0031 -0.4166 0.9091
vn -0.0032 -0.7306 0.6828
vn -0.0029 -0.9342 0.3568
vn -0.9230 -0.3847 -0.0045
vn -0.3801 -0.9248 -0.0180
vn -0.7053 -0.7088 -0.0122
vn 0.6915 -0.1948 -0.6956
vn 0.6636 -0.1045 -0.7407
vn 0.6915 -0.1946 -0.6957
vn 0.5830 -0.5526 -0.5955
vn 0.1748 -0.9646 -0.1973
vn 0.6296 0.4705 -0.6183
vn 0.6046 -0.5048 -0.6161
vn -0.9224 -0.0082 0.3862
vn -0.7068 -0.0133 0.7073
vn -0.3875 -0.0163 0.9217
vn 0.6937 0.6854 0.2215
vn 0.7415 0.6679 0.0631
vn 0.6937 0.6853 0.2216
vn 0.6257 0.6152 0.4796
vn 0.1953 0.1801 0.9641
vn 0.6304 0.6324 -0.4502
vn 0.5673 0.5545 0.6089
vn 0.2276 0.6993 -0.6777
vn -0.0680 0.7629 -0.6430
vn -0.6772 0.5274 -0.5131
vn -0.9791 0.1472 -0.1405
vn -0.0054 0.7172 -0.6968
vn -0.6777 0.5271 -0.5128
vn -0.0008 0.8926 0.4509
vn -0.0029 0.6665 0.7455
vn -0.0047 0.3315 0.9434
vn 0.1385 0.0983 0.9855
vn -0.0001 -0.1215 0.9926
vn 0.3459 -0.0161 0.9381
vn 0.4741 -0.0129 0.8804
vn 0.6399 -0.0098 0.7684
vn 0.8553 -0.0038 0.5182
vn -0.1816 -0.1975 0.9633
vn -0.3069 -0.3254 0.8944
vn -0.4378 -0.4574 0.7740
vn -0.5144 -0.5348 0.6703
vn -0.6493 -0.6687 0.3623
vn -0.2922 -0.3104 0.9046
vn -0.3913 0.9200 0.0234
vn -0.7496 0.6616 0.0187
vn -0.9347 0.3553 0.0121
vn -0.6928 0.7208 0.0200
vn -0.8683 0.4958 0.0152
vn -0.9936 0.0471 0.1030
vn -0.4512 0.0247 -0.8921
vn -0.7398 0.0176 -0.6726
vn -0.8662 0.0125 -0.4996
vn -0.8846 0.0113 -0.4662
vn -0.9291 0.0084 -0.3698
vn -0.9948 -0.0921 -0.0440
vn -0.8872 -0.3317 0.3208
vn -0.7569 -0.4716 0.4524
vn -0.6068 -0.5731 0.5507
vn -0.1833 -0.7100 0.6799
vn -0.7187 -0.5011 0.4821
vn -0.5051 -0.6205 0.5999
vn -0.0032 -0.9683 -0.2498
vn -0.0033 -0.9285 -0.3712
vn -0.0035 -0.7207 -0.6933
vn -0.0035 -0.8176 -0.5758
vn -0.0011 -0.3903 -0.9207
vn 0.1189 -0.9801 -0.1592
vn 0.3586 -0.9327 -0.0387
vn 0.6814 -0.7318 -0.0171
vn 0.9163 -0.4003 -0.0107
vn 0.0809 -0.9927 0.0900
vn 0.5252 -0.8508 -0.0194
vn -0.3419 -0.8823 0.3237
vn -0.4921 -0.7268 0.4792
vn -0.5529 -0.6324 0.5426
vn -0.6741 -0.3048 0.6728
vn -0.2264 -0.9521 0.2058
vn -0.5010 -0.7146 0.4882
vn 0.0021 0.3564 0.9343
vn 0.0014 0.6783 0.7348
vn 0.0006 0.9012 0.4334
vn 0.8593 -0.0134 0.5114
vn 0.6424 -0.0194 0.7661
vn 0.3528 -0.0231 0.9354
vn -0.6279 -0.6393 0.4440
vn -0.4722 -0.4912 0.7319
vn -0.2563 -0.2806 0.9250
vn -0.9224 0.3861 0.0113
vn -0.7058 0.7082 0.0184
vn -0.3811 0.9242 0.0227
vn -0.9309 0.0102 -0.3651
vn -0.7394 0.0174 -0.6730
vn -0.4513 0.0223 -0.8921
vn -0.2301 -0.7018 0.6742
vn -0.6361 -0.5558 0.5352
vn -0.9118 -0.2951 0.2855
vn -0.0026 -0.3622 -0.9321
vn -0.0023 -0.6914 -0.7224
vn -0.0017 -0.9153 -0.4028
vn 0.9236 -0.3831 -0.0108
vn 0.7058 -0.7082 -0.0175
vn 0.3818 -0.9240 -0.0216
vn -0.6462 -0.4124 0.6422
vn -0.4985 -0.7178 0.4861
vn -0.2740 -0.9274 0.2547
vn 0.3832 0.9234 0.0215
vn 0.7041 0.7100 0.0156
vn 0.7072 0.7069 0.0156
vn 0.9235 0.3836 0.0074
vn -0.6853 -0.7051 -0.1822
vn 0.3376 -0.9363 0.0965
vn -0.2091 -0.9700 -0.1243
vn -0.2213 -0.9667 -0.1287
vn 0.9128 -0.1606 0.3754
vn -0.5665 -0.7823 -0.2589
vn -0.0669 -0.9973 -0.0308
vn 0.3388 -0.9350 0.1049
vn 0.6972 -0.6630 0.2726
vn 0.2193 0.7282 0.6493
vn 0.2192 0.7284 0.6492
vn 0.2192 0.7284 0.6491
vn 0.3242 -0.0461 0.9449
vn 0.3242 -0.0453 0.9449
vn 0.0572 0.9820 0.1802
vn 0.2191 0.7288 0.6487
vn 0.1518 -0.0229 0.9881
vn 0.3242 -0.0462 0.9449
vn 0.2678 -0.5744 0.7735
vn -0.1658 -0.1328 -0.9772
vn -0.0656 -0.9161 -0.3956
vn -0.0656 -0.9162 -0.3953
vn 0.0976 -0.8190 0.5654
vn 0.9229 0.0078 -0.3848
vn 0.7054 0.0153 -0.7086
vn 0.7053 0.0153 -0.7088
vn 0.3804 0.0204 -0.9246
vn -0.8012 -0.1598 0.5767
vn -0.9254 0.0092 -0.3789
vn -0.9209 -0.0883 -0.3796
vn -0.8093 -0.0124 0.5872
vn -0.9252 0.0093 -0.3794
vn -0.9251 0.0091 -0.3796
vn -0.1633 0.0220 -0.9863
vn -0.5871 0.7120 0.3852
vn -0.8780 -0.0188 0.4783
vn -0.1497 0.9737 0.1715
vn -0.5867 0.7116 0.3864
vn -0.7705 -0.0799 0.6324
vn -0.8779 -0.0184 0.4785
vn -0.7554 -0.5450 0.3639
vn -0.0018 0.4066 -0.9136
vn -0.0007 0.7253 -0.6884
vn -0.0007 0.7243 -0.6895
vn 0.0004 0.9329 -0.3600
vn 0.3826 -0.0090 0.9239
vn 0.3859 -0.0208 0.9223
vn 0.9870 -0.0043 0.1605
vn -0.5809 -0.0175 0.8138
vn -0.1838 -0.0123 0.9829
vn 0.3861 -0.0089 0.9224
vn 0.8370 -0.0039 0.5472
vn 0.9701 -0.0913 0.2247
vn -0.3194 0.8914 0.3215
vn -0.3016 0.8909 0.3397
vn -0.4661 0.7536 0.4636
vn -0.4410 0.7513 0.4910
vn -0.6552 0.2331 0.7186
vn -0.7167 -0.0265 0.6969
vn -0.6748 -0.0264 0.7375
vn -0.3356 0.8917 0.3037
vn -0.4906 0.7529 0.4387
vn -0.6964 0.2312 0.6794
vn -0.7539 -0.0249 0.6565
vn 0.2722 0.9184 -0.2871
vn 0.2533 0.9184 -0.3041
vn 0.4150 0.7940 -0.4442
vn 0.5924 0.3422 -0.7293
vn 0.6725 0.0963 -0.7338
vn 0.6363 0.3414 -0.6918
vn 0.2312 0.9189 -0.3197
vn 0.3857 0.7940 -0.4699
vn 0.5436 0.3417 -0.7666
vn 0.6258 0.0980 -0.7738
vn -0.2614 0.8904 0.3726
vn -0.2815 0.8907 0.3568
vn -0.3828 0.7505 0.5387
vn -0.6111 0.2308 0.7572
vn -0.5830 -0.0283 0.8120
vn -0.5662 0.2278 0.7922
vn -0.4113 0.7521 0.5150
vn -0.6294 -0.0268 0.7766
vn 0.2903 0.9180 -0.2702
vn 0.3065 0.9173 -0.2540
vn 0.4418 0.7941 -0.4174
vn 0.4672 0.7919 -0.3931
vn 0.7127 0.3371 -0.6152
vn 0.7153 0.0975 -0.6920
vn 0.7525 0.0979 -0.6513
vn 0.6768 0.3405 -0.6527
vn 0.3215 0.9169 -0.2365
vn 0.3382 0.9157 -0.2170
vn 0.4891 0.7919 -0.3655
vn 0.5137 0.7902 -0.3344
vn 0.7801 0.3354 -0.5281
vn 0.7877 0.0969 -0.6083
vn 0.8241 0.0967 -0.5582
vn 0.7453 0.3388 -0.5743
vn -0.3517 0.8916 0.2852
vn -0.5129 0.7535 0.4112
vn -0.7328 0.2314 0.6399
vn -0.7894 -0.0220 0.6135
vn -0.3697 0.8902 0.2661
vn -0.5387 0.7501 0.3836
vn -0.7672 0.2327 0.5977
vn -0.8242 -0.0179 0.5660
vn -0.3878 0.8883 0.2460
vn -0.5623 0.7475 0.3536
vn -0.8008 0.2349 0.5510
vn -0.8565 -0.0179 0.5159
vn -0.4059 0.8853 0.2269
vn -0.5856 0.7415 0.3275
vn -0.8328 0.2340 0.5016
vn -0.8834 -0.0165 0.4684
vn 0.3566 0.9135 -0.1959
vn 0.3741 0.9096 -0.1807
vn 0.5451 0.7816 -0.3032
vn 0.5658 0.7765 -0.2774
vn 0.8376 0.3309 -0.4346
vn 0.8595 0.0966 -0.5020
vn 0.8840 0.0957 -0.4575
vn 0.8128 0.3363 -0.4756
vn -0.4536 0.8808 0.1357
vn -0.3884 0.9212 0.0212
vn -0.8227 0.5285 0.2093
vn -0.7174 0.6965 0.0169
vn -0.9753 0.0514 0.2149
vn -0.9341 0.3568 0.0103
vn -0.1913 0.9753 0.1105
vn -0.6101 0.7290 0.3104
vn -0.8624 0.2241 0.4538
vn -0.9009 -0.0215 0.4335
vn -0.6220 0.7212 0.3050
vn -0.8823 0.2108 0.4209
vn 0.3834 0.9071 -0.1734
vn 0.5765 0.7720 -0.2677
vn 0.8946 0.0913 -0.4375
vn 0.8495 0.3263 -0.4145
vn 0.2040 0.9184 -0.3390
vn 0.3522 0.7944 -0.4949
vn 0.4806 0.3397 -0.8084
vn 0.5735 0.0994 -0.8131
vn 0.1815 0.9142 -0.3624
vn 0.3097 0.7909 -0.5278
vn 0.4214 0.3339 -0.8432
vn 0.5043 0.0993 -0.8578
vn -0.2233 0.8862 0.4060
vn -0.2416 0.8890 0.3889
vn -0.3303 0.7418 0.5837
vn -0.5192 0.2268 0.8240
vn -0.4904 -0.0319 0.8709
vn -0.4732 0.2180 0.8536
vn -0.3539 0.7486 0.5607
vn -0.5354 -0.0291 0.8441
vn -0.0002 0.9162 0.4007
vn 0.0095 0.6862 0.7274
vn 0.0174 0.3413 0.9398
vn -0.1222 0.8779 0.4629
vn -0.2037 0.5130 0.8339
vn -0.2168 0.0174 0.9761
vn 0.1708 0.9096 -0.3788
vn 0.2711 0.7821 -0.5611
vn 0.3899 0.3220 -0.8628
vn 0.4381 0.0955 -0.8938
vn 0.4056 0.0884 -0.9098
vn 0.2562 0.7729 -0.5805
vn 0.3820 0.3283 -0.8639
vn -0.2131 0.8813 0.4217
vn -0.4428 0.1997 0.8741
vn -0.3127 0.7346 0.6022
vn -0.4577 -0.0384 0.8883
vn -0.4830 -0.7046 0.5198
vn -0.5140 -0.7035 0.4907
vn -0.3458 -0.8632 0.3680
vn -0.3683 -0.8625 0.3469
vn -0.1872 -0.9631 0.1935
vn -0.1998 -0.9628 0.1817
vn -0.5414 -0.7028 0.4615
vn -0.3892 -0.8613 0.3266
vn -0.2122 -0.9621 0.1711
vn 0.4861 -0.6278 -0.6079
vn 0.5217 -0.6280 -0.5775
vn 0.3564 -0.8192 -0.4493
vn 0.3821 -0.8195 -0.4271
vn 0.2000 -0.9455 -0.2569
vn 0.2144 -0.9455 -0.2452
vn 0.4469 -0.6264 -0.6387
vn 0.3277 -0.8190 -0.4711
vn 0.1845 -0.9453 -0.2689
vn -0.4497 -0.7052 0.5482
vn -0.4168 -0.7038 0.5752
vn -0.3221 -0.8630 0.3891
vn -0.2980 -0.8627 0.4086
vn -0.1739 -0.9631 0.2052
vn -0.1607 -0.9630 0.2163
vn 0.5848 -0.6258 -0.5162
vn 0.5541 -0.6289 -0.5453
vn 0.4285 -0.8181 -0.3834
vn 0.4062 -0.8194 -0.4045
vn 0.2403 -0.9450 -0.2220
vn 0.2278 -0.9454 -0.2331
vn 0.6436 -0.6206 -0.4479
vn 0.6131 -0.6240 -0.4844
vn 0.4725 -0.8152 -0.3349
vn 0.4497 -0.8170 -0.3609
vn 0.2641 -0.9445 -0.1952
vn 0.2517 -0.9448 -0.2096
vn -0.5700 -0.6989 0.4321
vn -0.4100 -0.8595 0.3052
vn -0.2237 -0.9616 0.1589
vn -0.5987 -0.6943 0.3994
vn -0.4317 -0.8568 0.2820
vn -0.2358 -0.9608 0.1459
vn -0.6262 -0.6891 0.3647
vn -0.4538 -0.8530 0.2579
vn -0.2493 -0.9593 0.1330
vn -0.6517 -0.6818 0.3323
vn -0.4756 -0.8475 0.2357
vn -0.2628 -0.9572 0.1209
vn 0.7001 -0.6075 -0.3751
vn 0.6751 -0.6154 -0.4070
vn 0.5187 -0.8062 -0.2846
vn 0.4972 -0.8118 -0.3062
vn 0.2927 -0.9410 -0.1697
vn 0.2786 -0.9433 -0.1805
vn -0.9015 -0.4292 0.0558
vn -0.7445 -0.6455 0.1706
vn -0.6765 -0.7357 0.0333
vn -0.5449 -0.8299 0.1197
vn -0.3579 -0.9337 0.0059
vn -0.3078 -0.9496 0.0599
vn -0.6719 -0.6725 0.3104
vn -0.4928 -0.8417 0.2207
vn -0.2751 -0.9547 0.1138
vn 0.7122 -0.6022 -0.3606
vn 0.5300 -0.8022 -0.2749
vn 0.3006 -0.9394 -0.1648
vn 0.3958 -0.6222 -0.6754
vn 0.2916 -0.8161 -0.4989
vn 0.1650 -0.9446 -0.2837
vn 0.3480 -0.6132 -0.7091
vn 0.2592 -0.8091 -0.5273
vn 0.1487 -0.9418 -0.3015
vn -0.3830 -0.7020 0.6004
vn -0.3519 -0.6977 0.6240
vn -0.2744 -0.8610 0.4282
vn -0.2527 -0.8577 0.4477
vn -0.1479 -0.9624 0.2281
vn -0.1359 -0.9612 0.2399
vn -0.0343 -0.4389 0.8979
vn -0.0222 -0.7433 0.6686
vn -0.0068 -0.9374 0.3483
vn -0.1745 -0.6716 0.7201
vn -0.1260 -0.8440 0.5213
vn -0.0688 -0.9554 0.2871
vn 0.3248 -0.6049 -0.7270
vn 0.2439 -0.8023 -0.5448
vn 0.1412 -0.9388 -0.3142
vn -0.3307 -0.6921 0.6416
vn -0.2388 -0.8533 0.4636
vn -0.1289 -0.9596 0.2502
vn 0.8075 -0.3396 -0.4824
vn 0.4717 -0.3412 -0.8131
vn 0.9546 -0.1742 0.2417
vn 0.9546 -0.1742 0.2415
vn 0.0779 0.2436 0.9667
vn 0.7895 -0.3387 -0.5119
vn -0.2791 -0.1877 -0.9417
vn -0.2791 -0.1879 -0.9417
vn -0.9728 0.2255 -0.0523
vn 0.4368 -0.3429 -0.8316
vn 0.8373 -0.4009 0.3717
vn 0.8375 -0.4174 0.3526
vn 0.6776 -0.5352 0.5045
vn 0.6772 -0.5605 0.4766
vn 0.1226 -0.7521 0.6476
vn -0.1340 -0.7106 0.6907
vn -0.1361 -0.7498 0.6476
vn 0.8377 -0.3835 0.3889
vn 0.6779 -0.5101 0.5294
vn 0.1243 -0.7123 0.6907
vn -0.1325 -0.6715 0.7290
vn 0.9558 0.2185 -0.1967
vn 0.9558 0.2346 -0.1770
vn 0.8556 0.3882 -0.3423
vn 0.4434 0.7122 -0.5443
vn 0.2059 0.7402 -0.6401
vn 0.4432 0.6764 -0.5883
vn 0.9550 0.2529 -0.1547
vn 0.8549 0.4149 -0.3115
vn 0.4404 0.7496 -0.4941
vn 0.2057 0.7785 -0.5929
vn 0.8367 -0.4499 0.3123
vn 0.8371 -0.4344 0.3325
vn 0.6756 -0.6072 0.4182
vn 0.1215 -0.7899 0.6011
vn -0.1357 -0.8208 0.5548
vn 0.1223 -0.8216 0.5567
vn 0.6781 -0.5832 0.4472
vn -0.1361 -0.7878 0.6007
vn 0.9556 0.2017 -0.2148
vn 0.9550 0.1854 -0.2317
vn 0.8557 0.3610 -0.3706
vn 0.8546 0.3370 -0.3951
vn 0.4404 0.6028 -0.6654
vn 0.2046 0.6999 -0.6843
vn 0.2048 0.6607 -0.7222
vn 0.4408 0.6398 -0.6296
vn 0.9538 0.1704 -0.2474
vn 0.9532 0.1525 -0.2610
vn 0.8519 0.3137 -0.4194
vn 0.8500 0.2842 -0.4435
vn 0.4381 0.5195 -0.7336
vn 0.2056 0.6157 -0.7607
vn 0.2057 0.5676 -0.7972
vn 0.4409 0.5600 -0.7014
vn 0.8370 -0.3662 0.4067
vn 0.6757 -0.4857 0.5546
vn 0.1236 -0.6760 0.7265
vn -0.1293 -0.6296 0.7661
vn 0.8369 -0.3466 0.4237
vn 0.6751 -0.4577 0.5786
vn 0.1264 -0.6341 0.7628
vn -0.1255 -0.5849 0.8014
vn 0.8394 -0.3303 0.4317
vn 0.6757 -0.4349 0.5952
vn 0.1278 -0.5906 0.7968
vn -0.1222 -0.5468 0.8283
vn 0.8570 -0.3094 0.4121
vn 0.6959 -0.4128 0.5877
vn 0.1306 -0.5524 0.8233
vn -0.1186 -0.5267 0.8417
vn 0.9528 0.1439 -0.2675
vn 0.9462 0.1563 -0.2835
vn 0.8459 0.2623 -0.4644
vn 0.8338 0.2596 -0.4871
vn 0.4230 0.4253 -0.8001
vn 0.2055 0.5065 -0.8374
vn 0.1993 0.4538 -0.8685
vn 0.4340 0.4662 -0.7709
vn 0.9189 0.0215 0.3939
vn 0.8102 0.0140 0.5860
vn 0.6699 0.0365 0.7415
vn 0.2986 0.0442 0.9534
vn 0.9806 -0.1426 0.1347
vn 0.7415 -0.3860 0.5489
vn 0.1360 -0.5345 0.8342
vn -0.1163 -0.5172 0.8479
vn 0.7415 -0.3849 0.5495
vn 0.1443 -0.5273 0.8373
vn 0.9322 0.1759 -0.3164
vn 0.6338 0.3496 -0.6899
vn 0.1899 0.4309 -0.8822
vn 0.9551 0.2675 -0.1277
vn 0.8533 0.4416 -0.2774
vn 0.4384 0.7900 -0.4287
vn 0.2049 0.8165 -0.5398
vn 0.9511 0.2906 -0.1042
vn 0.8508 0.4696 -0.2359
vn 0.4303 0.8228 -0.3711
vn 0.2033 0.8596 -0.4687
vn 0.8325 -0.4818 0.2735
vn 0.8356 -0.4654 0.2919
vn 0.6692 -0.6481 0.3634
vn 0.1215 -0.8523 0.5088
vn -0.1367 -0.8779 0.4589
vn 0.1125 -0.8814 0.4587
vn 0.6745 -0.6279 0.3883
vn -0.1348 -0.8519 0.5061
vn 0.8792 -0.4735 0.0528
vn 0.6264 -0.7793 0.0166
vn 0.2672 -0.9634 -0.0225
vn 0.8256 -0.5381 0.1696
vn 0.4296 -0.8774 0.2136
vn -0.0748 -0.9796 0.1866
vn 0.9464 0.3090 -0.0936
vn 0.8426 0.5013 -0.1966
vn 0.4193 0.8423 -0.3387
vn 0.1972 0.8942 -0.4019
vn 0.1893 0.9092 -0.3709
vn 0.8324 0.5237 -0.1813
vn 0.4209 0.8451 -0.3296
vn 0.8261 -0.4990 0.2617
vn 0.0982 -0.8991 0.4265
vn 0.6581 -0.6690 0.3456
vn -0.1421 -0.8939 0.4252
vn -0.7763 -0.4746 0.4148
vn -0.7771 -0.4425 0.4475
vn -0.9121 -0.3064 0.2723
vn -0.9121 -0.2842 0.2954
vn -0.9862 -0.1208 0.1129
vn -0.9862 -0.1082 0.1255
vn -0.7732 -0.4191 0.4760
vn -0.9101 -0.2667 0.3173
vn -0.9856 -0.0981 0.1376
vn -0.5394 0.6704 -0.5095
vn -0.5409 0.6393 -0.5465
vn -0.7531 0.5231 -0.3990
vn -0.7535 0.5012 -0.4255
vn -0.9051 0.3374 -0.2586
vn -0.9052 0.3257 -0.2729
vn -0.5389 0.6994 -0.4695
vn -0.7528 0.5442 -0.3703
vn -0.9052 0.3490 -0.2427
vn -0.7770 -0.5012 0.3809
vn -0.7759 -0.5268 0.3471
vn -0.9120 -0.3274 0.2472
vn -0.9122 -0.3436 0.2232
vn -0.9860 -0.1343 0.0989
vn -0.9866 -0.1393 0.0854
vn -0.5396 0.5784 -0.6118
vn -0.5405 0.6089 -0.5806
vn -0.7532 0.4574 -0.4728
vn -0.7532 0.4795 -0.4504
vn -0.9047 0.3038 -0.2986
vn -0.9051 0.3140 -0.2866
vn -0.5352 0.5093 -0.6739
vn -0.5380 0.5490 -0.6396
vn -0.7503 0.4075 -0.5206
vn -0.7524 0.4360 -0.4937
vn -0.9045 0.2739 -0.3270
vn -0.9051 0.2902 -0.3107
vn -0.7704 -0.3889 0.5052
vn -0.9084 -0.2456 0.3384
vn -0.9848 -0.0870 0.1502
vn -0.7653 -0.3586 0.5346
vn -0.9056 -0.2228 0.3610
vn -0.9839 -0.0734 0.1627
vn -0.7600 -0.3330 0.5582
vn -0.9012 -0.2068 0.3808
vn -0.9818 -0.0680 0.1772
vn -0.7500 -0.3220 0.5778
vn -0.8892 -0.2055 0.4087
vn -0.9742 -0.0757 0.2126
vn -0.5201 0.3941 -0.7578
vn -0.5297 0.4511 -0.7183
vn -0.7455 0.3073 -0.5915
vn -0.7454 0.3611 -0.5603
vn -0.9063 0.1940 -0.3756
vn -0.9031 0.2404 -0.3558
vn -0.4617 -0.0201 0.8868
vn -0.7351 -0.0225 0.6776
vn -0.9212 -0.0216 0.3886
vn -0.7332 -0.3245 0.5976
vn -0.8651 -0.2247 0.4485
vn -0.9550 -0.1115 0.2747
vn -0.5206 0.3617 -0.7734
vn -0.7475 0.2754 -0.6045
vn -0.9118 0.1627 -0.3770
vn -0.5369 0.7331 -0.4175
vn -0.7510 0.5702 -0.3330
vn -0.9051 0.3621 -0.2228
vn -0.5292 0.7642 -0.3688
vn -0.7451 0.5959 -0.2996
vn -0.9019 0.3799 -0.2056
vn -0.7728 -0.5522 0.3128
vn -0.7679 -0.5752 0.2820
vn -0.9100 -0.3639 0.1987
vn -0.9068 -0.3828 0.1766
vn -0.9858 -0.1521 0.0719
vn -0.9844 -0.1655 0.0596
vn -0.5193 -0.8542 -0.0260
vn -0.8202 -0.5695 -0.0543
vn -0.9601 -0.2704 -0.0709
vn -0.7218 -0.6841 0.1048
vn -0.8860 -0.4570 0.0786
vn -0.9774 -0.2110 -0.0082
vn -0.5208 0.7814 -0.3439
vn -0.7355 0.6158 -0.2827
vn -0.8984 0.3920 -0.1977
vn -0.7628 -0.5920 0.2600
vn -0.9013 -0.4016 0.1627
vn -0.9827 -0.1776 0.0527
vn -0.2406 0.5315 -0.8122
vn -0.2407 0.8495 -0.4694
vn -0.1203 -0.2035 -0.9717
vn -0.1203 -0.2029 -0.9718
vn 0.1700 -0.9813 -0.0905
vn -0.2431 0.6523 -0.7179
vn -0.1553 0.9601 0.2326
vn -0.1519 0.9607 0.2322
vn -0.1507 0.9608 0.2327
vn 0.1351 0.1246 0.9830
vn -0.2304 0.5088 -0.8295
vn -0.1473 0.9614 0.2326
vn -0.5018 -0.3059 0.8091
vn -0.4720 -0.2105 0.8561
vn -0.4362 -0.1137 0.8927
vn -0.5932 -0.0983 -0.7990
vn -0.5931 -0.0983 -0.7991
vn 0.0008 -0.8456 -0.5337
vn 0.7856 0.3837 -0.4854
vn 0.4919 0.5633 -0.6638
vn 0.0688 -0.6441 0.7619
vn 0.5007 0.8041 -0.3204
vn 0.2173 -0.5351 -0.8164
vn 0.4421 0.8295 -0.3413
vn -0.1967 0.3981 -0.8960
vn -0.8720 -0.0919 0.4807
vn 0.2708 -0.7222 0.6365
vn -0.0728 0.8711 0.4856
vn 0.9175 -0.3975 -0.0129
vn -0.4777 -0.0265 -0.8781
vn -0.1868 -0.7091 0.6799
vn -0.4567 -0.4669 0.7573
vn -0.8597 0.2191 0.4614
vn 0.7620 0.2132 -0.6115
vn -0.2561 0.5393 -0.8023
vn -0.6262 -0.7729 -0.1027
vn 0.2918 -0.8586 -0.4214
vn 0.7339 0.5192 -0.4379
vn -0.2461 0.9473 0.2052
vn -0.6506 -0.6701 0.3573
vn -0.8845 0.0114 -0.4663
vn -0.0771 -0.9964 -0.0345
vn -0.0655 -0.9165 -0.3946
vn -0.1969 -0.0126 0.9803
vt 0.365195 0.724541
vt 0.353952 0.699919
vt 0.354578 0.699566
vt 0.314749 0.700552
vt 0.305183 0.717003
vt 0.312567 0.698780
vt 0.355564 0.740916
vt 0.325992 0.741256
vt 0.325966 0.740438
vt 0.333119 0.677996
vt 0.337950 0.678796
vt 0.333172 0.678715
vt 0.366305 0.733908
vt 0.355538 0.740795
vt 0.354181 0.736699
vt 0.293130 0.736465
vt 0.294069 0.735937
vt 0.334405 0.655677
vt 0.326639 0.662207
vt 0.334486 0.654152
vt 0.355629 0.741753
vt 0.372368 0.740879
vt 0.355701 0.742691
vt 0.310170 0.696901
vt 0.308963 0.733390
vt 0.326058 0.740317
vt 0.294141 0.735846
vt 0.367239 0.723818
vt 0.360690 0.695901
vt 0.378828 0.736160
vt 0.302244 0.712262
vt 0.296714 0.723106
vt 0.303057 0.708251
vt 0.371992 0.739085
vt 0.379866 0.736718
vt 0.372167 0.739918
vt 0.330596 0.671861
vt 0.334439 0.657088
vt 0.340249 0.676108
vt 0.291956 0.737128
vt 0.381062 0.737250
vt 0.334532 0.734669
vt 0.331066 0.737229
vt 0.362864 0.729494
vt 0.364399 0.724681
vt 0.365178 0.724737
vt 0.360845 0.695798
vt 0.379937 0.736563
vt 0.378940 0.736133
vt 0.359569 0.733720
vt 0.334664 0.733880
vt 0.359193 0.733066
vt 0.314866 0.700634
vt 0.306119 0.723168
vt 0.305412 0.723184
vt 0.307307 0.727803
vt 0.310254 0.731344
vt 0.309859 0.731937
vt 0.334339 0.656935
vt 0.327400 0.663004
vt 0.310174 0.696540
vt 0.310591 0.693784
vt 0.362974 0.729591
vt 0.334644 0.734534
vt 0.310395 0.731437
vt 0.334511 0.656944
vt 0.361530 0.695338
vt 0.371913 0.738984
vt 0.338449 0.678207
vt 0.338791 0.677491
vt 0.327561 0.678375
vt 0.315458 0.700925
vt 0.320153 0.676583
vt 0.319873 0.675302
vt 0.302590 0.727943
vt 0.301505 0.716295
vt 0.327504 0.678165
vt 0.333029 0.677112
vt 0.327723 0.678272
vt 0.328138 0.678921
vt 0.328064 0.663692
vt 0.305416 0.723362
vt 0.307884 0.727492
vt 0.357344 0.697916
vt 0.320207 0.676813
vt 0.328124 0.663880
vt 0.319561 0.673856
vt 0.334596 0.655687
vt 0.362303 0.694821
vt 0.322811 0.680987
vt 0.301522 0.715896
vt 0.296551 0.725931
vt 0.311070 0.690669
vt 0.307153 0.727833
vt 0.359729 0.733624
vt 0.362242 0.729117
vt 0.296500 0.728511
vt 0.296440 0.728302
vt 0.293050 0.736334
vt 0.326019 0.742173
vt 0.291868 0.736986
vt 0.338108 0.678876
vt 0.363660 0.724643
vt 0.359348 0.732978
vt 0.361637 0.728748
vt 0.310627 0.730782
vt 0.306791 0.723156
vt 0.327984 0.679022
vt 0.316048 0.701218
vt 0.359727 0.733863
vt 0.309816 0.732158
vt 0.333068 0.677257
vt 0.338279 0.678126
vt 0.334685 0.733227
vt 0.358850 0.732439
vt 0.310760 0.730869
vt 0.306124 0.723338
vt 0.308451 0.727192
vt 0.338860 0.677271
vt 0.381137 0.737085
vt 0.305216 0.723278
vt 0.328540 0.679530
vt 0.354730 0.699478
vt 0.365412 0.724584
vt 0.364410 0.724495
vt 0.353327 0.700271
vt 0.365242 0.724553
vt 0.365200 0.724586
vt 0.365296 0.724569
vt 0.365247 0.724595
vt 0.365199 0.724639
vt 0.365278 0.724622
vt 0.365248 0.724633
vt 0.365369 0.724602
vt 0.365355 0.724581
vt 0.365312 0.724640
vt 0.365327 0.724604
vt 0.365295 0.724632
vt 0.365289 0.724600
vt 0.365191 0.724692
vt 0.365243 0.724691
vt 0.365248 0.724663
vt 0.338682 0.677374
vt 0.338657 0.677421
vt 0.338611 0.677411
vt 0.338760 0.677337
vt 0.338710 0.677383
vt 0.338708 0.677439
vt 0.338760 0.677356
vt 0.338737 0.677399
vt 0.338834 0.677325
vt 0.338822 0.677302
vt 0.338816 0.677385
vt 0.338800 0.677339
vt 0.338785 0.677376
vt 0.338754 0.677464
vt 0.338804 0.677444
vt 0.338770 0.677418
vt 0.338761 0.677375
vt 0.309960 0.732062
vt 0.309968 0.732018
vt 0.310007 0.732033
vt 0.309902 0.732093
vt 0.309929 0.732049
vt 0.309926 0.731995
vt 0.309886 0.732055
vt 0.309902 0.732032
vt 0.309833 0.732112
vt 0.309851 0.732126
vt 0.309843 0.732053
vt 0.309860 0.732092
vt 0.309866 0.732057
vt 0.309892 0.732074
vt 0.309888 0.731966
vt 0.309850 0.731990
vt 0.309875 0.732014
vt 0.378932 0.736181
vt 0.378892 0.736137
vt 0.378920 0.736214
vt 0.378890 0.736174
vt 0.378857 0.736145
vt 0.378866 0.736189
vt 0.378861 0.736174
vt 0.378853 0.736239
vt 0.378902 0.736244
vt 0.378872 0.736275
vt 0.378840 0.736210
vt 0.378873 0.736216
vt 0.378883 0.736198
vt 0.378846 0.736178
vt 0.378832 0.736185
vt 0.378837 0.736154
vt 0.378854 0.736196
vt 0.294070 0.735891
vt 0.294105 0.735908
vt 0.294039 0.735910
vt 0.294051 0.735874
vt 0.294089 0.735872
vt 0.294126 0.735882
vt 0.294069 0.735867
vt 0.294004 0.735826
vt 0.294044 0.735855
vt 0.294010 0.735862
vt 0.294072 0.735827
vt 0.294040 0.735824
vt 0.294022 0.735886
vt 0.294138 0.735861
vt 0.294105 0.735834
vt 0.294098 0.735856
vt 0.294070 0.735853
vt 0.334385 0.656923
vt 0.334359 0.656979
vt 0.334422 0.656922
vt 0.334396 0.656967
vt 0.334408 0.657000
vt 0.334382 0.657018
vt 0.334424 0.656990
vt 0.334453 0.656975
vt 0.334460 0.656927
vt 0.334494 0.657004
vt 0.334442 0.657010
vt 0.334423 0.656963
vt 0.334408 0.657053
vt 0.334455 0.657075
vt 0.334427 0.657032
vt 0.334474 0.657047
vt 0.305367 0.723340
vt 0.305407 0.723321
vt 0.305313 0.723311
vt 0.305362 0.723306
vt 0.305403 0.723273
vt 0.305333 0.723275
vt 0.305361 0.723274
vt 0.305260 0.723265
vt 0.305261 0.723289
vt 0.305312 0.723240
vt 0.305291 0.723276
vt 0.305321 0.723260
vt 0.305322 0.723291
vt 0.305405 0.723225
vt 0.305365 0.723209
vt 0.305360 0.723242
vt 0.327680 0.678289
vt 0.327662 0.678245
vt 0.327634 0.678313
vt 0.327632 0.678259
vt 0.327594 0.678218
vt 0.327606 0.678277
vt 0.327589 0.678236
vt 0.327549 0.678323
vt 0.327593 0.678344
vt 0.327539 0.678263
vt 0.327577 0.678298
vt 0.327586 0.678255
vt 0.327539 0.678191
vt 0.327524 0.678208
vt 0.327554 0.678222
vt 0.327564 0.678256
vt 0.359610 0.733706
vt 0.359609 0.733753
vt 0.359655 0.733684
vt 0.359644 0.733740
vt 0.359657 0.733789
vt 0.359684 0.733752
vt 0.359674 0.733771
vt 0.359726 0.733690
vt 0.359696 0.733655
vt 0.359720 0.733762
vt 0.359701 0.733710
vt 0.359702 0.733759
vt 0.359674 0.733725
vt 0.359699 0.733826
vt 0.359719 0.733822
vt 0.359699 0.733794
vt 0.358844 0.732402
vt 0.358889 0.732426
vt 0.358847 0.732367
vt 0.358883 0.732391
vt 0.358928 0.732408
vt 0.358882 0.732364
vt 0.358913 0.732379
vt 0.358870 0.732300
vt 0.358890 0.732337
vt 0.358856 0.732333
vt 0.358906 0.732306
vt 0.358917 0.732345
vt 0.358904 0.732362
vt 0.358965 0.732386
vt 0.358970 0.732335
vt 0.358998 0.732360
vt 0.358939 0.732360
vt 0.358939 0.732318
vt 0.310724 0.730854
vt 0.310768 0.730834
vt 0.310688 0.730833
vt 0.310733 0.730821
vt 0.310769 0.730800
vt 0.310705 0.730807
vt 0.310736 0.730795
vt 0.310655 0.730761
vt 0.310656 0.730809
vt 0.310685 0.730747
vt 0.310682 0.730787
vt 0.310704 0.730774
vt 0.310751 0.730734
vt 0.310730 0.730769
vt 0.310717 0.730738
vt 0.310763 0.730767
vt 0.310715 0.730792
vt 0.328550 0.679566
vt 0.328501 0.679547
vt 0.328551 0.679603
vt 0.328512 0.679583
vt 0.328463 0.679571
vt 0.328516 0.679610
vt 0.328483 0.679598
vt 0.328535 0.679674
vt 0.328510 0.679638
vt 0.328546 0.679639
vt 0.328498 0.679672
vt 0.328482 0.679634
vt 0.328494 0.679614
vt 0.328429 0.679597
vt 0.328429 0.679650
vt 0.328398 0.679628
vt 0.328457 0.679620
vt 0.328463 0.679664
vt 0.337992 0.678808
vt 0.337945 0.678834
vt 0.338033 0.678826
vt 0.337986 0.678846
vt 0.337949 0.678872
vt 0.338018 0.678857
vt 0.337985 0.678874
vt 0.338079 0.678903
vt 0.338073 0.678849
vt 0.338046 0.678922
vt 0.338046 0.678877
vt 0.338023 0.678894
vt 0.337974 0.678941
vt 0.337995 0.678902
vt 0.338011 0.678935
vt 0.337958 0.678907
vt 0.338008 0.678875
vt 0.363673 0.724511
vt 0.363630 0.724478
vt 0.363667 0.724467
vt 0.363673 0.724556
vt 0.363636 0.724521
vt 0.363597 0.724497
vt 0.363639 0.724555
vt 0.363610 0.724532
vt 0.363624 0.724630
vt 0.363669 0.724601
vt 0.363593 0.724609
vt 0.363634 0.724589
vt 0.363608 0.724575
vt 0.363544 0.724552
vt 0.363589 0.724553
vt 0.363566 0.724583
vt 0.363568 0.724522
vt 0.363619 0.724554
vt 0.306787 0.723277
vt 0.306826 0.723304
vt 0.306794 0.723315
vt 0.306784 0.723236
vt 0.306819 0.723267
vt 0.306855 0.723286
vt 0.306815 0.723236
vt 0.306842 0.723255
vt 0.306825 0.723167
vt 0.306785 0.723195
vt 0.306855 0.723184
vt 0.306818 0.723204
vt 0.306842 0.723216
vt 0.306902 0.723235
vt 0.306861 0.723235
vt 0.306880 0.723207
vt 0.306880 0.723263
vt 0.306834 0.723235
vt 0.355560 0.740880
vt 0.325984 0.740374
vt 0.355554 0.740848
vt 0.326014 0.740345
vt 0.355546 0.740820
vt 0.325970 0.740405
vt 0.328087 0.663727
vt 0.320163 0.676643
vt 0.328103 0.663771
vt 0.320173 0.676706
vt 0.328114 0.663824
vt 0.320187 0.676764
vt 0.360807 0.695823
vt 0.360769 0.695849
vt 0.360730 0.695875
vt 0.379911 0.736603
vt 0.379893 0.736637
vt 0.379879 0.736673
vt 0.381110 0.737127
vt 0.381090 0.737164
vt 0.381076 0.737202
vt 0.334458 0.655680
vt 0.334500 0.655682
vt 0.334543 0.655684
vt 0.334542 0.654155
vt 0.334587 0.654157
vt 0.334632 0.654159
vt 0.293115 0.736425
vt 0.293099 0.736395
vt 0.293078 0.736366
vt 0.291939 0.737085
vt 0.291921 0.737052
vt 0.291898 0.737021
vt 0.334574 0.734636
vt 0.334610 0.734603
vt 0.334635 0.734569
vt 0.333042 0.677143
vt 0.333053 0.677177
vt 0.333062 0.677215
vt 0.354688 0.699503
vt 0.354648 0.699526
vt 0.354612 0.699547
vt 0.296437 0.728396
vt 0.296444 0.728468
vt 0.296465 0.728508
vt 0.301494 0.716047
vt 0.301477 0.716174
vt 0.301479 0.716261
vt 0.310156 0.696663
vt 0.310145 0.696773
vt 0.310148 0.696856
vt 0.307194 0.727831
vt 0.307234 0.727826
vt 0.307272 0.727817
vt 0.314777 0.700575
vt 0.314805 0.700597
vt 0.314835 0.700617
vt 0.371981 0.739052
vt 0.371963 0.739025
vt 0.371940 0.739003
vt 0.362952 0.729566
vt 0.362928 0.729542
vt 0.362898 0.729517
vt 0.334686 0.733193
vt 0.334687 0.733158
vt 0.334688 0.733123
vt 0.334690 0.733089
vt 0.333175 0.678752
vt 0.333177 0.678788
vt 0.333180 0.678825
vt 0.333182 0.678861
vt 0.353294 0.700290
vt 0.353261 0.700308
vt 0.353227 0.700327
vt 0.353194 0.700346
vt 0.308481 0.727177
vt 0.308510 0.727161
vt 0.308539 0.727145
vt 0.308568 0.727130
vt 0.316079 0.701234
vt 0.316111 0.701249
vt 0.316142 0.701265
vt 0.316174 0.701280
vt 0.361607 0.728729
vt 0.361576 0.728711
vt 0.361545 0.728692
vt 0.361514 0.728673
vt 0.328102 0.678945
vt 0.328061 0.678971
vt 0.328021 0.678998
vt 0.306123 0.723298
vt 0.306121 0.723253
vt 0.306120 0.723208
vt 0.310287 0.731366
vt 0.310324 0.731391
vt 0.310361 0.731415
vt 0.359312 0.732999
vt 0.359271 0.733022
vt 0.359230 0.733045
vt 0.364407 0.724539
vt 0.364405 0.724588
vt 0.364402 0.724637
vt 0.338409 0.678187
vt 0.338364 0.678166
vt 0.338320 0.678145
vt 0.334689 0.654162
vt 0.676839 0.644729
vt 0.676839 0.644666
vt 0.676839 0.644607
vt 0.535864 0.437685
vt 0.534050 0.441630
vt 0.532560 0.439158
vt 0.803955 0.514879
vt 0.804019 0.526801
vt 0.801743 0.515356
vt 0.530835 0.443277
vt 0.529196 0.447590
vt 0.527710 0.445119
vt 0.782168 0.554935
vt 0.784441 0.567632
vt 0.781776 0.567695
vt 0.521891 0.449289
vt 0.517816 0.449012
vt 0.520405 0.446815
vt 0.801079 0.504280
vt 0.799023 0.504785
vt 0.779408 0.507397
vt 0.779396 0.496757
vt 0.781396 0.507168
vt 0.781614 0.529796
vt 0.784558 0.542041
vt 0.782114 0.542181
vt 0.523224 0.444674
vt 0.526224 0.442650
vt 0.526195 0.449618
vt 0.524709 0.447146
vt 0.783626 0.580468
vt 0.780874 0.580467
vt 0.809543 0.589383
vt 0.807382 0.576712
vt 0.810193 0.576479
vt 0.810168 0.563794
vt 0.806896 0.551517
vt 0.809506 0.551170
vt 0.782047 0.594302
vt 0.779215 0.594213
vt 0.778835 0.613582
vt 0.775938 0.613418
vt 0.806132 0.616718
vt 0.805224 0.602828
vt 0.808190 0.602730
vt 0.519301 0.451487
vt 0.515433 0.451282
vt 0.773483 0.642113
vt 0.770527 0.641938
vt 0.767278 0.676461
vt 0.764290 0.676328
vt 0.803238 0.631136
vt 0.803105 0.616722
vt 0.514643 0.456224
vt 0.511112 0.456216
vt 0.513215 0.453666
vt 0.797895 0.494560
vt 0.795997 0.495069
vt 0.794520 0.485313
vt 0.792765 0.485805
vt 0.774155 0.484295
vt 0.769908 0.467530
vt 0.775757 0.483961
vt 0.532322 0.445748
vt 0.791031 0.476156
vt 0.789386 0.476647
vt 0.787340 0.467255
vt 0.785809 0.467843
vt 0.768527 0.467807
vt 0.764811 0.451492
vt 0.541756 0.438631
vt 0.539070 0.442599
vt 0.537467 0.440142
vt 0.801669 0.527211
vt 0.799538 0.515804
vt 0.795861 0.553376
vt 0.804391 0.564418
vt 0.796001 0.566045
vt 0.784730 0.554829
vt 0.787114 0.567548
vt 0.786768 0.580408
vt 0.794428 0.592087
vt 0.785311 0.594323
vt 0.796973 0.505258
vt 0.794099 0.495548
vt 0.783923 0.529626
vt 0.785007 0.517720
vt 0.786239 0.529428
vt 0.787008 0.541876
vt 0.782843 0.517947
vt 0.783394 0.506907
vt 0.805748 0.538972
vt 0.807452 0.564088
vt 0.804295 0.551839
vt 0.804746 0.564359
vt 0.784896 0.594378
vt 0.787467 0.567505
vt 0.795570 0.578762
vt 0.806650 0.589550
vt 0.804583 0.576924
vt 0.803768 0.589697
vt 0.776437 0.642284
vt 0.792067 0.608313
vt 0.782141 0.613612
vt 0.802269 0.602910
vt 0.800213 0.630899
vt 0.800102 0.616711
vt 0.770260 0.676592
vt 0.796705 0.505302
vt 0.792309 0.516915
vt 0.790202 0.506241
vt 0.781209 0.496442
vt 0.777365 0.483604
vt 0.791007 0.486272
vt 0.787747 0.477122
vt 0.787640 0.496147
vt 0.790735 0.486269
vt 0.793839 0.495580
vt 0.771284 0.467229
vt 0.765435 0.451605
vt 0.784320 0.468409
vt 0.780684 0.518143
vt 0.775310 0.457232
vt 0.785669 0.467644
vt 0.774539 0.458217
vt 0.784321 0.468386
vt 0.773752 0.459185
vt 0.785292 0.517694
vt 0.783660 0.506879
vt 0.787299 0.554700
vt 0.786552 0.529397
vt 0.547453 0.436937
vt 0.544138 0.440974
vt 0.529347 0.440807
vt 0.777621 0.483627
vt 0.779207 0.472325
vt 0.784056 0.485085
vt 0.505753 0.468183
vt 0.503761 0.474425
vt 0.505111 0.468099
vt 0.786568 0.654751
vt 0.770451 0.676644
vt 0.784079 0.653561
vt 0.804218 0.576985
vt 0.808238 0.538580
vt 0.799252 0.515854
vt 0.794007 0.528458
vt 0.803265 0.539339
vt 0.553879 0.435154
vt 0.551720 0.439004
vt 0.547054 0.433459
vt 0.543175 0.434866
vt 0.784265 0.468493
vt 0.787453 0.477095
vt 0.771608 0.467430
vt 0.773891 0.459643
vt 0.512149 0.459358
vt 0.509082 0.458963
vt 0.520786 0.453962
vt 0.516917 0.453757
vt 0.786394 0.580450
vt 0.799587 0.616961
vt 0.788246 0.629338
vt 0.523377 0.451763
vt 0.518401 0.456232
vt 0.795196 0.540730
vt 0.787337 0.541841
vt 0.777596 0.497040
vt 0.643460 0.553072
vt 0.675450 0.522769
vt 0.644616 0.553378
vt 0.781477 0.496413
vt 0.509163 0.463485
vt 0.507192 0.461678
vt 0.509165 0.468035
vt 0.505855 0.468080
vt 0.776872 0.641972
vt 0.783994 0.652842
vt 0.770757 0.675542
vt 0.797053 0.630613
vt 0.764829 0.451503
vt 0.764649 0.450839
vt 0.539373 0.436286
vt 0.764883 0.452073
vt 0.801840 0.603043
vt 0.806377 0.526364
vt 0.787640 0.554660
vt 0.803387 0.589774
vt 0.789054 0.655918
vt 0.516068 0.458783
vt 0.781738 0.613738
vt 0.797247 0.630656
vt 0.803951 0.551897
vt 0.802939 0.539396
vt 0.801364 0.527265
vt 0.535540 0.444103
vt 0.513172 0.462501
vt 0.689125 0.463210
vt 0.605553 0.460959
vt 0.707104 0.457047
vt 0.586453 0.527941
vt 0.540595 0.507567
vt 0.586818 0.526888
vt 0.542691 0.507429
vt 0.587185 0.525838
vt 0.626673 0.535333
vt 0.615669 0.502067
vt 0.643339 0.502040
vt 0.644881 0.655468
vt 0.564970 0.618630
vt 0.569248 0.614687
vt 0.674892 0.521551
vt 0.714232 0.490585
vt 0.634385 0.601876
vt 0.641207 0.650126
vt 0.633215 0.602116
vt 0.610174 0.485458
vt 0.659990 0.468778
vt 0.676831 0.644978
vt 0.720926 0.574270
vt 0.673916 0.664693
vt 0.530287 0.543748
vt 0.581304 0.549905
vt 0.532645 0.545285
vt 0.667082 0.585662
vt 0.698918 0.566080
vt 0.686706 0.617470
vt 0.622178 0.560312
vt 0.580946 0.550968
vt 0.721253 0.469503
vt 0.726269 0.576057
vt 0.514568 0.530269
vt 0.560135 0.623006
vt 0.499190 0.516335
vt 0.657055 0.670252
vt 0.715645 0.572606
vt 0.714455 0.490667
vt 0.715985 0.487669
vt 0.656007 0.595474
vt 0.644571 0.553551
vt 0.656933 0.595139
vt 0.630452 0.545132
vt 0.577957 0.536834
vt 0.582343 0.532174
vt 0.604007 0.455769
vt 0.726030 0.450761
vt 0.643181 0.553098
vt 0.672866 0.515916
vt 0.674831 0.521346
vt 0.677124 0.642080
vt 0.714150 0.572481
vt 0.677908 0.398121
vt 0.617999 0.403266
vt 0.645166 0.354058
vt 0.628166 0.554336
vt 0.577897 0.537086
vt 0.631906 0.550518
vt 0.664223 0.508171
vt 0.658644 0.506708
vt 0.651933 0.600024
vt 0.655851 0.595599
vt 0.670632 0.510100
vt 0.726356 0.450998
vt 0.670437 0.509930
vt 0.623942 0.558759
vt 0.623106 0.559610
vt 0.530173 0.543998
vt 0.570396 0.613093
vt 0.569469 0.614424
vt 0.518692 0.511588
vt 0.499322 0.515973
vt 0.642547 0.652364
vt 0.644264 0.654784
vt 0.635557 0.601632
vt 0.642770 0.652236
vt 0.637394 0.551718
vt 0.647451 0.604916
vt 0.632120 0.550457
vt 0.529540 0.543436
vt 0.579863 0.543308
vt 0.581651 0.548653
vt 0.628807 0.539486
vt 0.670517 0.685508
vt 0.712921 0.493247
vt 0.676007 0.523991
vt 0.628644 0.539258
vt 0.628309 0.538111
vt 0.607034 0.465935
vt 0.685975 0.464875
vt 0.607443 0.467332
vt 0.650741 0.447329
vt 0.710649 0.442184
vt 0.538126 0.507425
vt 0.540582 0.507334
vt 0.628821 0.539206
vt 0.657575 0.505942
vt 0.658457 0.506638
vt 0.647197 0.604988
vt 0.641154 0.603285
vt 0.581667 0.548844
vt 0.622978 0.559486
vt 0.670148 0.685599
vt 0.590832 0.452474
vt 0.648883 0.416238
vt 0.631959 0.550301
vt 0.627988 0.537004
vt 0.607848 0.468717
vt 0.542679 0.507210
vt 0.683956 0.466022
vt 0.645683 0.553837
vt 0.657856 0.594802
vt 0.713113 0.493337
vt 0.677254 0.640437
vt 0.712666 0.572352
vt 0.532526 0.545507
vt 0.571321 0.611772
vt 0.622302 0.560431
vt 0.641025 0.650239
vt 0.716283 0.486836
vt 0.715982 0.572667
vt 0.676744 0.644145
vt 0.676880 0.642123
vt 0.677039 0.640445
vt 0.645726 0.553672
vt 0.624059 0.558508
vt 0.621327 0.561177
vt 0.596553 0.586486
vt 0.583817 0.561504
vt 0.584184 0.599122
vt 0.546343 0.561830
vt 0.586330 0.528098
vt 0.537303 0.507591
vt 0.593500 0.518727
vt 0.560358 0.502137
vt 0.628479 0.538061
vt 0.656693 0.505250
vt 0.679300 0.534247
vt 0.711130 0.514690
vt 0.647438 0.553823
vt 0.681775 0.561998
vt 0.635760 0.601660
vt 0.621676 0.598813
vt 0.622025 0.636412
vt 0.534638 0.546655
vt 0.606940 0.465616
vt 0.686100 0.465095
vt 0.688398 0.463755
vt 0.684060 0.466206
vt 0.544038 0.449411
vt 0.542370 0.453432
vt 0.540800 0.450989
vt 0.465580 0.545636
vt 0.467732 0.533572
vt 0.467978 0.545578
vt 0.539155 0.455169
vt 0.537520 0.459580
vt 0.535997 0.457058
vt 0.491477 0.509193
vt 0.490231 0.497753
vt 0.492562 0.497857
vt 0.530039 0.461231
vt 0.525924 0.460842
vt 0.528588 0.458695
vt 0.466320 0.557610
vt 0.468719 0.557519
vt 0.491580 0.557422
vt 0.490734 0.570391
vt 0.489245 0.557543
vt 0.490526 0.533177
vt 0.488441 0.521019
vt 0.490776 0.521043
vt 0.531461 0.456581
vt 0.534493 0.454559
vt 0.534428 0.461643
vt 0.532939 0.459100
vt 0.491720 0.486785
vt 0.494044 0.486935
vt 0.470796 0.477221
vt 0.471280 0.487982
vt 0.468884 0.487870
vt 0.467404 0.498687
vt 0.468712 0.509932
vt 0.466318 0.509889
vt 0.493784 0.475472
vt 0.496087 0.475667
vt 0.497130 0.460783
vt 0.499391 0.461002
vt 0.476197 0.455519
vt 0.475613 0.466697
vt 0.473209 0.466491
vt 0.527347 0.463392
vt 0.523445 0.463041
vt 0.501953 0.440459
vt 0.504234 0.440621
vt 0.506639 0.416232
vt 0.509148 0.415864
vt 0.479854 0.444613
vt 0.478611 0.455806
vt 0.522421 0.467980
vt 0.518849 0.467784
vt 0.521104 0.465335
vt 0.467521 0.569546
vt 0.469922 0.569424
vt 0.469226 0.581815
vt 0.471633 0.581662
vt 0.496276 0.587803
vt 0.499762 0.613723
vt 0.493960 0.588049
vt 0.540711 0.457663
vt 0.471472 0.594736
vt 0.473883 0.594557
vt 0.474055 0.608040
vt 0.476467 0.607851
vt 0.502064 0.613451
vt 0.506855 0.643956
vt 0.549946 0.450114
vt 0.547506 0.454227
vt 0.545755 0.451808
vt 0.470121 0.533552
vt 0.470371 0.545521
vt 0.478908 0.509531
vt 0.472502 0.498827
vt 0.479992 0.498256
vt 0.489143 0.509130
vt 0.487890 0.497649
vt 0.489068 0.486647
vt 0.483488 0.476418
vt 0.491154 0.475294
vt 0.471113 0.557427
vt 0.472319 0.569300
vt 0.488190 0.533197
vt 0.486114 0.545470
vt 0.485848 0.533218
vt 0.486097 0.520997
vt 0.488459 0.545403
vt 0.486900 0.557664
vt 0.468007 0.521606
vt 0.469798 0.498763
vt 0.471100 0.509977
vt 0.472185 0.498840
vt 0.491470 0.475271
vt 0.487573 0.497661
vt 0.481478 0.487379
vt 0.473195 0.477374
vt 0.473667 0.488095
vt 0.475585 0.477530
vt 0.499693 0.440294
vt 0.486446 0.463746
vt 0.494547 0.460632
vt 0.478005 0.466904
vt 0.482118 0.445071
vt 0.480990 0.456086
vt 0.504263 0.417171
vt 0.471429 0.557426
vt 0.478200 0.545496
vt 0.478961 0.557545
vt 0.488389 0.570577
vt 0.491636 0.588296
vt 0.474035 0.581506
vt 0.476292 0.594378
vt 0.480307 0.569931
vt 0.474363 0.581576
vt 0.472637 0.569311
vt 0.497455 0.613996
vt 0.504572 0.644146
vt 0.478881 0.607660
vt 0.490794 0.545335
vt 0.561290 0.445655
vt 0.554835 0.444726
vt 0.561345 0.445044
vt 0.555060 0.444086
vt 0.561399 0.444431
vt 0.485798 0.545474
vt 0.486583 0.557666
vt 0.486800 0.509068
vt 0.485532 0.533223
vt 0.555316 0.448199
vt 0.552480 0.452260
vt 0.537623 0.452703
vt 0.491308 0.588227
vt 0.486905 0.604195
vt 0.482814 0.584877
vt 0.490714 0.428801
vt 0.502779 0.415437
vt 0.492414 0.429895
vt 0.504112 0.417106
vt 0.494118 0.430986
vt 0.473985 0.488080
vt 0.465614 0.521592
vt 0.470687 0.545517
vt 0.477941 0.533389
vt 0.470395 0.521619
vt 0.561179 0.445726
vt 0.559642 0.449565
vt 0.554603 0.445432
vt 0.551103 0.446559
vt 0.479177 0.607566
vt 0.476643 0.594571
vt 0.497100 0.613792
vt 0.491674 0.625661
vt 0.519748 0.470899
vt 0.516650 0.470418
vt 0.528778 0.465970
vt 0.524841 0.465605
vt 0.489385 0.486633
vt 0.481355 0.455902
vt 0.490566 0.448249
vt 0.531498 0.463791
vt 0.526243 0.468199
vt 0.478203 0.521315
vt 0.485782 0.521005
vt 0.493067 0.570206
vt 0.549935 0.459504
vt 0.548250 0.463561
vt 0.546652 0.461107
vt 0.488071 0.570568
vt 0.516570 0.474589
vt 0.514648 0.472992
vt 0.516357 0.478780
vt 0.512967 0.478516
vt 0.499359 0.440490
vt 0.494092 0.431474
vt 0.503850 0.417849
vt 0.484597 0.445630
vt 0.567941 0.445433
vt 0.567999 0.446123
vt 0.547447 0.447933
vt 0.567804 0.444787
vt 0.478339 0.466833
vt 0.465333 0.533592
vt 0.486484 0.509078
vt 0.475906 0.477507
vt 0.523736 0.470652
vt 0.494868 0.460558
vt 0.484333 0.445515
vt 0.471416 0.509966
vt 0.470710 0.521612
vt 0.470436 0.533546
vt 0.543968 0.455903
vt 0.520618 0.474026
vt 0.769734 0.550597
vt 0.767754 0.562480
vt 0.767374 0.550670
vt 0.545033 0.465338
vt 0.543468 0.469782
vt 0.541898 0.467290
vt 0.744795 0.587251
vt 0.746437 0.598664
vt 0.744094 0.598646
vt 0.536032 0.471612
vt 0.531896 0.471344
vt 0.534507 0.469111
vt 0.768985 0.538830
vt 0.766620 0.538913
vt 0.743874 0.538988
vt 0.744737 0.526055
vt 0.746205 0.538865
vt 0.745142 0.563234
vt 0.747487 0.575345
vt 0.745153 0.575381
vt 0.537338 0.466915
vt 0.540339 0.464814
vt 0.540429 0.471908
vt 0.538879 0.469404
vt 0.745369 0.609766
vt 0.743011 0.609703
vt 0.766891 0.618138
vt 0.765723 0.607539
vt 0.768089 0.607519
vt 0.769046 0.596814
vt 0.767359 0.585791
vt 0.769718 0.585759
vt 0.743784 0.621412
vt 0.741408 0.621284
vt 0.741207 0.637090
vt 0.738839 0.636894
vt 0.764337 0.640718
vt 0.763202 0.629154
vt 0.765598 0.629099
vt 0.533402 0.473855
vt 0.529479 0.473631
vt 0.737232 0.659544
vt 0.734874 0.659313
vt 0.732561 0.685748
vt 0.730315 0.685360
vt 0.763128 0.652569
vt 0.761928 0.640797
vt 0.528636 0.478618
vt 0.524959 0.478547
vt 0.527198 0.476014
vt 0.767889 0.527064
vt 0.765513 0.527160
vt 0.766377 0.514901
vt 0.763984 0.515027
vt 0.739538 0.508726
vt 0.737246 0.483386
vt 0.741819 0.508543
vt 0.546622 0.467817
vt 0.764296 0.502072
vt 0.761891 0.502243
vt 0.761596 0.488894
vt 0.759295 0.489263
vt 0.734999 0.483520
vt 0.732620 0.453666
vt 0.555944 0.460238
vt 0.553402 0.464348
vt 0.551664 0.461921
vt 0.765401 0.562538
vt 0.765016 0.550742
vt 0.757298 0.586514
vt 0.764016 0.596884
vt 0.756626 0.597759
vt 0.747130 0.587240
vt 0.748786 0.598680
vt 0.748058 0.609796
vt 0.754248 0.619849
vt 0.746498 0.621499
vt 0.764257 0.538998
vt 0.763141 0.527260
vt 0.747479 0.563174
vt 0.749397 0.550897
vt 0.749817 0.563115
vt 0.749827 0.575309
vt 0.747059 0.550983
vt 0.748543 0.538741
vt 0.767732 0.574268
vt 0.766685 0.596838
vt 0.765002 0.585822
vt 0.764327 0.596859
vt 0.746175 0.621539
vt 0.749103 0.598655
vt 0.755635 0.608681
vt 0.764512 0.618168
vt 0.763357 0.607557
vt 0.762128 0.618196
vt 0.739596 0.659776
vt 0.752226 0.633188
vt 0.743912 0.637196
vt 0.760798 0.629206
vt 0.760716 0.652660
vt 0.759514 0.640875
vt 0.734892 0.686035
vt 0.763945 0.538999
vt 0.757270 0.550818
vt 0.756467 0.538870
vt 0.747072 0.525887
vt 0.744101 0.508354
vt 0.761597 0.515156
vt 0.759514 0.502412
vt 0.755178 0.526581
vt 0.761274 0.515084
vt 0.762827 0.527247
vt 0.739477 0.483243
vt 0.735267 0.453992
vt 0.757041 0.489623
vt 0.744727 0.551070
vt 0.749983 0.469387
vt 0.748215 0.470383
vt 0.746441 0.471376
vt 0.749712 0.550890
vt 0.748858 0.538738
vt 0.749470 0.587227
vt 0.750131 0.563104
vt 0.561596 0.458355
vt 0.558482 0.462452
vt 0.543454 0.462874
vt 0.744419 0.508430
vt 0.749199 0.492867
vt 0.752861 0.511784
vt 0.519434 0.489610
vt 0.517642 0.495204
vt 0.518839 0.489577
vt 0.517069 0.494939
vt 0.518243 0.489543
vt 0.763044 0.607588
vt 0.770091 0.574224
vt 0.764706 0.550748
vt 0.757674 0.562822
vt 0.765376 0.574312
vt 0.567945 0.456285
vt 0.566053 0.460026
vt 0.560936 0.455350
vt 0.557172 0.456627
vt 0.756760 0.489712
vt 0.759172 0.502221
vt 0.739805 0.483461
vt 0.746429 0.471856
vt 0.526075 0.481679
vt 0.522745 0.481253
vt 0.534913 0.476385
vt 0.530969 0.476151
vt 0.747737 0.609824
vt 0.759173 0.641064
vt 0.749482 0.650223
vt 0.537562 0.474130
vt 0.532458 0.478690
vt 0.757663 0.574801
vt 0.750141 0.575293
vt 0.742411 0.526220
vt 0.747387 0.525899
vt 0.523039 0.485558
vt 0.520739 0.483934
vt 0.523013 0.489763
vt 0.519524 0.489536
vt 0.739938 0.659575
vt 0.746657 0.669133
vt 0.735295 0.685455
vt 0.757962 0.652868
vt 0.736902 0.452398
vt 0.738382 0.450839
vt 0.553414 0.458015
vt 0.735418 0.453948
vt 0.760473 0.629301
vt 0.770113 0.562421
vt 0.749786 0.587207
vt 0.761812 0.618241
vt 0.520033 0.484074
vt 0.520667 0.483981
vt 0.530054 0.481237
vt 0.743584 0.637287
vt 0.519405 0.484206
vt 0.764692 0.585842
vt 0.765067 0.574327
vt 0.765091 0.562548
vt 0.549858 0.466028
vt 0.527096 0.484798
vt 0.504394 0.474669
vt 0.504416 0.474663
vt 0.504389 0.474685
vt 0.504422 0.474635
vt 0.504442 0.474637
vt 0.504414 0.474680
vt 0.504436 0.474656
vt 0.504506 0.474559
vt 0.504485 0.474552
vt 0.504515 0.474516
vt 0.764206 0.675892
vt 0.764138 0.675906
vt 0.764173 0.675671
vt 0.504471 0.474602
vt 0.504454 0.474595
vt 0.504455 0.474643
vt 0.764219 0.676247
vt 0.764240 0.676121
vt 0.764286 0.676482
vt 0.764200 0.676336
vt 0.764177 0.676090
vt 0.764167 0.676185
vt 0.787140 0.466874
vt 0.787103 0.466970
vt 0.787043 0.466883
vt 0.787232 0.466890
vt 0.787196 0.466959
vt 0.787177 0.467069
vt 0.787270 0.466958
vt 0.787251 0.467034
vt 0.787460 0.466924
vt 0.787344 0.466987
vt 0.787321 0.466898
vt 0.787430 0.467041
vt 0.787345 0.467054
vt 0.787292 0.467015
vt 0.787259 0.467169
vt 0.787377 0.467178
vt 0.787311 0.467108
vt 0.787402 0.467108
vt 0.764449 0.450974
vt 0.764427 0.450910
vt 0.764469 0.451131
vt 0.764384 0.451082
vt 0.764351 0.450982
vt 0.764368 0.450943
vt 0.764337 0.451030
vt 0.764126 0.451268
vt 0.764267 0.451120
vt 0.764336 0.451203
vt 0.764233 0.451080
vt 0.764299 0.451023
vt 0.560696 0.436831
vt 0.560696 0.436854
vt 0.560659 0.436844
vt 0.764304 0.450972
vt 0.764422 0.450920
vt 0.764271 0.451036
vt 0.764242 0.451099
vt 0.770450 0.676497
vt 0.770524 0.676397
vt 0.770301 0.676702
vt 0.770389 0.676554
vt 0.770509 0.676301
vt 0.770617 0.676110
vt 0.770453 0.676389
vt 0.770376 0.676470
vt 0.770279 0.676668
vt 0.770371 0.676334
vt 0.770464 0.676278
vt 0.770704 0.675813
vt 0.770632 0.675770
vt 0.770571 0.676062
vt 0.770499 0.676048
vt 0.784317 0.468403
vt 0.784298 0.468399
vt 0.784317 0.468415
vt 0.784304 0.468414
vt 0.784280 0.468424
vt 0.784301 0.468431
vt 0.784292 0.468430
vt 0.784324 0.468427
vt 0.784319 0.468419
vt 0.784314 0.468448
vt 0.784314 0.468428
vt 0.784304 0.468439
vt 0.784308 0.468423
vt 0.784268 0.468457
vt 0.784293 0.468470
vt 0.784289 0.468449
vt 0.765032 0.451870
vt 0.765086 0.451996
vt 0.764988 0.451835
vt 0.765055 0.451761
vt 0.765140 0.451836
vt 0.765092 0.451773
vt 0.765067 0.451703
vt 0.765055 0.451711
vt 0.765052 0.451692
vt 0.765091 0.451696
vt 0.765064 0.451719
vt 0.765038 0.451741
vt 0.765097 0.451727
vt 0.765197 0.451731
vt 0.765182 0.451667
vt 0.765226 0.451907
vt 0.643436 0.553112
vt 0.643386 0.553087
vt 0.643419 0.553158
vt 0.643371 0.553115
vt 0.643303 0.553103
vt 0.643363 0.553143
vt 0.643327 0.553135
vt 0.643315 0.553120
vt 0.643357 0.553206
vt 0.643412 0.553206
vt 0.643414 0.553252
vt 0.643309 0.553142
vt 0.643357 0.553173
vt 0.643234 0.553106
vt 0.643271 0.553120
vt 0.643232 0.553116
vt 0.643292 0.553152
vt 0.530181 0.543766
vt 0.530035 0.543674
vt 0.530131 0.543812
vt 0.530004 0.543688
vt 0.529867 0.543632
vt 0.529809 0.543590
vt 0.529962 0.543725
vt 0.530119 0.543882
vt 0.529988 0.543710
vt 0.529652 0.543515
vt 0.529754 0.543563
vt 0.529768 0.543588
vt 0.715765 0.487588
vt 0.715950 0.487408
vt 0.715835 0.487592
vt 0.715888 0.487602
vt 0.716053 0.487278
vt 0.715987 0.487414
vt 0.716218 0.486958
vt 0.716187 0.486998
vt 0.716143 0.487086
vt 0.716073 0.487184
vt 0.715935 0.487624
vt 0.716055 0.487396
vt 0.716023 0.487400
vt 0.716095 0.487205
vt 0.716140 0.487121
vt 0.676817 0.644174
vt 0.676794 0.644392
vt 0.676876 0.644168
vt 0.676832 0.644397
vt 0.676864 0.644388
vt 0.676846 0.644534
vt 0.676841 0.644596
vt 0.677008 0.644065
vt 0.676889 0.644396
vt 0.676934 0.644133
vt 0.676910 0.644394
vt 0.676848 0.644690
vt 0.688406 0.463668
vt 0.688575 0.463591
vt 0.688566 0.463513
vt 0.688686 0.463458
vt 0.688722 0.463445
vt 0.688251 0.463540
vt 0.688573 0.463481
vt 0.688343 0.463567
vt 0.688575 0.463463
vt 0.688835 0.463362
vt 0.688745 0.463423
vt 0.688388 0.463609
vt 0.688976 0.463316
vt 0.689002 0.463274
vt 0.623879 0.558604
vt 0.623850 0.558652
vt 0.623809 0.558630
vt 0.623957 0.558595
vt 0.623907 0.558620
vt 0.623929 0.558640
vt 0.623888 0.558682
vt 0.623954 0.558614
vt 0.623993 0.558610
vt 0.623995 0.558573
vt 0.624025 0.558550
vt 0.624018 0.558542
vt 0.623958 0.558576
vt 0.623919 0.558719
vt 0.623966 0.558689
vt 0.623949 0.558662
vt 0.623973 0.558611
vt 0.644498 0.654667
vt 0.644573 0.654957
vt 0.644464 0.654745
vt 0.644595 0.654933
vt 0.644706 0.655191
vt 0.644662 0.655134
vt 0.644696 0.655201
vt 0.644732 0.655243
vt 0.644785 0.655339
vt 0.644359 0.654796
vt 0.644500 0.654992
vt 0.644420 0.654783
vt 0.644526 0.654985
vt 0.644545 0.654965
vt 0.628810 0.539279
vt 0.628782 0.539231
vt 0.628779 0.539353
vt 0.628782 0.539296
vt 0.628754 0.539305
vt 0.628737 0.539250
vt 0.628764 0.539340
vt 0.628786 0.539436
vt 0.628758 0.539359
vt 0.628781 0.539397
vt 0.628797 0.539432
vt 0.628797 0.539363
vt 0.628690 0.539258
vt 0.628692 0.539314
vt 0.628725 0.539313
vt 0.628749 0.539377
vt 0.538122 0.507676
vt 0.537859 0.507592
vt 0.538068 0.507610
vt 0.537617 0.507585
vt 0.537696 0.507584
vt 0.537880 0.507629
vt 0.538067 0.507496
vt 0.537833 0.507525
vt 0.537855 0.507564
vt 0.537838 0.507542
vt 0.537657 0.507583
vt 0.537574 0.507574
vt 0.537731 0.507577
vt 0.670474 0.685660
vt 0.670425 0.685539
vt 0.670637 0.685648
vt 0.670587 0.685564
vt 0.670334 0.685564
vt 0.670487 0.685761
vt 0.670378 0.685704
vt 0.645164 0.354036
vt 0.645192 0.354051
vt 0.645139 0.354056
vt 0.645144 0.354027
vt 0.645183 0.354023
vt 0.645210 0.354046
vt 0.645163 0.354019
vt 0.670242 0.685583
vt 0.670128 0.685703
vt 0.670274 0.685711
vt 0.670159 0.685781
vt 0.670395 0.685765
vt 0.670316 0.685800
vt 0.726034 0.450685
vt 0.726123 0.450810
vt 0.726074 0.450615
vt 0.726184 0.450711
vt 0.726209 0.450862
vt 0.726241 0.450651
vt 0.726286 0.450750
vt 0.710666 0.442187
vt 0.710637 0.442206
vt 0.710663 0.442160
vt 0.710683 0.442170
vt 0.726159 0.450520
vt 0.726345 0.450604
vt 0.726313 0.450697
vt 0.726287 0.450923
vt 0.726438 0.450983
vt 0.726374 0.450826
vt 0.726517 0.450925
vt 0.726419 0.450727
vt 0.632069 0.550483
vt 0.632087 0.550410
vt 0.632017 0.550501
vt 0.632042 0.550438
vt 0.632049 0.550369
vt 0.631995 0.550426
vt 0.632017 0.550404
vt 0.631909 0.550461
vt 0.631964 0.550513
vt 0.631919 0.550407
vt 0.631962 0.550461
vt 0.632004 0.550456
vt 0.632007 0.550333
vt 0.631935 0.550354
vt 0.631982 0.550380
vt 0.631965 0.550419
vt 0.499086 0.516353
vt 0.499213 0.516240
vt 0.499011 0.516312
vt 0.499090 0.516194
vt 0.499243 0.516150
vt 0.499003 0.516131
vt 0.499120 0.516090
vt 0.590816 0.452480
vt 0.590816 0.452452
vt 0.499088 0.515840
vt 0.499098 0.515988
vt 0.498995 0.516007
vt 0.590798 0.452465
vt 0.590807 0.452431
vt 0.499068 0.516059
vt 0.499178 0.516009
vt 0.499276 0.515911
vt 0.499280 0.516062
vt 0.499207 0.515873
vt 0.712964 0.493312
vt 0.712898 0.493340
vt 0.713000 0.493228
vt 0.713044 0.493231
vt 0.712933 0.493389
vt 0.712871 0.493434
vt 0.713002 0.493308
vt 0.712968 0.493366
vt 0.713021 0.493340
vt 0.713076 0.493261
vt 0.713033 0.493411
vt 0.712966 0.493407
vt 0.712842 0.493528
vt 0.712886 0.493551
vt 0.714266 0.493697
vt 0.712911 0.493461
vt 0.712957 0.493481
vt 0.645762 0.553697
vt 0.645707 0.553712
vt 0.645794 0.553725
vt 0.645742 0.553733
vt 0.645694 0.553752
vt 0.645767 0.553751
vt 0.645730 0.553761
vt 0.645807 0.553811
vt 0.645821 0.553756
vt 0.643709 0.553388
vt 0.645768 0.553825
vt 0.645786 0.553776
vt 0.645758 0.553788
vt 0.645686 0.553793
vt 0.645727 0.553833
vt 0.645727 0.553792
vt 0.645752 0.553767
vt 0.677125 0.640410
vt 0.677106 0.640487
vt 0.677074 0.640361
vt 0.677140 0.640335
vt 0.677154 0.640423
vt 0.677144 0.640493
vt 0.677178 0.640169
vt 0.677130 0.640174
vt 0.678057 0.640603
vt 0.677199 0.640257
vt 0.677158 0.640263
vt 0.677105 0.640269
vt 0.677181 0.640403
vt 0.677223 0.640345
vt 0.677181 0.640480
vt 0.677174 0.640330
vt 0.622216 0.560337
vt 0.622160 0.560353
vt 0.622248 0.560364
vt 0.622196 0.560373
vt 0.622148 0.560393
vt 0.622206 0.560407
vt 0.622184 0.560402
vt 0.622262 0.560451
vt 0.622276 0.560395
vt 0.622222 0.560465
vt 0.622240 0.560416
vt 0.622212 0.560428
vt 0.622221 0.560391
vt 0.622140 0.560434
vt 0.622181 0.560473
vt 0.623592 0.559000
vt 0.622181 0.560432
vt 0.534640 0.546740
vt 0.534580 0.546695
vt 0.534709 0.546716
vt 0.534681 0.546782
vt 0.534604 0.546766
vt 0.534554 0.546730
vt 0.534645 0.546790
vt 0.534303 0.546804
vt 0.534805 0.546831
vt 0.533636 0.547229
vt 0.534701 0.546890
vt 0.534722 0.546831
vt 0.534761 0.546774
vt 0.534659 0.546826
vt 0.534531 0.546845
vt 0.534603 0.546810
vt 0.534626 0.546876
vt 0.534539 0.546771
vt 0.641119 0.650117
vt 0.641136 0.650050
vt 0.641135 0.650209
vt 0.641097 0.650157
vt 0.641069 0.650067
vt 0.641068 0.649987
vt 0.641065 0.650109
vt 0.641052 0.650157
vt 0.641096 0.650226
vt 0.640987 0.650135
vt 0.641026 0.650091
vt 0.641002 0.649930
vt 0.640943 0.649964
vt 0.640323 0.650780
vt 0.641012 0.650018
vt 0.640962 0.650048
vt 0.683985 0.466176
vt 0.684054 0.466139
vt 0.683968 0.466242
vt 0.683922 0.466199
vt 0.683985 0.466132
vt 0.683937 0.466161
vt 0.683768 0.466232
vt 0.683805 0.466288
vt 0.683980 0.465251
vt 0.683819 0.466165
vt 0.683853 0.466216
vt 0.683885 0.466267
vt 0.683896 0.466158
vt 0.683945 0.466110
vt 0.683877 0.466097
vt 0.684013 0.466066
vt 0.628113 0.536977
vt 0.628126 0.536921
vt 0.628153 0.536956
vt 0.628073 0.536991
vt 0.628091 0.536942
vt 0.628098 0.536890
vt 0.628056 0.536933
vt 0.628072 0.536918
vt 0.627991 0.536960
vt 0.628032 0.537000
vt 0.627998 0.536919
vt 0.628032 0.536959
vt 0.628035 0.536928
vt 0.628063 0.536955
vt 0.628065 0.536864
vt 0.628011 0.536880
vt 0.628550 0.538654
vt 0.628047 0.536900
vt 0.542718 0.507350
vt 0.542768 0.507398
vt 0.542650 0.507362
vt 0.542640 0.507326
vt 0.542784 0.507340
vt 0.542849 0.507372
vt 0.542702 0.507324
vt 0.542753 0.507323
vt 0.542717 0.507296
vt 0.542645 0.507288
vt 0.542768 0.507246
vt 0.542784 0.507306
vt 0.542935 0.507349
vt 0.542936 0.507303
vt 0.542165 0.506525
vt 0.542848 0.507324
vt 0.542851 0.507277
vt 0.511243 0.484253
vt 0.511269 0.484247
vt 0.511239 0.484274
vt 0.511275 0.484217
vt 0.511297 0.484222
vt 0.511268 0.484266
vt 0.511291 0.484242
vt 0.511361 0.484154
vt 0.511342 0.484144
vt 0.511372 0.484116
vt 0.511342 0.484197
vt 0.511327 0.484191
vt 0.511309 0.484180
vt 0.511311 0.484230
vt 0.509198 0.415909
vt 0.509188 0.416005
vt 0.511255 0.484288
vt 0.511287 0.484262
vt 0.511319 0.484246
vt 0.567987 0.446143
vt 0.567958 0.446141
vt 0.568025 0.446129
vt 0.568003 0.446147
vt 0.567955 0.446162
vt 0.567912 0.446159
vt 0.567975 0.446162
vt 0.509152 0.643685
vt 0.509198 0.643630
vt 0.509155 0.643740
vt 0.567971 0.446189
vt 0.567958 0.446177
vt 0.567995 0.446163
vt 0.568025 0.446139
vt 0.567866 0.446177
vt 0.567868 0.446198
vt 0.567828 0.446195
vt 0.567915 0.446178
vt 0.567916 0.446194
vt 0.504100 0.417237
vt 0.504032 0.417309
vt 0.504223 0.417081
vt 0.504149 0.417199
vt 0.504044 0.417378
vt 0.503962 0.417498
vt 0.504091 0.417319
vt 0.504158 0.417263
vt 0.504242 0.417107
vt 0.504155 0.417368
vt 0.504079 0.417397
vt 0.503894 0.417684
vt 0.503943 0.417714
vt 0.503995 0.417532
vt 0.504047 0.417547
vt 0.567783 0.444767
vt 0.567820 0.444786
vt 0.567756 0.444766
vt 0.567743 0.444750
vt 0.567800 0.444767
vt 0.567766 0.444753
vt 0.504209 0.643599
vt 0.504154 0.643634
vt 0.504103 0.643449
vt 0.504331 0.643790
vt 0.504271 0.643809
vt 0.504234 0.643849
vt 0.504377 0.643960
vt 0.504340 0.643986
vt 0.504475 0.644086
vt 0.504458 0.643984
vt 0.504567 0.644226
vt 0.504481 0.644150
vt 0.504403 0.644042
vt 0.518235 0.495431
vt 0.518256 0.495430
vt 0.518231 0.495446
vt 0.518261 0.495406
vt 0.518279 0.495411
vt 0.518254 0.495446
vt 0.518274 0.495427
vt 0.518335 0.495354
vt 0.518316 0.495345
vt 0.518342 0.495320
vt 0.730234 0.685087
vt 0.730177 0.685100
vt 0.730199 0.684945
vt 0.518305 0.495386
vt 0.518288 0.495376
vt 0.518291 0.495419
vt 0.730260 0.685322
vt 0.730270 0.685233
vt 0.730309 0.685443
vt 0.730252 0.685378
vt 0.730216 0.685223
vt 0.730215 0.685290
vt 0.520672 0.483959
vt 0.520687 0.483972
vt 0.520678 0.483933
vt 0.520691 0.483951
vt 0.520703 0.483959
vt 0.520707 0.483932
vt 0.520706 0.483943
vt 0.520715 0.483894
vt 0.520688 0.483907
vt 0.520697 0.483883
vt 0.520723 0.483907
vt 0.520704 0.483914
vt 0.520697 0.483932
vt 0.520715 0.483921
vt 0.520718 0.483932
vt 0.520730 0.483919
vt 0.520720 0.483946
vt 0.575173 0.457181
vt 0.575160 0.457201
vt 0.575132 0.457197
vt 0.575198 0.457186
vt 0.575178 0.457206
vt 0.575128 0.457218
vt 0.575084 0.457214
vt 0.575148 0.457219
vt 0.730277 0.453836
vt 0.730228 0.453885
vt 0.730279 0.453783
vt 0.730235 0.453977
vt 0.730188 0.453995
vt 0.730222 0.453826
vt 0.730278 0.453755
vt 0.730187 0.453924
vt 0.575035 0.457231
vt 0.575037 0.457254
vt 0.574993 0.457248
vt 0.575087 0.457234
vt 0.575088 0.457251
vt 0.575130 0.457232
vt 0.517054 0.494920
vt 0.517060 0.494896
vt 0.517061 0.494960
vt 0.517049 0.494934
vt 0.517046 0.494885
vt 0.517052 0.494846
vt 0.517043 0.494904
vt 0.734979 0.685994
vt 0.734890 0.686092
vt 0.734991 0.685899
vt 0.735064 0.685889
vt 0.517053 0.494960
vt 0.517034 0.494929
vt 0.735044 0.685960
vt 0.734978 0.686053
vt 0.735263 0.685618
vt 0.735201 0.685583
vt 0.517037 0.494844
vt 0.517045 0.494795
vt 0.735155 0.685764
vt 0.735097 0.685741
vt 0.517034 0.494886
vt 0.519386 0.484198
vt 0.519406 0.484184
vt 0.519365 0.484187
vt 0.519387 0.484179
vt 0.519406 0.484158
vt 0.519377 0.484162
vt 0.519389 0.484161
vt 0.758041 0.652841
vt 0.758015 0.652925
vt 0.758135 0.652871
vt 0.758075 0.652898
vt 0.519357 0.484163
vt 0.519344 0.484176
vt 0.519371 0.484173
vt 0.519408 0.484132
vt 0.519389 0.484120
vt 0.519409 0.484109
vt 0.519388 0.484141
vt 0.758203 0.652853
vt 0.758131 0.652810
vt 0.758221 0.652779
vt 0.519371 0.484151
vt 0.735423 0.454075
vt 0.735353 0.453904
vt 0.735484 0.454152
vt 0.735470 0.454219
vt 0.735377 0.454031
vt 0.735427 0.454157
vt 0.735554 0.454566
vt 0.735605 0.454538
vt 0.735642 0.454709
vt 0.735459 0.454389
vt 0.735512 0.454377
vt 0.735546 0.454345
vt 0.735434 0.454236
vt 0.735364 0.454096
vt 0.735362 0.454201
vt 0.735314 0.453891
vt 0.523214 0.444658
vt 0.526214 0.442633
vt 0.806545 0.526335
vt 0.808360 0.538564
vt 0.806492 0.526343
vt 0.808304 0.538570
vt 0.806439 0.526352
vt 0.520395 0.446799
vt 0.808416 0.538561
vt 0.809633 0.551160
vt 0.809575 0.551163
vt 0.529206 0.447607
vt 0.780519 0.518162
vt 0.781494 0.529803
vt 0.781437 0.529806
vt 0.780572 0.518155
vt 0.781550 0.529800
vt 0.532333 0.445765
vt 0.779257 0.507424
vt 0.779305 0.507413
vt 0.780625 0.518149
vt 0.532550 0.439142
vt 0.804111 0.514840
vt 0.801177 0.504251
vt 0.801222 0.504235
vt 0.804062 0.514853
vt 0.801133 0.504266
vt 0.529337 0.440790
vt 0.804013 0.514865
vt 0.526205 0.449635
vt 0.523387 0.451780
vt 0.781972 0.554924
vt 0.781987 0.542183
vt 0.782035 0.554932
vt 0.782047 0.542183
vt 0.782098 0.554936
vt 0.781927 0.542181
vt 0.780592 0.580404
vt 0.781574 0.567673
vt 0.780666 0.580431
vt 0.781638 0.567686
vt 0.780732 0.580451
vt 0.781703 0.567693
vt 0.780798 0.580463
vt 0.520796 0.453979
vt 0.517806 0.448995
vt 0.809693 0.551162
vt 0.810301 0.563790
vt 0.810240 0.563788
vt 0.515423 0.451265
vt 0.810363 0.563797
vt 0.810331 0.576482
vt 0.810268 0.576476
vt 0.513205 0.453648
vt 0.810394 0.576496
vt 0.809684 0.589395
vt 0.809620 0.589383
vt 0.511105 0.456195
vt 0.809747 0.589418
vt 0.808332 0.602764
vt 0.808269 0.602736
vt 0.775666 0.613242
vt 0.779005 0.594154
vt 0.775733 0.613311
vt 0.779070 0.594185
vt 0.775793 0.613366
vt 0.779137 0.594204
vt 0.775859 0.613403
vt 0.778933 0.594114
vt 0.507173 0.461675
vt 0.505826 0.468120
vt 0.507157 0.461674
vt 0.505799 0.468154
vt 0.507141 0.461676
vt 0.789149 0.655921
vt 0.803321 0.631138
vt 0.505774 0.468177
vt 0.509082 0.458932
vt 0.808391 0.602810
vt 0.806267 0.616796
vt 0.806210 0.616738
vt 0.509081 0.458908
vt 0.764126 0.675488
vt 0.770334 0.641741
vt 0.770387 0.641844
vt 0.770449 0.641912
vt 0.770278 0.641617
vt 0.535550 0.444120
vt 0.777463 0.497080
vt 0.777504 0.497063
vt 0.779353 0.507404
vt 0.539081 0.442616
vt 0.774046 0.484362
vt 0.774078 0.484331
vt 0.777547 0.497050
vt 0.539358 0.436271
vt 0.798024 0.494508
vt 0.794599 0.485273
vt 0.794631 0.485242
vt 0.797984 0.494528
vt 0.794565 0.485296
vt 0.535853 0.437669
vt 0.797944 0.494545
vt 0.553919 0.435143
vt 0.775402 0.457198
vt 0.775345 0.457207
vt 0.547071 0.433443
vt 0.775475 0.457200
vt 0.544154 0.440989
vt 0.768444 0.467901
vt 0.768465 0.467855
vt 0.774112 0.484309
vt 0.768491 0.467823
vt 0.551747 0.439016
vt 0.547040 0.433444
vt 0.791120 0.476051
vt 0.791098 0.476099
vt 0.791071 0.476134
vt 0.543151 0.434855
vt 0.801597 0.527223
vt 0.803188 0.539351
vt 0.801517 0.527238
vt 0.803103 0.539366
vt 0.801437 0.527252
vt 0.803017 0.539382
vt 0.804213 0.551850
vt 0.804123 0.551865
vt 0.804033 0.551881
vt 0.785074 0.517713
vt 0.786313 0.529422
vt 0.785148 0.517706
vt 0.786394 0.529414
vt 0.785223 0.517699
vt 0.786476 0.529405
vt 0.783457 0.506898
vt 0.783526 0.506891
vt 0.783595 0.506884
vt 0.799471 0.515816
vt 0.796910 0.505270
vt 0.799396 0.515830
vt 0.796840 0.505282
vt 0.799321 0.515843
vt 0.796770 0.505293
vt 0.787380 0.554694
vt 0.787086 0.541870
vt 0.787468 0.554684
vt 0.787172 0.541861
vt 0.787558 0.554672
vt 0.787257 0.541850
vt 0.786483 0.580446
vt 0.787198 0.567542
vt 0.786580 0.580436
vt 0.787290 0.567532
vt 0.786678 0.580423
vt 0.787382 0.567519
vt 0.804661 0.564369
vt 0.804568 0.564384
vt 0.804476 0.564401
vt 0.804496 0.576933
vt 0.804401 0.576948
vt 0.804305 0.576967
vt 0.803678 0.589707
vt 0.803578 0.589725
vt 0.803479 0.589749
vt 0.802168 0.602921
vt 0.802057 0.602952
vt 0.801944 0.602995
vt 0.781832 0.613732
vt 0.784994 0.594375
vt 0.781936 0.613705
vt 0.785102 0.594363
vt 0.782041 0.613662
vt 0.785210 0.594344
vt 0.784005 0.653475
vt 0.797197 0.630661
vt 0.783973 0.653314
vt 0.797142 0.630654
vt 0.783973 0.653094
vt 0.797091 0.630637
vt 0.799984 0.616724
vt 0.799851 0.616778
vt 0.799715 0.616862
vt 0.776534 0.642262
vt 0.776645 0.642194
vt 0.776761 0.642092
vt 0.781273 0.496431
vt 0.781342 0.496423
vt 0.781412 0.496417
vt 0.777423 0.483599
vt 0.777489 0.483603
vt 0.777557 0.483613
vt 0.794038 0.495558
vt 0.790945 0.486281
vt 0.793970 0.495568
vt 0.790875 0.486282
vt 0.793902 0.495575
vt 0.790803 0.486278
vt 0.773759 0.459273
vt 0.773788 0.459383
vt 0.773834 0.459508
vt 0.771354 0.467257
vt 0.771436 0.467303
vt 0.771522 0.467362
vt 0.787683 0.477136
vt 0.787609 0.477134
vt 0.787529 0.477118
vt 0.785780 0.467794
vt 0.785743 0.467740
vt 0.785704 0.467688
vt 0.764816 0.451489
vt 0.765334 0.451789
vt 0.764818 0.451493
vt 0.764820 0.451498
vt 0.764290 0.676425
vt 0.503759 0.474442
vt 0.767268 0.676532
vt 0.503106 0.474190
vt 0.670599 0.510040
vt 0.670556 0.509992
vt 0.670501 0.509956
vt 0.577886 0.537016
vt 0.577916 0.536891
vt 0.577892 0.536951
vt 0.590845 0.452493
vt 0.603896 0.455401
vt 0.603970 0.455648
vt 0.650742 0.447349
vt 0.603933 0.455523
vt 0.647269 0.604998
vt 0.647335 0.604989
vt 0.647395 0.604962
vt 0.677929 0.398107
vt 0.710670 0.442138
vt 0.726392 0.576101
vt 0.677942 0.398095
vt 0.726517 0.576145
vt 0.617977 0.403255
vt 0.645120 0.354055
vt 0.617963 0.403244
vt 0.645111 0.354055
vt 0.560036 0.623092
vt 0.590807 0.452414
vt 0.617959 0.403234
vt 0.674874 0.521502
vt 0.715896 0.487409
vt 0.674860 0.521450
vt 0.674846 0.521398
vt 0.676826 0.644816
vt 0.655888 0.595558
vt 0.655924 0.595523
vt 0.655964 0.595495
vt 0.715897 0.572642
vt 0.715814 0.572625
vt 0.715731 0.572614
vt 0.676843 0.644831
vt 0.581677 0.548798
vt 0.581676 0.548752
vt 0.581667 0.548704
vt 0.529684 0.543508
vt 0.635605 0.601628
vt 0.635655 0.601632
vt 0.635706 0.601644
vt 0.644798 0.655326
vt 0.569313 0.614624
vt 0.569369 0.614561
vt 0.569419 0.614494
vt 0.529948 0.543739
vt 0.658591 0.506696
vt 0.658542 0.506682
vt 0.688774 0.463417
vt 0.658497 0.506664
vt 0.586370 0.528060
vt 0.586404 0.528023
vt 0.586432 0.527983
vt 0.537467 0.507596
vt 0.537440 0.507579
vt 0.606965 0.465699
vt 0.606988 0.465779
vt 0.607011 0.465855
vt 0.676047 0.524138
vt 0.676036 0.524086
vt 0.676023 0.524037
vt 0.676891 0.527041
vt 0.657897 0.594782
vt 0.657937 0.594755
vt 0.657974 0.594723
vt 0.660083 0.593052
vt 0.712585 0.572345
vt 0.712504 0.572335
vt 0.712425 0.572323
vt 0.709965 0.571026
vt 0.581444 0.554243
vt 0.580942 0.551103
vt 0.580935 0.551057
vt 0.580936 0.551012
vt 0.633073 0.602110
vt 0.633122 0.602119
vt 0.633169 0.602121
vt 0.630320 0.601382
vt 0.571368 0.611704
vt 0.571416 0.611638
vt 0.573758 0.609774
vt 0.584148 0.599161
vt 0.656654 0.505225
vt 0.656611 0.505207
vt 0.656563 0.505193
vt 0.653664 0.503985
vt 0.587204 0.525796
vt 0.587231 0.525758
vt 0.587263 0.525721
vt 0.588793 0.523142
vt 0.607870 0.468792
vt 0.607892 0.468868
vt 0.607914 0.468944
vt 0.609142 0.472417
vt 0.644605 0.553421
vt 0.644593 0.553464
vt 0.644582 0.553508
vt 0.677050 0.642098
vt 0.676951 0.642124
vt 0.676999 0.642114
vt 0.532625 0.545360
vt 0.532607 0.545410
vt 0.532577 0.545454
vt 0.642708 0.652279
vt 0.641168 0.650182
vt 0.642616 0.652328
vt 0.642664 0.652304
vt 0.628352 0.538098
vt 0.628394 0.538086
vt 0.628437 0.538073
vt 0.686037 0.464983
vt 0.684039 0.466100
vt 0.686012 0.464939
vt 0.686063 0.465029
vt 0.714310 0.490583
vt 0.714405 0.490615
vt 0.714362 0.490590
vt 0.623074 0.559579
vt 0.623042 0.559548
vt 0.623010 0.559517
vt 0.540586 0.507402
vt 0.538052 0.507553
vt 0.540591 0.507497
vt 0.540588 0.507449
vt 0.531451 0.456565
vt 0.534483 0.454543
vt 0.531443 0.456551
vt 0.534475 0.454529
vt 0.531434 0.456537
vt 0.534466 0.454515
vt 0.465551 0.521590
vt 0.465270 0.533591
vt 0.528578 0.458678
vt 0.528570 0.458664
vt 0.528560 0.458651
vt 0.466255 0.509886
vt 0.537530 0.459598
vt 0.540722 0.457680
vt 0.537539 0.459613
vt 0.540731 0.457695
vt 0.537548 0.459627
vt 0.490591 0.533177
vt 0.543979 0.455920
vt 0.543988 0.455935
vt 0.540740 0.457710
vt 0.490858 0.545333
vt 0.540790 0.450972
vt 0.537613 0.452686
vt 0.540781 0.450958
vt 0.537604 0.452673
vt 0.540773 0.450944
vt 0.537587 0.452642
vt 0.540765 0.450927
vt 0.537596 0.452658
vt 0.534457 0.454498
vt 0.534438 0.461660
vt 0.531508 0.463809
vt 0.534447 0.461675
vt 0.531517 0.463824
vt 0.534457 0.461690
vt 0.531527 0.463838
vt 0.490840 0.521044
vt 0.491541 0.509196
vt 0.528788 0.465988
vt 0.526253 0.468217
vt 0.528797 0.466003
vt 0.526262 0.468232
vt 0.528807 0.466017
vt 0.526273 0.468246
vt 0.492627 0.497862
vt 0.494108 0.486942
vt 0.525914 0.460825
vt 0.525906 0.460810
vt 0.525896 0.460798
vt 0.467341 0.498683
vt 0.523435 0.463023
vt 0.523427 0.463009
vt 0.523416 0.462997
vt 0.468821 0.487864
vt 0.521095 0.465317
vt 0.521087 0.465303
vt 0.521076 0.465290
vt 0.470733 0.477213
vt 0.518843 0.467763
vt 0.518836 0.467745
vt 0.518827 0.467731
vt 0.473146 0.466478
vt 0.523745 0.470670
vt 0.520624 0.474048
vt 0.523753 0.470686
vt 0.520630 0.474066
vt 0.523764 0.470700
vt 0.520639 0.474081
vt 0.496150 0.475677
vt 0.499453 0.461015
vt 0.514630 0.472987
vt 0.512936 0.478550
vt 0.514613 0.472984
vt 0.512906 0.478579
vt 0.514596 0.472982
vt 0.490645 0.428789
vt 0.479790 0.444603
vt 0.512881 0.478597
vt 0.512859 0.478600
vt 0.516651 0.470388
vt 0.516651 0.470364
vt 0.516645 0.470345
vt 0.476137 0.455496
vt 0.516354 0.478810
vt 0.516354 0.478835
vt 0.516358 0.478854
vt 0.504295 0.440641
vt 0.547518 0.454243
vt 0.547528 0.454258
vt 0.543997 0.455950
vt 0.491644 0.557418
vt 0.552497 0.452273
vt 0.552511 0.452286
vt 0.547536 0.454273
vt 0.493131 0.570198
vt 0.547430 0.447919
vt 0.544027 0.449395
vt 0.547417 0.447907
vt 0.544017 0.449382
vt 0.547407 0.447894
vt 0.544002 0.449350
vt 0.547400 0.447876
vt 0.544010 0.449367
vt 0.561220 0.445709
vt 0.561256 0.445691
vt 0.561280 0.445674
vt 0.554603 0.445414
vt 0.554604 0.445398
vt 0.554606 0.445382
vt 0.554607 0.445364
vt 0.559671 0.449573
vt 0.559695 0.449581
vt 0.552522 0.452300
vt 0.502124 0.613427
vt 0.496339 0.587789
vt 0.559712 0.449591
vt 0.509183 0.643535
vt 0.551077 0.446549
vt 0.551055 0.446540
vt 0.551031 0.446512
vt 0.551040 0.446529
vt 0.470196 0.533551
vt 0.470470 0.521619
vt 0.470278 0.533549
vt 0.470552 0.521617
vt 0.470361 0.533548
vt 0.470635 0.521615
vt 0.471175 0.509977
vt 0.471257 0.509974
vt 0.471340 0.509971
vt 0.486039 0.545471
vt 0.485773 0.533219
vt 0.485957 0.545473
vt 0.485691 0.533220
vt 0.485875 0.545473
vt 0.485609 0.533222
vt 0.486825 0.557666
vt 0.486743 0.557667
vt 0.486660 0.557667
vt 0.470446 0.545519
vt 0.471188 0.557425
vt 0.470529 0.545518
vt 0.471270 0.557425
vt 0.470611 0.545517
vt 0.471353 0.557425
vt 0.486725 0.509067
vt 0.486022 0.520997
vt 0.486643 0.509069
vt 0.485941 0.520999
vt 0.486561 0.509073
vt 0.485858 0.521002
vt 0.489310 0.486631
vt 0.487815 0.497648
vt 0.489228 0.486634
vt 0.487733 0.497651
vt 0.489145 0.486640
vt 0.487650 0.497655
vt 0.472260 0.498840
vt 0.472343 0.498837
vt 0.472426 0.498833
vt 0.473742 0.488096
vt 0.473825 0.488093
vt 0.473909 0.488087
vt 0.475661 0.477531
vt 0.475744 0.477527
vt 0.475829 0.477518
vt 0.478082 0.466903
vt 0.478168 0.466888
vt 0.478257 0.466863
vt 0.494794 0.460560
vt 0.491396 0.475269
vt 0.494712 0.460575
vt 0.491314 0.475273
vt 0.494627 0.460601
vt 0.491231 0.475283
vt 0.494153 0.431047
vt 0.484402 0.445533
vt 0.494155 0.431157
vt 0.484472 0.445559
vt 0.494131 0.431306
vt 0.484539 0.445592
vt 0.481069 0.456077
vt 0.481162 0.456038
vt 0.481261 0.455976
vt 0.499619 0.440306
vt 0.499534 0.440348
vt 0.499444 0.440414
vt 0.488314 0.570580
vt 0.488231 0.570579
vt 0.488148 0.570574
vt 0.491560 0.588296
vt 0.491475 0.588282
vt 0.491389 0.588257
vt 0.472394 0.569299
vt 0.474111 0.581509
vt 0.472477 0.569301
vt 0.474196 0.581523
vt 0.472560 0.569305
vt 0.474283 0.581547
vt 0.561391 0.444412
vt 0.567696 0.444746
vt 0.491736 0.625993
vt 0.491713 0.625838
vt 0.555066 0.444066
vt 0.561366 0.444390
vt 0.479034 0.607629
vt 0.479110 0.607599
vt 0.497378 0.613986
vt 0.497287 0.613943
vt 0.497192 0.613874
vt 0.476370 0.594389
vt 0.478956 0.607649
vt 0.476461 0.594430
vt 0.476555 0.594494
vt 0.506865 0.644010
vt 0.504573 0.644200
vt 0.509151 0.643768
vt 0.567958 0.445435
vt 0.509143 0.415805
vt 0.506619 0.416141
vt 0.509130 0.415775
vt 0.510380 0.484006
vt 0.506629 0.416169
vt 0.509513 0.483736
vt 0.510380 0.483984
vt 0.537327 0.466899
vt 0.540328 0.464798
vt 0.537318 0.466885
vt 0.540320 0.464784
vt 0.537309 0.466872
vt 0.540311 0.464770
vt 0.770153 0.574223
vt 0.770175 0.562420
vt 0.534497 0.469095
vt 0.534488 0.469081
vt 0.534478 0.469068
vt 0.769780 0.585759
vt 0.543479 0.469799
vt 0.744549 0.551081
vt 0.745021 0.563236
vt 0.744964 0.563236
vt 0.744606 0.551076
vt 0.745078 0.563236
vt 0.546633 0.467834
vt 0.743698 0.539009
vt 0.743754 0.538999
vt 0.744663 0.551073
vt 0.546642 0.461090
vt 0.543444 0.462858
vt 0.546633 0.461077
vt 0.543435 0.462844
vt 0.546625 0.461062
vt 0.769047 0.538827
vt 0.543427 0.462830
vt 0.769796 0.550595
vt 0.540440 0.471926
vt 0.537573 0.474148
vt 0.744617 0.587236
vt 0.745033 0.575379
vt 0.744674 0.587245
vt 0.745089 0.575381
vt 0.744730 0.587250
vt 0.744975 0.575375
vt 0.534923 0.476402
vt 0.532469 0.478708
vt 0.742835 0.609668
vt 0.743973 0.598635
vt 0.742890 0.609686
vt 0.744030 0.598643
vt 0.742947 0.609698
vt 0.743917 0.598621
vt 0.531886 0.471327
vt 0.531877 0.471314
vt 0.531866 0.471301
vt 0.769108 0.596816
vt 0.529468 0.473614
vt 0.529459 0.473600
vt 0.529449 0.473588
vt 0.768150 0.607521
vt 0.527189 0.475997
vt 0.527180 0.475983
vt 0.527169 0.475971
vt 0.766953 0.618141
vt 0.524952 0.478526
vt 0.524945 0.478510
vt 0.524936 0.478497
vt 0.765660 0.629104
vt 0.530063 0.481255
vt 0.527102 0.484819
vt 0.738671 0.636806
vt 0.741288 0.621258
vt 0.738721 0.636850
vt 0.741344 0.621275
vt 0.738775 0.636880
vt 0.741234 0.621232
vt 0.519499 0.489564
vt 0.519476 0.489589
vt 0.519454 0.489605
vt 0.522743 0.481227
vt 0.522741 0.481207
vt 0.522735 0.481191
vt 0.764398 0.640728
vt 0.523012 0.489791
vt 0.734760 0.659240
vt 0.734811 0.659291
vt 0.734715 0.659166
vt 0.549869 0.466044
vt 0.742237 0.526258
vt 0.742292 0.526240
vt 0.743810 0.538992
vt 0.553414 0.464365
vt 0.739375 0.508801
vt 0.739424 0.508763
vt 0.742347 0.526227
vt 0.553398 0.458001
vt 0.549924 0.459488
vt 0.553384 0.457988
vt 0.549915 0.459474
vt 0.553374 0.457975
vt 0.766440 0.514891
vt 0.549907 0.459460
vt 0.767951 0.527059
vt 0.567990 0.456270
vt 0.568029 0.456255
vt 0.568056 0.456238
vt 0.568068 0.456219
vt 0.560937 0.455331
vt 0.560939 0.455314
vt 0.560944 0.455297
vt 0.750054 0.469379
vt 0.558499 0.462467
vt 0.734850 0.483661
vt 0.734892 0.483588
vt 0.739476 0.508738
vt 0.734939 0.483540
vt 0.566083 0.460036
vt 0.730177 0.454299
vt 0.730206 0.454142
vt 0.557144 0.456617
vt 0.764403 0.502007
vt 0.761660 0.488885
vt 0.761716 0.488893
vt 0.557122 0.456608
vt 0.766490 0.514868
vt 0.764357 0.502053
vt 0.765327 0.562540
vt 0.765303 0.574314
vt 0.765246 0.562543
vt 0.765222 0.574318
vt 0.765165 0.562546
vt 0.765141 0.574322
vt 0.764928 0.585825
vt 0.764847 0.585830
vt 0.764766 0.585836
vt 0.749472 0.550894
vt 0.749891 0.563113
vt 0.749553 0.550893
vt 0.749973 0.563110
vt 0.749635 0.550891
vt 0.750055 0.563107
vt 0.748618 0.538738
vt 0.748699 0.538737
vt 0.748782 0.538737
vt 0.764943 0.550744
vt 0.764183 0.539000
vt 0.764862 0.550746
vt 0.764102 0.539001
vt 0.764780 0.550747
vt 0.764020 0.539000
vt 0.749545 0.587225
vt 0.749901 0.575307
vt 0.749627 0.587221
vt 0.749983 0.575303
vt 0.749709 0.587214
vt 0.750065 0.575298
vt 0.747813 0.609823
vt 0.748861 0.598678
vt 0.747896 0.609816
vt 0.748943 0.598672
vt 0.747980 0.609807
vt 0.749026 0.598664
vt 0.764253 0.596862
vt 0.764172 0.596868
vt 0.764090 0.596876
vt 0.763282 0.607560
vt 0.763201 0.607567
vt 0.763119 0.607577
vt 0.762053 0.618201
vt 0.761971 0.618211
vt 0.761888 0.618226
vt 0.760722 0.629215
vt 0.760637 0.629236
vt 0.760552 0.629267
vt 0.743661 0.637284
vt 0.746251 0.621538
vt 0.743745 0.637265
vt 0.746335 0.621529
vt 0.743832 0.637234
vt 0.746420 0.621516
vt 0.518225 0.489535
vt 0.518209 0.489512
vt 0.518195 0.489478
vt 0.746639 0.669286
vt 0.759436 0.640891
vt 0.759347 0.640933
vt 0.759256 0.640994
vt 0.758301 0.652753
vt 0.739674 0.659766
vt 0.739761 0.659723
vt 0.739851 0.659655
vt 0.747146 0.525885
vt 0.747228 0.525887
vt 0.747310 0.525892
vt 0.744174 0.508356
vt 0.744257 0.508372
vt 0.744340 0.508399
vt 0.763066 0.527261
vt 0.761522 0.515153
vt 0.762984 0.527258
vt 0.761437 0.515137
vt 0.762902 0.527253
vt 0.761352 0.515113
vt 0.746402 0.471434
vt 0.746392 0.471542
vt 0.746404 0.471689
vt 0.756971 0.489638
vt 0.756897 0.489658
vt 0.756824 0.489683
vt 0.739551 0.483258
vt 0.739635 0.483305
vt 0.739722 0.483377
vt 0.759437 0.502401
vt 0.759349 0.502360
vt 0.759257 0.502297
vt 0.732617 0.453604
vt 0.735291 0.453922
vt 0.575256 0.455778
vt 0.575206 0.456485
vt 0.575239 0.455776
vt 0.575223 0.456491
vt 0.730313 0.685414
vt 0.732550 0.685804
vt 0.732548 0.685833
vt 0.517639 0.495220
vt 0.734891 0.686120
vt 0.517064 0.494953
vt 0.520046 0.483999
vt 0.520043 0.484025
vt 0.520038 0.484051
vt 0.520047 0.483977
vt 0.688869 0.463366
vt 0.546290 0.561852
vt 0.772621 0.678698
vt 0.501452 0.413759
vt 0.764563 0.451026
vt 0.560742 0.436840
vt 0.770359 0.676695
vt 0.716064 0.487232
vt 0.511243 0.484286
vt 0.568016 0.446125
vt 0.504188 0.417069
vt 0.575190 0.457183
vt 0.781499 0.567651
vt 0.806318 0.616886
vt 0.803391 0.631121
vt 0.503111 0.474174
vt 0.576103 0.607912
vt 0.555073 0.444044
vt 0.509518 0.483715
vt 0.763187 0.652597
s 1
g off
g esquina_06_Holocron_Main.001
usemtl Holocron_Main.001
f 234/1/1 121/2/2 1618/3/3
f 1637/4/4 13/5/5 112/6/6
f 412/7/7 116/8/8 1577/9/9
f 119/10/10 492/11/11 1657/12/12
f 108/13/13 411/14/14 17/15/15
f 1577/9/9 1602/16/16 325/17/17
f 1597/18/18 5/19/19 297/20/20
f 18/21/21 16/22/22 3/23/23
f 13/5/5 1628/24/24 112/6/6
f 7/25/25 1578/26/26 327/27/27
f 8/28/28 1588/29/29 308/30/30
f 15/31/31 10/32/32 1/33/33
f 1642/34/34 1593/35/35 105/36/36
f 111/37/37 346/38/38 9/39/39
f 116/8/8 302/40/40 1602/16/16
f 105/36/36 291/41/41 16/22/22
f 1607/42/42 17/15/15 115/43/43
f 1648/44/44 1703/45/45 236/46/46
f 1587/47/47 1592/48/48 306/49/49
f 416/50/50 117/51/51 1698/52/52
f 1638/53/53 1688/54/54 375/55/55
f 1633/56/56 1692/57/57 274/58/58
f 344/59/59 113/60/19 1597/18/18
f 1627/61/60 15/31/31 114/62/61
f 1647/63/62 8/28/28 108/13/13
f 1608/64/63 1693/65/64 117/51/51
f 345/66/65 107/67/66 1587/47/47
f 108/13/13 308/30/30 1643/68/67
f 1618/3/3 1707/69/68 255/70/69
f 393/71/70 104/72/71 1638/53/53
f 369/73/72 114/62/61 14/74/19
f 109/75/73 364/76/74 13/5/5
f 394/77/75 111/37/37 1612/78/76
f 392/79/77 119/10/10 1682/80/78
f 1582/81/72 14/74/19 113/60/19
f 373/82/79 120/83/80 1633/56/56
f 9/39/39 1588/29/29 110/84/81
f 111/37/37 368/85/82 1583/86/83
f 113/60/19 2/87/19 5/19/19
f 1598/88/84 6/89/85 107/67/66
f 12/90/86 1628/24/24 368/85/82
f 363/91/87 106/92/88 15/31/31
f 114/62/61 1/33/33 11/93/89
f 14/74/19 11/93/89 2/87/19
f 1632/94/90 7/25/25 109/75/73
f 417/95/91 118/96/92 1648/44/44
f 412/7/7 105/36/36 18/21/21
f 7/25/25 1623/97/93 109/75/73
f 1622/98/94 1603/99/95 106/92/88
f 115/43/43 411/14/14 1578/26/26
f 18/21/21 4/100/96 116/8/8
f 106/92/88 301/101/97 10/32/32
f 121/2/2 493/102/98 1707/69/68
f 118/96/92 512/103/99 1703/45/45
f 1697/104/100 1677/105/101 118/96/92
f 120/83/80 455/106/102 1692/57/57
f 104/72/71 531/107/103 1688/54/54
f 1683/108/104 1672/109/105 104/72/71
f 418/110/106 108/13/13 17/15/15
f 273/111/107 115/43/43 7/25/25
f 1613/112/108 1708/113/109 119/10/10
f 1698/52/52 1652/114/110 435/115/111
f 117/51/51 454/116/112 1652/114/110
f 1687/117/113 1667/118/114 120/83/80
f 1637/4/4 12/90/86 394/77/75
f 1612/78/76 9/39/39 254/119/115
f 107/67/66 292/120/116 1592/48/48
f 374/121/117 109/75/73 13/5/5
f 1682/80/78 1657/12/12 473/122/118
f 254/119/115 110/84/81 1617/123/119
f 1617/123/119 8/28/28 235/124/120
f 1702/125/121 1662/126/122 121/2/2
f 237/127/123 239/128/124 234/1/1
f 238/129/125 240/130/126 237/127/123
f 240/130/126 249/131/127 239/128/124
f 240/130/126 242/132/128 252/133/129
f 243/134/130 245/135/131 235/124/120
f 244/136/132 246/137/133 243/134/130
f 246/137/133 238/129/125 245/135/131
f 247/138/134 241/139/135 246/137/133
f 248/140/136 250/141/137 236/46/46
f 249/131/127 251/142/138 248/140/136
f 251/142/138 244/136/132 250/141/139
f 252/133/129 247/138/134 251/142/138
f 256/143/140 258/144/141 253/145/142
f 257/146/143 259/147/144 256/143/145
f 259/147/144 268/148/146 258/144/141
f 260/149/147 271/150/148 259/147/144
f 262/151/149 264/152/150 254/119/115
f 263/153/151 265/154/152 262/151/149
f 265/154/152 257/146/143 264/152/150
f 266/155/153 260/149/147 265/154/152
f 267/156/154 269/157/155 255/70/69
f 268/148/146 270/158/156 267/156/154
f 270/158/156 263/153/151 269/157/155
f 270/158/156 261/159/157 266/155/153
f 275/160/158 277/161/159 272/162/160
f 276/163/161 278/164/162 275/160/158
f 278/164/162 287/165/163 277/161/159
f 278/164/162 280/166/164 290/167/165
f 281/168/166 283/169/167 273/111/107
f 282/170/168 284/171/169 281/168/166
f 284/171/169 276/163/161 283/169/167
f 285/172/170 279/173/171 284/171/169
f 286/174/172 288/175/173 274/58/58
f 287/165/163 289/176/174 286/174/172
f 289/176/174 282/170/168 288/175/173
f 289/176/174 280/166/164 285/172/170
f 309/177/175 311/178/176 306/49/49
f 310/179/177 312/180/178 309/177/175
f 312/180/178 321/181/179 311/178/176
f 312/180/178 314/182/180 324/183/181
f 315/184/182 317/185/183 307/186/184
f 316/187/185 318/188/186 315/184/182
f 318/188/186 310/179/187 317/185/183
f 318/188/186 314/182/188 313/189/189
f 308/30/190 323/190/191 322/191/192
f 320/192/193 324/183/181 323/190/191
f 322/191/192 319/193/194 316/187/185
f 323/190/191 314/182/195 319/193/194
f 325/17/17 331/194/196 330/195/197
f 328/196/198 332/197/199 331/194/196
f 330/195/197 343/198/200 340/199/201
f 331/194/196 333/200/202 343/198/200
f 326/201/203 337/202/204 336/203/205
f 335/204/206 337/202/204 334/205/207
f 337/202/204 329/206/208 336/203/205
f 337/202/204 333/200/209 332/197/210
f 339/207/211 341/208/212 327/27/27
f 340/199/201 342/209/213 339/207/211
f 342/209/213 335/204/206 341/208/212
f 343/198/214 338/210/215 342/209/213
f 347/211/216 349/212/217 344/59/59
f 348/213/218 350/214/219 347/211/216
f 349/212/217 362/215/220 359/216/221
f 350/214/219 352/217/222 362/215/220
f 345/66/65 356/218/223 355/219/224
f 353/220/225 357/221/226 356/218/223
f 355/219/224 351/222/227 348/213/228
f 356/218/223 352/217/229 351/222/227
f 358/223/230 360/224/231 346/38/38
f 359/216/221 361/225/232 358/223/230
f 361/225/232 354/226/233 360/224/231
f 362/215/220 357/221/226 361/225/232
f 376/227/234 378/228/235 373/82/79
f 377/229/236 379/230/237 376/227/234
f 379/230/237 388/231/238 378/228/235
f 379/230/237 381/232/239 391/233/240
f 382/234/241 384/235/242 374/121/117
f 383/236/243 385/237/244 382/234/241
f 385/237/244 377/229/236 384/235/242
f 386/238/245 380/239/246 385/237/244
f 387/240/247 389/241/248 375/55/55
f 388/231/238 390/242/249 387/240/247
f 390/242/249 383/236/243 389/241/248
f 391/233/240 386/238/245 390/242/249
f 395/243/250 397/244/251 392/79/77
f 396/245/252 398/246/253 395/243/250
f 398/246/253 407/247/254 397/244/251
f 399/248/255 410/249/256 398/246/253
f 401/250/257 403/251/258 393/71/70
f 402/252/259 404/253/260 401/250/257
f 404/253/260 396/245/252 403/251/258
f 404/253/260 400/254/261 399/248/255
f 406/255/262 408/256/263 394/77/75
f 407/247/254 409/257/264 406/255/262
f 409/257/264 402/252/259 408/256/263
f 410/249/256 405/258/265 409/257/264
f 419/259/266 421/260/267 416/50/50
f 420/261/268 422/262/269 419/259/266
f 422/262/269 431/263/270 421/260/267
f 422/262/269 424/264/271 434/265/272
f 425/266/273 427/267/274 417/95/91
f 426/268/275 428/269/276 425/266/273
f 428/269/276 420/261/268 427/267/274
f 429/270/277 423/271/278 428/269/276
f 430/272/279 432/273/280 418/110/106
f 431/263/270 433/274/281 430/272/279
f 433/274/281 426/268/275 432/273/280
f 434/265/272 429/270/277 433/274/281
f 438/275/282 440/276/283 435/115/111
f 439/277/284 441/278/285 438/275/282
f 441/278/285 450/279/286 440/276/283
f 442/280/287 453/281/288 441/278/285
f 436/282/289 447/283/290 446/284/291
f 444/285/292 448/286/293 447/283/290
f 446/284/291 442/280/287 439/277/284
f 447/283/290 443/287/294 442/280/287
f 449/288/295 451/289/296 437/290/297
f 450/279/286 452/291/298 449/288/295
f 452/291/298 445/292/299 451/289/296
f 453/281/288 448/286/293 452/291/298
f 457/293/300 459/294/301 454/116/112
f 458/295/302 460/296/303 457/293/300
f 460/296/303 469/297/304 459/294/301
f 461/298/305 472/299/306 460/296/303
f 463/300/307 465/301/308 455/106/102
f 464/302/309 466/303/310 463/300/307
f 466/303/310 458/295/302 465/301/308
f 467/304/311 461/298/305 466/303/310
f 456/305/312 471/306/313 470/307/314
f 468/308/315 472/299/306 471/306/313
f 470/307/314 467/304/311 464/302/309
f 471/306/313 462/309/316 467/304/311
f 476/310/317 478/311/318 473/122/118
f 477/312/319 479/313/320 476/310/317
f 479/313/320 488/314/321 478/311/318
f 480/315/322 491/316/323 479/313/320
f 474/317/324 485/318/325 484/319/326
f 482/320/327 486/321/328 485/318/325
f 484/319/326 480/315/322 477/312/319
f 485/318/325 481/322/329 480/315/322
f 487/323/330 489/324/331 475/325/332
f 488/314/321 490/326/333 487/323/330
f 490/326/333 483/327/334 489/324/331
f 491/316/323 486/321/328 490/326/333
f 495/328/335 497/329/336 492/11/11
f 496/330/337 498/331/338 495/328/335
f 498/331/338 507/332/339 497/329/336
f 499/333/340 510/334/341 498/331/338
f 501/335/342 503/336/343 493/102/98
f 502/337/344 504/338/345 501/335/342
f 504/338/345 496/330/337 503/336/343
f 505/339/346 499/333/340 504/338/345
f 494/340/347 509/341/348 508/342/349
f 506/343/350 510/334/341 509/341/348
f 508/342/349 505/339/346 502/337/344
f 509/341/348 500/344/351 505/339/346
f 514/345/352 516/346/353 511/347/354
f 515/348/355 517/349/356 514/345/352
f 517/349/356 526/350/357 516/346/353
f 518/351/358 529/352/359 517/349/356
f 520/353/360 522/354/361 512/103/99
f 521/355/362 523/356/363 520/353/360
f 523/356/363 515/348/355 522/354/361
f 524/357/364 518/351/358 523/356/363
f 513/358/365 528/359/366 527/360/367
f 525/361/368 529/352/359 528/359/366
f 527/360/367 524/357/364 521/355/362
f 528/359/366 519/362/369 524/357/364
f 533/363/370 535/364/371 530/365/372
f 534/366/373 536/367/374 533/363/370
f 536/367/374 545/368/375 535/364/371
f 537/369/376 548/370/377 536/367/374
f 539/371/378 541/372/379 531/107/103
f 540/373/380 542/374/381 539/371/378
f 542/374/381 534/366/373 541/372/379
f 543/375/382 537/369/376 542/374/381
f 532/376/383 547/377/384 546/378/385
f 544/379/386 548/370/377 547/377/384
f 546/378/385 543/375/382 540/373/380
f 547/377/384 538/380/387 543/375/382
f 1577/9/9 415/381/388 412/7/7
f 415/381/388 1580/382/389 414/383/390
f 414/383/390 1581/384/391 413/385/392
f 413/385/393 1578/26/26 411/14/14
f 1577/9/9 330/195/197 1579/386/394
f 1579/386/394 340/199/201 1580/382/389
f 1580/382/389 339/207/211 1581/384/391
f 1581/384/395 327/27/27 1578/26/26
f 369/73/72 1584/387/396 372/388/397
f 372/388/397 1585/389/398 371/390/399
f 371/390/399 1586/391/400 370/392/401
f 370/392/401 1583/86/83 368/85/82
f 1582/81/72 349/212/217 1584/387/396
f 1584/387/396 359/216/221 1585/389/398
f 1585/389/398 358/223/230 1586/391/400
f 1586/391/400 346/38/38 1583/86/83
f 1587/47/47 353/220/225 345/66/65
f 1589/393/402 354/226/233 353/220/225
f 1590/394/403 360/224/231 354/226/233
f 1591/395/404 346/38/38 360/224/231
f 306/49/49 1589/393/402 1587/47/47
f 311/178/176 1590/394/403 1589/393/402
f 321/181/179 1591/395/405 1590/394/403
f 320/192/406 1588/29/404 1591/395/404
f 306/49/49 1594/396/407 309/177/175
f 309/177/175 1595/397/408 310/179/177
f 1595/397/409 317/185/183 310/179/187
f 1596/398/410 307/186/184 317/185/183
f 1592/48/48 295/399/411 1594/396/407
f 1594/396/407 294/400/412 1595/397/408
f 294/400/413 1596/398/410 1595/397/409
f 293/401/414 1593/35/35 1596/398/410
f 1597/18/18 347/211/216 344/59/59
f 1599/402/415 348/213/218 347/211/216
f 1600/403/416 355/219/224 348/213/228
f 1601/404/417 345/66/65 355/219/224
f 1597/18/18 300/405/418 1599/402/419
f 300/405/420 1600/403/421 1599/402/415
f 299/406/422 1601/404/423 1600/403/416
f 298/407/424 1598/88/84 1601/404/417
f 325/17/17 1604/408/425 328/196/198
f 1604/408/425 329/206/426 328/196/198
f 1605/409/427 336/203/205 329/206/208
f 1606/410/428 326/201/203 336/203/205
f 1602/16/16 305/411/429 1604/408/425
f 1604/408/425 304/412/430 1605/409/431
f 304/412/432 1606/410/428 1605/409/427
f 303/413/433 1603/99/95 1606/410/428
f 418/110/106 1609/414/434 430/272/279
f 430/272/279 1610/415/435 431/263/270
f 1610/415/435 421/260/267 431/263/270
f 1611/416/436 416/50/50 421/260/267
f 1607/42/42 283/169/167 1609/414/434
f 1609/414/434 276/163/161 1610/415/435
f 1610/415/435 275/160/158 1611/416/436
f 1611/416/436 272/162/160 1608/64/63
f 1612/78/76 406/255/262 394/77/75
f 1614/417/437 407/247/254 406/255/262
f 1615/418/438 397/244/251 407/247/254
f 1616/419/439 392/79/77 397/244/251
f 1612/78/76 264/152/150 1614/417/437
f 1614/417/437 257/146/440 1615/418/438
f 1615/418/438 256/143/140 1616/419/439
f 1616/419/439 253/145/142 1613/112/108
f 1617/123/119 262/151/149 254/119/115
f 1619/420/441 263/153/151 262/151/149
f 1620/421/442 269/157/155 263/153/151
f 1621/422/443 255/70/69 269/157/155
f 1617/123/119 245/135/131 1619/420/441
f 1619/420/441 238/129/125 1620/421/442
f 1620/421/442 237/127/123 1621/422/443
f 1621/422/443 234/1/1 1618/3/3
f 326/201/203 1624/423/444 334/205/207
f 334/205/207 1625/424/445 335/204/206
f 335/204/206 1626/425/446 341/208/212
f 1626/425/446 327/27/27 341/208/212
f 1622/98/94 365/426/447 1624/423/444
f 1624/423/444 366/427/448 1625/424/445
f 1625/424/445 367/428/449 1626/425/446
f 1626/425/446 364/76/74 1623/97/93
f 363/91/87 1629/429/450 365/426/447
f 365/426/447 1630/430/451 366/427/448
f 366/427/448 1631/431/452 367/428/449
f 367/428/449 1628/24/24 364/76/74
f 1627/61/60 372/388/397 1629/429/450
f 1629/429/450 371/390/399 1630/430/451
f 1630/430/451 370/392/401 1631/431/452
f 1631/431/452 368/85/82 1628/24/24
f 1632/94/90 281/168/166 273/111/107
f 1634/432/453 282/170/168 281/168/166
f 1635/433/454 288/175/173 282/170/168
f 1636/434/455 274/58/58 288/175/173
f 1632/94/90 384/235/242 1634/432/453
f 1634/432/453 377/229/236 1635/433/454
f 1635/433/454 376/227/234 1636/434/455
f 1636/434/455 373/82/79 1633/56/56
f 1637/4/4 382/234/241 374/121/117
f 1639/435/456 383/236/243 382/234/241
f 1640/436/457 389/241/248 383/236/243
f 1641/437/458 375/55/55 389/241/248
f 1637/4/4 408/256/263 1639/435/456
f 1639/435/456 402/252/259 1640/436/457
f 1640/436/457 401/250/257 1641/437/458
f 1641/437/458 393/71/70 1638/53/53
f 307/186/184 1644/438/459 315/184/182
f 315/184/182 1645/439/460 316/187/185
f 1645/439/460 322/191/192 316/187/185
f 1646/440/461 308/30/30 322/191/192
f 412/7/7 1644/438/459 1642/34/34
f 415/381/388 1645/439/460 1644/438/459
f 414/383/390 1646/440/461 1645/439/460
f 413/385/393 1643/68/67 1646/440/461
f 1647/63/62 243/134/130 235/124/120
f 1649/441/462 244/136/463 243/134/130
f 1650/442/464 250/141/137 244/136/463
f 1651/443/465 236/46/46 250/141/137
f 1647/63/62 432/273/280 1649/441/462
f 1649/441/462 426/268/275 1650/442/464
f 1650/442/464 425/266/273 1651/443/465
f 1651/443/465 417/95/91 1648/44/44
f 435/115/111 1654/444/466 438/275/282
f 438/275/282 1655/445/467 439/277/284
f 439/277/284 1656/446/468 446/284/291
f 446/284/291 1653/447/469 436/282/289
f 454/116/112 1654/444/466 1652/114/110
f 459/294/301 1655/445/467 1654/444/466
f 469/297/304 1656/446/468 1655/445/467
f 468/308/315 1653/447/469 1656/446/468
f 473/122/118 1659/448/470 476/310/317
f 476/310/317 1660/449/471 477/312/319
f 477/312/319 1661/450/472 484/319/326
f 484/319/326 1658/451/473 474/317/324
f 492/11/11 1659/448/470 1657/12/12
f 497/329/336 1660/449/471 1659/448/470
f 507/332/339 1661/450/472 1660/449/471
f 506/343/350 1658/451/473 1661/450/472
f 493/102/98 1664/452/474 501/335/342
f 501/335/342 1665/453/475 502/337/344
f 502/337/344 1666/454/476 508/342/349
f 508/342/349 1663/455/477 494/340/347
f 511/347/354 1664/452/474 1662/126/122
f 516/346/353 1665/453/475 1664/452/474
f 526/350/357 1666/454/476 1665/453/475
f 525/361/368 1663/455/477 1666/454/476
f 455/106/102 1669/456/478 463/300/307
f 463/300/307 1670/457/479 464/302/309
f 464/302/309 1671/458/480 470/307/314
f 470/307/314 1668/459/481 456/305/312
f 530/365/372 1669/456/478 1667/118/114
f 535/364/371 1670/457/479 1669/456/478
f 545/368/375 1671/458/480 1670/457/479
f 544/379/386 1668/459/481 1671/458/480
f 531/107/103 1674/460/482 539/371/378
f 539/371/378 1675/461/483 540/373/380
f 540/373/380 1676/462/484 546/378/385
f 546/378/385 1673/463/485 532/376/383
f 475/325/332 1674/460/482 1672/109/105
f 489/324/331 1675/461/483 1674/460/482
f 483/327/334 1676/462/484 1675/461/483
f 482/320/327 1673/463/485 1676/462/484
f 512/103/99 1679/464/486 520/353/360
f 520/353/360 1680/465/487 521/355/362
f 521/355/362 1681/466/488 527/360/367
f 527/360/367 1678/467/489 513/358/365
f 437/290/297 1679/464/486 1677/105/101
f 451/289/296 1680/465/487 1679/464/486
f 445/292/299 1681/466/488 1680/465/487
f 444/285/292 1678/467/489 1681/466/488
f 1682/80/78 395/243/250 392/79/77
f 1684/468/490 396/245/252 395/243/250
f 1685/469/491 403/251/258 396/245/252
f 1686/470/492 393/71/70 403/251/258
f 473/122/118 1684/468/490 1682/80/78
f 478/311/318 1685/469/491 1684/468/490
f 488/314/321 1686/470/492 1685/469/491
f 1686/470/492 475/325/332 1683/108/104
f 530/365/372 1689/471/493 533/363/370
f 533/363/370 1690/472/494 534/366/373
f 534/366/373 1691/473/495 541/372/379
f 541/372/379 1688/54/54 531/107/103
f 1687/117/113 378/228/235 1689/471/493
f 1689/471/493 388/231/238 1690/472/494
f 1690/472/494 387/240/247 1691/473/495
f 1691/473/495 375/55/55 1688/54/54
f 274/58/58 1694/474/496 286/174/172
f 286/174/172 1695/475/497 287/165/163
f 287/165/163 1696/476/498 277/161/159
f 277/161/159 1693/65/64 272/162/160
f 1692/57/57 465/301/308 1694/474/496
f 1694/474/496 458/295/302 1695/475/497
f 1695/475/497 457/293/300 1696/476/498
f 457/293/300 1693/65/64 1696/476/498
f 437/290/297 1699/477/499 449/288/295
f 449/288/295 1700/478/500 450/279/286
f 450/279/286 1701/479/501 440/276/283
f 1701/479/501 435/115/111 440/276/283
f 1697/104/100 427/267/274 1699/477/499
f 1699/477/499 420/261/268 1700/478/500
f 1700/478/500 419/259/266 1701/479/501
f 1701/479/501 416/50/50 1698/52/52
f 511/347/354 1704/480/502 514/345/352
f 514/345/352 1705/481/503 515/348/355
f 515/348/355 1706/482/504 522/354/361
f 522/354/361 1703/45/45 512/103/99
f 1702/125/121 239/128/124 1704/480/502
f 1704/480/502 249/131/127 1705/481/503
f 1705/481/503 248/140/136 1706/482/504
f 1706/482/504 236/46/46 1703/45/45
f 1707/69/68 267/156/154 255/70/69
f 1709/483/505 268/148/146 267/156/154
f 1710/484/506 258/144/141 268/148/146
f 1711/485/507 253/145/142 258/144/141
f 493/102/98 1709/483/505 1707/69/68
f 503/336/343 1710/484/506 1709/483/505
f 496/330/337 1711/485/507 1710/484/506
f 495/328/335 1708/113/109 1711/485/507
f 234/1/1 1702/125/121 121/2/2
f 1637/4/4 374/121/117 13/5/5
f 412/7/7 18/21/21 116/8/8
f 119/10/10 1708/113/109 492/11/11
f 108/13/13 1643/68/67 411/14/14
f 1577/9/9 116/8/8 1602/16/16
f 1597/18/18 113/60/19 5/19/19
f 18/21/21 105/36/36 16/22/22
f 13/5/5 364/76/74 1628/24/24
f 7/25/25 115/43/43 1578/26/26
f 8/28/28 110/84/81 1588/29/29
f 15/31/31 106/92/88 10/32/32
f 1642/34/34 307/186/184 1593/35/35
f 111/37/37 1583/86/83 346/38/38
f 116/8/8 4/100/96 302/40/40
f 105/36/36 1593/35/35 291/41/41
f 1607/42/42 418/110/106 17/15/15
f 1648/44/44 118/96/92 1703/45/45
f 1587/47/47 107/67/66 1592/48/48
f 416/50/50 1608/64/63 117/51/51
f 1638/53/53 104/72/71 1688/54/54
f 1633/56/56 120/83/80 1692/57/57
f 344/59/59 1582/81/72 113/60/19
f 1627/61/60 363/91/87 15/31/31
f 1647/63/62 235/124/120 8/28/28
f 1608/64/63 272/162/160 1693/65/64
f 345/66/65 1598/88/84 107/67/66
f 108/13/13 8/28/28 308/30/30
f 1618/3/3 121/2/2 1707/69/68
f 393/71/70 1683/108/104 104/72/71
f 369/73/72 1627/61/60 114/62/61
f 109/75/73 1623/97/93 364/76/74
f 394/77/75 12/90/86 111/37/37
f 392/79/77 1613/112/108 119/10/10
f 1582/81/72 369/73/72 14/74/19
f 373/82/79 1687/117/113 120/83/80
f 9/39/39 346/38/38 1588/29/29
f 111/37/37 12/90/86 368/85/82
f 113/60/19 14/74/19 2/87/19
f 1598/88/84 296/486/508 6/89/85
f 12/90/86 112/6/6 1628/24/24
f 363/91/87 1622/98/94 106/92/88
f 114/62/61 15/31/31 1/33/33
f 14/74/19 114/62/61 11/93/89
f 1632/94/90 273/111/107 7/25/25
f 417/95/91 1697/104/100 118/96/92
f 412/7/7 1642/34/34 105/36/36
f 7/25/25 327/27/27 1623/97/93
f 1622/98/94 326/201/203 1603/99/95
f 115/43/43 17/15/15 411/14/14
f 18/21/21 3/23/23 4/100/96
f 106/92/88 1603/99/95 301/101/97
f 121/2/2 1662/126/122 493/102/98
f 118/96/92 1677/105/101 512/103/99
f 1697/104/100 437/290/297 1677/105/101
f 120/83/80 1667/118/114 455/106/102
f 104/72/71 1672/109/105 531/107/103
f 1683/108/104 475/325/332 1672/109/105
f 418/110/106 1647/63/62 108/13/13
f 273/111/107 1607/42/42 115/43/43
f 1613/112/108 253/145/142 1708/113/109
f 1698/52/52 117/51/51 1652/114/110
f 117/51/51 1693/65/64 454/116/112
f 1687/117/113 530/365/372 1667/118/114
f 1637/4/4 112/6/6 12/90/86
f 1612/78/76 111/37/37 9/39/39
f 107/67/66 6/89/85 292/120/116
f 374/121/117 1632/94/90 109/75/73
f 1682/80/78 119/10/10 1657/12/12
f 254/119/115 9/39/39 110/84/81
f 1617/123/119 110/84/81 8/28/28
f 1702/125/121 511/347/354 1662/126/122
f 237/127/123 240/130/126 239/128/124
f 238/129/125 241/139/135 240/130/126
f 240/130/126 252/133/129 249/131/127
f 240/130/126 241/139/135 242/132/128
f 243/134/130 246/137/133 245/135/131
f 244/136/132 247/138/134 246/137/133
f 246/137/133 241/139/135 238/129/125
f 247/138/134 242/132/128 241/139/135
f 248/140/136 251/142/138 250/141/137
f 249/131/127 252/133/129 251/142/138
f 251/142/138 247/138/134 244/136/132
f 252/133/129 242/132/128 247/138/134
f 256/143/140 259/147/144 258/144/141
f 257/146/143 260/149/147 259/147/144
f 259/147/144 271/150/148 268/148/146
f 260/149/147 261/159/157 271/150/148
f 262/151/149 265/154/152 264/152/150
f 263/153/151 266/155/153 265/154/152
f 265/154/152 260/149/147 257/146/143
f 266/155/153 261/159/157 260/149/147
f 267/156/154 270/158/156 269/157/155
f 268/148/146 271/150/148 270/158/156
f 270/158/156 266/155/153 263/153/151
f 270/158/156 271/150/148 261/159/157
f 275/160/158 278/164/162 277/161/159
f 276/163/161 279/173/171 278/164/162
f 278/164/162 290/167/165 287/165/163
f 278/164/162 279/173/171 280/166/164
f 281/168/166 284/171/169 283/169/167
f 282/170/168 285/172/170 284/171/169
f 284/171/169 279/173/171 276/163/161
f 285/172/170 280/166/164 279/173/171
f 286/174/172 289/176/174 288/175/173
f 287/165/163 290/167/165 289/176/174
f 289/176/174 285/172/170 282/170/168
f 289/176/174 290/167/165 280/166/164
f 309/177/175 312/180/178 311/178/176
f 310/179/177 313/189/509 312/180/178
f 312/180/178 324/183/181 321/181/179
f 312/180/178 313/189/509 314/182/180
f 315/184/182 318/188/186 317/185/183
f 316/187/185 319/193/194 318/188/186
f 318/188/186 313/189/189 310/179/187
f 318/188/186 319/193/194 314/182/188
f 308/30/190 320/192/193 323/190/191
f 320/192/193 321/181/179 324/183/181
f 322/191/192 323/190/191 319/193/194
f 323/190/191 324/183/181 314/182/195
f 325/17/17 328/196/198 331/194/196
f 328/196/198 329/206/426 332/197/199
f 330/195/197 331/194/196 343/198/200
f 331/194/196 332/197/199 333/200/202
f 326/201/203 334/205/207 337/202/204
f 335/204/206 338/210/510 337/202/204
f 337/202/204 332/197/210 329/206/208
f 337/202/204 338/210/510 333/200/209
f 339/207/211 342/209/213 341/208/212
f 340/199/201 343/198/214 342/209/213
f 342/209/213 338/210/215 335/204/206
f 343/198/214 333/200/511 338/210/215
f 347/211/216 350/214/219 349/212/217
f 348/213/218 351/222/512 350/214/219
f 349/212/217 350/214/219 362/215/220
f 350/214/219 351/222/512 352/217/222
f 345/66/65 353/220/225 356/218/223
f 353/220/225 354/226/233 357/221/226
f 355/219/224 356/218/223 351/222/227
f 356/218/223 357/221/226 352/217/229
f 358/223/230 361/225/232 360/224/231
f 359/216/221 362/215/220 361/225/232
f 361/225/232 357/221/226 354/226/233
f 362/215/220 352/217/222 357/221/226
f 376/227/234 379/230/237 378/228/235
f 377/229/236 380/239/246 379/230/237
f 379/230/237 391/233/240 388/231/238
f 379/230/237 380/239/246 381/232/239
f 382/234/241 385/237/244 384/235/242
f 383/236/243 386/238/245 385/237/244
f 385/237/244 380/239/246 377/229/236
f 386/238/245 381/232/239 380/239/246
f 387/240/247 390/242/249 389/241/248
f 388/231/238 391/233/240 390/242/249
f 390/242/249 386/238/245 383/236/243
f 391/233/240 381/232/239 386/238/245
f 395/243/250 398/246/253 397/244/251
f 396/245/252 399/248/255 398/246/253
f 398/246/253 410/249/256 407/247/254
f 399/248/255 400/254/261 410/249/256
f 401/250/257 404/253/260 403/251/258
f 402/252/259 405/258/265 404/253/260
f 404/253/260 399/248/255 396/245/252
f 404/253/260 405/258/265 400/254/261
f 406/255/262 409/257/264 408/256/263
f 407/247/254 410/249/256 409/257/264
f 409/257/264 405/258/265 402/252/259
f 410/249/256 400/254/261 405/258/265
f 419/259/266 422/262/269 421/260/267
f 420/261/268 423/271/278 422/262/269
f 422/262/269 434/265/272 431/263/270
f 422/262/269 423/271/278 424/264/271
f 425/266/273 428/269/276 427/267/274
f 426/268/275 429/270/277 428/269/276
f 428/269/276 423/271/278 420/261/268
f 429/270/277 424/264/271 423/271/278
f 430/272/279 433/274/281 432/273/280
f 431/263/270 434/265/272 433/274/281
f 433/274/281 429/270/277 426/268/275
f 434/265/272 424/264/271 429/270/277
f 438/275/282 441/278/285 440/276/283
f 439/277/284 442/280/287 441/278/285
f 441/278/285 453/281/288 450/279/286
f 442/280/287 443/287/294 453/281/288
f 436/282/289 444/285/292 447/283/290
f 444/285/292 445/292/299 448/286/293
f 446/284/291 447/283/290 442/280/287
f 447/283/290 448/286/293 443/287/294
f 449/288/295 452/291/298 451/289/296
f 450/279/286 453/281/288 452/291/298
f 452/291/298 448/286/293 445/292/299
f 453/281/288 443/287/294 448/286/293
f 457/293/300 460/296/303 459/294/301
f 458/295/302 461/298/305 460/296/303
f 460/296/303 472/299/306 469/297/304
f 461/298/305 462/309/316 472/299/306
f 463/300/307 466/303/310 465/301/308
f 464/302/309 467/304/311 466/303/310
f 466/303/310 461/298/305 458/295/302
f 467/304/311 462/309/316 461/298/305
f 456/305/312 468/308/315 471/306/313
f 468/308/315 469/297/304 472/299/306
f 470/307/314 471/306/313 467/304/311
f 471/306/313 472/299/306 462/309/316
f 476/310/317 479/313/320 478/311/318
f 477/312/319 480/315/322 479/313/320
f 479/313/320 491/316/323 488/314/321
f 480/315/322 481/322/329 491/316/323
f 474/317/324 482/320/327 485/318/325
f 482/320/327 483/327/334 486/321/328
f 484/319/326 485/318/325 480/315/322
f 485/318/325 486/321/328 481/322/329
f 487/323/330 490/326/333 489/324/331
f 488/314/321 491/316/323 490/326/333
f 490/326/333 486/321/328 483/327/334
f 491/316/323 481/322/329 486/321/328
f 495/328/335 498/331/338 497/329/336
f 496/330/337 499/333/340 498/331/338
f 498/331/338 510/334/341 507/332/339
f 499/333/340 500/344/351 510/334/341
f 501/335/342 504/338/345 503/336/343
f 502/337/344 505/339/346 504/338/345
f 504/338/345 499/333/340 496/330/337
f 505/339/346 500/344/351 499/333/340
f 494/340/347 506/343/350 509/341/348
f 506/343/350 507/332/339 510/334/341
f 508/342/349 509/341/348 505/339/346
f 509/341/348 510/334/341 500/344/351
f 514/345/352 517/349/356 516/346/353
f 515/348/355 518/351/358 517/349/356
f 517/349/356 529/352/359 526/350/357
f 518/351/358 519/362/369 529/352/359
f 520/353/360 523/356/363 522/354/361
f 521/355/362 524/357/364 523/356/363
f 523/356/363 518/351/358 515/348/355
f 524/357/364 519/362/369 518/351/358
f 513/358/365 525/361/368 528/359/366
f 525/361/368 526/350/357 529/352/359
f 527/360/367 528/359/366 524/357/364
f 528/359/366 529/352/359 519/362/369
f 533/363/370 536/367/374 535/364/371
f 534/366/373 537/369/376 536/367/374
f 536/367/374 548/370/377 545/368/375
f 537/369/376 538/380/387 548/370/377
f 539/371/378 542/374/381 541/372/379
f 540/373/380 543/375/382 542/374/381
f 542/374/381 537/369/376 534/366/373
f 543/375/382 538/380/387 537/369/376
f 532/376/383 544/379/386 547/377/384
f 544/379/386 545/368/375 548/370/377
f 546/378/385 547/377/384 543/375/382
f 547/377/384 548/370/377 538/380/387
f 1577/9/9 1579/386/394 415/381/388
f 415/381/388 1579/386/394 1580/382/389
f 414/383/390 1580/382/389 1581/384/391
f 413/385/393 1581/384/395 1578/26/26
f 1577/9/9 325/17/17 330/195/197
f 1579/386/394 330/195/197 340/199/201
f 1580/382/389 340/199/201 339/207/211
f 1581/384/395 339/207/211 327/27/27
f 369/73/72 1582/81/72 1584/387/396
f 372/388/397 1584/387/396 1585/389/398
f 371/390/399 1585/389/398 1586/391/400
f 370/392/401 1586/391/400 1583/86/83
f 1582/81/72 344/59/59 349/212/217
f 1584/387/396 349/212/217 359/216/221
f 1585/389/398 359/216/221 358/223/230
f 1586/391/400 358/223/230 346/38/38
f 1587/47/47 1589/393/402 353/220/225
f 1589/393/402 1590/394/403 354/226/233
f 1590/394/403 1591/395/405 360/224/231
f 1591/395/404 1588/29/404 346/38/38
f 306/49/49 311/178/176 1589/393/402
f 311/178/176 321/181/179 1590/394/403
f 321/181/179 320/192/193 1591/395/405
f 320/192/406 308/30/406 1588/29/404
f 306/49/49 1592/48/48 1594/396/407
f 309/177/175 1594/396/407 1595/397/408
f 1595/397/409 1596/398/410 317/185/183
f 1596/398/410 1593/35/35 307/186/184
f 1592/48/48 292/120/116 295/399/411
f 1594/396/407 295/399/411 294/400/513
f 294/400/413 293/401/414 1596/398/410
f 293/401/414 291/41/41 1593/35/35
f 1597/18/18 1599/402/419 347/211/216
f 1599/402/415 1600/403/421 348/213/218
f 1600/403/416 1601/404/423 355/219/224
f 1601/404/417 1598/88/84 345/66/65
f 1597/18/18 297/20/20 300/405/514
f 300/405/420 299/406/515 1600/403/421
f 299/406/422 298/407/422 1601/404/423
f 298/407/424 296/486/508 1598/88/84
f 325/17/17 1602/16/16 1604/408/425
f 1604/408/425 1605/409/431 329/206/426
f 1605/409/427 1606/410/428 336/203/205
f 1606/410/428 1603/99/95 326/201/203
f 1602/16/16 302/40/40 305/411/429
f 1604/408/425 305/411/429 304/412/516
f 304/412/432 303/413/433 1606/410/428
f 303/413/433 301/101/97 1603/99/95
f 418/110/106 1607/42/42 1609/414/434
f 430/272/279 1609/414/434 1610/415/435
f 1610/415/435 1611/416/436 421/260/267
f 1611/416/436 1608/64/63 416/50/50
f 1607/42/42 273/111/107 283/169/167
f 1609/414/434 283/169/167 276/163/161
f 1610/415/435 276/163/161 275/160/158
f 1611/416/436 275/160/158 272/162/160
f 1612/78/76 1614/417/437 406/255/262
f 1614/417/437 1615/418/438 407/247/254
f 1615/418/438 1616/419/439 397/244/251
f 1616/419/439 1613/112/108 392/79/77
f 1612/78/76 254/119/115 264/152/150
f 1614/417/437 264/152/150 257/146/440
f 1615/418/438 257/146/440 256/143/140
f 1616/419/439 256/143/140 253/145/142
f 1617/123/119 1619/420/441 262/151/149
f 1619/420/441 1620/421/442 263/153/151
f 1620/421/442 1621/422/443 269/157/155
f 1621/422/443 1618/3/3 255/70/69
f 1617/123/119 235/124/120 245/135/131
f 1619/420/441 245/135/131 238/129/125
f 1620/421/442 238/129/125 237/127/123
f 1621/422/443 237/127/123 234/1/1
f 326/201/203 1622/98/94 1624/423/444
f 334/205/207 1624/423/444 1625/424/445
f 335/204/206 1625/424/445 1626/425/446
f 1626/425/446 1623/97/93 327/27/27
f 1622/98/94 363/91/87 365/426/447
f 1624/423/444 365/426/447 366/427/448
f 1625/424/445 366/427/448 367/428/449
f 1626/425/446 367/428/449 364/76/74
f 363/91/87 1627/61/60 1629/429/450
f 365/426/447 1629/429/450 1630/430/451
f 366/427/448 1630/430/451 1631/431/452
f 367/428/449 1631/431/452 1628/24/24
f 1627/61/60 369/73/72 372/388/397
f 1629/429/450 372/388/397 371/390/399
f 1630/430/451 371/390/399 370/392/401
f 1631/431/452 370/392/401 368/85/82
f 1632/94/90 1634/432/453 281/168/166
f 1634/432/453 1635/433/454 282/170/168
f 1635/433/454 1636/434/455 288/175/173
f 1636/434/455 1633/56/56 274/58/58
f 1632/94/90 374/121/117 384/235/242
f 1634/432/453 384/235/242 377/229/236
f 1635/433/454 377/229/236 376/227/234
f 1636/434/455 376/227/234 373/82/79
f 1637/4/4 1639/435/456 382/234/241
f 1639/435/456 1640/436/457 383/236/243
f 1640/436/457 1641/437/458 389/241/248
f 1641/437/458 1638/53/53 375/55/55
f 1637/4/4 394/77/75 408/256/263
f 1639/435/456 408/256/263 402/252/259
f 1640/436/457 402/252/259 401/250/257
f 1641/437/458 401/250/257 393/71/70
f 307/186/184 1642/34/34 1644/438/459
f 315/184/182 1644/438/459 1645/439/460
f 1645/439/460 1646/440/461 322/191/192
f 1646/440/461 1643/68/67 308/30/30
f 412/7/7 415/381/388 1644/438/459
f 415/381/388 414/383/390 1645/439/460
f 414/383/390 413/385/392 1646/440/461
f 413/385/393 411/14/14 1643/68/67
f 1647/63/62 1649/441/462 243/134/130
f 1649/441/462 1650/442/464 244/136/463
f 1650/442/464 1651/443/465 250/141/137
f 1651/443/465 1648/44/44 236/46/46
f 1647/63/62 418/110/106 432/273/280
f 1649/441/462 432/273/280 426/268/275
f 1650/442/464 426/268/275 425/266/273
f 1651/443/465 425/266/273 417/95/91
f 435/115/111 1652/114/110 1654/444/466
f 438/275/282 1654/444/466 1655/445/467
f 439/277/284 1655/445/467 1656/446/468
f 446/284/291 1656/446/468 1653/447/469
f 454/116/112 459/294/301 1654/444/466
f 459/294/301 469/297/304 1655/445/467
f 469/297/304 468/308/315 1656/446/468
f 468/308/315 456/305/312 1653/447/469
f 473/122/118 1657/12/12 1659/448/470
f 476/310/317 1659/448/470 1660/449/471
f 477/312/319 1660/449/471 1661/450/472
f 484/319/326 1661/450/472 1658/451/473
f 492/11/11 497/329/336 1659/448/470
f 497/329/336 507/332/339 1660/449/471
f 507/332/339 506/343/350 1661/450/472
f 506/343/350 494/340/347 1658/451/473
f 493/102/98 1662/126/122 1664/452/474
f 501/335/342 1664/452/474 1665/453/475
f 502/337/344 1665/453/475 1666/454/476
f 508/342/349 1666/454/476 1663/455/477
f 511/347/354 516/346/353 1664/452/474
f 516/346/353 526/350/357 1665/453/475
f 526/350/357 525/361/368 1666/454/476
f 525/361/368 513/358/365 1663/455/477
f 455/106/102 1667/118/114 1669/456/478
f 463/300/307 1669/456/478 1670/457/479
f 464/302/309 1670/457/479 1671/458/480
f 470/307/314 1671/458/480 1668/459/481
f 530/365/372 535/364/371 1669/456/478
f 535/364/371 545/368/375 1670/457/479
f 545/368/375 544/379/386 1671/458/480
f 544/379/386 532/376/383 1668/459/481
f 531/107/103 1672/109/105 1674/460/482
f 539/371/378 1674/460/482 1675/461/483
f 540/373/380 1675/461/483 1676/462/484
f 546/378/385 1676/462/484 1673/463/485
f 475/325/332 489/324/331 1674/460/482
f 489/324/331 483/327/334 1675/461/483
f 483/327/334 482/320/327 1676/462/484
f 482/320/327 474/317/324 1673/463/485
f 512/103/99 1677/105/101 1679/464/486
f 520/353/360 1679/464/486 1680/465/487
f 521/355/362 1680/465/487 1681/466/488
f 527/360/367 1681/466/488 1678/467/489
f 437/290/297 451/289/296 1679/464/486
f 451/289/296 445/292/299 1680/465/487
f 445/292/299 444/285/292 1681/466/488
f 444/285/292 436/282/289 1678/467/489
f 1682/80/78 1684/468/490 395/243/250
f 1684/468/490 1685/469/491 396/245/252
f 1685/469/491 1686/470/492 403/251/258
f 1686/470/492 1683/108/104 393/71/70
f 473/122/118 478/311/318 1684/468/490
f 478/311/318 488/314/321 1685/469/491
f 488/314/321 487/323/330 1686/470/492
f 1686/470/492 487/323/330 475/325/332
f 530/365/372 1687/117/113 1689/471/493
f 533/363/370 1689/471/493 1690/472/494
f 534/366/373 1690/472/494 1691/473/495
f 541/372/379 1691/473/495 1688/54/54
f 1687/117/113 373/82/79 378/228/235
f 1689/471/493 378/228/235 388/231/238
f 1690/472/494 388/231/238 387/240/247
f 1691/473/495 387/240/247 375/55/55
f 274/58/58 1692/57/57 1694/474/496
f 286/174/172 1694/474/496 1695/475/497
f 287/165/163 1695/475/497 1696/476/498
f 277/161/159 1696/476/498 1693/65/64
f 1692/57/57 455/106/102 465/301/308
f 1694/474/496 465/301/308 458/295/302
f 1695/475/497 458/295/302 457/293/300
f 457/293/300 454/116/112 1693/65/64
f 437/290/297 1697/104/100 1699/477/499
f 449/288/295 1699/477/499 1700/478/500
f 450/279/286 1700/478/500 1701/479/501
f 1701/479/501 1698/52/52 435/115/111
f 1697/104/100 417/95/91 427/267/274
f 1699/477/499 427/267/274 420/261/268
f 1700/478/500 420/261/268 419/259/266
f 1701/479/501 419/259/266 416/50/50
f 511/347/354 1702/125/121 1704/480/502
f 514/345/352 1704/480/502 1705/481/503
f 515/348/355 1705/481/503 1706/482/504
f 522/354/361 1706/482/504 1703/45/45
f 1702/125/121 234/1/1 239/128/124
f 1704/480/502 239/128/124 249/131/127
f 1705/481/503 249/131/127 248/140/136
f 1706/482/504 248/140/136 236/46/46
f 1707/69/68 1709/483/505 267/156/154
f 1709/483/505 1710/484/506 268/148/146
f 1710/484/506 1711/485/507 258/144/141
f 1711/485/507 1708/113/109 253/145/142
f 493/102/98 503/336/343 1709/483/505
f 503/336/343 496/330/337 1710/484/506
f 496/330/337 495/328/335 1711/485/507
f 495/328/335 492/11/11 1708/113/109
s 2
g esquina_06_Holocron_Corners.001
usemtl Holocron_Corners.001
f 835/487/517 834/488/518 2381/489/519
s 3
f 1772/490/520 19/491/521 550/492/522
f 1723/493/523 38/494/524 140/495/525
f 123/496/521 575/497/526 21/498/521
f 564/499/527 148/500/528 1733/501/529
f 22/502/521 1737/503/530 554/504/531
f 549/505/532 140/495/525 34/506/533
f 560/507/534 136/508/535 32/509/536
f 574/510/537 143/511/538 1728/512/539
f 21/498/521 1712/513/540 570/514/541
f 1727/515/542 22/502/521 122/516/521
f 1733/501/529 39/517/543 579/518/544
f 1743/519/545 37/520/546 585/521/547
f 1738/522/548 43/523/549 555/524/550
f 579/518/544 142/525/551 1748/526/552
f 1748/526/552 40/527/553 589/528/554
f 1758/529/555 36/530/556 595/531/557
f 124/532/521 584/533/558 1737/503/530
f 589/528/554 149/534/559 1763/535/560
f 1763/535/560 1881/536/561 601/537/562
f 616/538/563 147/539/564 1758/529/555
f 125/540/565 594/541/566 1742/542/567
f 1773/543/568 34/506/533 138/544/569
f 621/545/570 138/544/569 35/546/571
f 627/547/572 144/548/573 31/549/574
f 19/491/521 1717/550/575 123/496/521
f 1788/551/576 35/546/571 146/552/577
f 633/553/578 146/552/577 1872/554/579
f 1783/555/580 1877/556/581 144/548/573
f 24/557/582 1767/558/583 127/559/521
f 140/495/525 688/560/584 1802/561/585
f 28/562/586 1818/563/587 131/564/586
f 41/565/588 1812/566/589 148/500/528
f 697/567/590 132/568/591 1828/569/592
f 138/544/569 668/570/593 1852/571/594
f 33/572/595 1797/573/596 693/574/597
f 33/572/595 1807/575/598 143/511/538
f 137/576/599 677/577/600 1797/573/596
f 150/578/601 688/560/584 38/494/524
f 151/579/602 672/580/603 43/523/549
f 37/520/546 1817/581/604 151/579/602
f 39/517/543 1827/582/605 142/525/551
f 1813/583/606 26/584/607 697/567/590
f 139/585/608 702/586/609 37/520/546
f 36/530/556 1822/587/610 139/585/608
f 40/527/553 1842/588/611 149/534/559
f 1828/569/592 29/589/612 707/590/613
f 147/539/564 712/591/614 36/530/556
f 42/592/615 1837/593/616 147/539/564
f 149/534/559 718/594/617 1881/536/561
f 667/595/618 130/596/586 25/597/586
f 32/509/536 1847/598/619 677/577/600
f 136/508/535 744/599/620 1847/598/619
f 146/552/577 740/600/621 1867/601/622
f 134/602/586 739/603/623 1853/604/624
f 31/549/574 1862/605/625 744/599/620
f 144/548/573 770/606/626 1862/605/625
f 1872/554/579 1867/601/622 750/607/627
f 1718/608/628 32/509/536 137/576/599
f 1778/609/629 1873/610/630 141/611/631
f 141/611/631 749/612/632 1857/613/633
f 25/597/586 1798/614/634 678/615/635
f 575/497/526 122/516/521 21/498/521
f 1728/512/539 41/565/588 564/499/527
f 143/511/538 683/616/636 41/565/588
f 130/596/586 692/617/637 1798/614/634
f 128/618/638 626/619/639 24/557/582
f 550/492/522 123/496/521 1722/620/640
f 34/506/533 1802/561/585 668/570/593
f 745/621/641 135/622/642 30/623/643
f 585/521/547 151/579/602 1738/522/548
f 1753/624/644 1882/625/645 145/626/646
f 145/627/646 717/628/647 1832/629/648
f 131/564/586 703/630/649 26/584/607
f 555/524/550 150/578/601 1713/631/650
f 574/510/537 137/576/599 33/572/595
f 1803/632/651 27/633/586 130/596/586
f 43/523/549 1792/634/652 150/578/601
f 1777/635/653 1782/636/654 128/618/638
f 632/637/655 128/618/638 1787/638/656
f 135/622/642 751/639/657 1868/640/658
f 1863/641/659 1858/642/660 135/622/642
f 23/643/661 1757/644/662 594/541/566
f 1732/645/663 20/646/664 124/532/521
f 148/500/528 698/647/665 39/517/543
f 29/589/612 1838/648/666 133/649/667
f 565/650/668 124/532/521 22/502/521
f 580/651/669 125/540/565 20/646/664
f 129/652/586 692/617/637 27/633/586
f 28/562/586 1808/653/670 129/652/586
f 1768/654/671 31/549/574 136/508/535
f 25/597/586 1853/604/624 667/595/618
s 4
f 785/655/672 171/656/673 2002/657/674
s 3
f 1848/658/675 30/623/643 134/602/586
f 126/659/676 617/660/677 1757/644/662
f 1762/661/678 1752/662/679 126/659/676
f 1843/663/680 1833/664/681 719/665/682
f 133/649/667 734/666/683 1833/664/681
f 1778/609/629 1878/667/684 649/668/685
f 622/669/686 127/559/521 1772/490/520
f 35/546/571 1852/571/594 740/600/621
f 141/611/631 768/670/687 1878/667/684
f 595/531/557 139/585/608 1743/519/545
f 1787/638/656 24/557/582 622/669/686
f 30/623/643 1868/640/658 739/603/623
f 132/568/591 713/671/688 29/589/612
f 20/646/664 1742/542/567 584/533/558
f 1713/631/650 38/494/524 569/672/689
f 682/673/690 131/564/586 1813/583/606
f 26/584/607 1823/674/691 132/568/591
f 1753/675/644 42/592/615 616/538/563
f 1747/676/692 23/643/661 125/540/565
f 142/525/551 708/677/693 40/527/553
f 145/627/646 735/678/694 42/592/615
f 1722/620/640 21/498/521 570/514/541
f 122/516/521 554/504/531 1712/513/540
f 673/679/695 129/652/586 1793/680/696
f 1793/680/696 27/633/586 687/681/697
f 127/559/521 559/682/698 19/491/521
f 590/683/699 126/659/676 23/643/661
f 707/590/613 133/649/667 1843/663/680
f 678/615/635 134/602/586 25/597/586
s 4
f 838/684/700 164/685/701 51/686/702
f 1948/687/703 2040/688/704 170/689/705
f 170/689/705 1114/690/706 1992/691/707
f 1098/692/708 165/693/709 1988/694/710
f 864/695/711 161/696/712 1937/697/713
f 1912/698/714 2029/699/715 171/656/673
f 172/700/716 1060/701/717 1978/702/718
f 1988/694/710 1998/703/719 1079/704/720
f 826/705/721 158/706/722 46/707/723
f 799/708/724 169/709/725 2011/710/726
f 1963/711/727 1968/712/728 1008/713/729
f 169/709/725 1023/714/730 1973/715/731
f 44/716/732 1904/717/733 158/706/722
f 48/718/734 1908/719/735 954/720/736
f 49/721/737 1908/719/735 161/696/712
f 1923/722/738 2030/723/739 812/724/740
f 1918/725/741 2003/726/742 154/727/743
f 50/728/744 1890/729/745 163/730/746
f 51/686/702 1895/731/747 917/732/748
f 787/733/749 156/734/750 1913/735/751
f 1923/722/738 2007/736/752 168/737/753
s 5
f 1903/738/754 1907/739/755 900/740/756
s 4
f 47/741/757 1889/742/758 936/743/759
f 838/684/700 162/744/760 1942/745/761
f 826/705/721 157/746/762 1917/747/763
f 44/716/732 1884/748/764 919/749/765
f 51/686/702 1885/750/766 162/744/760
f 850/751/767 172/700/716 2034/752/768
f 800/753/769 153/754/770 1938/755/771
f 52/756/772 1895/731/747 164/685/701
f 52/756/772 1890/729/745 956/757/773
f 1938/755/771 2017/758/774 865/759/775
f 1932/760/776 2016/761/777 172/700/716
f 45/762/778 1899/763/779 935/764/780
f 46/707/723 1899/763/779 157/746/762
f 801/765/781 159/766/782 1928/767/783
f 875/768/784 162/744/760 50/728/744
f 46/707/723 1904/717/733 899/769/785
f 171/656/673 972/770/786 1958/771/787
f 876/772/788 170/689/705 2020/773/789
f 1953/774/790 2025/775/791 173/776/792
s 5
f 1894/777/793 1903/738/754 918/778/794
s 4
f 45/762/778 1884/748/764 156/734/750
f 891/779/795 173/776/792 2039/780/796
f 874/781/797 152/782/798 1943/783/799
f 47/741/757 1898/784/800 160/785/801
f 48/718/734 1889/742/758 159/766/782
f 1927/786/802 2035/787/803 169/709/725
f 49/721/737 1898/784/800 901/788/804
s 5
f 955/789/805 155/790/806 1894/777/793
s 4
f 50/728/744 1885/750/766 937/791/807
f 2020/773/789 1992/691/707 1097/792/808
f 2039/780/796 1997/793/809 1115/794/810
f 173/776/792 1080/795/811 1997/793/809
f 154/727/743 991/796/812 1962/797/813
f 168/737/753 973/798/814 2030/723/739
f 168/737/753 1009/799/815 1967/800/816
f 2012/801/817 1982/802/818 153/754/770
f 2034/752/768 1978/702/718 1024/803/819
f 153/754/770 1061/804/820 2017/758/774
f 811/805/821 158/706/722 1922/806/822
f 824/807/823 154/727/743 2008/808/824
f 2008/808/824 1962/797/813 1007/809/825
f 2002/657/674 1958/771/787 989/810/826
f 801/765/781 161/696/712 48/718/734
f 849/811/827 159/766/782 47/741/757
f 1025/812/828 167/813/829 1972/814/830
f 1972/814/830 1983/815/831 1042/816/832
f 875/768/784 163/730/746 1947/817/833
f 890/818/834 163/730/746 52/756/772
f 1998/703/719 1993/819/835 1116/820/836
f 2021/821/837 1987/822/838 152/782/798
f 787/733/749 157/746/762 45/762/778
f 811/805/821 156/734/750 44/716/732
f 1968/712/728 1957/823/839 974/824/840
f 990/825/841 166/826/842 1963/711/727
f 849/811/827 160/785/801 1933/827/843
f 864/695/711 160/785/801 49/721/737
f 1983/815/831 1977/828/844 1062/829/845
f 2011/710/726 1973/715/731 1041/830/846
f 890/818/834 164/685/701 1952/831/847
f 1943/783/799 2026/832/848 836/833/849
f 152/782/798 1078/834/850 2026/832/848
s 6
f 2103/835/851 53/836/852 1132/837/853
f 2054/838/854 72/839/855 192/840/856
f 175/841/852 1157/842/857 55/843/852
f 1146/844/858 200/845/859 2064/846/860
f 56/847/852 2068/848/861 1136/849/862
f 1131/850/863 192/840/856 68/851/864
f 1142/852/865 188/853/866 66/854/867
f 1156/855/868 195/856/869 2059/857/870
f 55/843/852 2043/858/871 1152/859/872
f 2058/860/873 56/847/852 174/861/852
f 2064/846/860 74/862/874 1161/863/875
f 2074/864/876 71/865/877 1167/866/878
f 2069/867/879 78/868/880 1137/869/881
f 1161/863/875 194/870/882 2079/871/883
f 2079/871/883 75/872/884 1171/873/885
f 2089/874/886 70/875/887 1177/876/888
f 176/877/852 1166/878/889 2068/848/861
f 1171/873/885 201/879/890 2094/880/891
f 2094/880/891 2206/881/892 1183/882/893
f 1199/883/894 199/884/895 2089/874/886
f 177/885/852 1176/886/896 2073/887/897
f 2104/888/898 68/851/864 190/889/899
f 1204/890/900 190/889/899 69/891/901
f 1210/892/902 196/893/903 65/894/904
f 53/836/852 2048/895/905 175/841/852
f 2119/896/906 69/891/901 198/897/907
f 1215/898/908 198/897/907 73/899/909
f 2114/900/910 2203/901/911 196/893/903
f 58/902/852 2098/903/912 179/904/852
f 192/840/856 1258/905/913 2133/906/914
f 62/907/915 2149/908/916 183/909/915
f 76/910/917 2143/911/918 200/845/859
f 1267/912/919 184/913/915 2159/914/920
f 190/889/899 1238/915/921 2183/916/922
f 67/917/923 2128/918/924 1263/919/925
f 67/917/923 2138/920/926 195/856/869
f 189/921/927 1247/922/928 2128/918/924
f 202/923/929 1258/905/913 72/839/855
f 203/924/930 1242/925/931 78/868/880
f 71/865/877 2148/926/932 203/924/930
f 74/862/874 2158/927/933 194/870/882
f 2144/928/934 60/929/915 1267/912/919
f 191/930/935 1272/931/936 71/865/877
f 70/875/887 2153/932/937 191/930/935
f 75/872/884 2173/933/938 201/879/890
f 2159/914/920 63/934/939 1277/935/940
f 199/884/895 1282/936/941 70/875/887
f 77/937/942 2168/938/943 199/884/895
f 201/879/890 1288/939/944 2206/881/892
f 1237/940/945 182/941/915 59/942/915
f 66/854/867 2178/943/946 1247/922/928
f 188/853/866 1314/944/947 2178/943/946
f 198/897/907 1310/945/948 2198/946/949
f 186/947/915 1309/948/950 2184/949/951
f 65/894/904 2193/950/952 1314/944/947
f 196/893/903 1326/951/953 2193/950/952
f 73/899/909 2198/946/949 1319/952/954
f 2049/953/955 66/854/867 189/921/927
f 2109/954/956 73/955/909 193/956/957
f 193/956/957 1319/957/954 2188/958/958
f 59/942/915 2129/959/959 1248/960/960
f 1157/842/857 174/861/852 55/843/852
f 2059/857/870 76/910/917 1146/844/858
f 195/856/869 1253/961/961 76/910/917
f 182/941/915 1262/962/962 2129/959/959
f 180/963/852 1209/964/963 58/902/852
f 1132/837/853 175/841/852 2053/965/964
f 68/851/864 2133/906/914 1238/915/921
f 1315/966/965 187/967/915 64/968/915
f 1167/866/878 203/924/930 2069/867/879
f 2084/969/966 2207/970/967 197/971/968
f 197/971/968 1287/972/969 2163/973/970
f 183/909/915 1273/974/971 60/929/915
f 1137/869/881 202/923/929 2044/975/972
f 1156/855/868 189/921/927 67/917/923
f 2134/976/973 61/977/915 182/941/915
f 78/868/880 2123/978/974 202/923/929
f 2108/979/975 2113/980/976 180/963/852
f 1214/981/977 180/963/852 2118/982/978
f 187/967/915 1320/983/979 2199/984/980
f 2194/985/981 2189/986/982 187/967/915
f 57/987/983 2088/988/984 1176/886/896
f 2063/989/985 54/990/852 176/877/852
f 200/845/859 1268/991/986 74/862/874
f 63/934/939 2169/992/987 185/993/988
f 1147/994/989 176/877/852 56/847/852
f 1162/995/990 177/885/852 54/990/852
f 181/996/915 1262/962/962 61/977/915
f 62/907/915 2139/997/991 181/996/915
f 2099/998/992 65/894/904 188/853/866
f 59/942/915 2184/949/951 1237/940/945
s 7
f 2269/999/993 79/1000/994 1342/1001/995
s 6
f 2179/1002/996 64/968/915 186/947/915
f 178/1003/997 1200/1004/998 2088/988/984
f 2093/1005/999 2083/1006/1000 178/1003/997
f 2174/1007/1001 2164/1008/1002 1289/1009/1003
f 185/993/988 1304/1010/1004 2164/1008/1002
f 2109/954/956 2204/1011/1005 1219/1012/1006
f 1205/1013/1007 179/904/852 2103/835/851
f 69/891/901 2183/916/922 1310/945/948
f 193/956/957 1324/1014/1008 2204/1011/1005
f 1177/876/888 191/930/935 2074/864/876
f 2118/982/978 58/902/852 1205/1013/1007
f 64/968/915 2199/984/980 1309/948/950
f 184/913/915 1283/1015/1009 63/934/939
f 54/990/852 2073/887/897 1166/878/889
f 2044/975/972 72/839/855 1151/1016/1010
f 1252/1017/1011 183/909/915 2144/928/934
f 60/929/915 2154/1018/1012 184/913/915
f 2084/969/966 77/937/942 1199/883/894
f 2078/1019/1013 57/987/983 177/885/852
f 194/870/882 1278/1020/1014 75/872/884
f 197/971/968 1305/1021/1015 77/937/942
f 2053/965/964 55/843/852 1152/859/872
f 174/861/852 1136/849/862 2043/858/871
f 1243/1022/1016 181/996/915 2124/1023/1017
f 2124/1023/1017 61/977/915 1257/1024/1018
f 179/904/852 1141/1025/1019 53/836/852
f 1172/1026/1020 178/1003/997 57/987/983
f 1277/935/940 185/993/988 2174/1007/1001
f 1248/960/960 186/947/915 59/942/915
s 7
f 2220/1027/1021 98/1028/1022 222/1029/1023
f 205/1030/994 1367/1031/1024 81/1032/994
f 1356/1033/1025 230/1034/1026 2230/1035/1027
f 82/1036/994 2234/1037/1028 1346/1038/1029
f 1341/1039/1030 222/1029/1023 94/1040/1031
f 1352/1041/1032 218/1042/1033 92/1043/1034
f 1366/1044/1035 225/1045/1036 2225/1046/1037
f 81/1032/994 2209/1047/1038 1362/1048/1039
f 2224/1049/1040 82/1036/994 204/1050/994
f 2230/1035/1027 100/1051/1041 1371/1052/1042
f 2240/1053/1043 97/1054/1044 1377/1055/1045
f 2235/1056/1046 103/1057/1047 1347/1058/1048
f 1371/1052/1042 224/1059/1049 2245/1060/1050
f 2245/1060/1050 101/1061/1051 1381/1062/1052
f 2255/1063/1053 96/1064/1054 1387/1065/1055
f 206/1066/994 1376/1067/1056 2234/1037/1028
f 1381/1062/1052 231/1068/1057 2260/1069/1058
f 2260/1069/1058 2372/1070/1059 1393/1071/1060
f 1409/1072/1061 229/1073/1062 2255/1063/1053
f 207/1074/1063 1386/1075/1064 2239/1076/1065
f 2270/1077/1066 94/1040/1031 220/1078/1067
f 1426/1079/1068 220/1078/1067 95/1080/1069
f 1432/1081/1070 226/1082/1071 91/1083/1072
f 79/1000/994 2214/1084/1073 205/1030/994
f 2285/1085/1074 95/1080/1069 228/1086/1075
f 1437/1087/1076 228/1086/1075 99/1088/1077
f 2280/1089/1078 2369/1090/1079 226/1082/1071
f 84/1091/994 2264/1092/1080 209/1093/994
f 222/1029/1023 1480/1094/1081 2299/1095/1082
f 88/1096/1083 2315/1097/1084 213/1098/1083
f 102/1099/1085 2309/1100/1086 230/1034/1026
f 1489/1101/1087 214/1102/1088 2325/1103/1089
f 220/1078/1067 1460/1104/1090 2349/1105/1091
f 93/1106/1092 2294/1107/1093 1485/1108/1094
f 93/1106/1092 2304/1109/1095 225/1045/1036
f 219/1110/1096 1469/1111/1097 2294/1107/1093
f 232/1112/1098 1480/1094/1081 98/1028/1022
f 233/1113/1099 1464/1114/1100 103/1057/1047
f 97/1054/1044 2314/1115/1101 233/1113/1099
f 100/1051/1041 2324/1116/1102 224/1059/1049
f 2310/1117/1103 86/1118/1104 1489/1101/1087
f 221/1119/1105 1494/1120/1106 97/1054/1044
f 96/1064/1054 2319/1121/1107 221/1119/1105
f 101/1061/1051 2339/1122/1108 231/1068/1057
f 2325/1103/1089 89/1123/1109 1499/1124/1110
f 229/1073/1062 1504/1125/1111 96/1064/1054
f 2376/1126/1112 2334/1127/1113 229/1073/1062
f 231/1068/1057 1510/1128/1114 2372/1070/1059
f 1459/1129/1115 212/1130/1083 85/1131/1083
f 92/1043/1034 2344/1132/1116 1469/1111/1097
f 218/1042/1033 1550/1133/1117 2344/1132/1116
f 228/1086/1075 1546/1134/1118 2364/1135/1119
f 216/1136/1083 1545/1137/1120 2350/1138/1121
f 91/1083/1072 2359/1139/1122 1550/1133/1117
f 226/1082/1071 1562/1140/1123 2359/1139/1122
f 99/1088/1077 2364/1135/1119 1555/1141/1124
f 2215/1142/1125 92/1043/1034 219/1110/1096
f 2275/1143/1126 99/1088/1077 223/1144/1127
f 223/1144/1127 1555/1141/1124 2354/1145/1128
f 85/1131/1083 2295/1146/1129 1470/1147/1130
f 1367/1031/1024 204/1050/994 81/1032/994
f 2225/1046/1037 102/1099/1085 1356/1033/1025
f 225/1045/1036 1475/1148/1131 102/1099/1085
f 212/1130/1083 1484/1149/1132 2295/1146/1129
f 210/1150/994 1431/1151/1133 84/1091/994
f 1342/1001/995 205/1030/994 2219/1152/1134
f 94/1040/1031 2299/1095/1082 1460/1104/1090
f 1551/1153/1135 217/1154/1083 90/1155/1083
f 1377/1055/1045 233/1113/1099 2235/1056/1046
f 2250/1156/1136 2373/1157/1137 227/1158/1138
f 227/1158/1138 1509/1159/1139 2329/1160/1140
f 213/1098/1083 1495/1161/1141 86/1118/1104
f 1347/1058/1048 232/1112/1098 2210/1162/1142
f 1366/1044/1035 219/1110/1096 93/1106/1092
f 2300/1163/1143 87/1164/1083 212/1130/1083
f 103/1057/1047 2289/1165/1144 232/1112/1098
f 2274/1166/1145 2279/1167/1146 210/1150/994
f 1436/1168/1147 210/1150/994 2284/1169/1148
f 217/1154/1083 1556/1170/1149 2365/1171/1150
f 2360/1172/1151 2355/1173/1152 217/1154/1083
f 83/1174/1153 2254/1175/1154 1386/1075/1064
f 2229/1176/1155 80/1177/1156 206/1066/994
f 230/1034/1026 1490/1178/1157 100/1051/1041
f 89/1123/1109 2335/1179/1158 215/1180/1159
f 1357/1181/1160 206/1066/994 82/1036/994
f 1372/1182/1161 207/1074/1063 80/1177/1156
f 211/1183/1083 1484/1149/1132 87/1164/1083
f 88/1096/1083 2305/1184/1162 211/1183/1083
f 2265/1185/1163 91/1083/1072 218/1042/1033
f 85/1131/1083 2350/1138/1121 1459/1129/1115
f 2345/1186/1164 90/1155/1083 216/1136/1083
f 208/1187/1165 1410/1188/1166 2254/1175/1154
f 2259/1189/1167 2249/1190/1168 208/1187/1165
f 2340/1191/1169 2330/1192/1170 1511/1193/1171
f 215/1180/1159 1527/1194/1172 2330/1192/1170
f 2275/1143/1126 2370/1195/1173 1441/1196/1174
f 1427/1197/1175 209/1093/994 2269/999/993
f 95/1080/1069 2349/1105/1091 1546/1134/1118
f 223/1144/1127 1560/1198/1176 2370/1195/1173
f 1387/1065/1055 221/1119/1105 2240/1053/1043
f 2284/1169/1148 84/1091/994 1427/1197/1175
f 90/1155/1083 2365/1171/1150 1545/1137/1120
f 214/1102/1088 1505/1199/1177 89/1123/1109
f 80/1177/1156 2239/1076/1065 1376/1067/1056
f 2210/1162/1142 98/1028/1022 1361/1200/1178
f 1474/1201/1179 213/1098/1083 2310/1117/1103
f 86/1118/1104 2320/1202/1180 214/1102/1088
f 2250/1156/1136 2377/1203/1181 1408/1204/1182
f 2244/1205/1183 83/1174/1153 207/1074/1063
f 224/1059/1049 1500/1206/1184 101/1061/1051
f 227/1158/1138 1526/1207/1185 2377/1203/1181
f 2219/1152/1134 81/1032/994 1362/1048/1039
f 204/1050/994 1346/1038/1029 2209/1047/1038
f 1465/1208/1186 211/1183/1083 2290/1209/1187
f 2290/1209/1187 87/1164/1083 1479/1210/1188
f 209/1093/994 1351/1211/1189 79/1000/994
f 1382/1212/1190 208/1187/1165 83/1174/1153
f 1499/1124/1110 215/1180/1159 2340/1191/1169
f 1470/1147/1130 216/1136/1083 85/1131/1083
s 3
f 599/1213/1191 605/1214/1192 604/1215/1193
f 602/1216/1194 606/1217/1195 605/1214/1192
f 604/1215/1193 605/1214/1192 615/1218/1196
f 605/1214/1192 607/1219/1197 615/1218/1196
f 608/1220/1198 610/1221/1199 600/1222/1200
f 609/1223/1201 611/1224/1202 608/1225/1198
f 611/1226/1202 603/1227/1203 610/1221/1199
f 612/1228/1204 606/1217/1195 611/1226/1202
f 601/537/1205 614/1229/1206 613/1230/1207
s 8
f 604/1231/1208 615/1232/1208 614/1229/1208
s 3
f 613/1230/1207 612/1233/1209 609/1223/1210
f 614/1229/1206 607/1234/1211 612/1233/1209
f 634/1235/1212 636/1236/1213 631/1237/1214
f 635/1238/1215 637/1239/1216 634/1235/1212
f 637/1239/1216 646/1240/1217 636/1236/1213
f 637/1239/1216 638/1241/1218 639/1242/1219
f 632/1243/655 643/1244/1220 642/1245/1221
f 640/1246/1222 644/1247/1223 643/1244/1220
f 642/1245/1221 638/1241/1218 635/1238/1215
f 643/1244/1220 639/1248/1219 638/1241/1218
f 645/1249/1224 647/1250/1225 633/553/578
f 646/1240/1217 648/1251/1226 645/1249/1224
f 648/1251/1226 641/1252/1227 647/1250/1225
f 648/1251/1226 639/1248/1219 644/1247/1228
f 649/668/685 654/1253/1229 653/1254/1230
f 652/1255/1231 655/1256/1232 654/1253/1229
f 653/1254/1230 666/1257/1233 663/1258/1234
f 654/1253/1229 656/1259/1235 666/1257/1233
f 650/1260/1236 660/1261/1237 659/1262/1238
f 657/1263/1239 661/1264/1240 660/1261/1237
f 659/1262/1241 655/1256/1242 652/1255/1243
f 660/1261/1237 656/1259/1244 655/1256/1242
f 662/1265/1245 664/1266/1246 651/1267/1247
f 663/1258/1234 665/1268/1248 662/1269/1245
f 665/1268/1248 658/1270/1249 664/1271/1246
f 666/1257/1233 661/1264/1250 665/1268/1248
f 717/628/647 722/1272/1251 721/1273/1252
f 720/1274/1253 723/1275/1254 722/1272/1251
f 721/1273/1252 733/1276/1255 730/1277/1256
f 722/1272/1251 724/1278/1257 733/1276/1255
f 718/594/617 727/1279/1258 720/1280/1259
f 725/1281/1260 728/1282/1261 727/1279/1258
f 720/1280/1259 727/1279/1258 723/1275/1262
f 727/1279/1258 724/1278/1263 723/1275/1262
f 729/1283/1264 731/1284/1265 719/665/682
f 730/1277/1256 732/1285/1266 729/1283/1264
f 732/1285/1266 726/1286/1267 731/1284/1265
f 733/1276/1268 728/1282/1261 732/1285/1266
f 752/1287/1269 754/1288/1270 749/612/632
f 753/1289/1271 755/1290/1272 752/1287/1269
f 755/1290/1272 764/1291/1273 754/1288/1270
f 755/1290/1272 757/1292/1274 767/1293/1275
f 758/1294/1276 760/1295/1277 750/607/627
f 759/1296/1278 761/1297/1279 758/1294/1276
f 761/1297/1279 753/1289/1271 760/1295/1277
f 762/1298/1280 756/1299/1281 761/1297/1279
f 763/1300/1282 765/1301/1283 751/639/657
f 764/1291/1273 766/1302/1284 763/1300/1282
f 765/1301/1283 762/1298/1280 759/1296/1278
f 766/1302/1284 757/1292/1274 762/1298/1280
f 768/670/687 773/1303/1285 781/1304/1286
f 771/1305/1287 774/1306/1288 773/1303/1285
f 781/1304/1286 773/1303/1285 784/1307/1289
f 773/1303/1285 775/1308/1290 784/1307/1291
f 776/1309/1292 778/1310/1293 769/1311/1294
f 777/1312/1295 779/1313/1296 776/1309/1292
f 779/1313/1296 772/1314/1297 778/1310/1293
f 780/1315/1298 774/1306/1299 779/1313/1296
f 770/606/626 783/1316/1300 782/1317/1301
f 781/1318/1302 784/1307/1303 783/1316/1300
f 782/1317/1301 780/1315/1298 777/1312/1295
f 783/1316/1300 775/1308/1304 780/1315/1298
s 4
f 788/1319/1305 790/1320/1306 785/655/672
f 788/1319/1305 789/1321/1307 791/1322/1308
f 790/1320/1306 791/1322/1308 796/1323/1309
s 9
f 791/1324/1310 792/1325/1311 796/1326/1312
s 4
f 793/1327/1313 795/1328/1314 786/1329/1315
f 793/1327/1313 794/1330/1316 791/1331/1308
f 795/1328/1314 791/1324/1308 789/1321/1307
s 9
f 791/1331/1317 794/1330/1318 792/1325/1311
f 797/1332/1319 796/1326/1312 798/1333/1320
f 797/1334/1319 798/1333/1320 794/1335/1318
f 796/1326/1312 794/1330/1318 798/1333/1320
s 4
f 799/708/724 802/1336/1321 804/1337/1322
s 10
f 802/1336/1323 803/1338/1324 804/1339/1325
s 11
f 804/1339/1326 805/1340/1326 807/1341/1326
s 4
f 800/753/769 804/1342/1327 806/1343/1328
s 10
f 806/1343/1329 804/1344/1325 803/1338/1324
s 12
f 808/1345/1330 809/1346/1331 807/1347/1332
s 4
f 810/1348/1333 813/1349/1334 815/1350/1335
f 813/1349/1334 821/1351/1336 815/1350/1335
f 813/1349/1334 816/1352/1337 823/1353/1338
s 13
f 817/1354/1339 819/1355/1340 811/805/1341
s 4
f 819/1355/1342 818/1356/1343 814/1357/1344
f 812/724/740 820/1358/1345 822/1359/1346
f 820/1358/1347 823/1353/1348 822/1360/1349
f 822/1360/1350 814/1361/1344 818/1362/1343
f 822/1360/1349 816/1352/1351 814/1361/1352
f 824/807/823 827/1363/1353 829/1364/1354
f 827/1363/1353 828/1365/1355 829/1366/1354
s 14
f 829/1366/1356 2381/489/1356 834/488/1356
s 4
f 829/1367/1354 830/1368/1357 2381/1369/1358
f 825/1370/1359 832/1371/1360 831/1372/1361
s 15
f 832/1373/1362 835/1374/1363 2381/1369/1364
s 4
f 832/1371/1365 828/1365/1355 831/1372/1366
f 836/833/849 839/1375/1367 840/1376/1368
s 16
f 840/1377/1369 841/1378/1370 846/1379/1369
s 4
f 837/1380/1371 844/1381/1372 843/1382/1373
s 17
f 844/1383/1374 842/1384/1374 846/1385/1374
s 18
f 843/1382/1375 840/1377/1376 839/1386/1377
f 844/1381/1378 841/1378/1379 840/1377/1376
s 19
f 845/1387/1380 847/1388/1381 838/684/1382
s 4
f 851/1389/1383 853/1390/1384 848/1391/1385
f 851/1389/1383 852/1392/1386 854/1393/1387
f 853/1390/1384 854/1394/1387 860/1395/1388
f 854/1393/1387 852/1392/1386 855/1396/1389
f 857/1397/1390 858/1398/1391 856/1399/1392
f 856/1400/1392 858/1398/1391 852/1401/1386
f 858/1398/1391 855/1396/1389 852/1392/1386
f 859/1402/1393 861/1403/1394 850/751/767
f 860/1395/1388 862/1404/1395 859/1402/1393
f 862/1404/1395 857/1397/1390 861/1403/1394
f 862/1404/1395 854/1394/1387 855/1405/1389
f 863/1406/1396 866/1407/1397 868/1408/1398
s 20
f 866/1409/1399 867/1410/1399 871/1411/1399
s 21
f 867/1412/1400 870/1413/1401 869/1414/1402
s 4
f 865/759/775 872/1415/1403 873/1416/1404
s 22
f 868/1417/1405 873/1418/1406 872/1415/1407
s 23
f 873/1418/1408 871/1411/1408 867/1412/1409
s 22
f 873/1418/1406 866/1419/1410 871/1411/1411
s 4
f 877/1420/1412 879/1421/1413 874/781/797
f 877/1420/1412 878/1422/1414 880/1423/1415
f 879/1421/1413 880/1424/1415 886/1425/1416
f 880/1423/1415 878/1422/1414 881/1426/1417
f 883/1427/1418 882/1428/1419 884/1429/1420
f 883/1430/1418 884/1429/1420 878/1431/1414
f 882/1428/1419 878/1422/1414 884/1429/1420
f 885/1432/1421 887/1433/1422 876/772/788
f 886/1425/1416 888/1434/1423 885/1432/1421
f 887/1433/1422 888/1434/1423 882/1435/1419
f 888/1434/1423 881/1426/1417 882/1428/1419
f 889/1436/1424 892/1437/1425 893/1438/1426
s 24
f 896/1439/1427 894/1440/1428 892/1441/1429
s 4
f 891/779/795 897/1442/1430 898/1443/1431
s 25
f 897/1442/1432 892/1444/1433 898/1445/1434
s 26
f 898/1445/1435 2382/1446/1436 896/1447/1436
s 25
f 898/1445/1434 894/1448/1437 2382/1446/1438
s 4
f 899/769/785 905/1449/1439 904/1450/1440
f 903/1451/1441 905/1449/1439 902/1452/1442
f 905/1449/1439 913/1453/1443 904/1450/1440
f 905/1449/1439 906/1454/1444 916/1455/1445
s 5
f 900/740/756 910/1456/1446 909/1457/1447
f 907/1458/1448 911/1459/1449 910/1456/1446
f 909/1457/1447 906/1460/1450 903/1461/1451
s 27
f 910/1456/1452 916/1462/1453 906/1460/1454
s 4
f 912/1463/1455 914/1464/1456 901/788/804
f 913/1453/1443 915/1465/1457 912/1463/1455
f 915/1465/1457 908/1466/1458 914/1464/1456
f 915/1465/1457 916/1467/1459 911/1468/1460
f 920/1469/1461 922/1470/1462 917/732/748
f 921/1471/1463 923/1472/1464 920/1469/1461
f 923/1472/1464 931/1473/1465 922/1470/1462
f 923/1472/1464 924/1474/1466 934/1475/1467
s 5
f 918/778/794 928/1476/1468 927/1477/1469
f 925/1478/1470 929/1479/1471 928/1476/1468
f 927/1480/1469 924/1474/1472 921/1471/1473
s 28
f 928/1481/1474 934/1482/1475 924/1474/1476
s 4
f 930/1483/1477 932/1484/1478 919/749/765
f 931/1473/1465 933/1485/1479 930/1483/1477
f 933/1485/1479 926/1486/1480 932/1484/1478
f 933/1485/1479 934/1482/1481 929/1487/1482
f 938/1488/1483 940/1489/1484 935/764/780
f 939/1490/1485 941/1491/1486 938/1488/1483
f 941/1491/1486 950/1492/1487 940/1489/1484
f 941/1491/1486 943/1493/1488 953/1494/1489
f 944/1495/1490 946/1496/1491 936/743/759
f 945/1497/1492 947/1498/1493 944/1495/1490
f 947/1498/1493 939/1490/1485 946/1496/1491
f 947/1498/1493 943/1493/1488 942/1499/1494
f 949/1500/1495 951/1501/1496 937/791/807
f 950/1492/1487 952/1502/1497 949/1500/1495
f 952/1502/1497 945/1497/1492 951/1501/1496
f 952/1502/1497 943/1493/1488 948/1503/1498
f 957/1504/1499 959/1505/1500 954/720/736
f 958/1506/1501 960/1507/1502 957/1504/1499
f 960/1507/1502 968/1508/1503 959/1505/1500
f 960/1507/1502 961/1509/1504 971/1510/1505
s 5
f 955/789/805 965/1511/1506 964/1512/1507
f 962/1513/1508 966/1514/1509 965/1515/1506
f 964/1512/1507 961/1516/1510 958/1517/1511
s 29
f 965/1515/1512 971/1518/1513 961/1509/1514
s 4
f 956/757/773 970/1519/1515 969/1520/1516
f 968/1508/1503 970/1519/1515 967/1521/1517
f 970/1519/1515 963/1522/1518 969/1520/1516
f 970/1519/1515 971/1518/1519 966/1514/1520
f 972/770/786 978/1523/1521 977/1524/1522
f 975/1525/1523 976/1526/1524 978/1523/1521
f 977/1524/1522 988/1527/1525 985/1528/1526
f 978/1529/1521 979/1530/1527 988/1527/1525
f 973/798/814 978/1531/1528 982/1532/1529
f 980/1533/1530 983/1534/1531 978/1531/1528
f 982/1532/1529 978/1529/1528 976/1526/1532
f 978/1531/1528 983/1534/1531 979/1530/1527
f 984/1535/1533 986/1536/1534 974/1537/840
f 985/1528/1526 987/1538/1535 984/1535/1533
f 987/1538/1535 981/1539/1536 986/1536/1534
f 988/1527/1525 983/1534/1531 987/1538/1535
f 992/1540/1537 994/1541/1538 989/810/826
f 993/1542/1539 995/1543/1540 992/1540/1537
f 995/1543/1540 1003/1544/1541 994/1541/1538
f 995/1543/1540 996/1545/1542 1006/1546/1543
f 997/1547/1544 999/1548/1545 990/1549/841
f 998/1550/1546 1000/1551/1547 997/1547/1544
f 1000/1551/1547 993/1542/1539 999/1548/1545
f 1001/1552/1548 996/1545/1542 1000/1551/1547
f 1002/1553/1549 1004/1554/1550 991/796/812
f 1003/1544/1541 1005/1555/1551 1002/1553/1549
f 1005/1555/1551 998/1550/1546 1004/1554/1550
f 1005/1555/1551 1006/1556/1543 1001/1552/1548
f 1007/809/825 1013/1557/1552 1012/1558/1553
f 1010/1559/1554 1014/1560/1555 1013/1557/1552
f 1012/1558/1553 1013/1561/1552 1020/1562/1556
f 1015/1563/1557 1017/1564/1558 1008/1565/729
f 1016/1566/1559 1018/1567/1560 1015/1563/1557
f 1018/1567/1561 1011/1568/1562 1017/1564/1558
f 1009/799/815 1022/1569/1563 1021/1570/1564
s 30
f 1019/1571/1565 1013/1561/1566 1022/1569/1567
s 4
f 1021/1570/1564 1014/1572/1568 1016/1566/1559
s 30
f 1022/1569/1567 1013/1561/1566 1014/1572/1569
s 4
f 1026/1573/1570 1028/1574/1571 1023/714/730
f 1027/1575/1572 1029/1576/1573 1026/1573/1570
f 1029/1576/1573 1037/1577/1574 1028/1574/1571
f 1029/1576/1573 1030/1578/1575 1040/1579/1576
f 1031/1580/1577 1033/1581/1578 1024/803/819
f 1032/1582/1579 1034/1583/1580 1031/1580/1577
f 1034/1583/1580 1027/1575/1572 1033/1581/1578
f 1034/1583/1580 1035/1584/1581 1030/1585/1575
f 1036/1586/1582 1038/1587/1583 1025/1588/828
f 1037/1577/1574 1039/1589/1584 1036/1586/1582
f 1039/1589/1584 1032/1582/1579 1038/1587/1583
f 1040/1579/1576 1035/1584/1581 1039/1589/1584
f 1041/830/846 1047/1590/1585 1046/1591/1586
f 1044/1592/1587 1048/1593/1588 1047/1590/1585
f 1046/1591/1586 1059/1594/1589 1056/1595/1590
f 1047/1590/1585 1049/1596/1591 1059/1594/1589
f 1050/1597/1592 1052/1598/1593 1042/1599/832
f 1051/1600/1594 1053/1601/1595 1050/1597/1592
f 1053/1601/1595 1045/1602/1596 1052/1598/1593
f 1054/1603/1597 1048/1593/1598 1053/1601/1595
f 1043/1604/1599 1058/1605/1600 1057/1606/1601
f 1055/1607/1602 1059/1594/1603 1058/1605/1600
f 1057/1606/1601 1054/1603/1604 1051/1600/1594
f 1058/1605/1600 1049/1596/1605 1054/1603/1604
f 1060/701/717 1065/1608/1606 1064/1609/1607
f 1063/1610/1608 1066/1611/1609 1065/1608/1606
f 1064/1609/1607 1077/1612/1610 1074/1613/1611
f 1065/1608/1606 1067/1614/1612 1077/1612/1610
f 1061/804/820 1071/1615/1613 1070/1616/1614
f 1068/1617/1615 1072/1618/1616 1071/1615/1613
f 1070/1616/1617 1066/1611/1618 1063/1610/1619
f 1071/1615/1613 1067/1614/1620 1066/1611/1618
f 1073/1619/1621 1075/1620/1622 1062/1621/845
f 1074/1613/1611 1076/1622/1623 1073/1619/1621
f 1076/1622/1623 1069/1623/1624 1075/1620/1622
f 1077/1612/1610 1072/1618/1625 1076/1622/1623
f 1078/834/850 1084/1624/1626 1083/1625/1627
f 1081/1626/1628 1085/1627/1629 1084/1624/1626
f 1083/1625/1627 1084/1624/1626 1095/1628/1630
f 1084/1624/1626 1086/1629/1631 1095/1628/1630
f 1087/1630/1632 1089/1631/1633 1079/1632/720
f 1088/1633/1634 1090/1634/1635 1087/1630/1632
f 1090/1634/1635 1082/1635/1636 1089/1631/1633
f 1091/1636/1637 1085/1627/1629 1090/1634/1635
f 1080/795/811 1094/1637/1638 1093/1638/1639
f 1092/1639/1640 1095/1628/1641 1094/1637/1638
f 1093/1638/1639 1091/1636/1637 1088/1633/1634
f 1094/1637/1638 1086/1629/1631 1091/1636/1637
f 1099/1640/1642 1101/1641/1643 1096/1642/1644
f 1100/1643/1645 1102/1644/1646 1099/1640/1642
f 1102/1644/1646 1110/1645/1647 1101/1641/1643
f 1102/1644/1646 1103/1646/1648 1113/1647/1649
f 1104/1648/1650 1106/1649/1651 1097/792/808
f 1105/1650/1652 1107/1651/1653 1104/1648/1650
f 1107/1651/1653 1100/1643/1645 1106/1649/1651
f 1107/1651/1653 1108/1652/1654 1103/1653/1648
f 1109/1654/1655 1111/1655/1656 1098/1656/708
f 1110/1645/1647 1112/1657/1657 1109/1654/1655
f 1112/1657/1657 1105/1650/1652 1111/1655/1656
f 1113/1647/1649 1108/1652/1654 1112/1657/1657
f 1114/690/706 1120/1658/1658 1119/1659/1659
s 31
f 1117/1660/1660 1118/1661/1661 1120/1658/1662
s 4
f 1119/1659/1659 1130/1662/1663 1127/1663/1664
f 1120/1664/1658 1121/1665/1665 1130/1662/1663
f 1115/794/810 1125/1666/1666 1124/1667/1667
f 1122/1668/1668 1130/1669/1669 1125/1666/1670
f 1125/1666/1670 1118/1661/1671 1124/1667/1672
f 1125/1666/1670 1121/1665/1673 1120/1664/1674
f 1126/1670/1675 1128/1671/1676 1116/1672/836
f 1127/1663/1664 1129/1673/1677 1126/1670/1675
f 1129/1673/1678 1123/1674/1679 1128/1671/1676
s 6
f 1181/1675/1680 1187/1676/1681 1186/1677/1682
f 1184/1678/1683 1188/1679/1684 1187/1676/1681
f 1186/1677/1682 1187/1676/1681 1198/1680/1685
f 1187/1676/1681 1189/1681/1686 1198/1680/1685
f 1190/1682/1687 1192/1683/1688 1182/1684/1689
f 1191/1685/1690 1193/1686/1691 1190/1682/1687
f 1193/1686/1691 1185/1687/1692 1192/1683/1688
f 1194/1688/1693 1188/1679/1684 1193/1686/1691
f 1183/882/893 1197/1689/1694 1196/1690/1695
f 1195/1691/1696 1198/1680/1697 1197/1692/1694
f 1196/1693/1695 1194/1688/1698 1191/1685/1699
f 1197/1692/1694 1189/1681/1700 1194/1688/1698
f 1219/1012/1006 1224/1694/1701 1223/1695/1702
f 1222/1696/1703 1225/1697/1704 1224/1694/1701
f 1223/1695/1702 1236/1698/1705 1233/1699/1706
f 1224/1694/1701 1226/1700/1707 1236/1698/1705
f 1220/1701/1708 1230/1702/1709 1229/1703/1710
f 1227/1704/1711 1231/1705/1712 1230/1706/1709
f 1229/1707/1713 1225/1697/1714 1222/1696/1715
f 1230/1706/1709 1226/1700/1716 1225/1697/1714
f 1232/1708/1717 1234/1709/1718 1221/1710/1719
f 1233/1699/1706 1235/1711/1720 1232/1708/1717
f 1235/1711/1720 1228/1712/1721 1234/1709/1718
f 1236/1698/1705 1231/1705/1722 1235/1711/1720
f 1287/972/969 1292/1713/1723 1291/1714/1724
f 1290/1715/1725 1293/1716/1726 1292/1713/1723
f 1291/1714/1724 1303/1717/1727 1300/1718/1728
f 1292/1713/1723 1294/1719/1729 1303/1717/1727
f 1288/939/944 1297/1720/1730 1290/1721/1731
f 1295/1722/1732 1298/1723/1733 1297/1720/1730
f 1290/1721/1731 1297/1720/1730 1293/1716/1734
f 1297/1720/1730 1294/1719/1735 1293/1716/1734
f 1299/1724/1736 1301/1725/1737 1289/1009/1003
f 1300/1718/1728 1302/1726/1738 1299/1724/1736
f 1302/1726/1738 1296/1727/1739 1301/1725/1737
f 1303/1717/1740 1298/1723/1733 1302/1726/1738
f 1324/1014/1008 1330/1728/1741 1329/1729/1742
f 1327/1730/1743 1331/1731/1744 1330/1728/1741
f 1329/1729/1742 1330/1728/1741 1340/1732/1745
f 1330/1728/1741 1332/1733/1746 1340/1732/1745
f 1333/1734/1747 1335/1735/1748 1325/1736/1749
f 1334/1737/1750 1336/1738/1751 1333/1734/1747
f 1336/1738/1751 1328/1739/1752 1335/1735/1748
f 1337/1740/1753 1331/1741/1754 1336/1738/1751
f 1326/951/953 1339/1742/1755 1338/1743/1756
f 1329/1744/1757 1340/1745/1758 1339/1742/1755
f 1338/1743/1756 1337/1740/1753 1334/1737/1750
f 1339/1742/1755 1332/1746/1759 1337/1740/1753
s 7
f 1391/1747/1760 1396/1748/1761 1404/1749/1762
f 1394/1750/1763 1397/1751/1764 1396/1748/1761
f 1404/1749/1762 1396/1748/1761 1407/1752/1765
f 1396/1748/1761 1398/1753/1766 1407/1752/1765
f 1399/1754/1767 1401/1755/1768 1392/1756/1769
f 1400/1757/1770 1402/1758/1771 1399/1759/1767
f 1402/1760/1771 1395/1761/1772 1401/1755/1768
f 1403/1762/1773 1397/1751/1764 1402/1760/1771
f 1393/1071/1060 1406/1763/1774 1405/1764/1775
f 1404/1765/1776 1407/1766/1777 1406/1763/1774
f 1405/1764/1775 1403/1767/1778 1400/1757/1770
f 1406/1763/1774 1398/1768/1779 1403/1767/1778
f 1411/1769/1780 1413/1770/1781 1408/1204/1182
f 1412/1771/1782 1414/1772/1783 1411/1769/1780
f 1414/1772/1783 1422/1773/1784 1413/1770/1781
f 1414/1772/1783 1415/1774/1785 1425/1775/1786
f 1416/1776/1787 1418/1777/1788 1409/1778/1061
f 1417/1779/1789 1419/1780/1790 1416/1776/1787
f 1418/1777/1788 1415/1781/1785 1412/1771/1782
f 1419/1780/1790 1420/1782/1791 1415/1781/1785
f 1410/1188/1166 1424/1783/1792 1423/1784/1793
f 1421/1785/1794 1425/1775/1795 1424/1783/1792
f 1423/1784/1793 1420/1782/1796 1417/1779/1797
f 1424/1783/1798 1415/1774/1785 1420/1782/1791
f 1441/1786/1174 1446/1787/1799 1445/1788/1800
f 1444/1789/1801 1447/1790/1802 1446/1787/1799
f 1445/1788/1800 1458/1791/1803 1455/1792/1804
f 1446/1787/1799 1448/1793/1805 1458/1791/1803
f 1442/1794/1806 1452/1795/1807 1451/1796/1808
f 1449/1797/1809 1453/1798/1810 1452/1795/1807
f 1451/1796/1811 1447/1799/1812 1444/1800/1813
f 1452/1795/1807 1448/1801/1814 1447/1799/1812
f 1454/1802/1815 1456/1803/1816 1443/1804/1817
f 1455/1792/1804 1457/1805/1818 1454/1802/1815
f 1457/1805/1818 1450/1806/1819 1456/1803/1816
f 1458/1791/1803 1453/1807/1820 1457/1805/1818
f 1509/1159/1139 1514/1808/1821 1513/1809/1822
f 1512/1810/1823 1515/1811/1824 1514/1808/1821
f 1513/1809/1822 1525/1812/1825 1522/1813/1826
f 1514/1808/1821 1516/1814/1827 1525/1812/1825
f 1510/1128/1114 1519/1815/1828 1512/1816/1829
f 1517/1817/1830 1520/1818/1831 1519/1815/1828
f 1512/1819/1829 1519/1820/1828 1515/1811/1832
f 1519/1815/1828 1516/1821/1833 1515/1822/1834
f 1521/1823/1835 1523/1824/1836 1511/1193/1171
f 1522/1813/1826 1524/1825/1837 1521/1826/1835
f 1524/1827/1837 1518/1828/1838 1523/1824/1836
f 1525/1812/1839 1520/1829/1831 1524/1825/1837
f 1529/1830/1840 1531/1831/1841 1526/1207/1185
f 1530/1832/1842 1532/1833/1843 1529/1830/1840
f 1532/1833/1843 1541/1834/1844 1531/1831/1841
f 1532/1833/1843 1534/1835/1845 1544/1836/1846
f 1535/1837/1847 1537/1838/1848 1527/1194/1172
f 1535/1837/1847 1539/1839/1849 1538/1840/1850
f 1538/1841/1850 1530/1832/1842 1537/1842/1848
f 1538/1841/1850 1534/1835/1845 1533/1843/1851
f 1540/1844/1852 1542/1845/1853 1528/1846/1854
f 1541/1834/1844 1543/1847/1855 1540/1844/1852
f 1543/1848/1855 1536/1849/1856 1542/1850/1853
f 1544/1836/1846 1539/1851/1849 1543/1847/1855
f 1560/1198/1176 1565/1852/1857 1573/1853/1858
f 1563/1854/1859 1566/1855/1860 1565/1852/1857
f 1573/1853/1858 1565/1852/1857 1576/1856/1861
f 1565/1852/1857 1567/1857/1862 1576/1856/1863
f 1568/1858/1864 1570/1859/1865 1561/1860/1866
f 1569/1861/1867 1571/1862/1868 1568/1858/1864
f 1571/1862/1868 1564/1863/1869 1570/1859/1865
f 1572/1864/1870 1566/1855/1871 1571/1862/1868
f 1562/1140/1123 1575/1865/1872 1574/1866/1873
f 1573/1867/1874 1576/1856/1875 1575/1865/1872
f 1574/1866/1873 1572/1864/1870 1569/1861/1867
f 1575/1865/1872 1567/1857/1876 1572/1864/1870
s 3
f 570/514/541 1714/1868/1877 573/1869/1878
f 573/1870/1878 1715/1871/1879 572/1872/1880
f 572/1872/1881 1716/1873/1882 571/1874/1883
f 1716/1873/1882 569/672/689 571/1874/1883
f 1712/513/540 556/1875/1884 1714/1868/1877
f 1714/1876/1877 557/1877/1885 1715/1871/1879
f 1715/1871/1886 558/1878/1887 1716/1873/1882
f 558/1878/1887 1713/631/650 1716/1873/1882
f 1717/550/575 578/1879/1888 575/497/526
f 1719/1880/1889 577/1881/1890 578/1882/1888
f 1720/1883/1891 576/1884/1892 577/1881/1893
f 576/1884/1892 1718/608/628 574/510/537
f 559/682/698 1719/1885/1889 1717/550/575
f 561/1886/1894 1720/1883/1895 1719/1880/1889
f 562/1887/1896 1721/1888/1897 1720/1883/1891
f 1721/1888/1897 560/507/534 1718/608/628
f 1722/620/640 553/1889/1898 550/492/522
f 1724/1890/1899 552/1891/1900 553/1892/1898
f 1725/1893/1901 551/1894/1902 552/1891/1903
f 551/1894/1902 1723/493/523 549/505/532
f 570/514/541 1724/1895/1899 1722/620/640
f 573/1870/1878 1725/1893/1904 1724/1890/1899
f 572/1872/1881 1726/1896/1905 1725/1893/1901
f 1726/1896/1905 569/672/689 1723/493/523
f 565/650/668 1729/1897/1906 568/1898/1907
f 568/1899/1907 1730/1900/1908 567/1901/1909
f 567/1901/1910 1731/1902/1911 566/1903/1912
f 1731/1902/1911 564/499/527 566/1903/1912
f 1727/515/542 578/1879/1888 1729/1897/1906
f 1729/1904/1906 577/1881/1890 1730/1900/1908
f 1730/1900/1913 576/1884/1892 1731/1902/1911
f 576/1884/1892 1728/512/539 1731/1902/1911
f 580/1905/669 1734/1906/1914 583/1907/1915
f 583/1907/1915 1735/1908/1916 582/1909/1917
f 582/1909/1918 1736/1910/1919 581/1911/1920
f 1736/1910/1919 579/518/544 581/1911/1920
f 1732/645/663 568/1898/1907 1734/1912/1914
f 1734/1906/1914 567/1901/1909 1735/1908/1916
f 1735/1908/1921 566/1903/1912 1736/1910/1919
f 566/1903/1912 1733/501/529 1736/1910/1919
f 554/504/531 1739/1913/1922 556/1875/1884
f 556/1914/1884 1740/1915/1923 557/1877/1885
f 557/1877/1924 1741/1916/1925 558/1878/1887
f 1741/1916/1925 555/524/550 558/1878/1887
f 1737/503/530 586/1917/1926 1739/1913/1922
f 1739/1918/1922 587/1919/1927 1740/1915/1923
f 1740/1915/1928 588/1920/1929 1741/1916/1925
f 588/1920/1929 1738/522/548 1741/1916/1925
f 584/533/558 1744/1921/1930 586/1917/1926
f 586/1922/1926 1745/1923/1931 587/1919/1927
f 587/1919/1932 1746/1924/1933 588/1920/1929
f 1746/1924/1933 585/521/547 588/1920/1929
f 1742/542/567 596/1925/1934 1744/1921/1930
f 1744/1926/1930 597/1927/1935 1745/1923/1931
f 1745/1923/1936 598/1928/1937 1746/1924/1933
f 598/1928/1937 1743/519/545 1746/1924/1933
f 590/1929/699 1749/1930/1938 593/1931/1939
f 593/1931/1939 1750/1932/1940 592/1933/1941
f 592/1933/1942 1751/1934/1943 591/1935/1944
f 1751/1934/1943 589/528/554 591/1935/1944
f 1747/1936/692 583/1907/1915 1749/1930/1938
f 1749/1930/1938 582/1909/1917 1750/1932/1940
f 1750/1932/1945 581/1911/1920 1751/1934/1943
f 581/1911/1920 1748/526/552 1751/1934/1943
f 1752/662/679 620/1937/1946 617/660/677
f 1754/1938/1947 619/1939/1948 620/1937/1946
f 1755/1940/1949 618/1941/1950 619/1939/1948
f 1756/1942/1951 616/538/563 618/1943/1950
f 600/1222/1200 1754/1938/1947 1752/662/679
f 610/1221/1199 1755/1940/1949 1754/1938/1947
f 603/1227/1203 1756/1944/1951 1755/1940/1949
f 602/1216/1194 1753/624/644 1756/1944/1951
f 594/541/566 1759/1945/1952 596/1925/1934
f 596/1946/1934 1760/1947/1953 597/1927/1935
f 597/1927/1954 1761/1948/1955 598/1928/1937
f 598/1928/1937 1758/529/555 595/531/557
f 1757/644/662 620/1937/1946 1759/1945/1952
f 1759/1945/1956 619/1939/1948 1760/1949/1953
f 1760/1947/1957 618/1943/1950 1761/1948/1955
f 618/1943/1950 1758/529/555 1761/1948/1955
f 600/1950/1200 1764/1951/1958 608/1225/1198
f 608/1225/1198 1765/1952/1959 609/1223/1201
f 609/1223/1210 1766/1953/1960 613/1230/1207
f 613/1230/1207 1763/535/560 601/537/562
f 1762/1954/678 593/1931/1939 1764/1951/1958
f 1764/1951/1958 592/1933/1941 1765/1952/1959
f 1765/1952/1961 591/1935/1944 1766/1953/1960
f 1766/1953/1960 589/528/554 1763/535/560
f 1767/558/583 561/1955/1894 559/682/698
f 1769/1956/1962 562/1887/1963 561/1886/1894
f 1770/1957/1964 563/1958/1965 562/1887/1896
f 563/1958/1965 1768/654/671 560/507/534
f 626/619/639 1769/1959/1962 1767/558/583
f 628/1960/1966 1770/1957/1967 1769/1956/1962
f 629/1961/1968 1771/1962/1969 1770/1957/1964
f 1771/1962/1969 627/547/572 1768/654/671
f 1772/490/520 625/1963/1970 622/669/686
f 1774/1964/1971 624/1965/1972 625/1966/1970
f 1775/1967/1973 623/1968/1974 624/1965/1975
f 623/1968/1974 1773/543/568 621/545/570
f 550/492/522 1774/1969/1971 1772/490/520
f 553/1892/1898 1775/1967/1976 1774/1964/1971
f 552/1891/1903 1776/1970/1977 1775/1967/1973
f 1776/1970/1977 549/505/532 1773/543/568
f 651/1267/1247 1779/1971/1978 662/1265/1245
f 662/1269/1245 1780/1972/1979 663/1258/1234
f 663/1258/1234 1781/1973/1980 653/1254/1230
f 653/1254/1230 1778/609/629 649/668/685
f 1777/635/653 642/1974/1221 1779/1971/1978
f 1779/1975/1978 635/1238/1215 1780/1972/1979
f 1780/1972/1979 634/1235/1212 1781/1973/1980
f 1781/1973/1980 631/1237/1214 1778/609/629
f 1782/636/654 628/1976/1966 626/619/639
f 1784/1977/1981 629/1961/1982 628/1960/1966
f 1785/1978/1983 630/1979/1984 629/1961/1968
f 1786/1980/1985 627/547/572 630/1979/1984
f 651/1267/1247 1784/1981/1981 1782/636/654
f 664/1271/1246 1785/1978/1986 1784/1977/1981
f 658/1270/1987 1786/1980/1985 1785/1978/1983
f 657/1263/1239 1783/555/580 1786/1980/1985
f 1787/638/656 640/1982/1222 632/637/655
f 1789/1983/1988 641/1252/1989 640/1246/1222
f 1790/1984/1990 647/1250/1225 641/1252/1227
f 1791/1985/1991 633/553/578 647/1250/1225
f 622/669/686 1789/1986/1988 1787/638/656
f 625/1966/1970 1790/1984/1992 1789/1983/1988
f 624/1965/1975 1791/1985/1991 1790/1984/1990
f 623/1968/1974 1788/551/576 1791/1985/1991
f 1792/634/652 691/1987/1993 688/560/584
f 1794/1988/1994 690/1989/1995 691/1987/1993
f 1795/1990/1996 689/1991/1997 690/1989/1995
f 1796/1992/1998 687/681/697 689/1991/1997
f 672/580/603 1794/1988/1994 1792/634/652
f 674/1993/1999 1795/1990/1996 1794/1988/1994
f 675/1994/2000 1796/1992/1998 1795/1990/1996
f 676/1995/2001 1793/680/696 1796/1992/1998
f 693/574/597 1799/1996/2002 696/1997/2003
f 696/1997/2003 1800/1998/2004 695/1999/2005
f 695/1999/2005 1801/2000/2006 694/2001/2007
f 694/2001/2007 1798/614/634 692/617/637
f 1797/573/596 679/2002/2008 1799/1996/2002
f 1799/1996/2002 680/2003/2009 1800/1998/2004
f 1800/1998/2004 681/2004/2010 1801/2000/2006
f 1801/2000/2006 678/615/635 1798/614/634
f 668/570/593 1804/2005/2011 671/2006/2012
f 671/2006/2012 1805/2007/2013 670/2008/2014
f 670/2008/2014 1806/2009/2015 669/2010/2016
f 669/2010/2016 1803/632/651 667/595/618
f 1802/561/585 691/1987/1993 1804/2005/2011
f 1804/2005/2011 690/1989/1995 1805/2007/2013
f 1805/2007/2013 689/1991/1997 1806/2009/2015
f 1806/2009/2015 687/681/697 1803/632/651
f 1807/575/598 686/2011/2017 683/616/636
f 1809/2012/2018 685/2013/2019 686/2011/2017
f 1810/2014/2020 684/2015/2021 685/2013/2019
f 1811/2016/2022 682/673/690 684/2015/2021
f 693/574/597 1809/2012/2018 1807/575/598
f 696/1997/2003 1810/2014/2020 1809/2012/2018
f 695/1999/2005 1811/2016/2022 1810/2014/2020
f 694/2001/2007 1808/653/670 1811/2016/2022
f 1812/566/589 701/2017/2023 698/647/665
f 1814/2018/2024 700/2019/2025 701/2017/2023
f 1815/2020/2026 699/2021/2027 700/2019/2025
f 1816/2022/2028 697/567/590 699/2021/2027
f 683/616/636 1814/2018/2024 1812/566/589
f 686/2011/2017 1815/2020/2026 1814/2018/2024
f 685/2013/2019 1816/2022/2028 1815/2020/2026
f 684/2015/2021 1813/583/606 1816/2022/2028
f 1817/581/604 674/1993/1999 672/580/603
f 1819/2023/2029 675/1994/2000 674/1993/1999
f 1820/2024/2030 676/1995/2001 675/1994/2000
f 1821/2025/2031 673/679/695 676/1995/2001
f 702/586/609 1819/2023/2029 1817/581/604
f 704/2026/2032 1820/2024/2030 1819/2023/2029
f 705/2027/2033 1821/2025/2031 1820/2024/2030
f 706/2028/2034 1818/563/587 1821/2025/2031
f 1822/587/610 704/2026/2032 702/586/609
f 1824/2029/2035 705/2027/2033 704/2026/2032
f 1825/2030/2036 706/2028/2034 705/2027/2033
f 1826/2031/2037 703/630/649 706/2028/2034
f 712/591/614 1824/2029/2035 1822/587/610
f 714/2032/2038 1825/2030/2036 1824/2029/2035
f 715/2033/2039 1826/2031/2037 1825/2030/2036
f 716/2034/2040 1823/674/691 1826/2031/2037
f 1827/582/605 711/2035/2041 708/677/693
f 1829/2036/2042 710/2037/2043 711/2035/2041
f 1830/2038/2044 709/2039/2045 710/2037/2043
f 1831/2040/2046 707/590/613 709/2039/2045
f 698/647/665 1829/2036/2042 1827/582/605
f 701/2017/2023 1830/2038/2044 1829/2036/2042
f 700/2019/2025 1831/2040/2046 1830/2038/2044
f 699/2021/2027 1828/569/592 1831/2040/2046
f 735/678/694 1834/2041/2047 738/2042/2048
f 738/2042/2048 1835/2043/2049 737/2044/2050
f 737/2044/2050 1836/2045/2051 736/2046/2052
f 736/2046/2052 1833/664/681 734/666/683
f 1832/629/648 721/1273/1252 1834/2041/2047
f 1834/2041/2047 730/1277/1256 1835/2043/2049
f 1835/2043/2049 729/1283/1264 1836/2045/2051
f 1836/2045/2051 719/665/682 1833/664/681
f 1837/593/616 714/2032/2038 712/591/614
f 1839/2047/2053 715/2033/2039 714/2032/2038
f 1840/2048/2054 716/2034/2040 715/2033/2039
f 1841/2049/2055 713/671/688 716/2034/2040
f 735/678/694 1839/2047/2053 1837/593/616
f 738/2042/2048 1840/2048/2054 1839/2047/2053
f 737/2044/2050 1841/2049/2055 1840/2048/2054
f 736/2046/2052 1838/648/666 1841/2049/2055
f 1842/588/611 725/1281/1260 718/594/617
f 1844/2050/2056 726/1286/1267 725/1281/1260
f 1845/2051/2057 731/1284/1265 726/1286/1267
f 1846/2052/2058 719/665/682 731/1284/1265
f 708/677/693 1844/2050/2056 1842/588/611
f 711/2035/2041 1845/2051/2057 1844/2050/2056
f 710/2037/2043 1846/2052/2058 1845/2051/2057
f 709/2039/2045 1843/663/680 1846/2052/2058
f 677/577/600 1849/2053/2059 679/2002/2008
f 679/2002/2008 1850/2054/2060 680/2003/2009
f 680/2003/2009 1851/2055/2061 681/2004/2010
f 681/2004/2010 1848/658/675 678/615/635
f 1847/598/619 746/2056/2062 1849/2053/2059
f 1849/2053/2059 747/2057/2063 1850/2054/2060
f 1850/2054/2060 748/2058/2064 1851/2055/2061
f 1851/2055/2061 745/621/641 1848/658/675
f 740/600/621 1854/2059/2065 743/2060/2066
f 743/2060/2066 1855/2061/2067 742/2062/2068
f 742/2062/2068 1856/2063/2069 741/2064/2070
f 741/2064/2070 1853/604/624 739/603/623
f 1852/571/594 671/2006/2012 1854/2059/2065
f 1854/2059/2065 670/2008/2014 1855/2061/2067
f 1855/2061/2067 669/2010/2016 1856/2063/2069
f 1856/2063/2069 667/595/618 1853/604/624
f 1857/613/633 771/1305/1287 768/670/687
f 1859/2065/2071 772/1314/1297 771/1305/1287
f 1860/2066/2072 778/1310/1293 772/1314/1297
f 1861/2067/2073 769/1311/1294 778/1310/1293
f 749/612/632 1859/2065/2071 1857/613/633
f 754/1288/1270 1860/2066/2072 1859/2065/2071
f 764/1291/1273 1861/2067/2073 1860/2066/2072
f 763/1300/1282 1858/642/660 1861/2067/2073
f 744/599/620 1864/2068/2074 746/2056/2062
f 746/2056/2062 1865/2069/2075 747/2057/2063
f 747/2057/2063 1866/2070/2076 748/2058/2064
f 748/2058/2064 1863/641/659 745/621/641
f 1862/605/625 782/1317/1301 1864/2068/2074
f 1864/2068/2074 777/1312/1295 1865/2069/2075
f 1865/2069/2075 776/1309/1292 1866/2070/2076
f 1866/2070/2076 769/1311/1294 1863/641/659
f 750/607/627 1869/2071/2077 758/1294/1276
f 758/1294/1276 1870/2072/2078 759/1296/1278
f 759/1296/1278 1871/2073/2079 765/1301/1283
f 765/1301/1283 1868/640/658 751/639/657
f 1867/601/622 743/2060/2066 1869/2071/2077
f 1869/2071/2077 742/2062/2068 1870/2072/2078
f 1870/2072/2078 741/2064/2070 1871/2073/2079
f 1871/2073/2079 739/603/623 1868/640/658
f 1872/554/579 645/1249/1224 633/553/578
f 1874/2074/2080 646/1240/1217 645/1249/1224
f 1875/2075/2081 636/1236/1213 646/1240/1217
f 1876/2076/2082 631/1237/1214 636/1236/1213
f 750/607/627 1874/2074/2080 1872/554/579
f 760/1295/1277 1875/2075/2081 1874/2074/2080
f 753/1289/1271 1876/2076/2082 1875/2075/2081
f 752/1287/1269 1873/610/630 1876/2076/2082
f 770/606/626 1879/2077/2083 781/2078/1302
s 32
f 781/2078/2084 1879/2077/2085 1880/2079/2086
s 3
f 781/1304/1286 1878/667/684 768/670/687
f 1877/556/581 659/1262/2087 1879/2077/2083
s 32
f 1879/2077/2085 652/1255/2088 1880/2079/2086
s 3
f 1880/2080/2089 649/668/685 1878/667/684
f 1881/536/561 604/2081/2090 601/537/562
f 1883/2082/2091 599/1213/1191 604/1215/1193
f 718/594/617 1883/2083/2092 1881/536/561
f 720/2084/1253 1882/625/645 1883/2082/2091
s 4
f 919/749/765 1886/2085/2093 930/1483/1477
f 930/1483/1477 1887/2086/2094 931/1473/1465
f 1887/2086/2094 922/1470/1462 931/1473/1465
f 1888/2087/2095 917/732/748 922/1470/1462
f 1884/748/764 940/1489/1484 1886/2085/2093
f 1886/2085/2093 950/1492/1487 1887/2086/2094
f 950/1492/1487 1888/2087/2095 1887/2086/2094
f 949/1500/1495 1885/750/766 1888/2087/2095
f 1889/742/758 944/1495/1490 936/743/759
f 1891/2088/2096 945/1497/1492 944/1495/1490
f 945/1497/1492 1893/2089/2097 951/1501/1496
f 951/1501/1496 1890/729/745 937/791/807
f 954/720/736 1891/2088/2096 1889/742/758
f 959/1505/1500 1892/2090/2098 1891/2088/2096
f 1892/2090/2098 967/1521/1517 1893/2089/2097
f 1893/2089/2097 956/757/773 1890/729/745
s 5
f 1894/777/793 962/2091/1508 955/789/805
f 1896/2092/2099 963/1522/2100 962/1513/1508
f 963/1522/2100 1897/2093/2101 969/1520/2102
s 4
f 1897/2093/2103 956/757/773 969/1520/1516
s 5
f 1894/777/793 927/1477/1469 1896/2094/2104
f 1896/2092/2099 921/1471/1473 1897/2095/2101
f 1897/2095/2101 921/1471/1473 920/1469/2105
s 4
f 1897/2093/2103 917/732/748 1895/731/747
f 901/788/804 1900/2096/2106 912/1463/1455
f 912/1463/1455 1901/2097/2107 913/1453/1443
f 1901/2097/2107 904/1450/1440 913/1453/1443
f 1902/2098/2108 899/769/785 904/1450/1440
f 1898/784/800 946/1496/1491 1900/2096/2106
f 1900/2096/2106 939/1490/1485 1901/2097/2107
f 939/1490/1485 1902/2098/2108 1901/2097/2107
f 938/1488/1483 1899/763/779 1902/2098/2108
s 5
f 1903/738/754 925/1478/1470 918/778/794
f 1905/2099/2109 926/2100/2110 925/1478/1470
f 926/1486/2110 1906/2101/2111 932/1484/2112
s 4
f 1906/2101/2113 919/749/765 932/1484/1478
s 5
f 1903/738/754 909/1457/1447 1905/2099/2114
f 1905/2099/2109 903/1461/1451 1906/2102/2111
s 4
f 1906/2103/2115 903/1451/1441 902/1452/1442
f 1906/2101/2113 899/769/785 1904/717/733
s 5
f 1907/739/755 907/1458/1448 900/740/756
f 1909/2104/2116 908/2105/2117 907/1458/1448
s 4
f 1910/2106/2118 914/2107/1456 908/2105/1458
f 1911/2108/2119 901/788/804 914/1464/1456
s 5
f 1907/739/755 964/1512/1507 1909/2104/2116
f 1909/2104/2116 958/1517/1511 1910/2106/2120
s 4
f 1910/2106/2118 957/2109/1499 1911/2110/2121
f 1911/2108/2119 954/720/736 1908/719/735
f 810/1348/1333 1914/2111/2122 813/2112/1334
f 813/2112/1334 1915/2113/2123 814/1357/1344
f 814/1357/1344 1916/2114/2124 819/1355/1342
f 819/1355/1342 1913/735/751 811/805/821
f 785/655/672 1914/2111/2122 1912/698/714
f 790/1320/1306 1915/2113/2123 1914/2111/2122
f 796/1323/1309 1916/2114/2124 1915/2113/2123
f 797/1332/2125 1913/735/751 1916/2114/2124
f 1917/747/763 833/2115/2126 826/705/721
f 1919/2116/2127 834/488/2128 833/2115/2126
f 1920/2117/2129 829/1364/1354 834/488/2128
f 1921/2118/2130 824/807/823 829/1364/1354
f 1917/747/763 797/1334/2125 1919/2116/2127
f 1919/2116/2127 794/1335/1316 1920/2117/2129
f 1920/2117/2129 793/1327/1313 1921/2118/2130
f 1921/2118/2130 786/1329/1315 1918/725/741
f 1922/806/822 817/1354/2131 811/805/821
f 1924/2119/2132 818/1362/2133 817/1354/2131
f 1925/2120/2134 822/1359/1346 818/1362/2133
f 1926/2121/2135 812/724/740 822/1359/1346
f 1922/806/822 833/2122/2126 1924/2119/2132
f 1924/2119/2132 835/1374/2136 1925/2120/2134
f 1925/2120/2134 832/1373/1360 1926/2121/2135
f 1926/2121/2135 825/1370/1359 1923/722/738
f 848/1391/1385 1929/2123/2137 851/1389/1383
f 851/1389/1383 1930/2124/2138 852/1401/1386
f 852/1401/1386 1931/2125/2139 856/1400/1392
f 856/1400/1392 1928/767/783 849/811/827
f 799/708/724 1929/2123/2137 1927/786/802
f 804/1337/2140 1930/2124/2138 1929/2123/2137
f 807/1341/2141 1931/2125/2139 1930/2124/2138
f 808/2126/2142 1928/767/783 1931/2125/2139
f 863/1406/1396 1934/2127/2143 866/1409/1397
f 866/1409/1397 1935/2128/2144 867/1410/2145
f 867/1410/2146 1936/2129/2147 869/2130/2148
f 869/2130/2148 1933/827/843 864/695/711
f 850/751/767 1934/2127/2143 1932/760/776
f 861/1403/1394 1935/2128/2144 1934/2127/2143
f 857/1397/1390 1936/2129/2147 1935/2128/2144
f 856/1399/1392 1933/827/843 1936/2129/2147
f 1937/697/713 869/1414/2148 864/695/711
f 1939/2131/2149 867/1412/2150 869/1414/2148
f 1940/2132/2151 873/1416/1404 867/1412/2150
f 1941/2133/2152 865/759/775 873/1416/1404
f 1937/697/713 808/1345/2142 1939/2131/2149
f 1939/2131/2149 807/1347/2153 1940/2132/2151
f 1940/2132/2151 804/2134/2154 1941/2133/2152
f 1941/2133/2152 800/753/769 1938/755/771
f 1942/745/761 845/1387/2155 838/684/700
f 1944/2135/2156 1945/2136/2157 846/2137/2158
f 1945/2136/2157 840/1376/1368 846/2137/2158
f 1946/2138/2159 836/833/849 840/1376/1368
f 1942/745/761 883/1430/2160 1944/2135/2156
f 1944/2135/2156 878/1431/1414 1945/2136/2157
f 1945/2136/2157 877/1420/1412 1946/2138/2159
f 1946/2138/2159 874/781/797 1943/783/799
f 1947/817/833 883/1427/2160 875/768/784
f 1949/2139/2161 882/1435/1419 883/1427/2160
f 1950/2140/2162 887/1433/1422 882/1435/1419
f 1951/2141/2163 876/772/788 887/1433/1422
f 1947/817/833 895/2142/2164 1949/2139/2161
f 1949/2139/2161 896/1439/2165 1950/2140/2162
f 1950/2140/2162 892/1441/1425 1951/2141/2163
f 1951/2141/2163 889/1436/1424 1948/687/703
f 1952/831/847 895/2143/2164 890/818/834
f 1954/2144/2166 896/1447/2167 895/2143/2164
f 1955/2145/2168 898/1443/1431 896/1447/2167
f 1956/2146/2169 891/779/795 898/1443/1431
f 1952/831/847 847/1388/2170 1954/2144/2166
f 1954/2144/2166 842/1384/2171 1955/2145/2168
f 1955/2145/2168 844/1383/1372 1956/2146/2169
f 1956/2146/2169 837/1380/1371 1953/774/790
f 974/1537/840 1959/2147/2172 984/1535/1533
f 984/1535/1533 1960/2148/2173 985/1528/1526
f 985/1528/1526 1961/2149/2174 977/1524/1522
f 977/1524/1522 1958/771/787 972/770/786
f 1957/2150/839 999/1548/1545 1959/2147/2172
f 1959/2147/2172 993/1542/1539 1960/2148/2173
f 1960/2148/2173 992/1540/1537 1961/2149/2174
f 1961/2149/2174 989/810/826 1958/771/787
f 1962/797/813 1010/1559/1554 1007/809/825
f 1964/2151/2175 1011/1568/1562 1010/1559/1554
f 1965/2152/2176 1017/1564/1558 1011/1568/1562
f 1966/2153/2177 1008/1565/729 1017/1564/1558
f 991/796/812 1964/2151/2175 1962/797/813
f 1004/1554/1550 1965/2152/2176 1964/2151/2175
f 998/1550/1546 1966/2153/2177 1965/2152/2176
f 997/1547/1544 1963/2154/727 1966/2153/2177
f 1967/800/816 980/1533/1530 973/798/814
f 1969/2155/2178 981/1539/1536 980/1533/1530
f 1970/2156/2179 986/1536/1534 981/1539/1536
f 1971/2157/2180 974/1537/840 986/1536/1534
f 1967/800/816 1021/1570/1564 1969/2155/2178
f 1969/2155/2178 1016/1566/1559 1970/2156/2179
f 1970/2156/2179 1015/1563/1557 1971/2157/2180
f 1971/2157/2180 1008/1565/729 1968/2158/728
f 1972/2159/830 1036/1586/1582 1025/1588/828
f 1974/2160/2181 1037/1577/1574 1036/1586/1582
f 1975/2161/2182 1028/1574/1571 1037/1577/1574
f 1028/1574/1571 1973/715/731 1023/714/730
f 1042/1599/832 1974/2160/2181 1972/2159/830
f 1052/1598/1593 1975/2161/2182 1974/2160/2181
f 1045/1602/1596 1976/2162/2183 1975/2161/2182
f 1044/1592/1587 1973/715/731 1976/2162/2183
f 1062/1621/845 1979/2163/2184 1073/1619/1621
f 1073/1619/1621 1980/2164/2185 1074/1613/1611
f 1074/1613/1611 1981/2165/2186 1064/1609/1607
f 1064/1609/1607 1978/702/718 1060/701/717
f 1977/2166/844 1038/1587/1583 1979/2163/2184
f 1979/2163/2184 1032/1582/1579 1980/2164/2185
f 1980/2164/2185 1031/1580/1577 1981/2165/2186
f 1981/2165/2186 1024/803/819 1978/702/718
f 1982/802/818 1068/1617/1615 1061/804/820
f 1984/2167/2187 1069/1623/1624 1068/1617/1615
f 1985/2168/2188 1075/1620/1622 1069/1623/1624
f 1986/2169/2189 1062/1621/845 1075/1620/1622
f 1982/802/818 1057/1606/1601 1984/2167/2187
f 1984/2167/2187 1051/1600/1594 1985/2168/2188
f 1985/2168/2188 1050/1597/1592 1986/2169/2189
f 1986/2170/2189 1042/816/832 1983/815/831
f 1987/822/838 1081/1626/1628 1078/834/850
f 1989/2171/2190 1082/1635/1636 1081/1626/1628
f 1990/2172/2191 1089/1631/1633 1082/1635/1636
f 1991/2173/2192 1079/1632/720 1089/1631/1633
f 1096/1642/1644 1989/2171/2190 1987/822/838
f 1101/1641/1643 1990/2172/2191 1989/2171/2190
f 1110/1645/1647 1991/2173/2192 1990/2172/2191
f 1109/1654/1655 1988/2174/710 1991/2173/2192
f 1097/792/808 1994/2175/2193 1104/1648/1650
f 1104/1648/1650 1995/2176/2194 1105/1650/1652
f 1105/1650/1652 1996/2177/2195 1111/1655/1656
f 1111/1655/1656 1993/2178/835 1098/1656/708
f 1992/691/707 1119/1659/1659 1994/2175/2193
f 1994/2175/2193 1127/1663/1664 1995/2176/2194
f 1995/2176/2194 1126/1670/1675 1996/2177/2195
f 1996/2177/2195 1116/1672/836 1993/2178/835
f 1997/793/809 1122/1668/1668 1115/794/810
f 1999/2179/2196 1123/1674/1679 1122/1668/1668
f 2000/2180/2197 1128/1671/1676 1123/1674/1679
f 2001/2181/2198 1116/1672/836 1128/1671/1676
f 1997/793/809 1093/1638/1639 1999/2179/2196
f 1999/2179/2196 1088/1633/1634 2000/2180/2197
f 2000/2180/2197 1087/1630/1632 2001/2181/2198
f 2001/2181/2198 1079/1632/720 1998/2182/719
f 2002/657/674 788/1319/1305 785/655/672
f 2004/2183/2199 789/1321/2200 788/1319/1305
f 2005/2184/2201 795/1328/1314 789/1321/2200
f 2006/2185/2202 786/1329/1315 795/1328/1314
f 989/810/826 2004/2183/2199 2002/657/674
f 994/1541/1538 2005/2184/2201 2004/2183/2199
f 1003/1544/1541 2006/2185/2202 2005/2184/2201
f 1002/1553/1549 2003/726/742 2006/2185/2202
f 2007/736/752 1019/1571/2203 1009/799/815
s 33
f 2009/2186/2204 1020/1562/2205 1019/1571/2206
s 4
f 1020/1562/1556 2010/2187/2207 1012/1558/1553
f 2010/2187/2207 1007/809/825 1012/1558/1553
f 825/1370/1359 2009/2186/2208 2007/736/752
s 33
f 831/1372/2209 2010/2188/2210 2009/2186/2204
s 34
f 2010/2188/2211 828/1365/2211 827/1363/2211
s 4
f 827/1363/1353 2008/808/824 2010/2187/2207
f 2011/710/726 802/1336/1321 799/708/724
f 2013/2189/2212 803/1338/2213 802/1336/2214
f 2014/2190/2215 806/1343/2216 803/1338/2216
f 806/1343/1328 2012/801/817 800/753/769
f 1041/830/846 2013/2189/2217 2011/710/726
f 1046/1591/1586 2014/2190/2218 2013/2189/2212
f 1056/1595/2219 2015/2191/2220 2014/2190/2215
f 2015/2191/2221 1043/1604/1599 2012/801/817
f 1060/701/717 2018/2192/2222 1063/2193/1608
f 1063/1610/1619 2019/2194/2223 1070/1616/1617
f 1070/1616/1614 2017/758/774 1061/804/820
f 2016/761/777 868/1408/1398 2018/2192/2222
f 2018/2195/2223 872/1415/2224 2019/2194/2223
f 2019/2194/2225 865/759/775 2017/758/774
f 876/772/788 2022/2196/2226 885/1432/1421
f 885/1432/1421 2023/2197/2227 886/1425/2228
f 2023/2197/2227 879/1421/1413 886/1425/2228
f 879/1421/1413 2021/821/837 874/781/797
f 1097/792/808 2022/2196/2226 2020/773/789
f 1106/1649/1651 2023/2197/2227 2022/2196/2226
f 1100/1643/1645 2024/2198/2229 2023/2197/2227
f 2024/2198/2229 1096/1642/1644 2021/821/837
f 2025/775/791 1092/1639/2230 1080/795/811
f 1092/1639/1640 2028/2199/2231 1083/2200/2232
f 1083/1625/1627 2026/832/848 1078/834/850
f 2025/775/791 843/1382/1373 2027/2201/2233
f 2027/2201/2234 839/1386/2235 2028/2199/2231
f 2028/2202/2236 836/833/849 2026/832/848
f 2029/699/715 975/1525/1523 972/770/786
f 2031/2203/2237 976/1526/1524 975/1525/1523
f 976/1526/1532 2033/2204/2238 982/1532/1529
f 982/1532/1529 2030/723/739 973/798/814
f 810/1348/1333 2031/2203/2239 2029/699/715
f 815/1350/1335 2032/2205/2240 2031/2203/2237
f 821/1351/2241 2033/2204/2238 2032/2205/2242
f 2033/2204/2243 812/724/740 2030/723/739
f 2034/752/768 859/1402/1393 850/751/767
f 2036/2206/2244 860/1395/2245 859/1402/1393
f 2037/2207/2246 853/1390/1384 860/1395/2245
f 2038/2208/2247 848/1391/1385 853/1390/1384
f 1024/803/819 2036/2206/2244 2034/752/768
f 1033/1581/1578 2037/2207/2246 2036/2206/2244
f 1027/1575/1572 2038/2208/2247 2037/2207/2246
f 2038/2208/2247 1023/714/730 2035/787/803
f 2039/780/796 897/1442/1430 891/779/795
s 35
f 2041/2209/2248 893/2210/2249 897/1442/2249
s 4
f 2042/2211/2250 889/1436/1424 893/1438/1426
f 1115/794/810 2041/2209/2251 2039/780/796
s 35
f 2041/2209/2248 1118/1661/2252 2042/2212/2253
s 4
f 2042/2212/2250 1118/1661/2254 1117/1660/2255
f 2042/2211/2250 1114/690/706 2040/688/704
s 6
f 1152/859/872 2045/2213/2256 1155/2214/2257
f 1155/2214/2257 2046/2215/2258 1154/2216/2259
f 1154/2216/2260 2047/2217/2261 1153/2218/2262
f 2047/2219/2261 1151/1016/1010 1153/2220/2262
f 2043/858/871 1138/2221/2263 2045/2213/2256
f 2045/2213/2256 1139/2222/2264 2046/2215/2258
f 2046/2215/2265 1140/2223/2266 2047/2217/2261
f 1140/2224/2266 2044/975/972 2047/2219/2261
f 2048/895/905 1160/2225/2267 1157/842/857
f 2050/2226/2268 1159/2227/2269 1160/2225/2267
f 2051/2228/2270 1158/2229/2271 1159/2227/2272
f 1158/2230/2271 2049/953/955 1156/855/868
f 1141/1025/1019 2050/2226/2268 2048/895/905
f 1143/2231/2273 2051/2228/2274 2050/2226/2268
f 1144/2232/2275 2052/2233/2276 2051/2228/2270
f 2052/2234/2276 1142/852/865 2049/953/955
f 2053/965/964 1135/2235/2277 1132/837/853
f 2055/2236/2278 1134/2237/2279 1135/2235/2277
f 2056/2238/2280 1133/2239/2281 1134/2237/2282
f 1133/2239/2281 2054/2240/854 1131/2241/863
f 1152/859/872 2055/2236/2278 2053/965/964
f 1155/2214/2257 2056/2238/2283 2055/2236/2278
f 1154/2216/2260 2057/2242/2284 2056/2238/2280
f 2057/2242/2284 1151/2243/1010 2054/2240/854
f 1147/994/989 2060/2244/2285 1150/2245/2286
f 1150/2245/2286 2061/2246/2287 1149/2247/2288
f 1149/2247/2289 2062/2248/2290 1148/2249/2291
f 2062/2250/2290 1146/844/858 1148/2251/2291
f 2058/860/873 1160/2225/2267 2060/2244/2285
f 2060/2244/2285 1159/2227/2269 2061/2246/2287
f 2061/2246/2292 1158/2229/2271 2062/2248/2290
f 1158/2230/2271 2059/857/870 2062/2250/2290
f 1162/995/990 2065/2252/2293 1165/2253/2294
f 1165/2253/2294 2066/2254/2295 1164/2255/2296
f 1164/2255/2297 2067/2256/2298 1163/2257/2299
f 2067/2258/2298 1161/863/875 1163/2259/2299
f 2063/989/985 1150/2245/2286 2065/2252/2293
f 2065/2252/2293 1149/2247/2288 2066/2254/2295
f 2066/2254/2300 1148/2249/2291 2067/2256/2298
f 1148/2251/2291 2064/846/860 2067/2258/2298
f 1136/849/862 2070/2260/2301 1138/2221/2263
f 1138/2221/2263 2071/2261/2302 1139/2222/2264
f 1139/2222/2303 2072/2262/2304 1140/2223/2266
f 2072/2263/2304 1137/869/881 1140/2224/2266
f 2068/848/861 1168/2264/2305 2070/2260/2301
f 2070/2260/2301 1169/2265/2306 2071/2261/2302
f 2071/2261/2307 1170/2266/2308 2072/2262/2304
f 1170/2267/2308 2069/867/879 2072/2263/2304
f 1166/878/889 2075/2268/2309 1168/2264/2305
f 1168/2264/2305 2076/2269/2310 1169/2265/2306
f 1169/2265/2311 2077/2270/2312 1170/2266/2308
f 2077/2271/2312 1167/866/878 1170/2267/2308
f 2073/887/897 1178/2272/2313 2075/2268/2309
f 2075/2268/2309 1179/2273/2314 2076/2269/2310
f 2076/2269/2315 1180/2274/2316 2077/2270/2312
f 1180/2275/2316 2074/864/876 2077/2271/2312
f 1172/1026/1020 2080/2276/2317 1175/2277/2318
f 1175/2277/2318 2081/2278/2319 1174/2279/2320
f 1174/2279/2321 2082/2280/2322 1173/2281/2323
f 2082/2282/2322 1171/873/885 1173/2283/2323
f 2078/1019/1013 1165/2253/2294 2080/2276/2317
f 2080/2276/2317 1164/2255/2296 2081/2278/2319
f 2081/2278/2324 1163/2257/2299 2082/2280/2322
f 1163/2259/2299 2079/871/883 2082/2282/2322
f 2083/1006/1000 1203/2284/2325 1200/1004/998
f 2085/2285/2326 1202/2286/2327 1203/2284/2325
f 2086/2287/2328 1201/2288/2329 1202/2286/2327
f 2087/2289/2330 1199/883/894 1201/2290/2329
f 1182/1684/1689 2085/2285/2326 2083/1006/1000
f 1192/1683/1688 2086/2287/2328 2085/2285/2326
f 1185/1687/1692 2087/2291/2330 2086/2287/2328
f 1184/1678/1683 2084/2292/966 2087/2291/2330
f 1176/886/896 2090/2293/2331 1178/2272/2313
f 1178/2272/2313 2091/2294/2332 1179/2273/2314
f 1179/2273/2333 2092/2295/2334 1180/2274/2316
f 1180/2275/2316 2089/874/886 1177/876/888
f 2088/988/984 1203/2284/2325 2090/2293/2331
f 2090/2293/2335 1202/2286/2327 2091/2294/2332
f 2091/2294/2336 1201/2288/2329 2092/2295/2334
f 1201/2290/2329 2089/874/886 2092/2296/2334
f 1182/1684/1689 2095/2297/2337 1190/1682/1687
f 1190/1682/1687 2096/2298/2338 1191/1685/1690
f 1191/1685/1699 2097/2299/2339 1196/1693/1695
f 1196/1690/1695 2094/880/891 1183/882/893
f 2093/1005/999 1175/2277/2318 2095/2297/2337
f 2095/2297/2337 1174/2279/2320 2096/2298/2338
f 2096/2298/2340 1173/2281/2323 2097/2299/2339
f 2097/2300/2339 1171/873/885 2094/880/891
f 2098/903/912 1143/2231/2273 1141/1025/1019
f 2100/2301/2341 1144/2232/2342 1143/2231/2273
f 2101/2302/2343 1145/2303/2344 1144/2232/2275
f 1145/2304/2344 2099/998/992 1142/852/865
f 1209/964/963 2100/2301/2341 2098/903/912
f 1211/2305/2345 2101/2302/2346 2100/2301/2341
f 1212/2306/2347 2102/2307/2348 2101/2302/2343
f 2102/2308/2348 1210/892/902 2099/998/992
f 2103/835/851 1208/2309/2349 1205/1013/1007
f 2105/2310/2350 1207/2311/2351 1208/2309/2349
f 2106/2312/2352 1206/2313/2353 1207/2311/2354
f 1206/2313/2353 2104/2314/898 1204/2315/900
f 1132/837/853 2105/2310/2350 2103/835/851
f 1135/2235/2277 2106/2312/2355 2105/2310/2350
f 1134/2237/2282 2107/2316/2356 2106/2312/2352
f 2107/2316/2356 1131/2241/863 2104/2314/898
f 1221/1710/1719 2110/2317/2357 1232/1708/1717
f 1232/1708/1717 2111/2318/2358 1233/1699/1706
f 1233/1699/1706 2112/2319/2359 1223/1695/1702
f 1223/1695/1702 2109/954/956 1219/1012/1006
f 2108/979/975 1216/2320/2360 2110/2317/2357
f 2110/2317/2357 1217/2321/2361 2111/2318/2358
f 2111/2318/2358 1218/2322/2362 2112/2319/2359
f 2112/2319/2359 1215/2323/908 2109/954/956
f 2113/980/976 1211/2305/2345 1209/964/963
f 2115/2324/2363 1212/2306/2364 1211/2305/2345
f 2116/2325/2365 1213/2326/2366 1212/2306/2347
f 2117/2327/2367 1210/892/902 1213/2328/2366
f 1221/1710/1719 2115/2324/2363 2113/980/976
f 1234/1709/1718 2116/2325/2368 2115/2324/2363
f 1228/1712/2369 2117/2329/2367 2116/2325/2365
f 1227/2330/1711 2114/900/910 2117/2327/2367
f 2118/982/978 1216/2320/2360 1214/981/977
f 2120/2331/2370 1217/2321/2361 1216/2320/2360
f 2121/2332/2371 1218/2322/2362 1217/2321/2361
f 1218/2322/2362 2119/2333/906 1215/2323/908
f 1205/1013/1007 2120/2331/2370 2118/982/978
f 1208/2309/2349 2121/2332/2372 2120/2331/2370
f 1207/2311/2354 2122/2334/2373 2121/2332/2371
f 1206/2313/2353 2119/2333/906 2122/2334/2373
f 2123/978/974 1261/2335/2374 1258/905/913
f 2125/2336/2375 1260/2337/2376 1261/2335/2374
f 2126/2338/2377 1259/2339/2378 1260/2337/2376
f 2127/2340/2379 1257/1024/1018 1259/2339/2378
f 1242/925/931 2125/2336/2375 2123/978/974
f 1244/2341/2380 2126/2338/2377 2125/2336/2375
f 1245/2342/2381 2127/2340/2379 2126/2338/2377
f 1246/2343/2382 2124/1023/1017 2127/2340/2379
f 1263/919/925 2130/2344/2383 1266/2345/2384
f 1266/2345/2384 2131/2346/2385 1265/2347/2386
f 1265/2347/2386 2132/2348/2387 1264/2349/2388
f 1264/2349/2388 2129/959/959 1262/962/962
f 2128/918/924 1249/2350/2389 2130/2344/2383
f 2130/2344/2383 1250/2351/2390 2131/2346/2385
f 2131/2346/2385 1251/2352/2391 2132/2348/2387
f 2132/2348/2387 1248/960/960 2129/959/959
f 1238/915/921 2135/2353/2392 1241/2354/2393
f 1241/2354/2393 2136/2355/2394 1240/2356/2395
f 1240/2356/2395 2137/2357/2396 1239/2358/2397
f 1239/2358/2397 2134/976/973 1237/940/945
f 2133/906/914 1261/2335/2374 2135/2353/2392
f 2135/2353/2392 1260/2337/2376 2136/2355/2394
f 2136/2355/2394 1259/2339/2378 2137/2357/2396
f 2137/2357/2396 1257/1024/1018 2134/976/973
f 2138/920/926 1256/2359/2398 1253/961/961
f 2140/2360/2399 1255/2361/2400 1256/2359/2398
f 2141/2362/2401 1254/2363/2402 1255/2361/2400
f 2142/2364/2403 1252/1017/1011 1254/2363/2402
f 1263/919/925 2140/2360/2399 2138/920/926
f 1266/2345/2384 2141/2362/2401 2140/2360/2399
f 1265/2347/2386 2142/2364/2403 2141/2362/2401
f 1264/2349/2388 2139/997/991 2142/2364/2403
f 2143/911/918 1271/2365/2404 1268/991/986
f 2145/2366/2405 1270/2367/2406 1271/2365/2404
f 2146/2368/2407 1269/2369/2408 1270/2367/2406
f 2147/2370/2409 1267/912/919 1269/2369/2408
f 1253/961/961 2145/2366/2405 2143/911/918
f 1256/2359/2398 2146/2368/2407 2145/2366/2405
f 1255/2361/2400 2147/2370/2409 2146/2368/2407
f 1254/2363/2402 2144/928/934 2147/2370/2409
f 2148/926/932 1244/2341/2380 1242/925/931
f 2150/2371/2410 1245/2342/2381 1244/2341/2380
f 2151/2372/2411 1246/2343/2382 1245/2342/2381
f 2152/2373/2412 1243/1022/1016 1246/2343/2382
f 1272/931/936 2150/2371/2410 2148/926/932
f 1274/2374/2413 2151/2372/2411 2150/2371/2410
f 1275/2375/2414 2152/2373/2412 2151/2372/2411
f 1276/2376/2415 2149/908/916 2152/2373/2412
f 2153/932/937 1274/2374/2413 1272/931/936
f 2155/2377/2416 1275/2375/2414 1274/2374/2413
f 2156/2378/2417 1276/2376/2415 1275/2375/2414
f 2157/2379/2418 1273/974/971 1276/2376/2415
f 1282/936/941 2155/2377/2416 2153/932/937
f 1284/2380/2419 2156/2378/2417 2155/2377/2416
f 1285/2381/2420 2157/2379/2418 2156/2378/2417
f 1286/2382/2421 2154/1018/1012 2157/2379/2418
f 2158/927/933 1281/2383/2422 1278/1020/1014
f 2160/2384/2423 1280/2385/2424 1281/2383/2422
f 2161/2386/2425 1279/2387/2426 1280/2385/2424
f 2162/2388/2427 1277/935/940 1279/2387/2426
f 1268/991/986 2160/2384/2423 2158/927/933
f 1271/2365/2404 2161/2386/2425 2160/2384/2423
f 1270/2367/2406 2162/2388/2427 2161/2386/2425
f 1269/2369/2408 2159/914/920 2162/2388/2427
f 1305/1021/1015 2165/2389/2428 1308/2390/2429
f 1308/2390/2429 2166/2391/2430 1307/2392/2431
f 1307/2392/2431 2167/2393/2432 1306/2394/2433
f 1306/2394/2433 2164/1008/1002 1304/1010/1004
f 2163/973/970 1291/1714/1724 2165/2389/2428
f 2165/2389/2428 1300/1718/1728 2166/2391/2430
f 2166/2391/2430 1299/1724/1736 2167/2393/2432
f 2167/2393/2432 1289/1009/1003 2164/1008/1002
f 2168/938/943 1284/2380/2419 1282/936/941
f 2170/2395/2434 1285/2381/2420 1284/2380/2419
f 2171/2396/2435 1286/2382/2421 1285/2381/2420
f 2172/2397/2436 1283/1015/1009 1286/2382/2421
f 1305/1021/1015 2170/2395/2434 2168/938/943
f 1308/2390/2429 2171/2396/2435 2170/2395/2434
f 1307/2392/2431 2172/2397/2436 2171/2396/2435
f 1306/2394/2433 2169/992/987 2172/2397/2436
f 2173/933/938 1295/1722/1732 1288/939/944
f 2175/2398/2437 1296/1727/1739 1295/1722/1732
f 2176/2399/2438 1301/1725/1737 1296/1727/1739
f 2177/2400/2439 1289/1009/1003 1301/1725/1737
f 1278/1020/1014 2175/2398/2437 2173/933/938
f 1281/2383/2422 2176/2399/2438 2175/2398/2437
f 1280/2385/2424 2177/2400/2439 2176/2399/2438
f 1279/2387/2426 2174/1007/1001 2177/2400/2439
f 1247/922/928 2180/2401/2440 1249/2350/2389
f 1249/2350/2389 2181/2402/2441 1250/2351/2390
f 1250/2351/2390 2182/2403/2442 1251/2352/2391
f 1251/2352/2391 2179/1002/996 1248/960/960
f 2178/943/946 1316/2404/2443 2180/2401/2440
f 2180/2401/2440 1317/2405/2444 2181/2402/2441
f 2181/2402/2441 1318/2406/2445 2182/2403/2442
f 2182/2403/2442 1315/966/965 2179/1002/996
f 1310/945/948 2185/2407/2446 1313/2408/2447
f 1313/2408/2447 2186/2409/2448 1312/2410/2449
f 1312/2410/2449 2187/2411/2450 1311/2412/2451
f 1311/2412/2451 2184/949/951 1309/948/950
f 2183/916/922 1241/2354/2393 2185/2407/2446
f 2185/2407/2446 1240/2356/2395 2186/2409/2448
f 2186/2409/2448 1239/2358/2397 2187/2411/2450
f 2187/2411/2450 1237/940/945 2184/949/951
f 2188/958/958 1327/1730/1743 1324/1014/1008
f 2190/2413/2452 1328/2414/1752 1327/1730/1743
f 2191/2415/2453 1335/1735/1748 1328/1739/1752
f 2192/2416/2454 1325/1736/1749 1335/1735/1748
f 1319/957/954 2190/2413/2452 2188/958/958
f 1321/2417/2455 2191/2418/2453 2190/2413/2452
f 1322/2419/2456 2192/2416/2454 2191/2415/2453
f 1323/2420/2457 2189/986/982 2192/2416/2454
f 1314/944/947 2195/2421/2458 1316/2404/2443
f 1316/2404/2443 2196/2422/2459 1317/2405/2444
f 1317/2405/2444 2197/2423/2460 1318/2406/2445
f 1318/2406/2445 2194/985/981 1315/966/965
f 2193/950/952 1338/1743/1756 2195/2421/2458
f 2195/2421/2458 1334/1737/1750 2196/2422/2459
f 2196/2422/2459 1333/1734/1747 2197/2423/2460
f 2197/2423/2460 1325/1736/1749 2194/985/981
f 1319/952/954 2200/2424/2461 1321/2425/2455
f 1321/2425/2455 2201/2426/2462 1322/2419/2456
f 1322/2419/2456 2202/2427/2463 1323/2420/2457
f 1323/2420/2457 2199/984/980 1320/983/979
f 2198/946/949 1313/2408/2447 2200/2424/2461
f 2200/2424/2461 1312/2410/2449 2201/2426/2462
f 2201/2426/2462 1311/2412/2451 2202/2427/2463
f 2202/2427/2463 1309/948/950 2199/984/980
f 1326/951/953 2205/2428/2464 1329/2429/1757
f 1329/1729/1742 2204/1011/1005 1324/1014/1008
f 2203/901/911 1229/1703/2465 2205/2428/2464
s 36
f 2205/2428/2466 1229/1703/2466 1222/2430/2467
s 6
f 2205/2431/2468 1219/1012/1006 2204/1011/1005
f 2206/881/892 1195/2432/2469 1183/882/893
s 37
f 1195/2432/2470 2208/2433/2471 1186/2434/2470
s 6
f 2208/2435/2472 1181/1675/1680 1186/1677/1682
f 1288/939/944 2208/2436/2473 2206/881/892
f 1290/2437/1725 2207/2438/967 2208/2435/2472
s 7
f 1362/1048/1039 2211/2439/2474 1365/2440/2475
f 1365/2440/2475 2212/2441/2476 1364/2442/2477
f 1364/2442/2478 2213/2443/2479 1363/2444/2480
f 2213/2445/2479 1361/1200/1178 1363/2446/2480
f 2209/1047/1038 1348/2447/2481 2211/2439/2474
f 2211/2439/2474 1349/2448/2482 2212/2441/2476
f 2212/2441/2483 1350/2449/2484 2213/2443/2479
f 1350/2450/2484 2210/1162/1142 2213/2445/2479
f 2214/1084/1073 1370/2451/2485 1367/1031/1024
f 2216/2452/2486 1369/2453/2487 1370/2454/2485
f 2217/2455/2488 1368/2456/2489 1369/2453/2490
f 1368/2456/2489 2215/1142/1125 1366/1044/1035
f 1351/1211/1189 2216/2457/2486 2214/1084/1073
f 1353/2458/2491 2217/2455/2492 2216/2452/2486
f 1354/2459/2493 2218/2460/2494 2217/2455/2488
f 2218/2460/2494 1352/1041/1032 2215/1142/1125
f 2219/1152/1134 1345/2461/2495 1342/1001/995
f 2221/2462/2496 1344/2463/2497 1345/2461/2495
f 2222/2464/2498 1343/2465/2499 1344/2463/2500
f 1343/2466/2499 2220/1027/1021 1341/1039/1030
f 1362/1048/1039 2221/2462/2496 2219/1152/1134
f 1365/2440/2475 2222/2464/2501 2221/2462/2496
f 1364/2442/2478 2223/2467/2502 2222/2464/2498
f 2223/2468/2502 1361/1200/1178 2220/1027/1021
f 1357/1181/1160 2226/2469/2503 1360/2470/2504
f 1360/2471/2504 2227/2472/2505 1359/2473/2506
f 1359/2473/2507 2228/2474/2508 1358/2475/2509
f 2228/2474/2508 1356/1033/1025 1358/2475/2509
f 2224/1049/1040 1370/2451/2485 2226/2469/2503
f 2226/2476/2503 1369/2453/2487 2227/2472/2505
f 2227/2472/2510 1368/2456/2489 2228/2474/2508
f 1368/2456/2489 2225/1046/1037 2228/2474/2508
f 1372/1182/1161 2231/2477/2511 1375/2478/2512
f 1375/2479/2512 2232/2480/2513 1374/2481/2514
f 1374/2481/2515 2233/2482/2516 1373/2483/2517
f 2233/2482/2516 1371/1052/1042 1373/2483/2517
f 2229/1176/1155 1360/2470/2504 2231/2477/2511
f 2231/2484/2511 1359/2473/2506 2232/2480/2513
f 2232/2480/2518 1358/2475/2509 2233/2482/2516
f 1358/2475/2509 2230/1035/1027 2233/2482/2516
f 1346/1038/1029 2236/2485/2519 1348/2447/2481
f 1348/2447/2481 2237/2486/2520 1349/2448/2482
f 1349/2448/2521 2238/2487/2522 1350/2449/2484
f 2238/2488/2522 1347/1058/1048 1350/2450/2484
f 2234/1037/1028 1378/2489/2523 2236/2485/2519
f 2236/2485/2519 1379/2490/2524 2237/2486/2520
f 2237/2486/2525 1380/2491/2526 2238/2487/2522
f 1380/2492/2526 2235/1056/1046 2238/2488/2522
f 1376/1067/1056 2241/2493/2527 1378/2489/2523
f 1378/2489/2523 2242/2494/2528 1379/2490/2524
f 1379/2490/2529 2243/2495/2530 1380/2491/2526
f 2243/2496/2530 1377/1055/1045 1380/2492/2526
f 2239/1076/1065 1388/2497/2531 2241/2493/2527
f 2241/2493/2527 1389/2498/2532 2242/2494/2528
f 2242/2494/2533 1390/2499/2534 2243/2495/2530
f 1390/2500/2534 2240/1053/1043 2243/2496/2530
f 1382/1212/1190 2246/2501/2535 1385/2502/2536
f 1385/2503/2536 2247/2504/2537 1384/2505/2538
f 1384/2505/2539 2248/2506/2540 1383/2507/2541
f 1383/2507/2541 2245/1060/1050 1381/1062/1052
f 2244/1205/1183 1375/2478/2512 2246/2501/2535
f 2246/2508/2535 1374/2481/2514 2247/2504/2537
f 2247/2504/2542 1373/2483/2517 2248/2506/2540
f 1373/2483/2517 2245/1060/1050 2248/2506/2540
f 2249/1190/1168 1421/1785/1794 1410/1188/1166
f 2251/2509/2543 1422/1773/2544 1421/1785/1794
f 2252/2510/2545 1413/1770/1781 1422/1773/1784
f 2253/2511/2546 1408/1204/1182 1413/1770/1781
f 1392/1756/1769 2251/2509/2543 2249/1190/1168
f 1401/1755/1768 2252/2510/2545 2251/2509/2543
f 1395/1761/1772 2253/2511/2546 2252/2510/2545
f 1394/1750/1763 2250/1156/1136 2253/2511/2546
f 1386/1075/1064 2256/2512/2547 1388/2497/2531
f 1388/2497/2531 2257/2513/2548 1389/2498/2532
f 1389/2498/2549 2258/2514/2550 1390/2499/2534
f 1390/2500/2534 2255/1063/1053 1387/1065/1055
f 2254/1175/1154 1423/1784/1793 2256/2512/2547
f 2256/2512/2551 1417/1779/1797 2257/2513/2548
f 2257/2513/2552 1416/1776/1787 2258/2514/2550
f 2258/2515/2550 1409/1072/1061 2255/1063/1053
f 1392/1756/1769 2261/2516/2553 1399/1754/1767
f 1399/1759/1767 2262/2517/2554 1400/1757/1770
f 1400/1757/1770 2263/2518/2555 1405/1764/1775
f 1405/1764/1775 2260/1069/1058 1393/1071/1060
f 2259/1189/1167 1385/2502/2536 2261/2516/2553
f 2261/2519/2553 1384/2505/2538 2262/2517/2554
f 2262/2517/2554 1383/2507/2541 2263/2518/2555
f 2263/2518/2555 1381/1062/1052 2260/1069/1058
f 2264/1092/1080 1353/2520/2491 1351/1211/1189
f 2266/2521/2556 1354/2459/2557 1353/2458/2491
f 2267/2522/2558 1355/2523/2559 1354/2459/2493
f 1355/2523/2559 2265/1185/1163 1352/1041/1032
f 1431/1151/1133 2266/2524/2556 2264/1092/1080
f 1433/2525/2560 2267/2522/2561 2266/2521/2556
f 1434/2526/2562 2268/2527/2563 2267/2522/2558
f 2268/2527/2563 1432/1081/1070 2265/1185/1163
f 2269/999/993 1430/2528/2564 1427/1197/1175
f 2271/2529/2565 1429/2530/2566 1430/2528/2564
f 2272/2531/2567 1428/2532/2568 1429/2530/2569
f 1428/2533/2568 2270/1077/1066 1426/1079/1068
f 1342/1001/995 2271/2529/2565 2269/999/993
f 1345/2461/2495 2272/2531/2570 2271/2529/2565
f 1344/2463/2500 2273/2534/2571 2272/2531/2567
f 2273/2535/2571 1341/1039/1030 2270/1077/1066
f 1443/1804/1817 2276/2536/2572 1454/1802/1815
f 1454/1802/1815 2277/2537/2573 1455/1792/1804
f 1455/1792/1804 2278/2538/2574 1445/1788/1800
f 1445/1788/1800 2275/2539/1126 1441/1786/1174
f 2274/1166/1145 1438/2540/2575 2276/2536/2572
f 2276/2536/2572 1439/2541/2576 2277/2537/2573
f 2277/2537/2573 1440/2542/2577 2278/2538/2574
f 2278/2543/2574 1437/1087/1076 2275/1143/1126
f 2279/1167/1146 1433/2544/2560 1431/1151/1133
f 2281/2545/2578 1434/2526/2579 1433/2525/2560
f 2282/2546/2580 1435/2547/2581 1434/2526/2562
f 2283/2548/2582 1432/1081/1070 1435/2547/2581
f 1443/1804/1817 2281/2549/2578 2279/1167/1146
f 1456/2550/1816 2282/2546/2583 2281/2545/2578
f 1450/2551/2584 2283/2548/2582 2282/2546/2580
f 1449/1797/1809 2280/1089/1078 2283/2548/2582
f 2284/1169/1148 1438/2540/2575 1436/1168/1147
f 2286/2552/2585 1439/2541/2576 1438/2540/2575
f 2287/2553/2586 1440/2554/2577 1439/2555/2576
f 1440/2554/2577 2285/1085/1074 1437/1087/1076
f 1427/1197/1175 2286/2552/2585 2284/1169/1148
f 1430/2528/2564 2287/2556/2587 2286/2552/2585
f 1429/2557/2569 2288/2558/2588 2287/2553/2586
f 1428/2533/2568 2285/1085/1074 2288/2558/2588
f 2289/1165/1144 1483/2559/2589 1480/1094/1081
f 2291/2560/2590 1482/2561/2591 1483/2559/2589
f 2292/2562/2592 1481/2563/2593 1482/2561/2591
f 2293/2564/2594 1479/1210/1188 1481/2563/2593
f 1464/1114/1100 2291/2560/2590 2289/1165/1144
f 1466/2565/2595 2292/2562/2592 2291/2560/2590
f 1467/2566/2596 2293/2564/2594 2292/2562/2592
f 1468/2567/2597 2290/1209/1187 2293/2564/2594
f 1485/1108/1094 2296/2568/2598 1488/2569/2599
f 1488/2569/2599 2297/2570/2600 1487/2571/2601
f 1487/2571/2601 2298/2572/2602 1486/2573/2603
f 1486/2573/2603 2295/1146/1129 1484/1149/1132
f 2294/1107/1093 1471/2574/2604 2296/2568/2598
f 2296/2568/2598 1472/2575/2605 2297/2570/2600
f 2297/2570/2600 1473/2576/2606 2298/2572/2602
f 2298/2572/2602 1470/1147/1130 2295/1146/1129
f 1460/1104/1090 2301/2577/2607 1463/2578/2608
f 1463/2578/2608 2302/2579/2609 1462/2580/2610
f 1462/2580/2610 2303/2581/2611 1461/2582/2612
f 1461/2582/2612 2300/1163/1143 1459/1129/1115
f 2299/1095/1082 1483/2559/2589 2301/2577/2607
f 2301/2577/2607 1482/2561/2591 2302/2579/2609
f 2302/2579/2609 1481/2563/2593 2303/2581/2611
f 2303/2581/2611 1479/1210/1188 2300/1163/1143
f 2304/1109/1095 1478/2583/2613 1475/1148/1131
f 2306/2584/2614 1477/2585/2615 1478/2583/2613
f 2307/2586/2616 1476/2587/2617 1477/2585/2615
f 2308/2588/2618 1474/1201/1179 1476/2587/2617
f 1485/1108/1094 2306/2584/2614 2304/1109/1095
f 1488/2569/2599 2307/2586/2616 2306/2584/2614
f 1487/2571/2601 2308/2588/2618 2307/2586/2616
f 1486/2573/2603 2305/1184/1162 2308/2588/2618
f 2309/1100/1086 1493/2589/2619 1490/1178/1157
f 2311/2590/2620 1492/2591/2621 1493/2589/2619
f 2312/2592/2622 1491/2593/2623 1492/2591/2621
f 2313/2594/2624 1489/1101/1087 1491/2593/2623
f 1475/1148/1131 2311/2590/2620 2309/1100/1086
f 1478/2583/2613 2312/2592/2622 2311/2590/2620
f 1477/2585/2615 2313/2594/2624 2312/2592/2622
f 1476/2587/2617 2310/1117/1103 2313/2594/2624
f 2314/1115/1101 1466/2565/2595 1464/1114/1100
f 2316/2595/2625 1467/2566/2596 1466/2565/2595
f 2317/2596/2626 1468/2567/2597 1467/2566/2596
f 2318/2597/2627 1465/1208/1186 1468/2567/2597
f 1494/1120/1106 2316/2595/2625 2314/1115/1101
f 1496/2598/2628 2317/2596/2626 2316/2595/2625
f 1497/2599/2629 2318/2597/2627 2317/2596/2626
f 1498/2600/2630 2315/1097/1084 2318/2597/2627
f 2319/1121/1107 1496/2598/2628 1494/1120/1106
f 2321/2601/2631 1497/2599/2629 1496/2598/2628
f 2322/2602/2632 1498/2600/2630 1497/2599/2629
f 2323/2603/2633 1495/1161/1141 1498/2600/2630
f 1504/1125/1111 2321/2601/2631 2319/1121/1107
f 1506/2604/2634 2322/2602/2632 2321/2601/2631
f 1507/2605/2635 2323/2603/2633 2322/2602/2632
f 1508/2606/2636 2320/1202/1180 2323/2603/2633
f 2324/1116/1102 1503/2607/2637 1500/1206/1184
f 2326/2608/2638 1502/2609/2639 1503/2607/2637
f 2327/2610/2640 1501/2611/2641 1502/2609/2639
f 2328/2612/2642 1499/1124/1110 1501/2611/2641
f 1490/1178/1157 2326/2608/2638 2324/1116/1102
f 1493/2589/2619 2327/2610/2640 2326/2608/2638
f 1492/2591/2621 2328/2612/2642 2327/2610/2640
f 1491/2593/2623 2325/1103/1089 2328/2612/2642
f 1526/1207/1185 2331/2613/2643 1529/1830/1840
f 1529/1830/1840 2332/2614/2644 1530/1832/1842
f 1530/1832/1842 2333/2615/2645 1537/1842/1848
f 1537/1838/1848 2330/1192/1170 1527/1194/1172
f 2329/1160/1140 1513/1809/1822 2331/2613/2643
f 2331/2613/2643 1522/1813/1826 2332/2614/2644
f 2332/2614/2644 1521/1826/1835 2333/2615/2645
f 2333/2616/2645 1511/1193/1171 2330/1192/1170
f 2334/1127/1113 1506/2604/2634 1504/1125/1111
f 2336/2617/2646 1507/2605/2635 1506/2604/2634
f 2337/2618/2647 1508/2606/2636 1507/2605/2635
f 2338/2619/2648 1505/1199/1177 1508/2606/2636
f 1528/2620/1854 2336/2617/2646 2334/1127/1113
f 1542/1850/1853 2337/2618/2647 2336/2617/2646
f 1536/1849/1856 2338/2619/2648 2337/2618/2647
f 1535/1837/1847 2335/1179/1158 2338/2619/2648
f 2339/1122/1108 1517/1817/1830 1510/1128/1114
f 2341/2621/2649 1518/1828/1838 1517/1817/1830
f 2342/2622/2650 1523/1824/1836 1518/1828/1838
f 2343/2623/2651 1511/1193/1171 1523/1824/1836
f 1500/1206/1184 2341/2621/2649 2339/1122/1108
f 1503/2607/2637 2342/2622/2650 2341/2621/2649
f 1502/2609/2639 2343/2623/2651 2342/2622/2650
f 1501/2611/2641 2340/1191/1169 2343/2623/2651
f 1469/1111/1097 2346/2624/2652 1471/2574/2604
f 1471/2574/2604 2347/2625/2653 1472/2575/2605
f 1472/2575/2605 2348/2626/2654 1473/2576/2606
f 1473/2576/2606 2345/1186/1164 1470/1147/1130
f 2344/1132/1116 1552/2627/2655 2346/2624/2652
f 2346/2624/2652 1553/2628/2656 2347/2625/2653
f 2347/2625/2653 1554/2629/2657 2348/2626/2654
f 2348/2626/2654 1551/1153/1135 2345/1186/1164
f 1546/1134/1118 2351/2630/2658 1549/2631/2659
f 1549/2631/2659 2352/2632/2660 1548/2633/2661
f 1548/2633/2661 2353/2634/2662 1547/2635/2663
f 1547/2635/2663 2350/1138/1121 1545/1137/1120
f 2349/1105/1091 1463/2578/2608 2351/2630/2658
f 2351/2630/2658 1462/2580/2610 2352/2632/2660
f 2352/2632/2660 1461/2582/2612 2353/2634/2662
f 2353/2634/2662 1459/1129/1115 2350/1138/1121
f 2354/1145/1128 1563/1854/1859 1560/1198/1176
f 2356/2636/2664 1564/1863/1869 1563/1854/1859
f 2357/2637/2665 1570/1859/1865 1564/1863/1869
f 2358/2638/2666 1561/1860/1866 1570/1859/1865
f 1555/1141/1124 2356/2636/2664 2354/1145/1128
f 1557/2639/2667 2357/2637/2665 2356/2636/2664
f 1558/2640/2668 2358/2638/2666 2357/2637/2665
f 1559/2641/2669 2355/1173/1152 2358/2638/2666
f 1550/1133/1117 2361/2642/2670 1552/2627/2655
f 1552/2627/2655 2362/2643/2671 1553/2628/2656
f 1553/2628/2656 2363/2644/2672 1554/2629/2657
f 1554/2629/2657 2360/1172/1151 1551/1153/1135
f 2359/1139/1122 1574/1866/1873 2361/2642/2670
f 2361/2642/2670 1569/1861/1867 2362/2643/2671
f 2362/2643/2671 1568/1858/1864 2363/2644/2672
f 2363/2644/2672 1561/1860/1866 2360/1172/1151
f 1555/1141/1124 2366/2645/2673 1557/2639/2667
f 1557/2639/2667 2367/2646/2674 1558/2640/2668
f 1558/2640/2668 2368/2647/2675 1559/2641/2669
f 1559/2641/2669 2365/1171/1150 1556/1170/1149
f 2364/1135/1119 1549/2631/2659 2366/2645/2673
f 2366/2645/2673 1548/2633/2661 2367/2646/2674
f 2367/2646/2674 1547/2635/2663 2368/2647/2675
f 2368/2647/2675 1545/1137/1120 2365/1171/1150
f 1562/1140/1123 2371/2648/2676 1573/2649/1874
f 1573/2650/1858 2370/2651/1173 1560/2652/1176
f 2369/1090/1079 1451/1796/2677 2371/2648/2676
s 38
f 2371/2648/2678 1451/1796/2679 1444/1800/2678
s 7
f 2371/2653/2680 1441/1786/1174 2370/2651/1173
f 2372/1070/1059 1404/2654/2681 1393/1071/1060
s 39
f 1404/2654/2682 2374/2655/2683 2375/2656/2684
s 7
f 2375/2657/2685 1391/1747/1760 1404/1749/1762
f 1510/1128/1114 2374/2655/2686 2372/1070/1059
s 39
f 2374/2655/2683 1512/2658/2687 2375/2656/2684
s 7
f 1512/2659/1823 2373/1157/1137 2375/2657/2685
f 1528/1846/1854 2378/2660/2688 1540/1844/1852
f 1540/1844/1852 2379/2661/2689 1541/1834/1844
f 1541/1834/1844 2380/2662/2690 1531/1831/1841
f 1531/1831/1841 2377/1203/1181 1526/1207/1185
f 2376/2663/1112 1418/1777/1788 2378/2660/2688
f 2378/2660/2688 1412/1771/1782 2379/2661/2689
f 2379/2661/2689 1411/1769/1780 2380/2662/2690
f 2380/2662/2690 1408/1204/1182 2377/1203/1181
s 4
f 832/1371/1365 830/1368/1357 829/1367/1354
s 40
f 833/2115/2691 834/488/2692 835/487/2692
s 3
f 1723/493/523 569/672/689 38/494/524
f 1748/526/552 142/525/551 40/527/553
f 589/528/554 40/527/553 149/534/559
f 1763/535/560 149/534/559 1881/536/561
f 140/495/525 38/494/524 688/560/584
f 28/562/586 673/679/695 1818/563/587
f 41/565/588 683/616/636 1812/566/589
f 697/567/590 26/584/607 132/568/591
f 138/544/569 34/506/533 668/570/593
f 33/572/595 137/576/599 1797/573/596
f 33/572/595 693/574/597 1807/575/598
f 137/576/599 32/509/536 677/577/600
f 150/578/601 1792/634/652 688/560/584
f 151/579/602 1817/581/604 672/580/603
f 39/517/543 698/647/665 1827/582/605
f 1813/583/606 131/564/586 26/584/607
f 40/527/553 708/677/693 1842/588/611
f 1828/569/592 132/568/591 29/589/612
f 149/534/559 1842/588/611 718/594/617
f 667/595/618 1803/632/651 130/596/586
f 32/509/536 136/508/535 1847/598/619
f 146/552/577 35/546/571 740/600/621
f 134/602/586 30/623/643 739/603/623
f 31/549/574 144/548/573 1862/605/625
f 144/548/573 1877/556/581 770/606/626
f 1872/554/579 146/552/577 1867/601/622
f 25/597/586 130/596/586 1798/614/634
f 143/511/538 1807/575/598 683/616/636
f 130/596/586 27/633/586 692/617/637
f 34/506/533 140/495/525 1802/561/585
f 745/621/641 1863/641/659 135/622/642
f 131/564/586 1818/563/587 703/630/649
f 574/510/537 1718/608/628 137/576/599
f 1803/632/651 687/681/697 27/633/586
f 43/523/549 672/580/603 1792/634/652
f 135/622/642 1858/642/660 751/639/657
f 1863/641/659 769/1311/1294 1858/642/660
f 148/500/528 1812/566/589 698/647/665
f 29/589/612 713/671/688 1838/648/666
f 129/652/586 1808/653/670 692/617/637
f 28/562/586 682/673/690 1808/653/670
f 25/597/586 134/602/586 1853/604/624
s 4
f 785/655/672 1912/698/714 171/656/673
s 3
f 1848/658/675 745/621/641 30/623/643
f 1843/663/680 133/649/667 1833/664/681
f 133/649/667 1838/648/666 734/666/683
f 35/546/571 138/544/569 1852/571/594
f 30/623/643 135/622/642 1868/640/658
f 132/568/591 1823/674/691 713/671/688
f 682/673/690 28/562/586 131/564/586
f 26/584/607 703/630/649 1823/674/691
f 142/525/551 1827/582/605 708/677/693
f 673/679/695 28/562/586 129/652/586
f 1793/680/696 129/652/586 27/633/586
f 707/590/613 29/589/612 133/649/667
f 678/615/635 1848/658/675 134/602/586
s 4
f 838/684/700 1952/831/847 164/685/701
f 1098/692/708 1993/819/835 165/693/709
f 864/695/711 49/721/737 161/696/712
f 1912/698/714 810/1348/1333 2029/699/715
f 1988/694/710 165/693/709 1998/703/719
f 826/705/721 1922/806/822 158/706/722
f 799/708/724 1927/786/802 169/709/725
f 1963/711/727 166/826/842 1968/712/728
f 169/709/725 2035/787/803 1023/714/730
f 44/716/732 919/749/765 1904/717/733
f 48/718/734 161/696/712 1908/719/735
f 49/721/737 901/788/804 1908/719/735
f 1923/722/738 168/737/753 2030/723/739
f 50/728/744 937/791/807 1890/729/745
f 51/686/702 164/685/701 1895/731/747
f 787/733/749 45/762/778 156/734/750
f 1923/722/738 825/1370/1359 2007/736/752
f 47/741/757 159/766/782 1889/742/758
f 838/684/700 51/686/702 162/744/760
f 826/705/721 46/707/723 157/746/762
f 44/716/732 156/734/750 1884/748/764
f 51/686/702 917/732/748 1885/750/766
f 800/753/769 2012/801/817 153/754/770
f 52/756/772 956/757/773 1895/731/747
f 52/756/772 163/730/746 1890/729/745
f 45/762/778 157/746/762 1899/763/779
f 46/707/723 899/769/785 1899/763/779
f 801/765/781 48/718/734 159/766/782
f 875/768/784 1942/745/761 162/744/760
f 46/707/723 158/706/722 1904/717/733
f 171/656/673 2029/699/715 972/770/786
f 1953/774/790 837/1380/1371 2025/775/791
s 5
f 1894/777/793 155/790/806 1903/738/754
s 4
f 45/762/778 935/764/780 1884/748/764
f 891/779/795 1953/774/790 173/776/792
f 47/741/757 936/743/759 1898/784/800
f 48/718/734 954/720/736 1889/742/758
f 1927/786/802 848/1391/1385 2035/787/803
f 49/721/737 160/785/801 1898/784/800
s 5
f 955/789/805 1907/739/755 155/790/806
s 4
f 50/728/744 162/744/760 1885/750/766
f 2039/780/796 173/776/792 1997/793/809
f 173/776/792 2025/775/791 1080/795/811
f 168/737/753 1967/800/816 973/798/814
f 168/737/753 2007/736/752 1009/799/815
f 2012/801/817 1043/1604/1599 1982/802/818
f 811/805/821 44/716/732 158/706/722
f 2002/657/674 171/656/673 1958/771/787
f 801/765/781 1937/697/713 161/696/712
f 849/811/827 1928/767/783 159/766/782
f 1025/812/828 1977/828/844 167/813/829
f 1972/814/830 167/813/829 1983/815/831
f 875/768/784 50/728/744 163/730/746
f 890/818/834 1947/817/833 163/730/746
f 1998/703/719 165/693/709 1993/819/835
f 787/733/749 1917/747/763 157/746/762
f 811/805/821 1913/735/751 156/734/750
f 1968/712/728 166/826/842 1957/823/839
f 990/825/841 1957/823/839 166/826/842
f 849/811/827 47/741/757 160/785/801
f 864/695/711 1933/827/843 160/785/801
f 1983/815/831 167/813/829 1977/828/844
f 2011/710/726 169/709/725 1973/715/731
f 890/818/834 52/756/772 164/685/701
s 6
f 2054/838/854 1151/1016/1010 72/839/855
f 1131/850/863 2054/838/854 192/840/856
f 2074/864/876 191/930/935 71/865/877
f 2069/867/879 203/924/930 78/868/880
f 2089/874/886 199/884/895 70/875/887
f 1199/883/894 77/937/942 199/884/895
f 2104/888/898 1131/850/863 68/851/864
f 1204/890/900 2104/888/898 190/889/899
f 1215/898/908 2119/896/906 198/897/907
f 192/840/856 72/839/855 1258/905/913
f 62/907/915 1243/1022/1016 2149/908/916
f 1267/912/919 60/929/915 184/913/915
f 190/889/899 68/851/864 1238/915/921
f 202/923/929 2123/978/974 1258/905/913
f 203/924/930 2148/926/932 1242/925/931
f 71/865/877 1272/931/936 2148/926/932
f 2144/928/934 183/909/915 60/929/915
f 191/930/935 2153/932/937 1272/931/936
f 70/875/887 1282/936/941 2153/932/937
f 2159/914/920 184/913/915 63/934/939
f 199/884/895 2168/938/943 1282/936/941
f 77/937/942 1305/1021/1015 2168/938/943
f 1237/940/945 2134/976/973 182/941/915
f 198/897/907 69/891/901 1310/945/948
f 186/947/915 64/968/915 1309/948/950
f 73/899/909 198/897/907 2198/946/949
f 193/956/957 73/955/909 1319/957/954
f 59/942/915 182/941/915 2129/959/959
f 182/941/915 61/977/915 1262/962/962
f 68/851/864 192/840/856 2133/906/914
f 1315/966/965 2194/985/981 187/967/915
f 1167/866/878 71/865/877 203/924/930
f 183/909/915 2149/908/916 1273/974/971
f 1137/869/881 78/868/880 202/923/929
f 2134/976/973 1257/1024/1018 61/977/915
f 78/868/880 1242/925/931 2123/978/974
f 187/967/915 2189/986/982 1320/983/979
f 2194/985/981 1325/1736/1749 2189/986/982
f 63/934/939 1283/1015/1009 2169/992/987
f 181/996/915 2139/997/991 1262/962/962
f 62/907/915 1252/1017/1011 2139/997/991
f 59/942/915 186/947/915 2184/949/951
f 2179/1002/996 1315/966/965 64/968/915
f 2174/1007/1001 185/993/988 2164/1008/1002
f 185/993/988 2169/992/987 1304/1010/1004
f 69/891/901 190/889/899 2183/916/922
f 1177/876/888 70/875/887 191/930/935
f 64/968/915 187/967/915 2199/984/980
f 184/913/915 2154/1018/1012 1283/1015/1009
f 2044/975/972 202/923/929 72/839/855
f 1252/1017/1011 62/907/915 183/909/915
f 60/929/915 1273/974/971 2154/1018/1012
f 197/971/968 2163/973/970 1305/1021/1015
f 1243/1022/1016 62/907/915 181/996/915
f 2124/1023/1017 181/996/915 61/977/915
f 1277/935/940 63/934/939 185/993/988
f 1248/960/960 2179/1002/996 186/947/915
s 7
f 1352/1041/1032 2265/1185/1163 218/1042/1033
f 1366/1044/1035 93/1106/1092 225/1045/1036
f 2240/1053/1043 221/1119/1105 97/1054/1044
f 2235/1056/1046 233/1113/1099 103/1057/1047
f 2255/1063/1053 229/1073/1062 96/1064/1054
f 2270/1077/1066 1341/1039/1030 94/1040/1031
f 1426/1079/1068 2270/1077/1066 220/1078/1067
f 2285/1085/1074 1426/1079/1068 95/1080/1069
f 1437/1087/1076 2285/1085/1074 228/1086/1075
f 88/1096/1083 1465/1208/1186 2315/1097/1084
f 102/1099/1085 1475/1148/1131 2309/1100/1086
f 1489/1101/1087 86/1118/1104 214/1102/1088
f 220/1078/1067 94/1040/1031 1460/1104/1090
f 93/1106/1092 219/1110/1096 2294/1107/1093
f 93/1106/1092 1485/1108/1094 2304/1109/1095
f 219/1110/1096 92/1043/1034 1469/1111/1097
f 232/1112/1098 2289/1165/1144 1480/1094/1081
f 233/1113/1099 2314/1115/1101 1464/1114/1100
f 97/1054/1044 1494/1120/1106 2314/1115/1101
f 2310/1117/1103 213/1098/1083 86/1118/1104
f 221/1119/1105 2319/1121/1107 1494/1120/1106
f 96/1064/1054 1504/1125/1111 2319/1121/1107
f 2325/1103/1089 214/1102/1088 89/1123/1109
f 229/1073/1062 2334/1127/1113 1504/1125/1111
f 2376/1126/1112 1528/2620/1854 2334/1127/1113
f 1459/1129/1115 2300/1163/1143 212/1130/1083
f 92/1043/1034 218/1042/1033 2344/1132/1116
f 218/1042/1033 91/1083/1072 1550/1133/1117
f 228/1086/1075 95/1080/1069 1546/1134/1118
f 216/1136/1083 90/1155/1083 1545/1137/1120
f 91/1083/1072 226/1082/1071 2359/1139/1122
f 226/1082/1071 2369/1090/1079 1562/1140/1123
f 99/1088/1077 228/1086/1075 2364/1135/1119
f 85/1131/1083 212/1130/1083 2295/1146/1129
f 2225/1046/1037 225/1045/1036 102/1099/1085
f 225/1045/1036 2304/1109/1095 1475/1148/1131
f 212/1130/1083 87/1164/1083 1484/1149/1132
f 1551/1153/1135 2360/1172/1151 217/1154/1083
f 1377/1055/1045 97/1054/1044 233/1113/1099
f 213/1098/1083 2315/1097/1084 1495/1161/1141
f 1347/1058/1048 103/1057/1047 232/1112/1098
f 2300/1163/1143 1479/1210/1188 87/1164/1083
f 103/1057/1047 1464/1114/1100 2289/1165/1144
f 217/1154/1083 2355/1173/1152 1556/1170/1149
f 2360/1172/1151 1561/1860/1866 2355/1173/1152
f 230/1034/1026 2309/1100/1086 1490/1178/1157
f 89/1123/1109 1505/1199/1177 2335/1179/1158
f 211/1183/1083 2305/1184/1162 1484/1149/1132
f 88/1096/1083 1474/1201/1179 2305/1184/1162
f 2265/1185/1163 1432/1081/1070 91/1083/1072
f 85/1131/1083 216/1136/1083 2350/1138/1121
f 2345/1186/1164 1551/1153/1135 90/1155/1083
f 2340/1191/1169 215/1180/1159 2330/1192/1170
f 215/1180/1159 2335/1179/1158 1527/1194/1172
f 95/1080/1069 220/1078/1067 2349/1105/1091
f 1387/1065/1055 96/1064/1054 221/1119/1105
f 90/1155/1083 217/1154/1083 2365/1171/1150
f 214/1102/1088 2320/1202/1180 1505/1199/1177
f 2210/1162/1142 232/1112/1098 98/1028/1022
f 1474/1201/1179 88/1096/1083 213/1098/1083
f 86/1118/1104 1495/1161/1141 2320/1202/1180
f 1465/1208/1186 88/1096/1083 211/1183/1083
f 2290/1209/1187 211/1183/1083 87/1164/1083
f 1499/1124/1110 89/1123/1109 215/1180/1159
f 1470/1147/1130 2345/1186/1164 216/1136/1083
s 3
f 1792/634/652 1794/1988/1994 691/1987/1993
f 1795/1990/1996 1796/1992/1998 689/1991/1997
f 675/1994/2000 676/1995/2001 1796/1992/1998
f 694/2001/2007 1801/2000/2006 1798/614/634
f 695/1999/2005 694/2001/2007 1811/2016/2022
f 1817/581/604 1819/2023/2029 674/1993/1999
f 1827/582/605 1829/2036/2042 711/2035/2041
f 700/2019/2025 699/2021/2027 1831/2040/2046
f 1844/2050/2056 1845/2051/2057 726/1286/1267
f 708/677/693 711/2035/2041 1844/2050/2056
f 1851/2055/2061 748/2058/2064 745/621/641
f 1855/2061/2067 670/2008/2014 669/2010/2016
f 744/599/620 1862/605/625 1864/2068/2074
f 1865/2069/2075 777/1312/1295 776/1309/1292
f 750/607/627 1867/601/622 1869/2071/2077
s 4
f 919/749/765 1884/748/764 1886/2085/2093
f 930/1483/1477 1886/2085/2093 1887/2086/2094
f 1887/2086/2094 1888/2087/2095 922/1470/1462
f 1886/2085/2093 940/1489/1484 950/1492/1487
f 950/1492/1487 949/1500/1495 1888/2087/2095
f 949/1500/1495 937/791/807 1885/750/766
f 1889/742/758 1891/2088/2096 944/1495/1490
f 1891/2088/2096 1892/2090/2098 945/1497/1492
f 945/1497/1492 1892/2090/2098 1893/2089/2097
f 951/1501/1496 1893/2089/2097 1890/729/745
f 954/720/736 959/1505/1500 1891/2088/2096
f 959/1505/1500 968/1508/1503 1892/2090/2098
f 1892/2090/2098 968/1508/1503 967/1521/1517
f 1893/2089/2097 967/1521/1517 956/757/773
s 5
f 1894/777/793 1896/2094/2104 962/2091/1508
s 4
f 1897/2093/2103 1895/731/747 956/757/773
s 5
f 1894/777/793 918/778/794 927/1477/1469
s 4
f 1897/2093/2103 920/1469/1461 917/732/748
f 901/788/804 1898/784/800 1900/2096/2106
f 1901/2097/2107 1902/2098/2108 904/1450/1440
f 1902/2098/2108 1899/763/779 899/769/785
f 1900/2096/2106 946/1496/1491 939/1490/1485
f 939/1490/1485 938/1488/1483 1902/2098/2108
f 938/1488/1483 935/764/780 1899/763/779
f 1906/2101/2113 1904/717/733 919/749/765
f 1906/2101/2113 902/1452/1442 899/769/785
f 1910/2106/2118 1911/2110/2121 914/2107/1456
s 5
f 1907/739/755 955/789/805 964/1512/1507
s 4
f 1911/2108/2119 957/1504/1499 954/720/736
f 810/1348/1333 1912/698/714 1914/2111/2122
f 813/2112/1334 1914/2111/2122 1915/2113/2123
f 814/1357/1344 1915/2113/2123 1916/2114/2124
f 819/1355/1342 1916/2114/2124 1913/735/751
f 785/655/672 790/1320/1306 1914/2111/2122
f 790/1320/1306 796/1323/1309 1915/2113/2123
f 796/1323/1309 797/1332/2125 1916/2114/2124
f 797/1332/2125 787/733/749 1913/735/751
f 1917/747/763 1919/2116/2127 833/2115/2126
f 1921/2118/2130 1918/725/741 824/807/823
f 1921/2118/2130 793/1327/1313 786/1329/1315
f 1924/2119/2132 1925/2120/2134 818/1362/2133
f 1925/2120/2134 1926/2121/2135 822/1359/1346
f 1926/2121/2135 1923/722/738 812/724/740
f 1922/806/822 826/705/721 833/2122/2126
f 1926/2121/2135 832/1373/1360 825/1370/1359
f 848/1391/1385 1927/786/802 1929/2123/2137
f 851/1389/1383 1929/2123/2137 1930/2124/2138
f 852/1401/1386 1930/2124/2138 1931/2125/2139
f 856/1400/1392 1931/2125/2139 1928/767/783
f 799/708/724 804/1337/1322 1929/2123/2137
f 804/1337/2140 807/1341/2141 1930/2124/2138
f 807/1341/2141 808/2126/2142 1931/2125/2139
f 808/2126/2142 801/765/781 1928/767/783
f 869/2130/2148 1936/2129/2147 1933/827/843
f 1937/697/713 801/765/781 808/1345/2142
f 1939/2131/2149 808/1345/2142 807/1347/2153
f 1940/2132/2151 807/1347/2153 804/2134/2154
f 1941/2133/2152 804/2134/1327 800/753/769
f 1942/745/761 1944/2135/2156 845/1387/2155
f 842/2664/2693 845/1387/2155 846/2137/2158
f 845/1387/2155 1944/2135/2156 846/2137/2158
f 1945/2136/2157 1946/2138/2159 840/1376/1368
f 1944/2135/2156 883/1430/2160 878/1431/1414
f 1945/2136/2157 878/1431/1414 877/1420/1412
f 1947/817/833 1949/2139/2161 883/1427/2160
f 1949/2139/2161 895/2142/2164 896/1439/2165
f 1951/2141/2163 892/1441/1425 889/1436/1424
f 1952/831/847 1954/2144/2166 895/2143/2164
f 1954/2144/2166 1955/2145/2168 896/1447/2167
f 1955/2145/2168 1956/2146/2169 898/1443/1431
f 1956/2146/2169 1953/774/790 891/779/795
f 1952/831/847 838/684/700 847/1388/2170
f 1954/2144/2166 847/1388/2170 842/1384/2171
f 1955/2145/2168 842/1384/2171 844/1383/1372
f 1956/2146/2169 844/1383/1372 837/1380/1371
f 984/1535/1533 1959/2147/2172 1960/2148/2173
f 985/1528/1526 1960/2148/2173 1961/2149/2174
f 1957/2150/839 990/1549/841 999/1548/1545
f 1959/2147/2172 999/1548/1545 993/1542/1539
f 1960/2148/2173 993/1542/1539 992/1540/1537
f 1961/2149/2174 992/1540/1537 989/810/826
f 1972/2159/830 1974/2160/2181 1036/1586/1582
f 1974/2160/2181 1975/2161/2182 1037/1577/1574
f 1975/2161/2182 1976/2162/2183 1028/1574/1571
f 1028/1574/1571 1976/2162/2183 1973/715/731
f 1052/1598/1593 1045/1602/1596 1975/2161/2182
f 1045/1602/1596 1044/1592/1587 1976/2162/2183
f 1044/1592/1587 1041/830/846 1973/715/731
f 1982/802/818 1043/1604/1599 1057/1606/1601
f 1984/2167/2187 1057/1606/1601 1051/1600/1594
f 1985/2168/2188 1051/1600/1594 1050/1597/1592
f 1986/2170/2189 1050/2665/1592 1042/816/832
f 1997/793/809 1999/2179/2196 1122/1668/1668
f 1999/2179/2196 2000/2180/2197 1123/1674/1679
f 2000/2180/2197 2001/2181/2198 1128/1671/1676
f 2001/2181/2198 1998/2182/719 1116/1672/836
f 1997/793/809 1080/795/811 1093/1638/1639
f 1999/2179/2196 1093/1638/1639 1088/1633/1634
f 2000/2180/2197 1088/1633/1634 1087/1630/1632
f 2001/2181/2198 1087/1630/1632 1079/1632/720
s 6
f 2125/2336/2375 2126/2338/2377 1260/2337/2376
f 1238/915/921 2133/906/914 2135/2353/2392
f 1241/2354/2393 2135/2353/2392 2136/2355/2394
f 1240/2356/2395 2136/2355/2394 2137/2357/2396
f 2136/2355/2394 1260/2337/2376 1259/2339/2378
f 1265/2347/2386 1264/2349/2388 2142/2364/2403
f 2151/2372/2411 2152/2373/2412 1246/2343/2382
f 1275/2375/2414 1276/2376/2415 2152/2373/2412
f 2155/2377/2416 2156/2378/2417 1275/2375/2414
f 1285/2381/2420 1286/2382/2421 2157/2379/2418
f 2161/2386/2425 2162/2388/2427 1279/2387/2426
f 1306/2394/2433 2167/2393/2432 2164/1008/1002
f 2176/2399/2438 2177/2400/2439 1301/1725/1737
f 2180/2401/2440 1316/2404/2443 1317/2405/2444
f 2183/916/922 1238/915/921 1241/2354/2393
f 1316/2404/2443 2195/2421/2458 2196/2422/2459
f 2197/2423/2460 1333/1734/1747 1325/1736/1749
f 1322/2419/2456 2201/2426/2462 2202/2427/2463
f 2200/2424/2461 1313/2408/2447 1312/2410/2449
s 7
f 2306/2584/2614 2307/2586/2616 1477/2585/2615
f 2311/2590/2620 2312/2592/2622 1492/2591/2621
f 1498/2600/2630 1495/1161/1141 2315/1097/1084
f 2326/2608/2638 2327/2610/2640 1502/2609/2639
f 1502/2609/2639 1501/2611/2641 2343/2623/2651
f 1471/2574/2604 2346/2624/2652 2347/2625/2653
f 1473/2576/2606 2348/2626/2654 2345/1186/1164
f 1548/2633/2661 2352/2632/2660 2353/2634/2662
f 2351/2630/2658 1463/2578/2608 1462/2580/2610
f 2352/2632/2660 1462/2580/2610 1461/2582/2612
f 1557/2639/2667 1558/2640/2668 2357/2637/2665
f 1550/1133/1117 2359/1139/1122 2361/2642/2670
f 1552/2627/2655 2361/2642/2670 2362/2643/2671
f 2359/1139/1122 1562/1140/1123 1574/1866/1873
f 2364/1135/1119 1546/1134/1118 1549/2631/2659
f 2367/2646/2674 1548/2633/2661 1547/2635/2663
s 3
f 1772/490/520 127/559/521 19/491/521
f 123/496/521 1717/550/575 575/497/526
f 564/499/527 41/565/588 148/500/528
f 22/502/521 124/532/521 1737/503/530
f 549/505/532 1723/493/523 140/495/525
f 560/507/534 1768/654/671 136/508/535
f 574/510/537 33/572/595 143/511/538
f 21/498/521 122/516/521 1712/513/540
f 1727/515/542 565/650/668 22/502/521
f 1733/501/529 148/500/528 39/517/543
f 1743/519/545 139/585/608 37/520/546
f 1738/522/548 151/579/602 43/523/549
f 579/518/544 39/517/543 142/525/551
f 1758/529/555 147/539/564 36/530/556
f 124/532/521 20/646/664 584/533/558
f 616/538/563 42/592/615 147/539/564
f 125/540/565 23/643/661 594/541/566
f 1773/543/568 549/505/532 34/506/533
f 621/545/570 1773/543/568 138/544/569
f 627/547/572 1783/555/580 144/548/573
f 19/491/521 559/682/698 1717/550/575
f 1788/551/576 621/545/570 35/546/571
f 633/553/578 1788/551/576 146/552/577
f 1783/555/580 650/1260/1236 1877/556/581
f 24/557/582 626/619/639 1767/558/583
f 37/520/546 702/586/609 1817/581/604
f 139/585/608 1822/587/610 702/586/609
f 36/530/556 712/591/614 1822/587/610
f 147/539/564 1837/593/616 712/591/614
f 42/592/615 735/678/694 1837/593/616
f 136/508/535 31/549/574 744/599/620
f 1718/608/628 560/507/534 32/509/536
f 1778/609/629 631/1237/1214 1873/610/630
f 141/611/631 1873/610/630 749/612/632
f 575/497/526 1727/515/542 122/516/521
f 1728/512/539 143/511/538 41/565/588
f 128/618/638 1782/636/654 626/619/639
f 550/492/522 19/491/521 123/496/521
f 585/521/547 37/520/546 151/579/602
f 1753/624/644 599/1213/1191 1882/625/645
f 145/627/646 1882/2666/645 717/628/647
f 555/524/550 43/523/549 150/578/601
f 1777/635/653 651/1267/1247 1782/636/654
f 632/637/655 1777/635/653 128/618/638
f 23/643/661 126/659/676 1757/644/662
f 1732/645/663 580/651/669 20/646/664
f 565/650/668 1732/645/663 124/532/521
f 580/651/669 1747/676/692 125/540/565
f 1768/654/671 627/547/572 31/549/574
f 126/659/676 1752/662/679 617/660/677
f 1762/661/678 600/1222/1200 1752/662/679
f 1778/609/629 141/611/631 1878/667/684
f 622/669/686 24/557/582 127/559/521
f 141/611/631 1857/613/633 768/670/687
f 595/531/557 36/530/556 139/585/608
f 1787/638/656 128/618/638 24/557/582
f 20/646/664 125/540/565 1742/542/567
f 1713/631/650 150/578/601 38/494/524
f 1753/675/644 145/627/646 42/592/615
f 1747/676/692 590/683/699 23/643/661
f 145/627/646 1832/629/648 735/678/694
f 1722/620/640 123/496/521 21/498/521
f 122/516/521 22/502/521 554/504/531
f 127/559/521 1767/558/583 559/682/698
f 590/683/699 1762/661/678 126/659/676
s 4
f 1948/687/703 889/1436/1424 2040/688/704
f 170/689/705 2040/688/704 1114/690/706
f 172/700/716 2016/761/777 1060/701/717
f 1918/725/741 786/1329/1315 2003/726/742
s 5
f 1903/738/754 155/790/806 1907/739/755
s 4
f 850/751/767 1932/760/776 172/700/716
f 1938/755/771 153/754/770 2017/758/774
f 1932/760/776 863/1406/1396 2016/761/777
f 876/772/788 1948/687/703 170/689/705
f 874/781/797 2021/821/837 152/782/798
f 2020/773/789 170/689/705 1992/691/707
f 154/727/743 2003/726/742 991/796/812
f 2034/752/768 172/700/716 1978/702/718
f 153/754/770 1982/802/818 1061/804/820
f 824/807/823 1918/725/741 154/727/743
f 2008/808/824 154/727/743 1962/797/813
f 2021/821/837 1096/1642/1644 1987/822/838
f 1943/783/799 152/782/798 2026/832/848
f 152/782/798 1987/822/838 1078/834/850
s 6
f 2103/835/851 179/904/852 53/836/852
f 175/841/852 2048/895/905 1157/842/857
f 1146/844/858 76/910/917 200/845/859
f 56/847/852 176/877/852 2068/848/861
f 1142/852/865 2099/998/992 188/853/866
f 1156/855/868 67/917/923 195/856/869
f 55/843/852 174/861/852 2043/858/871
f 2058/860/873 1147/994/989 56/847/852
f 2064/846/860 200/845/859 74/862/874
f 1161/863/875 74/862/874 194/870/882
f 2079/871/883 194/870/882 75/872/884
f 176/877/852 54/990/852 1166/878/889
f 1171/873/885 75/872/884 201/879/890
f 2094/880/891 201/879/890 2206/881/892
f 177/885/852 57/987/983 1176/886/896
f 1210/892/902 2114/900/910 196/893/903
f 53/836/852 1141/1025/1019 2048/895/905
f 2119/896/906 1204/890/900 69/891/901
f 2114/900/910 1220/1701/1708 2203/901/911
f 58/902/852 1209/964/963 2098/903/912
f 76/910/917 1253/961/961 2143/911/918
f 67/917/923 189/921/927 2128/918/924
f 67/917/923 1263/919/925 2138/920/926
f 189/921/927 66/854/867 1247/922/928
f 74/862/874 1268/991/986 2158/927/933
f 75/872/884 1278/1020/1014 2173/933/938
f 201/879/890 2173/933/938 1288/939/944
f 66/854/867 188/853/866 2178/943/946
f 188/853/866 65/894/904 1314/944/947
f 65/894/904 196/893/903 2193/950/952
f 196/893/903 2203/901/911 1326/951/953
f 2049/953/955 1142/852/865 66/854/867
f 2109/954/956 1215/2323/908 73/955/909
f 1157/842/857 2058/860/873 174/861/852
f 2059/857/870 195/856/869 76/910/917
f 195/856/869 2138/920/926 1253/961/961
f 180/963/852 2113/980/976 1209/964/963
f 1132/837/853 53/836/852 175/841/852
f 2084/969/966 1181/2667/1680 2207/970/967
f 197/971/968 2207/970/967 1287/972/969
f 1156/855/868 2049/953/955 189/921/927
f 2108/979/975 1221/1710/1719 2113/980/976
f 1214/981/977 2108/979/975 180/963/852
f 57/987/983 178/1003/997 2088/988/984
f 2063/989/985 1162/995/990 54/990/852
f 200/845/859 2143/911/918 1268/991/986
f 1147/994/989 2063/989/985 176/877/852
f 1162/995/990 2078/1019/1013 177/885/852
f 2099/998/992 1210/892/902 65/894/904
s 7
f 2269/999/993 209/1093/994 79/1000/994
s 6
f 178/1003/997 2083/1006/1000 1200/1004/998
f 2093/1005/999 1182/1684/1689 2083/1006/1000
f 2109/954/956 193/956/957 2204/1011/1005
f 1205/1013/1007 58/902/852 179/904/852
f 193/956/957 2188/958/958 1324/1014/1008
f 2118/982/978 180/963/852 58/902/852
f 54/990/852 177/885/852 2073/887/897
f 2084/969/966 197/971/968 77/937/942
f 2078/1019/1013 1172/1026/1020 57/987/983
f 194/870/882 2158/927/933 1278/1020/1014
f 2053/965/964 175/841/852 55/843/852
f 174/861/852 56/847/852 1136/849/862
f 179/904/852 2098/903/912 1141/1025/1019
f 1172/1026/1020 2093/1005/999 178/1003/997
s 7
f 2220/1027/1021 1361/1200/1178 98/1028/1022
f 205/1030/994 2214/1084/1073 1367/1031/1024
f 1356/1033/1025 102/1099/1085 230/1034/1026
f 82/1036/994 206/1066/994 2234/1037/1028
f 1341/1039/1030 2220/1027/1021 222/1029/1023
f 81/1032/994 204/1050/994 2209/1047/1038
f 2224/1049/1040 1357/1181/1160 82/1036/994
f 2230/1035/1027 230/1034/1026 100/1051/1041
f 1371/1052/1042 100/1051/1041 224/1059/1049
f 2245/1060/1050 224/1059/1049 101/1061/1051
f 206/1066/994 80/1177/1156 1376/1067/1056
f 1381/1062/1052 101/1061/1051 231/1068/1057
f 2260/1069/1058 231/1068/1057 2372/1070/1059
f 1409/1072/1061 2376/1126/1112 229/1073/1062
f 207/1074/1063 83/1174/1153 1386/1075/1064
f 1432/1081/1070 2280/1089/1078 226/1082/1071
f 79/1000/994 1351/1211/1189 2214/1084/1073
f 2280/1089/1078 1442/1794/1806 2369/1090/1079
f 84/1091/994 1431/1151/1133 2264/1092/1080
f 222/1029/1023 98/1028/1022 1480/1094/1081
f 100/1051/1041 1490/1178/1157 2324/1116/1102
f 101/1061/1051 1500/1206/1184 2339/1122/1108
f 231/1068/1057 2339/1122/1108 1510/1128/1114
f 2215/1142/1125 1352/1041/1032 92/1043/1034
f 2275/1143/1126 1437/1087/1076 99/1088/1077
f 223/1144/1127 99/1088/1077 1555/1141/1124
f 1367/1031/1024 2224/1049/1040 204/1050/994
f 210/1150/994 2279/1167/1146 1431/1151/1133
f 1342/1001/995 79/1000/994 205/1030/994
f 94/1040/1031 222/1029/1023 2299/1095/1082
f 2250/1156/1136 1391/1747/1760 2373/1157/1137
f 227/1158/1138 2373/1157/1137 1509/1159/1139
f 1366/1044/1035 2215/1142/1125 219/1110/1096
f 2274/1166/1145 1443/1804/1817 2279/1167/1146
f 1436/1168/1147 2274/1166/1145 210/1150/994
f 83/1174/1153 208/1187/1165 2254/1175/1154
f 2229/1176/1155 1372/1182/1161 80/1177/1156
f 1357/1181/1160 2229/1176/1155 206/1066/994
f 1372/1182/1161 2244/1205/1183 207/1074/1063
f 208/1187/1165 2249/1190/1168 1410/1188/1166
f 2259/1189/1167 1392/1756/1769 2249/1190/1168
f 2275/1143/1126 223/1144/1127 2370/1195/1173
f 1427/1197/1175 84/1091/994 209/1093/994
f 223/1144/1127 2354/1145/1128 1560/1198/1176
f 2284/1169/1148 210/1150/994 84/1091/994
f 80/1177/1156 207/1074/1063 2239/1076/1065
f 2250/1156/1136 227/1158/1138 2377/1203/1181
f 2244/1205/1183 1382/1212/1190 83/1174/1153
f 224/1059/1049 2324/1116/1102 1500/1206/1184
f 227/1158/1138 2329/1160/1140 1526/1207/1185
f 2219/1152/1134 205/1030/994 81/1032/994
f 204/1050/994 82/1036/994 1346/1038/1029
f 209/1093/994 2264/1092/1080 1351/1211/1189
f 1382/1212/1190 2259/1189/1167 208/1187/1165
s 3
f 599/1213/1191 602/1216/1194 605/1214/1192
f 602/1216/1194 603/1227/1203 606/1217/1195
f 605/1214/1192 606/1217/1195 607/1219/1197
f 608/1220/1198 611/1226/1202 610/1221/1199
f 609/1223/1201 612/1233/1204 611/1224/1202
f 611/1226/1202 606/1217/1195 603/1227/1203
f 612/1228/1204 607/1219/1197 606/1217/1195
f 601/537/1205 604/2081/2694 614/1229/1206
f 613/1230/1207 614/1229/1206 612/1233/1209
f 614/1229/1206 615/1232/2695 607/1234/1211
f 634/1235/1212 637/1239/1216 636/1236/1213
f 635/1238/1215 638/1241/1218 637/1239/1216
f 637/1239/1216 639/1242/1219 646/1240/1217
f 632/1243/655 640/1246/1222 643/1244/1220
f 640/1246/1222 641/1252/1989 644/1247/1223
f 642/1245/1221 643/1244/1220 638/1241/1218
f 643/1244/1220 644/1247/1223 639/1248/1219
f 645/1249/1224 648/1251/1226 647/1250/1225
f 646/1240/1217 639/1242/1219 648/1251/1226
f 648/1251/1226 644/1247/1228 641/1252/1227
f 649/668/685 652/2668/1231 654/1253/1229
f 653/1254/1230 654/1253/1229 666/1257/1233
f 654/1253/1229 655/1256/1232 656/1259/1235
f 650/1260/1236 657/1263/1239 660/1261/1237
f 657/1263/1239 658/1270/1987 661/1264/1240
f 659/1262/1241 660/1261/1237 655/1256/1242
f 660/1261/1237 661/1264/1240 656/1259/1244
f 662/1265/1245 665/2669/1248 664/1266/1246
f 663/1258/1234 666/1257/1233 665/1268/1248
f 665/1268/1248 661/1264/1250 658/1270/1249
f 666/1257/1233 656/1259/1235 661/1264/1250
f 717/628/647 720/2670/1253 722/1272/1251
f 721/1273/1252 722/1272/1251 733/1276/1255
f 722/1272/1251 723/1275/2696 724/1278/1257
f 718/594/617 725/1281/1260 727/1279/1258
f 725/1281/1260 726/1286/1267 728/1282/1261
f 727/1279/1258 728/1282/1261 724/1278/1263
f 729/1283/1264 732/1285/1266 731/1284/1265
f 730/1277/1256 733/1276/1268 732/1285/1266
f 732/1285/1266 728/1282/1261 726/1286/1267
f 733/1276/1268 724/1278/1263 728/1282/1261
f 752/1287/1269 755/1290/1272 754/1288/1270
f 753/1289/1271 756/1299/1281 755/1290/1272
f 755/1290/1272 767/1293/1275 764/1291/1273
f 755/1290/1272 756/1299/1281 757/1292/1274
f 758/1294/1276 761/1297/1279 760/1295/1277
f 759/1296/1278 762/1298/1280 761/1297/1279
f 761/1297/1279 756/1299/1281 753/1289/1271
f 762/1298/1280 757/1292/1274 756/1299/1281
f 763/1300/1282 766/1302/1284 765/1301/1283
f 764/1291/1273 767/1293/1275 766/1302/1284
f 765/1301/1283 766/1302/1284 762/1298/1280
f 766/1302/1284 767/1293/1275 757/1292/1274
f 768/670/687 771/1305/1287 773/1303/1285
f 771/1305/1287 772/1314/1297 774/1306/1288
f 773/1303/1285 774/1306/1288 775/1308/1290
f 776/1309/1292 779/1313/1296 778/1310/1293
f 777/1312/1295 780/1315/1298 779/1313/1296
f 779/1313/1296 774/1306/1299 772/1314/1297
f 780/1315/1298 775/1308/1304 774/1306/1299
f 770/606/626 781/2078/1302 783/1316/1300
f 782/1317/1301 783/1316/1300 780/1315/1298
f 783/1316/1300 784/1307/1303 775/1308/1304
s 4
f 788/1319/1305 791/1322/1308 790/1320/1306
f 793/1327/1313 791/1331/1308 795/1328/1314
s 9
f 796/1326/1312 792/1325/1311 794/1330/1318
s 4
f 813/1349/1334 823/1353/1338 821/1351/1336
f 813/1349/1334 814/2671/1344 816/1352/1337
s 13
f 817/1354/1339 818/1356/2697 819/1355/1340
s 4
f 820/1358/1347 821/1351/2241 823/1353/1348
f 822/1360/1349 823/1353/1348 816/1352/1351
f 832/1371/1365 829/1367/1354 828/1365/1355
s 18
f 843/1382/1375 844/1381/1378 840/1377/1376
f 844/1381/1378 846/1385/2698 841/1378/1379
s 19
f 845/1387/1380 842/2664/2699 847/1388/1381
s 4
f 851/1389/1383 854/1393/1387 853/1390/1384
f 857/1397/1390 855/1405/1389 858/1398/1391
f 859/1402/1393 862/1404/1395 861/1403/1394
f 860/1395/1388 854/1394/1387 862/1404/1395
f 862/1404/1395 855/1405/1389 857/1397/1390
s 21
f 867/1412/1400 871/1411/2700 870/1413/1401
s 22
f 868/1417/1405 866/1419/1410 873/1418/1406
s 4
f 877/1420/1412 880/1423/1415 879/1421/1413
f 882/1428/1419 881/1426/1417 878/1422/1414
f 885/1432/1421 888/1434/1423 887/1433/1422
f 886/1425/1416 880/1424/1415 888/1434/1423
f 888/1434/1423 880/1424/1415 881/1426/1417
s 24
f 896/1439/1427 2382/1446/2701 894/1440/1428
s 25
f 897/1442/1432 893/2210/2702 892/1444/1433
f 898/1445/1434 892/1444/1433 894/1448/1437
s 4
f 899/769/785 902/1452/1442 905/1449/1439
f 903/1451/1441 906/1454/1444 905/1449/1439
f 905/1449/1439 916/1455/1445 913/1453/1443
s 5
f 900/740/756 907/1458/1448 910/1456/1446
f 907/1458/1448 908/2105/2117 911/1459/1449
f 909/1457/1447 910/1456/1446 906/1460/1450
s 27
f 910/1456/1452 911/1459/2703 916/1462/1453
s 4
f 912/1463/1455 915/1465/1457 914/1464/1456
f 913/1453/1443 916/1455/1459 915/1465/1457
f 915/1465/1457 911/1468/1460 908/1466/1458
f 920/1469/1461 923/1472/1464 922/1470/1462
f 921/1471/1463 924/1474/1466 923/1472/1464
f 923/1472/1464 934/1475/1467 931/1473/1465
s 5
f 918/778/794 925/1478/1470 928/1476/1468
f 925/1478/1470 926/2100/2110 929/1479/1471
f 927/1480/1469 928/1481/1468 924/1474/1472
s 28
f 928/1481/1474 929/1487/2704 934/1482/1475
s 4
f 930/1483/1477 933/1485/1479 932/1484/1478
f 931/1473/1465 934/1475/1481 933/1485/1479
f 933/1485/1479 929/1487/1482 926/1486/1480
f 938/1488/1483 941/1491/1486 940/1489/1484
f 939/1490/1485 942/1499/1494 941/1491/1486
f 941/1491/1486 953/1494/1489 950/1492/1487
f 941/1491/1486 942/1499/1494 943/1493/1488
f 944/1495/1490 947/1498/1493 946/1496/1491
f 945/1497/1492 948/1503/1498 947/1498/1493
f 947/1498/1493 942/1499/1494 939/1490/1485
f 947/1498/1493 948/1503/1498 943/1493/1488
f 949/1500/1495 952/1502/1497 951/1501/1496
f 950/1492/1487 953/1494/1489 952/1502/1497
f 952/1502/1497 948/1503/1498 945/1497/1492
f 952/1502/1497 953/1494/1489 943/1493/1488
f 957/1504/1499 960/1507/1502 959/1505/1500
f 958/1506/1501 961/1509/1504 960/1507/1502
f 960/1507/1502 971/1510/1505 968/1508/1503
s 5
f 955/789/805 962/2091/1508 965/1511/1506
f 962/1513/1508 963/1522/2100 966/1514/1509
f 964/1512/1507 965/1511/1506 961/1516/1510
s 29
f 965/1515/1512 966/1514/2705 971/1518/1513
s 4
f 956/757/773 967/1521/1517 970/1519/1515
f 968/1508/1503 971/1510/1519 970/1519/1515
f 970/1519/1515 966/1514/1520 963/1522/1518
f 972/770/786 975/1525/1523 978/1523/1521
f 977/1524/1522 978/1523/1521 988/1527/1525
f 973/798/814 980/1533/1530 978/1531/1528
f 980/1533/1530 981/1539/1536 983/1534/1531
f 984/1535/1533 987/1538/1535 986/1536/1534
f 985/1528/1526 988/1527/1525 987/1538/1535
f 987/1538/1535 983/1534/1531 981/1539/1536
f 988/1527/1525 979/1530/1527 983/1534/1531
f 992/1540/1537 995/1543/1540 994/1541/1538
f 993/1542/1539 996/1545/1542 995/1543/1540
f 995/1543/1540 1006/1546/1543 1003/1544/1541
f 997/1547/1544 1000/1551/1547 999/1548/1545
f 998/1550/1546 1001/1552/1548 1000/1551/1547
f 1000/1551/1547 996/1545/1542 993/1542/1539
f 1001/1552/1548 1006/1556/1543 996/1545/1542
f 1002/1553/1549 1005/1555/1551 1004/1554/1550
f 1003/1544/1541 1006/1546/1543 1005/1555/1551
f 1005/1555/1551 1001/1552/1548 998/1550/1546
f 1007/809/825 1010/1559/1554 1013/1557/1552
f 1010/1559/1554 1011/1568/1562 1014/1560/1555
f 1015/1563/1557 1018/1567/1561 1017/1564/1558
f 1016/1566/1559 1014/1572/1568 1018/1567/1560
f 1018/1567/1561 1014/1560/1555 1011/1568/1562
f 1009/799/815 1019/1571/2203 1022/1569/1563
s 30
f 1019/1571/1565 1020/1562/2706 1013/1561/1566
s 4
f 1021/1570/1564 1022/1569/2707 1014/1572/1568
f 1026/1573/1570 1029/1576/1573 1028/1574/1571
f 1027/1575/1572 1030/1585/1575 1029/1576/1573
f 1029/1576/1573 1040/1579/1576 1037/1577/1574
f 1031/1580/1577 1034/1583/1580 1033/1581/1578
f 1032/1582/1579 1035/1584/1581 1034/1583/1580
f 1034/1583/1580 1030/1585/1575 1027/1575/1572
f 1036/1586/1582 1039/1589/1584 1038/1587/1583
f 1037/1577/1574 1040/1579/1576 1039/1589/1584
f 1039/1589/1584 1035/1584/1581 1032/1582/1579
f 1040/1579/1576 1030/1578/1575 1035/1584/1581
f 1041/830/846 1044/1592/1587 1047/1590/1585
f 1044/1592/1587 1045/1602/1596 1048/1593/1588
f 1046/1591/1586 1047/1590/1585 1059/1594/1589
f 1047/1590/1585 1048/1593/1588 1049/1596/1591
f 1050/1597/1592 1053/1601/1595 1052/1598/1593
f 1051/1600/1594 1054/1603/1597 1053/1601/1595
f 1053/1601/1595 1048/1593/1598 1045/1602/1596
f 1054/1603/1597 1049/1596/2708 1048/1593/1598
f 1043/1604/1599 1055/1607/1602 1058/1605/1600
f 1055/1607/1602 1056/1595/2219 1059/1594/1603
f 1057/1606/1601 1058/1605/1600 1054/1603/1604
f 1058/1605/1600 1059/1594/1603 1049/1596/1605
f 1060/701/717 1063/2193/1608 1065/1608/1606
f 1064/1609/1607 1065/1608/1606 1077/1612/1610
f 1065/1608/1606 1066/1611/1609 1067/1614/1612
f 1061/804/820 1068/1617/1615 1071/1615/1613
f 1068/1617/1615 1069/1623/1624 1072/1618/1616
f 1070/1616/1617 1071/1615/1613 1066/1611/1618
f 1071/1615/1613 1072/1618/1616 1067/1614/1620
f 1073/1619/1621 1076/1622/1623 1075/1620/1622
f 1074/1613/1611 1077/1612/1610 1076/1622/1623
f 1076/1622/1623 1072/1618/1625 1069/1623/1624
f 1077/1612/1610 1067/1614/1612 1072/1618/1625
f 1078/834/850 1081/1626/1628 1084/1624/1626
f 1081/1626/1628 1082/1635/1636 1085/1627/1629
f 1084/1624/1626 1085/1627/1629 1086/1629/1631
f 1087/1630/1632 1090/1634/1635 1089/1631/1633
f 1088/1633/1634 1091/1636/1637 1090/1634/1635
f 1090/1634/1635 1085/1627/1629 1082/1635/1636
f 1091/1636/1637 1086/1629/1631 1085/1627/1629
f 1080/795/811 1092/1639/2230 1094/1637/1638
f 1092/1639/1640 1083/2200/2232 1095/1628/1641
f 1093/1638/1639 1094/1637/1638 1091/1636/1637
f 1094/1637/1638 1095/1628/1641 1086/1629/1631
f 1099/1640/1642 1102/1644/1646 1101/1641/1643
f 1100/1643/1645 1103/1653/1648 1102/1644/1646
f 1102/1644/1646 1113/1647/1649 1110/1645/1647
f 1104/1648/1650 1107/1651/1653 1106/1649/1651
f 1105/1650/1652 1108/1652/1654 1107/1651/1653
f 1107/1651/1653 1103/1653/1648 1100/1643/1645
f 1109/1654/1655 1112/1657/1657 1111/1655/1656
f 1110/1645/1647 1113/1647/1649 1112/1657/1657
f 1112/1657/1657 1108/1652/1654 1105/1650/1652
f 1113/1647/1649 1103/1646/1648 1108/1652/1654
f 1114/690/706 1117/1660/2255 1120/1658/1658
f 1119/1659/1659 1120/1658/1658 1130/1662/1663
f 1115/794/810 1122/1668/1668 1125/1666/1666
f 1122/1668/1668 1123/1674/1679 1130/1669/1669
f 1125/1666/1670 1120/1664/1674 1118/1661/1671
f 1125/1666/1670 1130/1669/1669 1121/1665/1673
f 1126/1670/1675 1129/1673/1677 1128/1671/1676
f 1127/1663/1664 1130/1662/1663 1129/1673/1677
f 1129/1673/1678 1130/1669/1669 1123/1674/1679
s 6
f 1181/1675/1680 1184/1678/1683 1187/1676/1681
f 1184/1678/1683 1185/1687/1692 1188/1679/1684
f 1187/1676/1681 1188/1679/1684 1189/1681/1686
f 1190/1682/1687 1193/1686/1691 1192/1683/1688
f 1191/1685/1690 1194/1688/1693 1193/1686/1691
f 1193/1686/1691 1188/1679/1684 1185/1687/1692
f 1194/1688/1693 1189/1681/1686 1188/1679/1684
f 1183/882/893 1195/2432/2709 1197/1689/1694
f 1195/1691/1696 1186/2672/2710 1198/1680/1697
f 1196/1693/1695 1197/1692/1694 1194/1688/1698
f 1197/1692/1694 1198/1680/1697 1189/1681/1700
f 1219/1012/1006 1222/2673/1703 1224/1694/1701
f 1223/1695/1702 1224/1694/1701 1236/1698/1705
f 1224/1694/1701 1225/1697/1704 1226/1700/1707
f 1220/1701/1708 1227/2330/1711 1230/1702/1709
f 1227/1704/1711 1228/1712/2369 1231/1705/1712
f 1229/1707/1713 1230/1706/1709 1225/1697/1714
f 1230/1706/1709 1231/1705/1712 1226/1700/1716
f 1232/1708/1717 1235/1711/1720 1234/1709/1718
f 1233/1699/1706 1236/1698/1705 1235/1711/1720
f 1235/1711/1720 1231/1705/1722 1228/1712/1721
f 1236/1698/1705 1226/1700/1707 1231/1705/1722
f 1287/972/969 1290/2674/1725 1292/1713/1723
f 1291/1714/1724 1292/1713/1723 1303/1717/1727
f 1292/1713/1723 1293/1716/2711 1294/1719/1729
f 1288/939/944 1295/1722/1732 1297/1720/1730
f 1295/1722/1732 1296/1727/1739 1298/1723/1733
f 1297/1720/1730 1298/1723/1733 1294/1719/1735
f 1299/1724/1736 1302/1726/1738 1301/1725/1737
f 1300/1718/1728 1303/1717/1740 1302/1726/1738
f 1302/1726/1738 1298/1723/1733 1296/1727/1739
f 1303/1717/1740 1294/1719/1735 1298/1723/1733
f 1324/1014/1008 1327/1730/1743 1330/1728/1741
f 1327/1730/1743 1328/2414/1752 1331/1731/1744
f 1330/1728/1741 1331/1731/1744 1332/1733/1746
f 1333/1734/1747 1336/1738/1751 1335/1735/1748
f 1334/1737/1750 1337/1740/1753 1336/1738/1751
f 1336/1738/1751 1331/1741/1754 1328/1739/1752
f 1337/1740/1753 1332/1746/1759 1331/1741/1754
f 1326/951/953 1329/2429/1757 1339/1742/1755
f 1338/1743/1756 1339/1742/1755 1337/1740/1753
f 1339/1742/1755 1340/1745/2712 1332/1746/1759
s 7
f 1391/1747/1760 1394/1750/1763 1396/1748/1761
f 1394/1750/1763 1395/1761/1772 1397/1751/1764
f 1396/1748/1761 1397/1751/1764 1398/1753/1766
f 1399/1754/1767 1402/1760/1771 1401/1755/1768
f 1400/1757/1770 1403/1767/1773 1402/1758/1771
f 1402/1760/1771 1397/1751/1764 1395/1761/1772
f 1403/1762/1773 1398/1753/1766 1397/1751/1764
f 1393/1071/1060 1404/2654/1776 1406/1763/1774
f 1405/1764/1775 1406/1763/1774 1403/1767/1778
f 1406/1763/1774 1407/1766/2713 1398/1768/1779
f 1411/1769/1780 1414/1772/1783 1413/1770/1781
f 1412/1771/1782 1415/1781/1785 1414/1772/1783
f 1414/1772/1783 1425/1775/1786 1422/1773/1784
f 1416/1776/1787 1419/1780/1790 1418/1777/1788
f 1417/1779/1789 1420/1782/1791 1419/1780/1790
f 1418/1777/1788 1419/1780/1790 1415/1781/1785
f 1410/1188/1166 1421/1785/1794 1424/1783/1792
f 1421/1785/1794 1422/1773/2544 1425/1775/1795
f 1423/1784/1793 1424/1783/1792 1420/1782/1796
f 1424/1783/1798 1425/1775/1786 1415/1774/1785
f 1441/1786/1174 1444/2675/1801 1446/1787/1799
f 1445/1788/1800 1446/1787/1799 1458/1791/1803
f 1446/1787/1799 1447/1790/1802 1448/1793/1805
f 1442/1794/1806 1449/1797/1809 1452/1795/1807
f 1449/1797/1809 1450/2551/2584 1453/1798/1810
f 1451/1796/1811 1452/1795/1807 1447/1799/1812
f 1452/1795/1807 1453/1798/1810 1448/1801/1814
f 1454/1802/1815 1457/1805/1818 1456/1803/1816
f 1455/1792/1804 1458/1791/1803 1457/1805/1818
f 1457/1805/1818 1453/1807/1820 1450/1806/1819
f 1458/1791/1803 1448/1793/1805 1453/1807/1820
f 1509/1159/1139 1512/2659/1823 1514/1808/1821
f 1513/1809/1822 1514/1808/1821 1525/1812/1825
f 1514/1808/1821 1515/1811/1824 1516/1814/1827
f 1510/1128/1114 1517/1817/1830 1519/1815/1828
f 1517/1817/1830 1518/1828/1838 1520/1818/1831
f 1519/1815/1828 1520/1818/1831 1516/1821/1833
f 1521/1823/1835 1524/1827/1837 1523/1824/1836
f 1522/1813/1826 1525/1812/1839 1524/1825/1837
f 1524/1827/1837 1520/1818/1831 1518/1828/1838
f 1525/1812/1839 1516/1814/1833 1520/1829/1831
f 1529/1830/1840 1532/1833/1843 1531/1831/1841
f 1530/1832/1842 1533/1843/1851 1532/1833/1843
f 1532/1833/1843 1544/1836/1846 1541/1834/1844
f 1532/1833/1843 1533/1843/1851 1534/1835/1845
f 1535/1837/1847 1538/1840/1850 1537/1838/1848
f 1535/1837/1847 1536/1849/1856 1539/1839/1849
f 1538/1841/1850 1533/1843/1851 1530/1832/1842
f 1538/1841/1850 1539/1851/1849 1534/1835/1845
f 1540/1844/1852 1543/1847/1855 1542/1845/1853
f 1541/1834/1844 1544/1836/1846 1543/1847/1855
f 1543/1848/1855 1539/1839/1849 1536/1849/1856
f 1544/1836/1846 1534/1835/1845 1539/1851/1849
f 1560/1198/1176 1563/1854/1859 1565/1852/1857
f 1563/1854/1859 1564/1863/1869 1566/1855/1860
f 1565/1852/1857 1566/1855/1860 1567/1857/1862
f 1568/1858/1864 1571/1862/1868 1570/1859/1865
f 1569/1861/1867 1572/1864/1870 1571/1862/1868
f 1571/1862/1868 1566/1855/1871 1564/1863/1869
f 1572/1864/1870 1567/1857/1876 1566/1855/1871
f 1562/1140/1123 1573/2649/1874 1575/1865/1872
f 1574/1866/1873 1575/1865/1872 1572/1864/1870
f 1575/1865/1872 1576/1856/1875 1567/1857/1876
s 3
f 570/514/541 1712/513/540 1714/1868/1877
f 573/1870/1878 1714/1876/1877 1715/1871/1879
f 572/1872/1881 1715/1871/1886 1716/1873/1882
f 1716/1873/1882 1713/631/650 569/672/689
f 1712/513/540 554/504/531 556/1875/1884
f 1714/1876/1877 556/1914/1884 557/1877/1885
f 1715/1871/1886 557/1877/1924 558/1878/1887
f 558/1878/1887 555/524/550 1713/631/650
f 1717/550/575 1719/1885/1889 578/1879/1888
f 1719/1880/1889 1720/1883/1895 577/1881/1890
f 1720/1883/1891 1721/1888/1897 576/1884/1892
f 576/1884/1892 1721/1888/1897 1718/608/628
f 559/682/698 561/1955/1894 1719/1885/1889
f 561/1886/1894 562/1887/1963 1720/1883/1895
f 562/1887/1896 563/1958/1965 1721/1888/1897
f 1721/1888/1897 563/1958/1965 560/507/534
f 1722/620/640 1724/1895/1899 553/1889/1898
f 1724/1890/1899 1725/1893/1904 552/1891/1900
f 1725/1893/1901 1726/1896/1905 551/1894/1902
f 551/1894/1902 1726/1896/1905 1723/493/523
f 570/514/541 573/1869/1878 1724/1895/1899
f 573/1870/1878 572/1872/1880 1725/1893/1904
f 572/1872/1881 571/1874/1883 1726/1896/1905
f 1726/1896/1905 571/1874/1883 569/672/689
f 565/650/668 1727/515/542 1729/1897/1906
f 568/1899/1907 1729/1904/1906 1730/1900/1908
f 567/1901/1910 1730/1900/1913 1731/1902/1911
f 1731/1902/1911 1728/512/539 564/499/527
f 1727/515/542 575/497/526 578/1879/1888
f 1729/1904/1906 578/1882/1888 577/1881/1890
f 1730/1900/1913 577/1881/1893 576/1884/1892
f 576/1884/1892 574/510/537 1728/512/539
f 580/1905/669 1732/2676/663 1734/1906/1914
f 583/1907/1915 1734/1906/1914 1735/1908/1916
f 582/1909/1918 1735/1908/1921 1736/1910/1919
f 1736/1910/1919 1733/501/529 579/518/544
f 1732/645/663 565/650/668 568/1898/1907
f 1734/1906/1914 568/1899/1907 567/1901/1909
f 1735/1908/1921 567/1901/1910 566/1903/1912
f 566/1903/1912 564/499/527 1733/501/529
f 554/504/531 1737/503/530 1739/1913/1922
f 556/1914/1884 1739/1918/1922 1740/1915/1923
f 557/1877/1924 1740/1915/1928 1741/1916/1925
f 1741/1916/1925 1738/522/548 555/524/550
f 1737/503/530 584/533/558 586/1917/1926
f 1739/1918/1922 586/1922/1926 587/1919/1927
f 1740/1915/1928 587/1919/1932 588/1920/1929
f 588/1920/1929 585/521/547 1738/522/548
f 584/533/558 1742/542/567 1744/1921/1930
f 586/1922/1926 1744/1926/1930 1745/1923/1931
f 587/1919/1932 1745/1923/1936 1746/1924/1933
f 1746/1924/1933 1743/519/545 585/521/547
f 1742/542/567 594/541/566 596/1925/1934
f 1744/1926/1930 596/1946/1934 597/1927/1935
f 1745/1923/1936 597/1927/1954 598/1928/1937
f 598/1928/1937 595/531/557 1743/519/545
f 590/1929/699 1747/1936/692 1749/1930/1938
f 593/1931/1939 1749/1930/1938 1750/1932/1940
f 592/1933/1942 1750/1932/1945 1751/1934/1943
f 1751/1934/1943 1748/526/552 589/528/554
f 1747/1936/692 580/1905/669 583/1907/1915
f 1749/1930/1938 583/1907/1915 582/1909/1917
f 1750/1932/1945 582/1909/1918 581/1911/1920
f 581/1911/1920 579/518/544 1748/526/552
f 1752/662/679 1754/1938/1947 620/1937/1946
f 1754/1938/1947 1755/1940/1949 619/1939/1948
f 1755/1940/1949 1756/1944/1951 618/1941/1950
f 1756/1942/1951 1753/675/644 616/538/563
f 600/1222/1200 610/1221/1199 1754/1938/1947
f 610/1221/1199 603/1227/1203 1755/1940/1949
f 603/1227/1203 602/1216/1194 1756/1944/1951
f 602/1216/1194 599/1213/1191 1753/624/644
f 594/541/566 1757/644/662 1759/1945/1952
f 596/1946/1934 1759/2677/1956 1760/1947/1953
f 597/1927/1954 1760/1947/1957 1761/1948/1955
f 598/1928/1937 1761/1948/1955 1758/529/555
f 1757/644/662 617/660/677 620/1937/1946
f 1759/1945/1956 620/1937/1946 619/1939/1948
f 1760/1947/1957 619/2678/1948 618/1943/1950
f 618/1943/1950 616/538/563 1758/529/555
f 600/1950/1200 1762/1954/678 1764/1951/1958
f 608/1225/1198 1764/1951/1958 1765/1952/1959
f 609/1223/1210 1765/1952/1961 1766/1953/1960
f 613/1230/1207 1766/1953/1960 1763/535/560
f 1762/1954/678 590/1929/699 593/1931/1939
f 1764/1951/1958 593/1931/1939 592/1933/1941
f 1765/1952/1961 592/1933/1942 591/1935/1944
f 1766/1953/1960 591/1935/1944 589/528/554
f 1767/558/583 1769/1959/1962 561/1955/1894
f 1769/1956/1962 1770/1957/1967 562/1887/1963
f 1770/1957/1964 1771/1962/1969 563/1958/1965
f 563/1958/1965 1771/1962/1969 1768/654/671
f 626/619/639 628/1976/1966 1769/1959/1962
f 628/1960/1966 629/1961/1982 1770/1957/1967
f 629/1961/1968 630/1979/1984 1771/1962/1969
f 1771/1962/1969 630/1979/1984 627/547/572
f 1772/490/520 1774/1969/1971 625/1963/1970
f 1774/1964/1971 1775/1967/1976 624/1965/1972
f 1775/1967/1973 1776/1970/1977 623/1968/1974
f 623/1968/1974 1776/1970/1977 1773/543/568
f 550/492/522 553/1889/1898 1774/1969/1971
f 553/1892/1898 552/1891/1900 1775/1967/1976
f 552/1891/1903 551/1894/1902 1776/1970/1977
f 1776/1970/1977 551/1894/1902 549/505/532
f 651/1267/1247 1777/635/653 1779/1971/1978
f 662/1269/1245 1779/1975/1978 1780/1972/1979
f 663/1258/1234 1780/1972/1979 1781/1973/1980
f 653/1254/1230 1781/1973/1980 1778/609/629
f 1777/635/653 632/637/655 642/1974/1221
f 1779/1975/1978 642/1245/1221 635/1238/1215
f 1780/1972/1979 635/1238/1215 634/1235/1212
f 1781/1973/1980 634/1235/1212 631/1237/1214
f 1782/636/654 1784/1981/1981 628/1976/1966
f 1784/1977/1981 1785/1978/1986 629/1961/1982
f 1785/1978/1983 1786/1980/1985 630/1979/1984
f 1786/1980/1985 1783/555/580 627/547/572
f 651/1267/1247 664/1266/1246 1784/1981/1981
f 664/1271/1246 658/1270/1249 1785/1978/1986
f 658/1270/1987 657/1263/1239 1786/1980/1985
f 657/1263/1239 650/1260/1236 1783/555/580
f 1787/638/656 1789/1986/1988 640/1982/1222
f 1789/1983/1988 1790/1984/1992 641/1252/1989
f 1790/1984/1990 1791/1985/1991 647/1250/1225
f 1791/1985/1991 1788/551/576 633/553/578
f 622/669/686 625/1963/1970 1789/1986/1988
f 625/1966/1970 624/1965/1972 1790/1984/1992
f 624/1965/1975 623/1968/1974 1791/1985/1991
f 623/1968/1974 621/545/570 1788/551/576
f 1794/1988/1994 1795/1990/1996 690/1989/1995
f 1796/1992/1998 1793/680/696 687/681/697
f 672/580/603 674/1993/1999 1794/1988/1994
f 674/1993/1999 675/1994/2000 1795/1990/1996
f 676/1995/2001 673/679/695 1793/680/696
f 693/574/597 1797/573/596 1799/1996/2002
f 696/1997/2003 1799/1996/2002 1800/1998/2004
f 695/1999/2005 1800/1998/2004 1801/2000/2006
f 1797/573/596 677/577/600 679/2002/2008
f 1799/1996/2002 679/2002/2008 680/2003/2009
f 1800/1998/2004 680/2003/2009 681/2004/2010
f 1801/2000/2006 681/2004/2010 678/615/635
f 668/570/593 1802/561/585 1804/2005/2011
f 671/2006/2012 1804/2005/2011 1805/2007/2013
f 670/2008/2014 1805/2007/2013 1806/2009/2015
f 669/2010/2016 1806/2009/2015 1803/632/651
f 1802/561/585 688/560/584 691/1987/1993
f 1804/2005/2011 691/1987/1993 690/1989/1995
f 1805/2007/2013 690/1989/1995 689/1991/1997
f 1806/2009/2015 689/1991/1997 687/681/697
f 1807/575/598 1809/2012/2018 686/2011/2017
f 1809/2012/2018 1810/2014/2020 685/2013/2019
f 1810/2014/2020 1811/2016/2022 684/2015/2021
f 1811/2016/2022 1808/653/670 682/673/690
f 693/574/597 696/1997/2003 1809/2012/2018
f 696/1997/2003 695/1999/2005 1810/2014/2020
f 694/2001/2007 692/617/637 1808/653/670
f 1812/566/589 1814/2018/2024 701/2017/2023
f 1814/2018/2024 1815/2020/2026 700/2019/2025
f 1815/2020/2026 1816/2022/2028 699/2021/2027
f 1816/2022/2028 1813/583/606 697/567/590
f 683/616/636 686/2011/2017 1814/2018/2024
f 686/2011/2017 685/2013/2019 1815/2020/2026
f 685/2013/2019 684/2015/2021 1816/2022/2028
f 684/2015/2021 682/673/690 1813/583/606
f 1819/2023/2029 1820/2024/2030 675/1994/2000
f 1820/2024/2030 1821/2025/2031 676/1995/2001
f 1821/2025/2031 1818/563/587 673/679/695
f 702/586/609 704/2026/2032 1819/2023/2029
f 704/2026/2032 705/2027/2033 1820/2024/2030
f 705/2027/2033 706/2028/2034 1821/2025/2031
f 706/2028/2034 703/630/649 1818/563/587
f 1822/587/610 1824/2029/2035 704/2026/2032
f 1824/2029/2035 1825/2030/2036 705/2027/2033
f 1825/2030/2036 1826/2031/2037 706/2028/2034
f 1826/2031/2037 1823/674/691 703/630/649
f 712/591/614 714/2032/2038 1824/2029/2035
f 714/2032/2038 715/2033/2039 1825/2030/2036
f 715/2033/2039 716/2034/2040 1826/2031/2037
f 716/2034/2040 713/671/688 1823/674/691
f 1829/2036/2042 1830/2038/2044 710/2037/2043
f 1830/2038/2044 1831/2040/2046 709/2039/2045
f 1831/2040/2046 1828/569/592 707/590/613
f 698/647/665 701/2017/2023 1829/2036/2042
f 701/2017/2023 700/2019/2025 1830/2038/2044
f 699/2021/2027 697/567/590 1828/569/592
f 735/678/694 1832/629/648 1834/2041/2047
f 738/2042/2048 1834/2041/2047 1835/2043/2049
f 737/2044/2050 1835/2043/2049 1836/2045/2051
f 736/2046/2052 1836/2045/2051 1833/664/681
f 1832/629/648 717/628/647 721/1273/1252
f 1834/2041/2047 721/1273/1252 730/1277/1256
f 1835/2043/2049 730/1277/1256 729/1283/1264
f 1836/2045/2051 729/1283/1264 719/665/682
f 1837/593/616 1839/2047/2053 714/2032/2038
f 1839/2047/2053 1840/2048/2054 715/2033/2039
f 1840/2048/2054 1841/2049/2055 716/2034/2040
f 1841/2049/2055 1838/648/666 713/671/688
f 735/678/694 738/2042/2048 1839/2047/2053
f 738/2042/2048 737/2044/2050 1840/2048/2054
f 737/2044/2050 736/2046/2052 1841/2049/2055
f 736/2046/2052 734/666/683 1838/648/666
f 1842/588/611 1844/2050/2056 725/1281/1260
f 1845/2051/2057 1846/2052/2058 731/1284/1265
f 1846/2052/2058 1843/663/680 719/665/682
f 711/2035/2041 710/2037/2043 1845/2051/2057
f 710/2037/2043 709/2039/2045 1846/2052/2058
f 709/2039/2045 707/590/613 1843/663/680
f 677/577/600 1847/598/619 1849/2053/2059
f 679/2002/2008 1849/2053/2059 1850/2054/2060
f 680/2003/2009 1850/2054/2060 1851/2055/2061
f 681/2004/2010 1851/2055/2061 1848/658/675
f 1847/598/619 744/599/620 746/2056/2062
f 1849/2053/2059 746/2056/2062 747/2057/2063
f 1850/2054/2060 747/2057/2063 748/2058/2064
f 740/600/621 1852/571/594 1854/2059/2065
f 743/2060/2066 1854/2059/2065 1855/2061/2067
f 742/2062/2068 1855/2061/2067 1856/2063/2069
f 741/2064/2070 1856/2063/2069 1853/604/624
f 1852/571/594 668/570/593 671/2006/2012
f 1854/2059/2065 671/2006/2012 670/2008/2014
f 1856/2063/2069 669/2010/2016 667/595/618
f 1857/613/633 1859/2065/2071 771/1305/1287
f 1859/2065/2071 1860/2066/2072 772/1314/1297
f 1860/2066/2072 1861/2067/2073 778/1310/1293
f 1861/2067/2073 1858/642/660 769/1311/1294
f 749/612/632 754/1288/1270 1859/2065/2071
f 754/1288/1270 764/1291/1273 1860/2066/2072
f 764/1291/1273 763/1300/1282 1861/2067/2073
f 763/1300/1282 751/639/657 1858/642/660
f 746/2056/2062 1864/2068/2074 1865/2069/2075
f 747/2057/2063 1865/2069/2075 1866/2070/2076
f 748/2058/2064 1866/2070/2076 1863/641/659
f 1862/605/625 770/606/626 782/1317/1301
f 1864/2068/2074 782/1317/1301 777/1312/1295
f 1866/2070/2076 776/1309/1292 769/1311/1294
f 758/1294/1276 1869/2071/2077 1870/2072/2078
f 759/1296/1278 1870/2072/2078 1871/2073/2079
f 765/1301/1283 1871/2073/2079 1868/640/658
f 1867/601/622 740/600/621 743/2060/2066
f 1869/2071/2077 743/2060/2066 742/2062/2068
f 1870/2072/2078 742/2062/2068 741/2064/2070
f 1871/2073/2079 741/2064/2070 739/603/623
f 1872/554/579 1874/2074/2080 645/1249/1224
f 1874/2074/2080 1875/2075/2081 646/1240/1217
f 1875/2075/2081 1876/2076/2082 636/1236/1213
f 1876/2076/2082 1873/610/630 631/1237/1214
f 750/607/627 760/1295/1277 1874/2074/2080
f 760/1295/1277 753/1289/1271 1875/2075/2081
f 753/1289/1271 752/1287/1269 1876/2076/2082
f 752/1287/1269 749/612/632 1873/610/630
f 770/606/626 1877/556/581 1879/2077/2083
f 781/1304/1286 1880/2080/2089 1878/667/684
f 1877/556/581 650/1260/1236 659/1262/2087
s 32
f 1879/2077/2085 659/1262/2714 652/1255/2088
s 3
f 1880/2080/2089 652/2668/1231 649/668/685
f 1881/536/561 1883/2083/2092 604/2081/2090
f 1883/2082/2091 1882/625/645 599/1213/1191
f 718/594/617 720/1280/1259 1883/2083/2092
f 720/2084/1253 717/2679/647 1882/625/645
s 4
f 1888/2087/2095 1885/750/766 917/732/748
f 1884/748/764 935/764/780 940/1489/1484
s 5
f 1896/2092/2099 1897/2095/2101 963/1522/2100
f 1896/2092/2099 927/1480/1469 921/1471/1473
s 4
f 912/1463/1455 1900/2096/2106 1901/2097/2107
f 1898/784/800 936/743/759 946/1496/1491
s 5
f 1903/738/754 1905/2099/2114 925/1478/1470
f 1905/2099/2109 1906/2102/2111 926/2100/2110
f 1903/738/754 900/740/756 909/1457/1447
f 1905/2099/2109 909/1457/1447 903/1461/1451
f 1907/739/755 1909/2104/2116 907/1458/1448
f 1909/2104/2116 1910/2106/2120 908/2105/2117
s 4
f 1911/2108/2119 1908/719/735 901/788/804
s 5
f 1909/2104/2116 964/1512/1507 958/1517/1511
s 4
f 1910/2106/2118 958/1517/1501 957/2109/1499
f 1919/2116/2127 1920/2117/2129 834/488/2128
f 1920/2117/2129 1921/2118/2130 829/1364/1354
f 1917/747/763 787/733/749 797/1334/2125
f 1919/2116/2127 797/1334/2125 794/1335/1316
f 1920/2117/2129 794/1335/1316 793/1327/1313
f 1922/806/822 1924/2119/2132 817/1354/2131
f 1924/2119/2132 833/2122/2126 835/1374/2136
f 1925/2120/2134 835/1374/2715 832/1373/1360
f 863/1406/1396 1932/760/776 1934/2127/2143
f 866/1409/1397 1934/2127/2143 1935/2128/2144
f 867/1410/2716 1935/2128/2144 1936/2129/2147
f 850/751/767 861/1403/1394 1934/2127/2143
f 861/1403/1394 857/1397/1390 1935/2128/2144
f 857/1397/1390 856/1399/1392 1936/2129/2147
f 856/1399/1392 849/811/827 1933/827/843
f 1937/697/713 1939/2131/2149 869/1414/2148
f 1939/2131/2149 1940/2132/2151 867/1412/2150
f 1940/2132/2151 1941/2133/2152 873/1416/1404
f 1941/2133/2152 1938/755/771 865/759/775
f 1946/2138/2159 1943/783/799 836/833/849
f 1942/745/761 875/768/784 883/1430/2160
f 1946/2138/2159 877/1420/1412 874/781/797
f 1949/2139/2161 1950/2140/2162 882/1435/1419
f 1950/2140/2162 1951/2141/2163 887/1433/1422
f 1951/2141/2163 1948/687/703 876/772/788
f 1947/817/833 890/818/834 895/2142/2164
f 1950/2140/2162 896/1439/2165 892/1441/1425
f 974/1537/840 1957/2150/839 1959/2147/2172
f 977/1524/1522 1961/2149/2174 1958/771/787
f 1962/797/813 1964/2151/2175 1010/1559/1554
f 1964/2151/2175 1965/2152/2176 1011/1568/1562
f 1965/2152/2176 1966/2153/2177 1017/1564/1558
f 1966/2153/2177 1963/2154/727 1008/1565/729
f 991/796/812 1004/1554/1550 1964/2151/2175
f 1004/1554/1550 998/1550/1546 1965/2152/2176
f 998/1550/1546 997/1547/1544 1966/2153/2177
f 997/1547/1544 990/1549/841 1963/2154/727
f 1967/800/816 1969/2155/2178 980/1533/1530
f 1969/2155/2178 1970/2156/2179 981/1539/1536
f 1970/2156/2179 1971/2157/2180 986/1536/1534
f 1971/2157/2180 1968/2158/728 974/1537/840
f 1967/800/816 1009/799/815 1021/1570/1564
f 1969/2155/2178 1021/1570/1564 1016/1566/1559
f 1970/2156/2179 1016/1566/1559 1015/1563/1557
f 1971/2157/2180 1015/1563/1557 1008/1565/729
f 1042/1599/832 1052/1598/1593 1974/2160/2181
f 1062/1621/845 1977/2166/844 1979/2163/2184
f 1073/1619/1621 1979/2163/2184 1980/2164/2185
f 1074/1613/1611 1980/2164/2185 1981/2165/2186
f 1064/1609/1607 1981/2165/2186 1978/702/718
f 1977/2166/844 1025/1588/828 1038/1587/1583
f 1979/2163/2184 1038/1587/1583 1032/1582/1579
f 1980/2164/2185 1032/1582/1579 1031/1580/1577
f 1981/2165/2186 1031/1580/1577 1024/803/819
f 1982/802/818 1984/2167/2187 1068/1617/1615
f 1984/2167/2187 1985/2168/2188 1069/1623/1624
f 1985/2168/2188 1986/2169/2189 1075/1620/1622
f 1986/2169/2189 1983/2680/831 1062/1621/845
f 1987/822/838 1989/2171/2190 1081/1626/1628
f 1989/2171/2190 1990/2172/2191 1082/1635/1636
f 1990/2172/2191 1991/2173/2192 1089/1631/1633
f 1991/2173/2192 1988/2174/710 1079/1632/720
f 1096/1642/1644 1101/1641/1643 1989/2171/2190
f 1101/1641/1643 1110/1645/1647 1990/2172/2191
f 1110/1645/1647 1109/1654/1655 1991/2173/2192
f 1109/1654/1655 1098/1656/708 1988/2174/710
f 1097/792/808 1992/691/707 1994/2175/2193
f 1104/1648/1650 1994/2175/2193 1995/2176/2194
f 1105/1650/1652 1995/2176/2194 1996/2177/2195
f 1111/1655/1656 1996/2177/2195 1993/2178/835
f 1992/691/707 1114/690/706 1119/1659/1659
f 1994/2175/2193 1119/1659/1659 1127/1663/1664
f 1995/2176/2194 1127/1663/1664 1126/1670/1675
f 1996/2177/2195 1126/1670/1675 1116/1672/836
f 2002/657/674 2004/2183/2199 788/1319/1305
f 2004/2183/2199 2005/2184/2201 789/1321/2200
f 2005/2184/2201 2006/2185/2202 795/1328/1314
f 2006/2185/2202 2003/726/742 786/1329/1315
f 989/810/826 994/1541/1538 2004/2183/2199
f 994/1541/1538 1003/1544/1541 2005/2184/2201
f 1003/1544/1541 1002/1553/1549 2006/2185/2202
f 1002/1553/1549 991/796/812 2003/726/742
f 2007/736/752 2009/2186/2208 1019/1571/2203
s 33
f 2009/2186/2204 2010/2188/2210 1020/1562/2205
s 4
f 2010/2187/2207 2008/808/824 1007/809/825
f 825/1370/1359 831/1372/1361 2009/2186/2208
s 33
f 831/1372/2209 828/1365/2717 2010/2188/2210
s 4
f 827/1363/1353 824/807/823 2008/808/824
f 2011/710/726 2013/2189/2217 802/1336/1321
f 2013/2189/2212 2014/2190/2218 803/1338/2213
f 2014/2190/2215 2015/2191/2220 806/1343/2216
f 806/1343/1328 2015/2191/2221 2012/801/817
f 1041/830/846 1046/1591/1586 2013/2189/2217
f 1046/1591/1586 1056/1595/1590 2014/2190/2218
f 1056/1595/2219 1055/1607/1602 2015/2191/2220
f 2015/2191/2221 1055/1607/1602 1043/1604/1599
f 1060/701/717 2016/761/777 2018/2192/2222
f 1063/1610/1619 2018/2195/2223 2019/2194/2223
f 1070/1616/1614 2019/2194/2225 2017/758/774
f 2016/761/777 863/1406/1396 868/1408/1398
f 2018/2195/2223 868/1417/2718 872/1415/2224
f 2019/2194/2225 872/1415/1403 865/759/775
f 876/772/788 2020/773/789 2022/2196/2226
f 885/1432/1421 2022/2196/2226 2023/2197/2227
f 2023/2197/2227 2024/2198/2229 879/1421/1413
f 879/1421/1413 2024/2198/2229 2021/821/837
f 1097/792/808 1106/1649/1651 2022/2196/2226
f 1106/1649/1651 1100/1643/1645 2023/2197/2227
f 1100/1643/1645 1099/1640/1642 2024/2198/2229
f 2024/2198/2229 1099/1640/1642 1096/1642/1644
f 2025/775/791 2027/2201/2233 1092/1639/2230
f 1092/1639/1640 2027/2201/2234 2028/2199/2231
f 1083/1625/1627 2028/2202/2236 2026/832/848
f 2025/775/791 837/1380/1371 843/1382/1373
f 2027/2201/2234 843/1382/2235 839/1386/2235
f 2028/2202/2236 839/1375/1367 836/833/849
f 2029/699/715 2031/2203/2239 975/1525/1523
f 2031/2203/2237 2032/2205/2240 976/1526/1524
f 976/1526/1532 2032/2205/2242 2033/2204/2238
f 982/1532/1529 2033/2204/2243 2030/723/739
f 810/1348/1333 815/1350/1335 2031/2203/2239
f 815/1350/1335 821/1351/1336 2032/2205/2240
f 821/1351/2241 820/1358/1347 2033/2204/2238
f 2033/2204/2243 820/1358/1345 812/724/740
f 2034/752/768 2036/2206/2244 859/1402/1393
f 2036/2206/2244 2037/2207/2246 860/1395/2245
f 2037/2207/2246 2038/2208/2247 853/1390/1384
f 2038/2208/2247 2035/787/803 848/1391/1385
f 1024/803/819 1033/1581/1578 2036/2206/2244
f 1033/1581/1578 1027/1575/1572 2037/2207/2246
f 1027/1575/1572 1026/1573/1570 2038/2208/2247
f 2038/2208/2247 1026/1573/1570 1023/714/730
f 2039/780/796 2041/2209/2251 897/1442/1430
s 35
f 2041/2209/2248 2042/2212/2253 893/2210/2249
s 4
f 2042/2211/2250 2040/688/704 889/1436/1424
f 1115/794/810 1124/1667/1667 2041/2209/2251
s 35
f 2041/2209/2248 1124/1667/2719 1118/1661/2252
s 4
f 2042/2211/2250 1117/1660/2255 1114/690/706
s 6
f 1152/859/872 2043/858/871 2045/2213/2256
f 1155/2214/2257 2045/2213/2256 2046/2215/2258
f 1154/2216/2260 2046/2215/2265 2047/2217/2261
f 2047/2219/2261 2044/975/972 1151/1016/1010
f 2043/858/871 1136/849/862 1138/2221/2263
f 2045/2213/2256 1138/2221/2263 1139/2222/2264
f 2046/2215/2265 1139/2222/2303 1140/2223/2266
f 1140/2224/2266 1137/869/881 2044/975/972
f 2048/895/905 2050/2226/2268 1160/2225/2267
f 2050/2226/2268 2051/2228/2274 1159/2227/2269
f 2051/2228/2270 2052/2233/2276 1158/2229/2271
f 1158/2230/2271 2052/2234/2276 2049/953/955
f 1141/1025/1019 1143/2231/2273 2050/2226/2268
f 1143/2231/2273 1144/2232/2342 2051/2228/2274
f 1144/2232/2275 1145/2303/2344 2052/2233/2276
f 2052/2234/2276 1145/2304/2344 1142/852/865
f 2053/965/964 2055/2236/2278 1135/2235/2277
f 2055/2236/2278 2056/2238/2283 1134/2237/2279
f 2056/2238/2280 2057/2242/2284 1133/2239/2281
f 1133/2239/2281 2057/2242/2284 2054/2240/854
f 1152/859/872 1155/2214/2257 2055/2236/2278
f 1155/2214/2257 1154/2216/2259 2056/2238/2283
f 1154/2216/2260 1153/2218/2262 2057/2242/2284
f 2057/2242/2284 1153/2218/2262 1151/2243/1010
f 1147/994/989 2058/860/873 2060/2244/2285
f 1150/2245/2286 2060/2244/2285 2061/2246/2287
f 1149/2247/2289 2061/2246/2292 2062/2248/2290
f 2062/2250/2290 2059/857/870 1146/844/858
f 2058/860/873 1157/842/857 1160/2225/2267
f 2060/2244/2285 1160/2225/2267 1159/2227/2269
f 2061/2246/2292 1159/2227/2272 1158/2229/2271
f 1158/2230/2271 1156/855/868 2059/857/870
f 1162/995/990 2063/989/985 2065/2252/2293
f 1165/2253/2294 2065/2252/2293 2066/2254/2295
f 1164/2255/2297 2066/2254/2300 2067/2256/2298
f 2067/2258/2298 2064/846/860 1161/863/875
f 2063/989/985 1147/994/989 1150/2245/2286
f 2065/2252/2293 1150/2245/2286 1149/2247/2288
f 2066/2254/2300 1149/2247/2289 1148/2249/2291
f 1148/2251/2291 1146/844/858 2064/846/860
f 1136/849/862 2068/848/861 2070/2260/2301
f 1138/2221/2263 2070/2260/2301 2071/2261/2302
f 1139/2222/2303 2071/2261/2307 2072/2262/2304
f 2072/2263/2304 2069/867/879 1137/869/881
f 2068/848/861 1166/878/889 1168/2264/2305
f 2070/2260/2301 1168/2264/2305 1169/2265/2306
f 2071/2261/2307 1169/2265/2311 1170/2266/2308
f 1170/2267/2308 1167/866/878 2069/867/879
f 1166/878/889 2073/887/897 2075/2268/2309
f 1168/2264/2305 2075/2268/2309 2076/2269/2310
f 1169/2265/2311 2076/2269/2315 2077/2270/2312
f 2077/2271/2312 2074/864/876 1167/866/878
f 2073/887/897 1176/886/896 1178/2272/2313
f 2075/2268/2309 1178/2272/2313 1179/2273/2314
f 2076/2269/2315 1179/2273/2333 1180/2274/2316
f 1180/2275/2316 1177/876/888 2074/864/876
f 1172/1026/1020 2078/1019/1013 2080/2276/2317
f 1175/2277/2318 2080/2276/2317 2081/2278/2319
f 1174/2279/2321 2081/2278/2324 2082/2280/2322
f 2082/2282/2322 2079/871/883 1171/873/885
f 2078/1019/1013 1162/995/990 1165/2253/2294
f 2080/2276/2317 1165/2253/2294 1164/2255/2296
f 2081/2278/2324 1164/2255/2297 1163/2257/2299
f 1163/2259/2299 1161/863/875 2079/871/883
f 2083/1006/1000 2085/2285/2326 1203/2284/2325
f 2085/2285/2326 2086/2287/2328 1202/2286/2327
f 2086/2287/2328 2087/2291/2330 1201/2288/2329
f 2087/2289/2330 2084/969/966 1199/883/894
f 1182/1684/1689 1192/1683/1688 2085/2285/2326
f 1192/1683/1688 1185/1687/1692 2086/2287/2328
f 1185/1687/1692 1184/1678/1683 2087/2291/2330
f 1184/1678/1683 1181/1675/1680 2084/2292/966
f 1176/886/896 2088/988/984 2090/2293/2331
f 1178/2272/2313 2090/2293/2335 2091/2294/2332
f 1179/2273/2333 2091/2294/2336 2092/2295/2334
f 1180/2275/2316 2092/2296/2334 2089/874/886
f 2088/988/984 1200/1004/998 1203/2284/2325
f 2090/2293/2335 1203/2284/2325 1202/2286/2327
f 2091/2294/2336 1202/2286/2327 1201/2288/2329
f 1201/2290/2329 1199/883/894 2089/874/886
f 1182/1684/1689 2093/1005/999 2095/2297/2337
f 1190/1682/1687 2095/2297/2337 2096/2298/2338
f 1191/1685/1699 2096/2298/2340 2097/2299/2339
f 1196/1690/1695 2097/2300/2339 2094/880/891
f 2093/1005/999 1172/1026/1020 1175/2277/2318
f 2095/2297/2337 1175/2277/2318 1174/2279/2320
f 2096/2298/2340 1174/2279/2321 1173/2281/2323
f 2097/2300/2339 1173/2283/2323 1171/873/885
f 2098/903/912 2100/2301/2341 1143/2231/2273
f 2100/2301/2341 2101/2302/2346 1144/2232/2342
f 2101/2302/2343 2102/2307/2348 1145/2303/2344
f 1145/2304/2344 2102/2308/2348 2099/998/992
f 1209/964/963 1211/2305/2345 2100/2301/2341
f 1211/2305/2345 1212/2306/2364 2101/2302/2346
f 1212/2306/2347 1213/2326/2366 2102/2307/2348
f 2102/2308/2348 1213/2328/2366 1210/892/902
f 2103/835/851 2105/2310/2350 1208/2309/2349
f 2105/2310/2350 2106/2312/2355 1207/2311/2351
f 2106/2312/2352 2107/2316/2356 1206/2313/2353
f 1206/2313/2353 2107/2316/2356 2104/2314/898
f 1132/837/853 1135/2235/2277 2105/2310/2350
f 1135/2235/2277 1134/2237/2279 2106/2312/2355
f 1134/2237/2282 1133/2239/2281 2107/2316/2356
f 2107/2316/2356 1133/2239/2281 1131/2241/863
f 1221/1710/1719 2108/979/975 2110/2317/2357
f 1232/1708/1717 2110/2317/2357 2111/2318/2358
f 1233/1699/1706 2111/2318/2358 2112/2319/2359
f 1223/1695/1702 2112/2319/2359 2109/954/956
f 2108/979/975 1214/981/977 1216/2320/2360
f 2110/2317/2357 1216/2320/2360 1217/2321/2361
f 2111/2318/2358 1217/2321/2361 1218/2322/2362
f 2112/2319/2359 1218/2322/2362 1215/2323/908
f 2113/980/976 2115/2324/2363 1211/2305/2345
f 2115/2324/2363 2116/2325/2368 1212/2306/2364
f 2116/2325/2365 2117/2329/2367 1213/2326/2366
f 2117/2327/2367 2114/900/910 1210/892/902
f 1221/1710/1719 1234/1709/1718 2115/2324/2363
f 1234/1709/1718 1228/1712/1721 2116/2325/2368
f 1228/1712/2369 1227/1704/1711 2117/2329/2367
f 1227/2330/1711 1220/1701/1708 2114/900/910
f 2118/982/978 2120/2331/2370 1216/2320/2360
f 2120/2331/2370 2121/2332/2372 1217/2321/2361
f 2121/2332/2371 2122/2334/2373 1218/2322/2362
f 1218/2322/2362 2122/2334/2373 2119/2333/906
f 1205/1013/1007 1208/2309/2349 2120/2331/2370
f 1208/2309/2349 1207/2311/2351 2121/2332/2372
f 1207/2311/2354 1206/2313/2353 2122/2334/2373
f 1206/2313/2353 1204/2315/900 2119/2333/906
f 2123/978/974 2125/2336/2375 1261/2335/2374
f 2126/2338/2377 2127/2340/2379 1259/2339/2378
f 2127/2340/2379 2124/1023/1017 1257/1024/1018
f 1242/925/931 1244/2341/2380 2125/2336/2375
f 1244/2341/2380 1245/2342/2381 2126/2338/2377
f 1245/2342/2381 1246/2343/2382 2127/2340/2379
f 1246/2343/2382 1243/1022/1016 2124/1023/1017
f 1263/919/925 2128/918/924 2130/2344/2383
f 1266/2345/2384 2130/2344/2383 2131/2346/2385
f 1265/2347/2386 2131/2346/2385 2132/2348/2387
f 1264/2349/2388 2132/2348/2387 2129/959/959
f 2128/918/924 1247/922/928 1249/2350/2389
f 2130/2344/2383 1249/2350/2389 1250/2351/2390
f 2131/2346/2385 1250/2351/2390 1251/2352/2391
f 2132/2348/2387 1251/2352/2391 1248/960/960
f 1239/2358/2397 2137/2357/2396 2134/976/973
f 2133/906/914 1258/905/913 1261/2335/2374
f 2135/2353/2392 1261/2335/2374 1260/2337/2376
f 2137/2357/2396 1259/2339/2378 1257/1024/1018
f 2138/920/926 2140/2360/2399 1256/2359/2398
f 2140/2360/2399 2141/2362/2401 1255/2361/2400
f 2141/2362/2401 2142/2364/2403 1254/2363/2402
f 2142/2364/2403 2139/997/991 1252/1017/1011
f 1263/919/925 1266/2345/2384 2140/2360/2399
f 1266/2345/2384 1265/2347/2386 2141/2362/2401
f 1264/2349/2388 1262/962/962 2139/997/991
f 2143/911/918 2145/2366/2405 1271/2365/2404
f 2145/2366/2405 2146/2368/2407 1270/2367/2406
f 2146/2368/2407 2147/2370/2409 1269/2369/2408
f 2147/2370/2409 2144/928/934 1267/912/919
f 1253/961/961 1256/2359/2398 2145/2366/2405
f 1256/2359/2398 1255/2361/2400 2146/2368/2407
f 1255/2361/2400 1254/2363/2402 2147/2370/2409
f 1254/2363/2402 1252/1017/1011 2144/928/934
f 2148/926/932 2150/2371/2410 1244/2341/2380
f 2150/2371/2410 2151/2372/2411 1245/2342/2381
f 2152/2373/2412 2149/908/916 1243/1022/1016
f 1272/931/936 1274/2374/2413 2150/2371/2410
f 1274/2374/2413 1275/2375/2414 2151/2372/2411
f 1276/2376/2415 1273/974/971 2149/908/916
f 2153/932/937 2155/2377/2416 1274/2374/2413
f 2156/2378/2417 2157/2379/2418 1276/2376/2415
f 2157/2379/2418 2154/1018/1012 1273/974/971
f 1282/936/941 1284/2380/2419 2155/2377/2416
f 1284/2380/2419 1285/2381/2420 2156/2378/2417
f 1286/2382/2421 1283/1015/1009 2154/1018/1012
f 2158/927/933 2160/2384/2423 1281/2383/2422
f 2160/2384/2423 2161/2386/2425 1280/2385/2424
f 2162/2388/2427 2159/914/920 1277/935/940
f 1268/991/986 1271/2365/2404 2160/2384/2423
f 1271/2365/2404 1270/2367/2406 2161/2386/2425
f 1270/2367/2406 1269/2369/2408 2162/2388/2427
f 1269/2369/2408 1267/912/919 2159/914/920
f 1305/1021/1015 2163/973/970 2165/2389/2428
f 1308/2390/2429 2165/2389/2428 2166/2391/2430
f 1307/2392/2431 2166/2391/2430 2167/2393/2432
f 2163/973/970 1287/972/969 1291/1714/1724
f 2165/2389/2428 1291/1714/1724 1300/1718/1728
f 2166/2391/2430 1300/1718/1728 1299/1724/1736
f 2167/2393/2432 1299/1724/1736 1289/1009/1003
f 2168/938/943 2170/2395/2434 1284/2380/2419
f 2170/2395/2434 2171/2396/2435 1285/2381/2420
f 2171/2396/2435 2172/2397/2436 1286/2382/2421
f 2172/2397/2436 2169/992/987 1283/1015/1009
f 1305/1021/1015 1308/2390/2429 2170/2395/2434
f 1308/2390/2429 1307/2392/2431 2171/2396/2435
f 1307/2392/2431 1306/2394/2433 2172/2397/2436
f 1306/2394/2433 1304/1010/1004 2169/992/987
f 2173/933/938 2175/2398/2437 1295/1722/1732
f 2175/2398/2437 2176/2399/2438 1296/1727/1739
f 2177/2400/2439 2174/1007/1001 1289/1009/1003
f 1278/1020/1014 1281/2383/2422 2175/2398/2437
f 1281/2383/2422 1280/2385/2424 2176/2399/2438
f 1280/2385/2424 1279/2387/2426 2177/2400/2439
f 1279/2387/2426 1277/935/940 2174/1007/1001
f 1247/922/928 2178/943/946 2180/2401/2440
f 1249/2350/2389 2180/2401/2440 2181/2402/2441
f 1250/2351/2390 2181/2402/2441 2182/2403/2442
f 1251/2352/2391 2182/2403/2442 2179/1002/996
f 2178/943/946 1314/944/947 1316/2404/2443
f 2181/2402/2441 1317/2405/2444 1318/2406/2445
f 2182/2403/2442 1318/2406/2445 1315/966/965
f 1310/945/948 2183/916/922 2185/2407/2446
f 1313/2408/2447 2185/2407/2446 2186/2409/2448
f 1312/2410/2449 2186/2409/2448 2187/2411/2450
f 1311/2412/2451 2187/2411/2450 2184/949/951
f 2185/2407/2446 1241/2354/2393 1240/2356/2395
f 2186/2409/2448 1240/2356/2395 1239/2358/2397
f 2187/2411/2450 1239/2358/2397 1237/940/945
f 2188/958/958 2190/2413/2452 1327/1730/1743
f 2190/2413/2452 2191/2418/2453 1328/2414/1752
f 2191/2415/2453 2192/2416/2454 1335/1735/1748
f 2192/2416/2454 2189/986/982 1325/1736/1749
f 1319/957/954 1321/2417/2455 2190/2413/2452
f 1321/2417/2455 1322/2681/2456 2191/2418/2453
f 1322/2419/2456 1323/2420/2457 2192/2416/2454
f 1323/2420/2457 1320/983/979 2189/986/982
f 1314/944/947 2193/950/952 2195/2421/2458
f 1317/2405/2444 2196/2422/2459 2197/2423/2460
f 1318/2406/2445 2197/2423/2460 2194/985/981
f 2193/950/952 1326/951/953 1338/1743/1756
f 2195/2421/2458 1338/1743/1756 1334/1737/1750
f 2196/2422/2459 1334/1737/1750 1333/1734/1747
f 1319/952/954 2198/946/949 2200/2424/2461
f 1321/2425/2455 2200/2424/2461 2201/2426/2462
f 1323/2420/2457 2202/2427/2463 2199/984/980
f 2198/946/949 1310/945/948 1313/2408/2447
f 2201/2426/2462 1312/2410/2449 1311/2412/2451
f 2202/2427/2463 1311/2412/2451 1309/948/950
f 1326/951/953 2203/901/911 2205/2428/2464
f 1329/1729/1742 2205/2431/2468 2204/1011/1005
f 2203/901/911 1220/1701/1708 1229/1703/2465
f 2205/2431/2468 1222/2673/1703 1219/1012/1006
f 2206/881/892 2208/2436/2473 1195/2432/2469
f 2208/2435/2472 2207/2438/967 1181/1675/1680
f 1288/939/944 1290/1721/1731 2208/2436/2473
f 1290/2437/1725 1287/2682/969 2207/2438/967
s 7
f 1362/1048/1039 2209/1047/1038 2211/2439/2474
f 1365/2440/2475 2211/2439/2474 2212/2441/2476
f 1364/2442/2478 2212/2441/2483 2213/2443/2479
f 2213/2445/2479 2210/1162/1142 1361/1200/1178
f 2209/1047/1038 1346/1038/1029 1348/2447/2481
f 2211/2439/2474 1348/2447/2481 1349/2448/2482
f 2212/2441/2483 1349/2448/2521 1350/2449/2484
f 1350/2450/2484 1347/1058/1048 2210/1162/1142
f 2214/1084/1073 2216/2457/2486 1370/2451/2485
f 2216/2452/2486 2217/2455/2492 1369/2453/2487
f 2217/2455/2488 2218/2460/2494 1368/2456/2489
f 1368/2456/2489 2218/2460/2494 2215/1142/1125
f 1351/1211/1189 1353/2520/2491 2216/2457/2486
f 1353/2458/2491 1354/2459/2557 2217/2455/2492
f 1354/2459/2493 1355/2523/2559 2218/2460/2494
f 2218/2460/2494 1355/2523/2559 1352/1041/1032
f 2219/1152/1134 2221/2462/2496 1345/2461/2495
f 2221/2462/2496 2222/2464/2501 1344/2463/2497
f 2222/2464/2498 2223/2467/2502 1343/2465/2499
f 1343/2466/2499 2223/2468/2502 2220/1027/1021
f 1362/1048/1039 1365/2440/2475 2221/2462/2496
f 1365/2440/2475 1364/2442/2477 2222/2464/2501
f 1364/2442/2478 1363/2444/2480 2223/2467/2502
f 2223/2468/2502 1363/2446/2480 1361/1200/1178
f 1357/1181/1160 2224/1049/1040 2226/2469/2503
f 1360/2471/2504 2226/2476/2503 2227/2472/2505
f 1359/2473/2507 2227/2472/2510 2228/2474/2508
f 2228/2474/2508 2225/1046/1037 1356/1033/1025
f 2224/1049/1040 1367/1031/1024 1370/2451/2485
f 2226/2476/2503 1370/2454/2485 1369/2453/2487
f 2227/2472/2510 1369/2453/2490 1368/2456/2489
f 1368/2456/2489 1366/1044/1035 2225/1046/1037
f 1372/1182/1161 2229/1176/1155 2231/2477/2511
f 1375/2479/2512 2231/2484/2511 2232/2480/2513
f 1374/2481/2515 2232/2480/2518 2233/2482/2516
f 2233/2482/2516 2230/1035/1027 1371/1052/1042
f 2229/1176/1155 1357/1181/1160 1360/2470/2504
f 2231/2484/2511 1360/2471/2504 1359/2473/2506
f 2232/2480/2518 1359/2473/2507 1358/2475/2509
f 1358/2475/2509 1356/1033/1025 2230/1035/1027
f 1346/1038/1029 2234/1037/1028 2236/2485/2519
f 1348/2447/2481 2236/2485/2519 2237/2486/2520
f 1349/2448/2521 2237/2486/2525 2238/2487/2522
f 2238/2488/2522 2235/1056/1046 1347/1058/1048
f 2234/1037/1028 1376/1067/1056 1378/2489/2523
f 2236/2485/2519 1378/2489/2523 1379/2490/2524
f 2237/2486/2525 1379/2490/2529 1380/2491/2526
f 1380/2492/2526 1377/1055/1045 2235/1056/1046
f 1376/1067/1056 2239/1076/1065 2241/2493/2527
f 1378/2489/2523 2241/2493/2527 2242/2494/2528
f 1379/2490/2529 2242/2494/2533 2243/2495/2530
f 2243/2496/2530 2240/1053/1043 1377/1055/1045
f 2239/1076/1065 1386/1075/1064 1388/2497/2531
f 2241/2493/2527 1388/2497/2531 1389/2498/2532
f 2242/2494/2533 1389/2498/2549 1390/2499/2534
f 1390/2500/2534 1387/1065/1055 2240/1053/1043
f 1382/1212/1190 2244/1205/1183 2246/2501/2535
f 1385/2503/2536 2246/2508/2535 2247/2504/2537
f 1384/2505/2539 2247/2504/2542 2248/2506/2540
f 1383/2507/2541 2248/2506/2540 2245/1060/1050
f 2244/1205/1183 1372/1182/1161 1375/2478/2512
f 2246/2508/2535 1375/2479/2512 1374/2481/2514
f 2247/2504/2542 1374/2481/2515 1373/2483/2517
f 1373/2483/2517 1371/1052/1042 2245/1060/1050
f 2249/1190/1168 2251/2509/2543 1421/1785/1794
f 2251/2509/2543 2252/2510/2545 1422/1773/2544
f 2252/2510/2545 2253/2511/2546 1413/1770/1781
f 2253/2511/2546 2250/1156/1136 1408/1204/1182
f 1392/1756/1769 1401/1755/1768 2251/2509/2543
f 1401/1755/1768 1395/1761/1772 2252/2510/2545
f 1395/1761/1772 1394/1750/1763 2253/2511/2546
f 1394/1750/1763 1391/1747/1760 2250/1156/1136
f 1386/1075/1064 2254/1175/1154 2256/2512/2547
f 1388/2497/2531 2256/2512/2551 2257/2513/2548
f 1389/2498/2549 2257/2513/2552 2258/2514/2550
f 1390/2500/2534 2258/2515/2550 2255/1063/1053
f 2254/1175/1154 1410/1188/1166 1423/1784/1793
f 2256/2512/2551 1423/1784/1793 1417/1779/1797
f 2257/2513/2552 1417/1779/1789 1416/1776/1787
f 2258/2515/2550 1416/2683/1787 1409/1072/1061
f 1392/1756/1769 2259/1189/1167 2261/2516/2553
f 1399/1759/1767 2261/2519/2553 2262/2517/2554
f 1400/1757/1770 2262/2517/2554 2263/2518/2555
f 1405/1764/1775 2263/2518/2555 2260/1069/1058
f 2259/1189/1167 1382/1212/1190 1385/2502/2536
f 2261/2519/2553 1385/2503/2536 1384/2505/2538
f 2262/2517/2554 1384/2505/2539 1383/2507/2541
f 2263/2518/2555 1383/2507/2541 1381/1062/1052
f 2264/1092/1080 2266/2524/2556 1353/2520/2491
f 2266/2521/2556 2267/2522/2561 1354/2459/2557
f 2267/2522/2558 2268/2527/2563 1355/2523/2559
f 1355/2523/2559 2268/2527/2563 2265/1185/1163
f 1431/1151/1133 1433/2544/2560 2266/2524/2556
f 1433/2525/2560 1434/2526/2579 2267/2522/2561
f 1434/2526/2562 1435/2547/2581 2268/2527/2563
f 2268/2527/2563 1435/2547/2581 1432/1081/1070
f 2269/999/993 2271/2529/2565 1430/2528/2564
f 2271/2529/2565 2272/2531/2570 1429/2530/2566
f 2272/2531/2567 2273/2534/2571 1428/2532/2568
f 1428/2533/2568 2273/2535/2571 2270/1077/1066
f 1342/1001/995 1345/2461/2495 2271/2529/2565
f 1345/2461/2495 1344/2463/2497 2272/2531/2570
f 1344/2463/2500 1343/2465/2499 2273/2534/2571
f 2273/2535/2571 1343/2466/2499 1341/1039/1030
f 1443/1804/1817 2274/1166/1145 2276/2536/2572
f 1454/1802/1815 2276/2536/2572 2277/2537/2573
f 1455/1792/1804 2277/2537/2573 2278/2538/2574
f 1445/1788/1800 2278/2538/2574 2275/2539/1126
f 2274/1166/1145 1436/1168/1147 1438/2540/2575
f 2276/2536/2572 1438/2540/2575 1439/2541/2576
f 2277/2537/2573 1439/2541/2576 1440/2542/2577
f 2278/2543/2574 1440/2554/2577 1437/1087/1076
f 2279/1167/1146 2281/2549/2578 1433/2544/2560
f 2281/2545/2578 2282/2546/2583 1434/2526/2579
f 2282/2546/2580 2283/2548/2582 1435/2547/2581
f 2283/2548/2582 2280/1089/1078 1432/1081/1070
f 1443/1804/1817 1456/1803/1816 2281/2549/2578
f 1456/2550/1816 1450/2551/1819 2282/2546/2583
f 1450/2551/2584 1449/1797/1809 2283/2548/2582
f 1449/1797/1809 1442/1794/1806 2280/1089/1078
f 2284/1169/1148 2286/2552/2585 1438/2540/2575
f 2286/2552/2585 2287/2556/2587 1439/2541/2576
f 2287/2553/2586 2288/2558/2588 1440/2554/2577
f 1440/2554/2577 2288/2558/2588 2285/1085/1074
f 1427/1197/1175 1430/2528/2564 2286/2552/2585
f 1430/2528/2564 1429/2530/2566 2287/2556/2587
f 1429/2557/2569 1428/2533/2568 2288/2558/2588
f 1428/2533/2568 1426/1079/1068 2285/1085/1074
f 2289/1165/1144 2291/2560/2590 1483/2559/2589
f 2291/2560/2590 2292/2562/2592 1482/2561/2591
f 2292/2562/2592 2293/2564/2594 1481/2563/2593
f 2293/2564/2594 2290/1209/1187 1479/1210/1188
f 1464/1114/1100 1466/2565/2595 2291/2560/2590
f 1466/2565/2595 1467/2566/2596 2292/2562/2592
f 1467/2566/2596 1468/2567/2597 2293/2564/2594
f 1468/2567/2597 1465/1208/1186 2290/1209/1187
f 1485/1108/1094 2294/1107/1093 2296/2568/2598
f 1488/2569/2599 2296/2568/2598 2297/2570/2600
f 1487/2571/2601 2297/2570/2600 2298/2572/2602
f 1486/2573/2603 2298/2572/2602 2295/1146/1129
f 2294/1107/1093 1469/1111/1097 1471/2574/2604
f 2296/2568/2598 1471/2574/2604 1472/2575/2605
f 2297/2570/2600 1472/2575/2605 1473/2576/2606
f 2298/2572/2602 1473/2576/2606 1470/1147/1130
f 1460/1104/1090 2299/1095/1082 2301/2577/2607
f 1463/2578/2608 2301/2577/2607 2302/2579/2609
f 1462/2580/2610 2302/2579/2609 2303/2581/2611
f 1461/2582/2612 2303/2581/2611 2300/1163/1143
f 2299/1095/1082 1480/1094/1081 1483/2559/2589
f 2301/2577/2607 1483/2559/2589 1482/2561/2591
f 2302/2579/2609 1482/2561/2591 1481/2563/2593
f 2303/2581/2611 1481/2563/2593 1479/1210/1188
f 2304/1109/1095 2306/2584/2614 1478/2583/2613
f 2307/2586/2616 2308/2588/2618 1476/2587/2617
f 2308/2588/2618 2305/1184/1162 1474/1201/1179
f 1485/1108/1094 1488/2569/2599 2306/2584/2614
f 1488/2569/2599 1487/2571/2601 2307/2586/2616
f 1487/2571/2601 1486/2573/2603 2308/2588/2618
f 1486/2573/2603 1484/1149/1132 2305/1184/1162
f 2309/1100/1086 2311/2590/2620 1493/2589/2619
f 2312/2592/2622 2313/2594/2624 1491/2593/2623
f 2313/2594/2624 2310/1117/1103 1489/1101/1087
f 1475/1148/1131 1478/2583/2613 2311/2590/2620
f 1478/2583/2613 1477/2585/2615 2312/2592/2622
f 1477/2585/2615 1476/2587/2617 2313/2594/2624
f 1476/2587/2617 1474/1201/1179 2310/1117/1103
f 2314/1115/1101 2316/2595/2625 1466/2565/2595
f 2316/2595/2625 2317/2596/2626 1467/2566/2596
f 2317/2596/2626 2318/2597/2627 1468/2567/2597
f 2318/2597/2627 2315/1097/1084 1465/1208/1186
f 1494/1120/1106 1496/2598/2628 2316/2595/2625
f 1496/2598/2628 1497/2599/2629 2317/2596/2626
f 1497/2599/2629 1498/2600/2630 2318/2597/2627
f 2319/1121/1107 2321/2601/2631 1496/2598/2628
f 2321/2601/2631 2322/2602/2632 1497/2599/2629
f 2322/2602/2632 2323/2603/2633 1498/2600/2630
f 2323/2603/2633 2320/1202/1180 1495/1161/1141
f 1504/1125/1111 1506/2604/2634 2321/2601/2631
f 1506/2604/2634 1507/2605/2635 2322/2602/2632
f 1507/2605/2635 1508/2606/2636 2323/2603/2633
f 1508/2606/2636 1505/1199/1177 2320/1202/1180
f 2324/1116/1102 2326/2608/2638 1503/2607/2637
f 2327/2610/2640 2328/2612/2642 1501/2611/2641
f 2328/2612/2642 2325/1103/1089 1499/1124/1110
f 1490/1178/1157 1493/2589/2619 2326/2608/2638
f 1493/2589/2619 1492/2591/2621 2327/2610/2640
f 1492/2591/2621 1491/2593/2623 2328/2612/2642
f 1491/2593/2623 1489/1101/1087 2325/1103/1089
f 1526/1207/1185 2329/1160/1140 2331/2613/2643
f 1529/1830/1840 2331/2613/2643 2332/2614/2644
f 1530/1832/1842 2332/2614/2644 2333/2615/2645
f 1537/1838/1848 2333/2616/2645 2330/1192/1170
f 2329/1160/1140 1509/1159/1139 1513/1809/1822
f 2331/2613/2643 1513/1809/1822 1522/1813/1826
f 2332/2614/2644 1522/1813/1826 1521/1826/1835
f 2333/2616/2645 1521/1823/1835 1511/1193/1171
f 2334/1127/1113 2336/2617/2646 1506/2604/2634
f 2336/2617/2646 2337/2618/2647 1507/2605/2635
f 2337/2618/2647 2338/2619/2648 1508/2606/2636
f 2338/2619/2648 2335/1179/1158 1505/1199/1177
f 1528/2620/1854 1542/1850/1853 2336/2617/2646
f 1542/1850/1853 1536/1849/1856 2337/2618/2647
f 1536/1849/1856 1535/1837/1847 2338/2619/2648
f 1535/1837/1847 1527/1194/1172 2335/1179/1158
f 2339/1122/1108 2341/2621/2649 1517/1817/1830
f 2341/2621/2649 2342/2622/2650 1518/1828/1838
f 2342/2622/2650 2343/2623/2651 1523/1824/1836
f 2343/2623/2651 2340/1191/1169 1511/1193/1171
f 1500/1206/1184 1503/2607/2637 2341/2621/2649
f 1503/2607/2637 1502/2609/2639 2342/2622/2650
f 1501/2611/2641 1499/1124/1110 2340/1191/1169
f 1469/1111/1097 2344/1132/1116 2346/2624/2652
f 1472/2575/2605 2347/2625/2653 2348/2626/2654
f 2344/1132/1116 1550/1133/1117 1552/2627/2655
f 2346/2624/2652 1552/2627/2655 1553/2628/2656
f 2347/2625/2653 1553/2628/2656 1554/2629/2657
f 2348/2626/2654 1554/2629/2657 1551/1153/1135
f 1546/1134/1118 2349/1105/1091 2351/2630/2658
f 1549/2631/2659 2351/2630/2658 2352/2632/2660
f 1547/2635/2663 2353/2634/2662 2350/1138/1121
f 2349/1105/1091 1460/1104/1090 1463/2578/2608
f 2353/2634/2662 1461/2582/2612 1459/1129/1115
f 2354/1145/1128 2356/2636/2664 1563/1854/1859
f 2356/2636/2664 2357/2637/2665 1564/1863/1869
f 2357/2637/2665 2358/2638/2666 1570/1859/1865
f 2358/2638/2666 2355/1173/1152 1561/1860/1866
f 1555/1141/1124 1557/2639/2667 2356/2636/2664
f 1558/2640/2668 1559/2641/2669 2358/2638/2666
f 1559/2641/2669 1556/1170/1149 2355/1173/1152
f 1553/2628/2656 2362/2643/2671 2363/2644/2672
f 1554/2629/2657 2363/2644/2672 2360/1172/1151
f 2361/2642/2670 1574/1866/1873 1569/1861/1867
f 2362/2643/2671 1569/1861/1867 1568/1858/1864
f 2363/2644/2672 1568/1858/1864 1561/1860/1866
f 1555/1141/1124 2364/1135/1119 2366/2645/2673
f 1557/2639/2667 2366/2645/2673 2367/2646/2674
f 1558/2640/2668 2367/2646/2674 2368/2647/2675
f 1559/2641/2669 2368/2647/2675 2365/1171/1150
f 2366/2645/2673 1549/2631/2659 1548/2633/2661
f 2368/2647/2675 1547/2635/2663 1545/1137/1120
f 1562/1140/1123 2369/1090/1079 2371/2648/2676
f 1573/2650/1858 2371/2653/2680 2370/2651/1173
f 2369/1090/1079 1442/1794/1806 1451/1796/2677
f 2371/2653/2680 1444/2675/1801 1441/1786/1174
f 2372/1070/1059 2374/2655/2686 1404/2654/2681
f 2375/2657/2685 2373/1157/1137 1391/1747/1760
f 1510/1128/1114 1512/1816/1829 2374/2655/2686
f 1512/2659/1823 1509/1159/1139 2373/1157/1137
f 1528/1846/1854 2376/2663/1112 2378/2660/2688
f 1540/1844/1852 2378/2660/2688 2379/2661/2689
f 1541/1834/1844 2379/2661/2689 2380/2662/2690
f 1531/1831/1841 2380/2662/2690 2377/1203/1181
f 2376/2663/1112 1409/1778/1061 1418/1777/1788
f 2378/2660/2688 1418/1777/1788 1412/1771/1782
f 2379/2661/2689 1412/1771/1782 1411/1769/1780
f 2380/2662/2690 1411/1769/1780 1408/1204/1182
s 4
f 832/1371/1365 2381/1369/1358 830/1368/1357
