# Blender 5.2.2 LTS
# www.blender.org
mtllib esquina_04.mtl
g esquina_04_Holocron.004
v 3.902017 -2.892337 -5.056123
v 2.672052 -4.042142 -5.083160
v 3.525682 -3.334278 -5.066514
v 3.103914 -3.723917 -5.075677
v 2.162587 -4.325765 -5.089818
v 4.257310 -2.334927 -5.043016
v 3.898000 -2.886013 -5.167698
v 2.668035 -4.035820 -5.194734
v 3.521669 -3.327954 -5.178090
v 3.099897 -3.717593 -5.187251
v 2.158571 -4.319441 -5.201392
v 4.253293 -2.328603 -5.154591
v 4.129064 -2.119934 -5.093823
v 3.744813 -2.746304 -5.108552
v 3.368726 -3.188475 -5.118948
v 4.055207 -3.032046 -5.115270
v 4.381536 -2.543595 -5.103784
v 2.368112 -4.440862 -5.148398
v 2.825315 -4.181918 -5.142308
v 3.678624 -3.473758 -5.125656
v 4.687325 -1.982274 -5.090585
v 2.514772 -3.896043 -5.135585
v 1.953042 -4.204342 -5.142811
v 2.946718 -3.577892 -5.128105
v 1.866239 -4.665761 -5.153685
v 3.257097 -3.863619 -5.134823
v 0.525254 -4.869236 -5.245545
v 4.928174 -4.877126 -5.245730
v 4.933221 -0.460217 -5.149161
v 5.170262 -4.884186 -5.005444
v 5.185075 -4.963584 -0.622232
v 5.175317 -0.458605 -4.908679
v 4.930684 -5.122215 -5.011595
v 0.526475 -5.111911 -5.013460
v 4.953145 -5.182238 -0.600730
v 2.864560 -5.000935 -4.012057
v 4.042180 -5.043738 -2.809151
v 3.315004 -5.015070 -3.646071
v 3.714181 -5.029696 -3.233475
v 4.337331 -5.059231 -2.306472
v 2.299127 -4.985969 -4.354360
v 2.859605 -5.112641 -4.010609
v 4.037225 -5.155444 -2.807703
v 3.310052 -5.126778 -3.644623
v 3.709226 -5.141402 -3.232028
v 4.336644 -5.163903 -2.297923
v 2.294172 -5.097675 -4.352913
v 2.087690 -5.042408 -4.222606
v 2.722734 -5.058864 -3.852941
v 3.173406 -5.072998 -3.487210
v 3.001428 -5.054710 -4.169724
v 2.505609 -5.041237 -4.484667
v 4.452676 -5.107961 -2.513341
v 4.179112 -5.097511 -2.966893
v 3.451650 -5.068851 -3.803485
v 1.937387 -5.027416 -4.777402
v 3.900289 -5.101670 -2.649961
v 4.221303 -5.115172 -2.091055
v 3.572366 -5.087625 -3.074368
v 3.851045 -5.083471 -3.391135
v 5.072354 -3.948874 -2.894256
v 5.054963 -2.729126 -4.055081
v 5.074983 -3.576009 -3.339241
v 5.068608 -3.157727 -3.732676
v 5.030763 -2.223161 -4.343966
v 5.057519 -4.300354 -2.334478
v 5.182374 -3.933995 -2.880864
v 5.164983 -2.714249 -4.041689
v 5.185002 -3.561133 -3.325849
v 5.178628 -3.142850 -3.719284
v 5.140782 -2.208284 -4.330574
v 5.167539 -4.285477 -2.321086
v 5.081662 -4.166471 -2.118278
v 5.099782 -3.786429 -2.747122
v 5.102452 -3.413816 -3.192334
v 5.154950 -4.096438 -3.027997
v 5.143395 -4.419359 -2.537287
v 5.116250 -2.422720 -4.452538
v 5.137570 -2.876763 -4.188886
v 5.157529 -3.723325 -3.472756
v 5.123433 -4.721556 -1.974224
v 5.082376 -2.566610 -3.907882
v 5.055291 -2.008725 -4.222001
v 5.096036 -2.995292 -3.585551
v 5.087617 -1.924087 -4.682818
v 5.151196 -3.305283 -3.866409
v 3.317949 -3.537226 -5.071286
v 3.720868 -3.118465 -5.061440
v 2.889192 -3.891749 -5.079623
v 2.442224 -4.180707 -5.086417
v 1.804403 -4.492907 -5.093721
v 4.073373 -2.647784 -5.050373
v 4.472943 -1.914213 -5.033124
v 3.313932 -3.530902 -5.182861
v 3.716851 -3.112143 -5.173015
v 2.885171 -3.885426 -5.191197
v 2.438207 -4.174383 -5.197991
v 1.800386 -4.486583 -5.205295
v 4.069360 -2.641461 -5.161946
v 4.468926 -1.907889 -5.144698
v 3.919729 -2.493073 -5.102596
v 3.563817 -2.972575 -5.113871
v 4.223008 -2.796172 -5.109723
v 2.602018 -4.317397 -5.145494
v 3.873903 -3.258032 -5.120585
v 4.706307 -1.426025 -5.077505
v 2.278413 -4.037692 -5.138914
v 3.160905 -3.391342 -5.123718
v 4.406415 -1.552843 -5.080487
v 1.397386 -4.670886 -5.153732
v 4.535455 -2.269260 -5.097333
v 2.120988 -4.555565 -5.151094
v 2.731923 -3.745659 -5.132051
v 1.483804 -4.423923 -5.147923
v 3.470979 -3.676789 -5.130430
v 3.042440 -4.031515 -5.138771
v 2.851632 -5.075138 -4.772047
v 5.127843 -2.851481 -2.892762
v 4.687501 -2.803860 -5.152565
v 3.464811 -3.415955 -3.502177
v 2.726712 -4.873181 -5.245636
v 4.930696 -2.668672 -5.197445
v 2.729238 -2.664726 -5.197352
v 5.177667 -4.923885 -2.813838
v 5.172791 -2.671395 -4.957062
v 5.180196 -2.711094 -2.765456
v 2.728582 -5.117064 -5.012528
v 4.941915 -5.152228 -2.806163
v 2.739808 -5.147074 -2.807096
v 3.462121 -5.059515 -3.545461
v 3.464280 -3.413324 -5.118143
v 5.075753 -3.450151 -3.508292
v 2.853303 -2.799192 -5.152455
v 5.126576 -4.694740 -2.933150
v 4.699059 -5.114473 -2.930673
v 2.852041 -4.633782 -5.192644
v 5.123929 -2.808228 -4.719543
v 2.859369 -5.109775 -2.931616
v 3.522653 -5.022402 -3.443108
v 3.094781 -5.007895 -3.836195
v 3.886873 -5.036788 -3.022720
v 4.185945 -5.050854 -2.582631
v 4.512582 -5.069735 -1.952321
v 2.616136 -4.993997 -4.177707
v 1.873552 -4.975936 -4.560221
v 3.517694 -5.134107 -3.441660
v 3.089826 -5.119600 -3.834747
v 3.881917 -5.148494 -3.021272
v 4.181520 -5.161679 -2.580295
v 4.520967 -5.159457 -1.928681
v 2.611181 -5.105703 -4.176260
v 1.868593 -5.087641 -4.558773
v 2.465554 -5.051742 -4.021950
v 2.953096 -5.065822 -3.677237
v 2.761762 -5.047959 -4.332019
v 4.320176 -5.103998 -2.746513
v 3.231511 -5.061672 -3.993705
v 1.380738 -5.020540 -4.783609
v 4.047288 -5.108536 -2.416412
v 3.380971 -5.080330 -3.284155
v 1.514344 -5.029205 -4.486794
v 4.713223 -5.116263 -1.529662
v 2.227800 -5.034375 -4.632201
v 4.582044 -5.107747 -2.263584
v 3.744992 -5.094720 -2.863540
v 4.451505 -5.121446 -1.617419
v 3.659375 -5.076180 -3.600613
v 4.023797 -5.090563 -3.180452
v 5.072816 -3.370034 -3.544019
v 5.074800 -3.769445 -3.121801
v 5.062673 -2.944662 -3.902550
v 5.044984 -2.500919 -4.195979
v 5.010884 -1.867318 -4.514925
v 5.067342 -4.118486 -2.648472
v 5.041249 -4.513363 -1.912628
v 5.182836 -3.355158 -3.530627
v 5.184819 -3.754566 -3.108409
v 5.172688 -2.929783 -3.889159
v 5.155004 -2.486042 -4.182588
v 5.120904 -1.852442 -4.501533
v 5.177361 -4.103608 -2.635081
v 5.151269 -4.498486 -1.899236
v 5.094346 -3.959550 -2.492650
v 5.102254 -3.607156 -2.974808
v 5.150357 -4.262542 -2.790904
v 5.127950 -2.655047 -4.326631
v 5.157365 -3.916855 -3.255402
v 5.076222 -4.738330 -1.419757
v 5.072038 -2.331914 -4.051936
v 5.100270 -3.207751 -3.397031
v 5.058446 -4.440350 -1.549818
v 5.042722 -1.457489 -4.693720
v 5.134068 -4.571500 -2.262045
v 5.102502 -2.177209 -4.569875
v 5.090085 -2.782155 -3.755361
v 5.029286 -1.542553 -4.446583
v 5.155377 -3.517439 -3.677615
v 5.145272 -3.092290 -4.036349
v 1.018445 -5.111950 -4.776863
v 4.074170 -3.050725 -5.063700
v 4.072366 -3.049157 -5.059810
v 4.074464 -3.051030 -5.062232
v 4.074224 -3.050838 -5.060977
v 4.073487 -3.050181 -5.060128
v 3.274236 -3.880710 -5.079363
v 3.276056 -3.882294 -5.083254
v 3.275361 -3.881742 -5.079682
v 3.276105 -3.882405 -5.080533
v 3.276349 -3.882598 -5.081786
v 3.731683 -2.735530 -5.052437
v 3.729623 -2.733543 -5.056360
v 3.730539 -2.734470 -5.052714
v 3.729745 -2.733720 -5.053558
v 3.729425 -2.733394 -5.054838
v 2.931531 -3.565132 -5.075916
v 2.933595 -3.567124 -5.071991
v 2.931333 -3.564984 -5.074392
v 2.931653 -3.565311 -5.073111
v 2.932447 -3.566062 -5.072268
v 3.697587 -3.492436 -5.074083
v 3.695783 -3.490869 -5.070197
v 3.697877 -3.492740 -5.072616
v 3.697641 -3.492548 -5.071363
v 3.696904 -3.491891 -5.070513
v 3.353540 -3.175714 -5.066757
v 3.355588 -3.177694 -5.062833
v 3.353341 -3.175565 -5.065234
v 3.353658 -3.175889 -5.063954
v 3.354448 -3.176636 -5.063111
v 2.499589 -3.883284 -5.083404
v 2.501683 -3.885310 -5.079472
v 2.499391 -3.883139 -5.081877
v 2.499719 -3.883472 -5.080594
v 2.500528 -3.884235 -5.079749
v 2.842416 -4.198976 -5.086847
v 2.844270 -4.200590 -5.090752
v 2.843557 -4.200020 -5.087166
v 2.844312 -4.200693 -5.088020
v 2.844560 -4.200895 -5.089279
v 1.937860 -4.191584 -5.090635
v 1.940950 -4.193153 -5.086688
v 1.937738 -4.191405 -5.089105
v 1.938283 -4.191638 -5.087819
v 1.939409 -4.192251 -5.086969
v 2.384225 -4.458378 -5.092948
v 2.387059 -4.459527 -5.096864
v 2.385743 -4.459247 -5.093263
v 2.386815 -4.459770 -5.094120
v 2.387277 -4.459868 -5.095383
v 0.917794 -4.663367 -5.101628
v 0.930463 -4.658455 -5.097507
v 0.917272 -4.661474 -5.101562
v 0.920644 -4.662748 -5.100081
v 0.924051 -4.661595 -5.098754
v 0.916471 -4.663254 -5.101885
v 0.918428 -4.662485 -5.100244
v 0.920648 -4.661546 -5.098949
v 0.919168 -4.661380 -5.099347
v 0.927198 -4.658340 -5.097807
v 0.923543 -4.658870 -5.098683
v 0.927499 -4.660089 -5.097850
v 0.923612 -4.660133 -5.098292
v 0.920430 -4.660391 -5.098919
v 0.916188 -4.662228 -5.101849
v 0.920057 -4.659971 -5.100002
v 0.918149 -4.661181 -5.100207
v 0.917115 -4.662102 -5.100329
v 1.885175 -4.684412 -5.102183
v 1.886396 -4.681555 -5.098194
v 1.885705 -4.684627 -5.100689
v 1.886125 -4.684159 -5.099405
v 1.886365 -4.683079 -5.098530
v 4.400495 -2.562269 -5.052227
v 4.399354 -2.559625 -5.048300
v 4.400838 -2.562493 -5.050753
v 4.400743 -2.562068 -5.049489
v 4.400220 -2.561061 -5.048628
v 4.115315 -2.110310 -5.037733
v 4.113877 -2.107173 -5.041633
v 4.114408 -2.108810 -5.038000
v 4.113816 -2.107687 -5.038837
v 4.113629 -2.107114 -5.040111
v 4.703431 -2.001620 -5.035179
v 4.706269 -2.000938 -5.039053
v 4.704953 -2.001788 -5.035478
v 4.706025 -2.001716 -5.036319
v 4.706491 -2.001419 -5.037574
v 4.710103 -0.861419 -5.012358
v 4.708291 -0.860902 -5.012332
v 4.704659 -0.874846 -5.008683
v 4.710031 -0.860087 -5.012549
v 4.709329 -0.864476 -5.010903
v 4.709130 -0.862219 -5.011002
v 4.708798 -0.860878 -5.011058
v 4.707971 -0.863052 -5.010162
v 4.706620 -0.863877 -5.010880
v 4.705346 -0.867574 -5.009678
v 4.709050 -0.859805 -5.012533
v 4.707864 -0.861933 -5.010990
v 4.706941 -0.864373 -5.009796
v 4.706380 -0.871741 -5.008916
v 4.708020 -0.868099 -5.009693
v 4.704656 -0.871424 -5.008906
v 4.706559 -0.867698 -5.009259
v 4.708074 -0.864598 -5.009803
v 4.031632 -3.009028 -5.170590
v 4.036244 -3.013367 -5.166844
v 4.032968 -3.010265 -5.170327
v 4.034310 -3.011523 -5.169522
v 4.035462 -3.012613 -5.168299
v 3.238134 -3.844939 -5.186396
v 3.233503 -3.840585 -5.190144
v 3.237352 -3.844185 -5.187851
v 3.236196 -3.843092 -5.189075
v 3.234842 -3.841826 -5.189880
v 3.760000 -2.759065 -5.160742
v 3.764386 -2.763009 -5.164806
v 3.760690 -2.759664 -5.162276
v 3.761766 -2.760625 -5.163587
v 3.763063 -2.761800 -5.164474
v 2.966295 -3.594603 -5.184359
v 2.961904 -3.590653 -5.180293
v 2.964971 -3.593390 -5.184029
v 2.963670 -3.592215 -5.183140
v 2.962594 -3.591253 -5.181828
v 3.655050 -3.450742 -5.180977
v 3.659658 -3.455077 -5.177235
v 3.656385 -3.451977 -5.180713
v 3.657727 -3.453235 -5.179909
v 3.658880 -3.454324 -5.178687
v 3.388292 -3.205171 -5.175203
v 3.383912 -3.201236 -5.171140
v 3.386972 -3.203964 -5.174872
v 3.385679 -3.202793 -5.173983
v 3.384603 -3.201835 -5.172673
v 2.534387 -3.912787 -5.191840
v 2.529958 -3.908802 -5.187769
v 2.533048 -3.911564 -5.191510
v 2.531736 -3.910376 -5.190620
v 2.530652 -3.909407 -5.189305
v 2.806356 -4.163245 -5.193868
v 2.801679 -4.158847 -5.197627
v 2.805570 -4.162485 -5.195328
v 2.804403 -4.161382 -5.196555
v 2.803037 -4.160107 -5.197363
v 1.973909 -4.220500 -5.199053
v 1.968229 -4.217099 -5.194989
v 1.972093 -4.219498 -5.198726
v 1.970372 -4.218502 -5.197839
v 1.969014 -4.217660 -5.196527
v 2.349160 -4.422197 -5.199937
v 2.343232 -4.418384 -5.203730
v 2.348275 -4.421478 -5.201406
v 2.346841 -4.420503 -5.202643
v 2.345067 -4.419415 -5.203459
v 0.948117 -4.688550 -5.205932
v 0.947637 -4.686989 -5.205913
v 0.966424 -4.684433 -5.209842
v 0.946805 -4.688558 -5.206187
v 0.952268 -4.688419 -5.207462
v 0.950006 -4.688325 -5.207521
v 0.948632 -4.688074 -5.207536
v 0.951539 -4.687597 -5.208287
v 0.951864 -4.685990 -5.207415
v 0.956918 -4.685151 -5.208690
v 0.949807 -4.687186 -5.207500
v 0.953267 -4.686736 -5.208584
v 0.962175 -4.686192 -5.209578
v 0.957204 -4.687592 -5.208742
v 0.962030 -4.684606 -5.209542
v 0.957372 -4.686430 -5.209141
v 0.953389 -4.687768 -5.208606
v 1.845712 -4.641442 -5.208974
v 1.847299 -4.647103 -5.205199
v 1.845884 -4.643179 -5.208718
v 1.846246 -4.644865 -5.207910
v 1.846742 -4.646245 -5.206675
v 4.358788 -2.519227 -5.159074
v 4.362580 -2.524920 -5.155347
v 4.359807 -2.520981 -5.158821
v 4.360887 -2.522679 -5.158024
v 4.361859 -2.524063 -5.156804
v 4.144250 -2.132693 -5.146011
v 4.147855 -2.138085 -5.150110
v 4.144879 -2.133403 -5.147548
v 4.145787 -2.134677 -5.148866
v 4.146832 -2.136321 -5.149768
v 4.668374 -1.963607 -5.142129
v 4.662736 -1.961478 -5.145960
v 4.667512 -1.963018 -5.143600
v 4.666135 -1.962407 -5.144844
v 4.664460 -1.961866 -5.145673
v 4.740170 -0.886901 -5.116704
v 4.735848 -0.905493 -5.121127
v 4.738664 -0.886419 -5.116705
v 4.740026 -0.891126 -5.118328
v 4.739152 -0.896144 -5.119739
v 4.739980 -0.888812 -5.118318
v 4.739408 -0.892243 -5.119506
v 4.739259 -0.890361 -5.119139
v 4.736096 -0.901028 -5.120720
v 4.736718 -0.895837 -5.119735
v 4.737683 -0.901189 -5.120722
v 4.738008 -0.896290 -5.120167
v 4.738378 -0.892111 -5.119504
v 4.739396 -0.885318 -5.116887
v 4.737618 -0.890706 -5.118325
v 4.738854 -0.888611 -5.118316
v 4.739762 -0.887410 -5.118296
v 4.681981 -4.637487 -5.236241
v 4.686242 -4.633238 -5.236149
v 4.690804 -4.641926 -5.240599
v 4.683610 -4.637167 -5.236233
v 4.684991 -4.636245 -5.236214
v 4.683927 -4.637798 -5.237879
v 4.684953 -4.637482 -5.237814
v 4.686589 -4.635122 -5.237820
v 4.687577 -4.637434 -5.239252
v 4.685918 -4.634866 -5.236183
v 4.686269 -4.636159 -5.237786
v 4.688703 -4.640200 -5.240236
v 4.687654 -4.638803 -5.239735
v 4.686288 -4.638047 -5.239086
v 5.181809 -4.741503 -1.129907
v 5.182000 -4.738469 -1.128416
v 5.186051 -4.746006 -1.117633
v 5.182195 -4.741332 -1.128540
v 5.182366 -4.740695 -1.127777
v 5.183442 -4.742000 -1.126905
v 5.183560 -4.740891 -1.126400
v 5.182298 -4.739691 -1.127733
v 5.185739 -4.744437 -1.120263
v 5.184823 -4.743032 -1.123519
v 5.185288 -4.743560 -1.122784
v 5.184712 -4.742537 -1.124806
v 1.022100 -4.628174 -5.236023
v 1.008432 -4.632676 -5.240381
v 1.020856 -4.625155 -5.235956
v 1.020700 -4.627939 -5.236017
v 1.018670 -4.628279 -5.237599
v 1.017038 -4.628649 -5.238486
v 1.011743 -4.630919 -5.240021
v 1.014051 -4.630078 -5.239529
v 1.020028 -4.626305 -5.235981
v 4.688760 -0.972576 -5.155953
v 4.685746 -0.971324 -5.155925
v 4.693311 -0.958771 -5.159913
v 4.688531 -0.971174 -5.155921
v 4.689107 -0.969528 -5.157517
v 4.689279 -0.967449 -5.158292
v 4.690450 -0.965127 -5.158805
v 4.686898 -0.970497 -5.155905
v 4.688394 -0.968587 -5.157439
v 4.692258 -0.961708 -5.159653
v 1.023801 -5.109187 -4.775799
v 1.022500 -5.109283 -4.772787
v 1.010709 -5.113393 -4.780716
v 1.022409 -5.109385 -4.775587
v 1.020932 -5.110800 -4.776272
v 1.019914 -5.110847 -4.775419
v 1.021707 -5.109438 -4.773956
v 1.013849 -5.113077 -4.778931
v 1.017442 -5.112168 -4.777371
v 1.016183 -5.112619 -4.778065
v 5.166177 -4.651625 -4.755671
v 5.170415 -4.655665 -4.764303
v 5.166162 -4.647260 -4.759836
v 5.167802 -4.651899 -4.757641
v 5.169175 -4.652763 -4.759972
v 5.166173 -4.651259 -4.757294
v 5.167741 -4.651550 -4.758633
v 5.168614 -4.651516 -4.759936
v 5.169171 -4.651474 -4.761181
v 5.170094 -4.654086 -4.762312
v 5.169625 -4.652782 -4.761273
v 5.166165 -4.648897 -4.759548
v 5.166169 -4.650302 -4.758656
v 5.167790 -4.649195 -4.760205
v 5.167737 -4.650212 -4.759903
v 5.168694 -0.969258 -4.679249
v 5.173001 -0.955166 -4.683615
v 5.168706 -0.968104 -4.676238
v 5.168698 -0.967865 -4.678992
v 5.171155 -0.964129 -4.679688
v 5.172658 -0.958190 -4.682606
v 5.171720 -0.961711 -4.680848
v 5.168706 -0.967241 -4.677363
v 5.170236 -0.965585 -4.679021
v 4.687005 -5.123303 -4.772137
v 4.695756 -5.127478 -4.776726
v 4.691304 -5.123379 -4.767872
v 4.688939 -5.124932 -4.772516
v 4.691278 -5.126298 -4.773522
v 4.688642 -5.123306 -4.771809
v 4.689969 -5.124877 -4.772194
v 4.691300 -5.125758 -4.772213
v 4.692594 -5.126320 -4.772190
v 4.693673 -5.127192 -4.774998
v 4.692647 -5.126750 -4.773585
v 4.690965 -5.123347 -4.769503
v 4.690030 -5.123321 -4.770886
v 4.691628 -5.124979 -4.769823
v 4.691300 -5.124900 -4.770863
v 4.720227 -5.175360 -1.089086
v 4.726815 -5.179287 -1.074307
v 4.716672 -5.174973 -1.088203
v 4.721341 -5.176850 -1.085796
v 4.719728 -5.174880 -1.087784
v 4.721696 -5.177407 -1.083625
v 4.725381 -5.178951 -1.077569
v 4.722253 -5.177817 -1.082678
v 4.717805 -5.174668 -1.087306
v 4.718877 -5.174637 -1.087159
v 4.720204 -5.176440 -1.085041
v 5.173108 0.038282 -5.138406
v 5.174214 0.040760 -5.134873
v 5.177636 0.037937 -5.133736
v 5.172585 0.039375 -5.138119
v 5.172616 0.040230 -5.137345
v 5.174851 0.038220 -5.138055
v 5.174623 0.040181 -5.137604
v 5.174581 0.041456 -5.136964
v 5.175538 0.040632 -5.133822
v 5.176656 0.040050 -5.133237
v 5.173188 0.040715 -5.136204
v 5.174966 0.041336 -5.135600
v 5.176312 0.041378 -5.135203
v 5.177300 0.038033 -5.135525
v 5.176324 0.038132 -5.137043
v 5.177392 0.039105 -5.133208
v 5.176911 0.040050 -5.135262
v 5.176160 0.040551 -5.136824
v 0.042230 -5.110430 -5.246212
v 0.039644 -5.106959 -5.247250
v 0.042066 -5.105800 -5.250706
v 0.041124 -5.110187 -5.245686
v 0.040242 -5.109441 -5.245699
v 0.042192 -5.110073 -5.247963
v 0.040235 -5.109677 -5.247723
v 0.038961 -5.109070 -5.247668
v 0.039010 -5.108488 -5.248833
v 0.039701 -5.105914 -5.248560
v 0.040178 -5.105326 -5.249676
v 0.039724 -5.108308 -5.246247
v 0.039041 -5.107708 -5.248022
v 0.038930 -5.107305 -5.249373
v 0.042104 -5.107568 -5.250397
v 0.042146 -5.109067 -5.249434
v 0.041009 -5.105286 -5.250429
v 0.040178 -5.107341 -5.249985
v 5.165547 -5.112333 -5.250860
v 5.170110 -5.112604 -5.246477
v 5.165589 -5.116954 -5.246443
v 5.167295 -5.112383 -5.250527
v 5.168775 -5.112451 -5.249577
v 5.165555 -5.114070 -5.250553
v 5.167237 -5.114048 -5.250065
v 5.168584 -5.114048 -5.249413
v 5.168180 -5.115009 -5.249026
v 5.169766 -5.114256 -5.246479
v 5.168790 -5.115664 -5.246475
v 5.169763 -5.112529 -5.248154
v 5.169263 -5.114141 -5.248108
v 5.168591 -5.115434 -5.248074
v 5.165578 -5.116570 -5.248163
v 5.165566 -5.115556 -5.249607
v 5.167321 -5.116610 -5.246460
v 5.167253 -5.116082 -5.248110
v 5.167199 -5.115387 -5.249424
v 5.184094 -5.181087 -0.126998
v 5.180596 -5.181658 -0.124380
v 5.179513 -5.185192 -0.127065
v 5.183820 -5.180494 -0.125727
v 5.183061 -5.180394 -0.124783
v 5.183732 -5.182636 -0.127023
v 5.183328 -5.182367 -0.124980
v 5.182717 -5.182266 -0.123653
v 5.182153 -5.183372 -0.123798
v 5.179585 -5.182997 -0.124468
v 5.179025 -5.184140 -0.125009
v 5.181924 -5.180803 -0.124310
v 5.181363 -5.182546 -0.123756
v 5.180985 -5.183868 -0.123747
v 5.181252 -5.184858 -0.127059
v 5.182736 -5.183960 -0.127045
v 5.179002 -5.184910 -0.125920
v 5.181027 -5.184471 -0.125069
v 5.182569 -5.183788 -0.124623
v 1.022100 -4.630077 -5.149052
v 1.020856 -4.627060 -5.148987
v 1.028119 -4.625928 -5.144697
v 1.020242 -4.630035 -5.149052
v 1.019349 -4.629447 -5.149039
v 1.023019 -4.629602 -5.147412
v 1.021188 -4.629500 -5.147368
v 1.021550 -4.628595 -5.146557
v 1.021871 -4.626812 -5.147351
v 1.023607 -4.626510 -5.145960
v 1.019567 -4.628401 -5.149016
v 1.020643 -4.628173 -5.147339
v 1.026277 -4.627354 -5.145054
v 1.024488 -4.628644 -5.146008
v 1.025800 -4.626198 -5.145029
v 1.023835 -4.627676 -5.145453
v 1.022493 -4.628713 -5.146225
v 4.681981 -4.639390 -5.149269
v 4.681985 -4.635224 -5.144917
v 4.686242 -4.635142 -5.149176
v 4.681981 -4.639102 -5.147633
v 4.681981 -4.638207 -5.146229
v 4.683610 -4.639070 -5.149264
v 4.683652 -4.638714 -5.147583
v 4.683568 -4.637990 -5.146443
v 4.683614 -4.635222 -5.145241
v 4.684995 -4.635204 -5.146164
v 4.681981 -4.636846 -5.145275
v 4.683652 -4.636882 -5.145668
v 4.684777 -4.636784 -5.146416
v 4.685918 -4.636770 -5.149212
v 4.684995 -4.638149 -5.149243
v 4.685918 -4.635176 -5.147547
v 4.685525 -4.636845 -5.147543
v 4.684777 -4.637967 -5.147652
v 4.688760 -0.974480 -5.068982
v 4.684495 -0.980584 -5.064854
v 4.685746 -0.973229 -5.068955
v 4.688245 -0.975434 -5.067372
v 4.687253 -0.976929 -5.066022
v 4.688722 -0.972618 -5.068940
v 4.688149 -0.973602 -5.067290
v 4.687222 -0.973982 -5.066510
v 4.684785 -0.978258 -5.065127
v 4.685121 -0.976043 -5.066003
v 4.685937 -0.978738 -5.065139
v 4.686276 -0.976288 -5.065476
v 4.686479 -0.974577 -5.066186
v 4.687093 -0.971942 -5.068927
v 4.688138 -0.971729 -5.068921
v 4.685460 -0.974278 -5.067345
v 4.686826 -0.973053 -5.067279
v 5.079164 -4.651552 -4.755669
v 5.079167 -4.647199 -4.759834
v 5.074906 -4.647292 -4.755575
v 5.079164 -4.651192 -4.757292
v 5.079167 -4.650238 -4.758652
v 5.077535 -4.651228 -4.755661
v 5.077493 -4.650799 -4.757324
v 5.077580 -4.650026 -4.758433
v 5.077538 -4.647205 -4.759510
v 5.076154 -4.647224 -4.758587
v 5.079167 -4.648836 -4.759546
v 5.077497 -4.648885 -4.759155
v 5.076371 -4.648814 -4.758404
v 5.075231 -4.648921 -4.755612
v 5.076154 -4.650305 -4.755642
v 5.075231 -4.647256 -4.757206
v 5.075624 -4.648925 -4.757282
v 5.076371 -4.650053 -4.757221
v 5.079156 -4.734264 -1.091900
v 5.074914 -4.729576 -1.095957
v 5.078973 -4.731209 -1.090289
v 5.077531 -4.733789 -1.092844
v 5.076154 -4.732732 -1.093946
v 5.079457 -4.734084 -1.090503
v 5.077714 -4.733485 -1.090999
v 5.076356 -4.732677 -1.091639
v 5.076772 -4.732389 -1.090640
v 5.075223 -4.729363 -1.094041
v 5.076100 -4.729598 -1.092291
v 5.075234 -4.731252 -1.095039
v 5.075688 -4.731228 -1.092705
v 5.076333 -4.731341 -1.090932
v 5.079358 -4.732430 -1.089631
v 5.079530 -4.733439 -1.089706
v 5.077420 -4.730247 -1.090974
v 5.077657 -4.731803 -1.090111
v 5.077802 -4.732991 -1.089813
v 5.081700 -0.969199 -4.679249
v 5.081700 -0.968023 -4.676217
v 5.077435 -0.975342 -4.675122
v 5.081700 -0.967804 -4.678990
v 5.080068 -0.970594 -4.678954
v 5.080125 -0.968905 -4.678563
v 5.080167 -0.967838 -4.678033
v 5.079251 -0.969026 -4.677571
v 5.080071 -0.969250 -4.675492
v 5.078687 -0.971072 -4.675030
v 5.081700 -0.967167 -4.677348
v 5.080129 -0.968268 -4.676919
v 5.078866 -0.969560 -4.676617
v 5.077760 -0.973919 -4.676720
v 5.078683 -0.972252 -4.678067
v 5.077760 -0.973211 -4.674899
v 5.078233 -0.971512 -4.676606
v 5.078866 -0.970063 -4.677914
v 1.008767 -5.031718 -4.770176
v 1.013917 -5.027577 -4.765608
v 1.007451 -5.031731 -4.767151
v 1.009950 -5.030101 -4.769734
v 1.011346 -5.028747 -4.768709
v 1.008188 -5.030243 -4.769388
v 1.009099 -5.028941 -4.768612
v 1.008085 -5.029356 -4.768313
v 1.011895 -5.027897 -4.765404
v 1.009958 -5.028801 -4.765629
v 1.012735 -5.027860 -4.767262
v 1.010366 -5.028323 -4.767208
v 1.008508 -5.028965 -4.767296
v 1.006635 -5.031964 -4.769308
v 1.008397 -5.030147 -4.766241
v 1.007451 -5.030262 -4.767729
v 1.007070 -5.030328 -4.768877
v 4.687116 -5.036347 -4.770077
v 4.691377 -5.036452 -4.765816
v 4.687123 -5.032188 -4.765717
v 4.688748 -5.036356 -4.769753
v 4.690129 -5.036380 -4.768830
v 4.687119 -5.034723 -4.769715
v 4.688790 -5.034694 -4.769322
v 4.689912 -5.034797 -4.768574
v 4.691052 -5.034823 -4.765778
v 4.690133 -5.033438 -4.765745
v 4.691052 -5.036413 -4.767447
v 4.690663 -5.034740 -4.767449
v 4.689916 -5.033617 -4.767338
v 4.687119 -5.032472 -4.767353
v 4.687119 -5.033363 -4.768757
v 4.688752 -5.032513 -4.765724
v 4.688790 -5.032866 -4.767403
v 4.688706 -5.033588 -4.768547
v 4.693330 -5.122695 -1.100093
v 4.690133 -5.123110 -1.099049
v 4.687119 -5.118744 -1.106796
v 4.692906 -5.122404 -1.098755
v 4.692147 -5.122379 -1.098086
v 4.692262 -5.121209 -1.101617
v 4.691834 -5.121174 -1.100021
v 4.691297 -5.121203 -1.098994
v 4.690503 -5.120479 -1.100237
v 4.688890 -5.121481 -1.100259
v 4.687882 -5.120080 -1.102155
v 4.691175 -5.122629 -1.098190
v 4.690225 -5.121309 -1.099381
v 4.689458 -5.120203 -1.100759
v 4.688901 -5.119070 -1.105244
v 4.690705 -5.119935 -1.103425
v 4.687261 -5.119116 -1.104451
v 4.689118 -5.119585 -1.102774
v 4.690667 -5.120140 -1.101300
v 3.019082 -5.002477 -4.187843
v 3.017511 -4.998654 -4.185911
v 3.019365 -5.001000 -4.188107
v 3.019162 -4.999757 -4.187833
v 3.018514 -4.998931 -4.187061
v 3.867109 -5.027415 -3.407304
v 3.868699 -5.031233 -3.409255
v 3.868119 -5.027691 -3.408461
v 3.868776 -5.028515 -3.409239
v 3.868978 -5.029758 -3.409517
v 2.711622 -5.003215 -3.838216
v 2.709726 -5.007211 -3.836210
v 2.710592 -5.003531 -3.837056
v 2.709871 -5.004402 -3.836268
v 2.709565 -5.005693 -3.835970
v 3.559358 -5.035972 -3.057638
v 3.561258 -5.031975 -3.059649
v 3.559198 -5.034456 -3.057398
v 3.559503 -5.033165 -3.057696
v 3.560228 -5.032293 -3.058486
v 3.469308 -5.016611 -3.821606
v 3.467733 -5.012795 -3.819673
v 3.469587 -5.015137 -3.821869
v 3.469384 -5.013895 -3.821594
v 3.468736 -5.013070 -3.820823
v 3.160398 -5.021344 -3.470479
v 3.162286 -5.017348 -3.472476
v 3.160234 -5.019827 -3.470238
v 3.160539 -5.018535 -3.470534
v 3.161256 -5.017664 -3.471319
v 3.887281 -5.050021 -2.633232
v 3.889215 -5.046017 -2.635278
v 3.887124 -5.048503 -2.632995
v 3.887437 -5.047208 -2.633300
v 3.888170 -5.046335 -2.634103
v 4.195142 -5.041458 -2.983021
v 4.196767 -5.045281 -2.985011
v 4.196164 -5.041735 -2.984194
v 4.196832 -5.042557 -2.984984
v 4.197042 -5.043803 -2.985270
v 4.208371 -5.067074 -2.078633
v 4.209748 -5.063009 -2.081914
v 4.208146 -5.065541 -2.078567
v 4.208329 -5.064233 -2.079167
v 4.208890 -5.063342 -2.080342
v 4.464917 -5.055452 -2.531033
v 4.466271 -5.059288 -2.533709
v 4.465768 -5.055723 -2.532558
v 4.466325 -5.056548 -2.533602
v 4.466504 -5.057798 -2.534006
v 4.703778 -5.096868 -1.067815
v 4.697927 -5.092523 -1.082652
v 4.701833 -5.097048 -1.067534
v 4.702840 -5.095275 -1.071203
v 4.701402 -5.093889 -1.075212
v 4.703469 -5.096528 -1.066545
v 4.702531 -5.095219 -1.069169
v 4.701444 -5.094107 -1.071924
v 4.701348 -5.094447 -1.070343
v 4.698068 -5.092927 -1.078940
v 4.698861 -5.093927 -1.074767
v 4.699674 -5.092922 -1.079232
v 4.699937 -5.093474 -1.075167
v 4.700364 -5.094125 -1.071735
v 4.702416 -5.096624 -1.066392
v 4.700181 -5.095374 -1.070760
v 4.701283 -5.095268 -1.068962
v 4.702146 -5.095217 -1.067946
v 4.704427 -5.074452 -2.028576
v 4.701901 -5.074074 -2.040215
v 4.699361 -5.069980 -2.038597
v 4.704240 -5.074375 -2.031330
v 4.703691 -5.074275 -2.034510
v 4.703794 -5.072794 -2.030859
v 4.703496 -5.072774 -2.033548
v 4.703210 -5.072744 -2.035916
v 4.702756 -5.071827 -2.036627
v 4.702027 -5.072509 -2.040147
v 4.701585 -5.071180 -2.039816
v 4.702870 -5.074171 -2.037630
v 4.702630 -5.072633 -2.038056
v 4.702279 -5.071406 -2.038231
v 4.701051 -5.070374 -2.036282
v 4.702607 -5.071362 -2.033565
v 4.700654 -5.070293 -2.039272
v 4.701741 -5.070810 -2.037404
v 4.702733 -5.071488 -2.035505
v 2.523256 -4.989017 -4.502779
v 2.520597 -4.985152 -4.501486
v 2.523458 -4.987534 -4.503093
v 2.523023 -4.986279 -4.502958
v 2.522016 -4.985441 -4.502393
v 2.077741 -4.986787 -4.207291
v 2.074682 -4.990756 -4.205877
v 2.076265 -4.987093 -4.206357
v 2.075166 -4.987956 -4.205760
v 2.074609 -4.989241 -4.205591
v 1.955728 -4.971410 -4.792588
v 1.955030 -4.975220 -4.795507
v 1.955865 -4.971669 -4.794119
v 1.955781 -4.972486 -4.795212
v 1.955487 -4.973733 -4.795700
v 0.815484 -4.962077 -4.773187
v 0.815007 -4.962101 -4.771364
v 0.828984 -4.958376 -4.767958
v 0.813596 -4.962364 -4.772710
v 0.818540 -4.960606 -4.772445
v 0.816285 -4.960736 -4.772202
v 0.814958 -4.960815 -4.771838
v 0.817136 -4.959915 -4.771042
v 0.818002 -4.960653 -4.769729
v 0.821714 -4.959439 -4.768506
v 0.816034 -4.960758 -4.770928
v 0.818479 -4.959557 -4.770033
v 0.825845 -4.958603 -4.769616
v 0.822175 -4.959384 -4.771192
v 0.825570 -4.958636 -4.767885
v 0.821805 -4.958990 -4.769712
v 0.818677 -4.959535 -4.771171
v 2.979589 -5.110851 -4.146992
v 2.983773 -5.106950 -4.151604
v 2.980790 -5.110540 -4.148347
v 2.982007 -5.109690 -4.149699
v 2.983052 -5.108428 -4.150842
v 3.833383 -5.135721 -3.373011
v 3.829198 -5.139613 -3.368395
v 3.832666 -5.137198 -3.372251
v 3.831617 -5.138456 -3.371106
v 3.830400 -5.139304 -3.369752
v 2.735746 -5.110519 -3.869672
v 2.739637 -5.114428 -3.874246
v 2.736345 -5.112030 -3.870413
v 2.737298 -5.113301 -3.871542
v 2.738450 -5.114146 -3.872888
v 3.589273 -5.143191 -3.095679
v 3.585374 -5.139276 -3.091098
v 3.588086 -5.142906 -3.094319
v 3.586931 -5.142063 -3.092971
v 3.585977 -5.140790 -3.091840
v 3.429815 -5.124991 -3.780759
v 3.433992 -5.121097 -3.785362
v 3.431016 -5.124683 -3.782111
v 3.432229 -5.123833 -3.783460
v 3.433275 -5.122576 -3.784602
v 3.190301 -5.128564 -3.508505
v 3.186414 -5.124654 -3.503941
v 3.189119 -5.128279 -3.507151
v 3.187963 -5.127436 -3.505808
v 3.187017 -5.126163 -3.504681
v 3.917230 -5.157233 -2.671312
v 3.913297 -5.153311 -2.666689
v 3.916032 -5.156948 -2.669936
v 3.914861 -5.156102 -2.668575
v 3.913900 -5.154825 -2.667434
v 4.161454 -5.149761 -2.948770
v 4.157239 -5.153654 -2.944122
v 4.160733 -5.151236 -2.948006
v 4.159680 -5.152496 -2.946855
v 4.158452 -5.153344 -2.945491
v 4.237676 -5.167184 -2.109030
v 4.234231 -5.163268 -2.103475
v 4.236688 -5.166908 -2.107221
v 4.235684 -5.166067 -2.105530
v 4.234826 -5.164789 -2.104215
v 4.439065 -5.156672 -2.492960
v 4.435670 -5.160622 -2.486919
v 4.438478 -5.158158 -2.492004
v 4.437623 -5.159431 -2.490520
v 4.436635 -5.160296 -2.488734
v 4.728490 -5.157924 -1.051289
v 4.726590 -5.157936 -1.051062
v 4.725640 -5.161837 -1.065284
v 4.728196 -5.157542 -1.050028
v 4.728730 -5.159381 -1.054525
v 4.728417 -5.159201 -1.052234
v 4.728005 -5.159114 -1.050909
v 4.727834 -5.160118 -1.053156
v 4.725923 -5.159505 -1.054205
v 4.725511 -5.160798 -1.058012
v 4.727170 -5.157548 -1.049905
v 4.727098 -5.159259 -1.052084
v 4.727048 -5.160568 -1.054584
v 4.727189 -5.161497 -1.062099
v 4.728276 -5.160635 -1.058320
v 4.725411 -5.161615 -1.061901
v 4.727082 -5.161146 -1.057973
v 4.728219 -5.160499 -1.054715
v 4.716210 -5.135869 -1.967636
v 4.712731 -5.140630 -1.968725
v 4.713578 -5.136300 -1.978353
v 4.716176 -5.137512 -1.967910
v 4.715501 -5.138995 -1.968213
v 4.716008 -5.135988 -1.970191
v 4.715844 -5.137543 -1.969861
v 4.715486 -5.138820 -1.969700
v 4.715264 -5.138478 -1.971160
v 4.713349 -5.140181 -1.971091
v 4.713727 -5.139199 -1.973751
v 4.714292 -5.140089 -1.968499
v 4.714547 -5.139563 -1.970297
v 4.714715 -5.138911 -1.972119
v 4.714585 -5.136223 -1.975992
v 4.715440 -5.136112 -1.973126
v 4.713807 -5.137839 -1.976302
v 4.714704 -5.137701 -1.973940
v 4.715466 -5.137573 -1.971847
v 2.482400 -5.097342 -4.462728
v 2.487958 -5.093464 -4.466551
v 2.484124 -5.097045 -4.463778
v 2.485788 -5.096204 -4.464874
v 2.487134 -5.094945 -4.465847
v 2.100698 -5.094061 -4.239336
v 2.106054 -5.098007 -4.243162
v 2.101411 -5.095575 -4.240021
v 2.102681 -5.096855 -4.240988
v 2.104310 -5.097709 -4.242091
v 1.919744 -5.079621 -4.759295
v 1.917798 -5.083608 -4.753710
v 1.919191 -5.081115 -4.758455
v 1.918630 -5.082400 -4.757099
v 1.918138 -5.083275 -4.755432
v 0.841470 -5.065362 -4.806339
v 0.860208 -5.069664 -4.802541
v 0.841020 -5.065403 -4.804821
v 0.845712 -5.066938 -4.806328
v 0.850766 -5.068309 -4.805602
v 0.843400 -5.066955 -4.806232
v 0.846860 -5.068115 -4.805763
v 0.844976 -5.067775 -4.805564
v 0.855737 -5.069306 -4.802681
v 0.850518 -5.068368 -4.803163
v 0.855855 -5.069267 -4.804272
v 0.850946 -5.068763 -4.804471
v 0.846750 -5.068139 -4.804732
v 0.839906 -5.065582 -4.805533
v 0.845353 -5.066999 -4.803915
v 0.843225 -5.066984 -4.805103
v 0.842004 -5.066955 -4.805983
v 5.106771 -4.120434 -3.049697
v 5.102632 -4.119007 -3.048402
v 5.105363 -4.120870 -3.050091
v 5.104081 -4.120752 -3.049983
v 5.103120 -4.120098 -3.049390
v 5.098878 -3.327836 -3.886799
v 5.103021 -3.329280 -3.888109
v 5.099370 -3.328933 -3.887793
v 5.100331 -3.329592 -3.888391
v 5.101613 -3.329714 -3.888502
v 5.042085 -3.778749 -2.740121
v 5.045651 -3.776308 -2.737912
v 5.042180 -3.777577 -2.739060
v 5.042890 -3.776702 -2.738267
v 5.044110 -3.776257 -2.737864
v 5.041909 -2.985171 -3.576341
v 5.038339 -2.987619 -3.578555
v 5.040364 -2.985120 -3.576292
v 5.039144 -2.985567 -3.576697
v 5.038434 -2.986444 -3.577491
v 5.109345 -3.747324 -3.494458
v 5.105214 -3.745897 -3.493164
v 5.107938 -3.747760 -3.494852
v 5.106660 -3.747642 -3.494744
v 5.105702 -3.746988 -3.494151
v 5.048322 -3.403695 -3.183124
v 5.044751 -3.406127 -3.185325
v 5.046781 -3.403642 -3.183075
v 5.045560 -3.404085 -3.183476
v 5.044847 -3.404957 -3.184266
v 5.028256 -2.556491 -3.898673
v 5.024682 -2.558972 -3.900918
v 5.026711 -2.556442 -3.898628
v 5.025491 -2.556896 -3.899039
v 5.024777 -2.557785 -3.899843
v 5.085240 -2.899279 -4.209241
v 5.089402 -2.900753 -4.210581
v 5.085736 -2.900389 -4.210248
v 5.086701 -2.901059 -4.210856
v 5.087991 -2.901187 -4.210973
v 5.001176 -1.998607 -4.212793
v 4.997655 -2.002075 -4.214570
v 4.999635 -1.998634 -4.212712
v 4.998425 -1.999301 -4.213021
v 4.997727 -2.000509 -4.213673
v 5.063867 -2.444250 -4.473362
v 5.068105 -2.446698 -4.474222
v 5.064385 -2.445737 -4.474189
v 5.065373 -2.446725 -4.474643
v 5.066682 -2.447062 -4.474655
v 4.944169 -0.985191 -4.695470
v 4.940984 -0.998170 -4.690674
v 4.943933 -0.984667 -4.693591
v 4.942868 -0.988177 -4.694912
v 4.941804 -0.991690 -4.693805
v 4.944291 -0.983848 -4.695357
v 4.942800 -0.985952 -4.694668
v 4.941667 -0.988281 -4.693786
v 4.941911 -0.986767 -4.693612
v 4.940957 -0.994892 -4.690579
v 4.941510 -0.991175 -4.691098
v 4.941144 -0.995199 -4.692318
v 4.941209 -0.991287 -4.692383
v 4.941541 -0.988062 -4.692640
v 4.944161 -0.983566 -4.694339
v 4.942555 -0.987584 -4.692157
v 4.942651 -0.985670 -4.693373
v 4.942735 -0.984636 -4.694298
v 5.039498 -1.948053 -4.704489
v 5.035470 -1.949634 -4.701878
v 5.038079 -1.948727 -4.704793
v 5.036817 -1.949266 -4.704403
v 5.035901 -1.949583 -4.703378
v 5.095231 -4.443348 -2.558981
v 5.091046 -4.442581 -2.556609
v 5.093812 -4.443837 -2.559296
v 5.092519 -4.443862 -2.558955
v 5.091550 -4.443422 -2.558012
v 5.024003 -4.158179 -2.112431
v 5.027535 -4.156349 -2.109068
v 5.024087 -4.157242 -2.110928
v 5.024785 -4.156566 -2.109761
v 5.025994 -4.156254 -2.109107
v 5.071210 -4.743087 -1.996873
v 5.075288 -4.745534 -1.995909
v 5.071668 -4.744572 -1.997001
v 5.072602 -4.745561 -1.996863
v 5.073876 -4.745898 -1.996479
v 4.975289 -4.744999 -0.860465
v 4.975053 -4.743195 -0.859972
v 4.971986 -4.740021 -0.874164
v 4.975385 -4.744900 -0.859124
v 4.973966 -4.744387 -0.863618
v 4.973901 -4.744171 -0.861360
v 4.973836 -4.743824 -0.860024
v 4.973008 -4.743104 -0.862260
v 4.973645 -4.741696 -0.863055
v 4.972566 -4.740565 -0.866836
v 4.975259 -4.743924 -0.858857
v 4.973748 -4.742907 -0.861093
v 4.972631 -4.742120 -0.863616
v 4.972180 -4.741693 -0.871032
v 4.972875 -4.743227 -0.867328
v 4.971982 -4.739978 -0.870737
v 4.972276 -4.741814 -0.866973
v 4.972764 -4.743250 -0.863826
v 5.206124 -4.067458 -3.001783
v 5.203134 -4.072440 -3.006295
v 5.206075 -4.068822 -3.003018
v 5.205487 -4.070247 -3.004309
v 5.204453 -4.071519 -3.005460
v 5.199380 -3.281288 -3.844709
v 5.202371 -3.276287 -3.840181
v 5.200700 -3.280362 -3.843872
v 5.201734 -3.279089 -3.842718
v 5.202321 -3.277658 -3.841422
v 5.153913 -3.796553 -2.756333
v 5.158628 -3.800549 -2.759956
v 5.155541 -3.797093 -2.756824
v 5.157010 -3.798044 -2.757686
v 5.158093 -3.799257 -2.758786
v 5.154881 -3.009413 -3.598389
v 5.150163 -3.005413 -3.594761
v 5.154347 -3.008121 -3.597217
v 5.153264 -3.006906 -3.596116
v 5.151795 -3.005956 -3.595253
v 5.208707 -3.694348 -3.446546
v 5.205716 -3.699326 -3.451053
v 5.208653 -3.695709 -3.447779
v 5.208066 -3.697133 -3.449069
v 5.207036 -3.698403 -3.450218
v 5.161294 -3.427923 -3.205158
v 5.156583 -3.423938 -3.201544
v 5.160760 -3.426634 -3.203992
v 5.159680 -3.425425 -3.202895
v 5.158212 -3.424478 -3.202036
v 5.141229 -2.580767 -3.920752
v 5.136498 -2.576730 -3.917092
v 5.140691 -2.579460 -3.919568
v 5.139604 -2.578234 -3.918456
v 5.138131 -2.577276 -3.917587
v 5.185739 -2.852774 -4.167192
v 5.188737 -2.847728 -4.162622
v 5.187062 -2.851844 -4.166350
v 5.188096 -2.850558 -4.165186
v 5.188684 -2.849114 -4.163877
v 5.114213 -2.024123 -4.234271
v 5.109406 -2.018844 -4.231210
v 5.113648 -2.022342 -4.233317
v 5.112538 -2.020712 -4.232399
v 5.111047 -2.019485 -4.231660
v 5.164399 -2.398738 -4.430851
v 5.167348 -2.392447 -4.426878
v 5.165727 -2.397710 -4.430052
v 5.166753 -2.396154 -4.429017
v 5.167325 -2.394306 -4.427902
v 5.052327 -1.005390 -4.713556
v 5.052159 -1.004903 -4.712005
v 5.057714 -1.023205 -4.708973
v 5.054238 -1.009371 -4.713278
v 5.054074 -1.007111 -4.713207
v 5.053941 -1.005742 -4.712974
v 5.054936 -1.008562 -4.712412
v 5.053994 -1.008959 -4.710859
v 5.055696 -1.013859 -4.709880
v 5.052365 -1.003795 -4.712727
v 5.053960 -1.006911 -4.712074
v 5.055341 -1.010246 -4.711511
v 5.057153 -1.019013 -4.710797
v 5.055932 -1.014154 -4.712310
v 5.057000 -1.018862 -4.709217
v 5.056272 -1.014275 -4.711120
v 5.055444 -1.010372 -4.712540
v 5.138970 -1.898138 -4.655271
v 5.135743 -1.900119 -4.661141
v 5.138844 -1.898344 -4.657017
v 5.138188 -1.898791 -4.658746
v 5.137097 -1.899414 -4.660194
v 5.194531 -4.391195 -2.509717
v 5.191567 -4.395366 -2.515590
v 5.194493 -4.392246 -2.511471
v 5.193917 -4.393408 -2.513203
v 5.192887 -4.394502 -2.514650
v 5.135789 -4.176592 -2.127488
v 5.140561 -4.179815 -2.132560
v 5.137422 -4.177076 -2.128089
v 5.138902 -4.177859 -2.129265
v 5.140004 -4.178819 -2.130835
v 5.171586 -4.697574 -1.952536
v 5.174706 -4.691582 -1.950235
v 5.172921 -4.696569 -1.951864
v 5.173985 -4.695077 -1.951191
v 5.174615 -4.693327 -1.950619
v 5.083482 -4.764941 -0.878852
v 5.088662 -4.760321 -0.897175
v 5.083306 -4.763438 -0.878391
v 5.085355 -4.764665 -0.882961
v 5.086999 -4.763690 -0.887888
v 5.083581 -4.764954 -0.877520
v 5.085191 -4.764608 -0.880656
v 5.086537 -4.763942 -0.884011
v 5.086038 -4.763818 -0.882160
v 5.087991 -4.760581 -0.892746
v 5.086740 -4.761266 -0.887622
v 5.088159 -4.762167 -0.892877
v 5.087319 -4.762509 -0.888026
v 5.086427 -4.762917 -0.883896
v 5.085092 -4.762270 -0.882580
v 5.085069 -4.763486 -0.880472
v 5.085057 -4.764384 -0.879264
v 3.488134 -3.693891 -5.074971
v 3.489942 -3.695468 -5.078858
v 3.489255 -3.694920 -5.075288
v 3.489991 -3.695579 -5.076138
v 3.490232 -3.695772 -5.077392
v 3.550679 -2.961796 -5.057757
v 3.548631 -2.959816 -5.061681
v 3.549539 -2.960738 -5.058035
v 3.548749 -2.959991 -5.058878
v 3.548429 -2.959667 -5.060158
v 3.891065 -3.275144 -5.065126
v 3.892865 -3.276711 -5.069010
v 3.892183 -3.276167 -5.065443
v 3.892919 -3.276823 -5.066293
v 3.893159 -3.277015 -5.067546
v 3.147771 -3.380564 -5.067603
v 3.145715 -3.378581 -5.071528
v 3.146627 -3.379505 -5.067880
v 3.145837 -3.378756 -5.068722
v 3.145517 -3.378432 -5.070004
v 2.718816 -3.734904 -5.075936
v 2.716737 -3.732897 -5.079865
v 2.717664 -3.733839 -5.076213
v 2.716863 -3.733080 -5.077057
v 2.716539 -3.732752 -5.078339
v 3.059568 -4.048591 -5.083311
v 3.061399 -4.050189 -5.087208
v 3.060701 -4.049629 -5.083630
v 3.061448 -4.050297 -5.084481
v 3.061692 -4.050493 -5.085738
v 2.618985 -4.334498 -5.090034
v 2.620973 -4.336064 -5.093948
v 2.620179 -4.335524 -5.090353
v 2.620977 -4.336185 -5.091209
v 2.621255 -4.336372 -5.092472
v 2.265462 -4.026909 -5.082799
v 2.263231 -4.024933 -5.086735
v 2.264249 -4.025853 -5.083079
v 2.263402 -4.025105 -5.083924
v 2.263044 -4.024783 -5.085208
v 1.408433 -4.670005 -5.097851
v 1.399247 -4.673814 -5.102075
v 1.404962 -4.671536 -5.098201
v 1.401998 -4.672795 -5.099127
v 1.399991 -4.673595 -5.100487
v 2.134946 -4.574052 -5.095666
v 2.139932 -4.574222 -5.099575
v 2.137292 -4.574548 -5.095976
v 2.139062 -4.574755 -5.096828
v 2.139989 -4.574641 -5.098090
v 1.473844 -4.411755 -5.091776
v 1.468618 -4.411165 -5.095747
v 1.471486 -4.411227 -5.092066
v 1.469667 -4.410931 -5.092923
v 1.468660 -4.410910 -5.094216
v 3.906518 -2.482446 -5.046485
v 3.904542 -2.480312 -5.050407
v 3.905404 -2.481332 -5.046760
v 3.904638 -2.480533 -5.047602
v 3.904336 -2.480177 -5.048883
v 4.240251 -2.813141 -5.054261
v 4.241967 -2.814847 -5.058159
v 4.241338 -2.814219 -5.054579
v 4.242047 -2.814922 -5.055432
v 4.242269 -2.815142 -5.056688
v 4.704045 -1.437987 -5.021926
v 4.708165 -1.428952 -5.025863
v 4.705667 -1.434601 -5.022163
v 4.707021 -1.431696 -5.022993
v 4.707898 -1.429712 -5.024294
v 4.391511 -1.545634 -5.024458
v 4.391229 -1.540083 -5.028300
v 4.391046 -1.543210 -5.024701
v 4.390832 -1.541304 -5.025519
v 4.390893 -1.540206 -5.026781
v 4.554456 -2.283148 -5.041798
v 4.554406 -2.287929 -5.045787
v 4.554868 -2.285404 -5.042147
v 4.555005 -2.287106 -5.043026
v 4.554841 -2.287993 -5.044305
v 3.452012 -3.658109 -5.182006
v 3.447397 -3.653767 -5.185750
v 3.451234 -3.657355 -5.183461
v 3.450082 -3.656265 -5.184683
v 3.448732 -3.655004 -5.185487
v 3.579004 -2.985338 -5.166064
v 3.583383 -2.989275 -5.170126
v 3.579690 -2.985937 -5.167597
v 3.580766 -2.986895 -5.168907
v 3.582063 -2.988068 -5.169796
v 3.854940 -3.239352 -5.172161
v 3.850328 -3.235017 -5.175905
v 3.854158 -3.238598 -5.173615
v 3.853006 -3.237510 -5.174837
v 3.851663 -3.236254 -5.175641
v 3.176088 -3.404103 -5.175909
v 3.180471 -3.408042 -5.179973
v 3.176778 -3.404702 -5.177442
v 3.177854 -3.405659 -5.178754
v 3.179151 -3.406834 -5.179642
v 2.747110 -3.758420 -5.184236
v 2.751516 -3.762384 -5.188305
v 2.747800 -3.759021 -5.185771
v 2.748880 -3.759984 -5.187083
v 2.750184 -3.761167 -5.187973
v 3.023481 -4.012838 -5.190337
v 3.018831 -4.008465 -5.194091
v 3.022699 -4.012083 -5.191795
v 3.021539 -4.010985 -5.193021
v 3.020181 -4.009716 -5.193826
v 2.583066 -4.298728 -5.197045
v 2.578218 -4.294390 -5.200814
v 2.582265 -4.297971 -5.198508
v 2.581060 -4.296881 -5.199740
v 2.579641 -4.295623 -5.200550
v 2.293596 -4.050449 -5.191094
v 2.298196 -4.054371 -5.195167
v 2.294305 -4.051046 -5.192631
v 2.295427 -4.052004 -5.193946
v 2.296792 -4.053169 -5.194835
v 1.395528 -4.667960 -5.205368
v 1.406083 -4.662937 -5.209408
v 1.396287 -4.667505 -5.206948
v 1.398557 -4.666391 -5.208270
v 1.401998 -4.664789 -5.209134
v 2.102044 -4.536904 -5.202622
v 2.093381 -4.534325 -5.206456
v 2.100950 -4.536279 -5.204098
v 2.098916 -4.535568 -5.205345
v 2.096261 -4.534882 -5.206173
v 1.498983 -4.436682 -5.200098
v 1.507367 -4.438838 -5.204136
v 1.499978 -4.437146 -5.201635
v 1.501920 -4.437720 -5.202943
v 1.504518 -4.438313 -5.203820
v 3.934915 -2.505834 -5.154787
v 3.939199 -2.509964 -5.158856
v 3.935598 -2.506448 -5.156322
v 3.936651 -2.507448 -5.157634
v 3.937913 -2.508684 -5.158525
v 4.204045 -2.777493 -5.161294
v 4.199540 -2.772977 -5.165040
v 4.203271 -2.776727 -5.162749
v 4.202146 -2.775597 -5.163972
v 4.200833 -2.774280 -5.164777
v 4.704446 -1.423100 -5.129130
v 4.699319 -1.433128 -5.133534
v 4.704011 -1.423790 -5.130741
v 4.702882 -1.425939 -5.132145
v 4.701234 -1.429218 -5.133125
v 4.421601 -1.565603 -5.132674
v 4.423768 -1.573987 -5.136846
v 4.422124 -1.566542 -5.134218
v 4.422719 -1.568464 -5.135553
v 4.423295 -1.571079 -5.136474
v 4.516500 -2.250590 -5.148888
v 4.514150 -2.242278 -5.152561
v 4.515885 -2.249531 -5.150343
v 4.515225 -2.247579 -5.151551
v 4.514619 -2.245032 -5.152331
v 4.723477 -0.873660 -5.064516
v 4.725141 -0.874163 -5.064529
v 4.724160 -0.872509 -5.064491
v 0.932454 -4.674233 -5.153737
v 0.932958 -4.675965 -5.153779
v 0.931291 -4.674910 -5.153753
v 2.603757 -5.109080 -5.250782
v 2.603811 -5.113693 -5.246338
v 2.603036 -5.110825 -5.250477
v 2.602792 -5.112314 -5.249521
v 2.603067 -5.113320 -5.248070
v 5.177102 -5.146844 -2.686638
v 5.172563 -5.151076 -2.686587
v 5.176751 -5.148455 -2.685899
v 5.175767 -5.149826 -2.685627
v 5.174294 -5.150745 -2.685869
v 2.610112 -5.144309 -2.685822
v 2.610963 -5.147812 -2.686587
v 2.609643 -5.145654 -2.685372
v 2.609639 -5.146792 -2.685359
v 5.173875 -2.537104 -5.190111
v 5.169339 -2.537044 -5.194634
v 5.173535 -2.536309 -5.191826
v 5.172555 -2.536020 -5.193287
v 5.171079 -2.536278 -5.194273
v 2.606923 -2.533106 -5.191063
v 2.607541 -2.533850 -5.194559
v 2.606435 -2.532610 -5.192383
v 2.606382 -2.532579 -5.193512
v 5.177403 -2.570445 -2.629631
v 5.180867 -2.571462 -2.630501
v 5.178731 -2.569997 -2.629155
v 5.179856 -2.570032 -2.629151
v 5.180604 -2.570546 -2.629624
v 2.852041 -4.632830 -5.236132
v 2.849668 -4.637288 -5.240490
v 2.851861 -4.633139 -5.237768
v 2.851346 -4.634095 -5.239174
v 2.850576 -4.635553 -5.240130
v 4.692048 -2.800307 -5.200257
v 4.687501 -2.802906 -5.196049
v 4.690305 -2.801274 -5.199951
v 4.688832 -2.802106 -5.199045
v 4.687848 -2.802679 -5.197674
v 2.850942 -2.795609 -5.200146
v 2.853303 -2.798238 -5.195942
v 2.851846 -2.796587 -5.199843
v 2.852609 -2.797430 -5.198937
v 2.853120 -2.798010 -5.197567
v 5.173989 -4.696555 -2.942592
v 5.178235 -4.700841 -2.941087
v 5.175618 -4.696930 -2.942738
v 5.176995 -4.697877 -2.942503
v 5.177915 -4.699248 -2.941924
v 5.167428 -2.808259 -4.719543
v 5.171708 -2.805717 -4.723957
v 5.169061 -2.808066 -4.719877
v 5.170445 -2.807515 -4.720835
v 5.171376 -2.806691 -4.722267
v 5.179524 -2.850753 -2.900439
v 5.175317 -2.853298 -2.902216
v 5.179200 -2.851777 -2.901374
v 5.178288 -2.852620 -2.902041
v 5.176923 -2.853152 -2.902338
v 2.853353 -5.120433 -4.778710
v 2.855386 -5.116243 -4.773974
v 2.854249 -5.120135 -4.776959
v 2.854951 -5.119233 -4.775442
v 2.855348 -5.117867 -4.774395
v 4.711274 -5.153380 -2.925735
v 4.705911 -5.149217 -2.928366
v 4.709474 -5.153070 -2.926657
v 4.707826 -5.152170 -2.927481
v 4.706571 -5.150817 -2.928081
v 2.868642 -5.146339 -2.927592
v 2.869886 -5.142131 -2.930211
v 2.869535 -5.146013 -2.928538
v 2.870084 -5.145100 -2.929368
v 2.870210 -5.143737 -2.929955
v 2.854173 -4.630572 -5.144806
v 2.852041 -4.634734 -5.149161
v 2.853357 -4.632194 -5.145168
v 2.852666 -4.633554 -5.146122
v 2.852201 -4.634445 -5.147524
v 4.687501 -2.804810 -5.109080
v 4.683240 -2.807023 -5.104864
v 4.687177 -2.805008 -5.107453
v 4.686254 -2.805497 -5.106079
v 4.684869 -2.806205 -5.105171
v 2.853303 -2.800145 -5.108969
v 2.856309 -2.803256 -5.104775
v 2.853532 -2.800410 -5.107346
v 2.854184 -2.801094 -5.105976
v 2.855161 -2.802094 -5.105076
v 5.074910 -4.688453 -2.924888
v 5.079164 -4.692923 -2.923707
v 5.075231 -4.690112 -2.924177
v 5.076154 -4.691545 -2.923702
v 5.077535 -4.692533 -2.923536
v 5.076173 -2.810429 -4.715328
v 5.080434 -2.808198 -4.719540
v 5.076497 -2.809575 -4.716942
v 5.077420 -2.808851 -4.718308
v 5.078805 -2.808368 -4.719219
v 5.080377 -2.849662 -2.883309
v 5.076173 -2.852450 -2.885546
v 5.078767 -2.849824 -2.883222
v 5.077405 -2.850412 -2.883618
v 5.076493 -2.851334 -2.884433
v 2.847883 -5.034033 -4.770119
v 2.849630 -5.029880 -4.765661
v 2.847898 -5.032411 -4.769718
v 2.848233 -5.031053 -4.768730
v 2.848844 -5.030164 -4.767306
v 4.692208 -5.079729 -2.932980
v 4.687119 -5.075486 -2.935380
v 4.691567 -5.078122 -2.933248
v 4.690373 -5.076750 -2.933798
v 4.688813 -5.075825 -2.934546
v 2.848855 -5.077424 -2.933021
v 2.850511 -5.073160 -2.936210
v 2.848565 -5.075813 -2.933320
v 2.848775 -5.074438 -2.934030
v 2.849458 -5.073505 -2.935045
v 4.681981 -4.638436 -5.192753
v 4.686242 -4.634188 -5.192661
v 4.683610 -4.638116 -5.192747
v 4.684995 -4.637197 -5.192726
v 4.685918 -4.635818 -5.192698
v 4.685746 -0.972276 -5.112439
v 4.688760 -0.973528 -5.112466
v 4.686902 -0.971450 -5.112420
v 4.688531 -0.972128 -5.112435
v 5.130479 -4.737882 -1.110903
v 5.130486 -4.734840 -1.109352
v 5.130483 -4.737683 -1.109395
v 5.130486 -4.737036 -1.108571
v 5.125196 -0.969228 -4.679249
v 5.125203 -0.968063 -4.676226
v 5.125199 -0.967122 -4.678326
v 4.691339 -5.079916 -4.766846
v 4.687062 -5.079827 -4.771107
v 4.691010 -5.079884 -4.768475
v 4.690080 -5.079856 -4.769858
v 4.688691 -5.079836 -4.770783
v 1.014974 -5.070506 -4.769970
v 1.016286 -5.070454 -4.772989
v 1.014104 -5.070463 -4.772104
v 1.022100 -4.629128 -5.192537
v 1.020856 -4.626108 -5.192472
v 1.020700 -4.628893 -5.192532
v 1.020028 -4.627258 -5.192496
v 5.122666 -4.647229 -4.759834
v 5.122670 -4.651589 -4.755669
v 5.122663 -4.648865 -4.759546
v 5.122666 -4.650268 -4.758652
v 5.122666 -4.651224 -4.757290
v 4.703401 -5.149036 -1.093628
v 4.706777 -5.149027 -1.094590
v 4.704698 -5.149059 -1.092663
v 4.706525 -5.149053 -1.093184
v 3.675454 -5.020125 -3.616794
v 3.677034 -5.023939 -3.618734
v 3.676458 -5.020400 -3.617947
v 3.677110 -5.021223 -3.618720
v 3.677312 -5.022465 -3.618997
v 2.941980 -5.010170 -3.662506
v 2.940088 -5.014166 -3.660507
v 2.940950 -5.010489 -3.661349
v 2.940229 -5.011360 -3.660562
v 2.939927 -5.012651 -3.660267
v 3.247594 -5.005616 -4.009896
v 3.249166 -5.009433 -4.011825
v 3.248597 -5.005893 -4.011045
v 3.249246 -5.006717 -4.011815
v 3.249444 -5.007960 -4.012088
v 3.369855 -5.024679 -3.269426
v 3.367963 -5.028676 -3.267424
v 3.368825 -5.024996 -3.268268
v 3.368104 -5.025867 -3.267480
v 3.367803 -5.027158 -3.267184
v 3.733899 -5.039069 -2.848838
v 3.731984 -5.043069 -2.846811
v 3.732862 -5.039387 -2.847669
v 3.732133 -5.040260 -2.846874
v 3.731824 -5.041553 -2.846572
v 4.039845 -5.034506 -3.196603
v 4.041451 -5.038325 -3.198571
v 4.040860 -5.034784 -3.197767
v 4.041520 -5.035608 -3.198550
v 4.041730 -5.036852 -3.198832
v 4.335721 -5.048386 -2.762824
v 4.337319 -5.052213 -2.764914
v 4.336728 -5.048663 -2.764045
v 4.337384 -5.049488 -2.764872
v 4.337594 -5.050734 -2.765177
v 4.036160 -5.053321 -2.402433
v 4.034287 -5.057335 -2.400224
v 4.035134 -5.053641 -2.401204
v 4.034421 -5.054517 -2.400352
v 4.034123 -5.055813 -2.400008
v 4.698644 -5.081251 -1.560630
v 4.704122 -5.085656 -1.549066
v 4.700364 -5.081668 -1.557009
v 4.702008 -5.082648 -1.553540
v 4.703328 -5.084049 -1.550751
v 4.586232 -5.062772 -2.284548
v 4.587163 -5.066648 -2.288553
v 4.586740 -5.063027 -2.286827
v 4.587094 -5.063850 -2.288389
v 4.587243 -5.065123 -2.288995
v 4.438924 -5.076696 -1.620078
v 4.438775 -5.080887 -1.613996
v 4.438478 -5.077055 -1.617645
v 4.438291 -5.077977 -1.615635
v 4.438394 -5.079324 -1.614354
v 2.454591 -4.996095 -4.007148
v 2.452546 -5.000088 -4.005219
v 2.453504 -4.996411 -4.006017
v 2.452733 -4.997282 -4.005254
v 2.452398 -4.998573 -4.004974
v 2.777700 -4.991899 -4.348289
v 2.779413 -4.995730 -4.350135
v 2.778756 -4.992179 -4.349407
v 2.779454 -4.993005 -4.350151
v 2.779687 -4.994252 -4.350406
v 1.392110 -4.964891 -4.780267
v 1.383031 -4.968835 -4.784279
v 1.388692 -4.965129 -4.781818
v 1.385766 -4.965963 -4.783127
v 1.383779 -4.967264 -4.783990
v 1.506837 -4.973637 -4.470374
v 1.501336 -4.977551 -4.470064
v 1.504426 -4.973922 -4.469862
v 1.502534 -4.974768 -4.469624
v 1.501451 -4.976043 -4.469695
v 2.240617 -4.978236 -4.650155
v 2.245446 -4.982166 -4.650310
v 2.242868 -4.978549 -4.650627
v 2.244577 -4.979406 -4.650824
v 2.245481 -4.980674 -4.650712
v 3.641717 -5.128428 -3.582489
v 3.637536 -5.132321 -3.577882
v 3.641000 -5.129903 -3.581729
v 3.639955 -5.131163 -3.580587
v 3.638738 -5.132011 -3.579236
v 2.966108 -5.117476 -3.693969
v 2.969991 -5.121386 -3.698534
v 2.966707 -5.118984 -3.694709
v 2.967656 -5.120259 -3.695836
v 2.968808 -5.121101 -3.697180
v 3.213853 -5.113914 -3.975583
v 3.209676 -5.117813 -3.970979
v 3.213136 -5.115392 -3.974822
v 3.212091 -5.116652 -3.973680
v 3.210878 -5.117504 -3.972331
v 3.393979 -5.131982 -3.300886
v 3.397866 -5.135894 -3.305455
v 3.394578 -5.133492 -3.301626
v 3.395532 -5.134765 -3.302754
v 3.396684 -5.135608 -3.304099
v 3.758001 -5.146367 -2.880269
v 3.761914 -5.150284 -2.884869
v 3.758603 -5.147881 -2.881013
v 3.759561 -5.149154 -2.882148
v 3.760720 -5.149998 -2.883502
v 4.006135 -5.142810 -3.162329
v 4.001935 -5.146706 -3.157698
v 4.005418 -5.144288 -3.161566
v 4.004365 -5.145546 -3.160419
v 4.003144 -5.146396 -3.159060
v 4.303025 -5.155803 -2.728106
v 4.298905 -5.159707 -2.723272
v 4.302323 -5.157282 -2.727318
v 4.301293 -5.158543 -2.726123
v 4.300092 -5.159395 -2.724702
v 4.060281 -5.159733 -2.432598
v 4.064164 -5.163655 -2.437354
v 4.060887 -5.161248 -2.433345
v 4.061837 -5.162526 -2.434511
v 4.062989 -5.163372 -2.435919
v 4.722322 -5.146859 -1.510266
v 4.719182 -5.151195 -1.516720
v 4.722459 -5.148463 -1.509949
v 4.721913 -5.149850 -1.511065
v 4.720761 -5.150809 -1.513442
v 4.576913 -5.148938 -2.238557
v 4.575250 -5.152995 -2.229643
v 4.576638 -5.150449 -2.237150
v 4.576222 -5.151750 -2.234961
v 4.575738 -5.152645 -2.232325
v 4.464242 -5.162025 -1.620843
v 4.466760 -5.165912 -1.628109
v 4.464822 -5.163557 -1.621500
v 4.465505 -5.164835 -1.623112
v 4.466184 -5.165661 -1.625433
v 2.478563 -5.103397 -4.038680
v 2.482644 -5.107311 -4.043154
v 2.479181 -5.104906 -4.039412
v 2.480172 -5.106180 -4.040521
v 2.481385 -5.107023 -4.041835
v 2.744107 -5.100191 -4.313900
v 2.739743 -5.104095 -4.309393
v 2.743375 -5.101673 -4.313147
v 2.742288 -5.102935 -4.312025
v 2.741014 -5.103786 -4.310707
v 1.378446 -5.072228 -4.782939
v 1.388639 -5.076632 -4.778142
v 1.379163 -5.073839 -4.782557
v 1.381353 -5.075243 -4.781511
v 1.384679 -5.076223 -4.779961
v 1.527353 -5.080854 -4.503523
v 1.535733 -5.084872 -4.505975
v 1.528295 -5.082373 -4.504102
v 1.530221 -5.083670 -4.504771
v 1.532834 -5.084548 -4.505430
v 2.210153 -5.086590 -4.614089
v 2.201944 -5.090416 -4.611649
v 2.209127 -5.088072 -4.613491
v 2.207204 -5.089319 -4.612817
v 2.204683 -5.090141 -4.612170
v 0.828016 -5.013752 -4.788092
v 0.828477 -5.013718 -4.789767
v 0.826844 -5.013722 -4.788749
v 4.714200 -5.127459 -1.059307
v 4.716138 -5.127397 -1.059551
v 4.714948 -5.127467 -1.058046
v 4.715997 -5.127434 -1.058178
v 4.707711 -5.105077 -2.009389
v 4.710320 -5.105168 -1.998098
v 4.708699 -5.105069 -2.006936
v 4.709542 -5.105081 -2.003929
v 4.710111 -5.105117 -2.000826
v 5.103063 -3.540005 -3.698017
v 5.107198 -3.541436 -3.699317
v 5.103551 -3.541098 -3.699007
v 5.104508 -3.541751 -3.699601
v 5.105790 -3.541871 -3.699710
v 5.044553 -3.599469 -2.967801
v 5.048123 -3.597035 -2.965598
v 5.044652 -3.598299 -2.966742
v 5.045365 -3.597425 -2.965952
v 5.046586 -3.596982 -2.965550
v 5.105050 -3.939429 -3.275811
v 5.109185 -3.940852 -3.277104
v 5.105538 -3.940518 -3.276798
v 5.106496 -3.941171 -3.277390
v 5.107778 -3.941287 -3.277497
v 5.042569 -3.200067 -3.390026
v 5.046140 -3.197630 -3.387821
v 5.042665 -3.198896 -3.388966
v 5.043378 -3.198022 -3.388174
v 5.044599 -3.197577 -3.387772
v 5.032392 -2.774498 -3.748380
v 5.035962 -2.772036 -3.746152
v 5.032487 -2.773317 -3.747311
v 5.033196 -2.772436 -3.746512
v 5.034417 -2.771985 -3.746105
v 5.092950 -3.114824 -4.056722
v 5.097100 -3.116281 -4.058045
v 5.093446 -3.115926 -4.057721
v 5.094407 -3.116591 -4.058324
v 5.095689 -3.116715 -4.058438
v 5.075616 -2.677425 -4.347033
v 5.079797 -2.679031 -4.348322
v 5.076116 -2.678588 -4.348022
v 5.077085 -2.679301 -4.348614
v 5.078378 -2.679457 -4.348719
v 5.014356 -2.324409 -4.044923
v 5.017919 -2.321794 -4.042726
v 5.014447 -2.323170 -4.043865
v 5.015153 -2.322238 -4.043077
v 5.016377 -2.321755 -4.042677
v 4.988229 -1.473907 -4.696275
v 4.991784 -1.464377 -4.699919
v 4.988339 -1.470429 -4.697821
v 4.989057 -1.467397 -4.699056
v 4.990266 -1.465272 -4.699794
v 5.049996 -2.196597 -4.591695
v 5.054368 -2.201182 -4.591555
v 5.050561 -2.198903 -4.592139
v 5.051591 -2.200584 -4.592270
v 5.052926 -2.201385 -4.592063
v 4.971772 -1.538023 -4.438152
v 4.975175 -1.532435 -4.437375
v 4.971799 -1.535647 -4.437638
v 4.972455 -1.533750 -4.437310
v 4.973641 -1.532622 -4.437217
v 5.036653 -3.951791 -2.485796
v 5.040215 -3.949429 -2.483440
v 5.036744 -3.950651 -2.484679
v 5.037457 -3.949800 -2.483839
v 5.038674 -3.949372 -2.483404
v 5.098035 -4.285198 -2.811168
v 5.102181 -4.286535 -2.812602
v 5.098527 -4.286256 -2.812210
v 5.099488 -4.286882 -2.812848
v 5.100770 -4.286979 -2.812985
v 5.021577 -4.741554 -1.435273
v 5.025300 -4.745216 -1.425955
v 5.021749 -4.743125 -1.431861
v 5.022515 -4.744373 -1.428890
v 5.023763 -4.745107 -1.426818
v 5.000886 -4.430913 -1.546389
v 5.004319 -4.430228 -1.540608
v 5.000928 -4.430414 -1.543961
v 5.001595 -4.430108 -1.542010
v 5.002786 -4.430041 -1.540832
v 5.081647 -4.595891 -2.279219
v 5.085916 -4.595483 -2.283735
v 5.082177 -4.596283 -2.281443
v 5.083177 -4.596344 -2.283082
v 5.084489 -4.596065 -2.283888
v 5.203565 -3.493442 -3.655913
v 5.206555 -3.488455 -3.651399
v 5.204885 -3.492518 -3.655077
v 5.205914 -3.491246 -3.653926
v 5.206502 -3.489821 -3.652634
v 5.156384 -3.617278 -2.984019
v 5.161099 -3.621267 -2.987635
v 5.158013 -3.617819 -2.984511
v 5.159482 -3.618767 -2.985371
v 5.160565 -3.619978 -2.986468
v 5.205552 -3.892856 -3.233699
v 5.208543 -3.887878 -3.229192
v 5.206872 -3.891934 -3.232865
v 5.207902 -3.890665 -3.231715
v 5.208493 -3.889239 -3.230426
v 5.154401 -3.217873 -3.406242
v 5.159116 -3.221861 -3.409860
v 5.156030 -3.218414 -3.406733
v 5.157498 -3.219362 -3.407594
v 5.158582 -3.220573 -3.408692
v 5.144212 -2.792277 -3.764571
v 5.148934 -2.796294 -3.768213
v 5.145844 -2.792821 -3.765065
v 5.147313 -2.793776 -3.765930
v 5.148400 -2.794994 -3.767036
v 5.193452 -3.068297 -4.014650
v 5.196446 -3.063275 -4.010103
v 5.194772 -3.067369 -4.013811
v 5.195806 -3.066088 -4.012652
v 5.196393 -3.064651 -4.011350
v 5.176110 -2.631062 -4.304940
v 5.179109 -2.625843 -4.300431
v 5.177438 -2.630117 -4.304102
v 5.178475 -2.628792 -4.302950
v 5.179063 -2.627292 -4.301662
v 5.126157 -2.342033 -4.061145
v 5.130902 -2.346236 -4.064739
v 5.127793 -2.342591 -4.061636
v 5.129266 -2.343587 -4.062490
v 5.130361 -2.344865 -4.063580
v 5.093637 -1.450604 -4.687522
v 5.098344 -1.460686 -4.682121
v 5.095250 -1.451200 -4.686959
v 5.096711 -1.453327 -4.685734
v 5.097798 -1.456657 -4.684035
v 5.150640 -2.153233 -4.548194
v 5.153443 -2.144223 -4.545482
v 5.151959 -2.151996 -4.547489
v 5.152955 -2.149848 -4.546725
v 5.153478 -2.147119 -4.546021
v 5.083402 -1.552673 -4.455791
v 5.088361 -1.560638 -4.457582
v 5.085053 -1.553517 -4.456145
v 5.086576 -1.555328 -4.456609
v 5.087739 -1.557829 -4.457113
v 5.148477 -3.969672 -2.501861
v 5.153199 -3.973565 -2.505669
v 5.150105 -3.970206 -2.502366
v 5.151574 -3.971133 -2.503268
v 5.152661 -3.972313 -2.504427
v 5.198533 -4.238549 -2.769204
v 5.201528 -4.233671 -2.764513
v 5.199857 -4.237633 -2.768354
v 5.200891 -4.236383 -2.767164
v 5.201478 -4.234993 -2.765816
v 5.127126 -4.731449 -1.413560
v 5.131654 -4.725975 -1.423350
v 5.128728 -4.730863 -1.414151
v 5.130155 -4.729615 -1.416219
v 5.131181 -4.727901 -1.419448
v 5.112573 -4.450469 -1.559028
v 5.117467 -4.452270 -1.567100
v 5.114213 -4.450844 -1.559858
v 5.115724 -4.451317 -1.561685
v 5.116864 -4.451819 -1.564227
v 5.182233 -4.547512 -2.240353
v 5.185117 -4.544769 -2.231852
v 5.183549 -4.546754 -2.239211
v 5.184564 -4.545969 -2.237194
v 5.185113 -4.545270 -2.234611
v 5.029180 -4.753317 -0.869182
v 5.029386 -4.754975 -0.869661
v 5.029168 -4.754544 -0.867710
v 4.998048 -0.994785 -4.702799
v 4.998246 -0.995293 -4.704519
v 4.997994 -0.993632 -4.703489
v 4.723687 -5.178468 -1.080364
v 4.722909 -5.178126 -1.081789
v 1.016111 -4.629103 -5.238915
v 4.689729 -0.966541 -5.158698
v 5.171575 -0.963183 -4.680125
vn 0.0813 -0.0773 0.9937
vn -0.0000 -0.0235 0.9997
vn 0.0777 -0.0819 0.9936
vn 0.7119 -0.5982 -0.3679
vn 0.6457 -0.6106 -0.4586
vn 0.6820 -0.5706 -0.4574
vn -0.0680 0.0420 0.9968
vn -0.6123 0.7485 -0.2544
vn -0.5521 0.7585 -0.3462
vn -0.5707 0.7820 -0.2507
vn 0.0577 -0.1023 0.9931
vn 0.0619 -0.0986 0.9932
vn 0.7466 -0.5558 -0.3657
vn 0.7155 -0.5301 -0.4551
vn -0.7720 0.5801 -0.2598
vn -0.7902 0.5013 -0.3525
vn -0.7461 0.5634 -0.3549
vn -0.6929 0.6729 -0.2588
vn -0.6303 0.6917 -0.3525
vn -0.6520 0.7133 -0.2570
vn 0.0655 -0.0944 0.9934
vn 0.0695 -0.0903 0.9935
vn -0.0641 0.0458 0.9969
vn -0.5058 0.7924 -0.3409
vn -0.5222 0.8164 -0.2464
vn 0.4645 -0.8105 -0.3568
vn 0.4907 -0.7458 -0.4505
vn 0.5116 -0.7794 -0.3617
vn 0.5563 -0.7463 -0.3655
vn 0.5720 -0.6811 -0.4570
vn 0.5969 -0.7131 -0.3678
vn -0.4540 0.8260 -0.3341
vn -0.4680 0.8504 -0.2405
vn -0.4126 0.8499 -0.3279
vn -0.4249 0.8743 -0.2346
vn 0.3871 -0.8530 -0.3500
vn 0.4030 -0.8030 -0.4390
vn 0.4197 -0.8367 -0.3518
vn 0.0532 -0.1063 0.9929
vn -0.3931 0.8603 -0.3247
vn -0.4045 0.8842 -0.2335
vn -0.4304 0.8398 -0.3310
vn -0.5223 0.8499 -0.0691
vn 0.1775 -0.9393 -0.2936
vn 0.3723 -0.8204 -0.4340
vn 0.0442 -0.1148 0.9924
vn 0.0486 -0.1105 0.9927
vn 0.7785 -0.5124 -0.3624
vn 0.7466 -0.4886 -0.4515
vn 0.8059 -0.4710 -0.3586
vn 0.7737 -0.4489 -0.4471
vn -0.8541 0.4529 -0.2559
vn -0.8434 0.4112 -0.3459
vn -0.8267 0.4418 -0.3486
vn -0.0720 0.0378 0.9967
vn 0.8230 -0.4410 -0.3580
vn 0.7914 -0.4209 -0.4434
vn 0.9270 -0.2173 -0.3056
vn 0.8909 -0.2149 -0.4002
vn -0.8703 0.4212 -0.2552
vn -0.8247 0.4454 -0.3484
vn -0.0793 0.0268 0.9965
vn 0.6176 -0.5818 -0.5293
vn 0.6521 -0.5435 -0.5285
vn -0.0000 0.0235 -0.9997
vn 0.0486 -0.0431 -0.9979
vn -0.5921 0.7260 -0.3498
vn -0.5312 0.7322 -0.4263
vn -0.0452 0.0927 -0.9947
vn -0.0414 0.0968 -0.9944
vn 0.6843 -0.5049 -0.5261
vn 0.7144 -0.4656 -0.5224
vn -0.6696 0.6527 -0.3544
vn -0.6807 0.5891 -0.4354
vn -0.6436 0.6295 -0.4353
vn -0.6058 0.6673 -0.4332
vn -0.7080 0.6104 -0.3552
vn -0.7175 0.5438 -0.4354
vn 0.6086 -0.6477 -0.4584
vn 0.5333 -0.7135 -0.4545
vn 0.5474 -0.6495 -0.5278
vn 0.5107 -0.6809 -0.5249
vn -0.4371 0.7984 -0.4142
vn -0.0494 0.0900 -0.9947
vn 0.4459 -0.7765 -0.4452
vn 0.4701 -0.7120 -0.5215
vn 0.4275 -0.7420 -0.5164
vn -0.3794 0.8332 -0.4023
vn -0.0001 0.0235 -0.9997
vn -0.0387 0.1008 -0.9942
vn 0.3872 -0.7681 -0.5100
vn 0.1809 -0.9036 -0.3882
vn 0.3585 -0.7861 -0.5036
vn -0.5714 0.6370 -0.5174
vn 0.0651 -0.0256 -0.9975
vn -0.7604 0.4841 -0.4329
vn -0.7970 0.4271 -0.4270
vn 0.7407 -0.4283 -0.5175
vn 0.7582 -0.4019 -0.5134
vn 0.0726 -0.0189 -0.9972
vn 0.0688 -0.0222 -0.9974
vn -0.8140 0.3983 -0.4228
vn -0.7828 0.4152 -0.4634
vn 0.8545 -0.2154 -0.4728
vn -0.7326 0.6290 -0.2601
vn 0.9978 -0.0191 0.0639
vn 0.9981 -0.0484 -0.0387
vn 0.9883 -0.0629 -0.1391
vn -0.0624 0.0765 -0.9951
vn -0.0657 0.0725 -0.9952
vn -0.5694 0.7005 -0.4301
vn -0.0590 0.0801 -0.9950
vn -0.0856 0.0225 0.9961
vn 0.0738 -0.0862 0.9935
vn -0.0739 0.0631 -0.9953
vn -0.0067 -0.9990 0.0452
vn -0.2798 -0.9488 0.1464
vn 0.0272 -0.9980 -0.0576
vn 0.0054 -0.9974 0.0718
vn 0.0459 -0.9864 -0.1578
vn 0.0447 -0.0462 -0.9979
vn 0.6355 -0.6787 -0.3680
vn 0.0621 -0.0294 -0.9976
vn 0.5823 -0.6175 -0.5288
vn 0.0965 -0.0235 0.9951
vn -0.0897 0.0200 0.9958
vn 0.1067 -0.0528 0.9929
vn 0.0904 -0.0718 0.9933
vn 0.0902 -0.0033 -0.9959
vn 0.0756 -0.0171 -0.9970
vn -0.0790 0.0617 -0.9950
vn 0.0951 0.0169 -0.9953
vn 0.0001 -0.0235 0.9997
vn 0.0424 -0.1199 0.9919
vn -0.0566 0.0530 0.9970
vn -0.4866 0.7650 -0.4219
vn 0.0356 -0.0578 -0.9977
vn -0.0001 0.0236 -0.9997
vn -0.0604 0.0495 0.9969
vn -0.0522 0.0566 0.9970
vn -0.0558 0.0837 -0.9949
vn -0.8173 0.5153 -0.2580
vn -0.0685 0.9918 -0.1076
vn 0.0025 0.9998 0.0219
vn -0.0956 0.9952 0.0218
vn -0.0690 0.0671 -0.9954
vn 0.0001 -0.0236 0.9997
vn 0.0256 -0.1336 0.9907
vn -0.0425 0.0683 0.9968
vn -0.0022 -0.1189 0.9929
vn -0.0375 0.1038 -0.9939
vn 0.0044 -0.0714 -0.9974
vn -0.0327 0.0082 -0.9994
vn 0.0230 -0.0686 -0.9974
vn 0.9458 0.2500 0.2070
vn 0.8933 0.0752 0.4431
vn 0.0862 -0.0737 0.9936
vn 0.9781 0.1513 -0.1431
vn 0.0375 -0.0541 -0.9978
vn 0.6743 -0.6401 -0.3683
vn -0.0524 0.0867 -0.9949
vn 0.0408 -0.0497 -0.9979
vn -0.0478 0.0613 0.9970
vn -0.3977 0.8224 -0.4068
vn 0.1859 -0.8671 -0.4622
vn 0.0519 -0.0397 -0.9979
vn 0.0551 -0.0364 -0.9978
vn 0.0588 -0.0331 -0.9977
vn -0.0753 0.0329 0.9966
vn -0.0440 0.0651 0.9969
vn 0.0103 -0.9999 -0.0079
vn -0.0052 -0.9999 -0.0116
vn 0.0002 -0.9999 -0.0126
vn -0.9549 -0.2970 0.0022
vn -0.9134 -0.3984 -0.0832
vn -0.9793 -0.2026 0.0003
vn -0.8475 -0.5238 -0.0856
vn -0.9585 -0.2851 -0.0051
vn -0.0973 -0.9926 0.0730
vn -0.0013 -0.9997 -0.0236
vn -0.0012 -0.9973 0.0739
vn 0.9998 -0.0179 0.0012
vn 1.0000 -0.0010 -0.0040
vn 0.9932 -0.0774 -0.0869
vn 0.0547 0.9973 -0.0497
vn 0.0025 0.9966 -0.0824
vn -0.0000 -0.0219 0.9998
vn 0.1592 -0.1248 0.9793
vn 0.0982 -0.0219 0.9949
vn 0.0692 -0.9931 -0.0942
vn 0.0768 -0.9970 0.0073
vn -0.0048 0.0095 -0.9999
vn 0.0003 0.0216 -0.9998
vn -0.0000 0.0216 -0.9998
vn 0.1414 0.9898 -0.0146
vn 0.0430 0.9988 0.0236
vn 0.0502 0.9973 -0.0541
vn -0.0984 0.0219 -0.9949
vn 0.0697 -0.0481 -0.9964
vn -0.0310 -0.0520 -0.9982
vn 0.0975 0.9881 0.1193
vn 0.1396 0.9899 0.0226
vn -0.0000 0.0218 -0.9998
vn -0.1857 0.2062 -0.9607
vn 1.0000 -0.0019 0.0006
vn 0.9950 0.0702 0.0707
vn 0.9861 -0.0867 0.1419
vn 1.0000 -0.0057 -0.0025
vn 0.7304 -0.6622 0.1674
vn 0.7061 -0.7079 -0.0155
vn 0.7614 -0.6481 -0.0142
vn -0.9945 0.0030 -0.1047
vn -0.9953 0.0969 0.0022
vn -1.0000 0.0007 -0.0000
vn 0.0042 -0.9999 -0.0164
vn 0.1030 -0.9946 -0.0137
vn 0.0122 -0.9998 -0.0139
vn -0.1482 -0.9798 0.1341
vn -0.1851 -0.9823 -0.0293
vn -0.0215 0.0423 -0.9989
vn 0.0002 0.1129 -0.9936
vn 0.7038 -0.7038 -0.0961
vn 0.6460 -0.7632 -0.0167
vn -0.6066 0.5935 0.5290
vn -0.5118 0.5945 0.6203
vn -0.4572 0.7515 0.4757
vn 1.0000 0.0004 -0.0010
vn 0.9939 -0.1105 -0.0045
vn 0.9868 -0.1118 -0.1174
vn -0.0030 -0.9999 -0.0128
vn -0.0035 -0.9970 0.0769
vn -0.0003 0.0219 -0.9998
vn -0.0929 0.0219 -0.9954
vn -0.0001 -0.0756 -0.9971
vn -0.1578 -0.0388 -0.9867
vn -0.0018 -0.9937 -0.1122
vn 0.1021 -0.0219 0.9945
vn 0.0001 0.0761 0.9971
vn 0.1248 0.0493 0.9910
vn -0.2316 -0.6346 -0.7373
vn -0.1685 -0.6779 -0.7156
vn -0.0807 -0.6838 -0.7252
vn 0.0013 -1.0000 -0.0089
vn 0.0131 -0.9829 0.1836
vn -0.0013 -0.8138 -0.5812
vn -0.0723 -0.7200 -0.6902
vn -0.0233 -0.0723 0.9971
vn 0.0974 0.0216 -0.9950
vn 0.0920 -0.0748 -0.9929
vn 0.9999 0.0030 -0.0112
vn 1.0000 -0.0048 -0.0039
vn 0.9953 0.0973 -0.0019
vn -0.0195 -0.9998 0.0040
vn 0.0648 0.1740 -0.9826
vn 0.0840 0.9962 0.0218
vn 0.0026 0.9971 -0.0765
vn -0.9852 -0.1537 0.0763
vn -0.9938 -0.0458 0.1014
vn 0.7329 0.1161 -0.6704
vn 0.6944 0.1956 -0.6925
vn 0.7017 0.1264 -0.7012
vn -0.6071 0.5012 0.6166
vn -0.7530 0.4542 0.4762
vn 0.6448 0.1713 -0.7449
vn 0.6668 0.1136 -0.7365
vn -0.0014 -0.1469 0.9892
vn -0.0982 -0.0290 0.9947
vn -0.0006 -0.0469 0.9989
vn 0.9955 0.0008 -0.0950
vn 1.0000 -0.0010 0.0041
vn 0.1351 0.9905 0.0237
vn 0.0010 0.9925 0.1226
vn 0.9903 0.1284 -0.0530
vn -0.4671 0.4496 0.7614
vn -0.5786 0.5643 0.5889
vn 0.0969 -0.9885 -0.1157
vn -0.9884 -0.1185 0.0953
vn 0.6612 0.0461 -0.7488
vn 0.8178 0.1957 -0.5412
vn 0.7036 0.0960 -0.7041
vn -0.9903 0.1013 -0.0952
vn -0.9952 0.0028 -0.0979
vn 0.7072 -0.6850 -0.1751
vn 0.7027 -0.7024 -0.1134
vn -0.3313 -0.4969 -0.8021
vn -0.0699 -0.6876 -0.7227
vn 0.0974 0.0751 0.9924
vn 0.1577 -0.7517 -0.6403
vn 0.0098 0.0263 -0.9996
vn 0.0846 -0.0631 -0.9944
vn -0.9904 -0.0500 -0.1290
vn -0.9968 -0.0795 -0.0017
vn -0.9870 -0.0120 -0.1606
vn -0.0948 0.9927 -0.0752
vn 0.9995 0.0221 0.0219
vn 0.9906 0.0945 0.0990
vn 1.0000 -0.0007 -0.0000
vn 0.9952 0.0975 0.0022
vn 0.9949 -0.0696 -0.0723
vn 0.9961 0.0321 -0.0818
vn -0.0750 -0.9971 -0.0132
vn -0.0039 -0.9998 -0.0186
vn -0.0936 -0.9953 -0.0235
vn -0.0161 -0.9954 -0.0948
vn -0.0974 -0.1258 0.9873
vn -0.0003 -0.1417 0.9899
vn 0.0002 0.1203 -0.9927
vn 0.0742 0.0527 -0.9959
vn -0.0967 0.1182 -0.9883
vn -0.0000 0.0219 -0.9998
vn 0.9952 -0.0029 0.0980
vn 0.9952 -0.0028 0.0977
vn 0.9968 -0.0750 0.0291
vn 0.2032 0.9741 -0.0991
vn 0.0791 -0.9922 -0.0964
vn 0.0391 -0.1531 0.9874
vn 0.1900 -0.0298 0.9813
vn 0.2150 -0.1799 0.9599
vn 0.0643 0.9962 -0.0591
vn 0.0121 0.9996 0.0237
vn 0.0685 0.9961 -0.0550
vn 0.5863 -0.3429 -0.7340
vn 0.6010 -0.4356 -0.6702
vn 0.5602 -0.4341 -0.7055
vn -0.0514 0.9944 0.0927
vn -0.7310 -0.2803 0.6222
vn -0.7418 -0.3683 0.5604
vn -0.7658 -0.2744 0.5816
vn 0.0893 0.9954 -0.0356
vn 0.0849 0.9956 -0.0391
vn 0.5429 -0.3409 -0.7675
vn 0.5189 -0.4314 -0.7380
vn -0.5595 -0.2850 0.7783
vn -0.4792 -0.3773 0.7924
vn -0.5422 -0.3794 0.7497
vn -0.6536 -0.2856 0.7009
vn -0.6732 -0.3758 0.6368
vn -0.6958 -0.2789 0.6619
vn 0.0810 0.9958 -0.0429
vn 0.0768 0.9959 -0.0468
vn -0.0558 0.9944 0.0893
vn -0.7771 -0.3619 0.5149
vn -0.8019 -0.2673 0.5344
vn 0.8040 -0.3348 -0.4914
vn 0.7395 -0.4297 -0.5182
vn 0.7722 -0.3383 -0.5379
vn 0.7380 -0.3418 -0.5818
vn 0.6732 -0.4350 -0.5981
vn 0.7037 -0.3441 -0.6216
vn -0.8135 -0.3507 0.4639
vn -0.8376 -0.2590 0.4810
vn -0.8425 -0.3320 0.4242
vn -0.8649 -0.2424 0.4396
vn 0.8653 -0.2666 -0.4244
vn 0.8023 -0.4063 -0.4373
vn 0.8349 -0.3176 -0.4494
vn 0.0931 0.9952 -0.0311
vn -0.8600 -0.3061 0.4082
vn -0.8795 -0.2189 0.4225
vn -0.8855 -0.0997 0.4539
vn -0.8590 -0.2374 0.4537
vn 0.9104 -0.1413 -0.3888
vn 0.8346 -0.3578 -0.4189
vn 0.1030 0.9944 -0.0230
vn 0.0975 0.9949 -0.0267
vn 0.4986 -0.3378 -0.7983
vn 0.4767 -0.4275 -0.7681
vn 0.4567 -0.3336 -0.8247
vn 0.4364 -0.4229 -0.7942
vn -0.4303 -0.2828 0.8572
vn -0.3880 -0.3710 0.8437
vn -0.4189 -0.3736 0.8276
vn -0.0476 0.9942 0.0969
vn 0.4264 -0.3323 -0.8412
vn 0.4079 -0.4192 -0.8111
vn 0.1998 -0.2797 -0.9391
vn 0.1992 -0.3761 -0.9049
vn -0.3984 -0.2809 0.8731
vn -0.4219 -0.3725 0.8266
vn -0.0366 0.9939 0.1044
vn 0.5737 -0.5072 -0.6431
vn 0.5346 -0.5061 -0.6768
vn -0.0121 -0.9996 -0.0237
vn 0.0533 -0.9959 -0.0737
vn -0.7083 -0.3726 0.5996
vn -0.7152 -0.4473 0.5370
vn -0.0794 -0.9965 0.0244
vn -0.0013 -0.9999 -0.0160
vn -0.0744 -0.9969 0.0256
vn 0.4951 -0.5039 -0.7078
vn 0.4553 -0.4994 -0.7371
vn -0.6332 -0.3782 0.6753
vn -0.5684 -0.4589 0.6829
vn -0.6097 -0.4582 0.6467
vn -0.6486 -0.4550 0.6101
vn -0.5901 -0.3794 0.7126
vn -0.5225 -0.4586 0.7188
vn 0.6389 -0.4358 -0.6339
vn 0.7063 -0.4330 -0.5600
vn 0.6429 -0.5067 -0.5744
vn 0.6741 -0.5064 -0.5377
vn -0.7854 -0.4305 0.4448
vn -0.0775 -0.9966 0.0272
vn -0.0107 -0.9997 -0.0226
vn 0.7714 -0.4237 -0.4748
vn 0.7067 -0.5023 -0.4983
vn 0.7380 -0.4963 -0.4573
vn -0.8349 -0.3848 0.3936
vn 0.0245 -0.9997 -0.0089
vn -0.0612 -0.9977 0.0297
vn 0.7689 -0.4793 -0.4231
vn 0.8865 -0.2334 -0.3996
vn 0.8034 -0.4331 -0.4086
vn -0.7609 -0.4380 0.4787
vn 0.0357 -0.9953 -0.0902
vn -0.4616 -0.4573 0.7601
vn -0.4040 -0.4514 0.7956
vn 0.4173 -0.4942 -0.7626
vn 0.3907 -0.4893 -0.7797
vn 0.0285 -0.9949 -0.0969
vn 0.0319 -0.9951 -0.0933
vn -0.3750 -0.4465 0.8124
vn -0.3924 -0.4869 0.7804
vn 0.2013 -0.4503 -0.8699
vn -0.6093 -0.2847 0.7400
vn -0.0042 0.0883 -0.9961
vn 0.0262 -0.0142 -0.9996
vn 0.0421 -0.1146 -0.9925
vn -0.0637 -0.9972 0.0398
vn -0.0590 -0.9974 0.0423
vn -0.6817 -0.4540 0.5737
vn -0.0674 -0.9971 0.0366
vn -0.0319 0.9934 0.1101
vn 0.0729 0.9960 -0.0512
vn -0.0503 -0.9974 0.0516
vn 0.8713 0.4885 0.0473
vn 0.9584 0.2854 0.0007
vn 0.9293 0.3693 0.0072
vn 0.9211 0.3859 0.0521
vn 0.9823 0.1875 -0.0066
vn 0.0581 -0.9959 -0.0690
vn 0.6683 -0.3447 -0.6592
vn 0.0392 -0.9955 -0.0866
vn 0.6097 -0.5083 -0.6082
vn 0.0099 0.9973 -0.0726
vn -0.0297 0.9929 0.1150
vn 0.0389 0.9958 -0.0833
vn 0.0585 0.9960 -0.0681
vn 0.0127 -0.9933 -0.1147
vn 0.0270 -0.9946 -0.1007
vn -0.0484 -0.9973 0.0559
vn -0.0076 -0.9929 -0.1189
vn 0.1077 0.9940 -0.0210
vn -0.0632 0.9946 0.0821
vn -0.7494 -0.4417 0.4932
vn 0.1566 -0.9864 -0.0504
vn 0.0631 -0.9979 -0.0131
vn -0.0598 0.9945 0.0860
vn -0.0669 0.9947 0.0777
vn -0.0713 -0.9969 0.0337
vn -0.4937 -0.2837 0.8221
vn -0.9740 -0.1783 -0.1399
vn -0.9914 -0.0973 -0.0874
vn -0.9741 -0.1744 -0.1440
vn -0.0544 -0.9974 0.0468
vn 0.0121 0.9996 0.0236
vn 0.1472 0.9891 0.0018
vn -0.0794 0.9945 0.0686
vn 0.1009 0.9946 0.0236
vn -0.0349 -0.9991 0.0241
vn 0.1812 -0.9832 -0.0227
vn 0.0800 -0.9966 0.0173
vn 0.2419 -0.9686 -0.0571
vn -0.2736 0.2267 -0.9347
vn -0.1881 0.4607 -0.8674
vn 0.0601 0.9962 -0.0634
vn -0.1719 -0.1210 -0.9776
vn 0.1008 -0.9939 -0.0450
vn 0.6288 -0.3443 -0.6972
vn -0.0744 -0.9968 0.0304
vn 0.0703 -0.9959 -0.0578
vn 0.9873 0.1551 -0.0354
vn 0.9683 0.2484 -0.0255
vn -0.0714 0.9948 0.0733
vn -0.8135 -0.4157 0.4068
vn 0.9963 0.0795 -0.0327
vn 0.0497 -0.9958 -0.0769
vn 0.0466 -0.9957 -0.0802
vn 0.0427 -0.9956 -0.0832
vn -0.0424 0.9941 0.1001
vn -0.0768 0.9945 0.0707
vn 0.4729 -0.6759 -0.5653
vn 0.5574 -0.6018 -0.5720
vn 0.5572 -0.6378 -0.5317
vn -0.9993 -0.0299 -0.0230
vn 0.1455 0.6387 0.7556
vn 0.2413 0.5878 0.7722
vn 0.1439 0.5970 0.7892
vn -0.9742 -0.1537 -0.1650
vn -0.9741 -0.1586 -0.1610
vn 0.4712 -0.7109 -0.5221
vn 0.5554 -0.6711 -0.4910
vn 0.1458 0.7971 0.5860
vn 0.2413 0.8238 0.5130
vn 0.2439 0.7805 0.5756
vn 0.1473 0.7188 0.6794
vn 0.2444 0.6657 0.7050
vn 0.1468 0.6782 0.7201
vn -0.9743 -0.1620 -0.1566
vn -0.9743 -0.1655 -0.1526
vn -0.9993 -0.0329 -0.0189
vn 0.2384 0.5414 0.8063
vn 0.1413 0.5487 0.8240
vn 0.4516 -0.4333 -0.7799
vn 0.5432 -0.4492 -0.7093
vn 0.4590 -0.4788 -0.7484
vn 0.4645 -0.5229 -0.7147
vn 0.5533 -0.5291 -0.6434
vn 0.4687 -0.5628 -0.6808
vn 0.2344 0.4893 0.8400
vn 0.1383 0.4943 0.8582
vn 0.2307 0.4476 0.8639
vn 0.1357 0.4510 0.8822
vn 0.4391 -0.3567 -0.8246
vn 0.5270 -0.3634 -0.7683
vn 0.4451 -0.3884 -0.8069
vn -0.9740 -0.1509 -0.1691
vn 0.2288 0.4280 0.8743
vn 0.1352 0.4318 0.8918
vn 0.2323 0.4656 0.8539
vn -0.0367 0.5319 0.8460
vn 0.3700 -0.1538 -0.9162
vn 0.5202 -0.3334 -0.7863
vn -0.9737 -0.1416 -0.1784
vn -0.9742 -0.1449 -0.1733
vn 0.4684 -0.7424 -0.4790
vn 0.5522 -0.7022 -0.4495
vn 0.4650 -0.7699 -0.4370
vn 0.5478 -0.7293 -0.4098
vn 0.1415 0.8777 0.4578
vn 0.2355 0.8755 0.4220
vn 0.2377 0.8593 0.4529
vn -0.9994 -0.0243 -0.0266
vn 0.4640 -0.7868 -0.4070
vn 0.5441 -0.7471 -0.3819
vn 0.4062 -0.8947 -0.1860
vn 0.4974 -0.8491 -0.1779
vn 0.1425 0.8935 0.4258
vn 0.2426 0.8180 0.5216
vn -0.9991 -0.0174 -0.0379
vn 0.6231 -0.5667 -0.5391
vn 0.6231 -0.6006 -0.5010
vn 0.9914 0.0973 0.0874
vn 0.9986 0.0490 0.0214
vn 0.2432 0.6277 0.7395
vn 0.3250 0.5744 0.7512
vn 0.9775 0.1424 0.1559
vn 0.9775 0.1381 0.1597
vn 0.6209 -0.6333 -0.4620
vn 0.6177 -0.6632 -0.4225
vn 0.2451 0.7049 0.6657
vn 0.3289 0.7236 0.6068
vn 0.3293 0.6865 0.6483
vn 0.3282 0.6492 0.6862
vn 0.2449 0.7428 0.6231
vn 0.3276 0.7597 0.5617
vn 0.5560 -0.5651 -0.6095
vn 0.5491 -0.4910 -0.6763
vn 0.6187 -0.4989 -0.6069
vn 0.6159 -0.4609 -0.6390
vn 0.3175 0.4803 0.8176
vn 0.9773 0.1469 0.1526
vn 0.5356 -0.4052 -0.7409
vn 0.6098 -0.4215 -0.6712
vn 0.6021 -0.3799 -0.7022
vn 0.3097 0.4220 0.8521
vn 0.9771 0.1357 0.1637
vn 0.5933 -0.3407 -0.7293
vn 0.4616 -0.1478 -0.8747
vn 0.5857 -0.3126 -0.7478
vn 0.3497 0.4442 0.8249
vn 0.9987 0.0334 0.0391
vn 0.3252 0.8018 0.5014
vn 0.3199 0.8372 0.4436
vn 0.6143 -0.6884 -0.3857
vn 0.6081 -0.7083 -0.3586
vn 0.9986 0.0242 0.0460
vn 0.9987 0.0289 0.0429
vn 0.3155 0.8537 0.4144
vn 0.4248 0.6676 0.6114
vn 0.5667 -0.8053 -0.1741
vn 0.1470 0.7582 0.6352
vn 0.0341 -0.9994 -0.0108
vn 0.1380 -0.9899 -0.0335
vn 0.2373 -0.9705 -0.0417
vn 0.9774 0.1592 0.1391
vn 0.9775 0.1622 0.1349
vn 0.3271 0.6126 0.7195
vn 0.9774 0.1559 0.1428
vn -0.9990 -0.0130 -0.0421
vn -0.9742 -0.1702 -0.1484
vn 0.9771 0.1716 0.1262
vn 0.0195 -0.0038 -0.9998
vn -0.1071 0.2608 -0.9594
vn 0.1245 -0.0275 -0.9918
vn 0.2189 0.1721 -0.9605
vn 0.2244 -0.0363 -0.9738
vn 0.9985 0.0519 0.0177
vn 0.4715 -0.6006 -0.6457
vn 0.9987 0.0354 0.0356
vn 0.6224 -0.5310 -0.5750
vn -0.9775 -0.1924 -0.0859
vn -0.9990 -0.0052 -0.0443
vn -0.9723 -0.2034 -0.1151
vn -0.9727 -0.1897 -0.1337
vn 0.9981 0.0048 0.0614
vn 0.9986 0.0216 0.0477
vn 0.9766 0.1756 0.1241
vn 0.9967 0.0029 0.0817
vn -0.9734 -0.1391 -0.1822
vn -0.9991 -0.0404 -0.0114
vn 0.3220 0.5300 0.7845
vn 0.9981 0.0613 0.0068
vn 0.9914 0.0974 0.0875
vn -0.9992 -0.0374 -0.0150
vn -0.9990 -0.0449 -0.0078
vn 0.9775 0.1515 0.1464
vn 0.1440 0.8416 0.5206
vn 0.9775 0.1661 0.1299
vn -0.9914 -0.0974 -0.0874
vn -0.9728 -0.1226 -0.1966
vn -0.9985 -0.0540 0.0042
vn -0.9787 -0.0950 -0.1821
vn 0.9769 0.1336 0.1666
vn 0.9957 0.0921 -0.0071
vn 0.9890 0.1299 0.0713
vn 0.9973 0.0735 -0.0047
vn -0.1635 -0.9829 0.0843
vn -0.3616 -0.9305 0.0590
vn -0.9735 -0.1838 -0.1358
vn -0.0173 -0.9996 -0.0220
vn 0.9982 0.0596 0.0108
vn 0.4727 -0.6396 -0.6062
vn 0.9774 0.1494 0.1495
vn 0.9983 0.0559 0.0145
vn -0.9988 -0.0491 -0.0034
vn 0.3124 0.4403 0.8418
vn 0.5340 -0.1452 -0.8329
vn 0.9987 0.0449 0.0250
vn 0.9987 0.0417 0.0279
vn 0.9988 0.0383 0.0314
vn -0.9993 -0.0217 -0.0319
vn -0.9986 -0.0526 0.0009
vn -0.1173 -0.9113 0.3948
vn -0.1912 -0.6828 0.7051
vn -0.5520 -0.5572 0.6203
vn -0.0641 -0.8086 0.5849
vn -0.1670 -0.3989 0.9017
vn -0.3633 -0.6207 0.6948
vn -0.8208 -0.2357 0.5203
vn -0.2677 -0.4116 0.8712
vn -0.1940 0.2802 0.9401
vn -0.0571 -0.2738 0.9601
vn -0.0464 -0.0182 0.9988
vn -0.2432 0.3118 0.9185
vn -0.1624 -0.0253 0.9864
vn -0.0476 -0.5509 0.8332
vn -0.2216 -0.0216 0.9749
vn -0.5687 0.6817 0.4602
vn -0.4665 0.8658 0.1809
vn -0.6245 0.7291 0.2799
vn -0.6312 0.6541 0.4168
vn -0.4704 0.7307 0.4947
vn -0.3970 0.8539 0.3365
vn -0.5449 0.3998 0.7370
vn 0.6567 0.1417 0.7407
vn 0.7833 0.0265 0.6210
vn 0.5315 0.5018 0.6824
vn 0.6018 0.2996 0.7403
vn 0.3712 0.1259 0.9200
vn 0.5226 0.0119 0.8525
vn 0.3864 0.2205 0.8956
vn -0.8478 0.5226 -0.0905
vn -0.6977 0.5533 0.4550
vn -0.7453 0.6093 0.2708
vn -0.8685 0.4691 0.1600
vn -0.7500 0.4584 0.4768
vn -0.6686 0.6166 0.4156
vn -0.4184 0.5138 0.7490
vn 0.2470 0.0258 0.9687
vn -0.3034 0.1742 0.9368
vn -0.0050 0.0215 0.9998
vn -0.0008 0.1330 0.9911
vn -0.3318 0.2216 0.9169
vn 0.0009 0.1875 0.9823
vn -0.0784 -0.8523 -0.5171
vn 0.0149 -0.9688 -0.2473
vn -0.0424 -0.9969 0.0664
vn -0.1440 -0.8195 -0.5546
vn -0.0035 -0.8521 -0.5233
vn 0.0043 -0.6735 -0.7392
vn -0.1829 -0.5004 -0.8463
vn -0.3701 0.5621 -0.7396
vn -0.6910 0.4999 -0.5221
vn -0.3376 0.7055 -0.6232
vn -0.2355 0.3214 -0.9172
vn -0.5276 0.7159 -0.4573
vn -0.2967 0.2950 -0.9082
vn -0.2908 0.4217 -0.8588
vn -0.0264 -0.2978 -0.9543
vn -0.1376 0.2342 -0.9624
vn -0.1150 -0.0212 -0.9931
vn -0.2328 0.4783 -0.8467
vn -0.1402 -0.0286 -0.9897
vn 0.8736 0.0968 -0.4770
vn 0.8820 0.2973 -0.3658
vn 0.9783 -0.0286 -0.2054
vn 0.8728 -0.0027 -0.4880
vn 0.9874 0.1551 0.0330
vn 0.5269 0.1943 -0.8274
vn 0.6346 0.1102 -0.7650
vn -0.2093 0.1610 -0.9645
vn 0.3236 0.0408 -0.9453
vn 0.0164 0.0547 -0.9984
vn -0.4532 0.2557 -0.8540
vn 0.0467 0.1344 -0.9898
vn 0.6983 -0.0021 -0.7158
vn -0.2961 0.2580 -0.9197
vn 0.0510 0.1614 -0.9856
vn -0.5429 0.3668 -0.7554
vn -0.6825 0.3582 -0.6371
vn -0.7549 0.4468 -0.4801
vn -0.5015 0.3909 -0.7718
vn -0.2749 0.3198 -0.9067
vn -0.3438 0.9120 -0.2237
vn -0.1043 0.9455 -0.3086
vn -0.5967 0.6089 -0.5227
vn -0.3851 0.7282 -0.5669
vn -0.3309 0.5517 -0.7656
vn -0.8785 0.1054 -0.4659
vn -0.9059 0.3517 -0.2358
vn -0.9888 0.0745 -0.1295
vn -0.3243 0.3901 -0.8618
vn -0.6579 0.4010 -0.6374
vn -0.6526 0.1801 -0.7360
vn -0.2013 0.1880 -0.9613
vn -0.2378 0.1858 -0.9534
vn 0.7152 0.6390 -0.2831
vn 0.7517 0.5631 -0.3433
vn 0.7881 0.2737 -0.5513
vn 0.7465 0.1952 -0.6362
vn 0.2264 -0.9017 -0.3683
vn 0.7787 0.1360 -0.6125
vn 0.6068 -0.1983 -0.7697
vn 0.5378 -0.3132 -0.7828
vn 0.8834 0.2172 -0.4152
vn 0.7701 0.6301 0.0997
vn 0.8630 0.1344 -0.4870
vn -0.5077 -0.8223 -0.2570
vn -0.6095 -0.7757 -0.1637
vn -0.6200 -0.7695 -0.1532
vn 0.0139 0.8833 -0.4686
vn 0.1601 0.9593 -0.2325
vn 0.5066 -0.2489 -0.8255
vn 0.8119 -0.5836 0.0165
vn 0.7086 -0.6456 0.2847
vn 0.5686 0.2488 -0.7841
vn -0.4893 0.7120 0.5037
vn -0.4893 0.7119 0.5037
vn -0.8544 -0.1728 -0.4901
vn -0.7920 -0.1804 -0.5833
vn -0.2156 -0.5014 -0.8379
vn -0.2157 -0.5013 -0.8379
vn -0.2157 -0.5013 -0.8380
vn -0.2185 -0.3283 -0.9190
vn -0.1694 -0.3357 -0.9266
vn 0.6681 -0.7420 -0.0546
vn 0.6069 -0.6109 -0.5085
vn 0.5635 -0.7849 -0.2576
vn -0.8870 0.4491 -0.1073
vn -0.8484 0.3382 -0.4072
vn -0.8393 0.3277 -0.4339
vn 0.3376 -0.7151 0.6120
vn 0.4267 -0.7162 0.5523
vn 0.2033 -0.5884 0.7826
vn 0.5063 -0.8409 0.1910
vn 0.4870 -0.7909 0.3705
vn 0.3496 -0.8965 0.2720
vn 0.4587 -0.7380 -0.4949
vn 0.4480 -0.6585 -0.6047
vn 0.7464 -0.4970 -0.4426
vn 0.7464 -0.4971 -0.4426
vn -0.2277 -0.6455 0.7291
vn -0.2277 -0.6454 0.7291
vn -0.1031 -0.7360 0.6691
vn 0.4939 0.8598 0.1301
vn 0.2394 0.8986 0.3676
vn 0.1241 0.9877 0.0950
vn 0.8435 0.5038 0.1863
vn 0.6361 0.6533 0.4106
vn 0.5260 0.5875 0.6150
vn 0.8129 0.1561 0.5610
vn 0.9471 0.2444 0.2082
vn 0.9801 0.1484 0.1319
vn 0.2390 0.3261 0.9146
vn 0.4946 0.0913 0.8643
vn 0.6357 0.3804 0.6717
vn 0.7958 0.4165 0.4396
vn 0.0334 -0.0759 0.9966
vn 0.1721 -0.1822 0.9681
vn 0.0174 -0.4443 -0.8957
vn 0.0174 -0.4438 -0.8960
vn 0.0174 -0.4441 -0.8958
vn 0.8125 -0.5456 0.2053
vn 0.8127 -0.5453 0.2054
vn 0.1199 -0.7886 -0.6032
vn -0.0647 -0.7219 -0.6890
vn -0.0617 0.4430 0.8944
vn -0.0582 0.4431 0.8946
vn 0.0276 0.4390 0.8981
vn -0.1055 -0.5258 0.8440
vn -0.3446 -0.2624 0.9014
vn -0.0726 -0.1601 0.9844
vn -0.1898 -0.8673 0.4602
vn -0.3880 -0.6552 0.6482
vn -0.5970 -0.5430 0.5906
vn -0.4337 -0.7987 0.4171
vn -0.6598 -0.6485 0.3796
vn -0.1924 -0.9678 0.1625
vn -0.4935 -0.8534 0.1678
vn -0.1843 -0.9601 0.2102
vn -0.9044 -0.2475 0.3475
vn -0.8545 -0.5090 0.1033
vn -0.5890 -0.7942 -0.1496
vn -0.7219 -0.6330 -0.2796
vn -0.8478 -0.5287 -0.0405
vn -0.1254 -0.9584 -0.2563
vn -0.4775 -0.8363 -0.2694
vn -0.5740 -0.6116 -0.5445
vn 0.4730 0.8759 0.0948
vn 0.4731 0.8759 0.0948
vn 0.6253 -0.0268 -0.7799
vn 0.6869 -0.1952 -0.7000
vn 0.1156 -0.7176 -0.6868
vn 0.1157 -0.7175 -0.6869
vn -0.7902 -0.4378 0.4289
vn -0.7902 -0.4377 0.4290
vn -0.7901 -0.4379 0.4289
vn -0.2170 0.4693 -0.8559
vn 0.3852 0.1412 -0.9120
vn -0.2431 0.6119 -0.7527
vn 0.2075 0.3551 -0.9115
vn 0.7166 0.0990 -0.6904
vn 0.1214 0.4485 -0.8855
vn 0.3948 0.2334 -0.8886
vn -0.2992 0.8962 0.3277
vn -0.5778 0.7922 0.1962
vn -0.1642 0.7841 0.5985
vn -0.0556 0.8905 0.4515
vn -0.4272 0.8992 0.0944
vn -0.6589 0.7522 0.0099
vn 0.3151 0.9086 -0.2742
vn 0.3167 0.9086 -0.2724
vn 0.4977 0.8649 -0.0644
vn 0.9265 0.1181 -0.3572
vn 0.8825 0.4161 0.2194
vn 0.9287 0.3226 -0.1831
vn 0.7926 0.5583 0.2451
vn 0.9047 0.2197 -0.3651
vn 0.9050 0.4133 -0.1006
vn -0.4782 -0.8547 0.2019
vn -0.1194 -0.9165 -0.3819
vn -0.5891 -0.7707 0.2429
vn -0.3518 -0.8993 -0.2596
vn -0.1229 -0.6926 -0.7108
vn -0.4039 -0.8122 -0.4209
vn -0.3323 -0.6583 -0.6755
vn -0.9502 0.2105 0.2300
vn -0.7908 0.1675 0.5887
vn -0.7921 0.5754 0.2037
vn -0.9499 0.2977 0.0956
vn -0.9485 0.0659 0.3100
vn -0.7490 -0.0251 0.6621
vn -0.9996 0.0101 0.0282
vn -0.1245 -0.3567 -0.9259
vn -0.4606 0.2441 -0.8534
vn -0.3599 -0.2355 -0.9028
vn -0.6086 0.2745 -0.7445
vn -0.4114 -0.4028 -0.8176
vn 0.3729 -0.1062 -0.9218
vn 0.1176 -0.3665 -0.9230
vn 0.6884 -0.0972 -0.7188
vn 0.3464 -0.3472 -0.8715
vn 0.1019 -0.6873 -0.7192
vn 0.5590 -0.5740 -0.5983
vn 0.3113 -0.6575 -0.6861
vn 0.8566 -0.3569 -0.3727
vn 0.9095 -0.1372 -0.3924
vn 0.6879 -0.7146 -0.1272
vn 0.9096 -0.3866 -0.1521
vn 0.6540 -0.3189 -0.6860
vn 0.1189 -0.9057 -0.4070
vn 0.3758 -0.9157 -0.1425
vn 0.3484 -0.8551 -0.3840
vn 0.6539 -0.6716 -0.3484
vn 0.8932 0.1665 0.4177
vn 0.9004 -0.4189 0.1173
vn 0.8048 0.2147 0.5534
vn 0.9148 -0.2332 0.3298
vn 0.6676 -0.7402 0.0805
vn 0.8657 -0.1962 0.4606
vn 0.8496 -0.4260 0.3108
vn -0.2132 0.1677 0.9625
vn -0.1413 0.5602 0.8162
vn -0.5830 0.1580 0.7970
vn -0.2942 0.0218 0.9555
vn -0.0425 0.2402 0.9698
vn 0.0929 0.6351 0.7668
vn -0.0045 -0.0550 0.9985
vn 0.3500 -0.9304 0.1089
vn -0.2504 -0.8506 0.4624
vn 0.1661 -0.9314 0.3238
vn -0.2623 -0.7715 0.5796
vn 0.3481 -0.8858 0.3067
vn 0.1342 -0.8828 0.4501
vn 0.0185 0.9901 -0.1388
vn 0.0813 0.8827 -0.4628
vn 0.0214 0.8982 -0.4391
vn 0.4741 0.7258 -0.4984
vn 0.4742 0.7260 -0.4981
vn 0.0960 0.7278 -0.6790
vn 0.0341 0.6918 -0.7213
vn 0.3385 0.5494 -0.7639
vn 0.6882 -0.6403 -0.3412
vn 0.7107 -0.6872 -0.1505
vn 0.6363 -0.5381 -0.5527
vn 0.5185 -0.3373 -0.7857
vn 0.6370 -0.0028 -0.7709
vn 0.7912 0.0140 -0.6115
vn 0.8408 -0.1611 -0.5169
vn 0.3446 -0.5948 -0.7263
vn 0.6714 0.2905 -0.6818
vn 0.0683 0.3460 -0.9358
vn 0.2778 -0.1624 -0.9468
vn 0.0854 0.4645 -0.8814
vn 0.5287 -0.2491 -0.8115
vn 0.5430 -0.3915 -0.7429
vn -0.0954 0.9287 -0.3582
vn -0.3764 0.9232 -0.0771
vn -0.0905 0.7195 -0.6886
vn -0.3723 0.8573 -0.3555
vn -0.7032 0.7069 -0.0768
vn -0.3539 0.6760 -0.6464
vn -0.6604 0.6692 -0.3406
vn -0.3777 0.1175 -0.9184
vn -0.0964 0.3982 -0.9122
vn -0.7043 0.1080 -0.7017
vn -0.3729 0.3924 -0.8408
vn -0.6604 0.3711 -0.6528
vn -0.9203 0.3810 -0.0895
vn -0.9205 0.1063 -0.3761
vn -0.8490 0.3818 -0.3653
vn -0.9443 -0.0238 -0.3283
vn -0.9905 -0.0172 -0.1365
vn -0.8389 -0.0496 -0.5420
vn -0.5963 -0.1616 -0.7863
vn -0.5538 0.0113 -0.8325
vn -0.7200 -0.4534 -0.5254
vn -0.7200 -0.4535 -0.5253
vn -0.6588 0.5459 -0.5177
vn 0.1814 -0.2568 -0.9493
vn -0.3253 -0.0464 -0.9445
vn 0.4538 -0.4852 -0.7475
vn 0.2537 -0.3548 -0.8999
vn -0.5619 -0.1685 -0.8098
vn -0.6717 -0.0796 -0.7365
vn 0.6857 -0.7063 -0.1761
vn 0.6213 -0.6540 -0.4316
vn 0.6147 -0.6309 -0.4733
vn -0.0026 -0.7791 -0.6269
vn -0.1552 -0.6867 -0.7102
vn 0.1706 -0.8313 -0.5290
vn 0.4954 -0.5385 -0.6816
vn -0.0270 -0.6461 -0.7628
vn 0.1325 -0.5999 -0.7890
vn 0.0977 0.9117 0.3990
vn 0.3784 0.9181 0.1177
vn 0.0919 0.6888 0.7191
vn 0.3741 0.8403 0.3924
vn 0.7049 0.7010 0.1079
vn 0.3548 0.6459 0.6760
vn 0.6612 0.6525 0.3702
vn 0.3779 0.0769 0.9226
vn 0.0975 0.3582 0.9285
vn 0.7039 0.0765 0.7062
vn 0.3735 0.3545 0.8572
vn 0.6611 0.3408 0.6684
vn 0.9214 0.3740 0.1059
vn 0.9205 0.0885 0.3807
vn 0.8489 0.3653 0.3820
vn 0.4984 0.8172 -0.2894
vn 0.1109 0.9010 -0.4194
vn 0.4646 0.8832 -0.0638
vn 0.7992 0.5348 -0.2743
vn 0.4858 0.7703 -0.4130
vn 0.0515 0.7751 -0.6297
vn 0.6269 0.6684 -0.4002
vn 0.9294 -0.1711 -0.3271
vn 0.9436 0.3204 -0.0839
vn 0.6768 -0.4343 -0.5944
vn 0.9538 0.1346 -0.2685
vn 0.7739 0.6310 -0.0533
vn 0.9234 0.1080 -0.3684
vn -0.1256 -0.5676 -0.8137
vn 0.3170 -0.2975 -0.9005
vn 0.1931 -0.5895 -0.7843
vn -0.1243 -0.2342 -0.9642
vn 0.2964 -0.1317 -0.9460
vn 0.4592 -0.3428 -0.8195
vn 0.5419 -0.0615 -0.8382
vn 0.5487 -0.2993 0.7806
vn 0.4237 -0.1008 0.9002
vn 0.1891 -0.8657 0.4634
vn 0.5170 -0.5712 0.6376
vn 0.8289 -0.2664 0.4919
vn 0.7661 -0.0823 0.6375
vn 0.8057 -0.5523 0.2140
vn 0.5477 -0.7478 -0.3752
vn 0.2184 -0.8103 -0.5439
vn 0.4230 -0.6808 -0.5980
vn 0.8285 -0.5288 -0.1844
vn 0.5961 -0.7560 -0.2704
vn 0.9441 -0.0955 0.3155
vn 0.9437 -0.2840 -0.1695
vn 0.9615 -0.2564 0.0987
vn 0.7652 -0.4916 -0.4156
vn 0.3280 -0.5120 0.7939
vn 0.3921 -0.1509 0.9074
vn 0.0830 -0.4728 0.8773
vn 0.2728 -0.8293 0.4876
vn 0.3935 -0.4867 0.7799
vn 0.4079 -0.6846 0.6041
vn 0.3066 -0.9314 -0.1964
vn 0.0887 -0.9513 0.2951
vn 0.5448 -0.7074 -0.4502
vn 0.2642 -0.9603 0.0899
vn 0.0668 -0.7877 0.6125
vn 0.3556 -0.9334 0.0492
vn 0.8480 0.0308 -0.5290
vn 0.8570 -0.3840 -0.3436
vn 0.7381 -0.2857 -0.6112
vn 0.9331 0.0608 -0.3544
vn 0.9008 -0.3315 -0.2806
vn 0.7445 -0.5410 -0.3913
vn 0.7671 -0.6273 -0.1347
vn -0.3785 -0.1185 0.9180
vn -0.0981 -0.4038 0.9096
vn -0.7044 -0.1080 0.7015
vn -0.3742 -0.3927 0.8401
vn -0.0931 -0.7221 0.6855
vn -0.6614 -0.3696 0.6526
vn -0.3556 -0.6761 0.6453
vn -0.9216 -0.3781 0.0880
vn -0.9207 -0.1048 0.3759
vn -0.7004 -0.7092 0.0804
vn -0.8497 -0.3810 0.3644
vn -0.6624 -0.6678 0.3396
vn -0.0986 -0.9292 0.3563
vn -0.3701 -0.9259 0.0754
vn -0.3741 -0.8575 0.3533
vn -0.5684 -0.7943 -0.2142
vn -0.6929 -0.7170 -0.0761
vn -0.6908 -0.6133 -0.3830
vn -0.4858 -0.8137 -0.3193
vn -0.3384 -0.9172 -0.2104
vn -0.4626 -0.8837 -0.0719
vn -0.1046 -0.8728 -0.4768
vn 0.4455 -0.4818 -0.7546
vn 0.4235 -0.1883 -0.8861
vn 0.6334 -0.2575 -0.7297
vn 0.2505 -0.8058 -0.5365
vn 0.3057 -0.5609 -0.7694
vn 0.1658 -0.2852 -0.9440
vn -0.2324 -0.9674 -0.1005
vn 0.1872 -0.9294 -0.3181
vn -0.0493 -0.9649 -0.2578
vn 0.4505 -0.7029 -0.5505
vn 0.6099 0.7830 0.1225
vn 0.8709 0.4847 0.0816
vn 0.7422 0.6688 0.0424
vn 0.3376 0.9319 0.1325
vn 0.1817 0.7972 0.5757
vn 0.4889 0.8338 0.2564
vn 0.0283 0.7427 0.6690
vn 0.3195 0.9244 0.2084
vn -0.2821 0.9351 0.2144
vn 0.2367 0.9689 0.0720
vn 0.0019 0.9976 0.0692
vn -0.6172 0.7025 0.3542
vn -0.0100 0.9846 0.1748
vn 0.4889 0.8709 0.0490
vn -0.0211 0.9797 0.1993
vn -0.7308 0.4707 0.4943
vn -0.8647 0.2169 0.4532
vn -0.8615 -0.0432 0.5060
vn -0.6536 0.5395 0.5307
vn -0.7519 0.4949 0.4357
vn -0.4095 0.7905 0.4555
vn 0.9793 0.1629 -0.1202
vn 0.8761 0.4809 -0.0333
vn 0.9775 0.0633 -0.2013
vn 0.9232 0.3715 -0.0983
vn 0.6858 0.7277 -0.0008
vn 0.9562 0.2299 -0.1814
vn 0.7724 0.6321 -0.0619
vn 0.9522 0.1415 -0.2709
vn 0.9489 -0.0434 -0.3127
vn 0.9237 0.1476 -0.3534
vn 0.8269 0.5285 -0.1921
vn 0.8765 0.4505 -0.1697
vn 0.5675 0.8204 -0.0696
vn 0.4279 0.8993 -0.0900
vn 0.3772 0.9260 -0.0124
vn 0.6062 0.7678 -0.2074
vn -0.1778 0.7495 -0.6377
vn -0.0508 0.6390 -0.7675
vn -0.2618 0.6539 -0.7098
vn -0.2290 0.6926 -0.6840
vn -0.1444 0.9268 -0.3468
vn -0.0334 0.8647 -0.5012
vn -0.2409 0.9016 -0.3592
vn -0.5999 -0.0657 0.7974
vn -0.5537 0.4262 0.7154
vn -0.6720 0.2354 0.7021
vn -0.4516 0.1339 0.8821
vn -0.4476 0.4517 0.7718
vn -0.6443 0.1366 0.7525
vn -0.5153 0.7311 0.4473
vn -0.4811 0.7019 0.5252
vn -0.0422 0.9738 -0.2233
vn -0.1777 0.9274 0.3291
vn -0.0323 0.9990 0.0293
vn -0.1443 0.9892 0.0274
vn -0.2242 0.9060 0.3590
vn -0.1991 0.9796 0.0272
vn 0.9849 0.0683 0.1592
vn 0.8670 -0.4419 0.2303
vn 0.9870 -0.1509 0.0546
vn 0.3209 -0.4907 0.8101
vn 0.8026 -0.4179 0.4256
vn 0.8750 -0.4721 0.1074
vn 0.7570 -0.6530 0.0224
vn 0.6218 -0.7176 0.3138
vn -0.5346 -0.7185 0.4450
vn -0.7559 -0.4018 0.5169
vn -0.7069 -0.5973 0.3789
vn -0.2661 -0.9162 0.2997
vn -0.5253 -0.6958 0.4898
vn -0.2564 -0.8779 0.4044
vn 0.3972 -0.9174 0.0256
vn -0.1740 -0.9748 0.1397
vn 0.1008 -0.9867 0.1278
vn -0.4577 -0.8516 0.2555
vn 0.1236 -0.9738 0.1909
vn 0.9731 -0.2185 -0.0726
vn 0.9907 -0.0176 -0.1351
vn 0.8174 -0.5725 -0.0646
vn 0.9595 -0.2308 -0.1614
vn 0.9278 -0.2859 -0.2398
vn 0.9618 -0.1325 -0.2394
vn 0.8515 -0.4767 -0.2183
vn 0.5991 -0.7824 -0.1701
vn 0.5033 -0.8585 -0.0983
vn 0.4411 -0.8877 -0.1323
vn 0.7384 -0.6224 -0.2595
vn 0.8438 -0.5171 -0.1437
vn 0.9195 -0.2347 -0.3153
vn 0.7932 -0.5064 -0.3383
vn 0.8624 -0.3144 -0.3968
vn 0.8607 -0.4113 -0.2999
vn 0.6470 -0.7104 -0.2769
vn -0.1112 -0.4574 -0.8823
vn -0.3134 -0.3500 -0.8828
vn 0.0089 -0.1828 -0.9831
vn -0.0109 -0.4677 -0.8838
vn -0.1754 0.0520 -0.9831
vn -0.1954 -0.8170 -0.5425
vn -0.1157 -0.7519 -0.6490
vn -0.1450 -0.9712 0.1891
vn -0.0372 -0.9376 -0.3458
vn -0.0435 -0.9983 -0.0393
vn -0.2359 -0.8673 0.4383
vn -0.1244 -0.9899 -0.0677
vn -0.0053 -0.6990 -0.7151
vn -0.2407 -0.9295 0.2794
vn -0.1513 -0.9859 -0.0709
vn -0.3457 -0.7728 0.5322
vn -0.3350 -0.6580 0.6743
vn -0.4252 -0.5033 0.7522
vn -0.3719 -0.7885 0.4899
vn -0.3024 -0.9170 0.2600
vn -0.3463 0.0737 -0.9352
vn -0.6747 0.1172 -0.7287
vn -0.6327 0.4842 -0.6043
vn -0.5351 0.0026 -0.8448
vn -0.8857 0.0767 -0.4578
vn -0.6845 0.2885 -0.6695
vn -0.5802 0.7623 -0.2868
vn -0.8646 0.1783 -0.4697
vn -0.9706 0.1035 0.2172
vn -0.9413 -0.0384 -0.3353
vn -0.9952 -0.0513 -0.0832
vn -0.9562 0.1538 0.2491
vn -0.9938 0.0656 -0.0898
vn -0.7964 -0.0370 -0.6037
vn -0.9884 0.1250 -0.0865
vn -0.5558 0.5259 0.6438
vn -0.2806 0.4506 0.8475
vn -0.3858 0.5986 0.7020
vn -0.5180 0.5918 0.6177
vn -0.5839 0.4243 0.6921
vn -0.4279 0.3642 0.8272
vn -0.8080 0.4761 0.3472
vn -0.6826 -0.7234 0.1035
vn -0.5429 -0.8398 -0.0038
vn -0.4809 -0.8141 0.3255
vn -0.6960 -0.6687 0.2618
vn -0.8875 -0.4554 0.0710
vn -0.7958 -0.6044 -0.0361
vn -0.8666 -0.4697 0.1682
vn -0.0272 0.8536 0.5202
vn -0.5587 0.6474 0.5184
vn -0.3801 0.7180 0.5830
vn -0.2733 0.8519 0.4468
vn -0.5769 0.7013 0.4186
vn -0.5182 0.6296 0.5788
vn -0.8208 0.3348 0.4629
vn -0.9402 -0.3391 -0.0332
vn -0.9713 0.2109 0.1097
vn -0.9950 -0.0906 -0.0427
vn -0.9930 -0.0957 0.0693
vn -0.9573 0.2421 0.1578
vn -0.9884 -0.0869 0.1249
vn 0.5515 0.1471 -0.8211
vn 0.3102 0.0031 -0.9507
vn 0.4188 0.3368 -0.8433
vn 0.0582 0.1723 -0.9833
vn 0.5748 0.0485 -0.8168
vn 0.7783 0.0629 -0.6247
vn 0.8544 0.2635 -0.4479
vn 0.6712 0.4199 0.6110
vn 0.3716 0.4787 0.7954
vn 0.5402 0.4008 0.7399
vn 0.8667 0.3260 0.3775
vn 0.6935 0.4479 0.5643
vn 0.8534 0.3848 0.3515
vn 0.9646 0.1167 -0.2364
vn 0.9273 0.2320 0.2937
vn 0.9767 0.2106 0.0409
vn 0.7872 0.3173 0.5287
vn 0.9708 0.2375 0.0333
vn 0.5634 -0.8180 0.1160
vn -0.0264 -0.9994 0.0209
vn 0.3003 -0.9538 -0.0036
vn 0.5713 -0.8198 0.0387
vn 0.5815 -0.7928 0.1827
vn 0.8643 -0.4347 0.2529
vn 0.9271 0.3035 0.2198
vn 0.9677 -0.2290 0.1055
vn 0.9896 0.0813 0.1190
vn 0.7878 0.5356 0.3042
vn 0.9788 0.0503 0.1984
vn 0.7794 -0.6243 0.0524
vn 0.8679 0.3860 0.3125
vn 0.9733 0.0447 0.2251
vn 0.6666 0.6089 0.4299
vn 0.5448 0.7425 0.3898
vn 0.4207 0.5396 0.7293
vn 0.3711 0.7422 0.5580
vn 0.8525 0.3666 0.3726
vn 0.2934 -0.3388 0.8939
vn 0.3114 -0.3208 0.8945
vn 0.4358 -0.4884 0.7560
vn 0.4620 -0.4620 0.7571
vn 0.6973 -0.6766 0.2365
vn 0.6791 -0.7338 -0.0209
vn 0.7207 -0.6929 -0.0205
vn 0.2756 -0.3549 0.8934
vn 0.4093 -0.5111 0.7558
vn 0.6565 -0.7164 0.2361
vn 0.6378 -0.7699 -0.0207
vn -0.3005 0.2675 0.9155
vn -0.3178 0.2489 0.9149
vn -0.4506 0.4154 0.7902
vn -0.7219 0.6064 0.3335
vn -0.7187 0.6895 0.0901
vn -0.6831 0.6492 0.3345
vn -0.3342 0.2275 0.9146
vn -0.4765 0.3863 0.7897
vn -0.7600 0.5584 0.3325
vn -0.7599 0.6439 0.0891
vn 0.3461 -0.2823 0.8947
vn 0.3294 -0.3017 0.8947
vn 0.5117 -0.4056 0.7574
vn 0.7366 -0.6332 0.2376
vn 0.7976 -0.6030 -0.0185
vn 0.7724 -0.5889 0.2380
vn 0.4876 -0.4340 0.7575
vn 0.7610 -0.6485 -0.0196
vn -0.2830 0.2850 0.9158
vn -0.2665 0.3009 0.9156
vn -0.4238 0.4420 0.7906
vn -0.3982 0.4658 0.7902
vn -0.6037 0.7227 0.3365
vn -0.6759 0.7313 0.0917
vn -0.6343 0.7675 0.0932
vn -0.6430 0.6887 0.3350
vn -0.2486 0.3155 0.9158
vn -0.2287 0.3316 0.9153
vn -0.3705 0.4879 0.7904
vn -0.3396 0.5130 0.7883
vn -0.5153 0.7882 0.3365
vn -0.5904 0.8015 0.0952
vn -0.5394 0.8364 0.0972
vn -0.5629 0.7553 0.3357
vn 0.2569 -0.3709 0.8925
vn 0.3822 -0.5339 0.7543
vn 0.6160 -0.7516 0.2359
vn 0.5938 -0.8043 -0.0208
vn 0.2369 -0.3878 0.8908
vn 0.3530 -0.5575 0.7514
vn 0.5732 -0.7852 0.2344
vn 0.5454 -0.8380 -0.0185
vn 0.2158 -0.4042 0.8889
vn 0.3223 -0.5799 0.7482
vn 0.5255 -0.8177 0.2348
vn 0.4945 -0.8690 -0.0181
vn 0.1971 -0.4231 0.8844
vn 0.2967 -0.6041 0.7396
vn 0.4756 -0.8489 0.2306
vn 0.4463 -0.8947 -0.0184
vn -0.2073 0.3499 0.9136
vn -0.1911 0.3662 0.9107
vn -0.3055 0.5400 0.7843
vn -0.2802 0.5624 0.7780
vn -0.4209 0.8445 0.3311
vn -0.4823 0.8705 0.0986
vn -0.4372 0.8940 0.0983
vn -0.4627 0.8208 0.3349
vn 0.1047 -0.4688 0.8771
vn -0.0089 -0.4007 0.9162
vn 0.1771 -0.8356 0.5200
vn -0.0165 -0.7256 0.6879
vn 0.1892 -0.9811 0.0405
vn -0.0210 -0.9386 0.3444
vn 0.0847 -0.2081 0.9744
vn 0.2778 -0.6250 0.7295
vn 0.4268 -0.8761 0.2241
vn 0.4111 -0.9112 -0.0251
vn 0.2724 -0.6369 0.7212
vn 0.3938 -0.8952 0.2088
vn -0.1841 0.3766 0.9079
vn -0.2706 0.5739 0.7729
vn -0.4168 0.9040 0.0950
vn -0.4006 0.8564 0.3258
vn -0.3537 0.2004 0.9137
vn -0.5033 0.3544 0.7881
vn -0.8039 0.4968 0.3271
vn -0.8005 0.5927 0.0890
vn -0.3782 0.1790 0.9083
vn -0.5363 0.3120 0.7843
vn -0.8398 0.4384 0.3204
vn -0.8469 0.5246 0.0867
vn 0.3807 -0.2450 0.8916
vn 0.3623 -0.2625 0.8943
vn 0.5570 -0.3536 0.7514
vn 0.8056 -0.5429 0.2371
vn 0.8589 -0.5119 -0.0182
vn 0.8363 -0.4975 0.2305
vn 0.5348 -0.3776 0.7560
vn 0.8308 -0.5562 -0.0175
vn 0.3802 -0.0223 0.9246
vn 0.7113 -0.0178 0.7027
vn 0.9322 -0.0108 0.3617
vn 0.4407 -0.1454 0.8858
vn 0.8168 -0.2315 0.5285
vn 0.9698 -0.2414 0.0360
vn -0.3944 0.1685 0.9033
vn -0.5712 0.2750 0.7734
vn -0.8591 0.4071 0.3103
vn -0.8845 0.4594 0.0815
vn -0.9010 0.4273 0.0750
vn -0.5906 0.2604 0.7638
vn -0.8610 0.3992 0.3152
vn 0.3967 -0.2352 0.8873
vn 0.8574 -0.4672 0.2157
vn 0.5781 -0.3375 0.7429
vn 0.8771 -0.4796 -0.0251
vn 0.5227 -0.4865 -0.7001
vn 0.4928 -0.5167 -0.7002
vn 0.3782 -0.3437 -0.8595
vn 0.3564 -0.3655 -0.8599
vn 0.2106 -0.1801 -0.9608
vn 0.1980 -0.1919 -0.9612
vn 0.4637 -0.5445 -0.6990
vn 0.3354 -0.3858 -0.8594
vn 0.1864 -0.2033 -0.9612
vn -0.5819 0.5097 -0.6338
vn -0.5499 0.5441 -0.6337
vn -0.4218 0.3781 -0.8241
vn -0.3990 0.4033 -0.8235
vn -0.2311 0.2189 -0.9480
vn -0.2190 0.2329 -0.9475
vn -0.6135 0.4712 -0.6337
vn -0.4448 0.3504 -0.8243
vn -0.2437 0.2039 -0.9482
vn 0.5519 -0.4540 -0.6995
vn 0.5796 -0.4217 -0.6973
vn 0.3996 -0.3204 -0.8589
vn 0.4203 -0.2973 -0.8573
vn 0.2226 -0.1671 -0.9605
vn 0.2341 -0.1541 -0.9599
vn -0.4875 0.6058 -0.6287
vn -0.5183 0.5770 -0.6312
vn -0.3541 0.4484 -0.8207
vn -0.3762 0.4271 -0.8223
vn -0.1943 0.2574 -0.9466
vn -0.2061 0.2456 -0.9472
vn -0.4178 0.6629 -0.6213
vn -0.4553 0.6337 -0.6253
vn -0.3048 0.4915 -0.8158
vn -0.3312 0.4691 -0.8186
vn -0.1674 0.2808 -0.9450
vn -0.1821 0.2691 -0.9457
vn 0.4332 -0.5719 -0.6966
vn 0.3137 -0.4062 -0.8583
vn 0.1744 -0.2150 -0.9609
vn 0.3992 -0.5990 -0.6941
vn 0.2899 -0.4274 -0.8563
vn 0.1614 -0.2273 -0.9603
vn 0.3640 -0.6263 -0.6894
vn 0.2651 -0.4488 -0.8534
vn 0.1475 -0.2395 -0.9596
vn 0.3312 -0.6515 -0.6825
vn 0.2423 -0.4702 -0.8487
vn 0.1352 -0.2528 -0.9580
vn -0.3439 0.7173 -0.6060
vn -0.3764 0.6933 -0.6145
vn -0.2536 0.5363 -0.8050
vn -0.2756 0.5152 -0.8116
vn -0.1410 0.3082 -0.9408
vn -0.1523 0.2950 -0.9433
vn 0.0427 -0.8977 -0.4386
vn 0.1661 -0.7396 -0.6522
vn 0.0326 -0.6680 -0.7434
vn 0.1243 -0.5368 -0.8345
vn 0.0176 -0.3473 -0.9376
vn 0.0731 -0.2948 -0.9527
vn 0.3079 -0.6700 -0.6755
vn 0.2271 -0.4878 -0.8429
vn 0.1279 -0.2653 -0.9556
vn -0.3294 0.7291 -0.5999
vn -0.2439 0.5473 -0.8006
vn -0.1362 0.3163 -0.9388
vn -0.6514 0.4208 -0.6313
vn -0.4733 0.3148 -0.8227
vn -0.2587 0.1845 -0.9482
vn -0.6863 0.3738 -0.6239
vn -0.5024 0.2829 -0.8170
vn -0.2766 0.1684 -0.9461
vn 0.6061 -0.3891 -0.6937
vn 0.6303 -0.3585 -0.6886
vn 0.4400 -0.2739 -0.8552
vn 0.4598 -0.2527 -0.8513
vn 0.2456 -0.1411 -0.9591
vn 0.2578 -0.1296 -0.9575
vn 0.9061 -0.0514 -0.4199
vn 0.6842 -0.0295 -0.7287
vn 0.3688 -0.0034 -0.9295
vn 0.7304 -0.1840 -0.6578
vn 0.5363 -0.1282 -0.8343
vn 0.3070 -0.0638 -0.9496
vn -0.7050 0.3509 -0.6163
vn -0.5204 0.2680 -0.8108
vn -0.2896 0.1613 -0.9435
vn 0.6475 -0.3373 -0.6833
vn 0.4764 -0.2395 -0.8460
vn 0.2689 -0.1232 -0.9553
vn -0.8005 0.4859 -0.3508
vn 0.8805 0.4517 0.1438
vn 0.8809 0.4508 0.1442
vn -0.7987 0.4881 -0.3518
vn 0.2699 0.9505 -0.1540
vn 0.2700 0.9505 -0.1540
vn 0.2698 0.9505 -0.1541
vn 0.8566 0.5006 0.1252
vn -0.4755 0.8121 -0.3381
vn -0.4761 0.8122 -0.3370
vn -0.9449 -0.2484 -0.2133
vn -0.5309 -0.8456 0.0549
vn -0.1189 -0.9756 0.1844
vn -0.0005 -0.3633 -0.9317
vn -0.0009 -0.6944 -0.7196
vn -0.0012 -0.9176 -0.3976
vn 0.9126 -0.4087 -0.0079
vn 0.3698 -0.9290 -0.0134
vn 0.6835 -0.7299 -0.0101
vn -0.6852 0.2303 0.6910
vn -0.6578 -0.0381 0.7522
vn -0.2859 -0.9184 0.2736
vn -0.7057 0.0141 0.7084
vn 0.9243 0.0070 -0.3817
vn 0.7061 0.0144 -0.7080
vn 0.3810 0.0196 -0.9244
vn -0.6855 0.6779 0.2657
vn -0.7538 0.6567 0.0230
vn -0.3589 0.3766 -0.8540
vn -0.7076 0.7046 0.0526
vn -0.2175 0.6756 0.7045
vn 0.0274 0.7343 0.6783
vn 0.6824 0.5049 0.5286
vn 0.9795 0.1409 0.1439
vn 0.0194 0.6914 0.7223
vn 0.6823 0.5050 0.5286
vn 0.0023 0.9240 -0.3823
vn 0.0017 0.7007 -0.7134
vn 0.0014 0.5820 -0.8132
vn 0.0009 0.3821 -0.9241
vn 0.1144 0.0204 -0.9932
vn 0.0011 0.4722 -0.8815
vn -0.1116 0.1611 -0.9806
vn -0.0662 -0.0798 -0.9946
vn -0.3641 0.0206 -0.9311
vn -0.3875 0.0206 -0.9216
vn -0.6859 0.0163 -0.7275
vn -0.8949 0.0103 -0.4461
vn -0.9155 0.0094 -0.4022
vn -0.6713 0.0168 -0.7410
vn 0.3163 -0.2975 -0.9008
vn 0.3313 -0.3123 -0.8903
vn 0.5445 -0.5320 -0.6485
vn 0.4907 -0.4759 -0.7299
vn 0.6682 -0.6627 -0.3380
vn 0.4670 -0.4517 -0.7602
vn 0.4033 0.9148 0.0210
vn 0.7090 0.7051 0.0144
vn 0.9224 0.3862 0.0056
vn 0.5240 0.8515 0.0189
vn 0.7971 0.6037 0.0117
vn 0.9891 -0.0165 -0.1465
vn 0.3966 -0.0204 0.9177
vn 0.6541 -0.0171 0.7562
vn 0.7213 -0.0157 0.6924
vn 0.8849 -0.0107 0.4656
vn 0.9283 -0.0088 0.3716
vn 0.9924 -0.1075 0.0598
vn 0.8917 -0.3079 -0.3318
vn 0.7515 -0.4533 -0.4793
vn 0.5904 -0.5515 -0.5893
vn 0.6628 -0.5120 -0.5464
vn 0.2030 -0.6707 -0.7134
vn 0.8052 -0.4073 -0.4311
vn 0.3763 -0.6332 -0.6764
vn 0.1392 -0.9897 -0.0334
vn -0.0040 -0.9384 0.3456
vn -0.0038 -0.8312 0.5560
vn -0.0036 -0.7482 0.6634
vn -0.0030 -0.5642 0.8257
vn -0.0032 -0.4382 0.8989
vn -0.1096 -0.9864 0.1222
vn -0.3023 -0.9532 -0.0108
vn -0.6084 -0.7936 0.0096
vn -0.8341 -0.5516 -0.0011
vn -0.0394 -0.9944 -0.0984
vn 0.3288 -0.8790 -0.3453
vn 0.3624 -0.8517 -0.3785
vn 0.6593 -0.3465 -0.6673
vn 0.6848 -0.2313 -0.6910
vn 0.6977 -0.1422 -0.7021
vn 0.3862 -0.8300 -0.4023
vn 0.4749 -0.7316 -0.4891
vn 0.6863 -0.2236 -0.6920
vn 0.0010 0.4034 -0.9150
vn 0.0018 0.7227 -0.6912
vn 0.0024 0.9320 -0.3623
vn -0.9241 0.0089 -0.3820
vn -0.7072 0.0159 -0.7068
vn -0.3826 0.0205 -0.9237
vn 0.6525 -0.6458 -0.3966
vn 0.4991 -0.4849 -0.7181
vn 0.2702 -0.2506 -0.9296
vn 0.9260 0.3773 0.0084
vn 0.7221 0.6917 0.0156
vn 0.4151 0.9096 0.0205
vn 0.9240 -0.0090 0.3822
vn 0.7065 -0.0160 0.7075
vn 0.3819 -0.0205 0.9240
vn 0.2478 -0.6685 -0.7012
vn 0.6450 -0.5275 -0.5529
vn 0.9130 -0.2820 -0.2948
vn -0.0005 -0.4177 0.9086
vn -0.0009 -0.7297 0.6838
vn -0.0012 -0.9339 0.3575
vn -0.8522 -0.5231 -0.0121
vn -0.6390 -0.7690 -0.0180
vn -0.3547 -0.9347 -0.0221
vn 0.6855 -0.2212 -0.6937
vn 0.5412 -0.6281 -0.5591
vn 0.2874 -0.9059 -0.3111
vn -0.3811 0.9243 0.0202
vn -0.7066 0.7074 0.0155
vn -0.7054 0.7086 0.0155
vn -0.9242 0.3818 0.0084
vn 0.5805 -0.8141 -0.0177
vn 0.5221 -0.8466 -0.1031
vn 0.1999 -0.9797 -0.0120
vn -0.8286 -0.5599 -0.0023
vn -0.3884 -0.9215 -0.0077
vn -0.8367 -0.5477 -0.0025
vn -0.9876 -0.1571 -0.0034
vn -0.3828 -0.9236 -0.0202
vn -0.3844 -0.9231 -0.0077
vn -0.9866 -0.1632 -0.0035
vn 0.0218 0.9913 -0.1300
vn -0.1703 0.7758 -0.6076
vn -0.1707 0.7749 -0.6086
vn -0.3461 0.0173 -0.9380
vn -0.3494 -0.3105 -0.8841
vn -0.3517 -0.2417 -0.9044
vn 0.0215 0.9912 -0.1307
vn -0.1704 0.7753 -0.6081
vn -0.1831 0.0427 -0.9822
vn -0.0001 -0.2135 0.9769
vn 0.1469 -0.1851 0.9717
vn 0.0091 -0.9322 0.3617
vn 0.1033 -0.9273 0.3598
vn -0.0003 -0.4014 0.9159
vn -0.0105 -0.9336 0.3582
vn -0.0009 -0.9125 -0.4091
vn -0.9228 -0.0082 0.3851
vn -0.7056 -0.0160 0.7085
vn -0.7040 -0.0160 0.7100
vn -0.3821 -0.0214 0.9239
vn 0.3758 0.0020 0.9267
vn 0.8035 0.1966 -0.5619
vn 0.9086 0.1986 -0.3673
vn 0.9048 0.1576 0.3956
vn 0.9048 0.1576 0.3955
vn 0.1636 -0.0405 0.9857
vn 0.1662 0.9859 0.0217
vn 0.2305 0.9710 -0.0636
vn 0.5508 0.8342 0.0277
vn 0.9840 -0.1782 0.0058
vn 0.9266 0.3754 0.0208
vn 0.9814 -0.1921 0.0050
vn 0.8095 -0.5870 -0.0128
vn 0.9250 0.3794 0.0208
vn 0.9237 0.3831 0.0084
vn 0.0003 0.3624 0.9320
vn 0.0005 0.6911 0.7227
vn 0.0006 0.6906 0.7233
vn 0.0007 0.9144 0.4048
vn 0.5924 0.1367 -0.7939
vn 0.1269 -0.1698 -0.9773
vn -0.2549 -0.3159 -0.9139
vn 0.1386 -0.1649 -0.9765
vn -0.6087 -0.4475 -0.6552
vn -0.2554 -0.3122 -0.9150
vn -0.6009 -0.4452 -0.6639
vn -0.5353 -0.6104 -0.5838
vn -0.8643 -0.4757 -0.1635
vn 0.3209 0.9053 -0.2782
vn 0.3031 0.9057 -0.2964
vn 0.4697 0.7721 -0.4281
vn 0.4422 0.7739 -0.4534
vn 0.6575 0.2635 -0.7058
vn 0.7183 0.0041 -0.6957
vn 0.6766 0.0065 -0.7363
vn 0.3377 0.9043 -0.2611
vn 0.4927 0.7718 -0.4019
vn 0.6987 0.2601 -0.6665
vn 0.7555 0.0062 -0.6551
vn -0.2709 0.9048 0.3284
vn -0.2517 0.9043 0.3449
vn -0.4145 0.7735 0.4794
vn -0.5938 0.3082 0.7432
vn -0.6741 0.0635 0.7359
vn -0.6370 0.3120 0.7050
vn -0.2302 0.9036 0.3612
vn -0.3839 0.7740 0.5035
vn -0.5448 0.3078 0.7801
vn -0.6275 0.0633 0.7760
vn 0.2642 0.9060 -0.3307
vn 0.2838 0.9060 -0.3141
vn 0.3859 0.7732 -0.5032
vn 0.6136 0.2626 -0.7446
vn 0.5849 0.0071 -0.8111
vn 0.5687 0.2617 -0.7798
vn 0.4141 0.7742 -0.4787
vn 0.6312 0.0069 -0.7756
vn -0.2887 0.9054 0.3113
vn -0.3056 0.9051 0.2956
vn -0.4409 0.7753 0.4522
vn -0.4662 0.7743 0.4280
vn -0.7126 0.3134 0.6277
vn -0.7166 0.0699 0.6940
vn -0.7540 0.0667 0.6535
vn -0.6774 0.3127 0.6659
vn -0.3210 0.9052 0.2784
vn -0.3369 0.9055 0.2582
vn -0.4896 0.7741 0.4014
vn -0.5147 0.7733 0.3703
vn -0.7804 0.3135 0.5411
vn -0.7890 0.0710 0.6103
vn -0.8250 0.0750 0.5601
vn -0.7462 0.3127 0.5877
vn 0.3534 0.9035 -0.2424
vn 0.5137 0.7724 -0.3735
vn 0.7342 0.2623 -0.6262
vn 0.7909 0.0063 -0.6119
vn 0.3701 0.9020 -0.2225
vn 0.5374 0.7697 -0.3446
vn 0.7690 0.2593 -0.5843
vn 0.8255 0.0071 -0.5643
vn 0.3871 0.8996 -0.2021
vn 0.5615 0.7650 -0.3154
vn 0.8027 0.2580 -0.5377
vn 0.8577 0.0086 -0.5141
vn 0.4055 0.8954 -0.1838
vn 0.5863 0.7564 -0.2901
vn 0.8337 0.2586 -0.4880
vn 0.8844 0.0207 -0.4663
vn -0.3555 0.9041 0.2372
vn -0.3715 0.9017 0.2210
vn -0.5413 0.7708 0.3360
vn -0.5630 0.7660 0.3104
vn -0.8354 0.3197 0.4470
vn -0.8602 0.0795 0.5038
vn -0.8841 0.0863 0.4593
vn -0.8131 0.3163 0.4887
vn 0.3376 0.9410 0.0226
vn 0.6007 0.7992 0.0195
vn 0.8109 0.5851 0.0145
vn 0.4142 0.8943 -0.1693
vn 0.5943 0.7593 -0.2651
vn 0.8580 0.2666 -0.4391
vn 0.9005 0.0627 -0.4303
vn 0.8675 0.2931 -0.4021
vn -0.3781 0.9011 0.2122
vn -0.7302 0.5716 0.3741
vn -0.8920 0.1097 0.4385
vn -0.2036 0.9015 0.3818
vn -0.3515 0.7720 0.5296
vn -0.4819 0.3031 0.8221
vn -0.5753 0.0633 0.8155
vn -0.1802 0.8973 0.4031
vn -0.3101 0.7651 0.5643
vn -0.4225 0.2974 0.8562
vn -0.5061 0.0610 0.8603
vn 0.2262 0.9034 -0.3644
vn 0.2440 0.9058 -0.3463
vn 0.3326 0.7682 -0.5470
vn 0.5216 0.2634 -0.8115
vn 0.4924 0.0086 -0.8703
vn 0.4756 0.2573 -0.8412
vn 0.3565 0.7734 -0.5242
vn 0.5375 0.0090 -0.8432
vn 0.0031 0.9335 -0.3585
vn -0.0063 0.7194 -0.6945
vn -0.0144 0.3845 -0.9230
vn 0.1251 0.8980 -0.4219
vn 0.2069 0.5510 -0.8085
vn 0.2189 0.0626 -0.9737
vn -0.1699 0.8914 0.4201
vn -0.2702 0.7575 0.5943
vn -0.3910 0.2852 0.8751
vn -0.4401 0.0545 0.8963
vn -0.4076 0.0472 0.9119
vn -0.2559 0.7460 0.6148
vn -0.3839 0.2854 0.8782
vn 0.2163 0.8990 -0.3807
vn 0.4454 0.2400 -0.8626
vn 0.3159 0.7604 -0.5674
vn 0.4598 0.0015 -0.8880
vn 0.4827 -0.6810 -0.5507
vn 0.5135 -0.6817 -0.5212
vn 0.3449 -0.8460 -0.4066
vn 0.3675 -0.8463 -0.3856
vn 0.1861 -0.9534 -0.2376
vn 0.1985 -0.9538 -0.2257
vn 0.5415 -0.6813 -0.4925
vn 0.3878 -0.8465 -0.3648
vn 0.2101 -0.9539 -0.2143
vn -0.4892 -0.6534 0.5777
vn -0.5239 -0.6535 0.5462
vn -0.3596 -0.8379 0.4106
vn -0.3846 -0.8377 0.3877
vn -0.2027 -0.9559 0.2127
vn -0.2166 -0.9554 0.2006
vn -0.4502 -0.6534 0.6087
vn -0.3308 -0.8388 0.4324
vn -0.1872 -0.9562 0.2248
vn 0.4495 -0.6802 -0.5790
vn 0.4163 -0.6781 -0.6056
vn 0.3216 -0.8446 -0.4281
vn 0.2975 -0.8433 -0.4475
vn 0.1731 -0.9527 -0.2497
vn 0.1596 -0.9521 -0.2606
vn -0.5856 -0.6502 0.4841
vn -0.5581 -0.6500 0.5158
vn -0.4304 -0.8347 0.3437
vn -0.4086 -0.8365 0.3651
vn -0.2423 -0.9539 0.1772
vn -0.2305 -0.9545 0.1890
vn -0.6466 -0.6383 0.4178
vn -0.6161 -0.6437 0.4541
vn -0.4740 -0.8292 0.2961
vn -0.4515 -0.8324 0.3212
vn -0.2655 -0.9521 0.1518
vn -0.2542 -0.9529 0.1652
vn 0.5686 -0.6809 -0.4617
vn 0.4088 -0.8456 -0.3434
vn 0.2224 -0.9536 -0.2028
vn 0.5978 -0.6772 -0.4289
vn 0.4310 -0.8439 -0.3195
vn 0.2352 -0.9535 -0.1886
vn 0.6275 -0.6720 -0.3932
vn 0.4565 -0.8407 -0.2912
vn 0.2545 -0.9521 -0.1693
vn 0.6609 -0.6572 -0.3624
vn 0.4926 -0.8288 -0.2654
vn 0.2891 -0.9456 -0.1494
vn -0.7026 -0.6196 0.3500
vn -0.6773 -0.6314 0.3777
vn -0.5132 -0.8195 0.2550
vn -0.4961 -0.8248 0.2712
vn -0.2780 -0.9508 0.1371
vn -0.2740 -0.9513 0.1414
vn 0.8257 -0.5636 -0.0248
vn 0.4920 -0.8702 -0.0274
vn 0.9905 -0.1362 -0.0170
vn 0.7042 -0.6163 -0.3525
vn 0.5448 -0.7972 -0.2602
vn 0.3483 -0.9253 -0.1502
vn -0.7252 -0.5975 0.3422
vn -0.5266 -0.8123 0.2508
vn -0.2718 -0.9532 0.1326
vn -0.3985 -0.6524 0.6447
vn -0.2943 -0.8380 0.4596
vn -0.1678 -0.9562 0.2398
vn -0.3509 -0.6449 0.6789
vn -0.2618 -0.8326 0.4881
vn -0.1513 -0.9544 0.2572
vn 0.3831 -0.6743 -0.6313
vn 0.3519 -0.6692 -0.6545
vn 0.2736 -0.8410 -0.4668
vn 0.2518 -0.8371 -0.4857
vn 0.1466 -0.9511 -0.2720
vn 0.1344 -0.9495 -0.2834
vn 0.0352 -0.4076 -0.9125
vn 0.0207 -0.7427 -0.6693
vn 0.0057 -0.9201 -0.3916
vn 0.1753 -0.6206 -0.7642
vn 0.1546 -0.8135 -0.5606
vn 0.0677 -0.9411 -0.3313
vn -0.3279 -0.6369 0.6978
vn -0.2470 -0.8258 0.5070
vn -0.1439 -0.9520 0.2701
vn 0.3307 -0.6626 -0.6720
vn 0.2379 -0.8318 -0.5015
vn 0.1278 -0.9471 -0.2944
vn -0.4612 -0.3733 0.8049
vn -0.4709 0.1606 -0.8675
vn -0.4698 0.1604 -0.8681
vn -0.5992 -0.3798 0.7048
vn -0.5217 0.1397 -0.8416
vn 0.1104 0.3009 0.9472
vn 0.1094 0.2999 0.9477
vn 0.1097 0.3011 0.9473
vn -0.8420 -0.2076 0.4979
vn 0.1110 0.3010 0.9471
vn 0.1103 0.3010 0.9472
vn 0.9116 0.3978 0.1039
vn 0.9377 -0.1392 -0.3183
vn 0.9736 -0.0372 -0.2252
vn 0.9898 0.0633 -0.1275
vn -0.8369 -0.3831 -0.3909
vn -0.8378 -0.3985 -0.3732
vn -0.6754 -0.5137 -0.5291
vn -0.6771 -0.5370 -0.5031
vn -0.1241 -0.7198 -0.6830
vn 0.1335 -0.6775 -0.7233
vn 0.1350 -0.7195 -0.6812
vn -0.8375 -0.3632 -0.4082
vn -0.6778 -0.4838 -0.5536
vn -0.1252 -0.6807 -0.7218
vn 0.1312 -0.6364 -0.7601
vn -0.9561 0.2097 0.2046
vn -0.9552 0.2303 0.1858
vn -0.8560 0.3724 0.3586
vn -0.4404 0.6898 0.5747
vn -0.2031 0.7104 0.6739
vn -0.4396 0.6515 0.6183
vn -0.9561 0.2424 0.1647
vn -0.8551 0.4004 0.3294
vn -0.4391 0.7280 0.5265
vn -0.2034 0.7516 0.6274
vn -0.8367 -0.4334 -0.3348
vn -0.8372 -0.4169 -0.3540
vn -0.6759 -0.5860 -0.4468
vn -0.1225 -0.7605 -0.6377
vn 0.1342 -0.7949 -0.5917
vn -0.1237 -0.7939 -0.5953
vn -0.6769 -0.5617 -0.4756
vn 0.1360 -0.7589 -0.6369
vn -0.9551 0.1961 0.2221
vn -0.9549 0.1764 0.2387
vn -0.8538 0.3508 0.3846
vn -0.8533 0.3221 0.4100
vn -0.4395 0.5725 0.6922
vn -0.2033 0.6678 0.7160
vn -0.2036 0.6269 0.7521
vn -0.4396 0.6115 0.6578
vn -0.9540 0.1598 0.2538
vn -0.9525 0.1403 0.2703
vn -0.8518 0.2959 0.4324
vn -0.8484 0.2652 0.4582
vn -0.4357 0.4848 0.7584
vn -0.2034 0.5832 0.7864
vn -0.2032 0.5332 0.8212
vn -0.4380 0.5319 0.7248
vn -0.8375 -0.3440 -0.4246
vn -0.6776 -0.4565 -0.5766
vn -0.1268 -0.6391 -0.7586
vn 0.1284 -0.5941 -0.7941
vn -0.8362 -0.3255 -0.4415
vn -0.6755 -0.4281 -0.6004
vn -0.1282 -0.5978 -0.7913
vn 0.1250 -0.5462 -0.8283
vn -0.8352 -0.3040 -0.4582
vn -0.6734 -0.3974 -0.6234
vn -0.1296 -0.5516 -0.8240
vn 0.1207 -0.4958 -0.8600
vn -0.8319 -0.2849 -0.4763
vn -0.6676 -0.3711 -0.6455
vn -0.1298 -0.5014 -0.8554
vn 0.1204 -0.4478 -0.8860
vn -0.9503 0.1201 0.2873
vn -0.9465 0.1035 0.3055
vn -0.8433 0.2318 0.4849
vn -0.8359 0.2071 0.5084
vn -0.4246 0.3918 0.8162
vn -0.2006 0.4757 0.8564
vn -0.1976 0.4311 0.8804
vn -0.4307 0.4332 0.7917
vn -0.8306 -0.1922 -0.5226
vn -0.8848 -0.0826 -0.4586
vn -0.4456 -0.2319 -0.8646
vn -0.6380 -0.0549 -0.7681
vn 0.0416 -0.1982 -0.9793
vn -0.2834 -0.0183 -0.9588
vn -0.9462 -0.1793 -0.2692
vn -0.6576 -0.3498 -0.6672
vn -0.1245 -0.4526 -0.8830
vn 0.1225 -0.4124 -0.9027
vn -0.6490 -0.3437 -0.6787
vn -0.1105 -0.4170 -0.9022
vn -0.9439 0.0973 0.3156
vn -0.8312 0.1976 0.5197
vn -0.1933 0.4124 0.8902
vn -0.4186 0.3723 0.8284
vn -0.9540 0.2664 0.1373
vn -0.8565 0.4218 0.2974
vn -0.4363 0.7707 0.4644
vn -0.2037 0.7917 0.5759
vn -0.9513 0.2857 0.1159
vn -0.8494 0.4624 0.2542
vn -0.4281 0.8071 0.4065
vn -0.2031 0.8375 0.5073
vn -0.8322 -0.4685 -0.2966
vn -0.8358 -0.4496 -0.3150
vn -0.6668 -0.6331 -0.3932
vn -0.1209 -0.8284 -0.5470
vn 0.1350 -0.8560 -0.4989
vn -0.1156 -0.8571 -0.5021
vn -0.6742 -0.6084 -0.4188
vn 0.1344 -0.8283 -0.5439
vn -0.8794 -0.4698 -0.0765
vn -0.6277 -0.7766 -0.0539
vn -0.2686 -0.9630 -0.0224
vn -0.8282 -0.5248 -0.1965
vn -0.4308 -0.8657 -0.2548
vn 0.0741 -0.9701 -0.2312
vn -0.9462 0.3059 0.1056
vn -0.8436 0.4906 0.2182
vn -0.4186 0.8269 0.3756
vn -0.1968 0.8752 0.4420
vn -0.1884 0.8921 0.4106
vn -0.8311 0.5174 0.2036
vn -0.4203 0.8294 0.3681
vn -0.8272 -0.4833 -0.2866
vn -0.1016 -0.8772 -0.4693
vn -0.6614 -0.6476 -0.3785
vn 0.1408 -0.8734 -0.4661
vn 0.7767 -0.4564 -0.4341
vn 0.7773 -0.4236 -0.4651
vn 0.9118 -0.2975 -0.2832
vn 0.9123 -0.2722 -0.3058
vn 0.9863 -0.1180 -0.1154
vn 0.9861 -0.1054 -0.1282
vn 0.7738 -0.3985 -0.4924
vn 0.9107 -0.2532 -0.3265
vn 0.9859 -0.0936 -0.1390
vn 0.5404 0.6437 0.5419
vn 0.5410 0.6114 0.5775
vn 0.7532 0.5022 0.4248
vn 0.7534 0.4795 0.4499
vn 0.9054 0.3225 0.2762
vn 0.9054 0.3106 0.2895
vn 0.5395 0.6751 0.5032
vn 0.7528 0.5254 0.3965
vn 0.9049 0.3365 0.2607
vn 0.7777 -0.4830 -0.4024
vn 0.7754 -0.5122 -0.3694
vn 0.9128 -0.3148 -0.2602
vn 0.9118 -0.3356 -0.2366
vn 0.9863 -0.1291 -0.1024
vn 0.9864 -0.1379 -0.0893
vn 0.5388 0.5490 0.6390
vn 0.5389 0.5821 0.6089
vn 0.7524 0.4339 0.4956
vn 0.7526 0.4572 0.4739
vn 0.9048 0.2868 0.3147
vn 0.9052 0.2977 0.3033
vn 0.5336 0.4803 0.6961
vn 0.5369 0.5175 0.6663
vn 0.7491 0.3856 0.5387
vn 0.7508 0.4120 0.5163
vn 0.9039 0.2605 0.3392
vn 0.9045 0.2745 0.3263
vn 0.7718 -0.3662 -0.5199
vn 0.9090 -0.2313 -0.3467
vn 0.9852 -0.0808 -0.1512
vn 0.7664 -0.3338 -0.5488
vn 0.9061 -0.2085 -0.3681
vn 0.9842 -0.0684 -0.1634
vn 0.7601 -0.2993 -0.5767
vn 0.9020 -0.1853 -0.3899
vn 0.9827 -0.0566 -0.1761
vn 0.7522 -0.2668 -0.6025
vn 0.8969 -0.1606 -0.4120
vn 0.9809 -0.0431 -0.1898
vn 0.5217 0.4057 0.7505
vn 0.5291 0.4385 0.7265
vn 0.7404 0.3339 0.5833
vn 0.7455 0.3566 0.5631
vn 0.9007 0.2344 0.3659
vn 0.9027 0.2454 0.3534
vn 0.4976 -0.0054 -0.8674
vn 0.7122 -0.1063 -0.6939
vn 0.7852 0.0359 -0.6182
vn 0.8755 -0.0462 -0.4809
vn 0.9556 0.0715 -0.2860
vn 0.9726 0.0181 -0.2320
vn 0.7442 -0.2441 -0.6218
vn 0.8906 -0.1472 -0.4302
vn 0.9787 -0.0360 -0.2020
vn 0.5174 0.3904 0.7615
vn 0.7361 0.3234 0.5946
vn 0.8989 0.2274 0.3745
vn 0.5372 0.7121 0.4522
vn 0.7509 0.5532 0.3607
vn 0.9048 0.3507 0.2415
vn 0.5293 0.7459 0.4044
vn 0.7444 0.5814 0.3284
vn 0.9015 0.3693 0.2256
vn 0.7726 -0.5383 -0.3365
vn 0.7687 -0.5615 -0.3063
vn 0.9090 -0.3582 -0.2131
vn 0.9062 -0.3766 -0.1922
vn 0.9855 -0.1517 -0.0762
vn 0.9844 -0.1638 -0.0646
vn 0.5057 -0.8626 -0.0132
vn 0.7906 -0.6119 0.0256
vn 0.9584 -0.2790 0.0605
vn 0.7368 -0.6630 -0.1327
vn 0.8893 -0.4522 -0.0682
vn 0.9767 -0.2146 0.0008
vn 0.5202 0.7645 0.3806
vn 0.7373 0.5987 0.3129
vn 0.8999 0.3778 0.2179
vn 0.7623 -0.5809 -0.2854
vn 0.9015 -0.3939 -0.1792
vn 0.9827 -0.1758 -0.0582
vn 0.2468 0.7415 0.6239
vn 0.2408 0.8305 0.5023
vn 0.1089 -0.2492 0.9623
vn -0.1471 -0.9693 0.1968
vn 0.2358 0.5067 0.8292
vn 0.2359 0.5117 0.8261
vn 0.1370 0.9590 -0.2482
vn 0.1368 0.9589 -0.2487
vn -0.0467 0.5186 -0.8538
vn -0.1321 0.0950 -0.9867
vn -0.0615 0.4627 -0.8844
vn 0.0349 0.4385 0.8980
vn 0.0617 -0.6162 0.7851
vn 0.0617 -0.6163 0.7851
vn -0.8861 0.4533 -0.0970
vn -0.8893 0.4563 0.0321
vn -0.6570 0.5662 0.4977
vn -0.3993 -0.9164 -0.0294
vn 0.2278 0.7712 0.5945
vn 0.7020 0.6824 0.2039
vn -0.4941 -0.8270 -0.2682
vn -0.5170 -0.3256 -0.7916
vn 0.3252 -0.8810 0.3438
vn 0.1082 0.8807 -0.4612
vn -0.4227 -0.9000 0.1065
vn -0.4328 0.1365 -0.8911
vn 0.7016 -0.4281 0.5696
vn 0.3445 -0.7582 0.5536
vn -0.2771 -0.6543 -0.7037
vn 0.8663 0.2475 -0.4339
vn 0.4177 -0.8921 0.1721
vn 0.8589 0.3703 -0.3537
vn 0.9165 -0.2692 0.2958
vn 0.1046 -0.4938 0.8633
vn -0.6195 -0.2871 0.7306
vn 0.8096 0.1736 -0.5607
vn 0.7989 0.4785 0.3643
vn 0.9664 0.0860 0.2421
vn 0.8067 -0.4031 -0.4321
vn 0.7894 -0.4179 -0.4497
vn 0.6796 -0.2601 -0.6859
vn -0.3832 -0.9235 -0.0203
vn 0.9237 0.3829 0.0084
vn -0.2709 0.2227 -0.9365
vn 0.1110 0.3009 0.9472
vn 0.9140 0.3950 0.0928
vn -0.0617 0.4616 -0.8849
vt 0.507393 0.739371
vt 0.507024 0.736558
vt 0.508710 0.737416
vt 0.459957 0.825867
vt 0.461631 0.816678
vt 0.461788 0.825843
vt 0.508252 0.734523
vt 0.507698 0.731528
vt 0.509381 0.732418
vt 0.479681 0.797548
vt 0.478409 0.788645
vt 0.480235 0.788654
vt 0.511270 0.728096
vt 0.513674 0.726891
vt 0.512942 0.729001
vt 0.460358 0.834997
vt 0.462193 0.834973
vt 0.479924 0.835309
vt 0.478998 0.845432
vt 0.478097 0.835365
vt 0.479256 0.816319
vt 0.477522 0.806835
vt 0.479346 0.806822
vt 0.512066 0.731157
vt 0.511052 0.733305
vt 0.508715 0.729357
vt 0.510393 0.730258
vt 0.479180 0.780015
vt 0.481011 0.780035
vt 0.462551 0.773604
vt 0.463417 0.781787
vt 0.461587 0.781799
vt 0.460844 0.790077
vt 0.462120 0.798609
vt 0.460295 0.798622
vt 0.480254 0.771041
vt 0.482083 0.771070
vt 0.481968 0.759262
vt 0.483770 0.759284
vt 0.465325 0.756662
vt 0.465629 0.765285
vt 0.463776 0.765279
vt 0.512006 0.725982
vt 0.514269 0.724811
vt 0.484367 0.742850
vt 0.486141 0.742837
vt 0.486747 0.723848
vt 0.488544 0.723938
vt 0.467191 0.747792
vt 0.467191 0.756696
vt 0.513085 0.721749
vt 0.515094 0.720582
vt 0.514739 0.722724
vt 0.460980 0.844136
vt 0.462824 0.844113
vt 0.461863 0.853601
vt 0.463721 0.853570
vt 0.482640 0.859216
vt 0.483729 0.879442
vt 0.480830 0.859297
vt 0.506562 0.733647
vt 0.463096 0.863661
vt 0.464969 0.863602
vt 0.464726 0.874111
vt 0.466580 0.873887
vt 0.485519 0.879395
vt 0.486799 0.903201
vt 0.503807 0.740911
vt 0.503882 0.737787
vt 0.505645 0.738580
vt 0.463458 0.816656
vt 0.463618 0.825819
vt 0.469932 0.798088
vt 0.464736 0.790030
vt 0.470474 0.789359
vt 0.477859 0.797551
vt 0.476581 0.788638
vt 0.477100 0.780019
vt 0.472266 0.772326
vt 0.478178 0.771045
vt 0.464028 0.834948
vt 0.464668 0.844087
vt 0.477429 0.816342
vt 0.475785 0.825909
vt 0.475602 0.816365
vt 0.475697 0.806848
vt 0.477613 0.825874
vt 0.476267 0.835421
vt 0.461752 0.807533
vt 0.462669 0.790063
vt 0.463944 0.798595
vt 0.464494 0.790049
vt 0.478424 0.771010
vt 0.476334 0.788657
vt 0.471229 0.780904
vt 0.464390 0.773597
vt 0.465247 0.781776
vt 0.466228 0.773594
vt 0.482598 0.742859
vt 0.473808 0.762299
vt 0.479918 0.759315
vt 0.467479 0.765296
vt 0.469049 0.747980
vt 0.469050 0.756733
vt 0.484892 0.723966
vt 0.464270 0.834954
vt 0.469643 0.825865
vt 0.470084 0.835184
vt 0.477161 0.845510
vt 0.479019 0.859380
vt 0.465577 0.853535
vt 0.466833 0.863541
vt 0.470847 0.844791
vt 0.465827 0.853600
vt 0.464912 0.844104
vt 0.481940 0.879492
vt 0.484925 0.903093
vt 0.468394 0.873660
vt 0.479437 0.825837
vt 0.473480 0.889997
vt 0.474943 0.889261
vt 0.476418 0.888523
vt 0.475539 0.825910
vt 0.476020 0.835417
vt 0.476034 0.797554
vt 0.475357 0.816370
vt 0.501334 0.743813
vt 0.501656 0.740524
vt 0.509930 0.735395
vt 0.478769 0.859311
vt 0.474577 0.871433
vt 0.472284 0.856425
vt 0.514365 0.712400
vt 0.513592 0.708627
vt 0.514766 0.712254
vt 0.514044 0.708597
vt 0.515167 0.712111
vt 0.465490 0.781752
vt 0.459922 0.807549
vt 0.463860 0.825819
vt 0.469471 0.816515
vt 0.463580 0.807517
vt 0.498660 0.747175
vt 0.498339 0.744473
vt 0.502679 0.745182
vt 0.504314 0.743303
vt 0.468619 0.873598
vt 0.467096 0.863701
vt 0.481683 0.879310
vt 0.476443 0.888135
vt 0.513495 0.719201
vt 0.515352 0.718355
vt 0.510334 0.725070
vt 0.512605 0.723898
vt 0.477347 0.779995
vt 0.469322 0.756563
vt 0.475954 0.749848
vt 0.509596 0.727189
vt 0.510937 0.722981
vt 0.469583 0.807193
vt 0.475451 0.806859
vt 0.480832 0.845354
vt 0.578278 0.806671
vt 0.569734 0.772199
vt 0.578951 0.805973
vt 0.476914 0.845495
vt 0.513894 0.716004
vt 0.515545 0.716179
vt 0.512466 0.713616
vt 0.514338 0.712487
vt 0.482344 0.743037
vt 0.477703 0.736286
vt 0.484603 0.724530
vt 0.471081 0.748244
vt 0.498618 0.747254
vt 0.494771 0.749647
vt 0.494499 0.749296
vt 0.505938 0.741320
vt 0.498794 0.747638
vt 0.495058 0.749995
vt 0.467732 0.765220
vt 0.459801 0.816699
vt 0.475788 0.797569
vt 0.466474 0.773560
vt 0.474769 0.734396
vt 0.511428 0.720769
vt 0.480166 0.759236
vt 0.476224 0.735142
vt 0.470863 0.748171
vt 0.464185 0.798581
vt 0.463822 0.807508
vt 0.463699 0.816651
vt 0.505325 0.735695
vt 0.511898 0.717808
vt 0.534247 0.738723
vt 0.499179 0.795322
vt 0.536685 0.723097
vt 0.537321 0.836964
vt 0.505328 0.863593
vt 0.536870 0.836387
vt 0.505801 0.862439
vt 0.536419 0.835809
vt 0.559513 0.810351
vt 0.531735 0.803726
vt 0.543572 0.784531
vt 0.650266 0.848754
vt 0.592187 0.889049
vt 0.590661 0.884509
vt 0.562378 0.730692
vt 0.568875 0.772381
vt 0.608954 0.833105
vt 0.645642 0.848906
vt 0.608661 0.833950
vt 0.517866 0.800419
vt 0.527647 0.758736
vt 0.656787 0.819410
vt 0.624673 0.758176
vt 0.669733 0.830006
vt 0.524835 0.883343
vt 0.550519 0.849159
vt 0.527151 0.882240
vt 0.611292 0.802516
vt 0.609781 0.771956
vt 0.641849 0.800962
vt 0.574749 0.824506
vt 0.551151 0.849905
vt 0.551293 0.718585
vt 0.628196 0.754670
vt 0.509815 0.890108
vt 0.593890 0.894168
vt 0.494685 0.896428
vt 0.666326 0.845467
vt 0.562560 0.730585
vt 0.620532 0.762357
vt 0.563641 0.732204
vt 0.613462 0.814785
vt 0.579055 0.806072
vt 0.613603 0.813901
vt 0.567542 0.812476
vt 0.540195 0.846555
vt 0.538679 0.841642
vt 0.494517 0.794088
vt 0.539464 0.706741
vt 0.578185 0.806878
vt 0.564223 0.771240
vt 0.568715 0.772362
vt 0.621313 0.761528
vt 0.654534 0.817964
vt 0.643717 0.704549
vt 0.631832 0.753845
vt 0.595056 0.719144
vt 0.573010 0.817850
vt 0.540354 0.846696
vt 0.571882 0.813663
vt 0.555409 0.773955
vt 0.552370 0.777338
vt 0.615022 0.819544
vt 0.613493 0.814946
vt 0.559146 0.770075
vt 0.539762 0.706641
vt 0.558945 0.770137
vt 0.609247 0.832256
vt 0.574635 0.823562
vt 0.574377 0.822623
vt 0.524964 0.883526
vt 0.590102 0.883068
vt 0.590561 0.884249
vt 0.499465 0.880288
vt 0.494458 0.896212
vt 0.647483 0.848988
vt 0.649553 0.848899
vt 0.649556 0.848679
vt 0.574914 0.810335
vt 0.616658 0.824782
vt 0.571928 0.813486
vt 0.524301 0.883757
vt 0.545373 0.847612
vt 0.549745 0.848342
vt 0.562939 0.811305
vt 0.683298 0.841444
vt 0.563484 0.732312
vt 0.570597 0.772019
vt 0.562714 0.811327
vt 0.561776 0.811093
vt 0.534132 0.739425
vt 0.504575 0.796406
vt 0.503696 0.796420
vt 0.680493 0.739250
vt 0.692377 0.689955
vt 0.505160 0.863455
vt 0.504589 0.864703
vt 0.552244 0.777434
vt 0.561810 0.810952
vt 0.551447 0.777664
vt 0.616607 0.824991
vt 0.612801 0.828805
vt 0.549889 0.848408
vt 0.574495 0.823601
vt 0.683209 0.841757
vt 0.668608 0.788546
vt 0.652014 0.732548
vt 0.571752 0.813538
vt 0.560873 0.810868
vt 0.505651 0.862352
vt 0.534105 0.741259
vt 0.505450 0.796393
vt 0.579697 0.805398
vt 0.613742 0.813019
vt 0.564585 0.733535
vt 0.619756 0.763179
vt 0.527265 0.882412
vt 0.589646 0.881894
vt 0.574884 0.824468
vt 0.645652 0.849085
vt 0.562087 0.730073
vt 0.621505 0.761331
vt 0.656136 0.819148
vt 0.654432 0.818132
vt 0.653008 0.817235
vt 0.579597 0.805302
vt 0.574247 0.822437
vt 0.574982 0.825702
vt 0.582814 0.853665
vt 0.559851 0.852481
vt 0.586724 0.867627
vt 0.544736 0.879235
vt 0.537384 0.837118
vt 0.504353 0.865538
vt 0.533787 0.826234
vt 0.508085 0.842102
vt 0.560905 0.810733
vt 0.550651 0.777897
vt 0.579208 0.773495
vt 0.577712 0.742949
vt 0.580706 0.804071
vt 0.600099 0.782650
vt 0.609351 0.832126
vt 0.601860 0.840868
vt 0.628712 0.856019
vt 0.529143 0.881341
vt 0.503420 0.796399
vt 0.534349 0.739395
vt 0.534311 0.741248
vt 0.534231 0.742853
vt 0.500159 0.718515
vt 0.500566 0.721330
vt 0.498864 0.720493
vt 0.429492 0.827735
vt 0.431115 0.818447
vt 0.431340 0.827693
vt 0.499365 0.723385
vt 0.499966 0.726377
vt 0.498266 0.725510
vt 0.449246 0.799216
vt 0.448030 0.790304
vt 0.449855 0.790328
vt 0.496432 0.729861
vt 0.494041 0.731081
vt 0.494755 0.728973
vt 0.430006 0.836951
vt 0.431858 0.836900
vt 0.449661 0.836980
vt 0.448907 0.847093
vt 0.447837 0.837062
vt 0.448820 0.817998
vt 0.447064 0.808507
vt 0.448890 0.808494
vt 0.495603 0.726812
vt 0.496578 0.724648
vt 0.498978 0.728568
vt 0.497286 0.727687
vt 0.448887 0.781688
vt 0.450715 0.781730
vt 0.432392 0.774929
vt 0.433065 0.783210
vt 0.431215 0.783187
vt 0.430340 0.791558
vt 0.431574 0.800202
vt 0.429726 0.800210
vt 0.450093 0.772730
vt 0.451899 0.772796
vt 0.452118 0.760866
vt 0.453780 0.761015
vt 0.435880 0.758022
vt 0.435681 0.766523
vt 0.433938 0.766588
vt 0.495711 0.731981
vt 0.493454 0.733156
vt 0.455220 0.744047
vt 0.456563 0.744384
vt 0.459656 0.725000
vt 0.458765 0.724400
vt 0.438032 0.749520
vt 0.437392 0.757680
vt 0.494630 0.736214
vt 0.492615 0.737367
vt 0.492982 0.735234
vt 0.430792 0.846169
vt 0.432653 0.846108
vt 0.431904 0.855703
vt 0.433777 0.855621
vt 0.452869 0.860677
vt 0.454479 0.880520
vt 0.451082 0.860808
vt 0.501071 0.724238
vt 0.433445 0.865802
vt 0.435337 0.865670
vt 0.435583 0.876068
vt 0.437367 0.875783
vt 0.456250 0.880437
vt 0.457797 0.903818
vt 0.503732 0.716943
vt 0.503694 0.720060
vt 0.501920 0.719288
vt 0.432958 0.818415
vt 0.433186 0.827651
vt 0.439459 0.799711
vt 0.434276 0.791552
vt 0.440067 0.790939
vt 0.447422 0.799211
vt 0.446200 0.790280
vt 0.446809 0.781668
vt 0.442132 0.773853
vt 0.448038 0.772694
vt 0.433708 0.836848
vt 0.434511 0.846044
vt 0.446992 0.818030
vt 0.445413 0.827626
vt 0.445162 0.818061
vt 0.445234 0.808520
vt 0.447243 0.827573
vt 0.446007 0.837144
vt 0.431206 0.809219
vt 0.432188 0.791563
vt 0.433419 0.800195
vt 0.434033 0.791569
vt 0.448286 0.772663
vt 0.445953 0.790297
vt 0.440932 0.782460
vt 0.434231 0.774960
vt 0.434911 0.783235
vt 0.436064 0.774993
vt 0.453879 0.743711
vt 0.443921 0.763619
vt 0.450205 0.760781
vt 0.437420 0.766461
vt 0.439235 0.748828
vt 0.438904 0.757340
vt 0.457831 0.723843
vt 0.433952 0.836849
vt 0.439250 0.827639
vt 0.439805 0.836996
vt 0.447080 0.847210
vt 0.449294 0.860943
vt 0.435646 0.855536
vt 0.437203 0.865542
vt 0.440740 0.846622
vt 0.435899 0.855594
vt 0.434757 0.846057
vt 0.452721 0.880606
vt 0.455981 0.903071
vt 0.439117 0.875505
vt 0.449068 0.827520
vt 0.444572 0.891196
vt 0.445979 0.890428
vt 0.447351 0.889656
vt 0.445166 0.827629
vt 0.445760 0.837144
vt 0.445594 0.799206
vt 0.444915 0.818068
vt 0.506190 0.714045
vt 0.505870 0.717317
vt 0.497669 0.722536
vt 0.449046 0.860881
vt 0.445212 0.873029
vt 0.442465 0.858221
vt 0.494464 0.749303
vt 0.493076 0.745800
vt 0.493271 0.745566
vt 0.494240 0.749448
vt 0.492881 0.746034
vt 0.435154 0.783215
vt 0.429359 0.809239
vt 0.433429 0.827648
vt 0.439009 0.818242
vt 0.433050 0.809200
vt 0.508879 0.710713
vt 0.509166 0.713409
vt 0.504848 0.712671
vt 0.503217 0.714553
vt 0.439336 0.875437
vt 0.437470 0.865693
vt 0.452467 0.880436
vt 0.447360 0.889284
vt 0.494203 0.738759
vt 0.492339 0.739589
vt 0.497390 0.732888
vt 0.495116 0.734066
vt 0.447057 0.781646
vt 0.439173 0.757161
vt 0.446423 0.750590
vt 0.498118 0.730755
vt 0.496786 0.734987
vt 0.439094 0.808868
vt 0.444988 0.808531
vt 0.450729 0.846978
vt 0.515648 0.743192
vt 0.515271 0.740373
vt 0.516967 0.741223
vt 0.446834 0.847200
vt 0.493778 0.741949
vt 0.492131 0.741762
vt 0.495182 0.744344
vt 0.493299 0.745457
vt 0.453621 0.743842
vt 0.449046 0.736027
vt 0.457528 0.724232
vt 0.440724 0.747940
vt 0.508922 0.710633
vt 0.512846 0.708270
vt 0.513134 0.708628
vt 0.501600 0.716547
vt 0.455863 0.903112
vt 0.454716 0.904306
vt 0.437672 0.766387
vt 0.429268 0.818478
vt 0.445347 0.799219
vt 0.436309 0.774964
vt 0.491940 0.742171
vt 0.492101 0.741857
vt 0.496284 0.737205
vt 0.450455 0.760716
vt 0.491779 0.742486
vt 0.433662 0.800181
vt 0.433293 0.809190
vt 0.433200 0.818409
vt 0.502280 0.722169
vt 0.495788 0.740164
vt 0.508499 0.935863
vt 0.501284 0.934270
vt 0.508531 0.934416
vt 0.516481 0.738329
vt 0.515883 0.735351
vt 0.517577 0.736209
vt 0.486792 0.919422
vt 0.479751 0.920104
vt 0.479826 0.918671
vt 0.519370 0.731855
vt 0.521741 0.730597
vt 0.521058 0.732720
vt 0.515724 0.935794
vt 0.515752 0.934344
vt 0.516482 0.920397
vt 0.524393 0.921382
vt 0.516477 0.921833
vt 0.501539 0.920370
vt 0.494023 0.921432
vt 0.494072 0.919997
vt 0.520231 0.734893
vt 0.519266 0.737065
vt 0.516851 0.733169
vt 0.518542 0.734032
vt 0.473009 0.919169
vt 0.473098 0.917736
vt 0.467257 0.931975
vt 0.473758 0.931646
vt 0.473692 0.933093
vt 0.480215 0.934012
vt 0.487015 0.933311
vt 0.486964 0.934757
vt 0.466029 0.917955
vt 0.466130 0.916529
vt 0.456913 0.916085
vt 0.457012 0.914683
vt 0.454074 0.928957
vt 0.460850 0.929156
vt 0.460753 0.930614
vt 0.520056 0.729729
vt 0.522287 0.728508
vt 0.444238 0.913460
vt 0.444306 0.912078
vt 0.429507 0.910732
vt 0.429579 0.909324
vt 0.447308 0.926960
vt 0.454202 0.927487
vt 0.521032 0.725482
vt 0.523007 0.724267
vt 0.522706 0.726413
vt 0.522955 0.935526
vt 0.522979 0.934070
vt 0.530436 0.935036
vt 0.530448 0.933570
vt 0.535218 0.918819
vt 0.550849 0.918343
vt 0.535247 0.920225
vt 0.514785 0.737475
vt 0.538372 0.934260
vt 0.538359 0.932777
vt 0.546567 0.933102
vt 0.546428 0.931675
vt 0.550848 0.916962
vt 0.569196 0.916602
vt 0.512044 0.744717
vt 0.512141 0.741604
vt 0.513897 0.742397
vt 0.501323 0.932826
vt 0.508564 0.932970
vt 0.486876 0.927119
vt 0.480325 0.930931
vt 0.480014 0.926375
vt 0.486731 0.920855
vt 0.479678 0.921541
vt 0.472929 0.920800
vt 0.466688 0.924269
vt 0.465943 0.919579
vt 0.515780 0.932895
vt 0.523001 0.932616
vt 0.501501 0.921808
vt 0.508981 0.923386
vt 0.501463 0.923246
vt 0.493974 0.922870
vt 0.509005 0.921947
vt 0.516472 0.923272
vt 0.494062 0.933890
vt 0.480273 0.932567
vt 0.487067 0.931867
vt 0.480331 0.931123
vt 0.465926 0.919384
vt 0.479683 0.921735
vt 0.473385 0.925449
vt 0.467335 0.930523
vt 0.473826 0.930201
vt 0.467416 0.929074
vt 0.444166 0.914837
vt 0.458907 0.922597
vt 0.456861 0.917685
vt 0.460949 0.927702
vt 0.447545 0.925552
vt 0.454331 0.926034
vt 0.429506 0.912218
vt 0.515790 0.932704
vt 0.508770 0.928219
vt 0.516123 0.928128
vt 0.524412 0.922820
vt 0.535279 0.921632
vt 0.530458 0.932106
vt 0.538345 0.931311
vt 0.523698 0.927765
vt 0.530515 0.931911
vt 0.523020 0.932424
vt 0.550855 0.919716
vt 0.568900 0.918207
vt 0.546291 0.930275
vt 0.509029 0.920511
vt 0.558995 0.926712
vt 0.558454 0.925559
vt 0.557911 0.924397
vt 0.508974 0.923579
vt 0.516463 0.923466
vt 0.486670 0.922291
vt 0.501460 0.923440
vt 0.509489 0.747585
vt 0.509914 0.744295
vt 0.518174 0.739182
vt 0.535221 0.921824
vt 0.544591 0.925335
vt 0.532849 0.926880
vt 0.437244 0.920577
vt 0.428371 0.913234
vt 0.437892 0.919479
vt 0.429469 0.912327
vt 0.438541 0.918380
vt 0.473817 0.930008
vt 0.494016 0.935336
vt 0.508570 0.932779
vt 0.501394 0.928079
vt 0.494107 0.932445
vt 0.506604 0.750779
vt 0.506462 0.748081
vt 0.510822 0.749053
vt 0.512517 0.747131
vt 0.546248 0.930098
vt 0.538475 0.931109
vt 0.550710 0.919909
vt 0.557617 0.924372
vt 0.521377 0.722932
vt 0.523206 0.722038
vt 0.518367 0.728858
vt 0.520605 0.727636
vt 0.472920 0.920606
vt 0.454212 0.925813
vt 0.449314 0.920314
vt 0.517680 0.730988
vt 0.518920 0.726761
vt 0.494046 0.927698
vt 0.493974 0.923063
vt 0.524375 0.919947
vt 0.524394 0.923013
vt 0.521687 0.719739
vt 0.523339 0.719864
vt 0.520193 0.717407
vt 0.522024 0.716226
vt 0.444294 0.915043
vt 0.438849 0.918387
vt 0.429939 0.912469
vt 0.447844 0.924006
vt 0.506557 0.750855
vt 0.502523 0.752968
vt 0.502279 0.752596
vt 0.514175 0.745146
vt 0.506705 0.751253
vt 0.502782 0.753341
vt 0.460902 0.927500
vt 0.501246 0.935716
vt 0.486673 0.922485
vt 0.467400 0.928880
vt 0.519357 0.724545
vt 0.456811 0.917488
vt 0.447778 0.924171
vt 0.487064 0.931676
vt 0.494108 0.932254
vt 0.501326 0.932635
vt 0.513572 0.739523
vt 0.519751 0.721589
vt 0.513150 0.708666
vt 0.513138 0.708674
vt 0.513148 0.708655
vt 0.513143 0.708692
vt 0.513130 0.708695
vt 0.513134 0.708664
vt 0.513146 0.708650
vt 0.513128 0.708683
vt 0.488637 0.724274
vt 0.488692 0.724265
vt 0.488672 0.724371
vt 0.488609 0.724158
vt 0.488651 0.724146
vt 0.513125 0.708722
vt 0.513138 0.708722
vt 0.513132 0.708754
vt 0.488617 0.724051
vt 0.488651 0.724038
vt 0.488584 0.723971
vt 0.488581 0.724042
vt 0.488542 0.723874
vt 0.488589 0.723926
vt 0.488618 0.723999
vt 0.494499 0.749282
vt 0.494515 0.749273
vt 0.494491 0.749302
vt 0.494488 0.749286
vt 0.494510 0.749261
vt 0.494534 0.749247
vt 0.494499 0.749268
vt 0.488568 0.903070
vt 0.488608 0.903034
vt 0.488566 0.903111
vt 0.488604 0.902961
vt 0.488642 0.902949
vt 0.488611 0.903079
vt 0.488640 0.903004
vt 0.494554 0.749221
vt 0.494545 0.749210
vt 0.494570 0.749197
vt 0.494525 0.749238
vt 0.488672 0.902843
vt 0.488632 0.902833
vt 0.488658 0.902709
vt 0.494503 0.749255
vt 0.484754 0.723913
vt 0.484766 0.724012
vt 0.484714 0.724079
vt 0.514041 0.708582
vt 0.514061 0.708591
vt 0.514067 0.708601
vt 0.484728 0.724133
vt 0.484669 0.724237
vt 0.484763 0.724081
vt 0.484814 0.724032
vt 0.484883 0.723919
vt 0.484817 0.724118
vt 0.484758 0.724146
vt 0.484807 0.723975
vt 0.484627 0.724393
vt 0.484669 0.724414
vt 0.484699 0.724262
vt 0.484742 0.724270
vt 0.495078 0.749999
vt 0.495049 0.750001
vt 0.484745 0.902993
vt 0.484757 0.902933
vt 0.484811 0.903056
vt 0.484883 0.903156
vt 0.484852 0.903082
vt 0.484799 0.902985
vt 0.484694 0.902634
vt 0.484651 0.902656
vt 0.484626 0.902513
vt 0.484771 0.902785
vt 0.484725 0.902795
vt 0.484695 0.902821
vt 0.484788 0.902918
vt 0.484855 0.903030
vt 0.484852 0.902946
vt 0.484906 0.903160
vt 0.578297 0.806704
vt 0.578259 0.806728
vt 0.578322 0.806733
vt 0.578273 0.806751
vt 0.578238 0.806794
vt 0.578331 0.806797
vt 0.578353 0.806757
vt 0.578387 0.806775
vt 0.578267 0.806821
vt 0.578308 0.806784
vt 0.578269 0.806789
vt 0.578290 0.806768
vt 0.578212 0.806844
vt 0.578254 0.806792
vt 0.578237 0.806823
vt 0.578219 0.806849
vt 0.524801 0.883425
vt 0.524666 0.883510
vt 0.524814 0.883477
vt 0.524669 0.883529
vt 0.524569 0.883610
vt 0.524514 0.883629
vt 0.524709 0.883579
vt 0.524861 0.883513
vt 0.524692 0.883567
vt 0.524683 0.883546
vt 0.524487 0.883656
vt 0.524407 0.883687
vt 0.562324 0.730466
vt 0.562403 0.730624
vt 0.562259 0.730345
vt 0.562279 0.730368
vt 0.562484 0.730573
vt 0.562362 0.730419
vt 0.562436 0.730588
vt 0.562351 0.730429
vt 0.562244 0.730318
vt 0.562214 0.730256
vt 0.656205 0.819119
vt 0.656343 0.819211
vt 0.656239 0.819084
vt 0.656371 0.819195
vt 0.656513 0.819253
vt 0.656565 0.819283
vt 0.656235 0.818959
vt 0.656407 0.819161
vt 0.656251 0.819035
vt 0.656596 0.819292
vt 0.656416 0.819148
vt 0.534291 0.739342
vt 0.534295 0.739186
vt 0.534240 0.739331
vt 0.534271 0.739172
vt 0.534252 0.739033
vt 0.534256 0.738983
vt 0.534228 0.739160
vt 0.534190 0.739352
vt 0.534213 0.739158
vt 0.534253 0.739018
vt 0.534240 0.738839
vt 0.534251 0.738932
vt 0.534240 0.738957
vt 0.574242 0.822603
vt 0.574263 0.822644
vt 0.574231 0.822664
vt 0.574254 0.822536
vt 0.574265 0.822591
vt 0.574288 0.822583
vt 0.574300 0.822629
vt 0.574293 0.822526
vt 0.574267 0.822509
vt 0.574263 0.822478
vt 0.574255 0.822480
vt 0.574339 0.822623
vt 0.574337 0.822577
vt 0.574311 0.822578
vt 0.574285 0.822540
vt 0.649790 0.848753
vt 0.649603 0.848737
vt 0.649772 0.848722
vt 0.649964 0.848762
vt 0.649933 0.848761
vt 0.649793 0.848777
vt 0.649618 0.848786
vt 0.649605 0.848837
vt 0.649810 0.848811
vt 0.649807 0.848796
vt 0.650034 0.848769
vt 0.562797 0.811219
vt 0.562751 0.811218
vt 0.562750 0.811181
vt 0.562835 0.811270
vt 0.562797 0.811245
vt 0.562746 0.811257
vt 0.562820 0.811276
vt 0.562792 0.811269
vt 0.562895 0.811299
vt 0.562831 0.811288
vt 0.562866 0.811287
vt 0.562898 0.811290
vt 0.562849 0.811262
vt 0.562732 0.811294
vt 0.562772 0.811315
vt 0.562785 0.811292
vt 0.562839 0.811302
vt 0.504624 0.865044
vt 0.504688 0.864860
vt 0.504749 0.864880
vt 0.504511 0.865183
vt 0.504590 0.865026
vt 0.504569 0.865002
vt 0.504651 0.864824
vt 0.504526 0.865128
vt 0.504622 0.864773
vt 0.504531 0.864981
vt 0.504548 0.864995
vt 0.504500 0.865185
vt 0.504462 0.865252
vt 0.683369 0.841420
vt 0.683286 0.841526
vt 0.683450 0.841424
vt 0.683397 0.841543
vt 0.683269 0.841604
vt 0.683475 0.841578
vt 0.683389 0.841633
vt 0.595042 0.719140
vt 0.595061 0.719121
vt 0.595051 0.719167
vt 0.595032 0.719156
vt 0.595039 0.719122
vt 0.595067 0.719105
vt 0.683502 0.841663
vt 0.683439 0.841646
vt 0.683243 0.841680
vt 0.683265 0.841814
vt 0.683350 0.841716
vt 0.683341 0.841845
vt 0.683437 0.841722
vt 0.539408 0.706694
vt 0.539536 0.706707
vt 0.539372 0.706625
vt 0.539496 0.706607
vt 0.539609 0.706678
vt 0.539485 0.706525
vt 0.539574 0.706566
vt 0.692388 0.689943
vt 0.692395 0.689970
vt 0.692361 0.689938
vt 0.692380 0.689927
vt 0.692405 0.689950
vt 0.692405 0.689983
vt 0.539539 0.706457
vt 0.539559 0.706518
vt 0.539683 0.706657
vt 0.539783 0.706572
vt 0.539660 0.706553
vt 0.539774 0.706495
vt 0.539623 0.706480
vt 0.571925 0.813534
vt 0.571881 0.813491
vt 0.571916 0.813578
vt 0.571882 0.813535
vt 0.571837 0.813502
vt 0.571855 0.813564
vt 0.571848 0.813539
vt 0.571865 0.813601
vt 0.571903 0.813620
vt 0.571810 0.813609
vt 0.571843 0.813638
vt 0.571879 0.813570
vt 0.571794 0.813517
vt 0.571780 0.813576
vt 0.571816 0.813554
vt 0.571837 0.813582
vt 0.494667 0.896511
vt 0.494624 0.896380
vt 0.494622 0.896586
vt 0.494553 0.896473
vt 0.494565 0.896330
vt 0.494481 0.896530
vt 0.494480 0.896425
vt 0.668614 0.788561
vt 0.668589 0.788555
vt 0.668631 0.788540
vt 0.668632 0.788562
vt 0.668601 0.788573
vt 0.668574 0.788558
vt 0.494392 0.896514
vt 0.494442 0.896465
vt 0.494510 0.896274
vt 0.494383 0.896231
vt 0.494425 0.896351
vt 0.494313 0.896280
vt 0.494375 0.896426
vt 0.564437 0.733637
vt 0.564503 0.733622
vt 0.564491 0.733677
vt 0.564466 0.733580
vt 0.564487 0.733557
vt 0.564539 0.733664
vt 0.564544 0.733723
vt 0.564515 0.733600
vt 0.564537 0.733635
vt 0.564541 0.733598
vt 0.564516 0.733545
vt 0.564597 0.733613
vt 0.564562 0.733650
vt 0.564596 0.733774
vt 0.564629 0.733754
vt 0.564995 0.732758
vt 0.564577 0.733702
vt 0.564611 0.733684
vt 0.579629 0.805286
vt 0.579618 0.805331
vt 0.579661 0.805275
vt 0.579647 0.805315
vt 0.579641 0.805357
vt 0.579674 0.805321
vt 0.579662 0.805334
vt 0.579727 0.805300
vt 0.579694 0.805267
vt 0.578625 0.806478
vt 0.579722 0.805333
vt 0.579694 0.805301
vt 0.579692 0.805326
vt 0.579669 0.805304
vt 0.579667 0.805379
vt 0.579712 0.805366
vt 0.579682 0.805349
vt 0.653019 0.817167
vt 0.653065 0.817202
vt 0.652963 0.817182
vt 0.652974 0.817133
vt 0.653041 0.817153
vt 0.653086 0.817179
vt 0.653004 0.817133
vt 0.652877 0.817046
vt 0.652859 0.817080
vt 0.653793 0.816607
vt 0.652950 0.817060
vt 0.652933 0.817096
vt 0.652914 0.817131
vt 0.653103 0.817078
vt 0.653041 0.817127
vt 0.653023 0.817070
vt 0.653097 0.817149
vt 0.652987 0.817108
vt 0.574782 0.824490
vt 0.574770 0.824535
vt 0.574814 0.824478
vt 0.574799 0.824519
vt 0.574793 0.824561
vt 0.574822 0.824508
vt 0.574815 0.824538
vt 0.574881 0.824504
vt 0.574848 0.824471
vt 0.574875 0.824538
vt 0.574848 0.824505
vt 0.574845 0.824530
vt 0.574819 0.824583
vt 0.574864 0.824570
vt 0.574383 0.823149
vt 0.574835 0.824553
vt 0.574827 0.824526
vt 0.529206 0.881375
vt 0.529149 0.881398
vt 0.529215 0.881316
vt 0.529253 0.881364
vt 0.529211 0.881411
vt 0.529164 0.881429
vt 0.529244 0.881393
vt 0.529369 0.881346
vt 0.529337 0.881296
vt 0.528995 0.882068
vt 0.529336 0.881392
vt 0.529304 0.881355
vt 0.529278 0.881303
vt 0.529275 0.881397
vt 0.529237 0.881490
vt 0.529241 0.881429
vt 0.529296 0.881437
vt 0.529187 0.881455
vt 0.645602 0.848961
vt 0.645559 0.848922
vt 0.645668 0.848957
vt 0.645622 0.848994
vt 0.645546 0.848974
vt 0.645489 0.848943
vt 0.645574 0.848994
vt 0.645603 0.849027
vt 0.645672 0.849027
vt 0.645561 0.849068
vt 0.645546 0.849015
vt 0.645422 0.848964
vt 0.645421 0.849021
vt 0.645955 0.849741
vt 0.645489 0.848994
vt 0.645488 0.849045
vt 0.534176 0.742892
vt 0.534179 0.742830
vt 0.534219 0.742931
vt 0.534164 0.742943
vt 0.534143 0.742877
vt 0.534143 0.742919
vt 0.534124 0.743060
vt 0.534181 0.743057
vt 0.533615 0.742513
vt 0.534099 0.743003
vt 0.534147 0.742996
vt 0.534201 0.742996
vt 0.534124 0.742946
vt 0.534057 0.742858
vt 0.534112 0.742896
vt 0.534077 0.742940
vt 0.534145 0.742826
vt 0.560904 0.810769
vt 0.560870 0.810737
vt 0.560898 0.810803
vt 0.560870 0.810771
vt 0.560837 0.810745
vt 0.560868 0.810796
vt 0.560845 0.810774
vt 0.560843 0.810848
vt 0.560888 0.810835
vt 0.560817 0.810826
vt 0.560858 0.810819
vt 0.560838 0.810804
vt 0.560805 0.810756
vt 0.560794 0.810801
vt 0.562452 0.811175
vt 0.560823 0.810785
vt 0.560850 0.810791
vt 0.505772 0.862366
vt 0.505826 0.862354
vt 0.505748 0.862429
vt 0.505736 0.862365
vt 0.505788 0.862305
vt 0.505844 0.862270
vt 0.505757 0.862320
vt 0.505720 0.862333
vt 0.505690 0.862392
vt 0.505709 0.862282
vt 0.505755 0.862284
vt 0.505716 0.862414
vt 0.505858 0.862190
vt 0.505811 0.862165
vt 0.504889 0.861958
vt 0.505800 0.862240
vt 0.505760 0.862221
vt 0.494476 0.749288
vt 0.494470 0.749312
vt 0.494469 0.749273
vt 0.494481 0.749263
vt 0.494482 0.749297
vt 0.494474 0.749315
vt 0.494485 0.749276
vt 0.494493 0.749199
vt 0.494479 0.749201
vt 0.494485 0.749169
vt 0.459713 0.725264
vt 0.459753 0.725267
vt 0.459737 0.725404
vt 0.494487 0.749234
vt 0.494474 0.749237
vt 0.494490 0.749262
vt 0.459704 0.725057
vt 0.459688 0.725122
vt 0.459687 0.724944
vt 0.459716 0.725015
vt 0.459728 0.725155
vt 0.459733 0.725099
vt 0.492095 0.741835
vt 0.492109 0.741835
vt 0.492089 0.741809
vt 0.492103 0.741813
vt 0.492116 0.741809
vt 0.492099 0.741794
vt 0.492110 0.741795
vt 0.438005 0.749439
vt 0.438056 0.749436
vt 0.492097 0.741758
vt 0.492107 0.741773
vt 0.492097 0.741776
vt 0.438027 0.749372
vt 0.438086 0.749339
vt 0.492105 0.741786
vt 0.492115 0.741777
vt 0.492120 0.741760
vt 0.492124 0.741784
vt 0.492108 0.741759
vt 0.513134 0.708643
vt 0.513118 0.708651
vt 0.513149 0.708621
vt 0.513145 0.708639
vt 0.513123 0.708663
vt 0.513098 0.708677
vt 0.513134 0.708657
vt 0.459651 0.903956
vt 0.459691 0.903921
vt 0.459647 0.903997
vt 0.459687 0.903848
vt 0.459725 0.903836
vt 0.459694 0.903967
vt 0.459724 0.903892
vt 0.513077 0.708704
vt 0.513086 0.708715
vt 0.513060 0.708728
vt 0.513107 0.708687
vt 0.459753 0.903729
vt 0.459712 0.903720
vt 0.459737 0.903595
vt 0.513129 0.708670
vt 0.494004 0.749576
vt 0.493992 0.749573
vt 0.493984 0.749556
vt 0.494010 0.749584
vt 0.493996 0.749584
vt 0.493974 0.749559
vt 0.493960 0.749532
vt 0.493981 0.749571
vt 0.457775 0.723854
vt 0.457849 0.723804
vt 0.457756 0.723933
vt 0.457705 0.723918
vt 0.457783 0.723804
vt 0.457723 0.723864
vt 0.457548 0.724120
vt 0.457598 0.724149
vt 0.457587 0.723988
vt 0.457631 0.724008
vt 0.457676 0.724041
vt 0.457673 0.723894
vt 0.440605 0.747832
vt 0.440526 0.747880
vt 0.440558 0.747800
vt 0.440646 0.747867
vt 0.440578 0.747892
vt 0.440555 0.747953
vt 0.440497 0.747975
vt 0.440591 0.747945
vt 0.440640 0.747942
vt 0.440685 0.747903
vt 0.440661 0.747987
vt 0.440594 0.747982
vt 0.440619 0.747906
vt 0.440473 0.748067
vt 0.440520 0.748099
vt 0.440455 0.748146
vt 0.440538 0.748022
vt 0.440591 0.748042
vt 0.455856 0.903008
vt 0.455920 0.903147
vt 0.455807 0.902948
vt 0.455819 0.902894
vt 0.455893 0.903041
vt 0.455853 0.902943
vt 0.455752 0.902624
vt 0.455713 0.902645
vt 0.455684 0.902513
vt 0.455827 0.902761
vt 0.455786 0.902770
vt 0.455759 0.902795
vt 0.455846 0.902881
vt 0.455902 0.902990
vt 0.455904 0.902907
vt 0.455948 0.903140
vt 0.520708 0.712454
vt 0.520698 0.712464
vt 0.520705 0.712443
vt 0.520705 0.712481
vt 0.520693 0.712486
vt 0.520692 0.712454
vt 0.520701 0.712438
vt 0.520689 0.712474
vt 0.520682 0.712545
vt 0.520696 0.712543
vt 0.520691 0.712571
vt 0.429756 0.909284
vt 0.429749 0.909252
vt 0.429848 0.909268
vt 0.520688 0.712512
vt 0.520701 0.712512
vt 0.520683 0.712486
vt 0.429607 0.909295
vt 0.429662 0.909301
vt 0.429528 0.909320
vt 0.429573 0.909290
vt 0.429670 0.909272
vt 0.429629 0.909271
vt 0.502279 0.752582
vt 0.502296 0.752574
vt 0.502269 0.752602
vt 0.502268 0.752585
vt 0.502291 0.752562
vt 0.502317 0.752550
vt 0.502280 0.752568
vt 0.569177 0.915163
vt 0.569149 0.915132
vt 0.569210 0.915166
vt 0.569093 0.915133
vt 0.569084 0.915103
vt 0.569185 0.915130
vt 0.569127 0.915105
vt 0.502339 0.752524
vt 0.502331 0.752512
vt 0.502357 0.752502
vt 0.502309 0.752539
vt 0.569002 0.915077
vt 0.568994 0.915108
vt 0.568898 0.915085
vt 0.502285 0.752555
vt 0.429542 0.912321
vt 0.429591 0.912363
vt 0.521536 0.712031
vt 0.521558 0.712032
vt 0.521568 0.712039
vt 0.429634 0.912354
vt 0.429713 0.912404
vt 0.429595 0.912325
vt 0.429558 0.912284
vt 0.429467 0.912223
vt 0.429626 0.912284
vt 0.429646 0.912331
vt 0.429514 0.912288
vt 0.429833 0.912444
vt 0.429851 0.912412
vt 0.429734 0.912382
vt 0.429742 0.912348
vt 0.568922 0.918300
vt 0.568844 0.918298
vt 0.568951 0.918262
vt 0.568795 0.918333
vt 0.568755 0.918322
vt 0.568872 0.918272
vt 0.568794 0.918298
vt 0.568540 0.918361
vt 0.568556 0.918393
vt 0.568450 0.918409
vt 0.568651 0.918309
vt 0.568657 0.918342
vt 0.568675 0.918364
vt 0.568746 0.918300
vt 0.568833 0.918262
vt 0.568769 0.918257
vt 0.568960 0.918239
vt 0.512077 0.731163
vt 0.511063 0.733311
vt 0.512087 0.731168
vt 0.511073 0.733315
vt 0.512096 0.731172
vt 0.511082 0.733320
vt 0.459874 0.807548
vt 0.459753 0.816700
vt 0.512953 0.729007
vt 0.512963 0.729012
vt 0.459833 0.807545
vt 0.460247 0.798621
vt 0.479628 0.825827
vt 0.479396 0.816319
vt 0.479447 0.816320
vt 0.479576 0.825831
vt 0.479351 0.816318
vt 0.479531 0.825834
vt 0.479306 0.816318
vt 0.480114 0.835286
vt 0.480063 0.835295
vt 0.480019 0.835302
vt 0.479487 0.825836
vt 0.508721 0.737421
vt 0.509942 0.735401
vt 0.508731 0.737426
vt 0.509951 0.735406
vt 0.508740 0.737432
vt 0.460310 0.834999
vt 0.509960 0.735411
vt 0.459909 0.825868
vt 0.479871 0.797570
vt 0.479485 0.806828
vt 0.479820 0.797560
vt 0.479440 0.806825
vt 0.479776 0.797554
vt 0.479396 0.806823
vt 0.479732 0.797549
vt 0.479536 0.806834
vt 0.481198 0.780078
vt 0.480373 0.788672
vt 0.481149 0.780060
vt 0.480329 0.788662
vt 0.481106 0.780047
vt 0.480285 0.788656
vt 0.481062 0.780038
vt 0.480424 0.788686
vt 0.513685 0.726897
vt 0.513695 0.726902
vt 0.460207 0.798618
vt 0.460795 0.790076
vt 0.514281 0.724817
vt 0.514291 0.724821
vt 0.460755 0.790071
vt 0.461539 0.781797
vt 0.514750 0.722730
vt 0.514760 0.722735
vt 0.461498 0.781790
vt 0.462502 0.773601
vt 0.515105 0.720592
vt 0.515114 0.720599
vt 0.462462 0.773591
vt 0.463727 0.765273
vt 0.483944 0.759379
vt 0.482218 0.771104
vt 0.483900 0.759340
vt 0.482176 0.771086
vt 0.483860 0.759310
vt 0.482133 0.771074
vt 0.483819 0.759291
vt 0.482265 0.771128
vt 0.515557 0.716175
vt 0.514342 0.712456
vt 0.515568 0.716170
vt 0.514347 0.712429
vt 0.515577 0.716163
vt 0.514355 0.712410
vt 0.515588 0.716155
vt 0.513126 0.708781
vt 0.515362 0.718372
vt 0.515371 0.718385
vt 0.463688 0.765255
vt 0.465276 0.756649
vt 0.465240 0.756613
vt 0.467139 0.747795
vt 0.486263 0.742938
vt 0.486228 0.742884
vt 0.486189 0.742849
vt 0.486302 0.743005
vt 0.481018 0.845311
vt 0.480969 0.845328
vt 0.480926 0.845341
vt 0.479975 0.835306
vt 0.482816 0.859126
vt 0.482771 0.859162
vt 0.482731 0.859190
vt 0.480882 0.845350
vt 0.505952 0.741323
vt 0.507405 0.739377
vt 0.505963 0.741325
vt 0.507415 0.739381
vt 0.505973 0.741330
vt 0.461814 0.853606
vt 0.507424 0.739387
vt 0.460931 0.844138
vt 0.498641 0.747199
vt 0.498626 0.747221
vt 0.498618 0.747240
vt 0.502685 0.745193
vt 0.502689 0.745203
vt 0.502694 0.745213
vt 0.502696 0.745225
vt 0.485680 0.879217
vt 0.485641 0.879287
vt 0.485606 0.879344
vt 0.482690 0.859209
vt 0.485567 0.879381
vt 0.488692 0.902605
vt 0.504332 0.743299
vt 0.504348 0.743297
vt 0.464675 0.874110
vt 0.504360 0.743298
vt 0.463048 0.863673
vt 0.463515 0.816655
vt 0.463638 0.807516
vt 0.463578 0.816654
vt 0.463701 0.807514
vt 0.463641 0.816653
vt 0.463764 0.807511
vt 0.464001 0.798593
vt 0.464064 0.798590
vt 0.464127 0.798585
vt 0.475727 0.825910
vt 0.475544 0.816366
vt 0.475663 0.825911
vt 0.475480 0.816367
vt 0.475599 0.825911
vt 0.475416 0.816368
vt 0.476208 0.835422
vt 0.476144 0.835421
vt 0.476080 0.835419
vt 0.463675 0.825818
vt 0.464085 0.834948
vt 0.463738 0.825818
vt 0.464149 0.834949
vt 0.463802 0.825818
vt 0.464212 0.834951
vt 0.475976 0.797556
vt 0.475638 0.806849
vt 0.475912 0.797559
vt 0.475575 0.806852
vt 0.475848 0.797564
vt 0.475510 0.806855
vt 0.477288 0.779997
vt 0.476522 0.788640
vt 0.477224 0.780002
vt 0.476458 0.788644
vt 0.477160 0.780010
vt 0.476394 0.788650
vt 0.464551 0.790047
vt 0.464615 0.790043
vt 0.464678 0.790036
vt 0.465304 0.781774
vt 0.465368 0.781768
vt 0.465431 0.781760
vt 0.466286 0.773591
vt 0.466350 0.773583
vt 0.466415 0.773572
vt 0.467538 0.765290
vt 0.467604 0.765273
vt 0.467671 0.765248
vt 0.480108 0.759242
vt 0.478366 0.771013
vt 0.480044 0.759259
vt 0.478302 0.771021
vt 0.479979 0.759285
vt 0.478237 0.771032
vt 0.477722 0.735938
vt 0.470919 0.748181
vt 0.477731 0.736027
vt 0.470977 0.748197
vt 0.477722 0.736148
vt 0.471032 0.748218
vt 0.477690 0.735891
vt 0.469111 0.756721
vt 0.469181 0.756683
vt 0.469254 0.756628
vt 0.482540 0.742873
vt 0.482475 0.742912
vt 0.482407 0.742970
vt 0.477103 0.845511
vt 0.477039 0.845508
vt 0.476974 0.845502
vt 0.478960 0.859377
vt 0.478896 0.859362
vt 0.478830 0.859339
vt 0.464726 0.844088
vt 0.465636 0.853539
vt 0.464789 0.844092
vt 0.465701 0.853554
vt 0.464853 0.844097
vt 0.465767 0.853575
vt 0.498973 0.748021
vt 0.495094 0.749990
vt 0.476452 0.888478
vt 0.476464 0.888390
vt 0.476458 0.888271
vt 0.468450 0.873651
vt 0.468510 0.873637
vt 0.468568 0.873619
vt 0.481882 0.879479
vt 0.481816 0.879439
vt 0.481747 0.879380
vt 0.466893 0.863552
vt 0.466961 0.863587
vt 0.467031 0.863639
vt 0.486803 0.903246
vt 0.484917 0.903139
vt 0.494755 0.749653
vt 0.494485 0.749304
vt 0.494761 0.749651
vt 0.486752 0.723803
vt 0.488542 0.723897
vt 0.513588 0.708616
vt 0.514043 0.708587
vt 0.559090 0.770070
vt 0.559037 0.770078
vt 0.558989 0.770101
vt 0.540298 0.846678
vt 0.540219 0.846607
vt 0.540253 0.846648
vt 0.680513 0.739255
vt 0.668647 0.788533
vt 0.494416 0.794060
vt 0.680526 0.739258
vt 0.494313 0.794032
vt 0.616642 0.824944
vt 0.616663 0.824894
vt 0.616668 0.824840
vt 0.643711 0.704529
vt 0.692347 0.689928
vt 0.628272 0.754595
vt 0.643708 0.704516
vt 0.628350 0.754519
vt 0.631818 0.753860
vt 0.595050 0.719184
vt 0.593958 0.894372
vt 0.593924 0.894269
vt 0.631810 0.753869
vt 0.568837 0.772385
vt 0.562307 0.730497
vt 0.568797 0.772381
vt 0.562225 0.730290
vt 0.568757 0.772373
vt 0.562153 0.730189
vt 0.656666 0.819349
vt 0.613478 0.814903
vt 0.613467 0.814863
vt 0.613460 0.814824
vt 0.562154 0.730164
vt 0.621454 0.761382
vt 0.621406 0.761431
vt 0.621360 0.761478
vt 0.656688 0.819345
vt 0.549861 0.848382
vt 0.549828 0.848363
vt 0.549790 0.848350
vt 0.609264 0.832220
vt 0.609288 0.832188
vt 0.650002 0.848760
vt 0.609317 0.832157
vt 0.650129 0.848751
vt 0.650149 0.848765
vt 0.590637 0.884440
vt 0.590612 0.884376
vt 0.590587 0.884314
vt 0.524417 0.883703
vt 0.524524 0.883643
vt 0.534257 0.738857
vt 0.552341 0.777370
vt 0.552311 0.777398
vt 0.552279 0.777420
vt 0.537372 0.837075
vt 0.537359 0.837034
vt 0.537342 0.836997
vt 0.504415 0.865416
vt 0.504400 0.865424
vt 0.503490 0.796414
vt 0.503558 0.796420
vt 0.503626 0.796420
vt 0.570711 0.772025
vt 0.570672 0.772018
vt 0.570633 0.772015
vt 0.573245 0.772244
vt 0.613744 0.812981
vt 0.613740 0.812943
vt 0.613731 0.812903
vt 0.613334 0.810421
vt 0.619711 0.763226
vt 0.619667 0.763274
vt 0.619621 0.763321
vt 0.617614 0.765484
vt 0.553609 0.851244
vt 0.551244 0.849965
vt 0.551209 0.849950
vt 0.551178 0.849931
vt 0.608595 0.834047
vt 0.608622 0.834017
vt 0.608645 0.833984
vt 0.607035 0.836155
vt 0.589622 0.881832
vt 0.589598 0.881771
vt 0.589577 0.881709
vt 0.589221 0.878271
vt 0.550617 0.777910
vt 0.550585 0.777931
vt 0.550556 0.777956
vt 0.548411 0.779499
vt 0.536398 0.835777
vt 0.536382 0.835741
vt 0.536367 0.835703
vt 0.535720 0.833532
vt 0.505519 0.796392
vt 0.505586 0.796392
vt 0.505653 0.796398
vt 0.508018 0.797513
vt 0.578977 0.805997
vt 0.579003 0.806022
vt 0.579029 0.806047
vt 0.654504 0.818013
vt 0.654483 0.818048
vt 0.654462 0.818083
vt 0.527196 0.882285
vt 0.527247 0.882354
vt 0.527226 0.882317
vt 0.647471 0.848775
vt 0.647478 0.848884
vt 0.645675 0.848991
vt 0.647475 0.848840
vt 0.647480 0.848926
vt 0.561784 0.811057
vt 0.561793 0.811022
vt 0.561802 0.810987
vt 0.534111 0.742833
vt 0.534250 0.741258
vt 0.534166 0.741265
vt 0.534208 0.741264
vt 0.563531 0.732280
vt 0.563563 0.732258
vt 0.563595 0.732236
vt 0.574600 0.823572
vt 0.574565 0.823582
vt 0.574530 0.823591
vt 0.505203 0.863512
vt 0.505233 0.863551
vt 0.505268 0.863575
vt 0.495591 0.726807
vt 0.496566 0.724643
vt 0.495582 0.726802
vt 0.496557 0.724638
vt 0.495572 0.726798
vt 0.496547 0.724633
vt 0.429310 0.809239
vt 0.429220 0.818478
vt 0.494743 0.728967
vt 0.494734 0.728962
vt 0.494724 0.728958
vt 0.429678 0.800209
vt 0.499978 0.726383
vt 0.449208 0.827512
vt 0.448915 0.817997
vt 0.448960 0.817998
vt 0.449163 0.827515
vt 0.448871 0.817997
vt 0.501083 0.724244
vt 0.449799 0.836964
vt 0.449755 0.836971
vt 0.449119 0.827518
vt 0.498852 0.720487
vt 0.497658 0.722530
vt 0.498843 0.720482
vt 0.497648 0.722525
vt 0.498834 0.720477
vt 0.429958 0.836953
vt 0.497639 0.722520
vt 0.429444 0.827736
vt 0.498990 0.728574
vt 0.498130 0.730761
vt 0.449385 0.799229
vt 0.448984 0.808496
vt 0.449341 0.799222
vt 0.448940 0.808494
vt 0.449296 0.799217
vt 0.449029 0.808501
vt 0.497401 0.732895
vt 0.496798 0.734993
vt 0.450852 0.781757
vt 0.449949 0.790337
vt 0.450808 0.781742
vt 0.449906 0.790330
vt 0.450765 0.781734
vt 0.449993 0.790347
vt 0.494029 0.731075
vt 0.494020 0.731071
vt 0.494010 0.731067
vt 0.430291 0.791556
vt 0.493442 0.733150
vt 0.493433 0.733145
vt 0.493423 0.733142
vt 0.431166 0.783184
vt 0.492971 0.735228
vt 0.492961 0.735223
vt 0.492951 0.735220
vt 0.432344 0.774925
vt 0.492604 0.737358
vt 0.492595 0.737351
vt 0.492584 0.737348
vt 0.433888 0.766584
vt 0.496296 0.737212
vt 0.495799 0.740174
vt 0.453910 0.761081
vt 0.451992 0.772814
vt 0.453871 0.761048
vt 0.451949 0.772802
vt 0.453830 0.761026
vt 0.452033 0.772833
vt 0.493294 0.745490
vt 0.493288 0.745522
vt 0.493281 0.745548
vt 0.492329 0.739573
vt 0.492319 0.739562
vt 0.492309 0.739557
vt 0.435829 0.758023
vt 0.437984 0.749505
vt 0.495191 0.744362
vt 0.456648 0.744456
vt 0.456610 0.744409
vt 0.456683 0.744519
vt 0.502292 0.722175
vt 0.450864 0.846949
vt 0.450821 0.846963
vt 0.449711 0.836977
vt 0.503706 0.720065
vt 0.452997 0.860620
vt 0.452958 0.860649
vt 0.450778 0.846973
vt 0.501586 0.716544
vt 0.500147 0.718510
vt 0.501575 0.716542
vt 0.500138 0.718505
vt 0.501565 0.716537
vt 0.431855 0.855710
vt 0.500129 0.718500
vt 0.430743 0.846172
vt 0.508898 0.710689
vt 0.508914 0.710666
vt 0.508922 0.710648
vt 0.504842 0.712660
vt 0.504838 0.712650
vt 0.504834 0.712640
vt 0.444517 0.891203
vt 0.505884 0.717319
vt 0.456368 0.880328
vt 0.456334 0.880385
vt 0.452917 0.860668
vt 0.456297 0.880422
vt 0.509186 0.713404
vt 0.503198 0.714556
vt 0.503183 0.714558
vt 0.435533 0.876075
vt 0.503171 0.714557
vt 0.433397 0.865817
vt 0.433015 0.818414
vt 0.433108 0.809199
vt 0.433078 0.818413
vt 0.433171 0.809196
vt 0.433142 0.818411
vt 0.433235 0.809193
vt 0.433476 0.800193
vt 0.433540 0.800190
vt 0.433603 0.800186
vt 0.445354 0.827627
vt 0.445103 0.818062
vt 0.445291 0.827628
vt 0.445039 0.818064
vt 0.445226 0.827629
vt 0.444975 0.818066
vt 0.445948 0.837146
vt 0.445884 0.837146
vt 0.445820 0.837146
vt 0.433243 0.827650
vt 0.433766 0.836847
vt 0.433307 0.827649
vt 0.433830 0.836847
vt 0.433371 0.827648
vt 0.433894 0.836848
vt 0.445535 0.799207
vt 0.445176 0.808522
vt 0.445471 0.799210
vt 0.445112 0.808524
vt 0.445407 0.799214
vt 0.445048 0.808527
vt 0.446998 0.781647
vt 0.446142 0.790281
vt 0.446934 0.781652
vt 0.446078 0.790285
vt 0.446869 0.781660
vt 0.446013 0.790291
vt 0.434090 0.791567
vt 0.434154 0.791564
vt 0.434218 0.791558
vt 0.434968 0.783234
vt 0.435032 0.783229
vt 0.435096 0.783222
vt 0.436122 0.774991
vt 0.436186 0.774985
vt 0.436250 0.774975
vt 0.437479 0.766454
vt 0.437545 0.766436
vt 0.437611 0.766413
vt 0.450397 0.760718
vt 0.448227 0.772665
vt 0.450332 0.760732
vt 0.448163 0.772672
vt 0.450267 0.760754
vt 0.448099 0.772682
vt 0.491766 0.742488
vt 0.449070 0.735819
vt 0.449066 0.735910
vt 0.492870 0.746040
vt 0.449051 0.735762
vt 0.438966 0.757316
vt 0.439036 0.757273
vt 0.439107 0.757218
vt 0.453822 0.743711
vt 0.453757 0.743737
vt 0.453688 0.743783
vt 0.447022 0.847212
vt 0.446958 0.847210
vt 0.446894 0.847205
vt 0.449236 0.860940
vt 0.449172 0.860927
vt 0.449107 0.860906
vt 0.434569 0.846044
vt 0.435705 0.855539
vt 0.434633 0.846047
vt 0.435771 0.855551
vt 0.434698 0.846051
vt 0.435837 0.855571
vt 0.447381 0.889611
vt 0.447389 0.889527
vt 0.447380 0.889413
vt 0.439172 0.875494
vt 0.439230 0.875479
vt 0.439286 0.875459
vt 0.452664 0.880594
vt 0.452599 0.880558
vt 0.452531 0.880502
vt 0.437263 0.865551
vt 0.437332 0.865584
vt 0.437404 0.865634
vt 0.457789 0.903865
vt 0.455964 0.903120
vt 0.512565 0.707904
vt 0.512555 0.707910
vt 0.512856 0.708265
vt 0.459676 0.724963
vt 0.494246 0.749464
vt 0.458772 0.724352
vt 0.494013 0.749589
vt 0.494243 0.749459
vt 0.439255 0.748747
vt 0.439282 0.748652
vt 0.439311 0.748557
vt 0.491772 0.742467
vt 0.438116 0.749242
vt 0.491933 0.742150
vt 0.520243 0.734898
vt 0.519278 0.737071
vt 0.520252 0.734903
vt 0.519287 0.737076
vt 0.501243 0.935787
vt 0.494014 0.935374
vt 0.501244 0.935754
vt 0.521069 0.732726
vt 0.521079 0.732730
vt 0.494011 0.935406
vt 0.486961 0.934795
vt 0.515872 0.735345
vt 0.509028 0.920402
vt 0.501542 0.920296
vt 0.501543 0.920261
vt 0.509029 0.920437
vt 0.501540 0.920331
vt 0.514774 0.737469
vt 0.516475 0.920288
vt 0.516479 0.920323
vt 0.509030 0.920472
vt 0.516978 0.741229
vt 0.518185 0.739188
vt 0.516987 0.741234
vt 0.508499 0.935933
vt 0.515724 0.935832
vt 0.515726 0.935864
vt 0.518194 0.739192
vt 0.508499 0.935901
vt 0.516839 0.733164
vt 0.517668 0.730982
vt 0.486807 0.919313
vt 0.494078 0.919923
vt 0.486800 0.919348
vt 0.494074 0.919958
vt 0.486795 0.919382
vt 0.494082 0.919888
vt 0.518356 0.728852
vt 0.518908 0.726755
vt 0.473123 0.917629
vt 0.479836 0.918597
vt 0.473110 0.917662
vt 0.479829 0.918632
vt 0.473102 0.917696
vt 0.479845 0.918563
vt 0.521753 0.730603
vt 0.521762 0.730608
vt 0.486957 0.934827
vt 0.480212 0.934050
vt 0.522299 0.728513
vt 0.522309 0.728518
vt 0.480206 0.934082
vt 0.473688 0.933132
vt 0.522717 0.726420
vt 0.522727 0.726424
vt 0.473681 0.933163
vt 0.467252 0.932013
vt 0.523018 0.724277
vt 0.523028 0.724284
vt 0.467243 0.932045
vt 0.460745 0.930652
vt 0.519345 0.724538
vt 0.519740 0.721580
vt 0.457061 0.914583
vt 0.466146 0.916457
vt 0.457036 0.914612
vt 0.466135 0.916490
vt 0.457019 0.914644
vt 0.466162 0.916424
vt 0.523351 0.719860
vt 0.522027 0.716195
vt 0.523361 0.719855
vt 0.522032 0.716168
vt 0.523371 0.719848
vt 0.437238 0.920621
vt 0.447303 0.927000
vt 0.522039 0.716148
vt 0.427344 0.914203
vt 0.523216 0.722055
vt 0.523225 0.722068
vt 0.460729 0.930682
vt 0.454061 0.928994
vt 0.454031 0.929020
vt 0.520183 0.717391
vt 0.444346 0.912013
vt 0.444318 0.912041
vt 0.444390 0.911987
vt 0.513560 0.739517
vt 0.524357 0.919840
vt 0.524367 0.919874
vt 0.516481 0.920357
vt 0.512129 0.741598
vt 0.535178 0.918716
vt 0.535199 0.918748
vt 0.524373 0.919908
vt 0.514188 0.745149
vt 0.515660 0.743198
vt 0.514200 0.745151
vt 0.522960 0.935596
vt 0.530440 0.935075
vt 0.530451 0.935106
vt 0.515670 0.743202
vt 0.522956 0.935564
vt 0.506584 0.750802
vt 0.506567 0.750823
vt 0.506557 0.750841
vt 0.510828 0.749064
vt 0.510832 0.749074
vt 0.510834 0.749085
vt 0.558997 0.926756
vt 0.509900 0.744293
vt 0.550768 0.916865
vt 0.550811 0.916894
vt 0.535213 0.918780
vt 0.550839 0.916925
vt 0.506442 0.748085
vt 0.512536 0.747128
vt 0.538407 0.934329
vt 0.546570 0.933141
vt 0.546563 0.933176
vt 0.512551 0.747125
vt 0.538381 0.934298
vt 0.501324 0.932781
vt 0.494108 0.932400
vt 0.501325 0.932731
vt 0.494108 0.932350
vt 0.501326 0.932681
vt 0.494108 0.932300
vt 0.487068 0.931821
vt 0.487067 0.931771
vt 0.487066 0.931721
vt 0.508980 0.923432
vt 0.501462 0.923292
vt 0.508978 0.923482
vt 0.501461 0.923342
vt 0.508976 0.923532
vt 0.501460 0.923392
vt 0.516471 0.923318
vt 0.516469 0.923368
vt 0.516466 0.923419
vt 0.508565 0.932924
vt 0.515781 0.932850
vt 0.508566 0.932875
vt 0.515784 0.932800
vt 0.508569 0.932825
vt 0.515787 0.932750
vt 0.486669 0.922337
vt 0.493973 0.922916
vt 0.486670 0.922387
vt 0.493973 0.922966
vt 0.486671 0.922438
vt 0.493973 0.923017
vt 0.472919 0.920652
vt 0.479677 0.921587
vt 0.472921 0.920702
vt 0.479678 0.921637
vt 0.472924 0.920753
vt 0.479680 0.921688
vt 0.480332 0.931078
vt 0.480331 0.931028
vt 0.480328 0.930977
vt 0.473826 0.930155
vt 0.473824 0.930105
vt 0.473821 0.930054
vt 0.467416 0.929029
vt 0.467413 0.928978
vt 0.467406 0.928927
vt 0.460947 0.927655
vt 0.460937 0.927603
vt 0.460921 0.927549
vt 0.456813 0.917534
vt 0.465925 0.919430
vt 0.456824 0.917585
vt 0.465929 0.919480
vt 0.456841 0.917637
vt 0.465935 0.919531
vt 0.438579 0.918357
vt 0.447787 0.924128
vt 0.438648 0.918354
vt 0.447802 0.924084
vt 0.438743 0.918366
vt 0.447822 0.924042
vt 0.454324 0.925986
vt 0.454298 0.925929
vt 0.454259 0.925870
vt 0.444175 0.914883
vt 0.444203 0.914936
vt 0.444245 0.914991
vt 0.524411 0.922866
vt 0.524407 0.922916
vt 0.524401 0.922966
vt 0.535275 0.921677
vt 0.535262 0.921727
vt 0.535243 0.921777
vt 0.523003 0.932570
vt 0.530463 0.932060
vt 0.523007 0.932520
vt 0.530476 0.932009
vt 0.523013 0.932470
vt 0.530494 0.931958
vt 0.557876 0.924370
vt 0.557810 0.924360
vt 0.557720 0.924362
vt 0.546285 0.930231
vt 0.546276 0.930184
vt 0.546263 0.930139
vt 0.550843 0.919760
vt 0.550811 0.919810
vt 0.550764 0.919861
vt 0.538355 0.931265
vt 0.538383 0.931212
vt 0.538426 0.931158
vt 0.569234 0.916602
vt 0.568942 0.918224
vt 0.502773 0.753346
vt 0.502508 0.752973
vt 0.502264 0.752603
vt 0.502513 0.752972
vt 0.429473 0.910727
vt 0.429545 0.909325
vt 0.521120 0.712240
vt 0.428342 0.913215
vt 0.427308 0.914130
vt 0.427284 0.914107
vt 0.429445 0.912301
vt 0.650058 0.848759
vt 0.562195 0.730243
vt 0.656613 0.819310
vt 0.504481 0.865241
vt 0.504448 0.865319
vt 0.508750 0.710244
vt 0.506856 0.751650
vt 0.484792 0.723874
vt 0.578267 0.806805
vt 0.656524 0.819261
vt 0.574268 0.822545
vt 0.513144 0.708622
vt 0.467093 0.747804
vt 0.498985 0.748031
vt 0.457621 0.723864
vt 0.447308 0.927036
s 1
g off
g esquina_04_Holocron_Corners.001
usemtl Holocron_Corners.001
f 1258/1/1 1/2/2 201/3/3
f 1209/4/4 20/5/5 105/6/6
f 88/7/2 226/8/7 3/9/2
f 215/10/8 113/11/9 1219/12/10
f 4/13/2 1223/14/11 205/15/12
f 200/16/13 105/6/6 16/17/14
f 211/18/15 101/19/16 14/20/17
f 225/21/18 108/22/19 1214/23/20
f 3/9/2 1198/24/21 221/25/22
f 1213/26/23 4/13/2 87/27/2
f 1219/12/10 22/28/24 230/29/25
f 1229/30/26 19/31/27 236/32/28
f 1224/33/29 26/34/30 206/35/31
f 230/29/25 107/36/32 1234/37/33
f 1234/37/33 23/38/34 240/39/35
f 1244/40/36 18/41/37 246/42/38
f 89/43/2 235/44/39 1223/14/11
f 240/39/35 114/45/40 1249/46/41
f 1249/46/41 1361/47/42 252/48/43
f 268/49/44 112/50/45 1244/40/36
f 90/51/2 245/52/46 1228/53/47
f 1259/54/48 16/17/14 103/55/49
f 273/56/50 103/55/49 17/57/51
f 279/58/52 109/59/53 13/60/54
f 1/2/2 1203/61/55 88/7/2
f 1274/62/56 17/57/51 111/63/57
f 284/64/58 111/63/57 21/65/59
f 1269/66/60 1358/67/61 109/59/53
f 6/68/2 1253/69/62 92/70/2
f 105/6/6 327/71/63 1288/72/64
f 10/73/65 1304/74/66 96/75/65
f 24/76/67 1298/77/68 113/11/9
f 336/78/69 97/79/65 1314/80/70
f 103/55/49 307/81/71 1338/82/72
f 15/83/73 1283/84/74 332/85/75
f 15/83/73 1293/86/76 108/22/19
f 102/87/77 316/88/78 1283/84/74
f 115/89/79 327/71/63 20/5/5
f 116/90/80 311/91/81 26/34/30
f 19/31/27 1303/92/82 116/90/80
f 22/28/24 1313/93/83 107/36/32
f 1299/94/84 8/95/65 336/78/69
f 104/96/85 341/97/86 19/31/27
f 18/41/37 1308/98/87 104/96/85
f 23/38/34 1328/99/88 114/45/40
f 1314/80/70 11/100/89 346/101/90
f 112/50/45 351/102/91 18/41/37
f 25/103/92 1323/104/93 112/50/45
f 114/45/40 357/105/94 1361/47/42
f 306/106/95 95/107/65 7/108/65
f 14/20/17 1333/109/96 316/88/78
f 101/19/16 383/110/97 1333/109/96
f 111/63/57 379/111/98 1353/112/99
f 99/113/65 378/114/100 1339/115/101
f 13/60/54 1348/116/102 383/110/97
f 109/59/53 395/117/103 1348/116/102
f 21/65/59 1353/112/99 388/118/104
f 1204/119/105 14/20/17 102/87/77
f 1264/120/106 21/65/59 106/121/107
f 106/121/107 388/118/104 1343/122/108
f 7/108/65 1284/123/109 317/124/110
f 226/8/7 87/27/2 3/9/2
f 1214/23/20 24/76/67 215/10/8
f 108/22/19 322/125/111 24/76/67
f 95/107/65 331/126/112 1284/123/109
f 93/127/2 278/128/113 6/68/2
f 201/3/3 88/7/2 1208/129/114
f 16/17/14 1288/72/64 307/81/71
f 384/130/115 100/131/65 12/132/65
f 236/32/28 116/90/80 1224/33/29
f 1239/133/116 1362/134/117 110/135/118
f 110/135/118 356/136/119 1318/137/120
f 96/75/65 342/138/121 8/95/65
f 206/35/31 115/89/79 1199/139/122
f 225/21/18 102/87/77 15/83/73
f 1289/140/123 9/141/65 95/107/65
f 26/34/30 1278/142/124 115/89/79
f 1263/143/125 1268/144/126 93/127/2
f 283/145/127 93/127/2 1273/146/128
f 100/131/65 389/147/129 1354/148/130
f 1349/149/131 1344/150/132 100/131/65
f 5/151/133 1243/152/134 245/52/46
f 1218/153/135 2/154/2 89/43/2
f 113/11/9 337/155/136 22/28/24
f 11/100/89 1324/156/137 98/157/138
f 216/158/139 89/43/2 4/13/2
f 231/159/140 90/51/2 2/154/2
f 94/160/65 331/126/112 9/141/65
f 10/73/65 1294/161/141 94/160/65
f 1254/162/142 13/60/54 101/19/16
f 7/108/65 1339/115/101 306/106/95
s 2
f 410/163/143 136/164/144 1482/165/145
s 1
f 1334/166/146 12/132/65 99/113/65
f 91/167/147 269/168/148 1243/152/134
f 1248/169/149 1238/170/150 91/167/147
f 1329/171/151 1319/172/152 358/173/153
f 98/157/138 373/174/154 1319/172/152
f 1264/175/106 1359/176/155 288/177/156
f 274/178/157 92/70/2 1258/1/1
f 17/57/51 1338/82/72 379/111/98
f 106/179/107 393/180/158 1359/176/155
f 246/42/38 104/96/85 1229/30/26
f 1273/146/128 6/68/2 274/178/157
f 12/132/65 1354/148/130 378/114/100
f 97/79/65 352/181/159 11/100/89
f 2/154/2 1228/53/47 235/44/39
f 1199/139/122 20/5/5 220/182/160
f 321/183/161 96/75/65 1299/94/84
f 8/95/65 1309/184/162 97/79/65
f 1239/185/116 25/103/92 268/49/44
f 1233/186/163 5/151/133 90/51/2
f 107/36/32 347/187/164 23/38/34
f 110/188/118 374/189/165 25/103/92
f 1208/129/114 3/9/2 221/25/22
f 87/27/2 205/15/12 1198/24/21
f 312/190/166 94/160/65 1279/191/167
f 1279/191/167 9/141/65 326/192/168
f 92/70/2 210/193/169 1/2/2
f 241/194/170 91/167/147 5/151/133
f 346/101/90 98/157/138 1329/171/151
f 317/124/110 99/113/65 7/108/65
s 2
f 457/195/171 129/196/172 34/197/173
f 1428/198/174 1516/199/175 135/200/176
f 135/200/176 731/201/177 1472/202/178
f 715/203/179 130/204/180 1468/205/181
f 481/206/182 126/207/183 1417/208/184
f 436/209/185 136/164/144 1392/210/186
f 137/211/187 678/212/188 1458/213/189
f 1468/205/181 1478/214/190 697/215/191
f 447/216/192 123/217/193 29/218/194
f 424/219/195 134/220/196 1491/221/197
f 1443/222/198 1448/223/199 625/224/200
f 134/220/196 641/225/201 1453/226/202
f 27/227/203 1384/228/204 123/217/193
f 31/229/205 1388/230/206 570/231/207
f 32/232/208 1388/230/206 126/207/183
f 438/233/209 133/234/210 1507/235/211
f 1398/236/212 1483/237/213 119/238/214
f 33/239/215 1370/240/216 128/241/217
f 34/197/173 1375/242/218 533/243/219
f 412/244/220 121/245/203 1393/246/221
f 1403/247/222 1487/248/223 133/234/210
s 3
f 1383/249/224 1387/250/225 516/251/226
s 2
f 30/252/227 1369/253/228 552/254/229
f 457/195/171 127/255/230 1422/256/231
f 447/216/192 122/257/232 1397/258/233
f 27/227/203 1364/259/234 535/260/235
f 34/197/173 1365/261/236 127/255/230
f 1412/262/237 1510/263/238 467/264/239
f 425/265/240 118/266/241 1418/267/242
f 35/268/243 1375/242/218 129/196/172
f 35/268/243 1370/240/216 572/269/244
f 1418/267/242 1496/270/245 482/271/246
f 480/272/247 137/211/187 1412/262/237
f 28/273/203 1379/274/248 551/275/249
f 29/218/194 1379/274/248 122/257/232
f 426/276/250 124/277/251 1408/278/252
f 490/279/253 127/255/230 33/239/215
f 29/218/194 1384/228/204 515/280/254
f 1506/281/255 1438/282/256 136/164/144
f 491/283/257 135/200/176 1498/284/258
f 456/285/259 138/286/260 1433/287/261
s 3
f 1374/288/262 1383/249/224 534/289/263
s 2
f 28/273/203 1364/259/234 121/245/203
f 1433/287/261 1515/290/264 506/291/265
f 1423/292/266 1499/293/267 117/294/268
f 30/252/227 1378/295/269 125/296/270
f 31/229/205 1369/253/228 124/277/251
f 1407/297/271 1511/298/272 134/220/196
f 32/232/208 1378/295/269 517/299/273
s 3
f 571/300/274 120/301/275 1374/288/262
s 2
f 33/239/215 1365/261/236 553/302/276
f 1498/284/258 1472/202/178 714/303/277
f 138/286/260 732/304/278 1515/290/264
f 1503/305/279 1477/306/280 138/286/260
f 119/238/214 608/307/281 1442/308/282
f 133/234/210 590/309/283 1507/235/211
f 1487/248/223 1447/310/284 133/234/210
f 1492/311/285 1462/312/286 118/266/241
f 137/211/187 642/313/287 1510/263/238
f 118/266/241 679/314/288 1496/270/245
f 437/315/289 123/217/193 1402/316/290
f 445/317/291 119/238/214 1488/318/292
f 1488/318/292 1442/308/282 624/319/293
f 136/164/144 606/320/294 1482/165/145
f 426/276/250 126/207/183 31/229/205
f 466/321/295 124/277/251 30/252/227
f 643/322/296 132/323/297 1452/324/298
f 1452/324/298 1463/325/299 660/326/300
f 490/279/253 128/241/217 1427/327/301
f 505/328/302 128/241/217 35/268/243
f 1478/214/190 1473/329/303 733/330/304
f 117/294/268 713/331/305 1467/332/306
f 412/244/220 122/257/232 28/273/203
f 437/315/289 121/245/203 27/227/203
f 1448/223/199 1437/333/307 591/334/308
f 607/335/309 131/336/310 1443/222/198
f 466/321/295 125/296/270 1413/337/311
f 481/206/182 125/296/270 32/232/208
f 1463/325/299 1457/338/312 680/339/313
f 1491/221/197 1453/226/202 659/340/314
f 505/328/302 129/196/172 1432/341/315
f 455/342/316 117/294/268 1504/343/317
f 1504/343/317 1467/332/306 696/344/318
s 4
f 1579/345/319 36/346/320 751/347/321
f 1530/348/322 55/349/323 157/350/324
f 140/351/320 776/352/325 38/353/320
f 765/354/326 165/355/327 1540/356/328
f 39/357/320 1544/358/329 755/359/330
f 750/360/331 157/350/324 51/361/332
f 761/362/333 153/363/334 49/364/335
f 775/365/336 160/366/337 1535/367/338
f 38/353/320 1519/368/339 771/369/340
f 1534/370/341 39/357/320 139/371/320
f 1540/356/328 57/372/342 780/373/343
f 1550/374/344 54/375/345 786/376/346
f 1545/377/347 60/378/348 756/379/349
f 780/373/343 159/380/350 1555/381/351
f 1555/381/351 58/382/352 790/383/353
f 1565/384/354 53/385/355 796/386/356
f 141/387/320 785/388/357 1544/358/329
f 790/383/353 166/389/358 1570/390/359
f 802/391/360 166/389/358 1682/392/361
f 819/393/362 164/394/363 1565/384/354
f 142/395/320 795/396/364 1549/397/365
f 1580/398/366 51/361/332 155/399/367
f 837/400/368 155/399/367 52/401/369
f 843/402/370 161/403/371 48/404/372
f 36/346/320 1524/405/373 140/351/320
f 1595/406/374 52/401/369 163/407/375
f 848/408/376 163/407/375 56/409/377
f 1590/410/378 1679/411/379 161/403/371
f 41/412/320 1574/413/380 144/414/320
f 157/350/324 890/415/381 1609/416/382
f 45/417/383 1625/418/384 148/419/383
f 59/420/385 1619/421/386 165/355/327
f 899/422/387 149/423/388 1635/424/389
f 155/399/367 870/425/390 1659/426/391
f 50/427/392 1604/428/393 895/429/394
f 50/427/392 1614/430/395 160/366/337
f 154/431/396 879/432/397 1604/428/393
f 167/433/398 890/415/381 55/349/323
f 168/434/399 874/435/400 60/378/348
f 54/375/345 1624/436/401 168/434/399
f 57/372/342 1634/437/402 159/380/350
f 1620/438/403 43/439/404 899/422/387
f 156/440/405 904/441/406 54/375/345
f 53/385/355 1629/442/407 156/440/405
f 58/382/352 1649/443/408 166/389/358
f 1635/424/389 46/444/409 909/445/410
f 164/394/363 914/446/411 53/385/355
f 1686/447/412 1644/448/413 164/394/363
f 1682/392/361 1649/443/408 920/449/414
f 869/450/415 147/451/383 42/452/383
f 49/364/335 1654/453/416 879/432/397
f 153/363/334 961/454/417 1654/453/416
f 163/407/375 957/455/418 1674/456/419
f 151/457/383 956/458/420 1660/459/421
f 48/404/372 1669/460/422 961/454/417
f 161/403/371 973/461/423 1669/460/422
f 56/409/377 1674/456/419 966/462/424
f 1525/463/425 49/364/335 154/431/396
f 1585/464/426 56/409/377 158/465/427
f 158/465/427 966/462/424 1664/466/428
f 42/452/383 1605/467/429 880/468/430
f 776/352/325 139/371/320 38/353/320
f 1535/367/338 59/420/385 765/354/326
f 160/366/337 885/469/431 59/420/385
f 147/451/383 894/470/432 1605/467/429
f 145/471/320 842/472/433 41/412/320
f 751/347/321 140/351/320 1529/473/434
f 51/361/332 1609/416/382 870/425/390
f 962/474/435 152/475/383 47/476/383
f 786/376/346 168/434/399 1545/377/347
f 800/477/436 162/478/437 1560/479/438
f 1683/480/439 1639/481/440 162/478/437
f 148/419/383 905/482/441 43/439/404
f 756/379/349 167/433/398 1520/483/442
f 775/365/336 154/431/396 50/427/392
f 1610/484/443 44/485/383 147/451/383
f 60/378/348 1599/486/444 167/433/398
f 1584/487/445 1589/488/446 145/471/320
f 847/489/447 145/471/320 1594/490/448
f 152/475/383 967/491/449 1675/492/450
f 1670/493/451 1665/494/452 152/475/383
f 40/495/320 1564/496/453 795/396/364
f 1539/497/454 37/498/320 141/387/320
f 165/355/327 900/499/455 57/372/342
f 46/444/409 1645/500/456 150/501/457
f 766/502/458 141/387/320 39/357/320
f 781/503/459 142/395/320 37/498/320
f 146/504/383 894/470/432 44/485/383
f 45/417/383 1615/505/460 146/504/383
f 1575/506/461 48/404/372 153/363/334
f 42/452/383 1660/459/421 869/450/415
s 5
f 1751/507/462 61/508/463 989/509/464
s 4
f 1655/510/465 47/476/383 151/457/383
f 143/511/466 820/512/467 1564/496/453
f 1569/513/468 1559/514/469 143/511/466
f 1650/515/470 1640/516/471 921/517/472
f 150/501/457 938/518/473 1640/516/471
f 1585/519/426 1680/520/474 852/521/475
f 838/522/476 144/414/320 1579/345/319
f 52/401/369 1659/426/391 957/455/418
f 158/465/427 971/523/477 1680/524/474
f 796/386/356 156/440/405 1550/374/344
f 1594/490/448 41/412/320 838/522/476
f 47/476/383 1675/492/450 956/458/420
f 149/423/388 915/525/478 46/444/409
f 37/498/320 1549/397/365 785/388/357
f 1520/483/442 55/349/323 770/526/479
f 884/527/480 148/419/383 1620/438/403
f 43/439/404 1630/528/481 149/423/388
f 1560/479/438 1687/529/482 818/530/483
f 1554/531/484 40/495/320 142/395/320
f 159/380/350 910/532/485 58/382/352
f 162/478/437 937/533/486 1687/529/482
f 1529/473/434 38/353/320 771/369/340
f 139/371/320 755/359/330 1519/368/339
f 875/534/487 146/504/383 1600/535/488
f 1600/535/488 44/485/383 889/536/489
f 144/414/320 760/537/490 36/346/320
f 791/538/491 143/511/466 40/495/320
f 909/445/410 150/501/457 1650/515/470
f 880/468/430 151/457/383 42/452/383
s 5
f 1702/539/492 80/540/493 187/541/494
f 170/542/463 1014/543/495 63/544/463
f 1003/545/496 195/546/497 1712/547/498
f 64/548/463 1716/549/499 993/550/500
f 988/551/501 187/541/494 76/552/502
f 999/553/503 183/554/504 74/555/505
f 1013/556/506 190/557/507 1707/558/508
f 63/544/463 1691/559/509 1009/560/510
f 1706/561/511 64/548/463 169/562/463
f 1712/547/498 82/563/512 1018/564/513
f 1722/565/514 79/566/515 1024/567/516
f 1717/568/517 86/569/518 994/570/519
f 1018/564/513 189/571/520 1727/572/521
f 1727/572/521 83/573/522 1028/574/523
f 1737/575/524 78/576/525 1034/577/526
f 171/578/463 1023/579/527 1716/549/499
f 1028/574/523 196/580/528 1742/581/529
f 1742/581/529 1854/582/530 1040/583/531
f 1056/584/532 194/585/533 1737/575/524
f 172/586/463 1033/587/534 1721/588/535
f 1752/589/536 76/552/502 185/590/537
f 1061/591/538 185/590/537 77/592/539
f 1067/593/540 191/594/541 73/595/542
f 61/508/463 1696/596/543 170/542/463
f 1767/597/544 77/592/539 193/598/545
f 1072/599/546 193/598/545 81/600/547
f 1762/601/548 1851/602/549 191/594/541
f 66/603/463 1746/604/550 174/605/463
f 187/541/494 1115/606/551 1781/607/552
f 70/608/553 1797/609/554 178/610/553
f 84/611/555 1791/612/556 195/546/497
f 1124/613/557 179/614/553 1807/615/558
f 185/590/537 1095/616/559 1831/617/560
f 75/618/561 1776/619/562 1120/620/563
f 75/618/561 1786/621/564 190/557/507
f 184/622/565 1104/623/566 1776/619/562
f 197/624/567 1115/606/551 80/540/493
f 198/625/568 1099/626/569 86/569/518
f 79/566/515 1796/627/570 198/625/568
f 82/563/512 1806/628/571 189/571/520
f 1792/629/572 68/630/553 1124/613/557
f 186/631/573 1129/632/574 79/566/515
f 78/576/525 1801/633/575 186/631/573
f 83/573/522 1821/634/576 196/580/528
f 1807/615/558 71/635/553 1134/636/577
f 194/585/533 1139/637/578 78/576/525
f 85/638/579 1816/639/580 194/585/533
f 196/580/528 1145/640/581 1854/582/530
f 1094/641/582 177/642/553 67/643/553
f 74/555/505 1826/644/583 1104/623/566
f 183/554/504 1171/645/584 1826/644/583
f 193/598/545 1167/646/585 1846/647/586
f 181/648/553 1166/649/587 1832/650/588
f 73/595/542 1841/651/589 1171/645/584
f 191/594/541 1183/652/590 1841/651/589
f 81/600/547 1846/647/586 1176/653/591
f 1697/654/592 74/555/505 184/622/565
f 1757/655/593 81/600/547 188/656/594
f 188/656/594 1176/653/591 1836/657/595
f 67/643/553 1777/658/596 1105/659/597
f 1014/543/495 169/562/463 63/544/463
f 1707/558/508 84/611/555 1003/545/496
f 190/557/507 1110/660/598 84/611/555
f 177/642/553 1119/661/599 1777/658/596
f 175/662/463 1066/663/600 66/603/463
f 989/509/464 170/542/463 1701/664/601
f 76/552/502 1781/607/552 1095/616/559
f 1172/665/602 182/666/553 72/667/553
f 1024/567/516 198/625/568 1717/568/517
f 1732/668/603 1855/669/604 192/670/605
f 192/670/605 1144/671/606 1811/672/607
f 178/610/553 1130/673/608 68/630/553
f 994/570/519 197/624/567 1692/674/609
f 1013/556/506 184/622/565 75/618/561
f 1782/675/610 69/676/553 177/642/553
f 86/569/518 1771/677/611 197/624/567
f 1756/678/612 1761/679/613 175/662/463
f 1071/680/614 175/662/463 1766/681/615
f 182/666/553 1177/682/616 1847/683/617
f 1842/684/618 1837/685/619 182/666/553
f 65/686/463 1736/687/620 1033/587/534
f 1711/688/621 62/689/463 171/578/463
f 195/546/497 1125/690/622 82/563/512
f 71/635/553 1817/691/623 180/692/624
f 1004/693/625 171/578/463 64/548/463
f 1019/694/626 172/586/463 62/689/463
f 176/695/553 1119/661/599 69/676/553
f 70/608/553 1787/696/627 176/695/553
f 1747/697/628 73/595/542 183/554/504
f 67/643/553 1832/650/588 1094/641/582
f 1827/698/629 72/667/553 181/648/553
f 173/699/630 1057/700/631 1736/687/620
f 1741/701/632 1731/702/633 173/699/630
f 1822/703/634 1812/704/635 1146/705/636
f 180/692/624 1161/706/637 1812/704/635
f 1757/707/593 1852/708/638 1076/709/639
f 1062/710/640 174/605/463 1751/507/462
f 77/592/539 1831/617/560 1167/646/585
f 188/711/594 1181/712/641 1852/708/638
f 1034/577/526 186/631/573 1722/565/514
f 1766/681/615 66/603/463 1062/710/640
f 72/667/553 1847/683/617 1166/649/587
f 179/614/553 1140/713/642 71/635/553
f 62/689/463 1721/588/535 1023/579/527
f 1692/674/609 80/540/493 1008/714/643
f 1109/715/644 178/610/553 1792/629/572
f 68/630/553 1802/716/645 179/614/553
f 1732/668/603 85/638/579 1056/584/532
f 1726/717/646 65/686/463 172/586/463
f 189/571/520 1135/718/647 83/573/522
f 192/670/605 1162/719/648 85/638/579
f 1701/664/601 63/544/463 1009/560/510
f 169/562/463 993/550/500 1691/559/509
f 1100/720/649 176/695/553 1772/721/650
f 1772/721/650 69/676/553 1114/722/651
f 174/605/463 998/723/652 61/508/463
f 1029/724/653 173/699/630 65/686/463
f 1134/636/577 180/692/624 1822/703/634
f 1105/659/597 181/648/553 67/643/553
s 1
f 250/725/654 256/726/655 255/727/656
f 253/728/657 257/729/658 256/726/655
f 255/727/656 267/730/659 264/731/660
f 256/726/655 258/732/661 267/730/659
f 259/733/662 261/734/663 251/735/664
f 260/736/665 262/737/666 259/733/662
f 262/738/666 254/739/667 261/740/663
f 263/741/668 257/742/658 262/737/666
f 252/48/43 266/743/669 265/744/670
f 264/745/671 267/746/672 266/743/669
f 265/744/670 263/741/673 260/736/674
f 266/743/669 258/747/675 263/741/673
f 288/177/156 293/748/676 292/749/677
f 291/750/678 294/751/679 293/748/676
f 292/749/677 305/752/680 302/753/681
f 293/748/676 295/754/682 305/752/680
f 289/755/683 299/756/684 298/757/685
f 296/758/686 300/759/687 299/756/684
f 298/757/685 299/756/684 294/760/688
f 299/756/684 295/761/689 294/760/688
f 301/762/690 303/763/691 290/764/692
f 302/753/681 304/765/693 301/762/690
f 304/766/693 297/767/694 303/768/691
f 305/752/680 300/769/695 304/765/693
f 356/770/119 361/771/696 360/772/697
f 359/773/698 362/774/699 361/775/696
f 360/772/697 372/776/700 369/777/701
f 361/771/696 363/778/702 372/776/700
f 357/105/94 366/779/703 359/780/704
f 364/781/705 367/782/706 366/779/703
f 359/780/704 366/779/703 362/783/707
f 366/779/703 363/778/708 362/783/709
f 368/784/710 370/785/711 358/173/153
f 369/777/701 371/786/712 368/784/710
f 371/786/712 365/787/713 370/785/711
f 372/776/714 367/782/706 371/786/712
f 393/180/158 398/788/715 406/789/716
f 396/790/717 399/791/718 398/792/715
f 406/793/716 398/792/715 409/794/719
f 398/792/715 400/795/720 409/794/721
f 401/796/722 403/797/723 394/798/724
f 402/799/725 404/800/726 401/796/722
f 404/800/726 397/801/727 403/797/723
f 405/802/728 399/791/729 404/800/726
f 395/117/103 408/803/730 407/804/731
f 406/805/732 409/794/733 408/803/730
f 407/804/731 405/802/728 402/799/725
f 408/803/730 400/795/734 405/802/728
s 2
f 413/806/735 415/807/736 410/163/143
f 413/806/735 414/808/737 416/809/738
f 415/807/736 416/809/738 423/810/739
f 417/811/740 419/812/741 411/813/742
f 418/814/743 420/815/744 417/811/745
f 420/815/744 414/808/737 419/812/741
f 420/815/744 423/816/739 416/817/738
f 421/818/746 423/819/739 422/820/747
f 422/820/747 418/814/743 421/821/746
s 6
f 424/219/748 427/822/749 429/823/750
f 427/822/749 428/824/751 429/825/750
s 7
f 429/825/752 435/826/752 433/827/752
s 6
f 430/828/753 431/829/754 425/265/755
s 8
f 430/828/756 435/826/757 429/830/758
s 6
f 431/829/754 429/831/750 428/824/751
s 9
f 433/827/759 434/832/760 432/833/761
s 2
f 436/209/185 440/834/762 439/835/763
s 10
f 440/834/764 1859/836/764 441/837/764
s 2
f 438/233/209 444/838/765 440/839/766
s 11
f 444/838/767 439/840/767 440/841/767
s 12
f 440/841/768 1859/842/768 443/843/769
s 2
f 448/844/770 449/845/771 445/317/291
s 13
f 448/844/772 452/846/773 453/847/774
s 2
f 449/845/771 450/848/775 1860/849/776
f 446/850/777 453/851/778 452/852/779
s 14
f 451/853/780 450/848/781 453/854/782
s 15
f 458/855/783 459/856/784 455/342/785
f 458/855/783 461/857/786 460/858/787
s 16
f 459/856/788 199/859/789 463/860/790
s 17
f 456/285/791 460/861/792 461/862/791
s 18
f 460/863/793 463/864/793 199/859/794
s 19
f 462/865/795 464/866/795 463/867/795
s 2
f 468/868/796 470/869/797 465/870/798
f 469/871/799 471/872/800 468/868/796
f 470/869/797 471/873/800 477/874/801
f 473/875/802 475/876/803 474/877/804
f 475/876/803 469/871/799 474/878/804
f 476/879/805 478/880/806 467/264/239
f 477/874/801 479/881/807 476/879/805
f 479/881/807 473/875/802 478/880/806
f 479/881/807 471/873/800 472/882/808
f 480/272/247 488/883/809 483/884/810
s 20
f 488/885/811 1861/886/812 484/887/813
s 21
f 483/884/814 488/888/814 487/889/815
s 2
f 482/271/246 487/890/816 488/891/817
s 22
f 488/892/818 1861/886/819 486/893/820
s 2
f 492/894/821 494/895/822 489/896/823
f 492/894/821 493/897/824 495/898/825
f 495/898/825 501/899/826 494/895/822
f 495/898/825 496/900/827 503/901/828
f 498/902/829 497/903/830 499/904/831
f 498/905/829 499/904/831 493/906/824
f 497/903/830 493/897/824 499/904/831
f 500/907/832 502/908/833 491/283/257
f 500/907/832 501/899/826 503/909/828
f 502/908/833 503/909/828 497/910/830
f 503/901/828 496/900/827 497/903/830
f 507/911/834 508/912/835 504/913/836
f 507/911/834 511/914/837 514/915/838
f 508/912/835 514/916/838 513/917/839
s 23
f 514/915/840 511/914/841 509/918/840
s 2
f 506/291/265 512/919/842 514/920/843
s 24
f 512/919/844 513/917/845 514/921/845
s 25
f 514/921/846 511/922/847 1858/923/848
s 2
f 518/924/849 520/925/850 515/280/254
f 519/926/851 521/927/852 518/924/849
f 521/927/852 529/928/853 520/925/850
f 521/927/852 522/929/854 532/930/855
s 3
f 516/251/226 526/931/856 525/932/857
f 523/933/858 527/934/859 526/931/856
f 525/932/857 522/935/860 519/936/861
s 26
f 526/937/862 532/938/863 522/929/864
s 2
f 528/939/865 530/940/866 517/299/273
f 529/928/853 531/941/867 528/939/865
f 531/941/867 524/942/868 530/940/866
f 531/941/867 532/938/869 527/943/870
f 536/944/871 538/945/872 533/243/219
f 537/946/873 539/947/874 536/944/871
f 539/947/874 548/948/875 538/945/872
f 539/947/874 540/949/876 541/950/877
s 3
f 534/289/263 545/951/878 544/952/879
f 542/953/880 546/954/881 545/951/878
f 544/952/879 540/955/882 537/956/883
f 545/957/878 541/958/884 540/949/882
s 2
f 547/959/885 549/960/886 535/260/235
f 548/948/875 550/961/887 547/959/885
f 550/961/887 543/962/888 549/960/886
f 550/961/887 541/958/877 546/963/889
f 554/964/890 556/965/891 551/275/249
f 555/966/892 557/967/893 554/964/890
f 557/967/893 566/968/894 556/965/891
f 557/967/893 559/969/895 569/970/896
f 552/254/229 563/971/897 562/972/898
f 561/973/899 563/971/897 560/974/900
f 563/971/897 555/966/892 562/972/898
f 563/971/897 559/969/895 558/975/901
f 565/976/902 567/977/903 553/302/276
f 566/968/894 568/978/904 565/976/902
f 568/978/904 561/973/899 567/977/903
f 568/978/904 559/969/895 564/979/905
f 573/980/906 575/981/907 570/231/207
f 574/982/908 576/983/909 573/980/906
f 576/983/909 585/984/910 575/981/907
f 577/985/911 588/986/912 576/983/909
s 3
f 571/300/274 582/987/913 581/988/914
f 579/989/915 583/990/916 582/987/913
f 581/988/914 577/991/917 574/992/918
f 582/993/913 578/994/919 577/985/917
s 2
f 584/995/920 586/996/921 572/269/244
f 585/984/910 587/997/922 584/995/920
f 587/997/922 580/998/923 586/996/921
f 588/986/924 583/999/925 587/997/922
f 589/1000/926 595/1001/927 594/1002/928
s 27
f 592/1003/929 593/1004/930 595/1001/929
s 2
f 594/1002/928 605/1005/931 602/1006/932
f 595/1007/927 596/1008/933 605/1005/931
f 590/309/283 600/1009/934 599/1010/935
f 597/1011/936 605/1012/937 600/1009/938
f 600/1009/938 593/1004/939 599/1010/940
f 600/1009/938 596/1008/941 595/1007/942
f 601/1013/943 603/1014/944 591/1015/308
f 602/1006/932 604/1016/945 601/1013/943
f 604/1016/946 598/1017/947 603/1014/944
f 609/1018/948 611/1019/949 606/320/294
f 610/1020/950 612/1021/951 609/1018/948
f 612/1021/951 620/1022/952 611/1019/949
f 612/1021/951 613/1023/953 623/1024/954
f 614/1025/955 616/1026/956 607/1027/309
f 615/1028/957 617/1029/958 614/1025/955
f 617/1029/958 610/1020/950 616/1026/956
f 617/1029/958 618/1030/959 613/1031/953
f 619/1032/960 621/1033/961 608/307/281
f 620/1022/952 622/1034/962 619/1032/960
f 622/1034/962 615/1028/957 621/1033/961
f 623/1024/954 618/1030/959 622/1034/962
f 624/319/293 630/1035/963 629/1036/964
f 627/1037/965 636/1038/966 630/1035/967
s 28
f 629/1036/968 630/1039/969 638/1040/968
s 29
f 630/1035/970 636/1038/970 631/1041/970
s 2
f 632/1042/971 634/1043/972 625/1044/200
f 633/1045/973 635/1046/974 632/1042/971
f 635/1046/975 628/1047/976 634/1043/972
f 626/1048/977 640/1049/978 639/1050/979
s 30
f 638/1040/980 640/1049/981 637/1051/982
s 2
f 639/1050/979 636/1052/983 633/1045/973
s 30
f 640/1049/981 631/1041/984 636/1052/985
s 2
f 644/1053/986 646/1054/987 641/225/201
f 645/1055/988 647/1056/989 644/1053/986
f 647/1056/989 655/1057/990 646/1054/987
f 647/1056/989 648/1058/991 658/1059/992
f 649/1060/993 651/1061/994 642/313/287
f 650/1062/995 652/1063/996 649/1060/993
f 652/1063/996 645/1055/988 651/1061/994
f 653/1064/997 648/1058/991 652/1063/996
f 654/1065/998 656/1066/999 643/1067/296
f 655/1057/990 657/1068/1000 654/1065/998
f 657/1068/1000 650/1062/995 656/1066/999
f 657/1068/1000 658/1069/992 653/1064/997
f 659/340/314 665/1070/1001 664/1071/1002
f 662/1072/1003 666/1073/1004 665/1070/1001
f 664/1071/1002 677/1074/1005 674/1075/1006
f 665/1070/1001 667/1076/1007 677/1074/1005
f 668/1077/1008 670/1078/1009 660/1079/300
f 669/1080/1010 671/1081/1011 668/1077/1008
f 671/1081/1011 663/1082/1012 670/1078/1009
f 672/1083/1013 666/1073/1004 671/1081/1011
f 661/1084/1014 676/1085/1015 675/1086/1016
f 673/1087/1017 677/1074/1018 676/1085/1015
f 675/1086/1016 672/1083/1019 669/1080/1010
f 676/1085/1015 667/1076/1020 672/1083/1019
f 678/212/188 683/1088/1021 682/1089/1022
f 681/1090/1023 684/1091/1024 683/1088/1021
f 682/1089/1022 695/1092/1025 692/1093/1026
f 683/1088/1021 685/1094/1027 695/1092/1025
f 679/314/288 689/1095/1028 688/1096/1029
f 686/1097/1030 690/1098/1031 689/1095/1028
f 688/1096/1029 689/1095/1028 684/1091/1032
f 689/1095/1028 685/1094/1027 684/1091/1032
f 691/1099/1033 693/1100/1034 680/1101/313
f 692/1093/1026 694/1102/1035 691/1099/1033
f 694/1102/1035 687/1103/1036 693/1100/1034
f 695/1092/1025 690/1098/1031 694/1102/1035
f 696/344/318 701/1104/1037 709/1105/1038
f 699/1106/1039 702/1107/1040 701/1104/1037
f 709/1105/1038 701/1104/1037 712/1108/1041
f 701/1104/1037 703/1109/1042 712/1108/1041
f 704/1110/1043 706/1111/1044 697/1112/191
f 705/1113/1045 707/1114/1046 704/1110/1043
f 707/1114/1046 700/1115/1047 706/1111/1044
f 708/1116/1048 702/1107/1040 707/1114/1046
f 698/1117/1049 711/1118/1050 710/1119/1051
f 709/1120/1052 712/1108/1053 711/1118/1050
f 710/1119/1051 708/1116/1054 705/1113/1045
f 711/1118/1050 703/1109/1055 708/1116/1054
f 716/1121/1056 718/1122/1057 713/331/305
f 717/1123/1058 719/1124/1059 716/1121/1056
f 719/1124/1059 727/1125/1060 718/1122/1057
f 719/1124/1059 720/1126/1061 730/1127/1062
f 721/1128/1063 723/1129/1064 714/303/277
f 722/1130/1065 724/1131/1066 721/1128/1063
f 724/1131/1066 717/1123/1058 723/1129/1064
f 725/1132/1067 720/1126/1061 724/1131/1066
f 726/1133/1068 728/1134/1069 715/1135/179
f 727/1125/1060 729/1136/1070 726/1133/1068
f 729/1136/1070 722/1130/1065 728/1134/1069
f 729/1136/1070 730/1137/1062 725/1132/1067
f 731/201/177 737/1138/1071 736/1139/1072
f 734/1140/1073 738/1141/1074 737/1138/1071
f 736/1139/1072 749/1142/1075 746/1143/1076
f 737/1138/1071 739/1144/1077 749/1142/1075
f 732/304/278 743/1145/1078 742/1146/1079
f 740/1147/1080 744/1148/1081 743/1145/1078
f 742/1146/1079 738/1141/1082 735/1149/1083
f 743/1145/1078 739/1144/1077 738/1141/1082
f 745/1150/1084 747/1151/1085 733/1152/304
f 746/1143/1076 748/1153/1086 745/1150/1084
f 748/1153/1086 741/1154/1087 747/1151/1085
f 749/1142/1075 744/1148/1081 748/1153/1086
s 4
f 800/477/436 806/1155/1088 805/1156/1089
f 803/1157/1090 807/1158/1091 806/1155/1088
f 805/1156/1092 817/1159/1093 814/1160/1094
f 806/1155/1088 808/1161/1095 817/1159/1093
f 809/1162/1096 811/1163/1097 801/1164/1098
f 810/1165/1099 812/1166/1100 809/1167/1096
f 812/1168/1100 804/1169/1101 811/1163/1097
f 813/1170/1102 807/1158/1091 812/1168/1100
f 802/391/360 816/1171/1103 815/1172/1104
f 814/1173/1105 817/1174/1106 816/1171/1103
f 815/1172/1104 813/1175/1107 810/1165/1099
f 816/1171/1103 808/1176/1108 813/1175/1107
f 821/1177/1109 823/1178/1110 818/530/483
f 822/1179/1111 824/1180/1112 821/1177/1109
f 824/1180/1112 833/1181/1113 823/1178/1110
f 825/1182/1114 836/1183/1115 824/1180/1112
f 819/393/362 830/1184/1116 829/1185/1117
f 827/1186/1118 831/1187/1119 830/1188/1116
f 829/1185/1117 825/1189/1114 822/1190/1111
f 830/1188/1116 826/1191/1120 825/1182/1114
f 820/512/467 835/1192/1121 834/1193/1122
f 832/1194/1123 836/1183/1115 835/1192/1121
f 834/1193/1122 831/1187/1119 828/1195/1124
f 835/1192/1121 826/1191/1120 831/1187/1119
f 852/521/475 857/1196/1125 856/1197/1126
f 855/1198/1127 858/1199/1128 857/1196/1125
f 856/1197/1126 868/1200/1129 865/1201/1130
f 857/1196/1125 859/1202/1131 868/1200/1129
f 853/1203/1132 862/1204/1133 855/1205/1134
f 860/1206/1135 863/1207/1136 862/1204/1133
f 855/1205/1134 862/1204/1133 858/1208/1137
f 862/1204/1133 859/1209/1138 858/1208/1139
f 864/1210/1140 866/1211/1141 854/1212/1142
f 865/1201/1130 867/1213/1143 864/1210/1140
f 867/1214/1143 861/1215/1144 866/1216/1141
f 868/1200/1129 863/1217/1145 867/1213/1143
f 919/1218/1146 924/1219/1147 923/1220/1148
f 922/1221/1149 925/1222/1150 924/1219/1147
f 923/1220/1148 936/1223/1151 933/1224/1152
f 924/1219/1147 926/1225/1153 936/1223/1151
f 920/449/414 930/1226/1154 929/1227/1155
f 927/1228/1156 931/1229/1157 930/1226/1154
f 929/1227/1155 930/1226/1154 925/1230/1158
f 930/1226/1154 926/1231/1159 925/1230/1158
f 932/1232/1160 934/1233/1161 921/517/472
f 933/1234/1152 935/1235/1162 932/1232/1160
f 935/1235/1162 928/1236/1163 934/1233/1161
f 936/1237/1164 931/1229/1157 935/1235/1162
f 940/1238/1165 942/1239/1166 937/1240/486
f 941/1241/1167 943/1242/1168 940/1238/1165
f 942/1239/1166 955/1243/1169 952/1244/1170
f 943/1242/1168 945/1245/1171 955/1243/1169
f 938/518/473 949/1246/1172 948/1247/1173
f 946/1248/1174 950/1249/1175 949/1246/1172
f 948/1247/1173 944/1250/1176 941/1241/1167
f 949/1246/1172 945/1245/1171 944/1250/1176
f 951/1251/1177 953/1252/1178 939/1253/1179
f 952/1244/1170 954/1254/1180 951/1251/1177
f 954/1254/1180 947/1255/1181 953/1252/1178
f 955/1243/1169 950/1249/1175 954/1254/1180
f 971/523/477 976/1256/1182 984/1257/1183
f 974/1258/1184 977/1259/1185 976/1256/1182
f 984/1257/1183 976/1256/1182 987/1260/1186
f 976/1256/1182 978/1261/1187 987/1260/1188
f 979/1262/1189 981/1263/1190 972/1264/1191
f 980/1265/1192 982/1266/1193 979/1262/1189
f 982/1266/1193 975/1267/1194 981/1263/1190
f 983/1268/1195 977/1259/1196 982/1266/1193
f 973/461/423 986/1269/1197 985/1270/1198
f 984/1271/1199 987/1260/1200 986/1269/1197
f 985/1270/1198 983/1268/1195 980/1265/1192
f 986/1269/1197 978/1261/1201 983/1268/1195
s 5
f 1038/1272/1202 1044/1273/1203 1043/1274/1204
f 1041/1275/1205 1045/1276/1206 1044/1273/1203
f 1043/1274/1204 1055/1277/1207 1052/1278/1208
f 1044/1273/1203 1046/1279/1209 1055/1277/1207
f 1047/1280/1210 1049/1281/1211 1039/1282/1212
f 1048/1283/1213 1050/1284/1214 1047/1285/1210
f 1050/1286/1214 1042/1287/1215 1049/1281/1211
f 1051/1288/1216 1045/1276/1206 1050/1286/1214
f 1040/583/531 1054/1289/1217 1053/1290/1218
f 1052/1291/1219 1055/1292/1220 1054/1289/1217
f 1053/1290/1218 1051/1293/1221 1048/1283/1222
f 1054/1289/1217 1046/1294/1223 1051/1293/1221
f 1076/709/639 1081/1295/1224 1080/1296/1225
f 1079/1297/1226 1082/1298/1227 1081/1295/1224
f 1080/1296/1225 1093/1299/1228 1090/1300/1229
f 1081/1295/1224 1083/1301/1230 1093/1299/1228
f 1077/1302/1231 1087/1303/1232 1086/1304/1233
f 1084/1305/1234 1088/1306/1235 1087/1303/1232
f 1086/1304/1233 1087/1303/1232 1082/1307/1236
f 1087/1303/1232 1083/1308/1237 1082/1307/1236
f 1089/1309/1238 1091/1310/1239 1078/1311/1240
f 1090/1300/1229 1092/1312/1241 1089/1309/1238
f 1092/1313/1241 1085/1314/1242 1091/1315/1239
f 1093/1299/1228 1088/1316/1243 1092/1312/1241
f 1144/671/606 1148/1317/1244 1147/1318/1245
f 1153/1319/1246 1149/1320/1247 1148/1321/1244
f 1147/1318/1245 1160/1322/1248 1157/1323/1249
f 1148/1317/1244 1150/1324/1250 1160/1322/1248
f 1145/640/581 1154/1325/1251 1153/1326/1252
f 1151/1327/1253 1155/1328/1254 1154/1325/1251
f 1153/1326/1252 1154/1325/1251 1149/1329/1255
f 1154/1325/1251 1150/1324/1256 1149/1329/1255
f 1156/1330/1257 1158/1331/1258 1146/705/636
f 1157/1323/1249 1159/1332/1259 1156/1330/1257
f 1159/1332/1259 1152/1333/1260 1158/1331/1258
f 1160/1322/1261 1155/1328/1254 1159/1332/1259
f 1181/1334/641 1187/1335/1262 1186/1336/1263
f 1184/1337/1264 1188/1338/1265 1187/1335/1262
f 1186/1336/1263 1187/1335/1262 1197/1339/1266
f 1187/1335/1262 1189/1340/1267 1197/1339/1266
f 1190/1341/1268 1192/1342/1269 1182/1343/1270
f 1191/1344/1271 1193/1345/1272 1190/1341/1268
f 1193/1345/1272 1185/1346/1273 1192/1342/1269
f 1194/1347/1274 1188/1338/1275 1193/1345/1272
f 1183/652/590 1196/1348/1276 1195/1349/1277
f 1186/1350/1278 1197/1339/1279 1196/1348/1276
f 1195/1349/1277 1194/1347/1274 1191/1344/1271
f 1196/1348/1276 1189/1340/1280 1194/1347/1274
s 1
f 221/25/22 1200/1351/1281 224/1352/1282
f 224/1352/1282 1201/1353/1283 223/1354/1284
f 223/1354/1285 1202/1355/1286 222/1356/1287
f 1202/1357/1286 220/182/160 222/1358/1287
f 1198/24/21 207/1359/1288 1200/1351/1281
f 1200/1351/1281 208/1360/1289 1201/1353/1283
f 1201/1361/1290 209/1362/1291 1202/1357/1286
f 209/1362/1291 1199/139/122 1202/1357/1286
f 1203/1363/55 229/1364/1292 226/1365/7
f 1205/1366/1293 228/1367/1294 229/1364/1292
f 1206/1368/1295 227/1369/1296 228/1367/1297
f 227/1369/1296 1204/119/105 225/21/18
f 210/1370/169 1205/1366/1293 1203/1363/55
f 212/1371/1298 1206/1368/1299 1205/1366/1293
f 213/1372/1300 1207/1373/1301 1206/1368/1295
f 1207/1373/1301 211/18/15 1204/119/105
f 1208/129/114 204/1374/1302 201/3/3
f 1210/1375/1303 203/1376/1304 204/1374/1302
f 1211/1377/1305 202/1378/1306 203/1376/1307
f 202/1379/1306 1209/4/4 200/16/13
f 221/25/22 1210/1375/1303 1208/129/114
f 224/1352/1282 1211/1377/1308 1210/1375/1303
f 223/1354/1285 1212/1380/1309 1211/1377/1305
f 1212/1381/1309 220/182/160 1209/4/4
f 216/1382/139 1215/1383/1310 219/1384/1311
f 219/1384/1311 1216/1385/1312 218/1386/1313
f 218/1386/1314 1217/1387/1315 217/1388/1316
f 1217/1387/1315 215/10/8 217/1388/1316
f 1213/1389/23 229/1364/1292 1215/1383/1310
f 1215/1383/1310 228/1367/1294 1216/1385/1312
f 1216/1385/1317 227/1369/1296 1217/1387/1315
f 227/1369/1296 1214/23/20 1217/1387/1315
f 231/1390/140 1220/1391/1318 234/1392/1319
f 234/1392/1319 1221/1393/1320 233/1394/1321
f 233/1394/1322 1222/1395/1323 232/1396/1324
f 1222/1395/1323 230/29/25 232/1396/1324
f 1218/1397/135 219/1384/1311 1220/1391/1318
f 1220/1391/1318 218/1386/1313 1221/1393/1320
f 1221/1393/1325 217/1388/1316 1222/1395/1323
f 217/1388/1316 1219/12/10 1222/1395/1323
f 205/15/12 1225/1398/1326 207/1359/1288
f 207/1359/1288 1226/1399/1327 208/1360/1289
f 208/1400/1328 1227/1401/1329 209/1362/1291
f 1227/1401/1329 206/35/31 209/1362/1291
f 1223/14/11 237/1402/1330 1225/1398/1326
f 1225/1398/1326 238/1403/1331 1226/1399/1327
f 1226/1404/1332 239/1405/1333 1227/1401/1329
f 239/1405/1333 1224/33/29 1227/1401/1329
f 235/44/39 1230/1406/1334 237/1402/1330
f 237/1402/1330 1231/1407/1335 238/1403/1331
f 238/1408/1336 1232/1409/1337 239/1405/1333
f 1232/1409/1337 236/32/28 239/1405/1333
f 1228/53/47 247/1410/1338 1230/1406/1334
f 1230/1406/1334 248/1411/1339 1231/1407/1335
f 1231/1412/1340 249/1413/1341 1232/1409/1337
f 249/1413/1341 1229/30/26 1232/1409/1337
f 241/1414/170 1235/1415/1342 244/1416/1343
f 244/1416/1343 1236/1417/1344 243/1418/1345
f 243/1418/1346 1237/1419/1347 242/1420/1348
f 1237/1419/1347 240/39/35 242/1420/1348
f 1233/1421/163 234/1392/1319 1235/1415/1342
f 1235/1415/1342 233/1394/1321 1236/1417/1344
f 1236/1417/1349 232/1396/1324 1237/1419/1347
f 232/1396/1324 1234/37/33 1237/1419/1347
f 1238/170/150 272/1422/1350 269/168/148
f 1240/1423/1351 271/1424/1352 272/1422/1350
f 1241/1425/1353 270/1426/1354 271/1424/1352
f 1242/1427/1355 268/1428/44 270/1426/1354
f 251/1429/664 1240/1423/1351 1238/170/150
f 261/740/663 1241/1425/1353 1240/1423/1351
f 254/739/667 1242/1427/1355 1241/1425/1353
f 253/728/657 1239/133/116 1242/1427/1355
f 245/52/46 1245/1430/1356 247/1410/1338
f 247/1410/1338 1246/1431/1357 248/1411/1339
f 248/1432/1358 1247/1433/1359 249/1413/1341
f 249/1413/1341 1244/40/36 246/42/38
f 1243/152/134 272/1422/1350 1245/1430/1356
f 1245/1430/1360 271/1424/1352 1246/1431/1357
f 1246/1434/1361 270/1435/1354 1247/1433/1359
f 270/1435/1354 1244/40/36 1247/1433/1359
f 251/735/664 1250/1436/1362 259/733/662
f 259/733/662 1251/1437/1363 260/736/665
f 260/736/674 1252/1438/1364 265/744/670
f 265/744/670 1249/46/41 252/48/43
f 1248/1439/149 244/1416/1343 1250/1436/1362
f 1250/1436/1362 243/1418/1345 1251/1437/1363
f 1251/1437/1365 242/1420/1348 1252/1438/1364
f 1252/1438/1364 240/39/35 1249/46/41
f 1253/1440/62 212/1371/1298 210/1370/169
f 1255/1441/1366 213/1372/1367 212/1371/1298
f 1256/1442/1368 214/1443/1369 213/1372/1300
f 214/1443/1369 1254/162/142 211/18/15
f 278/1444/113 1255/1441/1366 1253/1440/62
f 280/1445/1370 1256/1442/1371 1255/1441/1366
f 281/1446/1372 1257/1447/1373 1256/1442/1368
f 1257/1447/1373 279/58/52 1254/162/142
f 1258/1/1 277/1448/1374 274/178/157
f 1260/1449/1375 276/1450/1376 277/1448/1374
f 1261/1451/1377 275/1452/1378 276/1450/1379
f 275/1453/1378 1259/54/48 273/56/50
f 201/3/3 1260/1449/1375 1258/1/1
f 204/1374/1302 1261/1451/1380 1260/1449/1375
f 203/1376/1307 1262/1454/1381 1261/1451/1377
f 1262/1455/1381 200/16/13 1259/54/48
f 290/764/692 1265/1456/1382 301/762/690
f 301/762/690 1266/1457/1383 302/753/681
f 302/753/681 1267/1458/1384 292/749/677
f 292/749/677 1264/175/106 288/177/156
f 1263/143/125 285/1459/1385 1265/1456/1382
f 1265/1456/1382 286/1460/1386 1266/1457/1383
f 1266/1457/1383 287/1461/1387 1267/1458/1384
f 1267/1458/1384 284/1462/58 1264/175/106
f 1268/1463/126 280/1445/1370 278/1444/113
f 1270/1464/1388 281/1446/1389 280/1445/1370
f 1271/1465/1390 282/1466/1391 281/1446/1372
f 1272/1467/1392 279/58/52 282/1466/1391
f 290/1468/692 1270/1464/1388 1268/1463/126
f 303/768/691 1271/1465/1393 1270/1464/1388
f 297/767/1394 1272/1467/1392 1271/1465/1390
f 296/758/686 1269/66/60 1272/1467/1392
f 1273/146/128 285/1459/1385 283/145/127
f 1275/1469/1395 286/1460/1386 285/1459/1385
f 1276/1470/1396 287/1461/1387 286/1460/1386
f 287/1471/1387 1274/62/56 284/64/58
f 274/178/157 1275/1469/1395 1273/146/128
f 277/1448/1374 1276/1470/1397 1275/1469/1395
f 276/1450/1379 1277/1472/1398 1276/1470/1396
f 275/1453/1378 1274/62/56 1277/1473/1398
f 1278/142/124 330/1474/1399 327/71/63
f 1280/1475/1400 329/1476/1401 330/1474/1399
f 1281/1477/1402 328/1478/1403 329/1476/1401
f 1282/1479/1404 326/192/168 328/1478/1403
f 311/91/81 1280/1475/1400 1278/142/124
f 313/1480/1405 1281/1477/1402 1280/1475/1400
f 314/1481/1406 1282/1479/1404 1281/1477/1402
f 315/1482/1407 1279/191/167 1282/1479/1404
f 332/85/75 1285/1483/1408 335/1484/1409
f 335/1484/1409 1286/1485/1410 334/1486/1411
f 334/1486/1411 1287/1487/1412 333/1488/1413
f 333/1488/1413 1284/123/109 331/126/112
f 1283/84/74 318/1489/1414 1285/1483/1408
f 1285/1483/1408 319/1490/1415 1286/1485/1410
f 1286/1485/1410 320/1491/1416 1287/1487/1412
f 1287/1487/1412 317/124/110 1284/123/109
f 307/81/71 1290/1492/1417 310/1493/1418
f 310/1493/1418 1291/1494/1419 309/1495/1420
f 309/1495/1420 1292/1496/1421 308/1497/1422
f 308/1497/1422 1289/140/123 306/106/95
f 1288/72/64 330/1474/1399 1290/1492/1417
f 1290/1492/1417 329/1476/1401 1291/1494/1419
f 1291/1494/1419 328/1478/1403 1292/1496/1421
f 1292/1496/1421 326/192/168 1289/140/123
f 1293/86/76 325/1498/1423 322/125/111
f 1295/1499/1424 324/1500/1425 325/1498/1423
f 1296/1501/1426 323/1502/1427 324/1500/1425
f 1297/1503/1428 321/183/161 323/1502/1427
f 332/85/75 1295/1499/1424 1293/86/76
f 335/1484/1409 1296/1501/1426 1295/1499/1424
f 334/1486/1411 1297/1503/1428 1296/1501/1426
f 333/1488/1413 1294/161/141 1297/1503/1428
f 1298/77/68 340/1504/1429 337/155/136
f 1300/1505/1430 339/1506/1431 340/1504/1429
f 1301/1507/1432 338/1508/1433 339/1506/1431
f 1302/1509/1434 336/78/69 338/1508/1433
f 322/125/111 1300/1505/1430 1298/77/68
f 325/1498/1423 1301/1507/1432 1300/1505/1430
f 324/1500/1425 1302/1509/1434 1301/1507/1432
f 323/1502/1427 1299/94/84 1302/1509/1434
f 1303/92/82 313/1480/1405 311/91/81
f 1305/1510/1435 314/1481/1406 313/1480/1405
f 1306/1511/1436 315/1482/1407 314/1481/1406
f 1307/1512/1437 312/190/166 315/1482/1407
f 341/97/86 1305/1510/1435 1303/92/82
f 343/1513/1438 1306/1511/1436 1305/1510/1435
f 344/1514/1439 1307/1512/1437 1306/1511/1436
f 345/1515/1440 1304/74/66 1307/1512/1437
f 1308/98/87 343/1513/1438 341/97/86
f 1310/1516/1441 344/1514/1439 343/1513/1438
f 1311/1517/1442 345/1515/1440 344/1514/1439
f 1312/1518/1443 342/138/121 345/1515/1440
f 351/102/91 1310/1516/1441 1308/98/87
f 353/1519/1444 1311/1517/1442 1310/1516/1441
f 354/1520/1445 1312/1518/1443 1311/1517/1442
f 355/1521/1446 1309/184/162 1312/1518/1443
f 1313/93/83 350/1522/1447 347/187/164
f 1315/1523/1448 349/1524/1449 350/1522/1447
f 1316/1525/1450 348/1526/1451 349/1524/1449
f 1317/1527/1452 346/101/90 348/1526/1451
f 337/155/136 1315/1523/1448 1313/93/83
f 340/1504/1429 1316/1525/1450 1315/1523/1448
f 339/1506/1431 1317/1527/1452 1316/1525/1450
f 338/1508/1433 1314/80/70 1317/1527/1452
f 374/189/165 1320/1528/1453 377/1529/1454
f 377/1529/1454 1321/1530/1455 376/1531/1456
f 376/1531/1456 1322/1532/1457 375/1533/1458
f 375/1533/1458 1319/172/152 373/174/154
f 1318/1534/120 360/772/697 1320/1528/1453
f 1320/1528/1453 369/777/701 1321/1530/1455
f 1321/1530/1455 368/784/710 1322/1532/1457
f 1322/1532/1457 358/173/153 1319/172/152
f 1323/104/93 353/1519/1444 351/102/91
f 1325/1535/1459 354/1520/1445 353/1519/1444
f 1326/1536/1460 355/1521/1446 354/1520/1445
f 1327/1537/1461 352/181/159 355/1521/1446
f 374/189/165 1325/1535/1459 1323/104/93
f 377/1529/1454 1326/1536/1460 1325/1535/1459
f 376/1531/1456 1327/1537/1461 1326/1536/1460
f 375/1533/1458 1324/156/137 1327/1537/1461
f 1328/99/88 364/781/705 357/105/94
f 1330/1538/1462 365/787/713 364/781/705
f 1331/1539/1463 370/785/711 365/787/713
f 1332/1540/1464 358/173/153 370/785/711
f 347/187/164 1330/1538/1462 1328/99/88
f 350/1522/1447 1331/1539/1463 1330/1538/1462
f 349/1524/1449 1332/1540/1464 1331/1539/1463
f 348/1526/1451 1329/171/151 1332/1540/1464
f 316/88/78 1335/1541/1465 318/1489/1414
f 318/1489/1414 1336/1542/1466 319/1490/1415
f 319/1490/1415 1337/1543/1467 320/1491/1416
f 320/1491/1416 1334/166/146 317/124/110
f 1333/109/96 385/1544/1468 1335/1541/1465
f 1335/1541/1465 386/1545/1469 1336/1542/1466
f 1336/1542/1466 387/1546/1470 1337/1543/1467
f 1337/1543/1467 384/130/115 1334/166/146
f 379/111/98 1340/1547/1471 382/1548/1472
f 382/1548/1472 1341/1549/1473 381/1550/1474
f 381/1550/1474 1342/1551/1475 380/1552/1476
f 380/1552/1476 1339/115/101 378/114/100
f 1338/82/72 310/1493/1418 1340/1547/1471
f 1340/1547/1471 309/1495/1420 1341/1549/1473
f 1341/1549/1473 308/1497/1422 1342/1551/1475
f 1342/1551/1475 306/106/95 1339/115/101
f 1343/1553/108 396/1554/717 393/180/158
f 1345/1555/1477 397/801/727 396/790/717
f 1346/1556/1478 403/797/723 397/801/727
f 1347/1557/1479 394/798/724 403/797/723
f 388/118/104 1345/1555/1477 1343/122/108
f 390/1558/1480 1346/1556/1478 1345/1555/1477
f 391/1559/1481 1347/1557/1479 1346/1556/1478
f 392/1560/1482 1344/150/132 1347/1557/1479
f 383/110/97 1350/1561/1483 385/1544/1468
f 385/1544/1468 1351/1562/1484 386/1545/1469
f 386/1545/1469 1352/1563/1485 387/1546/1470
f 387/1546/1470 1349/149/131 384/130/115
f 1348/116/102 407/804/731 1350/1561/1483
f 1350/1561/1483 402/799/725 1351/1562/1484
f 1351/1562/1484 401/796/722 1352/1563/1485
f 1352/1563/1485 394/798/724 1349/149/131
f 388/118/104 1355/1564/1486 390/1558/1480
f 390/1558/1480 1356/1565/1487 391/1559/1481
f 391/1559/1481 1357/1566/1488 392/1560/1482
f 392/1560/1482 1354/148/130 389/147/129
f 1353/112/99 382/1548/1472 1355/1564/1486
f 1355/1564/1486 381/1550/1474 1356/1565/1487
f 1356/1565/1487 380/1552/1476 1357/1566/1488
f 1357/1566/1488 378/114/100 1354/148/130
f 395/117/103 1360/1567/1489 406/1568/732
f 406/789/1490 1359/176/155 393/180/1491
f 1358/67/61 298/757/1492 1360/1567/1489
s 31
f 1360/1569/1493 298/1570/1494 291/750/1495
s 1
f 1360/1571/1496 288/177/156 1359/176/155
f 252/48/43 1363/1572/1497 264/1573/1498
s 32
f 264/731/1499 1363/1574/1499 255/727/1499
s 1
f 1363/1574/1500 250/725/654 255/727/1501
f 357/105/94 1363/1572/1497 1361/47/42
f 359/1575/698 1362/134/117 1363/1574/1500
s 2
f 535/260/235 1366/1576/1502 547/959/885
f 547/959/885 1367/1577/1503 548/948/875
f 1367/1577/1503 538/945/872 548/948/875
f 1368/1578/1504 533/243/219 538/945/872
f 1364/259/234 556/965/891 1366/1576/1502
f 1366/1576/1502 566/968/894 1367/1577/1503
f 566/968/894 1368/1578/1504 1367/1577/1503
f 565/976/902 1365/261/236 1368/1578/1504
f 1369/253/228 560/974/900 552/254/229
f 1371/1579/1505 561/973/899 560/974/900
f 561/973/899 1373/1580/1506 567/977/903
f 567/977/903 1370/240/216 553/302/276
f 570/231/207 1371/1579/1505 1369/253/228
f 575/981/907 1372/1581/1507 1371/1579/1505
f 1372/1581/1507 584/995/920 1373/1580/1506
f 1373/1580/1506 572/269/244 1370/240/216
s 3
f 1374/288/262 579/989/915 571/300/274
f 1376/1582/1508 580/1583/1509 579/989/915
s 2
f 580/998/923 1377/1584/1510 586/996/921
f 1377/1584/1510 572/269/244 586/996/921
s 3
f 1374/288/262 544/952/879 1376/1582/1508
f 1376/1582/1508 537/956/883 1377/1585/1511
s 2
f 1377/1586/1510 537/946/873 536/944/871
f 1377/1584/1510 533/243/219 1375/242/218
f 517/299/273 1380/1587/1512 528/939/865
f 528/939/865 1381/1588/1513 529/928/853
f 1381/1588/1513 520/925/850 529/928/853
f 1382/1589/1514 515/280/254 520/925/850
f 1378/295/269 562/972/898 1380/1587/1512
f 1380/1587/1512 555/966/892 1381/1588/1513
f 555/966/892 1382/1589/1514 1381/1588/1513
f 554/964/890 1379/274/248 1382/1589/1514
s 3
f 1383/249/224 542/953/880 534/289/263
f 1385/1590/1515 543/1591/1516 542/953/880
s 2
f 543/962/888 1386/1592/1517 549/960/886
f 1386/1592/1517 535/260/235 549/960/886
s 3
f 1383/249/224 525/932/857 1385/1590/1515
f 1385/1590/1515 519/936/861 1386/1593/1518
s 2
f 1386/1594/1517 519/926/851 518/924/849
f 1386/1592/1517 515/280/254 1384/228/204
s 3
f 1387/250/225 523/933/858 516/251/226
f 1389/1595/1519 524/1596/1520 523/933/858
s 2
f 1390/1597/1521 530/940/866 524/942/868
f 1391/1598/1522 517/299/273 530/940/866
s 3
f 1387/250/225 581/988/914 1389/1595/1519
f 1389/1595/1519 574/992/918 1390/1599/1523
s 2
f 1390/1597/1521 573/980/906 1391/1598/1524
f 1391/1598/1522 570/231/207 1388/230/206
f 436/209/185 1394/1600/1525 440/1601/762
f 440/1601/762 1395/1602/1526 1859/1603/1527
f 1859/1603/1527 1396/1604/1528 442/1605/1529
f 442/1605/1529 1393/246/221 437/315/289
f 410/163/143 1394/1600/1525 1392/210/186
f 415/807/736 1395/1602/1526 1394/1600/1525
f 423/810/1530 1396/1604/1528 1395/1602/1526
f 421/818/1531 1393/246/221 1396/1604/1528
f 1397/258/233 454/1606/1532 447/216/192
f 1399/1607/1533 1860/849/1534 454/1606/1532
f 1400/1608/1535 449/845/771 1860/849/1536
f 1401/1609/1537 445/317/291 449/845/771
f 1397/258/233 421/821/1531 1399/1607/1533
f 1399/1607/1533 418/814/1538 1400/1608/1535
f 1400/1608/1535 417/811/740 1401/1609/1537
f 1401/1609/1537 411/813/742 1398/236/212
f 1402/316/290 442/1610/1529 437/315/289
f 1404/1611/1539 443/843/1540 442/1610/1529
f 1405/1612/1541 440/839/1542 443/843/1540
f 1406/1613/1543 438/233/209 440/839/766
f 1402/316/290 454/1614/1532 1404/1611/1539
f 1404/1611/1539 451/853/1544 1405/1612/1541
f 1405/1612/1541 453/854/778 1406/1613/1543
f 1406/1613/1543 446/850/777 1403/247/222
f 465/870/798 1409/1615/1545 468/868/796
f 468/868/796 1410/1616/1546 469/871/799
f 469/871/799 1411/1617/1547 474/878/804
f 474/878/804 1408/278/252 466/321/295
f 424/219/195 1409/1615/1545 1407/297/271
f 429/823/1548 1410/1616/1546 1409/1615/1545
f 433/827/1549 1411/1617/1547 1410/1616/1546
f 432/833/1550 1408/278/252 1411/1617/1547
f 480/272/247 1414/1618/1551 488/885/809
f 488/885/1552 1415/1619/1553 1861/1620/1554
f 1861/1620/1554 1416/1621/1555 485/1622/1556
f 485/1622/1556 1413/337/311 481/206/182
f 467/264/239 1414/1618/1551 1412/262/237
f 478/880/806 1415/1619/1553 1414/1618/1551
f 473/875/802 1416/1621/1555 1415/1619/1553
f 474/877/804 1413/337/311 1416/1621/1555
f 1417/208/184 485/1623/1556 481/206/182
f 1419/1624/1557 486/893/1558 485/1623/1556
f 1420/1625/1559 488/891/1560 486/893/1558
f 1421/1626/1561 482/271/246 488/891/817
f 1417/208/184 432/1627/1550 1419/1624/1557
f 1419/1624/1557 433/1628/1562 1420/1625/1559
f 1420/1625/1559 430/828/1563 1421/1626/1561
f 1421/1626/1561 425/265/240 1418/267/242
f 1422/256/231 462/1629/1564 457/195/171
f 1424/1630/1565 463/860/1566 462/1629/1564
f 1425/1631/1567 459/856/1568 463/860/1566
f 1426/1632/1569 455/342/316 459/856/1568
f 1422/256/231 498/905/1570 1424/1630/1565
f 1424/1630/1565 493/906/824 1425/1631/1567
f 1425/1631/1567 492/894/821 1426/1632/1569
f 1426/1632/1569 489/896/823 1423/292/266
f 1427/327/301 498/902/1570 490/279/253
f 1429/1633/1571 497/910/830 498/902/1570
f 1430/1634/1572 502/908/833 497/910/830
f 1431/1635/1573 491/283/257 502/908/833
f 1427/327/301 510/1636/1574 1429/1633/1571
f 1430/1634/1572 507/911/834 1431/1635/1573
f 1431/1635/1573 504/913/836 1428/198/174
f 1432/341/315 510/1637/1574 505/328/302
f 1434/1638/1575 1858/923/1576 510/1637/1574
f 1435/1639/1577 514/920/843 1858/923/1578
f 1436/1640/1579 506/291/265 514/920/843
f 1432/341/315 462/865/1564 1434/1638/1575
f 1434/1638/1575 463/867/1580 1435/1639/1581
f 1435/1639/1577 460/863/1582 1436/1640/1579
f 1436/1640/1579 456/285/259 1433/287/261
f 591/1015/308 1439/1641/1583 601/1013/943
f 601/1013/943 1440/1642/1584 602/1006/932
f 602/1006/932 1441/1643/1585 594/1002/928
f 594/1002/928 1438/282/256 589/1000/926
f 1437/1644/307 616/1026/956 1439/1641/1583
f 1439/1641/1583 610/1020/950 1440/1642/1584
f 1440/1642/1584 609/1018/948 1441/1643/1585
f 1441/1643/1585 606/320/294 1438/282/256
f 1442/308/282 627/1037/965 624/319/293
f 1444/1645/1586 628/1047/976 627/1037/965
f 1445/1646/1587 634/1043/972 628/1047/976
f 1446/1647/1588 625/1044/200 634/1043/972
f 608/307/281 1444/1645/1586 1442/308/282
f 621/1033/961 1445/1646/1587 1444/1645/1586
f 615/1028/957 1446/1647/1588 1445/1646/1587
f 614/1025/955 1443/1648/198 1446/1647/1588
f 1447/310/284 597/1011/936 590/309/283
f 1449/1649/1589 598/1017/947 597/1011/936
f 1450/1650/1590 603/1014/944 598/1017/947
f 1451/1651/1591 591/1015/308 603/1014/944
f 1447/310/284 639/1050/979 1449/1649/1589
f 1449/1649/1589 633/1045/973 1450/1650/1590
f 1450/1650/1590 632/1042/971 1451/1651/1591
f 1451/1651/1591 625/1044/200 1448/1652/199
f 1452/1653/298 654/1065/998 643/1067/296
f 1454/1654/1592 655/1057/990 654/1065/998
f 1455/1655/1593 646/1054/987 655/1057/990
f 646/1054/987 1453/226/202 641/225/201
f 660/1079/300 1454/1654/1592 1452/1653/298
f 670/1078/1009 1455/1655/1593 1454/1654/1592
f 663/1082/1012 1456/1656/1594 1455/1655/1593
f 662/1072/1003 1453/226/202 1456/1656/1594
f 680/1101/313 1459/1657/1595 691/1099/1033
f 691/1099/1033 1460/1658/1596 692/1093/1026
f 692/1093/1026 1461/1659/1597 682/1089/1022
f 682/1089/1022 1458/213/189 678/212/188
f 1457/1660/312 656/1066/999 1459/1657/1595
f 1459/1657/1595 650/1062/995 1460/1658/1596
f 1460/1658/1596 649/1060/993 1461/1659/1597
f 1461/1659/1597 642/313/287 1458/213/189
f 1462/312/286 686/1097/1030 679/314/288
f 1464/1661/1598 687/1103/1036 686/1097/1030
f 1465/1662/1599 693/1100/1034 687/1103/1036
f 1466/1663/1600 680/1101/313 693/1100/1034
f 1462/312/286 675/1086/1016 1464/1661/1598
f 1464/1661/1598 669/1080/1010 1465/1662/1599
f 1465/1662/1599 668/1077/1008 1466/1663/1600
f 1466/1663/1600 660/1079/300 1463/1664/299
f 1467/332/306 699/1106/1039 696/344/318
f 1469/1665/1601 700/1115/1047 699/1106/1039
f 1470/1666/1602 706/1111/1044 700/1115/1047
f 1471/1667/1603 697/1112/191 706/1111/1044
f 713/331/305 1469/1665/1601 1467/332/306
f 718/1122/1057 1470/1666/1602 1469/1665/1601
f 727/1125/1060 1471/1667/1603 1470/1666/1602
f 726/1133/1068 1468/1668/181 1471/1667/1603
f 714/303/277 1474/1669/1604 721/1128/1063
f 721/1128/1063 1475/1670/1605 722/1130/1065
f 722/1130/1065 1476/1671/1606 728/1134/1069
f 728/1134/1069 1473/1672/303 715/1135/179
f 1472/202/178 736/1139/1072 1474/1669/1604
f 1474/1669/1604 746/1143/1076 1475/1670/1605
f 1475/1670/1605 745/1150/1084 1476/1671/1606
f 1476/1671/1606 733/1152/304 1473/1672/303
f 1477/306/280 740/1147/1080 732/304/278
f 1479/1673/1607 741/1154/1087 740/1147/1080
f 1480/1674/1608 747/1151/1085 741/1154/1087
f 1481/1675/1609 733/1152/304 747/1151/1085
f 1477/306/280 710/1119/1051 1479/1673/1607
f 1479/1673/1607 705/1113/1045 1480/1674/1608
f 1480/1674/1608 704/1110/1043 1481/1675/1609
f 1481/1675/1609 697/1112/191 1478/1676/190
f 410/163/143 1484/1677/1610 413/806/735
f 413/806/735 1485/1678/1611 414/808/1612
f 414/808/1612 1486/1679/1613 419/812/741
f 419/812/741 1483/237/213 411/813/742
f 1482/165/145 611/1019/949 1484/1677/1610
f 611/1019/949 1485/1678/1611 1484/1677/1610
f 1485/1678/1611 619/1032/960 1486/1679/1613
f 619/1032/960 1483/237/213 1486/1679/1613
f 626/1048/977 1489/1680/1614 637/1051/1615
f 637/1051/1615 1489/1681/1614 638/1040/1616
s 33
f 638/1040/1617 1490/1682/1618 629/1036/1619
s 2
f 1490/1682/1620 624/319/293 629/1036/964
f 1487/248/223 452/852/779 1489/1680/1614
s 33
f 452/846/1621 1490/1682/1618 1489/1681/1622
s 2
f 448/844/1623 1488/318/292 1490/1682/1620
f 1491/221/197 427/822/1624 424/219/195
f 1493/1683/1625 428/824/1626 427/822/1626
f 428/824/1627 1494/1684/1628 431/829/1629
f 431/829/1629 1492/311/285 425/265/240
f 659/340/314 1493/1683/1630 1491/221/197
f 664/1071/1002 1494/1685/1631 1493/1683/1625
f 1494/1685/1628 674/1075/1632 673/1087/1017
f 673/1087/1017 1492/311/285 1494/1684/1628
f 1495/1686/1633 681/1090/1634 678/212/188
f 681/1090/1023 1497/1687/1635 688/1688/1636
f 688/1096/1029 1496/270/245 679/314/288
f 1495/1686/1633 483/884/810 1497/1689/1637
s 34
f 1497/1689/1638 483/884/1638 487/889/1638
s 2
f 487/890/816 1496/270/245 1497/1690/1639
f 491/283/257 1500/1691/1640 500/907/832
f 500/907/832 1501/1692/1641 501/899/1642
f 501/899/1642 1502/1693/1643 494/895/822
f 494/895/822 1499/293/267 489/896/823
f 1498/284/258 723/1129/1064 1500/1691/1640
f 1500/1691/1640 717/1123/1058 1501/1692/1641
f 1501/1692/1641 716/1121/1056 1502/1693/1643
f 1502/1693/1643 713/331/305 1499/293/267
f 1503/305/279 709/1694/1052 698/1117/1049
f 1505/1695/1644 696/344/318 709/1105/1038
f 1503/305/279 461/862/1645 1505/1696/1646
s 35
f 1505/1697/1647 461/857/1647 458/855/1648
s 2
f 458/855/1649 1504/343/317 1505/1695/1644
f 589/1000/926 1508/1698/1650 592/1003/1651
f 592/1003/1651 1508/1699/1650 593/1004/1652
s 36
f 593/1004/1653 1509/1700/1654 599/1010/1655
s 2
f 1509/1700/1656 590/309/283 599/1010/935
f 1506/281/255 439/835/763 1508/1698/1650
s 36
f 1508/1699/1657 444/838/1658 1509/1700/1654
s 2
f 444/838/765 1507/235/211 1509/1700/1656
f 467/264/239 1512/1701/1659 476/879/805
f 476/879/805 1513/1702/1660 477/874/1661
f 477/874/1661 1514/1703/1662 470/869/797
f 470/869/797 1511/298/272 465/870/798
f 1510/263/238 651/1061/994 1512/1701/1659
f 1512/1701/1659 645/1055/988 1513/1702/1660
f 1513/1702/1660 644/1053/986 1514/1703/1662
f 1514/1703/1662 641/225/201 1511/298/272
f 506/291/265 1517/1704/1663 512/919/842
f 512/919/1664 1518/1705/1665 513/917/1666
f 513/917/839 1518/1706/1667 508/912/835
f 508/912/835 1516/199/175 504/913/836
f 1515/290/264 742/1146/1079 1517/1704/1663
f 1517/1704/1668 735/1149/1083 1518/1705/1665
f 1518/1705/1669 735/1149/1670 734/1140/1073
f 1518/1706/1671 731/201/177 1516/199/175
s 4
f 771/369/340 1521/1707/1672 774/1708/1673
f 774/1708/1673 1522/1709/1674 773/1710/1675
f 773/1710/1676 1523/1711/1677 772/1712/1678
f 1523/1713/1677 770/526/479 772/1714/1678
f 1519/368/339 757/1715/1679 1521/1707/1672
f 1521/1707/1672 758/1716/1680 1522/1709/1674
f 1522/1709/1681 759/1717/1682 1523/1711/1677
f 759/1718/1682 1520/483/442 1523/1713/1677
f 1524/405/373 779/1719/1683 776/352/325
f 1526/1720/1684 778/1721/1685 779/1722/1683
f 1527/1723/1686 777/1724/1687 778/1721/1688
f 777/1724/1687 1525/463/425 775/365/336
f 760/537/490 1526/1725/1684 1524/405/373
f 762/1726/1689 1527/1723/1690 1526/1720/1684
f 763/1727/1691 1528/1728/1692 1527/1723/1686
f 1528/1728/1692 761/362/333 1525/463/425
f 1529/473/434 754/1729/1693 751/347/321
f 1531/1730/1694 753/1731/1695 754/1729/1693
f 1532/1732/1696 752/1733/1697 753/1731/1698
f 752/1734/1697 1530/348/322 750/360/331
f 771/369/340 1531/1730/1694 1529/473/434
f 774/1708/1673 1532/1732/1699 1531/1730/1694
f 773/1710/1676 1533/1735/1700 1532/1732/1696
f 1533/1736/1700 770/526/479 1530/348/322
f 766/502/458 1536/1737/1701 769/1738/1702
f 769/1739/1702 1537/1740/1703 768/1741/1704
f 768/1741/1705 1538/1742/1706 767/1743/1707
f 1538/1742/1706 765/354/326 767/1743/1707
f 1534/370/341 779/1719/1683 1536/1737/1701
f 1536/1744/1701 778/1721/1685 1537/1740/1703
f 1537/1740/1708 777/1724/1687 1538/1742/1706
f 777/1724/1687 1535/367/338 1538/1742/1706
f 781/503/459 1541/1745/1709 784/1746/1710
f 784/1747/1710 1542/1748/1711 783/1749/1712
f 783/1749/1713 1543/1750/1714 782/1751/1715
f 1543/1750/1714 780/373/343 782/1751/1715
f 1539/497/454 769/1738/1702 1541/1745/1709
f 1541/1752/1709 768/1741/1704 1542/1748/1711
f 1542/1748/1716 767/1743/1707 1543/1750/1714
f 767/1743/1707 1540/356/328 1543/1750/1714
f 755/359/330 1546/1753/1717 757/1715/1679
f 757/1715/1679 1547/1754/1718 758/1716/1680
f 758/1716/1719 1548/1755/1720 759/1717/1682
f 1548/1756/1720 756/379/349 759/1718/1682
f 1544/358/329 787/1757/1721 1546/1753/1717
f 1546/1753/1717 788/1758/1722 1547/1754/1718
f 1547/1754/1723 789/1759/1724 1548/1755/1720
f 789/1760/1724 1545/377/347 1548/1756/1720
f 785/388/357 1551/1761/1725 787/1757/1721
f 787/1757/1721 1552/1762/1726 788/1758/1722
f 788/1758/1727 1553/1763/1728 789/1759/1724
f 1553/1764/1728 786/376/346 789/1760/1724
f 1549/397/365 797/1765/1729 1551/1761/1725
f 1551/1761/1725 798/1766/1730 1552/1762/1726
f 1552/1762/1731 799/1767/1732 1553/1763/1728
f 799/1768/1732 1550/374/344 1553/1764/1728
f 791/538/491 1556/1769/1733 794/1770/1734
f 794/1771/1734 1557/1772/1735 793/1773/1736
f 793/1773/1737 1558/1774/1738 792/1775/1739
f 792/1775/1739 1555/381/351 790/383/353
f 1554/531/484 784/1746/1710 1556/1769/1733
f 1556/1776/1733 783/1749/1712 1557/1772/1735
f 1557/1772/1740 782/1751/1715 1558/1774/1738
f 782/1751/1715 1555/381/351 1558/1774/1738
f 1559/514/469 832/1194/1123 820/512/467
f 1561/1777/1741 833/1181/1113 832/1194/1123
f 1562/1778/1742 823/1178/1110 833/1181/1113
f 1563/1779/1743 818/530/483 823/1178/1110
f 801/1164/1098 1561/1777/1741 1559/514/469
f 811/1163/1097 1562/1778/1742 1561/1777/1741
f 804/1169/1101 1563/1779/1743 1562/1778/1742
f 803/1157/1090 1560/479/438 1563/1779/1743
f 795/396/364 1566/1780/1744 797/1765/1729
f 797/1765/1729 1567/1781/1745 798/1766/1730
f 798/1766/1746 1568/1782/1747 799/1767/1732
f 1568/1783/1747 796/386/356 799/1768/1732
f 1564/496/453 834/1193/1122 1566/1780/1744
f 1566/1780/1744 828/1195/1124 1567/1781/1745
f 1567/1781/1748 827/1186/1118 1568/1782/1747
f 827/1784/1118 1565/384/354 1568/1783/1747
f 801/1164/1098 1571/1785/1749 809/1162/1096
f 809/1167/1096 1572/1786/1750 810/1165/1099
f 810/1165/1099 1573/1787/1751 815/1172/1104
f 815/1172/1104 1570/390/359 802/391/360
f 1569/513/468 794/1770/1734 1571/1785/1749
f 1571/1788/1749 793/1773/1736 1572/1786/1750
f 1572/1786/1750 792/1775/1739 1573/1787/1751
f 1573/1787/1751 790/383/353 1570/390/359
f 1574/413/380 762/1789/1689 760/537/490
f 1576/1790/1752 763/1727/1753 762/1726/1689
f 1577/1791/1754 764/1792/1755 763/1727/1691
f 764/1792/1755 1575/506/461 761/362/333
f 842/472/433 1576/1793/1752 1574/413/380
f 844/1794/1756 1577/1791/1757 1576/1790/1752
f 845/1795/1758 1578/1796/1759 1577/1791/1754
f 1578/1796/1759 843/402/370 1575/506/461
f 1579/345/319 841/1797/1760 838/522/476
f 1581/1798/1761 840/1799/1762 841/1797/1760
f 1582/1800/1763 839/1801/1764 840/1799/1765
f 839/1802/1764 1580/398/366 837/400/368
f 751/347/321 1581/1798/1761 1579/345/319
f 754/1729/1693 1582/1800/1766 1581/1798/1761
f 753/1731/1698 1583/1803/1767 1582/1800/1763
f 1583/1804/1767 750/360/331 1580/398/366
f 854/1212/1142 1586/1805/1768 864/1210/1140
f 864/1210/1140 1587/1806/1769 865/1201/1130
f 865/1201/1130 1588/1807/1770 856/1197/1126
f 856/1197/1126 1585/519/426 852/521/475
f 1584/487/445 849/1808/1771 1586/1805/1768
f 1586/1805/1768 850/1809/1772 1587/1806/1769
f 1587/1806/1769 851/1810/1773 1588/1807/1770
f 1588/1811/1770 848/408/376 1585/464/426
f 1589/488/446 844/1812/1756 842/472/433
f 1591/1813/1774 845/1795/1775 844/1794/1756
f 1592/1814/1776 846/1815/1777 845/1795/1758
f 1593/1816/1778 843/402/370 846/1815/1777
f 854/1212/1142 1591/1817/1774 1589/488/446
f 866/1216/1141 1592/1814/1779 1591/1813/1774
f 861/1215/1780 1593/1816/1778 1592/1814/1776
f 860/1206/1135 1590/410/378 1593/1816/1778
f 1594/490/448 849/1808/1771 847/489/447
f 1596/1818/1781 850/1809/1772 849/1808/1771
f 1597/1819/1782 851/1810/1773 850/1809/1772
f 851/1820/1773 1595/406/374 848/408/376
f 838/522/476 1596/1818/1781 1594/490/448
f 841/1797/1760 1597/1819/1783 1596/1818/1781
f 840/1799/1765 1598/1821/1784 1597/1819/1782
f 839/1802/1764 1595/406/374 1598/1822/1784
f 1599/486/444 893/1823/1785 890/415/381
f 1601/1824/1786 892/1825/1787 893/1823/1785
f 1602/1826/1788 891/1827/1789 892/1825/1787
f 1603/1828/1790 889/536/489 891/1827/1789
f 874/435/400 1601/1824/1786 1599/486/444
f 876/1829/1791 1602/1826/1788 1601/1824/1786
f 877/1830/1792 1603/1828/1790 1602/1826/1788
f 878/1831/1793 1600/535/488 1603/1828/1790
f 895/429/394 1606/1832/1794 898/1833/1795
f 898/1833/1795 1607/1834/1796 897/1835/1797
f 897/1835/1797 1608/1836/1798 896/1837/1799
f 896/1837/1799 1605/467/429 894/470/432
f 1604/428/393 881/1838/1800 1606/1832/1794
f 1606/1832/1794 882/1839/1801 1607/1834/1796
f 1607/1834/1796 883/1840/1802 1608/1836/1798
f 1608/1836/1798 880/468/430 1605/467/429
f 870/425/390 1611/1841/1803 873/1842/1804
f 873/1842/1804 1612/1843/1805 872/1844/1806
f 872/1844/1806 1613/1845/1807 871/1846/1808
f 871/1846/1808 1610/484/443 869/450/415
f 1609/416/382 893/1823/1785 1611/1841/1803
f 1611/1841/1803 892/1825/1787 1612/1843/1805
f 1612/1843/1805 891/1827/1789 1613/1845/1807
f 1613/1845/1807 889/536/489 1610/484/443
f 1614/430/395 888/1847/1809 885/469/431
f 1616/1848/1810 887/1849/1811 888/1847/1809
f 1617/1850/1812 886/1851/1813 887/1849/1811
f 1618/1852/1814 884/527/480 886/1851/1813
f 895/429/394 1616/1848/1810 1614/430/395
f 898/1833/1795 1617/1850/1812 1616/1848/1810
f 897/1835/1797 1618/1852/1814 1617/1850/1812
f 896/1837/1799 1615/505/460 1618/1852/1814
f 1619/421/386 903/1853/1815 900/499/455
f 1621/1854/1816 902/1855/1817 903/1853/1815
f 1622/1856/1818 901/1857/1819 902/1855/1817
f 1623/1858/1820 899/422/387 901/1857/1819
f 885/469/431 1621/1854/1816 1619/421/386
f 888/1847/1809 1622/1856/1818 1621/1854/1816
f 887/1849/1811 1623/1858/1820 1622/1856/1818
f 886/1851/1813 1620/438/403 1623/1858/1820
f 1624/436/401 876/1829/1791 874/435/400
f 1626/1859/1821 877/1830/1792 876/1829/1791
f 1627/1860/1822 878/1831/1793 877/1830/1792
f 1628/1861/1823 875/534/487 878/1831/1793
f 904/441/406 1626/1859/1821 1624/436/401
f 906/1862/1824 1627/1860/1822 1626/1859/1821
f 907/1863/1825 1628/1861/1823 1627/1860/1822
f 908/1864/1826 1625/418/384 1628/1861/1823
f 1629/442/407 906/1862/1824 904/441/406
f 1631/1865/1827 907/1863/1825 906/1862/1824
f 1632/1866/1828 908/1864/1826 907/1863/1825
f 1633/1867/1829 905/482/441 908/1864/1826
f 914/446/411 1631/1865/1827 1629/442/407
f 916/1868/1830 1632/1866/1828 1631/1865/1827
f 917/1869/1831 1633/1867/1829 1632/1866/1828
f 918/1870/1832 1630/528/481 1633/1867/1829
f 1634/437/402 913/1871/1833 910/532/485
f 1636/1872/1834 912/1873/1835 913/1871/1833
f 1637/1874/1836 911/1875/1837 912/1873/1835
f 1638/1876/1838 909/445/410 911/1875/1837
f 900/499/455 1636/1872/1834 1634/437/402
f 903/1853/1815 1637/1874/1836 1636/1872/1834
f 902/1855/1817 1638/1876/1838 1637/1874/1836
f 901/1857/1819 1635/424/389 1638/1876/1838
f 1639/481/440 940/1877/1165 937/533/486
f 940/1238/1165 1642/1878/1839 941/1241/1167
f 941/1241/1167 1643/1879/1840 948/1247/1173
f 948/1247/1173 1640/516/471 938/518/473
f 1639/481/440 923/1220/1148 1641/1880/1841
f 1641/1881/1841 933/1234/1152 1642/1878/1839
f 1642/1878/1839 932/1232/1160 1643/1879/1840
f 1643/1879/1840 921/517/472 1640/516/471
f 1644/448/413 916/1868/1830 914/446/411
f 1646/1882/1842 917/1869/1831 916/1868/1830
f 1647/1883/1843 918/1870/1832 917/1869/1831
f 1648/1884/1844 915/525/478 918/1870/1832
f 939/1253/1179 1646/1882/1842 1644/448/413
f 953/1252/1178 1647/1883/1843 1646/1882/1842
f 947/1255/1181 1648/1884/1844 1647/1883/1843
f 946/1248/1174 1645/500/456 1648/1884/1844
f 1649/443/408 927/1228/1156 920/449/414
f 1651/1885/1845 928/1236/1163 927/1228/1156
f 1652/1886/1846 934/1233/1161 928/1236/1163
f 1653/1887/1847 921/517/472 934/1233/1161
f 910/532/485 1651/1885/1845 1649/443/408
f 913/1871/1833 1652/1886/1846 1651/1885/1845
f 912/1873/1835 1653/1887/1847 1652/1886/1846
f 911/1875/1837 1650/515/470 1653/1887/1847
f 879/432/397 1656/1888/1848 881/1838/1800
f 881/1838/1800 1657/1889/1849 882/1839/1801
f 882/1839/1801 1658/1890/1850 883/1840/1802
f 883/1840/1802 1655/510/465 880/468/430
f 1654/453/416 963/1891/1851 1656/1888/1848
f 1656/1888/1848 964/1892/1852 1657/1889/1849
f 1657/1889/1849 965/1893/1853 1658/1890/1850
f 1658/1890/1850 962/474/435 1655/510/465
f 957/455/418 1661/1894/1854 960/1895/1855
f 960/1895/1855 1662/1896/1856 959/1897/1857
f 959/1897/1857 1663/1898/1858 958/1899/1859
f 958/1899/1859 1660/459/421 956/458/420
f 1659/426/391 873/1842/1804 1661/1894/1854
f 1661/1894/1854 872/1844/1806 1662/1896/1856
f 1662/1896/1856 871/1846/1808 1663/1898/1858
f 1663/1898/1858 869/450/415 1660/459/421
f 1664/466/428 974/1258/1184 971/523/477
f 1666/1900/1860 975/1267/1194 974/1258/1184
f 1667/1901/1861 981/1263/1190 975/1267/1194
f 1668/1902/1862 972/1264/1191 981/1263/1190
f 966/462/424 1666/1900/1860 1664/466/428
f 968/1903/1863 1667/1901/1861 1666/1900/1860
f 969/1904/1864 1668/1902/1862 1667/1901/1861
f 970/1905/1865 1665/494/452 1668/1902/1862
f 961/454/417 1671/1906/1866 963/1891/1851
f 963/1891/1851 1672/1907/1867 964/1892/1852
f 964/1892/1852 1673/1908/1868 965/1893/1853
f 965/1893/1853 1670/493/451 962/474/435
f 1669/460/422 985/1270/1198 1671/1906/1866
f 1671/1906/1866 980/1265/1192 1672/1907/1867
f 1672/1907/1867 979/1262/1189 1673/1908/1868
f 1673/1908/1868 972/1264/1191 1670/493/451
f 966/462/424 1676/1909/1869 968/1903/1863
f 968/1903/1863 1677/1910/1870 969/1904/1864
f 969/1904/1864 1678/1911/1871 970/1905/1865
f 970/1905/1865 1675/492/450 967/491/449
f 1674/456/419 960/1895/1855 1676/1909/1869
f 1676/1909/1869 959/1897/1857 1677/1910/1870
f 1677/1910/1870 958/1899/1859 1678/1911/1871
f 1678/1911/1871 956/458/420 1675/492/450
f 973/461/423 1681/1912/1872 984/1913/1199
f 984/1914/1873 1680/520/474 971/1915/1874
f 1679/411/379 855/1205/1875 1681/1912/1872
f 1681/1916/1876 852/521/475 1680/520/474
f 1682/392/361 814/1917/1105 802/391/360
s 37
f 1684/1918/1877 805/1156/1878 814/1160/1879
s 4
f 805/1156/1089 1683/480/439 800/477/436
f 920/449/414 1684/1919/1880 1682/392/361
s 37
f 929/1920/1881 1685/1921/1882 1684/1918/1877
s 4
f 1685/1921/1883 919/1218/1146 1683/480/439
f 939/1253/1179 1688/1922/1884 951/1251/1177
f 951/1251/1177 1689/1923/1885 952/1244/1170
f 952/1244/1170 1690/1924/1886 942/1239/1166
f 942/1925/1166 1687/529/482 937/533/486
f 1686/447/412 829/1185/1117 1688/1922/1884
f 1688/1922/1884 822/1190/1111 1689/1923/1885
f 1689/1923/1885 821/1926/1109 1690/1924/1886
f 1690/1927/1886 818/530/483 1687/529/482
s 5
f 1009/560/510 1693/1928/1887 1012/1929/1888
f 1012/1929/1888 1694/1930/1889 1011/1931/1890
f 1011/1932/1891 1695/1933/1892 1010/1934/1893
f 1695/1933/1892 1008/714/643 1010/1934/1893
f 1691/559/509 995/1935/1894 1693/1928/1887
f 1693/1928/1887 996/1936/1895 1694/1930/1889
f 1694/1937/1896 997/1938/1897 1695/1933/1892
f 997/1938/1897 1692/674/609 1695/1933/1892
f 1696/596/543 1017/1939/1898 1014/543/495
f 1698/1940/1899 1016/1941/1900 1017/1942/1898
f 1699/1943/1901 1015/1944/1902 1016/1941/1903
f 1015/1944/1902 1697/654/592 1013/556/506
f 998/723/652 1698/1945/1899 1696/596/543
f 1000/1946/1904 1699/1943/1905 1698/1940/1899
f 1001/1947/1906 1700/1948/1907 1699/1943/1901
f 1700/1948/1907 999/553/503 1697/654/592
f 1701/664/601 992/1949/1908 989/509/464
f 1703/1950/1909 991/1951/1910 992/1949/1908
f 1704/1952/1911 990/1953/1912 991/1954/1913
f 990/1953/1912 1702/539/492 988/551/501
f 1009/560/510 1703/1950/1909 1701/664/601
f 1012/1929/1888 1704/1955/1914 1703/1950/1909
f 1011/1932/1891 1705/1956/1915 1704/1952/1911
f 1705/1956/1915 1008/714/643 1702/539/492
f 1004/693/625 1708/1957/1916 1007/1958/1917
f 1007/1959/1917 1709/1960/1918 1006/1961/1919
f 1006/1961/1920 1710/1962/1921 1005/1963/1922
f 1710/1962/1921 1003/545/496 1005/1963/1922
f 1706/561/511 1017/1939/1898 1708/1957/1916
f 1708/1964/1916 1016/1941/1900 1709/1960/1918
f 1709/1960/1923 1015/1944/1902 1710/1962/1921
f 1015/1944/1902 1707/558/508 1710/1962/1921
f 1019/694/626 1713/1965/1924 1022/1966/1925
f 1022/1967/1925 1714/1968/1926 1021/1969/1927
f 1021/1969/1928 1715/1970/1929 1020/1971/1930
f 1715/1970/1929 1018/564/513 1020/1971/1930
f 1711/688/621 1007/1958/1917 1713/1965/1924
f 1713/1972/1924 1006/1961/1919 1714/1968/1926
f 1714/1968/1931 1005/1963/1922 1715/1970/1929
f 1005/1963/1922 1712/547/498 1715/1970/1929
f 993/550/500 1718/1973/1932 995/1935/1894
f 995/1935/1894 1719/1974/1933 996/1936/1895
f 996/1975/1934 1720/1976/1935 997/1938/1897
f 1720/1976/1935 994/570/519 997/1938/1897
f 1716/549/499 1025/1977/1936 1718/1973/1932
f 1718/1973/1932 1026/1978/1937 1719/1974/1933
f 1719/1979/1938 1027/1980/1939 1720/1976/1935
f 1027/1980/1939 1717/568/517 1720/1976/1935
f 1023/579/527 1723/1981/1940 1025/1977/1936
f 1025/1977/1936 1724/1982/1941 1026/1978/1937
f 1026/1983/1942 1725/1984/1943 1027/1980/1939
f 1725/1984/1943 1024/567/516 1027/1980/1939
f 1721/588/535 1035/1985/1944 1723/1981/1940
f 1723/1981/1940 1036/1986/1945 1724/1982/1941
f 1724/1987/1946 1037/1988/1947 1725/1984/1943
f 1037/1988/1947 1722/565/514 1725/1984/1943
f 1029/724/653 1728/1989/1948 1032/1990/1949
f 1032/1991/1949 1729/1992/1950 1031/1993/1951
f 1031/1993/1952 1730/1994/1953 1030/1995/1954
f 1730/1994/1953 1028/574/523 1030/1995/1954
f 1726/717/646 1022/1966/1925 1728/1989/1948
f 1728/1996/1948 1021/1969/1927 1729/1992/1950
f 1729/1992/1955 1020/1971/1930 1730/1994/1953
f 1020/1971/1930 1727/572/521 1730/1994/1953
f 1731/702/633 1060/1997/1956 1057/700/631
f 1733/1998/1957 1059/1999/1958 1060/1997/1956
f 1734/2000/1959 1058/2001/1960 1059/1999/1958
f 1735/2002/1961 1056/584/532 1058/2003/1960
f 1039/1282/1212 1733/1998/1957 1731/702/633
f 1049/1281/1211 1734/2000/1959 1733/1998/1957
f 1042/1287/1215 1735/2004/1961 1734/2000/1959
f 1041/2005/1205 1732/668/603 1735/2002/1961
f 1033/587/534 1738/2006/1962 1035/1985/1944
f 1035/1985/1944 1739/2007/1963 1036/1986/1945
f 1036/2008/1964 1740/2009/1965 1037/1988/1947
f 1037/1988/1947 1737/575/524 1034/577/526
f 1736/687/620 1060/1997/1956 1738/2006/1962
f 1738/2006/1966 1059/1999/1958 1739/2007/1963
f 1739/2010/1967 1058/2003/1960 1740/2009/1965
f 1058/2003/1960 1737/575/524 1740/2009/1965
f 1039/1282/1212 1743/2011/1968 1047/1280/1210
f 1047/1285/1210 1744/2012/1969 1048/1283/1213
f 1048/1283/1222 1745/2013/1970 1053/1290/1218
f 1053/1290/1218 1742/581/529 1040/583/531
f 1741/701/632 1032/1990/1949 1743/2011/1968
f 1743/2014/1968 1031/1993/1951 1744/2012/1969
f 1744/2012/1971 1030/1995/1954 1745/2013/1970
f 1745/2013/1970 1028/574/523 1742/581/529
f 1746/604/550 1000/2015/1904 998/723/652
f 1748/2016/1972 1001/1947/1973 1000/1946/1904
f 1749/2017/1974 1002/2018/1975 1001/1947/1906
f 1002/2018/1975 1747/697/628 999/553/503
f 1066/663/600 1748/2019/1972 1746/604/550
f 1068/2020/1976 1749/2017/1977 1748/2016/1972
f 1069/2021/1978 1750/2022/1979 1749/2017/1974
f 1750/2022/1979 1067/593/540 1747/697/628
f 1751/507/462 1065/2023/1980 1062/710/640
f 1753/2024/1981 1064/2025/1982 1065/2023/1980
f 1754/2026/1983 1063/2027/1984 1064/2028/1985
f 1063/2027/1984 1752/589/536 1061/591/538
f 989/509/464 1753/2024/1981 1751/507/462
f 992/1949/1908 1754/2029/1986 1753/2024/1981
f 991/1954/1913 1755/2030/1987 1754/2026/1983
f 1755/2030/1987 988/551/501 1752/589/536
f 1078/1311/1240 1758/2031/1988 1089/1309/1238
f 1089/1309/1238 1759/2032/1989 1090/1300/1229
f 1090/1300/1229 1760/2033/1990 1080/1296/1225
f 1080/1296/1225 1757/707/593 1076/709/639
f 1756/678/612 1073/2034/1991 1758/2031/1988
f 1758/2031/1988 1074/2035/1992 1759/2032/1989
f 1759/2032/1989 1075/2036/1993 1760/2033/1990
f 1760/2037/1990 1072/599/546 1757/655/593
f 1761/679/613 1068/2038/1976 1066/663/600
f 1763/2039/1994 1069/2021/1995 1068/2020/1976
f 1764/2040/1996 1070/2041/1997 1069/2021/1978
f 1765/2042/1998 1067/593/540 1070/2041/1997
f 1078/1311/1240 1763/2043/1994 1761/679/613
f 1091/1315/1239 1764/2040/1999 1763/2039/1994
f 1085/1314/2000 1765/2042/1998 1764/2040/1996
f 1084/1305/1234 1762/601/548 1765/2042/1998
f 1766/681/615 1073/2034/1991 1071/680/614
f 1768/2044/2001 1074/2035/1992 1073/2034/1991
f 1769/2045/2002 1075/2046/1993 1074/2047/1992
f 1075/2046/1993 1767/597/544 1072/599/546
f 1062/710/640 1768/2044/2001 1766/681/615
f 1065/2023/1980 1769/2048/2003 1768/2044/2001
f 1064/2028/1985 1770/2049/2004 1769/2045/2002
f 1063/2027/1984 1767/597/544 1770/2049/2004
f 1771/677/611 1118/2050/2005 1115/606/551
f 1773/2051/2006 1117/2052/2007 1118/2050/2005
f 1774/2053/2008 1116/2054/2009 1117/2052/2007
f 1775/2055/2010 1114/722/651 1116/2054/2009
f 1099/626/569 1773/2051/2006 1771/677/611
f 1101/2056/2011 1774/2053/2008 1773/2051/2006
f 1102/2057/2012 1775/2055/2010 1774/2053/2008
f 1103/2058/2013 1772/721/650 1775/2055/2010
f 1120/620/563 1778/2059/2014 1123/2060/2015
f 1123/2060/2015 1779/2061/2016 1122/2062/2017
f 1122/2062/2017 1780/2063/2018 1121/2064/2019
f 1121/2064/2019 1777/658/596 1119/661/599
f 1776/619/562 1106/2065/2020 1778/2059/2014
f 1778/2059/2014 1107/2066/2021 1779/2061/2016
f 1779/2061/2016 1108/2067/2022 1780/2063/2018
f 1780/2063/2018 1105/659/597 1777/658/596
f 1095/616/559 1783/2068/2023 1098/2069/2024
f 1098/2069/2024 1784/2070/2025 1097/2071/2026
f 1097/2071/2026 1785/2072/2027 1096/2073/2028
f 1096/2073/2028 1782/675/610 1094/641/582
f 1781/607/552 1118/2050/2005 1783/2068/2023
f 1783/2068/2023 1117/2052/2007 1784/2070/2025
f 1784/2070/2025 1116/2054/2009 1785/2072/2027
f 1785/2072/2027 1114/722/651 1782/675/610
f 1786/621/564 1113/2074/2029 1110/660/598
f 1788/2075/2030 1112/2076/2031 1113/2074/2029
f 1789/2077/2032 1111/2078/2033 1112/2076/2031
f 1790/2079/2034 1109/715/644 1111/2078/2033
f 1120/620/563 1788/2075/2030 1786/621/564
f 1123/2060/2015 1789/2077/2032 1788/2075/2030
f 1122/2062/2017 1790/2079/2034 1789/2077/2032
f 1121/2064/2019 1787/696/627 1790/2079/2034
f 1791/612/556 1128/2080/2035 1125/690/622
f 1793/2081/2036 1127/2082/2037 1128/2080/2035
f 1794/2083/2038 1126/2084/2039 1127/2082/2037
f 1795/2085/2040 1124/613/557 1126/2084/2039
f 1110/660/598 1793/2081/2036 1791/612/556
f 1113/2074/2029 1794/2083/2038 1793/2081/2036
f 1112/2076/2031 1795/2085/2040 1794/2083/2038
f 1111/2078/2033 1792/629/572 1795/2085/2040
f 1796/627/570 1101/2056/2011 1099/626/569
f 1798/2086/2041 1102/2057/2012 1101/2056/2011
f 1799/2087/2042 1103/2058/2013 1102/2057/2012
f 1800/2088/2043 1100/720/649 1103/2058/2013
f 1129/632/574 1798/2086/2041 1796/627/570
f 1131/2089/2044 1799/2087/2042 1798/2086/2041
f 1132/2090/2045 1800/2088/2043 1799/2087/2042
f 1133/2091/2046 1797/609/554 1800/2088/2043
f 1801/633/575 1131/2089/2044 1129/632/574
f 1803/2092/2047 1132/2090/2045 1131/2089/2044
f 1804/2093/2048 1133/2091/2046 1132/2090/2045
f 1805/2094/2049 1130/673/608 1133/2091/2046
f 1139/637/578 1803/2092/2047 1801/633/575
f 1141/2095/2050 1804/2093/2048 1803/2092/2047
f 1142/2096/2051 1805/2094/2049 1804/2093/2048
f 1143/2097/2052 1802/716/645 1805/2094/2049
f 1806/628/571 1138/2098/2053 1135/718/647
f 1808/2099/2054 1137/2100/2055 1138/2098/2053
f 1809/2101/2056 1136/2102/2057 1137/2100/2055
f 1810/2103/2058 1134/636/577 1136/2102/2057
f 1125/690/622 1808/2099/2054 1806/628/571
f 1128/2080/2035 1809/2101/2056 1808/2099/2054
f 1127/2082/2037 1810/2103/2058 1809/2101/2056
f 1126/2084/2039 1807/615/558 1810/2103/2058
f 1162/719/648 1813/2104/2059 1165/2105/2060
f 1165/2105/2060 1814/2106/2061 1164/2107/2062
f 1164/2107/2062 1815/2108/2063 1163/2109/2064
f 1163/2109/2064 1812/704/635 1161/706/637
f 1811/672/607 1147/1318/1245 1813/2104/2059
f 1813/2104/2059 1157/1323/1249 1814/2106/2061
f 1814/2106/2061 1156/1330/1257 1815/2108/2063
f 1815/2108/2063 1146/705/636 1812/704/635
f 1816/639/580 1141/2095/2050 1139/637/578
f 1818/2110/2065 1142/2096/2051 1141/2095/2050
f 1819/2111/2066 1143/2097/2052 1142/2096/2051
f 1820/2112/2067 1140/713/642 1143/2097/2052
f 1162/719/648 1818/2110/2065 1816/639/580
f 1165/2105/2060 1819/2111/2066 1818/2110/2065
f 1164/2107/2062 1820/2112/2067 1819/2111/2066
f 1163/2109/2064 1817/691/623 1820/2112/2067
f 1821/634/576 1151/1327/1253 1145/640/581
f 1823/2113/2068 1152/1333/1260 1151/1327/1253
f 1824/2114/2069 1158/1331/1258 1152/1333/1260
f 1825/2115/2070 1146/705/636 1158/1331/1258
f 1135/718/647 1823/2113/2068 1821/634/576
f 1138/2098/2053 1824/2114/2069 1823/2113/2068
f 1137/2100/2055 1825/2115/2070 1824/2114/2069
f 1136/2102/2057 1822/703/634 1825/2115/2070
f 1104/623/566 1828/2116/2071 1106/2065/2020
f 1106/2065/2020 1829/2117/2072 1107/2066/2021
f 1107/2066/2021 1830/2118/2073 1108/2067/2022
f 1108/2067/2022 1827/698/629 1105/659/597
f 1826/644/583 1173/2119/2074 1828/2116/2071
f 1828/2116/2071 1174/2120/2075 1829/2117/2072
f 1829/2117/2072 1175/2121/2076 1830/2118/2073
f 1830/2118/2073 1172/665/602 1827/698/629
f 1167/646/585 1833/2122/2077 1170/2123/2078
f 1170/2123/2078 1834/2124/2079 1169/2125/2080
f 1169/2125/2080 1835/2126/2081 1168/2127/2082
f 1168/2127/2082 1832/650/588 1166/649/587
f 1831/617/560 1098/2069/2024 1833/2122/2077
f 1833/2122/2077 1097/2071/2026 1834/2124/2079
f 1834/2124/2079 1096/2073/2028 1835/2126/2081
f 1835/2126/2081 1094/641/582 1832/650/588
f 1836/657/595 1184/1337/1264 1181/1334/641
f 1838/2128/2083 1185/1346/1273 1184/1337/1264
f 1839/2129/2084 1192/1342/1269 1185/1346/1273
f 1840/2130/2085 1182/1343/1270 1192/1342/1269
f 1176/653/591 1838/2128/2083 1836/657/595
f 1178/2131/2086 1839/2129/2084 1838/2128/2083
f 1179/2132/2087 1840/2130/2085 1839/2129/2084
f 1180/2133/2088 1837/685/619 1840/2130/2085
f 1171/645/584 1843/2134/2089 1173/2119/2074
f 1173/2119/2074 1844/2135/2090 1174/2120/2075
f 1174/2120/2075 1845/2136/2091 1175/2121/2076
f 1175/2121/2076 1842/684/618 1172/665/602
f 1841/651/589 1195/1349/1277 1843/2134/2089
f 1843/2134/2089 1191/1344/1271 1844/2135/2090
f 1844/2135/2090 1190/1341/1268 1845/2136/2091
f 1845/2136/2091 1182/1343/1270 1842/684/618
f 1176/653/591 1848/2137/2092 1178/2131/2086
f 1178/2131/2086 1849/2138/2093 1179/2132/2087
f 1179/2132/2087 1850/2139/2094 1180/2133/2088
f 1180/2133/2088 1847/683/617 1177/682/616
f 1846/647/586 1170/2123/2078 1848/2137/2092
f 1848/2137/2092 1169/2125/2080 1849/2138/2093
f 1849/2138/2093 1168/2127/2082 1850/2139/2094
f 1850/2139/2094 1166/649/587 1847/683/617
f 1183/652/590 1853/2140/2095 1186/2141/1278
f 1186/2142/1263 1852/708/638 1181/712/641
f 1851/602/549 1086/1304/2096 1853/2140/2095
s 38
f 1853/2143/2097 1086/2144/2097 1079/1297/2097
s 5
f 1853/2145/2098 1076/709/639 1852/708/638
f 1040/583/531 1856/2146/2099 1052/2147/2100
s 39
f 1052/1278/2101 1856/2148/2101 1043/1274/2102
s 5
f 1856/2149/2103 1038/2150/1202 1043/2151/2104
f 1854/582/530 1153/1326/1252 1856/2146/2099
f 1153/2152/2105 1855/669/604 1856/2149/2103
s 22
f 485/1622/2106 486/2153/820 1861/1620/819
s 40
f 442/1605/2107 443/2154/2107 1859/1603/2108
s 14
f 454/1606/2109 1860/849/2110 451/2155/780
s 41
f 510/1637/2111 1858/2156/2111 1857/2157/2111
s 2
f 457/195/171 1432/341/315 129/196/172
f 1428/198/174 504/913/836 1516/199/175
f 135/200/176 1516/199/175 731/201/177
f 715/203/179 1473/329/303 130/204/180
f 1468/205/181 130/204/180 1478/214/190
f 33/239/215 553/302/276 1370/240/216
f 34/197/173 129/196/172 1375/242/218
f 457/195/171 34/197/173 127/255/230
f 34/197/173 533/243/219 1365/261/236
f 35/268/243 572/269/244 1375/242/218
f 35/268/243 128/241/217 1370/240/216
f 490/279/253 1422/256/231 127/255/230
f 491/283/257 1428/198/174 135/200/176
f 456/285/259 1503/305/279 138/286/260
s 3
f 1374/288/262 120/301/275 1383/249/224
s 2
f 1433/287/261 138/286/260 1515/290/264
f 1423/292/266 489/896/823 1499/293/267
f 31/229/205 570/231/207 1369/253/228
s 3
f 571/300/274 1387/250/225 120/301/275
s 2
f 33/239/215 127/255/230 1365/261/236
f 1498/284/258 135/200/176 1472/202/178
f 490/279/253 33/239/215 128/241/217
f 505/328/302 1427/327/301 128/241/217
f 1478/214/190 130/204/180 1473/329/303
f 117/294/268 1499/293/267 713/331/305
f 505/328/302 35/268/243 129/196/172
f 455/342/316 1423/292/266 117/294/268
f 1504/343/317 117/294/268 1467/332/306
s 4
f 765/354/326 59/420/385 165/355/327
f 775/365/336 50/427/392 160/366/337
f 1540/356/328 165/355/327 57/372/342
f 780/373/343 57/372/342 159/380/350
f 1555/381/351 159/380/350 58/382/352
f 790/383/353 58/382/352 166/389/358
f 45/417/383 875/534/487 1625/418/384
f 59/420/385 885/469/431 1619/421/386
f 899/422/387 43/439/404 149/423/388
f 50/427/392 154/431/396 1604/428/393
f 50/427/392 895/429/394 1614/430/395
f 154/431/396 49/364/335 879/432/397
f 57/372/342 900/499/455 1634/437/402
f 1620/438/403 148/419/383 43/439/404
f 58/382/352 910/532/485 1649/443/408
f 1635/424/389 149/423/388 46/444/409
f 1682/392/361 166/389/358 1649/443/408
f 869/450/415 1610/484/443 147/451/383
f 49/364/335 153/363/334 1654/453/416
f 153/363/334 48/404/372 961/454/417
f 151/457/383 47/476/383 956/458/420
f 48/404/372 161/403/371 1669/460/422
f 161/403/371 1679/411/379 973/461/423
f 42/452/383 147/451/383 1605/467/429
f 1535/367/338 160/366/337 59/420/385
f 160/366/337 1614/430/395 885/469/431
f 147/451/383 44/485/383 894/470/432
f 962/474/435 1670/493/451 152/475/383
f 148/419/383 1625/418/384 905/482/441
f 1610/484/443 889/536/489 44/485/383
f 152/475/383 1665/494/452 967/491/449
f 1670/493/451 972/1264/1191 1665/494/452
f 165/355/327 1619/421/386 900/499/455
f 46/444/409 915/525/478 1645/500/456
f 146/504/383 1615/505/460 894/470/432
f 45/417/383 884/527/480 1615/505/460
f 42/452/383 151/457/383 1660/459/421
f 1655/510/465 962/474/435 47/476/383
f 1650/515/470 150/501/457 1640/516/471
f 150/501/457 1645/500/456 938/518/473
f 47/476/383 152/475/383 1675/492/450
f 149/423/388 1630/528/481 915/525/478
f 884/527/480 45/417/383 148/419/383
f 43/439/404 905/482/441 1630/528/481
f 159/380/350 1634/437/402 910/532/485
f 875/534/487 45/417/383 146/504/383
f 1600/535/488 146/504/383 44/485/383
f 909/445/410 46/444/409 150/501/457
f 880/468/430 1655/510/465 151/457/383
s 2
f 1367/1577/1503 1368/1578/1504 538/945/872
f 1368/1578/1504 1365/261/236 533/243/219
f 566/968/894 565/976/902 1368/1578/1504
f 565/976/902 553/302/276 1365/261/236
f 561/973/899 1372/1581/1507 1373/1580/1506
f 567/977/903 1373/1580/1506 1370/240/216
s 3
f 1376/1582/1508 1377/1585/1511 580/1583/1509
s 2
f 1377/1584/1510 1375/242/218 572/269/244
s 3
f 1374/288/262 534/289/263 544/952/879
f 1376/1582/1508 544/952/879 537/956/883
s 2
f 1377/1584/1510 536/944/871 533/243/219
f 1425/1631/1567 1426/1632/1569 459/856/1568
f 1422/256/231 490/279/253 498/905/1570
f 1426/1632/1569 492/894/821 489/896/823
f 1427/327/301 1429/1633/1571 498/902/1570
f 1429/1633/1571 1430/1634/1572 497/910/830
f 1430/1634/1572 1429/1633/1571 1858/2156/2112
f 1429/1633/1571 510/1636/1574 1858/2156/2112
f 1430/1634/1572 1858/2156/2112 507/911/834
f 1436/1640/1579 1433/287/261 506/291/265
f 1436/1640/1579 460/863/1582 456/285/259
f 1471/1667/1603 1468/1668/181 697/1112/191
f 713/331/305 718/1122/1057 1469/1665/1601
f 718/1122/1057 727/1125/1060 1470/1666/1602
f 727/1125/1060 726/1133/1068 1471/1667/1603
f 726/1133/1068 715/1135/179 1468/1668/181
f 722/1130/1065 1475/1670/1605 1476/1671/1606
f 728/1134/1069 1476/1671/1606 1473/1672/303
f 1476/1671/1606 745/1150/1084 733/1152/304
s 4
f 897/1835/1797 1607/1834/1796 1608/1836/1798
f 1606/1832/1794 881/1838/1800 882/1839/1801
f 1617/1850/1812 1618/1852/1814 886/1851/1813
f 1621/1854/1816 1622/1856/1818 902/1855/1817
f 1632/1866/1828 1633/1867/1829 908/1864/1826
f 1634/437/402 1636/1872/1834 913/1871/1833
f 1637/1874/1836 1638/1876/1838 911/1875/1837
f 901/1857/1819 899/422/387 1635/424/389
f 941/1241/1167 1642/1878/1839 1643/1879/1840
f 946/1248/1174 938/518/473 1645/500/456
f 881/1838/1800 1656/1888/1848 1657/1889/1849
f 883/1840/1802 1658/1890/1850 1655/510/465
f 1658/1890/1850 965/1893/1853 962/474/435
f 959/1897/1857 1662/1896/1856 1663/1898/1858
f 968/1903/1863 969/1904/1864 1667/1901/1861
f 963/1891/1851 1671/1906/1866 1672/1907/1867
s 1
f 1258/1/1 92/70/2 1/2/2
f 1209/4/4 220/182/160 20/5/5
f 88/7/2 1203/61/55 226/8/7
f 215/10/8 24/76/67 113/11/9
f 4/13/2 89/43/2 1223/14/11
f 200/16/13 1209/4/4 105/6/6
f 211/18/15 1254/162/142 101/19/16
f 225/21/18 15/83/73 108/22/19
f 3/9/2 87/27/2 1198/24/21
f 1213/26/23 216/158/139 4/13/2
f 1219/12/10 113/11/9 22/28/24
f 1229/30/26 104/96/85 19/31/27
f 1224/33/29 116/90/80 26/34/30
f 230/29/25 22/28/24 107/36/32
f 1234/37/33 107/36/32 23/38/34
f 1244/40/36 112/50/45 18/41/37
f 89/43/2 2/154/2 235/44/39
f 240/39/35 23/38/34 114/45/40
f 1249/46/41 114/45/40 1361/47/42
f 268/49/44 25/103/92 112/50/45
f 90/51/2 5/151/133 245/52/46
f 1259/54/48 200/16/13 16/17/14
f 273/56/50 1259/54/48 103/55/49
f 279/58/52 1269/66/60 109/59/53
f 1/2/2 210/193/169 1203/61/55
f 1274/62/56 273/56/50 17/57/51
f 284/64/58 1274/62/56 111/63/57
f 1269/66/60 289/755/683 1358/67/61
f 6/68/2 278/128/113 1253/69/62
f 105/6/6 20/5/5 327/71/63
f 10/73/65 312/190/166 1304/74/66
f 24/76/67 322/125/111 1298/77/68
f 336/78/69 8/95/65 97/79/65
f 103/55/49 16/17/14 307/81/71
f 15/83/73 102/87/77 1283/84/74
f 15/83/73 332/85/75 1293/86/76
f 102/87/77 14/20/17 316/88/78
f 115/89/79 1278/142/124 327/71/63
f 116/90/80 1303/92/82 311/91/81
f 19/31/27 341/97/86 1303/92/82
f 22/28/24 337/155/136 1313/93/83
f 1299/94/84 96/75/65 8/95/65
f 104/96/85 1308/98/87 341/97/86
f 18/41/37 351/102/91 1308/98/87
f 23/38/34 347/187/164 1328/99/88
f 1314/80/70 97/79/65 11/100/89
f 112/50/45 1323/104/93 351/102/91
f 25/103/92 374/189/165 1323/104/93
f 114/45/40 1328/99/88 357/105/94
f 306/106/95 1289/140/123 95/107/65
f 14/20/17 101/19/16 1333/109/96
f 101/19/16 13/60/54 383/110/97
f 111/63/57 17/57/51 379/111/98
f 99/113/65 12/132/65 378/114/100
f 13/60/54 109/59/53 1348/116/102
f 109/59/53 1358/67/61 395/117/103
f 21/65/59 111/63/57 1353/112/99
f 1204/119/105 211/18/15 14/20/17
f 1264/120/106 284/64/58 21/65/59
f 106/121/107 21/65/59 388/118/104
f 7/108/65 95/107/65 1284/123/109
f 226/8/7 1213/26/23 87/27/2
f 1214/23/20 108/22/19 24/76/67
f 108/22/19 1293/86/76 322/125/111
f 95/107/65 9/141/65 331/126/112
f 93/127/2 1268/144/126 278/128/113
f 201/3/3 1/2/2 88/7/2
f 16/17/14 105/6/6 1288/72/64
f 384/130/115 1349/149/131 100/131/65
f 236/32/28 19/31/27 116/90/80
f 1239/133/116 250/725/654 1362/134/117
f 110/135/118 1362/134/117 356/136/119
f 96/75/65 1304/74/66 342/138/121
f 206/35/31 26/34/30 115/89/79
f 225/21/18 1204/119/105 102/87/77
f 1289/140/123 326/192/168 9/141/65
f 26/34/30 311/91/81 1278/142/124
f 1263/143/125 290/764/692 1268/144/126
f 283/145/127 1263/143/125 93/127/2
f 100/131/65 1344/150/132 389/147/129
f 1349/149/131 394/798/724 1344/150/132
f 5/151/133 91/167/147 1243/152/134
f 1218/153/135 231/159/140 2/154/2
f 113/11/9 1298/77/68 337/155/136
f 11/100/89 352/181/159 1324/156/137
f 216/158/139 1218/153/135 89/43/2
f 231/159/140 1233/186/163 90/51/2
f 94/160/65 1294/161/141 331/126/112
f 10/73/65 321/183/161 1294/161/141
f 1254/162/142 279/58/52 13/60/54
f 7/108/65 99/113/65 1339/115/101
s 2
f 410/163/143 1392/210/186 136/164/144
s 1
f 1334/166/146 384/130/115 12/132/65
f 91/167/147 1238/170/150 269/168/148
f 1248/169/149 251/1429/664 1238/170/150
f 1329/171/151 98/157/138 1319/172/152
f 98/157/138 1324/156/137 373/174/154
f 1264/175/106 106/179/107 1359/176/155
f 274/178/157 6/68/2 92/70/2
f 17/57/51 103/55/49 1338/82/72
f 106/179/107 1343/1553/108 393/180/158
f 246/42/38 18/41/37 104/96/85
f 1273/146/128 93/127/2 6/68/2
f 12/132/65 100/131/65 1354/148/130
f 97/79/65 1309/184/162 352/181/159
f 2/154/2 90/51/2 1228/53/47
f 1199/139/122 115/89/79 20/5/5
f 321/183/161 10/73/65 96/75/65
f 8/95/65 342/138/121 1309/184/162
f 1239/185/116 110/188/118 25/103/92
f 1233/186/163 241/194/170 5/151/133
f 107/36/32 1313/93/83 347/187/164
f 110/188/118 1318/1534/120 374/189/165
f 1208/129/114 88/7/2 3/9/2
f 87/27/2 4/13/2 205/15/12
f 312/190/166 10/73/65 94/160/65
f 1279/191/167 94/160/65 9/141/65
f 92/70/2 1253/69/62 210/193/169
f 241/194/170 1248/169/149 91/167/147
f 346/101/90 11/100/89 98/157/138
f 317/124/110 1334/166/146 99/113/65
s 2
f 481/206/182 32/232/208 126/207/183
f 436/209/185 1506/281/255 136/164/144
f 137/211/187 1495/1686/1633 678/212/188
f 447/216/192 1402/316/290 123/217/193
f 424/219/195 1407/297/271 134/220/196
f 1443/222/198 131/336/310 1448/223/199
f 134/220/196 1511/298/272 641/225/201
f 27/227/203 535/260/235 1384/228/204
f 31/229/205 126/207/183 1388/230/206
f 32/232/208 517/299/273 1388/230/206
f 438/233/209 1403/247/222 133/234/210
f 1398/236/212 411/813/742 1483/237/213
f 412/244/220 28/273/203 121/245/203
f 1403/247/222 446/850/777 1487/248/223
s 3
f 1383/249/224 120/301/275 1387/250/225
s 2
f 30/252/227 124/277/251 1369/253/228
f 447/216/192 29/218/194 122/257/232
f 27/227/203 121/245/203 1364/259/234
f 1412/262/237 137/211/187 1510/263/238
f 425/265/240 1492/311/285 118/266/241
f 1418/267/242 118/266/241 1496/270/245
f 480/272/247 1495/1686/1633 137/211/187
f 28/273/203 122/257/232 1379/274/248
f 29/218/194 515/280/254 1379/274/248
f 426/276/250 31/229/205 124/277/251
f 29/218/194 123/217/193 1384/228/204
f 1506/281/255 589/1000/926 1438/282/256
f 28/273/203 551/275/249 1364/259/234
f 30/252/227 552/254/229 1378/295/269
f 1407/297/271 465/870/798 1511/298/272
f 32/232/208 125/296/270 1378/295/269
f 138/286/260 1477/306/280 732/304/278
f 1503/305/279 698/1117/1049 1477/306/280
f 119/238/214 1483/237/213 608/307/281
f 133/234/210 1447/310/284 590/309/283
f 1487/248/223 626/1048/977 1447/310/284
f 1492/311/285 661/1084/1014 1462/312/286
f 137/211/187 1458/213/189 642/313/287
f 118/266/241 1462/312/286 679/314/288
f 437/315/289 27/227/203 123/217/193
f 445/317/291 1398/236/212 119/238/214
f 1488/318/292 119/238/214 1442/308/282
f 136/164/144 1438/282/256 606/320/294
f 426/276/250 1417/208/184 126/207/183
f 466/321/295 1408/278/252 124/277/251
f 643/322/296 1457/338/312 132/323/297
f 1452/324/298 132/323/297 1463/325/299
f 412/244/220 1397/258/233 122/257/232
f 437/315/289 1393/246/221 121/245/203
f 1448/223/199 131/336/310 1437/333/307
f 607/335/309 1437/333/307 131/336/310
f 466/321/295 30/252/227 125/296/270
f 481/206/182 1413/337/311 125/296/270
f 1463/325/299 132/323/297 1457/338/312
f 1491/221/197 134/220/196 1453/226/202
s 4
f 1579/345/319 144/414/320 36/346/320
f 1530/348/322 770/526/479 55/349/323
f 140/351/320 1524/405/373 776/352/325
f 39/357/320 141/387/320 1544/358/329
f 750/360/331 1530/348/322 157/350/324
f 761/362/333 1575/506/461 153/363/334
f 38/353/320 139/371/320 1519/368/339
f 1534/370/341 766/502/458 39/357/320
f 1550/374/344 156/440/405 54/375/345
f 1545/377/347 168/434/399 60/378/348
f 1565/384/354 164/394/363 53/385/355
f 141/387/320 37/498/320 785/388/357
f 802/391/360 1570/390/359 166/389/358
f 819/393/362 1686/447/412 164/394/363
f 142/395/320 40/495/320 795/396/364
f 1580/398/366 750/360/331 51/361/332
f 837/400/368 1580/398/366 155/399/367
f 843/402/370 1590/410/378 161/403/371
f 36/346/320 760/537/490 1524/405/373
f 1595/406/374 837/400/368 52/401/369
f 848/408/376 1595/406/374 163/407/375
f 1590/410/378 853/1203/1132 1679/411/379
f 41/412/320 842/472/433 1574/413/380
f 157/350/324 55/349/323 890/415/381
f 155/399/367 51/361/332 870/425/390
f 167/433/398 1599/486/444 890/415/381
f 168/434/399 1624/436/401 874/435/400
f 54/375/345 904/441/406 1624/436/401
f 156/440/405 1629/442/407 904/441/406
f 53/385/355 914/446/411 1629/442/407
f 164/394/363 1644/448/413 914/446/411
f 1686/447/412 939/1253/1179 1644/448/413
f 163/407/375 52/401/369 957/455/418
f 56/409/377 163/407/375 1674/456/419
f 1525/463/425 761/362/333 49/364/335
f 1585/464/426 848/408/376 56/409/377
f 158/465/427 56/409/377 966/462/424
f 776/352/325 1534/370/341 139/371/320
f 145/471/320 1589/488/446 842/472/433
f 751/347/321 36/346/320 140/351/320
f 51/361/332 157/350/324 1609/416/382
f 786/376/346 54/375/345 168/434/399
f 800/477/436 1683/480/439 162/478/437
f 1683/480/439 919/1218/1146 1639/481/440
f 756/379/349 60/378/348 167/433/398
f 775/365/336 1525/463/425 154/431/396
f 60/378/348 874/435/400 1599/486/444
f 1584/487/445 854/1212/1142 1589/488/446
f 847/489/447 1584/487/445 145/471/320
f 40/495/320 143/511/466 1564/496/453
f 1539/497/454 781/503/459 37/498/320
f 766/502/458 1539/497/454 141/387/320
f 781/503/459 1554/531/484 142/395/320
f 1575/506/461 843/402/370 48/404/372
s 5
f 1751/507/462 174/605/463 61/508/463
s 4
f 143/511/466 1559/514/469 820/512/467
f 1569/513/468 801/1164/1098 1559/514/469
f 1585/519/426 158/2158/427 1680/520/474
f 838/522/476 41/412/320 144/414/320
f 52/401/369 155/399/367 1659/426/391
f 158/465/427 1664/466/428 971/523/477
f 796/386/356 53/385/355 156/440/405
f 1594/490/448 145/471/320 41/412/320
f 37/498/320 142/395/320 1549/397/365
f 1520/483/442 167/433/398 55/349/323
f 1560/479/438 162/478/437 1687/529/482
f 1554/531/484 791/538/491 40/495/320
f 162/478/437 1639/481/440 937/533/486
f 1529/473/434 140/351/320 38/353/320
f 139/371/320 39/357/320 755/359/330
f 144/414/320 1574/413/380 760/537/490
f 791/538/491 1569/513/468 143/511/466
s 5
f 1702/539/492 1008/714/643 80/540/493
f 170/542/463 1696/596/543 1014/543/495
f 1003/545/496 84/611/555 195/546/497
f 64/548/463 171/578/463 1716/549/499
f 988/551/501 1702/539/492 187/541/494
f 999/553/503 1747/697/628 183/554/504
f 1013/556/506 75/618/561 190/557/507
f 63/544/463 169/562/463 1691/559/509
f 1706/561/511 1004/693/625 64/548/463
f 1712/547/498 195/546/497 82/563/512
f 1722/565/514 186/631/573 79/566/515
f 1717/568/517 198/625/568 86/569/518
f 1018/564/513 82/563/512 189/571/520
f 1727/572/521 189/571/520 83/573/522
f 1737/575/524 194/585/533 78/576/525
f 171/578/463 62/689/463 1023/579/527
f 1028/574/523 83/573/522 196/580/528
f 1742/581/529 196/580/528 1854/582/530
f 1056/584/532 85/638/579 194/585/533
f 172/586/463 65/686/463 1033/587/534
f 1752/589/536 988/551/501 76/552/502
f 1061/591/538 1752/589/536 185/590/537
f 1067/593/540 1762/601/548 191/594/541
f 61/508/463 998/723/652 1696/596/543
f 1767/597/544 1061/591/538 77/592/539
f 1072/599/546 1767/597/544 193/598/545
f 1762/601/548 1077/1302/1231 1851/602/549
f 66/603/463 1066/663/600 1746/604/550
f 187/541/494 80/540/493 1115/606/551
f 70/608/553 1100/720/649 1797/609/554
f 84/611/555 1110/660/598 1791/612/556
f 1124/613/557 68/630/553 179/614/553
f 185/590/537 76/552/502 1095/616/559
f 75/618/561 184/622/565 1776/619/562
f 75/618/561 1120/620/563 1786/621/564
f 184/622/565 74/555/505 1104/623/566
f 197/624/567 1771/677/611 1115/606/551
f 198/625/568 1796/627/570 1099/626/569
f 79/566/515 1129/632/574 1796/627/570
f 82/563/512 1125/690/622 1806/628/571
f 1792/629/572 178/610/553 68/630/553
f 186/631/573 1801/633/575 1129/632/574
f 78/576/525 1139/637/578 1801/633/575
f 83/573/522 1135/718/647 1821/634/576
f 1807/615/558 179/614/553 71/635/553
f 194/585/533 1816/639/580 1139/637/578
f 85/638/579 1162/719/648 1816/639/580
f 196/580/528 1821/634/576 1145/640/581
f 1094/641/582 1782/675/610 177/642/553
f 74/555/505 183/554/504 1826/644/583
f 183/554/504 73/595/542 1171/645/584
f 193/598/545 77/592/539 1167/646/585
f 181/648/553 72/667/553 1166/649/587
f 73/595/542 191/594/541 1841/651/589
f 191/594/541 1851/602/549 1183/652/590
f 81/600/547 193/598/545 1846/647/586
f 1697/654/592 999/553/503 74/555/505
f 1757/655/593 1072/599/546 81/600/547
f 188/656/594 81/600/547 1176/653/591
f 67/643/553 177/642/553 1777/658/596
f 1014/543/495 1706/561/511 169/562/463
f 1707/558/508 190/557/507 84/611/555
f 190/557/507 1786/621/564 1110/660/598
f 177/642/553 69/676/553 1119/661/599
f 175/662/463 1761/679/613 1066/663/600
f 989/509/464 61/508/463 170/542/463
f 76/552/502 187/541/494 1781/607/552
f 1172/665/602 1842/684/618 182/666/553
f 1024/567/516 79/566/515 198/625/568
f 1732/668/603 1038/2150/1202 1855/669/604
f 192/670/605 1855/669/604 1144/671/606
f 178/610/553 1797/609/554 1130/673/608
f 994/570/519 86/569/518 197/624/567
f 1013/556/506 1697/654/592 184/622/565
f 1782/675/610 1114/722/651 69/676/553
f 86/569/518 1099/626/569 1771/677/611
f 1756/678/612 1078/1311/1240 1761/679/613
f 1071/680/614 1756/678/612 175/662/463
f 182/666/553 1837/685/619 1177/682/616
f 1842/684/618 1182/1343/1270 1837/685/619
f 65/686/463 173/699/630 1736/687/620
f 1711/688/621 1019/694/626 62/689/463
f 195/546/497 1791/612/556 1125/690/622
f 71/635/553 1140/713/642 1817/691/623
f 1004/693/625 1711/688/621 171/578/463
f 1019/694/626 1726/717/646 172/586/463
f 176/695/553 1787/696/627 1119/661/599
f 70/608/553 1109/715/644 1787/696/627
f 1747/697/628 1067/593/540 73/595/542
f 67/643/553 181/648/553 1832/650/588
f 1827/698/629 1172/665/602 72/667/553
f 173/699/630 1731/702/633 1057/700/631
f 1741/701/632 1039/1282/1212 1731/702/633
f 1822/703/634 180/692/624 1812/704/635
f 180/692/624 1817/691/623 1161/706/637
f 1757/707/593 188/711/594 1852/708/638
f 1062/710/640 66/603/463 174/605/463
f 77/592/539 185/590/537 1831/617/560
f 188/711/594 1836/2159/595 1181/712/641
f 1034/577/526 78/576/525 186/631/573
f 1766/681/615 175/662/463 66/603/463
f 72/667/553 182/666/553 1847/683/617
f 179/614/553 1802/716/645 1140/713/642
f 62/689/463 172/586/463 1721/588/535
f 1692/674/609 197/624/567 80/540/493
f 1109/715/644 70/608/553 178/610/553
f 68/630/553 1130/673/608 1802/716/645
f 1732/668/603 192/670/605 85/638/579
f 1726/717/646 1029/724/653 65/686/463
f 189/571/520 1806/628/571 1135/718/647
f 192/670/605 1811/672/607 1162/719/648
f 1701/664/601 170/542/463 63/544/463
f 169/562/463 64/548/463 993/550/500
f 1100/720/649 70/608/553 176/695/553
f 1772/721/650 176/695/553 69/676/553
f 174/605/463 1746/604/550 998/723/652
f 1029/724/653 1741/701/632 173/699/630
f 1134/636/577 71/635/553 180/692/624
f 1105/659/597 1827/698/629 181/648/553
s 1
f 250/725/654 253/728/657 256/726/655
f 253/728/657 254/739/667 257/729/658
f 255/727/656 256/726/655 267/730/659
f 256/726/655 257/729/658 258/732/661
f 259/733/662 262/737/666 261/734/663
f 260/736/665 263/741/668 262/737/666
f 262/738/666 257/729/658 254/739/667
f 263/741/668 258/747/661 257/742/658
f 252/48/43 264/1573/671 266/743/669
f 265/744/670 266/743/669 263/741/673
f 266/743/669 267/746/672 258/747/675
f 288/177/156 291/750/678 293/748/676
f 291/750/678 298/1570/2113 294/751/679
f 292/749/677 293/748/676 305/752/680
f 293/748/676 294/751/679 295/754/682
f 289/755/683 296/758/686 299/756/684
f 296/758/686 297/767/1394 300/759/687
f 299/756/684 300/759/687 295/761/689
f 301/762/690 304/765/693 303/763/691
f 302/753/681 305/752/680 304/765/693
f 304/766/693 300/759/695 297/767/694
f 305/752/680 295/754/682 300/769/695
f 356/770/119 359/2160/698 361/771/696
f 360/772/697 361/771/696 372/776/700
f 361/771/696 362/783/699 363/778/702
f 357/105/94 364/781/705 366/779/703
f 364/781/705 365/787/713 367/782/706
f 366/779/703 367/782/706 363/778/708
f 368/784/710 371/786/712 370/785/711
f 369/777/701 372/776/714 371/786/712
f 371/786/712 367/782/706 365/787/713
f 372/776/714 363/778/708 367/782/706
f 393/180/158 396/1554/717 398/788/715
f 396/790/717 397/801/727 399/791/718
f 398/792/715 399/791/718 400/795/720
f 401/796/722 404/800/726 403/797/723
f 402/799/725 405/802/728 404/800/726
f 404/800/726 399/791/729 397/801/727
f 405/802/728 400/795/734 399/791/729
f 395/117/103 406/1568/732 408/803/730
f 407/804/731 408/803/730 405/802/728
f 408/803/730 409/794/733 400/795/734
s 2
f 413/806/735 416/809/738 415/807/736
f 417/811/740 420/815/744 419/812/741
f 418/814/743 423/2161/739 420/815/744
f 420/815/744 416/817/738 414/808/737
f 422/820/747 423/2161/739 418/814/743
s 6
f 430/828/753 429/830/750 431/829/754
s 8
f 430/828/756 433/1628/2114 435/826/757
s 9
f 433/827/759 435/826/2115 434/832/760
s 2
f 448/844/770 453/847/2116 449/845/771
f 449/845/771 453/847/2116 450/848/775
s 14
f 451/853/780 1860/2162/2110 450/848/781
s 15
f 458/855/783 460/858/787 459/856/784
s 16
f 459/856/788 460/858/2117 199/859/789
s 2
f 468/868/796 471/872/800 470/869/797
f 469/871/799 472/2163/808 471/872/800
f 473/875/802 472/882/808 475/876/803
f 475/876/803 472/2163/808 469/871/799
f 476/879/805 479/881/807 478/880/806
f 477/874/801 471/873/800 479/881/807
f 479/881/807 472/882/808 473/875/802
f 492/894/821 495/898/825 494/895/822
f 495/898/825 503/901/828 501/899/826
f 495/898/825 493/897/824 496/900/827
f 497/903/830 496/900/827 493/897/824
f 500/907/832 503/909/828 502/908/833
f 507/911/834 514/915/838 508/912/835
f 507/911/834 1858/2156/2112 511/914/837
f 518/924/849 521/927/852 520/925/850
f 519/926/851 522/929/854 521/927/852
f 521/927/852 532/930/855 529/928/853
s 3
f 516/251/226 523/933/858 526/931/856
f 523/933/858 524/1596/1520 527/934/859
f 525/932/857 526/931/856 522/935/860
s 26
f 526/937/862 527/943/2118 532/938/863
s 2
f 528/939/865 531/941/867 530/940/866
f 529/928/853 532/930/869 531/941/867
f 531/941/867 527/943/870 524/942/868
f 536/944/871 539/947/874 538/945/872
f 537/946/873 540/949/2119 539/947/874
f 539/947/874 541/950/877 548/948/875
s 3
f 534/289/263 542/953/880 545/951/878
f 542/953/880 543/1591/1516 546/954/881
f 544/952/879 545/951/878 540/955/882
f 545/957/878 546/963/881 541/958/884
s 2
f 547/959/885 550/961/887 549/960/886
f 548/948/875 541/950/877 550/961/887
f 550/961/887 546/963/2120 543/962/888
f 554/964/890 557/967/893 556/965/891
f 555/966/892 558/975/901 557/967/893
f 557/967/893 569/970/896 566/968/894
f 557/967/893 558/975/901 559/969/895
f 552/254/229 560/974/900 563/971/897
f 561/973/899 564/979/905 563/971/897
f 563/971/897 558/975/901 555/966/892
f 563/971/897 564/979/905 559/969/895
f 565/976/902 568/978/904 567/977/903
f 566/968/894 569/970/896 568/978/904
f 568/978/904 564/979/905 561/973/899
f 568/978/904 569/970/896 559/969/895
f 573/980/906 576/983/909 575/981/907
f 574/982/908 577/985/911 576/983/909
f 576/983/909 588/986/912 585/984/910
f 577/985/911 578/994/2121 588/986/912
s 3
f 571/300/274 579/989/915 582/987/913
f 579/989/915 580/1583/1509 583/990/916
f 581/988/914 582/987/913 577/991/917
f 582/993/913 583/999/916 578/994/919
s 2
f 584/995/920 587/997/922 586/996/921
f 585/984/910 588/986/924 587/997/922
f 587/997/922 583/999/925 580/998/923
f 588/986/924 578/994/2122 583/999/925
f 589/1000/926 592/1003/1651 595/1001/927
f 594/1002/928 595/1001/927 605/1005/931
f 590/309/283 597/1011/936 600/1009/934
f 597/1011/936 598/1017/947 605/1012/937
f 600/1009/938 595/1007/942 593/1004/939
f 600/1009/938 605/1012/937 596/1008/941
f 601/1013/943 604/1016/945 603/1014/944
f 602/1006/932 605/1005/931 604/1016/945
f 604/1016/946 605/1012/937 598/1017/947
f 609/1018/948 612/1021/951 611/1019/949
f 610/1020/950 613/1031/953 612/1021/951
f 612/1021/951 623/1024/954 620/1022/952
f 614/1025/955 617/1029/958 616/1026/956
f 615/1028/957 618/1030/959 617/1029/958
f 617/1029/958 613/1031/953 610/1020/950
f 619/1032/960 622/1034/962 621/1033/961
f 620/1022/952 623/1024/954 622/1034/962
f 622/1034/962 618/1030/959 615/1028/957
f 623/1024/954 613/1023/953 618/1030/959
f 624/319/293 627/1037/965 630/1035/963
f 627/1037/965 628/1047/976 636/1038/966
f 632/1042/971 635/1046/974 634/1043/972
f 633/1045/973 636/1052/983 635/1046/974
f 635/1046/975 636/1038/966 628/1047/976
f 626/1048/977 637/1051/1615 640/1049/978
s 30
f 638/1040/980 630/1039/2123 640/1049/981
s 2
f 639/1050/979 640/1049/978 636/1052/983
s 30
f 640/1049/981 630/1039/2123 631/1041/984
s 2
f 644/1053/986 647/1056/989 646/1054/987
f 645/1055/988 648/1058/991 647/1056/989
f 647/1056/989 658/1059/992 655/1057/990
f 649/1060/993 652/1063/996 651/1061/994
f 650/1062/995 653/1064/997 652/1063/996
f 652/1063/996 648/1058/991 645/1055/988
f 653/1064/997 658/1069/992 648/1058/991
f 654/1065/998 657/1068/1000 656/1066/999
f 655/1057/990 658/1059/992 657/1068/1000
f 657/1068/1000 653/1064/997 650/1062/995
f 659/340/314 662/1072/1003 665/1070/1001
f 662/1072/1003 663/1082/1012 666/1073/1004
f 664/1071/1002 665/1070/1001 677/1074/1005
f 665/1070/1001 666/1073/1004 667/1076/1007
f 668/1077/1008 671/1081/1011 670/1078/1009
f 669/1080/1010 672/1083/1013 671/1081/1011
f 671/1081/1011 666/1073/1004 663/1082/1012
f 672/1083/1013 667/1076/2124 666/1073/1004
f 661/1084/1014 673/1087/1017 676/1085/1015
f 673/1087/1017 674/1075/1632 677/1074/1018
f 675/1086/1016 676/1085/1015 672/1083/1019
f 676/1085/1015 677/1074/1018 667/1076/1020
f 678/212/188 681/1090/1634 683/1088/1021
f 681/1090/1023 688/1688/1636 684/1091/1024
f 682/1089/1022 683/1088/1021 695/1092/1025
f 683/1088/1021 684/1091/1024 685/1094/1027
f 679/314/288 686/1097/1030 689/1095/1028
f 686/1097/1030 687/1103/1036 690/1098/1031
f 689/1095/1028 690/1098/1031 685/1094/1027
f 691/1099/1033 694/1102/1035 693/1100/1034
f 692/1093/1026 695/1092/1025 694/1102/1035
f 694/1102/1035 690/1098/1031 687/1103/1036
f 695/1092/1025 685/1094/1027 690/1098/1031
f 696/344/318 699/1106/1039 701/1104/1037
f 699/1106/1039 700/1115/1047 702/1107/1040
f 701/1104/1037 702/1107/1040 703/1109/1042
f 704/1110/1043 707/1114/1046 706/1111/1044
f 705/1113/1045 708/1116/1048 707/1114/1046
f 707/1114/1046 702/1107/1040 700/1115/1047
f 708/1116/1048 703/1109/2125 702/1107/1040
f 698/1117/1049 709/1694/1052 711/1118/1050
f 710/1119/1051 711/1118/1050 708/1116/1054
f 711/1118/1050 712/1108/1053 703/1109/1055
f 716/1121/1056 719/1124/1059 718/1122/1057
f 717/1123/1058 720/1126/1061 719/1124/1059
f 719/1124/1059 730/1127/1062 727/1125/1060
f 721/1128/1063 724/1131/1066 723/1129/1064
f 722/1130/1065 725/1132/1067 724/1131/1066
f 724/1131/1066 720/1126/1061 717/1123/1058
f 725/1132/1067 730/1137/1062 720/1126/1061
f 726/1133/1068 729/1136/1070 728/1134/1069
f 727/1125/1060 730/1127/1062 729/1136/1070
f 729/1136/1070 725/1132/1067 722/1130/1065
f 731/201/177 734/1140/1073 737/1138/1071
f 734/1140/1073 735/1149/1670 738/1141/1074
f 736/1139/1072 737/1138/1071 749/1142/1075
f 737/1138/1071 738/1141/1074 739/1144/1077
f 732/304/278 740/1147/1080 743/1145/1078
f 740/1147/1080 741/1154/1087 744/1148/1081
f 742/1146/1079 743/1145/1078 738/1141/1082
f 743/1145/1078 744/1148/1081 739/1144/1077
f 745/1150/1084 748/1153/1086 747/1151/1085
f 746/1143/1076 749/1142/1075 748/1153/1086
f 748/1153/1086 744/1148/1081 741/1154/1087
f 749/1142/1075 739/1144/1077 744/1148/1081
s 4
f 800/477/436 803/1157/1090 806/1155/1088
f 803/1157/1090 804/1169/1101 807/1158/1091
f 805/1156/1092 806/1155/1088 817/1159/1093
f 806/1155/1088 807/1158/1091 808/1161/1095
f 809/1162/1096 812/1168/1100 811/1163/1097
f 810/1165/1099 813/1175/1102 812/1166/1100
f 812/1168/1100 807/1158/1091 804/1169/1101
f 813/1170/1102 808/1161/1095 807/1158/1091
f 802/391/360 814/1917/1105 816/1171/1103
f 815/1172/1104 816/1171/1103 813/1175/1107
f 816/1171/1103 817/1174/1106 808/1176/1108
f 821/1177/1109 824/1180/1112 823/1178/1110
f 822/1179/1111 825/1182/1114 824/1180/1112
f 824/1180/1112 836/1183/1115 833/1181/1113
f 825/1182/1114 826/1191/1120 836/1183/1115
f 819/393/362 827/1784/1118 830/1184/1116
f 827/1186/1118 828/1195/2126 831/1187/1119
f 829/1185/1117 830/1184/1116 825/1189/1114
f 830/1188/1116 831/1187/1119 826/1191/1120
f 820/512/467 832/1194/1123 835/1192/1121
f 832/1194/1123 833/1181/1113 836/1183/1115
f 834/1193/1122 835/1192/1121 831/1187/1119
f 835/1192/1121 836/1183/1115 826/1191/1120
f 852/521/475 855/2164/1127 857/1196/1125
f 856/1197/1126 857/1196/1125 868/1200/1129
f 857/1196/1125 858/1199/1128 859/1202/1131
f 853/1203/1132 860/1206/1135 862/1204/1133
f 860/1206/1135 861/1215/1780 863/1207/1136
f 862/1204/1133 863/1207/1136 859/1209/1138
f 864/1210/1140 867/1213/1143 866/1211/1141
f 865/1201/1130 868/1200/1129 867/1213/1143
f 867/1214/1143 863/1207/1145 861/1215/1144
f 868/1200/1129 859/1202/1131 863/1217/1145
f 919/1218/1146 922/1221/2127 924/1219/1147
f 922/1221/1149 929/1920/2128 925/1222/1150
f 923/1220/1148 924/1219/1147 936/1223/1151
f 924/1219/1147 925/1222/1150 926/1225/1153
f 920/449/414 927/1228/1156 930/1226/1154
f 927/1228/1156 928/1236/1163 931/1229/1157
f 930/1226/1154 931/1229/1157 926/1231/1159
f 932/1232/1160 935/1235/1162 934/1233/1161
f 933/1234/1152 936/1237/1164 935/1235/1162
f 935/1235/1162 931/1229/1157 928/1236/1163
f 936/1237/1164 926/1231/1159 931/1229/1157
f 940/1238/1165 943/1242/1168 942/1239/1166
f 941/1241/1167 944/1250/1176 943/1242/1168
f 942/1239/1166 943/1242/1168 955/1243/1169
f 943/1242/1168 944/1250/1176 945/1245/1171
f 938/518/473 946/1248/1174 949/1246/1172
f 946/1248/1174 947/1255/1181 950/1249/1175
f 948/1247/1173 949/1246/1172 944/1250/1176
f 949/1246/1172 950/1249/1175 945/1245/1171
f 951/1251/1177 954/1254/1180 953/1252/1178
f 952/1244/1170 955/1243/1169 954/1254/1180
f 954/1254/1180 950/1249/1175 947/1255/1181
f 955/1243/1169 945/1245/1171 950/1249/1175
f 971/523/477 974/1258/1184 976/1256/1182
f 974/1258/1184 975/1267/1194 977/1259/1185
f 976/1256/1182 977/1259/1185 978/1261/1187
f 979/1262/1189 982/1266/1193 981/1263/1190
f 980/1265/1192 983/1268/1195 982/1266/1193
f 982/1266/1193 977/1259/1196 975/1267/1194
f 983/1268/1195 978/1261/1201 977/1259/1196
f 973/461/423 984/1913/1199 986/1269/1197
f 985/1270/1198 986/1269/1197 983/1268/1195
f 986/1269/1197 987/1260/1200 978/1261/1201
s 5
f 1038/1272/1202 1041/1275/1205 1044/1273/1203
f 1041/1275/1205 1042/1287/1215 1045/1276/1206
f 1043/1274/1204 1044/1273/1203 1055/1277/1207
f 1044/1273/1203 1045/1276/1206 1046/1279/1209
f 1047/1280/1210 1050/1286/1214 1049/1281/1211
f 1048/1283/1213 1051/1293/1216 1050/1284/1214
f 1050/1286/1214 1045/1276/1206 1042/1287/1215
f 1051/1288/1216 1046/1279/1209 1045/1276/1206
f 1040/583/531 1052/2147/1219 1054/1289/1217
f 1053/1290/1218 1054/1289/1217 1051/1293/1221
f 1054/1289/1217 1055/1292/1220 1046/1294/1223
f 1076/709/639 1079/1297/1226 1081/1295/1224
f 1079/1297/1226 1086/2144/2129 1082/1298/1227
f 1080/1296/1225 1081/1295/1224 1093/1299/1228
f 1081/1295/1224 1082/1298/1227 1083/1301/1230
f 1077/1302/1231 1084/1305/1234 1087/1303/1232
f 1084/1305/1234 1085/1314/2000 1088/1306/1235
f 1087/1303/1232 1088/1306/1235 1083/1308/1237
f 1089/1309/1238 1092/1312/1241 1091/1310/1239
f 1090/1300/1229 1093/1299/1228 1092/1312/1241
f 1092/1313/1241 1088/1306/1243 1085/1314/1242
f 1093/1299/1228 1083/1301/1230 1088/1316/1243
f 1144/671/606 1153/2152/1246 1148/1317/1244
f 1147/1318/1245 1148/1317/1244 1160/1322/1248
f 1148/1317/1244 1149/1329/2130 1150/1324/1250
f 1145/640/581 1151/1327/1253 1154/1325/1251
f 1151/1327/1253 1152/1333/1260 1155/1328/1254
f 1154/1325/1251 1155/1328/1254 1150/1324/1256
f 1156/1330/1257 1159/1332/1259 1158/1331/1258
f 1157/1323/1249 1160/1322/1261 1159/1332/1259
f 1159/1332/1259 1155/1328/1254 1152/1333/1260
f 1160/1322/1261 1150/1324/1256 1155/1328/1254
f 1181/1334/641 1184/1337/1264 1187/1335/1262
f 1184/1337/1264 1185/1346/1273 1188/1338/1265
f 1187/1335/1262 1188/1338/1265 1189/1340/1267
f 1190/1341/1268 1193/1345/1272 1192/1342/1269
f 1191/1344/1271 1194/1347/1274 1193/1345/1272
f 1193/1345/1272 1188/1338/1275 1185/1346/1273
f 1194/1347/1274 1189/1340/1280 1188/1338/1275
f 1183/652/590 1186/2141/1278 1196/1348/1276
f 1195/1349/1277 1196/1348/1276 1194/1347/1274
f 1196/1348/1276 1197/1339/2131 1189/1340/1280
s 1
f 221/25/22 1198/24/21 1200/1351/1281
f 224/1352/1282 1200/1351/1281 1201/1353/1283
f 223/1354/1285 1201/1353/1290 1202/1355/1286
f 1202/1357/1286 1199/139/122 220/182/160
f 1198/24/21 205/15/12 207/1359/1288
f 1200/1351/1281 207/1359/1288 208/1360/1289
f 1201/1361/1290 208/1400/1328 209/1362/1291
f 209/1362/1291 206/35/31 1199/139/122
f 1203/1363/55 1205/1366/1293 229/1364/1292
f 1205/1366/1293 1206/1368/1299 228/1367/1294
f 1206/1368/1295 1207/1373/1301 227/1369/1296
f 227/1369/1296 1207/1373/1301 1204/119/105
f 210/1370/169 212/1371/1298 1205/1366/1293
f 212/1371/1298 213/1372/1367 1206/1368/1299
f 213/1372/1300 214/1443/1369 1207/1373/1301
f 1207/1373/1301 214/1443/1369 211/18/15
f 1208/129/114 1210/1375/1303 204/1374/1302
f 1210/1375/1303 1211/1377/1308 203/1376/1304
f 1211/1377/1305 1212/1380/1309 202/1378/1306
f 202/1379/1306 1212/1381/1309 1209/4/4
f 221/25/22 224/1352/1282 1210/1375/1303
f 224/1352/1282 223/1354/1284 1211/1377/1308
f 223/1354/1285 222/1356/1287 1212/1380/1309
f 1212/1381/1309 222/1358/1287 220/182/160
f 216/1382/139 1213/1389/23 1215/1383/1310
f 219/1384/1311 1215/1383/1310 1216/1385/1312
f 218/1386/1314 1216/1385/1317 1217/1387/1315
f 1217/1387/1315 1214/23/20 215/10/8
f 1213/1389/23 226/1365/7 229/1364/1292
f 1215/1383/1310 229/1364/1292 228/1367/1294
f 1216/1385/1317 228/1367/1297 227/1369/1296
f 227/1369/1296 225/21/18 1214/23/20
f 231/1390/140 1218/1397/135 1220/1391/1318
f 234/1392/1319 1220/1391/1318 1221/1393/1320
f 233/1394/1322 1221/1393/1325 1222/1395/1323
f 1222/1395/1323 1219/12/10 230/29/25
f 1218/1397/135 216/1382/139 219/1384/1311
f 1220/1391/1318 219/1384/1311 218/1386/1313
f 1221/1393/1325 218/1386/1314 217/1388/1316
f 217/1388/1316 215/10/8 1219/12/10
f 205/15/12 1223/14/11 1225/1398/1326
f 207/1359/1288 1225/1398/1326 1226/1399/1327
f 208/1400/1328 1226/1404/1332 1227/1401/1329
f 1227/1401/1329 1224/33/29 206/35/31
f 1223/14/11 235/44/39 237/1402/1330
f 1225/1398/1326 237/1402/1330 238/1403/1331
f 1226/1404/1332 238/1408/1336 239/1405/1333
f 239/1405/1333 236/32/28 1224/33/29
f 235/44/39 1228/53/47 1230/1406/1334
f 237/1402/1330 1230/1406/1334 1231/1407/1335
f 238/1408/1336 1231/1412/1340 1232/1409/1337
f 1232/1409/1337 1229/30/26 236/32/28
f 1228/53/47 245/52/46 247/1410/1338
f 1230/1406/1334 247/1410/1338 248/1411/1339
f 1231/1412/1340 248/1432/1358 249/1413/1341
f 249/1413/1341 246/42/38 1229/30/26
f 241/1414/170 1233/1421/163 1235/1415/1342
f 244/1416/1343 1235/1415/1342 1236/1417/1344
f 243/1418/1346 1236/1417/1349 1237/1419/1347
f 1237/1419/1347 1234/37/33 240/39/35
f 1233/1421/163 231/1390/140 234/1392/1319
f 1235/1415/1342 234/1392/1319 233/1394/1321
f 1236/1417/1349 233/1394/1322 232/1396/1324
f 232/1396/1324 230/29/25 1234/37/33
f 1238/170/150 1240/1423/1351 272/1422/1350
f 1240/1423/1351 1241/1425/1353 271/1424/1352
f 1241/1425/1353 1242/1427/1355 270/1426/1354
f 1242/1427/1355 1239/133/116 268/1428/44
f 251/1429/664 261/740/663 1240/1423/1351
f 261/740/663 254/739/667 1241/1425/1353
f 254/739/667 253/728/657 1242/1427/1355
f 253/728/657 250/725/654 1239/133/116
f 245/52/46 1243/152/134 1245/1430/1356
f 247/1410/1338 1245/1430/1360 1246/1431/1357
f 248/1432/1358 1246/1434/1361 1247/1433/1359
f 249/1413/1341 1247/1433/1359 1244/40/36
f 1243/152/134 269/168/148 272/1422/1350
f 1245/1430/1360 272/1422/1350 271/1424/1352
f 1246/1434/1361 271/2165/1352 270/1435/1354
f 270/1435/1354 268/49/44 1244/40/36
f 251/735/664 1248/1439/149 1250/1436/1362
f 259/733/662 1250/1436/1362 1251/1437/1363
f 260/736/674 1251/1437/1365 1252/1438/1364
f 265/744/670 1252/1438/1364 1249/46/41
f 1248/1439/149 241/1414/170 244/1416/1343
f 1250/1436/1362 244/1416/1343 243/1418/1345
f 1251/1437/1365 243/1418/1346 242/1420/1348
f 1252/1438/1364 242/1420/1348 240/39/35
f 1253/1440/62 1255/1441/1366 212/1371/1298
f 1255/1441/1366 1256/1442/1371 213/1372/1367
f 1256/1442/1368 1257/1447/1373 214/1443/1369
f 214/1443/1369 1257/1447/1373 1254/162/142
f 278/1444/113 280/1445/1370 1255/1441/1366
f 280/1445/1370 281/1446/1389 1256/1442/1371
f 281/1446/1372 282/1466/1391 1257/1447/1373
f 1257/1447/1373 282/1466/1391 279/58/52
f 1258/1/1 1260/1449/1375 277/1448/1374
f 1260/1449/1375 1261/1451/1380 276/1450/1376
f 1261/1451/1377 1262/1454/1381 275/1452/1378
f 275/1453/1378 1262/1455/1381 1259/54/48
f 201/3/3 204/1374/1302 1260/1449/1375
f 204/1374/1302 203/1376/1304 1261/1451/1380
f 203/1376/1307 202/1378/1306 1262/1454/1381
f 1262/1455/1381 202/1379/1306 200/16/13
f 290/764/692 1263/143/125 1265/1456/1382
f 301/762/690 1265/1456/1382 1266/1457/1383
f 302/753/681 1266/1457/1383 1267/1458/1384
f 292/749/677 1267/1458/1384 1264/175/106
f 1263/143/125 283/145/127 285/1459/1385
f 1265/1456/1382 285/1459/1385 286/1460/1386
f 1266/1457/1383 286/1460/1386 287/1461/1387
f 1267/1458/1384 287/1461/1387 284/1462/58
f 1268/1463/126 1270/1464/1388 280/1445/1370
f 1270/1464/1388 1271/1465/1393 281/1446/1389
f 1271/1465/1390 1272/1467/1392 282/1466/1391
f 1272/1467/1392 1269/66/60 279/58/52
f 290/1468/692 303/768/691 1270/1464/1388
f 303/768/691 297/767/694 1271/1465/1393
f 297/767/1394 296/758/686 1272/1467/1392
f 296/758/686 289/755/683 1269/66/60
f 1273/146/128 1275/1469/1395 285/1459/1385
f 1275/1469/1395 1276/1470/1397 286/1460/1386
f 1276/1470/1396 1277/1472/1398 287/1461/1387
f 287/1471/1387 1277/1473/1398 1274/62/56
f 274/178/157 277/1448/1374 1275/1469/1395
f 277/1448/1374 276/1450/1376 1276/1470/1397
f 276/1450/1379 275/1452/1378 1277/1472/1398
f 275/1453/1378 273/56/50 1274/62/56
f 1278/142/124 1280/1475/1400 330/1474/1399
f 1280/1475/1400 1281/1477/1402 329/1476/1401
f 1281/1477/1402 1282/1479/1404 328/1478/1403
f 1282/1479/1404 1279/191/167 326/192/168
f 311/91/81 313/1480/1405 1280/1475/1400
f 313/1480/1405 314/1481/1406 1281/1477/1402
f 314/1481/1406 315/1482/1407 1282/1479/1404
f 315/1482/1407 312/190/166 1279/191/167
f 332/85/75 1283/84/74 1285/1483/1408
f 335/1484/1409 1285/1483/1408 1286/1485/1410
f 334/1486/1411 1286/1485/1410 1287/1487/1412
f 333/1488/1413 1287/1487/1412 1284/123/109
f 1283/84/74 316/88/78 318/1489/1414
f 1285/1483/1408 318/1489/1414 319/1490/1415
f 1286/1485/1410 319/1490/1415 320/1491/1416
f 1287/1487/1412 320/1491/1416 317/124/110
f 307/81/71 1288/72/64 1290/1492/1417
f 310/1493/1418 1290/1492/1417 1291/1494/1419
f 309/1495/1420 1291/1494/1419 1292/1496/1421
f 308/1497/1422 1292/1496/1421 1289/140/123
f 1288/72/64 327/71/63 330/1474/1399
f 1290/1492/1417 330/1474/1399 329/1476/1401
f 1291/1494/1419 329/1476/1401 328/1478/1403
f 1292/1496/1421 328/1478/1403 326/192/168
f 1293/86/76 1295/1499/1424 325/1498/1423
f 1295/1499/1424 1296/1501/1426 324/1500/1425
f 1296/1501/1426 1297/1503/1428 323/1502/1427
f 1297/1503/1428 1294/161/141 321/183/161
f 332/85/75 335/1484/1409 1295/1499/1424
f 335/1484/1409 334/1486/1411 1296/1501/1426
f 334/1486/1411 333/1488/1413 1297/1503/1428
f 333/1488/1413 331/126/112 1294/161/141
f 1298/77/68 1300/1505/1430 340/1504/1429
f 1300/1505/1430 1301/1507/1432 339/1506/1431
f 1301/1507/1432 1302/1509/1434 338/1508/1433
f 1302/1509/1434 1299/94/84 336/78/69
f 322/125/111 325/1498/1423 1300/1505/1430
f 325/1498/1423 324/1500/1425 1301/1507/1432
f 324/1500/1425 323/1502/1427 1302/1509/1434
f 323/1502/1427 321/183/161 1299/94/84
f 1303/92/82 1305/1510/1435 313/1480/1405
f 1305/1510/1435 1306/1511/1436 314/1481/1406
f 1306/1511/1436 1307/1512/1437 315/1482/1407
f 1307/1512/1437 1304/74/66 312/190/166
f 341/97/86 343/1513/1438 1305/1510/1435
f 343/1513/1438 344/1514/1439 1306/1511/1436
f 344/1514/1439 345/1515/1440 1307/1512/1437
f 345/1515/1440 342/138/121 1304/74/66
f 1308/98/87 1310/1516/1441 343/1513/1438
f 1310/1516/1441 1311/1517/1442 344/1514/1439
f 1311/1517/1442 1312/1518/1443 345/1515/1440
f 1312/1518/1443 1309/184/162 342/138/121
f 351/102/91 353/1519/1444 1310/1516/1441
f 353/1519/1444 354/1520/1445 1311/1517/1442
f 354/1520/1445 355/1521/1446 1312/1518/1443
f 355/1521/1446 352/181/159 1309/184/162
f 1313/93/83 1315/1523/1448 350/1522/1447
f 1315/1523/1448 1316/1525/1450 349/1524/1449
f 1316/1525/1450 1317/1527/1452 348/1526/1451
f 1317/1527/1452 1314/80/70 346/101/90
f 337/155/136 340/1504/1429 1315/1523/1448
f 340/1504/1429 339/1506/1431 1316/1525/1450
f 339/1506/1431 338/1508/1433 1317/1527/1452
f 338/1508/1433 336/78/69 1314/80/70
f 374/189/165 1318/1534/120 1320/1528/1453
f 377/1529/1454 1320/1528/1453 1321/1530/1455
f 376/1531/1456 1321/1530/1455 1322/1532/1457
f 375/1533/1458 1322/1532/1457 1319/172/152
f 1318/1534/120 356/770/119 360/772/697
f 1320/1528/1453 360/772/697 369/777/701
f 1321/1530/1455 369/777/701 368/784/710
f 1322/1532/1457 368/784/710 358/173/153
f 1323/104/93 1325/1535/1459 353/1519/1444
f 1325/1535/1459 1326/1536/1460 354/1520/1445
f 1326/1536/1460 1327/1537/1461 355/1521/1446
f 1327/1537/1461 1324/156/137 352/181/159
f 374/189/165 377/1529/1454 1325/1535/1459
f 377/1529/1454 376/1531/1456 1326/1536/1460
f 376/1531/1456 375/1533/1458 1327/1537/1461
f 375/1533/1458 373/174/154 1324/156/137
f 1328/99/88 1330/1538/1462 364/781/705
f 1330/1538/1462 1331/1539/1463 365/787/713
f 1331/1539/1463 1332/1540/1464 370/785/711
f 1332/1540/1464 1329/171/151 358/173/153
f 347/187/164 350/1522/1447 1330/1538/1462
f 350/1522/1447 349/1524/1449 1331/1539/1463
f 349/1524/1449 348/1526/1451 1332/1540/1464
f 348/1526/1451 346/101/90 1329/171/151
f 316/88/78 1333/109/96 1335/1541/1465
f 318/1489/1414 1335/1541/1465 1336/1542/1466
f 319/1490/1415 1336/1542/1466 1337/1543/1467
f 320/1491/1416 1337/1543/1467 1334/166/146
f 1333/109/96 383/110/97 385/1544/1468
f 1335/1541/1465 385/1544/1468 386/1545/1469
f 1336/1542/1466 386/1545/1469 387/1546/1470
f 1337/1543/1467 387/1546/1470 384/130/115
f 379/111/98 1338/82/72 1340/1547/1471
f 382/1548/1472 1340/1547/1471 1341/1549/1473
f 381/1550/1474 1341/1549/1473 1342/1551/1475
f 380/1552/1476 1342/1551/1475 1339/115/101
f 1338/82/72 307/81/71 310/1493/1418
f 1340/1547/1471 310/1493/1418 309/1495/1420
f 1341/1549/1473 309/1495/1420 308/1497/1422
f 1342/1551/1475 308/1497/1422 306/106/95
f 1343/1553/108 1345/2166/1477 396/1554/717
f 1345/1555/1477 1346/1556/1478 397/801/727
f 1346/1556/1478 1347/1557/1479 403/797/723
f 1347/1557/1479 1344/150/132 394/798/724
f 388/118/104 390/1558/1480 1345/1555/1477
f 390/1558/1480 391/1559/1481 1346/1556/1478
f 391/1559/1481 392/1560/1482 1347/1557/1479
f 392/1560/1482 389/147/129 1344/150/132
f 383/110/97 1348/116/102 1350/1561/1483
f 385/1544/1468 1350/1561/1483 1351/1562/1484
f 386/1545/1469 1351/1562/1484 1352/1563/1485
f 387/1546/1470 1352/1563/1485 1349/149/131
f 1348/116/102 395/117/103 407/804/731
f 1350/1561/1483 407/804/731 402/799/725
f 1351/1562/1484 402/799/725 401/796/722
f 1352/1563/1485 401/796/722 394/798/724
f 388/118/104 1353/112/99 1355/1564/1486
f 390/1558/1480 1355/1564/1486 1356/1565/1487
f 391/1559/1481 1356/1565/1487 1357/1566/1488
f 392/1560/1482 1357/1566/1488 1354/148/130
f 1353/112/99 379/111/98 382/1548/1472
f 1355/1564/1486 382/1548/1472 381/1550/1474
f 1356/1565/1487 381/1550/1474 380/1552/1476
f 1357/1566/1488 380/1552/1476 378/114/100
f 395/117/103 1358/67/61 1360/1567/1489
f 406/789/1490 1360/1571/1496 1359/176/155
f 1358/67/61 289/755/683 298/757/1492
f 1360/1571/1496 291/750/2132 288/177/156
f 252/48/43 1361/47/42 1363/1572/1497
f 1363/1574/1500 1362/134/117 250/725/654
f 357/105/94 359/780/704 1363/1572/1497
f 359/1575/698 356/136/119 1362/134/117
s 2
f 535/260/235 1364/259/234 1366/1576/1502
f 547/959/885 1366/1576/1502 1367/1577/1503
f 1364/259/234 551/275/249 556/965/891
f 1366/1576/1502 556/965/891 566/968/894
f 1369/253/228 1371/1579/1505 560/974/900
f 1371/1579/1505 1372/1581/1507 561/973/899
f 570/231/207 575/981/907 1371/1579/1505
f 575/981/907 585/984/910 1372/1581/1507
f 1372/1581/1507 585/984/910 584/995/920
f 1373/1580/1506 584/995/920 572/269/244
s 3
f 1374/288/262 1376/1582/1508 579/989/915
s 2
f 517/299/273 1378/295/269 1380/1587/1512
f 528/939/865 1380/1587/1512 1381/1588/1513
f 1381/1588/1513 1382/1589/1514 520/925/850
f 1382/1589/1514 1379/274/248 515/280/254
f 1378/295/269 552/254/229 562/972/898
f 1380/1587/1512 562/972/898 555/966/892
f 555/966/892 554/964/890 1382/1589/1514
f 554/964/890 551/275/249 1379/274/248
s 3
f 1383/249/224 1385/1590/1515 542/953/880
f 1385/1590/1515 1386/1593/1518 543/1591/1516
s 2
f 1386/1592/1517 1384/228/204 535/260/235
s 3
f 1383/249/224 516/251/226 525/932/857
f 1385/1590/1515 525/932/857 519/936/861
s 2
f 1386/1592/1517 518/924/849 515/280/254
s 3
f 1387/250/225 1389/1595/1519 523/933/858
f 1389/1595/1519 1390/1599/1523 524/1596/1520
s 2
f 1390/1597/1521 1391/1598/1524 530/940/866
f 1391/1598/1522 1388/230/206 517/299/273
s 3
f 1387/250/225 571/300/274 581/988/914
f 1389/1595/1519 581/988/914 574/992/918
s 2
f 1390/1597/1521 574/982/908 573/980/906
f 1391/1598/1522 573/980/906 570/231/207
f 436/209/185 1392/210/186 1394/1600/1525
f 440/1601/762 1394/1600/1525 1395/1602/1526
f 1859/1603/1527 1395/1602/1526 1396/1604/1528
f 442/1605/1529 1396/1604/1528 1393/246/221
f 410/163/143 415/807/736 1394/1600/1525
f 415/807/736 423/810/739 1395/1602/1526
f 423/810/1530 421/818/1531 1396/1604/1528
f 421/818/1531 412/244/220 1393/246/221
f 1397/258/233 1399/1607/1533 454/1606/1532
f 1399/1607/1533 1400/1608/1535 1860/849/1534
f 1400/1608/1535 1401/1609/1537 449/845/771
f 1401/1609/1537 1398/236/212 445/317/291
f 1397/258/233 412/244/220 421/821/1531
f 1399/1607/1533 421/821/1531 418/814/1538
f 1400/1608/1535 418/814/1538 417/811/740
f 1401/1609/1537 417/811/740 411/813/742
f 1402/316/290 1404/1611/1539 442/1610/1529
f 1404/1611/1539 1405/1612/1541 443/843/1540
f 1405/1612/1541 1406/1613/1543 440/839/1542
f 1406/1613/1543 1403/247/222 438/233/209
f 1402/316/290 447/216/192 454/1614/1532
f 1404/1611/1539 454/1614/1532 451/853/1544
f 1405/1612/1541 451/853/1544 453/854/778
f 1406/1613/1543 453/854/778 446/850/777
f 465/870/798 1407/297/271 1409/1615/1545
f 468/868/796 1409/1615/1545 1410/1616/1546
f 469/871/799 1410/1616/1546 1411/1617/1547
f 474/878/804 1411/1617/1547 1408/278/252
f 424/219/195 429/823/1548 1409/1615/1545
f 429/823/1548 433/827/1549 1410/1616/1546
f 433/827/1549 432/833/1550 1411/1617/1547
f 432/833/1550 426/276/250 1408/278/252
f 480/272/247 1412/262/237 1414/1618/1551
f 488/885/1552 1414/1618/1551 1415/1619/1553
f 1861/1620/1554 1415/1619/1553 1416/1621/1555
f 485/1622/1556 1416/1621/1555 1413/337/311
f 467/264/239 478/880/806 1414/1618/1551
f 478/880/806 473/875/802 1415/1619/1553
f 473/875/802 474/877/804 1416/1621/1555
f 474/877/804 466/321/295 1413/337/311
f 1417/208/184 1419/1624/1557 485/1623/1556
f 1419/1624/1557 1420/1625/1559 486/893/1558
f 1420/1625/1559 1421/1626/1561 488/891/1560
f 1421/1626/1561 1418/267/242 482/271/246
f 1417/208/184 426/276/250 432/1627/1550
f 1419/1624/1557 432/1627/1550 433/1628/2133
f 1420/1625/1559 433/1628/2134 430/828/1563
f 1421/1626/1561 430/828/1563 425/265/240
f 1422/256/231 1424/1630/1565 462/1629/1564
f 1424/1630/1565 1425/1631/1567 463/860/1566
f 1426/1632/1569 1423/292/266 455/342/316
f 1424/1630/1565 498/905/1570 493/906/824
f 1425/1631/1567 493/906/824 492/894/821
f 1430/1634/1572 1431/1635/1573 502/908/833
f 1431/1635/1573 1428/198/174 491/283/257
f 1427/327/301 505/328/302 510/1636/1574
f 1431/1635/1573 507/911/834 504/913/836
f 1432/341/315 1434/1638/1575 510/1637/1574
f 1434/1638/1575 1435/1639/1581 1858/923/1576
f 1435/1639/1577 1436/1640/1579 514/920/843
f 1432/341/315 457/195/171 462/865/1564
f 1434/1638/1575 462/865/1564 463/867/1580
f 1435/1639/1577 463/867/2135 460/863/1582
f 591/1015/308 1437/1644/307 1439/1641/1583
f 601/1013/943 1439/1641/1583 1440/1642/1584
f 602/1006/932 1440/1642/1584 1441/1643/1585
f 594/1002/928 1441/1643/1585 1438/282/256
f 1437/1644/307 607/1027/309 616/1026/956
f 1439/1641/1583 616/1026/956 610/1020/950
f 1440/1642/1584 610/1020/950 609/1018/948
f 1441/1643/1585 609/1018/948 606/320/294
f 1442/308/282 1444/1645/1586 627/1037/965
f 1444/1645/1586 1445/1646/1587 628/1047/976
f 1445/1646/1587 1446/1647/1588 634/1043/972
f 1446/1647/1588 1443/1648/198 625/1044/200
f 608/307/281 621/1033/961 1444/1645/1586
f 621/1033/961 615/1028/957 1445/1646/1587
f 615/1028/957 614/1025/955 1446/1647/1588
f 614/1025/955 607/1027/309 1443/1648/198
f 1447/310/284 1449/1649/1589 597/1011/936
f 1449/1649/1589 1450/1650/1590 598/1017/947
f 1450/1650/1590 1451/1651/1591 603/1014/944
f 1451/1651/1591 1448/1652/199 591/1015/308
f 1447/310/284 626/1048/977 639/1050/979
f 1449/1649/1589 639/1050/979 633/1045/973
f 1450/1650/1590 633/1045/973 632/1042/971
f 1451/1651/1591 632/1042/971 625/1044/200
f 1452/1653/298 1454/1654/1592 654/1065/998
f 1454/1654/1592 1455/1655/1593 655/1057/990
f 1455/1655/1593 1456/1656/1594 646/1054/987
f 646/1054/987 1456/1656/1594 1453/226/202
f 660/1079/300 670/1078/1009 1454/1654/1592
f 670/1078/1009 663/1082/1012 1455/1655/1593
f 663/1082/1012 662/1072/1003 1456/1656/1594
f 662/1072/1003 659/340/314 1453/226/202
f 680/1101/313 1457/1660/312 1459/1657/1595
f 691/1099/1033 1459/1657/1595 1460/1658/1596
f 692/1093/1026 1460/1658/1596 1461/1659/1597
f 682/1089/1022 1461/1659/1597 1458/213/189
f 1457/1660/312 643/1067/296 656/1066/999
f 1459/1657/1595 656/1066/999 650/1062/995
f 1460/1658/1596 650/1062/995 649/1060/993
f 1461/1659/1597 649/1060/993 642/313/287
f 1462/312/286 1464/1661/1598 686/1097/1030
f 1464/1661/1598 1465/1662/1599 687/1103/1036
f 1465/1662/1599 1466/1663/1600 693/1100/1034
f 1466/1663/1600 1463/1664/299 680/1101/313
f 1462/312/286 661/1084/1014 675/1086/1016
f 1464/1661/1598 675/1086/1016 669/1080/1010
f 1465/1662/1599 669/1080/1010 668/1077/1008
f 1466/1663/1600 668/1077/1008 660/1079/300
f 1467/332/306 1469/1665/1601 699/1106/1039
f 1469/1665/1601 1470/1666/1602 700/1115/1047
f 1470/1666/1602 1471/1667/1603 706/1111/1044
f 714/303/277 1472/202/178 1474/1669/1604
f 721/1128/1063 1474/1669/1604 1475/1670/1605
f 1472/202/178 731/201/177 736/1139/1072
f 1474/1669/1604 736/1139/1072 746/1143/1076
f 1475/1670/1605 746/1143/1076 745/1150/1084
f 1477/306/280 1479/1673/1607 740/1147/1080
f 1479/1673/1607 1480/1674/1608 741/1154/1087
f 1480/1674/1608 1481/1675/1609 747/1151/1085
f 1481/1675/1609 1478/1676/190 733/1152/304
f 1477/306/280 698/1117/1049 710/1119/1051
f 1479/1673/1607 710/1119/1051 705/1113/1045
f 1480/1674/1608 705/1113/1045 704/1110/1043
f 1481/1675/1609 704/1110/1043 697/1112/191
f 410/163/143 1482/165/145 1484/1677/1610
f 413/806/735 1484/1677/1610 1485/1678/1611
f 414/808/1612 1485/1678/1611 1486/1679/1613
f 419/812/741 1486/1679/1613 1483/237/213
f 1482/165/145 606/320/294 611/1019/949
f 611/1019/949 620/1022/952 1485/1678/1611
f 1485/1678/1611 620/1022/952 619/1032/960
f 619/1032/960 608/307/281 1483/237/213
f 626/1048/977 1487/248/223 1489/1680/1614
s 33
f 638/1040/1617 1489/1681/1622 1490/1682/1618
s 2
f 1490/1682/1620 1488/318/292 624/319/293
f 1487/248/223 446/850/777 452/852/779
s 33
f 452/846/1621 448/844/2136 1490/1682/1618
s 2
f 448/844/1623 445/317/291 1488/318/292
f 1491/221/197 1493/1683/1630 427/822/1624
f 1493/1683/1625 1494/1685/1631 428/824/1626
f 431/829/1629 1494/1684/1628 1492/311/285
f 659/340/314 664/1071/1002 1493/1683/1630
f 664/1071/1002 674/1075/1006 1494/1685/1631
f 673/1087/1017 661/1084/1014 1492/311/285
f 1495/1686/1633 1497/1689/1637 681/1090/1634
f 688/1096/1029 1497/1690/1639 1496/270/245
f 1495/1686/1633 480/272/247 483/884/810
f 487/890/816 482/271/246 1496/270/245
f 491/283/257 1498/284/258 1500/1691/1640
f 500/907/832 1500/1691/1640 1501/1692/1641
f 501/899/1642 1501/1692/1641 1502/1693/1643
f 494/895/822 1502/1693/1643 1499/293/267
f 1498/284/258 714/303/277 723/1129/1064
f 1500/1691/1640 723/1129/1064 717/1123/1058
f 1501/1692/1641 717/1123/1058 716/1121/1056
f 1502/1693/1643 716/1121/1056 713/331/305
f 1503/305/279 1505/1696/1646 709/1694/1052
f 1505/1695/1644 1504/343/317 696/344/318
f 1503/305/279 456/285/259 461/862/1645
f 458/855/1649 455/342/316 1504/343/317
f 589/1000/926 1506/281/255 1508/1698/1650
s 36
f 593/1004/1653 1508/1699/1657 1509/1700/1654
s 2
f 1509/1700/1656 1507/235/211 590/309/283
f 1506/281/255 436/209/185 439/835/763
s 36
f 1508/1699/1657 439/840/2137 444/838/1658
s 2
f 444/838/765 438/233/209 1507/235/211
f 467/264/239 1510/263/238 1512/1701/1659
f 476/879/805 1512/1701/1659 1513/1702/1660
f 477/874/1661 1513/1702/1660 1514/1703/1662
f 470/869/797 1514/1703/1662 1511/298/272
f 1510/263/238 642/313/287 651/1061/994
f 1512/1701/1659 651/1061/994 645/1055/988
f 1513/1702/1660 645/1055/988 644/1053/986
f 1514/1703/1662 644/1053/986 641/225/201
f 506/291/265 1515/290/264 1517/1704/1663
f 512/919/1664 1517/1704/1668 1518/1705/1665
f 508/912/835 1518/1706/1671 1516/199/175
f 1515/290/264 732/304/278 742/1146/1079
f 1517/1704/1668 742/1146/1079 735/1149/1083
f 1518/1706/1671 734/1140/1073 731/201/177
s 4
f 771/369/340 1519/368/339 1521/1707/1672
f 774/1708/1673 1521/1707/1672 1522/1709/1674
f 773/1710/1676 1522/1709/1681 1523/1711/1677
f 1523/1713/1677 1520/483/442 770/526/479
f 1519/368/339 755/359/330 757/1715/1679
f 1521/1707/1672 757/1715/1679 758/1716/1680
f 1522/1709/1681 758/1716/1719 759/1717/1682
f 759/1718/1682 756/379/349 1520/483/442
f 1524/405/373 1526/1725/1684 779/1719/1683
f 1526/1720/1684 1527/1723/1690 778/1721/1685
f 1527/1723/1686 1528/1728/1692 777/1724/1687
f 777/1724/1687 1528/1728/1692 1525/463/425
f 760/537/490 762/1789/1689 1526/1725/1684
f 762/1726/1689 763/1727/1753 1527/1723/1690
f 763/1727/1691 764/1792/1755 1528/1728/1692
f 1528/1728/1692 764/1792/1755 761/362/333
f 1529/473/434 1531/1730/1694 754/1729/1693
f 1531/1730/1694 1532/1732/1699 753/1731/1695
f 1532/1732/1696 1533/1735/1700 752/1733/1697
f 752/1734/1697 1533/1736/1700 1530/348/322
f 771/369/340 774/1708/1673 1531/1730/1694
f 774/1708/1673 773/1710/1675 1532/1732/1699
f 773/1710/1676 772/1712/1678 1533/1735/1700
f 1533/1736/1700 772/1714/1678 770/526/479
f 766/502/458 1534/370/341 1536/1737/1701
f 769/1739/1702 1536/1744/1701 1537/1740/1703
f 768/1741/1705 1537/1740/1708 1538/1742/1706
f 1538/1742/1706 1535/367/338 765/354/326
f 1534/370/341 776/352/325 779/1719/1683
f 1536/1744/1701 779/1722/1683 778/1721/1685
f 1537/1740/1708 778/1721/1688 777/1724/1687
f 777/1724/1687 775/365/336 1535/367/338
f 781/503/459 1539/497/454 1541/1745/1709
f 784/1747/1710 1541/1752/1709 1542/1748/1711
f 783/1749/1713 1542/1748/1716 1543/1750/1714
f 1543/1750/1714 1540/356/328 780/373/343
f 1539/497/454 766/502/458 769/1738/1702
f 1541/1752/1709 769/1739/1702 768/1741/1704
f 1542/1748/1716 768/1741/1705 767/1743/1707
f 767/1743/1707 765/354/326 1540/356/328
f 755/359/330 1544/358/329 1546/1753/1717
f 757/1715/1679 1546/1753/1717 1547/1754/1718
f 758/1716/1719 1547/1754/1723 1548/1755/1720
f 1548/1756/1720 1545/377/347 756/379/349
f 1544/358/329 785/388/357 787/1757/1721
f 1546/1753/1717 787/1757/1721 788/1758/1722
f 1547/1754/1723 788/1758/1727 789/1759/1724
f 789/1760/1724 786/376/346 1545/377/347
f 785/388/357 1549/397/365 1551/1761/1725
f 787/1757/1721 1551/1761/1725 1552/1762/1726
f 788/1758/1727 1552/1762/1731 1553/1763/1728
f 1553/1764/1728 1550/374/344 786/376/346
f 1549/397/365 795/396/364 797/1765/1729
f 1551/1761/1725 797/1765/1729 798/1766/1730
f 1552/1762/1731 798/1766/1746 799/1767/1732
f 799/1768/1732 796/386/356 1550/374/344
f 791/538/491 1554/531/484 1556/1769/1733
f 794/1771/1734 1556/1776/1733 1557/1772/1735
f 793/1773/1737 1557/1772/1740 1558/1774/1738
f 792/1775/1739 1558/1774/1738 1555/381/351
f 1554/531/484 781/503/459 784/1746/1710
f 1556/1776/1733 784/1747/1710 783/1749/1712
f 1557/1772/1740 783/1749/1713 782/1751/1715
f 782/1751/1715 780/373/343 1555/381/351
f 1559/514/469 1561/1777/1741 832/1194/1123
f 1561/1777/1741 1562/1778/1742 833/1181/1113
f 1562/1778/1742 1563/1779/1743 823/1178/1110
f 1563/1779/1743 1560/479/438 818/530/483
f 801/1164/1098 811/1163/1097 1561/1777/1741
f 811/1163/1097 804/1169/1101 1562/1778/1742
f 804/1169/1101 803/1157/1090 1563/1779/1743
f 803/1157/1090 800/477/436 1560/479/438
f 795/396/364 1564/496/453 1566/1780/1744
f 797/1765/1729 1566/1780/1744 1567/1781/1745
f 798/1766/1746 1567/1781/1748 1568/1782/1747
f 1568/1783/1747 1565/384/354 796/386/356
f 1564/496/453 820/512/467 834/1193/1122
f 1566/1780/1744 834/1193/1122 828/1195/1124
f 1567/1781/1748 828/1195/2126 827/1186/1118
f 827/1784/1118 819/393/362 1565/384/354
f 801/1164/1098 1569/513/468 1571/1785/1749
f 809/1167/1096 1571/1788/1749 1572/1786/1750
f 810/1165/1099 1572/1786/1750 1573/1787/1751
f 815/1172/1104 1573/1787/1751 1570/390/359
f 1569/513/468 791/538/491 794/1770/1734
f 1571/1788/1749 794/1771/1734 793/1773/1736
f 1572/1786/1750 793/1773/1737 792/1775/1739
f 1573/1787/1751 792/1775/1739 790/383/353
f 1574/413/380 1576/1793/1752 762/1789/1689
f 1576/1790/1752 1577/1791/1757 763/1727/1753
f 1577/1791/1754 1578/1796/1759 764/1792/1755
f 764/1792/1755 1578/1796/1759 1575/506/461
f 842/472/433 844/1812/1756 1576/1793/1752
f 844/1794/1756 845/1795/1775 1577/1791/1757
f 845/1795/1758 846/1815/1777 1578/1796/1759
f 1578/1796/1759 846/1815/1777 843/402/370
f 1579/345/319 1581/1798/1761 841/1797/1760
f 1581/1798/1761 1582/1800/1766 840/1799/1762
f 1582/1800/1763 1583/1803/1767 839/1801/1764
f 839/1802/1764 1583/1804/1767 1580/398/366
f 751/347/321 754/1729/1693 1581/1798/1761
f 754/1729/1693 753/1731/1695 1582/1800/1766
f 753/1731/1698 752/1733/1697 1583/1803/1767
f 1583/1804/1767 752/1734/1697 750/360/331
f 854/1212/1142 1584/487/445 1586/1805/1768
f 864/1210/1140 1586/1805/1768 1587/1806/1769
f 865/1201/1130 1587/1806/1769 1588/1807/1770
f 856/1197/1126 1588/1807/1770 1585/519/426
f 1584/487/445 847/489/447 849/1808/1771
f 1586/1805/1768 849/1808/1771 850/1809/1772
f 1587/1806/1769 850/1809/1772 851/1810/1773
f 1588/1811/1770 851/1820/1773 848/408/376
f 1589/488/446 1591/1817/1774 844/1812/1756
f 1591/1813/1774 1592/1814/1779 845/1795/1775
f 1592/1814/1776 1593/1816/1778 846/1815/1777
f 1593/1816/1778 1590/410/378 843/402/370
f 854/1212/1142 866/1211/1141 1591/1817/1774
f 866/1216/1141 861/1215/1144 1592/1814/1779
f 861/1215/1780 860/1206/1135 1593/1816/1778
f 860/1206/1135 853/1203/1132 1590/410/378
f 1594/490/448 1596/1818/1781 849/1808/1771
f 1596/1818/1781 1597/1819/1783 850/1809/1772
f 1597/1819/1782 1598/1821/1784 851/1810/1773
f 851/1820/1773 1598/1822/1784 1595/406/374
f 838/522/476 841/1797/1760 1596/1818/1781
f 841/1797/1760 840/1799/1762 1597/1819/1783
f 840/1799/1765 839/1801/1764 1598/1821/1784
f 839/1802/1764 837/400/368 1595/406/374
f 1599/486/444 1601/1824/1786 893/1823/1785
f 1601/1824/1786 1602/1826/1788 892/1825/1787
f 1602/1826/1788 1603/1828/1790 891/1827/1789
f 1603/1828/1790 1600/535/488 889/536/489
f 874/435/400 876/1829/1791 1601/1824/1786
f 876/1829/1791 877/1830/1792 1602/1826/1788
f 877/1830/1792 878/1831/1793 1603/1828/1790
f 878/1831/1793 875/534/487 1600/535/488
f 895/429/394 1604/428/393 1606/1832/1794
f 898/1833/1795 1606/1832/1794 1607/1834/1796
f 896/1837/1799 1608/1836/1798 1605/467/429
f 1604/428/393 879/432/397 881/1838/1800
f 1607/1834/1796 882/1839/1801 883/1840/1802
f 1608/1836/1798 883/1840/1802 880/468/430
f 870/425/390 1609/416/382 1611/1841/1803
f 873/1842/1804 1611/1841/1803 1612/1843/1805
f 872/1844/1806 1612/1843/1805 1613/1845/1807
f 871/1846/1808 1613/1845/1807 1610/484/443
f 1609/416/382 890/415/381 893/1823/1785
f 1611/1841/1803 893/1823/1785 892/1825/1787
f 1612/1843/1805 892/1825/1787 891/1827/1789
f 1613/1845/1807 891/1827/1789 889/536/489
f 1614/430/395 1616/1848/1810 888/1847/1809
f 1616/1848/1810 1617/1850/1812 887/1849/1811
f 1618/1852/1814 1615/505/460 884/527/480
f 895/429/394 898/1833/1795 1616/1848/1810
f 898/1833/1795 897/1835/1797 1617/1850/1812
f 897/1835/1797 896/1837/1799 1618/1852/1814
f 896/1837/1799 894/470/432 1615/505/460
f 1619/421/386 1621/1854/1816 903/1853/1815
f 1622/1856/1818 1623/1858/1820 901/1857/1819
f 1623/1858/1820 1620/438/403 899/422/387
f 885/469/431 888/1847/1809 1621/1854/1816
f 888/1847/1809 887/1849/1811 1622/1856/1818
f 887/1849/1811 886/1851/1813 1623/1858/1820
f 886/1851/1813 884/527/480 1620/438/403
f 1624/436/401 1626/1859/1821 876/1829/1791
f 1626/1859/1821 1627/1860/1822 877/1830/1792
f 1627/1860/1822 1628/1861/1823 878/1831/1793
f 1628/1861/1823 1625/418/384 875/534/487
f 904/441/406 906/1862/1824 1626/1859/1821
f 906/1862/1824 907/1863/1825 1627/1860/1822
f 907/1863/1825 908/1864/1826 1628/1861/1823
f 908/1864/1826 905/482/441 1625/418/384
f 1629/442/407 1631/1865/1827 906/1862/1824
f 1631/1865/1827 1632/1866/1828 907/1863/1825
f 1633/1867/1829 1630/528/481 905/482/441
f 914/446/411 916/1868/1830 1631/1865/1827
f 916/1868/1830 917/1869/1831 1632/1866/1828
f 917/1869/1831 918/1870/1832 1633/1867/1829
f 918/1870/1832 915/525/478 1630/528/481
f 1636/1872/1834 1637/1874/1836 912/1873/1835
f 1638/1876/1838 1635/424/389 909/445/410
f 900/499/455 903/1853/1815 1636/1872/1834
f 903/1853/1815 902/1855/1817 1637/1874/1836
f 902/1855/1817 901/1857/1819 1638/1876/1838
f 1639/481/440 1641/1880/1841 940/1877/1165
f 940/1238/1165 1641/1881/1841 1642/1878/1839
f 948/1247/1173 1643/1879/1840 1640/516/471
f 1639/481/440 919/1218/1146 923/1220/1148
f 1641/1881/1841 923/2167/1148 933/1234/1152
f 1642/1878/1839 933/1234/1152 932/1232/1160
f 1643/1879/1840 932/1232/1160 921/517/472
f 1644/448/413 1646/1882/1842 916/1868/1830
f 1646/1882/1842 1647/1883/1843 917/1869/1831
f 1647/1883/1843 1648/1884/1844 918/1870/1832
f 1648/1884/1844 1645/500/456 915/525/478
f 939/1253/1179 953/1252/1178 1646/1882/1842
f 953/1252/1178 947/1255/1181 1647/1883/1843
f 947/1255/1181 946/1248/1174 1648/1884/1844
f 1649/443/408 1651/1885/1845 927/1228/1156
f 1651/1885/1845 1652/1886/1846 928/1236/1163
f 1652/1886/1846 1653/1887/1847 934/1233/1161
f 1653/1887/1847 1650/515/470 921/517/472
f 910/532/485 913/1871/1833 1651/1885/1845
f 913/1871/1833 912/1873/1835 1652/1886/1846
f 912/1873/1835 911/1875/1837 1653/1887/1847
f 911/1875/1837 909/445/410 1650/515/470
f 879/432/397 1654/453/416 1656/1888/1848
f 882/1839/1801 1657/1889/1849 1658/1890/1850
f 1654/453/416 961/454/417 963/1891/1851
f 1656/1888/1848 963/1891/1851 964/1892/1852
f 1657/1889/1849 964/1892/1852 965/1893/1853
f 957/455/418 1659/426/391 1661/1894/1854
f 960/1895/1855 1661/1894/1854 1662/1896/1856
f 958/1899/1859 1663/1898/1858 1660/459/421
f 1659/426/391 870/425/390 873/1842/1804
f 1661/1894/1854 873/1842/1804 872/1844/1806
f 1662/1896/1856 872/1844/1806 871/1846/1808
f 1663/1898/1858 871/1846/1808 869/450/415
f 1664/466/428 1666/1900/1860 974/1258/1184
f 1666/1900/1860 1667/1901/1861 975/1267/1194
f 1667/1901/1861 1668/1902/1862 981/1263/1190
f 1668/1902/1862 1665/494/452 972/1264/1191
f 966/462/424 968/1903/1863 1666/1900/1860
f 969/1904/1864 970/1905/1865 1668/1902/1862
f 970/1905/1865 967/491/449 1665/494/452
f 961/454/417 1669/460/422 1671/1906/1866
f 964/1892/1852 1672/1907/1867 1673/1908/1868
f 965/1893/1853 1673/1908/1868 1670/493/451
f 1669/460/422 973/461/423 985/1270/1198
f 1671/1906/1866 985/1270/1198 980/1265/1192
f 1672/1907/1867 980/1265/1192 979/1262/1189
f 1673/1908/1868 979/1262/1189 972/1264/1191
f 966/462/424 1674/456/419 1676/1909/1869
f 968/1903/1863 1676/1909/1869 1677/1910/1870
f 969/1904/1864 1677/1910/1870 1678/1911/1871
f 970/1905/1865 1678/1911/1871 1675/492/450
f 1674/456/419 957/455/418 960/1895/1855
f 1676/1909/1869 960/1895/1855 959/1897/1857
f 1677/1910/1870 959/1897/1857 958/1899/1859
f 1678/1911/1871 958/1899/1859 956/458/420
f 973/461/423 1679/411/379 1681/1912/1872
f 984/1914/1873 1681/1916/1876 1680/520/474
f 1679/411/379 853/1203/1132 855/1205/1875
f 1681/1916/1876 855/2164/2138 852/521/475
f 1682/392/361 1684/1919/1880 814/1917/1105
s 37
f 1684/1918/1877 1685/1921/1882 805/1156/1878
s 4
f 805/1156/1089 1685/1921/1883 1683/480/439
f 920/449/414 929/1227/1155 1684/1919/1880
s 37
f 929/1920/1881 922/1221/2139 1685/1921/1882
s 4
f 1685/1921/1883 922/1221/2140 919/1218/1146
f 939/1253/1179 1686/447/412 1688/1922/1884
f 951/1251/1177 1688/1922/1884 1689/1923/1885
f 952/1244/1170 1689/1923/1885 1690/1924/1886
f 942/1925/1166 1690/1927/1886 1687/529/482
f 1686/447/412 819/393/362 829/1185/1117
f 1688/1922/1884 829/1185/1117 822/1190/1111
f 1689/1923/1885 822/1190/1111 821/1926/1109
f 1690/1927/1886 821/1177/1109 818/530/483
s 5
f 1009/560/510 1691/559/509 1693/1928/1887
f 1012/1929/1888 1693/1928/1887 1694/1930/1889
f 1011/1932/1891 1694/1937/1896 1695/1933/1892
f 1695/1933/1892 1692/674/609 1008/714/643
f 1691/559/509 993/550/500 995/1935/1894
f 1693/1928/1887 995/1935/1894 996/1936/1895
f 1694/1937/1896 996/1975/1934 997/1938/1897
f 997/1938/1897 994/570/519 1692/674/609
f 1696/596/543 1698/1945/1899 1017/1939/1898
f 1698/1940/1899 1699/1943/1905 1016/1941/1900
f 1699/1943/1901 1700/1948/1907 1015/1944/1902
f 1015/1944/1902 1700/1948/1907 1697/654/592
f 998/723/652 1000/2015/1904 1698/1945/1899
f 1000/1946/1904 1001/1947/1973 1699/1943/1905
f 1001/1947/1906 1002/2018/1975 1700/1948/1907
f 1700/1948/1907 1002/2018/1975 999/553/503
f 1701/664/601 1703/1950/1909 992/1949/1908
f 1703/1950/1909 1704/1955/1914 991/1951/1910
f 1704/1952/1911 1705/1956/1915 990/1953/1912
f 990/1953/1912 1705/1956/1915 1702/539/492
f 1009/560/510 1012/1929/1888 1703/1950/1909
f 1012/1929/1888 1011/1931/1890 1704/1955/1914
f 1011/1932/1891 1010/1934/1893 1705/1956/1915
f 1705/1956/1915 1010/1934/1893 1008/714/643
f 1004/693/625 1706/561/511 1708/1957/1916
f 1007/1959/1917 1708/1964/1916 1709/1960/1918
f 1006/1961/1920 1709/1960/1923 1710/1962/1921
f 1710/1962/1921 1707/558/508 1003/545/496
f 1706/561/511 1014/543/495 1017/1939/1898
f 1708/1964/1916 1017/1942/1898 1016/1941/1900
f 1709/1960/1923 1016/1941/1903 1015/1944/1902
f 1015/1944/1902 1013/556/506 1707/558/508
f 1019/694/626 1711/688/621 1713/1965/1924
f 1022/1967/1925 1713/1972/1924 1714/1968/1926
f 1021/1969/1928 1714/1968/1931 1715/1970/1929
f 1715/1970/1929 1712/547/498 1018/564/513
f 1711/688/621 1004/693/625 1007/1958/1917
f 1713/1972/1924 1007/1959/1917 1006/1961/1919
f 1714/1968/1931 1006/1961/1920 1005/1963/1922
f 1005/1963/1922 1003/545/496 1712/547/498
f 993/550/500 1716/549/499 1718/1973/1932
f 995/1935/1894 1718/1973/1932 1719/1974/1933
f 996/1975/1934 1719/1979/1938 1720/1976/1935
f 1720/1976/1935 1717/568/517 994/570/519
f 1716/549/499 1023/579/527 1025/1977/1936
f 1718/1973/1932 1025/1977/1936 1026/1978/1937
f 1719/1979/1938 1026/1983/1942 1027/1980/1939
f 1027/1980/1939 1024/567/516 1717/568/517
f 1023/579/527 1721/588/535 1723/1981/1940
f 1025/1977/1936 1723/1981/1940 1724/1982/1941
f 1026/1983/1942 1724/1987/1946 1725/1984/1943
f 1725/1984/1943 1722/565/514 1024/567/516
f 1721/588/535 1033/587/534 1035/1985/1944
f 1723/1981/1940 1035/1985/1944 1036/1986/1945
f 1724/1987/1946 1036/2008/1964 1037/1988/1947
f 1037/1988/1947 1034/577/526 1722/565/514
f 1029/724/653 1726/717/646 1728/1989/1948
f 1032/1991/1949 1728/1996/1948 1729/1992/1950
f 1031/1993/1952 1729/1992/1955 1730/1994/1953
f 1730/1994/1953 1727/572/521 1028/574/523
f 1726/717/646 1019/694/626 1022/1966/1925
f 1728/1996/1948 1022/1967/1925 1021/1969/1927
f 1729/1992/1955 1021/1969/1928 1020/1971/1930
f 1020/1971/1930 1018/564/513 1727/572/521
f 1731/702/633 1733/1998/1957 1060/1997/1956
f 1733/1998/1957 1734/2000/1959 1059/1999/1958
f 1734/2000/1959 1735/2004/1961 1058/2001/1960
f 1735/2002/1961 1732/668/603 1056/584/532
f 1039/1282/1212 1049/1281/1211 1733/1998/1957
f 1049/1281/1211 1042/1287/1215 1734/2000/1959
f 1042/1287/1215 1041/1275/1205 1735/2004/1961
f 1041/2005/1205 1038/2150/1202 1732/668/603
f 1033/587/534 1736/687/620 1738/2006/1962
f 1035/1985/1944 1738/2006/1966 1739/2007/1963
f 1036/2008/1964 1739/2010/1967 1740/2009/1965
f 1037/1988/1947 1740/2009/1965 1737/575/524
f 1736/687/620 1057/700/631 1060/1997/1956
f 1738/2006/1966 1060/1997/1956 1059/1999/1958
f 1739/2010/1967 1059/2168/1958 1058/2003/1960
f 1058/2003/1960 1056/584/532 1737/575/524
f 1039/1282/1212 1741/701/632 1743/2011/1968
f 1047/1285/1210 1743/2014/1968 1744/2012/1969
f 1048/1283/1222 1744/2012/1971 1745/2013/1970
f 1053/1290/1218 1745/2013/1970 1742/581/529
f 1741/701/632 1029/724/653 1032/1990/1949
f 1743/2014/1968 1032/1991/1949 1031/1993/1951
f 1744/2012/1971 1031/1993/1952 1030/1995/1954
f 1745/2013/1970 1030/1995/1954 1028/574/523
f 1746/604/550 1748/2019/1972 1000/2015/1904
f 1748/2016/1972 1749/2017/1977 1001/1947/1973
f 1749/2017/1974 1750/2022/1979 1002/2018/1975
f 1002/2018/1975 1750/2022/1979 1747/697/628
f 1066/663/600 1068/2038/1976 1748/2019/1972
f 1068/2020/1976 1069/2021/1995 1749/2017/1977
f 1069/2021/1978 1070/2041/1997 1750/2022/1979
f 1750/2022/1979 1070/2041/1997 1067/593/540
f 1751/507/462 1753/2024/1981 1065/2023/1980
f 1753/2024/1981 1754/2029/1986 1064/2025/1982
f 1754/2026/1983 1755/2030/1987 1063/2027/1984
f 1063/2027/1984 1755/2030/1987 1752/589/536
f 989/509/464 992/1949/1908 1753/2024/1981
f 992/1949/1908 991/1951/1910 1754/2029/1986
f 991/1954/1913 990/1953/1912 1755/2030/1987
f 1755/2030/1987 990/1953/1912 988/551/501
f 1078/1311/1240 1756/678/612 1758/2031/1988
f 1089/1309/1238 1758/2031/1988 1759/2032/1989
f 1090/1300/1229 1759/2032/1989 1760/2033/1990
f 1080/1296/1225 1760/2033/1990 1757/707/593
f 1756/678/612 1071/680/614 1073/2034/1991
f 1758/2031/1988 1073/2034/1991 1074/2035/1992
f 1759/2032/1989 1074/2035/1992 1075/2036/1993
f 1760/2037/1990 1075/2046/1993 1072/599/546
f 1761/679/613 1763/2043/1994 1068/2038/1976
f 1763/2039/1994 1764/2040/1999 1069/2021/1995
f 1764/2040/1996 1765/2042/1998 1070/2041/1997
f 1765/2042/1998 1762/601/548 1067/593/540
f 1078/1311/1240 1091/1310/1239 1763/2043/1994
f 1091/1315/1239 1085/1314/1242 1764/2040/1999
f 1085/1314/2000 1084/1305/1234 1765/2042/1998
f 1084/1305/1234 1077/1302/1231 1762/601/548
f 1766/681/615 1768/2044/2001 1073/2034/1991
f 1768/2044/2001 1769/2048/2003 1074/2035/1992
f 1769/2045/2002 1770/2049/2004 1075/2046/1993
f 1075/2046/1993 1770/2049/2004 1767/597/544
f 1062/710/640 1065/2023/1980 1768/2044/2001
f 1065/2023/1980 1064/2025/1982 1769/2048/2003
f 1064/2028/1985 1063/2027/1984 1770/2049/2004
f 1063/2027/1984 1061/591/538 1767/597/544
f 1771/677/611 1773/2051/2006 1118/2050/2005
f 1773/2051/2006 1774/2053/2008 1117/2052/2007
f 1774/2053/2008 1775/2055/2010 1116/2054/2009
f 1775/2055/2010 1772/721/650 1114/722/651
f 1099/626/569 1101/2056/2011 1773/2051/2006
f 1101/2056/2011 1102/2057/2012 1774/2053/2008
f 1102/2057/2012 1103/2058/2013 1775/2055/2010
f 1103/2058/2013 1100/720/649 1772/721/650
f 1120/620/563 1776/619/562 1778/2059/2014
f 1123/2060/2015 1778/2059/2014 1779/2061/2016
f 1122/2062/2017 1779/2061/2016 1780/2063/2018
f 1121/2064/2019 1780/2063/2018 1777/658/596
f 1776/619/562 1104/623/566 1106/2065/2020
f 1778/2059/2014 1106/2065/2020 1107/2066/2021
f 1779/2061/2016 1107/2066/2021 1108/2067/2022
f 1780/2063/2018 1108/2067/2022 1105/659/597
f 1095/616/559 1781/607/552 1783/2068/2023
f 1098/2069/2024 1783/2068/2023 1784/2070/2025
f 1097/2071/2026 1784/2070/2025 1785/2072/2027
f 1096/2073/2028 1785/2072/2027 1782/675/610
f 1781/607/552 1115/606/551 1118/2050/2005
f 1783/2068/2023 1118/2050/2005 1117/2052/2007
f 1784/2070/2025 1117/2052/2007 1116/2054/2009
f 1785/2072/2027 1116/2054/2009 1114/722/651
f 1786/621/564 1788/2075/2030 1113/2074/2029
f 1788/2075/2030 1789/2077/2032 1112/2076/2031
f 1789/2077/2032 1790/2079/2034 1111/2078/2033
f 1790/2079/2034 1787/696/627 1109/715/644
f 1120/620/563 1123/2060/2015 1788/2075/2030
f 1123/2060/2015 1122/2062/2017 1789/2077/2032
f 1122/2062/2017 1121/2064/2019 1790/2079/2034
f 1121/2064/2019 1119/661/599 1787/696/627
f 1791/612/556 1793/2081/2036 1128/2080/2035
f 1793/2081/2036 1794/2083/2038 1127/2082/2037
f 1794/2083/2038 1795/2085/2040 1126/2084/2039
f 1795/2085/2040 1792/629/572 1124/613/557
f 1110/660/598 1113/2074/2029 1793/2081/2036
f 1113/2074/2029 1112/2076/2031 1794/2083/2038
f 1112/2076/2031 1111/2078/2033 1795/2085/2040
f 1111/2078/2033 1109/715/644 1792/629/572
f 1796/627/570 1798/2086/2041 1101/2056/2011
f 1798/2086/2041 1799/2087/2042 1102/2057/2012
f 1799/2087/2042 1800/2088/2043 1103/2058/2013
f 1800/2088/2043 1797/609/554 1100/720/649
f 1129/632/574 1131/2089/2044 1798/2086/2041
f 1131/2089/2044 1132/2090/2045 1799/2087/2042
f 1132/2090/2045 1133/2091/2046 1800/2088/2043
f 1133/2091/2046 1130/673/608 1797/609/554
f 1801/633/575 1803/2092/2047 1131/2089/2044
f 1803/2092/2047 1804/2093/2048 1132/2090/2045
f 1804/2093/2048 1805/2094/2049 1133/2091/2046
f 1805/2094/2049 1802/716/645 1130/673/608
f 1139/637/578 1141/2095/2050 1803/2092/2047
f 1141/2095/2050 1142/2096/2051 1804/2093/2048
f 1142/2096/2051 1143/2097/2052 1805/2094/2049
f 1143/2097/2052 1140/713/642 1802/716/645
f 1806/628/571 1808/2099/2054 1138/2098/2053
f 1808/2099/2054 1809/2101/2056 1137/2100/2055
f 1809/2101/2056 1810/2103/2058 1136/2102/2057
f 1810/2103/2058 1807/615/558 1134/636/577
f 1125/690/622 1128/2080/2035 1808/2099/2054
f 1128/2080/2035 1127/2082/2037 1809/2101/2056
f 1127/2082/2037 1126/2084/2039 1810/2103/2058
f 1126/2084/2039 1124/613/557 1807/615/558
f 1162/719/648 1811/672/607 1813/2104/2059
f 1165/2105/2060 1813/2104/2059 1814/2106/2061
f 1164/2107/2062 1814/2106/2061 1815/2108/2063
f 1163/2109/2064 1815/2108/2063 1812/704/635
f 1811/672/607 1144/671/606 1147/1318/1245
f 1813/2104/2059 1147/1318/1245 1157/1323/1249
f 1814/2106/2061 1157/1323/1249 1156/1330/1257
f 1815/2108/2063 1156/1330/1257 1146/705/636
f 1816/639/580 1818/2110/2065 1141/2095/2050
f 1818/2110/2065 1819/2111/2066 1142/2096/2051
f 1819/2111/2066 1820/2112/2067 1143/2097/2052
f 1820/2112/2067 1817/691/623 1140/713/642
f 1162/719/648 1165/2105/2060 1818/2110/2065
f 1165/2105/2060 1164/2107/2062 1819/2111/2066
f 1164/2107/2062 1163/2109/2064 1820/2112/2067
f 1163/2109/2064 1161/706/637 1817/691/623
f 1821/634/576 1823/2113/2068 1151/1327/1253
f 1823/2113/2068 1824/2114/2069 1152/1333/1260
f 1824/2114/2069 1825/2115/2070 1158/1331/1258
f 1825/2115/2070 1822/703/634 1146/705/636
f 1135/718/647 1138/2098/2053 1823/2113/2068
f 1138/2098/2053 1137/2100/2055 1824/2114/2069
f 1137/2100/2055 1136/2102/2057 1825/2115/2070
f 1136/2102/2057 1134/636/577 1822/703/634
f 1104/623/566 1826/644/583 1828/2116/2071
f 1106/2065/2020 1828/2116/2071 1829/2117/2072
f 1107/2066/2021 1829/2117/2072 1830/2118/2073
f 1108/2067/2022 1830/2118/2073 1827/698/629
f 1826/644/583 1171/645/584 1173/2119/2074
f 1828/2116/2071 1173/2119/2074 1174/2120/2075
f 1829/2117/2072 1174/2120/2075 1175/2121/2076
f 1830/2118/2073 1175/2121/2076 1172/665/602
f 1167/646/585 1831/617/560 1833/2122/2077
f 1170/2123/2078 1833/2122/2077 1834/2124/2079
f 1169/2125/2080 1834/2124/2079 1835/2126/2081
f 1168/2127/2082 1835/2126/2081 1832/650/588
f 1831/617/560 1095/616/559 1098/2069/2024
f 1833/2122/2077 1098/2069/2024 1097/2071/2026
f 1834/2124/2079 1097/2071/2026 1096/2073/2028
f 1835/2126/2081 1096/2073/2028 1094/641/582
f 1836/657/595 1838/2128/2083 1184/1337/1264
f 1838/2128/2083 1839/2129/2084 1185/1346/1273
f 1839/2129/2084 1840/2130/2085 1192/1342/1269
f 1840/2130/2085 1837/685/619 1182/1343/1270
f 1176/653/591 1178/2131/2086 1838/2128/2083
f 1178/2131/2086 1179/2132/2087 1839/2129/2084
f 1179/2132/2087 1180/2133/2088 1840/2130/2085
f 1180/2133/2088 1177/682/616 1837/685/619
f 1171/645/584 1841/651/589 1843/2134/2089
f 1173/2119/2074 1843/2134/2089 1844/2135/2090
f 1174/2120/2075 1844/2135/2090 1845/2136/2091
f 1175/2121/2076 1845/2136/2091 1842/684/618
f 1841/651/589 1183/652/590 1195/1349/1277
f 1843/2134/2089 1195/1349/1277 1191/1344/1271
f 1844/2135/2090 1191/1344/1271 1190/1341/1268
f 1845/2136/2091 1190/1341/1268 1182/1343/1270
f 1176/653/591 1846/647/586 1848/2137/2092
f 1178/2131/2086 1848/2137/2092 1849/2138/2093
f 1179/2132/2087 1849/2138/2093 1850/2139/2094
f 1180/2133/2088 1850/2139/2094 1847/683/617
f 1846/647/586 1167/646/585 1170/2123/2078
f 1848/2137/2092 1170/2123/2078 1169/2125/2080
f 1849/2138/2093 1169/2125/2080 1168/2127/2082
f 1850/2139/2094 1168/2127/2082 1166/649/587
f 1183/652/590 1851/602/549 1853/2140/2095
f 1186/2142/1263 1853/2145/2098 1852/708/638
f 1851/602/549 1077/1302/1231 1086/1304/2096
f 1853/2145/2098 1079/1297/1226 1076/709/639
f 1040/583/531 1854/582/530 1856/2146/2099
f 1856/2149/2103 1855/669/604 1038/2150/1202
f 1854/582/530 1145/640/581 1153/1326/1252
f 1153/2152/2105 1144/671/2141 1855/669/604
