# Blender 5.2.2 LTS
# www.blender.org
mtllib esquina_08.mtl
g esquina_08_Holocron.008
v 2.922586 4.960887 3.951886
v 4.074255 4.983422 2.723576
v 3.365121 4.967250 3.576161
v 3.755395 4.975006 3.154955
v 4.358602 4.993885 2.214576
v 2.364576 4.955712 4.306444
v 2.919549 5.072665 3.950531
v 4.071218 5.095200 2.722220
v 3.362085 5.079026 3.574806
v 3.752359 5.086782 3.153599
v 4.355562 5.105660 2.213221
v 2.361543 5.067488 4.305089
v 2.151334 5.015862 4.179325
v 2.778356 5.021322 3.795893
v 3.221120 5.027678 3.420418
v 3.063776 5.012232 4.106525
v 2.574785 5.007337 4.432207
v 4.475107 5.044135 2.421508
v 4.215513 5.034762 2.878286
v 3.506082 5.018600 3.730549
v 2.012929 5.003364 4.737270
v 3.929960 5.043859 2.567510
v 4.239053 5.055408 2.006290
v 3.611177 5.035439 2.998970
v 4.700704 5.054775 1.920035
v 3.896581 5.026349 3.309584
v 4.906744 5.162932 0.583139
v 4.910779 5.067510 4.983414
v 0.511934 5.089219 4.977134
v 4.910467 4.821415 5.219703
v 4.895235 0.431013 5.112706
v 0.502950 4.847726 5.208175
v 5.148878 4.826276 4.980475
v 5.147207 4.927491 0.570613
v 5.144880 0.491278 4.871343
v 5.000909 3.880296 2.891004
v 5.006837 2.648907 4.039592
v 5.003709 3.503415 3.332591
v 5.005693 3.081164 3.721813
v 5.007177 2.139097 4.322666
v 4.996728 4.236278 2.333897
v 5.112527 3.875682 2.886079
v 5.118459 2.644294 4.034666
v 5.115331 3.498800 3.327666
v 5.117311 3.076549 3.716887
v 5.118799 2.134480 4.317742
v 5.108354 4.231666 2.328972
v 5.049543 4.108002 2.119407
v 5.054319 3.722971 2.745455
v 5.057119 3.346342 3.187273
v 5.059118 4.033006 3.031629
v 5.055540 4.359941 2.543462
v 5.065416 2.344171 4.438738
v 5.065050 2.801691 4.180282
v 5.061914 3.655874 3.472987
v 5.051050 4.666429 1.982384
v 5.060247 2.491515 3.893976
v 5.060560 1.929407 4.201670
v 5.059099 2.923849 3.576271
v 5.065164 1.842028 4.663086
v 5.063901 3.233865 3.862428
v 3.913637 2.741585 5.070880
v 2.728555 3.937870 5.080509
v 3.554006 3.197155 5.083916
v 3.147478 3.602762 5.086696
v 2.221147 4.245626 5.066313
v 4.248533 2.172225 5.042883
v 3.898233 2.726017 5.180539
v 2.713151 3.922300 5.190170
v 3.538602 3.181589 5.193577
v 3.132074 3.587195 5.196358
v 2.205743 4.230057 5.175974
v 4.233129 2.156659 5.152543
v 4.108324 1.959544 5.061781
v 3.746904 2.598681 5.094693
v 3.387533 3.054469 5.107778
v 4.064962 2.868921 5.156728
v 4.373334 2.369343 5.133644
v 2.433885 4.349949 5.151222
v 2.879957 4.065267 5.166371
v 3.705080 3.324275 5.169712
v 4.658880 1.798271 5.100417
v 2.561750 3.794901 5.104307
v 1.993005 4.125734 5.091066
v 2.980752 3.459867 5.110513
v 3.298795 3.730091 5.172543
v 3.568384 4.971004 3.368716
v 3.149004 4.963872 3.771044
v 3.923547 4.979135 2.940482
v 4.213148 4.988083 2.493972
v 4.526239 5.001412 1.856686
v 2.677751 4.958247 4.122918
v 1.943483 4.953056 4.521540
v 3.565347 5.082781 3.367360
v 3.145967 5.075648 3.769688
v 3.920507 5.090910 2.939126
v 4.210111 5.099858 2.492616
v 4.523202 5.113187 1.855330
v 2.674715 5.070024 4.121562
v 1.940446 5.064834 4.520184
v 2.524839 5.018649 3.970472
v 3.004919 5.024301 3.615206
v 2.827627 5.009624 4.274009
v 4.351312 5.039285 2.655209
v 3.290052 5.015218 3.925527
v 1.456510 5.006200 4.755616
v 4.071947 5.048656 2.331378
v 3.424303 5.031436 3.212883
v 1.583745 5.012601 4.455956
v 4.706426 5.065852 1.451320
v 2.300180 5.005288 4.585768
v 4.590154 5.049350 2.174587
v 3.779260 5.039569 2.784427
v 4.459291 5.065248 1.537429
v 3.709428 5.022351 3.523193
v 4.064794 5.030473 3.095182
v 5.099786 4.636901 2.892048
v 2.814359 2.760961 5.118871
v 2.835977 5.038906 4.739360
v 3.438180 3.404036 3.468803
v 4.908762 5.115220 2.783278
v 2.711359 5.078365 4.980273
v 2.709337 5.126073 2.780136
v 4.902853 2.626215 5.166205
v 2.706708 4.834572 5.213939
v 2.699090 2.639371 5.160442
v 5.148042 4.876882 2.775544
v 5.146879 2.658775 4.925908
v 5.146043 2.709383 2.720977
v 5.044988 3.398059 3.477289
v 3.445726 5.017982 3.516055
v 3.433172 3.369768 5.088651
v 2.833646 5.079888 2.905628
v 4.658010 2.747090 5.122282
v 5.093740 2.783790 4.690513
v 4.668626 5.068349 2.906419
v 2.827062 4.597929 5.162707
v 5.093774 2.827780 2.847146
v 5.004804 3.295429 3.535336
v 5.002401 3.698864 3.116966
v 5.006364 2.866233 3.889425
v 5.007112 2.418915 4.177911
v 5.007043 1.780712 4.489416
v 4.999158 4.051957 2.646603
v 4.993295 4.452438 1.913351
v 5.116426 3.290814 3.530412
v 5.114023 3.694250 3.112040
v 5.117990 2.861619 3.884498
v 5.118734 2.414299 4.172984
v 5.118665 1.776094 4.484492
v 5.110780 4.047343 2.641678
v 5.104917 4.447824 1.908426
v 5.052492 3.898204 2.492378
v 5.055814 3.541696 2.971559
v 5.057447 4.201098 2.795902
v 5.065324 2.578233 4.315523
v 5.060609 3.851419 3.257447
v 5.045072 4.686108 1.426038
v 5.060514 2.254981 4.035372
v 5.058218 3.138265 3.389934
v 5.044839 4.386061 1.552526
v 5.062612 1.373175 4.667651
v 5.053369 4.514199 2.269251
v 5.065332 2.096910 4.553170
v 5.059774 2.708848 3.743817
v 5.060373 1.459896 4.420738
v 5.063013 3.447978 3.675813
v 5.064580 3.019003 4.030105
v 3.354143 3.407898 5.086521
v 3.740968 2.974187 5.078655
v 2.939504 3.778924 5.084697
v 2.503328 4.086067 5.074191
v 1.848871 4.435099 5.057528
v 4.075960 2.491111 5.060096
v 4.449071 1.744800 5.016666
v 3.338739 3.392328 5.196182
v 3.725564 2.958618 5.188315
v 2.924100 3.763355 5.194357
v 2.487924 4.070501 5.183852
v 1.833467 4.419530 5.167187
v 4.060552 2.475543 5.169756
v 4.433668 1.729234 5.126325
v 3.912477 2.339432 5.083281
v 3.574396 2.831417 5.102498
v 4.224035 2.627223 5.146570
v 2.662397 4.210581 5.159934
v 3.892137 3.101387 5.164470
v 4.659410 1.244832 5.039992
v 2.328855 3.945983 5.098110
v 3.187574 3.265132 5.110367
v 4.365404 1.383991 5.025154
v 1.415155 4.635471 5.103142
v 4.517335 2.090044 5.117838
v 2.191946 4.490392 5.140409
v 2.772707 3.635966 5.108496
v 1.490392 4.364238 5.084306
v 3.505308 3.535093 5.172336
v 3.090894 3.906312 5.170555
v 3.080907 4.959695 4.124260
v 3.079229 4.955899 4.122365
v 3.081167 4.958214 4.124519
v 3.080942 4.956973 4.124249
v 3.080259 4.956161 4.123493
v 3.912015 4.970016 3.325406
v 3.913709 4.973815 3.327319
v 3.913053 4.970277 3.326541
v 3.913740 4.971089 3.327303
v 3.913972 4.972333 3.327576
v 2.765954 4.965878 3.781422
v 2.764085 4.969907 3.779457
v 2.764905 4.966214 3.780285
v 2.764181 4.967097 3.779512
v 2.763895 4.968394 3.779221
v 3.596906 4.984027 2.982535
v 3.598783 4.979994 2.984505
v 3.596715 4.982512 2.982300
v 3.597005 4.981214 2.982591
v 3.597730 4.980330 2.983366
v 3.523214 4.966062 3.748286
v 3.521535 4.962270 3.746391
v 3.523473 4.964581 3.748544
v 3.523248 4.963342 3.748275
v 3.522565 4.962528 3.747518
v 3.206850 4.976262 3.403982
v 3.208711 4.972234 3.405938
v 3.206659 4.974750 3.403745
v 3.206945 4.973450 3.404033
v 3.207666 4.972568 3.404804
v 3.915693 4.992450 2.551076
v 3.917600 4.988414 2.553080
v 3.915502 4.990936 2.550843
v 3.915796 4.989635 2.551141
v 3.916532 4.988750 2.551927
v 4.230913 4.978433 2.894069
v 4.232637 4.982242 2.896016
v 4.231962 4.978693 2.895218
v 4.232660 4.979508 2.895992
v 4.232896 4.980756 2.896272
v 4.224786 5.004006 1.989858
v 4.226236 4.999942 1.992853
v 4.224565 5.002486 1.989699
v 4.224760 5.001181 1.990213
v 4.225347 5.000287 1.991320
v 4.490968 4.987826 2.436301
v 4.492227 4.991639 2.439230
v 4.491842 4.988080 2.437829
v 4.492387 4.988894 2.438921
v 4.492521 4.990144 2.439414
v 4.697992 5.025443 0.970613
v 4.692945 5.021169 0.983177
v 4.696096 5.025447 0.970091
v 4.697320 5.023848 0.973426
v 4.696126 5.022474 0.976801
v 4.697889 5.025736 0.969297
v 4.697065 5.024073 0.971213
v 4.696088 5.022753 0.973402
v 4.695932 5.023190 0.971931
v 4.692842 5.021550 0.979921
v 4.693403 5.022496 0.976291
v 4.694589 5.021533 0.980225
v 4.694654 5.022066 0.976349
v 4.694932 5.022762 0.973184
v 4.696863 5.025737 0.969015
v 4.694547 5.023867 0.972839
v 4.695764 5.024080 0.970935
v 4.696691 5.024199 0.969905
v 4.717809 5.002309 1.937747
v 4.714834 4.998378 1.938867
v 4.717981 5.000795 1.938242
v 4.717474 4.999518 1.938628
v 4.716371 4.998670 1.938848
v 2.591909 4.954818 4.449939
v 2.589155 4.950997 4.448704
v 2.592092 4.953330 4.450249
v 2.591630 4.952081 4.450123
v 2.590597 4.951262 4.449581
v 2.140085 4.960427 4.164237
v 2.137064 4.964452 4.162891
v 2.138593 4.960760 4.163336
v 2.137498 4.961642 4.162763
v 2.136961 4.962938 4.162607
v 2.030618 4.947045 4.752059
v 2.030046 4.950868 4.754992
v 2.030790 4.947302 4.753588
v 2.030744 4.948122 4.754682
v 2.030481 4.949373 4.755175
v 0.890230 4.957614 4.757534
v 0.889715 4.957647 4.755721
v 0.903547 4.953679 4.752012
v 0.888902 4.957845 4.757467
v 0.893243 4.956089 4.756726
v 0.890989 4.956258 4.756533
v 0.889650 4.956361 4.756198
v 0.891798 4.955423 4.755352
v 0.892652 4.956148 4.754021
v 0.896310 4.954868 4.752719
v 0.888624 4.957862 4.756486
v 0.890707 4.956287 4.755264
v 0.893114 4.955045 4.754316
v 0.900449 4.953960 4.753738
v 0.896829 4.954807 4.755394
v 0.900140 4.954001 4.752013
v 0.896421 4.954418 4.753922
v 0.893335 4.955017 4.755449
v 3.042425 5.068751 4.084262
v 3.046648 5.064769 4.088787
v 3.043653 5.068419 4.085591
v 3.044885 5.067545 4.086918
v 3.045938 5.066264 4.088040
v 3.879449 5.078885 3.291848
v 3.875215 5.082868 3.287304
v 3.878740 5.080380 3.291099
v 3.877683 5.081663 3.289974
v 3.876447 5.082536 3.288641
v 2.792627 5.072740 3.812330
v 2.796686 5.076580 3.816815
v 2.793272 5.074239 3.813057
v 2.794267 5.075496 3.814164
v 2.795469 5.076317 3.815484
v 3.629510 5.090694 3.019896
v 3.625444 5.086852 3.015405
v 3.628290 5.090431 3.018563
v 3.627088 5.089609 3.017241
v 3.626092 5.088353 3.016133
v 3.484735 5.075120 3.708289
v 3.488950 5.071142 3.712811
v 3.485960 5.074788 3.709618
v 3.487192 5.073916 3.710944
v 3.488241 5.072637 3.712065
v 3.239439 5.082934 3.441329
v 3.235391 5.079093 3.436854
v 3.238225 5.082671 3.440001
v 3.237028 5.081849 3.438685
v 3.236032 5.080592 3.437579
v 3.948324 5.099114 2.588471
v 3.944227 5.095267 2.583943
v 3.947092 5.098851 2.587124
v 3.945882 5.098027 2.585791
v 3.944875 5.096769 2.584674
v 4.198389 5.087287 2.860554
v 4.194108 5.091286 2.855966
v 4.197671 5.088788 2.859801
v 4.196607 5.090075 2.858664
v 4.195356 5.090951 2.857317
v 4.256830 5.110637 2.028499
v 4.253320 5.106811 2.022721
v 4.255823 5.110383 2.026675
v 4.254800 5.109568 2.024936
v 4.253923 5.108313 2.023548
v 4.457990 5.096640 2.403783
v 4.454298 5.100682 2.397945
v 4.457315 5.098149 2.402932
v 4.456377 5.099449 2.401524
v 4.455320 5.100337 2.399773
v 4.726190 5.128207 1.003435
v 4.724630 5.128246 1.002953
v 4.722166 5.131801 1.021828
v 4.726099 5.129642 1.007619
v 4.726007 5.129760 1.005357
v 4.725763 5.129814 1.003986
v 4.725301 5.130509 1.006913
v 4.723669 5.129678 1.007213
v 4.722860 5.130855 1.012296
v 4.725362 5.128515 1.001868
v 4.724870 5.129777 1.005161
v 4.724447 5.130790 1.008644
v 4.723924 5.131587 1.017573
v 4.725305 5.130830 1.012583
v 4.722333 5.131601 1.017428
v 4.724153 5.131257 1.012762
v 4.725481 5.130780 1.008769
v 4.678049 5.111228 1.900819
v 4.683595 5.107251 1.902319
v 4.679777 5.110917 1.900984
v 4.681436 5.110051 1.901328
v 4.682775 5.108766 1.901796
v 2.552080 5.063846 4.410770
v 2.557657 5.059864 4.414474
v 2.553827 5.063517 4.411784
v 2.555498 5.062645 4.412845
v 2.556844 5.061362 4.413790
v 2.165605 5.067277 4.195761
v 2.171110 5.071130 4.199466
v 2.166360 5.068777 4.196429
v 2.167669 5.070037 4.197367
v 2.169336 5.070861 4.198434
v 1.995809 5.055870 4.719544
v 1.993799 5.059894 4.714001
v 1.995264 5.057377 4.718717
v 1.994691 5.058671 4.717373
v 1.994176 5.059556 4.715718
v 0.918729 5.060418 4.790097
v 0.937448 5.064396 4.785891
v 0.918249 5.060468 4.788589
v 0.922998 5.061921 4.789993
v 0.928056 5.063206 4.789157
v 0.917413 5.060640 4.790141
v 0.920686 5.061981 4.789947
v 0.924150 5.063079 4.789404
v 0.922258 5.062773 4.789245
v 0.932977 5.064112 4.786128
v 0.927759 5.063270 4.786724
v 0.933130 5.064075 4.787717
v 0.928220 5.063655 4.788022
v 0.924020 5.063105 4.788375
v 0.922586 5.061989 4.787589
v 0.920488 5.062011 4.788822
v 0.919286 5.062006 4.789729
v 4.671278 5.070936 4.736927
v 4.667024 5.070869 4.741185
v 4.675840 5.074960 4.745866
v 4.670957 5.070899 4.738557
v 4.670034 5.070874 4.739940
v 4.671636 5.072521 4.738911
v 4.671319 5.072442 4.739936
v 4.671331 5.073289 4.741289
v 4.668954 5.072480 4.741573
v 4.671304 5.073822 4.742598
v 4.668653 5.070863 4.740861
v 4.669988 5.072421 4.741254
v 4.672628 5.073843 4.741307
v 4.673723 5.074695 4.744106
v 4.672693 5.074263 4.742684
v 4.645311 0.913343 5.122031
v 4.642286 0.912114 5.121990
v 4.649992 0.899971 5.125934
v 4.644414 0.911219 5.121976
v 4.645452 0.909967 5.123519
v 4.644899 0.909106 5.123555
v 4.648187 0.903262 5.125705
v 4.649072 0.902534 5.125688
v 4.647359 0.905342 5.125267
v 4.646177 0.907784 5.124722
v 4.666624 5.147152 1.077884
v 4.671247 5.151719 1.064343
v 4.663606 5.147195 1.076636
v 4.666391 5.147186 1.076482
v 4.666780 5.148803 1.074485
v 4.667177 5.149714 1.072883
v 4.668394 5.150323 1.070545
v 4.669488 5.151319 1.067623
v 4.664758 5.147207 1.075808
v 1.005582 5.089459 4.739529
v 1.004335 5.089527 4.736515
v 0.991914 5.093652 4.744215
v 1.003454 5.089490 4.738647
v 1.002607 5.091093 4.739917
v 1.000532 5.091915 4.740119
v 1.001630 5.091055 4.739217
v 0.998960 5.092443 4.740932
v 0.994810 5.093351 4.743167
v 0.997545 5.092906 4.741586
v 5.143320 4.680538 1.052936
v 5.143316 4.677606 1.051665
v 5.147573 4.685569 1.039087
v 5.143320 4.680347 1.051534
v 5.144853 4.680486 1.049256
v 5.145769 4.681227 1.047824
v 5.146329 4.682570 1.045379
v 5.143320 4.678760 1.050846
v 5.147249 4.683681 1.042467
v 4.670660 4.578761 5.209502
v 4.675245 4.587452 5.213974
v 4.666429 4.583051 5.209589
v 4.671014 4.580662 5.211179
v 4.672014 4.582981 5.212619
v 4.670347 4.580392 5.209538
v 4.670702 4.581691 5.211143
v 4.670717 4.583003 5.212052
v 4.673120 4.585729 5.213607
v 4.670698 4.584285 5.212643
v 4.672082 4.584337 5.213101
v 4.668058 4.582716 5.209585
v 4.669431 4.581781 5.209567
v 4.668348 4.583345 5.211233
v 4.669382 4.583020 5.211170
v 0.987649 4.610826 5.197472
v 0.974290 4.615239 5.201838
v 0.986383 4.607829 5.197395
v 0.984651 4.611145 5.199103
v 0.986246 4.610607 5.197465
v 0.982622 4.611307 5.199925
v 0.977060 4.614250 5.201482
v 0.979707 4.612708 5.200972
v 0.985563 4.608986 5.197425
v 0.983606 4.610239 5.199076
v 5.143251 4.592765 4.731150
v 5.147535 4.596962 4.739945
v 5.143247 4.588403 4.735300
v 5.144884 4.593046 4.733100
v 5.146272 4.593943 4.735455
v 5.143251 4.592403 4.732774
v 5.144826 4.592701 4.734111
v 5.145704 4.592671 4.735431
v 5.147203 4.594965 4.738200
v 5.146268 4.592639 4.736705
v 5.146726 4.593973 4.736801
v 5.143251 4.590042 4.735019
v 5.143255 4.591445 4.734132
v 5.144880 4.590333 4.735687
v 5.144826 4.591358 4.735390
v 5.140314 1.031318 4.643772
v 5.144567 1.020192 4.647405
v 5.140993 1.029602 4.640109
v 5.141939 1.028749 4.643922
v 5.141202 1.030185 4.643414
v 5.144292 1.022629 4.646757
v 5.143518 1.025273 4.645146
v 5.141569 1.029254 4.641433
v 5.141645 1.029459 4.642594
v 5.142530 1.028131 4.643030
v 0.031934 5.084789 5.210060
v 0.029474 5.081275 5.211074
v 0.031682 5.080179 5.214511
v 0.030866 5.084529 5.209533
v 0.030023 5.083771 5.209541
v 0.031877 5.084396 5.211807
v 0.029970 5.084003 5.211562
v 0.028734 5.083395 5.211502
v 0.028764 5.082815 5.212661
v 0.029500 5.080247 5.212381
v 0.029928 5.079677 5.213494
v 0.029535 5.082628 5.210081
v 0.028829 5.082036 5.211849
v 0.028692 5.081642 5.213197
v 0.031740 5.081903 5.214216
v 0.031808 5.083383 5.213266
v 0.030694 5.079652 5.214241
v 0.029886 5.081678 5.213807
v 5.146837 5.169468 0.102025
v 5.143354 5.170753 0.099425
v 5.142236 5.174144 0.101940
v 5.146570 5.168991 0.100911
v 5.145814 5.169068 0.100026
v 5.146486 5.171260 0.102021
v 5.146081 5.171086 0.100058
v 5.145467 5.171089 0.098779
v 5.144899 5.172275 0.098850
v 5.142324 5.172083 0.099523
v 5.141748 5.173192 0.100033
v 5.144685 5.169687 0.099504
v 5.144105 5.171494 0.098859
v 5.143724 5.172857 0.098781
v 5.143995 5.173790 0.101975
v 5.145490 5.172776 0.102003
v 5.141717 5.173916 0.100883
v 5.143766 5.173434 0.100042
v 5.145715 5.060058 5.220959
v 5.145673 5.055364 5.225430
v 5.150220 5.055557 5.220970
v 5.145708 5.059663 5.222701
v 5.145696 5.058633 5.224162
v 5.147447 5.059701 5.220979
v 5.147378 5.059158 5.222647
v 5.147329 5.058444 5.223979
v 5.148309 5.058052 5.223573
v 5.147420 5.055391 5.225090
v 5.148897 5.055437 5.224123
v 5.145685 5.057123 5.225121
v 5.147367 5.057084 5.224625
v 5.148710 5.057068 5.223964
v 5.149885 5.057266 5.220982
v 5.148912 5.058723 5.220986
v 5.149881 5.055496 5.222677
v 5.149385 5.057155 5.222637
v 5.148717 5.058485 5.222607
v 5.140440 -0.037864 5.099481
v 5.141721 -0.039928 5.095899
v 5.145189 -0.037346 5.095155
v 5.139955 -0.038766 5.099176
v 5.140031 -0.039476 5.098388
v 5.142263 -0.037757 5.099142
v 5.142053 -0.039567 5.098688
v 5.142034 -0.040733 5.098042
v 5.143049 -0.039907 5.094962
v 5.144178 -0.039408 5.094493
v 5.140649 -0.039882 5.097236
v 5.142446 -0.040592 5.096706
v 5.143812 -0.040700 5.096376
v 5.144830 -0.037477 5.096803
v 5.143804 -0.037621 5.098203
v 5.144929 -0.038510 5.094560
v 5.144426 -0.039436 5.096490
v 5.143644 -0.039932 5.097957
v 4.665979 5.071324 1.076009
v 4.662965 5.071376 1.074763
v 4.661691 5.066953 1.081918
v 4.665941 5.071370 1.074149
v 4.665353 5.071395 1.073259
v 4.665452 5.069675 1.076887
v 4.665353 5.069678 1.075055
v 4.664423 5.068891 1.075397
v 4.662664 5.069724 1.075735
v 4.662317 5.068303 1.077436
v 4.664308 5.071397 1.073474
v 4.664026 5.069704 1.074508
v 4.663133 5.067311 1.080084
v 4.664453 5.068267 1.078318
v 4.661977 5.067330 1.079607
v 4.663469 5.067758 1.077653
v 4.664529 5.068531 1.076331
v 4.670629 4.983984 4.734853
v 4.666334 4.979756 4.734750
v 4.666372 4.983915 4.739110
v 4.670290 4.982357 4.734813
v 4.669355 4.980982 4.734780
v 4.670305 4.983947 4.736481
v 4.669900 4.982278 4.736483
v 4.669145 4.981163 4.736371
v 4.666337 4.980043 4.736387
v 4.666349 4.980934 4.737790
v 4.667966 4.980069 4.734757
v 4.668012 4.980419 4.736438
v 4.667936 4.981143 4.737580
v 4.668001 4.983909 4.738786
v 4.669382 4.983922 4.737864
v 4.666360 4.982292 4.738747
v 4.668031 4.982248 4.738354
v 4.669153 4.982342 4.737609
v 1.004938 5.011381 4.737614
v 1.010919 5.007178 4.733253
v 1.003690 5.011462 4.734601
v 1.005842 5.009758 4.737059
v 1.007299 5.008388 4.736037
v 1.003076 5.011396 4.737576
v 1.005308 5.008618 4.736120
v 1.004365 5.008963 4.736017
v 1.008604 5.007513 4.733546
v 1.006414 5.008445 4.733907
v 1.009080 5.007482 4.734700
v 1.006639 5.007883 4.735044
v 1.002401 5.011440 4.735946
v 1.002183 5.011417 4.736989
v 1.004690 5.009830 4.734277
v 1.003252 5.009834 4.736502
v 4.670709 4.580836 5.122535
v 4.666479 4.585126 5.122634
v 4.666452 4.580969 5.118274
v 4.670396 4.582468 5.122573
v 4.669485 4.583856 5.122604
v 4.670385 4.580877 5.120903
v 4.670007 4.582552 5.120902
v 4.669267 4.583680 5.121012
v 4.666479 4.584842 5.120995
v 4.666471 4.583951 5.119592
v 4.668108 4.584791 5.122626
v 4.668146 4.584438 5.120946
v 4.668058 4.583718 5.119804
v 4.668081 4.580950 5.118597
v 4.669466 4.580917 5.119521
v 4.666463 4.582592 5.118635
v 4.668134 4.582611 5.119027
v 4.669260 4.582500 5.119775
v 4.645360 0.915419 5.035064
v 4.641145 0.921553 5.030946
v 4.642335 0.914190 5.035033
v 4.644853 0.916378 5.033454
v 4.643873 0.917880 5.032108
v 4.645311 0.913559 5.035018
v 4.643938 0.915883 5.032276
v 4.643823 0.914935 5.032590
v 4.641416 0.919227 5.031215
v 4.641733 0.917011 5.032086
v 4.642572 0.919699 5.031225
v 4.642892 0.917248 5.031558
v 4.643671 0.912894 5.035001
v 4.644716 0.912672 5.034996
v 4.642057 0.915242 5.033426
v 4.644277 0.913793 5.033437
v 0.987699 4.612710 5.121133
v 0.986433 4.609712 5.121061
v 0.993722 4.608509 5.116774
v 0.986295 4.612491 5.121127
v 0.989088 4.612415 5.119495
v 0.987386 4.612072 5.119544
v 0.986303 4.611572 5.119572
v 0.987478 4.611098 5.118644
v 0.987642 4.608993 5.119414
v 0.989450 4.608512 5.118021
v 0.985612 4.610870 5.121088
v 0.986700 4.610447 5.119506
v 0.987985 4.610139 5.118239
v 0.992345 4.610141 5.117136
v 0.990720 4.611514 5.118092
v 0.991586 4.608343 5.117095
v 0.989938 4.610086 5.117606
v 0.988527 4.611421 5.118270
v 5.056329 4.681040 1.052946
v 5.052042 4.676661 1.058894
v 5.056310 4.678061 1.051632
v 5.054697 4.680692 1.054326
v 5.053308 4.679736 1.055942
v 5.056329 4.680843 1.051540
v 5.054750 4.680378 1.052622
v 5.053487 4.679683 1.053750
v 5.053869 4.679384 1.052697
v 5.052366 4.676535 1.056756
v 5.053293 4.676757 1.054627
v 5.052377 4.678321 1.057546
v 5.052850 4.678313 1.055138
v 5.053483 4.678411 1.053188
v 5.056318 4.679233 1.050829
v 5.054677 4.677293 1.052826
v 5.054742 4.678763 1.051909
v 5.054788 4.679894 1.051531
v 5.056257 4.593262 4.731160
v 5.056234 4.588903 4.735318
v 5.051973 4.589029 4.731059
v 5.056257 4.592901 4.732783
v 5.056253 4.591943 4.734142
v 5.054628 4.592947 4.731152
v 5.054582 4.592518 4.732814
v 5.054662 4.591741 4.733921
v 5.054605 4.588920 4.734994
v 5.053220 4.588951 4.734071
v 5.056245 4.590539 4.735033
v 5.054574 4.590600 4.734642
v 5.053445 4.590539 4.733891
v 5.052309 4.590656 4.731098
v 5.053239 4.592033 4.731129
v 5.052297 4.588987 4.732690
v 5.052698 4.590655 4.732769
v 5.053453 4.591777 4.732713
v 5.035207 0.929899 4.647742
v 5.034513 0.926913 4.644168
v 5.030954 0.930189 4.643747
v 5.035787 0.928469 4.647401
v 5.035856 0.927399 4.646602
v 5.033578 0.929952 4.647517
v 5.033849 0.927731 4.647044
v 5.033941 0.926260 4.646385
v 5.032804 0.926451 4.645938
v 5.033144 0.926970 4.643344
v 5.031988 0.927615 4.642974
v 5.035409 0.926852 4.645467
v 5.033632 0.926306 4.645063
v 5.032285 0.926353 4.644832
v 5.031278 0.930109 4.645355
v 5.032201 0.930025 4.646680
v 5.031221 0.928741 4.643114
v 5.031675 0.927863 4.645001
v 5.032381 0.927390 4.646413
v 5.007421 4.052226 3.049680
v 5.003541 4.050447 3.048060
v 5.005952 4.052526 3.049966
v 5.004701 4.052294 3.049759
v 5.003854 4.051563 3.049089
v 5.008325 3.251287 3.878845
v 5.012205 3.253085 3.880480
v 5.008634 3.252412 3.879879
v 5.009481 3.253149 3.880554
v 5.010736 3.253385 3.880766
v 4.998270 3.710162 2.733961
v 5.002210 3.708084 2.732020
v 4.998556 3.709016 2.732903
v 4.999406 3.708221 2.732163
v 5.000688 3.707892 2.731853
v 5.006994 2.908961 3.562836
v 5.003057 2.911045 3.564783
v 5.005472 2.908771 3.562670
v 5.004190 2.909099 3.562980
v 5.003343 2.909897 3.563722
v 5.010213 3.675095 3.491039
v 5.006341 3.673316 3.489418
v 5.008745 3.675395 3.491325
v 5.007493 3.675164 3.491117
v 5.006650 3.674433 3.490448
v 5.005014 3.331452 3.173838
v 5.001077 3.333520 3.175771
v 5.003492 3.331260 3.173670
v 5.002210 3.331584 3.173978
v 5.001359 3.332379 3.174716
v 5.008146 2.476628 3.880544
v 5.004205 2.478744 3.882520
v 5.006624 2.476439 3.880378
v 5.005338 2.476776 3.880696
v 5.004488 2.477585 3.881448
v 5.009473 2.819073 4.196662
v 5.013368 2.820904 4.198328
v 5.009786 2.820213 4.197710
v 5.010633 2.820961 4.198396
v 5.011892 2.821203 4.198613
v 5.008466 1.914523 4.188239
v 5.004518 1.917631 4.189760
v 5.006937 1.914409 4.188040
v 5.005651 1.914958 4.188258
v 5.004800 1.916091 4.188863
v 5.009836 2.360566 4.455573
v 5.013753 2.363377 4.456775
v 5.010149 2.362081 4.456446
v 5.011003 2.363150 4.456981
v 5.012269 2.363604 4.457096
v 5.008016 0.893881 4.658905
v 5.004026 0.906576 4.653958
v 5.007970 0.893362 4.657013
v 5.006490 0.896740 4.658269
v 5.005197 0.900157 4.657103
v 5.008268 0.892557 4.658796
v 5.006643 0.894523 4.658006
v 5.005373 0.896749 4.657055
v 5.005765 0.895267 4.656891
v 5.004308 0.903313 4.653841
v 5.005159 0.899653 4.654381
v 5.004331 0.903612 4.655589
v 5.004751 0.899721 4.655637
v 5.005357 0.896537 4.655900
v 5.008241 0.892277 4.657770
v 5.006444 0.896160 4.655495
v 5.006624 0.894247 4.656704
v 5.006727 0.893212 4.657625
v 5.013532 1.861223 4.681113
v 5.009584 1.862463 4.678205
v 5.012037 1.861760 4.681309
v 5.010763 1.862184 4.680825
v 5.009901 1.862432 4.679735
v 5.003854 4.379157 2.561508
v 4.999956 4.378042 2.558814
v 5.002382 4.379510 2.561714
v 5.001123 4.379422 2.561275
v 5.000268 4.378906 2.560256
v 4.993505 4.094571 2.109065
v 4.997438 4.093114 2.105974
v 4.993787 4.093665 2.107567
v 4.994630 4.093070 2.106453
v 4.995916 4.092877 2.105894
v 4.995496 4.682812 2.001051
v 4.999391 4.685635 2.000422
v 4.995801 4.684333 2.001225
v 4.996648 4.685402 2.001166
v 4.997911 4.685859 2.000884
v 4.987051 4.690894 0.860662
v 4.987020 4.689080 0.860141
v 4.983179 4.685454 0.874033
v 4.987257 4.690822 0.859331
v 4.985551 4.690124 0.863698
v 4.985681 4.689930 0.861441
v 4.985750 4.689595 0.860102
v 4.984823 4.688773 0.862262
v 4.985521 4.687419 0.863097
v 4.984266 4.686145 0.866776
v 4.987241 4.689842 0.859049
v 4.985666 4.688661 0.861156
v 4.984434 4.687745 0.863579
v 4.983457 4.687180 0.870935
v 4.984293 4.688819 0.867305
v 4.983442 4.685456 0.870616
v 4.983854 4.687361 0.866897
v 4.984445 4.688876 0.863805
v 5.114595 4.009154 3.009281
v 5.110822 4.013783 3.013577
v 5.114324 4.010489 3.010516
v 5.113512 4.011840 3.011766
v 5.112283 4.012996 3.012841
v 5.115602 3.214647 3.844379
v 5.119379 3.209999 3.840065
v 5.117063 3.213856 3.843641
v 5.118295 3.212694 3.842562
v 5.119108 3.211340 3.841306
v 5.106424 3.737862 2.758889
v 5.110464 3.742223 2.762891
v 5.107957 3.738544 2.759509
v 5.109258 3.739612 2.760487
v 5.110139 3.740903 2.761674
v 5.115247 2.943104 3.593712
v 5.111207 2.938739 3.589704
v 5.114923 2.941782 3.592492
v 5.114042 2.940489 3.591305
v 5.112737 2.939422 3.590326
v 5.117395 3.632026 3.450640
v 5.113618 3.636652 3.454933
v 5.117120 3.633360 3.451875
v 5.116308 3.634708 3.453122
v 5.115079 3.635864 3.454198
v 5.113267 3.365581 3.204699
v 5.109231 3.361230 3.200707
v 5.112943 3.364267 3.203486
v 5.112062 3.362977 3.202302
v 5.110757 3.361912 3.201326
v 5.116392 2.510805 3.911448
v 5.112348 2.506402 3.907408
v 5.116067 2.509470 3.910218
v 5.115186 2.508166 3.909017
v 5.113878 2.507088 3.908030
v 5.116739 2.782476 4.162237
v 5.120527 2.777782 4.157883
v 5.118204 2.781680 4.161495
v 5.119440 2.780510 4.160405
v 5.120256 2.779142 4.159138
v 5.116704 1.949948 4.218558
v 5.112653 1.944292 4.215101
v 5.116380 1.948133 4.217552
v 5.115499 1.946422 4.216541
v 5.114187 1.945074 4.215679
v 5.117082 2.324965 4.420698
v 5.120889 2.319021 4.416928
v 5.118555 2.324070 4.419998
v 5.119794 2.322628 4.419036
v 5.120615 2.320855 4.417958
v 5.112154 0.923612 4.685433
v 5.112154 0.923130 4.683873
v 5.116216 0.941900 4.681388
v 5.112489 0.921742 4.685152
v 5.113710 0.927750 4.685330
v 5.113756 0.925486 4.685232
v 5.113767 0.924116 4.684982
v 5.114542 0.927020 4.684512
v 5.113691 0.927349 4.682895
v 5.115003 0.932399 4.682081
v 5.113748 0.925292 4.684092
v 5.114858 0.928745 4.683658
v 5.115907 0.937648 4.683140
v 5.115026 0.932679 4.684523
v 5.115888 0.937507 4.681550
v 5.115442 0.932847 4.683366
v 5.114866 0.928868 4.684694
v 5.120637 1.821227 4.639439
v 5.116804 1.822830 4.645054
v 5.120363 1.821398 4.641173
v 5.119535 1.821761 4.642848
v 5.118288 1.822265 4.644212
v 5.111005 4.336923 2.519763
v 5.107229 4.340726 2.525414
v 5.110738 4.337940 2.521515
v 5.109926 4.339021 2.523204
v 5.108694 4.339999 2.524574
v 5.101648 4.122893 2.132841
v 5.105699 4.126470 2.138287
v 5.103181 4.123513 2.133571
v 5.104486 4.124413 2.134862
v 5.105371 4.125449 2.136518
v 5.102720 4.647219 1.964344
v 5.106546 4.641566 1.962257
v 5.104196 4.646350 1.963772
v 5.105440 4.644969 1.963175
v 5.106264 4.643291 1.962643
v 5.091226 4.720364 0.887489
v 5.095392 4.715997 0.906132
v 5.091226 4.718858 0.887007
v 5.092798 4.720206 0.891735
v 5.094141 4.719319 0.896767
v 5.091428 4.720405 0.886169
v 5.092817 4.720164 0.889420
v 5.093957 4.719579 0.892865
v 5.093614 4.719437 0.890979
v 5.095045 4.716253 0.901664
v 5.094129 4.716886 0.896462
v 5.095052 4.717841 0.901824
v 5.094560 4.718171 0.896920
v 5.093950 4.718550 0.892733
v 5.092790 4.717802 0.891315
v 5.092813 4.719039 0.889218
v 5.092813 4.719949 0.888019
v 4.089651 2.891051 5.109091
v 4.088193 2.889901 5.104926
v 4.090097 2.891465 5.107693
v 4.089979 2.891391 5.106412
v 4.089311 2.890842 5.105440
v 3.322019 3.751063 5.120742
v 3.323488 3.752224 5.124900
v 3.323141 3.752008 5.121255
v 3.323812 3.752561 5.122226
v 3.323934 3.752635 5.123504
v 3.739099 2.593291 5.036838
v 3.736585 2.591068 5.040352
v 3.737894 2.592262 5.036908
v 3.736993 2.591475 5.037600
v 3.736536 2.591059 5.038811
v 2.970434 3.452252 5.056173
v 2.972963 3.454485 5.052661
v 2.970388 3.452242 5.054631
v 2.970850 3.452664 5.053420
v 2.971754 3.453453 5.052729
v 3.729768 3.346406 5.122069
v 3.728315 3.345256 5.117913
v 3.730218 3.346820 5.120673
v 3.730100 3.346748 5.119395
v 3.729429 3.346198 5.118426
v 3.377214 3.046854 5.053438
v 3.379720 3.049071 5.049923
v 3.377161 3.046845 5.051894
v 3.377622 3.047263 5.050686
v 3.378519 3.048044 5.049992
v 2.551431 3.787286 5.049972
v 2.553998 3.789554 5.046463
v 2.551385 3.787281 5.048428
v 2.551858 3.787710 5.047220
v 2.552774 3.788508 5.046530
v 2.903150 4.086214 5.114562
v 2.904645 4.087398 5.118729
v 2.904283 4.087167 5.115077
v 2.904962 4.087729 5.116050
v 2.905092 4.087810 5.117333
v 1.982690 4.118121 5.036734
v 1.986310 4.119897 5.033190
v 1.982721 4.118077 5.035187
v 1.983423 4.118400 5.033970
v 1.984682 4.119039 5.033267
v 2.456121 4.371427 5.099457
v 2.458570 4.372079 5.103584
v 2.457616 4.372180 5.099956
v 2.458608 4.372568 5.100916
v 2.458944 4.372533 5.102190
v 0.882123 4.631235 5.023836
v 0.894979 4.626709 5.019915
v 0.881628 4.629339 5.023543
v 0.885087 4.630758 5.022348
v 0.888574 4.629732 5.021079
v 0.880785 4.631089 5.023961
v 0.882871 4.630479 5.022352
v 0.885183 4.629666 5.021093
v 0.883684 4.629461 5.021401
v 0.891756 4.626565 5.020049
v 0.888090 4.627014 5.020786
v 0.892045 4.628310 5.020226
v 0.888174 4.628314 5.020481
v 0.884977 4.628515 5.020967
v 0.880517 4.630064 5.023803
v 0.884531 4.627988 5.022013
v 0.882608 4.629177 5.022194
v 0.881563 4.630088 5.022327
v 1.962198 4.654108 5.080842
v 1.970701 4.652215 5.080994
v 1.967958 4.651699 5.077208
v 1.964208 4.653947 5.081034
v 1.966527 4.653532 5.081131
v 1.963529 4.654472 5.079416
v 1.965452 4.654201 5.079591
v 1.967206 4.653955 5.079709
v 1.970563 4.652956 5.079602
v 1.969991 4.653118 5.078393
v 1.968809 4.652923 5.081116
v 1.968858 4.653467 5.079679
v 1.968709 4.653759 5.078530
v 1.966646 4.653167 5.077450
v 1.965093 4.654142 5.078225
v 1.969076 4.652677 5.077553
v 1.967809 4.653563 5.077922
v 1.966581 4.654204 5.078459
v 4.398015 2.391465 5.086022
v 4.397184 2.389219 5.081785
v 4.398515 2.391797 5.084615
v 4.398530 2.391488 5.083316
v 4.398065 2.390582 5.082321
v 4.099939 1.955322 5.003995
v 4.098005 1.951928 5.007442
v 4.098958 1.953844 5.004039
v 4.098245 1.952680 5.004710
v 4.097909 1.952008 5.005904
v 4.681131 1.821521 5.048764
v 4.683546 1.820382 5.052816
v 4.682622 1.821593 5.049223
v 4.683603 1.821401 5.050154
v 4.683931 1.820977 5.051416
v 4.649770 0.688154 4.925734
v 4.647951 0.687720 4.925487
v 4.645200 0.702072 4.922757
v 4.649633 0.686814 4.925799
v 4.649251 0.691353 4.924489
v 4.648969 0.689105 4.924370
v 4.648584 0.687783 4.924271
v 4.647928 0.690057 4.923497
v 4.646547 0.690877 4.924153
v 4.645528 0.694715 4.923165
v 4.648649 0.686580 4.925666
v 4.647699 0.688879 4.924210
v 4.646989 0.691450 4.923154
v 4.646780 0.698885 4.922878
v 4.648202 0.695122 4.923487
v 4.645055 0.698645 4.922674
v 4.646780 0.694823 4.922879
v 4.648122 0.691624 4.923291
v 4.035165 2.842364 5.207248
v 4.040277 2.846793 5.204363
v 4.036561 2.843557 5.207225
v 4.038023 2.844818 5.206669
v 4.039327 2.845953 5.205663
v 3.274114 3.707963 5.220175
v 3.268991 3.703526 5.223061
v 3.273160 3.707122 5.221476
v 3.271856 3.705984 5.222482
v 3.270391 3.704721 5.223039
v 3.757223 2.606297 5.149034
v 3.761320 2.609691 5.153837
v 3.757776 2.606735 5.150675
v 3.758749 2.607532 5.152163
v 3.759996 2.608570 5.153273
v 2.995180 3.470885 5.169658
v 2.991075 3.467483 5.164853
v 2.993852 3.469761 5.169095
v 2.992605 3.468720 5.167983
v 2.991628 3.467920 5.166495
v 3.675287 3.297721 5.220235
v 3.680391 3.302145 5.217350
v 3.676683 3.298913 5.220209
v 3.678140 3.300171 5.219653
v 3.679445 3.301307 5.218650
v 3.401941 3.065472 5.166921
v 3.397851 3.062086 5.162121
v 3.400617 3.064354 5.166359
v 3.399377 3.063319 5.165249
v 3.398405 3.062522 5.163760
v 2.576219 3.805955 5.163461
v 2.572069 3.802516 5.158644
v 2.574872 3.804819 5.162895
v 2.573610 3.803766 5.161780
v 2.572626 3.802957 5.160287
v 2.855279 4.043147 5.213989
v 2.850122 4.038677 5.216883
v 2.854326 4.042301 5.215295
v 2.853010 4.041154 5.216304
v 2.851533 4.039882 5.216862
v 2.008790 4.136161 5.150177
v 2.003324 4.133349 5.145397
v 2.006940 4.135265 5.149626
v 2.005250 4.134414 5.148524
v 2.003980 4.133742 5.147039
v 2.409219 4.327841 5.198816
v 2.402856 4.324033 5.201792
v 2.408170 4.327043 5.200136
v 2.406591 4.326039 5.201165
v 2.404726 4.324981 5.201746
v 0.902734 4.646192 5.132430
v 0.902261 4.644565 5.132204
v 0.919813 4.641897 5.136886
v 0.900842 4.645824 5.132569
v 0.906515 4.645957 5.134117
v 0.904325 4.645816 5.134037
v 0.903005 4.645538 5.133955
v 0.905729 4.645019 5.134825
v 0.906194 4.643470 5.133862
v 0.910913 4.642576 5.135336
v 0.904169 4.644652 5.133917
v 0.907381 4.644142 5.135154
v 0.915758 4.643631 5.136528
v 0.911088 4.645056 5.135556
v 0.915693 4.642025 5.136398
v 0.911237 4.643840 5.135888
v 0.907457 4.645191 5.135249
v 1.914854 4.604214 5.179617
v 1.917627 4.610117 5.176010
v 1.915342 4.605962 5.179341
v 1.916040 4.607696 5.178559
v 1.916845 4.609156 5.177390
v 4.344316 2.341404 5.184095
v 4.348657 2.347217 5.181269
v 4.345415 2.343126 5.184099
v 4.346624 2.344835 5.183563
v 4.347764 2.346271 5.182569
v 4.118642 1.967159 5.116119
v 4.122007 1.972021 5.121011
v 4.119142 1.967707 5.117767
v 4.119955 1.968824 5.119274
v 4.120962 1.970341 5.120414
v 4.634210 1.776154 5.148024
v 4.628145 1.773969 5.151089
v 4.633184 1.775483 5.149348
v 4.631670 1.774832 5.150393
v 4.629903 1.774299 5.151006
v 4.670103 0.703361 5.034348
v 4.666017 0.721690 5.039964
v 4.668588 0.702948 5.034161
v 4.669946 0.707435 5.036320
v 4.669115 0.712348 5.038080
v 4.669820 0.705133 5.036101
v 4.669252 0.708475 5.037525
v 4.669076 0.706639 5.036982
v 4.666151 0.717267 5.039190
v 4.666685 0.712152 5.037813
v 4.667734 0.717355 5.039359
v 4.667936 0.712511 5.038407
v 4.668226 0.708391 5.037412
v 4.669260 0.701805 5.034316
v 4.667543 0.707125 5.036049
v 4.668695 0.704984 5.035972
v 4.669557 0.703751 5.035935
v 3.724874 4.966021 3.539028
v 3.726560 4.969814 3.540930
v 3.725908 4.966279 3.540158
v 3.726594 4.967092 3.540915
v 3.726823 4.968333 3.541187
v 2.992509 4.968858 3.600728
v 2.990648 4.972886 3.598770
v 2.991460 4.969193 3.599593
v 2.990739 4.970076 3.598822
v 2.990453 4.971375 3.598533
v 3.305505 4.958887 3.941370
v 3.307184 4.962681 3.943264
v 3.306535 4.959147 3.942498
v 3.307218 4.959960 3.943253
v 3.307443 4.961200 3.943521
v 3.411901 4.975989 3.198408
v 3.410036 4.980017 3.196447
v 3.410852 4.976324 3.197273
v 3.410127 4.977209 3.196501
v 3.409841 4.978505 3.196211
v 3.766878 4.984124 2.769978
v 3.764993 4.988158 2.767992
v 3.765821 4.984460 2.768831
v 3.765092 4.985346 2.768052
v 3.764799 4.986644 2.767757
v 4.080213 4.974145 3.110987
v 4.081922 4.977947 3.112915
v 4.081254 4.974404 3.112128
v 4.081949 4.975219 3.112895
v 4.082181 4.976462 3.113172
v 4.366758 4.982960 2.670856
v 4.368433 4.986779 2.672937
v 4.367788 4.983221 2.672057
v 4.368471 4.984038 2.672875
v 4.368700 4.985287 2.673183
v 4.059537 4.993206 2.317085
v 4.057680 4.997250 2.314946
v 4.058488 4.993546 2.315880
v 4.057771 4.994431 2.315050
v 4.057485 4.995732 2.314723
v 4.703889 5.009772 1.461028
v 4.707830 5.014102 1.451947
v 4.705434 5.010161 1.457567
v 4.706724 5.011120 1.454627
v 4.707567 5.012504 1.452652
v 4.606988 4.993087 2.187227
v 4.607267 4.996868 2.192305
v 4.607488 4.993323 2.189577
v 4.607717 4.994126 2.191368
v 4.607641 4.995370 2.192326
v 4.445489 5.009736 1.526126
v 4.445024 5.013847 1.520998
v 4.444974 5.010100 1.523777
v 4.444704 5.011008 1.521978
v 4.444723 5.012324 1.521002
v 2.512586 4.963206 3.955922
v 2.510568 4.967235 3.954037
v 2.511480 4.963541 3.954816
v 2.510705 4.964424 3.954068
v 2.510389 4.965720 3.953794
v 2.842935 4.953291 4.289935
v 2.844755 4.957094 4.291743
v 2.844022 4.953552 4.291030
v 2.844747 4.954366 4.291758
v 2.845006 4.955611 4.292009
v 1.466836 4.950363 4.752035
v 1.457918 4.954465 4.756243
v 1.463457 4.950660 4.753661
v 1.460577 4.951545 4.755032
v 1.458631 4.952879 4.755938
v 1.574911 4.957178 4.439711
v 1.569475 4.961189 4.439521
v 1.572496 4.957507 4.439253
v 1.570615 4.958384 4.439054
v 1.569555 4.959679 4.439150
v 2.312406 4.948934 4.603446
v 2.317304 4.952777 4.603495
v 2.314672 4.949203 4.603871
v 2.316400 4.950028 4.604029
v 2.317323 4.951285 4.603897
v 3.692300 5.074891 3.505455
v 3.688074 5.078872 3.500926
v 3.691587 5.076385 3.504709
v 3.690538 5.077668 3.503586
v 3.689302 5.078540 3.502258
v 3.019189 5.075719 3.631642
v 3.023237 5.079558 3.636119
v 3.019830 5.077216 3.632368
v 3.020826 5.078473 3.633474
v 3.022024 5.079295 3.634791
v 3.272920 5.067760 3.907789
v 3.268705 5.071738 3.903269
v 3.272211 5.069253 3.907043
v 3.271162 5.070535 3.905922
v 3.269929 5.071406 3.904596
v 3.438573 5.082850 3.229319
v 3.442628 5.086690 3.233799
v 3.439218 5.084348 3.230046
v 3.440214 5.085604 3.231152
v 3.441411 5.086427 3.232470
v 3.793531 5.090981 2.800861
v 3.797605 5.094828 2.805367
v 3.794176 5.092483 2.801590
v 3.795175 5.093740 2.802702
v 3.796381 5.094562 2.804029
v 4.047666 5.083005 3.077448
v 4.043413 5.086995 3.072885
v 4.046953 5.084502 3.076697
v 4.045896 5.085787 3.075567
v 4.044649 5.086661 3.074228
v 4.334188 5.091802 2.637481
v 4.329973 5.095813 2.632721
v 4.333478 5.093307 2.636714
v 4.332426 5.094598 2.635540
v 4.331193 5.095477 2.634138
v 4.086214 5.100060 2.347811
v 4.090246 5.103905 2.352506
v 4.086854 5.101563 2.348555
v 4.087850 5.102822 2.349709
v 4.089036 5.103644 2.351096
v 4.705022 5.117583 1.450693
v 4.700105 5.121514 1.461338
v 4.704610 5.119157 1.451489
v 4.703535 5.120458 1.453791
v 4.701952 5.121284 1.457250
v 4.573041 5.101840 2.156867
v 4.570585 5.105954 2.148295
v 4.572462 5.103360 2.155807
v 4.571790 5.104674 2.153805
v 4.571134 5.105587 2.151168
v 4.473554 5.116648 1.553860
v 4.475820 5.120421 1.562341
v 4.474061 5.118147 1.554893
v 4.474672 5.119389 1.556868
v 4.475286 5.120189 1.559483
v 2.539110 5.070065 3.986907
v 2.543352 5.073907 3.991290
v 2.539766 5.071563 3.987627
v 2.540803 5.072820 3.988712
v 2.542062 5.073643 3.989998
v 2.810499 5.062158 4.256274
v 2.806100 5.066142 4.251856
v 2.809774 5.063653 4.255535
v 2.808683 5.064937 4.254435
v 2.807394 5.065810 4.253144
v 1.455106 5.057918 4.754990
v 1.465265 5.062147 4.749971
v 1.455842 5.059516 4.754593
v 1.458036 5.060883 4.753499
v 1.461343 5.061806 4.751876
v 1.598012 5.064013 4.472391
v 1.606512 5.067884 4.474658
v 1.598993 5.065516 4.472949
v 1.600954 5.066779 4.473576
v 1.603597 5.067611 4.474177
v 2.283060 5.057805 4.568039
v 2.274858 5.061776 4.565775
v 2.282045 5.059305 4.567461
v 2.280130 5.060589 4.566829
v 2.277605 5.061456 4.566236
v 0.903982 5.009057 4.772156
v 0.904481 5.009014 4.773818
v 0.903097 5.009025 4.773735
v 4.710363 5.076848 0.986522
v 4.712095 5.076825 0.987027
v 4.711980 5.076858 0.985633
v 5.143987 5.117101 2.661403
v 5.148530 5.112528 2.661281
v 5.145727 5.116764 2.660671
v 5.147203 5.115777 2.660392
v 5.148187 5.114289 2.660605
v 5.143072 2.508753 5.162456
v 5.147707 2.509257 5.158071
v 5.144849 2.508094 5.162099
v 5.146356 2.507960 5.161142
v 5.147356 2.508367 5.159726
v 5.142538 2.565413 2.597663
v 5.146013 2.566453 2.598250
v 5.143869 2.564968 2.597163
v 5.144994 2.565009 2.597099
v 2.588670 5.067783 5.219970
v 2.588758 5.072423 5.215524
v 2.587976 5.069522 5.219668
v 2.587747 5.071017 5.218716
v 2.588022 5.072034 5.217261
v 2.586412 5.126014 2.655253
v 2.587087 5.129464 2.656044
v 2.585927 5.127355 2.654804
v 2.585886 5.128480 2.654796
v 2.585596 2.520677 5.153487
v 2.586076 2.521201 5.156997
v 2.585096 2.520164 5.154809
v 2.585016 2.520082 5.155941
v 4.668951 5.109044 2.907405
v 4.673532 5.113339 2.905152
v 4.669309 5.110676 2.907266
v 4.670305 5.112065 2.906789
v 4.671789 5.113002 2.906046
v 2.833955 5.084307 4.745028
v 2.836301 5.080163 4.740358
v 2.834863 5.084028 4.743272
v 2.835630 5.083143 4.741769
v 2.836133 5.081785 4.740744
v 2.831586 5.122686 2.904226
v 2.833971 5.118361 2.906576
v 2.832510 5.122336 2.905157
v 2.833288 5.121392 2.905932
v 2.833799 5.119996 2.906429
v 4.657983 2.746052 5.165767
v 4.662603 2.743690 5.169954
v 4.658338 2.745841 5.167392
v 4.659338 2.745319 5.168758
v 4.660837 2.744564 5.169658
v 2.827039 4.596941 5.203531
v 2.824758 4.601337 5.207906
v 2.826864 4.597243 5.205169
v 2.826368 4.598184 5.206576
v 2.825628 4.599622 5.207537
v 2.812124 2.757559 5.163885
v 2.814332 2.759970 5.159694
v 2.812971 2.758452 5.163587
v 2.813688 2.759223 5.162686
v 2.814165 2.759756 5.161319
v 5.147554 4.641246 2.889803
v 5.143285 4.636651 2.892043
v 5.147226 4.639480 2.890660
v 5.146299 4.637986 2.891387
v 5.144918 4.636994 2.891872
v 5.146051 2.808347 4.693667
v 5.141778 2.808851 4.689523
v 5.145723 2.809223 4.692054
v 5.144796 2.809626 4.690700
v 5.143411 2.809494 4.689811
v 5.146070 2.852346 2.843734
v 5.142053 2.852965 2.846150
v 5.145765 2.853226 2.844633
v 5.144895 2.853653 2.845408
v 5.143590 2.853562 2.845942
v 4.664011 5.023376 2.907455
v 4.668306 5.027655 2.905431
v 4.665643 5.023705 2.906650
v 4.667032 5.024635 2.905981
v 4.667966 5.026022 2.905553
v 2.835653 4.997648 4.738363
v 2.837747 4.993474 4.734001
v 2.835802 4.996025 4.738000
v 2.836252 4.994661 4.737043
v 2.836935 4.993765 4.735638
v 2.833326 5.041419 2.904682
v 2.836305 5.037066 2.907586
v 2.833543 5.039783 2.904871
v 2.834184 5.038381 2.905489
v 2.835153 5.037426 2.906444
v 4.653791 2.750383 5.074588
v 4.658037 2.748127 5.078800
v 4.655416 2.749551 5.074895
v 4.656793 2.748830 5.075803
v 4.657712 2.748331 5.077174
v 2.829198 4.594748 5.117523
v 2.827089 4.598920 5.121883
v 2.828393 4.596376 5.117886
v 2.827707 4.597742 5.118843
v 2.827249 4.598634 5.120246
v 2.814386 2.761952 5.078048
v 2.817426 2.765039 5.073861
v 2.814619 2.762218 5.076423
v 2.815279 2.762899 5.075056
v 2.816263 2.763889 5.074157
v 5.056295 4.637151 2.892053
v 5.052011 4.632865 2.894090
v 5.054662 4.636834 2.892209
v 5.053274 4.635906 2.892650
v 5.052343 4.634513 2.893311
v 5.045717 2.758737 4.691503
v 5.041460 2.758733 4.687383
v 5.044084 2.758053 4.691217
v 5.042703 2.757811 4.690334
v 5.041780 2.758050 4.688987
v 5.045515 2.802601 2.848142
v 5.041498 2.803433 2.851314
v 5.043973 2.802021 2.848409
v 5.042669 2.801974 2.849104
v 5.041799 2.802469 2.850125
v 4.670953 5.027460 4.735890
v 4.666696 5.027391 4.740147
v 4.670629 5.027425 4.737520
v 4.669706 5.027401 4.738902
v 4.668325 5.027389 4.739825
v 1.004011 5.050495 4.735558
v 1.005258 5.050418 4.738573
v 1.003183 5.050474 4.736710
v 1.003858 5.050434 4.738343
v 4.645338 0.914381 5.078547
v 4.642313 0.913153 5.078512
v 4.645097 0.912982 5.078513
v 4.643457 0.912317 5.078494
v 0.987672 4.611767 5.159303
v 0.986410 4.608772 5.159230
v 0.986269 4.611550 5.159295
v 0.985586 4.609928 5.159255
v 5.099741 4.588653 4.735310
v 5.099756 4.593014 4.731156
v 5.099744 4.590292 4.735026
v 5.099752 4.591695 4.734137
v 5.099752 4.592653 4.732777
v 5.099813 4.677833 1.051648
v 5.099824 4.680790 1.052940
v 5.099817 4.678996 1.050838
v 5.099824 4.680595 1.051537
v 4.666303 5.109239 1.076946
v 4.663286 5.109285 1.075699
v 4.666070 5.109271 1.075545
v 4.664438 5.109296 1.074871
v 4.666452 4.584091 5.166112
v 4.670686 4.579798 5.166018
v 4.668081 4.583753 5.166106
v 4.669458 4.582820 5.166087
v 4.670373 4.581430 5.166055
v 5.087743 0.978247 4.642141
v 5.087751 0.980597 4.645757
v 5.087739 0.977328 4.643480
v 5.087739 0.977453 4.644636
v 5.087743 0.978600 4.645438
v 5.007440 3.465413 3.692241
v 5.011312 3.467199 3.693867
v 5.007749 3.466533 3.693272
v 5.008592 3.467266 3.693943
v 5.009843 3.467498 3.694152
v 4.999769 3.528877 2.960059
v 5.003706 3.526807 2.958124
v 5.000055 3.527736 2.959004
v 5.000902 3.526942 2.958265
v 5.002183 3.526617 2.957957
v 5.005033 3.868864 3.273881
v 5.008913 3.870641 3.275499
v 5.005346 3.869980 3.274910
v 5.006189 3.870709 3.275578
v 5.007444 3.870942 3.275785
v 5.002172 3.125450 3.378437
v 5.006109 3.123377 3.376499
v 5.002458 3.124308 3.377382
v 5.003305 3.123513 3.376642
v 5.004587 3.123186 3.376333
v 5.003732 2.696059 3.732343
v 5.007673 2.693960 3.730384
v 5.004014 2.694906 3.731278
v 5.004865 2.694103 3.730532
v 5.006147 2.693771 3.730218
v 5.009004 3.036411 4.046504
v 5.012887 3.038223 4.048155
v 5.009313 3.037541 4.047547
v 5.010160 3.038283 4.048226
v 5.011415 3.038521 4.048439
v 5.009748 2.595478 4.331949
v 5.013654 2.597442 4.333566
v 5.010061 2.596668 4.332979
v 5.010915 2.597460 4.333648
v 5.012174 2.597732 4.333854
v 5.004472 2.242346 4.023871
v 5.008420 2.240095 4.021941
v 5.004758 2.241135 4.022816
v 5.005609 2.240282 4.022080
v 5.006895 2.239918 4.021772
v 5.006807 1.384526 4.666082
v 5.010934 1.375313 4.669932
v 5.007116 1.381051 4.667610
v 5.008012 1.378082 4.668879
v 5.009351 1.376065 4.669695
v 5.009752 2.111146 4.570977
v 5.013685 2.116112 4.571204
v 5.010068 2.113489 4.571479
v 5.010927 2.115256 4.571698
v 5.012197 2.116176 4.571601
v 5.004331 1.450259 4.407852
v 5.008279 1.445012 4.407307
v 5.004617 1.447902 4.407327
v 5.005468 1.446074 4.407039
v 5.006753 1.445063 4.407032
v 4.996450 3.885311 2.481032
v 5.000387 3.883315 2.478945
v 4.996732 3.884199 2.479918
v 4.997579 3.883428 2.479130
v 4.998861 3.883117 2.478788
v 5.001867 4.218626 2.812194
v 5.005754 4.220315 2.813951
v 5.002180 4.219709 2.813277
v 5.003026 4.220412 2.813991
v 5.004282 4.220626 2.814228
v 4.989336 4.684134 1.437297
v 4.993406 4.688243 1.428318
v 4.989622 4.685760 1.433917
v 4.990495 4.687111 1.431024
v 4.991827 4.687984 1.429058
v 4.988824 4.371467 1.544594
v 4.992734 4.371174 1.539092
v 4.989095 4.371005 1.542174
v 4.989934 4.370786 1.540278
v 4.991212 4.370849 1.539196
v 4.997770 4.533485 2.282463
v 5.001699 4.533410 2.287293
v 4.998090 4.533896 2.284724
v 4.998949 4.534026 2.286436
v 5.000215 4.533854 2.287338
v 5.114717 3.428757 3.657761
v 5.118494 3.424123 3.653463
v 5.116178 3.427969 3.657025
v 5.117406 3.426811 3.655948
v 5.118219 3.425460 3.654698
v 5.107923 3.556587 2.984993
v 5.111959 3.560939 2.988987
v 5.109453 3.557267 2.985613
v 5.110757 3.558334 2.986589
v 5.111635 3.559623 2.987774
v 5.112314 3.832198 3.239394
v 5.116090 3.827573 3.235103
v 5.113775 3.831409 3.238658
v 5.115003 3.830255 3.237585
v 5.115816 3.828907 3.236336
v 5.110326 3.153156 3.403369
v 5.114362 3.157510 3.407366
v 5.111856 3.153836 3.403989
v 5.113157 3.154902 3.404966
v 5.114038 3.156194 3.406152
v 5.111879 2.723735 3.757251
v 5.115922 2.728117 3.761271
v 5.113409 2.724419 3.757872
v 5.114717 2.725490 3.758855
v 5.115594 2.726790 3.760049
v 5.116273 2.999788 4.012058
v 5.120058 2.995121 4.007726
v 5.117738 2.998996 4.011318
v 5.118970 2.997831 4.010235
v 5.119783 2.996469 4.008972
v 5.117002 2.559020 4.297481
v 5.120801 2.554157 4.293186
v 5.118474 2.558209 4.296743
v 5.119710 2.557003 4.295667
v 5.120527 2.555579 4.294418
v 5.112611 2.269867 4.048803
v 5.116663 2.274437 4.052779
v 5.114145 2.270565 4.049422
v 5.115457 2.271681 4.050394
v 5.116338 2.273041 4.051575
v 5.114267 1.371041 4.665373
v 5.118429 1.381577 4.660414
v 5.115858 1.371789 4.664939
v 5.117208 1.374057 4.663843
v 5.118108 1.377491 4.662255
v 5.116987 2.077709 4.535135
v 5.120809 2.069025 4.532594
v 5.118467 2.076606 4.534526
v 5.119710 2.074569 4.533830
v 5.120531 2.071905 4.533150
v 5.112466 1.474781 4.434169
v 5.116521 1.483144 4.436384
v 5.114000 1.475769 4.434654
v 5.115312 1.477705 4.435244
v 5.116197 1.480295 4.435853
v 5.104600 3.913093 2.505813
v 5.108640 3.917350 2.509999
v 5.106130 3.913765 2.506447
v 5.107435 3.914812 2.507465
v 5.108316 3.916070 2.508712
v 5.109144 4.181880 2.777853
v 5.112924 4.177357 2.773378
v 5.110605 4.181099 2.777102
v 5.111837 4.179966 2.775988
v 5.112649 4.178652 2.774680
v 5.096715 4.683972 1.423759
v 5.100969 4.678805 1.433836
v 5.098318 4.683526 1.424470
v 5.099687 4.682387 1.426634
v 5.100618 4.680730 1.429924
v 5.096941 4.400950 1.565959
v 5.101018 4.403083 1.574397
v 5.098478 4.401462 1.566917
v 5.099790 4.402048 1.568857
v 5.100683 4.402617 1.571483
v 5.105051 4.494987 2.251207
v 5.108816 4.492629 2.242938
v 5.106515 4.494369 2.250166
v 5.107748 4.493705 2.248229
v 5.108552 4.493094 2.245691
v 5.039125 4.703969 0.873574
v 5.039136 4.705632 0.874078
v 5.039121 4.705554 0.872695
v 5.060064 0.908247 4.670442
v 5.060083 0.908748 4.672176
v 5.060068 0.906769 4.671686
v 3.528539 3.556074 5.120536
v 3.529996 3.557226 5.124691
v 3.529657 3.557014 5.121047
v 3.530324 3.557564 5.122019
v 3.530443 3.557639 5.123298
v 3.566583 2.826021 5.044643
v 3.564077 2.823804 5.048157
v 3.565385 2.824994 5.044712
v 3.564485 2.824213 5.045406
v 3.564027 2.823793 5.046614
v 3.915372 3.122370 5.112671
v 3.916826 3.123518 5.116829
v 3.916490 3.123312 5.113182
v 3.917154 3.123859 5.114153
v 3.917276 3.123931 5.115433
v 3.179769 3.259742 5.052512
v 3.177255 3.257517 5.056024
v 3.178567 3.258712 5.052582
v 3.177667 3.257927 5.053273
v 3.177206 3.257508 5.054483
v 2.764932 3.630601 5.050649
v 2.762392 3.628353 5.054158
v 2.763719 3.629561 5.050717
v 2.762807 3.628768 5.051408
v 2.762342 3.628345 5.052615
v 3.114107 3.927274 5.118749
v 3.115587 3.928447 5.122913
v 3.115232 3.928225 5.119264
v 3.115907 3.928779 5.120236
v 3.116033 3.928858 5.121517
v 2.685457 4.231591 5.108130
v 2.687086 4.232713 5.112295
v 2.686639 4.232522 5.108643
v 2.687364 4.233062 5.109616
v 2.687521 4.233129 5.110898
v 2.321252 3.940588 5.040263
v 2.318536 3.938371 5.043775
v 2.319971 3.939560 5.040331
v 2.319005 3.938779 5.041022
v 2.318502 3.938362 5.042230
v 1.431169 4.639195 5.048491
v 1.422269 4.642660 5.052505
v 1.427942 4.640703 5.048742
v 1.425119 4.641893 5.049592
v 1.423128 4.642580 5.050915
v 2.212404 4.512863 5.088729
v 2.216630 4.512521 5.092772
v 2.214582 4.513235 5.089195
v 2.216150 4.513300 5.090128
v 2.216871 4.513050 5.091384
v 1.485818 4.357440 5.026369
v 1.480077 4.356625 5.029977
v 1.483377 4.356949 5.026471
v 1.481428 4.356622 5.027193
v 1.480268 4.356509 5.028424
v 3.904596 2.334187 5.025436
v 3.902158 2.331817 5.028941
v 3.903421 2.333102 5.025502
v 3.902547 2.332270 5.026192
v 3.902105 2.331818 5.027399
v 4.247346 2.648058 5.094762
v 4.248716 2.649349 5.098939
v 4.248430 2.649054 5.095279
v 4.249074 2.649650 5.096254
v 4.249174 2.649753 5.097539
v 4.663160 1.261546 4.985732
v 4.666543 1.252038 4.989233
v 4.664629 1.258085 4.985823
v 4.665788 1.255063 4.986522
v 4.666460 1.252941 4.987718
v 4.355947 1.382215 4.967527
v 4.355085 1.376375 4.970816
v 4.355375 1.379803 4.967511
v 4.355009 1.377842 4.968129
v 4.354909 1.376641 4.969291
v 4.542287 2.107744 5.065854
v 4.542009 2.112163 5.070225
v 4.542745 2.109940 5.066438
v 4.542852 2.111553 5.067475
v 4.542593 2.112330 5.068805
v 3.480619 3.512963 5.219971
v 3.475511 3.508537 5.222856
v 3.479673 3.512124 5.221274
v 3.478364 3.510988 5.222277
v 3.476907 3.509727 5.222834
v 3.584714 2.839034 5.156841
v 3.588804 2.842420 5.161640
v 3.585268 2.839470 5.158480
v 3.586240 2.840267 5.159969
v 3.587480 2.841302 5.161079
v 3.867452 3.079257 5.212107
v 3.862344 3.074834 5.214991
v 3.866502 3.078421 5.213407
v 3.865198 3.077285 5.214413
v 3.863740 3.076025 5.214968
v 3.197893 3.272747 5.164707
v 3.201990 3.276139 5.169511
v 3.198450 3.273183 5.166347
v 3.199422 3.273982 5.167836
v 3.200666 3.275020 5.168947
v 2.783029 3.643583 5.162834
v 2.787157 3.647001 5.167647
v 2.783586 3.644022 5.164477
v 2.784563 3.644825 5.165966
v 2.785818 3.645870 5.167081
v 3.066217 3.884190 5.218181
v 3.061079 3.879739 5.221072
v 3.065263 3.883347 5.219485
v 3.063951 3.882205 5.220493
v 3.062482 3.880939 5.221050
v 2.637727 4.188465 5.207541
v 2.632398 4.184074 5.210453
v 2.636755 4.187625 5.208852
v 2.635404 4.186496 5.209865
v 2.633871 4.185249 5.210428
v 2.339174 3.953598 5.152443
v 2.343507 3.956968 5.157262
v 2.339746 3.954035 5.154085
v 2.340768 3.954828 5.155578
v 2.342092 3.955858 5.156695
v 1.408021 4.628259 5.153946
v 1.416902 4.623071 5.158176
v 1.408525 4.627688 5.155501
v 1.410387 4.626503 5.156852
v 1.413332 4.624880 5.157790
v 2.167291 4.468289 5.187989
v 2.158773 4.465681 5.191082
v 2.166070 4.467580 5.189322
v 2.164026 4.466835 5.190378
v 2.161462 4.466169 5.190996
v 1.500707 4.371853 5.138637
v 1.508790 4.373471 5.143341
v 1.501565 4.372155 5.140272
v 1.503404 4.372568 5.141742
v 1.505941 4.373029 5.142819
v 3.922796 2.347045 5.137622
v 3.926797 2.350626 5.142435
v 3.923341 2.347496 5.139262
v 3.924295 2.348337 5.140755
v 3.925508 2.349436 5.141867
v 4.199350 2.605094 5.194200
v 4.194337 2.600482 5.197080
v 4.198408 2.604243 5.195503
v 4.197126 2.603065 5.196508
v 4.195695 2.601746 5.197060
v 4.652284 1.237631 5.090730
v 4.647096 1.247465 5.095488
v 4.651712 1.238201 5.092346
v 4.650526 1.240270 5.093819
v 4.648904 1.243523 5.094922
v 4.375722 1.391603 5.079490
v 4.377752 1.399505 5.084580
v 4.376119 1.392384 5.081155
v 4.376646 1.394161 5.082704
v 4.377218 1.396661 5.083907
v 4.492658 2.067924 5.165456
v 4.489664 2.059449 5.168135
v 4.491868 2.066772 5.166745
v 4.491018 2.064760 5.167708
v 4.490247 2.062187 5.168196
v 4.658269 0.695333 4.979824
v 4.659940 0.695760 4.980041
v 4.658910 0.694157 4.979761
v 0.891946 4.636953 5.077873
v 0.892412 4.638706 5.078041
v 0.890783 4.637631 5.077873
v 1.946016 4.630085 5.128631
v 1.937665 4.632241 5.128230
v 1.940462 4.630585 5.131948
v 1.944231 4.630902 5.128546
v 1.942018 4.631598 5.128439
v 1.939714 4.632067 5.128328
v 4.667634 5.150151 1.071975
v 5.146207 4.681735 1.046873
v 5.143331 1.026687 4.644332
v 0.981061 4.612072 5.200555
vn 0.0481 -0.9972 0.0573
vn -0.0059 -0.9997 -0.0239
vn 0.0527 -0.9971 0.0542
vn 0.6080 0.3325 0.7209
vn 0.6229 0.4249 0.6568
vn 0.5829 0.4241 0.6931
vn -0.0708 -0.9933 -0.0914
vn -0.7399 0.2913 -0.6063
vn -0.7473 0.3814 -0.5442
vn -0.7734 0.2877 -0.5648
vn 0.0727 -0.9968 0.0338
vn 0.0690 -0.9969 0.0380
vn 0.5655 0.3310 0.7554
vn 0.5423 0.4221 0.7265
vn -0.5708 0.2963 -0.7657
vn -0.4897 0.3858 -0.7819
vn -0.5517 0.3890 -0.7378
vn -0.6641 0.2949 -0.6870
vn -0.6803 0.3876 -0.6221
vn -0.7048 0.2924 -0.6463
vn 0.0648 -0.9970 0.0415
vn 0.0609 -0.9971 0.0457
vn -0.0750 -0.9933 -0.0879
vn -0.7814 0.3760 -0.4980
vn -0.8081 0.2829 -0.5166
vn 0.8201 0.3215 0.4733
vn 0.7581 0.4166 0.5018
vn 0.7890 0.3262 0.5206
vn 0.7559 0.3305 0.5651
vn 0.6935 0.4230 0.5832
vn 0.7234 0.3300 0.6065
vn -0.8153 0.3689 -0.4464
vn -0.8421 0.2776 -0.4625
vn -0.8393 0.3625 -0.4051
vn -0.8667 0.2697 -0.4197
vn 0.8629 0.3143 0.3958
vn 0.8150 0.4055 0.4139
vn 0.8463 0.3163 0.4286
vn 0.0769 -0.9966 0.0295
vn -0.8499 0.3592 -0.3857
vn -0.8767 0.2680 -0.3996
vn -0.6805 0.3905 -0.6201
vn -0.8466 0.1053 -0.5217
vn 0.9477 0.2602 0.1850
vn 0.8323 0.4007 0.3830
vn -0.0059 -0.9997 -0.0238
vn 0.0865 -0.9960 0.0207
vn 0.0817 -0.9963 0.0252
vn 0.5218 0.3287 0.7872
vn 0.5007 0.4190 0.7575
vn 0.4801 0.3262 0.8143
vn 0.4609 0.4151 0.7844
vn -0.4441 0.2894 -0.8480
vn -0.3998 0.3779 -0.8351
vn -0.4303 0.3810 -0.8183
vn -0.0667 -0.9932 -0.0954
vn 0.4503 0.3252 0.8315
vn 0.4327 0.4118 0.8020
vn 0.2251 0.2759 0.9344
vn 0.2255 0.3724 0.9003
vn -0.4124 0.2879 -0.8643
vn -0.6272 0.3925 -0.6728
vn -0.0561 -0.9931 -0.1034
vn 0.5963 0.4970 0.6304
vn 0.5580 0.4964 0.6649
vn 0.0059 0.9997 0.0239
vn 0.0725 0.9947 0.0726
vn -0.7146 0.3850 -0.5840
vn -0.7186 0.4603 -0.5212
vn -0.0637 0.9977 -0.0217
vn 0.0059 0.9997 0.0238
vn -0.0669 0.9976 -0.0174
vn 0.5194 0.4943 0.6971
vn 0.4798 0.4915 0.7268
vn -0.6411 0.3894 -0.6613
vn -0.5749 0.4693 -0.6703
vn -0.6160 0.4680 -0.6337
vn -0.6533 0.4675 -0.5955
vn -0.5988 0.3898 -0.6996
vn -0.5298 0.4684 -0.7071
vn 0.6601 0.4245 0.6198
vn 0.7258 0.4205 0.5444
vn 0.6635 0.4965 0.5597
vn 0.6950 0.4931 0.5232
vn -0.7855 0.4473 -0.4277
vn -0.0611 0.9978 -0.0260
vn 0.7887 0.4114 0.4568
vn 0.7263 0.4893 0.4828
vn 0.7566 0.4833 0.4404
vn -0.8206 0.4354 -0.3702
vn -0.0715 0.9973 -0.0149
vn 0.7826 0.4771 0.3999
vn 0.9144 0.3571 0.1906
vn 0.8002 0.4714 0.3709
vn -0.7893 0.4728 -0.3917
vn 0.0551 0.9945 0.0893
vn -0.4702 0.4651 -0.7501
vn -0.4133 0.4587 -0.7866
vn 0.4425 0.4866 0.7533
vn 0.4162 0.4820 0.7710
vn 0.0481 0.9942 0.0964
vn 0.0513 0.9944 0.0925
vn -0.3848 0.4529 -0.8042
vn -0.5737 0.5549 -0.6025
vn 0.2282 0.4458 0.8655
vn -0.6201 0.2963 -0.7264
vn 0.0160 -0.0884 0.9960
vn 0.0482 0.0135 0.9987
vn 0.0657 0.1133 0.9914
vn -0.0471 0.9981 -0.0386
vn -0.0430 0.9982 -0.0417
vn -0.6874 0.4628 -0.5598
vn -0.0507 0.9981 -0.0352
vn -0.0517 -0.9926 -0.1095
vn 0.0569 -0.9971 0.0501
vn -0.0342 0.9981 -0.0510
vn 0.9974 -0.0718 -0.0072
vn 0.9694 -0.2404 -0.0503
vn 0.9992 0.0275 0.0291
vn 0.9667 0.0938 -0.2382
vn 0.9904 0.1284 0.0503
vn 0.0759 0.9947 0.0689
vn 0.6880 0.3346 0.6440
vn 0.0587 0.9946 0.0860
vn 0.6320 0.4967 0.5949
vn -0.0059 -0.9973 0.0726
vn -0.0498 -0.9921 -0.1148
vn 0.0235 -0.9963 0.0831
vn 0.0419 -0.9970 0.0656
vn 0.0323 0.9931 0.1132
vn 0.0461 0.9940 0.0992
vn -0.0323 0.9980 -0.0551
vn 0.0123 0.9928 0.1188
vn 0.0899 -0.9958 0.0184
vn -0.0821 -0.9934 -0.0804
vn -0.7518 0.4554 -0.4769
vn 0.0867 0.9945 0.0593
vn 0.0058 0.9997 0.0237
vn -0.0790 -0.9933 -0.0845
vn -0.0855 -0.9934 -0.0758
vn -0.0542 0.9980 -0.0319
vn -0.5064 0.2924 -0.8112
vn -0.9950 0.0994 0.0033
vn -0.9953 0.0098 -0.0967
vn -0.9881 0.1384 -0.0667
vn -0.0378 0.9983 -0.0454
vn -0.0058 -0.9997 -0.0237
vn 0.1041 -0.9946 0.0019
vn -0.0984 -0.9929 -0.0668
vn 0.0902 -0.9956 -0.0258
vn -0.0744 0.9971 -0.0138
vn 0.1008 0.9945 0.0283
vn 0.0203 0.9998 -0.0089
vn 0.0983 0.9940 0.0471
vn -0.0228 -0.2918 0.9562
vn -0.0893 -0.4660 0.8803
vn 0.0443 -0.9971 0.0625
vn 0.0227 -0.1403 0.9898
vn 0.0834 0.9946 0.0613
vn 0.6495 0.3340 0.6831
vn -0.0574 0.9979 -0.0288
vn 0.0794 0.9947 0.0649
vn -0.0904 -0.9933 -0.0715
vn -0.8097 0.4400 -0.3883
vn 0.8800 0.4320 0.1974
vn 0.0688 0.9948 0.0757
vn 0.0657 0.9947 0.0790
vn 0.0623 0.9946 0.0825
vn -0.0624 -0.9931 -0.0996
vn -0.0948 -0.9932 -0.0681
vn 1.0000 -0.0053 0.0082
vn 1.0000 -0.0004 0.0003
vn 1.0000 -0.0009 -0.0012
vn -0.0132 0.0564 -0.9983
vn -0.0336 0.0249 -0.9991
vn 0.0656 0.0253 -0.9975
vn -0.1245 0.0904 -0.9881
vn 0.0650 0.0238 -0.9976
vn 0.9898 -0.1023 -0.0996
vn 1.0000 -0.0057 -0.0001
vn 0.9946 -0.1041 -0.0024
vn 0.0126 -0.0302 0.9995
vn -0.0042 -0.0252 0.9997
vn 0.0873 0.0661 0.9940
vn -0.9930 0.1043 0.0554
vn -1.0000 0.0079 0.0014
vn 0.0731 -0.9970 -0.0246
vn -0.0075 -0.9972 0.0742
vn -0.0075 -0.9997 -0.0242
vn 0.9955 0.0624 0.0715
vn 0.9966 -0.0387 0.0734
vn 0.0153 0.9996 0.0223
vn 0.0055 0.9997 0.0218
vn 0.0032 0.9997 0.0235
vn -0.9928 0.1090 0.0494
vn -1.0000 0.0069 -0.0004
vn -0.9961 0.0884 0.0015
vn 0.0075 0.9972 -0.0744
vn 0.0808 0.9920 0.0970
vn 0.0777 0.9969 -0.0107
vn -0.9912 -0.0924 0.0944
vn -0.9952 0.0046 0.0982
vn 0.0046 0.9997 0.0244
vn -0.1449 0.9812 -0.1276
vn -0.0018 -0.0279 0.9996
vn -0.1652 -0.1865 0.9685
vn -0.0113 -0.2249 0.9743
vn -0.0009 -0.0255 0.9997
vn 0.6563 -0.2029 0.7267
vn 0.7072 -0.0233 0.7067
vn 0.6476 -0.0243 0.7616
vn 0.0011 0.1286 -0.9917
vn -0.0970 0.0245 -0.9950
vn 0.0006 0.0242 -0.9997
vn 1.0000 -0.0029 -0.0027
vn 0.9949 -0.0034 0.1007
vn 1.0000 -0.0008 -0.0041
vn 0.9680 -0.1737 -0.1809
vn 0.9876 0.0559 -0.1470
vn -0.0173 0.9998 0.0038
vn 0.0030 0.9998 0.0213
vn -0.0853 0.9961 0.0211
vn 0.7055 0.0575 0.7063
vn 0.7621 -0.0222 0.6470
vn -0.6061 -0.5043 -0.6151
vn -0.6045 -0.5914 -0.5337
vn -0.7447 -0.4591 -0.4843
vn -0.0004 -0.0245 0.9997
vn 0.0970 -0.0246 0.9950
vn 0.0940 0.0725 0.9929
vn 1.0000 -0.0027 -0.0003
vn 0.9956 -0.0938 -0.0022
vn 0.0050 0.9996 0.0278
vn 0.0050 0.9970 -0.0773
vn 0.1015 0.9946 0.0218
vn 0.0249 0.9842 -0.1751
vn 0.9954 0.0957 0.0016
vn -0.0078 -0.9969 0.0786
vn -0.1057 -0.9941 -0.0238
vn -0.0789 -0.9911 0.1069
vn 0.7089 0.6994 0.0910
vn 0.6525 0.7575 0.0185
vn 0.7110 0.7030 0.0175
vn 1.0000 0.0002 -0.0009
vn 0.9880 -0.1395 0.0655
vn 0.7430 0.6590 0.1171
vn 0.7651 0.6437 0.0164
vn 0.0366 -0.9970 0.0681
vn 0.0057 0.9997 0.0245
vn 0.0046 0.9922 0.1246
vn 0.1018 0.9874 0.1212
vn -0.0031 -0.0143 0.9999
vn 0.0038 -0.0242 0.9997
vn -0.0851 -0.0233 0.9961
vn 0.9994 -0.0244 -0.0239
vn -0.1938 0.9802 0.0397
vn -0.9965 0.0064 0.0830
vn -0.9943 0.1065 0.0038
vn -0.0008 -0.0730 -0.9973
vn 0.1274 -0.0453 -0.9908
vn -0.2515 0.6779 0.6908
vn 0.0021 0.6372 0.7707
vn -0.3294 0.6582 0.6770
vn -0.5152 -0.5931 -0.6187
vn -0.4627 -0.4480 -0.7650
vn -0.5712 0.6034 0.5564
vn -0.5785 0.6216 0.5281
vn 0.1218 -0.9881 -0.0944
vn -0.0057 -0.9997 -0.0239
vn 0.0994 -0.9948 -0.0237
vn -0.0020 0.0720 0.9974
vn -0.0031 -0.0274 0.9996
vn -0.9944 0.0044 0.1056
vn -0.9959 -0.0901 -0.0028
vn -0.1887 -0.0208 0.9818
vn -0.4701 -0.7332 -0.4914
vn -0.5786 -0.5644 -0.5888
vn 0.9906 0.0936 0.0993
vn 0.0963 -0.0737 -0.9926
vn -0.2336 0.6745 0.7004
vn -0.4150 0.7709 0.4832
vn 0.1617 0.6045 0.7800
vn -0.0958 0.1211 -0.9880
vn 0.0013 0.1219 -0.9925
vn 0.6878 0.1365 0.7129
vn 0.7274 0.1853 0.6608
vn 0.7045 0.0753 0.7057
vn 0.6603 0.7166 0.2245
vn 0.7075 0.6972 0.1153
vn -0.1041 -0.9919 0.0728
vn 0.7718 0.6112 0.1754
vn -0.0009 0.9995 0.0326
vn 0.0950 0.9893 0.1106
vn 0.1057 0.1189 -0.9873
vn 0.0817 0.0238 -0.9964
vn 0.0508 0.2307 -0.9717
vn -0.9895 0.1098 -0.0939
vn -0.0225 -0.0439 0.9988
vn -0.0977 -0.1193 0.9880
vn -0.0006 -0.0239 0.9997
vn -0.0990 -0.0231 0.9948
vn 0.0691 0.0451 0.9966
vn -0.0300 0.0504 0.9983
vn 0.9949 0.0018 -0.1010
vn 0.9999 0.0134 -0.0053
vn 0.9951 -0.0034 -0.0987
vn 0.9913 0.1152 -0.0640
vn 0.0915 -0.9885 -0.1201
vn 0.0916 -0.9955 -0.0238
vn -0.0924 0.9954 0.0239
vn -0.0218 0.9953 0.0941
vn -0.0898 0.9932 -0.0738
vn 0.0075 0.9997 0.0239
vn -0.0042 -0.1207 0.9927
vn -0.0013 -0.1218 0.9926
vn 0.0736 -0.0546 0.9958
vn -0.9769 0.0506 0.2078
vn 0.9929 0.0829 0.0850
vn -0.0242 -0.9994 0.0261
vn -0.0057 -0.9984 0.0569
vn 0.1531 -0.9849 0.0806
vn -0.9941 0.0870 0.0654
vn -0.9999 0.0054 0.0109
vn -0.9940 0.0840 0.0696
vn 0.3635 0.7101 0.6030
vn 0.4543 0.6425 0.6170
vn 0.4539 0.6789 0.5771
vn -0.9966 -0.0623 -0.0542
vn 0.2602 -0.6129 -0.7461
vn 0.3527 -0.5532 -0.7548
vn 0.2575 -0.5712 -0.7794
vn -0.9941 0.0624 0.0891
vn -0.9941 0.0673 0.0856
vn 0.3621 0.7441 0.5614
vn 0.4522 0.7124 0.5366
vn 0.2630 -0.7727 -0.5777
vn 0.3545 -0.7915 -0.4978
vn 0.3579 -0.7474 -0.5597
vn 0.2638 -0.6935 -0.6704
vn 0.3578 -0.6314 -0.6880
vn 0.2623 -0.6526 -0.7108
vn -0.9942 0.0705 0.0817
vn -0.9941 0.0751 0.0780
vn -0.9966 -0.0581 -0.0588
vn 0.3481 -0.5068 -0.7887
vn 0.2543 -0.5226 -0.8138
vn 0.3485 0.4618 0.8157
vn 0.4438 0.4875 0.7520
vn 0.3543 0.5088 0.7846
vn 0.3584 0.5536 0.7517
vn 0.4515 0.5688 0.6875
vn 0.3620 0.5941 0.7183
vn 0.3420 -0.4549 -0.8223
vn 0.2482 -0.4684 -0.8480
vn 0.3363 -0.4134 -0.8462
vn 0.2434 -0.4252 -0.8718
vn 0.3405 0.3844 0.8581
vn 0.4311 0.3998 0.8089
vn 0.3434 0.4176 0.8412
vn -0.9938 0.0587 0.0941
vn 0.3334 -0.3938 -0.8566
vn 0.2420 -0.4049 -0.8818
vn 0.3481 -0.4986 -0.7939
vn 0.0768 -0.5213 -0.8499
vn 0.2825 0.1749 0.9432
vn 0.4257 0.3690 0.8262
vn -0.9935 0.0496 0.1027
vn -0.9937 0.0540 0.0982
vn 0.3606 0.7758 0.5177
vn 0.4493 0.7436 0.4952
vn 0.3577 0.8030 0.4767
vn 0.4456 0.7708 0.4554
vn 0.2564 -0.8551 -0.4507
vn 0.3465 -0.8448 -0.4078
vn 0.3496 -0.8280 -0.4383
vn -0.9965 -0.0667 -0.0507
vn 0.3561 0.8211 0.4461
vn 0.4423 0.7885 0.4274
vn 0.3067 0.9255 0.2223
vn 0.4023 0.8884 0.2210
vn 0.2550 -0.8714 -0.4190
vn 0.3621 -0.6814 -0.6361
vn -0.9965 -0.0738 -0.0394
vn 0.5251 0.6141 0.5892
vn 0.5248 0.6488 0.5510
vn 0.9999 -0.0054 -0.0109
vn 0.9975 0.0432 0.0556
vn 0.3557 -0.5932 -0.7222
vn 0.4331 -0.5325 -0.7272
vn 0.9954 -0.0508 -0.0808
vn 0.9953 -0.0469 -0.0845
vn 0.5228 0.6813 0.5123
vn 0.5205 0.7109 0.4729
vn 0.3590 -0.6708 -0.6490
vn 0.4395 -0.6823 -0.5842
vn 0.4401 -0.6451 -0.6246
vn 0.4381 -0.6075 -0.6626
vn 0.3591 -0.7092 -0.6067
vn 0.4381 -0.7193 -0.5392
vn 0.4535 0.6054 0.6541
vn 0.4483 0.5300 0.7198
vn 0.5228 0.5437 0.6566
vn 0.5194 0.5070 0.6879
vn 0.4218 -0.4384 -0.7937
vn 0.9955 -0.0546 -0.0779
vn 0.4378 0.4426 0.7826
vn 0.5151 0.4667 0.7189
vn 0.5091 0.4239 0.7491
vn 0.4112 -0.3796 -0.8287
vn 0.9999 -0.0055 -0.0110
vn 0.9951 -0.0440 -0.0884
vn 0.5023 0.3836 0.7750
vn 0.3778 0.1778 0.9086
vn 0.4955 0.3549 0.7928
vn 0.4798 -0.4593 -0.7475
vn 0.9975 0.0596 0.0381
vn 0.4348 -0.7622 -0.4795
vn 0.4284 -0.7984 -0.4231
vn 0.5158 0.7376 0.4358
vn 0.5121 0.7551 0.4093
vn 0.9973 0.0666 0.0311
vn 0.9974 0.0636 0.0348
vn 0.4226 -0.8162 -0.3941
vn 0.5274 -0.6168 -0.5843
vn 0.4742 0.8518 0.2225
vn 0.2635 -0.7334 -0.6267
vn -0.0588 0.9981 0.0195
vn 0.0435 0.9978 0.0501
vn 0.1433 0.9875 0.0658
vn 0.9956 -0.0679 -0.0643
vn 0.9957 -0.0711 -0.0601
vn 0.4366 -0.5698 -0.6962
vn 0.9956 -0.0642 -0.0677
vn -0.9962 -0.0802 -0.0351
vn -0.9943 0.0772 0.0738
vn 0.9955 -0.0794 -0.0508
vn -0.0574 -0.0076 0.9983
vn -0.2078 -0.1216 0.9706
vn 0.0452 0.0258 0.9986
vn -0.0217 -0.0760 0.9969
vn 0.1455 0.0440 0.9884
vn 0.9975 0.0391 0.0585
vn 0.3632 0.6327 0.6840
vn 0.9976 0.0557 0.0420
vn 0.5243 0.5787 0.6247
vn -0.9948 0.1011 0.0111
vn -0.9959 -0.0840 -0.0330
vn -0.9929 0.1120 0.0404
vn -0.9936 0.0967 0.0591
vn 0.9965 0.0824 0.0159
vn 0.9970 0.0720 0.0297
vn 0.9952 -0.0850 -0.0494
vn 0.9959 0.0899 -0.0042
vn -0.9931 0.0477 0.1076
vn -0.9966 -0.0508 -0.0651
vn 0.4286 -0.4881 -0.7603
vn 0.9970 0.0306 0.0715
vn -0.9965 -0.0554 -0.0625
vn -0.9965 -0.0466 -0.0692
vn 0.9956 -0.0603 -0.0713
vn 0.2603 -0.8180 -0.5129
vn 0.1839 0.1579 -0.9702
vn 0.1011 0.1081 -0.9890
vn 0.1799 0.1623 -0.9702
vn 0.9958 -0.0734 -0.0547
vn -0.9999 0.0055 0.0110
vn -0.9922 0.0307 0.1209
vn -0.9960 -0.0368 -0.0810
vn -0.9943 0.0031 0.1063
vn 0.9949 -0.0422 -0.0911
vn 0.9965 -0.0010 0.0836
vn 0.9993 -0.0384 0.0038
vn 0.9966 0.0174 0.0805
vn -0.2642 0.9643 -0.0153
vn -0.4417 0.8935 -0.0805
vn -0.9938 0.0932 0.0614
vn -0.1114 0.9934 0.0272
vn 0.9972 0.0328 0.0669
vn 0.3642 0.6714 0.6454
vn 0.9955 -0.0581 -0.0746
vn 0.9974 0.0349 0.0629
vn -0.9964 -0.0423 -0.0738
vn 0.4147 -0.3998 -0.8174
vn 0.4525 0.1824 0.8729
vn 0.9976 0.0462 0.0519
vn 0.9976 0.0493 0.0494
vn 0.9975 0.0534 0.0459
vn -0.9965 -0.0700 -0.0456
vn -0.9962 -0.0393 -0.0777
vn 0.6921 0.5331 0.4866
vn 0.6177 0.5406 0.5712
vn 0.6525 0.4993 0.5701
vn 0.0315 0.0462 -0.9984
vn -0.6609 -0.7399 0.1258
vn -0.6105 -0.7601 0.2225
vn -0.6202 -0.7745 0.1242
vn 0.1606 0.1834 -0.9698
vn 0.1643 0.1792 -0.9700
vn 0.7257 0.4898 0.4832
vn 0.6845 0.4577 0.5674
vn -0.8142 -0.5656 0.1310
vn -0.8388 -0.4942 0.2285
vn -0.7974 -0.5581 0.2296
vn -0.7387 -0.6613 0.1305
vn -0.6865 -0.6908 0.2271
vn -0.6993 -0.7032 0.1283
vn 0.1678 0.1750 -0.9702
vn 0.1721 0.1712 -0.9701
vn 0.0346 0.0416 -0.9985
vn -0.5629 -0.7971 0.2186
vn -0.5706 -0.8124 0.1203
vn 0.4634 0.7501 0.4718
vn 0.4701 0.6819 0.5604
vn 0.5009 0.7218 0.4775
vn 0.5430 0.6878 0.4817
vn 0.5470 0.6142 0.5688
vn 0.5822 0.6528 0.4847
vn -0.5006 -0.8392 0.2127
vn -0.5063 -0.8546 0.1152
vn -0.4435 -0.8722 0.2064
vn -0.4482 -0.8869 0.1118
vn 0.4239 0.7753 0.4683
vn 0.4100 0.7273 0.5503
vn 0.4377 0.7672 0.4688
vn 0.1563 0.1871 -0.9698
vn -0.4149 -0.8869 0.2031
vn -0.4197 -0.9010 0.1101
vn -0.4506 -0.8684 0.2072
vn -0.5198 -0.8529 -0.0487
vn 0.3852 0.7954 0.4680
vn 0.3974 0.7362 0.5479
vn 0.0958 0.1081 -0.9895
vn 0.1417 0.1765 -0.9740
vn 0.1517 0.1877 -0.9704
vn 0.7558 0.4451 0.4803
vn 0.7144 0.4154 0.5632
vn 0.7818 0.4029 0.4759
vn 0.7403 0.3750 0.5579
vn -0.8909 -0.4350 0.1308
vn -0.8878 -0.4016 0.2249
vn -0.8725 -0.4330 0.2264
vn 0.0277 0.0504 -0.9983
vn 0.7983 0.3728 0.4730
vn 0.7573 0.3466 0.5535
vn 0.8987 0.1496 0.4122
vn 0.8533 0.1409 0.5020
vn -0.9060 -0.4026 0.1309
vn -0.8719 -0.4341 0.2266
vn 0.0201 0.0612 -0.9979
vn 0.5816 0.5072 0.6360
vn 0.6149 0.4678 0.6348
vn -0.1011 -0.1081 0.9890
vn -0.0500 -0.0436 0.9978
vn -0.6495 -0.7263 0.2251
vn -0.5966 -0.7415 0.3069
vn -0.1463 -0.1752 0.9736
vn -0.0938 -0.1064 0.9899
vn -0.1337 -0.1825 0.9741
vn 0.6456 0.4281 0.6325
vn 0.6748 0.3881 0.6278
vn -0.7244 -0.6503 0.2287
vn -0.7411 -0.5933 0.3142
vn -0.7058 -0.6353 0.3135
vn -0.6693 -0.6742 0.3123
vn -0.7611 -0.6066 0.2295
vn -0.7762 -0.5466 0.3141
vn 0.5821 0.5792 0.5707
vn 0.5099 0.6483 0.5654
vn 0.5141 0.5775 0.6342
vn 0.4791 0.6108 0.6304
vn -0.4902 -0.8196 0.2966
vn -0.1516 -0.1712 0.9735
vn -0.1005 -0.1082 0.9890
vn 0.4343 0.7097 0.5548
vn 0.4414 0.6434 0.6254
vn 0.4075 0.6707 0.6197
vn -0.4066 -0.8683 0.2841
vn -0.0791 -0.0963 0.9922
vn -0.1138 -0.1844 0.9762
vn 0.3849 0.6889 0.6142
vn 0.3716 0.7588 0.5349
vn 0.1842 0.8133 0.5520
vn 0.3735 0.6991 0.6097
vn -0.4922 -0.7924 0.3602
vn -0.0341 -0.0617 0.9975
vn -0.8166 -0.4852 0.3126
vn -0.8502 -0.4263 0.3088
vn 0.6999 0.3501 0.6225
vn 0.7170 0.3235 0.6175
vn -0.0273 -0.0690 0.9972
vn -0.0309 -0.0655 0.9974
vn -0.8660 -0.3966 0.3045
vn -0.8391 -0.4196 0.3460
vn 0.8100 0.1369 0.5703
vn -0.7768 -0.6161 0.1308
vn 0.9992 -0.0193 0.0347
vn 0.9947 0.0014 0.1025
vn 0.9804 0.0081 0.1970
vn -0.1639 -0.1573 0.9739
vn -0.1676 -0.1535 0.9738
vn -0.6341 -0.7088 0.3091
vn -0.1608 -0.1611 0.9737
vn 0.0139 0.0657 -0.9977
vn 0.1754 0.1662 -0.9704
vn -0.1762 -0.1442 0.9737
vn -0.0105 0.9991 0.0402
vn -0.2861 0.9551 -0.0769
vn 0.0132 0.9897 0.1424
vn -0.1013 0.9901 0.0973
vn 0.0245 0.9697 0.2430
vn -0.0531 -0.0394 0.9978
vn 0.6188 0.6163 0.4871
vn -0.0373 -0.0580 0.9976
vn 0.5481 0.5446 0.6348
vn 0.1963 0.1035 -0.9751
vn 0.0091 0.0679 -0.9976
vn 0.2077 0.1320 -0.9692
vn 0.1913 0.1513 -0.9698
vn -0.0102 -0.0851 0.9963
vn -0.0240 -0.0707 0.9972
vn -0.1805 -0.1423 0.9732
vn -0.0062 -0.1053 0.9944
vn 0.0826 0.1014 -0.9914
vn 0.1237 0.1478 -0.9813
vn 0.0419 0.0344 -0.9985
vn 0.1005 0.1083 -0.9890
vn -0.5509 -0.7778 0.3027
vn -0.0285 0.0171 0.9994
vn -0.0608 -0.0734 0.9954
vn 0.0385 0.0383 -0.9985
vn 0.0451 0.0315 -0.9985
vn -0.1582 -0.1652 0.9735
vn -0.8567 -0.4990 0.1305
vn -0.1709 -0.1482 0.9741
vn 0.0644 0.0832 -0.9945
vn 0.0860 0.1773 -0.9804
vn 0.0180 0.0062 -0.9998
vn 0.0507 0.1721 -0.9838
vn -0.0951 -0.1715 0.9806
vn -0.0447 0.0321 0.9985
vn -0.0810 -0.0654 0.9946
vn -0.0227 0.0715 0.9972
vn 0.9564 -0.2739 -0.1015
vn 0.9294 -0.0791 -0.3605
vn 0.1877 0.1536 -0.9701
vn 0.9396 -0.2031 0.2755
vn -0.0458 -0.0160 0.9988
vn 0.6558 0.5761 0.4879
vn -0.1549 -0.1681 0.9735
vn -0.0539 -0.0338 0.9980
vn 0.0022 0.9140 0.4058
vn -0.0028 0.9441 0.3297
vn 0.0428 0.0306 -0.9986
vn -0.4345 -0.8534 0.2879
vn -0.0470 -0.0473 0.9978
vn -0.0439 -0.0507 0.9977
vn -0.0398 -0.0535 0.9978
vn 0.0239 0.0550 -0.9982
vn 0.0319 0.0245 -0.9992
vn 0.8966 -0.4250 -0.1249
vn 0.6621 -0.7201 -0.2074
vn 0.7700 -0.4911 -0.4074
vn 0.7916 -0.6060 -0.0776
vn 0.3727 -0.9086 -0.1886
vn 0.6005 -0.7051 -0.3771
vn 0.2276 -0.5105 -0.8292
vn 0.3861 -0.8760 -0.2892
vn -0.3078 -0.9265 -0.2166
vn 0.2462 -0.9659 -0.0799
vn -0.0113 -0.9975 -0.0702
vn -0.3385 -0.9027 -0.2657
vn -0.0042 -0.9825 -0.1862
vn 0.5283 -0.8464 -0.0675
vn -0.0075 -0.9696 -0.2447
vn -0.6941 -0.4261 -0.5802
vn -0.8707 -0.1420 -0.4708
vn -0.7360 -0.2439 -0.6315
vn -0.6660 -0.3794 -0.6423
vn -0.7454 -0.4600 -0.4825
vn -0.8626 -0.3029 -0.4051
vn -0.4227 -0.7120 -0.5607
vn -0.1655 -0.7515 0.6387
vn -0.0451 -0.6380 0.7687
vn -0.1374 -0.4574 0.8786
vn -0.2158 -0.7452 0.6310
vn -0.1529 -0.9246 0.3489
vn -0.0375 -0.8641 0.5020
vn -0.2485 -0.8982 0.3626
vn -0.5210 0.1249 -0.8444
vn -0.5659 -0.4209 -0.7090
vn -0.5889 -0.1642 -0.7914
vn -0.4727 -0.1263 -0.8721
vn -0.4713 -0.4460 -0.7609
vn -0.8225 -0.5682 0.0231
vn -0.6949 -0.4412 -0.5678
vn -0.7861 -0.5795 0.2150
vn -0.5370 -0.7209 -0.4381
vn -0.0546 -0.9730 0.2241
vn -0.2009 -0.9240 -0.3253
vn -0.0509 -0.9983 -0.0293
vn -0.1621 -0.9865 -0.0239
vn -0.2476 -0.9023 -0.3529
vn -0.2171 -0.9758 -0.0251
vn 0.8688 0.4868 -0.0905
vn 0.9762 0.2157 0.0210
vn 0.9007 0.0544 -0.4310
vn 0.9840 -0.0092 -0.1778
vn 0.8689 0.4950 0.0093
vn 0.6951 0.7186 0.0222
vn 0.5226 0.8370 -0.1622
vn -0.5452 0.7713 -0.3283
vn -0.7615 0.4904 -0.4237
vn -0.6852 0.6528 -0.3230
vn -0.2943 0.9315 -0.2137
vn -0.5018 0.7889 -0.3548
vn -0.2698 0.9229 -0.2746
vn 0.3224 0.9466 -0.0036
vn -0.2057 0.9719 -0.1147
vn 0.0499 0.9946 -0.0913
vn -0.4519 0.8664 -0.2123
vn 0.0563 0.9916 -0.1167
vn -0.0605 0.4656 0.8829
vn -0.0181 -0.1443 0.9894
vn 0.0336 0.1811 0.9829
vn 0.0166 0.4665 0.8844
vn -0.1254 0.4968 0.8588
vn -0.1692 0.8187 0.5487
vn -0.1322 0.9735 -0.1867
vn -0.0137 0.9385 0.3449
vn -0.0259 0.9989 0.0389
vn -0.2299 0.8719 -0.4324
vn -0.1056 0.9920 0.0696
vn 0.0224 0.6995 0.7143
vn -0.2304 0.9336 -0.2745
vn -0.1327 0.9884 0.0737
vn -0.3664 0.7717 -0.5198
vn -0.3383 0.6638 -0.6670
vn -0.6917 0.5440 -0.4751
vn -0.5211 0.5059 -0.6874
vn -0.2927 0.9210 -0.2571
vn -0.9051 0.2582 -0.3377
vn -0.8513 0.5164 -0.0929
vn -0.5932 0.5527 -0.5853
vn -0.6525 0.6597 -0.3728
vn -0.5118 0.8470 -0.1436
vn -0.3811 0.6622 -0.6452
vn -0.4111 0.8163 -0.4058
vn -0.1009 0.5310 -0.8414
vn -0.3429 0.2667 -0.9007
vn -0.0700 0.1552 -0.9854
vn -0.1613 0.8678 -0.4699
vn -0.1829 0.9588 -0.2174
vn -0.1160 0.9861 -0.1186
vn -0.6820 0.2738 0.6782
vn -0.6655 0.2950 0.6856
vn -0.5625 0.3538 0.7473
vn -0.4906 0.3461 0.7997
vn -0.4412 0.3169 0.8396
vn 0.2633 0.6170 0.7416
vn -0.7816 -0.2515 0.5709
vn -0.5139 -0.0317 0.8573
vn -0.6780 -0.1263 0.7241
vn -0.2446 -0.2774 -0.9291
vn -0.1518 -0.1629 -0.9749
vn -0.1361 -0.1440 -0.9802
vn -0.8660 0.4995 0.0231
vn -0.9527 0.2558 0.1644
vn 0.2709 0.8068 0.5251
vn 0.5824 -0.0532 0.8112
vn 0.6360 -0.3184 0.7030
vn -0.2312 0.7787 0.5832
vn -0.2312 0.7789 0.5829
vn -0.2312 0.7788 0.5831
vn -0.8053 -0.3609 -0.4704
vn -0.8017 -0.3698 -0.4697
vn -0.7361 -0.5045 -0.4513
vn 0.2880 0.6838 -0.6705
vn 0.3150 0.6863 -0.6556
vn 0.3488 0.7340 -0.5827
vn 0.3759 0.9171 0.1325
vn 0.3758 0.9171 0.1328
vn 0.3758 0.9171 0.1327
vn 0.6728 0.6808 0.2895
vn 0.6728 0.6808 0.2897
vn -0.2002 0.5889 -0.7830
vn -0.1167 0.6738 -0.7297
vn -0.2297 0.5558 -0.7990
vn 0.3364 0.7897 -0.5130
vn 0.1729 -0.9758 0.1339
vn 0.0380 -0.9988 0.0304
vn 0.8138 -0.2312 0.5332
vn 0.8141 -0.2313 0.5327
vn 0.0906 0.8579 0.5057
vn 0.0906 0.8580 0.5057
vn -0.0715 0.6628 0.7453
vn -0.0687 0.6644 0.7442
vn 0.1176 0.5809 0.8054
vn -0.0601 -0.8734 -0.4832
vn -0.5089 -0.7321 -0.4528
vn -0.0887 -0.8702 -0.4846
vn -0.8560 -0.1096 0.5053
vn -0.9091 -0.3444 0.2343
vn -0.9893 -0.0679 0.1290
vn -0.5268 -0.1557 0.8356
vn -0.6608 -0.3988 0.6359
vn -0.6030 -0.6053 0.5196
vn -0.1706 -0.5071 0.8448
vn -0.1926 -0.2624 0.9455
vn -0.1203 -0.1640 0.9791
vn -0.3530 -0.9092 0.2209
vn -0.1122 -0.8667 0.4860
vn -0.3928 -0.6711 0.6288
vn -0.4225 -0.4376 0.7937
vn 0.4390 -0.6357 0.6349
vn 0.1963 -0.8584 0.4739
vn 0.1377 -0.8928 0.4288
vn 0.3305 -0.3340 0.8828
vn 0.3686 -0.0666 0.9272
vn 0.3180 -0.3929 0.8628
vn 0.7825 0.5435 0.3038
vn 0.6486 0.6180 0.4443
vn 0.5301 -0.2406 0.8131
vn -0.0346 -0.6483 0.7606
vn -0.1149 -0.7400 0.6627
vn -0.0302 -0.6430 0.7653
vn 0.4995 -0.8567 -0.1285
vn 0.2361 -0.8993 -0.3680
vn 0.8162 -0.5493 -0.1794
vn 0.6402 -0.6509 -0.4081
vn 0.5285 -0.5853 -0.6149
vn 0.7993 -0.4155 -0.4342
vn 0.6409 -0.3764 -0.6690
vn 0.8494 -0.1614 -0.5024
vn 0.9490 -0.1951 -0.2477
vn 0.9805 -0.1250 -0.1515
vn 0.2400 -0.3226 -0.9156
vn 0.5022 -0.0871 -0.8603
vn 0.7932 0.5178 0.3204
vn 0.8247 0.5498 0.1327
vn 0.8256 0.5087 0.2444
vn 0.4989 0.4798 0.7217
vn 0.4988 0.4798 0.7218
vn 0.8555 0.5175 -0.0189
vn 0.8930 0.3335 -0.3023
vn 0.8866 0.3776 -0.2673
vn 0.8242 0.5615 0.0734
vn 0.5764 -0.3383 -0.7439
vn 0.5764 -0.3384 -0.7438
vn 0.5763 -0.3385 -0.7438
vn -0.4925 0.8454 -0.2070
vn -0.1214 0.9133 0.3889
vn -0.6059 0.7535 -0.2550
vn -0.3612 0.8963 0.2573
vn -0.1245 0.6916 0.7115
vn -0.4175 0.8080 0.4158
vn -0.3405 0.6569 0.6727
vn -0.9422 -0.2224 -0.2506
vn -0.7856 -0.1808 -0.5918
vn -0.7864 -0.5765 -0.2221
vn -0.9448 -0.3050 -0.1199
vn -0.9424 -0.0815 -0.3244
vn -0.7495 0.0076 -0.6619
vn -0.9982 -0.0247 -0.0542
vn -0.3776 0.2354 0.8955
vn -0.5057 -0.2965 0.8102
vn -0.1208 0.3649 0.9232
vn -0.6288 -0.2908 0.7211
vn -0.4286 0.3974 0.8114
vn 0.8638 -0.2169 -0.4547
vn 0.9231 0.3680 -0.1116
vn 0.7631 -0.2384 -0.6007
vn 0.9034 0.2525 -0.3466
vn 0.7088 0.6976 -0.1051
vn 0.8207 0.4152 -0.3924
vn 0.6747 0.6692 -0.3115
vn -0.2108 -0.2030 -0.9562
vn -0.1835 -0.5672 -0.8029
vn -0.5796 -0.1748 -0.7959
vn -0.2991 -0.0686 -0.9518
vn -0.0710 -0.2915 -0.9539
vn -0.0018 -0.6465 -0.7629
vn -0.0062 -0.0052 -1.0000
vn 0.3803 0.9193 -0.1013
vn -0.2480 0.8509 -0.4632
vn 0.2617 0.9051 -0.3352
vn -0.2486 0.7695 -0.5883
vn 0.4264 0.8175 -0.3872
vn 0.1268 0.9029 0.4107
vn 0.3876 0.9100 0.1470
vn 0.1073 0.6855 0.7202
vn 0.3599 0.8493 0.3862
vn 0.7013 0.7014 0.1272
vn 0.5711 0.5654 0.5951
vn 0.6656 0.6603 0.3478
vn 0.3798 0.1025 0.9194
vn 0.1218 0.3650 0.9230
vn 0.6948 0.0908 0.7134
vn 0.3549 0.3432 0.8697
vn 0.3210 0.6525 0.6864
vn 0.9127 0.3855 0.1353
vn 0.9103 0.1173 0.3971
vn 0.8549 0.3567 0.3767
vn 0.6618 0.3127 0.6814
vn 0.1722 -0.3928 0.9034
vn 0.3633 -0.1443 0.9204
vn -0.1377 -0.6776 0.7224
vn -0.1175 -0.4800 0.8693
vn 0.6793 -0.1090 0.7257
vn 0.0811 -0.4841 0.8712
vn 0.3563 -0.2502 0.9002
vn -0.3296 -0.8779 -0.3473
vn -0.5837 -0.7746 -0.2435
vn -0.1673 -0.7803 -0.6026
vn -0.0733 -0.8858 -0.4583
vn -0.4533 -0.8792 -0.1470
vn -0.6593 -0.7476 -0.0798
vn 0.2540 -0.9346 0.2490
vn 0.2502 -0.9347 0.2524
vn 0.4469 -0.8936 0.0428
vn 0.9102 -0.1308 0.3930
vn 0.8822 -0.4222 -0.2084
vn 0.9171 -0.3446 0.2002
vn 0.7824 -0.5676 -0.2564
vn 0.8886 -0.2377 0.3922
vn 0.8928 -0.4382 0.1043
vn -0.9856 0.1679 0.0209
vn -0.9050 0.4232 0.0421
vn -0.8862 0.4623 0.0312
vn -0.5535 0.6018 0.5757
vn -0.3798 0.6851 0.6216
vn -0.7134 0.5056 0.4852
vn -0.7362 0.6742 0.0586
vn -0.6746 0.7364 0.0512
vn -0.4412 0.7432 0.5029
vn -0.5208 0.7753 0.3572
vn 0.6484 0.3040 0.6980
vn 0.5246 0.0582 0.8494
vn 0.5539 0.5190 0.6510
vn 0.2997 0.7670 0.5674
vn 0.3901 0.8196 0.4196
vn 0.1759 0.4915 0.8529
vn 0.8468 0.5216 0.1042
vn 0.8468 0.5215 0.1042
vn -0.3176 0.9441 0.0887
vn 0.1883 0.9355 0.2990
vn -0.4375 0.8929 0.1065
vn 0.2715 0.7909 0.5484
vn 0.4071 0.7196 0.5625
vn -0.9174 0.3883 -0.0869
vn -0.9200 0.1139 -0.3749
vn -0.6994 0.7109 -0.0738
vn -0.8468 0.3886 -0.3633
vn -0.7035 0.1139 -0.7015
vn -0.6560 0.6748 -0.3381
vn -0.6585 0.3760 -0.6519
vn -0.0897 0.9299 -0.3567
vn -0.3717 0.9254 -0.0746
vn -0.0861 0.7215 -0.6871
vn -0.3676 0.8603 -0.3533
vn -0.3496 0.6791 -0.6454
vn -0.3773 0.1220 -0.9180
vn -0.0941 0.4012 -0.9111
vn -0.3704 0.3964 -0.8400
vn 0.2040 0.5285 -0.8241
vn 0.2846 0.2905 -0.9136
vn 0.0803 0.4812 -0.8729
vn 0.1103 0.6612 -0.7420
vn 0.4738 0.5343 -0.7001
vn 0.3352 0.7435 -0.5786
vn 0.3352 0.7435 -0.5787
vn 0.2848 0.9364 0.2052
vn 0.0743 0.9504 -0.3019
vn 0.5542 0.7168 0.4231
vn 0.5371 0.7934 0.2863
vn 0.0907 0.9010 -0.4242
vn 0.0383 0.7517 -0.6584
vn 0.6887 0.5819 0.4326
vn 0.6756 0.5207 0.5220
vn 0.7694 0.3473 0.5361
vn 0.8402 0.5099 0.1849
vn 0.5848 0.7561 0.2938
vn -0.9231 -0.3745 0.0874
vn -0.9215 -0.0998 0.3754
vn -0.7095 -0.7008 0.0747
vn -0.8521 -0.3767 0.3635
vn -0.7053 -0.1042 0.7012
vn -0.6670 -0.6634 0.3391
vn -0.6641 -0.3659 0.6520
vn -0.1047 -0.9284 0.3564
vn -0.3857 -0.9196 0.0749
vn -0.0974 -0.7200 0.6871
vn -0.3801 -0.8549 0.3530
vn -0.3598 -0.6742 0.6449
vn -0.3792 -0.1169 0.9179
vn -0.1003 -0.4001 0.9109
vn -0.3762 -0.3910 0.8400
vn -0.8355 0.1941 0.5140
vn -0.9139 0.1655 0.3706
vn -0.8844 0.0739 0.4609
vn -0.7580 0.0940 0.6454
vn -0.7083 0.4658 0.5304
vn -0.5839 0.3339 0.7400
vn -0.5838 0.3342 0.7399
vn -0.5838 0.3340 0.7400
vn 0.1810 0.2508 0.9510
vn -0.3254 0.0470 0.9444
vn 0.4086 0.5265 0.7455
vn 0.2690 0.5079 0.8184
vn -0.4451 0.0667 0.8930
vn -0.6723 0.0228 0.7399
vn 0.4212 0.6672 0.6144
vn 0.5134 0.6571 0.5520
vn 0.4562 0.8408 0.2914
vn 0.1765 0.8232 0.5396
vn 0.2785 0.5595 0.7806
vn 0.0963 -0.9861 0.1354
vn 0.2758 -0.8024 0.5293
vn 0.0740 -0.9127 0.4018
vn 0.8537 -0.4917 0.1718
vn 0.5516 -0.6666 0.5013
vn 0.2504 -0.5195 0.8169
vn 0.0626 -0.6579 0.7505
vn 0.5442 -0.2503 0.8008
vn 0.7579 0.3385 0.5577
vn 0.8254 0.5138 0.2339
vn 0.6979 0.5664 0.4383
vn 0.5323 0.1489 0.8334
vn 0.7637 0.2331 0.6020
vn 0.0854 -0.3407 0.9363
vn 0.2875 0.1384 0.9477
vn 0.2522 -0.1289 0.9591
vn 0.5015 0.3828 0.7759
vn 0.5438 -0.7967 0.2635
vn 0.1421 -0.9803 0.1370
vn 0.4185 -0.9063 0.0591
vn 0.8269 -0.5073 0.2426
vn 0.1803 -0.5033 0.8451
vn 0.5130 -0.6663 0.5412
vn 0.0951 -0.4025 0.9105
vn 0.8055 -0.2418 0.5410
vn 0.9447 0.1514 0.2910
vn 0.9428 -0.3234 0.0803
vn 0.7684 0.3884 0.5086
vn 0.9611 -0.1152 0.2510
vn 0.7627 -0.6446 0.0525
vn 0.8300 0.1569 0.5352
vn 0.5506 0.3370 0.7638
vn 0.4275 0.5629 0.7074
vn 0.2230 0.5069 0.8327
vn 0.5967 0.2310 0.7685
vn 0.0920 -0.9118 -0.4001
vn 0.3728 -0.9203 -0.1185
vn 0.0878 -0.6873 -0.7210
vn 0.3689 -0.8419 -0.3938
vn 0.7005 -0.7054 -0.1084
vn 0.3507 -0.6467 -0.6774
vn 0.6575 -0.6562 -0.3703
vn 0.3774 -0.0777 -0.9228
vn 0.0952 -0.3570 -0.9293
vn 0.7034 -0.0801 -0.7062
vn 0.3704 -0.3551 -0.8583
vn 0.6586 -0.3426 -0.6700
vn 0.9182 -0.3815 -0.1064
vn 0.9199 -0.0944 -0.3805
vn 0.8475 -0.3691 -0.3814
vn 0.0030 0.1343 -0.9909
vn 0.1674 0.3325 -0.9281
vn 0.3401 0.1275 -0.9317
vn -0.2434 0.5247 -0.8157
vn -0.2152 0.4073 -0.8876
vn 0.6849 0.1028 -0.7213
vn 0.1344 0.4489 -0.8834
vn 0.3504 0.3103 -0.8837
vn -0.1168 0.9766 0.1807
vn -0.5488 0.8255 0.1321
vn -0.0546 0.8032 0.5932
vn 0.0749 0.9661 0.2473
vn -0.3761 0.9266 -0.0048
vn -0.6320 0.7657 -0.1196
vn 0.1105 0.9921 -0.0600
vn 0.1656 0.9862 -0.0054
vn 0.9170 0.1141 -0.3821
vn 0.9152 0.3656 0.1698
vn 0.9311 0.3036 -0.2023
vn 0.8479 0.4852 0.2135
vn 0.8732 0.2997 -0.3842
vn 0.8892 0.4257 -0.1678
vn -0.4106 -0.1156 0.9045
vn -0.7144 -0.1878 0.6741
vn -0.4013 -0.1659 0.9008
vn -0.5948 -0.0613 0.8016
vn -0.9073 -0.1626 0.3876
vn -0.7072 -0.2380 0.6658
vn -0.8778 -0.2630 0.4004
vn -0.9372 -0.1892 -0.2929
vn -0.9638 -0.0520 0.2615
vn -0.9992 -0.0405 0.0057
vn -0.9152 -0.2394 -0.3241
vn -0.9875 -0.1569 0.0120
vn -0.8402 -0.0438 0.5405
vn -0.9763 -0.2161 0.0082
vn -0.4541 -0.5649 -0.6890
vn -0.1721 -0.4642 -0.8688
vn -0.5287 -0.8483 0.0309
vn -0.4610 -0.7072 -0.5361
vn -0.4867 -0.4679 -0.7377
vn -0.3273 -0.3942 -0.8588
vn -0.7332 -0.5401 -0.4131
vn -0.7352 0.6605 -0.1520
vn -0.6166 0.7866 -0.0334
vn -0.4341 0.8916 -0.1292
vn -0.7295 0.6537 -0.2015
vn -0.9168 0.3752 -0.1366
vn -0.8494 0.5273 -0.0220
vn -0.8896 0.3935 -0.2318
vn 0.0912 -0.8454 -0.5262
vn -0.4516 -0.6942 -0.5605
vn -0.1983 -0.7822 -0.5907
vn -0.1608 -0.8660 -0.4734
vn -0.4768 -0.7451 -0.4663
vn -0.5798 0.0427 -0.8136
vn -0.4680 -0.5515 -0.6906
vn -0.5848 0.2347 -0.7765
vn -0.7414 -0.4206 -0.5229
vn -0.9670 0.2519 -0.0377
vn -0.9365 -0.2974 -0.1860
vn -0.9994 -0.0005 -0.0339
vn -0.9893 0.0054 -0.1458
vn -0.9158 -0.3269 -0.2332
vn -0.9798 0.0025 -0.2000
vn 0.5040 -0.0882 0.8592
vn 0.2343 0.0127 0.9721
vn -0.0545 -0.1668 0.9845
vn 0.4174 -0.1599 0.8946
vn 0.5138 -0.0077 0.8579
vn 0.7308 -0.0005 0.6826
vn 0.8386 -0.1879 0.5114
vn 0.7501 -0.3557 -0.5575
vn 0.4867 -0.5297 -0.6946
vn 0.6300 -0.3406 -0.6979
vn 0.9197 -0.2404 -0.3104
vn 0.7383 -0.3993 -0.5435
vn 0.9094 -0.3015 -0.2864
vn 0.9504 -0.0320 0.3094
vn 0.9643 -0.1426 -0.2230
vn 0.9922 -0.1204 0.0336
vn 0.8516 -0.2366 -0.4678
vn 0.9883 -0.1469 0.0417
vn 0.4880 0.8703 -0.0667
vn -0.1169 0.9930 -0.0134
vn 0.2106 0.9770 0.0325
vn 0.4961 0.8682 0.0105
vn 0.5143 0.8475 -0.1310
vn 0.8348 0.5194 -0.1825
vn 0.9655 -0.2139 -0.1489
vn 0.9471 0.3196 -0.0286
vn 0.9991 0.0110 -0.0420
vn 0.8547 -0.4574 -0.2456
vn 0.9915 0.0438 -0.1222
vn 0.7186 0.6953 0.0120
vn 0.9213 -0.3004 -0.2468
vn 0.9877 0.0484 -0.1489
vn 0.7495 -0.5422 -0.3798
vn 0.6383 -0.6852 -0.3507
vn 0.5179 -0.4895 -0.7015
vn 0.4792 -0.6992 -0.5305
vn 0.9085 -0.2830 -0.3074
vn -0.0960 0.9479 -0.3036
vn -0.1547 0.7484 -0.6450
vn -0.5100 0.6206 -0.5956
vn -0.0369 0.8626 -0.5046
vn -0.1227 0.4750 -0.8714
vn -0.3252 0.6824 -0.6547
vn -0.7837 0.2870 -0.5508
vn -0.2263 0.4815 -0.8467
vn -0.1479 -0.2167 -0.9650
vn -0.0111 0.3469 -0.9378
vn 0.0028 0.0845 -0.9964
vn -0.1980 -0.2499 -0.9478
vn -0.1145 0.0978 -0.9886
vn -0.0085 0.6233 -0.7820
vn -0.1736 0.0921 -0.9805
vn -0.5343 -0.6385 -0.5539
vn -0.4506 -0.8436 -0.2921
vn -0.5579 -0.8299 0.0040
vn -0.5976 -0.6077 -0.5231
vn -0.4374 -0.6838 -0.5841
vn -0.3743 -0.8186 -0.4356
vn -0.4966 -0.3443 -0.7968
vn 0.0991 0.9226 0.3728
vn 0.0389 0.9992 0.0118
vn 0.1832 0.8892 0.4193
vn 0.1067 0.9832 0.1484
vn 0.0436 0.8805 -0.4720
vn 0.2116 0.9570 0.1985
vn 0.2178 0.9758 0.0188
vn 0.4090 0.9001 0.1504
vn 0.2869 0.8465 0.4484
vn 0.4073 0.9133 -0.0053
vn 0.3093 0.9186 0.2460
vn 0.2446 0.9687 0.0426
vn 0.1597 0.5504 -0.8195
vn 0.1955 0.4601 -0.8661
vn 0.0927 0.4617 -0.8822
vn 0.0710 0.6980 -0.7126
vn 0.2859 0.6947 -0.6600
vn 0.3374 0.6308 -0.6988
vn 0.1464 0.9754 -0.1649
vn 0.7221 -0.1094 -0.6831
vn 0.8399 -0.0078 -0.5427
vn 0.7936 -0.1406 -0.5920
vn 0.7128 -0.1609 -0.6826
vn 0.4574 -0.0630 -0.8870
vn 0.6044 0.0374 -0.7958
vn 0.4669 -0.1597 -0.8698
vn -0.8699 -0.4918 -0.0388
vn -0.6675 -0.4822 -0.5674
vn -0.7849 -0.5278 -0.3245
vn -0.8640 -0.4152 -0.2848
vn -0.7136 -0.3829 -0.5867
vn 0.0674 -0.7498 -0.6582
vn -0.5283 -0.6148 -0.5856
vn 0.2601 -0.7204 -0.6429
vn -0.3603 -0.4309 -0.8273
vn 0.3423 0.0454 -0.9385
vn -0.2139 -0.0808 -0.9735
vn 0.0941 0.0635 -0.9935
vn 0.0945 -0.0486 -0.9943
vn -0.2457 -0.1280 -0.9609
vn 0.0923 -0.1034 -0.9903
vn -0.1373 0.7916 0.5955
vn -0.0174 0.9366 0.3499
vn -0.1990 0.9786 0.0526
vn -0.2050 0.8030 0.5596
vn -0.0517 0.7877 0.6139
vn -0.0426 0.6088 0.7922
vn -0.2447 0.4249 0.8715
vn -0.4042 -0.6299 0.6632
vn -0.5653 -0.7375 0.3695
vn -0.3789 -0.7604 0.5275
vn -0.2927 -0.3935 0.8715
vn -0.4512 -0.6156 0.6461
vn -0.3578 -0.3675 0.8584
vn -0.0777 0.2334 0.9693
vn -0.1892 -0.2993 0.9352
vn -0.1707 -0.0495 0.9841
vn -0.2835 -0.5460 0.7883
vn -0.1987 -0.0390 0.9793
vn 0.8174 -0.1750 0.5489
vn 0.8293 -0.3673 0.4211
vn 0.9530 -0.0314 0.3012
vn 0.8191 -0.0754 0.5687
vn 0.9802 -0.1915 0.0496
vn 0.4336 -0.2867 0.8543
vn 0.5500 -0.2008 0.8106
vn -0.3103 -0.2326 0.9217
vn 0.2254 -0.1347 0.9649
vn -0.0858 -0.1397 0.9865
vn -0.5458 -0.3072 0.7796
vn -0.0583 -0.2201 0.9737
vn 0.6226 -0.0891 0.7775
vn -0.3958 -0.3217 0.8601
vn -0.0540 -0.2469 0.9675
vn -0.6280 -0.4062 0.6638
vn -0.7548 -0.3802 0.5345
vn -0.8136 -0.4548 0.3622
vn -0.5889 -0.4329 0.6825
vn -0.3764 -0.3807 0.8446
vn 0.3021 0.8232 0.4808
vn 0.2063 0.8605 0.4659
vn 0.2065 0.8798 0.4281
vn 0.0999 0.9071 0.4088
vn 0.3120 -0.9104 0.2717
vn 0.2938 -0.9108 0.2900
vn 0.4655 -0.7801 0.4180
vn 0.4388 -0.7814 0.4438
vn 0.6688 -0.2716 0.6921
vn 0.7330 -0.0171 0.6800
vn 0.6923 -0.0164 0.7214
vn 0.3280 -0.9098 0.2542
vn 0.4883 -0.7799 0.3916
vn 0.7073 -0.2763 0.6507
vn 0.7691 -0.0201 0.6388
vn -0.2932 -0.9003 -0.3217
vn -0.2748 -0.8997 -0.3391
vn -0.4386 -0.7660 -0.4700
vn -0.6151 -0.2998 -0.7293
vn -0.6909 -0.0528 -0.7210
vn -0.6578 -0.2995 -0.6911
vn -0.2540 -0.8992 -0.3562
vn -0.4080 -0.7674 -0.4946
vn -0.5669 -0.2986 -0.7678
vn -0.6454 -0.0525 -0.7620
vn 0.2556 -0.9105 0.3250
vn 0.2740 -0.9112 0.3077
vn 0.3827 -0.7809 0.4938
vn 0.6254 -0.2706 0.7319
vn 0.6023 -0.0172 0.7981
vn 0.5808 -0.2725 0.7671
vn 0.4096 -0.7825 0.4689
vn 0.6478 -0.0172 0.7616
vn -0.3115 -0.9000 -0.3050
vn -0.3286 -0.8990 -0.2895
vn -0.4654 -0.7657 -0.4439
vn -0.4899 -0.7645 -0.4190
vn -0.7308 -0.3032 -0.6116
vn -0.7329 -0.0554 -0.6781
vn -0.7690 -0.0561 -0.6367
vn -0.6974 -0.3002 -0.6508
vn -0.3428 -0.8994 -0.2712
vn -0.3592 -0.8987 -0.2517
vn -0.5115 -0.7660 -0.3894
vn -0.5378 -0.7622 -0.3603
vn -0.7965 -0.3022 -0.5237
vn -0.8032 -0.0574 -0.5930
vn -0.8381 -0.0608 -0.5422
vn -0.7639 -0.3002 -0.5712
vn 0.3439 -0.9090 0.2355
vn 0.5109 -0.7787 0.3643
vn 0.7434 -0.2730 0.6106
vn 0.8038 -0.0168 0.5946
vn 0.3610 -0.9073 0.2158
vn 0.5346 -0.7758 0.3352
vn 0.7775 -0.2699 0.5681
vn 0.8374 -0.0206 0.5461
vn 0.3785 -0.9048 0.1952
vn 0.5588 -0.7711 0.3052
vn 0.8094 -0.2740 0.5194
vn 0.8685 -0.0204 0.4952
vn 0.3954 -0.9016 0.1755
vn 0.5784 -0.7670 0.2777
vn 0.8411 -0.2666 0.4707
vn 0.8942 -0.0177 0.4473
vn -0.3762 -0.8977 -0.2293
vn -0.3917 -0.8952 -0.2124
vn -0.5625 -0.7606 -0.3243
vn -0.5844 -0.7544 -0.2989
vn -0.8540 -0.2940 -0.4293
vn -0.8723 -0.0607 -0.4852
vn -0.8961 -0.0607 -0.4398
vn -0.8294 -0.3006 -0.4709
vn 0.4436 -0.8923 0.0837
vn 0.3722 -0.9276 -0.0304
vn 0.8196 -0.5487 0.1649
vn 0.7049 -0.7086 -0.0325
vn 0.9792 -0.0742 0.1888
vn 0.9288 -0.3696 -0.0287
vn 0.1781 -0.9821 0.0610
vn 0.6033 -0.7537 0.2608
vn 0.8697 -0.2558 0.4221
vn 0.9110 -0.0135 0.4121
vn 0.6155 -0.7456 0.2556
vn 0.8880 -0.2454 0.3890
vn -0.4032 -0.8916 -0.2061
vn -0.5971 -0.7481 -0.2894
vn -0.9060 -0.0576 -0.4194
vn -0.8652 -0.2906 -0.4087
vn -0.2266 -0.8987 -0.3754
vn -0.3769 -0.7650 -0.5222
vn -0.5048 -0.2954 -0.8111
vn -0.5940 -0.0525 -0.8027
vn -0.2049 -0.8935 -0.3996
vn -0.3338 -0.7624 -0.5544
vn -0.4465 -0.2872 -0.8474
vn -0.5258 -0.0518 -0.8490
vn 0.2182 -0.9073 0.3594
vn 0.2356 -0.9105 0.3399
vn 0.3306 -0.7739 0.5402
vn 0.5346 -0.2706 0.8006
vn 0.5111 -0.0162 0.8594
vn 0.4894 -0.2633 0.8313
vn 0.3545 -0.7804 0.5151
vn 0.5555 -0.0188 0.8313
vn -0.0054 -0.9333 0.3591
vn -0.0037 -0.7193 0.6947
vn -0.0010 -0.3845 0.9231
vn 0.1187 -0.8998 0.4199
vn 0.2152 -0.5536 0.8045
vn 0.2390 -0.0653 0.9688
vn -0.1944 -0.8881 -0.4166
vn -0.2968 -0.7514 -0.5894
vn -0.4150 -0.2770 -0.8666
vn -0.4604 -0.0468 -0.8865
vn -0.4282 -0.0393 -0.9028
vn -0.2819 -0.7413 -0.6091
vn -0.4076 -0.2814 -0.8687
vn 0.2080 -0.9035 0.3748
vn 0.4598 -0.2480 0.8527
vn 0.3149 -0.7660 0.5604
vn 0.4790 -0.0097 0.8778
vn 0.5065 0.6721 0.5401
vn 0.5369 0.6719 0.5102
vn 0.3684 0.8398 0.3988
vn 0.3907 0.8395 0.3775
vn 0.2078 0.9500 0.2333
vn 0.2201 0.9500 0.2215
vn 0.5632 0.6729 0.4796
vn 0.4106 0.8394 0.3562
vn 0.2313 0.9501 0.2095
vn -0.4897 0.6626 -0.5667
vn -0.5251 0.6614 -0.5356
vn -0.3532 0.8447 -0.4022
vn -0.3782 0.8444 -0.3793
vn -0.1906 0.9593 -0.2084
vn -0.2042 0.9591 -0.1959
vn -0.4517 0.6615 -0.5986
vn -0.3255 0.8445 -0.4253
vn -0.1752 0.9596 -0.2201
vn 0.4732 0.6728 0.5687
vn 0.4420 0.6696 0.5969
vn 0.3449 0.8394 0.4201
vn 0.3217 0.8381 0.4406
vn 0.1947 0.9497 0.2453
vn 0.1820 0.9491 0.2572
vn -0.5870 0.6570 -0.4731
vn -0.5572 0.6606 -0.5031
vn -0.4234 0.8420 -0.3344
vn -0.4023 0.8432 -0.3567
vn -0.2291 0.9581 -0.1717
vn -0.2175 0.9586 -0.1838
vn -0.6436 0.6506 -0.4031
vn -0.6141 0.6550 -0.4403
vn -0.4668 0.8370 -0.2855
vn -0.4443 0.8399 -0.3117
vn -0.2532 0.9565 -0.1452
vn -0.2412 0.9572 -0.1598
vn 0.5913 0.6694 0.4498
vn 0.4309 0.8381 0.3344
vn 0.2429 0.9497 0.1975
vn 0.6187 0.6664 0.4161
vn 0.4518 0.8364 0.3104
vn 0.2551 0.9492 0.1844
vn 0.6458 0.6618 0.3808
vn 0.4730 0.8335 0.2855
vn 0.2678 0.9482 0.1708
vn 0.6705 0.6555 0.3475
vn 0.4930 0.8297 0.2618
vn 0.2810 0.9466 0.1583
vn -0.6990 0.6345 -0.3299
vn -0.6746 0.6433 -0.3621
vn -0.5118 0.8265 -0.2346
vn -0.4909 0.8326 -0.2565
vn -0.2800 0.9527 -0.1186
vn -0.2668 0.9550 -0.1299
vn 0.9112 0.4085 0.0538
vn 0.7583 0.6259 0.1821
vn 0.6895 0.7225 0.0507
vn 0.5614 0.8149 0.1445
vn 0.3738 0.9266 0.0402
vn 0.3227 0.9416 0.0960
vn 0.6892 0.6480 0.3243
vn 0.5123 0.8224 0.2476
vn 0.2932 0.9441 0.1509
vn -0.7108 0.6287 -0.3154
vn -0.5235 0.8217 -0.2251
vn -0.2892 0.9504 -0.1143
vn -0.4012 0.6589 -0.6363
vn -0.2899 0.8428 -0.4536
vn -0.1564 0.9589 -0.2368
vn -0.3546 0.6504 -0.6717
vn -0.2581 0.8368 -0.4829
vn -0.1402 0.9570 -0.2541
vn 0.4083 0.6676 0.6225
vn 0.3776 0.6635 0.6459
vn 0.2988 0.8356 0.4610
vn 0.2766 0.8330 0.4792
vn 0.1690 0.9483 0.2685
vn 0.1573 0.9468 0.2807
vn 0.0625 0.3965 0.9159
vn 0.0500 0.7107 0.7017
vn 0.0303 0.9198 0.3912
vn 0.2024 0.6341 0.7463
vn 0.1522 0.8166 0.5568
vn 0.0912 0.9398 0.3294
vn -0.3319 0.6425 -0.6907
vn -0.2434 0.8305 -0.5011
vn -0.1331 0.9545 -0.2670
vn 0.3574 0.6554 0.6654
vn 0.2634 0.8272 0.4963
vn 0.1503 0.9449 0.2907
vn -0.8124 0.3739 -0.4474
vn -0.4852 0.3857 -0.7847
vn -0.9460 0.1740 0.2736
vn -0.9461 0.1742 0.2731
vn -0.0600 -0.2867 0.9562
vn -0.7957 0.3736 -0.4767
vn 0.2587 0.2288 -0.9385
vn 0.2588 0.2288 -0.9384
vn 0.9690 -0.2317 -0.0855
vn -0.4491 0.3877 -0.8050
vn 0.3858 0.9223 0.0203
vn 0.7099 0.7042 0.0152
vn 0.9249 0.3800 0.0078
vn 0.3678 -0.0234 0.9296
vn 0.9177 -0.0107 0.3971
vn 0.6900 -0.0175 0.7236
vn -0.2384 -0.6729 -0.7002
vn 0.0451 -0.7373 -0.6740
vn 0.8743 -0.3359 -0.3503
vn -0.0166 -0.6933 -0.7204
vn -0.0002 0.3610 0.9326
vn 0.0018 0.6916 0.7223
vn 0.0036 0.9145 0.4045
vn -0.6840 -0.2403 -0.6887
vn -0.6590 -0.0020 -0.7521
vn -0.2884 0.9180 -0.2722
vn -0.7063 -0.0287 -0.7074
vn -0.6767 -0.6748 -0.2945
vn -0.7535 -0.6558 -0.0468
vn -0.3184 -0.3379 0.8857
vn -0.7045 -0.7013 -0.1089
vn -0.6081 -0.6182 0.4979
vn -0.9184 0.3955 0.0094
vn -0.6944 0.7194 0.0159
vn -0.5758 0.8174 0.0178
vn -0.3597 0.9329 0.0199
vn 0.0078 0.9899 0.1417
vn 0.0994 0.9949 -0.0187
vn 0.0049 0.9483 -0.3174
vn 0.0046 0.8736 -0.4866
vn 0.0192 0.7440 -0.6679
vn 0.0032 0.5540 -0.8325
vn 0.0026 0.4266 -0.9044
vn 0.3273 0.8843 0.3329
vn 0.4383 0.7774 0.4512
vn 0.5201 0.6696 0.5303
vn 0.5410 0.6353 0.5512
vn 0.6562 0.3629 0.6616
vn 0.4499 0.6910 0.5658
vn 0.6291 0.4470 0.6360
vn 0.7760 -0.0124 0.6306
vn -0.9172 -0.0031 0.3984
vn -0.6994 -0.0122 0.7146
vn -0.3558 -0.0199 0.9343
vn -0.8700 -0.0056 0.4930
vn -0.2184 -0.0219 0.9756
vn -0.0082 -0.9262 0.3770
vn -0.0082 -0.8809 0.4732
vn -0.0076 -0.7070 0.7072
vn -0.0066 -0.4777 0.8785
vn -0.0060 -0.3912 0.9203
vn 0.1020 -0.1028 0.9895
vn 0.3128 0.2911 0.9041
vn 0.4761 0.5300 0.7017
vn 0.5459 0.5268 0.6515
vn 0.6808 0.6599 0.3179
vn 0.2040 0.1825 0.9618
vn 0.4692 0.4483 0.7609
vn 0.6507 0.6351 0.4162
vn 0.6333 0.7695 0.0832
vn 0.9921 0.0141 0.1248
vn 0.9313 -0.3642 -0.0087
vn 0.8369 -0.5473 -0.0131
vn 0.7267 -0.6867 -0.0163
vn 0.6589 -0.7520 -0.0178
vn 0.3999 -0.9163 -0.0218
vn 0.9218 0.0092 -0.3876
vn 0.6971 0.0179 -0.7168
vn 0.3586 0.0237 -0.9332
vn 0.9858 0.0729 -0.1515
vn 0.8726 0.0117 -0.4884
vn 0.5603 0.0208 -0.8281
vn 0.8695 0.3455 0.3530
vn 0.6528 0.5306 0.5407
vn 0.6729 0.5181 0.5281
vn 0.4858 0.6118 0.6242
vn 0.4488 0.6283 0.6355
vn -0.1730 0.6912 0.7017
vn -0.5639 0.5788 0.5891
vn 0.7962 0.4242 0.4314
vn 0.6609 0.5277 0.5337
vn 0.2357 0.6816 0.6927
vn -0.3789 0.9252 0.0226
vn -0.7001 0.7138 0.0180
vn -0.9190 0.3942 0.0106
vn 0.0035 0.4047 -0.9145
vn 0.0058 0.7235 -0.6903
vn 0.0072 0.9326 -0.3609
vn 0.6541 0.3699 0.6598
vn 0.4996 0.6908 0.5227
vn 0.2816 0.9126 0.2965
vn -0.3837 -0.0194 0.9233
vn -0.7052 -0.0120 0.7089
vn -0.9223 -0.0028 0.3865
vn -0.0034 -0.4048 0.9144
vn -0.0057 -0.7238 0.6900
vn -0.0071 -0.9327 0.3606
vn 0.6553 0.6392 0.4026
vn 0.5011 0.4795 0.7204
vn 0.2730 0.2488 0.9293
vn 0.3769 -0.9260 -0.0221
vn 0.7022 -0.7118 -0.0169
vn 0.9211 -0.3893 -0.0092
vn 0.3567 0.0203 -0.9340
vn 0.9216 0.0040 -0.3881
vn 0.6953 0.0132 -0.7186
vn 0.1054 0.6873 0.7186
vn 0.1963 0.7287 0.6560
vn 0.5812 0.5611 0.5893
vn 0.9069 0.2884 0.3072
vn -0.9239 0.0160 -0.3823
vn -0.7072 0.0222 -0.7067
vn -0.7070 0.0222 -0.7069
vn -0.3821 0.0249 -0.9238
vn 0.8133 -0.0212 0.5814
vn 0.9259 -0.0071 -0.3777
vn 0.9824 -0.0237 0.1855
vn 0.9792 -0.0236 0.2013
vn 0.5494 0.0054 -0.8355
vn 0.1686 0.0225 -0.9854
vn 0.9242 0.0125 -0.3818
vn 0.9240 -0.0069 -0.3822
vn -0.9856 0.1688 0.0033
vn -0.9214 0.3887 0.0013
vn -0.3745 0.9267 0.0314
vn -0.3798 0.9250 0.0141
vn -0.3757 0.9266 0.0142
vn 0.5858 0.8102 0.0194
vn 0.3884 0.9214 0.0147
vn -0.8211 0.5708 0.0032
vn 0.2080 0.9780 0.0140
vn 0.1532 -0.9879 -0.0243
vn 0.1527 -0.9804 0.1244
vn 0.9211 -0.3893 -0.0090
vn 0.9176 -0.3876 0.0883
vn 0.8136 0.5812 0.0148
vn 0.1544 -0.9877 -0.0243
vn 0.9216 -0.3881 -0.0090
vn 0.9213 -0.3886 -0.0090
vn -0.0022 -0.3598 -0.9330
vn -0.0041 -0.6886 -0.7251
vn -0.0040 -0.6897 -0.7241
vn -0.0053 -0.9145 -0.4045
vn -0.0057 -0.9926 -0.1213
vn 0.0028 0.5716 0.8205
vn -0.0023 -0.4004 0.9163
vn -0.0023 -0.4003 0.9164
vn -0.0023 -0.3976 0.9176
vn -0.0057 -0.9905 0.1373
vn -0.9868 0.0043 0.1617
vn -0.9894 0.1429 0.0254
vn -0.3865 -0.0338 0.9217
vn -0.8254 -0.0184 0.5643
vn -0.8346 -0.0174 0.5506
vn 0.2018 -0.0368 0.9787
vn 0.5826 -0.0252 0.8124
vn -0.3819 -0.0196 0.9240
vn -0.3818 -0.0340 0.9236
vn -0.3893 -0.9208 -0.0222
vn -0.7118 -0.7022 -0.0172
vn -0.7125 -0.7014 -0.0172
vn -0.9271 -0.3747 -0.0095
vn -0.6146 0.6549 0.4397
vn -0.6937 0.7156 -0.0817
vn -0.6937 0.7160 -0.0776
vn -0.6937 0.7156 -0.0816
vn -0.5035 0.4940 -0.7088
vn -0.5051 0.4958 -0.7064
vn -0.1886 0.1575 -0.9693
vn -0.6126 0.6524 0.4462
vn -0.6937 0.7161 -0.0775
vn -0.5046 0.4952 -0.7072
vn -0.1869 0.1557 -0.9700
vn -0.8972 0.2970 0.3269
vn -0.8972 0.3153 0.3093
vn -0.7612 0.4383 0.4781
vn -0.7607 0.4653 0.4526
vn -0.2408 0.6981 0.6743
vn 0.0149 0.6782 0.7348
vn 0.0160 0.7202 0.6936
vn -0.8963 0.2807 0.3433
vn -0.7587 0.4154 0.5018
vn -0.2410 0.6571 0.7142
vn 0.0139 0.6361 0.7715
vn -0.9136 -0.2956 -0.2791
vn -0.9136 -0.3122 -0.2605
vn -0.7868 -0.4467 -0.4260
vn -0.3295 -0.7194 -0.6115
vn -0.0853 -0.7174 -0.6914
vn -0.3294 -0.6813 -0.6537
vn -0.9134 -0.3289 -0.2399
vn -0.7874 -0.4722 -0.3963
vn -0.3306 -0.7566 -0.5641
vn -0.0856 -0.7592 -0.6452
vn -0.8956 0.3526 0.2712
vn -0.8972 0.3322 0.2911
vn -0.7591 0.5158 0.3971
vn -0.2417 0.7354 0.6331
vn 0.0152 0.7968 0.6041
vn -0.2403 0.7732 0.5869
vn -0.7608 0.4908 0.4247
vn 0.0150 0.7599 0.6498
vn -0.9135 -0.2779 -0.2971
vn -0.9132 -0.2613 -0.3128
vn -0.7879 -0.4185 -0.4518
vn -0.7865 -0.3930 -0.4765
vn -0.3299 -0.6012 -0.7278
vn -0.0866 -0.6745 -0.7332
vn -0.0873 -0.6329 -0.7693
vn -0.3304 -0.6397 -0.6940
vn -0.9129 -0.2436 -0.3276
vn -0.9121 -0.2236 -0.3436
vn -0.7855 -0.3661 -0.4990
vn -0.7830 -0.3361 -0.5234
vn -0.3310 -0.5104 -0.7937
vn -0.0886 -0.5889 -0.8033
vn -0.0904 -0.5378 -0.8382
vn -0.3309 -0.5599 -0.7596
vn -0.8955 0.2620 0.3598
vn -0.7580 0.3869 0.5250
vn -0.2433 0.6147 0.7503
vn 0.0123 0.5928 0.8052
vn -0.8945 0.2411 0.3764
vn -0.7569 0.3552 0.5486
vn -0.2415 0.5742 0.7823
vn 0.0107 0.5444 0.8388
vn -0.8919 0.2209 0.3947
vn -0.7519 0.3270 0.5724
vn -0.2418 0.5260 0.8154
vn 0.0080 0.4934 0.8698
vn -0.8888 0.2012 0.4118
vn -0.7466 0.2995 0.5940
vn -0.2411 0.4756 0.8460
vn 0.0096 0.4456 0.8952
vn -0.9100 -0.2022 -0.3619
vn -0.9074 -0.1854 -0.3771
vn -0.7786 -0.3004 -0.5509
vn -0.7730 -0.2739 -0.5722
vn -0.3232 -0.4190 -0.8485
vn -0.0911 -0.4801 -0.8725
vn -0.0892 -0.4365 -0.8953
vn -0.3282 -0.4583 -0.8260
vn -0.8820 0.1091 0.4585
vn -0.9213 -0.0044 0.3887
vn -0.5295 0.1788 0.8292
vn -0.6972 -0.0136 0.7167
vn -0.0526 0.1883 0.9807
vn -0.3564 -0.0202 0.9341
vn -0.9764 0.0912 0.1955
vn -0.7350 0.2832 0.6161
vn -0.2324 0.4271 0.8738
vn 0.0151 0.4100 0.9120
vn -0.7271 0.2768 0.6282
vn -0.2168 0.3956 0.8925
vn -0.9039 -0.1793 -0.3883
vn -0.7670 -0.2670 -0.5834
vn -0.0859 -0.4141 -0.9062
vn -0.3174 -0.3964 -0.8614
vn -0.9123 -0.3503 -0.2122
vn -0.7868 -0.4973 -0.3655
vn -0.3279 -0.8007 -0.5013
vn -0.0863 -0.7993 -0.5947
vn -0.9072 -0.3751 -0.1904
vn -0.7816 -0.5343 -0.3221
vn -0.3191 -0.8376 -0.4433
vn -0.0859 -0.8458 -0.5265
vn -0.8926 0.3851 0.2344
vn -0.8961 0.3649 0.2526
vn -0.7530 0.5602 0.3451
vn -0.2396 0.8063 0.5408
vn 0.0177 0.8582 0.5131
vn -0.2304 0.8382 0.4943
vn -0.7588 0.5363 0.3695
vn 0.0155 0.8301 0.5574
vn -0.9222 0.3865 0.0111
vn -0.6987 0.7153 0.0099
vn -0.3567 0.9342 0.0074
vn -0.8853 0.4450 0.1347
vn -0.5266 0.8194 0.2262
vn -0.0344 0.9696 0.2422
vn -0.9037 -0.3884 -0.1799
vn -0.7717 -0.5689 -0.2843
vn -0.3061 -0.8585 -0.4115
vn -0.0806 -0.8835 -0.4614
vn -0.0727 -0.9002 -0.4293
vn -0.7643 -0.5854 -0.2705
vn -0.3139 -0.8587 -0.4050
vn -0.8876 0.4021 0.2246
vn -0.2153 0.8584 0.4656
vn -0.7450 0.5797 0.3300
vn 0.0236 0.8767 0.4805
vn 0.6967 0.5183 0.4959
vn 0.6963 0.4886 0.5258
vn 0.8573 0.3730 0.3549
vn 0.8570 0.3517 0.3766
vn 0.9597 0.2047 0.1925
vn 0.9595 0.1933 0.2050
vn 0.6953 0.4584 0.5535
vn 0.8562 0.3304 0.3971
vn 0.9594 0.1816 0.2157
vn 0.6377 -0.5837 -0.5026
vn 0.6375 -0.5528 -0.5367
vn 0.8269 -0.4254 -0.3679
vn 0.8265 -0.4024 -0.3936
vn 0.9494 -0.2359 -0.2072
vn 0.9494 -0.2231 -0.2209
vn 0.6366 -0.6162 -0.4638
vn 0.8260 -0.4492 -0.3404
vn 0.9491 -0.2495 -0.1921
vn 0.6963 0.5476 0.4639
vn 0.6948 0.5756 0.4313
vn 0.8568 0.3947 0.3317
vn 0.8561 0.4148 0.3082
vn 0.9596 0.2168 0.1793
vn 0.9594 0.2281 0.1660
vn 0.6344 -0.4896 -0.5982
vn 0.6363 -0.5207 -0.5692
vn 0.8242 -0.3582 -0.4386
vn 0.8260 -0.3796 -0.4167
vn 0.9484 -0.1996 -0.2463
vn 0.9492 -0.2100 -0.2342
vn 0.6274 -0.4204 -0.6555
vn 0.6309 -0.4583 -0.6260
vn 0.8205 -0.3086 -0.4813
vn 0.8224 -0.3362 -0.4588
vn 0.9474 -0.1726 -0.2696
vn 0.9480 -0.1870 -0.2575
vn 0.6921 0.4285 0.5808
vn 0.8551 0.3082 0.4169
vn 0.9591 0.1685 0.2272
vn 0.6886 0.3948 0.6083
vn 0.8523 0.2849 0.4386
vn 0.9584 0.1557 0.2392
vn 0.6830 0.3598 0.6357
vn 0.8495 0.2597 0.4592
vn 0.9573 0.1414 0.2520
vn 0.6766 0.3259 0.6603
vn 0.8442 0.2370 0.4808
vn 0.9553 0.1300 0.2655
vn 0.6128 -0.3474 -0.7098
vn 0.6203 -0.3792 -0.6866
vn 0.8107 -0.2572 -0.5260
vn 0.8162 -0.2796 -0.5056
vn 0.9440 -0.1456 -0.2961
vn 0.9461 -0.1570 -0.2832
vn 0.4274 0.0393 0.9032
vn 0.6438 0.1616 0.7479
vn 0.7356 0.0278 0.6769
vn 0.8285 0.1191 0.5472
vn 0.9333 0.0122 0.3588
vn 0.9495 0.0676 0.3066
vn 0.6685 0.3036 0.6789
vn 0.8383 0.2217 0.4980
vn 0.9530 0.1219 0.2774
vn 0.6077 -0.3307 -0.7220
vn 0.8056 -0.2479 -0.5381
vn 0.9420 -0.1409 -0.3047
vn 0.6332 -0.6542 -0.4136
vn 0.8243 -0.4771 -0.3048
vn 0.9489 -0.2639 -0.1730
vn 0.6248 -0.6893 -0.3668
vn 0.8184 -0.5054 -0.2734
vn 0.9467 -0.2814 -0.1570
vn 0.6922 0.6018 0.3984
vn 0.6869 0.6268 0.3677
vn 0.8547 0.4338 0.2853
vn 0.8505 0.4549 0.2639
vn 0.9588 0.2391 0.1534
vn 0.9573 0.2520 0.1416
vn 0.4242 0.9037 0.0577
vn 0.7319 0.6802 0.0395
vn 0.9318 0.3628 0.0156
vn 0.6587 0.7271 0.1933
vn 0.8344 0.5332 0.1393
vn 0.9506 0.3011 0.0760
vn 0.6165 -0.7082 -0.3441
vn 0.8119 -0.5236 -0.2584
vn 0.9439 -0.2943 -0.1496
vn 0.6817 0.6441 0.3471
vn 0.8456 0.4713 0.2505
vn 0.9549 0.2644 0.1351
vn 0.3468 -0.4554 -0.8199
vn 0.3551 -0.7931 -0.4948
vn 0.1675 0.2704 -0.9481
vn 0.1679 0.2708 -0.9479
vn -0.2599 0.9642 -0.0519
vn 0.3452 -0.4803 -0.8063
vn 0.1963 -0.9469 0.2545
vn -0.1776 -0.2341 0.9559
vn 0.3579 -0.6006 -0.7150
vn 0.3936 0.4004 -0.8275
vn 0.4105 0.3813 -0.8283
vn 0.5272 0.5317 -0.6628
vn 0.5507 0.5031 -0.6660
vn 0.7410 0.6630 -0.1062
vn 0.6991 0.6987 0.1520
vn 0.7390 0.6564 0.1517
vn 0.3762 0.4170 -0.8274
vn 0.5011 0.5554 -0.6636
vn 0.7020 0.7042 -0.1066
vn 0.6593 0.7367 0.1502
vn -0.2159 -0.1751 -0.9606
vn -0.2321 -0.1556 -0.9602
vn -0.3837 -0.3264 -0.8638
vn -0.7051 -0.5431 -0.4559
vn -0.7296 -0.6469 -0.2215
vn -0.6684 -0.5877 -0.4559
vn -0.2480 -0.1339 -0.9595
vn -0.4083 -0.2967 -0.8633
vn -0.7422 -0.4944 -0.4524
vn -0.7692 -0.5998 -0.2203
vn 0.4445 0.3420 -0.8279
vn 0.4283 0.3619 -0.8280
vn 0.5995 0.4459 -0.6646
vn 0.7787 0.6182 -0.1070
vn 0.8125 0.5636 0.1486
vn 0.8128 0.5724 -0.1079
vn 0.5769 0.4753 -0.6643
vn 0.7777 0.6104 0.1503
vn -0.1989 -0.1929 -0.9608
vn -0.1828 -0.2092 -0.9607
vn -0.3563 -0.3529 -0.8652
vn -0.3321 -0.3778 -0.8643
vn -0.5919 -0.6642 -0.4567
vn -0.6885 -0.6903 -0.2227
vn -0.6482 -0.7280 -0.2234
vn -0.6292 -0.6281 -0.4578
vn -0.1662 -0.2250 -0.9601
vn -0.1467 -0.2401 -0.9596
vn -0.3058 -0.4018 -0.8632
vn -0.2759 -0.4276 -0.8608
vn -0.5041 -0.7324 -0.4576
vn -0.6056 -0.7636 -0.2240
vn -0.5538 -0.8014 -0.2259
vn -0.5517 -0.6974 -0.4574
vn 0.3589 0.4346 -0.8260
vn 0.4758 0.5802 -0.6611
vn 0.6628 0.7412 -0.1065
vn 0.6170 0.7730 0.1476
vn 0.3395 0.4507 -0.8256
vn 0.4473 0.6033 -0.6603
vn 0.6210 0.7762 -0.1090
vn 0.5712 0.8078 0.1457
vn 0.3218 0.4618 -0.8265
vn 0.4219 0.6219 -0.6597
vn 0.5762 0.8101 -0.1085
vn 0.5302 0.8358 0.1426
vn 0.3054 0.4574 -0.8351
vn 0.4022 0.6259 -0.6683
vn 0.5365 0.8369 -0.1091
vn 0.5031 0.8529 0.1399
vn -0.1301 -0.2552 -0.9581
vn -0.1249 -0.2754 -0.9532
vn -0.2441 -0.4556 -0.8560
vn -0.2258 -0.4844 -0.8452
vn -0.4013 -0.8015 -0.4433
vn -0.4895 -0.8423 -0.2255
vn -0.4345 -0.8734 -0.2199
vn -0.4481 -0.7706 -0.4533
vn 0.0371 0.4502 -0.8921
vn 0.0161 0.7741 -0.6328
vn -0.0072 0.9646 -0.2636
vn 0.1685 0.2180 -0.9613
vn 0.3850 0.6129 -0.6900
vn 0.5101 0.8529 -0.1114
vn 0.4888 0.8612 0.1396
vn 0.3837 0.6157 -0.6882
vn 0.4972 0.8604 -0.1123
vn -0.1288 -0.2992 -0.9454
vn -0.2234 -0.5066 -0.8328
vn -0.4090 -0.8873 -0.2130
vn -0.3784 -0.8187 -0.4319
vn -0.2675 -0.1067 -0.9576
vn -0.4329 -0.2631 -0.8622
vn -0.7835 -0.4308 -0.4478
vn -0.8079 -0.5474 -0.2182
vn -0.2904 -0.0841 -0.9532
vn -0.4658 -0.2207 -0.8569
vn -0.8178 -0.3720 -0.4392
vn -0.8517 -0.4773 -0.2162
vn 0.4774 0.3031 -0.8247
vn 0.4596 0.3213 -0.8280
vn 0.6433 0.3920 -0.6577
vn 0.8442 0.5251 -0.1073
vn 0.8702 0.4702 0.1473
vn 0.8722 0.4780 -0.1035
vn 0.6205 0.4162 -0.6646
vn 0.8439 0.5156 0.1482
vn 0.4722 0.0837 -0.8775
vn 0.7787 0.0460 -0.6257
vn 0.9634 0.0007 -0.2680
vn 0.5324 0.2005 -0.8224
vn 0.8730 0.2394 -0.4250
vn 0.9764 0.2007 0.0794
vn -0.3066 -0.0734 -0.9490
vn -0.4989 -0.1826 -0.8472
vn -0.8378 -0.3412 -0.4262
vn -0.8874 -0.4115 -0.2076
vn -0.9037 -0.3796 -0.1978
vn -0.5178 -0.1678 -0.8389
vn -0.8391 -0.3334 -0.4298
vn 0.4919 0.2919 -0.8203
vn 0.8910 0.4457 -0.0868
vn 0.6620 0.3738 -0.6496
vn 0.8866 0.4367 0.1528
vn 0.4672 0.4024 0.7873
vn 0.4387 0.4340 0.7869
vn 0.3023 0.2531 0.9190
vn 0.2818 0.2761 0.9189
vn 0.1203 0.0895 0.9887
vn 0.1081 0.1018 0.9889
vn 0.4104 0.4626 0.7858
vn 0.2624 0.2980 0.9178
vn 0.0970 0.1137 0.9888
vn -0.6598 -0.5353 0.5273
vn -0.6296 -0.5711 0.5268
vn -0.5153 -0.4276 0.7427
vn -0.4934 -0.4535 0.7423
vn -0.3321 -0.2877 0.8983
vn -0.3202 -0.3019 0.8980
vn -0.6901 -0.4957 0.5272
vn -0.5369 -0.3988 0.7434
vn -0.3441 -0.2722 0.8986
vn 0.4955 0.3691 0.7863
vn 0.5219 0.3357 0.7842
vn 0.3232 0.2292 0.9182
vn 0.3429 0.2052 0.9167
vn 0.1310 0.0752 0.9885
vn 0.1421 0.0619 0.9879
vn -0.5689 -0.6346 0.5232
vn -0.5985 -0.6045 0.5257
vn -0.4495 -0.4995 0.7405
vn -0.4711 -0.4779 0.7414
vn -0.2969 -0.3275 0.8970
vn -0.3087 -0.3157 0.8973
vn -0.4985 -0.6957 0.5172
vn -0.5374 -0.6632 0.5209
vn -0.3993 -0.5458 0.7367
vn -0.4276 -0.5212 0.7386
vn -0.2687 -0.3531 0.8961
vn -0.2849 -0.3394 0.8965
vn 0.3815 0.4917 0.7828
vn 0.2416 0.3196 0.9162
vn 0.0857 0.1263 0.9883
vn 0.3502 0.5206 0.7787
vn 0.2194 0.3416 0.9139
vn 0.0735 0.1390 0.9876
vn 0.3227 0.5464 0.7729
vn 0.2008 0.3632 0.9098
vn 0.0636 0.1528 0.9862
vn 0.3049 0.5653 0.7665
vn 0.1916 0.3849 0.9029
vn 0.0641 0.1763 0.9822
vn -0.3958 -0.7698 0.5007
vn -0.4457 -0.7352 0.5107
vn -0.3195 -0.6089 0.7261
vn -0.3596 -0.5796 0.7312
vn -0.2149 -0.3938 0.8937
vn -0.2439 -0.3756 0.8941
vn 0.1493 0.6860 0.7121
vn -0.0105 0.6219 0.7830
vn 0.0950 0.5005 0.8605
vn -0.0291 0.3101 0.9502
vn 0.0362 0.2916 0.9559
vn 0.0098 0.8611 0.5084
vn 0.2999 0.5826 0.7554
vn 0.1962 0.4129 0.8894
vn 0.0783 0.2143 0.9736
vn -0.3704 -0.7848 0.4969
vn -0.2971 -0.6203 0.7259
vn -0.1955 -0.3958 0.8973
vn -0.7257 -0.4437 0.5258
vn -0.5634 -0.3618 0.7427
vn -0.3583 -0.2523 0.8988
vn -0.7582 -0.3948 0.5189
vn -0.5915 -0.3287 0.7362
vn -0.3757 -0.2356 0.8963
vn 0.5475 0.3024 0.7802
vn 0.5706 0.2711 0.7752
vn 0.3615 0.1808 0.9147
vn 0.3814 0.1596 0.9106
vn 0.1526 0.0482 0.9871
vn 0.1653 0.0367 0.9856
vn 0.8606 -0.0242 0.5086
vn 0.6085 -0.0624 0.7911
vn 0.2735 -0.0915 0.9575
vn 0.6670 0.0955 0.7389
vn 0.4545 0.0335 0.8901
vn 0.2126 -0.0303 0.9767
vn -0.7754 -0.3704 0.5114
vn -0.6081 -0.3125 0.7298
vn -0.3891 -0.2281 0.8925
vn 0.5878 0.2498 0.7695
vn 0.3974 0.1458 0.9060
vn 0.1759 0.0299 0.9839
vn -0.8506 -0.4738 0.2282
vn 0.8761 -0.4721 -0.0975
vn 0.8768 -0.4709 -0.0977
vn -0.8459 -0.4820 0.2281
vn 0.2183 -0.9713 0.0946
vn 0.8467 -0.5252 -0.0857
vn -0.9603 0.2348 0.1507
vn -0.5466 0.8373 -0.0168
vn -0.1169 0.9883 -0.0983
vn -0.4923 -0.8444 0.2112
vn 0.2903 0.8432 -0.4524
vn 0.4894 0.5054 0.7107
vn -0.5428 -0.7120 -0.4455
vn 0.8076 0.5731 0.1389
vn 0.4846 0.6179 0.6192
vn -0.7293 -0.5161 -0.4491
vn 0.6308 0.7715 -0.0832
vn -0.2883 0.8812 -0.3747
vn -0.2599 -0.2964 -0.9190
vn -0.1105 0.6793 -0.7255
vn 0.4814 -0.5798 0.6573
vn 0.3747 0.0146 0.9270
vn -0.3643 -0.9084 0.2052
vn -0.4352 0.8930 -0.1142
vn -0.4466 -0.1481 0.8824
vn 0.8962 -0.1069 -0.4306
vn -0.1067 0.9054 -0.4108
vn 0.0354 -0.8977 0.4392
vn -0.2708 0.6755 0.6859
vn 0.3822 0.5517 -0.7413
vn 0.7444 0.5373 -0.3964
vn -0.2136 -0.5925 -0.7768
vn -0.5296 -0.8143 0.2376
vn 0.7787 -0.1079 0.6181
vn 0.8634 -0.4030 -0.3035
vn 0.9240 -0.0253 0.3815
vn 0.3830 0.0112 -0.9237
vn -0.8292 0.5590 0.0033
vn -0.0023 -0.3975 0.9176
vn 0.9821 -0.1081 -0.1541
vt 0.024689 0.243520
vt 0.022089 0.239058
vt 0.025522 0.239321
vt 0.314703 0.122046
vt 0.311195 0.134322
vt 0.312211 0.121843
vt 0.022742 0.234777
vt 0.019737 0.230086
vt 0.023202 0.230447
vt 0.283990 0.157528
vt 0.284306 0.169694
vt 0.281854 0.169389
vt 0.023520 0.221865
vt 0.026821 0.218292
vt 0.026929 0.222312
vt 0.315292 0.109576
vt 0.312797 0.109391
vt 0.288969 0.106791
vt 0.291465 0.093316
vt 0.291432 0.106946
vt 0.287341 0.132371
vt 0.288303 0.145365
vt 0.285846 0.145112
vt 0.026871 0.226510
vt 0.026627 0.230802
vt 0.020000 0.225696
vt 0.023454 0.226109
vt 0.281859 0.181146
vt 0.279411 0.180810
vt 0.303084 0.192695
vt 0.303380 0.181466
vt 0.305863 0.181770
vt 0.308286 0.170643
vt 0.307915 0.158824
vt 0.310404 0.159088
vt 0.278862 0.192968
vt 0.276428 0.192604
vt 0.274378 0.208392
vt 0.271970 0.208030
vt 0.296135 0.214900
vt 0.297378 0.203311
vt 0.299868 0.203670
vt 0.023419 0.217798
vt 0.026544 0.214407
vt 0.268065 0.229920
vt 0.265673 0.229614
vt 0.261491 0.255166
vt 0.259097 0.254903
vt 0.291918 0.226386
vt 0.293633 0.214502
vt 0.022674 0.209888
vt 0.025455 0.206698
vt 0.026093 0.210577
vt 0.315482 0.097096
vt 0.312983 0.096926
vt 0.315290 0.084214
vt 0.312777 0.084050
vt 0.287895 0.074326
vt 0.287783 0.046477
vt 0.290371 0.074377
vt 0.019274 0.234469
vt 0.314736 0.070523
vt 0.312203 0.070367
vt 0.313950 0.056491
vt 0.311473 0.056214
vt 0.285311 0.046453
vt 0.284298 0.013465
vt 0.019763 0.248642
vt 0.017682 0.243344
vt 0.021199 0.243427
vt 0.308712 0.134100
vt 0.309723 0.121641
vt 0.297229 0.158316
vt 0.302989 0.170064
vt 0.295109 0.170027
vt 0.286445 0.157806
vt 0.286763 0.169999
vt 0.284647 0.181492
vt 0.289775 0.192657
vt 0.281636 0.193332
vt 0.310306 0.109207
vt 0.310485 0.096757
vt 0.289798 0.132595
vt 0.293306 0.119952
vt 0.292258 0.132819
vt 0.290763 0.145618
vt 0.290842 0.119758
vt 0.293901 0.107101
vt 0.309738 0.146737
vt 0.305800 0.170360
vt 0.305430 0.158561
vt 0.303320 0.170078
vt 0.281299 0.193335
vt 0.287098 0.170013
vt 0.292679 0.181305
vt 0.300599 0.192365
vt 0.300901 0.181162
vt 0.298120 0.192033
vt 0.270449 0.230226
vt 0.285857 0.205805
vt 0.277129 0.208698
vt 0.294894 0.202949
vt 0.289491 0.225792
vt 0.291158 0.214102
vt 0.263885 0.255429
vt 0.309978 0.109170
vt 0.301579 0.120804
vt 0.302168 0.108165
vt 0.293941 0.093418
vt 0.292850 0.074428
vt 0.310265 0.083891
vt 0.309686 0.070212
vt 0.302276 0.095107
vt 0.309934 0.083775
vt 0.310157 0.096707
vt 0.290260 0.046502
vt 0.286774 0.013498
vt 0.308957 0.055929
vt 0.288382 0.119566
vt 0.310543 0.031937
vt 0.308278 0.032171
vt 0.306013 0.032408
vt 0.293638 0.119983
vt 0.294232 0.107137
vt 0.288903 0.158084
vt 0.292589 0.132846
vt 0.017559 0.255313
vt 0.015885 0.249477
vt 0.026171 0.235086
vt 0.293185 0.074545
vt 0.300021 0.058393
vt 0.301596 0.079204
vt 0.279479 0.243026
vt 0.265484 0.257419
vt 0.277661 0.241747
vt 0.264067 0.255504
vt 0.275842 0.240465
vt 0.300568 0.181152
vt 0.312228 0.146981
vt 0.309395 0.121610
vt 0.300550 0.133464
vt 0.307252 0.146493
vt 0.014994 0.262694
vt 0.012832 0.258269
vt 0.020889 0.256851
vt 0.022315 0.252340
vt 0.308633 0.055983
vt 0.309347 0.069961
vt 0.290608 0.046767
vt 0.297881 0.035055
vt 0.021876 0.205255
vt 0.024619 0.202678
vt 0.019980 0.217289
vt 0.023148 0.213865
vt 0.284311 0.181483
vt 0.290762 0.214278
vt 0.280639 0.222044
vt 0.020076 0.221404
vt 0.019711 0.213308
vt 0.299070 0.146054
vt 0.291095 0.145640
vt 0.288997 0.093215
vt 0.213771 0.100178
vt 0.179987 0.133906
vt 0.178735 0.133547
vt 0.294273 0.093467
vt 0.020681 0.199509
vt 0.023689 0.198737
vt 0.016751 0.196468
vt 0.019384 0.193377
vt 0.270824 0.230033
vt 0.275893 0.239930
vt 0.264399 0.254669
vt 0.286840 0.225071
vt 0.304852 0.008036
vt 0.307123 0.007129
vt 0.023629 0.247821
vt 0.302577 0.008960
vt 0.294541 0.203003
vt 0.313686 0.134545
vt 0.289236 0.158102
vt 0.297783 0.192035
vt 0.019216 0.209183
vt 0.276782 0.208758
vt 0.287118 0.225207
vt 0.305100 0.158543
vt 0.306923 0.146471
vt 0.308383 0.134073
vt 0.018615 0.238799
vt 0.018276 0.203814
vt 0.233452 0.034725
vt 0.139804 0.027773
vt 0.253043 0.028160
vt 0.074143 0.072757
vt 0.121012 0.102083
vt 0.121029 0.103435
vt 0.077648 0.072419
vt 0.121016 0.100698
vt 0.162952 0.114355
vt 0.153020 0.074361
vt 0.185471 0.076802
vt 0.174114 0.243925
vt 0.091218 0.199166
vt 0.095586 0.195535
vt 0.259236 0.065460
vt 0.214500 0.101031
vt 0.172487 0.240873
vt 0.165730 0.186345
vt 0.166838 0.186174
vt 0.148061 0.054394
vt 0.207968 0.039286
vt 0.212040 0.234727
vt 0.265870 0.158078
vt 0.207506 0.255525
vt 0.058556 0.111875
vt 0.112079 0.125365
vt 0.060605 0.113448
vt 0.202691 0.171037
vt 0.238820 0.151192
vt 0.222585 0.207136
vt 0.155649 0.140239
vt 0.111780 0.126486
vt 0.266799 0.043952
vt 0.272243 0.159825
vt 0.043794 0.095353
vt 0.086374 0.203191
vt 0.029162 0.077983
vt 0.187568 0.260340
vt 0.259485 0.065610
vt 0.258442 0.156026
vt 0.258390 0.067670
vt 0.191037 0.180371
vt 0.179934 0.134093
vt 0.192117 0.180018
vt 0.165208 0.124596
vt 0.110539 0.111008
vt 0.116269 0.106864
vt 0.137944 0.021584
vt 0.273561 0.021481
vt 0.178432 0.133568
vt 0.212156 0.093918
vt 0.213690 0.099974
vt 0.259768 0.156400
vt 0.212391 0.231413
vt 0.138263 0.308105
vt 0.132723 0.242487
vt 0.193802 0.279759
vt 0.162356 0.134239
vt 0.110423 0.111260
vt 0.166499 0.130437
vt 0.203403 0.084955
vt 0.197346 0.083349
vt 0.186321 0.184922
vt 0.190863 0.180503
vt 0.210294 0.087096
vt 0.273917 0.021750
vt 0.210090 0.086894
vt 0.167946 0.185998
vt 0.156690 0.139543
vt 0.157644 0.138678
vt 0.095875 0.195290
vt 0.060448 0.113651
vt 0.096982 0.194321
vt 0.051341 0.075041
vt 0.029370 0.077624
vt 0.173488 0.243156
vt 0.172243 0.241019
vt 0.173758 0.243017
vt 0.172309 0.131900
vt 0.181129 0.189790
vt 0.166739 0.130381
vt 0.057707 0.111370
vt 0.111386 0.118039
vt 0.112371 0.124033
vt 0.163711 0.118519
vt 0.202427 0.277348
vt 0.258151 0.067548
vt 0.215226 0.101887
vt 0.163236 0.117016
vt 0.163544 0.118264
vt 0.141317 0.033410
vt 0.230113 0.036326
vt 0.141123 0.035143
vt 0.077184 0.270834
vt 0.082723 0.336452
vt 0.074170 0.072491
vt 0.077686 0.072185
vt 0.163737 0.118215
vt 0.196210 0.082490
vt 0.197139 0.083269
vt 0.180852 0.189859
vt 0.174097 0.187879
vt 0.112380 0.124245
vt 0.156561 0.139401
vt 0.202032 0.277481
vt 0.071645 0.205215
vt 0.116057 0.273809
vt 0.166571 0.130210
vt 0.162944 0.115806
vt 0.140941 0.036912
vt 0.080691 0.071741
vt 0.227937 0.037456
vt 0.181144 0.134431
vt 0.193197 0.179660
vt 0.257492 0.069448
vt 0.212562 0.229384
vt 0.257127 0.155656
vt 0.062159 0.115015
vt 0.098078 0.193361
vt 0.155774 0.140375
vt 0.171129 0.239155
vt 0.259801 0.064701
vt 0.260130 0.156500
vt 0.211953 0.233790
vt 0.212126 0.231393
vt 0.212315 0.229366
vt 0.181195 0.134251
vt 0.157786 0.138416
vt 0.154950 0.141782
vt 0.126541 0.166895
vt 0.114870 0.139234
vt 0.112357 0.179433
vt 0.074828 0.136689
vt 0.120928 0.103603
vt 0.073456 0.072611
vt 0.125536 0.091918
vt 0.088155 0.069502
vt 0.163125 0.115763
vt 0.195279 0.081716
vt 0.218934 0.115065
vt 0.255054 0.095248
vt 0.182779 0.134902
vt 0.220157 0.145767
vt 0.168162 0.186035
vt 0.152416 0.181999
vt 0.149885 0.222176
vt 0.062308 0.114825
vt 0.141306 0.033056
vt 0.232704 0.035276
vt 0.230243 0.036578
vt 0.228047 0.037669
vt 0.054750 0.243297
vt 0.052061 0.238850
vt 0.055507 0.239061
vt 0.403768 0.121458
vt 0.400360 0.134172
vt 0.401194 0.121300
vt 0.052659 0.234541
vt 0.049584 0.229871
vt 0.053070 0.230186
vt 0.372731 0.158093
vt 0.373021 0.170446
vt 0.370536 0.170122
vt 0.053262 0.221545
vt 0.056528 0.217877
vt 0.056711 0.221938
vt 0.404079 0.108565
vt 0.401498 0.108442
vt 0.376972 0.106488
vt 0.378966 0.092745
vt 0.379475 0.106563
vt 0.375931 0.132515
vt 0.377057 0.145714
vt 0.374560 0.145477
vt 0.056716 0.226176
vt 0.056521 0.230503
vt 0.049782 0.225460
vt 0.053265 0.225820
vt 0.370428 0.182046
vt 0.367955 0.181674
vt 0.391944 0.194184
vt 0.392407 0.182627
vt 0.394960 0.182965
vt 0.397529 0.171527
vt 0.397154 0.159376
vt 0.399712 0.159641
vt 0.367188 0.193963
vt 0.364741 0.193544
vt 0.362266 0.209371
vt 0.359868 0.208931
vt 0.384185 0.216909
vt 0.385831 0.205004
vt 0.388384 0.205443
vt 0.053084 0.217447
vt 0.056164 0.213956
vt 0.355245 0.230649
vt 0.352827 0.230265
vt 0.348024 0.256008
vt 0.345322 0.256167
vt 0.379277 0.228246
vt 0.381629 0.216381
vt 0.052153 0.209502
vt 0.054852 0.206217
vt 0.055612 0.210100
vt 0.403894 0.095640
vt 0.401297 0.095557
vt 0.403127 0.082270
vt 0.400519 0.082242
vt 0.374554 0.073991
vt 0.373498 0.047329
vt 0.376975 0.073928
vt 0.049176 0.234277
vt 0.401701 0.068140
vt 0.399076 0.068202
vt 0.399318 0.053860
vt 0.396853 0.054184
vt 0.371037 0.047236
vt 0.372417 0.017162
vt 0.049868 0.248501
vt 0.047674 0.243215
vt 0.051229 0.243251
vt 0.397801 0.133976
vt 0.398627 0.121142
vt 0.386209 0.158876
vt 0.392087 0.170912
vt 0.384021 0.170841
vt 0.375222 0.158372
vt 0.375516 0.170770
vt 0.373253 0.182435
vt 0.378291 0.193887
vt 0.369986 0.194393
vt 0.398923 0.108322
vt 0.398707 0.095477
vt 0.378433 0.132705
vt 0.381761 0.119756
vt 0.380941 0.132896
vt 0.379562 0.145952
vt 0.379246 0.119618
vt 0.381991 0.106636
vt 0.398973 0.146951
vt 0.394974 0.171227
vt 0.394603 0.159111
vt 0.392427 0.170928
vt 0.369645 0.194388
vt 0.375856 0.170787
vt 0.381440 0.182343
vt 0.389391 0.193801
vt 0.389863 0.182288
vt 0.386849 0.193416
vt 0.357641 0.231034
vt 0.373969 0.207174
vt 0.365014 0.209770
vt 0.383291 0.204563
vt 0.376896 0.227552
vt 0.379108 0.215864
vt 0.350635 0.255231
vt 0.398584 0.108293
vt 0.390237 0.120451
vt 0.390501 0.107482
vt 0.381466 0.092738
vt 0.379397 0.073853
vt 0.397922 0.082216
vt 0.396490 0.068256
vt 0.390136 0.094115
vt 0.397576 0.082115
vt 0.398367 0.095437
vt 0.375964 0.047391
vt 0.373450 0.019819
vt 0.394444 0.054493
vt 0.376742 0.119482
vt 0.387265 0.033306
vt 0.385390 0.034526
vt 0.383498 0.035705
vt 0.382100 0.119780
vt 0.382330 0.106661
vt 0.377723 0.158653
vt 0.381280 0.132918
vt 0.047824 0.255130
vt 0.045997 0.249400
vt 0.056098 0.234807
vt 0.379728 0.073952
vt 0.385842 0.057705
vt 0.388666 0.078031
vt 0.048713 0.192910
vt 0.045201 0.187081
vt 0.049294 0.192434
vt 0.045954 0.186766
vt 0.049879 0.191960
vt 0.389521 0.182275
vt 0.401533 0.147184
vt 0.398289 0.121117
vt 0.389417 0.133435
vt 0.396419 0.146718
vt 0.045741 0.262590
vt 0.043283 0.258268
vt 0.051082 0.256504
vt 0.052468 0.252166
vt 0.394145 0.054578
vt 0.396132 0.068031
vt 0.376274 0.047620
vt 0.383485 0.036166
vt 0.051235 0.204890
vt 0.053875 0.202258
vt 0.049609 0.217005
vt 0.052726 0.213490
vt 0.372912 0.182421
vt 0.378700 0.216028
vt 0.368139 0.223375
vt 0.049784 0.221142
vt 0.049255 0.213010
vt 0.388037 0.146331
vt 0.379901 0.145973
vt 0.376480 0.092747
vt 0.028880 0.213574
vt 0.031519 0.218128
vt 0.028018 0.217863
vt 0.381802 0.092772
vt 0.049933 0.199258
vt 0.052817 0.198535
vt 0.046064 0.196122
vt 0.048719 0.193072
vt 0.358015 0.230856
vt 0.362756 0.241007
vt 0.351137 0.254549
vt 0.374289 0.226726
vt 0.372640 0.017106
vt 0.371152 0.013841
vt 0.053745 0.247638
vt 0.373599 0.019782
vt 0.382927 0.204609
vt 0.402929 0.134371
vt 0.378062 0.158671
vt 0.386503 0.193412
vt 0.366228 0.244199
vt 0.048668 0.208883
vt 0.364664 0.209819
vt 0.364461 0.242867
vt 0.374561 0.226874
vt 0.394264 0.159093
vt 0.396081 0.146698
vt 0.397463 0.133952
vt 0.048570 0.238637
vt 0.047624 0.203528
vt 0.359078 0.118585
vt 0.355802 0.130946
vt 0.356577 0.118426
vt 0.030870 0.222486
vt 0.033964 0.227212
vt 0.030447 0.226892
vt 0.329069 0.154813
vt 0.329695 0.166982
vt 0.327243 0.166732
vt 0.030291 0.235627
vt 0.027023 0.239366
vt 0.026799 0.235258
vt 0.359459 0.106073
vt 0.356951 0.105926
vt 0.332905 0.103738
vt 0.335102 0.090156
vt 0.335381 0.103840
vt 0.331828 0.129487
vt 0.333097 0.142514
vt 0.330628 0.142320
vt 0.026769 0.230964
vt 0.026953 0.226575
vt 0.033777 0.231656
vt 0.030262 0.231307
vt 0.327455 0.178489
vt 0.325001 0.178184
vt 0.349029 0.189678
vt 0.349039 0.178366
vt 0.351539 0.178612
vt 0.353712 0.167384
vt 0.353050 0.155546
vt 0.355545 0.155750
vt 0.324543 0.190491
vt 0.322090 0.190118
vt 0.319812 0.206754
vt 0.317380 0.206317
vt 0.343245 0.212847
vt 0.343726 0.200727
vt 0.346243 0.200988
vt 0.030509 0.239761
vt 0.027448 0.243313
vt 0.312311 0.230221
vt 0.309887 0.229749
vt 0.303300 0.257804
vt 0.300999 0.257178
vt 0.340166 0.224859
vt 0.340719 0.212586
vt 0.031540 0.247757
vt 0.028782 0.251138
vt 0.028031 0.247195
vt 0.359473 0.093527
vt 0.356952 0.093392
vt 0.359088 0.080516
vt 0.356546 0.080406
vt 0.331317 0.071330
vt 0.331364 0.044341
vt 0.333745 0.071361
vt 0.034389 0.222776
vt 0.358198 0.066675
vt 0.355621 0.066629
vt 0.356538 0.052499
vt 0.354080 0.052671
vt 0.328978 0.044265
vt 0.329357 0.012520
vt 0.033934 0.208412
vt 0.036015 0.213792
vt 0.032438 0.213689
vt 0.353310 0.130773
vt 0.354079 0.118268
vt 0.342345 0.155288
vt 0.348385 0.166929
vt 0.340497 0.167075
vt 0.331536 0.155031
vt 0.332157 0.167233
vt 0.330258 0.178797
vt 0.335582 0.189997
vt 0.327351 0.190857
vt 0.354445 0.105781
vt 0.354434 0.093261
vt 0.334302 0.129657
vt 0.337555 0.116875
vt 0.336779 0.129828
vt 0.335571 0.142709
vt 0.335075 0.116733
vt 0.337864 0.103942
vt 0.354602 0.143403
vt 0.351212 0.167160
vt 0.350557 0.155341
vt 0.348717 0.166935
vt 0.327010 0.190864
vt 0.332493 0.167240
vt 0.338300 0.178449
vt 0.346522 0.189420
vt 0.346542 0.178120
vt 0.344017 0.189160
vt 0.314742 0.230693
vt 0.331750 0.203782
vt 0.322608 0.207130
vt 0.341210 0.200463
vt 0.337637 0.224597
vt 0.335064 0.224519
vt 0.338196 0.212324
vt 0.305658 0.258244
vt 0.354116 0.105750
vt 0.345883 0.117576
vt 0.346225 0.104868
vt 0.337585 0.090210
vt 0.336174 0.071384
vt 0.354009 0.080301
vt 0.353077 0.066582
vt 0.346085 0.091749
vt 0.353674 0.080192
vt 0.354103 0.093215
vt 0.333734 0.044407
vt 0.332120 0.013122
vt 0.351671 0.052837
vt 0.332603 0.116592
vt 0.346165 0.030792
vt 0.344202 0.031672
vt 0.342235 0.032549
vt 0.337889 0.116899
vt 0.338197 0.103971
vt 0.334007 0.155250
vt 0.337112 0.129848
vt 0.036159 0.201741
vt 0.037864 0.207583
vt 0.027373 0.222195
vt 0.336503 0.071496
vt 0.343075 0.055508
vt 0.345103 0.075866
vt 0.035241 0.264990
vt 0.039248 0.271334
vt 0.034711 0.265485
vt 0.038525 0.271621
vt 0.034177 0.265982
vt 0.346208 0.178118
vt 0.357100 0.143593
vt 0.353749 0.118243
vt 0.345113 0.130301
vt 0.352108 0.143214
vt 0.038484 0.194165
vt 0.040834 0.198599
vt 0.032909 0.200305
vt 0.031403 0.204662
vt 0.351366 0.052903
vt 0.352733 0.066346
vt 0.334059 0.044668
vt 0.342176 0.033055
vt 0.032568 0.252473
vt 0.029728 0.255173
vt 0.034018 0.240173
vt 0.030914 0.243741
vt 0.329920 0.178793
vt 0.337810 0.212494
vt 0.326419 0.221434
vt 0.033805 0.236005
vt 0.034413 0.244189
vt 0.343905 0.142957
vt 0.335904 0.142724
vt 0.332627 0.090099
vt 0.337918 0.090253
vt 0.034039 0.258319
vt 0.030803 0.258977
vt 0.038054 0.261735
vt 0.035240 0.264840
vt 0.315133 0.230508
vt 0.320471 0.240947
vt 0.306189 0.257627
vt 0.334746 0.224407
vt 0.333999 0.011597
vt 0.335711 0.010095
vt 0.029999 0.209200
vt 0.332283 0.013090
vt 0.340855 0.200527
vt 0.358301 0.131119
vt 0.334342 0.155260
vt 0.343678 0.189170
vt 0.030296 0.259694
vt 0.030784 0.259079
vt 0.035064 0.248352
vt 0.322253 0.207193
vt 0.029818 0.260311
vt 0.350227 0.155330
vt 0.351779 0.143199
vt 0.352981 0.130753
vt 0.035041 0.218390
vt 0.036281 0.253886
vt 0.015110 0.188075
vt 0.015103 0.188116
vt 0.015078 0.188058
vt 0.015134 0.188141
vt 0.015116 0.188160
vt 0.015080 0.188107
vt 0.015057 0.188057
vt 0.015098 0.188144
vt 0.015139 0.188261
vt 0.015160 0.188250
vt 0.015167 0.188296
vt 0.015112 0.188216
vt 0.015127 0.188207
vt 0.015148 0.188197
vt 0.015101 0.188169
vt 0.015050 0.188110
vt 0.015078 0.188131
vt 0.015083 0.188169
vt 0.307201 0.007151
vt 0.307216 0.007250
vt 0.009048 0.268621
vt 0.009066 0.268598
vt 0.009086 0.268595
vt 0.009119 0.268578
vt 0.009107 0.268555
vt 0.009149 0.268522
vt 0.009087 0.268569
vt 0.009048 0.268593
vt 0.009068 0.268578
vt 0.009044 0.268612
vt 0.009074 0.268544
vt 0.009094 0.268544
vt 0.009171 0.268463
vt 0.009150 0.268448
vt 0.009185 0.268413
vt 0.009129 0.268507
vt 0.009113 0.268495
vt 0.264082 0.255356
vt 0.264163 0.255275
vt 0.263938 0.255564
vt 0.264023 0.255400
vt 0.264152 0.255194
vt 0.264254 0.255061
vt 0.264095 0.255260
vt 0.264014 0.255323
vt 0.263907 0.255524
vt 0.264023 0.255201
vt 0.264112 0.255170
vt 0.264340 0.254852
vt 0.264286 0.254815
vt 0.264218 0.255020
vt 0.264158 0.255000
vt 0.302521 0.009054
vt 0.302560 0.008903
vt 0.008015 0.270020
vt 0.008001 0.270044
vt 0.008003 0.269986
vt 0.008007 0.269930
vt 0.007994 0.269965
vt 0.007994 0.270014
vt 0.287083 0.014106
vt 0.287147 0.014075
vt 0.287177 0.014282
vt 0.286978 0.013894
vt 0.287041 0.013880
vt 0.007998 0.270112
vt 0.008015 0.270104
vt 0.008016 0.270188
vt 0.286951 0.013716
vt 0.286992 0.013694
vt 0.286868 0.013574
vt 0.286872 0.013682
vt 0.286793 0.013413
vt 0.286871 0.013508
vt 0.286936 0.013630
vt 0.178709 0.133590
vt 0.178656 0.133561
vt 0.178690 0.133639
vt 0.178638 0.133591
vt 0.178565 0.133577
vt 0.178628 0.133622
vt 0.178577 0.133595
vt 0.178620 0.133689
vt 0.178680 0.133691
vt 0.178680 0.133742
vt 0.178570 0.133619
vt 0.178621 0.133653
vt 0.178590 0.133611
vt 0.178529 0.133595
vt 0.178490 0.133578
vt 0.178487 0.133589
vt 0.178551 0.133629
vt 0.058466 0.111903
vt 0.058322 0.111766
vt 0.058416 0.111944
vt 0.058248 0.111808
vt 0.058275 0.111786
vt 0.058115 0.111679
vt 0.058405 0.112107
vt 0.058213 0.111814
vt 0.058394 0.112006
vt 0.058194 0.111820
vt 0.057983 0.111600
vt 0.058083 0.111665
vt 0.057878 0.111477
vt 0.057824 0.111468
vt 0.259477 0.065244
vt 0.259335 0.065446
vt 0.259429 0.065244
vt 0.259605 0.065052
vt 0.259582 0.065087
vt 0.259449 0.065511
vt 0.259559 0.065262
vt 0.259402 0.065463
vt 0.259539 0.065255
vt 0.259661 0.064975
vt 0.212030 0.233854
vt 0.212004 0.234074
vt 0.212042 0.234099
vt 0.212059 0.234304
vt 0.212054 0.234384
vt 0.212242 0.233792
vt 0.212103 0.234123
vt 0.212160 0.233858
vt 0.212124 0.234127
vt 0.212055 0.234324
vt 0.212076 0.234104
vt 0.232719 0.035177
vt 0.232919 0.035083
vt 0.232702 0.035110
vt 0.232919 0.035035
vt 0.233069 0.034934
vt 0.233151 0.034888
vt 0.232552 0.035025
vt 0.232913 0.034974
vt 0.232654 0.035061
vt 0.232910 0.034956
vt 0.233188 0.034854
vt 0.233101 0.034914
vt 0.157587 0.138507
vt 0.157553 0.138557
vt 0.157510 0.138530
vt 0.157673 0.138482
vt 0.157616 0.138527
vt 0.157638 0.138550
vt 0.157591 0.138592
vt 0.157709 0.138522
vt 0.157713 0.138482
vt 0.157747 0.138459
vt 0.157740 0.138450
vt 0.157622 0.138634
vt 0.157675 0.138605
vt 0.157658 0.138574
vt 0.157687 0.138521
vt 0.173844 0.243310
vt 0.173717 0.243114
vt 0.173904 0.243547
vt 0.173821 0.243348
vt 0.173597 0.243179
vt 0.173758 0.243412
vt 0.173666 0.243163
vt 0.173775 0.243398
vt 0.173952 0.243655
vt 0.163722 0.118294
vt 0.163694 0.118241
vt 0.163705 0.118385
vt 0.163691 0.118311
vt 0.163645 0.118259
vt 0.163670 0.118359
vt 0.163661 0.118320
vt 0.163652 0.118398
vt 0.163686 0.118421
vt 0.163691 0.118464
vt 0.163702 0.118461
vt 0.163594 0.118266
vt 0.163594 0.118327
vt 0.163629 0.118327
vt 0.073934 0.072656
vt 0.074063 0.072695
vt 0.073940 0.072688
vt 0.073735 0.072632
vt 0.073813 0.072620
vt 0.073935 0.072626
vt 0.074047 0.072627
vt 0.074076 0.072558
vt 0.073914 0.072563
vt 0.073923 0.072594
vt 0.073794 0.072619
vt 0.073706 0.072606
vt 0.202496 0.277413
vt 0.202328 0.277391
vt 0.202538 0.277504
vt 0.202373 0.277520
vt 0.202231 0.277427
vt 0.202381 0.277622
vt 0.202270 0.277569
vt 0.193827 0.279756
vt 0.193808 0.279787
vt 0.193803 0.279727
vt 0.193838 0.279731
vt 0.193841 0.279775
vt 0.193810 0.279804
vt 0.193846 0.279750
vt 0.202161 0.277580
vt 0.202006 0.277569
vt 0.202133 0.277455
vt 0.202034 0.277641
vt 0.202285 0.277630
vt 0.202200 0.277665
vt 0.273577 0.021385
vt 0.273661 0.021539
vt 0.273630 0.021301
vt 0.273740 0.021418
vt 0.273755 0.021600
vt 0.273813 0.021345
vt 0.273855 0.021464
vt 0.082718 0.336464
vt 0.082696 0.336434
vt 0.082752 0.336469
vt 0.082738 0.336480
vt 0.273733 0.021199
vt 0.273932 0.021298
vt 0.273891 0.021400
vt 0.273839 0.021669
vt 0.274021 0.021726
vt 0.273950 0.021553
vt 0.274117 0.021656
vt 0.274010 0.021433
vt 0.166680 0.130407
vt 0.166704 0.130329
vt 0.166622 0.130425
vt 0.166653 0.130357
vt 0.166665 0.130284
vt 0.166603 0.130342
vt 0.166627 0.130319
vt 0.166507 0.130375
vt 0.166562 0.130435
vt 0.166522 0.130318
vt 0.166564 0.130378
vt 0.166610 0.130374
vt 0.166621 0.130245
vt 0.166543 0.130263
vt 0.166591 0.130292
vt 0.166571 0.130332
vt 0.029089 0.077839
vt 0.029205 0.077888
vt 0.029013 0.077958
vt 0.029078 0.077997
vt 0.029253 0.077797
vt 0.029009 0.077786
vt 0.029118 0.077729
vt 0.071637 0.205191
vt 0.071672 0.205199
vt 0.029128 0.077441
vt 0.029078 0.077602
vt 0.028966 0.077531
vt 0.071654 0.205170
vt 0.071696 0.205187
vt 0.071636 0.205172
vt 0.029310 0.077711
vt 0.029313 0.077545
vt 0.029189 0.077638
vt 0.029236 0.077492
vt 0.029057 0.077705
vt 0.257271 0.069334
vt 0.257332 0.069406
vt 0.257257 0.069427
vt 0.257401 0.069343
vt 0.257360 0.069332
vt 0.257305 0.069475
vt 0.257236 0.069521
vt 0.257339 0.069455
vt 0.257386 0.069436
vt 0.257435 0.069370
vt 0.257405 0.069513
vt 0.257337 0.069495
vt 0.257367 0.069406
vt 0.257209 0.069617
vt 0.257253 0.069645
vt 0.258729 0.069562
vt 0.257283 0.069547
vt 0.257327 0.069577
vt 0.181234 0.134279
vt 0.181173 0.134295
vt 0.181268 0.134310
vt 0.181212 0.134319
vt 0.181158 0.134338
vt 0.181239 0.134339
vt 0.181198 0.134349
vt 0.181281 0.134405
vt 0.181298 0.134345
vt 0.179113 0.133738
vt 0.181237 0.134420
vt 0.181258 0.134366
vt 0.181221 0.134356
vt 0.181148 0.134383
vt 0.181192 0.134428
vt 0.181193 0.134383
vt 0.181227 0.134379
vt 0.212404 0.229337
vt 0.212389 0.229414
vt 0.212352 0.229281
vt 0.212417 0.229263
vt 0.212434 0.229356
vt 0.212430 0.229426
vt 0.212436 0.229299
vt 0.212462 0.229093
vt 0.212409 0.229093
vt 0.213646 0.229963
vt 0.212489 0.229189
vt 0.212436 0.229191
vt 0.212383 0.229189
vt 0.212466 0.229340
vt 0.212522 0.229283
vt 0.212473 0.229421
vt 0.212455 0.229264
vt 0.155688 0.140268
vt 0.155627 0.140281
vt 0.155720 0.140299
vt 0.155664 0.140306
vt 0.155610 0.140323
vt 0.155690 0.140327
vt 0.155649 0.140336
vt 0.155730 0.140394
vt 0.155749 0.140334
vt 0.155686 0.140407
vt 0.155709 0.140355
vt 0.155672 0.140343
vt 0.155599 0.140367
vt 0.155641 0.140413
vt 0.157417 0.138951
vt 0.155644 0.140369
vt 0.155677 0.140366
vt 0.062283 0.114912
vt 0.062229 0.114859
vt 0.062357 0.114900
vt 0.062336 0.114963
vt 0.062252 0.114926
vt 0.062197 0.114885
vt 0.062297 0.114959
vt 0.062451 0.115091
vt 0.062479 0.115049
vt 0.060770 0.115818
vt 0.062357 0.115061
vt 0.062384 0.115017
vt 0.062415 0.114974
vt 0.062248 0.114961
vt 0.062263 0.115037
vt 0.062178 0.114923
vt 0.062315 0.114993
vt 0.171335 0.239031
vt 0.171244 0.239018
vt 0.171264 0.238944
vt 0.171291 0.239094
vt 0.171219 0.239062
vt 0.171195 0.238960
vt 0.171196 0.238873
vt 0.171189 0.239006
vt 0.171168 0.239061
vt 0.171211 0.239142
vt 0.171093 0.239036
vt 0.171146 0.238986
vt 0.171130 0.238808
vt 0.171062 0.238842
vt 0.170446 0.239927
vt 0.171136 0.238905
vt 0.171074 0.238936
vt 0.227963 0.037632
vt 0.228042 0.037592
vt 0.227940 0.037706
vt 0.227890 0.037656
vt 0.227964 0.037582
vt 0.228027 0.037548
vt 0.227909 0.037613
vt 0.227713 0.037687
vt 0.227753 0.037752
vt 0.227981 0.036783
vt 0.227773 0.037613
vt 0.227810 0.037672
vt 0.227845 0.037732
vt 0.227862 0.037608
vt 0.227920 0.037555
vt 0.227843 0.037537
vt 0.163081 0.115783
vt 0.163098 0.115723
vt 0.163038 0.115797
vt 0.163059 0.115744
vt 0.163069 0.115689
vt 0.163028 0.115757
vt 0.163040 0.115717
vt 0.162950 0.115759
vt 0.162993 0.115804
vt 0.162961 0.115715
vt 0.162995 0.115760
vt 0.163022 0.115734
vt 0.163035 0.115659
vt 0.162977 0.115674
vt 0.163269 0.116962
vt 0.163014 0.115697
vt 0.163000 0.115727
vt 0.080655 0.071971
vt 0.080704 0.071877
vt 0.080729 0.071953
vt 0.080641 0.071854
vt 0.080636 0.071903
vt 0.080784 0.071926
vt 0.080702 0.071833
vt 0.080744 0.071855
vt 0.080716 0.071800
vt 0.080655 0.071807
vt 0.080763 0.071759
vt 0.080752 0.071811
vt 0.080731 0.071831
vt 0.080830 0.071893
vt 0.080840 0.071809
vt 0.079331 0.072103
vt 0.080784 0.071838
vt 0.080805 0.071781
vt 0.044439 0.187444
vt 0.044427 0.187470
vt 0.044425 0.187426
vt 0.044449 0.187496
vt 0.044429 0.187513
vt 0.044412 0.187456
vt 0.044415 0.187493
vt 0.044449 0.187620
vt 0.044471 0.187609
vt 0.044478 0.187656
vt 0.044421 0.187572
vt 0.044438 0.187562
vt 0.044461 0.187553
vt 0.044412 0.187520
vt 0.345273 0.256115
vt 0.345293 0.256014
vt 0.044403 0.187430
vt 0.044401 0.187475
vt 0.044391 0.187516
vt 0.040132 0.268910
vt 0.040131 0.268879
vt 0.040164 0.268858
vt 0.040098 0.268922
vt 0.040111 0.268888
vt 0.040147 0.268834
vt 0.040186 0.268794
vt 0.040127 0.268851
vt 0.370928 0.013962
vt 0.370866 0.013993
vt 0.370979 0.013886
vt 0.040111 0.268825
vt 0.040131 0.268823
vt 0.040107 0.268866
vt 0.040092 0.268911
vt 0.040204 0.268734
vt 0.040182 0.268721
vt 0.040215 0.268684
vt 0.040164 0.268782
vt 0.040148 0.268770
vt 0.350789 0.255313
vt 0.350815 0.255176
vt 0.350893 0.255105
vt 0.350669 0.255330
vt 0.350759 0.255211
vt 0.350886 0.255031
vt 0.350986 0.254911
vt 0.350831 0.255089
vt 0.350756 0.255142
vt 0.350651 0.255300
vt 0.350768 0.255032
vt 0.350851 0.255008
vt 0.351074 0.254720
vt 0.351025 0.254684
vt 0.350953 0.254872
vt 0.350899 0.254852
vt 0.373601 0.019906
vt 0.373541 0.019755
vt 0.373657 0.019981
vt 0.373641 0.020045
vt 0.373557 0.019864
vt 0.373602 0.019985
vt 0.373712 0.020366
vt 0.373760 0.020341
vt 0.373790 0.020500
vt 0.373627 0.020203
vt 0.373677 0.020192
vt 0.373710 0.020163
vt 0.373608 0.020059
vt 0.373542 0.019926
vt 0.373538 0.020025
vt 0.373513 0.019751
vt 0.039955 0.270994
vt 0.039969 0.270972
vt 0.039964 0.271010
vt 0.039949 0.270946
vt 0.039968 0.270931
vt 0.039983 0.270986
vt 0.039972 0.271017
vt 0.039980 0.270951
vt 0.039950 0.270824
vt 0.039928 0.270836
vt 0.039922 0.270789
vt 0.039980 0.270872
vt 0.039961 0.270882
vt 0.039939 0.270891
vt 0.039984 0.270926
vt 0.300953 0.257124
vt 0.300975 0.257029
vt 0.300986 0.257262
vt 0.300937 0.257183
vt 0.300925 0.257007
vt 0.300966 0.256858
vt 0.300914 0.257080
vt 0.030768 0.259057
vt 0.030791 0.259054
vt 0.030750 0.259030
vt 0.030777 0.259033
vt 0.030794 0.259029
vt 0.030773 0.259005
vt 0.030782 0.259014
vt 0.030746 0.258971
vt 0.030735 0.259001
vt 0.030723 0.258973
vt 0.030764 0.258972
vt 0.030755 0.258993
vt 0.030765 0.259014
vt 0.030770 0.258990
vt 0.030782 0.258996
vt 0.030782 0.258975
vt 0.030797 0.259004
vt 0.044356 0.187652
vt 0.044367 0.187678
vt 0.044343 0.187704
vt 0.044377 0.187630
vt 0.044383 0.187664
vt 0.044361 0.187722
vt 0.044327 0.187762
vt 0.044375 0.187702
vt 0.326867 0.012473
vt 0.326811 0.012519
vt 0.326874 0.012417
vt 0.326810 0.012617
vt 0.326758 0.012631
vt 0.326810 0.012457
vt 0.326876 0.012387
vt 0.326764 0.012556
vt 0.044310 0.187822
vt 0.044333 0.187836
vt 0.044297 0.187875
vt 0.044349 0.187773
vt 0.044366 0.187783
vt 0.044377 0.187729
vt 0.038494 0.271616
vt 0.038476 0.271592
vt 0.038538 0.271645
vt 0.038504 0.271633
vt 0.038453 0.271592
vt 0.038421 0.271554
vt 0.038469 0.271611
vt 0.305761 0.258202
vt 0.305652 0.258301
vt 0.305786 0.258102
vt 0.305869 0.258092
vt 0.305750 0.258265
vt 0.305835 0.258169
vt 0.038363 0.271513
vt 0.038346 0.271528
vt 0.038310 0.271481
vt 0.038405 0.271563
vt 0.038394 0.271579
vt 0.038443 0.271603
vt 0.332276 0.013224
vt 0.332218 0.013038
vt 0.332333 0.013311
vt 0.332311 0.013381
vt 0.332231 0.013174
vt 0.332272 0.013311
vt 0.332368 0.013755
vt 0.332424 0.013730
vt 0.332446 0.013915
vt 0.332284 0.013559
vt 0.332340 0.013552
vt 0.332380 0.013522
vt 0.332272 0.013395
vt 0.332212 0.013241
vt 0.332199 0.013352
vt 0.332179 0.013020
vt 0.030225 0.259599
vt 0.030243 0.259619
vt 0.030229 0.259688
vt 0.030262 0.259645
vt 0.030281 0.259671
vt 0.026894 0.226512
vt 0.026650 0.230804
vt 0.313863 0.134564
vt 0.312349 0.146997
vt 0.313807 0.134557
vt 0.312294 0.146988
vt 0.313751 0.134552
vt 0.026952 0.222315
vt 0.312404 0.147007
vt 0.310524 0.159107
vt 0.310469 0.159096
vt 0.019713 0.230084
vt 0.019250 0.234467
vt 0.019693 0.230082
vt 0.019230 0.234465
vt 0.019672 0.230080
vt 0.019186 0.234459
vt 0.019649 0.230078
vt 0.018591 0.238797
vt 0.018571 0.238795
vt 0.019209 0.234462
vt 0.018528 0.238788
vt 0.025545 0.239322
vt 0.314881 0.122056
vt 0.315414 0.109580
vt 0.315470 0.109577
vt 0.314825 0.122054
vt 0.315358 0.109580
vt 0.026194 0.235088
vt 0.314769 0.122051
vt 0.019977 0.225694
vt 0.020052 0.221401
vt 0.019956 0.225692
vt 0.020031 0.221399
vt 0.019935 0.225690
vt 0.020011 0.221398
vt 0.019987 0.221399
vt 0.019912 0.225690
vt 0.019956 0.217286
vt 0.019687 0.213304
vt 0.019936 0.217283
vt 0.019666 0.213302
vt 0.019915 0.217283
vt 0.019645 0.213302
vt 0.019622 0.213306
vt 0.019892 0.217285
vt 0.026843 0.218295
vt 0.310578 0.159122
vt 0.308405 0.170666
vt 0.308351 0.170653
vt 0.026567 0.214410
vt 0.308459 0.170686
vt 0.305982 0.181797
vt 0.305929 0.181781
vt 0.026116 0.210582
vt 0.306035 0.181821
vt 0.303203 0.192729
vt 0.303150 0.192708
vt 0.025479 0.206708
vt 0.303252 0.192758
vt 0.299982 0.203719
vt 0.299933 0.203687
vt 0.019192 0.209179
vt 0.018252 0.203804
vt 0.019171 0.209176
vt 0.018230 0.203797
vt 0.019151 0.209176
vt 0.018210 0.203795
vt 0.018187 0.203799
vt 0.019128 0.209181
vt 0.023707 0.198723
vt 0.019371 0.193325
vt 0.023721 0.198708
vt 0.019363 0.193278
vt 0.023733 0.198691
vt 0.279554 0.243042
vt 0.291986 0.226400
vt 0.019363 0.193242
vt 0.019374 0.193220
vt 0.024646 0.202701
vt 0.300026 0.203765
vt 0.296239 0.214982
vt 0.296197 0.214926
vt 0.296269 0.215063
vt 0.292049 0.226396
vt 0.016725 0.196445
vt 0.016702 0.196427
vt 0.016681 0.196418
vt 0.016658 0.196420
vt 0.017658 0.243343
vt 0.017637 0.243342
vt 0.018550 0.238792
vt 0.017594 0.243334
vt 0.015860 0.249483
vt 0.015837 0.249487
vt 0.017617 0.243339
vt 0.288929 0.093217
vt 0.023654 0.247815
vt 0.315660 0.097086
vt 0.315413 0.084195
vt 0.315468 0.084167
vt 0.315604 0.097095
vt 0.315357 0.084211
vt 0.024712 0.243521
vt 0.315548 0.097098
vt 0.014976 0.262746
vt 0.014963 0.262793
vt 0.307317 0.007396
vt 0.310617 0.031959
vt 0.020908 0.256866
vt 0.020921 0.256880
vt 0.310700 0.032035
vt 0.314017 0.056500
vt 0.012802 0.258289
vt 0.012776 0.258305
vt 0.015816 0.249486
vt 0.285244 0.046469
vt 0.287827 0.074332
vt 0.012752 0.258312
vt 0.281772 0.013598
vt 0.314910 0.070405
vt 0.314075 0.056510
vt 0.314131 0.056530
vt 0.314859 0.070470
vt 0.022343 0.252321
vt 0.314803 0.070512
vt 0.308634 0.134093
vt 0.307174 0.146486
vt 0.308548 0.134086
vt 0.307088 0.146480
vt 0.308462 0.134079
vt 0.307002 0.146475
vt 0.305352 0.158555
vt 0.305266 0.158550
vt 0.305179 0.158546
vt 0.293385 0.119958
vt 0.292337 0.132826
vt 0.293471 0.119966
vt 0.292423 0.132833
vt 0.293558 0.119975
vt 0.292509 0.132840
vt 0.293980 0.107107
vt 0.294066 0.107116
vt 0.294152 0.107127
vt 0.309646 0.121634
vt 0.310228 0.109200
vt 0.309560 0.121626
vt 0.310142 0.109191
vt 0.309474 0.121618
vt 0.310057 0.109180
vt 0.288982 0.158091
vt 0.290841 0.145625
vt 0.289068 0.158097
vt 0.290927 0.145631
vt 0.289155 0.158100
vt 0.291014 0.145636
vt 0.284390 0.181491
vt 0.286842 0.170006
vt 0.284477 0.181494
vt 0.286929 0.170010
vt 0.284565 0.181494
vt 0.287016 0.170012
vt 0.303242 0.170071
vt 0.303155 0.170067
vt 0.303068 0.170065
vt 0.300823 0.181155
vt 0.300736 0.181152
vt 0.300649 0.181151
vt 0.298041 0.192027
vt 0.297954 0.192026
vt 0.297865 0.192030
vt 0.294814 0.202946
vt 0.294723 0.202956
vt 0.294629 0.202977
vt 0.276861 0.208761
vt 0.281378 0.193342
vt 0.276950 0.208749
vt 0.281465 0.193343
vt 0.277042 0.208726
vt 0.281553 0.193339
vt 0.275806 0.240397
vt 0.287045 0.225185
vt 0.275810 0.240275
vt 0.286970 0.225153
vt 0.275843 0.240113
vt 0.286900 0.225114
vt 0.291074 0.214108
vt 0.290973 0.214144
vt 0.290866 0.214205
vt 0.270530 0.230218
vt 0.270625 0.230177
vt 0.270726 0.230111
vt 0.294020 0.093424
vt 0.294106 0.093436
vt 0.294192 0.093451
vt 0.292930 0.074439
vt 0.293017 0.074465
vt 0.293104 0.074502
vt 0.310407 0.096750
vt 0.310186 0.083878
vt 0.310321 0.096737
vt 0.310100 0.083852
vt 0.310235 0.096722
vt 0.310013 0.083816
vt 0.302537 0.009155
vt 0.010285 0.278143
vt 0.010269 0.278184
vt 0.297865 0.034862
vt 0.012612 0.286374
vt 0.010307 0.278125
vt 0.012584 0.286374
vt 0.012553 0.286375
vt 0.010258 0.278243
vt 0.308708 0.055958
vt 0.290340 0.046523
vt 0.290430 0.046581
vt 0.290522 0.046667
vt 0.309606 0.070189
vt 0.308877 0.055929
vt 0.309517 0.070133
vt 0.308792 0.055939
vt 0.309428 0.070053
vt 0.284295 0.013406
vt 0.286781 0.013438
vt 0.281832 0.013383
vt 0.008555 0.269228
vt 0.304845 0.007975
vt 0.013688 0.188034
vt 0.015049 0.188077
vt 0.015743 0.186649
vt 0.012326 0.187959
vt 0.013693 0.188002
vt 0.016433 0.185193
vt 0.015783 0.186654
vt 0.210263 0.087025
vt 0.210220 0.086967
vt 0.210162 0.086924
vt 0.110424 0.111187
vt 0.110482 0.111061
vt 0.110443 0.111120
vt 0.071620 0.205223
vt 0.137820 0.021199
vt 0.137902 0.021458
vt 0.077158 0.270830
vt 0.137858 0.021329
vt 0.180928 0.189870
vt 0.181000 0.189862
vt 0.181066 0.189835
vt 0.138280 0.308128
vt 0.082778 0.336474
vt 0.272382 0.159863
vt 0.138294 0.308139
vt 0.272524 0.159901
vt 0.132737 0.242463
vt 0.193803 0.279701
vt 0.132758 0.242432
vt 0.193802 0.279684
vt 0.086262 0.203283
vt 0.132749 0.242444
vt 0.071714 0.205181
vt 0.213742 0.100135
vt 0.213720 0.100086
vt 0.259628 0.065008
vt 0.213704 0.100033
vt 0.259704 0.064856
vt 0.212038 0.234546
vt 0.190905 0.180460
vt 0.190945 0.180424
vt 0.190989 0.180393
vt 0.259734 0.064842
vt 0.260035 0.156474
vt 0.259946 0.156449
vt 0.259859 0.156425
vt 0.212056 0.234572
vt 0.212063 0.234429
vt 0.112388 0.124195
vt 0.112388 0.124143
vt 0.112381 0.124090
vt 0.058065 0.111638
vt 0.057973 0.111563
vt 0.167998 0.185995
vt 0.168052 0.186002
vt 0.173942 0.243611
vt 0.168105 0.186016
vt 0.174032 0.243757
vt 0.174026 0.243789
vt 0.095662 0.195472
vt 0.095734 0.195411
vt 0.095803 0.195352
vt 0.233299 0.034818
vt 0.197287 0.083335
vt 0.197233 0.083319
vt 0.197183 0.083298
vt 0.120974 0.103568
vt 0.121006 0.103530
vt 0.121024 0.103485
vt 0.073596 0.072631
vt 0.073582 0.072606
vt 0.141327 0.033145
vt 0.141331 0.033233
vt 0.141326 0.033320
vt 0.233315 0.034788
vt 0.215294 0.102028
vt 0.215277 0.101976
vt 0.215255 0.101928
vt 0.216503 0.105251
vt 0.193243 0.179640
vt 0.193286 0.179611
vt 0.193328 0.179576
vt 0.196132 0.177484
vt 0.257041 0.155632
vt 0.256955 0.155608
vt 0.256868 0.155583
vt 0.252999 0.154501
vt 0.112420 0.130245
vt 0.111779 0.126637
vt 0.111772 0.126585
vt 0.111772 0.126534
vt 0.165574 0.186329
vt 0.165627 0.186342
vt 0.165679 0.186348
vt 0.162153 0.185447
vt 0.098146 0.193301
vt 0.098213 0.193241
vt 0.098281 0.193181
vt 0.101229 0.190183
vt 0.195236 0.081688
vt 0.195188 0.081666
vt 0.195135 0.081650
vt 0.192593 0.079756
vt 0.121021 0.100647
vt 0.121064 0.100562
vt 0.122011 0.095843
vt 0.121037 0.100602
vt 0.140931 0.037000
vt 0.140923 0.037088
vt 0.140922 0.037173
vt 0.144229 0.042783
vt 0.179974 0.133953
vt 0.179961 0.134000
vt 0.179947 0.134046
vt 0.212312 0.231407
vt 0.212204 0.231399
vt 0.212094 0.233874
vt 0.212257 0.231403
vt 0.060559 0.113508
vt 0.060527 0.113549
vt 0.060495 0.113590
vt 0.172415 0.240917
vt 0.171255 0.239124
vt 0.172315 0.240976
vt 0.172365 0.240946
vt 0.163283 0.117005
vt 0.163329 0.116993
vt 0.163375 0.116982
vt 0.163422 0.116970
vt 0.230151 0.036400
vt 0.227999 0.037509
vt 0.230204 0.036502
vt 0.230177 0.036450
vt 0.258221 0.067584
vt 0.258318 0.067634
vt 0.258269 0.067609
vt 0.156657 0.139507
vt 0.156625 0.139472
vt 0.156593 0.139437
vt 0.077726 0.072295
vt 0.077699 0.072349
vt 0.077723 0.072245
vt 0.056739 0.226178
vt 0.056544 0.230505
vt 0.056758 0.226180
vt 0.056563 0.230506
vt 0.056778 0.226181
vt 0.056582 0.230508
vt 0.401600 0.147191
vt 0.402996 0.134377
vt 0.056735 0.221940
vt 0.056754 0.221942
vt 0.056773 0.221942
vt 0.399779 0.159650
vt 0.049560 0.229869
vt 0.049152 0.234275
vt 0.049539 0.229867
vt 0.049132 0.234273
vt 0.049519 0.229866
vt 0.375862 0.132510
vt 0.048546 0.238636
vt 0.048525 0.238634
vt 0.049111 0.234271
vt 0.376673 0.119478
vt 0.055530 0.239063
vt 0.056121 0.234809
vt 0.055550 0.239064
vt 0.056140 0.234811
vt 0.055569 0.239067
vt 0.056182 0.234816
vt 0.055591 0.239071
vt 0.056160 0.234813
vt 0.056605 0.230510
vt 0.049758 0.225457
vt 0.049760 0.221140
vt 0.049738 0.225455
vt 0.049739 0.221138
vt 0.049717 0.225454
vt 0.049718 0.221137
vt 0.374491 0.145469
vt 0.372662 0.158083
vt 0.049585 0.217002
vt 0.049231 0.213006
vt 0.049564 0.217000
vt 0.049210 0.213004
vt 0.049544 0.217000
vt 0.049190 0.213005
vt 0.370468 0.170111
vt 0.367887 0.181660
vt 0.056551 0.217880
vt 0.056571 0.217881
vt 0.056590 0.217881
vt 0.397596 0.171537
vt 0.056188 0.213959
vt 0.056207 0.213960
vt 0.056227 0.213959
vt 0.395027 0.182977
vt 0.055636 0.210104
vt 0.055656 0.210106
vt 0.055675 0.210104
vt 0.392011 0.194198
vt 0.054877 0.206226
vt 0.054898 0.206233
vt 0.054918 0.206234
vt 0.388450 0.205463
vt 0.048644 0.208879
vt 0.047600 0.203518
vt 0.048623 0.208877
vt 0.047578 0.203511
vt 0.048602 0.208877
vt 0.047557 0.203509
vt 0.364675 0.193528
vt 0.359803 0.208911
vt 0.052835 0.198522
vt 0.048707 0.193018
vt 0.052849 0.198508
vt 0.048700 0.192970
vt 0.052864 0.198493
vt 0.366302 0.244218
vt 0.379345 0.228264
vt 0.048701 0.192933
vt 0.053903 0.202280
vt 0.053927 0.202297
vt 0.053948 0.202305
vt 0.384247 0.216938
vt 0.046037 0.196099
vt 0.046014 0.196081
vt 0.045992 0.196071
vt 0.352764 0.230238
vt 0.047650 0.243214
vt 0.047629 0.243213
vt 0.048505 0.238631
vt 0.376903 0.106488
vt 0.045971 0.249407
vt 0.045949 0.249411
vt 0.047609 0.243210
vt 0.376412 0.092750
vt 0.053770 0.247632
vt 0.054773 0.243297
vt 0.053791 0.247628
vt 0.054793 0.243298
vt 0.053811 0.247628
vt 0.403195 0.082264
vt 0.054812 0.243300
vt 0.054834 0.243305
vt 0.045726 0.262643
vt 0.045716 0.262691
vt 0.045714 0.262728
vt 0.371296 0.013896
vt 0.051100 0.256517
vt 0.051114 0.256531
vt 0.051129 0.256544
vt 0.387340 0.033291
vt 0.043253 0.258290
vt 0.043228 0.258307
vt 0.045928 0.249412
vt 0.370971 0.047250
vt 0.374487 0.074000
vt 0.043204 0.258315
vt 0.370853 0.014099
vt 0.052496 0.252147
vt 0.052520 0.252132
vt 0.399386 0.053852
vt 0.052542 0.252125
vt 0.401768 0.068123
vt 0.397721 0.133970
vt 0.396339 0.146712
vt 0.397633 0.133964
vt 0.396251 0.146706
vt 0.397544 0.133958
vt 0.396162 0.146701
vt 0.394523 0.159104
vt 0.394435 0.159099
vt 0.394346 0.159096
vt 0.381842 0.119761
vt 0.381022 0.132902
vt 0.381929 0.119767
vt 0.381109 0.132908
vt 0.382018 0.119774
vt 0.381198 0.132913
vt 0.382071 0.106640
vt 0.382159 0.106646
vt 0.382248 0.106653
vt 0.398547 0.121137
vt 0.398842 0.108317
vt 0.398458 0.121130
vt 0.398754 0.108310
vt 0.398370 0.121123
vt 0.398665 0.108302
vt 0.377803 0.158660
vt 0.379642 0.145959
vt 0.377891 0.158665
vt 0.379730 0.145964
vt 0.377980 0.158669
vt 0.379819 0.145969
vt 0.372993 0.182430
vt 0.375597 0.170778
vt 0.373081 0.182435
vt 0.375685 0.170783
vt 0.373170 0.182436
vt 0.375774 0.170786
vt 0.392347 0.170921
vt 0.392259 0.170916
vt 0.392169 0.170913
vt 0.389783 0.182281
vt 0.389694 0.182276
vt 0.389604 0.182275
vt 0.386768 0.193408
vt 0.386678 0.193406
vt 0.386586 0.193408
vt 0.383209 0.204558
vt 0.383115 0.204566
vt 0.383018 0.204585
vt 0.364743 0.209824
vt 0.369724 0.194398
vt 0.364833 0.209815
vt 0.369813 0.194400
vt 0.364926 0.209796
vt 0.369902 0.194398
vt 0.362652 0.241456
vt 0.374489 0.226849
vt 0.362660 0.241339
vt 0.374416 0.226814
vt 0.362700 0.241183
vt 0.374347 0.226772
vt 0.362683 0.241524
vt 0.379023 0.215866
vt 0.378920 0.215900
vt 0.378808 0.215957
vt 0.357720 0.231028
vt 0.357815 0.230991
vt 0.357917 0.230929
vt 0.381546 0.092740
vt 0.381633 0.092748
vt 0.381721 0.092760
vt 0.379474 0.073860
vt 0.379560 0.073882
vt 0.379647 0.073914
vt 0.398627 0.095472
vt 0.397841 0.082208
vt 0.398538 0.095462
vt 0.397750 0.082185
vt 0.398448 0.095450
vt 0.397660 0.082153
vt 0.383460 0.035761
vt 0.383450 0.035865
vt 0.383461 0.036006
vt 0.394369 0.054506
vt 0.394290 0.054525
vt 0.394214 0.054550
vt 0.376035 0.047409
vt 0.376115 0.047459
vt 0.376197 0.047534
vt 0.396408 0.068239
vt 0.396315 0.068190
vt 0.396220 0.068117
vt 0.372484 0.017127
vt 0.373487 0.019765
vt 0.371023 0.013878
vt 0.372561 0.017116
vt 0.345322 0.256231
vt 0.348037 0.256107
vt 0.345332 0.256263
vt 0.045187 0.187066
vt 0.348029 0.256075
vt 0.045945 0.186749
vt 0.026745 0.230961
vt 0.026930 0.226573
vt 0.026726 0.230960
vt 0.026910 0.226571
vt 0.026706 0.230959
vt 0.026891 0.226570
vt 0.357165 0.143599
vt 0.358367 0.131124
vt 0.026775 0.235255
vt 0.026756 0.235254
vt 0.026736 0.235254
vt 0.355611 0.155757
vt 0.033988 0.227214
vt 0.332414 0.116586
vt 0.331700 0.129477
vt 0.331639 0.129471
vt 0.332475 0.116587
vt 0.331760 0.129482
vt 0.034413 0.222778
vt 0.332716 0.103744
vt 0.332777 0.103739
vt 0.332534 0.116588
vt 0.027994 0.217861
vt 0.027350 0.222193
vt 0.027975 0.217859
vt 0.027331 0.222191
vt 0.027955 0.217856
vt 0.359525 0.106076
vt 0.027311 0.222189
vt 0.359144 0.118588
vt 0.033801 0.231658
vt 0.033829 0.236008
vt 0.328883 0.154779
vt 0.330500 0.142305
vt 0.328943 0.154794
vt 0.330560 0.142313
vt 0.329002 0.154805
vt 0.330440 0.142295
vt 0.034042 0.240176
vt 0.034438 0.244192
vt 0.034063 0.240177
vt 0.034459 0.244193
vt 0.324877 0.178154
vt 0.327175 0.166722
vt 0.324934 0.178172
vt 0.327058 0.166691
vt 0.327117 0.166708
vt 0.027000 0.239364
vt 0.026980 0.239362
vt 0.026961 0.239363
vt 0.353777 0.167391
vt 0.027424 0.243310
vt 0.027405 0.243309
vt 0.027385 0.243310
vt 0.026938 0.239367
vt 0.028007 0.247192
vt 0.027988 0.247190
vt 0.027968 0.247191
vt 0.027363 0.243314
vt 0.028757 0.251130
vt 0.028737 0.251123
vt 0.028717 0.251122
vt 0.027946 0.247196
vt 0.035088 0.248357
vt 0.036306 0.253896
vt 0.035110 0.248359
vt 0.036328 0.253904
vt 0.317263 0.206259
vt 0.322024 0.190103
vt 0.317315 0.206296
vt 0.321968 0.190079
vt 0.035249 0.264889
vt 0.035254 0.264933
vt 0.035253 0.264967
vt 0.029701 0.255155
vt 0.029679 0.255140
vt 0.029659 0.255133
vt 0.029638 0.255137
vt 0.028696 0.251128
vt 0.038081 0.261759
vt 0.038105 0.261778
vt 0.309824 0.229719
vt 0.309780 0.229659
vt 0.035065 0.218392
vt 0.332440 0.090122
vt 0.332499 0.090109
vt 0.332837 0.103737
vt 0.036040 0.213793
vt 0.331138 0.071394
vt 0.331193 0.071359
vt 0.332559 0.090101
vt 0.029974 0.209206
vt 0.028857 0.213573
vt 0.029952 0.209209
vt 0.028837 0.213572
vt 0.029932 0.209209
vt 0.359155 0.080512
vt 0.028818 0.213568
vt 0.359539 0.093529
vt 0.038500 0.194111
vt 0.038511 0.194062
vt 0.038513 0.194024
vt 0.038503 0.193999
vt 0.032892 0.200291
vt 0.032877 0.200278
vt 0.032863 0.200263
vt 0.346241 0.030790
vt 0.037890 0.207576
vt 0.328808 0.044399
vt 0.328859 0.044326
vt 0.331251 0.071337
vt 0.328913 0.044280
vt 0.040865 0.198578
vt 0.326717 0.012951
vt 0.326762 0.012788
vt 0.031374 0.204680
vt 0.031349 0.204695
vt 0.356606 0.052496
vt 0.031327 0.204701
vt 0.358265 0.066661
vt 0.353232 0.130768
vt 0.352030 0.143209
vt 0.353146 0.130762
vt 0.351944 0.143205
vt 0.353059 0.130757
vt 0.351858 0.143201
vt 0.350479 0.155336
vt 0.350393 0.155333
vt 0.350306 0.155331
vt 0.337634 0.116880
vt 0.336858 0.129833
vt 0.337721 0.116886
vt 0.336944 0.129838
vt 0.337808 0.116893
vt 0.337031 0.129843
vt 0.337943 0.103947
vt 0.338029 0.103954
vt 0.338117 0.103962
vt 0.354000 0.118263
vt 0.354367 0.105775
vt 0.353914 0.118256
vt 0.354281 0.105768
vt 0.353828 0.118249
vt 0.354194 0.105759
vt 0.334086 0.155255
vt 0.335650 0.142715
vt 0.334173 0.155258
vt 0.335736 0.142719
vt 0.334261 0.155260
vt 0.335823 0.142722
vt 0.330000 0.178799
vt 0.332236 0.167239
vt 0.330087 0.178801
vt 0.332323 0.167241
vt 0.330176 0.178800
vt 0.332411 0.167241
vt 0.348638 0.166930
vt 0.348552 0.166928
vt 0.348464 0.166928
vt 0.346463 0.178115
vt 0.346376 0.178114
vt 0.346288 0.178115
vt 0.343937 0.189155
vt 0.343849 0.189157
vt 0.343760 0.189162
vt 0.341128 0.200463
vt 0.341036 0.200476
vt 0.340942 0.200499
vt 0.322334 0.207197
vt 0.327089 0.190872
vt 0.322425 0.207185
vt 0.327178 0.190872
vt 0.322519 0.207161
vt 0.327267 0.190866
vt 0.029805 0.260333
vt 0.034118 0.265982
vt 0.029790 0.260357
vt 0.034072 0.265963
vt 0.029773 0.260381
vt 0.034022 0.265936
vt 0.029757 0.260400
vt 0.034153 0.265989
vt 0.338112 0.212331
vt 0.338012 0.212367
vt 0.337908 0.212425
vt 0.334984 0.224505
vt 0.334899 0.224480
vt 0.334816 0.224446
vt 0.314825 0.230689
vt 0.305928 0.257931
vt 0.314924 0.230651
vt 0.306067 0.257764
vt 0.315029 0.230587
vt 0.337665 0.090215
vt 0.337751 0.090225
vt 0.337837 0.090238
vt 0.336252 0.071394
vt 0.336338 0.071419
vt 0.336423 0.071455
vt 0.354355 0.093254
vt 0.353929 0.080290
vt 0.354269 0.093244
vt 0.353842 0.080266
vt 0.354182 0.093230
vt 0.353754 0.080231
vt 0.342188 0.032607
vt 0.342167 0.032720
vt 0.342165 0.032877
vt 0.351595 0.052845
vt 0.351515 0.052859
vt 0.351436 0.052879
vt 0.333811 0.044429
vt 0.333895 0.044487
vt 0.333980 0.044571
vt 0.352996 0.066562
vt 0.352907 0.066510
vt 0.352816 0.066434
vt 0.329360 0.012454
vt 0.332152 0.013051
vt 0.043028 0.186601
vt 0.043692 0.187139
vt 0.043014 0.186616
vt 0.043708 0.187126
vt 0.300992 0.257233
vt 0.039261 0.271350
vt 0.303281 0.257861
vt 0.038534 0.271637
vt 0.212063 0.234248
vt 0.212052 0.234458
vt 0.233217 0.034852
vt 0.173978 0.243677
vt 0.259665 0.064942
vt 0.337405 0.224761
vt 0.281825 0.013443
vt 0.266894 0.259343
vt 0.307108 0.007072
vt 0.263987 0.255550
vt 0.157671 0.138503
vt 0.173916 0.243567
vt 0.163686 0.118373
vt 0.163663 0.118379
vt 0.071617 0.205188
vt 0.044413 0.187421
vt 0.040111 0.268922
vt 0.350705 0.255346
vt 0.044369 0.187636
vt 0.292111 0.226388
vt 0.305947 0.032452
vt 0.012522 0.286377
vt 0.012325 0.187926
vt 0.016469 0.185207
vt 0.403963 0.095639
vt 0.371067 0.013870
s 1
g off
g esquina_08_Holocron_Corners.001
usemtl Holocron_Corners.001
f 1236/1/1 1/2/2 200/3/3
f 1187/4/4 20/5/5 105/6/6
f 88/7/2 225/8/7 3/9/2
f 214/10/8 113/11/9 1197/12/10
f 4/13/2 1201/14/11 204/15/12
f 199/16/13 105/6/6 16/17/14
f 210/18/15 101/19/16 14/20/17
f 224/21/18 108/22/19 1192/23/20
f 3/9/2 1176/24/21 220/25/22
f 1191/26/23 4/13/2 87/27/2
f 1197/12/10 22/28/24 229/29/25
f 1207/30/26 19/31/27 235/32/28
f 1202/33/29 26/34/30 205/35/31
f 229/29/25 107/36/32 1212/37/33
f 1212/37/33 23/38/34 239/39/35
f 1222/40/36 18/41/37 245/42/38
f 89/43/2 234/44/39 1201/14/11
f 239/39/35 114/45/40 1227/46/41
f 1227/46/41 1339/47/42 251/48/43
f 267/49/44 112/50/45 1222/40/36
f 90/51/46 244/52/47 1206/53/48
f 1237/54/49 16/17/14 103/55/50
f 272/56/51 103/55/50 17/57/52
f 278/58/53 109/59/54 13/60/55
f 1/2/2 1181/61/56 88/7/2
f 1252/62/57 17/57/52 111/63/58
f 283/64/59 111/63/58 21/65/60
f 1247/66/61 1336/67/62 109/59/54
f 6/68/2 1231/69/63 92/70/2
f 105/6/6 326/71/64 1266/72/65
f 10/73/66 1282/74/67 96/75/66
f 24/76/68 1276/77/69 113/11/9
f 335/78/70 97/79/71 1292/80/72
f 103/55/50 306/81/73 1316/82/74
f 15/83/75 1261/84/76 331/85/77
f 15/83/75 1271/86/78 108/22/19
f 102/87/79 315/88/80 1261/84/76
f 115/89/81 326/71/64 20/5/5
f 116/90/82 310/91/83 26/34/30
f 19/31/27 1281/92/84 116/90/82
f 22/28/24 1291/93/85 107/36/32
f 1277/94/86 8/95/66 335/78/70
f 104/96/87 340/97/88 19/31/27
f 18/41/37 1286/98/89 104/96/87
f 23/38/34 1306/99/90 114/45/40
f 1292/80/72 11/100/71 345/101/91
f 112/50/45 350/102/92 18/41/37
f 25/103/93 1301/104/94 112/50/45
f 114/45/40 356/105/95 1339/47/42
f 305/106/96 95/107/66 7/108/66
f 14/20/17 1311/109/97 315/88/80
f 101/19/16 382/110/98 1311/109/97
f 111/63/58 378/111/99 1331/112/100
f 99/113/66 377/114/101 1317/115/102
f 13/60/55 1326/116/103 382/110/98
f 109/59/54 394/117/104 1326/116/103
f 21/65/60 1331/112/100 387/118/105
f 1182/119/106 14/20/17 102/87/79
f 1242/120/107 21/65/60 106/121/108
f 106/121/108 387/118/105 1321/122/109
f 7/108/66 1262/123/110 316/124/111
f 225/8/7 87/27/2 3/9/2
f 1192/23/20 24/76/68 214/10/8
f 108/22/19 321/125/112 24/76/68
f 95/107/66 330/126/113 1262/123/110
f 93/127/2 277/128/114 6/68/2
f 200/3/3 88/7/2 1186/129/115
f 16/17/14 1266/72/65 306/81/73
f 383/130/116 100/131/66 12/132/66
f 235/32/28 116/90/82 1202/33/29
f 1217/133/117 1340/134/118 110/135/119
f 110/135/119 355/136/120 1296/137/121
f 96/75/66 341/138/122 8/95/66
f 205/35/31 115/89/81 1177/139/123
f 224/21/18 102/87/79 15/83/75
f 1267/140/124 9/141/66 95/107/66
f 26/34/30 1256/142/125 115/89/81
f 1241/143/126 1246/144/127 93/127/2
f 282/145/128 93/127/2 1251/146/129
f 100/131/66 388/147/130 1332/148/131
f 1327/149/132 1322/150/133 100/131/66
f 5/151/46 1221/152/134 244/52/47
f 1196/153/135 2/154/2 89/43/2
f 113/11/9 336/155/136 22/28/24
f 11/100/71 1302/156/137 98/157/138
f 215/158/139 89/43/2 4/13/2
f 230/159/140 90/51/46 2/154/2
f 94/160/66 330/126/113 9/141/66
f 10/73/66 1272/161/141 94/160/66
f 1232/162/142 13/60/55 101/19/16
f 7/108/66 1317/115/102 305/106/96
s 2
f 1369/163/143 1459/164/144 409/165/145
s 1
f 1312/166/146 12/132/66 99/113/66
f 91/167/147 268/168/148 1221/152/134
f 1226/169/149 1216/170/150 91/167/147
f 1307/171/151 1297/172/152 357/173/153
f 98/157/138 372/174/154 1297/172/152
f 1242/120/107 1337/175/155 287/176/156
f 273/177/157 92/70/2 1236/1/1
f 17/57/52 1316/82/74 378/111/99
f 106/121/108 392/178/158 1337/175/155
f 245/42/38 104/96/87 1207/30/26
f 1251/146/129 6/68/2 273/177/157
f 12/132/66 1332/148/131 377/114/101
f 97/79/71 351/179/159 11/100/71
f 2/154/2 1206/53/48 234/44/39
f 1177/139/123 20/5/5 219/180/160
f 320/181/161 96/75/66 1277/94/86
f 8/95/66 1287/182/162 97/79/71
f 1217/133/117 25/103/93 267/49/44
f 1211/183/163 5/151/46 90/51/46
f 107/36/32 346/184/164 23/38/34
f 110/135/119 373/185/165 25/103/93
f 1186/129/115 3/9/2 220/25/22
f 87/27/2 204/15/12 1176/24/21
f 311/186/166 94/160/66 1257/187/167
f 1257/187/167 9/141/66 325/188/168
f 92/70/2 209/189/169 1/2/2
f 240/190/170 91/167/147 5/151/46
f 345/101/91 98/157/138 1307/171/151
f 316/124/111 99/113/66 7/108/66
s 2
f 455/191/171 129/192/172 34/193/173
f 502/194/174 135/195/175 1405/196/176
f 1495/197/177 1449/198/178 135/195/175
f 708/199/179 130/200/180 1445/201/181
f 478/202/182 126/203/183 1394/204/184
f 434/205/185 136/206/186 1369/163/143
f 1472/207/187 1435/208/188 137/209/189
f 1445/201/181 1455/210/190 689/211/191
f 445/212/192 123/213/193 29/214/194
f 424/215/195 134/216/196 1468/217/197
f 1420/218/198 1425/219/199 621/220/200
f 134/216/196 636/221/201 1430/222/202
f 27/223/203 1362/224/204 123/213/193
f 31/225/205 1366/226/206 567/227/207
f 32/228/208 1366/226/206 126/203/183
f 436/229/209 133/230/210 1486/231/211
f 1375/232/212 1460/233/213 119/234/214
f 33/235/215 1348/236/216 128/237/217
f 34/193/173 1353/238/218 530/239/219
f 411/240/220 121/241/221 1370/242/222
f 1380/243/223 1464/244/224 133/230/210
s 3
f 1361/245/225 1365/246/226 513/247/227
s 2
f 30/248/228 1347/249/229 549/250/230
f 455/191/171 127/251/231 1399/252/232
f 445/212/192 122/253/233 1374/254/234
f 27/223/203 1342/255/235 532/256/236
f 34/193/173 1343/257/237 127/251/231
f 1389/258/238 1489/259/239 464/260/240
f 1395/261/241 1469/262/242 118/263/243
f 35/264/244 1353/238/218 129/192/172
f 35/264/244 1348/236/216 569/265/245
f 479/266/246 118/263/243 1473/267/247
f 477/268/248 137/209/189 1389/258/238
f 28/269/249 1357/270/250 548/271/251
f 29/214/194 1357/270/250 122/253/233
f 426/272/252 124/273/253 1385/274/254
f 488/275/255 127/251/231 33/235/215
f 29/214/194 1362/224/204 512/276/256
f 1485/277/257 1415/278/258 136/206/186
f 1405/196/176 1476/279/259 489/280/260
f 1410/281/261 1481/282/262 138/283/263
s 3
f 1352/284/264 1361/245/225 531/285/265
s 2
f 28/269/249 1342/255/235 121/241/221
f 504/286/266 138/283/263 1494/287/267
f 487/288/268 117/289/269 1400/290/270
f 30/248/228 1356/291/271 125/292/272
f 31/225/205 1347/249/229 124/273/253
f 1384/293/273 1490/294/274 134/216/196
f 32/228/208 1356/291/271 514/295/275
s 3
f 568/296/276 120/297/277 1352/284/264
s 2
f 33/235/215 1343/257/237 550/298/278
f 135/195/175 707/299/279 1476/279/259
f 1494/287/267 1454/300/280 725/301/281
f 138/283/263 690/302/282 1454/300/280
f 119/234/214 604/303/283 1419/304/284
f 133/230/210 586/305/285 1486/231/211
f 133/230/210 622/306/286 1424/307/287
f 118/263/243 656/308/288 1439/309/289
f 137/209/189 637/310/290 1489/259/239
f 1473/267/247 1439/309/289 671/311/291
f 435/312/292 123/213/193 1379/313/293
f 443/314/294 119/234/214 1465/315/295
f 1465/315/295 1419/304/284 620/316/296
f 136/206/186 602/317/297 1459/164/144
f 426/272/252 126/203/183 31/225/205
f 463/318/298 124/273/253 30/248/228
f 638/319/299 132/320/300 1429/321/301
f 1429/321/301 1440/322/302 655/323/303
f 488/275/255 128/237/217 1404/324/304
f 503/325/305 128/237/217 35/264/244
f 1455/210/190 1450/326/306 726/327/307
f 117/289/269 706/328/308 1444/329/309
f 411/240/220 122/253/233 28/269/249
f 435/312/292 121/241/221 27/223/203
f 1425/219/199 1414/330/310 587/331/311
f 603/332/312 131/333/313 1420/218/198
f 463/318/298 125/292/272 1390/334/314
f 478/202/182 125/292/272 32/228/208
f 1440/322/302 1434/335/315 672/336/316
f 134/216/196 654/337/317 1468/217/197
f 503/325/305 129/192/172 1409/338/318
f 453/339/319 117/289/269 1482/340/320
f 117/289/269 688/341/321 1482/340/320
s 4
f 1559/342/322 36/343/323 744/344/324
f 1510/345/325 55/346/326 157/347/327
f 140/348/323 769/349/328 38/350/323
f 758/351/329 165/352/330 1520/353/331
f 39/354/323 1524/355/332 748/356/333
f 743/357/334 157/347/327 51/358/335
f 754/359/336 153/360/337 49/361/338
f 768/362/339 160/363/340 1515/364/341
f 38/350/323 1499/365/342 764/366/343
f 1514/367/344 39/354/323 139/368/323
f 1520/353/331 57/369/345 773/370/346
f 1530/371/347 54/372/348 779/373/349
f 1525/374/350 61/375/351 749/376/352
f 773/370/346 159/377/353 1535/378/354
f 1535/378/354 58/379/355 783/380/356
f 1545/381/357 53/382/358 789/383/359
f 141/384/323 778/385/360 1524/355/332
f 783/380/356 166/386/361 1550/387/362
f 1550/387/362 1662/388/363 795/389/364
f 811/390/365 164/391/366 1545/381/357
f 142/392/323 788/393/367 1529/394/368
f 1560/395/369 51/358/335 155/396/370
f 816/397/371 155/396/370 52/398/372
f 822/399/373 161/400/374 48/401/375
f 36/343/323 1504/402/376 140/348/323
f 1575/403/377 52/398/372 163/404/378
f 827/405/379 163/404/378 56/406/380
f 1570/407/381 1659/408/382 161/400/374
f 41/409/323 1554/410/383 144/411/323
f 157/347/327 870/412/384 1589/413/385
f 45/414/386 1605/415/387 148/416/386
f 59/417/388 1599/418/389 165/352/330
f 879/419/390 149/420/386 1615/421/391
f 155/396/370 850/422/392 1639/423/393
f 50/424/394 1584/425/395 875/426/396
f 50/424/394 1594/427/397 160/363/340
f 154/428/398 859/429/399 1584/425/395
f 167/430/400 870/412/384 55/346/326
f 168/431/401 854/432/402 61/375/351
f 54/372/348 1604/433/403 168/431/401
f 57/369/345 1614/434/404 159/377/353
f 1600/435/405 43/436/386 879/419/390
f 156/437/406 884/438/407 54/372/348
f 53/382/358 1609/439/408 156/437/406
f 58/379/355 1629/440/409 166/386/361
f 1615/421/391 46/441/410 889/442/411
f 164/391/366 894/443/412 53/382/358
f 60/444/413 1624/445/414 164/391/366
f 166/386/361 900/446/415 1662/388/363
f 849/447/416 147/448/386 42/449/386
f 49/361/338 1634/450/417 859/429/399
f 153/360/337 926/451/418 1634/450/417
f 163/404/378 922/452/419 1654/453/420
f 151/454/386 921/455/421 1640/456/422
f 48/401/375 1649/457/423 926/451/418
f 161/400/374 938/458/424 1649/457/423
f 56/406/380 1654/453/420 931/459/425
f 1505/460/426 49/361/338 154/428/398
f 1565/461/427 56/406/380 158/462/428
f 158/462/428 931/459/425 1644/463/429
f 42/449/386 1585/464/430 860/465/431
f 769/349/328 139/368/323 38/350/323
f 1515/364/341 59/417/388 758/351/329
f 160/363/340 865/466/432 59/417/388
f 147/448/386 874/467/433 1585/464/430
f 145/468/323 821/469/434 41/409/323
f 744/344/324 140/348/323 1509/470/435
f 51/358/335 1589/413/385 850/422/392
f 927/471/436 152/472/386 47/473/386
f 779/373/349 168/431/401 1525/374/350
f 1540/474/437 1663/475/438 162/476/439
f 162/476/439 899/477/440 1619/478/441
f 148/416/386 885/479/442 43/436/386
f 749/376/352 167/430/400 1500/480/443
f 768/362/339 154/428/398 50/424/394
f 1590/481/444 44/482/386 147/448/386
f 61/375/351 1579/483/445 167/430/400
f 1564/484/446 1569/485/447 145/468/323
f 826/486/448 145/468/323 1574/487/449
f 152/472/386 932/488/450 1655/489/451
f 1650/490/452 1645/491/453 152/472/386
f 40/492/323 1544/493/454 788/393/367
f 1519/494/455 37/495/323 141/384/323
f 165/352/330 880/496/456 57/369/345
f 46/441/410 1625/497/457 150/498/410
f 759/499/458 141/384/323 39/354/323
f 774/500/459 142/392/323 37/495/323
f 146/501/386 874/467/433 44/482/386
f 45/414/386 1595/502/460 146/501/386
f 1555/503/461 48/401/375 153/360/337
f 42/449/386 1640/456/422 849/447/416
s 5
f 1725/504/462 62/505/463 954/506/464
s 4
f 1635/507/465 47/473/386 151/454/386
f 143/508/466 812/509/467 1544/493/454
f 1549/510/468 1539/511/469 143/508/466
f 1630/512/470 1620/513/471 901/514/472
f 150/498/410 916/515/473 1620/513/471
f 1565/461/427 1660/516/474 831/517/475
f 817/518/476 144/411/323 1559/342/322
f 52/398/372 1639/423/393 922/452/419
f 158/462/428 936/519/477 1660/516/474
f 789/383/359 156/437/406 1530/371/347
f 1574/487/449 41/409/323 817/518/476
f 47/473/386 1655/489/451 921/455/421
f 149/420/386 895/520/478 46/441/410
f 37/495/323 1529/394/368 778/385/360
f 1500/480/443 55/346/326 763/521/479
f 864/522/480 148/416/386 1600/435/405
f 43/436/386 1610/523/481 149/420/386
f 1540/524/437 60/444/413 811/390/365
f 1534/525/482 40/492/323 142/392/323
f 159/377/353 890/526/483 58/379/355
f 162/527/439 917/528/484 60/444/413
f 1509/470/435 38/350/323 764/366/343
f 139/368/323 748/356/333 1499/365/342
f 855/529/485 146/501/386 1580/530/486
f 1580/530/486 44/482/386 869/531/487
f 144/411/323 753/532/488 36/343/323
f 784/533/489 143/508/466 40/492/323
f 889/442/411 150/498/410 1630/512/470
f 860/465/431 151/454/386 42/449/386
s 5
f 1676/534/490 81/535/491 187/536/492
f 170/537/463 979/538/493 64/539/463
f 968/540/494 195/541/495 1686/542/496
f 65/543/463 1690/544/497 958/545/498
f 953/546/499 187/536/492 77/547/500
f 964/548/501 183/549/502 75/550/503
f 978/551/504 190/552/505 1681/553/506
f 64/539/463 1665/554/507 974/555/508
f 1680/556/509 65/543/463 169/557/463
f 1686/542/496 83/558/510 983/559/511
f 1696/560/512 80/561/513 989/562/514
f 1691/563/515 86/564/516 959/565/517
f 983/559/511 189/566/518 1701/567/519
f 1701/567/519 84/568/520 993/569/521
f 1711/570/522 79/571/523 999/572/524
f 171/573/463 988/574/525 1690/544/497
f 993/569/521 196/575/526 1716/576/527
f 1716/576/527 1828/577/528 1005/578/529
f 1022/579/530 194/580/531 1711/570/522
f 172/581/532 998/582/533 1695/583/534
f 1726/584/535 77/547/500 185/585/536
f 1039/586/537 185/585/536 78/587/538
f 1045/588/539 191/589/540 74/590/541
f 62/505/463 1670/591/542 170/537/463
f 1741/592/543 78/587/538 193/593/544
f 1050/594/545 193/593/544 82/595/546
f 1736/596/547 1825/597/548 191/589/540
f 67/598/463 1720/599/549 174/600/463
f 187/536/492 1093/601/550 1755/602/551
f 71/603/552 1771/604/553 178/605/552
f 85/606/554 1765/607/555 195/541/495
f 1102/608/556 179/609/557 1781/610/558
f 185/585/536 1073/611/559 1805/612/560
f 76/613/561 1750/614/562 1098/615/563
f 76/613/561 1760/616/564 190/552/505
f 184/617/565 1082/618/566 1750/614/562
f 197/619/567 1093/601/550 81/535/491
f 198/620/568 1077/621/569 86/564/516
f 80/561/513 1770/622/570 198/620/568
f 83/558/510 1780/623/571 189/566/518
f 1766/624/572 69/625/573 1102/608/556
f 186/626/574 1107/627/575 80/561/513
f 79/571/523 1775/628/576 186/626/574
f 84/568/520 1795/629/577 196/575/526
f 1781/610/558 72/630/578 1112/631/579
f 194/580/531 1117/632/580 79/571/523
f 1831/633/581 1140/634/582 1790/635/583
f 196/575/526 1123/636/584 1828/577/528
f 1072/637/585 177/638/552 68/639/552
f 75/550/503 1800/640/586 1082/618/566
f 183/549/502 1149/641/587 1800/640/586
f 193/593/544 1145/642/588 1820/643/589
f 181/644/552 1144/645/590 1806/646/591
f 74/590/541 1815/647/592 1149/641/587
f 191/589/540 1161/648/593 1815/647/592
f 82/595/546 1820/643/589 1154/649/594
f 1671/650/595 75/550/503 184/617/565
f 1731/651/596 82/595/546 188/652/597
f 188/652/597 1154/649/594 1810/653/598
f 68/639/552 1751/654/599 1083/655/600
f 979/538/493 169/557/463 64/539/463
f 1681/553/506 85/606/554 968/540/494
f 190/552/505 1088/656/601 85/606/554
f 177/638/552 1097/657/602 1751/654/599
f 175/658/463 1044/659/603 67/598/463
f 954/506/464 170/537/463 1675/660/604
f 77/547/500 1755/602/551 1073/611/559
f 1150/661/605 182/662/552 73/663/552
f 989/562/514 198/620/568 1691/563/515
f 1706/664/606 1829/665/607 192/666/608
f 192/666/608 1122/667/609 1785/668/610
f 178/605/552 1108/669/611 69/625/573
f 959/565/517 197/619/567 1666/670/612
f 978/551/504 184/617/565 76/613/561
f 1756/671/613 70/672/552 177/638/552
f 86/564/516 1745/673/614 197/619/567
f 1730/674/615 1735/675/616 175/658/463
f 1049/676/617 175/658/463 1740/677/618
f 182/662/552 1155/678/619 1821/679/620
f 1816/680/621 1811/681/622 182/662/552
f 66/682/623 1710/683/624 998/582/533
f 1685/684/625 63/685/626 171/573/463
f 195/541/495 1103/686/627 83/558/510
f 72/630/578 1791/687/628 180/688/629
f 969/689/630 171/573/463 65/543/463
f 984/690/631 172/581/532 63/685/626
f 176/691/552 1097/657/602 70/672/552
f 71/603/552 1761/692/632 176/691/552
f 1721/693/633 74/590/541 183/549/502
f 68/639/552 1806/646/591 1072/637/585
f 1801/694/634 73/663/552 181/644/552
f 173/695/635 1023/696/636 1710/683/624
f 1715/697/637 1705/698/638 173/695/635
f 1796/699/639 1786/700/640 1124/701/641
f 180/688/629 1139/702/642 1786/700/640
f 1731/651/596 1826/703/643 1054/704/644
f 1040/705/645 174/600/463 1725/504/462
f 78/587/538 1805/612/560 1145/642/588
f 188/652/597 1159/706/646 1826/703/643
f 999/572/524 186/626/574 1696/560/512
f 1740/677/618 67/598/463 1040/705/645
f 73/663/552 1821/679/620 1144/645/590
f 179/609/557 1118/707/647 72/630/578
f 63/685/626 1695/583/534 988/574/525
f 1666/670/612 81/535/491 973/708/648
f 1087/709/649 178/605/552 1766/624/572
f 69/625/573 1776/710/650 179/609/557
f 1706/664/606 1832/711/651 1021/712/652
f 1700/713/653 66/682/623 172/581/532
f 189/566/518 1113/714/654 84/568/520
f 192/666/608 1785/668/610 1140/715/582
f 1675/660/604 64/539/463 974/555/508
f 169/557/463 958/545/498 1665/554/507
f 1078/716/655 176/691/552 1746/717/656
f 1746/717/656 70/672/552 1092/718/657
f 174/600/463 963/719/658 62/505/463
f 994/720/659 173/695/635 66/682/623
f 1112/631/579 180/688/629 1796/699/639
f 1083/655/600 181/644/552 68/639/552
s 1
f 249/721/660 255/722/661 254/723/662
f 252/724/663 256/725/664 255/722/661
f 254/723/662 266/726/665 263/727/666
f 255/722/661 257/728/667 266/726/665
f 258/729/668 260/730/669 250/731/670
f 259/732/671 261/733/672 258/729/668
f 261/733/672 253/734/673 260/730/669
f 262/735/674 256/725/664 261/733/672
f 251/736/43 265/737/675 264/738/676
f 263/727/677 266/726/678 265/737/675
f 264/738/676 262/735/679 259/732/680
f 265/737/675 257/728/681 262/735/679
f 287/176/156 292/739/682 291/740/683
f 290/741/684 293/742/685 292/743/682
f 291/744/683 304/745/686 301/746/687
f 292/743/682 294/747/688 304/745/686
f 288/748/689 298/749/690 297/750/691
f 295/751/692 299/752/693 298/749/690
f 297/750/694 293/742/695 290/741/696
f 298/749/690 294/747/697 293/742/695
f 300/753/698 302/754/699 289/755/700
f 301/746/687 303/756/701 300/753/698
f 303/756/701 296/757/702 302/754/699
f 304/745/686 299/752/703 303/756/701
f 355/136/120 359/758/704 358/759/705
f 364/760/706 360/761/707 359/758/704
f 358/759/705 371/762/708 368/763/709
f 359/758/704 361/764/710 371/762/708
f 356/105/95 365/765/711 364/766/712
f 362/767/713 366/768/714 365/765/711
f 364/766/712 365/765/711 360/761/715
f 365/765/711 361/764/716 360/761/715
f 367/769/717 369/770/718 357/173/153
f 368/763/709 370/771/719 367/769/717
f 370/771/719 363/772/720 369/770/718
f 371/762/721 366/768/714 370/771/719
f 392/178/158 398/773/722 397/774/723
f 395/775/724 399/776/725 398/777/722
f 397/778/723 398/777/722 408/779/726
f 398/777/722 400/780/727 408/779/726
f 401/781/728 403/782/729 393/783/730
f 402/784/731 404/785/732 401/781/728
f 404/786/732 396/787/733 403/788/729
f 405/789/734 399/790/735 404/785/732
f 394/117/104 407/791/736 406/792/737
f 397/793/738 408/794/739 407/791/736
f 406/792/737 405/789/734 402/784/731
f 407/791/736 400/795/740 405/789/734
s 2
f 412/796/741 414/797/742 409/165/145
f 413/798/743 415/799/744 412/796/741
f 415/799/744 421/800/745 414/797/742
f 415/799/744 420/801/746 416/802/747
f 417/803/748 419/804/749 410/805/750
f 417/803/748 418/806/751 420/807/746
f 419/804/749 420/801/746 413/798/743
f 420/807/746 418/806/751 416/808/747
f 421/800/745 423/809/752 422/810/753
f 422/811/753 423/809/752 418/812/751
f 423/809/752 416/808/747 418/806/751
s 6
f 424/215/754 427/813/755 428/814/756
f 427/815/755 429/816/757 428/817/756
f 428/817/756 429/816/757 433/818/758
s 7
f 425/819/759 429/820/759 427/821/759
s 2
f 429/822/760 432/823/761 433/824/762
s 8
f 430/825/763 431/826/764 426/272/765
s 2
f 434/205/185 438/827/766 437/828/767
s 9
f 438/829/768 1837/830/768 439/831/768
s 2
f 436/229/209 442/832/769 438/833/770
s 10
f 442/832/771 437/834/772 438/835/773
s 11
f 438/835/774 1837/830/775 440/836/776
s 12
f 443/314/777 446/837/778 447/838/779
s 13
f 447/839/780 448/840/781 450/841/782
s 14
f 444/842/783 449/843/784 446/844/783
s 15
f 449/845/785 450/846/786 448/840/787
s 12
f 446/844/778 449/843/788 447/847/779
s 2
f 453/339/319 456/848/789 457/849/790
s 16
f 456/848/791 460/850/792 457/851/792
s 17
f 457/851/793 458/852/794 1838/853/794
s 2
f 454/854/795 457/855/796 460/856/797
s 18
f 457/857/798 459/858/799 1838/859/800
s 2
f 465/860/801 467/861/802 462/862/803
f 466/863/804 468/864/805 465/860/801
f 467/861/802 468/865/805 474/866/806
f 471/867/807 472/868/808 470/869/809
f 472/868/808 466/863/804 470/870/809
f 473/871/810 475/872/811 464/260/240
f 474/866/806 476/873/812 473/871/810
f 476/873/812 471/867/807 475/872/811
f 476/873/812 468/865/805 469/874/813
s 19
f 480/875/814 481/876/815 477/268/816
s 20
f 480/875/817 482/877/818 486/878/819
s 2
f 479/266/246 485/879/820 486/880/821
s 21
f 485/879/822 481/881/822 486/882/822
s 22
f 482/877/823 484/883/824 486/882/825
s 2
f 490/884/826 492/885/827 487/288/268
f 491/886/828 493/887/829 490/884/826
f 493/887/829 499/888/830 492/885/827
f 493/887/829 494/889/831 501/890/832
f 496/891/833 497/892/834 495/893/835
f 497/892/834 491/886/828 495/894/835
f 498/895/836 500/896/837 489/280/260
f 498/895/836 499/888/830 501/897/832
f 501/897/832 496/891/833 500/896/837
s 23
f 502/194/838 505/898/839 506/899/840
s 24
f 505/900/841 508/901/842 1839/902/842
s 23
f 506/899/840 505/903/839 510/904/843
f 504/286/844 509/905/845 511/906/846
f 510/904/843 511/907/846 509/905/845
s 25
f 511/907/847 1839/908/848 508/909/849
s 2
f 515/910/850 517/911/851 512/276/256
f 516/912/852 518/913/853 515/910/850
f 518/913/853 527/914/854 517/911/851
f 518/913/853 519/915/855 520/916/856
s 3
f 513/247/227 524/917/857 523/918/858
f 521/919/859 525/920/860 524/917/857
f 523/918/858 519/921/861 516/922/862
f 524/917/857 520/923/863 519/921/861
s 2
f 514/295/275 529/924/864 528/925/865
f 527/914/854 529/924/864 526/926/866
f 529/924/864 522/927/867 528/925/865
f 529/924/864 520/928/856 525/929/868
f 533/930/869 535/931/870 530/239/219
f 534/932/871 536/933/872 533/930/869
f 536/933/872 545/934/873 535/931/870
f 536/933/872 537/935/874 538/936/875
s 3
f 531/285/265 542/937/876 541/938/877
f 539/939/878 543/940/879 542/937/876
f 541/941/877 537/935/880 534/932/881
f 542/942/876 538/943/882 537/935/880
s 2
f 544/944/883 546/945/884 532/256/236
f 545/934/873 547/946/885 544/944/883
f 547/946/885 540/947/886 546/945/884
f 547/946/885 538/943/875 543/948/887
f 551/949/888 553/950/889 548/271/251
f 552/951/890 554/952/891 551/949/888
f 554/952/891 563/953/892 553/950/889
f 554/952/891 556/954/893 566/955/894
f 557/956/895 559/957/896 549/250/230
f 558/958/897 560/959/898 557/956/895
f 560/959/898 552/951/890 559/957/896
f 560/959/898 556/954/893 555/960/899
f 562/961/900 564/962/901 550/298/278
f 563/953/892 565/963/902 562/961/900
f 565/963/902 558/958/897 564/962/901
f 565/963/902 556/954/893 561/964/903
f 567/227/207 573/965/904 572/966/905
f 571/967/906 573/965/904 570/968/907
f 573/965/904 581/969/908 572/966/905
f 573/965/904 574/970/909 584/971/910
s 3
f 568/296/276 578/972/911 577/973/912
f 575/974/913 579/975/914 578/976/911
f 577/973/912 574/977/915 571/978/916
s 26
f 578/972/917 584/979/918 574/977/919
s 2
f 580/980/920 582/981/921 569/265/245
f 581/969/908 583/982/922 580/980/920
f 583/982/922 576/983/923 582/981/921
f 583/982/922 584/984/924 579/975/925
f 585/985/926 591/986/927 590/987/928
s 27
f 589/988/929 591/986/930 588/989/931
s 2
f 590/987/928 601/990/932 598/991/933
s 27
f 591/986/930 592/992/934 601/990/935
s 2
f 586/305/285 596/993/936 595/994/937
f 593/995/938 601/996/939 596/993/940
s 28
f 595/994/941 596/997/941 589/988/941
s 29
f 596/993/942 601/996/943 592/992/943
s 2
f 597/998/944 599/999/945 587/1000/311
f 598/991/933 600/1001/946 597/998/944
f 600/1001/947 594/1002/948 599/999/945
f 605/1003/949 607/1004/950 602/317/297
f 606/1005/951 608/1006/952 605/1003/949
f 608/1006/952 616/1007/953 607/1004/950
f 609/1008/954 619/1009/955 608/1006/952
f 610/1010/956 612/1011/957 603/1012/312
f 611/1013/958 613/1014/959 610/1010/956
f 613/1014/959 606/1005/951 612/1011/957
f 613/1014/959 614/1015/960 609/1008/954
f 615/1016/961 617/1017/962 604/303/283
f 616/1007/953 618/1018/963 615/1016/961
f 618/1018/963 611/1013/958 617/1017/962
f 618/1018/963 619/1009/955 614/1019/960
f 620/316/296 635/1020/964 625/1021/965
f 623/1022/966 626/1023/967 635/1020/964
f 625/1021/965 635/1024/964 633/1025/968
s 30
f 635/1020/969 626/1023/970 627/1026/970
s 2
f 628/1027/971 630/1028/972 621/1029/200
f 629/1030/973 631/1031/974 628/1027/971
f 631/1031/975 624/1032/976 630/1028/972
f 622/306/286 635/1033/977 634/1034/978
f 632/1035/979 633/1025/980 635/1033/977
f 634/1034/978 626/1036/981 629/1030/973
f 639/1037/982 641/1038/983 636/221/201
f 640/1039/984 642/1040/985 639/1037/982
f 642/1040/985 650/1041/986 641/1038/983
f 643/1042/987 653/1043/988 642/1040/985
f 644/1044/989 646/1045/990 637/310/290
f 645/1046/991 647/1047/992 644/1044/989
f 647/1047/992 640/1039/984 646/1045/990
f 647/1047/992 648/1048/993 643/1042/987
f 649/1049/994 651/1050/995 638/1051/299
f 650/1041/986 652/1052/996 649/1049/994
f 652/1052/996 645/1046/991 651/1050/995
f 652/1052/996 653/1043/988 648/1053/993
f 654/337/317 669/1054/997 659/1055/998
f 657/1056/999 660/1057/1000 669/1054/997
f 659/1055/998 669/1058/997 667/1059/1001
s 31
f 669/1054/1002 660/1057/1003 661/1060/1004
s 2
f 662/1061/1005 664/1062/1006 655/1063/303
f 663/1064/1007 665/1065/1008 662/1061/1005
f 665/1065/1009 658/1066/1010 664/1062/1006
f 656/308/288 669/1067/1011 668/1068/1012
f 666/1069/1013 667/1059/1014 669/1067/1011
f 668/1068/1012 660/1070/1015 663/1064/1007
f 670/1071/1016 675/1072/1017 674/1073/1018
f 673/1074/1019 676/1075/1020 675/1072/1017
f 674/1073/1018 687/1076/1021 684/1077/1022
f 675/1072/1017 677/1078/1023 687/1076/1021
f 671/311/291 681/1079/1024 680/1080/1025
f 678/1081/1026 682/1082/1027 681/1079/1024
f 680/1080/1025 681/1079/1024 676/1075/1028
f 681/1079/1024 677/1078/1023 676/1075/1028
f 683/1083/1029 685/1084/1030 672/1085/316
f 684/1077/1022 686/1086/1031 683/1083/1029
f 686/1086/1031 679/1087/1032 685/1084/1030
f 687/1076/1021 682/1082/1027 686/1086/1031
f 688/341/321 694/1088/1033 693/1089/1034
f 691/1090/1035 695/1091/1036 694/1088/1033
f 693/1089/1037 705/1092/1038 702/1093/1039
f 694/1088/1033 696/1094/1040 705/1092/1038
f 697/1095/1041 699/1096/1042 689/1097/191
f 698/1098/1043 700/1099/1044 697/1095/1041
f 700/1099/1044 692/1100/1045 699/1096/1042
f 701/1101/1046 695/1091/1036 700/1099/1044
f 690/302/282 704/1102/1047 703/1103/1048
f 702/1093/1049 705/1092/1050 704/1102/1047
f 703/1103/1048 701/1101/1046 698/1098/1043
f 704/1102/1047 696/1094/1040 701/1101/1046
f 709/1104/1051 711/1105/1052 706/328/308
f 710/1106/1053 712/1107/1054 709/1104/1051
f 712/1107/1054 720/1108/1055 711/1105/1052
f 713/1109/1056 723/1110/1057 712/1107/1054
f 714/1111/1058 716/1112/1059 707/299/279
f 715/1113/1060 717/1114/1061 714/1111/1058
f 717/1114/1061 710/1106/1053 716/1112/1059
f 717/1114/1061 718/1115/1062 713/1109/1056
f 719/1116/1063 721/1117/1064 708/1118/179
f 720/1108/1055 722/1119/1065 719/1116/1063
f 722/1119/1065 715/1113/1060 721/1117/1064
f 722/1119/1065 723/1110/1057 718/1120/1062
f 724/1121/1066 730/1122/1067 729/1123/1068
f 728/1124/1069 730/1122/1067 727/1125/1070
f 730/1122/1067 739/1126/1071 729/1123/1068
f 731/1127/1072 742/1128/1073 730/1122/1067
f 725/301/281 736/1129/1074 735/1130/1075
f 733/1131/1076 737/1132/1077 736/1129/1074
f 735/1130/1075 731/1127/1078 728/1124/1079
f 736/1129/1074 732/1133/1080 731/1127/1081
f 738/1134/1082 740/1135/1083 726/1136/307
f 739/1126/1071 741/1137/1084 738/1134/1082
f 741/1137/1084 734/1138/1085 740/1135/1083
f 742/1128/1086 737/1132/1087 741/1137/1084
s 4
f 793/1139/1088 799/1140/1089 798/1141/1090
f 796/1142/1091 800/1143/1092 799/1140/1089
f 798/1141/1090 799/1140/1089 810/1144/1093
f 799/1140/1089 801/1145/1094 810/1144/1093
f 802/1146/1095 804/1147/1096 794/1148/1097
f 803/1149/1098 805/1150/1099 802/1146/1095
f 805/1150/1099 797/1151/1100 804/1147/1096
f 806/1152/1101 800/1143/1092 805/1150/1099
f 795/389/364 809/1153/1102 808/1154/1103
f 807/1155/1104 810/1144/1105 809/1156/1102
f 808/1157/1103 806/1152/1106 803/1149/1107
f 809/1156/1102 801/1145/1108 806/1152/1106
f 831/1158/475 836/1159/1109 835/1160/1110
f 834/1161/1111 837/1162/1112 836/1159/1109
f 835/1160/1110 848/1163/1113 845/1164/1114
f 836/1159/1109 838/1165/1115 848/1163/1113
f 832/1166/1116 842/1167/1117 841/1168/1118
f 839/1169/1119 843/1170/1120 842/1171/1117
f 841/1172/1121 837/1162/1122 834/1161/1123
f 842/1171/1117 838/1165/1124 837/1162/1122
f 844/1173/1125 846/1174/1126 833/1175/1127
f 845/1164/1114 847/1176/1128 844/1173/1125
f 847/1176/1128 840/1177/1129 846/1174/1126
f 848/1163/1113 843/1170/1130 847/1176/1128
f 899/1178/440 904/1179/1131 903/1180/1132
f 902/1181/1133 905/1182/1134 904/1179/1131
f 903/1180/1132 915/1183/1135 912/1184/1136
f 904/1179/1131 906/1185/1137 915/1183/1135
f 900/446/415 909/1186/1138 902/1187/1139
f 907/1188/1140 910/1189/1141 909/1186/1138
f 902/1187/1139 909/1186/1138 905/1182/1142
f 909/1186/1138 906/1185/1143 905/1182/1142
f 911/1190/1144 913/1191/1145 901/514/472
f 912/1184/1136 914/1192/1146 911/1190/1144
f 914/1192/1146 908/1193/1147 913/1191/1145
f 915/1183/1148 910/1189/1141 914/1192/1146
f 936/519/477 942/1194/1149 941/1195/1150
f 939/1196/1151 943/1197/1152 942/1194/1149
f 941/1195/1150 942/1194/1149 952/1198/1153
f 942/1194/1149 944/1199/1154 952/1198/1153
f 945/1200/1155 947/1201/1156 937/1202/1157
f 946/1203/1158 948/1204/1159 945/1200/1155
f 948/1204/1159 940/1205/1160 947/1201/1156
f 949/1206/1161 943/1197/1162 948/1204/1159
f 938/458/424 951/1207/1163 950/1208/1164
f 941/1209/1165 952/1198/1166 951/1207/1163
f 950/1208/1164 949/1206/1161 946/1203/1158
f 951/1207/1163 944/1199/1167 949/1206/1161
s 5
f 1003/1210/1168 1009/1211/1169 1008/1212/1170
f 1006/1213/1171 1010/1214/1172 1009/1211/1169
f 1008/1212/1170 1020/1215/1173 1017/1216/1174
f 1009/1211/1169 1011/1217/1175 1020/1215/1173
f 1012/1218/1176 1014/1219/1177 1004/1220/1178
f 1013/1221/1179 1015/1222/1180 1012/1218/1176
f 1015/1222/1180 1007/1223/1181 1014/1219/1177
f 1016/1224/1182 1010/1214/1172 1015/1222/1180
f 1005/578/529 1019/1225/1183 1018/1226/1184
f 1017/1227/1185 1020/1228/1186 1019/1225/1183
f 1018/1226/1184 1016/1229/1187 1013/1230/1188
f 1019/1225/1183 1011/1231/1189 1016/1229/1187
f 1024/1232/1190 1026/1233/1191 1021/712/652
f 1025/1234/1192 1027/1235/1193 1024/1232/1190
f 1027/1235/1193 1035/1236/1194 1026/1233/1191
f 1027/1235/1193 1028/1237/1195 1038/1238/1196
f 1029/1239/1197 1031/1240/1198 1022/1241/530
f 1030/1242/1199 1032/1243/1200 1029/1239/1197
f 1031/1240/1198 1028/1244/1195 1025/1234/1192
f 1032/1243/1200 1033/1245/1201 1028/1244/1195
f 1023/696/636 1037/1246/1202 1036/1247/1203
f 1034/1248/1204 1038/1238/1205 1037/1246/1202
f 1036/1247/1203 1033/1245/1206 1030/1242/1207
f 1037/1246/1208 1028/1237/1195 1033/1245/1201
f 1054/1249/644 1059/1250/1209 1058/1251/1210
f 1057/1252/1211 1060/1253/1212 1059/1250/1209
f 1058/1251/1210 1071/1254/1213 1068/1255/1214
f 1059/1250/1209 1061/1256/1215 1071/1254/1213
f 1055/1257/1216 1065/1258/1217 1064/1259/1218
f 1062/1260/1219 1066/1261/1220 1065/1258/1217
f 1064/1259/1221 1060/1262/1222 1057/1263/1223
f 1065/1258/1217 1061/1264/1224 1060/1262/1222
f 1067/1265/1225 1069/1266/1226 1056/1267/1227
f 1068/1255/1214 1070/1268/1228 1067/1265/1225
f 1070/1268/1228 1063/1269/1229 1069/1266/1226
f 1071/1254/1213 1066/1270/1230 1070/1268/1228
f 1122/667/609 1127/1271/1231 1126/1272/1232
f 1125/1273/1233 1128/1274/1234 1127/1271/1231
f 1126/1272/1232 1138/1275/1235 1135/1276/1236
f 1127/1271/1231 1129/1277/1237 1138/1275/1235
f 1123/636/584 1132/1278/1238 1125/1279/1239
f 1130/1280/1240 1133/1281/1241 1132/1278/1238
f 1125/1279/1239 1132/1278/1238 1128/1282/1242
f 1132/1278/1238 1129/1283/1243 1128/1282/1242
f 1134/1284/1244 1136/1285/1245 1124/1286/641
f 1135/1276/1236 1137/1287/1246 1134/1284/1244
f 1137/1287/1246 1131/1288/1247 1136/1285/1245
f 1138/1275/1248 1133/1289/1241 1137/1287/1246
f 1159/706/646 1164/1290/1249 1172/1291/1250
f 1162/1292/1251 1165/1293/1252 1164/1290/1249
f 1172/1291/1250 1164/1290/1249 1175/1294/1253
f 1164/1290/1249 1166/1295/1254 1175/1294/1255
f 1167/1296/1256 1169/1297/1257 1160/1298/1258
f 1168/1299/1259 1170/1300/1260 1167/1296/1256
f 1170/1300/1260 1163/1301/1261 1169/1297/1257
f 1171/1302/1262 1165/1293/1263 1170/1300/1260
f 1161/648/593 1174/1303/1264 1173/1304/1265
f 1172/1305/1266 1175/1294/1267 1174/1303/1264
f 1173/1304/1265 1171/1302/1262 1168/1299/1259
f 1174/1303/1264 1166/1295/1268 1171/1302/1262
f 1831/1306/581 1834/1307/1269 1833/1308/1270
f 1834/1307/1269 1835/1309/1271 1833/1308/1270
f 1835/1309/1271 1836/1310/1272 1833/1308/1270
f 1836/1310/1272 1832/711/651 1833/1308/1270
s 1
f 220/25/22 1178/1311/1273 223/1312/1274
f 223/1313/1274 1179/1314/1275 222/1315/1276
f 222/1315/1277 1180/1316/1278 221/1317/1279
f 1180/1316/1278 219/180/160 221/1317/1279
f 1176/24/21 206/1318/1280 1178/1311/1273
f 1178/1319/1273 207/1320/1281 1179/1314/1275
f 1179/1314/1282 208/1321/1283 1180/1316/1278
f 208/1321/1283 1177/139/123 1180/1316/1278
f 1181/61/56 228/1322/1284 225/8/7
f 1183/1323/1285 227/1324/1286 228/1322/1284
f 1184/1325/1287 226/1326/1288 227/1324/1289
f 226/1326/1288 1182/1327/106 224/1328/18
f 209/189/169 1183/1323/1285 1181/61/56
f 211/1329/1290 1184/1325/1291 1183/1323/1285
f 212/1330/1292 1185/1331/1293 1184/1325/1287
f 1185/1331/1293 210/1332/15 1182/1327/106
f 1186/129/115 203/1333/1294 200/3/3
f 1188/1334/1295 202/1335/1296 203/1336/1294
f 1189/1337/1297 201/1338/1298 202/1335/1299
f 201/1338/1298 1187/4/4 199/16/13
f 220/25/22 1188/1339/1295 1186/129/115
f 223/1313/1274 1189/1337/1300 1188/1334/1295
f 222/1315/1277 1190/1340/1301 1189/1337/1297
f 1190/1340/1301 219/180/160 1187/4/4
f 215/158/139 1193/1341/1302 218/1342/1303
f 218/1342/1303 1194/1343/1304 217/1344/1305
f 217/1344/1306 1195/1345/1307 216/1346/1308
f 1195/1345/1307 214/1347/8 216/1346/1308
f 1191/26/23 228/1322/1284 1193/1341/1302
f 1193/1341/1302 227/1324/1286 1194/1343/1304
f 1194/1343/1309 226/1326/1288 1195/1345/1307
f 226/1326/1288 1192/1348/20 1195/1345/1307
f 230/159/140 1198/1349/1310 233/1350/1311
f 233/1350/1311 1199/1351/1312 232/1352/1313
f 232/1352/1314 1200/1353/1315 231/1354/1316
f 1200/1353/1315 229/1355/25 231/1354/1316
f 1196/153/135 218/1342/1303 1198/1349/1310
f 1198/1349/1310 217/1344/1305 1199/1351/1312
f 1199/1351/1317 216/1346/1308 1200/1353/1315
f 216/1346/1308 1197/1356/10 1200/1353/1315
f 204/15/12 1203/1357/1318 206/1318/1280
f 206/1358/1280 1204/1359/1319 207/1320/1281
f 207/1320/1320 1205/1360/1321 208/1321/1283
f 1205/1360/1321 205/35/31 208/1321/1283
f 1201/14/11 236/1361/1322 1203/1357/1318
f 1203/1362/1318 237/1363/1323 1204/1359/1319
f 1204/1359/1324 238/1364/1325 1205/1360/1321
f 238/1364/1325 1202/33/29 1205/1360/1321
f 234/44/39 1208/1365/1326 236/1361/1322
f 236/1366/1322 1209/1367/1327 237/1363/1323
f 237/1363/1328 1210/1368/1329 238/1364/1325
f 1210/1368/1329 235/32/28 238/1364/1325
f 1206/53/48 246/1369/1330 1208/1365/1326
f 1208/1370/1326 247/1371/1331 1209/1367/1327
f 1209/1367/1332 248/1372/1333 1210/1368/1329
f 248/1372/1333 1207/30/26 1210/1368/1329
f 240/190/170 1213/1373/1334 243/1374/1335
f 243/1374/1335 1214/1375/1336 242/1376/1337
f 242/1376/1338 1215/1377/1339 241/1378/1340
f 1215/1377/1339 239/1379/35 241/1378/1340
f 1211/183/163 233/1350/1311 1213/1373/1334
f 1213/1373/1334 232/1352/1313 1214/1375/1336
f 1214/1375/1341 231/1354/1316 1215/1377/1339
f 231/1354/1316 1212/1380/33 1215/1377/1339
f 1216/170/150 271/1381/1342 268/168/148
f 1218/1382/1343 270/1383/1344 271/1381/1342
f 1219/1384/1345 269/1385/1346 270/1383/1344
f 1220/1386/1347 267/49/44 269/1387/1346
f 250/731/670 1218/1382/1343 1216/170/150
f 260/730/669 1219/1384/1345 1218/1382/1343
f 253/734/673 1220/1388/1347 1219/1384/1345
f 252/724/663 1217/1389/117 1220/1388/1347
f 244/52/47 1223/1390/1348 246/1369/1330
f 246/1391/1330 1224/1392/1349 247/1371/1331
f 247/1371/1350 1225/1393/1351 248/1372/1333
f 248/1372/1333 1222/40/36 245/42/38
f 1221/152/134 271/1381/1342 1223/1390/1348
f 1223/1394/1352 270/1395/1344 1224/1392/1349
f 1224/1392/1353 269/1387/1346 1225/1393/1351
f 269/1387/1346 1222/40/36 1225/1393/1351
f 250/731/670 1228/1396/1354 258/729/668
f 258/729/668 1229/1397/1355 259/732/671
f 259/732/680 1230/1398/1356 264/738/676
f 264/738/676 1227/1399/41 251/736/43
f 1226/169/149 243/1374/1335 1228/1396/1354
f 1228/1396/1354 242/1376/1337 1229/1397/1355
f 1229/1397/1357 241/1378/1340 1230/1398/1356
f 1230/1398/1356 239/1379/35 1227/1399/41
f 1231/69/63 211/1329/1290 209/189/169
f 1233/1400/1358 212/1330/1359 211/1329/1290
f 1234/1401/1360 213/1402/1361 212/1330/1292
f 213/1402/1361 1232/1403/142 210/1332/15
f 277/128/114 1233/1400/1358 1231/69/63
f 279/1404/1362 1234/1401/1363 1233/1400/1358
f 280/1405/1364 1235/1406/1365 1234/1401/1360
f 1235/1407/1365 278/58/53 1232/162/142
f 1236/1/1 276/1408/1366 273/177/157
f 1238/1409/1367 275/1410/1368 276/1411/1366
f 1239/1412/1369 274/1413/1370 275/1410/1371
f 274/1413/1370 1237/54/49 272/56/51
f 200/3/3 1238/1414/1367 1236/1/1
f 203/1336/1294 1239/1412/1372 1238/1409/1367
f 202/1335/1299 1240/1415/1373 1239/1412/1369
f 1240/1415/1373 199/16/13 1237/54/49
f 289/755/700 1243/1416/1374 300/753/698
f 300/753/698 1244/1417/1375 301/746/687
f 301/1418/687 1245/1419/1376 291/740/683
f 291/740/683 1242/120/107 287/176/156
f 1241/143/126 284/1420/1377 1243/1416/1374
f 1243/1416/1374 285/1421/1378 1244/1417/1375
f 1244/1422/1375 286/1423/1379 1245/1419/1376
f 1245/1419/1376 283/64/59 1242/120/107
f 1246/144/127 279/1404/1362 277/128/114
f 1248/1424/1380 280/1405/1381 279/1404/1362
f 1249/1425/1382 281/1426/1383 280/1405/1364
f 1250/1427/1384 278/58/53 281/1428/1383
f 289/755/700 1248/1424/1380 1246/144/127
f 302/754/699 1249/1425/1385 1248/1424/1380
f 296/757/1386 1250/1429/1384 1249/1425/1382
f 295/1430/692 1247/66/61 1250/1427/1384
f 1251/146/129 284/1420/1377 282/145/128
f 1253/1431/1387 285/1432/1378 284/1433/1377
f 1254/1434/1388 286/1423/1379 285/1432/1378
f 286/1423/1379 1252/62/57 283/64/59
f 273/177/157 1253/1435/1387 1251/146/129
f 276/1411/1366 1254/1434/1389 1253/1431/1387
f 275/1410/1371 1255/1436/1390 1254/1434/1388
f 274/1413/1370 1252/62/57 1255/1436/1390
f 1256/142/125 329/1437/1391 326/71/64
f 1258/1438/1392 328/1439/1393 329/1437/1391
f 1259/1440/1394 327/1441/1395 328/1439/1393
f 1260/1442/1396 325/188/168 327/1441/1395
f 310/91/83 1258/1438/1392 1256/142/125
f 312/1443/1397 1259/1440/1394 1258/1438/1392
f 313/1444/1398 1260/1442/1396 1259/1440/1394
f 314/1445/1399 1257/187/167 1260/1442/1396
f 331/85/77 1263/1446/1400 334/1447/1401
f 334/1447/1401 1264/1448/1402 333/1449/1403
f 333/1449/1403 1265/1450/1404 332/1451/1405
f 332/1451/1405 1262/123/110 330/126/113
f 1261/84/76 317/1452/1406 1263/1446/1400
f 1263/1446/1400 318/1453/1407 1264/1448/1402
f 1264/1448/1402 319/1454/1408 1265/1450/1404
f 1265/1450/1404 316/124/111 1262/123/110
f 306/81/73 1268/1455/1409 309/1456/1410
f 309/1456/1410 1269/1457/1411 308/1458/1412
f 308/1458/1412 1270/1459/1413 307/1460/1414
f 307/1460/1414 1267/140/124 305/106/96
f 1266/72/65 329/1437/1391 1268/1455/1409
f 1268/1455/1409 328/1439/1393 1269/1457/1411
f 1269/1457/1411 327/1441/1395 1270/1459/1413
f 1270/1459/1413 325/188/168 1267/140/124
f 1271/86/78 324/1461/1415 321/125/112
f 1273/1462/1416 323/1463/1417 324/1461/1415
f 1274/1464/1418 322/1465/1419 323/1463/1417
f 1275/1466/1420 320/181/161 322/1465/1419
f 331/85/77 1273/1462/1416 1271/86/78
f 334/1447/1401 1274/1464/1418 1273/1462/1416
f 333/1449/1403 1275/1466/1420 1274/1464/1418
f 332/1451/1405 1272/161/141 1275/1466/1420
f 1276/77/69 339/1467/1421 336/155/136
f 1278/1468/1422 338/1469/1423 339/1467/1421
f 1279/1470/1424 337/1471/1425 338/1469/1423
f 1280/1472/1426 335/78/70 337/1471/1425
f 321/125/112 1278/1468/1422 1276/77/69
f 324/1461/1415 1279/1470/1424 1278/1468/1422
f 323/1463/1417 1280/1472/1426 1279/1470/1424
f 322/1465/1419 1277/94/86 1280/1472/1426
f 1281/92/84 312/1443/1397 310/91/83
f 1283/1473/1427 313/1444/1398 312/1443/1397
f 1284/1474/1428 314/1445/1399 313/1444/1398
f 1285/1475/1429 311/186/166 314/1445/1399
f 340/97/88 1283/1473/1427 1281/92/84
f 342/1476/1430 1284/1474/1428 1283/1473/1427
f 343/1477/1431 1285/1475/1429 1284/1474/1428
f 344/1478/1432 1282/74/67 1285/1475/1429
f 1286/98/89 342/1476/1430 340/97/88
f 1288/1479/1433 343/1477/1431 342/1476/1430
f 1289/1480/1434 344/1478/1432 343/1477/1431
f 1290/1481/1435 341/138/122 344/1478/1432
f 350/102/92 1288/1479/1433 1286/98/89
f 352/1482/1436 1289/1480/1434 1288/1479/1433
f 353/1483/1437 1290/1481/1435 1289/1480/1434
f 354/1484/1438 1287/182/162 1290/1481/1435
f 1291/93/85 349/1485/1439 346/184/164
f 1293/1486/1440 348/1487/1441 349/1485/1439
f 1294/1488/1442 347/1489/1443 348/1487/1441
f 1295/1490/1444 345/101/91 347/1489/1443
f 336/155/136 1293/1486/1440 1291/93/85
f 339/1467/1421 1294/1488/1442 1293/1486/1440
f 338/1469/1423 1295/1490/1444 1294/1488/1442
f 337/1471/1425 1292/80/72 1295/1490/1444
f 373/185/165 1298/1491/1445 376/1492/1446
f 376/1492/1446 1299/1493/1447 375/1494/1448
f 375/1494/1448 1300/1495/1449 374/1496/1450
f 374/1496/1450 1297/172/152 372/174/154
f 1296/137/121 358/759/705 1298/1491/1445
f 1298/1491/1445 368/763/709 1299/1493/1447
f 1299/1493/1447 367/769/717 1300/1495/1449
f 1300/1495/1449 357/173/153 1297/172/152
f 1301/104/94 352/1482/1436 350/102/92
f 1303/1497/1451 353/1483/1437 352/1482/1436
f 1304/1498/1452 354/1484/1438 353/1483/1437
f 1305/1499/1453 351/179/159 354/1484/1438
f 373/185/165 1303/1497/1451 1301/104/94
f 376/1492/1446 1304/1498/1452 1303/1497/1451
f 375/1494/1448 1305/1499/1453 1304/1498/1452
f 374/1496/1450 1302/156/137 1305/1499/1453
f 1306/99/90 362/767/713 356/105/95
f 1308/1500/1454 363/772/720 362/767/713
f 1309/1501/1455 369/770/718 363/772/720
f 1310/1502/1456 357/173/153 369/770/718
f 346/184/164 1308/1500/1454 1306/99/90
f 349/1485/1439 1309/1501/1455 1308/1500/1454
f 348/1487/1441 1310/1502/1456 1309/1501/1455
f 347/1489/1443 1307/171/151 1310/1502/1456
f 315/88/80 1313/1503/1457 317/1452/1406
f 317/1452/1406 1314/1504/1458 318/1453/1407
f 318/1453/1407 1315/1505/1459 319/1454/1408
f 319/1454/1408 1312/166/146 316/124/111
f 1311/109/97 384/1506/1460 1313/1503/1457
f 1313/1503/1457 385/1507/1461 1314/1504/1458
f 1314/1504/1458 386/1508/1462 1315/1505/1459
f 1315/1505/1459 383/130/116 1312/166/146
f 378/111/99 1318/1509/1463 381/1510/1464
f 381/1510/1464 1319/1511/1465 380/1512/1466
f 380/1512/1466 1320/1513/1467 379/1514/1468
f 379/1514/1468 1317/115/102 377/114/101
f 1316/82/74 309/1456/1410 1318/1509/1463
f 1318/1509/1463 308/1458/1412 1319/1511/1465
f 1319/1511/1465 307/1460/1414 1320/1513/1467
f 1320/1513/1467 305/106/96 1317/115/102
f 1321/122/109 395/1515/724 392/178/158
f 1323/1516/1469 396/787/733 395/775/724
f 1324/1517/1470 403/788/729 396/787/733
f 1325/1518/1471 393/783/730 403/782/729
f 387/1519/105 1323/1516/1469 1321/1520/109
f 389/1521/1472 1324/1517/1470 1323/1516/1469
f 390/1522/1473 1325/1523/1471 1324/1517/1470
f 391/1524/1474 1322/150/133 1325/1518/1471
f 382/110/98 1328/1525/1475 384/1506/1460
f 384/1506/1460 1329/1526/1476 385/1507/1461
f 385/1507/1461 1330/1527/1477 386/1508/1462
f 386/1508/1462 1327/149/132 383/130/116
f 1326/116/103 406/792/737 1328/1525/1475
f 1328/1525/1475 402/784/731 1329/1526/1476
f 1329/1526/1476 401/781/728 1330/1527/1477
f 1330/1527/1477 393/783/730 1327/149/132
f 387/118/105 1333/1528/1478 389/1529/1472
f 389/1529/1472 1334/1530/1479 390/1531/1473
f 390/1531/1473 1335/1532/1480 391/1524/1474
f 391/1524/1474 1332/148/131 388/147/130
f 1331/112/100 381/1510/1464 1333/1528/1478
f 1333/1528/1478 380/1512/1466 1334/1530/1479
f 1334/1530/1479 379/1514/1468 1335/1532/1480
f 1335/1532/1480 377/114/101 1332/148/131
f 394/117/104 1338/1533/1481 397/1534/738
f 397/774/723 1337/175/155 392/178/158
f 1336/67/62 297/1535/1482 1338/1533/1481
s 32
f 1338/1536/1483 297/750/1483 290/741/1484
s 1
f 1338/1537/1485 287/176/156 1337/175/155
f 1339/1538/42 263/1539/1486 251/736/43
s 33
f 263/727/1487 1341/1540/1487 254/723/1488
s 1
f 1341/1540/1489 249/721/660 254/723/662
f 356/1541/95 1341/1542/1490 1339/1538/42
f 364/1543/706 1340/1544/118 1341/1540/1489
s 2
f 532/256/236 1344/1545/1491 544/944/883
f 544/944/883 1345/1546/1492 545/934/873
f 1345/1546/1492 535/931/870 545/934/873
f 1346/1547/1493 530/239/219 535/931/870
f 1342/255/235 553/950/889 1344/1545/1491
f 1344/1545/1491 563/953/892 1345/1546/1492
f 563/953/892 1346/1547/1493 1345/1546/1492
f 562/961/900 1343/257/237 1346/1547/1493
f 1347/249/229 557/956/895 549/250/230
f 1349/1548/1494 558/958/897 557/956/895
f 558/958/897 1351/1549/1495 564/962/901
f 564/962/901 1348/236/216 550/298/278
f 567/227/207 1349/1548/1494 1347/249/229
f 572/966/905 1350/1550/1496 1349/1548/1494
f 1350/1550/1496 580/980/920 1351/1549/1495
f 1351/1549/1495 569/265/245 1348/236/216
s 3
f 1352/284/264 575/1551/913 568/296/276
f 1354/1552/1497 576/983/1498 575/974/913
s 2
f 576/983/923 1355/1553/1499 582/981/921
f 1355/1553/1499 569/265/245 582/981/921
s 3
f 1352/284/264 541/938/877 1354/1554/1497
f 1354/1552/1497 534/932/881 1355/1555/1500
s 2
f 1355/1555/1499 534/932/871 533/930/869
f 1355/1553/1499 530/239/219 1353/238/218
f 514/295/275 1358/1556/1501 526/926/866
f 526/926/866 1359/1557/1502 527/914/854
f 1359/1557/1502 517/911/851 527/914/854
f 1360/1558/1503 512/276/256 517/911/851
f 1356/291/271 559/957/896 1358/1556/1501
f 1358/1556/1501 552/951/890 1359/1557/1502
f 552/951/890 1360/1558/1503 1359/1557/1502
f 551/949/888 1357/270/250 1360/1558/1503
s 3
f 1361/245/225 539/939/878 531/285/265
f 1363/1559/1504 540/1560/1505 539/939/878
s 2
f 540/947/886 1364/1561/1506 546/945/884
f 1364/1561/1506 532/256/236 546/945/884
s 3
f 1361/245/225 523/918/858 1363/1559/1504
f 1363/1559/1504 516/922/862 1364/1562/1507
s 2
f 1364/1563/1506 516/912/852 515/910/850
f 1364/1561/1506 512/276/256 1362/224/204
s 3
f 1365/246/226 521/919/859 513/247/227
f 1367/1564/1508 522/1565/1509 521/919/859
s 2
f 522/1565/867 1368/1566/1510 528/1567/865
f 1368/1568/1510 514/295/275 528/925/865
s 3
f 1365/246/226 577/973/912 1367/1564/1508
f 1367/1564/1508 571/978/916 1368/1569/1511
s 34
f 1368/1569/1512 571/978/1512 570/1570/1512
s 2
f 1368/1568/1510 567/227/207 1366/226/206
f 434/205/185 1371/1571/1513 438/829/766
f 438/829/766 1372/1572/1514 1837/1573/1515
f 1837/1573/1515 1373/1574/1516 441/1575/1517
f 441/1575/1517 1370/242/222 435/312/292
f 409/165/145 1371/1571/1513 1369/163/143
f 414/797/742 1372/1572/1514 1371/1571/1513
f 421/800/745 1373/1574/1516 1372/1572/1514
f 422/810/753 1370/242/222 1373/1574/1516
f 1374/254/234 451/1576/1518 445/212/192
f 1376/1577/1519 450/841/1520 451/1576/1518
f 1377/1578/1521 447/838/1522 450/841/1520
f 1378/1579/1523 443/314/294 447/838/1522
f 1374/254/234 422/811/753 1376/1577/1519
f 1376/1577/1519 418/812/751 1377/1578/1521
f 1377/1578/1521 417/803/748 1378/1579/1523
f 1378/1579/1523 410/805/750 1375/232/212
f 1379/313/293 441/1580/1517 435/312/292
f 1381/1581/1524 440/836/1525 441/1580/1517
f 1382/1582/1526 438/833/1527 440/836/1525
f 1383/1583/1528 436/229/209 438/833/770
f 1379/313/293 451/1584/1518 1381/1581/1524
f 1381/1581/1524 452/1585/1529 1382/1582/1526
f 1382/1582/1526 449/845/1530 1383/1583/1528
f 1383/1583/1528 444/842/1531 1380/243/223
f 462/862/803 1386/1586/1532 465/860/801
f 465/860/801 1387/1587/1533 466/863/804
f 466/863/804 1388/1588/1534 470/870/809
f 470/870/809 1385/274/254 463/318/298
f 424/215/195 1386/1586/1532 1384/293/273
f 428/814/1535 1387/1587/1533 1386/1586/1532
f 433/1589/762 432/1590/761 1388/1588/1534
f 430/825/1536 1385/274/254 1388/1588/1534
f 477/268/248 1391/1591/1537 480/875/1538
f 480/875/1538 1392/1592/1539 1840/1593/1540
f 1840/1593/1540 1393/1594/1541 483/1595/1542
f 483/1595/1542 1390/334/314 478/202/182
f 464/260/240 1391/1591/1537 1389/258/238
f 475/872/811 1392/1592/1539 1391/1591/1537
f 471/867/807 1393/1594/1541 1392/1592/1539
f 470/869/809 1390/334/314 1393/1594/1541
f 1394/204/184 483/1596/1542 478/202/182
f 1396/1597/1543 484/883/1544 483/1596/1542
f 1397/1598/1545 486/880/821 484/883/1544
f 1398/1599/1546 479/266/246 486/880/821
f 1394/204/184 431/826/1547 1396/1597/1543
f 1396/1597/1543 432/823/1548 1397/1598/1545
f 1397/1598/1545 429/822/1549 1398/1599/1546
f 1398/1599/1546 425/819/1550 1395/261/241
f 1399/252/232 461/1600/1551 455/191/171
f 1401/1601/1552 1838/853/1553 461/1600/1551
f 1402/1602/1554 457/849/1555 1838/853/1553
f 1403/1603/1556 453/339/319 457/849/790
f 1399/252/232 495/894/835 1401/1601/1552
f 1401/1601/1552 491/886/828 1402/1602/1554
f 1402/1602/1554 490/884/826 1403/1603/1556
f 1403/1603/1556 487/288/268 1400/290/270
f 1404/324/304 495/893/835 488/275/255
f 1406/1604/1557 496/891/833 495/893/835
f 1407/1605/1558 500/896/837 496/891/833
f 1408/1606/1559 489/280/260 500/896/837
f 1404/324/304 507/1607/1560 1406/1604/1557
f 1406/1604/1557 508/901/1561 1407/1605/1558
f 1407/1605/1558 505/900/1562 1408/1606/1559
f 1408/1606/1559 502/194/174 1405/196/176
f 1409/338/318 507/1608/1560 503/325/305
f 1411/1609/1563 508/909/1564 507/1608/1565
f 1412/1610/1566 511/906/1567 508/909/1564
f 1413/1611/1568 504/286/266 511/906/1569
f 1409/338/318 461/1612/1551 1411/1609/1563
f 1411/1609/1563 459/858/1570 1412/1610/1566
f 1412/1610/1566 457/857/1571 1413/1611/1572
f 1413/1611/1568 454/854/795 1410/281/261
f 587/1000/311 1416/1613/1573 597/998/944
f 597/998/944 1417/1614/1574 598/991/933
f 598/991/933 1418/1615/1575 590/987/928
f 590/987/928 1415/278/258 585/985/926
f 1414/1616/310 612/1011/957 1416/1613/1573
f 1416/1613/1573 606/1005/951 1417/1614/1574
f 1417/1614/1574 605/1003/949 1418/1615/1575
f 1418/1615/1575 602/317/297 1415/278/258
f 1419/304/284 623/1022/966 620/316/296
f 1421/1617/1576 624/1032/976 623/1022/966
f 1422/1618/1577 630/1028/972 624/1032/976
f 1423/1619/1578 621/1029/200 630/1028/972
f 604/303/283 1421/1617/1576 1419/304/284
f 617/1017/962 1422/1618/1577 1421/1617/1576
f 611/1013/958 1423/1619/1578 1422/1618/1577
f 610/1010/956 1420/1620/198 1423/1619/1578
f 1424/307/287 593/995/938 586/305/285
f 1426/1621/1579 594/1002/948 593/995/938
f 1427/1622/1580 599/999/945 594/1002/948
f 1428/1623/1581 587/1000/311 599/999/945
f 1424/307/287 634/1034/978 1426/1621/1579
f 1426/1621/1579 629/1030/973 1427/1622/1580
f 1427/1622/1580 628/1027/971 1428/1623/1581
f 1428/1623/1581 621/1029/200 1425/1624/199
f 1429/1625/301 649/1049/994 638/1051/299
f 1431/1626/1582 650/1041/986 649/1049/994
f 1432/1627/1583 641/1038/983 650/1041/986
f 1433/1628/1584 636/221/201 641/1038/983
f 655/1063/303 1431/1626/1582 1429/1625/301
f 664/1062/1006 1432/1627/1583 1431/1626/1582
f 658/1066/1010 1433/1628/1584 1432/1627/1583
f 657/1056/999 1430/222/202 1433/1628/1584
f 672/1085/316 1436/1629/1585 683/1083/1029
f 683/1083/1029 1437/1630/1586 684/1077/1022
f 684/1077/1022 1438/1631/1587 674/1073/1018
f 674/1073/1018 1435/208/188 670/1071/1016
f 1434/1632/315 651/1050/995 1436/1629/1585
f 1436/1629/1585 645/1046/991 1437/1630/1586
f 1437/1630/1586 644/1044/989 1438/1631/1587
f 1438/1631/1587 637/310/290 1435/208/188
f 1439/309/289 678/1081/1026 671/311/291
f 1441/1633/1588 679/1087/1032 678/1081/1026
f 1442/1634/1589 685/1084/1030 679/1087/1032
f 1443/1635/1590 672/1085/316 685/1084/1030
f 1439/309/289 668/1068/1012 1441/1633/1588
f 1441/1633/1588 663/1064/1007 1442/1634/1589
f 1442/1634/1589 662/1061/1005 1443/1635/1590
f 1443/1635/1590 655/1063/303 1440/1636/302
f 1444/329/309 691/1090/1035 688/341/321
f 1446/1637/1591 692/1100/1045 691/1090/1035
f 1447/1638/1592 699/1096/1042 692/1100/1045
f 1448/1639/1593 689/1097/191 699/1096/1042
f 706/328/308 1446/1637/1591 1444/329/309
f 711/1105/1052 1447/1638/1592 1446/1637/1591
f 720/1108/1055 1448/1639/1593 1447/1638/1592
f 719/1116/1063 1445/1640/181 1448/1639/1593
f 1449/198/178 714/1111/1058 707/299/279
f 1451/1641/1594 715/1113/1060 714/1111/1058
f 715/1113/1060 1453/1642/1595 721/1117/1064
f 721/1117/1064 1450/1643/306 708/1118/179
f 724/1121/1066 1451/1641/1594 1449/198/178
f 729/1123/1068 1452/1644/1596 1451/1641/1594
f 1452/1644/1596 738/1134/1082 1453/1642/1595
f 1453/1642/1595 726/1136/307 1450/1643/306
f 725/301/281 1456/1645/1597 733/1131/1076
f 1456/1645/1597 734/1138/1598 733/1131/1076
f 1457/1646/1599 740/1135/1083 734/1138/1085
f 1458/1647/1600 726/1136/307 740/1135/1083
f 1454/300/280 703/1103/1048 1456/1645/1597
f 1456/1645/1597 698/1098/1043 1457/1646/1599
f 1457/1646/1599 697/1095/1041 1458/1647/1600
f 1458/1647/1600 689/1097/191 1455/1648/190
f 409/165/145 1461/1649/1601 412/796/741
f 412/796/741 1462/1650/1602 413/798/1603
f 413/798/1603 1463/1651/1604 419/804/749
f 1463/1651/1604 410/805/750 419/804/749
f 1459/164/144 607/1004/950 1461/1649/1601
f 1461/1649/1601 616/1007/953 1462/1650/1602
f 616/1007/953 1463/1651/1604 1462/1650/1602
f 615/1016/961 1460/233/213 1463/1651/1604
f 622/306/286 1466/1652/1605 632/1035/979
s 35
f 1466/1652/1606 633/1025/1607 632/1035/1608
s 2
f 633/1025/1609 1467/1653/1610 625/1021/965
f 1467/1653/1610 620/316/296 625/1021/965
f 444/842/1531 1466/1652/1605 1464/244/224
s 35
f 1466/1652/1606 446/1654/1611 1467/1655/1612
s 2
f 1467/1653/1610 443/314/294 1465/315/295
f 424/215/195 1470/1656/1613 427/813/1614
s 36
f 427/813/1615 1470/1656/1616 1471/1657/1617
s 2
f 1471/1658/1618 425/819/1550 427/821/1619
f 654/337/317 1470/1656/1613 1468/217/197
s 36
f 1470/1656/1616 667/1059/1620 1471/1657/1617
s 2
f 1471/1657/1618 667/1059/1621 666/1069/1013
f 1471/1658/1618 656/308/288 1469/262/242
f 670/1071/1016 1474/1659/1622 673/1074/1623
f 1474/1659/1624 680/1660/1625 673/1074/1019
f 1475/1661/1626 671/311/291 680/1080/1025
f 1472/207/187 481/876/1627 1474/1659/1622
f 1474/1659/1624 481/881/1628 1475/1662/1629
f 1475/1662/1629 481/881/1628 485/879/1628
f 485/879/820 1473/267/247 1475/1661/1626
f 1476/279/259 498/895/836 489/280/260
f 1478/1663/1630 499/888/1631 498/895/836
f 1479/1664/1632 492/885/827 499/888/1631
f 1480/1665/1633 487/288/268 492/885/827
f 707/299/279 1478/1663/1630 1476/279/259
f 716/1112/1059 1479/1664/1632 1478/1663/1630
f 710/1106/1053 1480/1665/1633 1479/1664/1632
f 709/1104/1051 1477/1666/1634 1480/1665/1633
f 690/302/282 1483/1667/1635 702/1668/1049
f 702/1093/1039 1484/1669/1636 693/1089/1037
f 693/1089/1034 1482/340/320 688/341/321
f 1481/282/262 460/856/797 1483/1667/1635
f 1483/1670/1637 456/848/1638 1484/1669/1636
f 1484/1669/1639 453/339/319 1482/340/320
f 585/985/926 1487/1671/1640 588/989/1641
s 37
f 1487/1671/1642 589/988/1643 588/989/1644
s 2
f 589/988/1645 1488/1672/1646 595/994/937
f 1488/1672/1646 586/305/285 595/994/937
f 1485/277/257 437/828/767 1487/1671/1640
s 37
f 1487/1671/1642 437/834/1647 1488/1673/1648
f 1488/1673/1648 437/834/1647 442/832/1647
s 2
f 1488/1672/1646 436/229/209 1486/231/211
f 464/260/240 1491/1674/1649 473/871/810
f 473/871/810 1492/1675/1650 474/866/1651
f 474/866/1651 1493/1676/1652 467/861/802
f 467/861/802 1490/294/274 462/862/803
f 1489/259/239 646/1045/990 1491/1674/1649
f 1491/1674/1649 640/1039/984 1492/1675/1650
f 1492/1675/1650 639/1037/982 1493/1676/1652
f 1493/1676/1652 636/221/201 1490/294/274
f 1494/287/267 509/905/1653 504/286/266
f 509/905/1654 1497/1677/1655 510/904/1656
f 510/904/1657 1498/1678/1658 506/899/1657
f 506/899/1659 1495/197/177 502/194/174
f 725/301/281 1496/1679/1660 1494/287/267
f 1496/1679/1661 728/1124/1079 1497/1677/1655
f 1497/1677/1662 727/1125/1070 1498/1678/1658
f 1498/1678/1663 724/1121/1066 1495/197/177
s 4
f 764/366/343 1501/1680/1664 767/1681/1665
f 767/1681/1665 1502/1682/1666 766/1683/1667
f 766/1683/1668 1503/1684/1669 765/1685/1670
f 1503/1686/1669 763/521/479 765/1687/1670
f 1499/365/342 750/1688/1671 1501/1680/1664
f 1501/1680/1664 751/1689/1672 1502/1682/1666
f 1502/1682/1673 752/1690/1674 1503/1684/1669
f 752/1691/1674 1500/480/443 1503/1686/1669
f 1504/402/376 772/1692/1675 769/349/328
f 1506/1693/1676 771/1694/1677 772/1692/1675
f 1507/1695/1678 770/1696/1679 771/1694/1680
f 770/1697/1679 1505/460/426 768/362/339
f 753/532/488 1506/1693/1676 1504/402/376
f 755/1698/1681 1507/1695/1682 1506/1693/1676
f 756/1699/1683 1508/1700/1684 1507/1695/1678
f 1508/1701/1684 754/359/336 1505/460/426
f 1509/470/435 747/1702/1685 744/344/324
f 1511/1703/1686 746/1704/1687 747/1702/1685
f 1512/1705/1688 745/1706/1689 746/1704/1690
f 745/1706/1689 1510/1707/325 743/1708/334
f 764/366/343 1511/1703/1686 1509/470/435
f 767/1681/1665 1512/1705/1691 1511/1703/1686
f 766/1683/1668 1513/1709/1692 1512/1705/1688
f 1513/1709/1692 763/1710/479 1510/1707/325
f 759/499/458 1516/1711/1693 762/1712/1694
f 762/1712/1694 1517/1713/1695 761/1714/1696
f 761/1714/1697 1518/1715/1698 760/1716/1699
f 1518/1717/1698 758/351/329 760/1718/1699
f 1514/367/344 772/1692/1675 1516/1711/1693
f 1516/1711/1693 771/1694/1677 1517/1713/1695
f 1517/1713/1700 770/1696/1679 1518/1715/1698
f 770/1697/1679 1515/364/341 1518/1717/1698
f 774/500/459 1521/1719/1701 777/1720/1702
f 777/1720/1702 1522/1721/1703 776/1722/1704
f 776/1722/1705 1523/1723/1706 775/1724/1707
f 1523/1725/1706 773/370/346 775/1726/1707
f 1519/494/455 762/1712/1694 1521/1719/1701
f 1521/1719/1701 761/1714/1696 1522/1721/1703
f 1522/1721/1708 760/1716/1699 1523/1723/1706
f 760/1718/1699 1520/353/331 1523/1725/1706
f 748/356/333 1526/1727/1709 750/1688/1671
f 750/1688/1671 1527/1728/1710 751/1689/1672
f 751/1689/1711 1528/1729/1712 752/1690/1674
f 1528/1730/1712 749/376/352 752/1691/1674
f 1524/355/332 780/1731/1713 1526/1727/1709
f 1526/1727/1709 781/1732/1714 1527/1728/1710
f 1527/1728/1715 782/1733/1716 1528/1729/1712
f 782/1734/1716 1525/374/350 1528/1730/1712
f 778/385/360 1531/1735/1717 780/1731/1713
f 780/1731/1713 1532/1736/1718 781/1732/1714
f 781/1732/1719 1533/1737/1720 782/1733/1716
f 1533/1738/1720 779/373/349 782/1734/1716
f 1529/394/368 790/1739/1721 1531/1735/1717
f 1531/1735/1717 791/1740/1722 1532/1736/1718
f 1532/1736/1723 792/1741/1724 1533/1737/1720
f 792/1742/1724 1530/371/347 1533/1738/1720
f 784/533/489 1536/1743/1725 787/1744/1726
f 787/1744/1726 1537/1745/1727 786/1746/1728
f 786/1746/1729 1538/1747/1730 785/1748/1731
f 1538/1749/1730 783/380/356 785/1750/1731
f 1534/525/482 777/1720/1702 1536/1743/1725
f 1536/1743/1725 776/1722/1704 1537/1745/1727
f 1537/1745/1732 775/1724/1707 1538/1747/1730
f 775/1726/1707 1535/378/354 1538/1749/1730
f 1539/511/469 815/1751/1733 812/509/467
f 1541/1752/1734 814/1753/1735 815/1751/1733
f 1542/1754/1736 813/1755/1737 814/1753/1735
f 1543/1756/1738 811/390/365 813/1757/1737
f 794/1148/1097 1541/1752/1734 1539/511/469
f 804/1147/1096 1542/1754/1736 1541/1752/1734
f 797/1151/1100 1543/1758/1738 1542/1754/1736
f 796/1142/1091 1540/474/437 1543/1758/1738
f 788/393/367 1546/1759/1739 790/1739/1721
f 790/1739/1721 1547/1760/1740 791/1740/1722
f 791/1740/1741 1548/1761/1742 792/1741/1724
f 792/1742/1724 1545/381/357 789/383/359
f 1544/493/454 815/1751/1733 1546/1759/1739
f 1546/1759/1743 814/1753/1735 1547/1760/1740
f 1547/1760/1744 813/1755/1737 1548/1761/1742
f 813/1757/1737 1545/381/357 1548/1762/1742
f 794/1148/1097 1551/1763/1745 802/1146/1095
f 802/1146/1095 1552/1764/1746 803/1149/1098
f 803/1149/1107 1553/1765/1747 808/1157/1103
f 808/1154/1103 1550/387/362 795/389/364
f 1549/510/468 787/1744/1726 1551/1763/1745
f 1551/1763/1745 786/1746/1728 1552/1764/1746
f 1552/1764/1748 785/1748/1731 1553/1765/1747
f 1553/1766/1747 783/380/356 1550/387/362
f 1554/410/383 755/1698/1681 753/532/488
f 1556/1767/1749 756/1699/1750 755/1698/1681
f 1557/1768/1751 757/1769/1752 756/1699/1683
f 757/1770/1752 1555/503/461 754/359/336
f 821/469/434 1556/1767/1749 1554/410/383
f 823/1771/1753 1557/1768/1754 1556/1767/1749
f 824/1772/1755 1558/1773/1756 1557/1768/1751
f 1558/1774/1756 822/399/373 1555/503/461
f 1559/342/322 820/1775/1757 817/518/476
f 1561/1776/1758 819/1777/1759 820/1775/1757
f 1562/1778/1760 818/1779/1761 819/1777/1762
f 818/1780/1761 1560/395/369 816/397/371
f 744/344/324 1561/1776/1758 1559/342/322
f 747/1702/1685 1562/1778/1763 1561/1776/1758
f 746/1704/1690 1563/1781/1764 1562/1778/1760
f 1563/1781/1764 743/1708/334 1560/1782/369
f 833/1175/1127 1566/1783/1765 844/1173/1125
f 844/1173/1125 1567/1784/1766 845/1164/1114
f 845/1164/1114 1568/1785/1767 835/1160/1110
f 835/1786/1110 1565/461/427 831/517/475
f 1564/484/446 828/1787/1768 1566/1783/1765
f 1566/1783/1765 829/1788/1769 1567/1784/1766
f 1567/1784/1766 830/1789/1770 1568/1785/1767
f 1568/1790/1767 827/405/379 1565/461/427
f 1569/485/447 823/1771/1753 821/469/434
f 1571/1791/1771 824/1772/1772 823/1771/1753
f 1572/1792/1773 825/1793/1774 824/1772/1755
f 1573/1794/1775 822/399/373 825/1795/1774
f 833/1175/1127 1571/1791/1771 1569/485/447
f 846/1174/1126 1572/1792/1776 1571/1791/1771
f 840/1177/1777 1573/1796/1775 1572/1792/1773
f 839/1797/1119 1570/407/381 1573/1794/1775
f 1574/487/449 828/1787/1768 826/486/448
f 1576/1798/1778 829/1788/1769 828/1787/1768
f 1577/1799/1779 830/1789/1770 829/1788/1769
f 830/1800/1770 1575/403/377 827/405/379
f 817/518/476 1576/1798/1778 1574/487/449
f 820/1775/1757 1577/1799/1780 1576/1798/1778
f 819/1777/1762 1578/1801/1781 1577/1799/1779
f 818/1780/1761 1575/403/377 1578/1802/1781
f 1579/483/445 873/1803/1782 870/412/384
f 1581/1804/1783 872/1805/1784 873/1803/1782
f 1582/1806/1785 871/1807/1786 872/1805/1784
f 1583/1808/1787 869/531/487 871/1807/1786
f 854/432/402 1581/1804/1783 1579/483/445
f 856/1809/1788 1582/1806/1785 1581/1804/1783
f 857/1810/1789 1583/1808/1787 1582/1806/1785
f 858/1811/1790 1580/530/486 1583/1808/1787
f 875/426/396 1586/1812/1791 878/1813/1792
f 878/1813/1792 1587/1814/1793 877/1815/1794
f 877/1815/1794 1588/1816/1795 876/1817/1796
f 876/1817/1796 1585/464/430 874/467/433
f 1584/425/395 861/1818/1797 1586/1812/1791
f 1586/1812/1791 862/1819/1798 1587/1814/1793
f 1587/1814/1793 863/1820/1799 1588/1816/1795
f 1588/1816/1795 860/465/431 1585/464/430
f 850/422/392 1591/1821/1800 853/1822/1801
f 853/1822/1801 1592/1823/1802 852/1824/1803
f 852/1824/1803 1593/1825/1804 851/1826/1805
f 851/1826/1805 1590/481/444 849/447/416
f 1589/413/385 873/1803/1782 1591/1821/1800
f 1591/1821/1800 872/1805/1784 1592/1823/1802
f 1592/1823/1802 871/1807/1786 1593/1825/1804
f 1593/1825/1804 869/531/487 1590/481/444
f 1594/427/397 868/1827/1806 865/466/432
f 1596/1828/1807 867/1829/1808 868/1827/1806
f 1597/1830/1809 866/1831/1810 867/1829/1808
f 1598/1832/1811 864/522/480 866/1831/1810
f 875/426/396 1596/1828/1807 1594/427/397
f 878/1813/1792 1597/1830/1809 1596/1828/1807
f 877/1815/1794 1598/1832/1811 1597/1830/1809
f 876/1817/1796 1595/502/460 1598/1832/1811
f 1599/418/389 883/1833/1812 880/496/456
f 1601/1834/1813 882/1835/1814 883/1833/1812
f 1602/1836/1815 881/1837/1816 882/1835/1814
f 1603/1838/1817 879/419/390 881/1837/1816
f 865/466/432 1601/1834/1813 1599/418/389
f 868/1827/1806 1602/1836/1815 1601/1834/1813
f 867/1829/1808 1603/1838/1817 1602/1836/1815
f 866/1831/1810 1600/435/405 1603/1838/1817
f 1604/433/403 856/1809/1788 854/432/402
f 1606/1839/1818 857/1810/1789 856/1809/1788
f 1607/1840/1819 858/1811/1790 857/1810/1789
f 1608/1841/1820 855/529/485 858/1811/1790
f 884/438/407 1606/1839/1818 1604/433/403
f 886/1842/1821 1607/1840/1819 1606/1839/1818
f 887/1843/1822 1608/1841/1820 1607/1840/1819
f 888/1844/1823 1605/415/387 1608/1841/1820
f 1609/439/408 886/1842/1821 884/438/407
f 1611/1845/1824 887/1843/1822 886/1842/1821
f 1612/1846/1825 888/1844/1823 887/1843/1822
f 1613/1847/1826 885/479/442 888/1844/1823
f 894/443/412 1611/1845/1824 1609/439/408
f 896/1848/1827 1612/1846/1825 1611/1845/1824
f 897/1849/1828 1613/1847/1826 1612/1846/1825
f 898/1850/1829 1610/523/481 1613/1847/1826
f 1614/434/404 893/1851/1830 890/526/483
f 1616/1852/1831 892/1853/1832 893/1851/1830
f 1617/1854/1833 891/1855/1834 892/1853/1832
f 1618/1856/1835 889/442/411 891/1855/1834
f 880/496/456 1616/1852/1831 1614/434/404
f 883/1833/1812 1617/1854/1833 1616/1852/1831
f 882/1835/1814 1618/1856/1835 1617/1854/1833
f 881/1837/1816 1615/421/391 1618/1856/1835
f 917/528/484 1621/1857/1836 920/1858/1837
f 920/1858/1837 1622/1859/1838 919/1860/1839
f 919/1860/1839 1623/1861/1840 918/1862/1841
f 918/1862/1841 1620/513/471 916/515/473
f 1619/1863/441 903/1180/1132 1621/1857/1836
f 1621/1857/1836 912/1184/1136 1622/1859/1838
f 1622/1859/1838 911/1190/1144 1623/1861/1840
f 1623/1861/1840 901/514/472 1620/513/471
f 1624/445/414 896/1848/1827 894/443/412
f 1626/1864/1842 897/1849/1828 896/1848/1827
f 1627/1865/1843 898/1850/1829 897/1849/1828
f 1628/1866/1844 895/520/478 898/1850/1829
f 917/528/484 1626/1864/1842 1624/445/414
f 920/1858/1837 1627/1865/1843 1626/1864/1842
f 919/1860/1839 1628/1866/1844 1627/1865/1843
f 918/1862/1841 1625/497/457 1628/1866/1844
f 1629/440/409 907/1188/1140 900/446/415
f 1631/1867/1845 908/1193/1147 907/1188/1140
f 1632/1868/1846 913/1191/1145 908/1193/1147
f 1633/1869/1847 901/514/472 913/1191/1145
f 890/526/483 1631/1867/1845 1629/440/409
f 893/1851/1830 1632/1868/1846 1631/1867/1845
f 892/1853/1832 1633/1869/1847 1632/1868/1846
f 891/1855/1834 1630/512/470 1633/1869/1847
f 859/429/399 1636/1870/1848 861/1818/1797
f 861/1818/1797 1637/1871/1849 862/1819/1798
f 862/1819/1798 1638/1872/1850 863/1820/1799
f 863/1820/1799 1635/507/465 860/465/431
f 1634/450/417 928/1873/1851 1636/1870/1848
f 1636/1870/1848 929/1874/1852 1637/1871/1849
f 1637/1871/1849 930/1875/1853 1638/1872/1850
f 1638/1872/1850 927/471/436 1635/507/465
f 922/452/419 1641/1876/1854 925/1877/1855
f 925/1877/1855 1642/1878/1856 924/1879/1857
f 924/1879/1857 1643/1880/1858 923/1881/1859
f 923/1881/1859 1640/456/422 921/455/421
f 1639/423/393 853/1822/1801 1641/1876/1854
f 1641/1876/1854 852/1824/1803 1642/1878/1856
f 1642/1878/1856 851/1826/1805 1643/1880/1858
f 1643/1880/1858 849/447/416 1640/456/422
f 1644/463/429 939/1196/1151 936/519/477
f 1646/1882/1860 940/1205/1160 939/1196/1151
f 1647/1883/1861 947/1201/1156 940/1205/1160
f 1648/1884/1862 937/1202/1157 947/1201/1156
f 931/459/425 1646/1882/1860 1644/463/429
f 933/1885/1863 1647/1883/1861 1646/1882/1860
f 934/1886/1864 1648/1884/1862 1647/1883/1861
f 935/1887/1865 1645/491/453 1648/1884/1862
f 926/451/418 1651/1888/1866 928/1873/1851
f 928/1873/1851 1652/1889/1867 929/1874/1852
f 929/1874/1852 1653/1890/1868 930/1875/1853
f 930/1875/1853 1650/490/452 927/471/436
f 1649/457/423 950/1208/1164 1651/1888/1866
f 1651/1888/1866 946/1203/1158 1652/1889/1867
f 1652/1889/1867 945/1200/1155 1653/1890/1868
f 1653/1890/1868 937/1202/1157 1650/490/452
f 931/459/425 1656/1891/1869 933/1885/1863
f 933/1885/1863 1657/1892/1870 934/1886/1864
f 934/1886/1864 1658/1893/1871 935/1887/1865
f 935/1887/1865 1655/489/451 932/488/450
f 1654/453/420 925/1877/1855 1656/1891/1869
f 1656/1891/1869 924/1879/1857 1657/1892/1870
f 1657/1892/1870 923/1881/1859 1658/1893/1871
f 1658/1893/1871 921/455/421 1655/489/451
f 938/458/424 1661/1894/1872 941/1895/1165
f 941/1195/1150 1660/516/474 936/519/477
f 1659/408/382 841/1168/1873 1661/1894/1872
s 38
f 1661/1894/1874 841/1168/1875 834/1896/1874
s 4
f 1661/1897/1876 831/517/475 1660/516/474
f 1662/388/363 807/1898/1877 795/389/364
s 39
f 807/1898/1878 1664/1899/1878 798/1900/1878
s 4
f 1664/1901/1879 793/1139/1088 798/1141/1090
f 900/446/415 1664/1902/1880 1662/388/363
f 902/1903/1133 1663/475/438 1664/1901/1879
s 5
f 974/555/508 1667/1904/1881 977/1905/1882
f 977/1905/1882 1668/1906/1883 976/1907/1884
f 976/1907/1885 1669/1908/1886 975/1909/1887
f 1669/1910/1886 973/708/648 975/1911/1887
f 1665/554/507 960/1912/1888 1667/1904/1881
f 1667/1904/1881 961/1913/1889 1668/1906/1883
f 1668/1906/1890 962/1914/1891 1669/1908/1886
f 962/1915/1891 1666/670/612 1669/1910/1886
f 1670/591/542 982/1916/1892 979/538/493
f 1672/1917/1893 981/1918/1894 982/1919/1892
f 1673/1920/1895 980/1921/1896 981/1918/1897
f 980/1921/1896 1671/650/595 978/551/504
f 963/719/658 1672/1922/1893 1670/591/542
f 965/1923/1898 1673/1920/1899 1672/1917/1893
f 966/1924/1900 1674/1925/1901 1673/1920/1895
f 1674/1925/1901 964/548/501 1671/650/595
f 1675/660/604 957/1926/1902 954/506/464
f 1677/1927/1903 956/1928/1904 957/1926/1902
f 1678/1929/1905 955/1930/1906 956/1928/1907
f 955/1931/1906 1676/534/490 953/546/499
f 974/555/508 1677/1927/1903 1675/660/604
f 977/1905/1882 1678/1929/1908 1677/1927/1903
f 976/1907/1885 1679/1932/1909 1678/1929/1905
f 1679/1933/1909 973/708/648 1676/534/490
f 969/689/630 1682/1934/1910 972/1935/1911
f 972/1936/1911 1683/1937/1912 971/1938/1913
f 971/1938/1914 1684/1939/1915 970/1940/1916
f 1684/1939/1915 968/540/494 970/1940/1916
f 1680/556/509 982/1916/1892 1682/1934/1910
f 1682/1941/1910 981/1918/1894 1683/1937/1912
f 1683/1937/1917 980/1921/1896 1684/1939/1915
f 980/1921/1896 1681/553/506 1684/1939/1915
f 984/690/631 1687/1942/1918 987/1943/1919
f 987/1943/1919 1688/1944/1920 986/1945/1921
f 986/1946/1922 1689/1947/1923 985/1948/1924
f 1689/1947/1923 983/559/511 985/1948/1924
f 1685/684/625 972/1935/1911 1687/1942/1918
f 1687/1949/1918 971/1938/1913 1688/1950/1920
f 1688/1950/1925 970/1940/1916 1689/1947/1923
f 970/1940/1916 1686/542/496 1689/1947/1923
f 958/545/498 1692/1951/1926 960/1912/1888
f 960/1912/1888 1693/1952/1927 961/1913/1889
f 961/1913/1928 1694/1953/1929 962/1914/1891
f 1694/1954/1929 959/565/517 962/1915/1891
f 1690/544/497 990/1955/1930 1692/1951/1926
f 1692/1951/1926 991/1956/1931 1693/1952/1927
f 1693/1952/1932 992/1957/1933 1694/1953/1929
f 992/1957/1933 1691/1958/515 1694/1953/1929
f 988/574/525 1697/1959/1934 990/1955/1930
f 990/1955/1930 1698/1960/1935 991/1956/1931
f 991/1956/1936 1699/1961/1937 992/1957/1933
f 1699/1961/1937 989/1962/514 992/1957/1933
f 1695/583/534 1000/1963/1938 1697/1959/1934
f 1697/1959/1934 1001/1964/1939 1698/1960/1935
f 1698/1960/1940 1002/1965/1941 1699/1961/1937
f 1002/1965/1941 1696/1966/512 1699/1961/1937
f 994/720/659 1702/1967/1942 997/1968/1943
f 997/1968/1943 1703/1969/1944 996/1970/1945
f 996/1971/1946 1704/1972/1947 995/1973/1948
f 1704/1972/1947 993/569/521 995/1973/1948
f 1700/713/653 987/1943/1919 1702/1967/1942
f 1702/1967/1942 986/1945/1921 1703/1969/1944
f 1703/1974/1949 985/1948/1924 1704/1972/1947
f 985/1948/1924 1701/567/519 1704/1972/1947
f 1705/698/638 1034/1248/1204 1023/696/636
f 1707/1975/1950 1035/1236/1194 1034/1248/1204
f 1708/1976/1951 1026/1233/1191 1035/1236/1194
f 1709/1977/1952 1021/712/652 1026/1233/1191
f 1004/1220/1178 1707/1975/1950 1705/698/638
f 1014/1219/1177 1708/1976/1951 1707/1975/1950
f 1007/1223/1181 1709/1977/1952 1708/1976/1951
f 1006/1213/1171 1706/664/606 1709/1977/1952
f 998/582/533 1712/1978/1953 1000/1963/1938
f 1000/1963/1938 1713/1979/1954 1001/1964/1939
f 1001/1964/1955 1714/1980/1956 1002/1965/1941
f 1002/1965/1941 1711/1981/522 999/1982/524
f 1710/683/624 1036/1247/1203 1712/1978/1953
f 1712/1978/1957 1030/1242/1207 1713/1979/1954
f 1713/1979/1958 1029/1239/1197 1714/1980/1956
f 1714/1980/1956 1022/1241/530 1711/1981/522
f 1004/1220/1178 1717/1983/1959 1012/1218/1176
f 1012/1218/1176 1718/1984/1960 1013/1221/1179
f 1013/1230/1188 1719/1985/1961 1018/1226/1184
f 1018/1226/1184 1716/576/527 1005/578/529
f 1715/697/637 997/1968/1943 1717/1983/1959
f 1717/1983/1959 996/1970/1945 1718/1984/1960
f 1718/1986/1962 995/1973/1948 1719/1985/1961
f 1719/1985/1961 993/569/521 1716/576/527
f 1720/599/549 965/1987/1898 963/719/658
f 1722/1988/1963 966/1924/1964 965/1923/1898
f 1723/1989/1965 967/1990/1966 966/1924/1900
f 967/1990/1966 1721/693/633 964/548/501
f 1044/659/603 1722/1991/1963 1720/599/549
f 1046/1992/1967 1723/1989/1968 1722/1988/1963
f 1047/1993/1969 1724/1994/1970 1723/1989/1965
f 1724/1994/1970 1045/588/539 1721/693/633
f 1725/504/462 1043/1995/1971 1040/705/645
f 1727/1996/1972 1042/1997/1973 1043/1995/1971
f 1728/1998/1974 1041/1999/1975 1042/1997/1976
f 1041/2000/1975 1726/584/535 1039/586/537
f 954/506/464 1727/1996/1972 1725/504/462
f 957/1926/1902 1728/1998/1977 1727/1996/1972
f 956/1928/1907 1729/2001/1978 1728/1998/1974
f 1729/2002/1978 953/546/499 1726/584/535
f 1056/1267/1227 1732/2003/1979 1067/1265/1225
f 1067/1265/1225 1733/2004/1980 1068/1255/1214
f 1068/1255/1214 1734/2005/1981 1058/1251/1210
f 1058/1251/1210 1731/2006/596 1054/1249/644
f 1730/674/615 1051/2007/1982 1732/2003/1979
f 1732/2003/1979 1052/2008/1983 1733/2004/1980
f 1733/2004/1980 1053/2009/1984 1734/2005/1981
f 1734/2010/1981 1050/594/545 1731/651/596
f 1735/675/616 1046/2011/1967 1044/659/603
f 1737/2012/1985 1047/1993/1986 1046/1992/1967
f 1738/2013/1987 1048/2014/1988 1047/1993/1969
f 1739/2015/1989 1045/588/539 1048/2014/1988
f 1056/1267/1227 1737/2016/1985 1735/675/616
f 1069/2017/1226 1738/2013/1990 1737/2012/1985
f 1063/2018/1991 1739/2015/1989 1738/2013/1987
f 1062/1260/1219 1736/596/547 1739/2015/1989
f 1740/677/618 1051/2007/1982 1049/676/617
f 1742/2019/1992 1052/2008/1983 1051/2007/1982
f 1743/2020/1993 1053/2009/1984 1052/2008/1983
f 1053/2021/1984 1741/592/543 1050/594/545
f 1040/705/645 1742/2019/1992 1740/677/618
f 1043/1995/1971 1743/2020/1994 1742/2019/1992
f 1042/1997/1976 1744/2022/1995 1743/2020/1993
f 1041/2000/1975 1741/592/543 1744/2023/1995
f 1745/673/614 1096/2024/1996 1093/601/550
f 1747/2025/1997 1095/2026/1998 1096/2024/1996
f 1748/2027/1999 1094/2028/2000 1095/2026/1998
f 1749/2029/2001 1092/718/657 1094/2028/2000
f 1077/621/569 1747/2025/1997 1745/673/614
f 1079/2030/2002 1748/2027/1999 1747/2025/1997
f 1080/2031/2003 1749/2029/2001 1748/2027/1999
f 1081/2032/2004 1746/717/656 1749/2029/2001
f 1098/615/563 1752/2033/2005 1101/2034/2006
f 1101/2034/2006 1753/2035/2007 1100/2036/2008
f 1100/2036/2008 1754/2037/2009 1099/2038/2010
f 1099/2038/2010 1751/654/599 1097/657/602
f 1750/614/562 1084/2039/2011 1752/2033/2005
f 1752/2033/2005 1085/2040/2012 1753/2035/2007
f 1753/2035/2007 1086/2041/2013 1754/2037/2009
f 1754/2037/2009 1083/655/600 1751/654/599
f 1073/611/559 1757/2042/2014 1076/2043/2015
f 1076/2043/2015 1758/2044/2016 1075/2045/2017
f 1075/2045/2017 1759/2046/2018 1074/2047/2019
f 1074/2047/2019 1756/671/613 1072/637/585
f 1755/602/551 1096/2024/1996 1757/2042/2014
f 1757/2042/2014 1095/2026/1998 1758/2044/2016
f 1758/2044/2016 1094/2028/2000 1759/2046/2018
f 1759/2046/2018 1092/718/657 1756/671/613
f 1760/616/564 1091/2048/2020 1088/656/601
f 1762/2049/2021 1090/2050/2022 1091/2048/2020
f 1763/2051/2023 1089/2052/2024 1090/2050/2022
f 1764/2053/2025 1087/709/649 1089/2052/2024
f 1098/615/563 1762/2049/2021 1760/616/564
f 1101/2034/2006 1763/2051/2023 1762/2049/2021
f 1100/2036/2008 1764/2053/2025 1763/2051/2023
f 1099/2038/2010 1761/692/632 1764/2053/2025
f 1765/607/555 1106/2054/2026 1103/686/627
f 1767/2055/2027 1105/2056/2028 1106/2054/2026
f 1768/2057/2029 1104/2058/2030 1105/2056/2028
f 1769/2059/2031 1102/608/556 1104/2058/2030
f 1088/656/601 1767/2055/2027 1765/607/555
f 1091/2048/2020 1768/2057/2029 1767/2055/2027
f 1090/2050/2022 1769/2059/2031 1768/2057/2029
f 1089/2052/2024 1766/624/572 1769/2059/2031
f 1770/622/570 1079/2030/2002 1077/621/569
f 1772/2060/2032 1080/2031/2003 1079/2030/2002
f 1773/2061/2033 1081/2032/2004 1080/2031/2003
f 1774/2062/2034 1078/716/655 1081/2032/2004
f 1107/627/575 1772/2060/2032 1770/622/570
f 1109/2063/2035 1773/2061/2033 1772/2060/2032
f 1110/2064/2036 1774/2062/2034 1773/2061/2033
f 1111/2065/2037 1771/604/553 1774/2062/2034
f 1775/628/576 1109/2063/2035 1107/627/575
f 1777/2066/2038 1110/2064/2036 1109/2063/2035
f 1778/2067/2039 1111/2065/2037 1110/2064/2036
f 1779/2068/2040 1108/669/611 1111/2065/2037
f 1117/632/580 1777/2066/2038 1775/628/576
f 1119/2069/2041 1778/2067/2039 1777/2066/2038
f 1120/2070/2042 1779/2068/2040 1778/2067/2039
f 1121/2071/2043 1776/710/650 1779/2068/2040
f 1780/623/571 1116/2072/2044 1113/714/654
f 1782/2073/2045 1115/2074/2046 1116/2072/2044
f 1783/2075/2047 1114/2076/2048 1115/2074/2046
f 1784/2077/2049 1112/631/579 1114/2076/2048
f 1103/686/627 1782/2073/2045 1780/623/571
f 1106/2054/2026 1783/2075/2047 1782/2073/2045
f 1105/2056/2028 1784/2077/2049 1783/2075/2047
f 1104/2058/2030 1781/610/558 1784/2077/2049
f 1785/668/610 1143/2078/2050 1140/715/582
f 1143/2078/2050 1788/2079/2051 1142/2080/2052
f 1142/2080/2052 1789/2081/2053 1141/2082/2054
f 1141/2082/2054 1786/2083/640 1139/2084/642
f 1785/668/610 1126/1272/1232 1787/2085/2055
f 1787/2085/2055 1135/1276/1236 1788/2079/2051
f 1788/2079/2051 1134/1284/1244 1789/2081/2053
f 1789/2081/2053 1124/1286/641 1786/2083/640
f 1790/635/583 1119/2069/2041 1117/632/580
f 1792/2086/2056 1120/2070/2042 1119/2069/2041
f 1793/2087/2057 1121/2071/2043 1120/2070/2042
f 1794/2088/2058 1118/707/647 1121/2071/2043
f 1140/634/582 1792/2086/2056 1790/635/583
f 1143/2089/2050 1793/2087/2057 1792/2086/2056
f 1142/2090/2052 1794/2088/2058 1793/2087/2057
f 1141/2091/2054 1791/687/628 1794/2088/2058
f 1795/629/577 1130/1280/1240 1123/636/584
f 1797/2092/2059 1131/2093/1247 1130/1280/1240
f 1798/2094/2060 1136/2095/1245 1131/2093/1247
f 1799/2096/2061 1124/701/641 1136/2095/1245
f 1113/714/654 1797/2092/2059 1795/629/577
f 1116/2072/2044 1798/2094/2060 1797/2092/2059
f 1115/2074/2046 1799/2096/2061 1798/2094/2060
f 1114/2076/2048 1796/699/639 1799/2096/2061
f 1082/618/566 1802/2097/2062 1084/2039/2011
f 1084/2039/2011 1803/2098/2063 1085/2040/2012
f 1085/2040/2012 1804/2099/2064 1086/2041/2013
f 1086/2041/2013 1801/694/634 1083/655/600
f 1800/640/586 1151/2100/2065 1802/2097/2062
f 1802/2097/2062 1152/2101/2066 1803/2098/2063
f 1803/2098/2063 1153/2102/2067 1804/2099/2064
f 1804/2099/2064 1150/661/605 1801/694/634
f 1145/642/588 1807/2103/2068 1148/2104/2069
f 1148/2104/2069 1808/2105/2070 1147/2106/2071
f 1147/2106/2071 1809/2107/2072 1146/2108/2073
f 1146/2108/2073 1806/646/591 1144/645/590
f 1805/612/560 1076/2043/2015 1807/2103/2068
f 1807/2103/2068 1075/2045/2017 1808/2105/2070
f 1808/2105/2070 1074/2047/2019 1809/2107/2072
f 1809/2107/2072 1072/637/585 1806/646/591
f 1810/653/598 1162/1292/1251 1159/706/646
f 1812/2109/2074 1163/1301/1261 1162/1292/1251
f 1813/2110/2075 1169/1297/1257 1163/1301/1261
f 1814/2111/2076 1160/1298/1258 1169/1297/1257
f 1154/649/594 1812/2109/2074 1810/653/598
f 1156/2112/2077 1813/2110/2075 1812/2109/2074
f 1157/2113/2078 1814/2111/2076 1813/2110/2075
f 1158/2114/2079 1811/681/622 1814/2111/2076
f 1149/641/587 1817/2115/2080 1151/2100/2065
f 1151/2100/2065 1818/2116/2081 1152/2101/2066
f 1152/2101/2066 1819/2117/2082 1153/2102/2067
f 1153/2102/2067 1816/680/621 1150/661/605
f 1815/647/592 1173/1304/1265 1817/2115/2080
f 1817/2115/2080 1168/1299/1259 1818/2116/2081
f 1818/2116/2081 1167/1296/1256 1819/2117/2082
f 1819/2117/2082 1160/1298/1258 1816/680/621
f 1154/649/594 1822/2118/2083 1156/2112/2077
f 1156/2112/2077 1823/2119/2084 1157/2113/2078
f 1157/2113/2078 1824/2120/2085 1158/2114/2079
f 1158/2114/2079 1821/679/620 1155/678/619
f 1820/643/589 1148/2104/2069 1822/2118/2083
f 1822/2118/2083 1147/2106/2071 1823/2119/2084
f 1823/2119/2084 1146/2108/2073 1824/2120/2085
f 1824/2120/2085 1144/645/590 1821/679/620
f 1161/648/593 1827/2121/2086 1172/2122/1266
f 1172/2123/2087 1826/2124/643 1159/2125/2088
f 1825/597/548 1064/1259/2089 1827/2121/2086
s 40
f 1827/2121/2090 1064/1259/2090 1057/1263/2090
s 5
f 1827/2126/2091 1054/1249/644 1826/2124/643
f 1828/577/528 1017/2127/1185 1005/578/529
s 41
f 1017/1216/2092 1830/2128/2092 1008/1212/2092
s 5
f 1830/2128/2093 1003/1210/1168 1008/1212/2094
f 1123/636/584 1830/2129/2095 1828/577/528
f 1125/2130/1233 1829/665/607 1830/2128/2093
f 1831/1306/581 1031/1240/1198 1834/1307/1269
f 1834/1307/1269 1025/1234/1192 1835/1309/1271
f 1835/1309/1271 1024/1232/1190 1836/1310/1272
f 1836/1310/1272 1021/712/652 1832/711/651
s 12
f 449/843/788 448/2131/2096 447/847/779
s 2
f 451/1576/1518 450/841/2097 452/2132/1529
s 18
f 461/1600/2098 1838/853/800 459/2133/799
s 23
f 511/907/846 505/903/839 1839/902/2099
s 2
f 483/1595/1542 484/2134/1544 1840/1593/2100
s 11
f 441/1575/2101 440/2135/776 1837/1573/775
s 1
f 199/16/13 1187/4/4 105/6/6
f 1212/37/33 107/36/32 23/38/34
f 1227/46/41 114/45/40 1339/47/42
f 1252/62/57 272/56/51 17/57/52
f 105/6/6 20/5/5 326/71/64
f 10/73/66 311/186/166 1282/74/67
f 24/76/68 321/125/112 1276/77/69
f 335/78/70 8/95/66 97/79/71
f 103/55/50 16/17/14 306/81/73
f 15/83/75 102/87/79 1261/84/76
f 116/90/82 1281/92/84 310/91/83
f 22/28/24 336/155/136 1291/93/85
f 1277/94/86 96/75/66 8/95/66
f 23/38/34 346/184/164 1306/99/90
f 1292/80/72 97/79/71 11/100/71
f 114/45/40 1306/99/90 356/105/95
f 305/106/96 1267/140/124 95/107/66
f 14/20/17 101/19/16 1311/109/97
f 101/19/16 13/60/55 382/110/98
f 111/63/58 17/57/52 378/111/99
f 99/113/66 12/132/66 377/114/101
f 21/65/60 111/63/58 1331/112/100
f 7/108/66 95/107/66 1262/123/110
f 108/22/19 1271/86/78 321/125/112
f 95/107/66 9/141/66 330/126/113
f 16/17/14 105/6/6 1266/72/65
f 383/130/116 1327/149/132 100/131/66
f 96/75/66 1282/74/67 341/138/122
f 1267/140/124 325/188/168 9/141/66
f 26/34/30 310/91/83 1256/142/125
f 100/131/66 1322/150/133 388/147/130
f 1327/149/132 393/783/730 1322/150/133
f 113/11/9 1276/77/69 336/155/136
f 11/100/71 351/179/159 1302/156/137
f 94/160/66 1272/161/141 330/126/113
f 10/73/66 320/181/161 1272/161/141
f 7/108/66 99/113/66 1317/115/102
s 2
f 1369/163/143 136/206/186 1459/164/144
s 1
f 1312/166/146 383/130/116 12/132/66
f 1307/171/151 98/157/138 1297/172/152
f 98/157/138 1302/156/137 372/174/154
f 17/57/52 103/55/50 1316/82/74
f 12/132/66 100/131/66 1332/148/131
f 97/79/71 1287/182/162 351/179/159
f 320/181/161 10/73/66 96/75/66
f 8/95/66 341/138/122 1287/182/162
f 107/36/32 1291/93/85 346/184/164
f 311/186/166 10/73/66 94/160/66
f 1257/187/167 94/160/66 9/141/66
f 345/101/91 11/100/71 98/157/138
f 316/124/111 1312/166/146 99/113/66
s 2
f 478/202/182 32/228/208 126/203/183
f 434/205/185 1485/277/257 136/206/186
f 445/212/192 1379/313/293 123/213/193
f 424/215/195 1384/293/273 134/216/196
f 1420/218/198 131/333/313 1425/219/199
f 134/216/196 1490/294/274 636/221/201
f 27/223/203 532/256/236 1362/224/204
f 31/225/205 126/203/183 1366/226/206
f 32/228/208 514/295/275 1366/226/206
f 411/240/220 28/269/249 121/241/221
f 30/248/228 124/273/253 1347/249/229
f 445/212/192 29/214/194 122/253/233
f 27/223/203 121/241/221 1342/255/235
f 1389/258/238 137/209/189 1489/259/239
f 1395/261/241 425/819/1550 1469/262/242
f 479/266/246 1395/261/241 118/263/243
f 477/268/248 1472/207/187 137/209/189
f 28/269/249 122/253/233 1357/270/250
f 29/214/194 512/276/256 1357/270/250
f 426/272/252 31/225/205 124/273/253
f 29/214/194 123/213/193 1362/224/204
f 1485/277/257 585/985/926 1415/278/258
f 28/269/249 548/271/251 1342/255/235
f 30/248/228 549/250/230 1356/291/271
f 31/225/205 567/227/207 1347/249/229
f 1384/293/273 462/862/803 1490/294/274
f 32/228/208 125/292/272 1356/291/271
s 3
f 568/296/276 1365/246/226 120/297/277
s 2
f 33/235/215 127/251/231 1343/257/237
f 118/263/243 1469/262/242 656/308/288
f 1473/267/247 118/263/243 1439/309/289
f 435/312/292 27/223/203 123/213/193
f 136/206/186 1415/278/258 602/317/297
f 426/272/252 1394/204/184 126/203/183
f 463/318/298 1385/274/254 124/273/253
f 638/319/299 1434/335/315 132/320/300
f 1429/321/301 132/320/300 1440/322/302
f 411/240/220 1374/254/234 122/253/233
f 435/312/292 1370/242/222 121/241/221
f 1425/219/199 131/333/313 1414/330/310
f 603/332/312 1414/330/310 131/333/313
f 463/318/298 30/248/228 125/292/272
f 478/202/182 1390/334/314 125/292/272
f 1440/322/302 132/320/300 1434/335/315
f 134/216/196 1430/222/202 654/337/317
s 5
f 1676/534/490 973/708/648 81/535/491
f 953/546/499 1676/534/490 187/536/492
f 1696/560/512 186/626/574 80/561/513
f 1691/563/515 198/620/568 86/564/516
f 1711/570/522 194/580/531 79/571/523
f 1726/584/535 953/546/499 77/547/500
f 1039/586/537 1726/584/535 185/585/536
f 1741/592/543 1039/586/537 78/587/538
f 187/536/492 81/535/491 1093/601/550
f 71/603/552 1078/716/655 1771/604/553
f 85/606/554 1088/656/601 1765/607/555
f 1102/608/556 69/625/573 179/609/557
f 185/585/536 77/547/500 1073/611/559
f 76/613/561 184/617/565 1750/614/562
f 76/613/561 1098/615/563 1760/616/564
f 184/617/565 75/550/503 1082/618/566
f 197/619/567 1745/673/614 1093/601/550
f 198/620/568 1770/622/570 1077/621/569
f 80/561/513 1107/627/575 1770/622/570
f 1766/624/572 178/605/552 69/625/573
f 186/626/574 1775/628/576 1107/627/575
f 79/571/523 1117/632/580 1775/628/576
f 1781/610/558 179/609/557 72/630/578
f 194/580/531 1790/635/583 1117/632/580
f 1790/635/583 194/580/531 1831/633/581
f 1831/633/581 1833/2136/1270 1140/634/582
f 1072/637/585 1756/671/613 177/638/552
f 75/550/503 183/549/502 1800/640/586
f 183/549/502 74/590/541 1149/641/587
f 181/644/552 73/663/552 1144/645/590
f 74/590/541 191/589/540 1815/647/592
f 191/589/540 1825/597/548 1161/648/593
f 1671/650/595 964/548/501 75/550/503
f 68/639/552 177/638/552 1751/654/599
f 190/552/505 1760/616/564 1088/656/601
f 177/638/552 70/672/552 1097/657/602
f 77/547/500 187/536/492 1755/602/551
f 1150/661/605 1816/680/621 182/662/552
f 989/562/514 80/561/513 198/620/568
f 178/605/552 1771/604/553 1108/669/611
f 959/565/517 86/564/516 197/619/567
f 1756/671/613 1092/718/657 70/672/552
f 86/564/516 1077/621/569 1745/673/614
f 182/662/552 1811/681/622 1155/678/619
f 1816/680/621 1160/1298/1258 1811/681/622
f 195/541/495 1765/607/555 1103/686/627
f 72/630/578 1118/707/647 1791/687/628
f 176/691/552 1761/692/632 1097/657/602
f 71/603/552 1087/709/649 1761/692/632
f 68/639/552 181/644/552 1806/646/591
f 1801/694/634 1150/661/605 73/663/552
f 1796/699/639 180/688/629 1786/700/640
f 180/688/629 1791/687/628 1139/702/642
f 188/652/597 1810/653/598 1159/706/646
f 999/572/524 79/571/523 186/626/574
f 73/663/552 182/662/552 1821/679/620
f 179/609/557 1776/710/650 1118/707/647
f 1666/670/612 197/619/567 81/535/491
f 1087/709/649 71/603/552 178/605/552
f 69/625/573 1108/669/611 1776/710/650
f 1078/716/655 71/603/552 176/691/552
f 1746/717/656 176/691/552 70/672/552
f 1112/631/579 72/630/578 180/688/629
f 1083/655/600 1801/694/634 181/644/552
s 1
f 314/1445/1399 311/186/166 1257/187/167
f 1264/1448/1402 318/1453/1407 319/1454/1408
f 1269/1457/1411 328/1439/1393 327/1441/1395
f 322/1465/1419 320/181/161 1277/94/86
f 344/1478/1432 341/138/122 1282/74/67
f 1290/1481/1435 1287/182/162 341/138/122
f 1294/1488/1442 1295/1490/1444 347/1489/1443
f 336/155/136 339/1467/1421 1293/1486/1440
f 1306/99/90 1308/1500/1454 362/767/713
f 347/1489/1443 345/101/91 1307/171/151
f 1313/1503/1457 384/1506/1460 385/1507/1461
f 379/1514/1468 1320/1513/1467 1317/115/102
f 1318/1509/1463 309/1456/1410 308/1458/1412
f 1328/1525/1475 406/792/737 402/784/731
s 2
f 563/953/892 562/961/900 1346/1547/1493
f 562/961/900 550/298/278 1343/257/237
f 1347/249/229 1349/1548/1494 557/956/895
f 558/958/897 1350/1550/1496 1351/1549/1495
f 1351/1549/1495 580/980/920 569/265/245
f 514/295/275 1356/291/271 1358/1556/1501
f 526/926/866 1358/1556/1501 1359/1557/1502
f 1359/1557/1502 1360/1558/1503 517/911/851
f 1360/1558/1503 1357/270/250 512/276/256
f 1356/291/271 549/250/230 559/957/896
f 1358/1556/1501 559/957/896 552/951/890
f 552/951/890 551/949/888 1360/1558/1503
f 551/949/888 548/271/251 1357/270/250
f 1364/1561/1506 1362/224/204 532/256/236
f 1364/1561/1506 515/910/850 512/276/256
s 3
f 1365/246/226 1367/1564/1508 521/919/859
s 2
f 1368/1568/1510 1366/226/206 514/295/275
s 3
f 1365/246/226 568/296/276 577/973/912
f 1367/1564/1508 577/973/912 571/978/916
s 2
f 1368/1568/1510 570/968/907 567/227/207
f 434/205/185 1369/163/143 1371/1571/1513
f 1837/1573/1515 1372/1572/1514 1373/1574/1516
f 441/1575/1517 1373/1574/1516 1370/242/222
f 409/165/145 414/797/742 1371/1571/1513
f 414/797/742 421/800/745 1372/1572/1514
f 421/800/745 422/810/753 1373/1574/1516
f 422/810/753 411/240/220 1370/242/222
f 1374/254/234 1376/1577/1519 451/1576/1518
f 1376/1577/1519 1377/1578/1521 450/841/1520
f 1379/313/293 1381/1581/1524 441/1580/1517
f 1382/1582/1526 1383/1583/1528 438/833/1527
f 1379/313/293 445/212/192 451/1584/1518
f 1382/1582/1526 452/1585/1529 449/845/1530
f 462/862/803 1384/293/273 1386/1586/1532
f 465/860/801 1386/1586/1532 1387/1587/1533
f 466/863/804 1387/1587/1533 1388/1588/1534
f 428/814/1535 433/1589/762 1387/1587/1533
f 1388/1588/1534 1387/1587/1533 433/1589/762
f 432/1590/761 430/825/1536 1388/1588/1534
f 430/825/1536 426/272/252 1385/274/254
f 464/260/240 475/872/811 1391/1591/1537
f 475/872/811 471/867/807 1392/1592/1539
f 471/867/807 470/869/809 1393/1594/1541
f 1394/204/184 1396/1597/1543 483/1596/1542
f 1396/1597/1543 1397/1598/1545 484/883/1544
f 1397/1598/1545 1398/1599/1546 486/880/821
f 1396/1597/1543 431/826/1547 432/823/1548
f 587/1000/311 1414/1616/310 1416/1613/1573
f 598/991/933 1417/1614/1574 1418/1615/1575
f 1414/1616/310 603/1012/312 612/1011/957
f 1417/1614/1574 606/1005/951 605/1003/949
f 1426/1621/1579 1427/1622/1580 594/1002/948
f 1428/1623/1581 1425/1624/199 587/1000/311
f 1426/1621/1579 634/1034/978 629/1030/973
f 1428/1623/1581 628/1027/971 621/1029/200
f 1429/1625/301 1431/1626/1582 649/1049/994
f 1431/1626/1582 1432/1627/1583 650/1041/986
f 1432/1627/1583 1433/1628/1584 641/1038/983
f 1433/1628/1584 1430/222/202 636/221/201
f 658/1066/1010 657/1056/999 1433/1628/1584
f 1441/1633/1588 1442/1634/1589 679/1087/1032
f 1442/1634/1589 1443/1635/1590 685/1084/1030
f 1443/1635/1590 1440/1636/302 672/1085/316
f 1441/1633/1588 668/1068/1012 663/1064/1007
f 1442/1634/1589 663/1064/1007 662/1061/1005
s 5
f 1100/2036/2008 1753/2035/2007 1754/2037/2009
f 1752/2033/2005 1084/2039/2011 1085/2040/2012
f 1759/2046/2018 1094/2028/2000 1092/718/657
f 1088/656/601 1091/2048/2020 1767/2055/2027
f 1107/627/575 1109/2063/2035 1772/2060/2032
f 1779/2068/2040 1776/710/650 1108/669/611
f 1119/2069/2041 1120/2070/2042 1778/2067/2039
f 1084/2039/2011 1802/2097/2062 1803/2098/2063
f 1808/2105/2070 1075/2045/2017 1074/2047/2019
f 1152/2101/2066 1818/2116/2081 1819/2117/2082
f 1819/2117/2082 1167/1296/1256 1160/1298/1258
f 1158/2114/2079 1824/2120/2085 1821/679/620
s 1
f 1236/1/1 92/70/2 1/2/2
f 1187/4/4 219/180/160 20/5/5
f 88/7/2 1181/61/56 225/8/7
f 214/10/8 24/76/68 113/11/9
f 4/13/2 89/43/2 1201/14/11
f 210/18/15 1232/162/142 101/19/16
f 224/21/18 15/83/75 108/22/19
f 3/9/2 87/27/2 1176/24/21
f 1191/26/23 215/158/139 4/13/2
f 1197/12/10 113/11/9 22/28/24
f 1207/30/26 104/96/87 19/31/27
f 1202/33/29 116/90/82 26/34/30
f 229/29/25 22/28/24 107/36/32
f 1222/40/36 112/50/45 18/41/37
f 89/43/2 2/154/2 234/44/39
f 239/39/35 23/38/34 114/45/40
f 267/49/44 25/103/93 112/50/45
f 90/51/46 5/151/46 244/52/47
f 1237/54/49 199/16/13 16/17/14
f 272/56/51 1237/54/49 103/55/50
f 278/58/53 1247/66/61 109/59/54
f 1/2/2 209/189/169 1181/61/56
f 283/64/59 1252/62/57 111/63/58
f 1247/66/61 288/2137/689 1336/67/62
f 6/68/2 277/128/114 1231/69/63
f 15/83/75 331/85/77 1271/86/78
f 102/87/79 14/20/17 315/88/80
f 115/89/81 1256/142/125 326/71/64
f 19/31/27 340/97/88 1281/92/84
f 104/96/87 1286/98/89 340/97/88
f 18/41/37 350/102/92 1286/98/89
f 112/50/45 1301/104/94 350/102/92
f 25/103/93 373/185/165 1301/104/94
f 13/60/55 109/59/54 1326/116/103
f 109/59/54 1336/67/62 394/117/104
f 1182/119/106 210/18/15 14/20/17
f 1242/120/107 283/64/59 21/65/60
f 106/121/108 21/65/60 387/118/105
f 225/8/7 1191/26/23 87/27/2
f 1192/23/20 108/22/19 24/76/68
f 93/127/2 1246/144/127 277/128/114
f 200/3/3 1/2/2 88/7/2
f 235/32/28 19/31/27 116/90/82
f 1217/133/117 249/2138/660 1340/134/118
f 110/135/119 1340/134/118 355/136/120
f 205/35/31 26/34/30 115/89/81
f 224/21/18 1182/119/106 102/87/79
f 1241/143/126 289/755/700 1246/144/127
f 282/145/128 1241/143/126 93/127/2
f 5/151/46 91/167/147 1221/152/134
f 1196/153/135 230/159/140 2/154/2
f 215/158/139 1196/153/135 89/43/2
f 230/159/140 1211/183/163 90/51/46
f 1232/162/142 278/58/53 13/60/55
f 91/167/147 1216/170/150 268/168/148
f 1226/169/149 250/731/670 1216/170/150
f 1242/120/107 106/121/108 1337/175/155
f 273/177/157 6/68/2 92/70/2
f 106/121/108 1321/122/109 392/178/158
f 245/42/38 18/41/37 104/96/87
f 1251/146/129 93/127/2 6/68/2
f 2/154/2 90/51/46 1206/53/48
f 1177/139/123 115/89/81 20/5/5
f 1217/133/117 110/135/119 25/103/93
f 1211/183/163 240/190/170 5/151/46
f 110/135/119 1296/137/121 373/185/165
f 1186/129/115 88/7/2 3/9/2
f 87/27/2 4/13/2 204/15/12
f 92/70/2 1231/69/63 209/189/169
f 240/190/170 1226/169/149 91/167/147
s 2
f 455/191/171 1409/338/318 129/192/172
f 502/194/174 1495/197/177 135/195/175
f 1495/197/177 724/1121/1066 1449/198/178
f 708/199/179 1450/326/306 130/200/180
f 1472/207/187 670/1071/1016 1435/208/188
f 1445/201/181 130/200/180 1455/210/190
f 436/229/209 1380/243/223 133/230/210
f 1375/232/212 410/805/750 1460/233/213
f 33/235/215 550/298/278 1348/236/216
f 34/193/173 129/192/172 1353/238/218
f 1380/243/223 444/842/1531 1464/244/224
s 3
f 1361/245/225 120/297/277 1365/246/226
s 2
f 455/191/171 34/193/173 127/251/231
f 34/193/173 530/239/219 1343/257/237
f 35/264/244 569/265/245 1353/238/218
f 35/264/244 128/237/217 1348/236/216
f 488/275/255 1399/252/232 127/251/231
f 1405/196/176 135/195/175 1476/279/259
f 1410/281/261 454/854/795 1481/282/262
s 3
f 1352/284/264 120/297/277 1361/245/225
s 2
f 504/286/266 1410/281/261 138/283/263
f 487/288/268 1477/1666/1634 117/289/269
f 135/195/175 1449/198/178 707/299/279
f 1494/287/267 138/283/263 1454/300/280
f 138/283/263 1481/282/262 690/302/282
f 119/234/214 1460/233/213 604/303/283
f 133/230/210 1424/307/287 586/305/285
f 133/230/210 1464/244/224 622/306/286
f 137/209/189 1435/208/188 637/310/290
f 443/314/294 1375/232/212 119/234/214
f 1465/315/295 119/234/214 1419/304/284
f 488/275/255 33/235/215 128/237/217
f 503/325/305 1404/324/304 128/237/217
f 1455/210/190 130/200/180 1450/326/306
f 117/289/269 1477/1666/1634 706/328/308
f 503/325/305 35/264/244 129/192/172
f 453/339/319 1400/290/270 117/289/269
f 117/289/269 1444/329/309 688/341/321
s 4
f 1559/342/322 144/411/323 36/343/323
f 1510/345/325 763/521/479 55/346/326
f 140/348/323 1504/402/376 769/349/328
f 758/351/329 59/417/388 165/352/330
f 39/354/323 141/384/323 1524/355/332
f 743/357/334 1510/345/325 157/347/327
f 754/359/336 1555/503/461 153/360/337
f 768/362/339 50/424/394 160/363/340
f 38/350/323 139/368/323 1499/365/342
f 1514/367/344 759/499/458 39/354/323
f 1520/353/331 165/352/330 57/369/345
f 1530/371/347 156/437/406 54/372/348
f 1525/374/350 168/431/401 61/375/351
f 773/370/346 57/369/345 159/377/353
f 1535/378/354 159/377/353 58/379/355
f 1545/381/357 164/391/366 53/382/358
f 141/384/323 37/495/323 778/385/360
f 783/380/356 58/379/355 166/386/361
f 1550/387/362 166/386/361 1662/388/363
f 811/390/365 60/444/413 164/391/366
f 142/392/323 40/492/323 788/393/367
f 1560/395/369 743/357/334 51/358/335
f 816/397/371 1560/395/369 155/396/370
f 822/399/373 1570/407/381 161/400/374
f 36/343/323 753/532/488 1504/402/376
f 1575/403/377 816/397/371 52/398/372
f 827/405/379 1575/403/377 163/404/378
f 1570/407/381 832/1166/1116 1659/408/382
f 41/409/323 821/469/434 1554/410/383
f 157/347/327 55/346/326 870/412/384
f 45/414/386 855/529/485 1605/415/387
f 59/417/388 865/466/432 1599/418/389
f 879/419/390 43/436/386 149/420/386
f 155/396/370 51/358/335 850/422/392
f 50/424/394 154/428/398 1584/425/395
f 50/424/394 875/426/396 1594/427/397
f 154/428/398 49/361/338 859/429/399
f 167/430/400 1579/483/445 870/412/384
f 168/431/401 1604/433/403 854/432/402
f 54/372/348 884/438/407 1604/433/403
f 57/369/345 880/496/456 1614/434/404
f 1600/435/405 148/416/386 43/436/386
f 156/437/406 1609/439/408 884/438/407
f 53/382/358 894/443/412 1609/439/408
f 58/379/355 890/526/483 1629/440/409
f 1615/421/391 149/420/386 46/441/410
f 164/391/366 1624/445/414 894/443/412
f 60/444/413 917/528/484 1624/445/414
f 166/386/361 1629/440/409 900/446/415
f 849/447/416 1590/481/444 147/448/386
f 49/361/338 153/360/337 1634/450/417
f 153/360/337 48/401/375 926/451/418
f 163/404/378 52/398/372 922/452/419
f 151/454/386 47/473/386 921/455/421
f 48/401/375 161/400/374 1649/457/423
f 161/400/374 1659/408/382 938/458/424
f 56/406/380 163/404/378 1654/453/420
f 1505/460/426 754/359/336 49/361/338
f 1565/461/427 827/405/379 56/406/380
f 158/462/428 56/406/380 931/459/425
f 42/449/386 147/448/386 1585/464/430
f 769/349/328 1514/367/344 139/368/323
f 1515/364/341 160/363/340 59/417/388
f 160/363/340 1594/427/397 865/466/432
f 147/448/386 44/482/386 874/467/433
f 145/468/323 1569/485/447 821/469/434
f 744/344/324 36/343/323 140/348/323
f 51/358/335 157/347/327 1589/413/385
f 927/471/436 1650/490/452 152/472/386
f 779/373/349 54/372/348 168/431/401
f 1540/474/437 793/1139/1088 1663/475/438
f 162/476/439 1663/475/438 899/477/440
f 148/416/386 1605/415/387 885/479/442
f 749/376/352 61/375/351 167/430/400
f 768/362/339 1505/460/426 154/428/398
f 1590/481/444 869/531/487 44/482/386
f 61/375/351 854/432/402 1579/483/445
f 1564/484/446 833/1175/1127 1569/485/447
f 826/486/448 1564/484/446 145/468/323
f 152/472/386 1645/491/453 932/488/450
f 1650/490/452 937/1202/1157 1645/491/453
f 40/492/323 143/508/466 1544/493/454
f 1519/494/455 774/500/459 37/495/323
f 165/352/330 1599/418/389 880/496/456
f 46/441/410 895/520/478 1625/497/457
f 759/499/458 1519/494/455 141/384/323
f 774/500/459 1534/525/482 142/392/323
f 146/501/386 1595/502/460 874/467/433
f 45/414/386 864/522/480 1595/502/460
f 1555/503/461 822/399/373 48/401/375
f 42/449/386 151/454/386 1640/456/422
s 5
f 1725/504/462 174/600/463 62/505/463
s 4
f 1635/507/465 927/471/436 47/473/386
f 143/508/466 1539/511/469 812/509/467
f 1549/510/468 794/1148/1097 1539/511/469
f 1630/512/470 150/498/410 1620/513/471
f 150/498/410 1625/497/457 916/515/473
f 1565/461/427 158/462/428 1660/516/474
f 817/518/476 41/409/323 144/411/323
f 52/398/372 155/396/370 1639/423/393
f 158/462/428 1644/463/429 936/519/477
f 789/383/359 53/382/358 156/437/406
f 1574/487/449 145/468/323 41/409/323
f 47/473/386 152/472/386 1655/489/451
f 149/420/386 1610/523/481 895/520/478
f 37/495/323 142/392/323 1529/394/368
f 1500/480/443 167/430/400 55/346/326
f 864/522/480 45/414/386 148/416/386
f 43/436/386 885/479/442 1610/523/481
f 1540/524/437 162/527/439 60/444/413
f 1534/525/482 784/533/489 40/492/323
f 159/377/353 1614/434/404 890/526/483
f 162/527/439 1619/1863/441 917/528/484
f 1509/470/435 140/348/323 38/350/323
f 139/368/323 39/354/323 748/356/333
f 855/529/485 45/414/386 146/501/386
f 1580/530/486 146/501/386 44/482/386
f 144/411/323 1554/410/383 753/532/488
f 784/533/489 1549/510/468 143/508/466
f 889/442/411 46/441/410 150/498/410
f 860/465/431 1635/507/465 151/454/386
s 5
f 170/537/463 1670/591/542 979/538/493
f 968/540/494 85/606/554 195/541/495
f 65/543/463 171/573/463 1690/544/497
f 964/548/501 1721/693/633 183/549/502
f 978/551/504 76/613/561 190/552/505
f 64/539/463 169/557/463 1665/554/507
f 1680/556/509 969/689/630 65/543/463
f 1686/542/496 195/541/495 83/558/510
f 983/559/511 83/558/510 189/566/518
f 1701/567/519 189/566/518 84/568/520
f 171/573/463 63/685/626 988/574/525
f 993/569/521 84/568/520 196/575/526
f 1716/576/527 196/575/526 1828/577/528
f 1022/579/530 1831/633/581 194/580/531
f 172/581/532 66/682/623 998/582/533
f 1045/588/539 1736/596/547 191/589/540
f 62/505/463 963/719/658 1670/591/542
f 1050/594/545 1741/592/543 193/593/544
f 1736/596/547 1055/1257/1216 1825/597/548
f 67/598/463 1044/659/603 1720/599/549
f 83/558/510 1103/686/627 1780/623/571
f 84/568/520 1113/714/654 1795/629/577
f 196/575/526 1795/629/577 1123/636/584
f 193/593/544 78/587/538 1145/642/588
f 82/595/546 193/593/544 1820/643/589
f 1731/651/596 1050/594/545 82/595/546
f 188/652/597 82/595/546 1154/649/594
f 979/538/493 1680/556/509 169/557/463
f 1681/553/506 190/552/505 85/606/554
f 175/658/463 1735/675/616 1044/659/603
f 954/506/464 62/505/463 170/537/463
f 1706/664/606 1003/1210/1168 1829/665/607
f 192/666/608 1829/665/607 1122/667/609
f 978/551/504 1671/650/595 184/617/565
f 1730/674/615 1056/1267/1227 1735/675/616
f 1049/676/617 1730/674/615 175/658/463
f 66/682/623 173/695/635 1710/683/624
f 1685/684/625 984/690/631 63/685/626
f 969/689/630 1685/684/625 171/573/463
f 984/690/631 1700/713/653 172/581/532
f 1721/693/633 1045/588/539 74/590/541
f 173/695/635 1705/698/638 1023/696/636
f 1715/697/637 1004/1220/1178 1705/698/638
f 1731/651/596 188/652/597 1826/703/643
f 1040/705/645 67/598/463 174/600/463
f 78/587/538 185/585/536 1805/612/560
f 1740/677/618 175/658/463 67/598/463
f 63/685/626 172/581/532 1695/583/534
f 1706/664/606 192/666/608 1832/711/651
f 1700/713/653 994/720/659 66/682/623
f 189/566/518 1780/623/571 1113/714/654
f 1140/715/582 1833/1308/1270 1832/711/651
f 1832/711/651 192/666/608 1140/715/582
f 1675/660/604 170/537/463 64/539/463
f 169/557/463 65/543/463 958/545/498
f 174/600/463 1720/599/549 963/719/658
f 994/720/659 1715/697/637 173/695/635
s 1
f 249/721/660 252/724/663 255/722/661
f 252/724/663 253/734/673 256/725/664
f 254/723/662 255/722/661 266/726/665
f 255/722/661 256/725/664 257/728/667
f 258/729/668 261/733/672 260/730/669
f 259/732/671 262/735/674 261/733/672
f 261/733/672 256/725/664 253/734/673
f 262/735/674 257/728/667 256/725/664
f 251/736/43 263/1539/677 265/737/675
f 264/738/676 265/737/675 262/735/679
f 265/737/675 266/726/678 257/728/681
f 287/176/156 290/2139/684 292/739/682
f 291/744/683 292/743/682 304/745/686
f 292/743/682 293/742/685 294/747/688
f 288/748/689 295/751/692 298/749/690
f 295/751/692 296/757/1386 299/752/693
f 297/750/694 298/749/690 293/742/695
f 298/749/690 299/752/693 294/747/697
f 300/753/698 303/756/701 302/754/699
f 301/746/687 304/745/686 303/756/701
f 303/756/701 299/752/703 296/757/702
f 304/745/686 294/747/688 299/752/703
f 355/136/120 364/2140/706 359/758/704
f 358/759/705 359/758/704 371/762/708
f 359/758/704 360/761/2102 361/764/710
f 356/105/95 362/767/713 365/765/711
f 362/767/713 363/772/720 366/768/714
f 365/765/711 366/768/714 361/764/716
f 367/769/717 370/771/719 369/770/718
f 368/763/709 371/762/721 370/771/719
f 370/771/719 366/768/714 363/772/720
f 371/762/721 361/764/716 366/768/714
f 392/178/158 395/1515/724 398/773/722
f 395/775/724 396/787/733 399/776/725
f 398/777/722 399/776/725 400/780/727
f 401/781/728 404/785/732 403/782/729
f 402/784/731 405/789/734 404/785/732
f 404/786/732 399/776/735 396/787/733
f 405/789/734 400/795/740 399/790/735
f 394/117/104 397/1534/738 407/791/736
f 406/792/737 407/791/736 405/789/734
f 407/791/736 408/794/2103 400/795/740
s 2
f 412/796/741 415/799/744 414/797/742
f 413/798/743 420/801/746 415/799/744
f 415/799/744 416/802/747 421/800/745
f 417/803/748 420/807/746 419/804/749
f 421/800/745 416/802/747 423/809/752
s 8
f 430/825/763 432/1590/2104 431/826/764
s 15
f 449/845/785 452/1585/2105 450/846/786
s 2
f 465/860/801 468/864/805 467/861/802
f 466/863/804 469/2141/813 468/864/805
f 471/867/807 469/874/813 472/868/808
f 472/868/808 469/2141/813 466/863/804
f 473/871/810 476/873/812 475/872/811
f 474/866/806 468/865/805 476/873/812
f 476/873/812 469/874/813 471/867/807
s 19
f 480/875/814 486/878/2106 481/876/815
s 20
f 480/875/817 1840/2142/2107 482/877/818
s 22
f 482/877/823 1840/2142/2108 484/883/824
s 2
f 490/884/826 493/887/829 492/885/827
f 491/886/828 494/2143/831 493/887/829
f 493/887/829 501/890/832 499/888/830
f 496/891/833 494/2144/831 497/892/834
f 497/892/834 494/2143/831 491/886/828
f 498/895/836 501/897/832 500/896/837
f 501/897/832 494/2144/831 496/891/833
s 23
f 510/904/843 505/903/839 511/907/846
s 2
f 515/910/850 518/913/853 517/911/851
f 516/912/852 519/915/2109 518/913/853
f 518/913/853 520/916/856 527/914/854
s 3
f 513/247/227 521/919/859 524/917/857
f 521/919/859 522/1565/1509 525/920/860
f 523/918/858 524/917/857 519/921/861
f 524/917/857 525/920/860 520/923/863
s 2
f 514/295/275 526/926/866 529/924/864
f 527/914/854 520/916/856 529/924/864
f 529/924/864 525/929/2110 522/927/867
f 533/930/869 536/933/872 535/931/870
f 534/932/871 537/935/2111 536/933/872
f 536/933/872 538/936/875 545/934/873
s 3
f 531/285/265 539/939/878 542/937/876
f 539/939/878 540/1560/1505 543/940/879
f 541/941/877 542/942/876 537/935/880
f 542/942/876 543/948/879 538/943/882
s 2
f 544/944/883 547/946/885 546/945/884
f 545/934/873 538/936/875 547/946/885
f 547/946/885 543/948/2112 540/947/886
f 551/949/888 554/952/891 553/950/889
f 552/951/890 555/960/899 554/952/891
f 554/952/891 566/955/894 563/953/892
f 554/952/891 555/960/899 556/954/893
f 557/956/895 560/959/898 559/957/896
f 558/958/897 561/964/903 560/959/898
f 560/959/898 555/960/899 552/951/890
f 560/959/898 561/964/903 556/954/893
f 562/961/900 565/963/902 564/962/901
f 563/953/892 566/955/894 565/963/902
f 565/963/902 561/964/903 558/958/897
f 565/963/902 566/955/894 556/954/893
f 567/227/207 570/968/907 573/965/904
f 571/967/906 574/970/909 573/965/904
f 573/965/904 584/971/910 581/969/908
s 3
f 568/296/276 575/1551/913 578/972/911
f 575/974/913 576/983/1498 579/975/914
f 577/973/912 578/972/911 574/977/915
s 26
f 578/972/917 579/2145/2113 584/979/918
s 2
f 580/980/920 583/982/922 582/981/921
f 581/969/908 584/971/924 583/982/922
f 583/982/922 579/975/925 576/983/923
f 585/985/926 588/989/1641 591/986/927
s 27
f 589/988/929 596/997/2114 591/986/930
s 2
f 590/987/928 591/986/927 601/990/932
s 27
f 591/986/930 596/997/2114 592/992/934
s 2
f 586/305/285 593/995/938 596/993/936
f 593/995/938 594/1002/948 601/996/939
f 597/998/944 600/1001/946 599/999/945
f 598/991/933 601/990/932 600/1001/946
f 600/1001/947 601/996/939 594/1002/948
f 605/1003/949 608/1006/952 607/1004/950
f 606/1005/951 609/1008/954 608/1006/952
f 608/1006/952 619/1009/955 616/1007/953
f 609/1008/954 614/1015/960 619/1009/955
f 610/1010/956 613/1014/959 612/1011/957
f 611/1013/958 614/1019/960 613/1014/959
f 613/1014/959 609/1008/954 606/1005/951
f 615/1016/961 618/1018/963 617/1017/962
f 616/1007/953 619/1009/955 618/1018/963
f 618/1018/963 614/1019/960 611/1013/958
f 620/316/296 623/1022/966 635/1020/964
f 623/1022/966 624/1032/976 626/1023/967
f 628/1027/971 631/1031/975 630/1028/972
f 629/1030/973 626/1036/981 631/1031/974
f 631/1031/975 626/1023/967 624/1032/976
f 622/306/286 632/1035/979 635/1033/977
f 634/1034/978 635/1033/977 626/1036/981
f 639/1037/982 642/1040/985 641/1038/983
f 640/1039/984 643/1042/987 642/1040/985
f 642/1040/985 653/1043/988 650/1041/986
f 643/1042/987 648/1048/993 653/1043/988
f 644/1044/989 647/1047/992 646/1045/990
f 645/1046/991 648/1053/993 647/1047/992
f 647/1047/992 643/1042/987 640/1039/984
f 649/1049/994 652/1052/996 651/1050/995
f 650/1041/986 653/1043/988 652/1052/996
f 652/1052/996 648/1053/993 645/1046/991
f 654/337/317 657/1056/999 669/1054/997
f 657/1056/999 658/1066/1010 660/1057/1000
f 662/1061/1005 665/1065/1009 664/1062/1006
f 663/1064/1007 660/1070/1015 665/1065/1008
f 665/1065/1009 660/1057/1000 658/1066/1010
f 656/308/288 666/1069/1013 669/1067/1011
f 668/1068/1012 669/1067/1011 660/1070/1015
f 670/1071/1016 673/1074/1623 675/1072/1017
f 673/1074/1019 680/1660/1625 676/1075/1020
f 674/1073/1018 675/1072/1017 687/1076/1021
f 675/1072/1017 676/1075/1020 677/1078/1023
f 671/311/291 678/1081/1026 681/1079/1024
f 678/1081/1026 679/1087/1032 682/1082/1027
f 681/1079/1024 682/1082/1027 677/1078/1023
f 683/1083/1029 686/1086/1031 685/1084/1030
f 684/1077/1022 687/1076/1021 686/1086/1031
f 686/1086/1031 682/1082/1027 679/1087/1032
f 687/1076/1021 677/1078/1023 682/1082/1027
f 688/341/321 691/1090/1035 694/1088/1033
f 691/1090/1035 692/1100/1045 695/1091/1036
f 693/1089/1037 694/1088/1033 705/1092/1038
f 694/1088/1033 695/1091/1036 696/1094/1040
f 697/1095/1041 700/1099/1044 699/1096/1042
f 698/1098/1043 701/1101/1046 700/1099/1044
f 700/1099/1044 695/1091/1036 692/1100/1045
f 701/1101/1046 696/1094/1040 695/1091/1036
f 690/302/282 702/1668/1049 704/1102/1047
f 703/1103/1048 704/1102/1047 701/1101/1046
f 704/1102/1047 705/1092/1050 696/1094/1040
f 709/1104/1051 712/1107/1054 711/1105/1052
f 710/1106/1053 713/1109/1056 712/1107/1054
f 712/1107/1054 723/1110/1057 720/1108/1055
f 713/1109/1056 718/1115/1062 723/1110/1057
f 714/1111/1058 717/1114/1061 716/1112/1059
f 715/1113/1060 718/1120/1062 717/1114/1061
f 717/1114/1061 713/1109/1056 710/1106/1053
f 719/1116/1063 722/1119/1065 721/1117/1064
f 720/1108/1055 723/1110/1057 722/1119/1065
f 722/1119/1065 718/1120/1062 715/1113/1060
f 724/1121/1066 727/1125/1070 730/1122/1067
f 728/1124/1069 731/1127/1072 730/1122/1067
f 730/1122/1067 742/1128/1073 739/1126/1071
f 731/1127/1072 732/1133/2115 742/1128/1073
f 725/301/281 733/1131/1076 736/1129/1074
f 733/1131/1076 734/1138/1598 737/1132/1077
f 735/1130/1075 736/1129/1074 731/1127/1078
f 736/1129/1074 737/1132/1077 732/1133/1080
f 738/1134/1082 741/1137/1084 740/1135/1083
f 739/1126/1071 742/1128/1086 741/1137/1084
f 741/1137/1084 737/1132/1087 734/1138/1085
f 742/1128/1086 732/1133/2116 737/1132/1087
s 4
f 793/1139/1088 796/1142/1091 799/1140/1089
f 796/1142/1091 797/1151/1100 800/1143/1092
f 799/1140/1089 800/1143/1092 801/1145/1094
f 802/1146/1095 805/1150/1099 804/1147/1096
f 803/1149/1098 806/1152/1101 805/1150/1099
f 805/1150/1099 800/1143/1092 797/1151/1100
f 806/1152/1101 801/1145/1094 800/1143/1092
f 795/389/364 807/1898/2117 809/1153/1102
f 807/1155/1104 798/2146/2118 810/1144/1105
f 808/1157/1103 809/1156/1102 806/1152/1106
f 809/1156/1102 810/1144/1105 801/1145/1108
f 831/1158/475 834/2147/1111 836/1159/1109
f 835/1160/1110 836/1159/1109 848/1163/1113
f 836/1159/1109 837/1162/1112 838/1165/1115
f 832/1166/1116 839/1797/1119 842/1167/1117
f 839/1169/1119 840/1177/1777 843/1170/1120
f 841/1172/1121 842/1171/1117 837/1162/1122
f 842/1171/1117 843/1170/1120 838/1165/1124
f 844/1173/1125 847/1176/1128 846/1174/1126
f 845/1164/1114 848/1163/1113 847/1176/1128
f 847/1176/1128 843/1170/1130 840/1177/1129
f 848/1163/1113 838/1165/1115 843/1170/1130
f 899/1178/440 902/2148/1133 904/1179/1131
f 903/1180/1132 904/1179/1131 915/1183/1135
f 904/1179/1131 905/1182/2119 906/1185/1137
f 900/446/415 907/1188/1140 909/1186/1138
f 907/1188/1140 908/1193/1147 910/1189/1141
f 909/1186/1138 910/1189/1141 906/1185/1143
f 911/1190/1144 914/1192/1146 913/1191/1145
f 912/1184/1136 915/1183/1148 914/1192/1146
f 914/1192/1146 910/1189/1141 908/1193/1147
f 915/1183/1148 906/1185/1143 910/1189/1141
f 936/519/477 939/1196/1151 942/1194/1149
f 939/1196/1151 940/1205/1160 943/1197/1152
f 942/1194/1149 943/1197/1152 944/1199/1154
f 945/1200/1155 948/1204/1159 947/1201/1156
f 946/1203/1158 949/1206/1161 948/1204/1159
f 948/1204/1159 943/1197/1162 940/1205/1160
f 949/1206/1161 944/1199/1167 943/1197/1162
f 938/458/424 941/1895/1165 951/1207/1163
f 950/1208/1164 951/1207/1163 949/1206/1161
f 951/1207/1163 952/1198/2120 944/1199/1167
s 5
f 1003/1210/1168 1006/1213/1171 1009/1211/1169
f 1006/1213/1171 1007/1223/1181 1010/1214/1172
f 1008/1212/1170 1009/1211/1169 1020/1215/1173
f 1009/1211/1169 1010/1214/1172 1011/1217/1175
f 1012/1218/1176 1015/1222/1180 1014/1219/1177
f 1013/1221/1179 1016/1224/1182 1015/1222/1180
f 1015/1222/1180 1010/1214/1172 1007/1223/1181
f 1016/1224/1182 1011/1217/1175 1010/1214/1172
f 1005/578/529 1017/2127/1185 1019/1225/1183
f 1018/1226/1184 1019/1225/1183 1016/1229/1187
f 1019/1225/1183 1020/1228/1186 1011/1231/1189
f 1024/1232/1190 1027/1235/1193 1026/1233/1191
f 1025/1234/1192 1028/1244/1195 1027/1235/1193
f 1027/1235/1193 1038/1238/1196 1035/1236/1194
f 1029/1239/1197 1032/1243/1200 1031/1240/1198
f 1030/1242/1199 1033/1245/1201 1032/1243/1200
f 1031/1240/1198 1032/1243/1200 1028/1244/1195
f 1023/696/636 1034/1248/1204 1037/1246/1202
f 1034/1248/1204 1035/1236/1194 1038/1238/1205
f 1036/1247/1203 1037/1246/1202 1033/1245/1206
f 1037/1246/1208 1038/1238/1196 1028/1237/1195
f 1054/1249/644 1057/2149/1211 1059/1250/1209
f 1058/1251/1210 1059/1250/1209 1071/1254/1213
f 1059/1250/1209 1060/1253/1212 1061/1256/1215
f 1055/1257/1216 1062/1260/1219 1065/1258/1217
f 1062/1260/1219 1063/2018/1991 1066/1261/1220
f 1064/1259/1221 1065/1258/1217 1060/1262/1222
f 1065/1258/1217 1066/1261/1220 1061/1264/1224
f 1067/1265/1225 1070/1268/1228 1069/1266/1226
f 1068/1255/1214 1071/1254/1213 1070/1268/1228
f 1070/1268/1228 1066/1270/1230 1063/1269/1229
f 1071/1254/1213 1061/1256/1215 1066/1270/1230
f 1122/667/609 1125/2130/1233 1127/1271/1231
f 1126/1272/1232 1127/1271/1231 1138/1275/1235
f 1127/1271/1231 1128/1274/1234 1129/1277/1237
f 1123/636/584 1130/1280/1240 1132/1278/1238
f 1130/1280/1240 1131/2093/1247 1133/1281/1241
f 1132/1278/1238 1133/1281/1241 1129/1283/1243
f 1134/1284/1244 1137/1287/1246 1136/1285/1245
f 1135/1276/1236 1138/1275/1248 1137/1287/1246
f 1137/1287/1246 1133/1289/1241 1131/1288/1247
f 1138/1275/1248 1129/1277/1243 1133/1289/1241
f 1159/706/646 1162/1292/1251 1164/1290/1249
f 1162/1292/1251 1163/1301/1261 1165/1293/1252
f 1164/1290/1249 1165/1293/1252 1166/1295/1254
f 1167/1296/1256 1170/1300/1260 1169/1297/1257
f 1168/1299/1259 1171/1302/1262 1170/1300/1260
f 1170/1300/1260 1165/1293/1263 1163/1301/1261
f 1171/1302/1262 1166/1295/1268 1165/1293/1263
f 1161/648/593 1172/2122/1266 1174/1303/1264
f 1173/1304/1265 1174/1303/1264 1171/1302/1262
f 1174/1303/1264 1175/1294/1267 1166/1295/1268
s 1
f 220/25/22 1176/24/21 1178/1311/1273
f 223/1313/1274 1178/1319/1273 1179/1314/1275
f 222/1315/1277 1179/1314/1282 1180/1316/1278
f 1180/1316/1278 1177/139/123 219/180/160
f 1176/24/21 204/15/12 206/1318/1280
f 1178/1319/1273 206/1358/1280 207/1320/1281
f 1179/1314/1282 207/1320/1320 208/1321/1283
f 208/1321/1283 205/35/31 1177/139/123
f 1181/61/56 1183/1323/1285 228/1322/1284
f 1183/1323/1285 1184/1325/1291 227/1324/1286
f 1184/1325/1287 1185/1331/1293 226/1326/1288
f 226/1326/1288 1185/1331/1293 1182/1327/106
f 209/189/169 211/1329/1290 1183/1323/1285
f 211/1329/1290 212/1330/1359 1184/1325/1291
f 212/1330/1292 213/1402/1361 1185/1331/1293
f 1185/1331/1293 213/1402/1361 210/1332/15
f 1186/129/115 1188/1339/1295 203/1333/1294
f 1188/1334/1295 1189/1337/1300 202/1335/1296
f 1189/1337/1297 1190/1340/1301 201/1338/1298
f 201/1338/1298 1190/1340/1301 1187/4/4
f 220/25/22 223/1312/1274 1188/1339/1295
f 223/1313/1274 222/1315/1276 1189/1337/1300
f 222/1315/1277 221/1317/1279 1190/1340/1301
f 1190/1340/1301 221/1317/1279 219/180/160
f 215/158/139 1191/26/23 1193/1341/1302
f 218/1342/1303 1193/1341/1302 1194/1343/1304
f 217/1344/1306 1194/1343/1309 1195/1345/1307
f 1195/1345/1307 1192/1348/20 214/1347/8
f 1191/26/23 225/8/7 228/1322/1284
f 1193/1341/1302 228/1322/1284 227/1324/1286
f 1194/1343/1309 227/1324/1289 226/1326/1288
f 226/1326/1288 224/1328/18 1192/1348/20
f 230/159/140 1196/153/135 1198/1349/1310
f 233/1350/1311 1198/1349/1310 1199/1351/1312
f 232/1352/1314 1199/1351/1317 1200/1353/1315
f 1200/1353/1315 1197/1356/10 229/1355/25
f 1196/153/135 215/158/139 218/1342/1303
f 1198/1349/1310 218/1342/1303 217/1344/1305
f 1199/1351/1317 217/1344/1306 216/1346/1308
f 216/1346/1308 214/1347/8 1197/1356/10
f 204/15/12 1201/14/11 1203/1357/1318
f 206/1358/1280 1203/1362/1318 1204/1359/1319
f 207/1320/1320 1204/1359/1324 1205/1360/1321
f 1205/1360/1321 1202/33/29 205/35/31
f 1201/14/11 234/44/39 236/1361/1322
f 1203/1362/1318 236/1366/1322 237/1363/1323
f 1204/1359/1324 237/1363/1328 238/1364/1325
f 238/1364/1325 235/32/28 1202/33/29
f 234/44/39 1206/53/48 1208/1365/1326
f 236/1366/1322 1208/1370/1326 1209/1367/1327
f 237/1363/1328 1209/1367/1332 1210/1368/1329
f 1210/1368/1329 1207/30/26 235/32/28
f 1206/53/48 244/52/47 246/1369/1330
f 1208/1370/1326 246/1391/1330 247/1371/1331
f 1209/1367/1332 247/1371/1350 248/1372/1333
f 248/1372/1333 245/42/38 1207/30/26
f 240/190/170 1211/183/163 1213/1373/1334
f 243/1374/1335 1213/1373/1334 1214/1375/1336
f 242/1376/1338 1214/1375/1341 1215/1377/1339
f 1215/1377/1339 1212/1380/33 239/1379/35
f 1211/183/163 230/159/140 233/1350/1311
f 1213/1373/1334 233/1350/1311 232/1352/1313
f 1214/1375/1341 232/1352/1314 231/1354/1316
f 231/1354/1316 229/1355/25 1212/1380/33
f 1216/170/150 1218/1382/1343 271/1381/1342
f 1218/1382/1343 1219/1384/1345 270/1383/1344
f 1219/1384/1345 1220/1388/1347 269/1385/1346
f 1220/1386/1347 1217/133/117 267/49/44
f 250/731/670 260/730/669 1218/1382/1343
f 260/730/669 253/734/673 1219/1384/1345
f 253/734/673 252/724/663 1220/1388/1347
f 252/724/663 249/721/660 1217/1389/117
f 244/52/47 1221/152/134 1223/1390/1348
f 246/1391/1330 1223/1394/1352 1224/1392/1349
f 247/1371/1350 1224/1392/1353 1225/1393/1351
f 248/1372/1333 1225/1393/1351 1222/40/36
f 1221/152/134 268/168/148 271/1381/1342
f 1223/1394/1352 271/2150/1342 270/1395/1344
f 1224/1392/1353 270/1395/1344 269/1387/1346
f 269/1387/1346 267/49/44 1222/40/36
f 250/731/670 1226/169/149 1228/1396/1354
f 258/729/668 1228/1396/1354 1229/1397/1355
f 259/732/680 1229/1397/1357 1230/1398/1356
f 264/738/676 1230/1398/1356 1227/1399/41
f 1226/169/149 240/190/170 243/1374/1335
f 1228/1396/1354 243/1374/1335 242/1376/1337
f 1229/1397/1357 242/1376/1338 241/1378/1340
f 1230/1398/1356 241/1378/1340 239/1379/35
f 1231/69/63 1233/1400/1358 211/1329/1290
f 1233/1400/1358 1234/1401/1363 212/1330/1359
f 1234/1401/1360 1235/1406/1365 213/1402/1361
f 213/1402/1361 1235/1406/1365 1232/1403/142
f 277/128/114 279/1404/1362 1233/1400/1358
f 279/1404/1362 280/1405/1381 1234/1401/1363
f 280/1405/1364 281/1426/1383 1235/1406/1365
f 1235/1407/1365 281/1428/1383 278/58/53
f 1236/1/1 1238/1414/1367 276/1408/1366
f 1238/1409/1367 1239/1412/1372 275/1410/1368
f 1239/1412/1369 1240/1415/1373 274/1413/1370
f 274/1413/1370 1240/1415/1373 1237/54/49
f 200/3/3 203/1333/1294 1238/1414/1367
f 203/1336/1294 202/1335/1296 1239/1412/1372
f 202/1335/1299 201/1338/1298 1240/1415/1373
f 1240/1415/1373 201/1338/1298 199/16/13
f 289/755/700 1241/143/126 1243/1416/1374
f 300/753/698 1243/1416/1374 1244/1417/1375
f 301/1418/687 1244/1422/1375 1245/1419/1376
f 291/740/683 1245/1419/1376 1242/120/107
f 1241/143/126 282/145/128 284/1420/1377
f 1243/1416/1374 284/1420/1377 285/1421/1378
f 1244/1422/1375 285/1432/1378 286/1423/1379
f 1245/1419/1376 286/1423/1379 283/64/59
f 1246/144/127 1248/1424/1380 279/1404/1362
f 1248/1424/1380 1249/1425/1385 280/1405/1381
f 1249/1425/1382 1250/1429/1384 281/1426/1383
f 1250/1427/1384 1247/66/61 278/58/53
f 289/755/700 302/754/699 1248/1424/1380
f 302/754/699 296/757/702 1249/1425/1385
f 296/757/1386 295/751/692 1250/1429/1384
f 295/1430/692 288/2137/689 1247/66/61
f 1251/146/129 1253/1435/1387 284/1420/1377
f 1253/1431/1387 1254/1434/1389 285/1432/1378
f 1254/1434/1388 1255/1436/1390 286/1423/1379
f 286/1423/1379 1255/1436/1390 1252/62/57
f 273/177/157 276/1408/1366 1253/1435/1387
f 276/1411/1366 275/1410/1368 1254/1434/1389
f 275/1410/1371 274/1413/1370 1255/1436/1390
f 274/1413/1370 272/56/51 1252/62/57
f 1256/142/125 1258/1438/1392 329/1437/1391
f 1258/1438/1392 1259/1440/1394 328/1439/1393
f 1259/1440/1394 1260/1442/1396 327/1441/1395
f 1260/1442/1396 1257/187/167 325/188/168
f 310/91/83 312/1443/1397 1258/1438/1392
f 312/1443/1397 313/1444/1398 1259/1440/1394
f 313/1444/1398 314/1445/1399 1260/1442/1396
f 331/85/77 1261/84/76 1263/1446/1400
f 334/1447/1401 1263/1446/1400 1264/1448/1402
f 333/1449/1403 1264/1448/1402 1265/1450/1404
f 332/1451/1405 1265/1450/1404 1262/123/110
f 1261/84/76 315/88/80 317/1452/1406
f 1263/1446/1400 317/1452/1406 318/1453/1407
f 1265/1450/1404 319/1454/1408 316/124/111
f 306/81/73 1266/72/65 1268/1455/1409
f 309/1456/1410 1268/1455/1409 1269/1457/1411
f 308/1458/1412 1269/1457/1411 1270/1459/1413
f 307/1460/1414 1270/1459/1413 1267/140/124
f 1266/72/65 326/71/64 329/1437/1391
f 1268/1455/1409 329/1437/1391 328/1439/1393
f 1270/1459/1413 327/1441/1395 325/188/168
f 1271/86/78 1273/1462/1416 324/1461/1415
f 1273/1462/1416 1274/1464/1418 323/1463/1417
f 1274/1464/1418 1275/1466/1420 322/1465/1419
f 1275/1466/1420 1272/161/141 320/181/161
f 331/85/77 334/1447/1401 1273/1462/1416
f 334/1447/1401 333/1449/1403 1274/1464/1418
f 333/1449/1403 332/1451/1405 1275/1466/1420
f 332/1451/1405 330/126/113 1272/161/141
f 1276/77/69 1278/1468/1422 339/1467/1421
f 1278/1468/1422 1279/1470/1424 338/1469/1423
f 1279/1470/1424 1280/1472/1426 337/1471/1425
f 1280/1472/1426 1277/94/86 335/78/70
f 321/125/112 324/1461/1415 1278/1468/1422
f 324/1461/1415 323/1463/1417 1279/1470/1424
f 323/1463/1417 322/1465/1419 1280/1472/1426
f 1281/92/84 1283/1473/1427 312/1443/1397
f 1283/1473/1427 1284/1474/1428 313/1444/1398
f 1284/1474/1428 1285/1475/1429 314/1445/1399
f 1285/1475/1429 1282/74/67 311/186/166
f 340/97/88 342/1476/1430 1283/1473/1427
f 342/1476/1430 343/1477/1431 1284/1474/1428
f 343/1477/1431 344/1478/1432 1285/1475/1429
f 1286/98/89 1288/1479/1433 342/1476/1430
f 1288/1479/1433 1289/1480/1434 343/1477/1431
f 1289/1480/1434 1290/1481/1435 344/1478/1432
f 350/102/92 352/1482/1436 1288/1479/1433
f 352/1482/1436 353/1483/1437 1289/1480/1434
f 353/1483/1437 354/1484/1438 1290/1481/1435
f 354/1484/1438 351/179/159 1287/182/162
f 1291/93/85 1293/1486/1440 349/1485/1439
f 1293/1486/1440 1294/1488/1442 348/1487/1441
f 1295/1490/1444 1292/80/72 345/101/91
f 339/1467/1421 338/1469/1423 1294/1488/1442
f 338/1469/1423 337/1471/1425 1295/1490/1444
f 337/1471/1425 335/78/70 1292/80/72
f 373/185/165 1296/137/121 1298/1491/1445
f 376/1492/1446 1298/1491/1445 1299/1493/1447
f 375/1494/1448 1299/1493/1447 1300/1495/1449
f 374/1496/1450 1300/1495/1449 1297/172/152
f 1296/137/121 355/136/120 358/759/705
f 1298/1491/1445 358/759/705 368/763/709
f 1299/1493/1447 368/763/709 367/769/717
f 1300/1495/1449 367/769/717 357/173/153
f 1301/104/94 1303/1497/1451 352/1482/1436
f 1303/1497/1451 1304/1498/1452 353/1483/1437
f 1304/1498/1452 1305/1499/1453 354/1484/1438
f 1305/1499/1453 1302/156/137 351/179/159
f 373/185/165 376/1492/1446 1303/1497/1451
f 376/1492/1446 375/1494/1448 1304/1498/1452
f 375/1494/1448 374/1496/1450 1305/1499/1453
f 374/1496/1450 372/174/154 1302/156/137
f 1308/1500/1454 1309/1501/1455 363/772/720
f 1309/1501/1455 1310/1502/1456 369/770/718
f 1310/1502/1456 1307/171/151 357/173/153
f 346/184/164 349/1485/1439 1308/1500/1454
f 349/1485/1439 348/1487/1441 1309/1501/1455
f 348/1487/1441 347/1489/1443 1310/1502/1456
f 315/88/80 1311/109/97 1313/1503/1457
f 317/1452/1406 1313/1503/1457 1314/1504/1458
f 318/1453/1407 1314/1504/1458 1315/1505/1459
f 319/1454/1408 1315/1505/1459 1312/166/146
f 1311/109/97 382/110/98 384/1506/1460
f 1314/1504/1458 385/1507/1461 386/1508/1462
f 1315/1505/1459 386/1508/1462 383/130/116
f 378/111/99 1316/82/74 1318/1509/1463
f 381/1510/1464 1318/1509/1463 1319/1511/1465
f 380/1512/1466 1319/1511/1465 1320/1513/1467
f 1316/82/74 306/81/73 309/1456/1410
f 1319/1511/1465 308/1458/1412 307/1460/1414
f 1320/1513/1467 307/1460/1414 305/106/96
f 1321/122/109 1323/2151/1469 395/1515/724
f 1323/1516/1469 1324/1517/1470 396/787/733
f 1324/1517/1470 1325/1523/1471 403/788/729
f 1325/1518/1471 1322/150/133 393/783/730
f 387/1519/105 389/1521/1472 1323/1516/1469
f 389/1521/1472 390/1522/1473 1324/1517/1470
f 390/1522/1473 391/2152/1474 1325/1523/1471
f 391/1524/1474 388/147/130 1322/150/133
f 382/110/98 1326/116/103 1328/1525/1475
f 384/1506/1460 1328/1525/1475 1329/1526/1476
f 385/1507/1461 1329/1526/1476 1330/1527/1477
f 386/1508/1462 1330/1527/1477 1327/149/132
f 1326/116/103 394/117/104 406/792/737
f 1329/1526/1476 402/784/731 401/781/728
f 1330/1527/1477 401/781/728 393/783/730
f 387/118/105 1331/112/100 1333/1528/1478
f 389/1529/1472 1333/1528/1478 1334/1530/1479
f 390/1531/1473 1334/1530/1479 1335/1532/1480
f 391/1524/1474 1335/1532/1480 1332/148/131
f 1331/112/100 378/111/99 381/1510/1464
f 1333/1528/1478 381/1510/1464 380/1512/1466
f 1334/1530/1479 380/1512/1466 379/1514/1468
f 1335/1532/1480 379/1514/1468 377/114/101
f 394/117/104 1336/67/62 1338/1533/1481
f 397/774/723 1338/1537/1485 1337/175/155
f 1336/67/62 288/2137/689 297/1535/1482
f 1338/1537/1485 290/2139/684 287/176/156
f 1339/1538/42 1341/1542/1490 263/1539/1486
f 1341/1540/1489 1340/1544/118 249/721/660
f 356/1541/95 364/2153/712 1341/1542/1490
f 364/1543/706 355/2154/120 1340/1544/118
s 2
f 532/256/236 1342/255/235 1344/1545/1491
f 544/944/883 1344/1545/1491 1345/1546/1492
f 1345/1546/1492 1346/1547/1493 535/931/870
f 1346/1547/1493 1343/257/237 530/239/219
f 1342/255/235 548/271/251 553/950/889
f 1344/1545/1491 553/950/889 563/953/892
f 1349/1548/1494 1350/1550/1496 558/958/897
f 564/962/901 1351/1549/1495 1348/236/216
f 567/227/207 572/966/905 1349/1548/1494
f 572/966/905 581/969/908 1350/1550/1496
f 1350/1550/1496 581/969/908 580/980/920
s 3
f 1352/284/264 1354/1554/1497 575/1551/913
f 1354/1552/1497 1355/1555/1500 576/983/1498
s 2
f 1355/1553/1499 1353/238/218 569/265/245
s 3
f 1352/284/264 531/285/265 541/938/877
f 1354/1552/1497 541/941/877 534/932/881
s 2
f 1355/1553/1499 533/930/869 530/239/219
s 3
f 1361/245/225 1363/1559/1504 539/939/878
f 1363/1559/1504 1364/1562/1507 540/1560/1505
f 1361/245/225 513/247/227 523/918/858
f 1363/1559/1504 523/918/858 516/922/862
f 1367/1564/1508 1368/1569/1511 522/1565/1509
s 2
f 438/829/766 1371/1571/1513 1372/1572/1514
f 1377/1578/1521 1378/1579/1523 447/838/1522
f 1378/1579/1523 1375/232/212 443/314/294
f 1374/254/234 411/240/220 422/811/753
f 1376/1577/1519 422/811/753 418/812/751
f 1377/1578/1521 418/812/751 417/803/748
f 1378/1579/1523 417/803/748 410/805/750
f 1381/1581/1524 1382/1582/1526 440/836/1525
f 1383/1583/1528 1380/243/223 436/229/209
f 1381/1581/1524 451/1584/1518 452/1585/1529
f 1383/1583/1528 449/845/1530 444/842/1531
f 470/870/809 1388/1588/1534 1385/274/254
f 424/215/195 428/814/1535 1386/1586/1532
f 477/268/248 1389/258/238 1391/1591/1537
f 480/875/1538 1391/1591/1537 1392/1592/1539
f 1840/1593/1540 1392/1592/1539 1393/1594/1541
f 483/1595/1542 1393/1594/1541 1390/334/314
f 470/869/809 463/318/298 1390/334/314
f 1398/1599/1546 1395/261/241 479/266/246
f 1394/204/184 426/272/252 431/826/1547
f 1397/1598/1545 432/823/1548 429/822/1549
f 1398/1599/1546 429/822/1549 425/819/1550
f 1399/252/232 1401/1601/1552 461/1600/1551
f 1401/1601/1552 1402/1602/1554 1838/853/1553
f 1402/1602/1554 1403/1603/1556 457/849/1555
f 1403/1603/1556 1400/290/270 453/339/319
f 1399/252/232 488/275/255 495/894/835
f 1401/1601/1552 495/894/835 491/886/828
f 1402/1602/1554 491/886/828 490/884/826
f 1403/1603/1556 490/884/826 487/288/268
f 1404/324/304 1406/1604/1557 495/893/835
f 1406/1604/1557 1407/1605/1558 496/891/833
f 1407/1605/1558 1408/1606/1559 500/896/837
f 1408/1606/1559 1405/196/176 489/280/260
f 1404/324/304 503/325/305 507/1607/1560
f 1406/1604/1557 507/1607/1560 508/901/1561
f 1407/1605/1558 508/901/1561 505/900/1562
f 1408/1606/1559 505/900/1562 502/194/174
f 1409/338/318 1411/1609/1563 507/1608/1560
f 1411/1609/1563 1412/1610/1566 508/909/1564
f 1412/1610/1566 1413/1611/1572 511/906/1567
f 1413/1611/1568 1410/281/261 504/286/266
f 1409/338/318 455/191/171 461/1612/1551
f 1411/1609/1563 461/1612/1551 459/858/1570
f 1412/1610/1566 459/858/1570 457/857/1571
f 1413/1611/1568 457/857/796 454/854/795
f 597/998/944 1416/1613/1573 1417/1614/1574
f 590/987/928 1418/1615/1575 1415/278/258
f 1416/1613/1573 612/1011/957 606/1005/951
f 1418/1615/1575 605/1003/949 602/317/297
f 1419/304/284 1421/1617/1576 623/1022/966
f 1421/1617/1576 1422/1618/1577 624/1032/976
f 1422/1618/1577 1423/1619/1578 630/1028/972
f 1423/1619/1578 1420/1620/198 621/1029/200
f 604/303/283 617/1017/962 1421/1617/1576
f 617/1017/962 611/1013/958 1422/1618/1577
f 611/1013/958 610/1010/956 1423/1619/1578
f 610/1010/956 603/1012/312 1420/1620/198
f 1424/307/287 1426/1621/1579 593/995/938
f 1427/1622/1580 1428/1623/1581 599/999/945
f 1424/307/287 622/306/286 634/1034/978
f 1427/1622/1580 629/1030/973 628/1027/971
f 655/1063/303 664/1062/1006 1431/1626/1582
f 664/1062/1006 658/1066/1010 1432/1627/1583
f 657/1056/999 654/337/317 1430/222/202
f 672/1085/316 1434/1632/315 1436/1629/1585
f 683/1083/1029 1436/1629/1585 1437/1630/1586
f 684/1077/1022 1437/1630/1586 1438/1631/1587
f 674/1073/1018 1438/1631/1587 1435/208/188
f 1434/1632/315 638/1051/299 651/1050/995
f 1436/1629/1585 651/1050/995 645/1046/991
f 1437/1630/1586 645/1046/991 644/1044/989
f 1438/1631/1587 644/1044/989 637/310/290
f 1439/309/289 1441/1633/1588 678/1081/1026
f 1439/309/289 656/308/288 668/1068/1012
f 1443/1635/1590 662/1061/1005 655/1063/303
f 1444/329/309 1446/1637/1591 691/1090/1035
f 1446/1637/1591 1447/1638/1592 692/1100/1045
f 1447/1638/1592 1448/1639/1593 699/1096/1042
f 1448/1639/1593 1445/1640/181 689/1097/191
f 706/328/308 711/1105/1052 1446/1637/1591
f 711/1105/1052 720/1108/1055 1447/1638/1592
f 720/1108/1055 719/1116/1063 1448/1639/1593
f 719/1116/1063 708/1118/179 1445/1640/181
f 1449/198/178 1451/1641/1594 714/1111/1058
f 1451/1641/1594 1452/1644/1596 715/1113/1060
f 715/1113/1060 1452/1644/1596 1453/1642/1595
f 721/1117/1064 1453/1642/1595 1450/1643/306
f 724/1121/1066 729/1123/1068 1451/1641/1594
f 729/1123/1068 739/1126/1071 1452/1644/1596
f 1452/1644/1596 739/1126/1071 738/1134/1082
f 1453/1642/1595 738/1134/1082 726/1136/307
f 725/301/281 1454/300/280 1456/1645/1597
f 1456/1645/1597 1457/1646/1599 734/1138/1598
f 1457/1646/1599 1458/1647/1600 740/1135/1083
f 1458/1647/1600 1455/1648/190 726/1136/307
f 1454/300/280 690/302/282 703/1103/1048
f 1456/1645/1597 703/1103/1048 698/1098/1043
f 1457/1646/1599 698/1098/1043 697/1095/1041
f 1458/1647/1600 697/1095/1041 689/1097/191
f 409/165/145 1459/164/144 1461/1649/1601
f 412/796/741 1461/1649/1601 1462/1650/1602
f 413/798/1603 1462/1650/1602 1463/1651/1604
f 1463/1651/1604 1460/233/213 410/805/750
f 1459/164/144 602/317/297 607/1004/950
f 1461/1649/1601 607/1004/950 616/1007/953
f 616/1007/953 615/1016/961 1463/1651/1604
f 615/1016/961 604/303/283 1460/233/213
f 622/306/286 1464/244/224 1466/1652/1605
s 35
f 1466/1652/1606 1467/1655/1612 633/1025/1607
s 2
f 1467/1653/1610 1465/315/295 620/316/296
f 444/842/1531 446/844/2121 1466/1652/1605
f 1467/1653/1610 446/837/2122 443/314/294
f 424/215/195 1468/217/197 1470/1656/1613
f 1471/1658/1618 1469/262/242 425/819/1550
f 654/337/317 659/1055/998 1470/1656/1613
s 36
f 1470/1656/1616 659/1055/2123 667/1059/1620
s 2
f 1471/1658/1618 666/1069/1013 656/308/288
f 670/1071/1016 1472/207/187 1474/1659/1622
f 1474/1659/1624 1475/1662/1629 680/1660/1625
f 1475/1661/1626 1473/267/247 671/311/291
f 1472/207/187 477/268/248 481/876/1627
f 485/879/820 479/266/246 1473/267/247
f 1476/279/259 1478/1663/1630 498/895/836
f 1478/1663/1630 1479/1664/1632 499/888/1631
f 1479/1664/1632 1480/1665/1633 492/885/827
f 1480/1665/1633 1477/1666/1634 487/288/268
f 707/299/279 716/1112/1059 1478/1663/1630
f 716/1112/1059 710/1106/1053 1479/1664/1632
f 710/1106/1053 709/1104/1051 1480/1665/1633
f 709/1104/1051 706/328/308 1477/1666/1634
f 690/302/282 1481/282/262 1483/1667/1635
f 702/1093/1039 1483/1670/1637 1484/1669/1636
f 693/1089/1034 1484/1669/1639 1482/340/320
f 1481/282/262 454/854/795 460/856/797
f 1483/1670/1637 460/850/2124 456/848/1638
f 1484/1669/1639 456/848/789 453/339/319
f 585/985/926 1485/277/257 1487/1671/1640
s 37
f 1487/1671/1642 1488/1673/1648 589/988/1643
s 2
f 1488/1672/1646 1486/231/211 586/305/285
f 1485/277/257 434/205/185 437/828/767
f 1488/1672/1646 442/832/769 436/229/209
f 464/260/240 1489/259/239 1491/1674/1649
f 473/871/810 1491/1674/1649 1492/1675/1650
f 474/866/1651 1492/1675/1650 1493/1676/1652
f 467/861/802 1493/1676/1652 1490/294/274
f 1489/259/239 637/310/290 646/1045/990
f 1491/1674/1649 646/1045/990 640/1039/984
f 1492/1675/1650 640/1039/984 639/1037/982
f 1493/1676/1652 639/1037/982 636/221/201
f 1494/287/267 1496/1679/1660 509/905/1653
f 509/905/1654 1496/1679/1661 1497/1677/1655
f 510/904/1657 1497/1677/1662 1498/1678/1658
f 506/899/1659 1498/1678/1663 1495/197/177
f 725/301/281 735/1130/1075 1496/1679/1660
f 1496/1679/1661 735/1130/1075 728/1124/1079
f 1497/1677/1662 728/1124/1069 727/1125/1070
f 1498/1678/1663 727/1125/1070 724/1121/1066
s 4
f 764/366/343 1499/365/342 1501/1680/1664
f 767/1681/1665 1501/1680/1664 1502/1682/1666
f 766/1683/1668 1502/1682/1673 1503/1684/1669
f 1503/1686/1669 1500/480/443 763/521/479
f 1499/365/342 748/356/333 750/1688/1671
f 1501/1680/1664 750/1688/1671 751/1689/1672
f 1502/1682/1673 751/1689/1711 752/1690/1674
f 752/1691/1674 749/376/352 1500/480/443
f 1504/402/376 1506/1693/1676 772/1692/1675
f 1506/1693/1676 1507/1695/1682 771/1694/1677
f 1507/1695/1678 1508/1700/1684 770/1696/1679
f 770/1697/1679 1508/1701/1684 1505/460/426
f 753/532/488 755/1698/1681 1506/1693/1676
f 755/1698/1681 756/1699/1750 1507/1695/1682
f 756/1699/1683 757/1769/1752 1508/1700/1684
f 1508/1701/1684 757/1770/1752 754/359/336
f 1509/470/435 1511/1703/1686 747/1702/1685
f 1511/1703/1686 1512/1705/1691 746/1704/1687
f 1512/1705/1688 1513/1709/1692 745/1706/1689
f 745/1706/1689 1513/1709/1692 1510/1707/325
f 764/366/343 767/1681/1665 1511/1703/1686
f 767/1681/1665 766/1683/1667 1512/1705/1691
f 766/1683/1668 765/1685/1670 1513/1709/1692
f 1513/1709/1692 765/1685/1670 763/1710/479
f 759/499/458 1514/367/344 1516/1711/1693
f 762/1712/1694 1516/1711/1693 1517/1713/1695
f 761/1714/1697 1517/1713/1700 1518/1715/1698
f 1518/1717/1698 1515/364/341 758/351/329
f 1514/367/344 769/349/328 772/1692/1675
f 1516/1711/1693 772/1692/1675 771/1694/1677
f 1517/1713/1700 771/1694/1680 770/1696/1679
f 770/1697/1679 768/362/339 1515/364/341
f 774/500/459 1519/494/455 1521/1719/1701
f 777/1720/1702 1521/1719/1701 1522/1721/1703
f 776/1722/1705 1522/1721/1708 1523/1723/1706
f 1523/1725/1706 1520/353/331 773/370/346
f 1519/494/455 759/499/458 762/1712/1694
f 1521/1719/1701 762/1712/1694 761/1714/1696
f 1522/1721/1708 761/1714/1697 760/1716/1699
f 760/1718/1699 758/351/329 1520/353/331
f 748/356/333 1524/355/332 1526/1727/1709
f 750/1688/1671 1526/1727/1709 1527/1728/1710
f 751/1689/1711 1527/1728/1715 1528/1729/1712
f 1528/1730/1712 1525/374/350 749/376/352
f 1524/355/332 778/385/360 780/1731/1713
f 1526/1727/1709 780/1731/1713 781/1732/1714
f 1527/1728/1715 781/1732/1719 782/1733/1716
f 782/1734/1716 779/373/349 1525/374/350
f 778/385/360 1529/394/368 1531/1735/1717
f 780/1731/1713 1531/1735/1717 1532/1736/1718
f 781/1732/1719 1532/1736/1723 1533/1737/1720
f 1533/1738/1720 1530/371/347 779/373/349
f 1529/394/368 788/393/367 790/1739/1721
f 1531/1735/1717 790/1739/1721 791/1740/1722
f 1532/1736/1723 791/1740/1741 792/1741/1724
f 792/1742/1724 789/383/359 1530/371/347
f 784/533/489 1534/525/482 1536/1743/1725
f 787/1744/1726 1536/1743/1725 1537/1745/1727
f 786/1746/1729 1537/1745/1732 1538/1747/1730
f 1538/1749/1730 1535/378/354 783/380/356
f 1534/525/482 774/500/459 777/1720/1702
f 1536/1743/1725 777/1720/1702 776/1722/1704
f 1537/1745/1732 776/1722/1705 775/1724/1707
f 775/1726/1707 773/370/346 1535/378/354
f 1539/511/469 1541/1752/1734 815/1751/1733
f 1541/1752/1734 1542/1754/1736 814/1753/1735
f 1542/1754/1736 1543/1758/1738 813/1755/1737
f 1543/1756/1738 1540/524/437 811/390/365
f 794/1148/1097 804/1147/1096 1541/1752/1734
f 804/1147/1096 797/1151/1100 1542/1754/1736
f 797/1151/1100 796/1142/1091 1543/1758/1738
f 796/1142/1091 793/1139/1088 1540/474/437
f 788/393/367 1544/493/454 1546/1759/1739
f 790/1739/1721 1546/1759/1743 1547/1760/1740
f 791/1740/1741 1547/1760/1744 1548/1761/1742
f 792/1742/1724 1548/1762/1742 1545/381/357
f 1544/493/454 812/509/467 815/1751/1733
f 1546/1759/1743 815/1751/1733 814/1753/1735
f 1547/1760/1744 814/1753/1735 813/1755/1737
f 813/1757/1737 811/390/365 1545/381/357
f 794/1148/1097 1549/510/468 1551/1763/1745
f 802/1146/1095 1551/1763/1745 1552/1764/1746
f 803/1149/1107 1552/1764/1748 1553/1765/1747
f 808/1154/1103 1553/1766/1747 1550/387/362
f 1549/510/468 784/533/489 787/1744/1726
f 1551/1763/1745 787/1744/1726 786/1746/1728
f 1552/1764/1748 786/1746/1729 785/1748/1731
f 1553/1766/1747 785/1750/1731 783/380/356
f 1554/410/383 1556/1767/1749 755/1698/1681
f 1556/1767/1749 1557/1768/1754 756/1699/1750
f 1557/1768/1751 1558/1773/1756 757/1769/1752
f 757/1770/1752 1558/1774/1756 1555/503/461
f 821/469/434 823/1771/1753 1556/1767/1749
f 823/1771/1753 824/1772/1772 1557/1768/1754
f 824/1772/1755 825/1793/1774 1558/1773/1756
f 1558/1774/1756 825/1795/1774 822/399/373
f 1559/342/322 1561/1776/1758 820/1775/1757
f 1561/1776/1758 1562/1778/1763 819/1777/1759
f 1562/1778/1760 1563/1781/1764 818/1779/1761
f 818/1780/1761 1563/2155/1764 1560/395/369
f 744/344/324 747/1702/1685 1561/1776/1758
f 747/1702/1685 746/1704/1687 1562/1778/1763
f 746/1704/1690 745/1706/1689 1563/1781/1764
f 1563/1781/1764 745/1706/1689 743/1708/334
f 833/1175/1127 1564/484/446 1566/1783/1765
f 844/1173/1125 1566/1783/1765 1567/1784/1766
f 845/1164/1114 1567/1784/1766 1568/1785/1767
f 835/1786/1110 1568/1790/1767 1565/461/427
f 1564/484/446 826/486/448 828/1787/1768
f 1566/1783/1765 828/1787/1768 829/1788/1769
f 1567/1784/1766 829/1788/1769 830/1789/1770
f 1568/1790/1767 830/1800/1770 827/405/379
f 1569/485/447 1571/1791/1771 823/1771/1753
f 1571/1791/1771 1572/1792/1776 824/1772/1772
f 1572/1792/1773 1573/1796/1775 825/1793/1774
f 1573/1794/1775 1570/407/381 822/399/373
f 833/1175/1127 846/1174/1126 1571/1791/1771
f 846/1174/1126 840/1177/1129 1572/1792/1776
f 840/1177/1777 839/1169/1119 1573/1796/1775
f 839/1797/1119 832/1166/1116 1570/407/381
f 1574/487/449 1576/1798/1778 828/1787/1768
f 1576/1798/1778 1577/1799/1780 829/1788/1769
f 1577/1799/1779 1578/1801/1781 830/1789/1770
f 830/1800/1770 1578/1802/1781 1575/403/377
f 817/518/476 820/1775/1757 1576/1798/1778
f 820/1775/1757 819/1777/1759 1577/1799/1780
f 819/1777/1762 818/1779/1761 1578/1801/1781
f 818/1780/1761 816/397/371 1575/403/377
f 1579/483/445 1581/1804/1783 873/1803/1782
f 1581/1804/1783 1582/1806/1785 872/1805/1784
f 1582/1806/1785 1583/1808/1787 871/1807/1786
f 1583/1808/1787 1580/530/486 869/531/487
f 854/432/402 856/1809/1788 1581/1804/1783
f 856/1809/1788 857/1810/1789 1582/1806/1785
f 857/1810/1789 858/1811/1790 1583/1808/1787
f 858/1811/1790 855/529/485 1580/530/486
f 875/426/396 1584/425/395 1586/1812/1791
f 878/1813/1792 1586/1812/1791 1587/1814/1793
f 877/1815/1794 1587/1814/1793 1588/1816/1795
f 876/1817/1796 1588/1816/1795 1585/464/430
f 1584/425/395 859/429/399 861/1818/1797
f 1586/1812/1791 861/1818/1797 862/1819/1798
f 1587/1814/1793 862/1819/1798 863/1820/1799
f 1588/1816/1795 863/1820/1799 860/465/431
f 850/422/392 1589/413/385 1591/1821/1800
f 853/1822/1801 1591/1821/1800 1592/1823/1802
f 852/1824/1803 1592/1823/1802 1593/1825/1804
f 851/1826/1805 1593/1825/1804 1590/481/444
f 1589/413/385 870/412/384 873/1803/1782
f 1591/1821/1800 873/1803/1782 872/1805/1784
f 1592/1823/1802 872/1805/1784 871/1807/1786
f 1593/1825/1804 871/1807/1786 869/531/487
f 1594/427/397 1596/1828/1807 868/1827/1806
f 1596/1828/1807 1597/1830/1809 867/1829/1808
f 1597/1830/1809 1598/1832/1811 866/1831/1810
f 1598/1832/1811 1595/502/460 864/522/480
f 875/426/396 878/1813/1792 1596/1828/1807
f 878/1813/1792 877/1815/1794 1597/1830/1809
f 877/1815/1794 876/1817/1796 1598/1832/1811
f 876/1817/1796 874/467/433 1595/502/460
f 1599/418/389 1601/1834/1813 883/1833/1812
f 1601/1834/1813 1602/1836/1815 882/1835/1814
f 1602/1836/1815 1603/1838/1817 881/1837/1816
f 1603/1838/1817 1600/435/405 879/419/390
f 865/466/432 868/1827/1806 1601/1834/1813
f 868/1827/1806 867/1829/1808 1602/1836/1815
f 867/1829/1808 866/1831/1810 1603/1838/1817
f 866/1831/1810 864/522/480 1600/435/405
f 1604/433/403 1606/1839/1818 856/1809/1788
f 1606/1839/1818 1607/1840/1819 857/1810/1789
f 1607/1840/1819 1608/1841/1820 858/1811/1790
f 1608/1841/1820 1605/415/387 855/529/485
f 884/438/407 886/1842/1821 1606/1839/1818
f 886/1842/1821 887/1843/1822 1607/1840/1819
f 887/1843/1822 888/1844/1823 1608/1841/1820
f 888/1844/1823 885/479/442 1605/415/387
f 1609/439/408 1611/1845/1824 886/1842/1821
f 1611/1845/1824 1612/1846/1825 887/1843/1822
f 1612/1846/1825 1613/1847/1826 888/1844/1823
f 1613/1847/1826 1610/523/481 885/479/442
f 894/443/412 896/1848/1827 1611/1845/1824
f 896/1848/1827 897/1849/1828 1612/1846/1825
f 897/1849/1828 898/1850/1829 1613/1847/1826
f 898/1850/1829 895/520/478 1610/523/481
f 1614/434/404 1616/1852/1831 893/1851/1830
f 1616/1852/1831 1617/1854/1833 892/1853/1832
f 1617/1854/1833 1618/1856/1835 891/1855/1834
f 1618/1856/1835 1615/421/391 889/442/411
f 880/496/456 883/1833/1812 1616/1852/1831
f 883/1833/1812 882/1835/1814 1617/1854/1833
f 882/1835/1814 881/1837/1816 1618/1856/1835
f 881/1837/1816 879/419/390 1615/421/391
f 917/528/484 1619/1863/441 1621/1857/1836
f 920/1858/1837 1621/1857/1836 1622/1859/1838
f 919/1860/1839 1622/1859/1838 1623/1861/1840
f 918/1862/1841 1623/1861/1840 1620/513/471
f 1619/1863/441 899/1178/440 903/1180/1132
f 1621/1857/1836 903/1180/1132 912/1184/1136
f 1622/1859/1838 912/1184/1136 911/1190/1144
f 1623/1861/1840 911/1190/1144 901/514/472
f 1624/445/414 1626/1864/1842 896/1848/1827
f 1626/1864/1842 1627/1865/1843 897/1849/1828
f 1627/1865/1843 1628/1866/1844 898/1850/1829
f 1628/1866/1844 1625/497/457 895/520/478
f 917/528/484 920/1858/1837 1626/1864/1842
f 920/1858/1837 919/1860/1839 1627/1865/1843
f 919/1860/1839 918/1862/1841 1628/1866/1844
f 918/1862/1841 916/515/473 1625/497/457
f 1629/440/409 1631/1867/1845 907/1188/1140
f 1631/1867/1845 1632/1868/1846 908/1193/1147
f 1632/1868/1846 1633/1869/1847 913/1191/1145
f 1633/1869/1847 1630/512/470 901/514/472
f 890/526/483 893/1851/1830 1631/1867/1845
f 893/1851/1830 892/1853/1832 1632/1868/1846
f 892/1853/1832 891/1855/1834 1633/1869/1847
f 891/1855/1834 889/442/411 1630/512/470
f 859/429/399 1634/450/417 1636/1870/1848
f 861/1818/1797 1636/1870/1848 1637/1871/1849
f 862/1819/1798 1637/1871/1849 1638/1872/1850
f 863/1820/1799 1638/1872/1850 1635/507/465
f 1634/450/417 926/451/418 928/1873/1851
f 1636/1870/1848 928/1873/1851 929/1874/1852
f 1637/1871/1849 929/1874/1852 930/1875/1853
f 1638/1872/1850 930/1875/1853 927/471/436
f 922/452/419 1639/423/393 1641/1876/1854
f 925/1877/1855 1641/1876/1854 1642/1878/1856
f 924/1879/1857 1642/1878/1856 1643/1880/1858
f 923/1881/1859 1643/1880/1858 1640/456/422
f 1639/423/393 850/422/392 853/1822/1801
f 1641/1876/1854 853/1822/1801 852/1824/1803
f 1642/1878/1856 852/1824/1803 851/1826/1805
f 1643/1880/1858 851/1826/1805 849/447/416
f 1644/463/429 1646/1882/1860 939/1196/1151
f 1646/1882/1860 1647/1883/1861 940/1205/1160
f 1647/1883/1861 1648/1884/1862 947/1201/1156
f 1648/1884/1862 1645/491/453 937/1202/1157
f 931/459/425 933/1885/1863 1646/1882/1860
f 933/1885/1863 934/1886/1864 1647/1883/1861
f 934/1886/1864 935/1887/1865 1648/1884/1862
f 935/1887/1865 932/488/450 1645/491/453
f 926/451/418 1649/457/423 1651/1888/1866
f 928/1873/1851 1651/1888/1866 1652/1889/1867
f 929/1874/1852 1652/1889/1867 1653/1890/1868
f 930/1875/1853 1653/1890/1868 1650/490/452
f 1649/457/423 938/458/424 950/1208/1164
f 1651/1888/1866 950/1208/1164 946/1203/1158
f 1652/1889/1867 946/1203/1158 945/1200/1155
f 1653/1890/1868 945/1200/1155 937/1202/1157
f 931/459/425 1654/453/420 1656/1891/1869
f 933/1885/1863 1656/1891/1869 1657/1892/1870
f 934/1886/1864 1657/1892/1870 1658/1893/1871
f 935/1887/1865 1658/1893/1871 1655/489/451
f 1654/453/420 922/452/419 925/1877/1855
f 1656/1891/1869 925/1877/1855 924/1879/1857
f 1657/1892/1870 924/1879/1857 923/1881/1859
f 1658/1893/1871 923/1881/1859 921/455/421
f 938/458/424 1659/408/382 1661/1894/1872
f 941/1195/1150 1661/1897/1876 1660/516/474
f 1659/408/382 832/1166/1116 841/1168/1873
f 1661/1897/1876 834/2156/1111 831/517/475
f 1662/388/363 1664/1902/1880 807/1898/1877
f 1664/1901/1879 1663/475/438 793/1139/1088
f 900/446/415 902/1187/1139 1664/1902/1880
f 902/1903/1133 899/477/440 1663/475/438
s 5
f 974/555/508 1665/554/507 1667/1904/1881
f 977/1905/1882 1667/1904/1881 1668/1906/1883
f 976/1907/1885 1668/1906/1890 1669/1908/1886
f 1669/1910/1886 1666/670/612 973/708/648
f 1665/554/507 958/545/498 960/1912/1888
f 1667/1904/1881 960/1912/1888 961/1913/1889
f 1668/1906/1890 961/1913/1928 962/1914/1891
f 962/1915/1891 959/565/517 1666/670/612
f 1670/591/542 1672/1922/1893 982/1916/1892
f 1672/1917/1893 1673/1920/1899 981/1918/1894
f 1673/1920/1895 1674/1925/1901 980/1921/1896
f 980/1921/1896 1674/1925/1901 1671/650/595
f 963/719/658 965/1987/1898 1672/1922/1893
f 965/1923/1898 966/1924/1964 1673/1920/1899
f 966/1924/1900 967/1990/1966 1674/1925/1901
f 1674/1925/1901 967/1990/1966 964/548/501
f 1675/660/604 1677/1927/1903 957/1926/1902
f 1677/1927/1903 1678/1929/1908 956/1928/1904
f 1678/1929/1905 1679/1932/1909 955/1930/1906
f 955/1931/1906 1679/1933/1909 1676/534/490
f 974/555/508 977/1905/1882 1677/1927/1903
f 977/1905/1882 976/1907/1884 1678/1929/1908
f 976/1907/1885 975/1909/1887 1679/1932/1909
f 1679/1933/1909 975/1911/1887 973/708/648
f 969/689/630 1680/556/509 1682/1934/1910
f 972/1936/1911 1682/1941/1910 1683/1937/1912
f 971/1938/1914 1683/1937/1917 1684/1939/1915
f 1684/1939/1915 1681/553/506 968/540/494
f 1680/556/509 979/538/493 982/1916/1892
f 1682/1941/1910 982/1919/1892 981/1918/1894
f 1683/1937/1917 981/1918/1897 980/1921/1896
f 980/1921/1896 978/551/504 1681/553/506
f 984/690/631 1685/684/625 1687/1942/1918
f 987/1943/1919 1687/1942/1918 1688/1944/1920
f 986/1946/1922 1688/1950/1925 1689/1947/1923
f 1689/1947/1923 1686/542/496 983/559/511
f 1685/684/625 969/689/630 972/1935/1911
f 1687/1949/1918 972/1936/1911 971/1938/1913
f 1688/1950/1925 971/1938/1914 970/1940/1916
f 970/1940/1916 968/540/494 1686/542/496
f 958/545/498 1690/544/497 1692/1951/1926
f 960/1912/1888 1692/1951/1926 1693/1952/1927
f 961/1913/1928 1693/1952/1932 1694/1953/1929
f 1694/1954/1929 1691/563/515 959/565/517
f 1690/544/497 988/574/525 990/1955/1930
f 1692/1951/1926 990/1955/1930 991/1956/1931
f 1693/1952/1932 991/1956/1936 992/1957/1933
f 992/1957/1933 989/1962/514 1691/1958/515
f 988/574/525 1695/583/534 1697/1959/1934
f 990/1955/1930 1697/1959/1934 1698/1960/1935
f 991/1956/1936 1698/1960/1940 1699/1961/1937
f 1699/1961/1937 1696/1966/512 989/1962/514
f 1695/583/534 998/582/533 1000/1963/1938
f 1697/1959/1934 1000/1963/1938 1001/1964/1939
f 1698/1960/1940 1001/1964/1955 1002/1965/1941
f 1002/1965/1941 999/1982/524 1696/1966/512
f 994/720/659 1700/713/653 1702/1967/1942
f 997/1968/1943 1702/1967/1942 1703/1969/1944
f 996/1971/1946 1703/1974/1949 1704/1972/1947
f 1704/1972/1947 1701/567/519 993/569/521
f 1700/713/653 984/690/631 987/1943/1919
f 1702/1967/1942 987/1943/1919 986/1945/1921
f 1703/1974/1949 986/1946/1922 985/1948/1924
f 985/1948/1924 983/559/511 1701/567/519
f 1705/698/638 1707/1975/1950 1034/1248/1204
f 1707/1975/1950 1708/1976/1951 1035/1236/1194
f 1708/1976/1951 1709/1977/1952 1026/1233/1191
f 1709/1977/1952 1706/664/606 1021/712/652
f 1004/1220/1178 1014/1219/1177 1707/1975/1950
f 1014/1219/1177 1007/1223/1181 1708/1976/1951
f 1007/1223/1181 1006/1213/1171 1709/1977/1952
f 1006/1213/1171 1003/1210/1168 1706/664/606
f 998/582/533 1710/683/624 1712/1978/1953
f 1000/1963/1938 1712/1978/1957 1713/1979/1954
f 1001/1964/1955 1713/1979/1958 1714/1980/1956
f 1002/1965/1941 1714/1980/1956 1711/1981/522
f 1710/683/624 1023/696/636 1036/1247/1203
f 1712/1978/1957 1036/1247/1203 1030/1242/1207
f 1713/1979/1958 1030/1242/1199 1029/1239/1197
f 1714/1980/1956 1029/1239/1197 1022/1241/530
f 1004/1220/1178 1715/697/637 1717/1983/1959
f 1012/1218/1176 1717/1983/1959 1718/1984/1960
f 1013/1230/1188 1718/1986/1962 1719/1985/1961
f 1018/1226/1184 1719/1985/1961 1716/576/527
f 1715/697/637 994/720/659 997/1968/1943
f 1717/1983/1959 997/1968/1943 996/1970/1945
f 1718/1986/1962 996/1971/1946 995/1973/1948
f 1719/1985/1961 995/1973/1948 993/569/521
f 1720/599/549 1722/1991/1963 965/1987/1898
f 1722/1988/1963 1723/1989/1968 966/1924/1964
f 1723/1989/1965 1724/1994/1970 967/1990/1966
f 967/1990/1966 1724/1994/1970 1721/693/633
f 1044/659/603 1046/2011/1967 1722/1991/1963
f 1046/1992/1967 1047/1993/1986 1723/1989/1968
f 1047/1993/1969 1048/2014/1988 1724/1994/1970
f 1724/1994/1970 1048/2014/1988 1045/588/539
f 1725/504/462 1727/1996/1972 1043/1995/1971
f 1727/1996/1972 1728/1998/1977 1042/1997/1973
f 1728/1998/1974 1729/2001/1978 1041/1999/1975
f 1041/2000/1975 1729/2002/1978 1726/584/535
f 954/506/464 957/1926/1902 1727/1996/1972
f 957/1926/1902 956/1928/1904 1728/1998/1977
f 956/1928/1907 955/1930/1906 1729/2001/1978
f 1729/2002/1978 955/1931/1906 953/546/499
f 1056/1267/1227 1730/674/615 1732/2003/1979
f 1067/1265/1225 1732/2003/1979 1733/2004/1980
f 1068/1255/1214 1733/2004/1980 1734/2005/1981
f 1058/1251/1210 1734/2005/1981 1731/2006/596
f 1730/674/615 1049/676/617 1051/2007/1982
f 1732/2003/1979 1051/2007/1982 1052/2008/1983
f 1733/2004/1980 1052/2008/1983 1053/2009/1984
f 1734/2010/1981 1053/2021/1984 1050/594/545
f 1735/675/616 1737/2016/1985 1046/2011/1967
f 1737/2012/1985 1738/2013/1990 1047/1993/1986
f 1738/2013/1987 1739/2015/1989 1048/2014/1988
f 1739/2015/1989 1736/596/547 1045/588/539
f 1056/1267/1227 1069/1266/1226 1737/2016/1985
f 1069/2017/1226 1063/2018/1229 1738/2013/1990
f 1063/2018/1991 1062/1260/1219 1739/2015/1989
f 1062/1260/1219 1055/1257/1216 1736/596/547
f 1740/677/618 1742/2019/1992 1051/2007/1982
f 1742/2019/1992 1743/2020/1994 1052/2008/1983
f 1743/2020/1993 1744/2022/1995 1053/2009/1984
f 1053/2021/1984 1744/2023/1995 1741/592/543
f 1040/705/645 1043/1995/1971 1742/2019/1992
f 1043/1995/1971 1042/1997/1973 1743/2020/1994
f 1042/1997/1976 1041/1999/1975 1744/2022/1995
f 1041/2000/1975 1039/586/537 1741/592/543
f 1745/673/614 1747/2025/1997 1096/2024/1996
f 1747/2025/1997 1748/2027/1999 1095/2026/1998
f 1748/2027/1999 1749/2029/2001 1094/2028/2000
f 1749/2029/2001 1746/717/656 1092/718/657
f 1077/621/569 1079/2030/2002 1747/2025/1997
f 1079/2030/2002 1080/2031/2003 1748/2027/1999
f 1080/2031/2003 1081/2032/2004 1749/2029/2001
f 1081/2032/2004 1078/716/655 1746/717/656
f 1098/615/563 1750/614/562 1752/2033/2005
f 1101/2034/2006 1752/2033/2005 1753/2035/2007
f 1099/2038/2010 1754/2037/2009 1751/654/599
f 1750/614/562 1082/618/566 1084/2039/2011
f 1753/2035/2007 1085/2040/2012 1086/2041/2013
f 1754/2037/2009 1086/2041/2013 1083/655/600
f 1073/611/559 1755/602/551 1757/2042/2014
f 1076/2043/2015 1757/2042/2014 1758/2044/2016
f 1075/2045/2017 1758/2044/2016 1759/2046/2018
f 1074/2047/2019 1759/2046/2018 1756/671/613
f 1755/602/551 1093/601/550 1096/2024/1996
f 1757/2042/2014 1096/2024/1996 1095/2026/1998
f 1758/2044/2016 1095/2026/1998 1094/2028/2000
f 1760/616/564 1762/2049/2021 1091/2048/2020
f 1762/2049/2021 1763/2051/2023 1090/2050/2022
f 1763/2051/2023 1764/2053/2025 1089/2052/2024
f 1764/2053/2025 1761/692/632 1087/709/649
f 1098/615/563 1101/2034/2006 1762/2049/2021
f 1101/2034/2006 1100/2036/2008 1763/2051/2023
f 1100/2036/2008 1099/2038/2010 1764/2053/2025
f 1099/2038/2010 1097/657/602 1761/692/632
f 1765/607/555 1767/2055/2027 1106/2054/2026
f 1767/2055/2027 1768/2057/2029 1105/2056/2028
f 1768/2057/2029 1769/2059/2031 1104/2058/2030
f 1769/2059/2031 1766/624/572 1102/608/556
f 1091/2048/2020 1090/2050/2022 1768/2057/2029
f 1090/2050/2022 1089/2052/2024 1769/2059/2031
f 1089/2052/2024 1087/709/649 1766/624/572
f 1770/622/570 1772/2060/2032 1079/2030/2002
f 1772/2060/2032 1773/2061/2033 1080/2031/2003
f 1773/2061/2033 1774/2062/2034 1081/2032/2004
f 1774/2062/2034 1771/604/553 1078/716/655
f 1109/2063/2035 1110/2064/2036 1773/2061/2033
f 1110/2064/2036 1111/2065/2037 1774/2062/2034
f 1111/2065/2037 1108/669/611 1771/604/553
f 1775/628/576 1777/2066/2038 1109/2063/2035
f 1777/2066/2038 1778/2067/2039 1110/2064/2036
f 1778/2067/2039 1779/2068/2040 1111/2065/2037
f 1117/632/580 1119/2069/2041 1777/2066/2038
f 1120/2070/2042 1121/2071/2043 1779/2068/2040
f 1121/2071/2043 1118/707/647 1776/710/650
f 1780/623/571 1782/2073/2045 1116/2072/2044
f 1782/2073/2045 1783/2075/2047 1115/2074/2046
f 1783/2075/2047 1784/2077/2049 1114/2076/2048
f 1784/2077/2049 1781/610/558 1112/631/579
f 1103/686/627 1106/2054/2026 1782/2073/2045
f 1106/2054/2026 1105/2056/2028 1783/2075/2047
f 1105/2056/2028 1104/2058/2030 1784/2077/2049
f 1104/2058/2030 1102/608/556 1781/610/558
f 1785/668/610 1787/2085/2055 1143/2078/2050
f 1143/2078/2050 1787/2085/2055 1788/2079/2051
f 1142/2080/2052 1788/2079/2051 1789/2081/2053
f 1141/2082/2054 1789/2081/2053 1786/2083/640
f 1785/668/610 1122/667/609 1126/1272/1232
f 1787/2085/2055 1126/1272/1232 1135/1276/1236
f 1788/2079/2051 1135/1276/1236 1134/1284/1244
f 1789/2081/2053 1134/1284/1244 1124/1286/641
f 1790/635/583 1792/2086/2056 1119/2069/2041
f 1792/2086/2056 1793/2087/2057 1120/2070/2042
f 1793/2087/2057 1794/2088/2058 1121/2071/2043
f 1794/2088/2058 1791/687/628 1118/707/647
f 1140/634/582 1143/2089/2050 1792/2086/2056
f 1143/2089/2050 1142/2090/2052 1793/2087/2057
f 1142/2090/2052 1141/2091/2054 1794/2088/2058
f 1141/2091/2054 1139/702/642 1791/687/628
f 1795/629/577 1797/2092/2059 1130/1280/1240
f 1797/2092/2059 1798/2094/2060 1131/2093/1247
f 1798/2094/2060 1799/2096/2061 1136/2095/1245
f 1799/2096/2061 1796/699/639 1124/701/641
f 1113/714/654 1116/2072/2044 1797/2092/2059
f 1116/2072/2044 1115/2074/2046 1798/2094/2060
f 1115/2074/2046 1114/2076/2048 1799/2096/2061
f 1114/2076/2048 1112/631/579 1796/699/639
f 1082/618/566 1800/640/586 1802/2097/2062
f 1085/2040/2012 1803/2098/2063 1804/2099/2064
f 1086/2041/2013 1804/2099/2064 1801/694/634
f 1800/640/586 1149/641/587 1151/2100/2065
f 1802/2097/2062 1151/2100/2065 1152/2101/2066
f 1803/2098/2063 1152/2101/2066 1153/2102/2067
f 1804/2099/2064 1153/2102/2067 1150/661/605
f 1145/642/588 1805/612/560 1807/2103/2068
f 1148/2104/2069 1807/2103/2068 1808/2105/2070
f 1147/2106/2071 1808/2105/2070 1809/2107/2072
f 1146/2108/2073 1809/2107/2072 1806/646/591
f 1805/612/560 1073/611/559 1076/2043/2015
f 1807/2103/2068 1076/2043/2015 1075/2045/2017
f 1809/2107/2072 1074/2047/2019 1072/637/585
f 1810/653/598 1812/2109/2074 1162/1292/1251
f 1812/2109/2074 1813/2110/2075 1163/1301/1261
f 1813/2110/2075 1814/2111/2076 1169/1297/1257
f 1814/2111/2076 1811/681/622 1160/1298/1258
f 1154/649/594 1156/2112/2077 1812/2109/2074
f 1156/2112/2077 1157/2113/2078 1813/2110/2075
f 1157/2113/2078 1158/2114/2079 1814/2111/2076
f 1158/2114/2079 1155/678/619 1811/681/622
f 1149/641/587 1815/647/592 1817/2115/2080
f 1151/2100/2065 1817/2115/2080 1818/2116/2081
f 1153/2102/2067 1819/2117/2082 1816/680/621
f 1815/647/592 1161/648/593 1173/1304/1265
f 1817/2115/2080 1173/1304/1265 1168/1299/1259
f 1818/2116/2081 1168/1299/1259 1167/1296/1256
f 1154/649/594 1820/643/589 1822/2118/2083
f 1156/2112/2077 1822/2118/2083 1823/2119/2084
f 1157/2113/2078 1823/2119/2084 1824/2120/2085
f 1820/643/589 1145/642/588 1148/2104/2069
f 1822/2118/2083 1148/2104/2069 1147/2106/2071
f 1823/2119/2084 1147/2106/2071 1146/2108/2073
f 1824/2120/2085 1146/2108/2073 1144/645/590
f 1161/648/593 1825/597/548 1827/2121/2086
f 1172/2123/2087 1827/2126/2091 1826/2124/643
f 1825/597/548 1055/1257/1216 1064/1259/2089
f 1827/2126/2091 1057/2149/2125 1054/1249/644
f 1828/577/528 1830/2129/2095 1017/2127/1185
f 1830/2128/2093 1829/665/607 1003/1210/1168
f 1123/636/584 1125/1279/1239 1830/2129/2095
f 1125/2130/1233 1122/667/609 1829/665/607
f 1831/1306/581 1022/1241/530 1031/1240/1198
f 1834/1307/1269 1031/1240/1198 1025/1234/1192
f 1835/1309/1271 1025/1234/1192 1024/1232/1190
f 1836/1310/1272 1024/1232/1190 1021/712/652
