# Blender 5.2.2 LTS
# www.blender.org
mtllib Brazo.mtl
g Brazo_RoverModificado.001
v 2.488593 9.113359 -0.021930
v 2.488593 9.113359 0.601768
v 2.597084 9.091779 -0.021930
v 2.597084 9.091779 0.601768
v 2.689058 9.030325 -0.021930
v 2.689058 9.030325 0.601768
v 2.750513 8.938350 -0.021930
v 2.750513 8.938349 0.601768
v 2.772093 8.829859 -0.021930
v 2.772093 8.829859 0.601768
v 2.750513 8.626252 -0.021930
v 2.750513 8.626252 0.601770
v 2.689058 8.626252 -0.021930
v 2.689058 8.626252 0.601770
v 2.597084 8.626252 -0.021930
v 2.597084 8.626252 0.601770
v 2.488593 8.613859 -0.021930
v 2.488593 8.613859 0.601770
v 2.380102 8.626252 -0.021930
v 2.380102 8.626252 0.601770
v 2.288128 8.626252 -0.021930
v 2.288128 8.626252 0.601770
v 2.226673 8.626252 -0.021930
v 2.226673 8.626252 0.601770
v 2.205093 8.829859 -0.021930
v 2.205093 8.829859 0.601768
v 2.226673 8.938350 -0.021930
v 2.226673 8.938350 0.601768
v 2.288128 9.030325 -0.021930
v 2.288128 9.030325 0.601768
v 2.380102 9.091779 -0.021930
v 2.380102 9.091779 0.601768
v 2.488593 9.045860 0.601768
v 2.272593 8.829859 0.601768
v 2.704593 8.829859 0.601768
v 2.289035 8.747201 0.601770
v 2.335858 8.677125 0.601770
v 2.289035 8.912519 0.601768
v 2.335858 8.982595 0.601768
v 2.405933 9.029419 0.601768
v 2.641328 8.982595 0.601768
v 2.571253 9.029418 0.601768
v 2.405933 8.630301 0.601770
v 2.571253 8.630301 0.601770
v 2.688151 8.912519 0.601768
v 2.688151 8.747201 0.601770
v 2.641328 8.677125 0.601770
v 2.571253 9.029418 -0.021930
v 2.688151 8.747201 -0.021930
v 2.405933 8.630301 -0.021930
v 2.289035 8.912519 -0.021930
v 2.405933 9.029419 -0.021930
v 2.488593 9.045860 -0.021930
v 2.571253 8.630301 -0.021930
v 2.641328 8.982595 -0.021930
v 2.704593 8.829859 -0.021930
v 2.688151 8.912519 -0.021930
v 2.641328 8.677125 -0.021930
v 2.272593 8.829859 -0.021930
v 2.335858 8.677125 -0.021930
v 2.289035 8.747201 -0.021930
v 2.335858 8.982595 -0.021930
v 2.488593 9.113359 0.183995
v 2.597084 9.091779 0.183995
v 2.226673 8.626252 0.183995
v 2.288128 8.626252 0.183995
v 2.689058 9.030325 0.183995
v 2.205093 8.829859 0.183995
v 2.750513 8.938350 0.183995
v 2.226673 8.938350 0.183995
v 2.772093 8.829859 0.183995
v 2.288128 9.030325 0.183995
v 2.750513 8.626252 0.183995
v 2.380102 9.091779 0.183995
v 2.689058 8.626252 0.183995
v 2.597084 8.626252 0.183995
v 2.488593 8.613859 0.183995
v 2.380102 8.626252 0.183995
v 2.488593 9.113359 0.395844
v 2.597084 9.091779 0.395844
v 2.226673 8.626252 0.395845
v 2.288128 8.626252 0.395845
v 2.689058 9.030325 0.395844
v 2.205093 8.829859 0.395844
v 2.750513 8.938350 0.395844
v 2.226673 8.938350 0.395844
v 2.772093 8.829859 0.395844
v 2.288128 9.030325 0.395844
v 2.750513 8.626252 0.395845
v 2.380102 9.091779 0.395844
v 2.689058 8.626252 0.395845
v 2.597084 8.626252 0.395845
v 2.488593 8.613859 0.395845
v 2.380102 8.626252 0.395845
v 2.571253 9.029418 0.183995
v 2.688151 8.747201 0.183995
v 2.704593 8.829859 0.183995
v 2.571253 8.630301 0.183995
v 2.488593 9.045860 0.183995
v 2.405933 9.029419 0.183995
v 2.289035 8.747201 0.183995
v 2.335858 8.677125 0.183995
v 2.641328 8.982595 0.183995
v 2.335858 8.982595 0.183995
v 2.688151 8.912519 0.183995
v 2.641328 8.677125 0.183995
v 2.405933 8.630301 0.183995
v 2.272593 8.829859 0.183995
v 2.289035 8.912519 0.183995
v 2.571253 9.029418 0.395844
v 2.688151 8.747201 0.395845
v 2.704593 8.829859 0.395844
v 2.571253 8.630301 0.395845
v 2.488593 9.045860 0.395844
v 2.405933 9.029419 0.395844
v 2.289035 8.747201 0.395845
v 2.335858 8.677125 0.395845
v 2.641328 8.982595 0.395844
v 2.335858 8.982595 0.395844
v 2.688151 8.912519 0.395844
v 2.641328 8.677125 0.395845
v 2.405933 8.630301 0.395845
v 2.272593 8.829859 0.395844
v 2.289035 8.912519 0.395844
v 2.750513 8.326253 -0.021930
v 2.689058 8.326253 -0.021930
v 2.750513 8.326253 0.601770
v 2.689058 8.326253 0.601770
v 2.597084 8.326253 -0.021930
v 2.597084 8.326253 0.601770
v 2.488593 8.326253 -0.021930
v 2.488593 8.326253 0.601770
v 2.380102 8.326253 -0.021930
v 2.380102 8.326253 0.601770
v 2.288128 8.326253 -0.021930
v 2.288128 8.326253 0.601770
v 2.226673 8.326253 -0.021930
v 2.226673 8.326253 0.601770
v 2.226673 8.326253 0.395845
v 2.288128 8.326253 0.395845
v 2.750513 8.326253 0.395845
v 2.689058 8.326253 0.395845
v 2.597084 8.326253 0.395845
v 2.488593 8.326253 0.395845
v 2.380102 8.326253 0.395845
v 2.226673 8.326253 0.183995
v 2.288128 8.326253 0.183995
v 2.750513 8.326253 0.183995
v 2.689058 8.326253 0.183995
v 2.597084 8.326253 0.183995
v 2.488593 8.326253 0.183995
v 2.380102 8.326253 0.183995
v 2.231692 8.029860 0.789919
v 1.988593 8.029860 0.546821
v 2.059795 8.029860 0.718718
v 1.988593 8.326223 0.546821
v 2.231692 8.326223 0.789919
v 2.059795 8.326223 0.718718
v 1.988593 8.029860 0.033019
v 2.231692 8.029860 -0.210080
v 2.059795 8.029860 -0.138878
v 2.231692 8.326223 -0.210080
v 1.988593 8.326223 0.033019
v 2.059795 8.326223 -0.138878
v 2.988593 8.029860 0.546821
v 2.745494 8.029860 0.789919
v 2.917391 8.029860 0.718718
v 2.745494 8.326223 0.789919
v 2.988593 8.326223 0.546821
v 2.917391 8.326223 0.718718
v 2.745494 8.029860 -0.210080
v 2.988593 8.029860 0.033019
v 2.917391 8.029860 -0.138878
v 2.988593 8.326223 0.033019
v 2.745494 8.326223 -0.210080
v 2.917391 8.326223 -0.138878
v 2.488593 8.029860 -0.010080
v 2.603398 8.029860 0.012756
v 2.700725 8.029860 0.077788
v 2.765757 8.029860 0.175115
v 2.788593 8.029860 0.289920
v 2.765757 8.029860 0.404725
v 2.700725 8.029860 0.502052
v 2.603398 8.029860 0.567084
v 2.488593 8.029860 0.589920
v 2.373788 8.029860 0.567084
v 2.276461 8.029860 0.502052
v 2.211429 8.029860 0.404725
v 2.188593 8.029860 0.289920
v 2.211429 8.029860 0.175115
v 2.276461 8.029860 0.077788
v 2.373788 8.029860 0.012756
v 2.488593 7.829859 -0.010080
v 2.603398 7.829859 0.012756
v 2.700725 7.829859 0.077788
v 2.765757 7.829859 0.175115
v 2.788593 7.829859 0.289920
v 2.765757 7.829859 0.404725
v 2.700725 7.829859 0.502052
v 2.603398 7.829859 0.567084
v 2.488593 7.829859 0.589920
v 2.373788 7.829859 0.567084
v 2.276461 7.829859 0.502052
v 2.211429 7.829859 0.404725
v 2.188593 7.829859 0.289920
v 2.211429 7.829859 0.175115
v 2.276461 7.829859 0.077788
v 2.373788 7.829859 0.012756
v 2.488593 7.329858 -0.010080
v 2.603398 7.329858 0.012756
v 2.700725 7.329858 0.077788
v 2.765757 7.329858 0.175115
v 2.788593 7.329858 0.289920
v 2.765757 7.329858 0.404725
v 2.700725 7.329858 0.502052
v 2.603398 7.329858 0.567084
v 2.488593 7.329858 0.589920
v 2.373788 7.329858 0.567084
v 2.276461 7.329858 0.502052
v 2.211429 7.329858 0.404725
v 2.188593 7.329858 0.289920
v 2.211429 7.329858 0.175115
v 2.276461 7.329858 0.077788
v 2.373788 7.329858 0.012756
v 2.488593 7.829859 -0.010080
v 2.603398 7.829859 0.012756
v 2.700725 7.829859 0.077788
v 2.765757 7.829859 0.175115
v 2.788593 7.829859 0.289920
v 2.765757 7.829859 0.404725
v 2.700725 7.829859 0.502052
v 2.603398 7.829859 0.567084
v 2.488593 7.829859 0.589920
v 2.373788 7.829859 0.567084
v 2.276461 7.829859 0.502052
v 2.211429 7.829859 0.404725
v 2.188593 7.829859 0.289920
v 2.211429 7.829859 0.175115
v 2.276461 7.829859 0.077788
v 2.373788 7.829859 0.012756
v 2.660800 7.954859 -0.125826
v 2.660800 7.334860 -0.125826
v 2.806791 7.334860 -0.028278
v 2.806791 7.954859 -0.028278
v 2.904339 7.954859 0.462127
v 2.904339 7.334860 0.462127
v 2.806791 7.334860 0.608118
v 2.806791 7.954859 0.608118
v 2.316385 7.954859 0.705666
v 2.316385 7.334860 0.705666
v 2.170395 7.334860 0.608118
v 2.170395 7.954859 0.608118
v 2.072847 7.954859 0.117712
v 2.072847 7.334860 0.117712
v 2.170395 7.334860 -0.028278
v 2.170395 7.954859 -0.028278
v 2.746904 7.949860 -0.333699
v 2.746904 7.329859 -0.333699
v 2.965890 7.329859 -0.187377
v 2.965890 7.949860 -0.187377
v 3.112211 7.949860 0.548231
v 3.112211 7.329859 0.548231
v 2.965890 7.329859 0.767217
v 2.965890 7.949860 0.767217
v 2.230282 7.949860 0.913538
v 2.230282 7.329859 0.913538
v 2.011296 7.329859 0.767217
v 2.011296 7.949860 0.767217
v 1.864974 7.949860 0.031608
v 1.864974 7.329859 0.031609
v 2.011296 7.329859 -0.187377
v 2.011296 7.949860 -0.187377
v 2.603398 7.504859 0.012756
v 2.700725 7.504859 0.077788
v 2.765757 7.504859 0.175115
v 2.788593 7.504859 0.289920
v 2.765757 7.504859 0.404725
v 2.700725 7.504859 0.502052
v 2.603398 7.504859 0.567084
v 2.488593 7.504859 0.589920
v 2.373788 7.504859 0.567084
v 2.276461 7.504859 0.502052
v 2.211429 7.504859 0.404725
v 2.188593 7.504859 0.289920
v 2.211429 7.504859 0.175115
v 2.276461 7.504859 0.077788
v 2.373788 7.504859 0.012756
v 2.488593 7.504859 -0.010080
v 2.660800 7.551860 -0.125826
v 2.806791 7.551860 -0.028278
v 2.904339 7.551860 0.462127
v 2.806791 7.551860 0.608118
v 2.316385 7.551860 0.705666
v 2.170395 7.551860 0.608118
v 2.072847 7.551860 0.117712
v 2.170395 7.551860 -0.028278
v 2.746904 7.546859 -0.333699
v 2.965890 7.546859 -0.187377
v 3.112211 7.546859 0.548231
v 2.965890 7.546859 0.767217
v 2.230282 7.546859 0.913538
v 2.011296 7.546859 0.767217
v 1.864974 7.546859 0.031608
v 2.011296 7.546859 -0.187377
v 5.185180 11.751374 0.762877
v 5.043760 11.750766 0.762877
v 5.387358 11.410116 0.762877
v 5.386749 11.551537 0.762877
v 5.043760 11.750766 -0.183043
v 5.185180 11.751374 -0.183043
v 5.386749 11.551537 -0.183043
v 5.387358 11.410116 -0.183043
v 5.387358 11.410116 -0.041923
v 5.386749 11.551537 -0.041923
v 5.185180 11.751374 -0.041923
v 5.043760 11.750766 -0.041923
v 5.043760 11.750766 0.621757
v 5.185180 11.751374 0.621757
v 5.386749 11.551537 0.621757
v 5.387358 11.410116 0.621757
v 2.641985 8.677784 -0.055681
v 2.641985 8.677784 0.635520
v 2.572112 8.630659 -0.055681
v 2.572112 8.630659 0.635520
v 2.489524 8.613863 -0.055681
v 2.489524 8.613863 0.635520
v 2.406794 8.629948 -0.055681
v 2.406794 8.629948 0.635520
v 2.336517 8.676467 -0.055681
v 2.336517 8.676467 0.635520
v 2.289393 8.746340 -0.055681
v 2.289393 8.746340 0.635520
v 2.272595 8.828929 -0.055681
v 2.272595 8.828929 0.635518
v 2.288680 8.911658 -0.055681
v 2.288680 8.911658 0.635518
v 2.335201 8.981935 -0.055681
v 2.335201 8.981936 0.635518
v 2.405073 9.029060 -0.055681
v 2.405073 9.029060 0.635518
v 2.487662 9.045857 -0.055681
v 2.487662 9.045857 0.635518
v 2.570391 9.029772 -0.055681
v 2.570391 9.029772 0.635518
v 2.640668 8.983253 -0.055681
v 2.640668 8.983253 0.635518
v 2.687792 8.913378 -0.055681
v 2.687792 8.913378 0.635518
v 2.704590 8.830791 -0.055681
v 2.704590 8.830791 0.635518
v 2.688505 8.748061 -0.055681
v 2.688505 8.748061 0.635520
v 5.151005 11.259665 -0.250082
v 5.151005 11.259665 0.829917
v 5.023955 11.206395 -0.250082
v 5.023955 11.206395 0.829917
v 4.896449 11.258568 -0.250082
v 4.896449 11.258568 0.829917
v 4.843180 11.385618 -0.250082
v 4.843180 11.385618 0.829917
v 4.895352 11.513123 -0.250082
v 4.895352 11.513123 0.829917
v 5.022402 11.566392 -0.250082
v 5.022402 11.566392 0.829917
v 5.149908 11.514220 -0.250082
v 5.149908 11.514220 0.829917
v 5.203177 11.387171 -0.250082
v 5.203177 11.387171 0.829917
v 5.151005 11.259665 0.762877
v 5.151005 11.259665 0.621757
v 5.151005 11.259665 -0.041923
v 5.151005 11.259665 -0.183043
v 5.023955 11.206395 0.762877
v 5.023955 11.206395 0.621757
v 5.023955 11.206395 -0.041923
v 5.023955 11.206395 -0.183043
v 4.896449 11.258568 0.621757
v 4.896449 11.258568 0.762877
v 4.896449 11.258568 -0.041923
v 4.896449 11.258568 -0.183043
v 4.843180 11.385618 0.621757
v 4.843180 11.385618 0.762877
v 4.843180 11.385618 -0.041923
v 4.843180 11.385618 -0.183043
v 4.895352 11.513123 0.762877
v 4.895352 11.513123 0.621757
v 4.895352 11.513123 -0.041923
v 4.895352 11.513123 -0.183043
v 5.022402 11.566392 0.762877
v 5.022402 11.566392 0.621757
v 5.022402 11.566392 -0.041923
v 5.022402 11.566392 -0.183043
v 5.149908 11.514220 0.621757
v 5.149908 11.514220 0.762877
v 5.149908 11.514220 -0.183043
v 5.149908 11.514220 -0.041923
v 5.203177 11.387171 0.621757
v 5.203177 11.387171 0.762877
v 5.203177 11.387171 -0.183043
v 5.203177 11.387171 -0.041923
v 2.124413 8.806137 0.762879
v 2.125022 8.664717 0.762879
v 2.095428 8.735302 0.762879
v 2.326591 8.464880 0.762879
v 2.468011 8.465489 0.762879
v 2.397427 8.435895 0.762879
v 2.125023 8.664717 -0.183040
v 2.124413 8.806137 -0.183040
v 2.095429 8.735302 -0.183040
v 2.468011 8.465489 -0.183040
v 2.326591 8.464880 -0.183040
v 2.397428 8.435895 -0.183040
v 2.124413 8.806137 -0.041920
v 2.125022 8.664717 -0.041920
v 2.095428 8.735302 -0.041920
v 2.326591 8.464880 -0.041920
v 2.468011 8.465489 -0.041920
v 2.397427 8.435895 -0.041920
v 2.468011 8.465489 0.621760
v 2.326591 8.464880 0.621760
v 2.397427 8.435895 0.621760
v 2.125022 8.664717 0.621760
v 2.124413 8.806137 0.621760
v 2.095428 8.735302 0.621760
v 4.821799 11.706632 -0.031915
v 4.821799 11.706632 0.608963
v 5.028166 11.689771 -0.031915
v 5.028166 11.689771 0.608963
v 5.270177 11.178467 -0.031915
v 5.270177 11.178467 0.608963
v 5.152391 11.008179 -0.031915
v 5.152391 11.008179 0.608963
v 4.965241 10.919597 -0.031915
v 4.965241 10.919597 0.608963
v 4.758875 10.936457 -0.031915
v 4.758875 10.936457 0.608963
v 4.588586 11.054243 -0.031915
v 4.588586 11.054243 0.608963
v 4.500004 11.241392 -0.031915
v 4.500004 11.241392 0.608963
v 4.516864 11.447760 -0.031915
v 4.516864 11.447760 0.608962
v 4.634650 11.618050 -0.031915
v 4.634650 11.618050 0.608962
v 4.811963 11.173349 -0.031915
v 4.811963 11.173349 0.608963
v 4.909569 11.108738 -0.031915
v 4.909569 11.108738 0.608963
v 4.746512 11.270395 -0.031915
v 4.746512 11.270395 0.608963
v 4.895352 11.513123 -0.010083
v 4.896449 11.258568 -0.010083
v 4.843180 11.385618 -0.010083
v 5.022402 11.566392 -0.010083
v 4.723182 11.385100 -0.031915
v 4.723182 11.385100 0.608963
v 5.151005 11.259665 -0.010083
v 5.023955 11.206395 -0.010083
v 5.149908 11.514220 -0.010083
v 5.203177 11.387171 -0.010083
v 5.024471 11.086397 -0.031915
v 5.024471 11.086397 0.608963
v 4.745522 11.500003 -0.031915
v 4.745522 11.500003 0.608963
v 5.139178 11.109729 0.608962
v 5.139178 11.109729 -0.031915
v 4.895352 11.513123 0.589917
v 4.896449 11.258568 0.589917
v 5.023955 11.206395 0.589917
v 4.843180 11.385618 0.589917
v 5.022402 11.566392 0.589917
v 5.151005 11.259665 0.589917
v 5.149908 11.514220 0.589917
v 5.203177 11.387171 0.589917
v 5.236223 11.175179 -0.031915
v 5.236223 11.175179 0.608962
v 4.810134 11.597610 -0.031915
v 4.810134 11.597610 0.608963
v 4.907179 11.663060 0.608963
v 4.907179 11.663060 -0.031915
v 5.021885 11.686391 -0.031915
v 5.021885 11.686391 0.608963
v 4.502981 11.235102 0.608963
v 4.504756 11.231351 0.608963
v 2.713417 13.909679 0.225323
v 2.780504 13.978533 0.232987
v 2.778392 13.974478 0.287893
v 2.729948 13.924290 0.296072
v 2.687828 13.879725 0.330316
v 2.658446 13.847570 0.385410
v 2.646274 13.832720 0.452966
v 2.653165 13.837433 0.522701
v 2.678071 13.860993 0.583997
v 2.717199 13.899816 0.627522
v 2.764593 13.947988 0.646651
v 2.813037 13.998176 0.638471
v 2.855156 14.042740 0.604228
v 2.884539 14.074895 0.549134
v 2.896711 14.089746 0.481577
v 2.889819 14.085032 0.411843
v 2.864914 14.061472 0.350547
v 2.825785 14.022649 0.307021
v 2.656544 13.851310 0.218825
v 2.613228 13.802105 0.352665
v 2.596187 13.781313 0.447244
v 2.605834 13.787912 0.544872
v 2.638521 13.816711 0.687395
v 2.695394 13.875081 0.693892
v 2.762481 13.943933 0.701557
v 2.829567 14.012784 0.709221
v 2.886441 14.071155 0.715718
v 2.929757 14.120358 0.581879
v 2.946799 14.141150 0.487300
v 2.937150 14.134551 0.389671
v 2.904463 14.105753 0.247149
v 2.847590 14.047383 0.240651
v 2.682085 14.321608 0.254534
v 2.625211 14.263237 0.248036
v 2.558125 14.194386 0.240372
v 2.714772 14.350406 0.397056
v 2.724420 14.357005 0.494685
v 2.707379 14.336214 0.589264
v 2.664062 14.287009 0.723104
v 2.607189 14.228640 0.716606
v 2.540102 14.159787 0.708942
v 2.473016 14.090936 0.701277
v 2.416142 14.032566 0.694780
v 2.383456 14.003767 0.552257
v 2.373808 13.997168 0.454629
v 2.390849 14.017960 0.360050
v 2.434165 14.067164 0.226210
v 2.491038 14.125534 0.232708
v 2.443843 14.075165 0.298515
v 2.666453 14.303633 0.323947
v 2.446603 14.080462 0.226763
v 2.669213 14.308931 0.252195
v 2.428511 14.045731 0.697136
v 2.651121 14.274199 0.722568
v 2.431271 14.051029 0.625384
v 2.653881 14.279497 0.650816
v 2.184038 14.335324 0.235483
v 2.181566 14.496065 0.247256
v 2.149447 14.415277 0.240056
v 2.245595 14.561781 0.254571
v 2.406648 14.563792 0.260915
v 2.325609 14.596076 0.260182
v 2.178806 14.490767 0.319008
v 2.181278 14.330026 0.307234
v 2.146687 14.409979 0.311807
v 2.403889 14.558495 0.332666
v 2.242835 14.556481 0.326323
v 2.322850 14.590778 0.331933
v 2.168706 14.305890 0.634103
v 2.166234 14.466632 0.645877
v 2.134115 14.385844 0.638677
v 2.230263 14.532346 0.653192
v 2.391316 14.534360 0.659536
v 2.310277 14.566643 0.658802
v 2.163474 14.461334 0.717629
v 2.165946 14.300592 0.705855
v 2.131355 14.380547 0.710428
v 2.388556 14.529060 0.731287
v 2.227503 14.527048 0.724944
v 2.307518 14.561345 0.730554
v 5.777398 11.409832 0.120592
v 5.771989 11.399448 0.261225
v 5.440812 11.064388 0.082139
v 5.435403 11.054004 0.222772
v 5.425296 11.034601 0.485543
v 5.419888 11.024218 0.626176
v 5.761882 11.380046 0.523996
v 5.756474 11.369661 0.664629
v 5.514093 11.329335 0.104521
v 5.450609 11.231467 0.094852
v 5.610339 11.395401 0.113101
v 5.429554 11.116697 0.085568
v 5.724696 11.419607 0.119286
v 5.508684 11.318951 0.245154
v 5.445200 11.221083 0.235486
v 5.604930 11.385017 0.253734
v 5.424145 11.106314 0.226201
v 5.719287 11.409223 0.259920
v 5.498577 11.299548 0.507925
v 5.435093 11.201681 0.498256
v 5.594823 11.365614 0.516505
v 5.414038 11.086910 0.488972
v 5.709180 11.389820 0.522691
v 5.493168 11.289164 0.648558
v 5.429684 11.191297 0.638890
v 5.589415 11.355230 0.657138
v 5.703772 11.379436 0.663324
v 5.408629 11.076527 0.629606
v 5.939033 11.336622 0.094269
v 5.916034 11.292474 0.692201
v 6.005501 11.240379 0.089720
v 5.982503 11.196230 0.687651
v 6.030079 11.126180 0.082232
v 6.007080 11.082029 0.680164
v 6.009023 11.011410 0.072948
v 5.986025 10.967259 0.670879
v 5.945540 10.913542 0.063280
v 5.922543 10.869391 0.661211
v 5.849293 10.847477 0.054700
v 5.826295 10.803326 0.652631
v 5.734937 10.823271 0.048514
v 5.711938 10.779119 0.646445
v 5.619879 10.844608 0.045665
v 5.596881 10.800458 0.643595
v 5.521637 10.908244 0.046584
v 5.498639 10.864094 0.644515
v 5.455168 11.004487 0.051134
v 5.432170 10.960337 0.649065
v 5.430592 11.118687 0.058621
v 5.407592 11.074537 0.656552
v 5.451646 11.233458 0.067905
v 5.428647 11.189306 0.665837
v 5.515129 11.331325 0.077574
v 5.492131 11.287174 0.675505
v 5.611376 11.397390 0.086154
v 5.588377 11.353240 0.684085
v 5.725733 11.421597 0.092340
v 5.702734 11.377446 0.690271
v 5.840790 11.400257 0.095190
v 5.817792 11.356108 0.693121
v 3.536052 13.540574 0.597915
v 3.530643 13.530190 0.738548
v 3.551569 13.570360 0.194510
v 3.546160 13.559977 0.335144
v 3.214982 13.224916 0.156057
v 3.209573 13.214532 0.296690
v 3.199466 13.195129 0.559461
v 3.194057 13.184744 0.700095
v 2.613402 14.134625 0.293372
v 2.564958 14.084437 0.301552
v 2.522839 14.039873 0.335795
v 2.493457 14.007717 0.390889
v 2.481285 13.992867 0.458446
v 2.488177 13.997580 0.528180
v 2.513082 14.021141 0.589476
v 2.552210 14.059963 0.633001
v 2.599603 14.108135 0.652130
v 2.648048 14.158323 0.643951
v 2.690167 14.202888 0.609707
v 2.719549 14.235043 0.554613
v 2.731721 14.249893 0.487057
v 2.724829 14.245180 0.417322
v 2.699924 14.221619 0.356026
v 2.660796 14.182796 0.312501
v 2.939415 13.720966 0.289116
v 2.987859 13.771154 0.280936
v 2.897296 13.676402 0.323360
v 2.867913 13.644247 0.378453
v 2.855741 13.629395 0.446010
v 2.862633 13.634109 0.515744
v 2.887538 13.657672 0.577040
v 2.926667 13.696492 0.620566
v 2.974060 13.744664 0.639695
v 3.022505 13.794852 0.631515
v 3.064624 13.839417 0.597271
v 3.094006 13.871572 0.542178
v 3.106179 13.886423 0.474621
v 3.099287 13.881708 0.404887
v 3.074382 13.858148 0.343591
v 3.035253 13.819326 0.300065
v 2.986845 13.778122 0.227225
v 3.123572 13.645407 0.222684
v 3.060594 13.580162 0.233318
v 3.005839 13.522228 0.277835
v 2.967642 13.480427 0.349457
v 2.951818 13.461121 0.437280
v 2.960777 13.467247 0.527935
v 2.993155 13.497877 0.607620
v 3.044021 13.548346 0.664203
v 3.105633 13.610969 0.689071
v 3.168610 13.676213 0.678437
v 3.223366 13.734147 0.633920
v 3.261563 13.775949 0.562298
v 3.277386 13.795256 0.474475
v 3.268427 13.789127 0.383820
v 3.236050 13.758498 0.304135
v 3.185184 13.708030 0.247552
v 2.923867 13.712877 0.237859
v 2.869112 13.654944 0.282375
v 2.830915 13.613142 0.353997
v 2.815091 13.593835 0.441821
v 2.824050 13.599964 0.532476
v 2.856427 13.630593 0.612160
v 2.907294 13.681061 0.668744
v 2.968906 13.743685 0.693611
v 3.031883 13.808929 0.682977
v 3.086639 13.866862 0.638461
v 3.124836 13.908664 0.566839
v 3.140660 13.927971 0.479015
v 3.131701 13.921843 0.388360
v 3.099323 13.891213 0.308676
v 3.048456 13.840744 0.252092
v 3.488948 13.506445 0.160249
v 3.587547 13.602501 0.321653
v 3.561049 13.578938 0.212461
v 3.170152 13.174123 0.273967
v 3.280250 13.292254 0.136406
v 3.204781 13.213296 0.171759
v 3.576047 13.580425 0.620618
v 3.465949 13.462294 0.758180
v 3.541419 13.541254 0.722827
v 3.257252 13.248104 0.734337
v 3.158653 13.152047 0.572933
v 3.185150 13.175610 0.682125
v 3.329300 13.853170 0.330229
v 3.230701 13.757114 0.168825
v 3.302802 13.829609 0.221037
v 3.022004 13.542925 0.144982
v 2.911906 13.424792 0.282544
v 2.946534 13.463964 0.180335
v 3.207703 13.712963 0.766756
v 3.317801 13.831096 0.629194
v 3.283172 13.791924 0.731403
v 2.900407 13.402717 0.581509
v 2.999006 13.498774 0.742913
v 2.926904 13.426279 0.690701
v 2.202153 14.341172 0.376564
v 2.403826 14.164968 0.368776
v 2.202361 14.332286 0.583012
v 2.404035 14.156081 0.575224
v 2.402327 14.165279 0.308056
v 2.402658 14.151175 0.635753
v 2.200004 14.342052 0.315869
v 2.200336 14.327948 0.643566
v 2.484023 14.640349 0.659568
v 2.483629 14.657113 0.270094
v 2.674258 14.474138 0.652221
v 2.842876 14.477722 0.644382
v 2.842490 14.494123 0.263298
v 2.673865 14.490902 0.262748
v 2.709565 14.915223 0.280975
v 2.709959 14.898470 0.670215
v 2.994132 14.650184 0.659241
v 2.993738 14.666937 0.270001
v 2.967486 15.021917 0.562485
v 3.006630 14.986453 0.590947
v 2.973494 15.017251 0.548409
v 3.012638 14.981788 0.576871
v 3.275417 15.212690 0.367197
v 3.314560 15.177226 0.395659
v 3.281425 15.208026 0.353121
v 3.320568 15.172561 0.381582
v 3.096740 14.916857 0.370803
v 3.057596 14.952321 0.342341
v 3.090732 14.921522 0.384879
v 3.051588 14.956986 0.356417
v 2.680223 14.471601 0.588525
v 2.680615 14.468669 0.649976
v 2.680015 14.480487 0.382076
v 2.680282 14.482845 0.320601
v 2.478282 14.645440 0.658029
v 2.478550 14.647807 0.596313
v 2.478341 14.656693 0.389864
v 2.477948 14.659637 0.328175
v 3.261080 15.084134 0.560280
v 3.224118 15.114979 0.596091
v 2.712777 14.532065 0.264658
v 2.783330 14.536785 0.264790
v 3.217197 15.121578 0.583264
v 3.254158 15.090734 0.547452
v 3.096162 14.910236 0.539843
v 3.059200 14.941081 0.575655
v 3.103083 14.903637 0.552671
v 3.066121 14.934482 0.588482
v 2.712617 14.538860 0.106804
v 2.783170 14.543579 0.106936
v 2.939665 14.711147 0.344091
v 2.972130 14.679628 0.417658
v 2.828994 14.809323 0.313234
v 2.893890 14.752626 0.310639
v 2.750516 14.873231 0.426829
v 2.782946 14.848054 0.350666
v 2.782943 14.838734 0.571809
v 2.750477 14.870254 0.498242
v 2.893613 14.740559 0.602666
v 2.828717 14.797255 0.605261
v 2.972091 14.676651 0.489071
v 2.939661 14.701828 0.565234
v 3.141582 14.873211 0.425819
v 3.109117 14.904731 0.352252
v 3.063341 14.946210 0.318799
v 2.998446 15.002907 0.321394
v 2.952398 15.041636 0.358827
v 2.919968 15.066813 0.434989
v 2.919929 15.063837 0.506402
v 2.952394 15.032317 0.579970
v 2.998169 14.990838 0.613422
v 3.063065 14.934141 0.610827
v 3.109113 14.895411 0.573394
v 3.141543 14.870234 0.497232
v 3.075358 14.932141 0.403016
v 3.092728 14.915277 0.442378
v 3.013470 14.987092 0.384552
v 3.048193 14.956757 0.383164
v 2.968806 15.023536 0.447506
v 2.986157 15.010065 0.406755
v 2.986153 15.004907 0.529205
v 2.968782 15.021770 0.489844
v 3.048040 14.949956 0.547669
v 3.013318 14.980290 0.549057
v 3.092705 14.913512 0.484716
v 3.075353 14.926983 0.525466
v 3.235642 15.078543 0.449260
v 3.218271 15.095407 0.409898
v 3.218267 15.090249 0.532348
v 3.235619 15.076777 0.491598
v 3.156232 15.143557 0.555940
v 3.190953 15.113221 0.554552
v 3.111696 15.185037 0.496726
v 3.129067 15.168172 0.536088
v 3.129071 15.173330 0.413638
v 3.111719 15.186800 0.454388
v 3.191106 15.120023 0.390046
v 3.156384 15.150358 0.391435
v 2.889415 14.657978 0.269899
v 2.886691 14.698655 0.271652
v 2.588752 14.678725 0.271096
v 2.591476 14.638048 0.269342
v 2.824747 14.752777 0.274044
v 2.774237 14.769829 0.274829
v 2.690711 14.764240 0.274673
v 2.642926 14.740614 0.273705
v 2.774078 14.776621 0.116975
v 2.824587 14.759571 0.116190
v 2.642766 14.747408 0.115851
v 2.690552 14.771034 0.116819
v 2.886531 14.705450 0.113798
v 2.889256 14.664772 0.112045
v 2.591317 14.644842 0.111488
v 2.588592 14.685519 0.113242
v 2.404645 14.294822 0.174212
v 2.428659 14.322255 0.175369
v 2.346864 14.294387 0.174252
v 2.382650 14.287328 0.173912
v 2.317599 14.344164 0.176424
v 2.329371 14.309671 0.174928
v 2.346115 14.394376 0.178556
v 2.322102 14.366941 0.177400
v 2.403897 14.394810 0.178516
v 2.368111 14.401868 0.178857
v 2.433162 14.345033 0.176344
v 2.421389 14.379526 0.177841
v 2.428457 14.330855 -0.024446
v 2.404444 14.303423 -0.025603
v 2.382448 14.295928 -0.025903
v 2.346662 14.302988 -0.025563
v 2.329169 14.318272 -0.024887
v 2.317397 14.352764 -0.023391
v 2.321900 14.375542 -0.022415
v 2.345913 14.402975 -0.021259
v 2.367909 14.410469 -0.020958
v 2.403694 14.403409 -0.021298
v 2.421187 14.388126 -0.021974
v 2.432960 14.353633 -0.023470
v 2.455601 14.303858 0.174550
v 2.426486 14.270597 0.173148
v 2.380173 14.254817 0.172515
v 2.336784 14.263377 0.172927
v 2.299952 14.295559 0.174350
v 2.285679 14.337379 0.176164
v 2.295159 14.385339 0.178219
v 2.324275 14.418600 0.179621
v 2.370588 14.434380 0.180253
v 2.413976 14.425820 0.179841
v 2.450809 14.393640 0.178419
v 2.465082 14.351818 0.176604
v 2.426554 14.267703 0.240373
v 2.455669 14.300964 0.241776
v 2.336852 14.260484 0.240153
v 2.380241 14.251925 0.239741
v 2.285747 14.334485 0.243390
v 2.300020 14.292665 0.241576
v 2.324342 14.415707 0.246847
v 2.295227 14.382445 0.245445
v 2.414044 14.422927 0.247067
v 2.370656 14.431486 0.247479
v 2.465150 14.348925 0.243830
v 2.450877 14.390746 0.245645
v 2.423080 14.251813 0.579300
v 2.456794 14.290327 0.580924
v 2.334160 14.248546 0.579250
v 2.384400 14.238634 0.578772
v 2.286871 14.323848 0.582539
v 2.303398 14.275423 0.580438
v 2.328502 14.402417 0.585878
v 2.294789 14.363903 0.584255
v 2.417423 14.405685 0.585929
v 2.367182 14.415596 0.586406
v 2.464712 14.330382 0.582640
v 2.448184 14.378808 0.584741
v 2.456584 14.299241 0.373823
v 2.422871 14.260727 0.372199
v 2.384191 14.247548 0.371671
v 2.333951 14.257460 0.372148
v 2.303189 14.284336 0.373336
v 2.286661 14.332762 0.375437
v 2.294579 14.372817 0.377153
v 2.328293 14.411331 0.378777
v 2.366972 14.424510 0.379305
v 2.417213 14.414598 0.378828
v 2.447975 14.387722 0.377640
v 2.464502 14.339296 0.375539
v 3.332276 15.151776 0.444629
v 3.310521 15.172896 0.395334
v 3.273551 15.206398 0.368315
v 3.230066 15.244389 0.370054
v 3.192907 15.275642 0.400261
v 3.171176 15.292513 0.451295
v 3.171145 15.290112 0.508874
v 3.192899 15.268992 0.558170
v 3.229870 15.235491 0.585188
v 3.273355 15.197500 0.583449
v 3.310514 15.166247 0.553242
v 3.332244 15.149377 0.502208
v 3.293821 15.153817 0.394529
v 3.315575 15.132696 0.443825
v 3.256654 15.178421 0.582644
v 3.213169 15.216412 0.584383
v 3.154475 15.273433 0.450491
v 3.176206 15.256563 0.399457
v 3.315543 15.130297 0.501403
v 3.293813 15.147167 0.552438
v 3.176198 15.249913 0.557365
v 3.154444 15.271033 0.508070
v 3.213365 15.225309 0.369250
v 3.256850 15.187319 0.367511
v 3.291832 15.188679 0.409041
v 3.314548 15.166625 0.460514
v 3.229092 15.244056 0.398189
v 3.274497 15.204387 0.396373
v 3.188888 15.276402 0.465714
v 3.211578 15.258785 0.412425
v 3.211588 15.253211 0.544462
v 3.188873 15.275265 0.492989
v 3.274329 15.197834 0.555314
v 3.228923 15.237503 0.557130
v 3.314533 15.165488 0.487789
v 3.291842 15.183104 0.541078
v 3.314513 15.164036 0.522648
v 3.275200 15.164091 0.540276
v 3.297890 15.146476 0.486988
v 3.172230 15.256252 0.492187
v 3.194946 15.234199 0.543661
v 3.257855 15.185374 0.395572
v 3.212449 15.225043 0.397387
v 3.297905 15.147613 0.459713
v 3.275190 15.169666 0.408240
v 3.212281 15.218491 0.556329
v 3.257686 15.178822 0.554513
v 3.194936 15.239774 0.411624
v 3.172245 15.257389 0.464913
v 3.139228 14.976925 0.387215
v 3.266064 15.121823 0.393323
v 3.226920 15.157288 0.364861
v 3.100084 15.012388 0.358753
v 3.272072 15.117158 0.379247
v 3.145236 14.972260 0.373139
v 3.106092 15.007724 0.344677
v 3.232928 15.152622 0.350785
v 3.132114 14.983901 0.377864
v 3.263207 15.133663 0.384178
v 3.241287 15.153522 0.368239
v 3.110193 15.003760 0.361926
v 3.266572 15.131050 0.376295
v 3.135478 14.981287 0.369982
v 3.113558 15.001148 0.354043
v 3.244651 15.150910 0.360357
v 3.083076 15.142439 0.553687
v 3.122220 15.106975 0.582148
v 3.077068 15.147104 0.567763
v 3.116212 15.111641 0.596225
v 3.089212 15.137091 0.561352
v 3.209093 15.274044 0.567125
v 3.234145 15.251348 0.585340
v 3.205249 15.277031 0.576134
v 3.230300 15.254333 0.594349
v 3.110419 15.117379 0.588576
v 3.114264 15.114393 0.579567
v 3.085366 15.140077 0.570360
v 3.169229 15.049368 0.454750
v 3.159274 15.059032 0.432192
v 3.140553 15.075997 0.418510
v 3.120653 15.093382 0.419306
v 3.101844 15.109202 0.434596
v 3.091900 15.116922 0.457950
v 3.091884 15.115708 0.487084
v 3.101839 15.106043 0.509642
v 3.120560 15.089079 0.523324
v 3.140460 15.071693 0.522528
v 3.159269 15.055874 0.507238
v 3.169213 15.048153 0.483884
v 3.202460 15.108368 0.434272
v 3.212415 15.098703 0.456830
v 3.212399 15.097489 0.485964
v 3.202455 15.105209 0.509318
v 3.183646 15.121029 0.524608
v 3.163746 15.138414 0.525403
v 3.145025 15.155378 0.511722
v 3.135070 15.165043 0.489163
v 3.135086 15.166259 0.460030
v 3.145030 15.158538 0.436676
v 3.163839 15.142718 0.421386
v 3.183738 15.125332 0.420590
v 2.712697 14.535463 0.185731
v 2.783250 14.540182 0.185863
v 2.886611 14.702052 0.192725
v 2.889335 14.661375 0.190972
v 2.591397 14.641445 0.190415
v 2.588672 14.682122 0.192169
v 2.824667 14.756174 0.195117
v 2.774158 14.773224 0.195902
v 2.642846 14.744011 0.194778
v 2.690631 14.767637 0.195746
vn 0.1951 -0.0000 0.9808
vn -0.1951 -0.0000 0.9808
vn 0.9808 -0.0000 -0.1951
vn 0.9808 -0.0000 0.1951
vn -0.0000 1.0000 -0.0000
vn -0.9808 -0.0000 0.1951
vn -0.9808 -0.0000 -0.1951
vn -0.1951 -0.0000 -0.9808
vn 0.1951 -0.0000 -0.9808
vn -0.3827 -0.0000 0.9239
vn -0.9239 -0.0000 0.3827
vn -0.3827 -0.0000 -0.9239
vn -0.9239 -0.0000 -0.3827
vn 0.9239 -0.0000 -0.3827
vn 0.3827 -0.0000 -0.9239
vn 0.3827 -0.0000 0.9239
vn 0.9239 -0.0000 0.3827
vn -0.0000 -1.0000 -0.0000
vn -0.0000 -0.0000 -1.0000
vn 0.7071 -0.0000 -0.7071
vn 1.0000 -0.0000 -0.0000
vn 0.7071 -0.0000 0.7071
vn -0.0000 -0.0000 1.0000
vn -0.7071 -0.0000 0.7071
vn -1.0000 -0.0000 -0.0000
vn -0.7071 -0.0000 -0.7071
vn -0.5556 -0.0000 -0.8315
vn -0.8315 -0.0000 0.5556
vn -0.3597 0.7621 0.5384
vn 0.5556 -0.0000 0.8315
vn 0.8315 -0.0000 -0.5556
vn 0.3597 0.7621 -0.5384
vn 0.5384 0.7621 0.3597
vn -0.5384 0.7621 -0.3597
vn -0.8315 -0.0000 -0.5556
vn -0.5556 -0.0000 0.8315
vn 0.8315 -0.0000 0.5556
vn 0.5556 -0.0000 -0.8315
vn -0.0188 0.9997 -0.0126
vn -0.0126 0.9997 0.0188
vn 0.0188 0.9997 0.0126
vn 0.0126 0.9997 -0.0188
vn -0.8339 0.5520 -0.0000
vn -0.7101 0.7041 -0.0000
vn 0.7101 -0.7041 -0.0000
vn 0.5592 -0.8291 -0.0000
vn -0.5520 -0.8339 -0.0000
vn -0.8291 -0.5591 -0.0000
vn 0.7040 0.7102 -0.0000
vn -0.8291 -0.5592 -0.0000
vn -0.0043 1.0000 -0.0000
vn 1.0000 0.0043 -0.0000
vn 0.7102 -0.7040 -0.0000
vn 0.3867 -0.9222 -0.0000
vn 0.0043 -1.0000 -0.0000
vn -0.3787 -0.9255 -0.0000
vn -0.7040 -0.7102 -0.0000
vn -0.7041 -0.7101 -0.0000
vn -0.9222 -0.3867 -0.0000
vn -1.0000 -0.0043 -0.0000
vn -0.9255 0.3787 -0.0000
vn -0.7102 0.7040 -0.0000
vn -0.3867 0.9222 -0.0000
vn 0.3787 0.9255 -0.0000
vn 0.7041 0.7101 -0.0000
vn 0.9222 0.3867 -0.0000
vn 0.9255 -0.3787 -0.0000
vn 0.8224 -0.5689 -0.0000
vn 0.6472 -0.7623 -0.0000
vn 0.1793 -0.9838 -0.0000
vn -0.0814 -0.9967 -0.0000
vn -0.9039 -0.4278 -0.0000
vn -0.9967 0.0814 -0.0000
vn -0.9416 0.3366 -0.0000
vn -0.8224 0.5689 -0.0000
vn -0.4278 0.9039 -0.0000
vn -0.1793 0.9838 -0.0000
vn 0.0814 0.9967 -0.0000
vn -0.0964 0.9953 -0.0000
vn 0.4739 -0.8806 -0.0000
vn -0.5689 -0.8224 -0.0000
vn -0.7623 -0.6472 -0.0000
vn 0.6957 0.7140 0.0795
vn -0.7174 0.6963 0.0238
vn -0.7173 0.6963 0.0238
vn -0.0383 -0.0736 0.9966
vn -0.6957 -0.7140 -0.0795
vn 0.0383 0.0736 -0.9966
vn -0.3965 0.9165 0.0524
vn 0.3682 0.9261 0.0825
vn -0.9172 -0.3931 -0.0643
vn -0.9290 0.3701 -0.0084
vn 0.3682 0.9261 0.0826
vn -0.9172 -0.3932 -0.0643
vn -0.0010 0.0430 -0.9991
vn 0.7527 -0.6580 -0.0220
vn -0.6577 -0.7494 -0.0757
vn -0.6576 -0.7532 0.0124
vn 0.0668 -0.9968 -0.0430
vn 0.5567 -0.8299 -0.0363
vn -0.4411 -0.8967 -0.0381
vn -0.8307 -0.5562 -0.0231
vn 0.0110 -0.0598 0.9981
vn 0.0120 -0.0616 0.9980
vn 0.0015 -0.0425 0.9991
vn -0.0002 0.0416 -0.9991
vn -0.0003 0.0417 -0.9991
vn -0.6583 -0.7521 -0.0317
vn 0.0192 -0.9989 -0.0430
vn 0.7527 -0.6577 -0.0291
vn 0.6583 0.7521 0.0317
vn 0.0010 -0.0430 0.9991
vn -0.7527 0.6577 0.0291
vn 0.7527 -0.6574 -0.0362
vn -0.7527 0.6580 0.0220
vn -0.7527 0.6574 0.0362
vn -0.0001 -0.0451 0.9990
vn -0.0002 -0.0449 0.9990
vn -0.0003 -0.0445 0.9990
vn -0.0020 0.0405 -0.9992
vn 0.1942 -0.1290 -0.9724
vn 0.5327 -0.4357 -0.7256
vn 0.5327 -0.4356 -0.7256
vn 0.5326 -0.4357 -0.7256
vn -0.5343 0.4966 -0.6840
vn -0.1977 0.2134 -0.9568
vn -0.7272 0.6463 -0.2310
vn -0.7272 0.6246 0.2847
vn 0.7272 -0.6246 -0.2847
vn 0.7273 -0.6463 0.2310
vn -0.7273 0.6463 -0.2310
vn 0.5344 -0.4966 0.6840
vn 0.1977 -0.2134 0.9568
vn 0.7272 -0.6463 0.2310
vn -0.1942 0.1290 0.9724
vn -0.5327 0.4357 0.7256
vn -0.5344 0.4966 -0.6840
vn 0.5343 -0.4966 0.6840
vn 0.9978 0.0667 0.0019
vn -0.9978 -0.0667 -0.0019
vn -0.9978 -0.0668 -0.0019
vn -0.6098 0.7918 0.0347
vn -0.2601 0.9647 0.0418
vn -0.5326 0.4357 0.7256
vn 0.6583 0.7521 0.0318
vn 0.4988 0.8659 0.0368
vn 0.1292 0.9907 0.0425
vn 0.0488 -0.1281 0.9906
vn 0.0026 0.0365 -0.9993
vn 0.6583 0.7521 0.0309
vn 0.6584 0.7520 0.0317
vn 0.6583 0.7521 0.0316
vn -0.0000 -0.0455 0.9990
vn -0.0020 0.0407 -0.9992
vn -0.0023 0.0415 -0.9991
vn -0.0021 0.0406 -0.9992
vn 0.3827 0.9239 -0.0000
vn 0.7071 0.7071 -0.0000
vn 0.9239 0.3827 -0.0000
vn 0.9990 0.0454 -0.0000
vn 0.9986 -0.0528 -0.0000
vn -0.9986 -0.0528 -0.0000
vn -0.9990 0.0454 -0.0000
vn -0.9239 0.3827 -0.0000
vn -0.7071 0.7071 -0.0000
vn -0.0001 -0.0000 1.0000
vn -0.3827 0.9239 -0.0000
vn 0.0001 -0.0000 1.0000
vn 0.4936 0.4838 0.7227
vn 0.7100 0.3424 -0.6154
vn 0.5446 0.5817 -0.6041
vn 0.6589 0.2444 0.7114
vn 0.7711 0.0583 -0.6341
vn 0.7201 -0.0397 0.6928
vn 0.7187 -0.2272 -0.6571
vn 0.6677 -0.3251 0.6697
vn 0.5608 -0.4706 -0.6812
vn 0.5098 -0.5686 0.6456
vn 0.3214 -0.6349 -0.7025
vn 0.2704 -0.7329 0.6243
vn 0.0370 -0.6951 -0.7179
vn -0.0141 -0.7931 0.6089
vn -0.2492 -0.6421 -0.7250
vn -0.3003 -0.7400 0.6018
vn -0.4936 -0.4838 -0.7227
vn -0.5446 -0.5818 0.6041
vn -0.6589 -0.2444 -0.7114
vn -0.7099 -0.3424 0.6154
vn -0.7200 0.0397 -0.6928
vn -0.7711 -0.0583 0.6341
vn -0.6677 0.3251 -0.6697
vn -0.7187 0.2272 0.6572
vn -0.5098 0.5686 -0.6456
vn -0.5608 0.4706 0.6812
vn -0.2704 0.7329 -0.6243
vn -0.3214 0.6349 0.7025
vn 0.0141 0.7931 -0.6089
vn -0.0370 0.6952 0.7179
vn 0.3003 0.7400 -0.6018
vn 0.2492 0.6421 0.7250
vn -0.8975 0.4406 0.0199
vn -0.0668 0.9968 0.0430
vn -0.5567 0.8299 0.0363
vn 0.8307 0.5562 0.0231
vn 0.4411 0.8967 0.0381
vn 0.9978 0.0668 0.0019
vn 0.8975 -0.4406 -0.0199
vn 0.3755 -0.2916 -0.8798
vn -0.6524 0.5911 -0.4744
vn -0.6524 0.5911 -0.4743
vn -0.3755 0.2916 0.8798
vn 0.6524 -0.5911 0.4744
vn 0.6524 -0.5911 0.4743
vn 0.7173 -0.6963 -0.0238
vn 0.7174 -0.6963 -0.0238
vn -0.6748 -0.6859 -0.2724
vn 0.6613 0.6912 -0.2913
vn 0.6332 0.6373 0.4392
vn -0.6898 -0.7146 0.1165
vn 0.6748 0.6859 0.2724
vn -0.6613 -0.6912 0.2913
vn -0.6332 -0.6373 -0.4392
vn 0.6898 0.7146 -0.1165
vn 0.4326 -0.4125 0.8017
vn -0.4326 0.4125 -0.8017
vn 0.6160 -0.5141 -0.5968
vn 0.6160 -0.5141 -0.5969
vn -0.6160 0.5141 0.5969
vn 0.6524 -0.5910 0.4744
vn 0.6584 0.7520 0.0316
vn -0.6525 0.5912 -0.4741
vn 0.4326 -0.4124 0.8017
vn -0.3755 0.2916 0.8797
vn -0.6521 0.5908 -0.4750
vn -0.0667 0.9968 0.0430
vn -0.4411 -0.8967 -0.0382
vn 0.6558 0.7543 0.0327
vn 0.6557 0.7544 0.0309
vn 0.6564 0.7539 0.0293
vn 0.6564 0.7538 0.0293
vn 0.6557 0.7544 0.0308
vn 0.6565 0.7536 0.0343
vn 0.6564 0.7536 0.0342
vn 0.6609 0.7498 0.0325
vn 0.6609 0.7498 0.0326
vn 0.6602 0.7503 0.0341
vn 0.6577 0.7528 0.0283
vn 0.6602 0.7506 0.0291
vn 0.6590 0.7516 0.0283
vn 0.6577 0.7525 0.0351
vn 0.6576 0.7528 0.0284
vn 0.6590 0.7513 0.0351
vn 0.6576 0.7525 0.0351
vn 0.6602 0.7505 0.0292
vn 0.6609 0.7499 0.0307
vn -0.0011 0.0430 -0.9991
vn -0.0010 0.0431 -0.9991
vn 0.8307 0.5563 0.0231
vn -0.7937 0.0323 -0.6075
vn -0.0346 0.7717 0.6350
vn -0.0260 -0.9754 -0.2191
vn -0.9923 -0.0697 0.1028
vn -0.9811 -0.0483 -0.1874
vn 0.5508 -0.4135 0.7250
vn -0.6069 0.3058 0.7336
vn 0.3482 -0.6213 0.7019
vn -0.4043 0.5136 0.7568
vn -0.0491 0.8712 -0.4885
vn -0.3482 0.6213 -0.7019
vn 0.4043 -0.5136 -0.7568
vn -0.5508 0.4135 -0.7251
vn 0.0372 0.9968 -0.0710
vn 0.9811 0.0483 0.1874
vn 0.9923 0.0697 -0.1028
vn 0.0096 0.8567 -0.5157
vn 0.6379 0.6427 0.4243
vn 0.6648 0.6943 -0.2755
vn 0.6648 0.6944 -0.2755
vn -0.8379 -0.0527 0.5432
vn -0.6379 -0.6427 -0.4243
vn -0.6648 -0.6943 0.2755
vn -0.5376 0.5908 -0.6017
vn -0.6628 0.3333 -0.6705
vn -0.7051 0.4172 -0.5734
vn -0.3737 0.7573 -0.5355
vn -0.1212 0.8838 -0.4519
vn -0.2782 0.7280 -0.6266
vn -0.8318 0.1545 -0.5331
vn -0.8508 0.2631 -0.4550
vn -0.4684 0.5347 -0.7033
vn -0.9497 0.0255 -0.3120
vn -0.9524 0.1519 -0.2645
vn -0.9945 0.1005 -0.0308
vn -0.9986 -0.0341 -0.0409
vn -0.9709 -0.0152 0.2389
vn -0.9706 0.1168 0.2103
vn -0.8710 0.0793 0.4849
vn -0.8845 0.1983 0.4223
vn -0.7140 0.2351 0.6595
vn -0.7492 0.3326 0.5728
vn 0.3016 0.3412 -0.8903
vn 0.5190 0.5569 -0.6485
vn -0.1522 0.9731 -0.1730
vn 0.6574 0.6878 -0.3079
vn -0.1705 0.9380 0.3017
vn 0.6280 0.6315 0.4548
vn 0.4648 0.4528 0.7609
vn -0.4178 0.6727 0.6107
vn 0.2308 0.2052 0.9511
vn -0.5853 0.4991 0.6390
vn -0.3016 -0.3412 0.8903
vn -0.5190 -0.5569 0.6485
vn -0.6574 -0.6878 0.3079
vn -0.6280 -0.6315 -0.4548
vn -0.4648 -0.4528 -0.7609
vn -0.2308 -0.2052 -0.9511
vn -0.5238 0.4284 0.7363
vn -0.3294 0.6298 0.7034
vn -0.1604 0.8086 0.5660
vn -0.0425 0.9377 0.3450
vn 0.0064 0.9972 0.0739
vn -0.0213 0.9783 -0.2059
vn -0.2384 0.8916 -0.3850
vn -0.1284 0.9894 0.0681
vn -0.2721 0.8268 0.4923
vn 0.0260 0.9754 0.2191
vn 0.8130 -0.0873 0.5757
vn -0.0913 0.7904 0.6057
vn 0.0492 -0.8712 0.4884
vn -0.8551 0.0065 0.5185
vn 0.8551 -0.0065 -0.5185
vn 0.0913 -0.7904 -0.6057
vn -0.8130 0.0873 -0.5757
vn 0.6069 -0.3058 -0.7336
vn -0.0372 -0.9968 0.0710
vt 0.137046 0.774263
vt 0.174826 0.707327
vt 0.175448 0.773904
vt 0.133831 0.429874
vt 0.171612 0.362938
vt 0.172233 0.429515
vt 0.103558 0.561683
vt 0.126956 0.681827
vt 0.006396 0.660676
vt 0.135974 0.659467
vt 0.173755 0.592530
vt 0.174376 0.659108
vt 0.134902 0.544670
vt 0.172683 0.477734
vt 0.173305 0.544312
vt 0.136424 0.707685
vt 0.174601 0.683218
vt 0.136199 0.683576
vt 0.135127 0.568780
vt 0.173530 0.568421
vt 0.135353 0.592889
vt 0.134056 0.453983
vt 0.172458 0.453625
vt 0.134281 0.478093
vt 0.137271 0.798372
vt 0.175673 0.798014
vt 0.137496 0.822482
vt 0.271539 0.560115
vt 0.294936 0.680259
vt 0.206120 0.265816
vt 0.190699 0.283868
vt 0.190699 0.265816
vt 0.206120 0.283868
vt 0.190699 0.301919
vt 0.206120 0.301919
vt 0.190699 0.319971
vt 0.206120 0.319971
vt 0.190699 0.338023
vt 0.206120 0.338023
vt 0.190699 0.356074
vt 0.206120 0.356074
vt 0.190699 0.374126
vt 0.206120 0.374126
vt 0.190699 0.392177
vt 0.206120 0.392177
vt 0.190699 0.410229
vt 0.206120 0.410229
vt 0.190699 0.428280
vt 0.206120 0.428280
vt 0.190699 0.446332
vt 0.206120 0.446332
vt 0.190699 0.464384
vt 0.206120 0.464384
vt 0.190699 0.482435
vt 0.206120 0.482435
vt 0.190699 0.500487
vt 0.206120 0.500487
vt 0.190699 0.518538
vt 0.206120 0.518538
vt 0.190699 0.536590
vt 0.206120 0.536590
vt 0.190699 0.554642
vt 0.300277 0.221770
vt 0.270920 0.140260
vt 0.300277 0.140260
vt 0.329634 0.221770
vt 0.329634 0.140260
vt 0.232095 0.197909
vt 0.199160 0.136912
vt 0.232075 0.126588
vt 0.178839 0.028623
vt 0.260349 -0.000735
vt 0.260349 0.028623
vt 0.178839 0.057980
vt 0.260349 0.057980
vt 0.178839 0.087337
vt 0.260349 0.087337
vt 0.135972 0.316915
vt 0.103851 0.274559
vt 0.142382 0.274548
vt 0.301090 0.057980
vt 0.219580 0.087337
vt 0.219580 0.057980
vt 0.301090 0.028623
vt 0.219580 0.028623
vt 0.301090 -0.000735
vt 0.219580 -0.000735
vt 0.234287 0.199748
vt 0.201352 0.138751
vt 0.234266 0.128427
vt 0.270138 0.221403
vt 0.240781 0.139894
vt 0.270138 0.139893
vt 0.299496 0.221403
vt 0.299496 0.139893
vt 0.328853 0.221403
vt 0.328853 0.139893
vt 0.109535 0.317816
vt 0.141632 0.275441
vt 0.135223 0.317808
vt 0.270920 0.221770
vt 0.241563 0.140260
vt 0.198411 0.137805
vt 0.149060 0.225160
vt 0.149034 0.136722
vt 0.233537 0.200641
vt 0.200603 0.139644
vt 0.233517 0.129320
vt 0.231346 0.198802
vt 0.231325 0.127481
vt 0.133031 0.315969
vt 0.100910 0.273613
vt 0.139441 0.273602
vt 0.108093 0.315083
vt 0.140190 0.272709
vt 0.133780 0.315076
vt 0.091238 0.136738
vt 0.151251 0.226999
vt 0.093429 0.138577
vt 0.151226 0.138561
vt 0.149809 0.224267
vt 0.091987 0.135845
vt 0.149784 0.135829
vt 0.152001 0.226106
vt 0.094179 0.137684
vt 0.151975 0.137668
vt 0.103101 0.275452
vt 0.101659 0.272720
vt 0.044054 0.139689
vt 0.093455 0.227015
vt 0.044079 0.228127
vt 0.042611 0.136956
vt 0.092012 0.224283
vt 0.042636 0.225395
vt 0.041862 0.137850
vt 0.091263 0.225176
vt 0.041887 0.226288
vt 0.008962 0.198866
vt 0.011154 0.200705
vt 0.009711 0.197973
vt 0.011903 0.199812
vt 0.044803 0.138796
vt 0.044828 0.227234
vt 0.094204 0.226122
vt 0.201338 0.091130
vt 0.234255 0.090023
vt 0.133209 0.363296
vt 0.005774 0.594099
vt 0.014792 0.571738
vt 0.036981 0.562304
vt 0.125918 0.570701
vt 0.104768 0.691261
vt 0.038190 0.691882
vt 0.015830 0.682864
vt 0.175898 0.822123
vt 0.182773 0.570170
vt 0.204961 0.560736
vt 0.293899 0.569133
vt 0.303333 0.591321
vt 0.303955 0.657898
vt 0.272748 0.689693
vt 0.206171 0.690315
vt 0.183811 0.681296
vt 0.206120 0.554642
vt 0.199186 0.225350
vt 0.178839 -0.000735
vt 0.110285 0.316922
vt 0.301090 0.087337
vt 0.201377 0.227189
vt 0.240781 0.221403
vt 0.241563 0.221770
vt 0.198436 0.226243
vt 0.200628 0.228082
vt 0.107344 0.315976
vt 0.008941 0.127545
vt 0.011133 0.129384
vt 0.009691 0.126652
vt 0.011883 0.128491
vt 0.046828 0.461009
vt 0.046828 0.157667
vt 0.073616 0.164646
vt 0.083291 0.454278
vt 0.073442 0.164895
vt 0.083291 0.164895
vt 0.117058 0.164895
vt 0.126907 0.454278
vt 0.117058 0.454278
vt 0.083465 0.484522
vt 0.073616 0.464713
vt 0.083465 0.464713
vt 0.117232 0.454030
vt 0.127081 0.164646
vt 0.127081 0.454030
vt 0.083465 0.454030
vt 0.083465 0.164646
vt 0.127081 0.154776
vt 0.117232 0.134967
vt 0.127081 0.134967
vt 0.090269 0.461257
vt 0.083291 0.484771
vt 0.073442 0.464961
vt 0.083291 0.464961
vt 0.126907 0.125347
vt 0.117058 0.135216
vt 0.117058 0.125347
vt 0.117232 0.154777
vt 0.127081 0.125097
vt 0.117232 0.125097
vt 0.126907 0.155025
vt 0.126907 0.164895
vt 0.126907 0.135216
vt 0.087145 0.484830
vt 0.122878 0.480473
vt 0.122878 0.484830
vt 0.087145 0.480473
vt 0.122878 0.476116
vt 0.087145 0.476116
vt 0.122878 0.471759
vt 0.087145 0.471759
vt 0.122878 0.467402
vt 0.087145 0.467402
vt 0.122878 0.463045
vt 0.087145 0.532756
vt 0.122878 0.528399
vt 0.122878 0.532756
vt 0.087145 0.528399
vt 0.122878 0.524042
vt 0.087145 0.524042
vt 0.122878 0.519686
vt 0.087145 0.519685
vt 0.122878 0.515329
vt 0.087145 0.515329
vt 0.122878 0.510972
vt 0.087145 0.510972
vt 0.122878 0.506615
vt 0.087145 0.506615
vt 0.122878 0.502258
vt 0.087145 0.502258
vt 0.122878 0.497901
vt 0.087145 0.497901
vt 0.122878 0.493544
vt 0.087145 0.493544
vt 0.122878 0.489187
vt 0.087145 0.489187
vt 0.057061 0.038700
vt 0.068931 0.044477
vt 0.057061 0.044477
vt 0.103538 0.052377
vt 0.091668 0.049633
vt 0.103538 0.049633
vt 0.091931 0.038640
vt 0.103801 0.044417
vt 0.091931 0.044417
vt 0.068931 0.038700
vt 0.080801 0.044477
vt 0.072826 0.049802
vt 0.084696 0.052546
vt 0.072826 0.052546
vt 0.080061 0.044417
vt 0.080061 0.038640
vt 0.080801 0.038700
vt 0.092671 0.044477
vt 0.096566 0.049802
vt 0.084696 0.049802
vt 0.068191 0.044417
vt 0.068191 0.038640
vt 0.104541 0.038700
vt 0.092671 0.038700
vt 0.108436 0.049802
vt 0.096566 0.052546
vt 0.056321 0.044417
vt 0.056321 0.038640
vt 0.116411 0.038700
vt 0.104541 0.044477
vt 0.044451 0.044417
vt 0.044451 0.038640
vt 0.128281 0.044477
vt 0.116411 0.044477
vt 0.044188 0.052377
vt 0.032318 0.049633
vt 0.044188 0.049633
vt 0.032581 0.044417
vt 0.032581 0.038640
vt 0.084172 0.130312
vt 0.073261 0.103970
vt 0.099603 0.093058
vt 0.033321 0.038700
vt 0.045191 0.044477
vt 0.033321 0.044477
vt 0.127278 0.052377
vt 0.115408 0.049633
vt 0.127278 0.049633
vt 0.127541 0.038640
vt 0.115671 0.044417
vt 0.115671 0.038640
vt 0.045191 0.038700
vt 0.060956 0.052546
vt 0.049086 0.049802
vt 0.060956 0.049802
vt 0.103801 0.038640
vt 0.099740 0.129955
vt 0.073398 0.119043
vt 0.084309 0.092701
vt 0.073616 0.454030
vt 0.083465 0.459371
vt 0.073616 0.459371
vt 0.083291 0.495454
vt 0.073442 0.490112
vt 0.083291 0.490112
vt 0.073442 0.484771
vt 0.073616 0.495205
vt 0.083465 0.489863
vt 0.083465 0.495205
vt 0.073616 0.489864
vt 0.073442 0.454278
vt 0.083291 0.459620
vt 0.073442 0.459620
vt -0.002734 0.058292
vt 0.036350 0.070598
vt -0.002640 0.070889
vt -0.002546 0.083486
vt 0.036444 0.083195
vt -0.002452 0.096083
vt 0.036720 0.120310
vt 0.036725 0.120895
vt -0.002264 0.121276
vt 0.036599 0.134238
vt -0.002382 0.133870
vt -0.002501 0.146465
vt 0.036480 0.146832
vt -0.002620 0.159059
vt 0.089189 0.070066
vt 0.072594 0.086322
vt 0.067351 0.070066
vt 0.091668 0.052377
vt 0.079798 0.049633
vt 0.109182 0.142560
vt 0.090087 0.153675
vt 0.096666 0.145432
vt 0.115408 0.052377
vt 0.067928 0.052377
vt 0.079798 0.052377
vt 0.078837 0.043236
vt 0.093081 0.039944
vt 0.093081 0.043236
vt 0.056058 0.052377
vt 0.067928 0.049633
vt 0.056058 0.049633
vt 0.083158 0.079933
vt 0.095363 0.078072
vt 0.037216 0.052546
vt 0.049086 0.052546
vt 0.037519 0.099898
vt 0.064188 0.120461
vt 0.037519 0.121736
vt 0.070578 0.131025
vt 0.048438 0.140649
vt 0.080524 0.138340
vt 0.067351 0.151569
vt 0.092512 0.141291
vt 0.089189 0.151569
vt 0.104717 0.139431
vt 0.108102 0.140649
vt 0.062328 0.108256
vt 0.065280 0.096268
vt 0.048438 0.080985
vt 0.107348 0.081034
vt 0.062737 0.113373
vt 0.065606 0.125928
vt 0.037181 0.098770
vt 0.064948 0.100694
vt 0.048982 0.079302
vt 0.071843 0.089826
vt 0.068937 0.068343
vt 0.091698 0.068830
vt 0.082372 0.082424
vt 0.094932 0.079615
vt 0.107611 0.081826
vt 0.083968 0.143279
vt 0.067309 0.153294
vt 0.047773 0.141575
vt 0.073061 0.136430
vt 0.036718 0.121644
vt 0.036242 0.172021
vt -0.002739 0.171653
vt 0.036240 0.055926
vt 0.036256 0.058001
vt 0.036232 0.172701
vt 0.111166 0.080631
vt 0.036538 0.095792
vt -0.002358 0.108680
vt 0.071572 0.458965
vt 0.066637 0.461009
vt 0.041893 0.458965
vt 0.039849 0.454030
vt 0.039849 0.164646
vt 0.066637 0.157667
vt 0.073616 0.484522
vt 0.117232 0.164646
vt 0.090270 0.157916
vt 0.110079 0.157916
vt 0.115013 0.459213
vt 0.110079 0.461257
vt 0.085335 0.459213
vt 0.117058 0.155025
vt 0.087145 0.463046
vt 0.108436 0.052546
vt 0.128281 0.038700
vt 0.032318 0.052377
vt 0.110514 0.103970
vt 0.110514 0.119401
vt 0.099603 0.130312
vt 0.073261 0.119401
vt 0.084172 0.093058
vt 0.127541 0.044417
vt 0.099740 0.092701
vt 0.110652 0.103612
vt 0.110652 0.119043
vt 0.084309 0.129955
vt 0.073398 0.103612
vt 0.073442 0.495454
vt 0.036632 0.108389
vt 0.036361 0.159427
vt 0.110004 0.142616
vt 0.078837 0.039944
vt 0.037216 0.049802
vt 0.108102 0.080985
vt -0.002750 0.056217
vt -0.002750 0.172333
vt 0.355705 0.237792
vt 0.295105 0.328071
vt 0.280266 0.313231
vt 0.391665 0.201832
vt 0.425475 0.197701
vt 0.406504 0.216672
vt 0.458262 0.161182
vt 0.518862 0.070903
vt 0.533701 0.085743
vt 0.422302 0.197142
vt 0.388492 0.201273
vt 0.407462 0.182302
vt 0.557949 0.107683
vt 0.547523 0.053769
vt 0.583119 0.018173
vt 0.291933 0.327512
vt 0.352532 0.237233
vt 0.367372 0.252072
vt 0.557949 0.106662
vt 0.547523 0.052747
vt 0.583119 0.017152
vt 0.546801 0.055378
vt 0.582397 0.019782
vt 0.696705 0.119718
vt 0.546801 0.051138
vt 0.582397 0.015542
vt 0.696705 0.115478
vt 0.373685 0.219812
vt 0.388525 0.234652
vt 0.461435 0.161741
vt 0.428615 0.164882
vt 0.446595 0.146902
vt 0.443455 0.179721
vt 0.410635 0.182862
vt 0.440282 0.179162
vt 0.425442 0.164322
vt 0.385352 0.234092
vt 0.370512 0.219253
vt 0.403332 0.216113
vt 0.522034 0.071463
vt 0.370545 0.252632
vt 0.443422 0.146343
vt 0.697427 0.018173
vt 0.697427 0.118109
vt 0.583119 0.118109
vt 0.547523 0.082513
vt 0.557949 0.028599
vt 0.277093 0.312672
vt 0.697427 0.017152
vt 0.697427 0.117087
vt 0.583119 0.117087
vt 0.547523 0.081492
vt 0.557949 0.027577
vt 0.582397 0.119718
vt 0.557227 0.109292
vt 0.546801 0.084122
vt 0.557227 0.030208
vt 0.696705 0.019782
vt 0.582397 0.115478
vt 0.557227 0.105052
vt 0.546801 0.079883
vt 0.557227 0.025968
vt 0.696705 0.015542
vt 0.536874 0.086302
vt 0.818999 0.778579
vt 0.914116 0.629338
vt 0.914250 0.778493
vt 0.819558 0.776844
vt 0.797985 0.627646
vt 0.819560 0.626737
vt 0.914250 0.607743
vt 0.818864 0.629424
vt 0.818692 0.607829
vt 0.915119 0.626737
vt 0.819713 0.605144
vt 0.914965 0.605144
vt 0.962003 0.951947
vt 0.995228 0.927786
vt 0.995228 0.951947
vt 0.962003 0.973785
vt 0.995228 0.997947
vt 0.962003 0.997947
vt 0.891213 0.476628
vt 0.812319 0.505639
vt 0.812040 0.418794
vt 0.811243 0.242324
vt 0.890323 0.270676
vt 0.890586 0.328813
vt 0.949127 0.418229
vt 0.890991 0.418491
vt 0.987917 0.416256
vt 0.948723 0.328551
vt 0.987521 0.328509
vt 0.724791 0.329561
vt 0.672336 0.417680
vt 0.671940 0.329934
vt 0.811636 0.329170
vt 0.702434 0.776609
vt 0.702733 0.627455
vt 0.895523 0.477370
vt 0.939836 0.465060
vt 0.928300 0.509248
vt 0.797126 0.778598
vt 0.701562 0.778493
vt 0.680153 0.629259
vt 0.701730 0.628386
vt 0.680476 0.776565
vt 0.681162 0.626459
vt 0.797289 0.628491
vt 0.915121 0.776844
vt 0.626731 0.450373
vt 0.578989 0.473778
vt 0.578989 0.450373
vt 0.507357 0.230394
vt 0.494830 0.202378
vt 0.507357 0.202378
vt 0.517136 0.287214
vt 0.532565 0.270977
vt 0.532565 0.287214
vt 0.517136 0.217712
vt 0.532565 0.234161
vt 0.517136 0.234161
vt 0.517136 0.180764
vt 0.532565 0.164103
vt 0.532565 0.180764
vt 0.507357 0.173801
vt 0.494830 0.145344
vt 0.507357 0.145344
vt 0.507357 0.344240
vt 0.494830 0.315784
vt 0.507357 0.315784
vt 0.507357 0.116716
vt 0.494830 0.088480
vt 0.507357 0.088480
vt 0.517136 0.004110
vt 0.532565 0.020771
vt 0.517136 0.020771
vt 0.507357 0.059955
vt 0.494830 0.031939
vt 0.507357 0.031939
vt 0.507357 0.287155
vt 0.494830 0.258919
vt 0.507357 0.258919
vt 0.517136 0.057719
vt 0.532565 0.074168
vt 0.517136 0.074168
vt 0.638821 0.473778
vt 0.638821 0.450373
vt 0.756065 0.473778
vt 0.743975 0.450373
vt 0.756065 0.450373
vt 0.719595 0.473778
vt 0.703799 0.450373
vt 0.719595 0.450373
vt 0.494830 0.287155
vt 0.494830 0.116716
vt 0.507357 0.003361
vt 0.494830 0.003361
vt 0.494830 0.230394
vt 0.517136 0.110984
vt 0.532565 0.127221
vt 0.517136 0.127221
vt 0.532565 0.217712
vt 0.532565 0.324096
vt 0.532565 0.110984
vt 0.517136 0.164103
vt 0.517136 0.270977
vt 0.532565 0.057719
vt 0.489613 0.131072
vt 0.829839 0.948499
vt 0.844705 0.974433
vt 0.818216 0.955939
vt 0.829839 0.935019
vt 0.912270 0.918134
vt 0.912270 0.935361
vt 0.897404 0.909427
vt 0.923894 0.956377
vt 0.909606 0.981126
vt 0.897350 0.974683
vt 0.818216 0.927483
vt 0.844759 0.909178
vt 0.885292 0.888814
vt 0.885921 0.902702
vt 0.856135 0.902609
vt 0.856766 0.888726
vt 0.832504 0.902734
vt 0.856189 0.981159
vt 0.832453 0.980776
vt 0.885974 0.981251
vt 0.856818 0.995046
vt 0.885343 0.995134
vt 0.909657 0.903084
vt 0.912270 0.948841
vt 0.923894 0.927921
vt 0.663201 0.450373
vt 0.663201 0.473778
vt 0.678997 0.473778
vt 0.743975 0.473778
vt 0.558039 0.473778
vt 0.678997 0.450373
vt 0.703799 0.473778
vt 0.803807 0.450373
vt 0.803807 0.473778
vt 0.797685 0.776800
vt 0.962003 0.927786
vt 0.995228 0.973785
vt 0.865200 0.505469
vt 0.864095 0.242086
vt 0.725195 0.419186
vt 0.913902 0.509248
vt 0.902576 0.502709
vt 0.895483 0.490423
vt 0.902746 0.465036
vt 0.914112 0.458521
vt 0.928510 0.458521
vt 0.946929 0.477346
vt 0.946889 0.490400
vt 0.939666 0.502733
vt 0.679605 0.778412
vt 0.626731 0.473778
vt 0.494830 0.173801
vt 0.494830 0.344240
vt 0.532565 0.004110
vt 0.494830 0.059955
vt 0.517136 0.324096
vt 0.558039 0.450373
vt 0.215273 0.397490
vt 0.242840 0.382682
vt 0.242840 0.397490
vt 0.215273 0.382682
vt 0.242840 0.367874
vt 0.215273 0.367874
vt 0.242840 0.353066
vt 0.215273 0.353066
vt 0.242840 0.338258
vt 0.215273 0.338258
vt 0.242840 0.310849
vt 0.082749 0.751077
vt 0.097524 0.702885
vt 0.097524 0.751077
vt 0.094401 0.920835
vt 0.017398 0.891788
vt 0.097719 0.891788
vt 0.065510 0.748880
vt 0.047270 0.699360
vt 0.065946 0.699129
vt 0.107397 0.702885
vt 0.107396 0.751077
vt 0.096997 0.375052
vt 0.019051 0.342924
vt 0.019051 0.375052
vt 0.092912 0.920835
vt 0.015909 0.891788
vt 0.096229 0.891788
vt 0.215273 0.484131
vt 0.242840 0.456721
vt 0.242840 0.484131
vt 0.215273 0.456721
vt 0.242840 0.441913
vt 0.215273 0.441913
vt 0.242840 0.427105
vt 0.226645 0.920835
vt 0.204414 0.974506
vt 0.204171 0.942966
vt 0.096229 0.974506
vt 0.128612 0.974264
vt 0.150742 0.978666
vt 0.215273 0.427105
vt 0.242840 0.412298
vt 0.215273 0.412298
vt 0.181278 0.990960
vt 0.097719 0.974507
vt 0.152232 0.978666
vt 0.181278 0.850710
vt 0.222357 0.891788
vt 0.193124 0.879942
vt 0.096997 0.444365
vt 0.019051 0.432518
vt 0.019051 0.444365
vt 0.096997 0.432518
vt 0.019051 0.420672
vt 0.096997 0.408825
vt 0.019051 0.408825
vt 0.019051 0.396979
vt 0.096997 0.396979
vt 0.085027 0.698933
vt 0.084278 0.750914
vt 0.017398 0.949882
vt 0.017398 0.920835
vt 0.101299 0.698952
vt 0.098986 0.750931
vt 0.015909 0.867163
vt 0.096229 0.867163
vt 0.109196 0.698933
vt 0.110572 0.751919
vt 0.097719 0.949882
vt 0.019051 0.513677
vt 0.096997 0.491750
vt 0.019051 0.491750
vt 0.019051 0.479904
vt 0.096997 0.479904
vt 0.019051 0.468057
vt 0.096997 0.468057
vt 0.019051 0.456211
vt 0.096997 0.456211
vt 0.079580 0.751590
vt 0.055251 0.815956
vt 0.066445 0.815483
vt 0.053974 0.824672
vt 0.044816 0.812409
vt 0.082195 0.818889
vt 0.077076 0.810921
vt 0.085794 0.802407
vt 0.068339 0.824334
vt 0.040570 0.820096
vt 0.029537 0.811135
vt 0.036313 0.805365
vt 0.022103 0.798647
vt 0.030807 0.795544
vt 0.093983 0.808435
vt 0.091191 0.790388
vt 0.029214 0.783856
vt 0.019234 0.783620
vt 0.102150 0.793236
vt 0.091793 0.775964
vt 0.032028 0.770640
vt 0.021598 0.750802
vt 0.087012 0.761615
vt 0.039857 0.759217
vt 0.031889 0.750746
vt 0.051609 0.751543
vt 0.080104 0.751932
vt 0.047284 0.750838
vt 0.090932 0.751038
vt 0.097719 0.867163
vt 0.130101 0.867406
vt 0.047893 0.751077
vt 0.065321 0.749086
vt 0.052043 0.751728
vt 0.078600 0.751728
vt 0.033118 0.751077
vt 0.040786 0.759249
vt 0.023246 0.751077
vt 0.089857 0.759250
vt 0.082749 0.825860
vt 0.078600 0.815842
vt 0.089857 0.808321
vt 0.033264 0.770506
vt 0.097379 0.770507
vt 0.110863 0.783785
vt 0.019779 0.783785
vt 0.030623 0.783785
vt 0.100020 0.783785
vt 0.023246 0.801213
vt 0.107396 0.801213
vt 0.033264 0.797064
vt 0.097379 0.797064
vt 0.040786 0.808321
vt 0.033118 0.815988
vt 0.097524 0.815988
vt 0.047893 0.825860
vt 0.052043 0.815842
vt 0.065321 0.818484
vt 0.065321 0.829327
vt 0.015909 0.949882
vt 0.015909 0.920835
vt 0.082749 0.702885
vt 0.215273 0.524291
vt 0.031538 0.699549
vt 0.017398 0.867163
vt 0.047893 0.702885
vt 0.065321 0.702885
vt 0.096229 0.949882
vt 0.017398 0.850710
vt 0.097719 0.850710
vt 0.033118 0.702885
vt 0.096997 0.545806
vt 0.096997 0.513677
vt 0.096229 0.990960
vt 0.015909 0.974506
vt 0.215273 0.310849
vt 0.242840 0.270688
vt 0.097719 0.990960
vt 0.017398 0.974506
vt 0.015909 0.850710
vt 0.096229 0.850710
vt 0.179789 0.850710
vt 0.172873 0.867406
vt 0.150742 0.863004
vt 0.096997 0.342924
vt 0.208573 0.920835
vt 0.220868 0.949882
vt 0.191635 0.961727
vt 0.172873 0.974264
vt 0.179789 0.990960
vt 0.150742 0.996738
vt 0.097314 0.942966
vt 0.109850 0.961727
vt 0.210063 0.920835
vt 0.205660 0.898704
vt 0.228135 0.920835
vt 0.222357 0.949882
vt 0.205903 0.974506
vt 0.152231 0.996738
vt 0.205660 0.942966
vt 0.098803 0.942966
vt 0.111339 0.961727
vt 0.193124 0.961727
vt 0.130101 0.974264
vt 0.174362 0.974264
vt 0.174362 0.867406
vt 0.205903 0.867163
vt 0.096997 0.420672
vt 0.098803 0.898704
vt 0.152231 0.844932
vt 0.111339 0.879942
vt 0.152232 0.863004
vt 0.242840 0.524291
vt 0.021061 0.699659
vt 0.023246 0.702885
vt 0.019051 0.545806
vt 0.015909 0.990960
vt 0.215273 0.270688
vt 0.017398 0.990960
vt 0.097314 0.898704
vt 0.150742 0.844932
vt 0.109850 0.879942
vt 0.204414 0.867163
vt 0.220868 0.891788
vt 0.204171 0.898704
vt 0.128611 0.867406
vt 0.191635 0.879942
vt 0.607413 0.036614
vt 0.603145 0.014733
vt 0.607413 0.014733
vt 0.603145 0.036614
vt 0.598876 0.014733
vt 0.598876 0.036614
vt 0.594607 0.014733
vt 0.594607 0.036614
vt 0.590339 0.014733
vt 0.590339 0.036614
vt 0.586070 0.014733
vt 0.586070 0.036614
vt 0.581802 0.014733
vt 0.581802 0.036614
vt 0.577533 0.014733
vt 0.577533 0.036614
vt 0.573264 0.014733
vt 0.573264 0.036614
vt 0.568996 0.014733
vt 0.637294 0.036614
vt 0.633025 0.014733
vt 0.637294 0.014733
vt 0.633025 0.036614
vt 0.628757 0.014733
vt 0.628757 0.036614
vt 0.624488 0.014733
vt 0.624488 0.036614
vt 0.620219 0.014733
vt 0.620219 0.036614
vt 0.615951 0.014733
vt 0.615951 0.036614
vt 0.611682 0.014733
vt 0.611682 0.036614
vt 0.568996 0.036614
vt 0.929180 0.609372
vt 0.990595 0.621480
vt 0.929180 0.621480
vt 0.929181 0.745772
vt 0.990595 0.757879
vt 0.929181 0.757879
vt 0.929181 0.718492
vt 0.990595 0.730599
vt 0.929181 0.730599
vt 0.929181 0.691212
vt 0.990595 0.703319
vt 0.929181 0.703319
vt 0.929181 0.676040
vt 0.990595 0.663932
vt 0.990595 0.676040
vt 0.929180 0.648760
vt 0.990595 0.636652
vt 0.990595 0.648760
vt 0.961280 0.946844
vt 0.928054 0.922682
vt 0.961280 0.922682
vt 0.961280 0.830683
vt 0.928054 0.854844
vt 0.928054 0.830683
vt 0.961280 0.900844
vt 0.928054 0.876682
vt 0.961280 0.876682
vt 0.908920 0.552420
vt 0.991114 0.582047
vt 0.908920 0.582047
vt 0.908920 0.589947
vt 0.582489 0.317517
vt 0.562160 0.244308
vt 0.582489 0.244308
vt 0.716648 0.317517
vt 0.696319 0.244308
vt 0.716648 0.244308
vt 0.671754 0.317517
vt 0.651774 0.244308
vt 0.671754 0.244308
vt 0.627253 0.317517
vt 0.607098 0.244308
vt 0.627253 0.244308
vt 0.805912 0.317517
vt 0.785932 0.244308
vt 0.805912 0.244308
vt 0.761412 0.317517
vt 0.741257 0.244308
vt 0.761411 0.244308
vt 0.608687 0.822261
vt 0.616587 0.851888
vt 0.608687 0.851888
vt 0.592237 0.963953
vt 0.628612 0.993580
vt 0.592237 0.993580
vt 0.652963 0.889415
vt 0.616587 0.859788
vt 0.652963 0.859788
vt 0.628612 0.918525
vt 0.592237 0.926426
vt 0.592237 0.918525
vt 0.616587 0.897316
vt 0.652963 0.897316
vt 0.803807 0.426967
vt 0.678997 0.426967
vt 0.578989 0.426967
vt 0.719595 0.426967
vt 0.743975 0.426967
vt 0.562160 0.317517
vt 0.537595 0.244308
vt 0.785932 0.317517
vt 0.741257 0.317517
vt 0.696319 0.317517
vt 0.651774 0.317517
vt 0.607098 0.317517
vt 0.695109 0.917171
vt 0.675457 0.894803
vt 0.700162 0.894726
vt 0.649450 0.981720
vt 0.637244 0.960729
vt 0.659301 0.953721
vt 0.680403 0.974121
vt 0.700055 0.996489
vt 0.675350 0.996566
vt 0.726062 0.909572
vt 0.708967 0.925115
vt 0.882102 0.885206
vt 0.836291 0.810139
vt 0.903840 0.799880
vt 0.663201 0.426967
vt 0.928054 0.784683
vt 0.961280 0.762844
vt 0.961280 0.784683
vt 0.928054 0.968682
vt 0.961280 0.968682
vt 0.961280 0.854844
vt 0.961280 0.808844
vt 0.928054 0.808844
vt 0.830149 0.564803
vt 0.835887 0.574741
vt 0.814149 0.566716
vt 0.826230 0.587641
vt 0.814149 0.544878
vt 0.929181 0.663932
vt 0.990595 0.594200
vt 0.929180 0.594200
vt 0.929180 0.636652
vt 0.628612 0.956053
vt 0.628612 0.963953
vt 0.652963 0.851888
vt 0.628612 0.926426
vt 0.616587 0.822261
vt 0.660863 0.822261
vt 0.652963 0.822261
vt 0.991114 0.544519
vt 0.991114 0.552420
vt 0.908920 0.514892
vt 0.991114 0.514892
vt 0.901020 0.544519
vt 0.908920 0.544519
vt 0.680462 0.917217
vt 0.666605 0.925217
vt 0.695049 0.974075
vt 0.708907 0.966075
vt 0.649557 0.909756
vt 0.659301 0.937777
vt 0.738268 0.930563
vt 0.716210 0.937571
vt 0.637244 0.930930
vt 0.738268 0.960362
vt 0.716210 0.953515
vt 0.725955 0.981536
vt 0.666545 0.966177
vt 0.830149 0.546791
vt 0.845142 0.513034
vt 0.835887 0.536853
vt 0.826230 0.523953
vt 0.888216 0.523953
vt 0.878559 0.536853
vt 0.862960 0.527848
vt 0.845142 0.598560
vt 0.851485 0.583746
vt 0.851485 0.527848
vt 0.869304 0.598560
vt 0.869304 0.513034
vt 0.862960 0.583746
vt 0.900297 0.566716
vt 0.888216 0.587641
vt 0.878559 0.574741
vt 0.900297 0.544878
vt 0.884296 0.546791
vt 0.884296 0.564803
vt 0.584336 0.963953
vt 0.584336 0.993580
vt 0.703799 0.426967
vt 0.756065 0.426967
vt 0.626731 0.426967
vt 0.638821 0.426967
vt 0.990595 0.609372
vt 0.990595 0.745772
vt 0.990595 0.718492
vt 0.990595 0.691212
vt 0.928054 0.946844
vt 0.928054 0.900844
vt 0.991114 0.589947
vt 0.616587 0.889415
vt 0.558039 0.426967
vt 0.537595 0.317517
vt 0.921617 0.817656
vt 0.921617 0.874948
vt 0.911358 0.885206
vt 0.864589 0.877952
vt 0.843545 0.856907
vt 0.836291 0.839395
vt 0.846549 0.799880
vt 0.928054 0.762844
vt 0.592237 0.956053
vt 0.660863 0.851888
vt 0.901020 0.514892
vt 0.044789 0.091175
vt 0.042598 0.089336
vt 0.044040 0.092068
vt 0.041848 0.090229
vt 0.151962 0.090047
vt 0.200589 0.092023
vt 0.151213 0.090940
vt 0.199147 0.089291
vt 0.149770 0.088208
vt 0.094165 0.090064
vt 0.091973 0.088225
vt 0.093416 0.090957
vt 0.091224 0.089118
vt 0.149021 0.089101
vt 0.198397 0.090184
vt 0.231314 0.089077
vt 0.233506 0.090917
vt 0.241563 0.096370
vt 0.270920 0.096370
vt 0.299496 0.096004
vt 0.328853 0.096004
vt 0.270138 0.096004
vt 0.240781 0.096004
vt 0.175690 0.028623
vt 0.175690 -0.000735
vt 0.175690 0.057980
vt 0.175690 0.087337
vt 0.304239 0.057980
vt 0.304239 0.087337
vt 0.304239 0.028623
vt 0.304239 -0.000735
vt 0.232064 0.088184
vt 0.300277 0.096370
vt 0.329634 0.096370
vt 0.011872 0.090087
vt 0.009680 0.088248
vt 0.011122 0.090980
vt 0.008930 0.089141
vt 0.414083 0.020191
vt 0.394006 0.009194
vt 0.414083 0.005200
vt 0.440583 0.031167
vt 0.463030 0.037589
vt 0.448707 0.043325
vt 0.440583 0.084166
vt 0.463030 0.077745
vt 0.463030 0.094766
vt 0.414084 0.095142
vt 0.394006 0.106139
vt 0.399742 0.092290
vt 0.379460 0.043325
vt 0.365137 0.057667
vt 0.365137 0.037589
vt 0.387584 0.031167
vt 0.399742 0.023043
vt 0.434161 0.009194
vt 0.463030 0.020567
vt 0.448707 0.072008
vt 0.463030 0.057667
vt 0.434161 0.106139
vt 0.414084 0.110133
vt 0.387584 0.084166
vt 0.365137 0.077745
vt 0.379460 0.072008
vt 0.365137 0.020567
vt 0.428425 0.023043
vt 0.451559 0.057667
vt 0.428425 0.092290
vt 0.360949 0.270723
vt 0.401924 0.282747
vt 0.387449 0.297222
vt 0.376608 0.057667
vt 0.365137 0.094766
vt 0.434161 0.010684
vt 0.434161 0.107629
vt 0.365137 0.079234
vt 0.312776 0.318896
vt 0.353472 0.331198
vt 0.339275 0.345396
vt 0.286543 0.345129
vt 0.325078 0.359593
vt 0.313042 0.371629
vt 0.298579 0.333093
vt 0.537138 0.094534
vt 0.541697 0.142974
vt 0.515198 0.116474
vt 0.464307 0.167365
vt 0.512746 0.171924
vt 0.490806 0.193865
vt 0.438073 0.193598
vt 0.450376 0.234295
vt 0.423876 0.207796
vt 0.389900 0.241772
vt 0.375425 0.256247
vt 0.326973 0.304699
vt 0.365508 0.319162
vt 0.500722 0.130949
vt 0.486247 0.145425
vt 0.452271 0.179401
vt 0.464573 0.220098
vt 0.411840 0.219831
vt 0.416399 0.268271
vt 0.339009 0.292663
vt 0.527222 0.157449
vt 0.478770 0.205901
vt 0.438340 0.246331
vt 0.365137 0.039078
vt 0.365137 0.022057
vt 0.394006 0.010684
vt 0.414084 0.006690
vt 0.463030 0.022057
vt 0.463030 0.039078
vt 0.463030 0.059156
vt 0.365137 0.059156
vt 0.463030 0.079234
vt 0.463030 0.096255
vt 0.414083 0.111622
vt 0.394006 0.107629
vt 0.365137 0.096255
vt 0.563638 0.121033
vt 0.694918 0.553132
vt 0.687018 0.523505
vt 0.694918 0.523505
vt 0.694918 0.561032
vt 0.813426 0.590659
vt 0.694918 0.590659
vt 0.813426 0.553132
vt 0.813426 0.523505
vt 0.694918 0.598560
vt 0.813426 0.561032
vt 0.687018 0.501767
vt 0.785346 0.497342
vt 0.785346 0.501767
vt 0.785346 0.518358
vt 0.687018 0.522782
vt 0.687018 0.518358
vt 0.687018 0.480751
vt 0.785346 0.480751
vt 0.583686 0.914547
vt 0.598318 0.898963
vt 0.603200 0.901804
vt 0.574761 0.816516
vt 0.555477 0.907992
vt 0.555471 0.816517
vt 0.579910 0.907991
vt 0.579904 0.816516
vt 0.599193 0.816516
vt 0.687018 0.553132
vt 0.813426 0.598560
vt 0.687018 0.497342
vt 0.785346 0.522782
vt 0.574767 0.907991
vt 0.603987 0.816560
vt 0.703212 0.935314
vt 0.692293 0.968139
vt 0.669325 0.942270
vt 0.745623 0.945876
vt 0.816728 0.954138
vt 0.745623 0.954138
vt 0.745623 0.903415
vt 0.816728 0.911677
vt 0.745623 0.911677
vt 0.745623 0.890447
vt 0.816728 0.882185
vt 0.816728 0.890447
vt 0.745623 0.924646
vt 0.816728 0.932908
vt 0.745623 0.932908
vt 0.745623 0.967107
vt 0.816728 0.975368
vt 0.745623 0.975369
vt 0.611886 0.352316
vt 0.599433 0.416633
vt 0.599433 0.352316
vt 0.559724 0.352316
vt 0.547170 0.416633
vt 0.547170 0.352316
vt 0.664198 0.352316
vt 0.651846 0.416633
vt 0.651846 0.352316
vt 0.533454 0.352316
vt 0.521001 0.416633
vt 0.521001 0.352316
vt 0.638155 0.352316
vt 0.625601 0.416633
vt 0.625601 0.352316
vt 0.994395 0.872300
vt 0.962003 0.858007
vt 0.994395 0.858007
vt 0.994395 0.817689
vt 0.962003 0.803291
vt 0.994395 0.803291
vt 0.994395 0.790191
vt 0.962003 0.775898
vt 0.994395 0.775898
vt 0.994395 0.899799
vt 0.962003 0.885401
vt 0.994395 0.885401
vt 0.796537 0.803056
vt 0.780657 0.789351
vt 0.799488 0.789292
vt 0.994395 0.912876
vt 0.962003 0.927063
vt 0.962003 0.912876
vt 0.533454 0.416633
vt 0.638155 0.416633
vt 0.585766 0.352316
vt 0.585766 0.416633
vt 0.573415 0.416633
vt 0.573415 0.352316
vt 0.507335 0.352316
vt 0.611886 0.416633
vt 0.745623 0.988337
vt 0.816728 0.869216
vt 0.745623 0.882185
vt 0.745623 0.869216
vt 0.816728 0.996599
vt 0.745623 0.996599
vt 0.962003 0.830767
vt 0.994395 0.830767
vt 0.994395 0.762844
vt 0.962003 0.872300
vt 0.962003 0.790191
vt 0.962003 0.899799
vt 0.962003 0.844954
vt 0.773368 0.808991
vt 0.762840 0.799637
vt 0.783579 0.803096
vt 0.817305 0.799505
vt 0.806748 0.808909
vt 0.799412 0.862455
vt 0.796489 0.848710
vt 0.806700 0.842815
vt 0.766902 0.820111
vt 0.762763 0.852300
vt 0.753450 0.836284
vt 0.766902 0.831859
vt 0.813167 0.819946
vt 0.753450 0.815785
vt 0.826619 0.836021
vt 0.826619 0.815521
vt 0.813167 0.831695
vt 0.817229 0.852168
vt 0.773320 0.842897
vt 0.780580 0.862513
vt 0.783531 0.848750
vt 0.673341 0.935314
vt 0.684260 0.929010
vt 0.692293 0.929010
vt 0.707228 0.942270
vt 0.707228 0.954879
vt 0.703212 0.961835
vt 0.684260 0.968139
vt 0.673341 0.961835
vt 0.669325 0.954879
vt 0.816728 0.945876
vt 0.816728 0.903415
vt 0.816728 0.924646
vt 0.816728 0.967107
vt 0.559724 0.416633
vt 0.664198 0.416633
vt 0.962003 0.817689
vt 0.994395 0.927063
vt 0.507335 0.416633
vt 0.816728 0.988337
vt 0.962003 0.762844
vt 0.994395 0.844954
vt 0.945445 0.148636
vt 0.879277 0.880651
vt 0.862039 0.863413
vt 0.759513 0.880651
vt 0.759513 0.131398
vt 0.825680 0.148636
vt 0.862040 0.148636
vt 0.879278 0.131398
vt 0.928207 0.131398
vt 0.945444 0.863413
vt 0.940395 0.875602
vt 0.928206 0.880651
vt 0.867088 0.875602
vt 0.825680 0.863413
vt 0.820631 0.875602
vt 0.808442 0.880651
vt 0.747324 0.875602
vt 0.742275 0.863413
vt 0.742275 0.148636
vt 0.808442 0.131398
vt 0.580852 0.146243
vt 0.654403 0.833258
vt 0.628151 0.827709
vt 0.556250 0.098026
vt 0.676256 0.087072
vt 0.675217 0.091635
vt 0.557193 0.073165
vt 0.675612 0.059977
vt 0.674674 0.064508
vt 0.545290 0.056720
vt 0.536160 0.045764
vt 0.545290 0.045764
vt 0.520640 0.032070
vt 0.531595 0.041199
vt 0.520640 0.041199
vt 0.531595 0.032070
vt 0.548517 0.028842
vt 0.549855 0.032070
vt 0.560810 0.041199
vt 0.549855 0.041199
vt 0.549855 0.025082
vt 0.560810 0.015953
vt 0.560810 0.025082
vt 0.629694 0.112102
vt 0.643987 0.102551
vt 0.653538 0.116845
vt 0.630084 0.112301
vt 0.644378 0.102750
vt 0.653929 0.117044
vt 0.557340 0.054040
vt 0.679987 0.048462
vt 0.679987 0.054040
vt 0.557124 0.053931
vt 0.679770 0.048875
vt 0.679746 0.054452
vt 0.556784 0.078691
vt 0.680912 0.075517
vt 0.680800 0.081157
vt 0.557105 0.078806
vt 0.681243 0.075104
vt 0.681154 0.080745
vt 0.532927 0.141943
vt 0.460758 0.829304
vt 0.434016 0.833977
vt 0.551144 0.078535
vt 0.550610 0.097870
vt 0.551762 0.053997
vt 0.670009 0.105863
vt 0.673857 0.105126
vt 0.672638 0.106952
vt 0.667164 0.105863
vt 0.663315 0.105126
vt 0.666735 0.103710
vt 0.676475 0.107745
vt 0.674649 0.108965
vt 0.670437 0.103710
vt 0.677892 0.111165
vt 0.675738 0.111594
vt 0.675738 0.114439
vt 0.677891 0.114867
vt 0.676475 0.118287
vt 0.674650 0.117068
vt 0.673858 0.120904
vt 0.672638 0.119079
vt 0.670438 0.122321
vt 0.670009 0.120168
vt 0.649919 0.016570
vt 0.647358 0.035606
vt 0.647358 0.016570
vt 0.652480 0.016570
vt 0.649919 0.035606
vt 0.655042 0.035606
vt 0.655042 0.016570
vt 0.657603 0.016570
vt 0.660164 0.035606
vt 0.660164 0.016570
vt 0.662725 0.016570
vt 0.665286 0.035606
vt 0.665286 0.016570
vt 0.667848 0.035606
vt 0.667848 0.016570
vt 0.670409 0.016570
vt 0.672970 0.035606
vt 0.672970 0.016570
vt 0.675531 0.016570
vt 0.678092 0.035606
vt 0.678092 0.016570
vt 0.680653 0.016570
vt 0.642236 0.035606
vt 0.639675 0.016570
vt 0.642236 0.016570
vt 0.644797 0.016570
vt 0.669494 0.037595
vt 0.673194 0.045317
vt 0.669494 0.045317
vt 0.676893 0.037595
vt 0.676893 0.045317
vt 0.680593 0.037595
vt 0.680593 0.045317
vt 0.621401 0.037595
vt 0.625101 0.045317
vt 0.621401 0.045317
vt 0.628800 0.037595
vt 0.628800 0.045317
vt 0.632500 0.045317
vt 0.632500 0.037595
vt 0.636199 0.045317
vt 0.636199 0.037595
vt 0.639899 0.045317
vt 0.639899 0.037595
vt 0.643598 0.045317
vt 0.643598 0.037595
vt 0.647298 0.045317
vt 0.647298 0.037595
vt 0.650997 0.045317
vt 0.654696 0.037595
vt 0.654696 0.045317
vt 0.658396 0.045317
vt 0.662095 0.037595
vt 0.662095 0.045317
vt 0.665795 0.045317
vt 0.665795 0.037595
vt 0.664535 0.106952
vt 0.660698 0.107744
vt 0.661435 0.111592
vt 0.662523 0.108963
vt 0.659281 0.114865
vt 0.659282 0.111164
vt 0.662524 0.117066
vt 0.661435 0.114437
vt 0.663316 0.120904
vt 0.660698 0.118286
vt 0.667164 0.120168
vt 0.664535 0.119078
vt 0.666736 0.122321
vt 0.531595 0.025082
vt 0.520640 0.028576
vt 0.520640 0.025082
vt 0.531595 0.028576
vt 0.532666 0.056720
vt 0.532666 0.045764
vt 0.529173 0.045764
vt 0.560810 0.028576
vt 0.549855 0.028576
vt 0.548783 0.056720
vt 0.549855 0.044693
vt 0.560810 0.044693
vt 0.549855 0.070414
vt 0.532932 0.073642
vt 0.536160 0.056720
vt 0.579290 0.847266
vt 0.566549 0.865538
vt 0.691746 0.147570
vt 0.688723 0.858776
vt 0.676532 0.848430
vt 0.601776 0.832628
vt 0.678494 0.100209
vt 0.681646 0.102481
vt 0.678963 0.083255
vt 0.676003 0.096248
vt 0.678082 0.072920
vt 0.678212 0.056150
vt 0.675542 0.069053
vt 0.532932 0.044427
vt 0.532932 0.028842
vt 0.536160 0.027505
vt 0.545290 0.027505
vt 0.548517 0.044427
vt 0.560810 0.032070
vt 0.549855 0.015953
vt 0.651723 0.121227
vt 0.648369 0.124581
vt 0.643987 0.126396
vt 0.639244 0.126396
vt 0.634862 0.124581
vt 0.631509 0.121227
vt 0.629694 0.116845
vt 0.631509 0.107720
vt 0.634862 0.104366
vt 0.639244 0.102551
vt 0.648369 0.104366
vt 0.651723 0.107720
vt 0.653538 0.112102
vt 0.652114 0.121425
vt 0.648760 0.124779
vt 0.644378 0.126594
vt 0.639635 0.126594
vt 0.635253 0.124779
vt 0.631899 0.121425
vt 0.630084 0.117044
vt 0.631899 0.107919
vt 0.635253 0.104565
vt 0.639635 0.102750
vt 0.648760 0.104565
vt 0.652114 0.107919
vt 0.653929 0.112301
vt 0.557340 0.048462
vt 0.557148 0.048354
vt 0.556896 0.073051
vt 0.397997 0.866867
vt 0.420752 0.139323
vt 0.521681 0.861431
vt 0.509466 0.850825
vt 0.487253 0.835220
vt 0.411098 0.848528
vt 0.551615 0.073122
vt 0.652480 0.035606
vt 0.657603 0.035606
vt 0.662725 0.035606
vt 0.670409 0.035606
vt 0.675531 0.035606
vt 0.680653 0.035606
vt 0.639675 0.035606
vt 0.644797 0.035606
vt 0.673194 0.037595
vt 0.625101 0.037595
vt 0.650997 0.037595
vt 0.658396 0.037595
vt 0.529173 0.056720
vt 0.548783 0.045764
vt 0.548517 0.058057
vt 0.549855 0.061285
vt 0.548517 0.073642
vt 0.545290 0.074979
vt 0.536160 0.074979
vt 0.531595 0.070414
vt 0.531595 0.061285
vt 0.532932 0.058057
s 1
g off
g Brazo_SpacialRoverExploreralumWhite
usemtl SpacialRoverExploreralumWhite
f 168/1/1 153/2/2 166/3/1
s 2
f 174/4/3 165/5/4 172/6/3
s 3
f 162/7/5 158/8/5 169/9/5
s 4
f 156/10/6 159/11/7 154/12/6
s 5
f 162/13/8 171/14/9 160/15/8
s 1
f 157/16/2 155/17/10 153/2/2
s 4
f 158/18/11 154/12/6 155/17/11
s 5
f 160/15/8 164/19/12 162/13/8
s 4
f 161/20/13 163/21/7 164/19/13
s 2
f 172/6/3 176/22/14 174/4/3
s 5
f 173/23/15 175/24/9 176/22/15
s 1
f 166/3/1 170/25/16 168/1/1
s 2
f 167/26/17 169/27/4 170/25/17
s 6
f 171/28/18 167/29/18 154/12/18
s 7
f 177/30/19 194/31/15 193/32/19
f 178/33/15 195/34/20 194/31/15
f 179/35/20 196/36/14 195/34/20
f 180/37/14 197/38/21 196/36/14
f 181/39/21 198/40/17 197/38/21
f 182/41/17 199/42/22 198/40/17
f 183/43/22 200/44/16 199/42/22
f 184/45/16 201/46/23 200/44/16
f 185/47/23 202/48/10 201/46/23
f 186/49/10 203/50/24 202/48/10
f 187/51/24 204/52/11 203/50/24
f 188/53/11 205/54/25 204/52/11
f 189/55/25 206/56/13 205/54/25
f 190/57/13 207/58/26 206/56/13
f 191/59/26 208/60/12 207/58/26
f 192/61/12 193/62/19 208/60/12
s 8
f 240/63/12 288/64/19 287/65/12
f 239/66/27 287/65/12 286/67/27
s 9
f 230/68/15 291/69/15 277/70/15
s 10
f 237/71/25 285/72/7 284/73/25
f 236/74/11 284/73/25 283/75/11
f 235/76/28 283/75/11 282/77/28
s 11
f 226/78/29 244/79/29 241/80/29
s 12
f 233/81/23 281/82/2 280/83/23
f 232/84/16 280/83/23 279/85/16
f 231/86/30 279/85/16 278/87/30
s 13
f 226/88/13 289/89/13 273/90/13
s 14
f 229/91/21 277/92/4 276/93/21
f 228/94/14 276/93/21 275/95/14
f 227/96/31 275/95/14 274/97/31
s 15
f 235/98/32 249/99/32 234/100/32
s 8
f 225/101/19 273/102/9 288/64/19
s 16
f 295/103/10 269/104/10 303/105/10
s 17
f 234/106/17 293/107/17 281/108/17
s 16
f 238/109/10 295/103/10 285/110/10
s 18
f 238/111/33 256/112/33 253/113/33
s 19
f 231/114/34 245/115/34 230/116/34
s 20
f 269/104/35 304/117/35 303/105/35
s 21
f 265/118/36 302/119/36 301/120/36
s 22
f 261/121/37 300/122/37 299/123/37
s 23
f 257/124/38 298/125/38 297/126/38
s 9
f 291/69/15 261/121/15 299/123/15
s 24
f 256/112/39 269/104/39 253/113/39
s 25
f 252/127/40 265/118/40 249/99/40
s 17
f 293/107/17 265/118/17 301/120/17
s 26
f 248/128/41 261/121/41 245/115/41
s 13
f 289/89/13 257/124/13 297/126/13
s 27
f 244/79/42 257/124/42 241/80/42
s 28
f 294/129/26 268/130/26 252/131/26
s 29
f 292/132/24 264/133/24 248/134/24
s 30
f 296/135/20 272/136/20 256/137/20
f 239/138/20 296/135/20 256/137/20
s 28
f 235/139/26 294/129/26 252/131/26
s 29
f 231/140/24 292/132/24 248/134/24
s 31
f 227/141/22 290/142/22 244/143/22
f 290/142/22 260/144/22 244/143/22
s 13
f 273/90/13 242/145/13 210/146/13
s 1
f 168/1/1 157/16/2 153/2/2
s 2
f 174/4/3 169/147/4 165/5/4
s 3
f 169/9/5 174/148/5 176/149/5
f 176/149/5 175/150/5 162/7/5
f 162/7/5 164/151/5 163/21/5
f 163/21/5 156/10/5 158/8/5
f 158/8/5 157/152/5 168/153/5
f 168/153/5 170/154/5 169/9/5
f 169/9/5 176/149/5 162/7/5
f 162/7/5 163/21/5 158/8/5
f 158/8/5 168/153/5 169/9/5
s 4
f 156/10/6 163/21/7 159/11/7
s 5
f 162/13/8 175/24/9 171/14/9
s 1
f 157/16/2 158/18/10 155/17/10
s 4
f 158/18/11 156/10/6 154/12/6
s 5
f 160/15/8 161/20/12 164/19/12
s 4
f 161/20/13 159/11/7 163/21/7
s 2
f 172/6/3 173/23/14 176/22/14
s 5
f 173/23/15 171/14/9 175/24/9
s 1
f 166/3/1 167/26/16 170/25/16
s 2
f 167/26/17 165/155/4 169/27/4
s 6
f 154/12/18 159/11/18 161/156/18
f 161/156/18 160/157/18 171/28/18
f 171/28/18 173/158/18 172/159/18
f 172/159/18 165/160/18 167/29/18
f 167/29/18 166/161/18 153/162/18
f 153/162/18 155/163/18 154/12/18
f 154/12/18 161/156/18 171/28/18
f 171/28/18 172/159/18 167/29/18
f 167/29/18 153/162/18 154/12/18
s 7
f 177/30/19 178/33/15 194/31/15
f 178/33/15 179/35/20 195/34/20
f 179/35/20 180/37/14 196/36/14
f 180/37/14 181/39/21 197/38/21
f 181/39/21 182/41/17 198/40/17
f 182/41/17 183/43/22 199/42/22
f 183/43/22 184/45/16 200/44/16
f 184/45/16 185/47/23 201/46/23
f 185/47/23 186/49/10 202/48/10
f 186/49/10 187/51/24 203/50/24
f 187/51/24 188/53/11 204/52/11
f 188/53/11 189/55/25 205/54/25
f 189/55/25 190/57/13 206/56/13
f 190/57/13 191/59/26 207/58/26
f 191/59/26 192/61/12 208/60/12
f 192/61/12 177/164/19 193/62/19
s 8
f 240/63/12 225/101/19 288/64/19
f 239/66/27 240/63/12 287/65/12
s 9
f 230/68/15 245/165/15 291/69/15
s 10
f 237/71/25 238/166/7 285/72/7
f 236/74/11 237/71/25 284/73/25
f 235/76/28 236/74/11 283/75/11
s 11
f 226/78/29 227/167/29 244/79/29
s 12
f 233/81/23 234/168/2 281/82/2
f 232/84/16 233/81/23 280/83/23
f 231/86/30 232/84/16 279/85/16
s 13
f 226/88/13 241/169/13 289/89/13
s 14
f 229/91/21 230/170/4 277/92/4
f 228/94/14 229/91/21 276/93/21
f 227/96/31 228/94/14 275/95/14
s 32
f 235/98/32 252/127/32 249/99/32
s 8
f 225/101/19 226/171/9 273/102/9
s 16
f 295/103/10 253/172/10 269/104/10
s 17
f 234/106/17 249/173/17 293/107/17
s 16
f 238/109/10 253/172/10 295/103/10
s 18
f 238/111/33 239/174/33 256/112/33
s 33
f 231/114/34 248/128/34 245/115/34
s 20
f 269/104/35 272/136/35 304/117/35
s 21
f 265/118/36 268/130/36 302/119/36
s 22
f 261/121/37 264/133/37 300/122/37
s 23
f 257/124/38 260/144/38 298/125/38
s 9
f 291/69/15 245/165/15 261/121/15
s 24
f 256/112/39 272/136/39 269/104/39
s 25
f 252/127/40 268/130/40 265/118/40
s 17
f 293/107/17 249/173/17 265/118/17
s 26
f 248/128/41 264/133/41 261/121/41
s 13
f 289/89/13 241/169/13 257/124/13
s 27
f 244/79/42 260/144/42 257/124/42
s 28
f 294/129/26 302/119/26 268/130/26
s 29
f 292/132/24 300/122/24 264/133/24
s 30
f 296/135/20 304/117/20 272/136/20
f 239/138/20 286/175/20 296/135/20
s 28
f 235/139/26 282/176/26 294/129/26
s 29
f 231/140/24 278/177/24 292/132/24
s 31
f 227/141/22 274/178/22 290/142/22
f 290/142/22 298/125/22 260/144/22
s 13
f 273/90/13 289/89/13 242/145/13
s 34
f 416/179/23 314/180/23 316/181/23
s 35
f 423/182/43 306/183/44 317/184/44
s 36
f 320/185/45 405/186/46 419/187/46
s 37
f 411/188/47 414/189/48 407/190/48
s 38
f 410/191/46 313/192/45 417/193/46
s 39
f 408/194/43 316/181/44 309/195/44
s 40
f 314/196/49 310/197/49 315/198/49
s 41
f 320/185/19 422/199/19 423/182/19
s 42
f 420/200/47 402/201/48 422/202/50
s 43
f 306/203/51 318/204/51 317/205/51
s 44
f 313/192/52 311/206/52 314/196/52
s 45
f 316/207/51 310/197/51 309/208/51
s 46
f 320/185/52 308/209/52 307/210/52
s 47
f 308/209/49 318/204/49 305/211/49
s 48
f 322/212/53 323/213/54 321/214/45
f 324/215/54 325/216/55 323/213/54
f 326/217/55 327/218/56 325/216/55
f 328/219/56 329/220/57 327/218/56
f 330/221/58 331/222/59 329/220/57
f 332/223/59 333/224/60 331/225/59
f 334/226/60 335/227/61 333/224/60
f 336/228/61 337/229/62 335/227/61
f 338/230/44 339/231/63 337/229/62
f 340/232/63 341/233/51 339/231/63
f 342/234/51 343/235/64 341/233/51
f 344/236/64 345/237/65 343/235/64
f 346/238/65 347/239/66 345/237/65
f 348/240/66 349/241/52 347/239/66
f 350/242/52 351/243/67 349/241/52
f 352/244/67 321/214/45 351/243/67
s 49
f 354/245/54 373/246/54 369/247/54
s 50
f 457/248/54 375/249/54 371/250/54
s 51
f 355/251/54 372/252/54 376/253/54
s 52
f 356/254/56 378/255/56 373/246/56
s 53
f 374/256/56 468/257/56 469/258/56
s 54
f 355/251/56 380/259/56 357/260/56
s 55
f 358/261/59 382/262/59 378/255/59
s 56
f 381/263/59 468/257/59 377/264/59
s 57
f 357/260/59 384/265/59 359/266/59
s 58
f 362/267/61 382/262/61 360/268/61
s 59
f 386/269/61 470/270/61 381/263/61
s 60
f 359/266/61 388/271/61 361/272/61
s 61
f 364/273/63 385/274/63 362/267/63
s 62
f 361/272/63 392/275/63 363/276/63
s 63
f 364/273/64 394/277/64 389/278/64
s 64
f 454/279/64 396/280/64 391/281/64
s 65
f 363/276/64 395/282/64 365/283/64
s 66
f 356/284/23 368/285/23 364/286/23
s 67
f 366/287/66 398/288/66 394/289/66
s 68
f 459/290/66 400/291/66 396/292/66
s 69
f 365/293/66 399/294/66 367/295/66
s 70
f 368/296/67 369/247/67 398/288/67
s 71
f 472/297/67 397/298/67 370/299/67
s 72
f 353/300/67 399/294/67 372/252/67
s 73
f 357/301/19 361/302/19 365/303/19
s 39
f 413/304/43 409/305/61 415/306/61
s 37
f 415/306/59 407/190/48 414/189/48
s 36
f 419/307/46 406/308/54 421/309/54
s 42
f 421/309/56 404/310/47 420/200/47
s 38
f 417/311/46 412/312/54 410/313/46
s 37
f 418/314/56 411/188/47 412/312/56
s 35
f 401/315/43 424/316/61 403/317/61
s 42
f 403/317/59 422/202/50 402/201/48
s 74
f 429/318/68 432/319/69 431/320/69
f 432/319/69 433/321/70 431/320/69
f 434/322/70 435/323/71 433/321/70
s 75
f 484/324/72 483/325/72 439/326/72
s 76
f 439/326/73 442/327/74 441/328/74
f 442/327/74 443/329/75 441/328/74
s 77
f 444/330/76 425/331/77 443/329/76
s 78
f 425/332/19 463/333/19 443/334/19
s 79
f 458/335/56 379/336/56 375/249/56
s 80
f 482/337/23 426/338/23 479/339/23
s 81
f 457/248/67 400/291/67 460/340/67
s 82
f 453/341/59 379/336/59 452/342/59
s 83
f 471/343/64 393/344/64 473/345/64
s 84
f 451/346/61 383/347/61 453/341/61
s 85
f 472/297/54 374/256/54 469/258/54
s 86
f 454/279/63 387/348/63 451/346/63
s 78
f 477/349/19 425/332/19 480/350/19
s 87
f 473/351/66 397/298/66 474/352/66
s 78
f 439/353/19 445/354/19 437/355/19
f 437/355/19 447/356/19 435/357/19
f 435/357/19 461/358/19 433/359/19
f 433/359/19 466/360/19 431/361/19
s 88
f 431/361/19 475/362/19 429/363/19
s 78
f 475/362/19 431/361/19 466/360/19
f 466/360/19 433/359/19 461/358/19
f 461/358/19 435/357/19 447/356/19
f 447/356/19 437/355/19 445/354/19
f 445/354/19 439/353/19 449/364/19
f 443/334/19 463/333/19 455/365/19
f 455/365/19 449/364/19 441/366/19
f 449/364/19 439/353/19 441/366/19
f 441/366/19 443/334/19 455/365/19
f 463/333/19 425/332/19 477/349/19
f 425/332/19 481/367/19 480/350/19
s 80
f 483/325/23 450/368/23 456/369/23
f 450/368/23 438/370/23 446/371/23
f 446/371/23 436/372/23 448/373/23
f 448/373/23 436/372/23 434/374/23
f 434/374/23 432/375/23 462/376/23
f 462/376/23 432/375/23 465/377/23
f 465/377/23 432/375/23 476/378/23
f 462/376/23 448/373/23 434/374/23
f 436/372/23 446/371/23 438/370/23
f 438/370/23 450/368/23 484/324/23
f 479/339/23 426/338/23 478/379/23
f 478/379/23 426/338/23 444/380/23
f 444/380/23 442/381/23 464/382/23
f 440/383/23 456/369/23 442/381/23
f 456/369/23 464/382/23 442/381/23
f 464/382/23 478/379/23 444/380/23
s 77
f 425/331/77 428/384/78 427/385/78
s 89
f 429/318/79 476/386/79 430/387/79
s 90
f 482/388/80 427/385/80 428/384/80
s 80
f 476/378/23 432/375/23 430/389/23
s 75
f 436/390/81 437/391/82 435/323/81
s 34
f 316/181/23 413/304/23 415/392/23
f 415/392/23 414/393/23 416/179/23
f 416/179/23 418/394/23 417/395/23
f 417/395/23 313/396/23 314/180/23
f 314/180/23 315/397/23 316/181/23
f 316/181/23 415/392/23 416/179/23
f 416/179/23 417/395/23 314/180/23
s 35
f 423/182/43 401/315/43 306/183/44
s 36
f 320/185/45 307/210/45 405/186/46
s 37
f 411/188/47 416/398/47 414/189/48
s 38
f 410/191/46 312/399/45 313/192/45
s 39
f 408/194/43 413/304/43 316/181/44
s 40
f 314/196/49 311/206/49 310/197/49
s 41
f 423/182/19 317/184/19 318/400/19
f 318/400/19 319/401/19 320/185/19
f 320/185/19 419/187/19 421/402/19
f 421/402/19 420/403/19 422/199/19
f 422/199/19 424/404/19 423/182/19
f 423/182/19 318/400/19 320/185/19
f 320/185/19 421/402/19 422/199/19
s 42
f 420/200/47 404/310/47 402/201/48
s 43
f 306/203/51 305/211/51 318/204/51
s 44
f 313/192/52 312/399/52 311/206/52
s 45
f 316/207/51 315/198/51 310/197/51
s 46
f 320/185/52 319/405/52 308/209/52
s 47
f 308/209/49 319/405/49 318/204/49
s 48
f 322/212/53 324/215/54 323/213/54
f 324/215/54 326/217/55 325/216/55
f 326/217/55 328/219/56 327/218/56
f 328/219/56 330/221/58 329/220/57
f 330/221/58 332/406/59 331/222/59
f 332/223/59 334/226/60 333/224/60
f 334/226/60 336/228/61 335/227/61
f 336/228/61 338/230/44 337/229/62
f 338/230/44 340/232/63 339/231/63
f 340/232/63 342/234/51 341/233/51
f 342/234/51 344/236/64 343/235/64
f 344/236/64 346/238/65 345/237/65
f 346/238/65 348/240/66 347/239/66
f 348/240/66 350/242/52 349/241/52
f 350/242/52 352/244/67 351/243/67
f 352/244/67 322/212/53 321/214/45
s 49
f 354/245/54 356/254/54 373/246/54
s 50
f 457/248/54 458/335/54 375/249/54
s 51
f 355/251/54 353/300/54 372/252/54
s 52
f 356/254/56 358/261/56 378/255/56
s 53
f 374/256/56 377/264/56 468/257/56
s 91
f 355/251/56 376/253/56 380/259/56
s 55
f 358/261/59 360/268/59 382/262/59
s 92
f 381/263/59 470/270/59 468/257/59
s 93
f 357/260/59 380/259/59 384/265/59
s 94
f 362/267/61 385/274/61 382/262/61
s 95
f 386/269/61 467/407/61 470/270/61
s 96
f 359/266/61 384/265/61 388/271/61
s 97
f 364/273/63 389/278/63 385/274/63
s 98
f 361/272/63 388/271/63 392/275/63
s 63
f 364/273/64 366/408/64 394/277/64
s 64
f 454/279/64 459/409/64 396/280/64
s 99
f 363/276/64 392/275/64 395/282/64
s 66
f 364/286/23 362/410/23 360/411/23
f 360/411/23 358/412/23 356/284/23
f 356/284/23 354/413/23 368/285/23
f 368/285/23 366/414/23 364/286/23
f 364/286/23 360/411/23 356/284/23
s 67
f 366/287/66 368/296/66 398/288/66
s 68
f 459/290/66 460/340/66 400/291/66
s 100
f 365/293/66 395/415/66 399/294/66
s 70
f 368/296/67 354/245/67 369/247/67
s 71
f 472/297/67 474/352/67 397/298/67
s 72
f 353/300/67 367/295/67 399/294/67
s 73
f 365/303/19 367/416/19 353/417/19
f 353/417/19 355/418/19 357/301/19
f 357/301/19 359/419/19 361/302/19
f 361/302/19 363/420/19 365/303/19
f 365/303/19 353/417/19 357/301/19
s 39
f 413/304/43 408/194/43 409/305/61
s 37
f 415/306/59 409/305/59 407/190/48
s 36
f 419/307/46 405/421/46 406/308/54
s 42
f 421/309/56 406/308/56 404/310/47
s 38
f 417/311/46 418/314/54 412/312/54
s 37
f 418/314/56 416/398/47 411/188/47
s 35
f 401/315/43 423/182/43 424/316/61
s 42
f 403/317/59 424/316/59 422/202/50
s 74
f 429/318/68 430/387/68 432/319/69
f 432/319/69 434/322/70 433/321/70
f 434/322/70 436/390/71 435/323/71
s 75
f 439/326/72 437/391/82 438/422/82
f 439/326/72 438/422/82 484/324/72
f 483/325/72 440/383/72 439/326/72
s 76
f 439/326/73 440/383/73 442/327/74
f 442/327/74 444/330/75 443/329/75
s 77
f 444/330/76 426/423/77 425/331/77
s 79
f 458/335/56 452/342/56 379/336/56
s 101
f 482/337/23 428/424/23 426/338/23
s 102
f 457/248/67 371/250/67 400/291/67
s 103
f 453/341/59 383/347/59 379/336/59
s 104
f 471/343/64 390/425/64 393/344/64
s 105
f 451/346/61 387/348/61 383/347/61
s 106
f 472/297/54 370/299/54 374/256/54
s 107
f 454/279/63 391/281/63 387/348/63
s 108
f 473/351/66 393/426/66 397/298/66
s 78
f 425/332/19 427/427/19 481/367/19
s 80
f 483/325/23 484/324/23 450/368/23
f 440/383/23 483/325/23 456/369/23
s 77
f 425/331/77 426/423/77 428/384/78
s 109
f 429/318/79 475/428/79 476/386/79
s 90
f 482/388/80 481/429/80 427/385/80
s 75
f 436/390/81 438/422/82 437/391/82
s 110
f 545/430/83 534/431/83 536/432/83
s 111
f 544/433/84 547/434/84 551/435/85
s 112
f 557/436/83 538/437/83 540/438/83
s 113
f 556/439/85 559/440/85 563/441/85
s 114
f 552/442/86 547/443/86 548/444/86
s 115
f 539/445/87 560/446/87 553/447/87
s 116
f 564/448/86 559/449/86 560/450/86
s 117
f 556/451/88 557/452/88 539/453/88
s 118
f 544/454/88 545/455/88 535/456/88
s 119
f 551/435/89 546/457/89 544/433/89
s 120
f 552/458/90 545/430/90 546/457/90
s 121
f 548/459/91 543/460/91 541/461/91
s 122
f 549/462/92 542/463/92 543/460/92
s 123
f 563/441/89 558/464/89 556/439/89
s 124
f 564/465/90 557/436/93 558/464/90
s 125
f 560/446/91 555/466/91 553/447/91
s 126
f 561/467/92 554/468/92 555/466/92
s 127
f 535/469/87 548/459/87 541/461/87
s 110
f 545/430/83 550/470/83 534/431/83
s 111
f 544/433/84 542/463/84 547/434/84
s 112
f 557/436/83 562/471/83 538/437/83
s 113
f 556/439/85 554/468/84 559/440/85
s 128
f 548/444/86 533/472/86 534/473/86
s 114
f 534/473/86 550/474/86 552/442/86
f 552/442/86 551/475/86 547/443/86
f 547/443/86 549/476/86 548/444/86
f 548/444/86 534/473/86 552/442/86
s 115
f 539/445/87 537/477/87 560/446/87
s 129
f 560/450/86 537/478/86 538/479/86
s 116
f 538/479/86 562/480/86 564/448/86
f 564/448/86 563/481/86 559/449/86
f 559/449/86 561/482/86 560/450/86
f 560/450/86 538/479/86 564/448/86
s 117
f 539/453/88 553/483/88 555/484/88
f 555/484/88 554/485/88 556/451/88
f 556/451/88 558/486/88 557/452/88
s 130
f 557/452/88 540/487/88 539/453/88
s 117
f 539/453/88 555/484/88 556/451/88
s 118
f 535/456/88 541/488/88 543/489/88
f 543/489/88 542/490/88 544/454/88
f 544/454/88 546/491/88 545/455/88
s 131
f 545/455/88 536/492/88 535/456/88
s 118
f 535/456/88 543/489/88 544/454/88
s 119
f 551/435/89 552/458/89 546/457/89
s 120
f 552/458/90 550/470/90 545/430/90
s 121
f 548/459/91 549/462/94 543/460/91
s 122
f 549/462/92 547/434/92 542/463/92
s 123
f 563/441/89 564/465/89 558/464/89
s 124
f 564/465/90 562/471/93 557/436/93
s 125
f 560/446/91 561/467/91 555/466/91
s 126
f 561/467/92 559/440/92 554/468/92
s 127
f 535/469/87 533/493/87 548/459/87
s 132
f 751/494/95 723/495/95 756/496/95
s 133
f 754/497/96 722/498/96 725/499/96
s 134
f 728/500/97 724/501/97 726/502/97
s 135
f 727/503/98 722/504/98 721/505/98
s 136
f 861/506/99 871/507/100 874/508/99
f 862/509/101 876/510/102 863/511/102
s 137
f 731/512/103 737/513/104 736/514/105
s 138
f 738/515/106 734/516/107 730/517/95
s 139
f 730/517/108 731/518/108 729/519/108
s 140
f 732/520/109 734/521/109 733/522/109
s 141
f 738/523/110 732/524/110 733/525/110
s 142
f 736/514/111 738/523/111 735/526/111
s 143
f 722/498/112 757/527/112 721/528/112
s 144
f 987/529/111 991/530/111 995/531/111
s 145
f 730/517/113 736/514/113 735/526/113
s 146
f 752/532/114 724/501/114 751/494/114
s 147
f 755/533/115 723/534/115 728/535/115
s 148
f 721/528/116 758/536/116 727/537/116
s 149
f 752/532/117 728/535/118 726/538/119
s 150
f 754/497/120 727/503/120 758/539/120
s 151
f 1011/540/110 762/541/110 1009/542/110
s 152
f 930/543/121 908/544/122 919/545/123
s 153
f 937/546/124 952/547/121 947/548/124
f 942/549/125 953/550/126 939/551/126
f 941/552/127 950/553/128 945/554/127
s 152
f 920/555/129 918/556/130 925/557/130
f 928/558/128 912/559/131 923/560/131
f 926/561/132 916/562/133 921/563/133
s 153
f 938/564/129 955/565/134 935/566/134
s 152
f 922/567/135 914/568/136 927/569/136
f 924/570/137 910/571/126 929/572/126
s 153
f 936/573/138 949/574/133 933/575/133
s 154
f 820/576/139 1011/540/139 1010/577/139
s 155
f 822/578/140 1013/579/141 1012/580/141
s 156
f 826/581/142 1017/582/143 1016/583/142
s 136
f 874/508/99 862/509/101 861/506/99
s 152
f 908/544/122 920/555/129 919/545/123
f 916/562/133 922/567/135 921/563/133
f 923/560/131 911/584/137 924/570/137
f 926/561/132 918/556/130 917/585/132
f 928/586/128 914/568/136 913/587/128
f 930/543/121 910/571/126 909/588/121
s 153
f 934/589/135 951/590/144 931/591/144
f 942/549/125 945/554/127 944/592/137
f 946/593/129 937/546/124 947/548/124
f 948/594/135 933/575/133 949/574/133
f 951/590/144 932/595/128 931/591/144
f 953/550/126 940/596/121 939/551/126
f 935/566/134 954/597/132 936/573/138
s 157
f 918/556/111 943/598/111 917/585/111
f 935/599/111 936/600/145 912/601/111
f 938/602/111 935/599/111 912/601/111
f 943/603/111 941/604/111 942/605/111
f 907/606/111 908/607/111 931/608/111
f 938/602/111 913/609/111 937/610/111
f 916/611/111 939/612/111 940/613/111
f 915/614/111 940/613/111 914/615/111
f 936/600/145 933/616/111 911/617/111
f 936/600/145 911/617/111 912/601/111
f 915/614/111 916/611/111 940/613/111
f 934/618/111 910/619/111 933/616/111
f 940/613/111 937/610/111 914/615/111
f 934/618/111 909/620/111 910/619/111
f 917/621/111 939/612/111 916/611/111
f 934/618/111 908/607/111 909/620/111
f 917/621/111 942/605/111 939/612/111
f 931/608/111 908/607/111 934/618/111
f 917/621/111 943/603/111 942/605/111
f 932/622/111 907/606/111 931/608/111
f 913/609/111 914/615/111 937/610/111
f 933/616/111 910/619/111 911/617/111
f 918/623/111 941/604/111 943/603/111
f 918/623/111 932/622/111 941/604/111
f 918/623/111 907/606/111 932/622/111
f 938/602/111 912/601/111 913/609/111
s 156
f 820/576/111 1014/624/146 823/625/146
f 1014/624/146 824/626/147 823/625/146
f 821/627/113 1016/583/142 1013/579/113
s 158
f 761/628/99 1009/542/99 762/541/99
s 156
f 1015/629/147 825/630/143 824/626/147
s 159
f 822/578/108 1008/631/108 761/632/108
s 160
f 751/494/95 724/501/95 723/495/95
s 133
f 754/497/96 753/633/96 722/498/96
s 134
f 728/500/97 723/495/97 724/501/97
s 135
f 727/503/98 725/499/98 722/504/98
s 136
f 861/506/99 860/634/100 871/507/100
f 862/509/101 873/635/101 876/510/102
s 137
f 736/514/105 729/519/105 731/512/103
f 731/512/103 732/636/148 737/513/104
s 138
f 730/517/95 735/526/95 738/515/106
f 738/515/106 733/637/149 734/516/107
s 139
f 730/517/108 734/521/108 731/518/108
s 140
f 732/520/109 731/518/109 734/521/109
s 141
f 738/523/110 737/638/110 732/524/110
s 142
f 736/514/111 737/638/111 738/523/111
s 161
f 722/498/112 753/633/112 757/527/112
s 144
f 995/531/111 984/639/111 985/640/111
f 985/640/111 986/641/150 987/529/111
f 987/529/111 988/642/111 989/643/111
f 989/643/111 990/644/151 991/530/111
f 991/530/111 992/645/152 993/646/111
f 993/646/111 994/647/152 995/531/111
f 995/531/111 985/640/111 987/529/111
f 987/529/111 989/643/111 991/530/111
f 991/530/111 993/646/111 995/531/111
s 145
f 730/517/113 729/519/113 736/514/113
s 162
f 752/532/114 726/538/114 724/501/114
s 147
f 755/533/115 756/648/115 723/534/115
s 163
f 721/528/116 757/527/116 758/536/116
s 149
f 752/532/117 755/533/153 728/535/118
s 164
f 754/497/154 725/499/155 727/503/156
s 165
f 1011/540/110 819/649/110 762/541/110
s 152
f 930/543/121 909/588/121 908/544/122
s 153
f 937/546/124 940/596/121 952/547/121
f 942/549/125 944/592/137 953/550/126
f 941/552/127 932/595/128 950/553/128
s 152
f 920/555/129 907/650/129 918/556/130
f 928/558/128 913/651/128 912/559/131
f 926/561/132 917/585/132 916/562/133
s 153
f 938/564/129 946/652/129 955/565/134
s 152
f 922/567/135 915/653/135 914/568/136
f 924/570/137 911/584/137 910/571/126
s 153
f 936/573/138 954/597/132 949/574/133
s 154
f 820/576/139 819/649/139 1011/540/139
s 155
f 822/578/140 821/627/140 1013/579/141
s 156
f 826/581/142 825/630/143 1017/582/143
s 136
f 874/508/99 873/635/101 862/509/101
s 152
f 908/544/122 907/650/129 920/555/129
f 916/562/133 915/653/135 922/567/135
f 923/560/131 912/559/131 911/584/137
f 926/561/132 925/557/130 918/556/130
f 928/586/128 927/569/136 914/568/136
f 930/543/121 929/572/126 910/571/126
s 153
f 934/589/135 948/594/135 951/590/144
f 942/549/125 941/552/127 945/554/127
f 946/593/129 938/654/129 937/546/124
f 948/594/135 934/589/135 933/575/133
f 951/590/144 950/553/128 932/595/128
f 953/550/126 952/547/121 940/596/121
f 935/566/134 955/565/134 954/597/132
s 156
f 820/576/111 1010/577/111 1014/624/146
f 1014/624/146 1015/629/147 824/626/147
f 821/627/113 826/581/142 1016/583/142
s 166
f 761/628/99 1008/655/99 1009/542/99
s 156
f 1015/629/147 1017/582/143 825/630/143
s 167
f 822/578/108 1012/580/108 1008/631/108
s 168
g Brazo_SpacialRoverExploreralumGray
usemtl SpacialRoverExploreralumGray
f 2/656/5 80/657/157 79/658/5
f 4/659/157 83/660/158 80/657/157
f 6/661/158 85/662/159 83/660/158
f 8/663/159 87/664/160 85/662/159
f 10/665/160 89/666/161 87/664/160
s 169
f 94/667/19 140/668/19 82/669/19
s 170
f 17/670/19 133/671/19 19/672/19
s 171
f 77/673/23 152/674/23 151/675/23
s 169
f 82/669/19 139/676/19 81/677/19
s 172
f 73/678/161 125/679/21 11/680/161
s 173
f 18/681/23 130/682/23 16/683/23
s 168
f 24/684/162 84/685/163 81/686/162
f 26/687/163 86/688/164 84/685/163
f 28/689/164 88/690/165 86/688/164
s 173
f 2/691/23 30/692/23 40/693/23
f 22/694/23 36/695/166 34/696/23
s 168
f 30/697/165 90/698/167 88/690/165
f 32/699/167 79/658/5 90/698/167
s 170
f 7/700/19 13/701/19 56/702/19
f 27/703/19 31/704/19 62/705/19
s 172
f 63/706/5 3/707/157 1/708/5
f 64/709/157 5/710/158 3/707/157
f 5/710/158 69/711/159 7/712/159
f 69/711/159 9/713/160 7/712/159
f 71/714/160 11/680/161 9/713/160
s 171
f 77/673/23 150/715/23 76/716/23
s 170
f 17/670/19 129/717/19 131/718/19
s 171
f 76/716/23 149/719/23 75/720/23
s 173
f 16/683/23 128/721/23 14/722/23
s 171
f 75/720/23 148/723/23 73/724/23
s 170
f 13/701/19 129/717/19 15/725/19
s 172
f 23/726/162 68/727/163 25/728/163
f 68/727/163 27/729/164 25/728/163
f 70/730/164 29/731/165 27/729/164
f 72/732/165 31/733/167 29/731/165
f 74/734/167 1/708/5 31/733/167
s 171
f 98/735/23 77/673/23 76/716/23
f 99/736/23 95/737/23 63/738/23
f 100/739/23 99/736/23 63/738/23
f 67/740/23 103/741/23 105/742/23
f 95/737/23 64/743/23 63/738/23
f 74/744/23 72/745/23 104/746/23
f 67/740/23 64/743/23 103/741/23
f 100/739/23 74/744/23 104/746/23
f 64/743/23 95/737/23 103/741/23
f 72/745/23 70/747/23 109/748/23
f 69/749/23 67/740/23 105/742/23
f 104/746/23 72/745/23 109/748/23
f 105/742/23 97/750/23 69/749/23
f 70/747/23 108/751/23 109/748/23
f 70/747/23 68/752/23 108/751/23
f 97/750/23 71/753/23 69/749/23
f 97/750/23 96/754/23 71/753/23
f 68/752/23 101/755/23 108/751/23
f 96/754/23 73/724/23 71/753/23
f 68/752/23 65/756/23 101/755/23
f 96/754/23 106/757/23 73/724/23
f 65/756/23 102/758/23 101/755/23
f 102/758/23 65/756/23 66/759/23
f 73/724/23 106/757/23 75/720/23
f 107/760/23 102/758/23 66/759/23
f 106/757/23 98/761/23 75/720/23
f 66/759/23 78/762/23 107/760/23
f 75/763/23 98/735/23 76/716/23
f 78/762/23 77/673/23 107/760/23
s 170
f 21/764/19 27/703/19 61/765/19
s 171
f 74/744/23 100/739/23 63/738/23
s 169
f 92/766/19 93/767/19 113/768/19
f 82/669/19 122/769/19 94/667/19
f 91/770/19 92/766/19 113/768/19
f 121/771/19 89/772/19 91/770/19
f 113/768/19 121/771/19 91/770/19
f 81/677/19 117/773/19 82/669/19
f 117/773/19 122/769/19 82/669/19
f 90/774/19 115/775/19 119/776/19
f 89/772/19 121/771/19 111/777/19
f 116/778/19 117/773/19 81/677/19
f 116/778/19 81/677/19 84/779/19
f 87/780/19 89/772/19 111/777/19
f 87/780/19 111/777/19 112/781/19
f 123/782/19 116/778/19 84/779/19
f 85/783/19 87/780/19 112/781/19
f 123/782/19 84/779/19 86/784/19
f 85/783/19 112/781/19 120/785/19
f 124/786/19 123/782/19 86/784/19
f 118/787/19 83/788/19 120/785/19
f 86/784/19 88/789/19 124/786/19
f 88/789/19 119/776/19 124/786/19
f 80/790/19 83/788/19 118/787/19
f 110/791/19 80/790/19 118/787/19
f 88/789/19 90/774/19 119/776/19
f 114/792/19 80/790/19 110/791/19
f 115/775/19 90/774/19 79/793/19
f 83/788/19 85/783/19 120/785/19
f 114/792/19 115/775/19 79/793/19
f 122/769/19 93/767/19 94/667/19
f 79/793/19 80/790/19 114/792/19
s 171
f 66/759/23 152/674/23 78/762/23
s 173
f 18/681/23 134/794/23 132/795/23
s 169
f 93/767/19 145/796/19 94/667/19
s 168
f 81/686/162 138/797/25 24/684/162
s 171
f 65/756/23 147/798/23 66/759/23
s 170
f 19/672/19 135/799/19 21/764/19
s 169
f 93/767/19 143/800/19 144/801/19
s 173
f 22/694/23 134/794/23 20/802/23
s 169
f 91/770/19 143/800/19 92/766/19
s 170
f 21/764/19 137/803/19 23/804/19
s 169
f 89/772/19 142/805/19 91/770/19
s 172
f 23/726/162 146/806/25 65/807/162
s 173
f 24/808/23 136/809/23 22/694/23
s 168
f 12/810/161 141/811/21 89/666/161
s 170
f 11/812/19 126/813/19 13/701/19
s 173
f 14/722/23 127/814/23 12/815/23
f 8/816/23 45/817/23 35/818/23
s 168
f 2/656/5 4/659/157 80/657/157
f 4/659/157 6/661/158 83/660/158
f 6/661/158 8/663/159 85/662/159
f 8/663/159 10/665/160 87/664/160
f 10/665/160 12/810/161 89/666/161
s 169
f 94/667/19 145/796/19 140/668/19
s 170
f 17/670/19 131/718/19 133/671/19
s 171
f 77/673/23 78/762/23 152/674/23
s 169
f 82/669/19 140/668/19 139/676/19
s 174
f 73/678/161 148/819/21 125/679/21
s 173
f 18/681/23 132/795/23 130/682/23
s 168
f 24/684/162 26/687/163 84/685/163
f 26/687/163 28/689/164 86/688/164
f 28/689/164 30/697/165 88/690/165
s 173
f 40/693/23 33/820/23 2/691/23
f 2/691/23 32/821/23 30/692/23
f 30/692/23 39/822/23 40/693/23
f 38/823/23 39/822/23 30/692/23
f 30/692/23 28/824/23 26/825/23
f 26/825/23 24/808/23 22/694/23
f 20/802/23 18/681/23 43/826/23
f 38/823/23 30/692/23 26/825/23
f 34/696/23 38/823/23 26/825/23
f 22/694/23 20/802/23 43/826/23
f 22/694/23 43/826/23 37/827/23
f 34/696/23 26/825/23 22/694/23
f 22/694/23 37/827/23 36/695/166
s 168
f 30/697/165 32/699/167 90/698/167
f 32/699/167 2/656/5 79/658/5
s 170
f 53/828/19 52/829/19 31/704/19
f 31/704/19 1/830/19 3/831/19
f 3/831/19 5/832/19 7/700/19
f 7/700/19 9/833/19 11/812/19
f 7/700/19 11/812/19 13/701/19
f 53/828/19 31/704/19 3/831/19
f 48/834/19 53/828/19 3/831/19
f 15/725/19 17/670/19 54/835/19
f 15/725/19 54/835/19 58/836/19
f 48/834/19 3/831/19 7/700/19
f 55/837/19 48/834/19 7/700/19
f 13/701/19 15/725/19 58/836/19
f 13/701/19 58/836/19 49/838/19
f 57/839/19 55/837/19 7/700/19
f 13/701/19 49/838/19 56/702/19
f 56/702/19 57/839/19 7/700/19
f 62/705/19 51/840/19 27/703/19
f 27/703/19 29/841/19 31/704/19
f 31/704/19 52/829/19 62/705/19
s 172
f 63/706/5 64/709/157 3/707/157
f 64/709/157 67/842/158 5/710/158
f 5/710/158 67/842/158 69/711/159
f 69/711/159 71/714/160 9/713/160
f 71/714/160 73/678/161 11/680/161
s 171
f 77/673/23 151/675/23 150/715/23
s 170
f 17/670/19 15/725/19 129/717/19
s 171
f 76/716/23 150/715/23 149/719/23
s 173
f 16/683/23 130/682/23 128/721/23
s 171
f 75/720/23 149/719/23 148/723/23
s 170
f 13/701/19 126/813/19 129/717/19
s 172
f 23/726/162 65/807/162 68/727/163
f 68/727/163 70/730/164 27/729/164
f 70/730/164 72/732/165 29/731/165
f 72/732/165 74/734/167 31/733/167
f 74/734/167 63/706/5 1/708/5
s 170
f 50/843/19 17/670/19 19/672/19
f 21/764/19 23/804/19 25/844/19
f 50/843/19 19/672/19 21/764/19
f 60/845/19 50/843/19 21/764/19
f 21/764/19 25/844/19 27/703/19
f 27/703/19 51/840/19 59/846/19
f 61/765/19 60/845/19 21/764/19
f 27/703/19 59/846/19 61/765/19
s 171
f 66/759/23 147/798/23 152/674/23
s 173
f 18/681/23 20/802/23 134/794/23
s 169
f 93/767/19 144/801/19 145/796/19
s 175
f 81/686/162 139/847/25 138/797/25
s 171
f 65/756/23 146/848/23 147/798/23
s 170
f 19/672/19 133/671/19 135/799/19
s 169
f 93/767/19 92/766/19 143/800/19
s 173
f 22/694/23 136/809/23 134/794/23
s 169
f 91/770/19 142/805/19 143/800/19
s 170
f 21/764/19 135/799/19 137/803/19
s 169
f 89/772/19 141/849/19 142/805/19
s 176
f 23/726/162 137/850/25 146/806/25
s 173
f 24/808/23 138/851/23 136/809/23
s 177
f 12/810/161 127/852/21 141/811/21
s 170
f 11/812/19 125/853/19 126/813/19
s 173
f 14/722/23 128/721/23 127/814/23
f 44/854/23 18/681/23 16/683/23
f 14/722/23 12/815/23 10/855/23
f 44/854/23 16/683/23 14/722/23
f 47/856/23 44/854/23 14/722/23
f 14/722/23 10/855/23 8/816/23
f 8/816/23 6/857/23 4/858/23
f 4/858/23 2/691/23 33/820/23
f 4/858/23 33/820/23 42/859/23
f 46/860/168 47/856/23 14/722/23
f 35/818/23 46/860/168 14/722/23
f 8/816/23 4/858/23 42/859/23
f 8/816/23 42/859/23 41/861/23
f 35/818/23 14/722/23 8/816/23
f 8/816/23 41/861/23 45/817/23
s 178
f 594/862/169 595/863/170 593/864/171
f 596/865/172 597/866/173 595/863/170
f 598/867/174 599/868/175 597/866/173
f 600/869/176 601/870/177 599/868/175
f 602/871/178 603/872/179 601/870/177
f 604/873/180 605/874/181 603/872/179
f 606/875/182 607/876/183 605/874/181
f 608/877/184 609/878/185 607/876/183
f 610/879/186 611/880/187 609/878/185
f 612/881/188 613/882/189 611/883/187
f 614/884/190 615/885/191 613/882/189
f 616/886/192 617/887/193 615/885/191
f 618/888/194 619/889/195 617/887/193
f 620/890/196 621/891/197 619/889/195
f 622/892/198 623/893/199 621/891/197
f 624/894/200 593/864/171 623/893/199
f 594/862/169 596/865/172 595/863/170
f 596/865/172 598/867/174 597/866/173
f 598/867/174 600/869/176 599/868/175
f 600/869/176 602/871/178 601/870/177
f 602/871/178 604/873/180 603/872/179
f 604/873/180 606/875/182 605/874/181
f 606/875/182 608/877/184 607/876/183
f 608/877/184 610/879/186 609/878/185
f 610/879/186 612/895/188 611/880/187
f 612/881/188 614/884/190 613/882/189
f 614/884/190 616/886/192 615/885/191
f 616/886/192 618/888/194 617/887/193
f 618/888/194 620/890/196 619/889/195
f 620/890/196 622/892/198 621/891/197
f 622/892/198 624/894/200 623/893/199
f 624/894/200 594/862/169 593/864/171
s 179
f 888/896/102 898/897/101 885/898/101
f 890/899/201 900/900/140 887/901/140
f 892/902/202 902/903/203 889/904/203
f 894/905/204 904/906/205 891/907/205
f 893/908/206 895/909/207 906/910/139
f 883/911/100 897/912/99 896/913/100
s 136
f 864/914/140 878/915/201 865/916/201
f 869/917/204 879/918/205 882/919/204
f 866/920/203 880/921/202 867/922/202
s 180
f 973/923/208 741/924/208 972/925/208
s 181
f 741/924/209 974/926/209 972/925/210
s 182
f 781/927/134 783/928/129 794/929/130
f 775/930/127 789/931/128 788/932/127
f 777/933/136 791/934/135 790/935/136
f 779/936/133 793/937/132 792/938/133
f 771/939/122 785/940/121 784/941/122
f 773/942/126 787/943/137 786/944/126
s 183
f 745/945/145 744/946/111 746/947/111
s 184
f 959/948/211 749/949/211 956/950/211
s 185
f 963/951/208 746/952/208 960/953/208
s 186
f 749/954/212 961/955/212 956/956/212
s 187
f 743/957/210 963/951/209 958/958/209
s 167
f 1012/580/108 769/959/108 1008/631/108
s 156
f 827/960/147 1017/582/143 1015/629/147
s 166
f 1008/655/99 770/961/99 1009/542/99
s 156
f 1013/579/113 829/962/142 834/963/113
s 182
f 772/964/129 784/965/122 783/928/129
f 786/944/126 774/966/121 773/942/126
f 788/932/127 776/967/137 775/930/127
f 790/935/136 778/968/128 777/933/136
f 792/938/133 780/969/135 779/936/133
f 794/929/130 782/970/132 781/927/134
s 188
f 802/971/111 788/972/111 789/973/111
f 784/974/111 785/975/111 798/976/111
f 796/977/111 794/978/111 783/979/111
f 790/980/111 801/981/111 789/973/111
s 189
f 829/982/95 831/983/95 770/984/95
s 156
f 828/985/146 1015/629/147 1014/624/146
f 1010/577/111 828/985/146 1014/624/146
s 136
f 872/986/207 860/987/100 859/988/207
f 876/989/102 864/914/140 863/990/102
f 878/915/201 866/920/203 865/916/201
f 880/921/202 868/991/205 867/922/202
f 882/919/204 870/992/139 869/917/204
f 859/988/207 881/993/139 872/986/207
s 190
f 842/994/95 839/995/95 865/996/95
f 839/995/95 864/997/95 865/996/95
f 866/998/95 842/994/95 865/996/95
s 179
f 902/903/203 890/899/201 889/904/203
f 896/913/100 884/999/207 883/911/100
f 900/1000/140 888/896/102 887/1001/140
f 904/906/205 892/902/202 891/907/205
f 906/910/139 894/905/204 893/908/206
f 885/898/101 897/912/99 886/1002/99
s 191
f 959/948/210 748/1003/209 750/1004/209
s 192
f 957/1005/213 746/952/213 744/946/213
s 193
f 748/1003/208 961/955/208 747/1006/208
s 194
f 743/1007/211 957/1005/211 744/946/211
s 195
f 963/1008/108 957/1005/108 958/1009/108
s 196
f 973/923/212 740/1010/212 742/1011/212
s 197
f 740/1010/211 974/1012/211 739/1013/211
s 198
f 973/1014/111 974/1012/111 975/1015/111
s 188
f 799/1016/111 800/1017/111 788/972/111
f 794/978/111 805/1018/111 806/1019/111
f 787/1020/111 800/1017/111 797/1021/111
f 790/980/111 791/1022/111 804/1023/111
f 801/981/111 790/980/111 804/1023/111
f 786/1024/111 787/1020/111 797/1021/111
f 792/1025/111 804/1023/111 791/1022/111
f 797/1021/111 798/976/111 786/1024/111
f 792/1025/111 803/1026/111 804/1023/111
f 792/1025/111 793/1027/111 803/1026/111
f 795/1028/111 784/974/111 798/976/111
f 783/979/111 784/974/111 795/1028/111
f 800/1017/111 787/1020/111 788/972/111
f 793/1027/111 794/978/111 806/1019/111
f 796/977/111 783/979/111 795/1028/111
f 798/976/111 785/975/111 786/1024/111
f 793/1027/111 806/1019/111 803/1026/111
f 794/978/111 796/977/111 805/1018/111
f 801/981/111 802/971/111 789/973/111
f 788/972/111 802/971/111 799/1016/111
s 190
f 842/994/95 866/998/95 841/1029/95
f 868/1030/95 844/1031/95 867/1032/95
f 870/1033/95 845/1034/95 846/1035/95
f 839/995/95 863/1036/95 864/997/95
f 863/1036/95 839/995/95 840/1037/95
f 843/1038/95 844/1031/95 868/1030/95
f 862/1039/95 863/1036/95 840/1037/95
f 869/1040/95 846/1035/95 868/1030/95
f 862/1039/95 840/1037/95 837/1041/95
f 860/1042/95 861/1043/95 838/1044/95
f 862/1039/95 837/1041/95 838/1044/95
f 869/1040/95 870/1033/95 846/1035/95
f 861/1043/95 862/1039/95 838/1044/95
f 859/1045/95 836/1046/95 845/1034/95
f 835/1047/95 860/1042/95 838/1044/95
f 870/1033/95 859/1045/95 845/1034/95
f 836/1046/95 860/1042/95 835/1047/95
f 866/998/95 867/1032/95 841/1029/95
f 846/1035/95 843/1038/95 868/1030/95
f 860/1042/95 836/1046/95 859/1045/95
f 844/1031/95 841/1029/95 867/1032/95
s 199
f 962/1048/145 956/950/111 961/1049/111
s 156
f 1016/583/142 830/1050/143 829/962/142
s 155
f 1012/580/141 834/963/141 833/1051/141
s 154
f 1010/577/139 832/1052/206 831/1053/206
s 151
f 832/1052/110 1009/542/110 770/961/110
s 179
f 888/896/102 899/1054/102 898/897/101
f 890/899/201 901/1055/201 900/900/140
f 892/902/202 903/1056/202 902/903/203
f 894/905/204 905/1057/204 904/906/205
f 893/908/206 884/999/207 895/909/207
f 883/911/100 886/1002/99 897/912/99
s 136
f 864/914/140 875/1058/140 878/915/201
f 869/917/204 868/991/205 879/918/205
f 866/920/203 877/1059/203 880/921/202
s 200
f 973/923/208 742/1011/208 741/924/208
s 181
f 741/924/209 739/1060/209 974/926/209
s 182
f 781/927/134 772/964/129 783/928/129
f 775/930/127 778/968/128 789/931/128
f 777/933/136 780/969/135 791/934/135
f 779/936/133 782/970/132 793/937/132
f 771/939/122 774/966/121 785/940/121
f 773/942/126 776/967/137 787/943/137
s 183
f 745/945/145 743/1007/145 744/946/111
s 201
f 959/948/211 750/1004/211 749/949/211
s 185
f 963/951/208 745/1061/208 746/952/208
s 186
f 749/954/212 747/1006/212 961/955/212
s 187
f 743/957/210 745/1061/210 963/951/209
s 167
f 1012/580/108 833/1051/108 769/959/108
s 156
f 827/960/147 830/1050/143 1017/582/143
s 166
f 1008/655/99 769/1062/99 770/961/99
s 156
f 1013/579/113 1016/583/142 829/962/142
s 182
f 772/964/129 771/1063/122 784/965/122
f 786/944/126 785/940/121 774/966/121
f 788/932/127 787/943/137 776/967/137
f 790/935/136 789/931/128 778/968/128
f 792/938/133 791/934/135 780/969/135
f 794/929/130 793/937/132 782/970/132
s 189
f 770/984/95 769/1064/95 833/1065/95
f 833/1065/95 834/1066/95 829/982/95
f 829/982/95 830/1067/95 827/1068/95
f 827/1068/95 828/1069/95 831/983/95
f 831/983/95 832/1070/95 770/984/95
f 770/984/95 833/1065/95 829/982/95
f 829/982/95 827/1068/95 831/983/95
s 156
f 828/985/146 827/960/147 1015/629/147
f 1010/577/111 831/1053/111 828/985/146
s 136
f 872/986/207 871/1071/100 860/987/100
f 876/989/102 875/1058/140 864/914/140
f 878/915/201 877/1059/203 866/920/203
f 880/921/202 879/918/205 868/991/205
f 882/919/204 881/993/139 870/992/139
f 859/988/207 870/992/139 881/993/139
s 179
f 902/903/203 901/1055/201 890/899/201
f 896/913/100 895/909/207 884/999/207
f 900/1000/140 899/1054/102 888/896/102
f 904/906/205 903/1056/202 892/902/202
f 906/910/139 905/1057/204 894/905/204
f 885/898/101 898/897/101 897/912/99
s 191
f 959/948/210 962/1072/210 748/1003/209
s 192
f 957/1005/213 960/953/213 746/952/213
s 202
f 748/1003/208 962/1072/208 961/955/208
s 194
f 743/1007/211 958/1009/211 957/1005/211
s 195
f 963/1008/108 960/1073/108 957/1005/108
s 196
f 973/923/212 975/1015/212 740/1010/212
s 203
f 740/1010/211 975/1015/211 974/1012/211
s 198
f 973/1014/111 972/1074/111 974/1012/111
s 199
f 962/1048/145 959/948/145 956/950/111
s 156
f 1016/583/142 1017/582/143 830/1050/143
s 155
f 1012/580/141 1013/579/141 834/963/141
s 154
f 1010/577/139 1011/540/139 832/1052/206
s 151
f 832/1052/110 1011/540/110 1009/542/110
s 31
g Brazo_SpacialRoverExploreralumBlack
usemtl SpacialRoverExploreralumBlack
f 243/1075/22 298/125/22 290/142/22
f 274/178/22 243/1075/22 290/142/22
s 29
f 278/177/24 247/1076/24 292/132/24
s 28
f 282/176/26 251/1077/26 294/129/26
s 30
f 286/175/20 255/1078/20 296/135/20
f 255/1078/20 304/117/20 296/135/20
s 29
f 247/1076/24 300/122/24 292/132/24
s 28
f 251/1077/26 302/119/26 294/129/26
s 13
f 242/145/13 297/126/13 258/1079/13
s 17
f 250/1080/17 301/120/17 266/1081/17
s 9
f 246/1082/15 299/123/15 262/1083/15
s 23
f 297/126/38 259/1084/38 258/1079/38
s 22
f 299/123/37 263/1085/37 262/1083/37
s 21
f 301/120/36 267/1086/36 266/1081/36
s 20
f 303/105/35 271/1087/35 270/1088/35
s 16
f 285/110/10 254/1089/10 222/1090/10
s 17
f 281/108/17 250/1080/17 218/1091/17
s 16
f 254/1089/10 303/105/10 270/1088/10
s 8
f 288/64/19 210/1092/9 209/1093/19
s 14
f 274/97/31 212/1094/14 211/1095/31
f 275/95/14 213/1096/21 212/1094/14
f 276/93/21 214/1097/4 213/1096/21
s 12
f 278/87/30 216/1098/16 215/1099/30
f 279/85/16 217/1100/23 216/1098/16
f 280/83/23 218/1101/2 217/1100/23
s 10
f 282/77/28 220/1102/11 219/1103/28
f 283/75/11 221/1104/25 220/1102/11
f 284/73/25 222/1105/7 221/1104/25
s 9
f 277/70/15 246/1082/15 214/1106/15
s 8
f 286/67/27 224/1107/12 223/1108/27
f 287/65/12 209/1093/19 224/1107/12
s 31
f 243/1075/22 259/1084/22 298/125/22
f 274/178/22 211/1109/22 243/1075/22
s 29
f 278/177/24 215/1110/24 247/1076/24
s 28
f 282/176/26 219/1111/26 251/1077/26
s 30
f 286/175/20 223/1112/20 255/1078/20
f 255/1078/20 271/1087/20 304/117/20
s 29
f 247/1076/24 263/1085/24 300/122/24
s 28
f 251/1077/26 267/1086/26 302/119/26
s 13
f 242/145/13 289/89/13 297/126/13
s 17
f 250/1080/17 293/107/17 301/120/17
s 9
f 246/1082/15 291/69/15 299/123/15
s 23
f 297/126/38 298/125/38 259/1084/38
s 22
f 299/123/37 300/122/37 263/1085/37
s 21
f 301/120/36 302/119/36 267/1086/36
s 20
f 303/105/35 304/117/35 271/1087/35
s 16
f 285/110/10 295/103/10 254/1089/10
s 17
f 281/108/17 293/107/17 250/1080/17
s 16
f 254/1089/10 295/103/10 303/105/10
s 8
f 288/64/19 273/102/9 210/1092/9
s 14
f 274/97/31 275/95/14 212/1094/14
f 275/95/14 276/93/21 213/1096/21
f 276/93/21 277/92/4 214/1097/4
s 12
f 278/87/30 279/85/16 216/1098/16
f 279/85/16 280/83/23 217/1100/23
f 280/83/23 281/82/2 218/1101/2
s 10
f 282/77/28 283/75/11 220/1102/11
f 283/75/11 284/73/25 221/1104/25
f 284/73/25 285/72/7 222/1105/7
s 9
f 277/70/15 291/69/15 246/1082/15
s 8
f 286/67/27 287/65/12 224/1107/12
f 287/65/12 288/64/19 209/1093/19
s 204
f 499/1113/214 514/1114/214 513/1115/214
f 497/1116/214 510/1117/215 496/1118/215
f 493/1119/214 508/1120/214 507/1121/214
f 491/1122/215 504/1123/215 490/1124/215
f 502/1125/215 486/1126/215 516/1127/215
f 501/1128/214 514/1114/214 500/1129/214
f 497/1116/214 512/1130/214 511/1131/214
f 494/1132/215 509/1133/214 508/1120/214
f 491/1122/215 506/1134/215 505/1135/215
f 489/1136/215 485/1137/215 488/1138/215
f 501/1128/214 516/1127/215 515/1139/214
f 499/1113/214 512/1130/214 498/1140/214
f 496/1118/215 509/1133/214 495/1141/214
f 493/1119/214 506/1134/215 492/1142/215
s 205
f 504/1143/216 529/1144/216 530/1145/216
s 204
f 488/1138/215 486/1126/215 487/1146/214
f 489/1136/215 504/1123/215 503/1147/215
s 206
f 528/1148/84 522/1149/85 518/1150/85
s 207
f 486/1151/88 532/1152/88 519/1153/88
f 515/1154/88 518/1155/88 517/1156/88
f 516/1157/88 519/1153/88 518/1155/88
s 208
f 515/1158/217 520/1159/217 514/1160/217
s 209
f 511/1161/218 522/1162/218 523/1163/218
s 210
f 509/1164/86 526/1165/86 508/1166/86
s 211
f 506/1167/219 529/1144/219 505/1168/219
s 207
f 485/1169/88 531/1170/88 532/1152/88
s 212
f 513/1171/220 522/1162/220 512/1172/220
s 210
f 510/1173/86 525/1174/86 509/1164/86
s 213
f 507/1175/221 528/1176/221 506/1167/221
s 214
f 503/1177/222 530/1145/222 531/1170/222
s 215
f 513/1171/223 520/1159/223 521/1178/223
s 210
f 511/1161/86 524/1179/86 510/1173/86
f 508/1166/86 527/1180/86 507/1175/86
s 204
f 499/1113/214 500/1129/214 514/1114/214
f 497/1116/214 511/1131/214 510/1117/215
f 493/1119/214 494/1132/215 508/1120/214
f 491/1122/215 505/1135/215 504/1123/215
f 502/1125/215 487/1146/214 486/1126/215
f 501/1128/214 515/1139/214 514/1114/214
f 497/1116/214 498/1140/214 512/1130/214
f 494/1132/215 495/1141/214 509/1133/214
f 491/1122/215 492/1142/215 506/1134/215
f 489/1136/215 503/1147/215 485/1137/215
f 501/1128/214 502/1125/215 516/1127/215
f 499/1113/214 513/1115/214 512/1130/214
f 496/1118/215 510/1117/215 509/1133/214
f 493/1119/214 507/1121/214 506/1134/215
s 205
f 504/1143/216 505/1168/216 529/1144/216
s 204
f 488/1138/215 485/1137/215 486/1126/215
f 489/1136/215 490/1124/215 504/1123/215
s 206
f 532/1181/84 531/1182/85 530/1183/84
f 530/1183/84 529/1184/84 528/1148/84
f 528/1148/84 527/1185/85 526/1186/84
f 528/1148/84 526/1186/84 525/1187/85
f 532/1181/84 530/1183/84 528/1148/84
f 519/1188/85 532/1181/84 528/1148/84
f 528/1148/84 525/1187/85 524/1189/84
f 524/1189/84 523/1190/84 522/1149/85
f 522/1149/85 521/1191/84 520/1192/85
f 520/1192/85 517/1193/85 518/1150/85
f 518/1150/85 519/1188/85 528/1148/84
f 528/1148/84 524/1189/84 522/1149/85
f 522/1149/85 520/1192/85 518/1150/85
s 207
f 486/1151/88 485/1169/88 532/1152/88
f 515/1154/88 516/1157/88 518/1155/88
f 516/1157/88 486/1151/88 519/1153/88
s 208
f 515/1158/217 517/1194/217 520/1159/217
s 209
f 511/1161/218 512/1172/218 522/1162/218
s 210
f 509/1164/86 525/1174/86 526/1165/86
s 211
f 506/1167/219 528/1176/219 529/1144/219
s 207
f 485/1169/88 503/1177/88 531/1170/88
s 212
f 513/1171/220 521/1178/220 522/1162/220
s 210
f 510/1173/86 524/1179/86 525/1174/86
s 213
f 507/1175/221 527/1180/221 528/1176/221
s 214
f 503/1177/222 504/1143/222 530/1145/222
s 215
f 513/1171/223 514/1160/223 520/1159/223
s 210
f 511/1161/86 523/1163/86 524/1179/86
f 508/1166/86 526/1165/86 527/1180/86
s 216
f 763/1195/111 759/1196/111 764/1197/111
s 217
f 760/1198/224 767/1199/224 759/1200/224
s 218
f 766/1201/225 764/1197/225 765/1202/225
s 219
f 767/1199/226 764/1203/227 759/1200/227
s 220
f 760/1198/228 766/1201/228 768/1204/228
s 221
f 966/1205/210 970/1206/210 967/1207/210
s 222
f 964/1208/229 968/1209/229 965/1210/229
s 223
f 970/1206/208 968/1211/208 969/1212/208
s 224
f 965/1210/211 967/1207/211 964/1208/211
s 225
f 980/1213/111 977/1214/230 979/1215/230
s 226
f 981/1216/211 979/1217/211 983/1218/211
s 227
f 978/1219/213 981/1216/212 982/1220/212
s 228
f 976/1221/209 979/1215/231 977/1214/210
s 229
f 978/1219/208 976/1221/208 977/1214/208
s 216
f 763/1195/111 760/1222/111 759/1196/111
s 230
f 760/1198/232 768/1204/232 767/1199/232
s 231
f 766/1201/225 763/1195/225 764/1197/225
s 219
f 767/1199/226 765/1223/226 764/1203/227
s 220
f 760/1198/228 763/1195/228 766/1201/228
s 221
f 966/1205/210 971/1224/210 970/1206/210
s 222
f 964/1208/229 969/1225/229 968/1209/229
s 232
f 970/1206/208 971/1224/208 968/1211/208
s 224
f 965/1210/211 966/1205/233 967/1207/211
s 225
f 980/1213/111 978/1219/111 977/1214/230
s 233
f 981/1216/211 980/1226/211 979/1217/211
s 227
f 978/1219/213 980/1226/213 981/1216/212
s 228
f 976/1221/209 983/1227/234 979/1215/231
s 234
f 978/1219/208 982/1220/208 976/1221/208
s 235
g Brazo_SpacialRoverExploreralumOrange
usemtl SpacialRoverExploreralumOrange
f 848/1228/95 852/1229/95 856/1230/95
s 236
f 842/1231/201 852/1232/140 839/1233/140
f 846/1234/204 856/1235/205 843/1236/205
f 845/1237/139 847/1238/207 858/1239/206
f 844/1240/235 854/1241/203 841/1242/203
f 840/1243/102 850/1244/101 837/1245/236
s 237
f 800/1246/137 818/1247/126 797/1248/126
f 796/1249/129 810/1250/134 805/1251/134
f 804/1252/135 814/1253/136 801/1254/136
f 806/1255/132 812/1256/133 803/1257/133
f 802/1258/128 816/1259/127 799/1260/131
s 238
f 1005/1261/132 987/1262/133 1006/1263/133
f 997/1264/128 995/1265/127 998/1266/131
f 999/1267/137 993/1268/126 1000/1269/126
f 1003/1270/129 989/1271/134 1004/1272/130
s 239
f 1003/1273/237 816/1274/238 813/1275/237
s 238
f 1002/1276/122 992/1277/121 991/1278/122
s 237
f 806/1255/132 810/1250/134 809/1279/132
f 802/1258/128 814/1253/136 813/1280/128
f 798/1281/121 818/1247/126 817/1282/121
f 808/1283/122 796/1249/129 795/1284/122
f 812/1256/133 804/1285/135 803/1257/133
f 799/1260/131 815/1286/137 800/1246/137
f 798/1281/121 808/1283/122 795/1284/122
s 236
f 850/1244/101 838/1287/99 837/1245/236
f 856/1235/205 844/1240/235 843/1236/205
f 858/1239/206 846/1234/204 845/1237/139
f 854/1241/203 842/1231/201 841/1242/203
f 852/1232/140 840/1243/102 839/1233/140
f 848/1288/100 836/1289/207 835/1290/100
f 838/1287/99 848/1291/100 835/1292/100
s 238
f 985/1293/136 997/1264/128 996/1294/136
f 993/1268/126 1001/1295/121 1000/1269/126
f 1004/1272/130 988/1296/132 1005/1261/132
f 999/1267/137 995/1265/127 994/1297/137
f 1003/1270/129 991/1278/122 990/1298/129
f 986/1299/135 1006/1263/133 987/1262/133
f 996/1294/136 986/1299/135 985/1293/136
s 239
f 1005/1300/239 815/1301/240 816/1274/238
f 816/1274/238 1003/1273/237 1004/1302/241
f 814/1303/242 1002/1304/243 813/1275/237
f 1004/1302/241 1005/1300/239 816/1274/238
f 810/1305/244 998/1306/245 999/1307/246
f 815/1301/240 1005/1300/239 1006/1308/247
f 808/1309/248 817/1310/249 1007/1311/249
f 1002/1304/243 814/1303/242 1001/1312/250
f 818/1313/251 815/1301/240 1006/1308/247
f 812/1314/252 1001/1312/250 811/1315/253
f 1006/1308/247 1007/1311/249 818/1313/251
f 812/1314/252 1000/1316/252 1001/1312/250
f 812/1314/252 809/1317/246 1000/1316/252
f 996/1318/254 808/1309/248 1007/1311/249
f 807/1319/255 808/1309/248 996/1318/254
f 814/1303/242 811/1315/253 1001/1312/250
f 809/1317/246 810/1305/244 999/1307/246
f 997/1320/255 807/1319/255 996/1318/254
f 1007/1311/249 817/1310/249 818/1313/251
f 809/1317/246 999/1307/246 1000/1316/252
f 997/1320/255 810/1305/244 807/1319/255
f 1002/1304/243 1003/1273/237 813/1275/237
f 810/1305/244 997/1320/255 998/1306/245
s 235
f 856/1230/95 857/1321/256 858/1322/95
f 858/1322/95 847/1323/95 848/1228/95
f 848/1228/95 849/1324/95 850/1325/95
f 850/1325/95 851/1326/256 852/1229/95
f 852/1229/95 853/1327/256 854/1328/95
f 854/1328/95 855/1329/257 856/1230/95
f 856/1230/95 858/1322/95 848/1228/95
f 848/1228/95 850/1325/95 852/1229/95
f 852/1229/95 854/1328/95 856/1230/95
s 236
f 842/1231/201 853/1330/201 852/1232/140
f 846/1234/204 857/1331/258 856/1235/205
f 845/1237/139 836/1289/207 847/1238/207
f 844/1240/235 855/1332/202 854/1241/203
f 840/1243/102 851/1333/102 850/1244/101
s 237
f 800/1246/137 815/1286/137 818/1247/126
f 796/1249/129 807/1334/129 810/1250/134
f 804/1252/135 811/1335/135 814/1253/136
f 806/1255/132 809/1279/132 812/1256/133
f 802/1258/128 813/1280/128 816/1259/127
s 238
f 1005/1261/132 988/1296/132 987/1262/133
f 997/1264/128 984/1336/128 995/1265/127
f 999/1267/137 994/1297/137 993/1268/126
f 1003/1270/129 990/1298/129 989/1271/134
f 1002/1276/122 1001/1337/121 992/1277/121
s 237
f 806/1255/132 805/1251/134 810/1250/134
f 802/1258/128 801/1254/136 814/1253/136
f 798/1281/121 797/1248/126 818/1247/126
f 808/1283/122 807/1334/129 796/1249/129
f 812/1256/133 811/1338/135 804/1285/135
f 799/1260/131 816/1259/127 815/1286/137
f 798/1281/121 817/1282/121 808/1283/122
s 236
f 850/1244/101 849/1339/99 838/1287/99
f 856/1235/205 855/1332/202 844/1240/235
f 858/1239/206 857/1331/258 846/1234/204
f 854/1241/203 853/1330/201 842/1231/201
f 852/1232/140 851/1333/102 840/1243/102
f 848/1288/100 847/1238/207 836/1289/207
f 838/1287/99 849/1339/99 848/1291/100
s 238
f 985/1293/136 984/1336/128 997/1264/128
f 993/1268/126 992/1340/121 1001/1295/121
f 1004/1272/130 989/1271/134 988/1296/132
f 999/1267/137 998/1266/131 995/1265/127
f 1003/1270/129 1002/1276/122 991/1278/122
f 986/1299/135 1007/1341/135 1006/1263/133
f 996/1294/136 1007/1341/135 986/1299/135
s 240
g Brazo_SpacialRoverExploreralumArm
usemtl SpacialRoverExploreralumArm
f 312/1342/19 407/1343/19 408/1344/19
s 241
f 404/1345/23 308/1346/23 306/1347/23
s 240
f 408/1344/19 309/1348/19 310/1349/19
f 310/1349/19 311/1350/19 312/1342/19
f 312/1342/19 410/1351/19 412/1352/19
f 412/1352/19 411/1353/19 407/1343/19
f 407/1343/19 409/1354/19 408/1344/19
f 408/1344/19 310/1349/19 312/1342/19
f 312/1342/19 412/1352/19 407/1343/19
s 241
f 306/1347/23 401/1355/23 403/1356/23
f 403/1356/23 402/1357/23 404/1345/23
f 404/1345/23 406/1358/23 405/1359/23
f 405/1359/23 307/1360/23 308/1346/23
f 308/1346/23 305/1361/23 306/1347/23
f 306/1347/23 403/1356/23 404/1345/23
f 404/1345/23 405/1359/23 308/1346/23
s 242
f 629/1362/259 575/1363/88 573/1364/88
f 628/1365/260 579/1366/86 578/1367/86
s 243
f 631/1368/259 585/1369/88 583/1370/88
s 244
f 700/1371/261 718/1372/262 713/1373/263
f 704/1374/264 719/1375/265 706/1376/266
f 715/1377/267 711/1378/268 713/1373/263
f 710/1379/269 701/1380/270 712/1381/271
f 709/1382/272 703/1383/273 698/1384/274
s 178
f 614/1385/190 606/1386/182 598/1387/174
f 607/1388/183 615/1389/191 623/1390/199
s 243
f 625/1391/275 572/1392/276 571/1393/277
s 242
f 627/1394/275 566/1395/276 565/1396/278
f 630/1397/279 567/1398/280 568/1399/281
s 243
f 632/1400/279 569/1401/280 570/1402/281
f 632/1403/279 588/1404/86 590/1405/86
s 242
f 629/1406/259 628/1365/260 627/1407/275
s 243
f 631/1368/259 626/1408/260 625/1391/275
s 245
f 650/1409/282 682/1410/283 649/1411/284
f 664/1412/285 695/1413/286 696/1414/287
f 649/1411/284 683/1415/288 651/1416/289
f 664/1412/285 665/1417/290 650/1409/282
f 651/1416/289 684/1418/291 652/1419/292
f 653/1420/293 684/1418/291 685/1421/294
f 653/1420/293 686/1422/295 654/1423/296
f 654/1423/296 687/1424/297 655/1425/298
f 655/1425/298 688/1426/299 656/1427/300
f 648/1428/301 650/1429/282 633/1430/88
f 647/1431/302 664/1432/285 648/1428/301
f 662/1433/303 647/1431/302 646/1434/304
f 645/1435/83 662/1433/303 646/1434/304
f 660/1436/305 645/1435/83 644/1437/306
f 643/1438/307 660/1436/305 644/1437/306
f 658/1439/308 643/1438/307 642/1440/309
f 657/1441/310 642/1440/309 641/1442/86
f 640/1443/311 657/1441/310 641/1442/86
f 655/1444/298 640/1443/311 639/1445/312
f 638/1446/313 655/1444/298 639/1445/312
f 653/1447/293 638/1446/313 637/1448/87
f 636/1449/314 653/1447/293 637/1448/87
f 651/1450/289 636/1451/314 635/1452/315
f 634/1453/316 651/1450/289 635/1452/315
f 650/1429/282 634/1453/316 633/1430/88
f 666/1454/88 682/1455/283 665/1456/290
f 682/1455/283 668/1457/315 683/1458/288
f 683/1458/288 669/1459/314 684/1460/291
f 669/1461/314 685/1462/294 684/1463/291
f 685/1462/294 671/1464/313 686/1465/295
f 671/1464/313 687/1466/297 686/1465/295
f 672/1467/312 688/1468/299 687/1466/297
f 673/1469/311 689/1470/317 688/1468/299
f 674/1471/86 690/1472/318 689/1470/317
f 675/1473/309 691/1474/319 690/1472/318
f 676/1475/307 692/1476/320 691/1474/319
f 692/1476/320 678/1477/83 693/1478/321
f 678/1477/83 694/1479/322 693/1478/321
f 694/1479/322 680/1480/302 695/1481/286
f 680/1480/302 696/1482/287 695/1481/286
f 681/1483/301 665/1456/290 696/1482/287
f 663/1484/323 694/1485/322 695/1413/286
f 661/1486/324 694/1485/322 662/1487/303
f 661/1486/324 692/1488/320 693/1489/321
f 659/1490/325 692/1488/320 660/1491/305
f 659/1490/325 690/1492/318 691/1493/319
f 657/1494/310 690/1492/318 658/1495/308
f 657/1494/310 688/1426/299 689/1496/317
s 244
f 716/1497/326 705/1498/327 703/1499/273
f 717/1500/328 704/1374/264 705/1498/327
f 718/1372/262 708/1501/329 720/1502/330
f 708/1501/329 719/1503/265 720/1502/330
f 709/1382/272 699/1504/331 711/1505/268
f 699/1504/331 710/1379/269 711/1505/268
f 713/1373/263 702/1506/332 700/1371/261
f 714/1507/333 701/1380/270 702/1508/332
f 697/1509/334 705/1510/327 707/1511/335
s 242
f 576/1512/88 567/1513/280 629/1362/259
f 629/1362/259 627/1514/275 565/1515/278
f 629/1362/259 565/1515/278 577/1516/88
f 574/1517/88 576/1512/88 629/1362/259
f 573/1364/88 574/1517/88 629/1362/259
f 629/1362/259 577/1516/88 575/1363/88
f 582/1518/86 566/1519/276 628/1365/260
f 628/1365/260 630/1397/279 568/1399/281
f 628/1365/260 568/1399/281 581/1520/86
f 580/1521/86 582/1518/86 628/1365/260
f 578/1367/86 580/1521/86 628/1365/260
f 628/1365/260 581/1520/86 579/1366/86
s 243
f 586/1522/88 569/1401/280 631/1368/259
f 631/1368/259 625/1391/275 571/1393/277
f 631/1368/259 571/1393/277 587/1523/88
f 584/1524/88 586/1522/88 631/1368/259
f 583/1370/88 584/1524/88 631/1368/259
f 631/1368/259 587/1523/88 585/1369/88
s 244
f 700/1371/261 707/1511/335 718/1372/262
f 704/1374/264 715/1377/267 719/1375/265
f 713/1373/263 718/1372/262 720/1525/330
f 720/1525/330 719/1375/265 715/1377/267
f 715/1377/267 717/1526/328 716/1527/326
f 716/1527/326 709/1528/272 711/1378/268
f 711/1378/268 710/1379/269 712/1381/271
f 712/1381/271 714/1529/333 713/1373/263
f 713/1373/263 720/1525/330 715/1377/267
f 715/1377/267 716/1527/326 711/1378/268
f 711/1378/268 712/1381/271 713/1373/263
f 710/1379/269 697/1530/334 701/1380/270
f 709/1382/272 716/1531/326 703/1383/273
s 178
f 598/1387/174 596/1532/172 594/1533/169
f 594/1533/169 624/1534/200 622/1535/198
f 622/1535/198 620/1536/196 618/1537/194
f 618/1537/194 616/1538/192 614/1385/190
f 614/1385/190 612/1539/188 610/1540/186
f 610/1540/186 608/1541/184 606/1386/182
f 606/1386/182 604/1542/180 602/1543/178
f 602/1543/178 600/1544/176 598/1387/174
f 598/1387/174 594/1533/169 622/1535/198
f 622/1535/198 618/1537/194 614/1385/190
f 614/1385/190 610/1540/186 606/1386/182
f 606/1386/182 602/1543/178 598/1387/174
f 598/1387/174 622/1535/198 614/1385/190
f 623/1390/199 593/1545/171 595/1546/170
f 595/1546/170 597/1547/173 599/1548/175
f 599/1548/175 601/1549/177 603/1550/179
f 603/1550/179 605/1551/181 607/1388/183
f 607/1388/183 609/1552/185 611/1553/187
f 611/1553/187 613/1554/189 615/1389/191
f 615/1389/191 617/1555/193 619/1556/195
f 619/1556/195 621/1557/197 623/1390/199
f 623/1390/199 595/1546/170 599/1548/175
f 599/1548/175 603/1550/179 607/1388/183
f 607/1388/183 611/1553/187 615/1389/191
f 615/1389/191 619/1556/195 623/1390/199
f 623/1390/199 599/1548/175 607/1388/183
s 243
f 625/1391/275 626/1558/260 572/1392/276
s 242
f 627/1394/275 628/1559/260 566/1395/276
f 630/1397/279 629/1560/259 567/1398/280
s 243
f 632/1400/279 631/1368/259 569/1401/280
f 572/1561/276 626/1562/260 632/1403/279
f 632/1403/279 570/1563/281 592/1564/86
f 632/1403/279 592/1564/86 589/1565/86
f 591/1566/86 572/1561/276 632/1403/279
f 590/1405/86 591/1566/86 632/1403/279
f 632/1403/279 589/1565/86 588/1404/86
s 242
f 629/1406/259 630/1397/279 628/1365/260
s 243
f 631/1368/259 632/1567/279 626/1408/260
s 245
f 650/1409/282 665/1417/290 682/1410/283
f 664/1412/285 663/1484/323 695/1413/286
f 649/1411/284 682/1410/283 683/1415/288
f 664/1412/285 696/1414/287 665/1417/290
f 651/1416/289 683/1415/288 684/1418/291
f 653/1420/293 652/1419/292 684/1418/291
f 653/1420/293 685/1421/294 686/1422/295
f 654/1423/296 686/1422/295 687/1424/297
f 655/1425/298 687/1424/297 688/1426/299
f 648/1428/301 664/1432/285 650/1429/282
f 647/1431/302 663/1568/323 664/1432/285
f 662/1433/303 663/1568/323 647/1431/302
f 645/1435/83 661/1569/324 662/1433/303
f 660/1436/305 661/1569/324 645/1435/83
f 643/1438/307 659/1570/325 660/1436/305
f 658/1439/308 659/1570/325 643/1438/307
f 657/1441/310 658/1439/308 642/1440/309
f 640/1443/311 656/1571/300 657/1441/310
f 655/1444/298 656/1571/300 640/1443/311
f 638/1446/313 654/1572/296 655/1444/298
f 653/1447/293 654/1572/296 638/1446/313
f 636/1449/314 652/1573/292 653/1447/293
f 651/1450/289 652/1574/292 636/1451/314
f 634/1453/316 649/1575/284 651/1450/289
f 650/1429/282 649/1575/284 634/1453/316
f 666/1454/88 667/1576/316 682/1455/283
f 682/1455/283 667/1576/316 668/1457/315
f 683/1458/288 668/1457/315 669/1459/314
f 669/1461/314 670/1577/87 685/1462/294
f 685/1462/294 670/1577/87 671/1464/313
f 671/1464/313 672/1467/312 687/1466/297
f 672/1467/312 673/1469/311 688/1468/299
f 673/1469/311 674/1471/86 689/1470/317
f 674/1471/86 675/1473/309 690/1472/318
f 675/1473/309 676/1475/307 691/1474/319
f 676/1475/307 677/1578/306 692/1476/320
f 692/1476/320 677/1578/306 678/1477/83
f 678/1477/83 679/1579/304 694/1479/322
f 694/1479/322 679/1579/304 680/1480/302
f 680/1480/302 681/1483/301 696/1482/287
f 681/1483/301 666/1454/88 665/1456/290
f 663/1484/323 662/1487/303 694/1485/322
f 661/1486/324 693/1489/321 694/1485/322
f 661/1486/324 660/1491/305 692/1488/320
f 659/1490/325 691/1493/319 692/1488/320
f 659/1490/325 658/1495/308 690/1492/318
f 657/1494/310 689/1496/317 690/1492/318
f 657/1494/310 656/1427/300 688/1426/299
s 244
f 716/1497/326 717/1500/328 705/1498/327
f 717/1500/328 715/1377/267 704/1374/264
f 718/1372/262 707/1511/335 708/1501/329
f 708/1501/329 706/1580/266 719/1503/265
f 709/1382/272 698/1384/274 699/1504/331
f 699/1504/331 697/1530/334 710/1379/269
f 713/1373/263 714/1581/333 702/1506/332
f 714/1507/333 712/1381/271 701/1380/270
f 707/1511/335 700/1371/261 702/1582/332
f 702/1582/332 701/1583/270 697/1509/334
f 697/1509/334 699/1584/331 698/1585/274
f 698/1585/274 703/1586/273 705/1510/327
f 705/1510/327 704/1587/264 706/1588/266
f 706/1588/266 708/1589/329 707/1511/335
f 707/1511/335 702/1582/332 697/1509/334
f 697/1509/334 698/1585/274 705/1510/327
f 705/1510/327 706/1588/266 707/1511/335
