# Blender 5.2.2 LTS
# www.blender.org
mtllib Cuerpo.mtl
g Cuerpo_RoverModificado
v 1.541247 5.211379 0.638197
v 1.541247 5.138724 0.861803
v 1.541247 4.903610 0.861803
v 1.541247 4.830956 0.638197
v 1.541247 5.205828 0.760000
v 1.541247 5.021167 0.894164
v 1.541247 5.135294 0.542918
v 1.541247 4.836507 0.760000
v 1.541247 5.021167 0.500000
v 1.541247 4.907042 0.542918
v 1.541232 5.293170 0.611621
v 1.341365 5.293170 0.611621
v 1.541232 5.189274 0.931379
v 1.341365 5.189274 0.931379
v 1.341365 5.021167 0.414000
v 1.541232 5.021167 0.414000
v 1.541232 5.184369 0.475373
v 1.541232 4.853061 0.931379
v 1.541232 4.757103 0.785800
v 1.541232 4.749166 0.611621
v 1.541232 4.857967 0.475373
v 1.541232 5.021167 0.977655
v 1.541232 5.285233 0.785800
v 1.341365 4.853061 0.931379
v 1.341365 4.749166 0.611621
v 1.341365 5.285233 0.785800
v 1.341365 5.021167 0.977655
v 1.341365 5.184369 0.475373
v 1.341365 4.757103 0.785800
v 1.341365 4.857967 0.475373
v 1.576380 5.097705 0.528782
v 1.601497 5.135294 0.542918
v 1.561156 5.021167 0.500000
v 1.561156 5.021168 0.500000
v 1.576380 4.944633 0.873095
v 1.603789 4.903610 0.861803
v 1.561156 5.021167 0.894164
v 1.561156 5.021168 0.894164
v 1.576380 5.097705 0.873095
v 1.603789 5.138724 0.861803
v 1.684448 4.836507 0.760000
v 1.619735 4.879747 0.825600
v 1.711942 5.211379 0.638197
v 1.684619 5.205944 0.631391
v 1.619735 5.162590 0.577099
v 1.684619 5.205944 0.757464
v 1.684446 5.205828 0.760000
v 1.619735 4.879747 0.577098
v 1.601497 4.907042 0.542918
v 1.684619 4.836393 0.631389
v 1.711948 4.830956 0.638197
v 1.619735 5.162590 0.825598
v 1.684619 4.836393 0.757490
v 1.576380 4.944633 0.528782
v 1.561156 5.021168 0.442360
v 1.561156 5.021168 0.962360
v 1.576380 5.097705 0.442360
v 1.576380 5.097705 0.962360
v 1.619735 5.162590 0.442360
v 1.619735 5.162590 0.962360
v 1.684619 5.205944 0.442360
v 1.684619 5.205944 0.962360
v 1.761156 5.221169 0.442360
v 1.761156 5.221169 0.962360
v 1.837693 5.205944 0.442360
v 1.837693 5.205944 0.962360
v 1.902577 5.162590 0.442360
v 1.902577 5.162590 0.962360
v 1.945932 5.097705 0.442360
v 1.945932 5.097705 0.962360
v 1.961156 5.021168 0.442360
v 1.961156 5.021168 0.962360
v 1.945932 4.944633 0.442360
v 1.945932 4.944633 0.962360
v 1.902577 4.879747 0.442360
v 1.902577 4.879747 0.962360
v 1.837693 4.836392 0.442360
v 1.837693 4.836392 0.962360
v 1.761156 4.821168 0.442360
v 1.761156 4.821168 0.962360
v 1.684619 4.836393 0.442360
v 1.684619 4.836393 0.962360
v 1.619735 4.879747 0.442360
v 1.619735 4.879747 0.962360
v 1.576380 4.944633 0.442360
v 1.576380 4.944633 0.962360
v -0.592854 5.944338 0.700000
v -0.553090 5.944338 0.631126
v -0.473560 5.809339 0.631126
v -0.473560 5.944338 0.631126
v -0.433795 5.944338 0.700000
v -0.473560 5.809339 0.768875
v -0.473560 5.944338 0.768875
v -0.553090 5.809339 0.768875
v -0.553090 5.944338 0.768875
v -0.433795 5.809339 0.700000
v -0.592854 5.809339 0.700000
v -0.553090 5.809339 0.631126
v -0.598882 5.650767 0.776285
v -0.536611 5.650767 0.812237
v -0.490039 5.650767 0.812237
v -0.427768 5.650767 0.776285
v -0.404482 5.650767 0.735952
v -0.404482 5.650767 0.664048
v -0.427768 5.650767 0.623716
v -0.490039 5.650767 0.587763
v -0.622168 5.650767 0.664048
v -0.622168 5.650767 0.735952
v -0.536611 5.650767 0.587763
v -0.598882 5.650767 0.623716
v -0.536611 5.191567 0.812237
v -0.598882 5.191567 0.776285
v -0.427768 5.191567 0.776285
v -0.490039 5.191567 0.812237
v -0.404482 5.191567 0.664048
v -0.404482 5.191567 0.735952
v -0.490039 5.191567 0.587763
v -0.427768 5.191567 0.623716
v -0.598882 5.191567 0.623716
v -0.536611 5.191567 0.587763
v -0.622168 5.191567 0.735952
v -0.622168 5.191567 0.664048
v -0.601476 4.949627 1.409348
v -0.531424 4.909183 1.409348
v -0.495226 4.909183 1.409348
v -0.425174 4.949627 1.409348
v -0.407076 4.980975 1.409348
v -0.407076 5.061864 1.409348
v -0.425174 5.093211 1.409348
v -0.495226 5.133657 1.409348
v -0.619574 5.061864 1.409348
v -0.619574 4.980975 1.409348
v -0.531424 5.133657 1.409348
v -0.601476 5.093211 1.409348
v -0.531424 4.909183 0.850148
v -0.601476 4.949627 0.850148
v -0.425174 4.949627 0.850148
v -0.495226 4.909183 0.850148
v -0.407076 5.061864 0.850148
v -0.407076 4.980975 0.850148
v -0.495226 5.133657 0.850148
v -0.425174 5.093211 0.850148
v -0.601476 5.093211 0.850148
v -0.531424 5.133657 0.850148
v -0.619574 4.980975 0.850148
v -0.619574 5.061864 0.850148
v -0.538505 5.650767 0.776528
v -0.567010 5.650767 0.760070
v -0.459640 5.650767 0.760070
v -0.488145 5.650767 0.776528
v -0.434461 5.650767 0.683543
v -0.434461 5.650767 0.716458
v -0.488145 5.650767 0.623473
v -0.459640 5.650767 0.639931
v -0.567010 5.650767 0.639931
v -0.538505 5.650767 0.623473
v -0.592189 5.650767 0.716458
v -0.592189 5.650767 0.683543
v -0.459640 5.800767 0.639931
v -0.488145 5.800767 0.623473
v -0.473542 5.809303 0.631095
v -0.488145 5.800767 0.776528
v -0.459640 5.800767 0.760070
v -0.473543 5.809303 0.768906
v -0.567010 5.800767 0.760070
v -0.538505 5.800767 0.776528
v -0.553108 5.809303 0.768906
v -0.592189 5.800767 0.683543
v -0.592189 5.800767 0.716458
v -0.592890 5.809303 0.700000
v -0.434461 5.800767 0.716458
v -0.434461 5.800767 0.683543
v -0.433759 5.809303 0.700000
v -0.538505 5.800767 0.623473
v -0.567010 5.800767 0.639931
v -0.553108 5.809303 0.631095
v -0.586028 5.048549 1.809348
v -0.586028 4.994290 1.809348
v -0.526182 5.097946 1.809348
v -0.573171 5.070817 1.809348
v -0.526182 4.944892 1.409348
v -0.573171 4.972022 1.409348
v -0.453479 4.972022 1.409348
v -0.500469 4.944892 1.409348
v -0.440622 5.048549 1.409348
v -0.440622 4.994290 1.409348
v -0.500468 5.097946 1.409348
v -0.453478 5.070817 1.409348
v -0.573171 5.070817 1.409348
v -0.526182 5.097946 1.409348
v -0.586028 4.994290 1.409348
v -0.586028 5.048549 1.409348
v -0.453478 5.070817 1.809348
v -0.500468 5.097946 1.809348
v -0.440622 4.994290 1.809348
v -0.440622 5.048549 1.809348
v -0.500469 4.944892 1.809348
v -0.453479 4.972022 1.809348
v -0.573171 4.972022 1.809348
v -0.526182 4.944892 1.809348
v -1.207734 4.885489 0.834310
v -1.207734 4.935359 0.870543
v -1.207734 5.106977 0.870543
v -1.207734 5.156847 0.834310
v -1.207734 5.209880 0.671091
v -1.207734 5.190831 0.612465
v -1.207734 5.051990 0.511591
v -1.207734 4.990346 0.511591
v -1.207734 4.851504 0.612465
v -1.207734 4.832455 0.671092
v -1.207734 5.187706 0.787494
v -1.207734 5.207328 0.727105
v -1.207734 4.989419 0.885424
v -1.207734 5.052917 0.885424
v -1.207734 5.155842 0.568650
v -1.207734 5.104472 0.531327
v -1.207734 4.937863 0.531327
v -1.207734 4.886493 0.568650
v -1.207734 4.835008 0.727105
v -1.207734 4.854630 0.787494
v 1.341349 5.156847 0.834310
v 1.341349 5.106977 0.870543
v 1.341349 5.190831 0.612465
v 1.341349 5.209880 0.671091
v 1.341349 4.935359 0.870543
v 1.341349 4.885489 0.834310
v 1.341349 4.832455 0.671092
v 1.341349 4.851504 0.612465
v 1.341349 5.207328 0.727105
v 1.341349 5.187706 0.787494
v 1.341349 5.052917 0.885424
v 1.341349 4.989419 0.885424
v 1.341349 5.104472 0.531327
v 1.341349 5.155842 0.568650
v 1.341349 4.854630 0.787494
v 1.341349 4.835008 0.727105
v 1.341349 4.886493 0.568650
v 1.341349 4.937863 0.531327
v 1.341349 4.990346 0.511591
v 1.341349 5.051991 0.511591
v -1.113326 4.847329 0.772005
v -1.113326 4.833007 0.700000
v -1.113326 5.195004 0.627994
v -1.113326 5.209326 0.700000
v -1.113326 4.847329 0.627994
v -1.113326 5.195004 0.772005
v -1.113326 4.888117 0.566950
v -1.113326 5.154216 0.833049
v -1.113326 4.949162 0.526162
v -1.113326 5.093172 0.873837
v -1.113326 5.021166 0.511840
v -1.113326 5.021166 0.888160
v -1.113326 4.949162 0.873837
v -1.113326 5.093172 0.526162
v -1.113326 4.888117 0.833049
v -1.113326 5.154215 0.566950
v -1.398327 4.914265 0.958081
v -1.398327 5.021166 0.979345
v -1.398327 4.823639 0.897527
v -1.398327 4.763084 0.806900
v -1.398327 4.741820 0.699999
v -1.398327 4.763084 0.593098
v -1.398327 4.823639 0.502471
v -1.398327 4.914265 0.441916
v -1.398327 5.021166 0.420652
v -1.398327 5.128068 0.441916
v -1.398327 5.218694 0.502471
v -1.398327 5.279249 0.593098
v -1.398327 5.300513 0.699998
v -1.398327 5.279249 0.806900
v -1.398327 5.218694 0.897527
v -1.398327 5.128068 0.958081
v -1.113327 4.814301 0.785686
v -1.113327 5.228033 0.614313
v -1.113327 5.021166 0.923910
v -1.113327 4.797256 0.700000
v -1.113327 5.245077 0.700000
v -1.113327 4.814301 0.614313
v -1.113327 5.228033 0.785686
v -1.113327 4.862838 0.541671
v -1.113327 5.179495 0.858328
v -1.113327 4.935480 0.493133
v -1.113327 5.106853 0.906866
v -1.113327 5.021166 0.476089
v -1.113327 4.935480 0.906866
v -1.113327 5.106853 0.493133
v -1.113327 4.862838 0.858328
v -1.113327 5.179495 0.541671
v -1.398327 4.935480 0.906866
v -1.398327 5.021166 0.923910
v -1.398327 4.862838 0.858328
v -1.398327 4.814301 0.785686
v -1.398327 4.797256 0.700000
v -1.398327 4.814301 0.614313
v -1.398327 4.862838 0.541671
v -1.398327 4.935480 0.493133
v -1.398327 5.021166 0.476089
v -1.398327 5.106853 0.493133
v -1.398327 5.179495 0.541671
v -1.398327 5.228033 0.614313
v -1.398327 5.245077 0.700000
v -1.398327 5.228033 0.785686
v -1.398327 5.179495 0.858328
v -1.398327 5.106853 0.906866
v -1.852440 5.140400 1.499999
v -1.891182 5.021166 1.499999
v -1.751013 5.214091 1.499999
v -1.625643 5.214091 1.499999
v -1.524216 5.140400 1.499999
v -1.485474 5.021166 1.499999
v -1.524216 4.901931 1.499999
v -1.625643 4.828240 1.499999
v -1.751013 4.828240 1.500000
v -1.852440 4.901931 1.499999
v -1.852440 5.140400 1.699999
v -1.891182 5.021166 1.699999
v -1.719569 5.214091 1.668555
v -1.657087 5.214091 1.668555
v -1.524216 5.140400 1.699999
v -1.485474 5.021166 1.699999
v -1.524216 4.901931 1.699999
v -1.625643 4.828240 1.699999
v -1.751013 4.828240 1.699999
v -1.852440 4.901931 1.699999
v -1.446698 4.903076 0.451215
v -1.461804 4.856586 0.482848
v -1.499314 4.829332 0.502471
v -1.442623 4.915617 0.441916
v -1.446698 5.139257 0.948782
v -1.461803 5.185745 0.917150
v -1.499317 5.213000 0.897527
v -1.442624 5.126716 0.958081
v -1.409444 5.017734 0.421403
v -1.408328 5.021166 0.420653
v -1.408328 5.021166 0.420652
v -1.438619 4.927939 0.960801
v -1.408328 5.021166 0.979345
v -1.408328 5.021166 0.979345
v -1.442623 4.915617 0.958081
v -1.409444 5.024600 0.978595
v -1.438620 5.114393 0.439196
v -1.442624 5.126716 0.441916
v -1.474005 4.847721 0.912075
v -1.461804 4.856586 0.918247
v -1.499314 4.829332 0.897527
v -1.461803 5.185745 0.481749
v -1.474007 5.194613 0.487922
v -1.499317 5.213000 0.502471
v -1.541503 4.798680 0.848092
v -1.572806 4.775938 0.806900
v -1.541505 5.243652 0.551904
v -1.572809 5.266396 0.593098
v -1.583738 4.767995 0.762922
v -1.597865 4.757731 0.699999
v -1.583741 5.274338 0.637075
v -1.597868 5.284602 0.699998
v -1.587315 4.765396 0.657234
v -1.572806 4.775937 0.593098
v -1.587318 5.276937 0.742762
v -1.572809 5.266396 0.806900
v -1.528374 4.808219 0.539886
v -1.528378 5.234114 0.860110
v -1.968328 5.021166 0.086666
v -1.968328 5.021166 1.313333
v -1.914853 5.185745 1.313333
v -1.914853 5.185745 0.086666
v -1.774853 5.287461 1.313333
v -1.774853 5.287461 0.086666
v -1.601803 5.287461 1.313333
v -1.601803 5.287461 0.086666
v -1.461803 5.185745 1.313333
v -1.461803 5.185745 0.086666
v -1.408328 5.021166 1.313333
v -1.408328 5.021166 0.086666
v -1.461804 4.856586 1.313333
v -1.461804 4.856586 0.086666
v -1.601803 4.754870 1.313333
v -1.601803 4.754870 0.086666
v -1.774853 4.754870 1.313333
v -1.774853 4.754870 0.086666
v -1.914853 4.856586 1.313333
v -1.914853 4.856586 0.086666
v -1.719569 5.214091 1.631443
v -1.657087 5.214091 1.631443
v -1.751013 5.214091 1.699999
v -1.625643 5.214091 1.699999
v -1.625643 5.214091 1.599998
v -1.751013 5.214091 1.599998
v -1.713321 5.714091 1.664844
v -1.663335 5.714091 1.664844
v -1.663335 5.714091 1.635154
v -1.713321 5.714091 1.635154
v -2.156041 5.319362 1.412318
v -2.156041 5.213411 1.558000
v -2.156041 5.288329 1.515331
v -2.156041 4.833312 1.558000
v -2.156041 4.727361 1.412318
v -2.156041 4.758394 1.515331
v -2.156041 5.213411 -0.158000
v -2.156041 5.319362 -0.012318
v -2.156041 5.288329 -0.115331
v -2.156041 4.727361 -0.012318
v -2.156041 4.833312 -0.158000
v -2.156041 4.758394 -0.115331
v -2.756041 5.213411 1.558000
v -2.756041 5.319361 1.412318
v -2.756041 5.288329 1.515331
v -2.756041 4.727361 1.412318
v -2.756041 4.833312 1.558000
v -2.756041 4.758394 1.515331
v -2.756041 5.319361 -0.012318
v -2.756041 5.213411 -0.158000
v -2.756041 5.288329 -0.115331
v -2.756041 4.833312 -0.158000
v -2.756041 4.727361 -0.012318
v -2.756041 4.758394 -0.115331
v -3.036040 4.993362 0.067091
v -3.036040 5.059816 0.084897
v -3.036040 5.108464 0.133545
v -3.036040 5.126271 0.200000
v -3.036040 5.108464 0.266455
v -3.036040 5.059816 0.315103
v -3.036040 4.993362 0.332909
v -3.036040 4.926908 0.315103
v -3.036040 4.878259 0.266454
v -3.036040 4.860452 0.200000
v -3.036040 4.878259 0.133545
v -3.036040 4.926908 0.084897
v -2.856040 4.993362 0.018000
v -2.856040 5.084362 0.042383
v -2.856040 5.150978 0.109000
v -2.856040 5.175362 0.200000
v -2.856040 5.150978 0.291000
v -2.856040 5.084362 0.357617
v -2.856040 4.993362 0.382000
v -2.856040 4.902361 0.357617
v -2.856040 4.835745 0.291000
v -2.856040 4.811361 0.200000
v -2.856040 4.835745 0.109000
v -2.856040 4.902361 0.042383
v -2.756040 4.993362 -0.018400
v -2.756040 5.102562 0.010860
v -2.856040 5.102562 0.010860
v -2.756040 5.182501 0.090800
v -2.856040 5.182501 0.090800
v -2.756040 5.211762 0.200000
v -2.856040 5.211762 0.200000
v -2.756040 5.182501 0.309200
v -2.856040 5.182501 0.309200
v -2.756040 5.102562 0.389140
v -2.856040 5.102562 0.389140
v -2.756040 4.993362 0.418400
v -2.856040 4.993362 0.418400
v -2.756040 4.884161 0.389140
v -2.856040 4.884161 0.389140
v -2.756040 4.804220 0.309200
v -2.856040 4.804223 0.309200
v -2.756040 4.774962 0.200000
v -2.856040 4.774962 0.200000
v -2.756040 4.804220 0.090800
v -2.856040 4.804223 0.090800
v -2.756040 4.884161 0.010860
v -2.856040 4.884161 0.010860
v -2.856040 4.993362 -0.018400
v -2.336041 4.787362 -0.316000
v -2.576041 4.787362 -0.316000
v -2.336041 5.027362 -0.156000
v -2.336041 4.787362 -0.156000
v -2.576041 5.027362 -0.156000
v -2.576041 4.787362 -0.156000
v -2.336041 4.907362 -0.316000
v -2.576041 4.907362 -0.316000
v -2.576041 4.907362 -0.156000
v -2.336041 4.907362 -0.156000
v -2.756041 5.143362 1.299999
v -2.756041 4.903362 1.299999
v -2.756041 5.143362 0.500000
v -2.756041 4.903362 0.500000
v -2.856041 5.071821 1.228459
v -2.856041 4.974903 1.228459
v -2.856041 5.071821 0.571541
v -2.856041 4.974903 0.571541
v -3.036040 5.084362 0.042383
v -3.036040 4.993362 0.018000
v -3.036040 5.150978 0.109000
v -3.036040 5.175362 0.200000
v -3.036040 5.150978 0.291000
v -3.036040 5.084362 0.357617
v -3.036040 4.993362 0.382000
v -3.036040 4.902362 0.357617
v -3.036040 4.835745 0.291000
v -3.036040 4.811361 0.200000
v -3.036040 4.835745 0.109000
v -3.036040 4.902362 0.042383
v -2.936041 5.059816 0.084897
v -2.936041 4.993362 0.067091
v -2.936041 5.108464 0.133545
v -2.936041 5.126271 0.200000
v -2.936041 5.108464 0.266455
v -2.936041 5.059816 0.315103
v -2.936041 4.993362 0.332909
v -2.936041 4.926908 0.315103
v -2.936041 4.878259 0.266454
v -2.936041 4.860452 0.200000
v -2.936041 4.878259 0.133545
v -2.936041 4.926908 0.084897
v -2.856041 5.071821 0.899999
v -2.856041 4.974903 0.900000
v -2.856041 4.903362 0.500000
v -2.856041 5.143362 0.500000
v -2.856041 5.143362 0.899999
v -2.856041 4.903362 0.900000
v -2.856041 4.903362 1.299999
v -2.856041 5.143362 1.299999
v -2.856041 4.974903 0.735770
v -2.856041 5.071821 0.735770
v -2.856041 5.071821 1.064229
v -2.856041 4.974903 1.064229
v -2.786040 4.994287 0.604387
v -2.786040 5.052438 0.604387
v -2.786040 5.052438 0.702925
v -2.786040 4.994287 1.097075
v -2.786040 4.994287 1.195613
v -2.786040 5.052438 1.195613
v -2.786040 4.994287 0.702925
v -2.786040 5.052438 1.097075
v -1.706041 4.738361 0.086666
v -1.706041 4.738361 1.313333
v -1.870620 4.791835 1.313333
v -1.870620 4.791835 0.086666
v -1.972336 4.931836 1.313333
v -1.972336 4.931836 0.086666
v -1.972336 5.104885 1.313333
v -1.972336 5.104885 0.086666
v -1.870620 5.244885 1.313333
v -1.870620 5.244885 0.086666
v -1.706041 5.298360 1.313333
v -1.706041 5.298360 0.086666
v -1.541461 5.244885 1.313333
v -1.541461 5.244885 0.086666
v -1.439745 5.104885 1.313333
v -1.439745 5.104885 0.086666
v -1.439745 4.931836 1.313333
v -1.439745 4.931836 0.086666
v -1.541461 4.791836 1.313333
v -1.541461 4.791836 0.086666
v -1.706041 4.710361 -0.100001
v -1.887078 4.769183 -0.100001
v -1.825275 4.854248 1.499999
v -1.706041 4.815507 1.499999
v -1.706041 4.710361 1.313333
v -1.887078 4.769183 0.086666
v -1.998966 4.923183 -0.100001
v -1.898966 4.955675 1.499999
v -1.998966 4.923183 0.086666
v -1.998966 5.113538 -0.100001
v -1.898966 5.081046 1.499999
v -1.998966 5.113538 0.086666
v -1.887078 5.267538 -0.100001
v -1.825275 5.182473 1.499999
v -1.887078 5.267538 0.086666
v -1.706041 5.326361 -0.100001
v -1.706041 5.221214 1.499999
v -1.706041 5.326361 0.086666
v -1.525003 5.267538 -0.100001
v -1.586806 5.182473 1.499999
v -1.525003 5.267538 0.086666
v -1.413115 5.113538 -0.100001
v -1.513115 5.081046 1.499999
v -1.413115 5.113538 0.086666
v -1.413115 4.923183 -0.100001
v -1.513115 4.955675 1.500000
v -1.413115 4.923183 0.086666
v -1.525003 4.769183 -0.100001
v -1.586806 4.854249 1.499999
v -1.525003 4.769183 0.086666
v -1.706041 4.710361 0.086666
v -1.887078 4.769183 1.313333
v -1.998966 4.923183 1.313333
v -1.998966 5.113538 1.313333
v -1.887078 5.267538 1.313333
v -1.706041 5.326361 1.313333
v -1.525003 5.267538 1.313333
v -1.413115 5.113538 1.313333
v -1.413115 4.923183 1.313333
v -1.525003 4.769183 1.313333
v -1.887078 4.769183 1.499999
v -1.706041 4.710361 1.499999
v -1.998966 4.923183 1.499999
v -1.998966 5.113538 1.499999
v -1.887078 5.267538 1.499999
v -1.706041 5.326361 1.499999
v -1.525003 5.267538 1.499999
v -1.413115 5.113538 1.500000
v -1.413115 4.923183 1.500000
v -1.525003 4.769183 1.499999
v -2.156111 4.769183 0.086666
v -2.156111 4.769183 -0.100001
v -2.156111 4.923183 -0.100001
v -2.156111 4.923183 1.499999
v -2.156111 4.769183 1.499999
v -2.156111 4.923183 0.086666
v -2.156111 5.113538 0.086666
v -2.156111 5.113538 -0.100001
v -2.156111 5.267538 -0.100001
v -2.156111 5.267538 1.499999
v -2.156111 5.113538 1.499999
v -2.156111 5.267538 0.086666
v -2.156111 4.769183 1.313333
v -2.156111 4.923183 1.313333
v -2.156111 5.113538 1.313333
v -2.156111 5.267538 1.313333
v -3.498844 4.915747 0.869842
v -3.498844 4.915747 1.039842
v -3.412242 4.865747 0.869842
v -3.412242 4.865747 1.039842
v -3.412242 4.765747 0.869842
v -3.412242 4.765747 1.039842
v -3.498844 4.715747 0.869842
v -3.498844 4.715747 1.039842
v -3.585446 4.765747 0.869842
v -3.585446 4.765747 1.039842
v -3.585446 4.865747 0.869842
v -3.585446 4.865747 1.039842
v -3.498844 4.945747 0.870842
v -3.386261 4.880747 0.870842
v -3.386261 4.750747 0.870842
v -3.498844 4.685747 0.870842
v -3.611427 4.750747 0.870842
v -3.611427 4.880747 0.870842
v -3.498844 4.945747 0.728842
v -3.386261 4.880747 0.728842
v -3.386261 4.750747 0.728842
v -3.498844 4.685747 0.728842
v -3.611427 4.750747 0.728842
v -3.611427 4.880747 0.728842
v -3.663844 4.695747 0.899842
v -3.663844 4.695747 0.699842
v -3.333844 4.695747 0.899842
v -3.333844 4.695747 0.699842
v -3.386259 4.695747 0.699842
v -3.611430 4.695747 0.699842
v -3.611430 4.695747 0.899842
v -3.386259 4.695747 0.899842
v -3.663844 4.862816 0.899842
v -3.663844 4.915747 0.846910
v -3.663844 4.889281 0.892750
v -3.663844 4.908656 0.873376
v -3.663844 4.915747 0.752773
v -3.663844 4.862816 0.699842
v -3.663844 4.908656 0.726308
v -3.663844 4.889281 0.706933
v -3.333844 4.915747 0.846910
v -3.333844 4.862816 0.899842
v -3.333844 4.908656 0.873376
v -3.333844 4.889281 0.892750
v -3.333844 4.862816 0.699842
v -3.333844 4.915747 0.752773
v -3.333844 4.889281 0.706933
v -3.333844 4.908656 0.726308
v -3.611430 4.862816 0.699842
v -3.611430 4.915747 0.752773
v -3.611430 4.889281 0.706933
v -3.611430 4.908656 0.726308
v -3.386259 4.915747 0.752773
v -3.386259 4.862816 0.699842
v -3.386259 4.908656 0.726308
v -3.386259 4.889281 0.706933
v -3.386259 4.862816 0.899842
v -3.386259 4.915747 0.846910
v -3.386259 4.889281 0.892750
v -3.386259 4.908656 0.873376
v -3.611430 4.915747 0.846910
v -3.611430 4.862816 0.899842
v -3.611430 4.908656 0.873376
v -3.611430 4.889281 0.892750
v -3.328844 4.695747 0.699842
v -3.328844 4.695747 0.899842
v -3.668843 4.695747 0.699842
v -3.668843 4.695747 0.899842
v -3.358844 4.635747 0.729842
v -3.358844 4.635747 0.869842
v -3.638844 4.635747 0.869842
v -3.638844 4.635747 0.729842
v -3.328844 4.635747 0.699842
v -3.328844 4.635747 0.899842
v -3.668843 4.635747 0.899842
v -3.668843 4.635747 0.699842
v -3.358844 4.485747 0.729842
v -3.358844 4.485747 0.869842
v -3.638844 4.485747 0.869842
v -3.638844 4.485747 0.729842
v -3.612184 4.461168 -0.327262
v -3.465505 4.461168 -0.327262
v -3.357625 4.461168 -0.282577
v -3.253907 4.461168 -0.178859
v -3.209222 4.461168 -0.070979
v -3.209222 4.461168 0.075699
v -3.253907 4.461168 0.183579
v -3.357625 4.461168 0.287297
v -3.465505 4.461168 0.331982
v -3.612184 4.461168 0.331982
v -3.720063 4.461168 0.287297
v -3.823781 4.461168 0.183579
v -3.868466 4.461168 0.075699
v -3.868466 4.461168 -0.070979
v -3.823781 4.461168 -0.178859
v -3.720063 4.461168 -0.282577
v -3.253907 5.181170 -0.178859
v -3.357625 5.181170 -0.282577
v -3.465505 5.181170 -0.327262
v -3.612184 5.181170 -0.327262
v -3.209222 5.181170 0.075699
v -3.209222 5.181170 -0.070979
v -3.357625 5.181170 0.287297
v -3.253907 5.181170 0.183579
v -3.612184 5.181170 0.331982
v -3.465505 5.181170 0.331982
v -3.823781 5.181170 0.183579
v -3.720063 5.181170 0.287297
v -3.868466 5.181170 -0.070979
v -3.868466 5.181170 0.075699
v -3.720063 5.181170 -0.282577
v -3.823781 5.181170 -0.178859
v -3.491155 5.681170 -0.067288
v -3.469195 5.681170 -0.045329
v -3.554372 5.681170 -0.080610
v -3.523317 5.681170 -0.080610
v -3.455874 5.681170 -0.013168
v -3.455874 5.681170 0.017888
v -3.469195 5.681170 0.050049
v -3.491155 5.681170 0.072009
v -3.523317 5.681170 0.085330
v -3.554372 5.681170 0.085330
v -3.586533 5.681170 0.072009
v -3.608493 5.681170 0.050049
v -3.621814 5.681170 0.017888
v -3.621814 5.681170 -0.013168
v -3.608493 5.681170 -0.045329
v -3.586533 5.681170 -0.067288
v -3.469195 7.681169 -0.045332
v -3.491155 7.681169 -0.067291
v -3.523317 7.681169 -0.080613
v -3.554372 7.681169 -0.080613
v -3.455874 7.681169 0.017885
v -3.455874 7.681169 -0.013171
v -3.491155 7.681169 0.072006
v -3.469195 7.681169 0.050046
v -3.554372 7.681169 0.085327
v -3.523317 7.681169 0.085327
v -3.608493 7.681169 0.050046
v -3.586533 7.681169 0.072006
v -3.621814 7.681169 -0.013171
v -3.621814 7.681169 0.017885
v -3.586533 7.681169 -0.067291
v -3.608493 7.681169 -0.045332
v -3.574477 5.181170 -0.180522
v -3.503212 5.181170 -0.180522
v -3.434724 5.181170 -0.152153
v -3.384331 5.181170 -0.101761
v -3.355962 5.181170 -0.033273
v -3.355962 5.181170 0.037993
v -3.384331 5.181170 0.106481
v -3.434724 5.181170 0.156873
v -3.503212 5.181170 0.185242
v -3.574477 5.181170 0.185242
v -3.642965 5.181170 0.156873
v -3.693357 5.181170 0.106481
v -3.721726 5.181170 0.037993
v -3.721726 5.181170 -0.033273
v -3.693357 5.181170 -0.101761
v -3.642965 5.181170 -0.152153
v -3.384331 5.681170 -0.101761
v -3.434724 5.681170 -0.152153
v -3.503212 5.681170 -0.180522
v -3.574477 5.681170 -0.180522
v -3.355962 5.681170 0.037993
v -3.355962 5.681170 -0.033273
v -3.434724 5.681170 0.156873
v -3.384331 5.681170 0.106481
v -3.574477 5.681170 0.185242
v -3.503212 5.681170 0.185242
v -3.693357 5.681170 0.106481
v -3.642965 5.681170 0.156873
v -3.721726 5.681170 -0.033273
v -3.721726 5.681170 0.037993
v -3.642965 5.681170 -0.152153
v -3.693357 5.681170 -0.101761
v -4.284701 4.175652 -2.300000
v -4.284701 4.175652 -1.800000
v -1.884702 3.295651 -2.300000
v -1.884702 3.295651 -1.800000
v -1.884702 4.175652 -1.800000
v -1.884702 4.175652 -2.300000
v -1.178846 3.875651 -2.300000
v -1.178846 3.875651 -1.800000
v -1.178846 3.295651 -1.800000
v -1.178846 3.295651 -2.300000
v 0.281154 3.295651 -1.800000
v 0.281154 3.890651 -1.800000
v 0.281154 3.890651 -2.300000
v 0.281154 3.295651 -2.300000
v 2.381155 3.890651 -1.800000
v 2.381155 3.295651 -1.800000
v 2.381155 3.890651 -2.300000
v 2.381155 3.295651 -2.300000
v 1.731154 3.295651 -1.800000
v 1.731154 3.890651 -1.800000
v 2.381155 3.890651 -3.200000
v 2.181154 3.890651 -3.400000
v 2.322576 3.890651 -3.341421
v 2.181154 3.295651 -3.400000
v 2.381155 3.295651 -3.200000
v 2.322576 3.295651 -3.341421
v 1.931154 3.295651 -3.400000
v 1.789733 3.295651 -3.341421
v 1.931154 3.890651 -3.400000
v 1.789733 3.890651 -3.341421
v 1.731154 4.090652 -2.300000
v 2.381155 4.090652 -2.300000
v 2.322576 4.090651 -3.341421
v 2.381155 4.090651 -3.200000
v 2.181154 4.090651 -3.400000
v 1.789733 4.090651 -3.341421
v 1.931154 4.090651 -3.400000
v 1.731154 4.090651 -3.200000
v -4.284701 3.875651 -2.600000
v -1.884702 3.875651 -2.600000
v -1.884702 3.295651 -2.600000
v -4.284701 3.466354 -1.800000
v -4.113999 3.295651 -1.800000
v -4.284701 3.466354 -2.300000
v -4.113999 3.295651 -2.300000
v -4.113999 3.295651 -2.600000
v -4.284701 3.466354 -2.600000
v 1.731154 3.890651 -2.300000
v 1.731154 3.295651 -2.300000
v 1.731154 3.295651 -3.200000
v 1.731154 3.890651 -3.200000
v 1.731154 3.514132 -2.720000
v 1.731154 3.415651 -2.818480
v 1.731154 3.444494 -2.748844
v 1.731154 3.770651 -2.818480
v 1.731154 3.672169 -2.720000
v 1.731154 3.741807 -2.748844
v 1.731154 3.415651 -2.981519
v 1.731154 3.514132 -3.080000
v 1.731154 3.444494 -3.051156
v 1.731154 3.672169 -3.080000
v 1.731154 3.770651 -2.981519
v 1.731154 3.741807 -3.051156
v 0.831154 3.672169 -2.720000
v 0.831154 3.770651 -2.818480
v 0.831154 3.741807 -2.748844
v 0.831154 3.415651 -2.818480
v 0.831154 3.514132 -2.720000
v 0.831154 3.444494 -2.748844
v 0.831154 3.514132 -3.080000
v 0.831154 3.415651 -2.981519
v 0.831154 3.444494 -3.051156
v 0.831154 3.770651 -2.981519
v 0.831154 3.672169 -3.080000
v 0.831154 3.741807 -3.051156
v 2.131154 2.995651 -2.300000
v 2.131154 2.995651 -1.800000
v 1.731154 2.995651 -2.300000
v 1.731154 2.995651 -1.800000
v -4.284701 4.175652 2.300000
v -4.284701 4.175652 1.800000
v -1.884702 3.295651 2.300000
v -1.884702 3.295651 1.800000
v -1.884702 4.175652 1.800000
v -1.884702 4.175652 2.300000
v -1.178846 3.875651 2.300000
v -1.178846 3.875651 1.800000
v -1.178846 3.295651 1.800000
v -1.178846 3.295651 2.300000
v 0.281154 3.295651 1.800000
v 0.281154 3.890651 1.800000
v 0.281154 3.890651 2.300000
v 0.281154 3.295651 2.300000
v 2.381155 3.890651 1.800000
v 2.381155 3.295651 1.800000
v 2.381155 3.890651 2.300000
v 2.381155 3.295651 2.300000
v 1.731154 3.295651 1.800000
v 1.731154 3.890651 1.800000
v 2.381155 3.890651 3.200000
v 2.181154 3.890651 3.400000
v 2.322576 3.890651 3.341421
v 2.181154 3.295651 3.400000
v 2.381155 3.295651 3.200000
v 2.322576 3.295651 3.341421
v 1.931154 3.295651 3.400000
v 1.789733 3.295651 3.341421
v 1.931154 3.890651 3.400000
v 1.789733 3.890651 3.341421
v 1.731154 4.090652 2.300000
v 2.381155 4.090652 2.300000
v 2.322576 4.090652 3.341421
v 2.381155 4.090652 3.200000
v 2.181154 4.090652 3.400000
v 1.789733 4.090652 3.341421
v 1.931154 4.090652 3.400000
v 1.731154 4.090652 3.200000
v -4.284701 3.875651 2.600000
v -1.884702 3.875651 2.600000
v -1.884702 3.295651 2.600000
v -4.284701 3.466354 1.800000
v -4.113999 3.295651 1.800000
v -4.284701 3.466354 2.300000
v -4.113999 3.295651 2.300000
v -4.113999 3.295651 2.600000
v -4.284701 3.466354 2.600000
v 1.731154 3.890651 2.300000
v 1.731154 3.295651 2.300000
v 1.731154 3.295651 3.200000
v 1.731154 3.890651 3.200000
v 1.731154 3.514132 2.720000
v 1.731154 3.415651 2.818480
v 1.731154 3.444495 2.748844
v 1.731154 3.770651 2.818480
v 1.731154 3.672170 2.720000
v 1.731154 3.741807 2.748844
v 1.731154 3.415651 2.981519
v 1.731154 3.514132 3.080000
v 1.731154 3.444495 3.051156
v 1.731154 3.672170 3.080000
v 1.731154 3.770651 2.981519
v 1.731154 3.741807 3.051156
v 0.831154 3.672170 2.720000
v 0.831154 3.770651 2.818480
v 0.831154 3.741807 2.748844
v 0.831154 3.415651 2.818480
v 0.831154 3.514132 2.720000
v 0.831154 3.444495 2.748844
v 0.831154 3.514132 3.080000
v 0.831154 3.415651 2.981519
v 0.831154 3.444495 3.051156
v 0.831154 3.770651 2.981519
v 0.831154 3.672170 3.080000
v 0.831154 3.741807 3.051156
v 2.131154 2.995651 2.300000
v 2.131154 2.995651 1.800000
v 1.731154 2.995651 2.300000
v 1.731154 2.995651 1.800000
v -3.357924 4.883207 1.589842
v -3.496950 4.889959 1.589842
v -3.637775 4.886437 1.589842
v -3.361201 4.735460 1.589842
v -3.501436 4.742272 1.589842
v -3.637775 4.738638 1.589842
v -3.335645 4.697251 1.589842
v -3.330730 4.918855 1.589842
v -3.496728 4.926917 1.589842
v -3.501643 4.705312 1.589842
v -3.664166 4.922730 1.589842
v -3.664166 4.700980 1.589842
v -3.361201 4.735460 1.479841
v -3.357924 4.883207 1.479841
v -3.496950 4.889959 1.479841
v -3.501436 4.742272 1.479841
v -3.637775 4.886437 1.479841
v -3.637775 4.738638 1.479841
v -3.549942 4.911324 2.380660
v -3.447750 4.911324 2.380660
v -3.384623 4.911497 2.368104
v -3.290210 4.912041 2.328999
v -3.236693 4.912539 2.293242
v -3.164433 4.913542 2.220984
v -3.128673 4.914285 2.167470
v -3.089567 4.915597 2.073061
v -3.077010 4.916474 2.009937
v -3.077010 4.917894 1.907752
v -3.089567 4.918771 1.844625
v -3.121491 4.919934 1.746201
v -3.171614 4.920976 1.637177
v -3.245473 4.920452 1.589842
v -3.752219 4.921912 1.589842
v -3.826078 4.920976 1.637177
v -3.876201 4.919934 1.746201
v -3.908126 4.918771 1.844625
v -3.920683 4.917894 1.907752
v -3.920683 4.916474 2.009937
v -3.908126 4.915597 2.073061
v -3.869019 4.914285 2.167470
v -3.833259 4.913542 2.220984
v -3.760999 4.912539 2.293242
v -3.707482 4.912041 2.328999
v -3.613070 4.911497 2.368104
v -3.290210 4.690292 2.327427
v -3.384623 4.689748 2.366532
v -3.447750 4.689574 2.379088
v -3.549942 4.689574 2.379088
v -3.164433 4.691793 2.219414
v -3.236693 4.690788 2.291670
v -3.089567 4.693848 2.071491
v -3.128673 4.692536 2.165898
v -3.077010 4.696145 1.906180
v -3.077010 4.694725 2.008365
v -3.121631 4.698187 1.744693
v -3.089567 4.697022 1.843054
v -3.245473 4.698791 1.589842
v -3.171475 4.699224 1.637112
v -3.826217 4.699224 1.637112
v -3.752219 4.700163 1.589842
v -3.908126 4.697022 1.843054
v -3.876062 4.698187 1.744693
v -3.920683 4.694725 2.008365
v -3.920683 4.696145 1.906180
v -3.869019 4.692536 2.165898
v -3.908126 4.693848 2.071491
v -3.760999 4.690788 2.291670
v -3.833259 4.691793 2.219413
v -3.613070 4.689748 2.366532
v -3.707482 4.690292 2.327427
v -3.519593 4.760822 1.479841
v -3.478095 4.760822 1.479841
v -3.478095 4.760822 1.039842
v -3.519593 4.760822 1.039842
v -3.453019 4.779040 1.479841
v -3.440195 4.818508 1.479841
v -3.440195 4.818508 1.039842
v -3.453019 4.779040 1.039842
v -3.449773 4.847986 1.479841
v -3.483346 4.872378 1.479841
v -3.483346 4.872378 1.039842
v -3.449773 4.847986 1.039842
v -3.514341 4.872378 1.479841
v -3.547914 4.847986 1.479841
v -3.547914 4.847986 1.039842
v -3.514341 4.872378 1.039842
v -3.557492 4.818508 1.479841
v -3.544669 4.779040 1.479841
v -3.544669 4.779040 1.039842
v -3.557492 4.818508 1.039842
v -0.821497 4.484652 -0.560000
v -0.829549 4.484652 -1.000000
v -0.766898 4.734652 -1.000000
v -0.766898 4.734652 -0.560000
v 0.366154 4.734652 -0.560000
v 0.441154 4.484652 -0.560000
v 0.441154 4.484652 -1.000000
v 0.371154 4.734652 -1.000000
v 0.121154 4.484652 -1.000000
v 0.041154 4.484652 -0.560000
v 0.116154 4.734652 -0.560000
v 0.121154 4.734652 -1.000000
v 0.041154 4.484652 1.800000
v 0.116154 4.734652 1.799999
v 0.366154 4.734652 1.799999
v 0.441154 4.484652 1.800000
v 0.041154 4.084651 1.800000
v 0.441154 4.084651 1.800000
v 0.430469 4.520267 2.091563
v 0.441154 4.427869 2.120240
v 0.041154 4.427869 2.120240
v 0.051839 4.520267 2.091563
v 0.441154 4.381935 2.104254
v 0.441154 4.286339 2.038580
v 0.041154 4.286339 2.038580
v 0.041154 4.381935 2.104254
v -5.422009 3.525409 -1.300000
v -5.422009 3.525409 -0.000000
v -6.309894 4.588183 -0.000000
v -6.309894 4.588183 -1.300000
v -5.958952 4.777477 -1.029163
v -5.825127 4.849662 -1.247175
v -5.752499 4.888837 -1.300000
v -5.182339 5.192558 -0.151153
v -6.005947 4.752131 -0.772000
v -5.958952 4.777477 -0.514837
v -5.624843 4.957694 -0.151153
v -5.388590 5.085126 -0.100000
v -5.825127 4.849662 -0.296824
v -5.044171 3.790355 -0.772000
v -5.001648 3.820173 -0.514837
v -5.001648 3.820173 -1.029163
v -4.814834 3.951172 -1.300000
v -4.880552 3.905088 -1.247175
v -4.880552 3.905088 -0.296824
v -4.485541 4.182078 -0.100000
v -4.699320 4.032172 -0.151153
v -4.301764 4.311983 -0.151153
v -6.011681 4.747824 -0.000000
v -6.011681 4.747824 1.600000
v -5.066009 3.775409 1.600000
v -5.066009 3.775409 -0.000000
v -6.011681 4.747824 0.650000
v -5.066009 3.775409 0.650000
v -6.326749 4.538671 0.650000
v -6.326749 4.538671 1.600000
v -5.381076 3.566255 1.600000
v -5.381076 3.566255 0.650000
v -5.213109 5.179536 -0.000000
v -5.213109 5.179536 1.600000
v -4.301208 4.311409 1.600000
v -4.301208 4.311409 -0.000000
v -4.301208 4.311409 0.650000
v -5.213109 5.179536 0.649999
v -1.374344 4.486169 1.102360
v -1.374344 4.486169 0.302360
v -1.143344 4.486169 1.102360
v -1.143344 4.486169 0.302360
v -1.374344 4.920357 0.943374
v -1.374344 4.777793 0.800810
v -1.374344 4.834896 0.886271
v -1.374344 4.757741 0.700002
v -1.374344 4.777793 0.599194
v -1.374344 4.920357 0.456630
v -1.374344 4.834896 0.513733
v -1.143344 4.777793 0.599194
v -1.143344 4.834896 0.513733
v -1.143344 4.920357 0.456630
v -1.143344 4.920357 0.943374
v -1.143344 4.834896 0.886271
v -1.143344 4.757741 0.700002
v -1.143344 4.777793 0.800810
v 2.027669 2.885409 -1.200000
v 3.061155 4.485409 -1.800000
v 2.027669 2.885409 -0.000000
v 3.061155 4.485409 -0.000000
v 0.981154 2.885409 -1.200000
v -0.498846 2.885409 -1.200000
v -1.578846 2.885409 -1.200000
v -3.458846 2.885409 -1.200000
v -4.058846 4.485409 -1.800000
v -1.578846 4.485409 -1.800000
v -0.498846 4.485409 -1.800000
v 0.981154 4.485409 -1.800000
v -4.058846 4.485409 -0.000000
v -1.578846 4.485409 -0.000000
v -0.498846 4.485409 -0.000000
v 0.981154 4.485409 -0.000000
v -3.458846 2.885409 -0.000000
v 2.021154 4.485409 -1.800000
v 2.021154 4.485409 -0.000000
v -4.781232 2.932592 -1.650000
v -5.438847 3.525409 -1.800000
v -5.062145 3.025678 -1.650000
v -5.438847 3.525409 -0.000000
v -4.781232 2.932592 -0.000000
v -5.062145 3.025678 -0.000000
v 2.027669 2.885409 1.200000
v 3.061155 4.485409 1.800000
v 0.981154 2.885409 1.200000
v -0.498846 2.885409 1.200000
v -1.578846 2.885409 1.200000
v -3.458846 2.885409 1.200000
v -4.058846 4.485409 1.800000
v -1.578846 4.485409 1.800000
v -0.498846 4.485409 1.800000
v 0.981154 4.485409 1.800000
v 2.021154 4.485409 1.800000
v -4.781232 2.932592 1.650000
v -5.438847 3.525409 1.800000
v -5.062145 3.025678 1.650000
v 3.061155 3.502409 0.400000
v 3.061155 3.268409 0.400000
v 3.061155 3.502409 -1.600000
v 3.061155 3.268409 -1.600000
v 3.561155 3.437791 0.335382
v 3.561155 3.333028 0.335382
v 3.561155 3.502409 -1.600000
v 3.561155 3.268409 -1.600000
v 3.561155 3.333028 -0.535382
v 3.561155 3.437791 -0.535382
v 3.561155 3.268409 -0.600000
v 3.561155 3.268409 0.400000
v 3.561155 3.502409 0.400000
v 3.561155 3.502409 -0.600000
v 3.361154 3.333028 -0.535382
v 3.361154 3.333028 0.335382
v 3.361154 3.437791 0.335382
v 3.361154 3.437791 -0.535382
v -5.204532 3.072860 -1.800000
v -4.638846 2.885409 -1.800000
v -4.638846 2.885409 -0.000000
v -5.204532 3.072860 -0.000000
v -5.204532 3.072860 1.800000
v -4.638846 2.885409 1.800000
v -5.093600 2.930754 -1.650000
v -4.812687 2.837668 -1.650000
v -4.812687 2.837668 -0.000000
v -5.093600 2.930754 -0.000000
v -5.093600 2.930754 1.650000
v -4.812687 2.837668 1.650000
v 3.061155 2.885409 -0.000000
v 3.061155 2.885409 -1.800000
v 2.021154 2.885409 -1.800000
v 0.981154 2.885409 -1.800000
v -0.498846 2.885409 -1.800000
v -1.578846 2.885409 -1.800000
v -4.058846 2.885409 -1.800000
v -4.058846 2.885409 -0.000000
v 3.061155 2.885409 1.800000
v 2.021154 2.885409 1.800000
v 0.981154 2.885409 1.800000
v -0.498846 2.885409 1.800000
v -1.578846 2.885409 1.800000
v -4.058846 2.885409 1.800000
v 2.027669 3.085409 -0.000000
v 2.027669 3.085409 -1.200000
v 0.981154 3.085409 -1.200000
v -0.498846 3.085409 -1.200000
v -1.578846 3.085409 -1.200000
v -3.458846 3.085409 -1.200000
v -3.458846 3.085409 -0.000000
v 2.027669 3.085409 1.200000
v 0.981154 3.085409 1.200000
v -0.498846 3.085409 1.200000
v -1.578846 3.085409 1.200000
v -3.458846 3.085409 1.200000
v -2.818846 2.885409 -1.800000
v -2.818846 4.485409 -1.800000
v -2.818846 4.485409 -0.000000
v -2.818846 2.885409 1.800000
v -2.818846 4.485409 1.800000
v -2.518846 2.885409 -1.200000
v -2.518846 2.885409 1.200000
v -2.518846 3.085409 -1.200000
v -2.518846 3.085409 1.200000
v -2.818846 4.185410 -0.000000
v -1.578846 4.185410 -0.000000
v -2.818846 4.185410 1.800000
v -1.578846 4.185410 1.800000
v 3.061157 3.661169 1.502360
v 3.061157 3.661169 1.102360
v 3.170278 2.581169 1.457616
v 3.105899 2.581169 1.393239
v 3.105899 2.581169 1.211482
v 3.170278 2.581169 1.147104
v 3.416412 2.581169 1.393239
v 3.352035 2.581169 1.457616
v 3.352035 2.581169 1.147104
v 3.416412 2.581169 1.211482
v 3.061157 2.959169 1.411772
v 3.151743 2.959169 1.502360
v 3.061157 3.049757 1.502360
v 3.151743 2.959169 1.102360
v 3.061157 2.959169 1.192948
v 3.061157 3.049757 1.102360
v 3.461155 2.959169 1.192948
v 3.370568 2.959169 1.102360
v 3.461155 3.049757 1.102360
v 3.370568 2.959169 1.502360
v 3.461155 2.959169 1.411772
v 3.461155 3.049757 1.502360
v 3.461155 3.427587 1.430236
v 3.461155 3.427587 1.174484
v 3.461155 3.661169 1.102360
v 3.461155 3.661169 1.502360
v 3.461155 3.355463 1.502360
v 3.461155 3.355463 1.102360
v 3.661155 3.589046 1.174484
v 3.661155 3.589046 1.430236
v 3.561156 3.589046 1.174484
v 3.561156 3.589046 1.430236
v -5.438847 3.525409 0.900000
v -5.204532 3.072860 0.900000
v -5.619151 3.003683 1.029207
v -5.619151 3.003683 1.670793
v -5.734649 3.226753 1.029207
v -5.734649 3.226753 1.670793
v -1.143344 4.916168 0.302360
v -1.143344 4.916168 1.102360
v -1.374344 4.916168 0.302360
v -1.374344 4.916168 1.102360
v 3.634294 3.427587 1.430236
v 3.661155 3.427587 1.403375
v 3.661155 3.454448 1.430236
v 3.661155 3.427587 1.201345
v 3.634294 3.427587 1.174484
v 3.661155 3.454448 1.174484
v 3.588017 3.427587 1.174484
v 3.561156 3.427587 1.201345
v 3.534295 3.427587 1.174484
v 3.561156 3.454448 1.174484
v 3.561156 3.427587 1.403375
v 3.588017 3.427587 1.430236
v 3.561156 3.454448 1.430236
v 3.534295 3.427587 1.430236
v 3.634294 2.727587 1.174484
v 3.661155 2.727587 1.201345
v 3.661155 2.727587 1.403375
v 3.634294 2.727587 1.430236
v 3.561156 2.727587 1.201345
v 3.588017 2.727587 1.174484
v 3.588017 2.727587 1.430236
v 3.561156 2.727587 1.403375
v 3.151743 2.581169 1.102360
v 3.061157 2.581169 1.192948
v 3.461155 2.581169 1.192948
v 3.370568 2.581169 1.102360
v 3.370568 2.581169 1.502360
v 3.461155 2.581169 1.411772
v 3.061157 2.581169 1.411772
v 3.151743 2.581169 1.502360
v 3.170278 2.641169 1.147104
v 3.105899 2.641169 1.211482
v 3.416412 2.641169 1.211482
v 3.352035 2.641169 1.147104
v 3.352035 2.641169 1.457616
v 3.416412 2.641169 1.393239
v 3.105899 2.641169 1.393239
v 3.170278 2.641169 1.457616
v -5.559742 2.888944 0.900000
v -5.559742 2.888944 1.800000
v -5.794057 3.341492 0.900000
v -5.794057 3.341492 1.800000
v -5.530347 3.049662 1.029207
v -5.530347 3.049662 1.670793
v -5.645846 3.272732 1.029207
v -5.645846 3.272732 1.670793
v -4.590086 4.467057 -0.489219
v -4.554731 4.502413 -0.507387
v -5.332548 5.280231 -0.507387
v -5.367905 5.244875 -0.489219
v -4.520947 4.536198 -0.486613
v -4.508769 4.548375 -0.439219
v -5.286588 5.326193 -0.439219
v -5.298763 5.314016 -0.486613
v -4.538623 4.518521 -0.354780
v -4.573979 4.483165 -0.336613
v -5.351796 5.260983 -0.336613
v -5.316441 5.296339 -0.354780
v -4.607763 4.449381 -0.357387
v -4.619940 4.437204 -0.404781
v -5.397758 5.215022 -0.404781
v -5.385581 5.227198 -0.357387
v 1.563157 5.021169 1.123561
v 1.563157 5.021169 0.181161
v 1.578229 4.945398 1.123561
v 1.578229 4.945398 0.181161
v 1.621150 4.881162 1.123561
v 1.621150 4.881162 0.181161
v 1.685385 4.833217 1.123561
v 1.685385 4.833217 0.181161
v 1.761157 4.813217 1.123561
v 1.761157 4.833217 0.181161
v 1.836928 4.833217 1.123561
v 1.836928 4.833217 0.181161
v 1.901164 4.881162 1.123561
v 1.901164 4.881162 0.181161
v 1.944085 4.945398 1.123561
v 1.944085 4.945398 0.181161
v 1.959157 5.021169 1.123561
v 1.959157 5.021169 0.181161
v 1.944085 5.096940 1.123561
v 1.944085 5.096940 0.181161
v 1.901164 5.161176 1.123561
v 1.901164 5.161176 0.181161
v 1.836928 5.204097 1.123561
v 1.836928 5.204097 0.181161
v 1.761157 5.219169 1.123561
v 1.761157 5.219169 0.181161
v 1.685385 5.204097 1.123561
v 1.685385 5.204097 0.181161
v 1.621150 5.161176 1.123561
v 1.621150 5.161176 0.181161
v 1.578229 5.096940 1.123561
v 1.578229 5.096940 0.181161
v 1.563157 5.021169 0.962360
v 1.563157 5.021169 0.442360
v 1.578229 4.945398 0.442360
v 1.578229 4.945398 0.962360
v 1.621150 4.881162 0.962360
v 1.621150 4.881162 0.442360
v 1.685385 4.833217 0.962360
v 1.685385 4.833217 0.442360
v 1.761157 4.813217 0.962360
v 1.761157 4.833217 0.442360
v 1.836928 4.833217 0.962360
v 1.836928 4.833217 0.442360
v 1.901164 4.881162 0.962360
v 1.901164 4.881162 0.442360
v 1.944085 4.945398 0.442360
v 1.944085 4.945398 0.962360
v 1.959157 5.021169 0.442360
v 1.959157 5.021169 0.962360
v 1.944085 5.096940 0.442360
v 1.944085 5.096940 0.962360
v 1.901164 5.161176 0.442360
v 1.901164 5.161176 0.962360
v 1.836928 5.204097 0.962360
v 1.836928 5.204097 0.442360
v 1.761157 5.219169 0.962360
v 1.761157 5.219169 0.442360
v 1.685385 5.204097 0.962360
v 1.685385 5.204097 0.442360
v 1.621150 5.161176 0.962360
v 1.621150 5.161176 0.442360
v 1.578229 5.096940 0.962360
v 1.578229 5.096940 0.442360
v 1.685385 4.483217 0.181161
v 1.761157 4.483217 0.181161
v 1.836928 4.483217 0.181161
v 1.685385 4.483217 0.442360
v 1.761157 4.483217 0.442360
v 1.836928 4.483217 0.442360
v 1.615070 4.483567 1.123561
v 1.681843 4.483567 1.123561
v 1.760608 4.483567 1.123561
v 1.839372 4.483567 1.123561
v 1.906145 4.483567 1.123561
v 1.950761 4.483567 1.123561
v 1.760608 4.483567 0.962360
v 1.839372 4.483567 0.962360
v 1.681843 4.483567 0.962360
v 1.906145 4.483567 0.962360
v 1.950761 4.483567 0.962360
v 1.615070 4.483567 0.962360
v 2.536928 4.483217 0.442360
v 2.536928 4.483217 0.181161
v 2.536928 4.833217 0.442360
v 2.536928 4.833217 0.181161
v 0.889907 5.016259 0.081161
v 0.889907 5.092031 0.081161
v 0.889907 5.016259 0.342360
v 0.889907 5.092031 0.342360
v 1.185385 4.833217 0.181161
v 1.185385 4.833217 0.442360
v 1.185385 4.483217 0.181161
v 1.185385 4.483217 0.442360
v 1.461156 4.481168 1.362360
v 1.461156 5.281169 1.362360
v 1.461156 4.481168 1.122360
v 1.461156 5.281169 1.122360
v 2.261156 4.481168 1.362360
v 2.261156 5.281169 1.362360
v 2.261156 4.481168 1.122360
v 2.261156 5.281169 1.122360
v 0.717030 4.487568 0.034638
v 0.805282 4.487568 0.034638
v 0.805282 5.214768 0.034638
v 0.717030 5.214768 0.034638
v 0.855622 4.487568 0.055490
v 0.918026 4.487568 0.117893
v 0.918026 5.214768 0.117893
v 0.855622 5.214768 0.055490
v 0.938878 4.487568 0.168234
v 0.938878 4.487568 0.256486
v 0.938878 5.214768 0.256486
v 0.938878 5.214768 0.168234
v 0.918026 4.487568 0.306827
v 0.855622 4.487568 0.369231
v 0.855622 5.214768 0.369231
v 0.918026 5.214768 0.306827
v 0.805282 4.487568 0.390083
v 0.717030 4.487568 0.390083
v 0.717030 5.214768 0.390083
v 0.805282 5.214768 0.390083
v 0.666689 4.487568 0.369231
v 0.604285 4.487568 0.306827
v 0.604285 5.214768 0.306827
v 0.666689 5.214768 0.369231
v 0.583433 4.487568 0.256486
v 0.583433 4.487568 0.168234
v 0.583433 5.214768 0.168234
v 0.583433 5.214768 0.256486
v 0.604285 4.487568 0.117893
v 0.666689 4.487568 0.055490
v 0.666689 5.214768 0.055490
v 0.604285 5.214768 0.117893
v -5.998529 5.230088 0.840547
v -6.097440 5.173013 0.916851
v -6.163532 5.134877 1.031048
v -6.186739 5.121485 1.165753
v -6.163532 5.134877 1.300457
v -6.097440 5.173013 1.414654
v -5.998529 5.230088 1.490957
v -5.881855 5.297413 1.517753
v -5.765182 5.364738 1.490957
v -5.666270 5.421812 1.414654
v -5.600182 5.459949 1.300457
v -5.576973 5.473339 1.165753
v -5.600182 5.459949 1.031048
v -5.666270 5.421812 0.916851
v -5.765182 5.364738 0.840547
v -5.881855 5.297413 0.813753
v -6.119481 5.439695 0.840547
v -6.218390 5.382621 0.916851
v -6.284482 5.344484 1.031048
v -6.307690 5.331093 1.165753
v -6.284482 5.344484 1.300457
v -6.218390 5.382621 1.414654
v -6.119481 5.439695 1.490957
v -6.002807 5.507020 1.517753
v -5.886131 5.574344 1.490957
v -5.787221 5.631419 1.414654
v -5.721130 5.669555 1.300457
v -5.697924 5.682947 1.165753
v -5.721130 5.669555 1.031048
v -5.787221 5.631419 0.916851
v -5.886131 5.574344 0.840547
v -6.002807 5.507020 0.813753
v -6.103376 5.436288 0.870111
v -6.193295 5.384401 0.939479
v -6.253376 5.349733 1.043293
v -6.274476 5.337558 1.165753
v -6.253376 5.349733 1.288211
v -6.193295 5.384401 1.392027
v -6.103376 5.436288 1.461393
v -5.997308 5.497492 1.485753
v -5.891241 5.558696 1.461393
v -5.801322 5.610582 1.392027
v -5.741241 5.645251 1.288211
v -5.720142 5.657426 1.165753
v -5.741241 5.645251 1.043293
v -5.801322 5.610582 0.939479
v -5.891241 5.558696 0.870111
v -5.997308 5.497492 0.845753
v -5.859964 5.308615 0.907585
v -6.327171 6.069148 0.845752
v -5.817286 5.333238 0.913858
v -6.221105 6.130352 0.870109
v -6.131186 6.182239 0.939478
v -6.071104 6.216908 1.043292
v -5.662718 5.422432 1.200714
v -6.050005 6.229081 1.165752
v -5.671208 5.417534 1.232247
v -6.071104 6.216908 1.288210
v -6.131186 6.182239 1.392027
v -6.221105 6.130352 1.461393
v -5.902534 5.284046 1.423920
v -6.327171 6.069148 1.485753
v -5.945213 5.259424 1.417647
v -6.433239 6.007944 1.461393
v -6.523158 5.956059 1.392027
v -6.583241 5.921389 1.288211
v -6.099781 5.170231 1.130790
v -6.604338 5.909215 1.165753
v -6.091292 5.175128 1.099257
v -6.583241 5.921389 1.043293
v -6.523158 5.956059 0.939479
v -6.433239 6.007944 0.870109
v -5.859964 5.308615 0.879396
v -5.802687 5.341661 0.887814
v -5.624566 5.444442 1.200714
v -5.635960 5.437870 1.243036
v -5.902534 5.284046 1.452109
v -5.959814 5.251000 1.443691
v -6.137933 5.148219 1.130790
v -6.126541 5.154792 1.088469
v -5.650230 4.945193 0.879396
v -5.592951 4.978239 0.887814
v -5.414831 5.081021 1.200714
v -5.426225 5.074448 1.243036
v -5.692801 4.920624 1.452109
v -5.750079 4.887579 1.443691
v -5.928198 4.784797 1.130790
v -5.916804 4.791370 1.088469
v -5.650230 4.945193 0.907585
v -5.607552 4.969816 0.913858
v -5.452983 5.059011 1.200714
v -5.461473 5.054112 1.232247
v -5.692801 4.920624 1.423920
v -5.735478 4.896002 1.417647
v -5.890046 4.806808 1.130790
v -5.881557 4.811707 1.099257
v -4.252522 4.542858 -0.647087
v -5.266770 5.697447 -0.623676
v -4.302410 4.492970 -0.492442
v -5.328336 5.635882 -0.432838
v -4.390348 4.405031 -0.376569
v -5.436855 5.527362 -0.289846
v -4.502948 4.292431 -0.317109
v -5.575809 5.388411 -0.216468
v -4.623065 4.172314 -0.323112
v -5.724040 5.240179 -0.223877
v -4.732415 4.062964 -0.393666
v -5.858982 5.105236 -0.310944
v -4.814350 3.981029 -0.518030
v -5.960093 5.004125 -0.464414
v -4.856395 3.938984 -0.677269
v -6.011979 4.952240 -0.660922
v -4.852150 3.943229 -0.847142
v -6.006740 4.957479 -0.870553
v -4.802261 3.993119 -1.001786
v -5.945175 5.019045 -1.061390
v -4.714322 4.081058 -1.117659
v -5.836655 5.127564 -1.204383
v -4.601725 4.193656 -1.177120
v -5.697702 5.266516 -1.277761
v -4.481606 4.313774 -1.171116
v -5.549471 5.414747 -1.270351
v -4.372255 4.423123 -1.100562
v -5.414528 5.549690 -1.183285
v -4.290321 4.505058 -0.976199
v -5.313417 5.650801 -1.029815
v -4.248275 4.547104 -0.816959
v -5.261531 5.702686 -0.833306
v -4.375947 4.683495 -0.432838
v -4.314383 4.745059 -0.623676
v -4.182351 4.613029 -0.623676
v -4.243917 4.551463 -0.432838
v -4.352436 4.442944 -0.289846
v -4.491388 4.303991 -0.216468
v -4.639619 4.155760 -0.223877
v -4.774562 4.020817 -0.310944
v -4.875673 3.919706 -0.464414
v -4.927558 3.867821 -0.660922
v -4.922320 3.873059 -0.870553
v -4.860754 3.934625 -1.061390
v -4.752235 4.043144 -1.204383
v -4.613282 4.182097 -1.277760
v -4.465052 4.330328 -1.270351
v -4.330110 4.465271 -1.183285
v -4.228998 4.566382 -1.029815
v -4.177113 4.618267 -0.833306
v -4.040930 4.471607 -0.623676
v -4.102495 4.410041 -0.432838
v -4.498199 4.014339 -0.223877
v -4.633142 3.879396 -0.310944
v -4.780898 3.731638 -0.870553
v -4.719334 3.793204 -1.061390
v -4.323630 4.188906 -1.270351
v -4.188687 4.323849 -1.183285
v -4.111099 4.401437 -0.647087
v -4.160989 4.351548 -0.492442
v -4.481645 4.030893 -0.323112
v -4.590994 3.921542 -0.393666
v -4.710730 3.801808 -0.847142
v -4.660839 3.851698 -1.001786
v -4.340184 4.172352 -1.171116
v -4.230834 4.281702 -1.100562
v -4.484468 4.574974 -0.289846
v -4.623419 4.436022 -0.216468
v -4.771650 4.287791 -0.223877
v -4.884266 4.175175 -1.204383
v -4.992785 4.066656 -1.061390
v -4.906593 4.152848 -0.310944
v -5.007704 4.051737 -0.464414
v -4.309143 4.750299 -0.833306
v -4.361030 4.698412 -1.029815
v -4.462139 4.597302 -1.183285
v -4.745315 4.314128 -1.277760
v -4.597082 4.462359 -1.270351
v -5.054351 4.005090 -0.870553
v -5.059590 3.999852 -0.660922
v -5.090435 5.521112 -0.623676
v -5.152000 5.459547 -0.432838
v -5.260520 5.351027 -0.289846
v -5.399473 5.212074 -0.216468
v -5.547703 5.063843 -0.223877
v -5.660319 4.951228 -1.204383
v -5.768838 4.842710 -1.061390
v -5.682646 4.928901 -0.310944
v -5.783758 4.827790 -0.464414
v -5.085196 5.526351 -0.833306
v -5.137081 5.474465 -1.029815
v -5.238194 5.373354 -1.183285
v -5.521367 5.090181 -1.277761
v -5.373136 5.238412 -1.270351
v -5.830403 4.781143 -0.870553
v -5.835642 4.775905 -0.660922
v -5.392949 5.218599 -0.703581
v -4.616896 4.442546 -0.703581
v -4.269145 4.790298 -1.058762
v -5.045198 5.566349 -1.058762
v -5.058531 5.553015 -0.579058
v -4.282478 4.776962 -0.579058
v -5.447617 4.387878 -0.660922
v -5.442378 4.393117 -0.870553
v -5.641630 4.581891 -0.660922
v -5.636391 4.587131 -0.870553
v -5.159678 4.675817 -0.223877
v -5.294621 4.540875 -0.310944
v -5.353690 4.869830 -0.223877
v -5.488633 4.734888 -0.310944
v -5.588950 4.246545 -0.667986
v -5.583711 4.251784 -0.877616
v -5.782962 4.440558 -0.667986
v -5.777723 4.445797 -0.877616
v -5.353320 4.482174 -0.128986
v -5.218377 4.617117 -0.041920
v -5.412392 4.811131 -0.041920
v -5.547333 4.676188 -0.128986
v -5.417945 5.848622 -0.623676
v -5.479510 5.787057 -0.432838
v -5.588030 5.678537 -0.289846
v -5.726983 5.539584 -0.216468
v -5.875214 5.391355 -0.223877
v -6.010157 5.256412 -0.310944
v -6.111268 5.155300 -0.464414
v -6.163153 5.103415 -0.660922
v -6.157915 5.108653 -0.870552
v -6.096348 5.170219 -1.061390
v -5.987830 5.278738 -1.204382
v -5.848876 5.417690 -1.277761
v -5.700645 5.565922 -1.270352
v -5.565703 5.700864 -1.183285
v -5.528846 5.681651 -0.950000
v -5.528846 5.725586 -0.843934
v -5.528846 5.737721 -1.127344
v -5.413538 5.853028 -0.800000
v -5.528846 5.737721 -0.838908
v -5.434916 5.831651 -0.800000
v -5.302119 5.681651 -0.950000
v -5.344267 5.681651 -1.029815
v -5.290043 5.725586 -0.843934
v -5.310088 5.751243 -0.833306
v -5.528846 5.681651 -1.169896
v -5.392161 5.831651 -0.800000
v 4.612819 2.159352 2.450001
v 4.723711 2.366817 2.450001
v 4.612819 2.159352 2.450001
v 4.723711 2.366817 2.450001
v 1.716880 11.707384 -1.065168
v 1.634236 11.735283 -1.063883
v 1.824853 11.568737 -1.071244
v 1.717212 11.693279 -0.737471
v 1.634567 11.721178 -0.736187
v 1.786494 11.632746 -0.740147
v 1.818349 11.549507 -1.072065
v 1.818340 11.549538 -1.073267
v 1.786496 11.632694 -0.738950
v 1.818674 11.535330 -0.743173
v 1.717213 11.693228 -0.736274
v 1.634568 11.721127 -0.734990
v 1.818680 11.535402 -0.744369
v 1.616004 11.726320 -1.065454
v 1.616025 11.726278 -1.064252
v 1.824852 11.568789 -1.072445
v 1.716879 11.707436 -1.066368
v 1.634234 11.735334 -1.065084
v 2.506382 12.305610 -0.995391
v 2.528136 12.284489 -0.946095
v 2.469215 12.330214 -0.807276
v 2.425730 12.368204 -0.805537
v 2.367036 12.425225 -0.939429
v 2.388767 12.408356 -0.990463
v 2.528104 12.282089 -0.888517
v 2.506374 12.298960 -0.837482
v 2.388759 12.401706 -0.832555
v 2.367005 12.422826 -0.881850
v 2.425926 12.377102 -1.020670
v 2.469411 12.339111 -1.022409
v 2.487761 12.315884 -0.849644
v 2.510451 12.298268 -0.902932
v 2.384791 12.408045 -0.897733
v 2.407507 12.385991 -0.846259
v 2.470416 12.337167 -0.994348
v 2.425010 12.376836 -0.992533
v 2.510466 12.299405 -0.930207
v 2.487751 12.321459 -0.981680
v 2.424842 12.370283 -0.833591
v 2.470247 12.330614 -0.835407
v 2.407497 12.391566 -0.978296
v 2.384806 12.409182 -0.925007
v 0.152379 1.866458 -4.738950
v 0.041487 2.073923 -4.738950
v 0.152379 1.866458 -4.738950
v 0.041487 2.073923 -4.738950
v -4.021544 1.858302 -4.738949
v -4.135864 2.063898 -4.738949
v -4.021544 1.858302 -4.738949
v -4.135864 2.063898 -4.738949
v -6.230071 1.866459 4.738949
v -6.119179 2.073925 4.738949
v -6.230071 1.866459 4.738949
v -6.119179 2.073925 4.738949
vn 0.7071 -0.0000 -0.7071
vn 0.9659 -0.0000 -0.2588
vn -0.2588 -0.0000 -0.9659
vn 0.2588 -0.0000 -0.9659
vn -0.9659 -0.0000 -0.2588
vn -0.7071 -0.0000 -0.7071
vn 0.9659 -0.0000 0.2588
vn 0.7071 -0.0000 0.7071
vn -0.0000 0.7230 0.6908
vn -0.0000 0.9011 0.4336
vn -0.0000 0.4336 0.9011
vn -0.0000 0.1339 0.9910
vn -0.0000 -0.4742 -0.8804
vn -0.0000 -0.1789 -0.9839
vn -0.7071 -0.0000 0.7071
vn -0.9659 -0.0000 0.2588
vn 0.2588 -0.0000 0.9659
vn -0.2588 -0.0000 0.9659
vn -0.0000 0.3520 -0.9360
vn -0.0000 0.5878 -0.8090
vn -0.0001 0.3483 -0.9374
vn -0.0000 0.1789 -0.9839
vn -0.0000 0.4742 -0.8804
vn -0.0000 -0.9011 0.4336
vn -0.0000 -0.7230 0.6908
vn -0.0000 0.8804 -0.4742
vn -0.0000 0.6908 -0.7230
vn -0.0000 0.9839 0.1789
vn -0.0000 0.9910 -0.1339
vn -0.0000 -0.6908 -0.7230
vn -0.0000 -0.8804 -0.4742
vn -0.0000 -0.9910 -0.1339
vn -0.0000 -0.9839 0.1789
vn -0.0000 -0.0000 1.0000
vn -0.0000 -0.2654 0.9641
vn -0.0000 0.2654 0.9641
vn 0.0312 -0.0236 0.9992
vn 0.7365 -0.0309 0.6758
vn -0.0000 -0.9511 0.3090
vn -0.0000 -0.8349 0.5503
vn -0.0000 0.7814 -0.6240
vn -0.0000 0.9990 0.0455
vn -0.0000 0.9733 0.2297
vn -0.0001 0.9990 0.0456
vn -0.0000 -0.7814 -0.6240
vn -0.0000 0.9511 0.3090
vn -0.0000 0.8349 0.5504
vn -0.0000 -0.9990 0.0455
vn 0.0001 -0.9990 0.0454
vn 0.0001 -0.9733 0.2295
vn -0.0000 -0.5878 -0.8090
vn -0.0000 -0.3520 -0.9360
vn 0.7071 0.7071 -0.0000
vn 0.9659 0.2588 -0.0000
vn -0.2588 0.9659 -0.0000
vn 0.2588 0.9659 -0.0000
vn -0.9659 0.2588 -0.0000
vn -0.7071 0.7071 -0.0000
vn 0.9659 -0.2588 -0.0000
vn 0.7071 -0.7071 -0.0000
vn -0.7071 -0.7071 -0.0000
vn -0.9659 -0.2588 -0.0000
vn 0.2588 -0.9659 -0.0000
vn -0.2588 -0.9659 -0.0000
vn -0.0000 1.0000 -0.0000
vn -0.0000 -0.4336 0.9011
vn -0.0000 -0.1339 0.9910
vn 1.0000 -0.0000 -0.0000
vn -0.0000 -0.9239 0.3827
vn -0.0000 -1.0000 -0.0000
vn -0.0398 -0.7106 -0.7025
vn -0.0313 -0.5553 -0.8311
vn -0.0716 -0.5712 -0.8177
vn -0.0000 0.9239 -0.3827
vn -0.0000 -0.9239 -0.3827
vn -0.0000 0.9239 0.3827
vn -0.0000 -0.7071 -0.7071
vn -0.0000 0.7071 0.7071
vn -0.0000 -0.3827 -0.9239
vn -0.0000 0.3827 0.9239
vn -0.0000 -0.0000 -1.0000
vn -0.0000 -0.3827 0.9239
vn -0.0000 0.3827 -0.9239
vn -0.0000 -0.7071 0.7071
vn -0.0000 0.7071 -0.7071
vn -0.0459 0.7135 0.6992
vn -0.0313 0.5553 0.8311
vn -0.0716 0.5712 0.8177
vn -0.0026 -0.0015 -1.0000
vn -0.0042 -0.2007 -0.9796
vn -0.0000 -0.2164 -0.9763
vn -0.0094 -0.3876 0.9218
vn -0.0024 0.0014 1.0000
vn -0.0000 -0.1706 0.9853
vn -0.0024 0.0023 1.0000
vn -0.0267 0.4176 0.9082
vn -0.0041 0.2007 0.9796
vn 0.1863 0.2685 -0.9451
vn -0.0071 0.4150 -0.9098
vn -0.0380 -0.7157 0.6974
vn -0.0128 -0.4200 0.9074
vn -0.0169 -0.5555 0.8314
vn -0.0354 0.7130 -0.7003
vn -0.0196 0.5707 -0.8210
vn -0.0404 0.7748 -0.6309
vn -0.0243 -0.8623 0.5059
vn -0.0623 -0.9453 0.3203
vn -0.0625 0.9250 -0.3748
vn -0.0561 0.8436 -0.5340
vn -0.0697 -0.9236 0.3771
vn -0.0692 -0.9808 0.1822
vn -0.0760 -0.9971 -0.0048
vn -0.0771 0.9970 0.0018
vn -0.0697 0.9461 -0.3164
vn -0.0749 0.9796 -0.1867
vn -0.0779 -0.9970 0.0016
vn -0.0798 -0.9791 -0.1870
vn -0.0738 -0.9436 -0.3227
vn -0.0705 0.9236 0.3769
vn -0.0795 0.9968 0.0073
vn -0.0761 0.9790 0.1890
vn -0.0660 -0.9242 -0.3761
vn -0.0672 -0.8359 -0.5447
vn -0.0562 -0.7755 -0.6289
vn -0.0696 0.9453 0.3186
vn -0.0584 0.8351 0.5470
vn -0.5878 -0.8090 -0.0000
vn 0.9511 -0.3090 -0.0000
vn -0.9511 -0.3090 -0.0000
vn 0.5878 -0.8090 -0.0000
vn 0.5878 0.8090 -0.0000
vn -0.9511 0.3090 -0.0000
vn 0.9511 0.3090 -0.0000
vn -0.5878 0.8090 -0.0000
vn -0.0000 -0.2560 0.9667
vn -0.0000 0.2560 0.9667
vn -1.0000 -0.0000 -0.0000
vn -0.0000 -0.9893 -0.1458
vn -0.0000 -0.9893 0.1458
vn -0.0000 0.2560 -0.9667
vn -0.0000 -0.2560 -0.9667
vn -0.0000 0.9893 -0.1458
vn -0.0000 0.9575 -0.2884
vn -0.0000 0.4949 -0.8689
vn -0.0000 -0.9575 -0.2884
vn -0.0000 -0.4949 -0.8689
vn -0.0000 0.9893 0.1458
vn -0.0000 0.9575 0.2884
vn -0.0000 0.4949 0.8689
vn -0.0000 -0.9575 0.2884
vn -0.0000 -0.4949 0.8689
vn -0.0000 0.5000 -0.8660
vn -0.0000 0.8660 -0.5000
vn -0.0000 0.8660 0.5000
vn -0.0000 0.5000 0.8660
vn -0.0000 -0.5000 0.8660
vn -0.0000 -0.8660 0.5000
vn -0.0000 -0.8660 -0.5000
vn -0.0000 -0.5000 -0.8660
vn -0.0000 0.8000 -0.6000
vn -0.0288 0.0167 0.9994
vn -0.0288 -0.0167 0.9994
vn -0.0000 0.0333 0.9994
vn -0.0000 -0.0333 0.9994
vn 0.0288 0.0167 0.9994
vn 0.5000 0.8660 -0.0000
vn 0.5000 -0.8660 -0.0000
vn -0.5000 0.8660 -0.0000
vn -0.5000 -0.8660 -0.0000
vn 0.0288 -0.0167 0.9994
vn 0.5556 -0.0000 0.8315
vn 0.1951 -0.0000 0.9808
vn 0.8315 -0.0000 -0.5556
vn 0.9808 -0.0000 -0.1951
vn 0.9808 -0.0000 0.1951
vn 0.8315 -0.0000 0.5556
vn -0.9808 -0.0000 -0.1951
vn -0.8315 -0.0000 -0.5556
vn -0.1951 -0.0000 0.9808
vn -0.5556 -0.0000 0.8315
vn -0.5556 -0.0000 -0.8315
vn -0.1951 -0.0000 -0.9808
vn -0.8315 -0.0000 0.5556
vn -0.9808 -0.0000 0.1951
vn 0.1951 -0.0000 -0.9808
vn 0.5556 -0.0000 -0.8315
vn 0.3912 0.9203 -0.0000
vn -0.0103 0.9999 -0.0000
vn -0.0051 1.0000 -0.0000
vn 0.7682 -0.6402 -0.0000
vn 0.9239 -0.0000 -0.3827
vn 0.3827 -0.0000 -0.9239
vn -0.3827 -0.0000 -0.9239
vn -0.9239 -0.0000 -0.3827
vn 0.9239 -0.0000 0.3827
vn 0.3827 -0.0000 0.9239
vn -0.3827 -0.0000 0.9239
vn -0.9239 -0.0000 0.3827
vn -0.7674 -0.6411 -0.0000
vn -0.4731 0.8810 0.0014
vn -0.4747 0.8801 -0.0000
vn -0.5019 0.8650 -0.0000
vn -0.4756 0.8797 -0.0000
vn -0.1589 -0.1589 -0.9744
vn -0.0270 -0.0270 -0.9993
vn 0.0176 0.0176 -0.9997
vn 0.2576 0.2576 -0.9313
vn 0.2926 0.2926 -0.9104
vn 0.4924 0.4924 -0.7177
vn 0.5131 0.5131 -0.6881
vn 0.6511 0.6511 -0.3902
vn 0.6572 0.6572 -0.3691
vn 0.6572 0.6572 0.3691
vn 0.6511 0.6511 0.3902
vn 0.5131 0.5131 0.6881
vn 0.4924 0.4924 0.7177
vn 0.3929 0.3929 0.8315
vn -0.5531 0.8331 -0.0000
vn -0.5148 0.8573 -0.0000
vn -0.7169 -0.6972 -0.0000
vn -0.4745 0.8803 0.0017
vn -0.4716 0.8818 -0.0067
vn 0.6790 0.7106 0.1845
vn 0.6976 0.7164 0.0078
vn 0.7071 0.7071 0.0001
vn -0.2992 0.9542 -0.0000
vn -0.1593 -0.9872 -0.0000
vn -0.8880 -0.4598 -0.0000
vn -0.5711 0.8209 -0.0000
vn 0.0001 -1.0000 -0.0000
vn -0.0001 1.0000 -0.0000
vn -0.5350 0.8449 -0.0000
vn -0.4598 0.8880 -0.0000
vn -0.5165 0.8563 -0.0000
vn -0.3145 -0.9492 -0.0000
vn -0.5774 -0.5773 0.5773
vn -0.5774 -0.5773 -0.5773
vn 0.5774 -0.5774 -0.5773
vn 0.5774 -0.5773 0.5773
vn 0.4598 -0.8880 -0.0000
vn -0.9239 -0.3827 -0.0000
vn -0.9808 -0.1951 -0.0000
vn -0.7253 -0.6884 -0.0000
vn -0.9591 -0.2830 -0.0000
vn -0.5982 -0.8014 -0.0000
vn 0.5981 -0.8014 -0.0000
vn 0.7253 -0.6884 -0.0000
vn 0.9239 -0.3827 -0.0000
vn 0.9959 -0.0908 -0.0000
vn 0.9239 0.3827 -0.0000
vn 0.3827 0.9239 -0.0000
vn -0.3827 0.9239 -0.0000
vn 0.0480 -0.0095 -0.9988
vn -0.8315 0.5556 -0.0000
vn -0.9239 0.3827 -0.0000
vn 0.0073 -1.0000 -0.0000
vn -0.9999 0.0153 -0.0000
vn 0.0565 -0.0105 -0.9983
vn 0.1467 -0.0020 -0.9892
vn -0.0566 0.0105 0.9983
vn -0.1467 0.0020 0.9892
vn -0.1469 -0.0000 0.9891
vn -0.0071 1.0000 -0.0000
vn 0.9999 0.0145 -0.0000
vn -0.4748 0.8801 0.0007
vn -0.4736 0.8807 -0.0003
vn -0.4757 0.8796 0.0040
vn -0.4766 0.8791 0.0021
vn -0.4655 0.8849 -0.0185
vn 0.6895 0.7243 -0.0000
vn 0.3315 0.1913 -0.9239
vn 0.6125 0.3534 -0.7071
vn 0.8002 0.4617 -0.3827
vn 0.8661 0.4998 -0.0000
vn 0.8002 0.4617 0.3827
vn 0.6125 0.3534 0.7071
vn 0.3315 0.1913 0.9239
vn -0.3315 -0.1913 0.9239
vn -0.6125 -0.3534 0.7071
vn -0.8002 -0.4617 0.3827
vn -0.8661 -0.4998 -0.0000
vn -0.8002 -0.4617 -0.3827
vn -0.6125 -0.3534 -0.7071
vn -0.4998 0.8661 -0.0000
vn -0.3315 -0.1913 -0.9239
vn 0.4998 -0.8661 -0.0000
vn 0.6882 0.6882 0.2296
vn 0.5737 0.5737 0.5846
vn 0.3718 0.3718 0.8506
vn 0.1134 0.1134 0.9871
vn -0.1624 -0.1624 0.9733
vn -0.2075 -0.2075 0.9560
vn -0.4133 -0.4133 0.8113
vn -0.4134 -0.4134 0.8113
vn -0.6014 -0.6014 0.5259
vn -0.6980 -0.6980 0.1603
vn -0.6980 -0.6979 0.1604
vn -0.3718 -0.3718 -0.8506
vn -0.1134 -0.1134 -0.9871
vn 0.6980 0.6980 -0.1603
vn 0.6014 0.6014 -0.5259
vn 0.3546 0.3546 -0.8652
vn -0.5737 -0.5737 -0.5846
vn -0.6882 -0.6882 -0.2296
vn 0.1624 0.1624 -0.9733
vn 0.4134 0.4134 -0.8113
vn -0.6760 -0.6760 -0.2935
vn 0.3745 0.3745 -0.8482
vn 0.2075 0.2075 -0.9560
vn -0.5998 -0.5998 -0.5296
vn 0.5998 0.5998 0.5296
vn 0.6760 0.6760 0.2935
vn -0.3745 -0.3745 0.8482
vn -0.6889 -0.6889 0.2253
vn -0.4504 -0.4504 0.7709
vn -0.0250 -0.0250 0.9994
vn -0.0999 -0.0999 0.9900
vn -0.7067 -0.7067 -0.0353
vn -0.2935 -0.2935 0.9098
vn -0.6433 -0.6433 -0.4151
vn 0.0250 0.0250 -0.9994
vn 0.2225 0.3098 0.9244
vn 0.6433 0.6433 0.4151
vn 0.6624 0.6624 -0.3498
vn 0.5173 0.5173 -0.6817
vn 0.7071 0.7071 -0.0054
vn 0.7067 0.7067 0.0353
vn -0.0000 0.9808 -0.1951
vn -0.0000 0.2903 -0.9569
vn -0.0000 0.2900 -0.9570
vn -0.0000 0.9716 -0.2366
vn -0.0000 0.6566 -0.7543
vn -0.0000 0.3454 -0.9384
vn -0.0000 -0.8349 0.5504
vn -0.0000 -0.9509 0.3094
vn -0.0000 -0.6566 -0.7543
vn -0.0267 -0.4176 -0.9082
vn -0.0118 -0.3859 -0.9225
vn -0.0118 0.3859 0.9225
vn -0.0445 0.7885 0.6134
vn -0.0000 0.0276 -0.9996
vn -0.0032 -0.2042 0.9789
vn -0.0000 0.0681 0.9977
vn -0.0118 0.3859 -0.9225
vn -0.0277 -0.5792 0.8147
vn -0.0437 -0.7758 0.6295
vn 0.5877 0.8091 -0.0012
vn 0.6863 0.7209 0.0970
vn -0.0480 0.0095 0.9988
vn -0.9593 -0.2825 -0.0000
vn 0.0566 -0.0105 -0.9983
vn 0.1469 -0.0000 -0.9891
vn 0.1467 -0.0019 -0.9892
vn 0.9959 -0.0905 -0.0000
vn -0.4998 0.8662 -0.0000
vn 0.4998 -0.8662 -0.0000
vn -0.1727 -0.0494 -0.9837
vn -0.1002 -0.1002 0.9899
vn -0.2078 -0.2078 0.9558
vn 0.5803 0.5803 -0.5715
vn 0.0001 0.3827 -0.9239
vn -0.6565 -0.7538 -0.0295
vn -0.6566 -0.7537 -0.0291
vn -0.6559 -0.7542 -0.0308
vn -0.6558 -0.7542 -0.0324
vn -0.6558 -0.7543 -0.0311
vn -0.6559 -0.7541 -0.0328
vn -0.6566 -0.7534 -0.0344
vn -0.6565 -0.7536 -0.0340
vn -0.6589 -0.7515 -0.0349
vn -0.6578 -0.7524 -0.0350
vn -0.6575 -0.7527 -0.0350
vn -0.6578 -0.7527 -0.0285
vn -0.6575 -0.7529 -0.0285
vn -0.6592 -0.7512 -0.0349
vn -0.6591 -0.7515 -0.0285
vn -0.6607 -0.7499 -0.0326
vn -0.6601 -0.7504 -0.0339
vn -0.6600 -0.7505 -0.0342
vn -0.6589 -0.7517 -0.0285
vn -0.6601 -0.7506 -0.0294
vn -0.6600 -0.7507 -0.0291
vn -0.6609 -0.7498 -0.0323
vn -0.6607 -0.7500 -0.0306
vn -0.6609 -0.7499 -0.0310
vn 0.3827 -0.9239 -0.0000
vn -0.3827 -0.9239 -0.0000
vn -0.3090 -0.9511 -0.0000
vn -0.1564 -0.9877 -0.0000
vn -0.1564 0.9877 -0.0000
vn -0.3090 0.9511 -0.0000
vn 0.3090 0.9511 -0.0000
vn 0.8090 0.5878 -0.0000
vn 0.8090 -0.5878 -0.0000
vn 0.3090 -0.9511 -0.0000
vn -0.2902 -0.0068 0.9570
vn -0.0981 -0.0071 0.9952
vn -0.2904 -0.0068 0.9569
vn 0.7732 -0.0045 0.6341
vn 0.8818 -0.0033 0.4717
vn 0.8821 -0.0033 0.4711
vn 0.9571 -0.0021 0.2899
vn 0.9951 -0.0007 0.0984
vn 0.9952 -0.0007 0.0976
vn 0.9951 0.0007 -0.0984
vn 0.9675 0.0018 -0.2527
vn 0.9676 0.0015 -0.2526
vn 0.9313 0.0013 -0.3643
vn 0.7537 0.0010 -0.6572
vn 0.7543 0.0007 -0.6565
vn 0.2785 -0.0000 -0.9604
vn 0.2832 0.0002 -0.9591
vn -0.2793 -0.0000 -0.9602
vn -0.7546 0.0012 -0.6562
vn -0.9313 0.0013 -0.3643
vn -0.7532 0.0004 -0.6578
vn -0.9675 0.0018 -0.2527
vn -0.9951 0.0007 -0.0984
vn -0.9676 0.0015 -0.2526
vn -0.9951 -0.0007 0.0984
vn -0.9571 -0.0021 0.2899
vn -0.9952 -0.0007 0.0976
vn -0.8817 -0.0033 0.4717
vn -0.7732 -0.0045 0.6341
vn -0.8821 -0.0033 0.4711
vn -0.6342 -0.0055 0.7732
vn -0.4716 -0.0063 0.8818
vn -0.6346 -0.0055 0.7728
vn -0.0017 -0.9999 -0.0122
vn 0.0039 -0.9997 -0.0254
vn 0.0021 -0.9999 -0.0114
vn 0.4716 -0.0063 0.8818
vn 0.6342 -0.0055 0.7732
vn 0.6346 -0.0055 0.7728
vn 0.0981 -0.0071 0.9952
vn 0.2902 -0.0068 0.9570
vn 0.2904 -0.0068 0.9569
vn -0.0980 -0.0071 0.9952
vn 0.4712 -0.0063 0.8820
vn 0.7728 -0.0045 0.6346
vn 0.9568 -0.0021 0.2907
vn 0.9952 0.0007 -0.0976
vn 0.9308 0.0021 -0.3655
vn -0.2824 0.0002 -0.9593
vn -0.9308 0.0022 -0.3655
vn -0.9952 0.0007 -0.0976
vn -0.9568 -0.0021 0.2907
vn -0.7728 -0.0045 0.6346
vn -0.4712 -0.0063 0.8820
vn -0.0025 0.9999 0.0104
vn -0.0006 0.9999 0.0147
vn 0.0001 0.9999 0.0133
vn -0.9492 0.3145 -0.0000
vn 0.9492 -0.3145 -0.0000
vn 0.9492 -0.3146 -0.0000
vn -0.1560 -0.9878 -0.0000
vn -0.1560 0.9878 -0.0000
vn -0.0000 -0.9999 -0.0139
vn -0.0000 -0.9999 -0.0138
vn -0.0000 -0.9999 -0.0140
vn 0.0001 -0.9999 -0.0140
vn 0.0001 -0.9999 -0.0139
vn -0.0038 -0.9999 -0.0137
vn -0.0161 -0.9997 -0.0171
vn -0.0039 -0.9999 -0.0147
vn 0.0093 -0.9999 -0.0053
vn -0.0072 -0.9992 -0.0400
vn -0.0001 -0.9999 -0.0139
vn 0.0038 -0.9999 -0.0137
vn 0.0147 -0.9998 -0.0152
vn 0.0161 -0.9997 -0.0171
vn 0.0171 -0.9997 -0.0176
vn 0.0171 -0.9997 -0.0175
vn 0.0980 -0.0071 0.9952
vn -0.0000 0.9999 0.0139
vn -0.0000 0.9999 0.0138
vn -0.0000 0.9999 0.0140
vn -0.0001 0.9999 0.0136
vn -0.0001 0.9999 0.0138
vn -0.0008 0.9999 0.0134
vn -0.0038 0.9999 0.0137
vn -0.0165 0.9997 0.0172
vn -0.0187 0.9997 0.0182
vn 0.0054 1.0000 -0.0024
vn -0.0021 0.9995 0.0327
vn 0.0024 0.9999 0.0129
vn 0.0099 0.9998 0.0147
vn 0.0167 0.9997 0.0172
vn -0.0093 0.9999 0.0053
vn -0.9744 -0.0112 0.2245
vn 0.9744 -0.0112 -0.2245
vn 0.2928 -0.0112 -0.9561
vn -0.6816 -0.0112 -0.7316
vn -0.0000 0.6660 -0.7460
vn -0.0000 0.6686 -0.7437
vn -0.0008 0.6601 -0.7512
vn 0.6460 0.6660 0.3730
vn 0.6477 0.6667 0.3687
vn 0.6496 0.6674 0.3641
vn 0.6461 0.6659 -0.3730
vn 0.6478 0.6652 -0.3713
vn 0.6454 0.6681 -0.3704
vn -0.6460 0.6660 -0.3730
vn -0.6467 0.6638 -0.3758
vn -0.6521 0.6717 -0.3515
vn -0.6460 0.6660 0.3730
vn -0.6451 0.6628 0.3801
vn -0.6429 0.6690 0.3730
vn -0.0000 0.6660 0.7460
vn -0.0000 0.6585 0.7526
vn 0.0001 0.6619 0.7496
vn 1.0000 0.0001 0.0001
vn 1.0000 0.0002 0.0001
vn 1.0000 -0.0001 0.0001
vn 1.0000 -0.0002 0.0001
vn -1.0000 -0.0001 0.0001
vn -1.0000 -0.0002 0.0001
vn 1.0000 0.0002 -0.0001
vn 1.0000 0.0001 -0.0001
vn 1.0000 -0.0000 -0.0002
vn -1.0000 0.0002 0.0001
vn -1.0000 0.0002 -0.0000
vn 1.0000 -0.0000 0.0002
vn -1.0000 -0.0002 -0.0000
vn 1.0000 -0.0002 -0.0001
vn 1.0000 -0.0001 -0.0001
vn -1.0000 -0.0002 -0.0001
vn -1.0000 -0.0000 -0.0002
vn -1.0000 0.0002 -0.0001
vn -1.0000 0.0001 -0.0002
vn 0.6816 -0.0112 0.7316
vn -0.8660 -0.0000 0.5000
vn 0.8660 -0.0000 0.5000
vn 0.8660 -0.0000 -0.5000
vn -0.8660 -0.0000 -0.5000
vn -0.2928 -0.0112 0.9561
vn 0.6816 -0.0112 -0.7316
vn 0.4983 -0.0818 -0.8631
vn 0.2928 -0.0112 0.9561
vn 0.4983 -0.0818 0.8631
vn -0.6816 -0.0112 0.7316
vn -0.4983 -0.0818 0.8631
vn -0.9744 -0.0112 -0.2245
vn -0.9966 -0.0819 -0.0000
vn 0.9744 -0.0112 0.2245
vn 0.9966 -0.0820 -0.0000
vn -0.2928 -0.0112 -0.9561
vn -0.4983 -0.0818 -0.8631
vn -1.0000 -0.0001 -0.0001
vn -1.0000 -0.0001 -0.0002
vn -1.0000 -0.0000 0.0002
vn -1.0000 0.0001 0.0001
vn -1.0000 0.0001 0.0002
vn -1.0000 0.0001 -0.0001
vn -1.0000 -0.0001 0.0002
vn -0.0000 0.0074 -1.0000
vn 0.9999 0.0125 -0.0000
vn -0.9999 0.0125 -0.0000
vn -0.0000 0.0074 1.0000
vn 0.0266 -0.9996 -0.0000
vn -0.0109 -0.9999 -0.0000
vn -0.0485 -0.9988 -0.0000
vn 0.9998 -0.0222 -0.0000
vn 0.0118 0.9999 -0.0000
vn -0.0250 0.9997 -0.0000
vn 0.0485 0.9988 -0.0000
vn 0.9612 0.2757 0.0037
vn 0.9587 0.2843 0.0036
vn 0.9630 0.2696 -0.0000
vn -0.0000 -0.7637 0.6456
vn -0.0001 -0.6713 0.7412
vn 0.9985 0.0532 0.0094
vn 0.9811 0.1934 0.0014
vn 0.9848 0.1733 0.0149
vn -0.9811 0.1934 0.0014
vn -0.9985 0.0532 0.0094
vn 0.9578 0.2873 0.0054
vn -0.9578 0.2873 -0.0000
vn 0.9578 0.2873 -0.0000
vn -0.0000 -0.3287 0.9444
vn -0.0000 -0.4515 0.8923
vn -0.9747 0.2234 0.0060
vn -0.9724 0.2331 0.0118
vn -0.9699 0.2430 0.0177
vn -0.0000 0.2964 0.9551
vn -0.0000 -0.6709 0.7415
vn -0.0000 0.8057 0.5924
vn -0.9848 0.1733 0.0149
vn -0.7328 0.6690 -0.1244
vn -0.6718 0.7042 -0.2299
vn -0.7542 0.6566 -0.0000
vn -0.7328 0.6690 0.1244
vn -0.6718 0.7042 0.2299
vn -0.4726 0.8191 0.3251
vn -0.3649 0.8813 0.3003
vn -0.5804 0.7569 0.3003
vn -0.2735 0.9340 0.2299
vn 0.8002 0.4618 0.3827
vn 0.8002 0.4618 -0.3827
vn -0.2125 0.9692 0.1244
vn -0.1911 0.9816 -0.0000
vn -0.2125 0.9692 -0.1244
vn -0.2735 0.9340 -0.2299
vn -0.3649 0.8813 -0.3003
vn -0.4726 0.8191 -0.3251
vn -0.5804 0.7569 -0.3003
vn 0.8271 0.4773 0.2968
vn -0.8271 -0.4773 -0.2968
vn 0.1094 0.0631 -0.9920
vn 0.4997 -0.8662 -0.0000
vn -0.2219 -0.1281 0.9666
vn -0.1094 -0.0631 0.9920
vn 0.2219 0.1281 -0.9666
vn 0.7271 0.4196 0.5433
vn -0.7271 -0.4196 -0.5434
vn -0.7271 -0.4196 -0.5433
vn -0.0012 0.6568 -0.7540
vn -0.0000 0.6661 -0.7459
vn -0.0000 0.6700 -0.7424
vn 0.6514 0.6682 0.3595
vn 0.6486 0.6672 0.3662
vn 0.6450 0.6691 -0.3692
vn 0.6460 0.6660 -0.3730
vn 0.6487 0.6649 -0.3702
vn -0.6552 0.6743 -0.3405
vn -0.6470 0.6626 -0.3773
vn -0.6411 0.6706 0.3732
vn -0.6446 0.6612 0.3838
vn 0.0001 0.6598 0.7514
vn -0.0000 0.6661 0.7459
vn -0.0000 0.6544 0.7561
vn -0.9770 0.2134 -0.0000
vn -0.2669 -0.9637 -0.0000
vn -0.2669 0.9637 -0.0000
vn -0.4248 -0.0000 0.9053
vn -0.4248 -0.0000 -0.9053
vn 0.5774 -0.5774 0.5773
vn 0.0004 -0.7071 -0.7071
vn -0.5773 -0.5774 -0.5774
vn 0.5773 -0.5773 0.5774
vn -0.6325 -0.6325 -0.4472
vn -0.2819 -0.2819 0.9171
vn -0.2820 -0.2820 0.9171
vn 0.6325 0.6325 0.4472
vn 0.2819 0.2819 -0.9171
vn -0.2415 -0.2415 -0.9399
vn 0.6646 0.6646 -0.3415
vn 0.2415 0.2415 0.9399
vn -0.6646 -0.6646 0.3415
vn -0.0005 -0.7071 -0.7071
vn 0.5773 -0.5774 -0.5774
vn -0.5773 -0.5773 0.5774
vn -0.0000 0.9659 -0.2588
vn -0.0000 0.2588 -0.9659
vn -0.0000 0.9659 0.2588
vn -0.0000 0.2588 0.9659
vn -0.0000 0.9997 0.0263
vn -0.0000 0.5556 0.8315
vn -0.0000 0.5556 -0.8315
vn -0.0000 0.9996 -0.0271
vn 0.2935 0.2935 -0.9098
vn 0.7066 0.7066 0.0393
vn -0.1800 -0.1800 0.9670
vn -0.6853 0.7072 -0.1740
vn -0.6989 0.7098 -0.0874
vt 0.392537 0.758622
vt 0.291720 0.768847
vt 0.291720 0.758622
vt 0.392537 0.732610
vt 0.291720 0.742835
vt 0.291720 0.732610
vt 0.291720 0.862667
vt 0.392537 0.872892
vt 0.291720 0.872892
vt 0.392537 0.784633
vt 0.291720 0.794858
vt 0.291720 0.784633
vt 0.004109 0.663742
vt 0.493790 0.674512
vt 0.004109 0.674513
vt 0.004109 0.651898
vt 0.493789 0.641126
vt 0.493789 0.651898
vt 0.004109 0.537759
vt 0.493789 0.526988
vt 0.493789 0.537760
vt 0.392537 0.836656
vt 0.291720 0.846881
vt 0.291720 0.836656
vt 0.392537 0.810645
vt 0.291720 0.820869
vt 0.291720 0.810645
vt 0.301302 0.471804
vt 0.277569 0.472260
vt 0.301228 0.467929
vt 0.493790 0.515146
vt 0.004109 0.504372
vt 0.493790 0.504375
vt 0.004109 0.595542
vt 0.493789 0.606314
vt 0.004109 0.606313
vt 0.004109 0.481403
vt 0.493790 0.492177
vt 0.004109 0.492174
vt 0.004109 0.686711
vt 0.493790 0.697482
vt 0.004109 0.697482
vt 0.004109 0.549958
vt 0.493789 0.560730
vt 0.004109 0.560729
vt 0.004109 0.572572
vt 0.493789 0.583344
vt 0.004109 0.583344
vt 0.420326 0.471597
vt 0.396522 0.471638
vt 0.404816 0.464764
vt 0.444129 0.471970
vt 0.420320 0.467710
vt 0.420388 0.467710
vt 0.372717 0.471679
vt 0.388029 0.456329
vt 0.396500 0.459428
vt 0.253836 0.472716
vt 0.254995 0.444777
vt 0.491733 0.472716
vt 0.468369 0.444389
vt 0.468865 0.444363
vt 0.348912 0.471721
vt 0.333620 0.456424
vt 0.347162 0.443733
vt 0.467931 0.472343
vt 0.444320 0.459761
vt 0.452834 0.456781
vt 0.372177 0.443689
vt 0.372668 0.443722
vt 0.325107 0.471763
vt 0.301295 0.467917
vt 0.317254 0.464917
vt 0.165313 0.795121
vt 0.288084 0.787174
vt 0.288084 0.795121
vt 0.165313 0.820827
vt 0.288084 0.812880
vt 0.288084 0.820827
vt 0.288084 0.846533
vt 0.165313 0.838586
vt 0.288084 0.838586
vt 0.165313 0.769414
vt 0.288084 0.761467
vt 0.288084 0.769415
vt 0.165313 0.872239
vt 0.288084 0.864292
vt 0.288084 0.872239
vt 0.165313 0.743708
vt 0.288084 0.735761
vt 0.288084 0.743708
vt 0.392537 0.820869
vt 0.392537 0.768847
vt 0.392537 0.846881
vt 0.392537 0.862667
vt 0.392537 0.794858
vt 0.392537 0.742835
vt 0.291720 0.716824
vt 0.392537 0.716824
vt 0.288084 0.718002
vt 0.165313 0.735761
vt 0.165313 0.718002
vt 0.165313 0.787173
vt 0.165313 0.864292
vt 0.165313 0.846533
vt 0.165313 0.761467
vt 0.165313 0.812880
vt 0.186087 0.946254
vt 0.195229 0.940309
vt 0.202907 0.953608
vt 0.252466 0.946254
vt 0.243325 0.940309
vt 0.252466 0.924328
vt 0.241683 0.945015
vt 0.246393 0.958634
vt 0.237762 0.951806
vt 0.192634 0.914851
vt 0.213994 0.902519
vt 0.215593 0.913407
vt 0.251912 0.949076
vt 0.251912 0.924410
vt 0.004109 0.709326
vt 0.004109 0.618157
vt 0.004109 0.515144
vt 0.004109 0.526988
vt 0.493789 0.628928
vt 0.004109 0.641127
vt 0.004109 0.628928
vt 0.186087 0.924328
vt 0.193188 0.912029
vt 0.202907 0.916974
vt 0.235647 0.953608
vt 0.226377 0.969515
vt 0.226955 0.958626
vt 0.245366 0.958552
vt 0.226377 0.901067
vt 0.245366 0.912029
vt 0.235647 0.916974
vt 0.243325 0.930273
vt 0.226955 0.911955
vt 0.211599 0.958626
vt 0.211599 0.911955
vt 0.212176 0.969515
vt 0.212176 0.901067
vt 0.193188 0.958552
vt 0.195229 0.930273
vt 0.225032 0.970967
vt 0.225032 0.902519
vt 0.246393 0.914851
vt 0.237762 0.921680
vt 0.241682 0.928470
vt 0.223434 0.960078
vt 0.223434 0.913407
vt 0.213994 0.970967
vt 0.215593 0.960078
vt 0.201264 0.921680
vt 0.201264 0.951806
vt 0.192634 0.958634
vt 0.197344 0.928470
vt 0.197344 0.945015
vt 0.187115 0.924410
vt 0.187115 0.949075
vt 0.493790 0.663740
vt 0.493789 0.595542
vt 0.493790 0.481405
vt 0.493790 0.686710
vt 0.493789 0.549958
vt 0.493789 0.572572
vt 0.493790 0.709324
vt 0.493789 0.618156
vt 0.155895 0.173063
vt 0.160594 0.183837
vt 0.155895 0.182902
vt 0.126244 0.153251
vt 0.137017 0.148552
vt 0.136083 0.153251
vt 0.152130 0.191992
vt 0.156113 0.194654
vt 0.106431 0.173063
vt 0.101732 0.183837
vt 0.101732 0.172128
vt 0.117154 0.198949
vt 0.125309 0.207413
vt 0.114492 0.202933
vt 0.110196 0.163973
vt 0.106213 0.161311
vt 0.145172 0.157016
vt 0.156113 0.161311
vt 0.152130 0.163973
vt 0.145172 0.198949
vt 0.147834 0.202933
vt 0.147834 0.153032
vt 0.117154 0.157016
vt 0.114492 0.153032
vt 0.110196 0.191992
vt 0.106213 0.194654
vt 0.137017 0.207413
vt 0.136083 0.202714
vt 0.160594 0.172128
vt 0.125309 0.148552
vt 0.106431 0.182902
vt 0.126244 0.202714
vt 0.065109 0.422735
vt 0.005089 0.404337
vt 0.065109 0.404337
vt 0.069165 0.223033
vt 0.078882 0.228850
vt 0.076601 0.237444
vt 0.065109 0.275545
vt 0.005089 0.257147
vt 0.065109 0.257147
vt 0.005089 0.385938
vt 0.065109 0.385938
vt 0.005089 0.238748
vt 0.065109 0.238748
vt 0.005089 0.367539
vt 0.065109 0.367539
vt 0.065109 0.220349
vt 0.005089 0.220349
vt 0.005089 0.349140
vt 0.065109 0.349140
vt 0.005089 0.201950
vt 0.065109 0.201950
vt 0.005089 0.330742
vt 0.065109 0.330742
vt 0.065109 0.183551
vt 0.005089 0.165153
vt 0.065109 0.165153
vt 0.005089 0.183551
vt 0.065109 0.312343
vt 0.005089 0.312343
vt 0.065109 0.146754
vt 0.005089 0.146754
vt 0.005089 0.293944
vt 0.065109 0.293944
vt 0.005089 0.441134
vt 0.005089 0.422736
vt 0.005089 0.275545
vt 0.092451 0.231988
vt 0.105912 0.228122
vt 0.098203 0.235831
vt 0.102069 0.222370
vt 0.115985 0.223949
vt 0.114636 0.217164
vt 0.126888 0.223949
vt 0.128238 0.217164
vt 0.136961 0.228122
vt 0.140805 0.222370
vt 0.144671 0.235831
vt 0.150423 0.231988
vt 0.148843 0.245904
vt 0.155629 0.244555
vt 0.148843 0.256807
vt 0.150423 0.270724
vt 0.155629 0.258157
vt 0.140805 0.280342
vt 0.144671 0.266880
vt 0.128238 0.285548
vt 0.136961 0.274590
vt 0.114636 0.285548
vt 0.126888 0.278762
vt 0.102069 0.280342
vt 0.115985 0.278762
vt 0.092451 0.270724
vt 0.105912 0.274590
vt 0.087245 0.258157
vt 0.098203 0.266880
vt 0.087245 0.244555
vt 0.094030 0.256807
vt 0.094030 0.245904
vt 0.072517 0.356599
vt 0.082846 0.361387
vt 0.081476 0.370220
vt 0.069343 0.256321
vt 0.071036 0.255772
vt 0.070870 0.256310
vt 0.077810 0.406516
vt 0.076216 0.389861
vt 0.077744 0.389714
vt 0.081111 0.372670
vt 0.077851 0.389132
vt 0.075382 0.270976
vt 0.075977 0.272919
vt 0.079480 0.423165
vt 0.084560 0.405666
vt 0.088581 0.416250
vt 0.069082 0.289787
vt 0.078861 0.283868
vt 0.084598 0.289151
vt 0.072759 0.156585
vt 0.093745 0.167033
vt 0.097844 0.174628
vt 0.069244 0.306520
vt 0.091168 0.298013
vt 0.071168 0.173154
vt 0.099039 0.181551
vt 0.100535 0.191410
vt 0.069844 0.323242
vt 0.096069 0.305172
vt 0.097997 0.311967
vt 0.070012 0.189758
vt 0.098664 0.197976
vt 0.096049 0.207804
vt 0.070961 0.339938
vt 0.100535 0.321666
vt 0.099359 0.328428
vt 0.069370 0.206390
vt 0.089136 0.217216
vt 0.084596 0.223706
vt 0.097784 0.338530
vt 0.091868 0.348671
vt 0.196142 0.175568
vt 0.164234 0.155566
vt 0.196143 0.155566
vt 0.114432 0.319400
vt 0.164234 0.355584
vt 0.133454 0.377947
vt 0.196143 0.235573
vt 0.164234 0.215571
vt 0.196143 0.215571
vt 0.196143 0.295579
vt 0.180188 0.275577
vt 0.196143 0.275577
vt 0.196143 0.355584
vt 0.164234 0.335582
vt 0.196143 0.335582
vt 0.196143 0.195570
vt 0.164234 0.195570
vt 0.196143 0.255575
vt 0.164234 0.255575
vt 0.196143 0.315581
vt 0.164234 0.315581
vt 0.164234 0.175568
vt 0.164234 0.235573
vt 0.180188 0.295579
vt 0.200912 0.003544
vt 0.181279 0.142712
vt 0.181279 0.003544
vt 0.024216 0.142712
vt 0.004584 0.003544
vt 0.024216 0.003544
vt 0.043849 0.142712
vt 0.043849 0.003544
vt 0.063482 0.142712
vt 0.063482 0.003544
vt 0.083115 0.142712
vt 0.083115 0.003544
vt 0.102748 0.142712
vt 0.102748 0.003544
vt 0.122381 0.142712
vt 0.122381 0.003544
vt 0.142013 0.142712
vt 0.142013 0.003544
vt 0.161646 0.142712
vt 0.161646 0.003544
vt 0.164234 0.275577
vt 0.164234 0.295579
vt 0.169251 0.290562
vt 0.169251 0.280593
vt 0.175172 0.280593
vt 0.175172 0.290562
vt 0.665727 0.005684
vt 0.611350 0.091520
vt 0.611350 0.005684
vt 0.918102 0.331582
vt 0.678715 0.342299
vt 0.693452 0.262047
vt 0.897260 0.091520
vt 0.693452 0.005684
vt 0.897260 0.005684
vt 0.672611 0.106677
vt 0.911997 0.095960
vt 0.897260 0.176212
vt 0.979363 0.091520
vt 0.924986 0.005684
vt 0.979363 0.005684
vt 0.912652 0.262047
vt 0.897260 0.262047
vt 0.991697 0.091520
vt 0.991697 0.005684
vt 0.912652 0.091520
vt 0.912652 0.005684
vt 0.924986 0.091520
vt 0.678061 0.176211
vt 0.693452 0.176211
vt 0.599016 0.005684
vt 0.599016 0.091520
vt 0.678061 0.091520
vt 0.678061 0.005684
vt 0.258875 0.357840
vt 0.285331 0.408386
vt 0.258875 0.408386
vt 0.285331 0.357840
vt 0.311786 0.408386
vt 0.311786 0.357840
vt 0.338242 0.408386
vt 0.338242 0.357840
vt 0.364697 0.408386
vt 0.364697 0.357840
vt 0.391153 0.408386
vt 0.391153 0.357840
vt 0.417608 0.408386
vt 0.444064 0.357840
vt 0.444064 0.408386
vt 0.470519 0.357840
vt 0.470519 0.408386
vt 0.496975 0.408386
vt 0.523431 0.357839
vt 0.523431 0.408386
vt 0.924365 0.100143
vt 0.955999 0.121907
vt 0.924365 0.121907
vt 0.205964 0.357839
vt 0.232419 0.408386
vt 0.205964 0.408386
vt 0.232420 0.357840
vt 0.883271 0.568775
vt 0.921231 0.492855
vt 0.921231 0.568775
vt 0.883271 0.492855
vt 0.921231 0.442241
vt 0.883271 0.619389
vt 0.921231 0.619389
vt 0.832657 0.568775
vt 0.832657 0.492855
vt 0.984498 0.492855
vt 0.959192 0.442241
vt 0.959192 0.619389
vt 0.589823 0.263610
vt 0.559994 0.263709
vt 0.570975 0.252729
vt 0.615606 0.278610
vt 0.585804 0.278610
vt 0.630434 0.252728
vt 0.611586 0.263610
vt 0.656316 0.237900
vt 0.641415 0.263709
vt 0.641316 0.212117
vt 0.641316 0.233880
vt 0.630434 0.193269
vt 0.656316 0.208098
vt 0.615605 0.167388
vt 0.641415 0.182288
vt 0.589823 0.182388
vt 0.611586 0.182388
vt 0.570975 0.193269
vt 0.585803 0.167388
vt 0.545093 0.208098
vt 0.559994 0.182289
vt 0.560093 0.212117
vt 0.545093 0.237900
vt 0.560093 0.233881
vt 0.924365 0.143670
vt 0.955999 0.165434
vt 0.924365 0.165434
vt 0.924365 0.296015
vt 0.955999 0.317778
vt 0.924365 0.317778
vt 0.924365 0.230724
vt 0.955999 0.252488
vt 0.924365 0.252488
vt 0.955999 0.143670
vt 0.955999 0.187197
vt 0.924365 0.187197
vt 0.955999 0.339542
vt 0.924365 0.339542
vt 0.955999 0.274251
vt 0.924365 0.274251
vt 0.955998 0.208961
vt 0.924365 0.208961
vt 0.955999 0.361305
vt 0.924365 0.361305
vt 0.955999 0.296015
vt 0.955998 0.230724
vt 0.541738 0.087194
vt 0.588977 0.039021
vt 0.588977 0.087194
vt 0.541738 0.039021
vt 0.588977 -0.000747
vt 0.541572 0.087669
vt 0.588812 0.039497
vt 0.588812 0.087669
vt 0.541572 0.127438
vt 0.541572 0.039497
vt 0.588812 -0.000272
vt 0.541738 0.126962
vt 0.466339 0.122937
vt 0.408615 0.105003
vt 0.421944 0.097306
vt 0.524066 0.105004
vt 0.466340 0.138329
vt 0.408617 0.038349
vt 0.421947 0.046045
vt 0.510736 0.097309
vt 0.524066 0.038350
vt 0.315163 0.413381
vt 0.242367 0.346737
vt 0.315163 0.346737
vt 0.315163 0.146804
vt 0.242367 0.080160
vt 0.315163 0.080160
vt 0.315163 0.280093
vt 0.242367 0.213449
vt 0.315163 0.213449
vt 0.315163 0.013516
vt 0.242367 0.013516
vt 0.242367 0.280093
vt 0.242367 0.146804
vt 0.466342 0.020415
vt 0.466342 0.005023
vt 0.468574 0.380887
vt 0.395853 0.506845
vt 0.323131 0.380887
vt 0.510737 0.046047
vt 0.486496 0.626068
vt 0.480132 0.990685
vt 0.480132 0.626068
vt 0.511954 0.626046
vt 0.505589 0.990662
vt 0.505589 0.626045
vt 0.499225 0.626057
vt 0.492861 0.990673
vt 0.492861 0.626056
vt 0.448311 0.626102
vt 0.441946 0.990718
vt 0.441946 0.626102
vt 0.473768 0.626079
vt 0.467403 0.990696
vt 0.467403 0.626079
vt 0.435582 0.626113
vt 0.429218 0.990730
vt 0.429218 0.626113
vt 0.564851 0.531597
vt 0.586265 0.498749
vt 0.619113 0.520163
vt 0.461039 0.626091
vt 0.454675 0.990707
vt 0.454675 0.626090
vt 0.486496 0.990685
vt 0.422853 0.626124
vt 0.410125 0.626136
vt 0.416489 0.990741
vt 0.410125 0.990752
vt 0.448311 0.990719
vt 0.473768 0.990696
vt 0.416489 0.626124
vt 0.915487 0.899106
vt 0.892992 0.933611
vt 0.892992 0.899106
vt 0.627008 0.983904
vt 0.643537 0.961354
vt 0.643537 0.983904
vt 0.853659 0.756442
vt 0.886387 0.610523
vt 0.886387 0.756442
vt 0.627008 0.812597
vt 0.599461 0.944825
vt 0.599461 0.812597
vt 0.599461 0.983904
vt 0.993561 0.963618
vt 0.937487 0.992622
vt 0.908483 0.963618
vt 0.853659 0.802644
vt 0.886387 0.802644
vt 0.937487 0.895376
vt 0.892992 0.833419
vt 0.915487 0.833419
vt 0.993561 0.754224
vt 0.936037 0.754224
vt 0.853659 0.898209
vt 0.886387 0.898209
vt 0.827353 0.685157
vt 0.800838 0.705866
vt 0.800838 0.685157
vt 0.827352 0.653605
vt 0.685377 0.368814
vt 0.710421 0.336258
vt 0.710421 0.368814
vt 0.915487 0.768185
vt 0.936037 0.614039
vt 0.993561 0.614039
vt 0.853659 0.993119
vt 0.723619 0.653605
vt 0.736877 0.642999
vt 0.736877 0.653605
vt 0.745612 0.716520
vt 0.742506 0.695763
vt 0.753112 0.685157
vt 0.723619 0.685157
vt 0.736877 0.685157
vt 0.744994 0.653605
vt 0.753112 0.653605
vt 0.744994 0.685157
vt 0.715502 0.653605
vt 0.715502 0.685157
vt 0.707385 0.653605
vt 0.800838 0.653605
vt 0.772599 0.339192
vt 0.775533 0.358797
vt 0.765516 0.368814
vt 0.744994 0.642999
vt 0.720438 0.368814
vt 0.715502 0.642999
vt 0.753112 0.642999
vt 0.659658 0.653605
vt 0.707385 0.642999
vt 0.723619 0.642999
vt 0.800838 0.642999
vt 0.650383 0.944825
vt 0.627008 0.944825
vt 0.906023 0.756442
vt 0.682339 0.812597
vt 0.672934 0.944825
vt 0.599461 0.997205
vt 0.627008 0.997205
vt 0.643537 0.997205
vt 0.659658 0.685157
vt 0.827353 0.727077
vt 0.827353 0.705866
vt 0.784929 0.727077
vt 0.800838 0.727077
vt 0.800838 0.742986
vt 0.827353 0.742986
vt 0.892034 0.768185
vt 0.914528 0.802690
vt 0.892034 0.802690
vt 0.654861 0.984488
vt 0.638333 0.961938
vt 0.654861 0.945409
vt 0.852935 0.610850
vt 0.885662 0.756769
vt 0.852935 0.756769
vt 0.682409 0.945409
vt 0.654861 0.813180
vt 0.682409 0.813180
vt 0.682409 0.984488
vt 0.937269 0.613896
vt 0.993343 0.642900
vt 0.908266 0.642900
vt 0.885662 0.802971
vt 0.852935 0.802971
vt 0.937269 0.711142
vt 0.993343 0.711142
vt 0.892034 0.868377
vt 0.914528 0.868377
vt 0.993343 0.852294
vt 0.935819 0.852294
vt 0.885662 0.898535
vt 0.852935 0.898535
vt 0.780109 0.836908
vt 0.800818 0.810393
vt 0.800818 0.836908
vt 0.832370 0.810393
vt 0.710536 0.368483
vt 0.685492 0.335927
vt 0.710536 0.335927
vt 0.914528 0.933611
vt 0.935819 0.992479
vt 0.885662 0.993445
vt 0.842976 0.900869
vt 0.832370 0.914127
vt 0.832370 0.900869
vt 0.790212 0.895240
vt 0.769455 0.892134
vt 0.766349 0.836908
vt 0.800818 0.914127
vt 0.832370 0.892752
vt 0.800818 0.884634
vt 0.832370 0.884634
vt 0.800818 0.892752
vt 0.832370 0.922244
vt 0.832370 0.930361
vt 0.800817 0.922244
vt 0.832370 0.836908
vt 0.775648 0.345944
vt 0.772714 0.365549
vt 0.720553 0.368483
vt 0.842976 0.892752
vt 0.720553 0.335927
vt 0.842976 0.922244
vt 0.842976 0.884634
vt 0.842976 0.930361
vt 0.832370 0.978088
vt 0.842976 0.914127
vt 0.842976 0.836908
vt 0.631486 0.945409
vt 0.833298 0.756769
vt 0.599531 0.936004
vt 0.599531 0.813180
vt 0.682409 0.997789
vt 0.654861 0.997789
vt 0.638333 0.984488
vt 0.638333 0.997789
vt 0.800817 0.978088
vt 0.758897 0.810393
vt 0.758897 0.836908
vt 0.758897 0.852817
vt 0.793366 0.852817
vt 0.742988 0.836908
vt 0.742988 0.810393
vt 0.391310 0.910403
vt 0.354254 0.987590
vt 0.346175 0.907063
vt 0.470647 0.909563
vt 0.392204 0.994918
vt 0.837308 0.139058
vt 0.800775 0.057390
vt 0.837308 0.001534
vt 0.892731 0.669393
vt 0.813291 0.722828
vt 0.807900 0.659726
vt 0.908246 0.926509
vt 0.972668 0.988069
vt 0.908246 0.988069
vt 0.604479 0.528444
vt 0.695349 0.540291
vt 0.600238 0.545692
vt 0.693094 0.560009
vt 0.595616 0.565545
vt 0.691351 0.579698
vt 0.591867 0.585348
vt 0.690555 0.599334
vt 0.589730 0.605059
vt 0.690995 0.618899
vt 0.589699 0.624651
vt 0.591948 0.644114
vt 0.692773 0.638388
vt 0.596303 0.663456
vt 0.695787 0.657807
vt 0.598466 0.670437
vt 0.697223 0.664829
vt 0.972668 0.900864
vt 0.972668 0.926509
vt 0.491709 0.989673
vt 0.471541 0.994078
vt 0.122729 0.877190
vt 0.166807 0.785207
vt 0.166807 0.877190
vt 0.864167 0.926509
vt 0.864167 0.988069
vt 0.033102 0.872462
vt 0.097524 0.780480
vt 0.097524 0.872462
vt 0.122729 0.785207
vt 0.007897 0.785207
vt 0.007897 0.877190
vt 0.478816 0.715652
vt 0.627495 0.697245
vt 0.627445 0.715285
vt 0.296707 0.149042
vt 0.383974 0.092318
vt 0.383974 0.149042
vt 0.296707 0.092318
vt 0.198531 0.005051
vt 0.296707 0.005051
vt 0.296707 0.205765
vt 0.198531 0.149042
vt 0.296707 0.286488
vt 0.198531 0.205765
vt 0.296707 0.345393
vt 0.198531 0.286488
vt 0.296707 0.480657
vt 0.198531 0.413025
vt 0.296707 0.413025
vt 0.383974 0.480657
vt 0.482150 0.512292
vt 0.383974 0.512292
vt 0.383974 0.345393
vt 0.383974 0.413025
vt 0.383974 0.286488
vt 0.383974 0.205766
vt 0.198531 0.092318
vt 0.198531 0.600142
vt 0.296707 0.572346
vt 0.296707 0.600142
vt 0.349067 0.555925
vt 0.198531 0.480657
vt 0.013088 0.092318
vt 0.100356 0.149042
vt 0.013088 0.149042
vt 0.980486 0.820928
vt 0.994048 0.902303
vt 0.980486 0.902303
vt 0.100356 0.092318
vt 0.100356 0.005051
vt 0.100356 0.205765
vt 0.100356 0.286488
vt 0.100356 0.345393
vt 0.100355 0.480657
vt 0.100355 0.413025
vt 0.580325 0.480657
vt 0.580325 0.512292
vt 0.013088 0.413025
vt 0.056721 0.412263
vt 0.013088 0.286488
vt 0.013088 0.345393
vt 0.013088 0.205765
vt 0.837625 0.500712
vt 0.799650 0.415268
vt 0.837625 0.415268
vt 0.023312 0.543145
vt 0.013088 0.512292
vt 0.149443 0.572346
vt 0.100355 0.572346
vt 0.198531 0.632645
vt 0.100355 0.632645
vt 0.416699 0.148686
vt 0.482150 0.092318
vt 0.482150 0.148686
vt 0.416699 0.205766
vt 0.416699 0.286488
vt 0.416699 0.345393
vt 0.416699 0.447932
vt 0.416699 0.396663
vt 0.482150 0.480657
vt 0.547600 0.148686
vt 0.580325 0.092318
vt 0.547600 0.205766
vt 0.580325 0.149042
vt 0.580325 0.205766
vt 0.580325 0.286488
vt 0.547600 0.286488
vt 0.580325 0.345393
vt 0.547600 0.345393
vt 0.547600 0.396663
vt 0.580325 0.413025
vt 0.547600 0.447932
vt 0.482150 0.447932
vt 0.433026 0.213139
vt 0.481851 0.213139
vt 0.530677 0.251385
vt 0.994048 0.983678
vt 0.980486 0.983678
vt 0.424889 0.393792
vt 0.433027 0.436372
vt 0.424889 0.436372
vt 0.538814 0.436372
vt 0.530676 0.393792
vt 0.538814 0.393792
vt 0.424889 0.333574
vt 0.433026 0.393792
vt 0.530676 0.333574
vt 0.538814 0.333574
vt 0.424889 0.289632
vt 0.433026 0.333574
vt 0.530677 0.289632
vt 0.538814 0.289632
vt 0.424889 0.213139
vt 0.433026 0.251385
vt 0.424889 0.251385
vt 0.538814 0.251385
vt 0.481851 0.205002
vt 0.433026 0.205002
vt 0.530677 0.205002
vt 0.530677 0.213139
vt 0.538814 0.213139
vt 0.433026 0.289632
vt 0.433026 0.436372
vt 0.013088 0.480657
vt 0.198531 0.345393
vt 0.100356 0.361756
vt 0.198531 0.396663
vt 0.424802 0.886410
vt 0.464277 0.886410
vt 0.455337 0.895350
vt 0.503752 0.856240
vt 0.494812 0.895350
vt 0.385326 0.886410
vt 0.424802 0.826071
vt 0.415862 0.895350
vt 0.464277 0.786596
vt 0.503752 0.826071
vt 0.464277 0.826071
vt 0.345851 0.886410
vt 0.376386 0.895350
vt 0.662199 0.966832
vt 0.680356 0.966832
vt 0.671278 0.982557
vt 0.613029 0.966832
vt 0.631186 0.966832
vt 0.622107 0.982557
vt 0.563858 0.966832
vt 0.582015 0.966833
vt 0.572937 0.982557
vt 0.514688 0.966833
vt 0.532845 0.966832
vt 0.523766 0.982557
vt 0.464277 0.856240
vt 0.345851 0.856240
vt 0.385326 0.826071
vt 0.815814 0.940444
vt 0.763091 0.961059
vt 0.763091 0.940444
vt 0.810277 0.994344
vt 0.763091 0.988807
vt 0.815814 0.961059
vt 0.768317 0.219865
vt 0.744250 0.213401
vt 0.750715 0.158314
vt 0.742476 0.988807
vt 0.757553 0.994344
vt 0.777890 0.418041
vt 0.754042 0.427535
vt 0.754042 0.418041
vt 0.149443 0.600142
vt 0.790157 0.367800
vt 0.741775 0.405775
vt 0.741775 0.367800
vt 0.741775 0.548181
vt 0.790157 0.510206
vt 0.790157 0.548181
vt 0.694306 0.415268
vt 0.732282 0.500712
vt 0.694306 0.500712
vt 0.836429 0.988806
vt 0.821351 0.994344
vt 0.051925 0.701531
vt 0.069241 0.708806
vt 0.062141 0.711747
vt 0.062141 0.740588
vt 0.054866 0.757903
vt 0.051925 0.750803
vt 0.012868 0.740588
vt 0.020143 0.757903
vt 0.005768 0.743529
vt 0.023084 0.701531
vt 0.005768 0.708805
vt 0.020143 0.694431
vt 0.054866 0.694431
vt 0.069241 0.743529
vt 0.023084 0.750803
vt 0.012868 0.711746
vt 0.744548 0.488445
vt 0.732282 0.415268
vt 0.744548 0.427535
vt 0.787384 0.488445
vt 0.799650 0.500712
vt 0.790157 0.405775
vt 0.777890 0.497939
vt 0.741775 0.510206
vt 0.754042 0.497939
vt 0.754042 0.488445
vt 0.777890 0.488445
vt 0.777890 0.427535
vt 0.787384 0.427535
vt 0.085764 0.014738
vt 0.076632 0.047932
vt 0.054516 0.039971
vt 0.888628 0.532791
vt 0.905351 0.476252
vt 0.905351 0.532791
vt 0.345735 0.676943
vt 0.361767 0.642446
vt 0.362175 0.676748
vt 0.871906 0.476252
vt 0.888628 0.476252
vt 0.378614 0.676552
vt 0.378206 0.642250
vt 0.854555 0.532791
vt 0.871906 0.532791
vt 0.184358 0.688194
vt 0.099498 0.679872
vt 0.197782 0.678703
vt 0.533212 0.193759
vt 0.523167 0.161026
vt 0.533212 0.161026
vt 0.376586 0.582683
vt 0.460879 0.569833
vt 0.461137 0.579324
vt 0.523167 0.193759
vt 0.513485 0.161026
vt 0.170689 0.718359
vt 0.100123 0.703568
vt 0.174518 0.702128
vt 0.213813 0.644205
vt 0.214221 0.678507
vt 0.503804 0.161026
vt 0.494123 0.193759
vt 0.494123 0.161026
vt 0.230253 0.644010
vt 0.230661 0.678312
vt 0.484441 0.161026
vt 0.246692 0.643814
vt 0.247100 0.678117
vt 0.484441 0.193759
vt 0.474760 0.161026
vt 0.263539 0.677921
vt 0.263131 0.643619
vt 0.474760 0.193759
vt 0.465078 0.161026
vt 0.279571 0.643423
vt 0.279978 0.677725
vt 0.455397 0.193759
vt 0.455397 0.161026
vt 0.296010 0.643228
vt 0.296418 0.677530
vt 0.445715 0.193759
vt 0.312857 0.677334
vt 0.312449 0.643032
vt 0.020014 0.685762
vt 0.019128 0.634840
vt 0.062707 0.643508
vt 0.436034 0.161026
vt 0.445715 0.161026
vt 0.329296 0.677139
vt 0.328888 0.642837
vt 0.595360 0.341931
vt 0.623385 0.411622
vt 0.595352 0.415782
vt 0.345327 0.642641
vt 0.243926 0.686624
vt 0.245496 0.746192
vt 0.317020 0.584303
vt 0.011122 0.614799
vt 0.054702 0.571220
vt 0.063370 0.614799
vt 0.387157 0.596071
vt 0.461523 0.593529
vt 0.391850 0.612074
vt 0.461979 0.610284
vt 0.463229 0.675546
vt 0.101006 0.737080
vt 0.100564 0.720324
vt 0.099748 0.689363
vt 0.388034 0.628308
vt 0.462820 0.641244
vt 0.462434 0.627039
vt 0.175368 0.734366
vt 0.101380 0.751284
vt 0.513486 0.193759
vt 0.503804 0.193759
vt 0.587131 0.415722
vt 0.587148 0.340253
vt 0.623393 0.337771
vt 0.631606 0.411563
vt 0.659652 0.340169
vt 0.631606 0.336094
vt 0.099090 0.645569
vt 0.197374 0.644401
vt 0.133057 0.903186
vt 0.153401 0.987274
vt 0.133057 0.987274
vt 0.010995 0.987274
vt 0.010995 0.903186
vt 0.795126 0.030185
vt 0.779041 0.007122
vt 0.770311 0.001534
vt 0.801525 0.139058
vt 0.795126 0.084595
vt 0.705491 0.139058
vt 0.726571 0.128479
vt 0.754968 0.123068
vt 0.779041 0.107658
vt 0.701970 0.123065
vt 0.900025 0.605386
vt 0.815194 0.595718
vt 0.530677 0.436372
vt 0.155728 0.259891
vt 0.011634 0.287151
vt 0.011635 0.259891
vt 0.155728 0.287150
vt 0.011635 0.314410
vt 0.155728 0.314410
vt 0.011635 0.341669
vt 0.155728 0.368929
vt 0.011635 0.368929
vt 0.011635 0.396188
vt 0.155728 0.423447
vt 0.011635 0.423447
vt 0.155728 0.450707
vt 0.011635 0.450707
vt 0.155728 0.014557
vt 0.011635 0.041816
vt 0.011635 0.014556
vt 0.155728 0.041816
vt 0.011635 0.069076
vt 0.155728 0.096335
vt 0.011635 0.096335
vt 0.011635 0.123594
vt 0.155728 0.123594
vt 0.011635 0.150854
vt 0.155728 0.150854
vt 0.011634 0.178113
vt 0.155728 0.205372
vt 0.011635 0.205372
vt 0.120784 0.707421
vt 0.075041 0.775880
vt 0.006583 0.730138
vt 0.011634 0.232632
vt 0.054419 0.596423
vt 0.063324 0.641192
vt 0.018555 0.650097
vt 0.645962 0.300180
vt 0.677706 0.273478
vt 0.677706 0.300180
vt 0.677706 0.246777
vt 0.645962 0.220075
vt 0.677706 0.220075
vt 0.645961 0.193374
vt 0.677706 0.193374
vt 0.645961 0.620598
vt 0.677706 0.593896
vt 0.677706 0.620598
vt 0.645962 0.593896
vt 0.677706 0.567195
vt 0.841181 0.540493
vt 0.817412 0.567195
vt 0.817412 0.540493
vt 0.677706 0.460389
vt 0.645962 0.433687
vt 0.677706 0.433687
vt 0.645962 0.567195
vt 0.645962 0.540493
vt 0.645962 0.326881
vt 0.677706 0.326881
vt 0.444899 0.504076
vt 0.509510 0.491224
vt 0.522362 0.555835
vt 0.645962 0.273478
vt 0.645962 0.246777
vt 0.444899 0.555835
vt 0.451694 0.577752
vt 0.435834 0.561892
vt 0.427251 0.541170
vt 0.437943 0.539043
vt 0.427251 0.518741
vt 0.437943 0.520868
vt 0.457751 0.491224
vt 0.435834 0.498019
vt 0.451694 0.482159
vt 0.472416 0.473576
vt 0.474543 0.484268
vt 0.492718 0.484268
vt 0.494845 0.473576
vt 0.531427 0.498019
vt 0.522362 0.504076
vt 0.529317 0.520868
vt 0.540010 0.518741
vt 0.529317 0.539043
vt 0.540010 0.541170
vt 0.509510 0.568687
vt 0.531427 0.561892
vt 0.515567 0.577752
vt 0.492718 0.575642
vt 0.494845 0.586335
vt 0.472416 0.586335
vt 0.474543 0.575642
vt 0.677706 0.353583
vt 0.677706 0.380284
vt 0.645962 0.353583
vt 0.677706 0.487090
vt 0.645962 0.513792
vt 0.645962 0.487090
vt 0.645962 0.406986
vt 0.677706 0.406986
vt 0.645962 0.380284
vt 0.645962 0.460389
vt 0.677706 0.513792
vt 0.677706 0.540493
vt 0.841181 0.513792
vt 0.817412 0.513792
vt 0.841181 0.460389
vt 0.817412 0.487090
vt 0.817412 0.460389
vt 0.841181 0.380284
vt 0.817413 0.406986
vt 0.817412 0.380284
vt 0.841181 0.433687
vt 0.841181 0.406986
vt 0.841181 0.487090
vt 0.817412 0.353583
vt 0.841181 0.353583
vt 0.817412 0.326881
vt 0.841181 0.326881
vt 0.841181 0.273478
vt 0.817412 0.246777
vt 0.841181 0.246777
vt 0.817412 0.300180
vt 0.841181 0.300180
vt 0.817412 0.433687
vt 0.817412 0.593896
vt 0.841181 0.567195
vt 0.841181 0.593896
vt 0.817412 0.620598
vt 0.841181 0.620598
vt 0.841181 0.220075
vt 0.817412 0.193374
vt 0.841181 0.193374
vt 0.817412 0.220075
vt 0.817412 0.273478
vt 0.712632 0.540493
vt 0.747559 0.513792
vt 0.712632 0.513792
vt 0.747559 0.593896
vt 0.847814 0.400649
vt 0.878367 0.358739
vt 0.878364 0.400651
vt 0.878368 0.328188
vt 0.910408 0.358741
vt 0.712632 0.593896
vt 0.910406 0.400653
vt 0.909701 0.402017
vt 0.877662 0.360103
vt 0.909704 0.360105
vt 0.940252 0.402019
vt 0.940254 0.360107
vt 0.877658 0.432566
vt 0.909699 0.432568
vt 0.940957 0.400654
vt 0.940959 0.358742
vt 0.878363 0.431201
vt 0.910405 0.431203
vt 0.909705 0.329554
vt 0.877664 0.329552
vt 0.847111 0.360101
vt 0.877659 0.402015
vt 0.847109 0.402013
vt 0.579990 0.333555
vt 0.600674 0.346618
vt 0.597961 0.365454
vt 0.645962 0.342738
vt 0.645962 0.328325
vt 0.645962 0.377955
vt 0.645962 0.322639
vt 0.536160 0.045764
vt 0.538589 0.051381
vt 0.542852 0.045764
vt 0.528086 0.040549
vt 0.527436 0.041199
vt 0.528737 0.041199
vt 0.532932 0.044427
vt 0.541557 0.044058
vt 0.536160 0.052664
vt 0.532666 0.045764
vt 0.532666 0.053031
vt 0.532267 0.045764
vt 0.529173 0.049924
vt 0.634037 0.381913
vt 0.638059 0.391624
vt 0.638059 0.420462
vt 0.627024 0.447104
vt 0.606632 0.467496
vt 0.579990 0.478531
vt 0.551152 0.478531
vt 0.524510 0.467496
vt 0.504119 0.447104
vt 0.493083 0.420462
vt 0.493083 0.391624
vt 0.504119 0.364982
vt 0.524510 0.344590
vt 0.551152 0.333555
vt 0.602400 0.342837
vt 0.277344 0.460533
vt 0.285254 0.465272
vt 0.435931 0.464981
vt 0.268761 0.457147
vt 0.253197 0.439491
vt 0.492255 0.439395
vt 0.325086 0.460000
vt 0.348854 0.438394
vt 0.075984 0.239829
vt 0.069218 0.239677
vt 0.065109 0.441134
vt 0.074331 0.373234
vt 0.088016 0.355640
vt 0.070878 0.256337
vt 0.083763 0.403796
vt 0.077741 0.389688
vt 0.069175 0.273054
vt 0.090610 0.417712
vt 0.094841 0.420899
vt 0.080726 0.285536
vt 0.088173 0.157580
vt 0.114432 0.371766
vt 0.102675 0.355584
vt 0.102675 0.335582
vt 0.133455 0.313220
vt 0.152477 0.319400
vt 0.152477 0.371766
vt 0.200912 0.142712
vt 0.004584 0.142712
vt 0.665727 0.091520
vt 0.911997 0.266487
vt 0.918102 0.277205
vt 0.911997 0.342299
vt 0.897260 0.346739
vt 0.693452 0.346739
vt 0.672611 0.331581
vt 0.672611 0.277204
vt 0.678715 0.266487
vt 0.693452 0.091520
vt 0.678715 0.171772
vt 0.672611 0.161054
vt 0.678715 0.095960
vt 0.918102 0.106677
vt 0.918102 0.161054
vt 0.911997 0.171772
vt 0.912652 0.176212
vt 0.678061 0.262047
vt 0.417608 0.357840
vt 0.496975 0.357839
vt 0.955999 0.100143
vt 0.883271 0.442241
vt 0.984499 0.568775
vt 0.541738 -0.000747
vt 0.588812 0.127438
vt 0.541572 -0.000272
vt 0.588977 0.126962
vt 0.242367 0.413381
vt 0.395853 0.338902
vt 0.468574 0.464859
vt 0.323131 0.464859
vt 0.511954 0.990662
vt 0.499225 0.990674
vt 0.435582 0.990730
vt 0.619113 0.531597
vt 0.615209 0.541022
vt 0.607124 0.549107
vt 0.597699 0.553011
vt 0.586265 0.553011
vt 0.576840 0.549107
vt 0.568755 0.541022
vt 0.564851 0.520163
vt 0.568755 0.510739
vt 0.576840 0.502653
vt 0.597699 0.498749
vt 0.607123 0.502653
vt 0.615209 0.510738
vt 0.461039 0.990707
vt 0.422853 0.990741
vt 0.915487 0.933611
vt 0.853659 0.610523
vt 0.993561 0.992622
vt 0.993561 0.895376
vt 0.685377 0.336258
vt 0.892992 0.768185
vt 0.886387 0.993119
vt 0.800838 0.719626
vt 0.753112 0.719626
vt 0.742506 0.709020
vt 0.745612 0.688263
vt 0.707385 0.685157
vt 0.720438 0.336258
vt 0.765516 0.336258
vt 0.775533 0.346275
vt 0.772599 0.365880
vt 0.659658 0.642999
vt 0.650383 0.812597
vt 0.906023 0.610523
vt 0.682339 0.935421
vt 0.784929 0.692608
vt 0.914528 0.768185
vt 0.885662 0.610850
vt 0.993343 0.613896
vt 0.780109 0.810393
vt 0.685492 0.368483
vt 0.892034 0.933611
vt 0.993343 0.992479
vt 0.852935 0.993445
vt 0.797711 0.892134
vt 0.776954 0.895240
vt 0.766348 0.884634
vt 0.800818 0.900869
vt 0.800817 0.930361
vt 0.765631 0.335927
vt 0.772714 0.338861
vt 0.775648 0.358466
vt 0.765631 0.368483
vt 0.842976 0.978088
vt 0.631486 0.813180
vt 0.833298 0.610850
vt 0.608936 0.945409
vt 0.905016 0.729715
vt 0.697223 0.523178
vt 0.908246 0.900864
vt 0.497078 0.907063
vt 0.033102 0.780480
vt 0.477228 0.697245
vt 0.198531 0.572346
vt 0.373750 0.543145
vt 0.994048 0.820928
vt 0.012362 0.371406
vt 0.055995 0.370644
vt 0.047995 0.555925
vt 0.100355 0.600142
vt 0.296707 0.632645
vt 0.530676 0.436372
vt 0.198531 0.361756
vt 0.100355 0.396662
vt 0.433742 0.895350
vt 0.473217 0.895350
vt 0.503752 0.886410
vt 0.394266 0.895350
vt 0.503752 0.786596
vt 0.354791 0.895350
vt 0.345851 0.826071
vt 0.815814 0.988806
vt 0.768628 0.994344
vt 0.768317 0.158314
vt 0.750715 0.219865
vt 0.744250 0.164779
vt 0.748013 0.994344
vt 0.742476 0.961059
vt 0.836429 0.961059
vt 0.830891 0.994344
vt 0.054516 0.016412
vt 0.063649 0.006777
vt 0.076632 0.006081
vt 0.085764 0.038297
vt 0.063649 0.048628
vt 0.854555 0.476252
vt 0.362673 0.573925
vt 0.465078 0.193759
vt 0.067399 0.654834
vt 0.067399 0.667093
vt 0.062707 0.678419
vt 0.054039 0.687088
vt 0.042713 0.691779
vt 0.030011 0.692442
vt 0.010017 0.679082
vt 0.005768 0.667093
vt 0.042713 0.630148
vt 0.054039 0.634840
vt 0.030454 0.630148
vt 0.005768 0.654834
vt 0.010460 0.643508
vt 0.436034 0.193759
vt 0.232071 0.755683
vt 0.216037 0.759314
vt 0.199833 0.756532
vt 0.185928 0.747762
vt 0.213816 0.675072
vt 0.230020 0.677853
vt 0.253416 0.700048
vt 0.257048 0.716083
vt 0.254266 0.732286
vt 0.364790 0.651752
vt 0.348758 0.655397
vt 0.332552 0.652629
vt 0.318639 0.643870
vt 0.309137 0.630453
vt 0.305493 0.614422
vt 0.308261 0.598216
vt 0.330436 0.574801
vt 0.346468 0.571157
vt 0.031117 0.628159
vt 0.019791 0.623468
vt 0.006431 0.603473
vt 0.005768 0.590771
vt 0.012448 0.580774
vt 0.019128 0.570777
vt 0.031117 0.566529
vt 0.043376 0.628159
vt 0.054702 0.623468
vt 0.068061 0.591214
vt 0.068061 0.603473
vt 0.063370 0.579889
vt 0.043376 0.566529
vt 0.659652 0.415638
vt 0.153401 0.903186
vt 0.820185 0.551924
vt 0.905016 0.561591
vt 0.155728 0.341669
vt 0.155728 0.396188
vt 0.155728 0.069076
vt 0.155728 0.178113
vt 0.006583 0.707421
vt 0.015276 0.686435
vt 0.031339 0.670372
vt 0.052325 0.661679
vt 0.075042 0.661679
vt 0.096028 0.670372
vt 0.112091 0.686434
vt 0.120784 0.730138
vt 0.112091 0.751125
vt 0.096028 0.767187
vt 0.052325 0.775880
vt 0.031338 0.767187
vt 0.015276 0.751124
vt 0.155728 0.232632
vt 0.009649 0.641192
vt 0.004830 0.629557
vt 0.004830 0.616963
vt 0.009649 0.605328
vt 0.018554 0.596423
vt 0.030190 0.591603
vt 0.042783 0.591603
vt 0.063324 0.605328
vt 0.068143 0.616963
vt 0.068143 0.629557
vt 0.054419 0.650097
vt 0.042783 0.654917
vt 0.030190 0.654917
vt 0.457751 0.568687
vt 0.515567 0.482159
vt 0.747559 0.540493
vt 0.747559 0.620598
vt 0.847816 0.358737
vt 0.910410 0.328190
vt 0.712632 0.620598
vt 0.645962 0.370551
vt 0.532779 0.044058
vt 0.531821 0.052421
vt 0.529173 0.048623
vt 0.909657 0.983020
vt 0.897404 0.976677
vt 0.923894 0.958183
vt 0.912270 0.937263
vt 0.912270 0.950743
vt 0.923894 0.929727
vt 0.897351 0.911421
vt 0.909606 0.904978
vt 0.856818 0.891058
vt 0.885343 0.890970
vt 0.885975 0.904853
vt 0.885292 0.997290
vt 0.885921 0.983402
vt 0.856189 0.904945
vt 0.856135 0.983495
vt 0.818216 0.930165
vt 0.832453 0.905328
vt 0.844706 0.911671
vt 0.856767 0.997378
vt 0.832504 0.983370
vt 0.844759 0.976927
vt 0.829840 0.937605
vt 0.818216 0.958621
vt 0.829840 0.951085
vt 0.121108 0.926152
vt 0.006943 0.943285
vt 0.006943 0.926152
vt 0.121108 0.960418
vt 0.006943 0.960418
vt 0.006943 0.977551
vt 0.121108 0.977550
vt 0.006943 0.994683
vt 0.121108 0.720560
vt 0.006943 0.737692
vt 0.006943 0.720560
vt 0.121108 0.737693
vt 0.006943 0.754825
vt 0.121108 0.754825
vt 0.006943 0.771958
vt 0.121108 0.771958
vt 0.006943 0.789090
vt 0.121108 0.789091
vt 0.006943 0.806223
vt 0.121108 0.806223
vt 0.006943 0.823356
vt 0.121108 0.823356
vt 0.006943 0.840489
vt 0.121108 0.840489
vt 0.006943 0.857621
vt 0.121108 0.857621
vt 0.006943 0.874754
vt 0.121108 0.874754
vt 0.006943 0.891887
vt 0.121108 0.891887
vt 0.006943 0.909020
vt 0.121108 0.909020
vt 0.661280 0.239191
vt 0.673515 0.203130
vt 0.673515 0.242469
vt 0.555326 0.267580
vt 0.580438 0.296206
vt 0.546370 0.276536
vt 0.644890 0.178018
vt 0.661280 0.206408
vt 0.616499 0.161627
vt 0.653846 0.169062
vt 0.583717 0.161626
vt 0.619778 0.149392
vt 0.546371 0.169061
vt 0.580439 0.149392
vt 0.992853 0.453888
vt 0.964383 0.421702
vt 0.992853 0.421702
vt 0.964383 0.486074
vt 0.992853 0.486075
vt 0.964383 0.132027
vt 0.992853 0.099840
vt 0.992853 0.132027
vt 0.992853 0.164213
vt 0.992853 0.196399
vt 0.964383 0.164213
vt 0.964383 0.228585
vt 0.992853 0.228585
vt 0.964383 0.260771
vt 0.992853 0.260771
vt 0.964383 0.292957
vt 0.992853 0.292957
vt 0.964383 0.325144
vt 0.992853 0.325144
vt 0.964383 0.357330
vt 0.992853 0.357330
vt 0.964383 0.389516
vt 0.992853 0.389516
vt 0.526701 0.242468
vt 0.538935 0.239190
vt 0.653845 0.276537
vt 0.644889 0.267581
vt 0.526701 0.203129
vt 0.538936 0.206407
vt 0.616498 0.283972
vt 0.619777 0.296206
vt 0.555327 0.178017
vt 0.583716 0.283971
vt 0.482416 0.200277
vt 0.436433 0.207016
vt 0.438622 0.200277
vt 0.402573 0.091427
vt 0.435813 0.058946
vt 0.438003 0.065686
vt 0.403193 0.091236
vt 0.382574 0.132886
vt 0.397460 0.087071
vt 0.438002 0.200468
vt 0.483985 0.207207
vt 0.435813 0.207207
vt 0.531378 0.132886
vt 0.523578 0.087071
vt 0.538464 0.132886
vt 0.517226 0.091427
vt 0.537844 0.133077
vt 0.530758 0.133077
vt 0.397460 0.178701
vt 0.403193 0.174536
vt 0.389040 0.133077
vt 0.396840 0.087262
vt 0.438622 0.065495
vt 0.436433 0.058756
vt 0.481796 0.200468
vt 0.522958 0.178892
vt 0.523578 0.178701
vt 0.517845 0.174536
vt 0.481796 0.065686
vt 0.522958 0.087262
vt 0.389660 0.132886
vt 0.396840 0.178892
vt 0.381954 0.133077
vt 0.482416 0.065495
vt 0.484606 0.058756
vt 0.517225 0.174727
vt 0.484605 0.207016
vt 0.483986 0.058946
vt 0.402573 0.174727
vt 0.517846 0.091236
vt 0.637868 0.373338
vt 0.594512 0.415854
vt 0.594512 0.373338
vt 0.272507 0.058756
vt 0.233535 0.018988
vt 0.272507 0.018988
vt 0.272507 0.058678
vt 0.233535 0.018909
vt 0.272507 0.018909
vt 0.898000 0.415854
vt 0.854645 0.373338
vt 0.898000 0.373338
vt 0.854645 0.415854
vt 0.811289 0.373338
vt 0.811289 0.415854
vt 0.767934 0.373339
vt 0.767934 0.415854
vt 0.724578 0.373339
vt 0.681223 0.415854
vt 0.681223 0.373338
vt 0.637868 0.415854
vt 0.320680 0.058756
vt 0.320680 0.207016
vt 0.233535 0.178701
vt 0.808881 0.415431
vt 0.852567 0.372591
vt 0.852567 0.415431
vt 0.765195 0.372591
vt 0.765195 0.415431
vt 0.721509 0.372591
vt 0.721509 0.415431
vt 0.677823 0.372591
vt 0.677823 0.415431
vt 0.634137 0.372591
vt 0.634137 0.415431
vt 0.590451 0.372591
vt 0.590451 0.415431
vt 0.896253 0.372591
vt 0.957996 0.415431
vt 0.896253 0.415431
vt 0.338125 0.102633
vt 0.374538 0.132808
vt 0.347929 0.132808
vt 0.320680 0.058678
vt 0.359652 0.086993
vt 0.312457 0.083985
vt 0.255062 0.102633
vt 0.280730 0.083985
vt 0.245258 0.132808
vt 0.233535 0.086993
vt 0.255062 0.162982
vt 0.218648 0.132808
vt 0.280730 0.181631
vt 0.233535 0.178623
vt 0.320680 0.206938
vt 0.272507 0.206938
vt 0.312457 0.181631
vt 0.359652 0.178623
vt 0.338125 0.162982
vt 0.522958 0.019178
vt 0.959276 0.415854
vt 0.528708 0.372591
vt 0.359652 0.018909
vt 0.397460 0.018988
vt 0.436433 0.018988
vt 0.396840 0.019178
vt 0.435813 0.019178
vt 0.523578 0.018988
vt 0.533237 0.373338
vt 0.359652 0.018988
vt 0.359652 0.087071
vt 0.541312 0.703998
vt 0.530876 0.774385
vt 0.530876 0.703998
vt 0.582248 0.703998
vt 0.571812 0.774385
vt 0.571812 0.703998
vt 0.623184 0.703998
vt 0.612748 0.774385
vt 0.612748 0.703998
vt 0.664120 0.703998
vt 0.653684 0.774385
vt 0.653684 0.703998
vt 0.328154 0.784583
vt 0.324808 0.792661
vt 0.296653 0.787126
vt 0.643652 0.703998
vt 0.633216 0.774385
vt 0.633216 0.703998
vt 0.684588 0.703998
vt 0.674152 0.774385
vt 0.674152 0.703998
vt 0.602716 0.703998
vt 0.592280 0.774385
vt 0.592280 0.703998
vt 0.561780 0.703998
vt 0.551344 0.774385
vt 0.551344 0.703998
vt 0.541312 0.774385
vt 0.582248 0.774385
vt 0.623184 0.774385
vt 0.520844 0.703998
vt 0.664120 0.774385
vt 0.337627 0.746152
vt 0.343163 0.774306
vt 0.319090 0.753830
vt 0.335085 0.777652
vt 0.304332 0.768588
vt 0.399473 0.787126
vt 0.371318 0.792661
vt 0.367972 0.784583
vt 0.367972 0.810540
vt 0.371318 0.802462
vt 0.399473 0.807997
vt 0.324808 0.802462
vt 0.328154 0.810540
vt 0.296653 0.807997
vt 0.391794 0.768588
vt 0.361042 0.777652
vt 0.352964 0.774306
vt 0.319090 0.841293
vt 0.304332 0.826534
vt 0.335084 0.817470
vt 0.377036 0.753830
vt 0.358499 0.746152
vt 0.337627 0.848971
vt 0.343163 0.820816
vt 0.352964 0.820816
vt 0.358499 0.848971
vt 0.361042 0.817470
vt 0.377036 0.841293
vt 0.391794 0.826534
vt 0.779634 0.944371
vt 0.712017 0.932122
vt 0.779634 0.932122
vt 0.685346 0.978896
vt 0.704618 0.971497
vt 0.712017 0.978896
vt 0.779634 0.920796
vt 0.712017 0.908923
vt 0.779634 0.908923
vt 0.779634 0.991145
vt 0.779634 0.978896
vt 0.779634 0.967570
vt 0.712017 0.955697
vt 0.779634 0.955697
vt 0.779634 0.973233
vt 0.712017 0.973233
vt 0.712017 0.950034
vt 0.712017 0.944371
vt 0.779634 0.950034
vt 0.712017 0.926459
vt 0.712017 0.920796
vt 0.779634 0.926459
vt 0.779634 0.897597
vt 0.712017 0.903260
vt 0.712017 0.897597
vt 0.779634 0.903260
vt 0.711618 0.959159
vt 0.779235 0.946910
vt 0.779235 0.959159
vt 0.684946 0.912385
vt 0.711618 0.912385
vt 0.704219 0.919784
vt 0.711618 0.982359
vt 0.779235 0.970485
vt 0.779235 0.982358
vt 0.779235 0.900136
vt 0.779235 0.912385
vt 0.711618 0.935584
vt 0.779235 0.923711
vt 0.779235 0.935585
vt 0.779235 0.918048
vt 0.711618 0.918048
vt 0.711618 0.941247
vt 0.711618 0.946910
vt 0.779235 0.941247
vt 0.711618 0.964822
vt 0.711618 0.970485
vt 0.779235 0.964822
vt 0.711618 0.988021
vt 0.779235 0.993684
vt 0.711618 0.993684
vt 0.779235 0.988021
vt 0.685346 0.991145
vt 0.687513 0.973664
vt 0.692745 0.971497
vt 0.709850 0.973664
vt 0.712017 0.991145
vt 0.709850 0.996377
vt 0.704618 0.998544
vt 0.692745 0.998544
vt 0.687513 0.996377
vt 0.712017 0.967570
vt 0.687113 0.917617
vt 0.692345 0.919784
vt 0.684946 0.900136
vt 0.687113 0.894904
vt 0.692345 0.892737
vt 0.704219 0.892737
vt 0.711618 0.900136
vt 0.709450 0.894904
vt 0.709450 0.917617
vt 0.711618 0.923711
vt 0.948019 0.228502
vt 0.985539 0.217620
vt 0.985550 0.228514
vt 0.985746 0.143946
vt 0.948279 0.133040
vt 0.985811 0.133052
vt 0.985925 0.115756
vt 0.948469 0.104850
vt 0.986001 0.104862
vt 0.986124 0.087566
vt 0.948669 0.076660
vt 0.986200 0.076672
vt 0.986284 0.059159
vt 0.948804 0.039082
vt 0.986334 0.038849
vt 0.948644 0.024222
vt 0.985805 0.009575
vt 0.986159 0.024003
vt 0.948805 0.408606
vt 0.986292 0.393944
vt 0.986334 0.408848
vt 0.948699 0.378840
vt 0.986192 0.358787
vt 0.986230 0.379096
vt 0.948587 0.341262
vt 0.986049 0.330379
vt 0.986119 0.341273
vt 0.948405 0.313072
vt 0.985867 0.302189
vt 0.985937 0.313083
vt 0.948232 0.284882
vt 0.985706 0.273999
vt 0.985764 0.284893
vt 0.948096 0.256692
vt 0.985590 0.245810
vt 0.985628 0.256703
vt 0.768998 0.109947
vt 0.884175 0.013099
vt 0.933585 0.109997
vt 0.985613 0.172135
vt 0.948126 0.161230
vt 0.985657 0.161242
vt 0.985544 0.200325
vt 0.948031 0.189419
vt 0.985562 0.189431
vt 0.717778 0.061312
vt 0.734477 0.017107
vt 0.757271 0.035365
vt 0.948008 0.217609
vt 0.948081 0.172124
vt 0.948214 0.143934
vt 0.948393 0.115745
vt 0.948592 0.087555
vt 0.948753 0.059150
vt 0.948762 0.393702
vt 0.948661 0.358772
vt 0.948518 0.330367
vt 0.948336 0.302177
vt 0.948174 0.273988
vt 0.948058 0.245798
vt 0.772731 0.043641
vt 0.914422 0.021679
vt 0.901367 0.153609
vt 0.581573 0.040485
vt 0.447303 0.048622
vt 0.447303 0.040485
vt 0.447304 0.072704
vt 0.313035 0.048622
vt 0.589710 0.048622
vt 0.581573 0.072704
vt 0.581573 0.048622
vt 0.313035 0.040485
vt 0.304897 0.048622
vt 0.313035 0.072704
vt 0.304897 0.072704
vt 0.447304 0.080841
vt 0.581573 0.080841
vt 0.313035 0.080841
vt 0.634152 0.094807
vt 0.598550 0.087100
vt 0.634152 0.087100
vt 0.634152 0.036240
vt 0.696322 0.102514
vt 0.660721 0.173718
vt 0.660721 0.102514
vt 0.660721 0.094807
vt 0.660721 0.087100
vt 0.696322 0.094807
vt 0.634152 0.102515
vt 0.598550 0.094807
vt 0.634152 0.173718
vt 0.598550 0.173718
vt 0.598550 0.102514
vt 0.634152 0.200287
vt 0.931302 0.536102
vt 0.995310 0.472094
vt 0.995310 0.536102
vt 0.598550 0.009672
vt 0.634152 0.009672
vt 0.660721 0.036240
vt 0.696322 0.036240
vt 0.696322 0.087100
vt 0.931302 0.555304
vt 0.995310 0.555304
vt 0.931302 0.472094
vt 0.995310 0.452891
vt 0.931302 0.619313
vt 0.995310 0.619313
vt 0.912100 0.555304
vt 0.912100 0.619313
vt 0.121108 0.943285
vt 0.121108 0.994683
vt 0.964383 0.453888
vt 0.964382 0.099841
vt 0.964383 0.196399
vt 0.233535 0.087071
vt 0.724578 0.415854
vt 0.218648 0.132886
vt 0.374539 0.132886
vt 0.359652 0.178701
vt 0.272507 0.207016
vt 0.808881 0.372591
vt 0.957996 0.372591
vt 0.483986 0.019178
vt 0.959276 0.373338
vt 0.528708 0.415431
vt 0.320680 0.018909
vt 0.484606 0.018988
vt 0.533237 0.415854
vt 0.320680 0.018988
vt 0.643652 0.774385
vt 0.684588 0.774385
vt 0.602716 0.774385
vt 0.561780 0.774385
vt 0.520844 0.774385
vt 0.948294 0.008962
vt 0.903989 0.154262
vt 0.893226 0.161449
vt 0.874240 0.169307
vt 0.861547 0.171828
vt 0.840999 0.171821
vt 0.828307 0.169293
vt 0.809326 0.161424
vt 0.798568 0.154230
vt 0.784043 0.139696
vt 0.776856 0.128933
vt 0.766477 0.097252
vt 0.766482 0.076704
vt 0.769010 0.064011
vt 0.775460 0.044234
vt 0.785484 0.022603
vt 0.800364 0.013099
vt 0.818069 0.013100
vt 0.850759 0.013102
vt 0.918522 0.139737
vt 0.925716 0.128978
vt 0.936122 0.076756
vt 0.936114 0.097304
vt 0.927176 0.044276
vt 0.933601 0.064061
vt 0.902308 0.013114
vt 0.917178 0.022633
vt 0.948013 0.200313
vt 0.757271 0.048480
vt 0.746950 0.062685
vt 0.734477 0.066738
vt 0.710069 0.050702
vt 0.710069 0.033143
vt 0.717778 0.022533
vt 0.746950 0.021160
vt 0.871627 0.168672
vt 0.858935 0.171200
vt 0.838388 0.171206
vt 0.825694 0.168685
vt 0.806708 0.160828
vt 0.795946 0.153641
vt 0.781412 0.139115
vt 0.774219 0.128357
vt 0.766349 0.109375
vt 0.763820 0.096682
vt 0.763813 0.076134
vt 0.766334 0.063440
vt 0.782785 0.021708
vt 0.797627 0.012177
vt 0.814772 0.012162
vt 0.848188 0.012165
vt 0.881865 0.012163
vt 0.890608 0.160803
vt 0.923079 0.128312
vt 0.915892 0.139075
vt 0.933458 0.096632
vt 0.930936 0.109326
vt 0.930925 0.063390
vt 0.933453 0.076084
vt 0.924503 0.043600
vt 0.899570 0.012162
vt 0.589710 0.072704
vt 0.598550 0.036240
vt 0.696322 0.173718
vt 0.598550 0.200286
vt 0.931302 0.452891
vt 0.396920 0.828353
vt 0.442660 0.843709
vt 0.396920 0.843709
vt 0.396920 0.752175
vt 0.442660 0.767531
vt 0.396920 0.767531
vt 0.396920 0.726782
vt 0.442660 0.742139
vt 0.396920 0.742138
vt 0.396920 0.853746
vt 0.442660 0.869102
vt 0.396920 0.869102
vt 0.357783 0.927167
vt 0.354196 0.948810
vt 0.353965 0.924203
vt 0.314094 0.917876
vt 0.334093 0.911652
vt 0.313270 0.922945
vt 0.338830 0.909901
vt 0.354042 0.924157
vt 0.334094 0.911744
vt 0.353705 0.954167
vt 0.330732 0.959224
vt 0.354100 0.948786
vt 0.325726 0.960657
vt 0.311569 0.945697
vt 0.330739 0.959126
vt 0.307924 0.942370
vt 0.313190 0.922899
vt 0.311649 0.945655
vt 0.356001 0.904757
vt 0.334660 0.881718
vt 0.366213 0.891970
vt 0.367875 0.947889
vt 0.361330 0.978604
vt 0.352588 0.965340
vt 0.160064 0.952397
vt 0.181894 0.953211
vt 0.181940 0.982506
vt 0.311311 0.902721
vt 0.282805 0.915898
vt 0.302306 0.889058
vt 0.295565 0.944594
vt 0.297675 0.921490
vt 0.213954 0.896348
vt 0.221620 0.876991
vt 0.227493 0.896965
vt 0.383191 0.920473
vt 0.383191 0.953649
vt 0.188929 0.962894
vt 0.199520 0.971351
vt 0.238876 0.900664
vt 0.330523 0.972510
vt 0.329778 0.988856
vt 0.299289 0.975777
vt 0.309201 0.963363
vt 0.210519 0.976069
vt 0.279788 0.948937
vt 0.223663 0.976668
vt 0.216143 0.997178
vt 0.276062 0.957682
vt 0.254248 0.956508
vt 0.258880 0.944192
vt 0.367875 0.924689
vt 0.249158 0.908874
vt 0.257015 0.888491
vt 0.311312 0.902721
vt 0.333937 0.897588
vt 0.276062 0.920465
vt 0.157783 0.800077
vt 0.127310 0.826661
vt 0.127310 0.800077
vt 0.157783 0.826661
vt 0.127310 0.853245
vt 0.127310 0.879828
vt 0.157783 0.906412
vt 0.127310 0.906412
vt 0.157783 0.853245
vt 0.127310 0.959579
vt 0.157783 0.932995
vt 0.157783 0.959579
vt 0.127310 0.932995
vt 0.157783 0.720327
vt 0.127310 0.746910
vt 0.127310 0.720327
vt 0.127310 0.986163
vt 0.157783 0.746910
vt 0.127310 0.773494
vt 0.157783 0.773494
vt 0.392349 0.955643
vt 0.489927 0.961916
vt 0.392349 0.961916
vt 0.352036 0.920215
vt 0.337707 0.958613
vt 0.311618 0.927005
vt 0.392349 0.936135
vt 0.489927 0.942407
vt 0.392349 0.942407
vt 0.392349 0.916626
vt 0.489927 0.922899
vt 0.392349 0.922898
vt 0.392349 0.877609
vt 0.489927 0.883881
vt 0.392349 0.883881
vt 0.396920 0.777568
vt 0.442660 0.792924
vt 0.396920 0.792924
vt 0.488860 0.768378
vt 0.447695 0.744128
vt 0.488860 0.744128
vt 0.333755 0.912079
vt 0.354757 0.948455
vt 0.312753 0.948455
vt 0.488860 0.816880
vt 0.447695 0.792629
vt 0.488860 0.792629
vt 0.488860 0.865382
vt 0.447695 0.841131
vt 0.488860 0.841131
vt 0.447695 0.768378
vt 0.447695 0.816880
vt 0.488861 0.719877
vt 0.447695 0.719877
vt 0.396920 0.802960
vt 0.442660 0.818316
vt 0.396920 0.818316
vt 0.392349 0.975152
vt 0.489927 0.981424
vt 0.392349 0.981424
vt 0.353117 0.919356
vt 0.309403 0.926019
vt 0.312213 0.950554
vt 0.335686 0.961422
vt 0.329395 0.910035
vt 0.357783 0.944913
vt 0.442659 0.853746
vt 0.442660 0.716746
vt 0.442660 0.726782
vt 0.392349 0.994660
vt 0.392349 0.897117
vt 0.489927 0.897117
vt 0.489927 0.955643
vt 0.489927 0.903390
vt 0.489927 0.916626
vt 0.392349 0.903390
vt 0.235046 0.972970
vt 0.251538 0.985677
vt 0.163449 0.915334
vt 0.184261 0.915920
vt 0.179491 0.928606
vt 0.185325 0.885225
vt 0.191296 0.906238
vt 0.258880 0.932224
vt 0.255283 0.919157
vt 0.246362 0.965511
vt 0.202282 0.898996
vt 0.178402 0.940525
vt 0.200033 0.417325
vt 0.100760 0.406160
vt 0.200033 0.404920
vt 0.100760 0.416084
vt 0.094866 0.406160
vt 0.100643 0.400267
vt 0.199887 0.397553
vt 0.199393 0.385157
vt 0.099896 0.384466
vt 0.198953 0.377802
vt 0.100248 0.390350
vt 0.094866 0.416084
vt 0.610720 0.186725
vt 0.627684 0.250032
vt 0.564377 0.233069
vt 0.573143 0.161190
vt 0.521605 0.203915
vt 0.521647 0.162115
vt 0.425837 0.203103
vt 0.416027 0.273165
vt 0.415744 0.188816
vt 0.467257 0.301399
vt 0.520982 0.316425
vt 0.457280 0.315395
vt 0.468519 0.160713
vt 0.521631 0.148121
vt 0.574808 0.300607
vt 0.520799 0.302255
vt 0.583270 0.146995
vt 0.615594 0.202863
vt 0.625621 0.272811
vt 0.615594 0.259021
vt 0.573798 0.259021
vt 0.520622 0.260287
vt 0.467696 0.202963
vt 0.467885 0.259199
vt 0.426026 0.259339
vt 0.573798 0.202863
vt 0.688532 0.034593
vt 0.539593 0.045084
vt 0.539593 0.034593
vt 0.688532 0.108209
vt 0.539593 0.118701
vt 0.539593 0.108209
vt 0.688532 0.010054
vt 0.539593 0.020546
vt 0.539593 0.010054
vt 0.688531 0.083670
vt 0.539593 0.094162
vt 0.539593 0.083670
vt 0.688532 0.059131
vt 0.539593 0.069623
vt 0.539593 0.059131
vt 0.688532 0.045084
vt 0.688532 0.069623
vt 0.688532 0.094162
vt 0.539593 0.132748
vt 0.688532 0.118701
vt 0.688532 0.132748
vt 0.688532 0.020546
vt 0.458500 0.146404
vt 0.584985 0.314418
vt 0.625621 0.188555
vt 0.868433 0.032759
vt 0.841675 0.078905
vt 0.841327 0.032964
vt 0.894515 0.032750
vt 0.868945 0.078731
vt 0.862554 0.423086
vt 0.904203 0.390277
vt 0.904339 0.422911
vt 0.894504 0.006665
vt 0.861118 0.006680
vt 0.987189 0.032699
vt 0.987174 0.006611
vt 0.987217 0.078616
vt 0.902909 0.104757
vt 0.895066 0.078673
vt 0.862346 0.373255
vt 0.833911 0.354661
vt 0.863420 0.363144
vt 0.937697 0.378333
vt 0.904152 0.378161
vt 0.904131 0.373080
vt 0.869980 0.325312
vt 0.842747 0.325428
vt 0.922331 0.078559
vt 0.896096 0.325202
vt 0.845834 0.337975
vt 0.936463 0.387179
vt 0.862367 0.378336
vt 0.986393 0.104705
vt 0.830531 0.396243
vt 0.862418 0.390451
vt 0.936136 0.395802
vt 0.902972 0.362979
vt 0.932409 0.354249
vt 0.920347 0.337664
vt 0.830133 0.387623
vt 0.828825 0.378788
vt 0.835935 0.900096
vt 0.851803 0.934003
vt 0.835935 0.934003
vt 0.835935 0.832284
vt 0.851803 0.900096
vt 0.835935 0.730565
vt 0.851803 0.764471
vt 0.835935 0.764471
vt 0.802028 0.900096
vt 0.851803 0.832284
vt 0.885709 0.764471
vt 0.967356 0.253568
vt 0.990412 0.153185
vt 0.990412 0.253568
vt 0.847421 0.827902
vt 0.847421 0.768853
vt 0.840316 0.768853
vt 0.840316 0.827902
vt 0.955278 0.153185
vt 0.932222 0.253568
vt 0.932222 0.153185
vt 0.967356 0.153185
vt 0.955278 0.130129
vt 0.967356 0.130129
vt 0.955278 0.253568
vt 0.967356 0.276625
vt 0.955278 0.276625
vt 0.711370 0.966832
vt 0.680356 0.913259
vt 0.711370 0.913259
vt 0.582015 0.913259
vt 0.613029 0.913259
vt 0.532845 0.913259
vt 0.563858 0.913259
vt 0.608893 0.496238
vt 0.625841 0.499721
vt 0.619108 0.506454
vt 0.514688 0.913259
vt 0.662199 0.913259
vt 0.631186 0.913259
vt 0.625841 0.450449
vt 0.664898 0.460664
vt 0.654682 0.499721
vt 0.674419 0.489506
vt 0.674419 0.460664
vt 0.606104 0.460664
vt 0.615625 0.489506
vt 0.606104 0.489506
vt 0.661415 0.506454
vt 0.664898 0.489506
vt 0.671630 0.496238
vt 0.619109 0.443717
vt 0.615625 0.460664
vt 0.608893 0.453932
vt 0.654682 0.440928
vt 0.625841 0.440928
vt 0.625841 0.509242
vt 0.654682 0.509242
vt 0.671630 0.453932
vt 0.654682 0.450449
vt 0.661415 0.443717
vt 0.123374 0.554135
vt 0.138090 0.534367
vt 0.128508 0.557555
vt 0.107348 0.570198
vt 0.110801 0.575329
vt 0.086391 0.578927
vt 0.087620 0.584992
vt 0.063692 0.578969
vt 0.062504 0.585043
vt 0.026661 0.554280
vt 0.011920 0.534526
vt 0.017987 0.533314
vt 0.039290 0.575467
vt 0.042714 0.570314
vt 0.011948 0.509416
vt 0.018021 0.510607
vt 0.021523 0.557726
vt 0.155963 0.254439
vt 0.208798 0.224453
vt 0.208798 0.254439
vt 0.155963 0.284424
vt 0.208798 0.284424
vt 0.208798 0.314409
vt 0.208798 0.344395
vt 0.155963 0.314409
vt 0.208798 0.374380
vt 0.155963 0.344395
vt 0.155963 0.404366
vt 0.208798 0.404365
vt 0.208797 0.434351
vt 0.208798 0.464336
vt 0.155963 0.434351
vt 0.208798 0.494321
vt 0.155963 0.464336
vt 0.208798 0.044542
vt 0.155964 0.014556
vt 0.208798 0.014557
vt 0.155964 0.074527
vt 0.208798 0.074527
vt 0.208798 0.104512
vt 0.208798 0.134498
vt 0.155963 0.104512
vt 0.155963 0.164483
vt 0.208798 0.164483
vt 0.155963 0.194468
vt 0.208798 0.194468
vt 0.155963 0.224454
vt 0.021458 0.486175
vt 0.026626 0.489589
vt 0.042641 0.473479
vt 0.039176 0.468320
vt 0.062408 0.458662
vt 0.063615 0.464739
vt 0.086313 0.464721
vt 0.087528 0.458652
vt 0.107281 0.473405
vt 0.110729 0.468265
vt 0.123330 0.489462
vt 0.128484 0.486032
vt 0.132017 0.510445
vt 0.138090 0.509247
vt 0.132023 0.533156
vt 0.069332 0.787158
vt 0.096752 0.958924
vt 0.069332 0.958924
vt 0.095074 0.784054
vt 0.067654 0.955821
vt 0.067654 0.784055
vt 0.045291 0.787158
vt 0.008491 0.958924
vt 0.008491 0.787158
vt 0.044847 0.784209
vt 0.008047 0.955975
vt 0.008047 0.784209
vt 0.090959 0.982868
vt 0.120349 0.955975
vt 0.113170 0.992068
vt 0.095074 0.955820
vt 0.111936 0.991913
vt 0.089725 0.982714
vt 0.090525 0.987198
vt 0.119915 0.960305
vt 0.112735 0.996398
vt 0.113614 0.995017
vt 0.091403 0.985817
vt 0.119115 0.784054
vt 0.096752 0.787158
vt 0.120793 0.958924
vt 0.043613 0.784055
vt 0.043613 0.955821
vt 0.007613 0.788539
vt 0.044413 0.960305
vt 0.007613 0.960305
vt 0.045291 0.958924
vt 0.068888 0.784209
vt 0.096308 0.955975
vt 0.068888 0.955975
vt 0.095874 0.788539
vt 0.068454 0.960305
vt 0.068454 0.788540
vt 0.044848 0.955975
vt 0.119914 0.788540
vt 0.095874 0.960305
vt 0.006813 0.784055
vt 0.006813 0.955820
vt 0.120349 0.784210
vt 0.096308 0.784210
vt 0.044413 0.788540
vt 0.155963 0.374380
vt 0.155963 0.494321
vt 0.155964 0.044542
vt 0.155963 0.134498
vt 0.119115 0.955820
vt 0.120793 0.787158
vt 0.442660 0.828353
vt 0.442660 0.752175
vt 0.354100 0.948784
vt 0.157783 0.879828
vt 0.157783 0.986163
vt 0.315538 0.920215
vt 0.329867 0.911942
vt 0.337707 0.911943
vt 0.355956 0.927005
vt 0.355956 0.943550
vt 0.352036 0.950341
vt 0.329867 0.958613
vt 0.315538 0.950341
vt 0.311618 0.943550
vt 0.489927 0.936135
vt 0.489927 0.877609
vt 0.442660 0.777568
vt 0.312753 0.924205
vt 0.354757 0.924205
vt 0.333755 0.960581
vt 0.447695 0.865382
vt 0.442660 0.802960
vt 0.489927 0.975152
vt 0.396920 0.716746
vt 0.489927 0.994660
vt 0.564377 0.213482
vt 0.574170 0.196519
vt 0.591133 0.186725
vt 0.627684 0.196518
vt 0.637477 0.213481
vt 0.637477 0.233069
vt 0.610721 0.259825
vt 0.591134 0.259825
vt 0.574170 0.250032
vt 0.923361 0.325089
vt 0.851803 0.730565
vt 0.802028 0.764471
vt 0.885709 0.900096
vt 0.223514 0.259927
vt 0.249137 0.321423
vt 0.223514 0.321423
vt 0.707610 0.535890
vt 0.779524 0.496134
vt 0.797502 0.535890
vt 0.454123 0.321423
vt 0.479746 0.259927
vt 0.479746 0.321423
vt 0.351630 0.321423
vt 0.454123 0.347046
vt 0.249137 0.234304
vt 0.454123 0.259927
vt 0.351630 0.259927
vt 0.351630 0.278258
vt 0.393711 0.303092
vt 0.351630 0.303092
vt 0.267468 0.303092
vt 0.249137 0.259927
vt 0.267468 0.278258
vt 0.309549 0.303092
vt 0.393711 0.278258
vt 0.435792 0.278258
vt 0.435792 0.303092
vt 0.309549 0.278258
vt 0.725589 0.464304
vt 0.725589 0.496134
vt 0.797502 0.424548
vt 0.707610 0.424548
vt 0.781373 0.495759
vt 0.727437 0.463930
vt 0.781373 0.463930
vt 0.823696 0.453320
vt 0.799351 0.424173
vt 0.709459 0.424173
vt 0.709459 0.535515
vt 0.799351 0.535515
vt 0.683265 0.506743
vt 0.821847 0.506743
vt 0.779524 0.464304
vt 0.821847 0.453695
vt 0.685114 0.453320
vt 0.727437 0.495759
vt 0.685114 0.506368
vt 0.315299 0.269840
vt 0.402449 0.218575
vt 0.402449 0.269840
vt 0.315299 0.218575
vt 0.402449 0.167310
vt 0.315299 0.167310
vt 0.402448 0.116046
vt 0.315299 0.116046
vt 0.402448 0.064781
vt 0.466641 0.019616
vt 0.511038 0.096513
vt 0.422245 0.096513
vt 0.315299 0.064781
vt 0.402448 0.013516
vt 0.315299 0.321104
vt 0.402449 0.321104
vt 0.422245 0.045248
vt 0.511038 0.045248
vt 0.466641 0.122145
vt 0.315299 0.013516
vt 0.182229 0.989027
vt 0.192835 0.828601
vt 0.192835 0.989027
vt 0.256549 0.989027
vt 0.267154 0.828601
vt 0.267155 0.989027
vt 0.275861 0.989027
vt 0.322162 0.828601
vt 0.322162 0.989027
vt 0.328318 0.811839
vt 0.269704 0.822445
vt 0.201541 0.989027
vt 0.247842 0.828601
vt 0.247843 0.989027
vt 0.271508 0.996567
vt 0.173523 0.989027
vt 0.177877 0.996567
vt 0.197188 0.996567
vt 0.252196 0.996567
vt 0.243490 0.996567
vt 0.275861 0.828601
vt 0.173523 0.828601
vt 0.201541 0.828601
vt 0.771602 0.765619
vt 0.789014 0.562724
vt 0.789014 0.765620
vt 0.752691 0.562724
vt 0.762300 0.765620
vt 0.752691 0.765620
vt 0.725465 0.562724
vt 0.742878 0.765620
vt 0.725465 0.765620
vt 0.015916 0.060143
vt 0.025049 0.027927
vt 0.047165 0.038258
vt 0.706554 0.562724
vt 0.716164 0.765619
vt 0.706554 0.765620
vt 0.798827 0.765619
vt 0.716164 0.562724
vt 0.742878 0.562724
vt 0.762300 0.562724
vt 0.771601 0.562724
vt 0.472590 0.536835
vt 0.561354 0.530184
vt 0.561354 0.536835
vt 0.472590 0.623951
vt 0.561354 0.617300
vt 0.561354 0.623951
vt 0.472590 0.606528
vt 0.561354 0.599877
vt 0.561354 0.606528
vt 0.472590 0.589105
vt 0.561354 0.582454
vt 0.561354 0.589105
vt 0.472590 0.571681
vt 0.561354 0.565030
vt 0.561354 0.571681
vt 0.472590 0.554258
vt 0.561354 0.547607
vt 0.561354 0.554258
vt 0.472590 0.641374
vt 0.561354 0.634724
vt 0.561354 0.641374
vt 0.929062 0.632286
vt 0.986275 0.646491
vt 0.972070 0.703704
vt 0.472590 0.658798
vt 0.561354 0.652147
vt 0.561354 0.658798
vt 0.472590 0.669570
vt 0.561354 0.669570
vt 0.472590 0.652147
vt 0.472590 0.634724
vt 0.472590 0.617300
vt 0.472590 0.599877
vt 0.472590 0.582454
vt 0.472590 0.565030
vt 0.472590 0.547607
vt 0.249137 0.347046
vt 0.454123 0.234304
vt 0.823696 0.506368
vt 0.683265 0.453695
vt 0.182229 0.828601
vt 0.256549 0.828601
vt 0.269704 0.811839
vt 0.275861 0.805683
vt 0.322162 0.805683
vt 0.328318 0.822445
vt 0.205894 0.996567
vt 0.047165 0.061817
vt 0.038033 0.070473
vt 0.025050 0.069778
vt 0.015916 0.036584
vt 0.038032 0.028623
vt 0.798827 0.562724
vt 0.472590 0.530184
vt 0.960611 0.708450
vt 0.940521 0.708450
vt 0.929062 0.703704
vt 0.914857 0.689499
vt 0.910111 0.678039
vt 0.910111 0.657950
vt 0.914857 0.646491
vt 0.940521 0.627539
vt 0.960611 0.627539
vt 0.972070 0.632286
vt 0.991022 0.657950
vt 0.991022 0.678039
vt 0.986275 0.689499
vt 0.247664 0.864747
vt 0.273802 0.817802
vt 0.273802 0.864747
vt 0.373539 0.905738
vt 0.277338 0.892540
vt 0.300198 0.879342
vt 0.272497 0.776353
vt 0.246358 0.693038
vt 0.272497 0.693038
vt 0.247664 0.905738
vt 0.147927 0.905738
vt 0.221267 0.879342
vt 0.273802 0.989052
vt 0.247664 0.989052
vt 0.285695 0.882420
vt 0.368697 0.892082
vt 0.372234 0.988595
vt 0.246358 0.905280
vt 0.272497 0.988595
vt 0.246358 0.988595
vt 0.246358 0.864289
vt 0.272497 0.817344
vt 0.272497 0.864289
vt 0.173017 0.878884
vt 0.146621 0.988595
vt 0.246358 0.877953
vt 0.272497 0.891616
vt 0.246358 0.891616
vt 0.272497 0.905280
vt 0.247664 0.817802
vt 0.273802 0.804138
vt 0.247664 0.804138
vt 0.273802 0.790475
vt 0.247663 0.790475
vt 0.273802 0.776811
vt 0.247664 0.878410
vt 0.273802 0.878410
vt 0.247664 0.892074
vt 0.273802 0.892074
vt 0.246358 0.817344
vt 0.272497 0.803680
vt 0.246358 0.803680
vt 0.272497 0.790017
vt 0.246358 0.790017
vt 0.247663 0.693496
vt 0.273802 0.693496
vt 0.288910 0.539023
vt 0.369697 0.514787
vt 0.369697 0.539023
vt 0.288910 0.676361
vt 0.264674 0.539023
vt 0.369697 0.676361
vt 0.288910 0.700597
vt 0.393933 0.676361
vt 0.199014 0.867087
vt 0.231329 0.806766
vt 0.231329 0.867087
vt 0.183886 0.539023
vt 0.252556 0.551141
vt 0.196005 0.551141
vt 0.264674 0.676361
vt 0.252556 0.664243
vt 0.196005 0.664243
vt 0.183886 0.676361
vt 0.199014 0.806766
vt 0.138693 0.776605
vt 0.199014 0.776605
vt 0.199014 0.716285
vt 0.231329 0.686124
vt 0.231329 0.716285
vt 0.231329 0.776605
vt 0.147927 0.989052
vt 0.151463 0.892540
vt 0.161125 0.882878
vt 0.174323 0.879342
vt 0.234465 0.882878
vt 0.244127 0.892540
vt 0.247663 0.776811
vt 0.369697 0.700597
vt 0.520802 0.837074
vt 0.591752 0.825568
vt 0.591752 0.837074
vt 0.520802 0.966877
vt 0.591752 0.955370
vt 0.591752 0.966877
vt 0.520802 0.940916
vt 0.591752 0.929410
vt 0.591752 0.940916
vt 0.520802 0.914956
vt 0.591752 0.903449
vt 0.591752 0.914956
vt 0.520802 0.888995
vt 0.591752 0.877489
vt 0.591752 0.888995
vt 0.520802 0.863035
vt 0.591752 0.851528
vt 0.591752 0.863035
vt 0.520802 0.992837
vt 0.591752 0.981331
vt 0.591752 0.992837
vt 0.520802 0.811114
vt 0.591752 0.799607
vt 0.591752 0.811114
vt 0.611820 0.681751
vt 0.591571 0.690139
vt 0.584494 0.662596
vt 0.612132 0.634957
vt 0.631288 0.662284
vt 0.606807 0.647812
vt 0.612132 0.621581
vt 0.606807 0.608726
vt 0.631288 0.594254
vt 0.520802 0.825568
vt 0.591752 0.785153
vt 0.520802 0.799607
vt 0.520802 0.785153
vt 0.520802 0.981331
vt 0.520802 0.955370
vt 0.520802 0.929410
vt 0.520802 0.903449
vt 0.520802 0.877489
vt 0.520802 0.851528
vt 0.611820 0.574787
vt 0.597349 0.599267
vt 0.584494 0.593942
vt 0.639675 0.614503
vt 0.524323 0.662284
vt 0.543479 0.634957
vt 0.548804 0.647812
vt 0.543479 0.621581
vt 0.515936 0.614503
vt 0.639675 0.642035
vt 0.543791 0.574787
vt 0.564040 0.566399
vt 0.571117 0.593942
vt 0.543791 0.681751
vt 0.558262 0.657271
vt 0.571117 0.662596
vt 0.597349 0.657271
vt 0.591571 0.566399
vt 0.564040 0.690139
vt 0.558262 0.599267
vt 0.548804 0.608726
vt 0.524323 0.594254
vt 0.515936 0.642035
vt 0.796681 0.310266
vt 0.824878 0.362752
vt 0.796681 0.362752
vt 0.995218 0.379673
vt 0.964763 0.348182
vt 0.966857 0.337654
vt 0.824878 0.196739
vt 0.796681 0.144252
vt 0.824878 0.144252
vt 0.796681 0.196739
vt 0.824878 0.216152
vt 0.796681 0.216152
vt 0.796681 0.241244
vt 0.824878 0.253790
vt 0.796681 0.253790
vt 0.824878 0.266336
vt 0.796681 0.266336
vt 0.824878 0.278882
vt 0.796681 0.278882
vt 0.824878 0.291428
vt 0.796681 0.291428
vt 0.796681 0.228698
vt 0.824878 0.228698
vt 0.824878 0.241244
vt 0.994173 0.378343
vt 0.963718 0.347345
vt 0.965812 0.336817
vt 0.824878 0.310265
vt 0.938621 0.324429
vt 0.887703 0.271026
vt 0.938621 0.271026
vt 0.938724 0.201870
vt 0.887806 0.175912
vt 0.938724 0.175913
vt 0.887703 0.245068
vt 0.938621 0.245068
vt 0.937785 0.269082
vt 0.886867 0.322485
vt 0.886868 0.269082
vt 0.861888 0.316488
vt 0.887347 0.268149
vt 0.887347 0.321553
vt 0.862347 0.276167
vt 0.887806 0.324506
vt 0.862347 0.319442
vt 0.861408 0.274146
vt 0.861408 0.317421
vt 0.862244 0.276090
vt 0.887703 0.324429
vt 0.862244 0.319364
vt 0.938621 0.201793
vt 0.887703 0.175835
vt 0.938621 0.175835
vt 0.938265 0.242192
vt 0.887347 0.198917
vt 0.938265 0.198917
vt 0.937785 0.199849
vt 0.886868 0.243124
vt 0.886867 0.199849
vt 0.938265 0.172959
vt 0.887347 0.172959
vt 0.937785 0.243124
vt 0.887347 0.242192
vt 0.886867 0.173891
vt 0.937785 0.173891
vt 0.887806 0.245145
vt 0.887806 0.201870
vt 0.938265 0.268149
vt 0.887703 0.201793
vt 0.938724 0.324506
vt 0.887806 0.271103
vt 0.938724 0.271103
vt 0.938724 0.245145
vt 0.901023 0.438538
vt 0.951318 0.486863
vt 0.850729 0.438538
vt 0.742233 0.325376
vt 0.685726 0.223914
vt 0.752503 0.256767
vt 0.682785 0.240865
vt 0.768386 0.162380
vt 0.751905 0.234954
vt 0.951318 0.531686
vt 0.850729 0.575686
vt 0.850729 0.531686
vt 0.850729 0.603182
vt 0.951317 0.575686
vt 0.951318 0.603182
vt 0.850729 0.486863
vt 0.741263 0.327008
vt 0.704299 0.299921
vt 0.735256 0.165719
vt 0.800384 0.199424
vt 0.347143 0.879342
vt 0.360341 0.882878
vt 0.370002 0.892540
vt 0.373539 0.989052
vt 0.273802 0.905738
vt 0.287000 0.882878
vt 0.246358 0.776353
vt 0.276033 0.892082
vt 0.298893 0.878884
vt 0.345838 0.878884
vt 0.359036 0.882420
vt 0.372234 0.905280
vt 0.146621 0.905280
vt 0.150158 0.892082
vt 0.159819 0.882420
vt 0.219962 0.878884
vt 0.233160 0.882420
vt 0.242822 0.892082
vt 0.272497 0.877953
vt 0.288910 0.514787
vt 0.393933 0.539023
vt 0.138693 0.806766
vt 0.199014 0.686124
vt 0.958800 0.318202
vt 0.949875 0.312239
vt 0.950313 0.296128
vt 0.995218 0.296128
vt 0.950313 0.379673
vt 0.949875 0.363070
vt 0.958800 0.357107
vt 0.964763 0.327127
vt 0.957755 0.317365
vt 0.948830 0.311401
vt 0.949267 0.294798
vt 0.994173 0.294798
vt 0.949267 0.378343
vt 0.948830 0.362233
vt 0.957755 0.356269
vt 0.963718 0.326290
vt 0.937785 0.322485
vt 0.861888 0.273214
vt 0.938265 0.321553
vt 0.951318 0.438538
vt 0.875876 0.438538
vt 0.804666 0.318135
vt 0.774170 0.327965
vt 0.713717 0.310762
vt 0.692966 0.286348
vt 0.683136 0.255851
vt 0.700339 0.195399
vt 0.687668 0.272533
vt 0.690391 0.209740
vt 0.709331 0.183894
vt 0.736719 0.167264
vt 0.799512 0.169987
vt 0.803794 0.288698
s 1
g off
g Cuerpo_SpacialRoverExploreralumWhite
usemtl SpacialRoverExploreralumWhite
f 105/1/1 115/2/2 118/3/1
f 109/4/3 117/5/4 120/6/3
f 122/7/5 110/8/6 119/9/6
f 103/10/7 113/11/8 116/12/7
s 2
f 204/13/9 230/14/10 211/15/10
f 203/16/11 231/17/12 222/18/11
f 217/19/13 239/20/14 238/21/13
s 1
f 99/22/15 121/23/16 112/24/15
f 101/25/17 111/26/18 114/27/17
s 3
f 9/28/19 7/29/20 34/30/21
s 2
f 240/31/22 216/32/23 233/33/23
f 220/34/24 226/35/25 201/36/25
f 206/37/26 234/38/27 215/39/27
f 212/40/28 224/41/29 205/42/29
f 218/43/30 228/44/31 209/45/31
f 210/46/32 236/47/33 219/48/33
s 4
f 6/49/34 3/50/35 35/51/35
f 2/52/36 37/53/37 38/54/38
s 5
f 8/55/39 42/56/40 36/57/40
s 3
f 7/29/20 1/58/41 44/59/41
s 6
f 1/60/42 47/61/43 46/62/44
s 7
f 4/63/45 48/64/45 50/65/45
s 6
f 5/66/46 40/67/47 52/68/47
s 5
f 4/63/48 53/69/49 41/70/50
s 7
f 10/71/51 33/72/52 54/73/52
s 8
f 129/74/53 139/75/54 142/76/53
f 133/77/55 141/78/56 144/79/55
f 146/80/57 134/81/58 143/82/58
f 127/83/59 137/84/60 140/85/59
f 123/86/61 145/87/62 136/88/61
f 125/89/63 135/90/64 138/91/63
s 1
f 112/24/15 100/92/18 99/22/15
f 116/12/7 104/93/2 103/10/7
f 122/7/5 108/94/16 107/95/5
f 114/27/17 102/96/8 101/25/17
f 118/3/1 106/97/4 105/1/1
f 109/4/3 119/98/6 110/99/6
s 8
f 136/100/61 124/101/64 123/102/61
f 140/85/59 128/103/54 127/83/59
f 146/80/57 132/104/62 131/105/57
f 138/91/63 126/106/60 125/89/63
f 142/76/53 130/107/56 129/74/53
f 144/79/55 134/81/58 133/77/55
s 9
f 107/108/65 158/109/65 155/110/65
f 104/111/65 151/112/65 103/113/65
s 10
f 185/114/34 129/115/34 188/116/34
f 123/117/34 124/118/34 181/119/34
f 129/115/34 185/114/34 128/120/34
f 128/120/34 185/114/34 127/121/34
s 2
f 224/41/29 206/122/26 205/42/29
f 226/35/25 202/123/66 201/36/25
f 228/44/31 210/46/32 209/45/31
f 238/21/13 218/43/30 217/19/13
f 234/38/27 216/32/23 215/39/27
f 236/47/33 220/34/24 219/48/33
f 222/18/11 204/13/9 203/16/11
f 230/14/10 212/40/28 211/15/10
f 207/124/22 239/20/14 208/125/14
f 232/126/67 214/127/12 213/128/67
f 202/123/66 232/126/67 213/128/67
s 9
f 108/129/65 99/130/65 148/131/65
f 151/112/65 104/111/65 154/132/65
f 106/133/65 153/134/65 105/135/65
f 101/136/65 102/137/65 149/138/65
f 149/138/65 102/137/65 152/139/65
f 102/137/65 103/113/65 152/139/65
f 104/111/65 105/135/65 154/132/65
f 101/136/65 149/138/65 150/140/65
f 156/141/65 153/134/65 106/133/65
f 101/136/65 150/140/65 147/142/65
f 156/141/65 106/133/65 109/143/65
f 100/144/65 101/136/65 147/142/65
f 99/130/65 100/144/65 147/142/65
f 156/141/65 109/143/65 110/145/65
f 99/130/65 147/142/65 148/131/65
f 155/110/65 156/141/65 110/145/65
f 157/146/65 108/129/65 148/131/65
f 110/145/65 107/108/65 155/110/65
f 158/109/65 108/129/65 157/146/65
f 153/134/65 154/132/65 105/135/65
s 10
f 188/116/34 129/115/34 130/147/34
s 9
f 108/129/65 158/109/65 107/108/65
f 103/113/65 151/112/65 152/139/65
s 10
f 125/148/34 126/149/34 183/150/34
f 183/150/34 126/149/34 186/151/34
f 126/149/34 127/121/34 186/151/34
f 187/152/34 188/116/34 130/147/34
f 125/148/34 183/150/34 184/153/34
f 187/152/34 130/147/34 133/154/34
f 124/118/34 125/148/34 184/153/34
f 190/155/34 187/152/34 133/154/34
f 124/118/34 184/153/34 181/119/34
f 182/156/34 123/117/34 181/119/34
f 189/157/34 190/155/34 133/154/34
f 189/157/34 133/154/34 134/158/34
f 123/117/34 182/156/34 191/159/34
f 192/160/34 189/157/34 134/158/34
f 192/160/34 132/161/34 191/159/34
f 132/161/34 123/117/34 191/159/34
f 192/160/34 134/158/34 131/162/34
f 132/161/34 192/160/34 131/162/34
f 127/121/34 185/114/34 186/151/34
s 2
f 204/13/9 221/163/9 230/14/10
f 203/16/11 214/127/12 231/17/12
f 217/19/13 208/125/14 239/20/14
f 240/31/22 207/124/22 216/32/23
f 220/34/24 235/164/24 226/35/25
f 206/37/26 223/165/26 234/38/27
f 212/40/28 229/166/28 224/41/29
f 218/43/30 237/167/30 228/44/31
f 210/46/32 227/168/32 236/47/33
f 224/41/29 223/169/26 206/122/26
f 226/35/25 225/170/66 202/123/66
f 228/44/31 227/168/32 210/46/32
f 238/21/13 237/167/30 218/43/30
f 234/38/27 233/33/23 216/32/23
f 236/47/33 235/164/24 220/34/24
f 222/18/11 221/163/9 204/13/9
f 230/14/10 229/166/28 212/40/28
f 207/124/22 240/31/22 239/20/14
f 232/126/67 231/17/12 214/127/12
f 202/123/66 225/170/66 232/126/67
s 11
f 255/171/68 273/172/68 241/173/68
f 248/174/68 283/175/68 250/176/68
f 242/177/68 273/172/68 276/178/68
f 243/179/68 288/180/68 274/181/68
f 251/182/68 282/183/68 284/184/68
f 244/185/68 274/181/68 277/186/68
f 252/187/68 285/188/68 253/189/68
f 245/190/68 276/178/68 278/191/68
f 250/176/68 275/192/68 252/187/68
f 246/193/68 277/186/68 279/194/68
f 254/195/68 284/184/68 286/196/68
f 245/190/68 280/197/68 247/198/68
f 253/189/68 287/199/68 255/171/68
f 246/193/68 281/200/68 248/174/68
f 256/201/68 286/196/68 288/180/68
f 249/202/68 280/197/68 282/183/68
s 12
f 273/203/69 293/204/70 276/205/70
s 13
f 263/206/71 326/207/72 325/208/73
s 12
f 274/209/74 301/210/65 277/211/65
f 276/205/70 294/212/75 278/213/75
f 277/211/65 302/214/76 279/215/76
f 278/213/75 295/216/77 280/217/77
f 281/218/78 302/214/76 303/219/78
f 280/217/77 296/220/79 282/221/79
f 281/218/78 304/222/80 283/223/80
f 282/221/79 297/224/81 284/225/81
f 275/226/34 289/227/82 285/228/82
f 283/223/80 290/229/34 275/226/34
f 286/230/83 297/224/81 298/231/83
f 287/232/84 289/227/82 291/233/84
f 286/230/83 299/234/85 288/235/85
f 273/203/69 291/236/84 292/237/69
f 288/235/85 300/238/74 274/209/74
s 14
f 258/239/68 289/240/68 290/241/68
f 257/242/68 291/243/68 289/240/68
f 259/244/68 292/245/68 291/243/68
f 260/246/68 293/247/68 292/245/68
f 261/248/68 294/249/68 293/247/68
f 262/250/68 295/251/68 294/249/68
f 263/252/68 296/253/68 295/251/68
f 265/254/68 296/253/68 264/255/68
f 266/256/68 297/257/68 265/254/68
f 267/258/68 298/259/68 266/256/68
f 268/260/68 299/261/68 267/258/68
f 269/262/68 300/263/68 268/260/68
f 270/264/68 301/265/68 269/262/68
f 271/266/68 302/267/68 270/264/68
f 272/268/68 303/269/68 271/266/68
f 272/268/68 290/241/68 304/270/68
s 13
f 271/271/86 330/272/87 329/273/88
f 265/274/89 333/275/90 334/276/91
f 257/277/92 258/278/93 337/279/94
f 258/278/95 332/280/96 340/281/97
f 265/274/89 341/282/98 342/283/99
f 259/284/100 339/285/101 344/286/102
f 267/287/103 346/288/104 348/289/105
f 259/290/100 349/291/106 350/292/107
f 268/293/108 348/289/105 351/294/109
f 260/295/110 353/296/111 354/297/112
f 269/298/113 352/299/114 355/300/115
f 261/301/116 357/302/117 358/303/118
f 270/304/119 356/305/120 359/306/121
f 262/307/122 361/308/123 327/309/124
f 271/271/86 360/310/125 362/311/126
s 15
f 313/312/127 324/313/127 314/314/127
s 16
f 386/315/34 324/316/34 322/317/34
s 17
f 310/318/128 321/319/128 311/320/128
s 18
f 307/321/65 387/322/65 308/323/65
s 19
f 314/324/129 316/325/129 306/326/129
s 20
f 312/327/130 321/319/130 322/328/130
s 21
f 309/329/131 387/322/131 319/330/131
s 22
f 305/331/132 316/325/132 315/332/132
s 23
f 313/312/70 322/328/70 323/333/70
s 24
f 309/329/133 320/334/133 310/318/133
s 25
f 305/331/134 388/335/134 307/321/134
s 26
f 382/336/129 364/337/129 363/338/129
s 27
f 379/339/127 382/340/127 380/341/127
s 28
f 377/342/70 380/341/70 378/343/70
s 29
f 375/344/130 378/343/130 376/345/130
s 30
f 373/346/128 376/345/128 374/347/128
s 31
f 371/348/133 374/347/133 372/349/133
s 32
f 369/350/131 372/349/131 370/351/131
s 33
f 367/352/65 370/351/65 368/353/65
s 34
f 365/354/134 368/353/134 366/355/134
s 35
f 364/337/132 366/355/132 363/338/132
s 21
f 319/330/131 387/322/131 386/356/131
s 36
f 388/335/134 315/332/134 385/357/134
s 37
f 317/358/65 386/356/65 318/359/65
f 318/359/65 387/322/65 384/360/65
f 383/361/65 385/357/65 317/358/65
f 384/360/65 388/335/65 383/361/65
s 38
f 409/362/135 394/363/136 405/364/136
s 39
f 414/365/137 410/366/137 406/367/137
s 40
f 402/368/138 408/369/139 415/370/138
s 41
f 396/371/68 404/372/68 400/373/68
s 42
f 399/374/140 414/375/141 412/376/140
s 43
f 400/373/142 413/377/143 411/378/142
s 42
f 401/379/144 412/376/140 413/380/144
s 40
f 415/370/138 404/381/145 402/368/138
s 42
f 416/382/146 403/383/141 404/381/146
s 43
f 406/367/147 395/384/148 393/385/147
s 38
f 407/386/149 394/363/136 395/387/149
s 40
f 408/369/139 398/388/150 410/389/150
s 38
f 398/388/151 409/362/135 410/389/151
s 43
f 411/378/142 393/385/147 400/373/142
s 44
f 484/390/81 430/391/152 429/392/81
f 483/393/152 431/394/153 430/391/152
f 485/395/153 432/396/65 431/394/153
f 486/397/65 433/398/154 432/396/65
f 487/399/154 434/400/155 433/398/154
f 488/401/155 435/402/34 434/400/155
f 435/402/34 490/403/156 436/404/156
f 436/404/156 491/405/157 437/406/157
f 491/405/157 438/407/70 437/406/157
f 438/407/70 493/408/158 439/409/158
s 45
f 427/410/154 506/411/155 428/412/155
s 44
f 493/413/158 440/414/159 439/415/158
f 494/416/159 429/392/81 440/414/159
s 46
f 465/417/81 472/418/81 471/419/81
s 47
f 466/420/137 473/421/137 472/418/137
s 48
f 468/422/68 471/419/68 474/423/68
s 49
f 466/420/70 468/424/70 470/425/70
s 50
f 469/426/160 471/419/160 472/418/160
s 47
f 469/427/137 472/418/137 473/421/137
s 48
f 471/419/68 467/428/68 474/423/68
s 51
f 418/429/137 484/430/137 417/431/137
f 418/429/137 485/432/137 483/433/137
f 420/434/137 485/432/137 419/435/137
f 420/434/137 487/436/137 486/437/137
f 422/438/137 487/436/137 421/439/137
f 423/440/137 488/441/137 422/438/137
f 423/440/137 490/442/137 489/443/137
f 425/444/137 490/442/137 424/445/137
f 426/446/137 491/447/137 425/444/137
f 426/446/137 493/448/137 492/449/137
f 427/450/137 494/451/137 493/448/137
f 417/431/137 494/451/137 428/452/137
s 45
f 417/453/34 495/454/156 418/455/156
f 424/456/152 503/457/153 425/458/153
f 421/459/158 500/460/159 422/461/159
f 428/412/155 496/462/34 417/453/34
f 418/455/156 497/463/157 419/464/157
f 425/458/153 504/465/65 426/466/65
f 422/461/159 501/467/81 423/468/81
f 419/464/157 498/469/70 420/470/70
f 426/466/65 505/471/154 427/472/154
f 423/468/81 502/473/152 424/456/152
f 420/470/70 499/474/158 421/459/158
s 52
f 589/475/137 580/476/137 579/477/137
s 53
f 590/478/70 611/479/70 580/476/70
s 54
f 555/480/137 556/481/137 553/482/137
s 55
f 553/482/65 602/483/65 555/480/65
s 56
f 558/484/70 604/485/70 556/481/70
s 57
f 579/477/65 600/486/65 589/475/65
s 58
f 617/487/161 626/488/162 615/489/162
f 617/487/161 628/490/163 627/491/161
f 615/489/162 625/492/164 613/493/164
f 619/494/163 629/495/165 628/490/163
s 59
f 630/496/137 635/497/137 629/498/137
s 60
f 626/499/166 631/500/166 625/501/166
s 61
f 628/502/167 633/503/167 627/504/167
s 62
f 630/505/168 631/500/168 636/506/168
s 63
f 629/498/169 634/507/169 628/502/169
s 64
f 627/504/68 632/508/68 626/499/68
s 58
f 623/509/170 625/492/164 630/510/170
s 65
f 632/511/81 634/512/81 636/513/81
s 58
f 623/509/170 629/495/165 621/514/165
s 66
f 732/515/171 750/516/172 733/517/172
f 726/518/173 746/519/174 729/520/174
f 730/521/175 748/522/176 731/523/176
f 738/524/177 756/525/178 739/526/178
f 734/527/179 752/528/180 735/529/180
f 740/530/181 744/531/182 727/532/182
s 67
f 754/533/65 750/534/65 746/535/65
s 66
f 736/536/183 754/537/184 737/538/184
f 746/519/174 730/521/175 729/520/174
f 732/515/171 748/522/176 747/539/171
f 744/531/182 728/540/185 727/532/182
f 726/541/173 742/542/186 741/543/173
f 756/525/178 740/530/181 739/526/178
f 752/528/180 736/536/183 735/529/180
f 738/524/177 754/537/184 753/544/177
f 734/527/179 750/516/172 749/545/179
f 728/540/185 742/542/186 725/546/186
s 68
f 795/547/187 793/548/187 796/549/187
s 69
f 832/550/137 827/551/137 835/552/137
s 70
f 792/553/70 833/554/70 791/555/70
s 71
f 794/556/65 790/557/65 793/558/65
s 72
f 790/557/137 832/550/137 830/559/137
s 73
f 791/560/68 828/561/68 794/562/68
s 70
f 797/563/70 791/555/70 798/564/70
s 74
f 795/565/81 791/560/81 794/562/81
s 75
f 795/547/188 800/566/189 801/567/189
s 74
f 802/568/81 795/565/81 801/569/81
s 70
f 799/570/70 798/564/70 802/571/70
s 76
f 804/572/190 864/573/190 806/574/190
s 77
f 806/574/68 803/575/68 804/572/68
s 75
f 808/576/65 805/577/65 836/578/65
f 800/566/189 836/579/65 801/567/189
s 74
f 802/568/81 836/580/81 837/581/81
s 70
f 802/571/70 807/582/70 799/570/70
s 78
f 817/583/81 823/584/81 810/585/81
s 79
f 816/586/70 812/587/70 813/588/70
s 78
f 815/589/81 810/585/81 812/590/81
s 80
f 813/588/191 811/591/191 809/592/191
s 81
f 814/593/192 810/585/192 811/591/192
s 82
f 815/589/193 818/594/193 817/583/193
s 83
f 816/595/194 839/596/194 818/594/194
s 77
f 806/574/68 809/592/68 805/597/68
s 84
f 821/598/65 825/599/65 826/600/65
s 81
f 810/585/192 821/601/192 811/591/192
s 85
f 805/577/34 819/602/34 836/578/34
s 83
f 839/596/194 824/603/194 818/594/194
s 80
f 811/591/191 822/604/191 809/592/191
s 86
f 836/605/137 826/606/137 839/596/137
s 82
f 818/594/193 825/607/193 817/583/193
s 77
f 809/592/68 820/608/68 805/597/68
s 87
f 794/556/85 827/609/85 789/610/85
s 70
f 833/554/70 829/611/70 791/555/70
s 88
f 829/612/81 835/613/81 827/609/81
s 89
f 831/614/61 832/550/61 833/615/61
f 833/615/61 835/552/61 834/616/61
s 86
f 839/596/137 837/617/137 836/605/137
s 90
f 867/618/70 864/573/70 865/619/70
s 91
f 837/620/81 864/573/81 866/621/81
s 92
f 837/622/137 867/618/137 807/623/137
s 93
f 872/624/187 874/625/187 875/626/187
s 94
f 911/627/137 906/628/137 868/629/137
s 95
f 912/630/70 871/631/70 870/632/70
s 96
f 869/633/65 873/634/65 872/635/65
s 94
f 911/627/137 869/633/137 909/636/137
s 97
f 907/637/68 870/638/68 873/639/68
s 95
f 870/632/70 876/640/70 877/641/70
s 98
f 874/642/34 870/638/34 877/643/34
s 99
f 879/644/189 874/625/188 880/645/189
s 98
f 874/642/34 881/646/34 880/647/34
s 95
f 877/641/70 878/648/70 881/649/70
s 100
f 943/650/190 883/651/190 885/652/190
s 101
f 882/653/68 885/652/68 883/651/68
s 99
f 884/654/65 887/655/65 915/656/65
f 915/657/65 879/644/189 880/645/189
s 98
f 881/646/34 915/658/34 880/647/34
s 95
f 886/659/70 881/649/70 878/648/70
s 102
f 902/660/34 896/661/34 889/662/34
s 103
f 891/663/70 895/664/70 916/665/70
s 102
f 894/666/34 889/662/34 896/661/34
s 104
f 890/667/195 892/668/195 888/669/195
s 105
f 889/662/196 893/670/196 890/667/196
s 106
f 897/671/197 894/666/197 896/661/197
s 107
f 918/672/198 895/673/198 897/671/198
s 108
f 888/669/68 885/652/68 884/674/68
s 109
f 904/675/65 900/676/65 899/677/65
s 105
f 900/678/196 889/662/196 890/667/196
s 110
f 898/679/81 884/654/81 915/656/81
s 107
f 903/680/198 918/672/198 897/671/198
s 104
f 901/681/195 890/667/195 888/669/195
s 111
f 905/682/137 915/683/137 918/672/137
s 106
f 904/684/197 897/671/197 896/661/197
s 108
f 899/685/68 888/669/68 884/674/68
s 112
f 906/686/78 873/634/78 868/629/78
s 95
f 908/687/70 912/630/70 870/632/70
s 113
f 906/686/34 913/688/34 908/689/34
s 114
f 911/627/61 910/690/61 912/691/61
f 914/692/61 912/691/61 913/693/61
s 111
f 916/694/137 918/672/137 915/683/137
s 115
f 946/695/70 943/650/70 945/696/70
s 116
f 916/697/34 943/650/34 885/698/34
s 117
f 946/695/137 916/699/137 886/700/137
s 118
f 1063/701/81 1069/702/81 1079/703/81
s 119
f 1064/704/199 1066/705/199 1063/701/199
s 120
f 1065/706/200 1071/707/201 1066/708/201
s 121
f 1096/709/34 1087/710/34 1097/711/34
s 120
f 1089/712/202 1096/713/203 1100/714/203
s 122
f 1070/715/204 1082/716/205 1074/717/206
f 1074/717/206 1083/718/207 1073/719/208
f 1073/719/208 1081/720/209 1075/721/210
f 1077/722/211 1075/721/210 1081/720/209
f 1072/723/212 1076/724/53 1071/725/53
f 1067/726/213 1076/724/53 1078/727/214
f 1068/728/215 1078/727/214 1080/729/216
f 1069/730/217 1080/729/216 1079/731/217
s 120
f 1089/712/202 1092/732/218 1086/733/219
s 123
f 1064/704/34 1085/734/34 1065/735/34
s 124
f 1090/736/220 1085/737/220 1088/738/220
s 120
f 1085/739/221 1100/714/203 1095/740/222
s 125
f 1093/741/220 1091/742/220 1094/743/220
s 126
f 1089/744/81 1094/743/81 1091/742/81
s 121
f 1086/745/34 1093/741/34 1087/746/34
s 127
f 1070/747/223 1098/748/224 1084/749/225
s 128
f 1136/750/81 1189/751/81 1190/752/81
s 129
f 1120/753/68 1188/754/68 1189/755/68
s 130
f 1130/756/65 1137/757/65 1136/750/65
f 1129/758/65 1134/759/65 1130/756/65
f 1128/760/65 1133/761/65 1129/758/65
f 1127/762/226 1216/763/65 1215/764/65
s 131
f 1194/765/70 1178/766/227 1177/767/227
s 128
f 1215/764/81 1193/768/81 1214/769/81
f 1128/760/81 1192/770/81 1193/768/81
f 1129/758/81 1191/771/81 1192/770/81
s 130
f 1136/750/65 1122/772/65 1120/753/65
s 128
f 1130/756/81 1190/752/81 1191/771/81
s 132
f 1179/773/228 1139/774/228 1176/775/228
s 128
f 1177/767/81 1139/776/81 1127/762/81
s 130
f 1139/774/229 1131/777/226 1127/762/226
s 133
f 1196/778/34 1154/779/34 1197/780/34
s 134
f 1144/781/137 1202/782/137 1121/783/137
s 129
f 1188/754/68 1145/784/68 1196/785/68
s 130
f 1137/757/65 1153/786/65 1154/779/65
f 1134/759/65 1152/787/65 1153/786/65
f 1133/761/65 1151/788/65 1152/787/65
f 1216/763/65 1150/789/226 1218/790/65
s 131
f 1178/766/227 1201/791/70 1181/792/227
s 0
f 1217/793/230 1225/794/70 1218/790/231
s 133
f 1199/795/34 1151/788/34 1200/796/34
f 1198/797/34 1152/787/34 1199/795/34
s 130
f 1122/772/65 1154/779/65 1145/784/65
s 133
f 1197/780/34 1153/786/34 1198/797/34
s 130
f 1259/798/232 1310/799/233 1156/800/234
s 136
f 1150/789/34 1180/801/34 1181/802/34
s 130
f 1131/777/226 1259/803/232 1156/804/234
s 131
f 1179/773/235 1178/805/227 1181/806/227
f 1119/807/70 1188/808/70 1121/809/70
f 1123/810/70 1190/752/70 1119/807/70
f 1124/811/70 1191/771/70 1123/810/70
f 1125/812/70 1192/770/70 1124/811/70
f 1126/813/70 1214/769/70 1219/814/70
f 1126/813/70 1195/815/70 1194/765/70
f 1119/807/70 1190/752/70 1189/751/70
f 1144/816/70 1188/808/70 1196/817/70
f 1146/818/70 1197/819/70 1198/820/70
f 1146/818/70 1199/821/70 1147/822/70
f 1147/822/70 1200/823/70 1148/824/70
f 1220/825/70 1200/823/70 1217/826/70
f 1149/827/70 1195/815/70 1135/828/70
f 1144/816/70 1196/817/70 1197/819/70
s 137
f 1213/829/70 1208/830/70 1221/831/70
s 138
f 1121/783/137 1203/832/137 1119/833/137
s 139
f 1146/834/81 1209/835/81 1144/836/81
s 140
f 1119/837/34 1204/838/34 1123/839/34
s 141
f 1147/840/81 1210/841/81 1146/834/81
s 140
f 1123/839/34 1205/842/34 1124/843/34
s 141
f 1148/844/81 1211/845/81 1147/840/81
s 142
f 1124/843/34 1206/846/34 1125/847/34
s 141
f 1149/848/81 1222/849/81 1220/850/81
s 142
f 1125/847/34 1221/831/34 1219/851/34
s 143
f 1135/852/68 1213/829/68 1149/853/68
f 1126/854/68 1208/830/68 1135/852/68
s 142
f 1219/851/34 1207/855/34 1126/856/34
s 141
f 1220/850/81 1212/857/81 1148/844/81
s 144
f 1212/857/70 1206/846/70 1209/858/70
s 131
f 1149/827/70 1217/826/70 1201/791/70
f 1219/814/70 1193/768/70 1125/812/70
s 136
f 1217/793/34 1150/789/34 1201/859/34
s 145
f 1132/860/137 1226/861/137 1151/788/137
s 128
f 1127/762/81 1214/769/81 1194/765/81
s 146
f 1218/790/68 1223/862/68 1216/763/68
s 130
f 1128/760/65 1216/763/65 1132/860/65
s 147
f 1242/863/81 1245/864/81 1244/865/81
s 148
f 1245/864/68 1253/866/68 1247/867/68
s 149
f 1239/868/137 1228/869/137 1241/870/137
s 150
f 1228/871/65 1252/872/65 1251/873/65
s 151
f 1248/874/34 1239/868/34 1238/875/34
s 152
f 1237/876/236 1238/877/236 1239/878/236
s 153
f 1240/879/237 1241/880/237 1242/881/237
s 154
f 1243/882/238 1244/883/238 1245/884/238
s 155
f 1246/885/239 1247/886/239 1248/887/239
s 147
f 1254/888/81 1228/869/81 1251/873/81
s 151
f 1253/889/34 1227/890/34 1239/868/34
s 148
f 1253/866/68 1251/873/68 1252/872/68
s 156
f 1258/891/65 1255/892/65 1257/893/65
s 157
f 1270/894/68 1274/895/68 1256/896/68
s 158
f 1250/897/70 1276/898/70 1282/899/70
s 159
f 1278/900/81 1255/892/81 1273/901/81
s 160
f 1264/902/81 1312/903/81 1262/904/81
s 132
f 1259/803/228 1179/773/228 1260/905/228
s 136
f 1156/906/34 1308/907/34 1180/908/34
s 161
f 1260/909/81 1309/910/81 1259/911/81
s 162
f 1180/912/240 1307/913/240 1260/914/240
s 163
f 1281/915/34 1269/916/34 1256/896/34
s 164
f 1231/917/70 1291/918/70 1232/919/70
f 1235/920/70 1293/921/70 1236/922/70
f 1234/923/70 1296/924/70 1295/925/70
f 1230/926/70 1298/927/70 1297/928/70
f 1230/926/70 1292/929/70 1231/917/70
f 1232/919/70 1294/930/70 1235/920/70
f 1236/922/70 1296/924/70 1233/931/70
f 1229/932/70 1295/925/70 1298/927/70
s 165
f 1261/933/228 1308/934/228 1262/935/228
f 1263/936/228 1310/799/228 1309/937/228
f 1264/902/228 1308/907/228 1310/938/228
f 1263/939/228 1307/940/228 1261/941/228
s 166
f 1262/935/233 1311/942/233 1261/933/233
s 167
f 1263/939/34 1311/942/34 1313/943/34
s 168
f 1263/936/240 1314/944/240 1264/945/240
s 169
f 1320/946/60 1324/947/60 1328/948/60
s 170
f 1334/949/241 1364/950/242 1332/951/242
s 171
f 1331/952/137 1366/953/241 1333/954/241
s 170
f 1334/949/241 1368/955/243 1365/956/241
s 171
f 1335/957/244 1366/953/241 1367/958/244
s 170
f 1338/959/245 1368/955/243 1336/960/243
s 172
f 1343/961/34 1406/962/34 1345/963/34
s 173
f 1342/964/246 1376/965/247 1374/966/246
s 174
f 1375/967/81 1411/968/81 1410/969/81
s 173
f 1344/970/247 1377/971/248 1376/965/247
s 172
f 1339/972/34 1404/973/34 1341/974/34
s 171
f 1345/963/249 1380/975/68 1347/976/68
s 173
f 1379/977/68 1350/978/250 1381/979/250
s 171
f 1347/976/68 1382/980/250 1349/981/250
s 173
f 1350/978/250 1383/982/53 1381/979/250
s 171
f 1349/981/250 1384/983/53 1351/984/53
s 173
f 1352/985/53 1386/986/251 1383/982/53
s 171
f 1353/987/251 1384/983/53 1385/988/251
s 173
f 1354/989/251 1388/990/65 1386/986/251
s 171
f 1353/987/251 1387/991/65 1355/992/65
s 173
f 1388/990/65 1358/993/252 1390/994/252
s 171
f 1355/992/65 1389/995/252 1357/996/252
s 173
f 1360/997/58 1390/994/252 1358/993/252
s 171
f 1359/998/58 1389/995/252 1391/999/58
s 175
f 1340/1000/81 1362/1001/253 1354/1002/81
s 173
f 1360/997/58 1394/1003/254 1392/1004/58
s 171
f 1361/1005/255 1391/999/58 1393/1006/255
s 176
f 1332/1007/256 1419/1008/256 1417/1009/256
s 171
f 1331/952/137 1393/1006/255 1363/1010/137
s 172
f 1343/961/34 1351/1011/34 1359/1012/34
s 174
f 1384/1013/81 1375/967/81 1367/958/81
s 177
f 1365/1014/34 1379/1015/34 1388/1016/34
s 174
f 1373/1017/81 1410/969/81 1408/1018/81
f 1371/1019/81 1408/1018/81 1407/1020/81
s 171
f 1367/958/244 1401/1021/257 1335/957/244
s 172
f 1339/972/34 1402/1022/34 1403/1023/34
f 1341/974/34 1405/1024/34 1343/961/34
s 174
f 1369/1025/81 1412/1026/81 1367/958/81
f 1371/1019/81 1409/1027/81 1369/1025/81
s 172
f 1337/1028/34 1401/1029/34 1402/1022/34
s 173
f 1379/977/68 1346/1030/248 1348/1031/68
s 175
f 1332/1007/258 1418/1032/259 1362/1033/253
s 177
f 1364/1034/260 1420/1035/261 1419/1008/262
s 178
f 1362/1036/263 1420/1035/263 1394/1037/263
s 171
f 1345/963/249 1411/1038/264 1378/1039/249
s 179
f 1224/1040/34 1216/1041/34 1223/1042/34
s 180
f 1224/1040/65 1225/1043/65 1226/1044/65
s 120
f 1067/1045/201 1068/1046/201 1066/708/201
f 1068/1046/201 1069/1047/201 1066/708/201
f 1085/1048/221 1072/1049/265 1065/706/200
f 1072/1049/265 1071/707/201 1065/706/200
f 1095/1050/222 1074/1051/266 1085/1048/221
f 1073/1052/267 1075/1053/268 1085/1048/221
f 1075/1053/268 1072/1049/265 1085/1048/221
f 1074/1051/266 1073/1052/267 1085/1048/221
f 1095/1050/222 1070/1054/269 1074/1051/266
f 1071/707/201 1067/1045/201 1066/708/201
s 127
f 1100/1055/270 1097/711/270 1099/1056/270
s 137
f 1212/857/70 1222/849/70 1221/831/70
s 144
f 1206/846/70 1203/1057/70 1209/858/70
s 137
f 1212/857/70 1221/831/70 1206/846/70
s 181
f 1514/1058/81 1511/1059/271 1512/1060/81
f 1516/1061/271 1510/1062/272 1511/1059/271
f 1517/1063/272 1509/1064/273 1510/1062/272
f 1509/1064/273 1520/1065/274 1508/1066/274
f 1520/1065/274 1507/1067/275 1508/1066/274
f 1507/1067/275 1523/1068/276 1506/1069/276
f 1506/1069/276 1524/1070/277 1505/1071/277
f 1524/1072/277 1504/1073/34 1505/1074/277
f 1526/1075/34 1503/1076/278 1504/1073/34
f 1503/1076/278 1529/1077/279 1502/1078/279
f 1529/1077/279 1501/1079/280 1502/1078/279
f 1530/1080/280 1500/1081/281 1501/1079/280
f 1532/1082/281 1499/1083/282 1500/1081/281
f 1499/1083/282 1535/1084/283 1498/1085/283
s 182
f 1529/1086/284 1523/1087/284 1517/1088/284
s 181
f 1535/1084/283 1497/1089/285 1498/1085/283
f 1497/1089/285 1514/1058/81 1512/1060/81
s 183
f 1474/1090/286 1470/1091/286 1466/1092/286
s 184
f 1562/1093/287 1642/1094/288 1641/1095/287
f 1643/1096/289 1568/1097/290 1644/1098/290
f 1644/1098/290 1570/1099/291 1645/1100/292
f 1570/1101/291 1648/1102/293 1645/1103/292
f 1572/1104/294 1649/1105/295 1648/1102/293
f 1602/1106/296 1633/1107/295 1640/1108/297
f 1646/1109/298 1584/1110/299 1653/1111/299
f 1574/1112/295 1686/1113/296 1576/1113/296
f 1592/1114/300 1641/1095/287 1650/1115/300
s 185
f 1571/1116/60 1579/1117/60 1587/1118/60
s 184
f 1643/1096/289 1564/1119/288 1566/1120/289
s 185
f 1565/1121/60 1596/1122/60 1597/1123/60
f 1565/1121/60 1598/1124/60 1567/1125/60
f 1567/1125/60 1599/1126/60 1569/1127/60
f 1573/1128/60 1600/1129/60 1601/1130/60
f 1573/1128/60 1602/1131/60 1575/1132/60
f 1577/1133/60 1602/1131/60 1603/1134/60
f 1579/1117/60 1605/1135/60 1581/1136/60
f 1583/1137/60 1605/1135/60 1606/1138/60
f 1585/1139/60 1606/1138/60 1607/1140/60
f 1589/1141/60 1608/1142/60 1609/1143/60
f 1591/1144/60 1609/1143/60 1610/1145/60
f 1591/1144/60 1595/1146/60 1561/1147/60
s 184
f 1651/1148/301 1592/1114/300 1650/1115/300
f 1652/1149/302 1590/1150/301 1651/1148/301
f 1647/1151/303 1578/1152/304 1580/1153/303
f 1653/1111/299 1586/1154/305 1654/1155/305
f 1652/1149/302 1586/1154/305 1588/1156/306
f 1646/1109/298 1580/1153/303 1582/1157/298
f 1655/1158/304 1576/1113/296 1578/1152/304
f 1649/1105/295 1576/1113/296 1656/1159/296
f 1603/1160/307 1640/1108/297 1639/1161/304
f 1605/1162/298 1631/1163/303 1630/1164/298
f 1608/1165/308 1638/1166/305 1636/1167/302
f 1606/1168/299 1638/1166/305 1607/1169/309
f 1604/1170/310 1639/1161/304 1631/1163/303
f 1608/1165/308 1635/1171/301 1609/1172/301
f 1609/1172/301 1634/1173/300 1610/1174/300
f 1596/1175/311 1627/1176/289 1597/1177/289
f 1610/1174/300 1594/1178/287 1595/1179/312
f 1605/1162/298 1637/1180/299 1606/1168/299
f 1632/1181/294 1601/1182/295 1600/1183/313
f 1629/1184/292 1600/1183/313 1599/1185/292
f 1598/1186/290 1629/1187/292 1599/1188/292
f 1597/1177/289 1628/1189/290 1598/1186/290
f 1595/1179/312 1593/1190/288 1596/1175/311
f 1640/1108/297 1649/1105/295 1665/1191/314
f 1640/1108/297 1664/1192/307 1639/1161/304
f 1631/1163/303 1646/1109/298 1630/1164/298
f 1638/1166/305 1652/1149/302 1636/1167/302
f 1637/1180/299 1654/1155/305 1638/1166/305
f 1631/1163/303 1664/1192/307 1666/1193/307
f 1630/1164/298 1653/1111/299 1637/1180/299
f 1648/1102/293 1633/1107/295 1668/1194/315
f 1629/1184/292 1668/1194/315 1632/1181/294
s 186
f 1663/1195/316 1673/1196/316 1671/1197/316
s 184
f 1665/1191/314 1655/1158/304 1666/1193/307
s 187
f 1665/1198/58 1674/1199/58 1673/1196/58
s 184
f 1670/1200/317 1645/1103/292 1648/1102/293
s 188
f 1671/1197/318 1674/1199/318 1672/1201/318
s 189
f 1675/1202/319 1677/1203/319 1678/1204/319
s 190
f 1668/1205/320 1678/1204/320 1670/1206/320
s 191
f 1667/1207/60 1675/1202/60 1668/1208/60
s 192
f 1664/1209/321 1674/1199/321 1666/1210/321
s 193
f 1663/1211/60 1672/1201/60 1664/1212/60
s 194
f 1670/1213/58 1677/1203/58 1669/1214/58
s 195
f 1669/1215/322 1676/1216/323 1667/1217/323
s 196
f 1679/1218/58 1698/1219/58 1697/1220/58
s 184
f 1582/1157/298 1690/1110/299 1584/1110/299
f 1592/1114/300 1699/1221/324 1701/1222/324
f 1570/1099/291 1682/1097/290 1683/1099/291
f 1576/1113/296 1687/1152/304 1578/1152/304
f 1586/1154/305 1690/1110/299 1691/1154/305
f 1564/1119/288 1679/1093/287 1680/1119/288
f 1570/1101/291 1684/1104/294 1572/1104/294
f 1580/1153/303 1687/1152/304 1688/1153/303
f 1588/1156/306 1691/1154/305 1692/1156/306
f 1564/1119/288 1681/1120/289 1566/1120/289
f 1574/1112/295 1684/1104/294 1685/1112/295
f 1580/1153/303 1689/1157/298 1582/1157/298
f 1588/1156/306 1692/1156/306 1703/1223/325
f 1562/1093/287 1702/1114/326 1704/1224/327
f 1566/1120/289 1682/1097/290 1568/1097/290
s 197
f 1693/1225/328 1700/1226/65 1703/1227/65
s 198
f 1696/1228/81 1704/1229/329 1698/1230/330
s 199
f 1694/1231/68 1703/1227/68 1695/1232/68
s 197
f 1699/1233/331 1694/1234/74 1701/1235/74
s 198
f 1701/1235/83 1697/1236/83 1704/1237/329
s 196
f 1697/1220/58 1695/1238/58 1692/1239/58
f 1692/1239/58 1691/1240/58 1697/1220/58
f 1691/1240/58 1690/1241/58 1697/1220/58
f 1690/1241/58 1689/1242/58 1697/1220/58
f 1689/1242/58 1688/1243/58 1697/1220/58
f 1688/1243/58 1687/1244/58 1697/1220/58
f 1687/1244/58 1686/1245/58 1697/1220/58
f 1686/1245/58 1685/1246/58 1697/1220/58
f 1685/1246/58 1684/1247/58 1697/1220/58
f 1684/1247/58 1683/1248/58 1697/1220/58
f 1683/1248/58 1682/1249/58 1697/1220/58
f 1682/1249/58 1681/1250/58 1697/1220/58
f 1681/1250/58 1680/1251/58 1697/1220/58
f 1680/1251/58 1679/1218/58 1697/1220/58
f 1679/1218/58 1696/1252/58 1698/1219/58
s 1
f 105/1/1 104/93/2 115/2/2
f 109/4/3 106/97/4 117/5/4
f 122/7/5 107/95/5 110/8/6
f 103/10/7 102/96/8 113/11/8
f 99/22/15 108/94/16 121/23/16
f 101/25/17 100/92/18 111/26/18
s 3
f 7/29/20 32/1253/332 31/1254/19
f 34/30/21 33/72/333 9/28/19
f 7/29/20 31/1254/19 34/30/21
s 4
f 35/51/35 37/53/37 6/49/34
f 3/50/35 36/57/35 35/51/35
f 39/1255/36 40/67/36 2/52/36
f 2/52/36 6/49/34 37/53/37
f 38/54/38 39/1255/36 2/52/36
s 200
f 36/57/334 3/50/334 8/55/335
s 5
f 8/55/39 41/70/50 42/56/40
s 3
f 45/1256/41 32/1253/332 7/29/20
f 1/58/41 43/1257/41 44/59/41
f 44/59/41 45/1256/41 7/29/20
s 6
f 46/62/44 43/1258/42 1/60/42
f 1/60/42 5/66/46 47/61/43
s 7
f 4/63/45 10/71/51 49/1259/336
f 4/63/45 49/1259/336 48/64/45
f 50/65/45 51/1260/45 4/63/45
s 6
f 52/68/47 47/61/43 5/66/46
f 5/66/46 2/52/47 40/67/47
s 5
f 41/70/50 8/55/39 4/63/48
f 4/63/48 51/1260/48 53/69/49
s 7
f 54/73/52 49/1259/336 10/71/51
f 10/71/51 9/28/52 33/72/52
s 8
f 129/74/53 128/103/54 139/75/54
f 133/77/55 130/107/56 141/78/56
f 146/80/57 131/105/57 134/81/58
f 127/83/59 126/106/60 137/84/60
f 123/86/61 132/104/62 145/87/62
f 125/89/63 124/101/64 135/90/64
s 1
f 112/24/15 111/26/18 100/92/18
f 116/12/7 115/2/2 104/93/2
f 122/7/5 121/23/16 108/94/16
f 114/27/17 113/11/8 102/96/8
f 118/3/1 117/5/4 106/97/4
f 109/4/3 120/6/3 119/98/6
s 8
f 136/100/61 135/90/64 124/101/64
f 140/85/59 139/75/54 128/103/54
f 146/80/57 145/87/62 132/104/62
f 138/91/63 137/84/60 126/106/60
f 142/76/53 141/78/56 130/107/56
f 144/79/55 143/82/58 134/81/58
s 11
f 255/171/68 287/199/68 273/172/68
f 248/174/68 281/200/68 283/175/68
f 242/177/68 241/173/68 273/172/68
f 243/179/68 256/201/68 288/180/68
f 251/182/68 249/202/68 282/183/68
f 244/185/68 243/179/68 274/181/68
f 252/187/68 275/192/68 285/188/68
f 245/190/68 242/177/68 276/178/68
f 250/176/68 283/175/68 275/192/68
f 246/193/68 244/185/68 277/186/68
f 254/195/68 251/182/68 284/184/68
f 245/190/68 278/191/68 280/197/68
f 253/189/68 285/188/68 287/199/68
f 246/193/68 279/194/68 281/200/68
f 256/201/68 254/195/68 286/196/68
f 249/202/68 247/198/68 280/197/68
s 12
f 273/203/69 292/237/69 293/204/70
s 13
f 328/1261/337 264/1262/338 263/206/71
f 263/206/71 327/309/124 326/207/72
f 325/208/73 328/1261/337 263/206/71
s 12
f 274/209/74 300/238/74 301/210/65
f 276/205/70 293/204/70 294/212/75
f 277/211/65 301/210/65 302/214/76
f 278/213/75 294/212/75 295/216/77
f 281/218/78 279/215/76 302/214/76
f 280/217/77 295/216/77 296/220/79
f 281/218/78 303/219/78 304/222/80
f 282/221/79 296/220/79 297/224/81
f 275/226/34 290/229/34 289/227/82
f 283/223/80 304/222/80 290/229/34
f 286/230/83 284/225/81 297/224/81
f 287/232/84 285/228/82 289/227/82
f 286/230/83 298/231/83 299/234/85
f 273/203/69 287/1263/84 291/236/84
f 288/235/85 299/234/85 300/238/74
s 14
f 258/239/68 257/242/68 289/240/68
f 257/242/68 259/244/68 291/243/68
f 259/244/68 260/246/68 292/245/68
f 260/246/68 261/248/68 293/247/68
f 261/248/68 262/250/68 294/249/68
f 262/250/68 263/252/68 295/251/68
f 263/252/68 264/255/68 296/253/68
f 265/254/68 297/257/68 296/253/68
f 266/256/68 298/259/68 297/257/68
f 267/258/68 299/261/68 298/259/68
f 268/260/68 300/263/68 299/261/68
f 269/262/68 301/265/68 300/263/68
f 270/264/68 302/267/68 301/265/68
f 271/266/68 303/269/68 302/267/68
f 272/268/68 304/270/68 303/269/68
f 272/268/68 258/239/68 290/241/68
s 13
f 332/280/96 272/1264/339 271/271/86
f 271/271/86 331/1265/340 330/272/87
f 329/273/88 332/280/96 271/271/86
f 265/274/89 264/1262/338 328/1261/337
f 265/274/89 328/1261/337 333/275/90
f 334/276/91 335/1266/341 265/274/89
f 336/1267/342 339/285/101 257/277/92
s 0
f 258/278/137 338/1268/34 337/279/68
s 13
f 337/279/94 336/1267/342 257/277/92
f 340/281/97 338/1268/343 258/278/95
f 258/278/95 272/1264/339 332/280/96
f 342/283/99 266/1269/344 265/274/89
f 265/274/89 335/1266/341 341/282/98
f 343/1270/345 345/1271/346 259/284/100
f 259/284/100 257/277/92 339/285/101
f 344/286/102 343/1270/345 259/284/100
f 267/287/103 266/1269/344 342/283/99
f 346/288/104 347/1272/347 348/289/105
f 267/287/103 342/283/99 346/288/104
f 350/292/107 260/295/110 259/290/100
f 259/290/100 345/1273/346 349/291/106
f 351/294/109 352/299/114 268/293/108
f 268/293/108 267/287/103 348/289/105
f 354/297/112 261/301/116 260/295/110
f 260/295/110 350/292/107 353/296/111
f 355/300/115 356/305/120 269/298/113
f 269/298/113 268/293/108 352/299/114
f 358/303/118 262/307/122 261/301/116
f 261/301/116 354/297/112 357/302/117
f 359/306/121 360/310/125 270/304/119
f 270/304/119 269/298/113 356/305/120
f 327/309/124 263/206/71 262/307/122
f 262/307/122 358/303/118 361/308/123
f 362/311/126 331/1265/340 271/271/86
f 271/271/86 270/304/119 360/310/125
s 202
f 313/312/127 323/333/127 324/313/127
s 16
f 322/317/34 321/1274/34 320/1275/34
f 320/1275/34 319/1276/34 386/315/34
f 386/315/34 385/1277/34 315/1278/34
f 315/1278/34 316/325/34 324/316/34
f 324/316/34 323/1279/34 322/317/34
f 322/317/34 320/1275/34 386/315/34
f 386/315/34 315/1278/34 324/316/34
s 203
f 310/318/128 320/334/128 321/319/128
s 37
f 307/321/65 388/335/65 387/322/65
s 204
f 314/324/129 324/316/129 316/325/129
s 20
f 312/327/130 311/320/130 321/319/130
s 21
f 309/329/131 308/323/131 387/322/131
s 22
f 305/331/132 306/326/132 316/325/132
s 23
f 313/312/70 312/327/70 322/328/70
s 205
f 309/329/133 319/330/133 320/334/133
s 36
f 305/331/134 315/332/134 388/335/134
s 206
f 382/336/129 381/1280/129 364/337/129
s 27
f 379/339/127 381/1281/127 382/340/127
s 28
f 377/342/70 379/339/70 380/341/70
s 29
f 375/344/130 377/342/130 378/343/130
s 30
f 373/346/128 375/344/128 376/345/128
s 31
f 371/348/133 373/346/133 374/347/133
s 32
f 369/350/131 371/348/131 372/349/131
s 33
f 367/352/65 369/350/65 370/351/65
s 34
f 365/354/134 367/352/134 368/353/134
s 35
f 364/337/132 365/354/132 366/355/132
s 37
f 317/358/65 385/357/65 386/356/65
f 318/359/65 386/356/65 387/322/65
f 383/361/65 388/335/65 385/357/65
f 384/360/65 387/322/65 388/335/65
s 38
f 409/362/135 396/1282/135 394/363/136
s 39
f 406/367/137 411/378/137 413/1283/137
f 413/1283/137 412/1284/137 414/365/137
f 414/365/137 416/1285/137 415/1286/137
f 415/1286/137 408/1287/137 410/366/137
f 410/366/137 409/1288/137 405/1289/137
f 405/1289/137 407/1290/137 406/367/137
f 406/367/137 413/1283/137 414/365/137
f 414/365/137 415/1286/137 410/366/137
f 410/366/137 405/1289/137 406/367/137
s 40
f 402/368/138 397/1291/139 408/369/139
s 41
f 400/373/68 393/385/68 395/1292/68
f 395/1292/68 394/1293/68 396/371/68
f 396/371/68 398/1294/68 397/1291/68
f 397/1291/68 402/368/68 404/372/68
f 404/372/68 403/1295/68 399/1296/68
f 399/1296/68 401/1297/68 400/373/68
f 400/373/68 395/1292/68 396/371/68
f 396/371/68 397/1291/68 404/372/68
f 404/372/68 399/1296/68 400/373/68
s 42
f 399/374/140 403/383/141 414/375/141
s 43
f 400/373/142 401/1298/143 413/377/143
s 42
f 401/379/144 399/374/140 412/376/140
s 40
f 415/370/138 416/382/145 404/381/145
s 42
f 416/382/146 414/375/141 403/383/141
s 43
f 406/367/147 407/1299/148 395/384/148
s 38
f 407/386/149 405/364/136 394/363/136
s 40
f 408/369/139 397/1291/139 398/388/150
s 38
f 398/388/151 396/1282/135 409/362/135
s 43
f 411/378/142 406/367/147 393/385/147
s 44
f 484/390/81 483/393/152 430/391/152
f 483/393/152 485/395/153 431/394/153
f 485/395/153 486/397/65 432/396/65
f 486/397/65 487/399/154 433/398/154
f 487/399/154 488/401/155 434/400/155
f 488/401/155 489/1300/34 435/402/34
f 435/402/34 489/1300/34 490/403/156
f 436/404/156 490/403/156 491/405/157
f 491/405/157 492/1301/70 438/407/70
f 438/407/70 492/1301/70 493/408/158
s 45
f 427/410/154 505/1302/154 506/411/155
s 44
f 493/413/158 494/416/159 440/414/159
f 494/416/159 484/390/81 429/392/81
s 46
f 465/417/81 466/420/81 472/418/81
s 47
f 466/420/137 470/1303/137 473/421/137
s 207
f 468/422/68 465/417/68 471/419/68
s 49
f 466/420/70 465/417/70 468/424/70
s 50
f 469/426/160 467/1304/160 471/419/160
s 51
f 418/429/137 483/433/137 484/430/137
f 418/429/137 419/435/137 485/432/137
f 420/434/137 486/437/137 485/432/137
f 420/434/137 421/439/137 487/436/137
f 422/438/137 488/441/137 487/436/137
f 423/440/137 489/443/137 488/441/137
f 423/440/137 424/445/137 490/442/137
f 425/444/137 491/447/137 490/442/137
f 426/446/137 492/449/137 491/447/137
f 426/446/137 427/450/137 493/448/137
f 427/450/137 428/452/137 494/451/137
f 417/431/137 484/430/137 494/451/137
s 45
f 417/453/34 496/462/34 495/454/156
f 424/456/152 502/473/152 503/457/153
f 421/459/158 499/474/158 500/460/159
f 428/412/155 506/411/155 496/462/34
f 418/455/156 495/454/156 497/463/157
f 425/458/153 503/457/153 504/465/65
f 422/461/159 500/460/159 501/467/81
f 419/464/157 497/463/157 498/469/70
f 426/466/65 504/465/65 505/471/154
f 423/468/81 501/467/81 502/473/152
f 420/470/70 498/469/70 499/474/158
s 52
f 589/475/137 590/478/137 580/476/137
s 208
f 590/478/70 607/1305/70 611/479/70
s 54
f 555/480/137 558/484/137 556/481/137
s 209
f 553/482/65 599/1306/65 602/483/65
s 210
f 558/484/70 603/1307/70 604/485/70
s 211
f 579/477/65 610/1308/65 600/486/65
s 58
f 617/487/161 627/491/161 626/488/162
f 617/487/161 619/494/163 628/490/163
f 615/489/162 626/488/162 625/492/164
f 619/494/163 621/514/165 629/495/165
s 59
f 630/496/137 636/1309/137 635/497/137
s 60
f 626/499/166 632/508/166 631/500/166
s 61
f 628/502/167 634/507/167 633/503/167
s 62
f 630/505/168 625/501/168 631/500/168
s 63
f 629/498/169 635/497/169 634/507/169
s 64
f 627/504/68 633/503/68 632/508/68
s 58
f 623/509/170 613/493/164 625/492/164
s 65
f 636/513/81 631/1310/81 632/511/81
f 632/511/81 633/1311/81 634/512/81
f 634/512/81 635/1312/81 636/513/81
s 58
f 623/509/170 630/510/170 629/495/165
s 66
f 732/515/171 747/539/171 750/516/172
f 726/518/173 741/1313/173 746/519/174
f 730/521/175 745/1314/175 748/522/176
f 738/524/177 753/544/177 756/525/178
f 734/527/179 749/545/179 752/528/180
f 740/530/181 755/1315/181 744/531/182
s 67
f 746/535/65 741/1316/65 742/1317/65
f 742/1317/65 743/1318/65 744/1319/65
f 744/1319/65 755/1320/65 756/1321/65
f 756/1321/65 753/1322/65 754/533/65
f 754/533/65 751/1323/65 752/1324/65
f 752/1324/65 749/1325/65 750/534/65
f 750/534/65 747/1326/65 748/1327/65
f 748/1327/65 745/1328/65 746/535/65
f 746/535/65 742/1317/65 744/1319/65
f 744/1319/65 756/1321/65 754/533/65
f 754/533/65 752/1324/65 750/534/65
f 750/534/65 748/1327/65 746/535/65
f 746/535/65 744/1319/65 754/533/65
s 66
f 736/536/183 751/1329/183 754/537/184
f 746/519/174 745/1314/175 730/521/175
f 732/515/171 731/523/176 748/522/176
f 744/531/182 743/1330/185 728/540/185
f 726/541/173 725/546/186 742/542/186
f 756/525/178 755/1315/181 740/530/181
f 752/528/180 751/1329/183 736/536/183
f 738/524/177 737/538/184 754/537/184
f 734/527/179 733/517/172 750/516/172
f 728/540/185 743/1330/185 742/542/186
s 68
f 795/547/187 794/1331/187 793/548/187
s 69
f 832/550/137 789/610/137 827/551/137
s 70
f 792/553/70 831/1332/70 833/554/70
s 71
f 794/556/65 789/610/65 790/557/65
s 69
f 790/557/137 789/610/137 832/550/137
s 73
f 791/560/68 829/1333/68 828/561/68
s 70
f 797/563/70 792/553/70 791/555/70
s 74
f 795/565/81 798/1334/81 791/560/81
s 75
f 795/547/188 796/549/188 800/566/189
s 74
f 802/568/81 798/1334/81 795/565/81
s 70
f 799/570/70 797/563/70 798/564/70
s 76
f 804/572/190 865/619/190 864/573/190
s 77
f 806/574/68 805/597/68 803/575/68
s 75
f 808/576/65 803/1335/65 805/577/65
f 800/566/189 808/1336/65 836/579/65
s 74
f 802/568/81 801/569/81 836/580/81
s 70
f 802/571/70 837/1337/70 807/582/70
s 78
f 817/583/81 825/607/81 823/584/81
s 79
f 813/588/70 806/574/70 837/1338/70
f 837/1338/70 838/1339/70 816/586/70
f 816/586/70 815/1340/70 812/587/70
f 812/587/70 814/1341/70 813/588/70
f 813/588/70 837/1338/70 816/586/70
s 78
f 815/589/81 817/583/81 810/585/81
s 80
f 813/588/191 814/593/191 811/591/191
s 81
f 814/593/192 812/590/192 810/585/192
s 82
f 815/589/193 816/595/193 818/594/193
s 83
f 816/595/194 838/1342/194 839/596/194
s 77
f 806/574/68 813/588/68 809/592/68
s 84
f 826/600/65 819/602/65 820/1343/65
f 820/1343/65 822/1344/65 821/598/65
f 821/598/65 823/1345/65 825/599/65
f 825/599/65 824/1346/65 826/600/65
f 826/600/65 820/1343/65 821/598/65
s 81
f 810/585/192 823/584/192 821/601/192
s 85
f 805/577/34 820/1343/34 819/602/34
s 83
f 839/596/194 826/606/194 824/603/194
s 80
f 811/591/191 821/601/191 822/604/191
s 86
f 836/605/137 819/1347/137 826/606/137
s 82
f 818/594/193 824/603/193 825/607/193
s 77
f 809/592/68 822/604/68 820/608/68
s 87
f 794/556/85 828/1348/85 827/609/85
s 70
f 833/554/70 834/1349/70 829/611/70
s 88
f 827/609/81 828/1348/81 829/612/81
f 829/612/81 834/1350/81 835/613/81
s 89
f 831/614/61 830/559/61 832/550/61
f 833/615/61 832/550/61 835/552/61
s 86
f 839/596/137 838/1342/137 837/617/137
s 212
f 867/618/70 866/621/70 864/573/70
s 91
f 837/620/81 806/1351/81 864/573/81
s 92
f 837/622/137 866/621/137 867/618/137
s 213
f 872/624/187 873/1352/187 874/625/187
s 94
f 911/627/137 914/692/137 906/628/137
s 95
f 912/630/70 910/1353/70 871/631/70
s 214
f 869/633/65 868/629/65 873/634/65
s 94
f 911/627/137 868/629/137 869/633/137
s 97
f 907/637/68 908/1354/68 870/638/68
s 95
f 870/632/70 871/631/70 876/640/70
s 98
f 874/642/34 873/639/34 870/638/34
s 99
f 879/644/189 875/626/188 874/625/188
s 98
f 874/642/34 877/643/34 881/646/34
s 95
f 877/641/70 876/640/70 878/648/70
s 215
f 943/650/190 944/1355/190 883/651/190
s 108
f 882/653/68 884/674/68 885/652/68
s 99
f 884/654/65 882/1356/65 887/655/65
f 915/657/65 887/1357/65 879/644/189
s 98
f 881/646/34 916/1358/34 915/658/34
s 216
f 886/659/70 916/1359/70 881/649/70
s 102
f 902/660/34 904/684/34 896/661/34
s 103
f 916/665/70 885/652/70 892/668/70
f 892/668/70 893/1360/70 891/663/70
f 891/663/70 894/1361/70 895/664/70
f 895/664/70 917/1362/70 916/665/70
f 916/665/70 892/668/70 891/663/70
s 102
f 894/666/34 891/1363/34 889/662/34
s 104
f 890/667/195 893/670/195 892/668/195
s 105
f 889/662/196 891/1363/196 893/670/196
s 106
f 897/671/197 895/673/197 894/666/197
s 107
f 918/672/198 917/1364/198 895/673/198
s 108
f 888/669/68 892/668/68 885/652/68
s 109
f 899/677/65 898/679/65 905/1365/65
f 905/1365/65 903/1366/65 904/675/65
f 904/675/65 902/1367/65 900/676/65
f 900/676/65 901/1368/65 899/677/65
f 899/677/65 905/1365/65 904/675/65
s 105
f 900/678/196 902/660/196 889/662/196
s 110
f 898/679/81 899/677/81 884/654/81
s 107
f 903/680/198 905/682/198 918/672/198
s 104
f 901/681/195 900/678/195 890/667/195
s 111
f 905/682/137 898/1369/137 915/683/137
s 106
f 904/684/197 903/680/197 897/671/197
s 108
f 899/685/68 901/681/68 888/669/68
s 112
f 906/686/78 907/1370/78 873/634/78
s 95
f 908/687/70 913/1371/70 912/630/70
s 113
f 908/689/34 907/1370/34 906/686/34
f 906/686/34 914/1372/34 913/688/34
s 217
f 911/627/61 909/636/61 910/690/61
s 114
f 914/692/61 911/627/61 912/691/61
s 111
f 916/694/137 917/1364/137 918/672/137
s 115
f 946/695/70 944/1355/70 943/650/70
s 116
f 916/697/34 945/696/34 943/650/34
s 218
f 946/695/137 945/696/137 916/699/137
s 219
f 1063/701/81 1066/705/81 1069/702/81
s 220
f 1064/704/199 1065/735/199 1066/705/199
s 121
f 1096/709/34 1086/1373/34 1087/710/34
s 120
f 1089/712/202 1086/733/219 1096/713/203
s 122
f 1070/715/204 1084/1374/204 1082/716/205
f 1074/717/206 1082/716/205 1083/718/207
f 1073/719/208 1083/718/207 1081/720/209
f 1077/722/211 1072/723/212 1075/721/210
f 1072/723/212 1077/722/211 1076/724/53
f 1067/726/213 1071/725/53 1076/724/53
f 1068/728/215 1067/726/213 1078/727/214
f 1069/730/217 1068/728/215 1080/729/216
s 120
f 1089/712/202 1091/1375/218 1092/732/218
s 123
f 1064/704/34 1088/1376/34 1085/734/34
s 221
f 1090/736/220 1089/744/220 1085/737/220
s 120
f 1085/739/221 1089/712/202 1100/714/203
s 222
f 1093/741/220 1092/1377/220 1091/742/220
s 223
f 1089/744/81 1090/736/81 1094/743/81
s 121
f 1086/745/34 1092/1377/34 1093/741/34
s 127
f 1070/747/223 1095/1378/348 1098/748/224
s 128
f 1136/750/81 1120/753/81 1189/751/81
s 129
f 1120/753/68 1122/772/68 1188/754/68
s 130
f 1130/756/65 1134/759/65 1137/757/65
f 1129/758/65 1133/761/65 1134/759/65
f 1128/760/65 1132/860/65 1133/761/65
f 1127/762/226 1131/777/226 1216/763/65
s 131
f 1194/765/70 1195/815/70 1178/766/227
s 128
f 1215/764/81 1128/760/81 1193/768/81
f 1128/760/81 1129/758/81 1192/770/81
f 1129/758/81 1130/756/81 1191/771/81
s 130
f 1136/750/65 1137/757/65 1122/772/65
s 128
f 1130/756/81 1136/750/81 1190/752/81
s 132
f 1179/773/228 1141/1379/228 1139/774/228
s 128
f 1127/762/81 1194/765/81 1177/767/81
f 1177/767/81 1176/1380/81 1139/776/81
s 130
f 1139/774/229 1141/1379/229 1131/777/226
s 133
f 1196/778/34 1145/784/34 1154/779/34
s 134
f 1144/781/137 1209/1381/137 1202/782/137
s 129
f 1188/754/68 1122/772/68 1145/784/68
s 130
f 1137/757/65 1134/759/65 1153/786/65
f 1134/759/65 1133/761/65 1152/787/65
f 1133/761/65 1132/860/65 1151/788/65
f 1216/763/65 1131/777/226 1150/789/226
s 131
f 1178/766/227 1195/815/70 1201/791/70
s 224
f 1217/793/34 1200/1382/34 1226/1383/34
s 225
f 1217/793/34 1226/1383/34 1225/794/81
s 133
f 1199/795/34 1152/787/34 1151/788/34
f 1198/797/34 1153/786/34 1152/787/34
s 130
f 1122/772/65 1137/757/65 1154/779/65
s 133
f 1197/780/34 1154/779/34 1153/786/34
s 130
f 1259/798/232 1309/937/233 1310/799/233
s 136
f 1181/802/34 1201/859/34 1150/789/34
f 1150/789/34 1156/1384/34 1180/801/34
s 130
f 1156/804/234 1150/789/226 1131/777/226
f 1131/777/226 1141/1379/229 1259/803/232
s 131
f 1181/806/227 1180/1385/235 1260/905/235
f 1179/773/235 1176/775/235 1177/1386/227
f 1181/806/227 1260/905/235 1179/773/235
f 1179/773/235 1177/1386/227 1178/805/227
f 1119/807/70 1189/751/70 1188/808/70
f 1123/810/70 1191/771/70 1190/752/70
f 1124/811/70 1192/770/70 1191/771/70
f 1125/812/70 1193/768/70 1192/770/70
f 1126/813/70 1194/765/70 1214/769/70
f 1126/813/70 1135/828/70 1195/815/70
f 1144/816/70 1121/809/70 1188/808/70
f 1146/818/70 1144/816/70 1197/819/70
f 1146/818/70 1198/820/70 1199/821/70
f 1147/822/70 1199/821/70 1200/823/70
f 1220/825/70 1148/824/70 1200/823/70
f 1149/827/70 1201/791/70 1195/815/70
s 137
f 1221/831/70 1222/849/70 1213/829/70
f 1208/830/70 1207/855/70 1221/831/70
s 134
f 1121/783/137 1202/782/137 1203/832/137
s 141
f 1146/834/81 1210/841/81 1209/835/81
s 140
f 1119/837/34 1203/1387/34 1204/838/34
s 141
f 1147/840/81 1211/845/81 1210/841/81
s 140
f 1123/839/34 1204/838/34 1205/842/34
s 141
f 1148/844/81 1212/857/81 1211/845/81
s 140
f 1124/843/34 1205/842/34 1206/846/34
s 141
f 1149/848/81 1213/829/81 1222/849/81
s 142
f 1125/847/34 1206/846/34 1221/831/34
s 143
f 1135/852/68 1208/830/68 1213/829/68
f 1126/854/68 1207/855/68 1208/830/68
s 142
f 1219/851/34 1221/831/34 1207/855/34
s 141
f 1220/850/81 1222/849/81 1212/857/81
s 131
f 1149/827/70 1220/825/70 1217/826/70
f 1219/814/70 1214/769/70 1193/768/70
s 136
f 1217/793/34 1218/790/34 1150/789/34
s 145
f 1132/860/137 1224/1388/137 1226/861/137
s 128
f 1127/762/81 1215/764/81 1214/769/81
s 146
f 1218/790/68 1225/1389/68 1223/862/68
s 130
f 1128/760/65 1215/764/65 1216/763/65
s 147
f 1244/865/81 1240/1390/81 1242/863/81
f 1242/863/81 1254/888/81 1245/864/81
s 148
f 1247/867/68 1243/1391/68 1245/864/68
f 1245/864/68 1254/888/68 1253/866/68
f 1253/866/68 1248/1392/68 1247/867/68
s 149
f 1241/870/137 1237/1393/137 1239/868/137
f 1239/868/137 1227/890/137 1228/869/137
f 1228/869/137 1242/863/137 1241/870/137
s 150
f 1228/871/65 1227/1394/65 1252/872/65
s 151
f 1238/875/34 1246/1395/34 1248/874/34
f 1248/874/34 1253/889/34 1239/868/34
s 147
f 1254/888/81 1242/863/81 1228/869/81
s 151
f 1253/889/34 1252/1396/34 1227/890/34
s 148
f 1253/866/68 1254/888/68 1251/873/68
s 226
f 1258/891/65 1256/896/65 1255/892/65
s 157
f 1256/896/68 1271/1397/68 1270/894/68
f 1270/894/68 1272/1398/68 1274/895/68
f 1274/895/68 1255/892/68 1256/896/68
s 158
f 1282/899/70 1249/1399/70 1250/897/70
f 1250/897/70 1277/1400/70 1276/898/70
f 1276/898/70 1279/1401/70 1282/899/70
s 159
f 1273/901/81 1275/1402/81 1278/900/81
f 1278/900/81 1257/1403/81 1255/892/81
f 1255/892/81 1274/895/81 1273/901/81
s 160
f 1264/902/81 1314/944/81 1312/903/81
s 132
f 1259/803/228 1141/1379/228 1179/773/228
s 136
f 1156/906/34 1310/938/34 1308/907/34
s 161
f 1260/909/81 1307/940/81 1309/910/81
s 162
f 1180/912/240 1308/934/240 1307/913/240
s 227
f 1256/896/34 1258/1404/34 1281/915/34
s 163
f 1281/915/34 1280/1405/34 1269/916/34
f 1269/916/34 1271/1397/34 1256/896/34
s 164
f 1231/917/70 1292/929/70 1291/918/70
f 1235/920/70 1294/930/70 1293/921/70
f 1234/923/70 1233/931/70 1296/924/70
f 1230/926/70 1229/932/70 1298/927/70
f 1230/926/70 1297/928/70 1292/929/70
f 1232/919/70 1291/918/70 1294/930/70
f 1236/922/70 1293/921/70 1296/924/70
f 1229/932/70 1234/923/70 1295/925/70
s 165
f 1261/933/228 1307/913/228 1308/934/228
f 1263/936/228 1264/945/228 1310/799/228
f 1264/902/228 1262/904/228 1308/907/228
f 1263/939/228 1309/910/228 1307/940/228
s 166
f 1262/935/233 1312/903/233 1311/942/233
s 167
f 1263/939/34 1261/941/34 1311/942/34
s 168
f 1263/936/240 1313/943/240 1314/944/240
s 169
f 1328/948/60 1315/1406/60 1316/1407/60
f 1316/1407/60 1319/1408/60 1320/946/60
f 1320/946/60 1323/1409/60 1324/947/60
f 1324/947/60 1327/1410/60 1328/948/60
f 1328/948/60 1316/1407/60 1320/946/60
s 170
f 1334/949/241 1365/956/241 1364/950/242
s 171
f 1331/952/137 1363/1010/137 1366/953/241
s 170
f 1334/949/241 1336/960/243 1368/955/243
s 171
f 1335/957/244 1333/954/241 1366/953/241
s 170
f 1338/959/245 1370/1411/245 1368/955/243
s 172
f 1343/961/34 1405/1024/34 1406/962/34
s 173
f 1342/964/246 1344/970/247 1376/965/247
s 174
f 1375/967/81 1378/1412/81 1411/968/81
s 173
f 1344/970/247 1346/1030/248 1377/971/248
s 172
f 1339/972/34 1403/1023/34 1404/973/34
s 171
f 1345/963/249 1378/1039/249 1380/975/68
s 173
f 1379/977/68 1348/1031/68 1350/978/250
s 171
f 1347/976/68 1380/975/68 1382/980/250
s 173
f 1350/978/250 1352/985/53 1383/982/53
s 171
f 1349/981/250 1382/980/250 1384/983/53
s 173
f 1352/985/53 1354/989/251 1386/986/251
s 171
f 1353/987/251 1351/984/53 1384/983/53
s 173
f 1354/989/251 1356/1413/65 1388/990/65
s 171
f 1353/987/251 1385/988/251 1387/991/65
s 173
f 1388/990/65 1356/1413/65 1358/993/252
s 171
f 1355/992/65 1387/991/65 1389/995/252
s 173
f 1360/997/58 1392/1004/58 1390/994/252
s 171
f 1359/998/58 1357/996/252 1389/995/252
s 175
f 1354/1002/81 1352/1414/81 1350/1415/81
f 1350/1415/81 1348/1416/81 1346/1417/81
f 1346/1417/81 1344/1418/81 1342/1419/81
f 1340/1000/81 1338/1420/81 1336/1421/81
f 1346/1417/81 1342/1419/81 1340/1000/81
f 1354/1002/81 1350/1415/81 1346/1417/81
f 1358/1422/81 1356/1423/81 1354/1002/81
f 1362/1001/253 1360/1424/81 1358/1422/81
f 1334/1425/81 1332/1426/258 1362/1001/253
f 1340/1000/81 1336/1421/81 1334/1425/81
f 1354/1002/81 1346/1417/81 1340/1000/81
f 1362/1001/253 1358/1422/81 1354/1002/81
f 1340/1000/81 1334/1425/81 1362/1001/253
s 173
f 1360/997/58 1362/1427/254 1394/1003/254
s 171
f 1361/1005/255 1359/998/58 1391/999/58
s 176
f 1332/1007/256 1364/1034/256 1419/1008/256
s 171
f 1331/952/137 1361/1005/255 1393/1006/255
s 172
f 1359/1012/34 1361/1428/34 1331/1429/34
f 1331/1429/34 1333/1430/34 1335/1431/34
f 1335/1431/34 1337/1028/34 1339/972/34
f 1339/972/34 1341/974/34 1343/961/34
f 1343/961/34 1345/963/34 1347/1432/34
f 1347/1432/34 1349/1433/34 1351/1011/34
f 1351/1011/34 1353/1434/34 1355/1435/34
f 1355/1435/34 1357/1436/34 1359/1012/34
f 1359/1012/34 1331/1429/34 1335/1431/34
f 1335/1431/34 1339/972/34 1343/961/34
f 1343/961/34 1347/1432/34 1351/1011/34
f 1351/1011/34 1355/1435/34 1359/1012/34
f 1359/1012/34 1335/1431/34 1343/961/34
s 174
f 1367/958/81 1366/1437/81 1363/1438/81
f 1363/1438/81 1393/1439/81 1391/1440/81
f 1391/1440/81 1389/1441/81 1387/1442/81
f 1387/1442/81 1385/1443/81 1384/1013/81
f 1384/1013/81 1382/1444/81 1380/1445/81
f 1380/1445/81 1378/1412/81 1375/967/81
f 1375/967/81 1373/1017/81 1371/1019/81
f 1371/1019/81 1369/1025/81 1367/958/81
f 1367/958/81 1363/1438/81 1391/1440/81
f 1391/1440/81 1387/1442/81 1384/1013/81
f 1384/1013/81 1380/1445/81 1375/967/81
f 1375/967/81 1371/1019/81 1367/958/81
f 1367/958/81 1391/1440/81 1384/1013/81
s 177
f 1394/1446/349 1364/1447/260 1365/1014/34
f 1365/1014/34 1368/1448/34 1370/1449/34
f 1372/1450/34 1374/1451/34 1376/1452/34
f 1365/1014/34 1370/1449/34 1372/1450/34
f 1392/1453/34 1394/1446/349 1365/1014/34
f 1388/1016/34 1390/1454/34 1392/1453/34
f 1383/1455/34 1386/1456/34 1388/1016/34
f 1379/1015/34 1381/1457/34 1383/1455/34
f 1376/1452/34 1377/1458/34 1379/1015/34
f 1365/1014/34 1372/1450/34 1376/1452/34
f 1388/1016/34 1392/1453/34 1365/1014/34
f 1379/1015/34 1383/1455/34 1388/1016/34
f 1365/1014/34 1376/1452/34 1379/1015/34
s 174
f 1373/1017/81 1375/967/81 1410/969/81
f 1371/1019/81 1373/1017/81 1408/1018/81
s 228
f 1367/958/350 1412/1026/257 1401/1021/257
s 172
f 1339/972/34 1337/1028/34 1402/1022/34
f 1341/974/34 1404/973/34 1405/1024/34
s 174
f 1369/1025/81 1409/1027/81 1412/1026/81
f 1371/1019/81 1407/1020/81 1409/1027/81
s 172
f 1337/1028/34 1335/1431/34 1401/1029/34
s 173
f 1379/977/68 1377/971/248 1346/1030/248
s 229
f 1332/1007/351 1417/1009/352 1418/1032/353
s 177
f 1364/1034/260 1394/1037/349 1420/1035/261
s 230
f 1362/1036/263 1418/1459/263 1420/1035/263
s 231
f 1345/963/354 1406/962/264 1411/1038/264
s 179
f 1224/1040/34 1132/1460/34 1216/1041/34
s 180
f 1224/1040/65 1223/1042/65 1225/1043/65
s 127
f 1099/1056/270 1098/1461/224 1095/1462/348
f 1100/1055/270 1096/709/270 1097/711/270
f 1099/1056/270 1095/1462/348 1100/1055/270
s 181
f 1514/1058/81 1516/1061/271 1511/1059/271
f 1516/1061/271 1517/1063/272 1510/1062/272
f 1517/1063/272 1518/1463/273 1509/1064/273
f 1509/1064/273 1518/1463/273 1520/1065/274
f 1520/1065/274 1522/1464/275 1507/1067/275
f 1507/1067/275 1522/1464/275 1523/1068/276
f 1506/1069/276 1523/1068/276 1524/1070/277
f 1524/1072/277 1526/1075/34 1504/1073/34
f 1526/1075/34 1528/1465/278 1503/1076/278
f 1503/1076/278 1528/1465/278 1529/1077/279
f 1529/1077/279 1530/1080/280 1501/1079/280
f 1530/1080/280 1532/1082/281 1500/1081/281
f 1532/1082/281 1534/1466/282 1499/1083/282
f 1499/1083/282 1534/1466/282 1535/1084/283
s 182
f 1517/1088/284 1516/1467/284 1514/1468/284
f 1514/1468/284 1536/1469/284 1535/1470/284
f 1535/1470/284 1534/1471/355 1532/1472/284
f 1532/1472/284 1530/1473/355 1529/1086/284
f 1529/1086/284 1528/1474/284 1526/1475/284
f 1526/1475/284 1524/1476/284 1523/1087/284
f 1523/1087/284 1522/1477/355 1520/1478/355
f 1520/1478/355 1518/1479/284 1517/1088/284
f 1517/1088/284 1514/1468/284 1535/1470/284
f 1535/1470/284 1532/1472/284 1529/1086/284
f 1529/1086/284 1526/1475/284 1523/1087/284
f 1523/1087/284 1520/1478/355 1517/1088/284
f 1517/1088/284 1535/1470/284 1529/1086/284
s 181
f 1535/1084/283 1536/1480/285 1497/1089/285
f 1497/1089/285 1536/1480/285 1514/1058/81
s 183
f 1466/1092/286 1465/1481/286 1480/1482/286
f 1480/1482/286 1479/1483/286 1478/1484/286
f 1478/1484/286 1477/1485/286 1476/1486/286
f 1476/1486/286 1475/1487/286 1474/1090/286
f 1474/1090/286 1473/1488/286 1472/1489/286
f 1472/1489/286 1471/1490/286 1470/1091/286
f 1470/1091/286 1469/1491/356 1468/1492/286
f 1468/1492/286 1467/1493/356 1466/1092/286
f 1466/1092/286 1480/1482/286 1478/1484/286
f 1478/1484/286 1476/1486/286 1474/1090/286
f 1474/1090/286 1472/1489/286 1470/1091/286
f 1470/1091/286 1468/1492/286 1466/1092/286
f 1466/1092/286 1478/1484/286 1474/1090/286
s 184
f 1562/1093/287 1564/1119/288 1642/1094/288
f 1643/1096/289 1566/1120/289 1568/1097/290
f 1644/1098/290 1568/1097/290 1570/1099/291
f 1570/1101/291 1572/1104/294 1648/1102/293
f 1572/1104/294 1574/1112/295 1649/1105/295
f 1602/1106/296 1601/1182/295 1633/1107/295
f 1646/1109/298 1582/1157/298 1584/1110/299
f 1574/1112/295 1685/1112/295 1686/1113/296
f 1592/1114/300 1562/1093/287 1641/1095/287
s 185
f 1587/1118/60 1589/1141/60 1591/1144/60
f 1591/1144/60 1561/1147/60 1563/1494/60
f 1563/1494/60 1565/1121/60 1567/1125/60
f 1567/1125/60 1569/1127/60 1571/1116/60
f 1571/1116/60 1573/1128/60 1575/1132/60
f 1575/1132/60 1577/1133/60 1579/1117/60
f 1579/1117/60 1581/1136/60 1583/1137/60
f 1583/1137/60 1585/1139/60 1587/1118/60
f 1587/1118/60 1591/1144/60 1563/1494/60
f 1563/1494/60 1567/1125/60 1571/1116/60
f 1571/1116/60 1575/1132/60 1579/1117/60
f 1579/1117/60 1583/1137/60 1587/1118/60
f 1587/1118/60 1563/1494/60 1571/1116/60
s 184
f 1643/1096/289 1642/1094/288 1564/1119/288
s 185
f 1565/1121/60 1563/1494/60 1596/1122/60
f 1565/1121/60 1597/1123/60 1598/1124/60
f 1567/1125/60 1598/1124/60 1599/1126/60
f 1573/1128/60 1571/1116/60 1600/1129/60
f 1573/1128/60 1601/1130/60 1602/1131/60
f 1577/1133/60 1575/1132/60 1602/1131/60
f 1579/1117/60 1604/1495/60 1605/1135/60
f 1583/1137/60 1581/1136/60 1605/1135/60
f 1585/1139/60 1583/1137/60 1606/1138/60
f 1589/1141/60 1587/1118/60 1608/1142/60
f 1591/1144/60 1589/1141/60 1609/1143/60
f 1591/1144/60 1610/1145/60 1595/1146/60
s 184
f 1651/1148/301 1590/1150/301 1592/1114/300
f 1652/1149/302 1588/1156/306 1590/1150/301
f 1647/1151/303 1655/1158/304 1578/1152/304
f 1653/1111/299 1584/1110/299 1586/1154/305
f 1652/1149/302 1654/1155/305 1586/1154/305
f 1646/1109/298 1647/1151/303 1580/1153/303
f 1655/1158/304 1656/1159/296 1576/1113/296
f 1649/1105/295 1574/1112/295 1576/1113/296
f 1603/1160/307 1602/1106/296 1640/1108/297
f 1605/1162/298 1604/1170/310 1631/1163/303
f 1608/1165/308 1607/1169/309 1638/1166/305
f 1606/1168/299 1637/1180/299 1638/1166/305
f 1604/1170/310 1603/1160/307 1639/1161/304
f 1608/1165/308 1636/1167/302 1635/1171/301
f 1609/1172/301 1635/1171/301 1634/1173/300
f 1596/1175/311 1593/1190/288 1627/1176/289
f 1610/1174/300 1634/1173/300 1594/1178/287
f 1605/1162/298 1630/1164/298 1637/1180/299
f 1632/1181/294 1633/1107/295 1601/1182/295
f 1629/1184/292 1632/1181/294 1600/1183/313
f 1598/1186/290 1628/1189/290 1629/1187/292
f 1597/1177/289 1627/1176/289 1628/1189/290
f 1595/1179/312 1594/1178/287 1593/1190/288
f 1665/1191/314 1663/1496/357 1640/1108/297
f 1640/1108/297 1633/1107/295 1649/1105/295
f 1649/1105/295 1656/1159/296 1665/1191/314
f 1640/1108/297 1663/1496/357 1664/1192/307
f 1631/1163/303 1647/1151/303 1646/1109/298
f 1638/1166/305 1654/1155/305 1652/1149/302
f 1637/1180/299 1653/1111/299 1654/1155/305
f 1655/1158/304 1647/1151/303 1631/1163/303
f 1631/1163/303 1639/1161/304 1664/1192/307
f 1666/1193/307 1655/1158/304 1631/1163/303
f 1630/1164/298 1646/1109/298 1653/1111/299
f 1668/1194/315 1670/1200/317 1648/1102/293
f 1648/1102/293 1649/1105/295 1633/1107/295
f 1633/1107/295 1632/1181/294 1668/1194/315
f 1629/1184/292 1667/1497/319 1668/1194/315
s 186
f 1663/1195/316 1665/1498/316 1673/1196/316
s 184
f 1665/1191/314 1656/1159/296 1655/1158/304
s 187
f 1665/1198/58 1666/1499/58 1674/1199/58
s 232
f 1670/1200/358 1669/1500/319 1645/1103/359
s 188
f 1671/1197/318 1673/1196/318 1674/1199/318
s 189
f 1675/1202/319 1676/1216/319 1677/1203/319
s 190
f 1668/1205/320 1675/1202/320 1678/1204/320
s 191
f 1667/1207/60 1676/1216/60 1675/1202/60
s 192
f 1664/1209/321 1672/1201/321 1674/1199/321
s 193
f 1663/1211/60 1671/1197/60 1672/1201/60
s 194
f 1670/1213/58 1678/1204/58 1677/1203/58
s 233
f 1669/1215/322 1677/1203/323 1676/1216/323
s 184
f 1582/1157/298 1689/1157/298 1690/1110/299
f 1590/1150/301 1700/1150/360 1699/1221/324
f 1701/1222/324 1702/1114/326 1592/1114/300
f 1592/1114/300 1590/1150/301 1699/1221/324
f 1570/1099/291 1568/1097/290 1682/1097/290
f 1576/1113/296 1686/1113/296 1687/1152/304
f 1586/1154/305 1584/1110/299 1690/1110/299
f 1564/1119/288 1562/1093/287 1679/1093/287
f 1570/1101/291 1683/1101/291 1684/1104/294
f 1580/1153/303 1578/1152/304 1687/1152/304
f 1588/1156/306 1586/1154/305 1691/1154/305
f 1564/1119/288 1680/1119/288 1681/1120/289
f 1574/1112/295 1572/1104/294 1684/1104/294
f 1580/1153/303 1688/1153/303 1689/1157/298
f 1700/1150/360 1590/1150/301 1588/1156/306
f 1692/1156/306 1695/1501/325 1703/1223/325
f 1703/1223/325 1700/1150/360 1588/1156/306
f 1696/1224/327 1679/1093/287 1562/1093/287
f 1562/1093/287 1592/1114/300 1702/1114/326
f 1704/1224/327 1696/1224/327 1562/1093/287
f 1566/1120/289 1681/1120/289 1682/1097/290
s 197
f 1693/1225/328 1699/1233/331 1700/1226/65
s 199
f 1695/1232/68 1697/1502/68 1694/1231/68
f 1694/1231/68 1693/1225/68 1703/1227/68
s 197
f 1699/1233/331 1693/1225/328 1694/1234/74
s 198
f 1704/1237/329 1702/1503/361 1701/1235/83
f 1701/1235/83 1694/1234/83 1697/1236/83
f 1697/1236/83 1698/1504/330 1704/1237/329
s 234
f 1732/1505/362 1749/1506/363 1731/1507/364
f 1741/1508/365 1731/1507/364 1750/1509/366
f 1736/1510/367 1741/1508/365 1742/1511/368
f 1731/1507/364 1741/1508/365 1736/1510/367
f 1735/1512/369 1736/1510/367 1742/1511/368
f 1729/1513/370 1730/1514/371 1747/1515/372
f 1742/1511/368 1747/1515/372 1735/1512/369
f 1737/1516/373 1744/1517/374 1732/1505/362
f 1749/1506/363 1750/1509/366 1731/1507/364
f 1748/1518/375 1729/1513/370 1747/1515/372
f 1743/1519/376 1744/1517/374 1737/1516/373
f 1733/1520/377 1734/1521/378 1739/1522/379
f 1743/1519/376 1737/1516/373 1738/1523/380
f 1734/1521/378 1729/1513/370 1748/1518/375
f 1743/1519/376 1738/1523/380 1727/1524/381
f 1734/1521/378 1748/1518/375 1739/1522/379
f 1746/1525/382 1743/1519/376 1727/1524/381
f 1740/1526/383 1733/1520/377 1739/1522/379
f 1727/1524/381 1728/1527/384 1746/1525/382
f 1747/1515/372 1730/1514/371 1735/1512/369
f 1744/1517/374 1749/1506/363 1732/1505/362
f 1733/1520/377 1740/1526/383 1745/1528/385
f 1733/1520/377 1745/1528/385 1728/1527/384
f 1728/1527/384 1745/1528/385 1746/1525/382
s 235
g Cuerpo_SpacialRoverExploreralumGray
usemtl SpacialRoverExploreralumGray
f 56/1529/137 57/1530/255 55/1531/137
f 57/1530/255 60/1532/58 59/1533/58
f 60/1532/58 61/1534/252 59/1533/58
f 62/1535/252 63/1536/65 61/1534/252
f 64/1537/65 65/1538/251 63/1539/65
f 66/1540/251 67/1541/53 65/1538/251
f 68/1542/53 69/1543/250 67/1541/53
f 70/1544/250 71/1545/68 69/1543/250
f 72/1546/68 73/1547/248 71/1545/68
f 74/1548/248 75/1549/60 73/1547/248
f 76/1550/60 77/1551/386 75/1549/60
f 78/1552/386 79/1553/70 77/1551/386
f 80/1554/70 81/1555/387 79/1553/70
f 82/1556/387 83/1557/61 81/1555/387
f 84/1558/61 85/1559/241 83/1557/61
f 86/1560/241 55/1531/137 85/1559/241
s 236
f 432/1561/137 449/1562/137 447/1563/137
f 440/1564/137 464/1565/137 463/1566/137
f 434/1567/137 449/1562/137 433/1568/137
f 435/1569/137 451/1570/137 434/1567/137
f 436/1571/137 453/1572/137 435/1569/137
f 436/1571/137 457/1573/137 455/1574/137
s 237
f 462/1575/159 464/1576/81 441/1577/81
f 461/1578/158 462/1575/159 460/1579/158
f 459/1580/70 460/1581/158 458/1582/70
f 456/1583/157 459/1580/70 458/1582/70
f 454/1584/156 457/1585/157 456/1583/157
f 453/1586/34 454/1584/156 452/1587/34
f 451/1588/155 452/1587/34 450/1589/155
f 449/1590/154 450/1589/155 448/1591/154
f 447/1592/65 448/1591/154 446/1593/65
f 445/1594/153 446/1593/65 444/1595/153
f 443/1596/152 444/1595/153 442/1597/152
f 441/1577/81 443/1596/152 442/1597/152
s 236
f 440/1564/137 461/1598/137 439/1599/137
f 432/1561/137 445/1600/137 431/1601/137
f 439/1599/137 459/1602/137 438/1603/137
f 430/1604/137 445/1600/137 443/1605/137
f 437/1606/137 459/1602/137 457/1573/137
f 429/1607/137 443/1605/137 464/1565/137
s 238
f 541/1608/81 585/1609/81 543/1610/81
s 239
f 536/1611/34 558/1612/34 534/1613/34
s 238
f 529/1614/81 551/1615/81 578/1616/81
s 239
f 542/1617/34 573/1618/34 570/1619/34
s 238
f 537/1620/81 581/1621/81 582/1622/81
s 239
f 530/1623/34 577/1624/34 527/1625/34
s 238
f 543/1610/81 586/1626/81 545/1627/81
s 239
f 538/1628/34 561/1629/34 536/1611/34
s 238
f 531/1630/81 578/1616/81 579/1631/81
s 239
f 544/1632/34 576/1633/34 573/1618/34
s 238
f 537/1620/81 583/1634/81 539/1635/81
s 239
f 532/1636/34 552/1637/34 530/1623/34
s 238
f 528/1638/81 586/1626/81 551/1615/81
s 239
f 538/1628/34 567/1639/34 564/1640/34
s 238
f 533/1641/81 579/1631/81 580/1642/81
s 239
f 527/1625/34 576/1633/34 546/1643/34
s 238
f 539/1635/81 584/1644/81 541/1608/81
s 239
f 534/1613/34 555/1645/34 532/1636/34
f 540/1646/34 570/1619/34 567/1639/34
s 238
f 535/1647/81 580/1642/81 581/1621/81
s 240
f 551/1648/388 587/1649/389 578/1650/389
s 241
f 553/1651/81 598/1652/81 599/1653/81
s 242
f 590/1654/34 606/1655/34 607/1656/34
s 243
f 591/1657/390 582/1658/391 581/1659/390
s 244
f 592/1660/392 583/1661/392 582/1658/392
s 245
f 593/1662/393 584/1663/393 583/1661/393
s 246
f 594/1664/68 585/1665/68 584/1663/68
s 247
f 585/1665/394 596/1666/394 586/1667/394
s 248
f 586/1667/395 588/1668/395 551/1648/395
s 241
f 556/1669/81 568/1670/81 574/1671/81
s 249
f 574/1672/395 577/1673/395 547/1674/395
s 250
f 573/1675/394 574/1672/394 571/1676/394
s 251
f 570/1677/68 571/1676/68 568/1678/68
s 252
f 567/1679/393 568/1678/393 565/1680/393
s 253
f 564/1681/392 565/1680/392 562/1682/392
s 254
f 561/1683/390 562/1682/391 559/1684/390
s 255
f 552/1685/389 598/1686/70 548/1687/389
f 577/1673/388 548/1687/389 547/1674/388
s 242
f 549/1688/34 588/1689/34 550/1690/34
f 549/1688/34 589/1691/34 587/1692/34
f 554/1693/34 590/1654/34 589/1691/34
f 560/1694/34 590/1654/34 557/1695/34
f 563/1696/34 591/1697/34 560/1694/34
f 566/1698/34 592/1699/34 563/1696/34
f 569/1700/34 593/1701/34 566/1698/34
f 569/1700/34 595/1702/34 594/1703/34
f 572/1704/34 596/1705/34 595/1702/34
f 550/1690/34 596/1705/34 575/1706/34
s 239
f 555/1645/34 597/1707/34 552/1637/34
s 243
f 581/1659/390 606/1708/65 591/1657/390
s 254
f 559/1684/390 608/1709/65 561/1683/390
s 242
f 589/1691/34 601/1710/34 587/1692/34
s 238
f 579/1631/81 609/1711/81 610/1712/81
s 239
f 558/1612/34 608/1713/34 603/1714/34
s 238
f 580/1642/81 612/1715/81 581/1621/81
s 240
f 587/1649/389 609/1716/70 578/1650/389
s 241
f 556/1669/81 605/1717/81 559/1718/81
s 256
f 758/1719/185 774/1720/186 759/1721/186
f 770/1722/177 788/1723/178 771/1724/178
f 766/1725/179 784/1726/180 767/1727/180
f 762/1728/175 780/1729/176 763/1730/176
s 257
f 727/1731/65 728/1732/65 775/1733/65
s 256
f 764/1734/171 782/1735/172 765/1736/172
f 760/1737/173 778/1738/174 761/1739/174
f 768/1740/183 786/1741/184 769/1742/184
f 772/1743/181 776/1744/182 757/1745/182
f 788/1723/178 772/1743/181 771/1724/178
f 758/1719/185 776/1744/182 775/1746/185
f 784/1726/180 768/1740/183 767/1727/180
f 770/1722/177 786/1741/184 785/1747/177
f 780/1729/176 764/1734/171 763/1730/176
f 766/1725/179 782/1735/172 781/1748/179
f 774/1720/186 760/1749/173 759/1721/186
f 762/1728/175 778/1738/174 777/1750/175
s 257
f 788/1751/65 739/1752/65 787/1753/65
f 739/1752/65 740/1754/65 787/1753/65
f 787/1753/65 727/1731/65 776/1755/65
f 784/1756/65 735/1757/65 736/1758/65
f 733/1759/65 734/1760/65 781/1761/65
f 784/1756/65 734/1760/65 735/1757/65
f 725/1762/65 726/1763/65 774/1764/65
f 734/1760/65 784/1756/65 781/1761/65
f 728/1732/65 774/1764/65 775/1733/65
f 783/1765/65 736/1758/65 737/1766/65
f 739/1752/65 788/1751/65 738/1767/65
f 778/1768/65 773/1769/65 729/1770/65
f 786/1771/65 738/1767/65 785/1772/65
f 729/1770/65 777/1773/65 778/1768/65
f 730/1774/65 777/1773/65 729/1770/65
f 786/1771/65 737/1766/65 738/1767/65
f 731/1775/65 780/1776/65 730/1774/65
f 786/1771/65 783/1765/65 737/1766/65
f 726/1763/65 773/1769/65 774/1764/65
f 773/1769/65 726/1763/65 729/1770/65
f 783/1765/65 784/1756/65 736/1758/65
f 732/1777/65 779/1778/65 731/1775/65
f 779/1778/65 780/1776/65 731/1775/65
f 733/1759/65 779/1778/65 732/1777/65
f 740/1754/65 727/1731/65 787/1753/65
f 788/1751/65 785/1772/65 738/1767/65
f 733/1759/65 781/1761/65 782/1779/65
f 780/1776/65 777/1773/65 730/1774/65
f 727/1731/65 775/1733/65 776/1755/65
f 779/1778/65 733/1759/65 782/1779/65
f 774/1764/65 728/1732/65 725/1762/65
s 258
f 841/1780/70 859/1781/70 846/1782/70
s 259
f 855/1783/137 852/1784/137 853/1785/137
s 260
f 847/1786/81 862/1787/81 849/1788/81
s 261
f 850/1789/65 853/1785/65 843/1790/65
s 262
f 844/1791/34 856/1792/34 840/1793/34
s 263
f 853/1785/76 845/1794/76 843/1790/76
s 264
f 854/1795/80 844/1791/80 845/1794/80
s 265
f 841/1780/69 857/1796/69 855/1797/69
s 266
f 842/1798/82 856/1792/82 857/1796/82
s 267
f 847/1786/79 860/1799/79 858/1800/79
s 268
f 848/1801/75 859/1781/75 860/1799/75
s 269
f 850/1802/74 863/1803/74 861/1804/74
s 270
f 851/1805/83 862/1787/83 863/1803/83
s 271
f 938/1806/70 920/1807/70 925/1808/70
s 272
f 934/1809/137 932/1810/137 931/1811/137
s 273
f 941/1812/34 926/1813/34 928/1814/34
s 274
f 932/1810/65 929/1815/65 922/1816/65
s 275
f 935/1817/81 923/1818/81 919/1819/81
s 276
f 924/1820/74 932/1810/74 922/1816/74
s 277
f 923/1818/83 933/1821/83 924/1820/83
s 278
f 936/1822/75 920/1807/75 934/1823/75
s 279
f 935/1817/79 921/1824/79 936/1822/79
s 280
f 939/1825/82 926/1813/82 937/1826/82
s 281
f 938/1806/69 927/1827/69 939/1825/69
s 282
f 942/1828/76 929/1829/76 940/1830/76
s 283
f 941/1812/80 930/1831/80 942/1828/80
s 284
f 841/1780/70 855/1797/70 859/1781/70
s 259
f 859/1832/137 855/1783/137 853/1785/137
f 855/1783/137 857/1833/137 856/1834/137
f 852/1784/137 855/1783/137 856/1834/137
f 852/1784/137 854/1835/137 853/1785/137
f 853/1785/137 861/1836/137 859/1832/137
f 861/1836/137 863/1837/137 862/1838/137
f 859/1832/137 861/1836/137 858/1839/137
f 862/1838/137 858/1839/137 861/1836/137
f 858/1839/137 860/1840/137 859/1832/137
s 285
f 847/1786/81 858/1800/81 862/1787/81
s 286
f 850/1789/65 861/1836/65 853/1785/65
s 287
f 844/1791/34 852/1841/34 856/1792/34
s 263
f 853/1785/76 854/1795/76 845/1794/76
s 264
f 854/1795/80 852/1841/80 844/1791/80
s 265
f 841/1780/69 842/1798/69 857/1796/69
s 266
f 842/1798/82 840/1793/82 856/1792/82
s 267
f 847/1786/79 848/1801/79 860/1799/79
s 268
f 848/1801/75 846/1782/75 859/1781/75
s 269
f 850/1802/74 851/1805/74 863/1803/74
s 270
f 851/1805/83 849/1788/83 862/1787/83
s 271
f 938/1806/70 934/1823/70 920/1807/70
s 272
f 936/1842/137 934/1809/137 935/1843/137
f 934/1809/137 938/1844/137 932/1810/137
f 938/1844/137 939/1845/137 937/1846/137
f 937/1846/137 941/1847/137 940/1848/137
f 941/1847/137 942/1849/137 940/1848/137
f 940/1848/137 932/1810/137 938/1844/137
f 937/1846/137 940/1848/137 938/1844/137
f 932/1810/137 933/1850/137 931/1811/137
f 931/1811/137 935/1843/137 934/1809/137
s 273
f 941/1812/34 937/1826/34 926/1813/34
s 274
f 932/1810/65 940/1848/65 929/1815/65
s 275
f 935/1817/81 931/1851/81 923/1818/81
s 288
f 924/1820/74 933/1821/74 932/1810/74
s 289
f 923/1818/83 931/1851/83 933/1821/83
s 290
f 936/1822/75 921/1824/75 920/1807/75
s 291
f 935/1817/79 919/1819/79 921/1824/79
s 292
f 939/1825/82 927/1827/82 926/1813/82
s 293
f 938/1806/69 925/1808/69 927/1827/69
s 294
f 942/1828/76 930/1831/76 929/1829/76
s 295
f 941/1812/80 928/1814/80 930/1831/80
s 296
f 1015/1852/396 965/1853/397 990/1854/398
f 970/1855/399 998/1856/400 971/1857/401
f 972/1858/402 1000/1859/403 973/1860/404
f 974/1861/405 1002/1862/406 975/1863/407
f 976/1864/408 1004/1865/409 977/1866/410
f 1003/1867/411 954/1868/81 978/1869/412
f 958/1870/81 979/1871/413 957/1872/81
f 1005/1873/414 981/1874/415 980/1875/416
f 1007/1876/417 983/1877/418 982/1878/419
f 1009/1879/420 985/1880/421 984/1881/422
f 1011/1882/423 987/1883/424 986/1884/425
f 1013/1885/426 989/1886/427 988/1887/428
s 297
f 1012/1888/429 953/1889/430 997/1890/431
s 296
f 968/1891/432 996/1892/433 969/1893/434
f 966/1894/435 992/1895/436 967/1896/437
s 298
f 1020/1897/81 1032/1898/81 1028/1899/81
s 296
f 994/1900/438 966/1894/435 965/1853/397
f 991/1901/439 967/1896/437 992/1895/436
f 995/1902/440 969/1893/434 996/1892/433
f 997/1903/441 971/1857/401 998/1856/400
f 999/1904/442 973/1860/404 1000/1859/403
f 1001/1905/443 975/1863/407 1002/1862/406
f 978/1869/412 1004/1865/409 1003/1867/411
f 980/1875/416 1006/1906/444 1005/1873/414
f 982/1878/419 1008/1907/445 1007/1876/417
f 984/1881/422 1010/1908/446 1009/1879/420
f 986/1884/425 1012/1909/447 1011/1882/423
f 988/1887/428 1014/1910/448 1013/1885/426
f 990/1854/398 1016/1911/449 1015/1852/396
s 299
f 976/1912/450 980/1913/451 988/1914/452
s 300
f 1140/1915/453 1185/1916/453 1143/1917/453
s 301
f 1185/1916/235 1184/1918/235 1186/1919/235
s 302
f 1140/1920/81 1183/1921/81 1182/1922/81
s 300
f 1143/1917/453 1186/1919/453 1157/1923/453
s 303
f 1157/1924/34 1187/1925/34 1155/1926/34
s 304
f 1142/1927/454 1183/1921/455 1138/1928/455
f 1155/1929/455 1184/1918/454 1142/1927/454
s 175
f 1340/1930/81 1395/1931/81 1338/1932/81
f 1395/1931/81 1421/1933/81 1338/1932/81
s 177
f 1400/1934/34 1415/1935/34 1374/1936/34
f 1372/1937/34 1400/1934/34 1374/1936/34
f 1370/1938/34 1399/1939/34 1372/1937/34
s 175
f 1342/1940/81 1396/1941/81 1340/1930/81
s 305
f 1374/1936/65 1416/1942/65 1342/1940/65
s 175
f 1342/1940/81 1414/1943/81 1397/1944/81
s 306
f 1415/1945/68 1414/1943/68 1416/1942/68
s 307
f 1428/1946/81 1431/1947/81 1427/1948/81
s 308
f 1421/1933/137 1424/1949/137 1422/1950/137
s 309
f 1338/1932/65 1422/1951/65 1370/1938/65
s 177
f 1370/1938/34 1424/1952/34 1398/1953/34
s 310
f 1426/1954/137 1427/1948/137 1425/1955/137
s 311
f 1432/1956/68 1429/1957/68 1431/1947/68
s 312
f 1430/1958/34 1425/1955/34 1429/1959/34
s 313
f 1428/1960/65 1430/1958/65 1432/1961/65
s 235
f 56/1529/137 58/1962/255 57/1530/255
f 57/1530/255 58/1962/255 60/1532/58
f 60/1532/58 62/1535/252 61/1534/252
f 62/1535/252 64/1963/65 63/1536/65
f 64/1537/65 66/1540/251 65/1538/251
f 66/1540/251 68/1542/53 67/1541/53
f 68/1542/53 70/1544/250 69/1543/250
f 70/1544/250 72/1546/68 71/1545/68
f 72/1546/68 74/1548/248 73/1547/248
f 74/1548/248 76/1550/60 75/1549/60
f 76/1550/60 78/1552/386 77/1551/386
f 78/1552/386 80/1554/70 79/1553/70
f 80/1554/70 82/1556/387 81/1555/387
f 82/1556/387 84/1558/61 83/1557/61
f 84/1558/61 86/1560/241 85/1559/241
f 86/1560/241 56/1529/137 55/1531/137
s 236
f 432/1561/137 433/1568/137 449/1562/137
f 440/1564/137 429/1607/137 464/1565/137
f 434/1567/137 451/1570/137 449/1562/137
f 435/1569/137 453/1572/137 451/1570/137
f 436/1571/137 455/1574/137 453/1572/137
f 436/1571/137 437/1606/137 457/1573/137
s 237
f 462/1575/159 463/1964/159 464/1576/81
f 461/1578/158 463/1964/159 462/1575/159
f 459/1580/70 461/1965/158 460/1581/158
f 456/1583/157 457/1585/157 459/1580/70
f 454/1584/156 455/1966/156 457/1585/157
f 453/1586/34 455/1966/156 454/1584/156
f 451/1588/155 453/1586/34 452/1587/34
f 449/1590/154 451/1588/155 450/1589/155
f 447/1592/65 449/1590/154 448/1591/154
f 445/1594/153 447/1592/65 446/1593/65
f 443/1596/152 445/1594/153 444/1595/153
f 441/1577/81 464/1576/81 443/1596/152
s 236
f 440/1564/137 463/1566/137 461/1598/137
f 432/1561/137 447/1563/137 445/1600/137
f 439/1599/137 461/1598/137 459/1602/137
f 430/1604/137 431/1601/137 445/1600/137
f 437/1606/137 438/1603/137 459/1602/137
f 429/1607/137 430/1604/137 443/1605/137
s 238
f 541/1608/81 584/1644/81 585/1609/81
s 239
f 536/1611/34 561/1629/34 558/1612/34
s 238
f 529/1614/81 528/1638/81 551/1615/81
s 239
f 542/1617/34 544/1632/34 573/1618/34
s 238
f 537/1620/81 535/1647/81 581/1621/81
s 239
f 530/1623/34 552/1637/34 577/1624/34
s 238
f 543/1610/81 585/1609/81 586/1626/81
s 239
f 538/1628/34 564/1640/34 561/1629/34
s 238
f 531/1630/81 529/1614/81 578/1616/81
s 239
f 544/1632/34 546/1643/34 576/1633/34
s 238
f 537/1620/81 582/1622/81 583/1634/81
s 239
f 532/1636/34 555/1645/34 552/1637/34
s 238
f 528/1638/81 545/1627/81 586/1626/81
s 239
f 538/1628/34 540/1646/34 567/1639/34
s 238
f 533/1641/81 531/1630/81 579/1631/81
s 239
f 527/1625/34 577/1624/34 576/1633/34
s 238
f 539/1635/81 583/1634/81 584/1644/81
s 239
f 534/1613/34 558/1612/34 555/1645/34
f 540/1646/34 542/1617/34 570/1619/34
s 238
f 535/1647/81 533/1641/81 580/1642/81
s 240
f 551/1648/388 588/1668/388 587/1649/389
s 241
f 553/1651/81 548/1967/81 598/1652/81
s 242
f 590/1654/34 591/1697/34 606/1655/34
s 243
f 591/1657/390 592/1660/391 582/1658/391
s 244
f 592/1660/392 593/1662/392 583/1661/392
s 245
f 593/1662/393 594/1664/393 584/1663/393
s 246
f 594/1664/68 595/1968/68 585/1665/68
s 247
f 585/1665/394 595/1968/394 596/1666/394
s 248
f 586/1667/395 596/1666/395 588/1668/395
s 241
f 574/1671/81 547/1969/81 548/1967/81
f 548/1967/81 553/1651/81 556/1669/81
f 556/1669/81 559/1718/81 562/1970/81
f 562/1970/81 565/1971/81 568/1670/81
f 568/1670/81 571/1972/81 574/1671/81
f 574/1671/81 548/1967/81 556/1669/81
f 556/1669/81 562/1970/81 568/1670/81
s 249
f 574/1672/395 576/1973/395 577/1673/395
s 250
f 573/1675/394 576/1973/394 574/1672/394
s 251
f 570/1677/68 573/1675/68 571/1676/68
s 252
f 567/1679/393 570/1677/393 568/1678/393
s 253
f 564/1681/392 567/1679/392 565/1680/392
s 254
f 561/1683/390 564/1681/391 562/1682/391
s 314
f 552/1685/456 597/1974/70 598/1686/70
s 255
f 577/1673/388 552/1685/389 548/1687/389
s 242
f 549/1688/34 587/1692/34 588/1689/34
f 549/1688/34 554/1693/34 589/1691/34
f 554/1693/34 557/1695/34 590/1654/34
f 560/1694/34 591/1697/34 590/1654/34
f 563/1696/34 592/1699/34 591/1697/34
f 566/1698/34 593/1701/34 592/1699/34
f 569/1700/34 594/1703/34 593/1701/34
f 569/1700/34 572/1704/34 595/1702/34
f 572/1704/34 575/1706/34 596/1705/34
f 550/1690/34 588/1689/34 596/1705/34
s 315
f 555/1645/34 602/1975/34 597/1707/34
s 316
f 581/1659/457 612/1976/65 606/1708/65
s 317
f 559/1684/457 605/1977/65 608/1709/65
s 318
f 589/1691/34 600/1978/34 601/1710/34
s 238
f 579/1631/81 578/1616/81 609/1711/81
s 239
f 558/1612/34 561/1629/34 608/1713/34
s 319
f 580/1642/81 611/1979/81 612/1715/81
s 320
f 587/1649/456 601/1980/70 609/1716/70
s 321
f 556/1669/81 604/1981/81 605/1717/81
s 256
f 758/1719/185 775/1746/185 774/1720/186
f 770/1722/177 785/1747/177 788/1723/178
f 766/1725/179 781/1748/179 784/1726/180
f 762/1728/175 777/1750/175 780/1729/176
f 764/1734/171 779/1982/171 782/1735/172
f 760/1737/173 773/1983/173 778/1738/174
f 768/1740/183 783/1984/183 786/1741/184
f 772/1743/181 787/1985/181 776/1744/182
f 788/1723/178 787/1985/181 772/1743/181
f 758/1719/185 757/1745/182 776/1744/182
f 784/1726/180 783/1984/183 768/1740/183
f 770/1722/177 769/1742/184 786/1741/184
f 780/1729/176 779/1982/171 764/1734/171
f 766/1725/179 765/1736/172 782/1735/172
f 774/1720/186 773/1986/173 760/1749/173
f 762/1728/175 761/1739/174 778/1738/174
s 296
f 1015/1852/396 994/1900/438 965/1853/397
f 970/1855/399 995/1902/440 998/1856/400
f 972/1858/402 997/1903/441 1000/1859/403
f 974/1861/405 999/1904/442 1002/1862/406
f 976/1864/408 1001/1905/443 1004/1865/409
f 1003/1867/411 953/1987/81 954/1868/81
f 958/1870/81 1006/1906/444 979/1871/413
f 1005/1873/414 1008/1907/445 981/1874/415
f 1007/1876/417 1010/1908/446 983/1877/418
f 1009/1879/420 1012/1909/447 985/1880/421
f 1011/1882/423 1014/1910/448 987/1883/424
f 1013/1885/426 1016/1911/449 989/1886/427
s 297
f 996/1988/458 991/1989/459 992/1990/458
f 992/1990/458 993/1991/458 994/1992/458
f 994/1992/458 1015/1993/460 1016/1994/458
f 1016/1994/458 1013/1995/461 1014/1996/458
f 1014/1996/458 1011/1997/462 1012/1888/429
f 1012/1888/429 1009/1998/458 1010/1999/463
f 1010/1999/463 1007/2000/464 1008/2001/465
f 1008/2001/465 1005/2002/466 1006/2003/466
f 958/2004/467 956/2005/81 953/1889/430
f 1008/2001/465 1006/2003/466 958/2004/467
f 1012/1888/429 1010/1999/463 1008/2001/465
f 1016/1994/458 1014/1996/458 1012/1888/429
f 992/1990/458 994/1992/458 1016/1994/458
f 995/2006/458 996/1988/458 992/1990/458
f 997/1890/431 998/2007/468 995/2006/458
f 999/2008/469 1000/2009/458 997/1890/431
f 1001/2010/470 1002/2011/471 999/2008/469
f 1003/2012/472 1004/2013/473 1001/2010/470
f 1008/2001/465 958/2004/467 953/1889/430
f 953/1889/430 1003/2012/472 1001/2010/470
f 1001/2010/470 999/2008/469 997/1890/431
f 997/1890/431 995/2006/458 992/1990/458
f 992/1990/458 1016/1994/458 1012/1888/429
f 1012/1888/429 1008/2001/465 953/1889/430
f 953/1889/430 1001/2010/470 997/1890/431
f 997/1890/431 992/1990/458 1012/1888/429
s 296
f 968/1891/432 991/1901/439 996/1892/433
f 966/1894/435 993/2014/474 992/1895/436
s 298
f 1028/1899/81 1023/2015/81 1024/2016/81
f 1024/2016/81 1019/2017/81 1020/1897/81
f 1020/1897/81 1035/2018/81 1036/2019/81
f 1036/2019/81 1031/2020/81 1032/1898/81
f 1032/1898/81 1027/2021/81 1028/1899/81
f 1028/1899/81 1024/2016/81 1020/1897/81
f 1020/1897/81 1036/2019/81 1032/1898/81
s 296
f 994/1900/438 993/2014/474 966/1894/435
f 991/1901/439 968/1891/432 967/1896/437
f 995/1902/440 970/1855/399 969/1893/434
f 997/1903/441 972/1858/402 971/1857/401
f 999/1904/442 974/1861/405 973/1860/404
f 1001/1905/443 976/1864/408 975/1863/407
f 978/1869/412 977/1866/410 1004/1865/409
f 980/1875/416 979/1871/413 1006/1906/444
f 982/1878/419 981/1874/415 1008/1907/445
f 984/1881/422 983/1877/418 1010/1908/446
f 986/1884/425 985/1880/421 1012/1909/447
f 988/1887/428 987/1883/424 1014/1910/448
f 990/1854/398 989/1886/427 1016/1911/449
s 299
f 990/2022/475 965/2023/476 966/2024/475
f 966/2024/475 967/2025/477 968/2026/478
f 968/2026/478 969/2027/479 970/2028/475
f 970/2028/475 971/2029/475 972/2030/480
f 972/2030/480 973/2031/475 974/2032/481
f 974/2032/481 975/2033/482 976/1912/450
f 976/1912/450 977/2034/483 978/2035/483
f 954/2036/484 955/2037/34 957/2038/485
f 976/1912/450 978/2035/483 954/2036/484
f 972/2030/480 974/2032/481 976/1912/450
f 968/2026/478 970/2028/475 972/2030/480
f 990/2022/475 966/2024/475 968/2026/478
f 988/1914/452 989/2039/475 990/2022/475
f 986/2040/475 987/2041/475 988/1914/452
f 984/2042/486 985/2043/475 986/2040/475
f 982/2044/487 983/2045/475 984/2042/486
f 980/1913/451 981/2046/488 982/2044/487
f 957/2038/485 979/2047/489 980/1913/451
f 976/1912/450 954/2036/484 957/2038/485
f 968/2026/478 972/2030/480 976/1912/450
f 988/1914/452 990/2022/475 968/2026/478
f 984/2042/486 986/2040/475 988/1914/452
f 980/1913/451 982/2044/487 984/2042/486
f 976/1912/450 957/2038/485 980/1913/451
f 988/1914/452 968/2026/478 976/1912/450
f 980/1913/451 984/2042/486 988/1914/452
s 322
f 1140/1915/453 1182/1922/453 1185/1916/453
s 301
f 1185/1916/235 1182/1922/235 1183/1921/235
f 1184/1918/235 1187/1925/235 1186/1919/235
f 1185/1916/235 1183/1921/235 1184/1918/235
s 302
f 1140/1920/81 1138/2048/81 1183/1921/81
s 300
f 1143/1917/453 1185/1916/453 1186/1919/453
s 323
f 1157/1924/34 1186/1919/34 1187/1925/34
s 304
f 1142/1927/454 1184/1918/454 1183/1921/455
s 324
f 1155/1929/455 1187/1925/455 1184/1918/455
s 175
f 1340/1930/81 1396/1941/81 1395/1931/81
f 1395/1931/81 1423/2049/81 1421/1933/81
s 177
f 1400/1934/34 1413/2050/34 1415/1935/34
f 1372/1937/34 1399/1939/34 1400/1934/34
f 1370/1938/34 1398/1953/34 1399/1939/34
s 175
f 1342/1940/81 1397/1944/81 1396/1941/81
s 305
f 1374/1936/65 1415/1935/65 1416/1942/65
s 175
f 1342/1940/81 1416/1942/81 1414/1943/81
s 325
f 1415/1945/68 1413/2051/68 1414/1943/68
s 307
f 1428/1946/81 1432/1956/81 1431/1947/81
s 326
f 1421/1933/137 1423/2049/137 1424/1949/137
s 309
f 1338/1932/65 1421/1933/65 1422/1951/65
s 177
f 1370/1938/34 1422/1951/34 1424/1952/34
s 310
f 1426/1954/137 1428/1946/137 1427/1948/137
s 311
f 1432/1956/68 1430/2052/68 1429/1957/68
s 312
f 1430/1958/34 1426/1954/34 1425/1955/34
s 313
f 1428/1960/65 1426/1954/65 1430/1958/65
s 327
g Cuerpo_SpacialRoverExploreralumBlack
usemtl SpacialRoverExploreralumBlack
f 148/2053/15 169/2054/490 157/2055/16
f 154/2056/1 172/2057/491 151/2058/2
f 156/2059/3 160/2060/492 153/2061/4
f 158/2062/5 175/2063/493 155/2064/6
s 328
f 160/2065/494 176/2066/495 89/2067/496
s 329
f 163/2068/497 173/2069/498 92/2070/499
s 330
f 172/2071/500 161/2072/501 96/2073/502
s 331
f 175/2074/503 170/2075/504 98/2076/505
s 332
f 169/2077/506 167/2078/507 97/2079/508
s 333
f 166/2080/509 164/2081/510 94/2082/511
s 334
f 2/2083/512 23/2084/513 13/2085/512
f 3/2086/514 19/2087/515 8/2088/515
s 335
f 24/2089/516 226/2090/516 29/2091/517
s 334
f 1/2092/518 17/2093/519 11/2094/518
f 9/2095/520 17/2093/519 7/2096/519
s 335
f 230/2097/521 26/2098/521 229/2099/522
s 334
f 3/2086/514 22/2100/523 18/2101/514
s 335
f 29/2091/517 235/2102/517 236/2103/524
f 229/2099/522 26/2098/521 224/2104/522
s 334
f 4/2105/525 19/2087/515 20/2106/525
f 4/2105/525 21/2107/526 10/2108/526
s 335
f 29/2091/517 236/2103/524 227/2109/524
s 334
f 9/2095/520 21/2107/526 16/2110/520
s 335
f 227/2109/524 228/2111/527 25/2112/527
f 15/2113/528 239/2114/528 240/2115/528
s 334
f 2/2083/512 22/2100/523 6/2116/523
s 335
f 223/2117/529 224/2104/522 12/2118/529
f 29/2091/517 227/2109/524 25/2112/527
s 334
f 1/2119/518 23/2084/513 5/2120/513
s 335
f 12/2118/529 28/2121/530 223/2117/529
s 336
f 27/2122/34 18/2123/35 22/2124/34
s 337
f 24/2125/40 19/2126/39 18/2123/40
s 338
f 20/2127/45 30/2128/51 21/2129/51
s 337
f 29/2130/39 20/2127/48 19/2126/39
s 339
f 17/2131/20 15/2132/19 28/2133/20
s 338
f 21/2129/51 15/2132/52 16/2134/52
s 340
f 12/2135/42 23/2136/46 11/2137/42
s 339
f 28/2133/20 11/2138/41 17/2131/20
s 340
f 26/2139/46 13/2140/47 23/2136/46
s 336
f 14/2141/36 22/2124/34 13/2140/36
s 341
f 186/2142/59 198/2143/60 183/2144/60
s 342
f 196/2145/34 180/2146/34 200/2147/34
s 341
f 188/2148/53 196/2149/54 185/2150/54
f 190/2151/55 194/2152/56 187/2153/56
f 182/2154/61 178/2155/62 191/2156/62
s 327
f 152/2157/7 163/2158/531 149/2159/8
s 343
f 94/2160/532 87/2161/532 97/2162/532
s 344
f 91/2163/65 88/2164/65 95/2165/65
s 345
f 96/2166/533 93/2167/533 92/2168/533
s 346
f 98/2169/81 90/2170/81 89/2171/81
s 347
f 92/2168/34 95/2172/34 94/2160/34
s 348
f 89/2171/534 91/2173/534 96/2166/534
s 349
f 98/2174/535 87/2161/535 88/2175/535
s 327
f 150/2176/17 166/2177/536 147/2178/18
s 341
f 184/2179/63 200/2180/64 181/2181/64
s 327
f 159/2182/537 160/2065/492 161/2072/538
f 162/2183/539 163/2068/531 164/2081/540
f 165/2184/541 166/2080/536 167/2078/542
f 168/2185/543 169/2077/490 170/2075/544
f 171/2186/545 172/2071/491 173/2069/546
f 174/2187/547 175/2074/493 176/2066/548
f 158/2062/5 169/2054/490 168/2188/543
f 156/2059/3 175/2189/493 174/2190/547
f 160/2060/492 154/2056/1 153/2061/4
f 163/2158/531 150/2176/17 149/2159/8
f 166/2177/536 148/2053/15 147/2178/18
f 172/2057/491 152/2157/7 151/2058/2
s 341
f 194/2152/56 188/2148/53 187/2153/56
f 198/2143/60 184/2179/63 183/2144/60
f 200/2180/64 182/2191/61 181/2181/64
f 192/2192/57 178/2155/62 177/2193/57
f 185/2150/54 195/2194/59 186/2142/59
f 190/2151/55 180/2195/58 179/2196/55
f 189/2197/58 177/2193/57 180/2195/58
s 335
f 237/2198/549 30/2199/550 228/2111/527
f 27/2200/551 231/2201/551 232/2202/551
f 27/2200/551 14/2203/552 222/2204/553
f 233/2205/530 234/2206/554 28/2121/530
f 240/2115/528 233/2205/530 28/2121/530
f 28/2121/530 15/2113/528 240/2115/528
f 237/2198/549 238/2207/550 30/2199/550
f 238/2207/550 239/2114/528 30/2199/550
f 28/2121/530 234/2206/554 223/2117/529
f 30/2199/550 239/2114/528 15/2113/528
f 230/2097/521 221/2208/552 26/2098/521
f 27/2200/551 232/2202/551 225/2209/555
f 226/2090/516 235/2102/517 29/2091/517
f 24/2089/516 225/2209/555 226/2090/516
f 222/2204/553 14/2203/552 221/2208/552
f 24/2089/516 27/2200/551 225/2209/555
f 231/2201/551 27/2200/551 222/2204/553
f 30/2199/550 25/2112/527 228/2111/527
f 224/2104/522 26/2098/521 12/2118/529
f 221/2208/552 14/2203/552 26/2098/521
s 350
f 383/2210/556 391/2211/556 384/2212/556
s 351
f 392/2213/65 390/2214/65 391/2211/65
s 352
f 384/2212/557 390/2215/557 318/2216/557
s 353
f 317/2217/558 392/2218/558 383/2219/558
s 354
f 318/2216/559 389/2220/559 317/2217/559
s 350
f 383/2210/556 392/2213/556 391/2211/556
s 351
f 392/2213/65 389/2221/65 390/2214/65
s 352
f 384/2212/557 391/2211/557 390/2215/557
s 353
f 317/2217/558 389/2220/558 392/2218/558
s 354
f 318/2216/559 390/2215/559 389/2220/559
s 355
f 505/2222/137 501/2223/137 497/2224/137
s 356
f 952/2225/560 962/2226/561 951/2227/561
s 296
f 950/2228/81 954/2229/81 953/2230/81
f 947/2231/81 955/2232/81 954/2233/81
f 950/2234/81 956/2235/81 951/2227/81
f 949/2236/81 955/2232/81 948/2237/81
f 952/2225/81 956/2235/81 958/2238/81
f 952/2239/81 957/2240/81 949/2241/81
s 357
f 962/2226/81 963/2242/81 961/2243/81
s 356
f 951/2227/561 959/2244/562 950/2234/562
s 358
f 950/2228/563 960/2245/563 947/2246/563
s 359
f 949/2241/137 964/2247/137 952/2239/137
s 360
f 948/2237/564 963/2242/565 949/2236/565
f 947/2231/566 961/2243/564 948/2237/564
s 361
f 1035/2248/127 1017/2249/127 1034/2250/127
s 362
f 1027/2251/65 1029/2252/65 1026/2253/65
s 363
f 1031/2254/132 1033/2255/132 1030/2256/132
s 364
f 1023/2257/133 1025/2258/133 1022/2259/133
s 365
f 1019/2260/130 1021/2261/130 1018/2262/130
s 366
f 1020/2263/70 1018/2262/70 1017/2249/70
s 367
f 1022/2259/128 1024/2264/128 1023/2257/128
s 368
f 1026/2253/131 1028/2265/131 1027/2251/131
s 369
f 1030/2266/134 1032/2267/134 1031/2268/134
s 370
f 1034/2250/129 1036/2269/129 1035/2248/129
s 356
f 952/2225/560 964/2247/560 962/2226/561
s 296
f 950/2228/81 947/2246/81 954/2229/81
f 947/2231/81 948/2237/81 955/2232/81
f 950/2234/81 953/2270/81 956/2235/81
f 949/2236/81 957/2271/81 955/2232/81
f 952/2225/81 951/2227/81 956/2235/81
f 952/2239/81 958/2272/81 957/2240/81
s 357
f 961/2243/81 960/2245/81 962/2226/81
f 960/2245/81 959/2244/81 962/2226/81
f 962/2226/81 964/2247/81 963/2242/81
s 356
f 951/2227/561 962/2226/561 959/2244/562
s 358
f 950/2228/563 959/2244/563 960/2245/563
s 359
f 949/2241/137 963/2242/137 964/2247/137
s 360
f 948/2237/564 961/2243/564 963/2242/565
f 947/2231/566 960/2245/566 961/2243/564
s 361
f 1035/2248/127 1020/2263/127 1017/2249/127
s 362
f 1027/2251/65 1032/2267/65 1029/2252/65
s 363
f 1031/2254/132 1036/2269/132 1033/2255/132
s 364
f 1023/2257/133 1028/2265/133 1025/2258/133
s 365
f 1019/2260/130 1024/2264/130 1021/2261/130
s 366
f 1020/2263/70 1019/2260/70 1018/2262/70
s 367
f 1022/2259/128 1021/2261/128 1024/2264/128
s 368
f 1026/2253/131 1025/2258/131 1028/2265/131
s 369
f 1030/2266/134 1029/2252/134 1032/2267/134
s 370
f 1034/2250/129 1033/2255/129 1036/2269/129
s 371
f 1044/2273/567 1042/2274/568 1043/2275/569
s 372
f 1048/2276/65 1041/2277/65 1044/2273/65
s 373
f 1054/2278/570 1061/2279/571 1053/2280/570
s 374
f 1045/2281/81 1044/2273/81 1043/2282/81
f 1039/2283/81 1045/2281/81 1038/2284/81
s 375
f 1040/2285/34 1046/2286/34 1047/2287/34
s 372
f 1039/2283/65 1047/2287/65 1048/2276/65
s 371
f 1056/2288/572 1052/2289/573 1055/2290/574
s 376
f 1049/2291/575 1062/2292/137 1057/2293/576
s 372
f 1047/2287/65 1051/2294/65 1041/2277/65
s 371
f 1041/2277/577 1052/2295/573 1042/2274/568
s 376
f 1046/2296/578 1050/2297/578 1047/2287/578
s 371
f 1051/2294/579 1055/2290/574 1052/2298/573
s 376
f 1049/2299/575 1061/2279/137 1062/2292/137
s 377
f 1057/2293/580 1059/2300/581 1056/2288/580
s 378
f 1037/2301/582 1039/2283/583 1038/2284/584
s 371
f 1054/2278/68 1052/2302/573 1060/2303/68
s 376
f 1053/2280/137 1061/2279/137 1049/2304/575
s 379
f 1055/2290/585 1057/2293/585 1056/2288/585
s 377
f 1062/2292/581 1060/2303/586 1059/2300/581
s 380
f 1055/2290/587 1050/2297/587 1058/2305/587
s 376
f 1057/2293/576 1058/2305/588 1049/2306/575
f 1050/2297/578 1049/2307/575 1058/2305/588
s 371
f 1060/2303/68 1052/2308/573 1059/2300/68
f 1056/2288/572 1059/2300/68 1052/2309/573
s 381
f 1164/2310/81 1161/2311/81 1160/2312/81
s 382
f 1171/2313/68 1165/2314/68 1164/2310/68
s 383
f 1158/2315/34 1169/2316/34 1170/2317/34
s 384
f 1160/2318/65 1170/2317/65 1171/2313/65
s 385
f 1168/2319/70 1159/2320/70 1165/2314/70
s 386
f 1174/2321/70 1167/2322/70 1162/2323/70
s 382
f 1169/2316/68 1166/2324/68 1163/2325/68
f 1170/2317/68 1163/2325/68 1162/2326/68
f 1171/2313/68 1162/2326/68 1167/2327/68
f 1168/2319/68 1167/2327/68 1166/2324/68
s 387
f 1172/2328/65 1163/2329/65 1166/2330/65
s 388
f 1175/2331/34 1166/2332/34 1167/2333/34
s 389
f 1173/2334/81 1162/2335/81 1163/2336/81
s 151
f 1246/2337/34 1298/2338/34 1295/2339/34
s 147
f 1240/879/81 1294/2340/81 1291/2341/81
s 148
f 1243/882/68 1296/2342/68 1293/2343/68
s 390
f 1232/2344/8 1300/2345/8 1231/2346/8
s 391
f 1291/2341/6 1241/880/6 1240/879/6
s 392
f 1293/2343/1 1244/883/1 1243/882/1
s 393
f 1295/2347/8 1247/886/8 1246/885/8
s 394
f 1238/877/15 1297/2348/15 1298/2338/15
s 149
f 1237/876/137 1292/2349/137 1297/2348/137
s 395
f 1301/2350/70 1303/2351/70 1305/2352/70
s 396
f 1229/2353/81 1303/2351/81 1234/2354/81
s 397
f 1235/2355/34 1299/2356/34 1232/2357/34
s 398
f 1230/2358/1 1306/2359/1 1229/2360/1
s 399
f 1236/2361/15 1302/2362/15 1235/2363/15
s 400
f 1233/2364/137 1301/2350/137 1236/2365/137
s 401
f 1231/2366/68 1305/2352/68 1230/2367/68
s 402
f 1234/2368/6 1304/2369/6 1233/2370/6
s 403
f 1314/944/228 1311/942/228 1312/903/228
s 404
f 1507/2371/589 1490/2372/590 1491/2373/589
f 1508/2374/591 1491/2373/589 1492/2375/591
f 1509/2376/592 1492/2375/591 1493/2377/592
f 1510/2378/593 1493/2377/592 1494/2379/593
f 1512/2380/594 1481/2381/595 1497/2382/595
f 1510/2378/593 1495/2383/596 1511/2384/596
f 1497/2382/595 1482/2385/597 1498/2386/597
f 1512/2380/594 1495/2383/596 1496/2387/594
s 405
f 1481/2388/285 1480/2389/81 1465/2390/285
f 1482/2391/283 1465/2390/285 1466/2392/283
f 1467/2393/282 1482/2391/283 1466/2392/283
f 1468/2394/281 1483/2395/282 1467/2393/282
f 1469/2396/280 1484/2397/281 1468/2394/281
f 1486/2398/279 1469/2396/280 1470/2399/279
f 1471/2400/278 1486/2398/279 1470/2399/279
f 1472/2401/34 1487/2402/278 1471/2400/278
f 1473/2403/277 1488/2404/34 1472/2401/34
f 1474/2405/276 1489/2406/277 1473/2407/277
f 1491/2408/598 1474/2405/276 1475/2409/275
f 1476/2410/274 1491/2408/598 1475/2409/275
f 1477/2411/599 1492/2412/274 1476/2410/274
f 1494/2413/272 1477/2411/599 1478/2414/272
f 1495/2415/271 1478/2414/272 1479/2416/271
f 1496/2417/81 1479/2416/271 1480/2389/81
s 404
f 1498/2386/597 1483/2418/600 1499/2419/600
f 1500/2420/601 1483/2418/600 1484/2421/601
f 1500/2420/601 1485/2422/602 1501/2423/602
f 1502/2424/603 1485/2422/602 1486/2425/603
f 1503/2426/604 1486/2425/603 1487/2427/604
f 1504/2428/605 1487/2427/604 1488/2429/605
f 1505/2430/606 1488/2429/605 1489/2431/606
f 1506/2432/590 1489/2431/606 1490/2372/590
s 406
f 1533/2433/607 1559/2434/607 1560/2435/607
s 407
f 1519/2436/608 1556/2437/608 1521/2438/608
s 408
f 1544/2439/608 1551/2440/608 1543/2441/608
s 409
f 1538/2442/609 1545/2443/609 1537/2444/609
s 410
f 1554/2445/610 1545/2446/610 1546/2447/610
s 411
f 1555/2448/610 1548/2449/610 1556/2450/356
s 412
f 1558/2451/610 1549/2452/610 1550/2453/610
s 413
f 1559/2434/610 1552/2454/610 1560/2455/356
s 414
f 1539/2456/81 1555/2448/81 1519/2436/81
s 415
f 1531/2457/34 1551/2458/34 1559/2434/34
s 416
f 1540/2459/611 1556/2437/611 1548/2460/611
s 417
f 1541/2461/612 1550/2462/612 1549/2463/612
s 418
f 1533/2433/613 1552/2464/613 1544/2439/613
s 419
f 1515/2465/612 1553/2466/612 1554/2467/612
s 420
f 1525/2468/609 1558/2469/609 1527/2470/609
s 421
f 1538/2442/614 1554/2467/614 1546/2471/614
s 422
f 1541/2472/274 1557/2473/274 1525/2468/274
s 423
f 1539/2474/607 1548/2460/607 1547/2475/607
s 424
f 1537/2476/281 1553/2466/281 1513/2477/281
s 425
f 1527/2470/615 1550/2462/615 1542/2478/615
s 404
f 1507/2371/589 1506/2432/590 1490/2372/590
f 1508/2374/591 1507/2371/589 1491/2373/589
f 1509/2376/592 1508/2374/591 1492/2375/591
f 1510/2378/593 1509/2376/592 1493/2377/592
f 1512/2380/594 1496/2387/594 1481/2381/595
f 1510/2378/593 1494/2379/593 1495/2383/596
f 1497/2382/595 1481/2381/595 1482/2385/597
f 1512/2380/594 1511/2384/596 1495/2383/596
s 405
f 1481/2388/285 1496/2417/81 1480/2389/81
f 1482/2391/283 1481/2388/285 1465/2390/285
f 1467/2393/282 1483/2395/282 1482/2391/283
f 1468/2394/281 1484/2397/281 1483/2395/282
f 1469/2396/280 1485/2479/280 1484/2397/281
f 1486/2398/279 1485/2479/280 1469/2396/280
f 1471/2400/278 1487/2402/278 1486/2398/279
f 1472/2401/34 1488/2404/34 1487/2402/278
f 1473/2403/277 1489/2480/277 1488/2404/34
f 1474/2405/276 1490/2481/276 1489/2406/277
f 1491/2408/598 1490/2481/276 1474/2405/276
f 1476/2410/274 1492/2412/274 1491/2408/598
f 1477/2411/599 1493/2482/273 1492/2412/274
f 1494/2413/272 1493/2482/273 1477/2411/599
f 1495/2415/271 1494/2413/272 1478/2414/272
f 1496/2417/81 1495/2415/271 1479/2416/271
s 404
f 1498/2386/597 1482/2385/597 1483/2418/600
f 1500/2420/601 1499/2419/600 1483/2418/600
f 1500/2420/601 1484/2421/601 1485/2422/602
f 1502/2424/603 1501/2423/602 1485/2422/602
f 1503/2426/604 1502/2424/603 1486/2425/603
f 1504/2428/605 1503/2426/604 1487/2427/604
f 1505/2430/606 1504/2428/605 1488/2429/605
f 1506/2432/590 1505/2430/606 1489/2431/606
s 406
f 1533/2433/607 1531/2457/607 1559/2434/607
s 426
f 1519/2436/608 1555/2448/608 1556/2437/608
s 427
f 1544/2439/608 1552/2464/608 1551/2440/608
s 428
f 1538/2442/609 1546/2471/609 1545/2443/609
s 410
f 1554/2445/610 1553/2466/610 1545/2446/610
s 411
f 1555/2448/610 1547/2483/610 1548/2449/610
s 412
f 1558/2451/610 1557/2473/610 1549/2452/610
s 413
f 1559/2434/610 1551/2458/610 1552/2454/610
s 429
f 1539/2456/81 1547/2483/81 1555/2448/81
s 415
f 1531/2457/34 1543/2484/34 1551/2458/34
s 416
f 1540/2459/611 1521/2438/611 1556/2437/611
s 417
f 1541/2461/612 1542/2478/612 1550/2462/612
s 430
f 1533/2433/613 1560/2435/613 1552/2464/613
s 419
f 1515/2465/612 1513/2477/612 1553/2466/612
s 431
f 1525/2468/609 1557/2473/609 1558/2469/609
s 421
f 1538/2442/614 1515/2465/614 1554/2467/614
s 432
f 1541/2472/274 1549/2452/274 1557/2473/274
s 423
f 1539/2474/607 1540/2459/607 1548/2460/607
s 433
f 1537/2476/281 1545/2446/281 1553/2466/281
s 434
f 1527/2470/616 1558/2469/616 1550/2462/616
s 327
f 148/2053/15 165/2485/541 169/2054/490
f 154/2056/1 159/2486/537 172/2057/491
f 156/2059/3 174/2190/547 160/2060/492
f 158/2062/5 168/2188/543 175/2063/493
s 328
f 89/2067/496 161/2072/617 160/2065/494
f 160/2065/494 174/2187/618 176/2066/495
f 176/2066/495 98/2487/619 89/2067/496
s 329
f 92/2070/499 164/2081/620 163/2068/497
f 163/2068/497 171/2186/497 173/2069/498
f 173/2069/498 96/2073/621 92/2070/499
s 330
f 96/2073/502 173/2069/622 172/2071/500
f 172/2071/500 159/2182/623 161/2072/501
f 161/2072/501 89/2067/624 96/2073/502
s 331
f 98/2076/505 176/2066/625 175/2074/503
f 175/2074/503 168/2185/503 170/2075/504
f 170/2075/504 97/2079/626 98/2076/505
s 332
f 97/2079/508 170/2075/627 169/2077/506
f 169/2077/506 165/2184/506 167/2078/507
f 167/2078/507 94/2082/628 97/2079/508
s 333
f 94/2082/511 167/2078/629 166/2080/509
f 166/2080/509 162/2183/630 164/2081/510
f 164/2081/510 92/2070/631 94/2082/511
s 334
f 2/2083/512 5/2120/513 23/2084/513
f 3/2086/514 18/2101/514 19/2087/515
f 1/2092/518 7/2096/519 17/2093/519
f 9/2095/520 16/2110/520 17/2093/519
f 3/2086/514 6/2116/523 22/2100/523
f 4/2105/525 8/2088/515 19/2087/515
f 4/2105/525 20/2106/525 21/2107/526
f 9/2095/520 10/2108/526 21/2107/526
f 2/2083/512 13/2085/512 22/2100/523
f 1/2119/518 11/2094/518 23/2084/513
s 336
f 27/2122/34 24/2125/35 18/2123/35
s 337
f 24/2125/40 29/2130/39 19/2126/39
s 338
f 20/2127/45 25/2488/45 30/2128/51
s 337
f 29/2130/39 25/2488/48 20/2127/48
s 339
f 17/2131/20 16/2134/19 15/2132/19
s 338
f 21/2129/51 30/2128/51 15/2132/52
s 340
f 12/2135/42 26/2139/46 23/2136/46
s 339
f 28/2133/20 12/2489/41 11/2138/41
s 340
f 26/2139/46 14/2141/47 13/2140/47
s 336
f 14/2141/36 27/2122/34 22/2124/34
s 341
f 186/2142/59 195/2194/59 198/2143/60
s 342
f 200/2147/34 197/2490/34 198/2491/34
f 198/2491/34 195/2492/34 196/2145/34
f 196/2145/34 193/2493/34 194/2494/34
f 194/2494/34 179/2495/34 180/2146/34
f 180/2146/34 177/2496/34 178/2497/34
f 178/2497/34 199/2498/34 200/2147/34
f 200/2147/34 198/2491/34 196/2145/34
f 196/2145/34 194/2494/34 180/2146/34
f 180/2146/34 178/2497/34 200/2147/34
s 341
f 188/2148/53 193/2499/53 196/2149/54
f 190/2151/55 179/2196/55 194/2152/56
f 182/2154/61 199/2500/61 178/2155/62
s 327
f 152/2157/7 171/2501/545 163/2158/531
s 343
f 94/2160/532 95/2172/532 87/2161/532
s 344
f 95/2165/65 93/2502/65 91/2163/65
f 91/2163/65 90/2503/65 88/2164/65
f 88/2164/65 87/2504/65 95/2165/65
s 345
f 96/2166/533 91/2173/533 93/2167/533
s 346
f 98/2169/81 88/2505/81 90/2170/81
s 347
f 92/2168/34 93/2167/34 95/2172/34
s 348
f 89/2171/534 90/2170/534 91/2173/534
s 349
f 98/2174/535 97/2162/535 87/2161/535
s 327
f 150/2176/17 162/2506/539 166/2177/536
s 341
f 184/2179/63 197/2507/63 200/2180/64
s 327
f 158/2062/5 157/2055/16 169/2054/490
f 156/2059/3 155/2508/6 175/2189/493
f 160/2060/492 159/2486/537 154/2056/1
f 163/2158/531 162/2506/539 150/2176/17
f 166/2177/536 165/2485/541 148/2053/15
f 172/2057/491 171/2501/545 152/2157/7
s 341
f 194/2152/56 193/2499/53 188/2148/53
f 198/2143/60 197/2507/63 184/2179/63
f 200/2180/64 199/2509/61 182/2191/61
f 192/2192/57 191/2156/62 178/2155/62
f 185/2150/54 196/2149/54 195/2194/59
f 190/2151/55 189/2197/58 180/2195/58
f 189/2197/58 192/2192/57 177/2193/57
s 355
f 497/2224/137 495/2510/137 496/2511/137
f 496/2511/137 506/2512/137 505/2222/137
f 505/2222/137 504/2513/137 503/2514/137
f 503/2514/137 502/2515/137 501/2223/137
f 501/2223/137 500/2516/137 499/2517/137
f 499/2517/137 498/2518/137 497/2224/137
f 497/2224/137 496/2511/137 505/2222/137
f 505/2222/137 503/2514/137 501/2223/137
f 501/2223/137 499/2517/137 497/2224/137
s 371
f 1044/2273/567 1041/2277/577 1042/2274/568
s 372
f 1048/2276/65 1047/2287/65 1041/2277/65
s 377
f 1054/2278/570 1060/2303/586 1061/2279/586
s 374
f 1045/2281/81 1048/2276/81 1044/2273/81
f 1039/2283/81 1048/2276/81 1045/2281/81
s 435
f 1040/2285/34 1037/2301/34 1046/2286/34
s 372
f 1039/2283/65 1040/2285/65 1047/2287/65
f 1047/2287/65 1050/2297/65 1051/2294/65
s 371
f 1041/2277/577 1051/2294/579 1052/2295/573
s 376
f 1046/2296/578 1049/2519/575 1050/2297/578
s 377
f 1057/2293/580 1062/2292/581 1059/2300/581
s 436
f 1037/2301/582 1040/2285/632 1039/2283/583
s 379
f 1055/2290/585 1058/2305/585 1057/2293/585
s 377
f 1062/2292/581 1061/2279/586 1060/2303/586
s 380
f 1055/2290/587 1051/2294/587 1050/2297/587
s 381
f 1164/2310/81 1165/2314/81 1161/2311/81
s 382
f 1171/2313/68 1168/2319/68 1165/2314/68
s 383
f 1158/2315/34 1159/2520/34 1169/2316/34
s 384
f 1171/2313/65 1164/2310/65 1160/2318/65
f 1160/2318/65 1158/2521/65 1170/2317/65
s 385
f 1168/2319/70 1169/2316/70 1159/2320/70
f 1159/2320/70 1161/2522/70 1165/2314/70
s 386
f 1174/2321/70 1175/2331/70 1167/2322/70
s 382
f 1169/2316/68 1168/2319/68 1166/2324/68
f 1170/2317/68 1169/2316/68 1163/2325/68
f 1171/2313/68 1170/2317/68 1162/2326/68
f 1168/2319/68 1171/2313/68 1167/2327/68
s 387
f 1172/2328/65 1173/2334/65 1163/2329/65
s 388
f 1175/2331/34 1172/2328/34 1166/2332/34
s 389
f 1173/2334/81 1174/2321/81 1162/2335/81
s 151
f 1246/2337/34 1238/877/34 1298/2338/34
s 147
f 1240/879/81 1244/883/81 1294/2340/81
s 148
f 1243/882/68 1247/886/68 1296/2342/68
s 390
f 1232/2344/8 1299/2356/8 1300/2345/8
s 391
f 1291/2341/6 1292/2349/6 1241/880/6
s 392
f 1293/2343/1 1294/2340/1 1244/883/1
s 393
f 1295/2347/8 1296/2342/8 1247/886/8
s 394
f 1238/877/15 1237/876/15 1297/2348/15
s 149
f 1237/876/137 1241/880/137 1292/2349/137
s 395
f 1305/2352/70 1300/2345/70 1299/2356/70
f 1299/2356/70 1302/2362/70 1301/2350/70
f 1301/2350/70 1304/2369/70 1303/2351/70
f 1303/2351/70 1306/2359/70 1305/2352/70
f 1305/2352/70 1299/2356/70 1301/2350/70
s 396
f 1229/2353/81 1306/2359/81 1303/2351/81
s 397
f 1235/2355/34 1302/2362/34 1299/2356/34
s 398
f 1230/2358/1 1305/2352/1 1306/2359/1
s 399
f 1236/2361/15 1301/2350/15 1302/2362/15
s 400
f 1233/2364/137 1304/2369/137 1301/2350/137
s 401
f 1231/2366/68 1300/2345/68 1305/2352/68
s 402
f 1234/2368/6 1303/2351/6 1304/2369/6
s 403
f 1314/944/228 1313/943/228 1311/942/228
s 437
g Cuerpo_SpacialRoverExploreralumOrange
usemtl SpacialRoverExploreralumOrange
f 478/2523/81 510/2524/81 477/2525/81
s 438
f 481/2526/633 521/2527/633 516/2528/633
s 439
f 514/2529/34 476/2530/34 475/2531/34
s 440
f 510/2524/65 511/2532/65 475/2533/65
s 441
f 478/2534/70 513/2535/70 512/2536/70
s 442
f 508/2537/137 517/2538/137 507/2539/137
f 481/2540/137 509/2541/137 482/2542/137
f 516/2543/137 511/2532/137 510/2524/137
f 518/2544/137 512/2536/137 513/2535/137
f 480/2545/137 514/2529/137 479/2546/137
f 517/2538/137 514/2529/137 511/2532/137
f 515/2547/137 509/2541/137 512/2536/137
s 443
f 519/2548/137 521/2527/137 520/2549/137
s 442
f 515/2547/137 507/2539/137 516/2543/137
s 444
f 515/2550/634 519/2548/634 482/2551/634
s 445
f 522/2552/137 524/2553/137 526/2554/137
s 446
f 517/2555/635 522/2552/635 526/2554/635
s 447
f 517/2556/633 524/2553/633 479/2557/633
s 448
f 480/2558/634 522/2552/634 518/2559/634
s 449
f 481/2560/635 519/2548/635 520/2549/635
s 450
f 516/2561/636 525/2562/636 515/2563/636
s 451
f 479/2564/636 523/2565/636 480/2566/636
s 452
f 614/2567/166 615/2568/166 613/2569/166
s 453
f 616/2570/68 617/2571/68 615/2568/68
s 454
f 618/2572/167 619/2573/167 617/2571/167
s 455
f 620/2574/169 621/2575/169 619/2573/169
s 456
f 614/2576/34 622/2577/34 618/2578/34
s 457
f 622/2579/137 623/2580/137 621/2575/137
s 458
f 624/2581/168 613/2569/168 623/2582/168
s 452
f 614/2567/166 616/2570/166 615/2568/166
s 453
f 616/2570/68 618/2572/68 617/2571/68
s 454
f 618/2572/167 620/2574/167 619/2573/167
s 455
f 620/2574/169 622/2579/169 621/2575/169
s 456
f 618/2578/34 616/2583/34 614/2576/34
f 614/2576/34 624/2584/34 622/2577/34
f 622/2577/34 620/2585/34 618/2578/34
s 457
f 622/2579/137 624/2586/137 623/2580/137
s 458
f 624/2581/168 614/2567/168 613/2569/168
s 159
f 1273/2587/81 1288/2588/81 1275/2589/81
s 163
f 1280/2590/34 1286/2591/34 1269/2592/34
s 157
f 1270/2593/68 1284/2594/68 1272/2595/68
s 459
f 1288/2596/70 1284/2594/70 1286/2597/70
s 460
f 1276/2598/137 1290/2599/137 1279/2600/137
s 461
f 1269/2592/637 1270/2593/637 1271/2601/637
s 462
f 1272/2602/238 1273/2587/238 1274/2603/238
s 463
f 1276/2598/638 1278/2604/638 1275/2589/639
s 464
f 1279/2600/84 1281/2605/84 1282/2606/640
s 465
f 1290/2599/15 1280/2590/15 1279/2600/15
s 466
f 1270/2593/8 1286/2591/8 1285/2607/8
s 467
f 1284/2608/1 1273/2587/1 1272/2602/1
s 468
f 1276/2598/6 1288/2588/6 1287/2609/6
s 469
f 1328/2610/641 1318/2611/641 1315/2612/641
s 470
f 1325/2613/642 1327/2614/643 1324/2615/643
s 471
f 1321/2616/644 1323/2617/644 1320/2618/644
s 472
f 1318/2619/58 1330/2620/58 1326/2621/58
s 473
f 1317/2622/645 1319/2623/645 1316/2624/645
s 474
f 1318/2611/646 1316/2625/646 1315/2612/646
s 475
f 1321/2616/647 1319/2623/647 1322/2626/647
s 476
f 1324/2615/648 1326/2627/648 1325/2613/648
s 477
f 1328/2610/649 1330/2628/649 1329/2629/649
s 478
f 1463/2630/181 1433/2631/182 1462/2632/181
f 1443/2633/175 1445/2634/176 1442/2635/175
f 1447/2636/171 1449/2637/172 1446/2638/171
f 1451/2639/179 1453/2640/180 1450/2641/179
f 1455/2642/183 1457/2643/184 1454/2644/183
f 1459/2645/177 1461/2646/178 1458/2647/177
f 1439/2648/173 1441/2649/174 1438/2650/173
s 479
f 1460/2651/65 1452/2652/65 1444/2653/65
s 478
f 1435/2654/185 1437/2655/186 1434/2656/185
f 1436/2657/182 1434/2656/185 1433/2658/182
f 1438/2650/173 1440/2659/186 1439/2648/173
f 1442/2635/175 1444/2660/174 1443/2633/175
f 1446/2638/171 1448/2661/176 1447/2636/171
f 1450/2641/179 1452/2662/172 1451/2639/179
f 1454/2644/183 1456/2663/180 1455/2642/183
f 1458/2647/177 1460/2664/184 1459/2645/177
f 1462/2632/181 1464/2665/178 1463/2630/181
s 480
f 478/2523/81 509/2541/81 510/2524/81
s 438
f 481/2526/633 520/2549/633 521/2527/633
s 439
f 514/2529/34 513/2535/34 476/2530/34
s 440
f 475/2533/65 477/2666/65 510/2524/65
f 511/2532/65 514/2529/65 475/2533/65
s 441
f 512/2536/70 509/2541/70 478/2534/70
f 478/2534/70 476/2667/70 513/2535/70
s 442
f 508/2537/137 518/2544/137 517/2538/137
f 481/2540/137 510/2524/137 509/2541/137
f 510/2524/137 481/2540/137 516/2543/137
f 516/2543/137 507/2539/137 511/2532/137
f 513/2535/137 480/2545/137 518/2544/137
f 518/2544/137 508/2537/137 512/2536/137
f 480/2545/137 513/2535/137 514/2529/137
f 511/2532/137 507/2539/137 517/2538/137
f 517/2538/137 479/2546/137 514/2529/137
f 512/2536/137 508/2537/137 515/2547/137
f 515/2547/137 482/2542/137 509/2541/137
s 443
f 519/2548/137 525/2562/137 521/2527/137
s 442
f 515/2547/137 508/2537/137 507/2539/137
s 444
f 515/2550/634 525/2562/634 519/2548/634
s 445
f 522/2552/137 523/2565/137 524/2553/137
s 446
f 517/2555/635 518/2668/635 522/2552/635
s 447
f 517/2556/633 526/2554/633 524/2553/633
s 448
f 480/2558/634 523/2565/634 522/2552/634
s 449
f 481/2560/635 482/2669/635 519/2548/635
s 450
f 516/2561/636 521/2527/636 525/2562/636
s 451
f 479/2564/636 524/2553/636 523/2565/636
s 159
f 1273/2587/81 1283/2670/81 1288/2588/81
s 163
f 1280/2590/34 1289/2671/34 1286/2591/34
s 157
f 1270/2593/68 1285/2607/68 1284/2594/68
s 459
f 1286/2597/70 1289/2672/70 1290/2673/70
f 1290/2673/70 1287/2674/70 1288/2596/70
f 1288/2596/70 1283/2675/70 1284/2594/70
f 1284/2594/70 1285/2607/70 1286/2597/70
f 1286/2597/70 1290/2673/70 1288/2596/70
s 460
f 1276/2598/137 1287/2609/137 1290/2599/137
s 481
f 1276/2598/650 1277/2676/651 1278/2604/650
s 464
f 1279/2600/84 1280/2590/652 1281/2605/84
s 465
f 1290/2599/15 1289/2671/15 1280/2590/15
s 466
f 1270/2593/8 1269/2592/8 1286/2591/8
s 467
f 1284/2608/1 1283/2670/1 1273/2587/1
s 468
f 1276/2598/6 1275/2589/6 1288/2588/6
s 469
f 1328/2610/641 1329/2629/641 1318/2611/641
s 470
f 1325/2613/642 1330/2628/642 1327/2614/643
s 471
f 1321/2616/644 1326/2627/644 1323/2617/644
s 472
f 1326/2621/58 1321/2677/58 1322/2678/58
f 1322/2678/58 1317/2679/58 1318/2619/58
f 1318/2619/58 1329/2680/58 1330/2620/58
f 1330/2620/58 1325/2681/58 1326/2621/58
f 1326/2621/58 1322/2678/58 1318/2619/58
s 473
f 1317/2622/645 1322/2626/645 1319/2623/645
s 474
f 1318/2611/646 1317/2682/646 1316/2625/646
s 475
f 1321/2616/647 1320/2618/647 1319/2623/647
s 476
f 1324/2615/648 1323/2617/648 1326/2627/648
s 477
f 1328/2610/649 1327/2614/649 1330/2628/649
s 478
f 1463/2630/181 1436/2683/182 1433/2631/182
f 1443/2633/175 1448/2661/176 1445/2634/176
f 1447/2636/171 1452/2662/172 1449/2637/172
f 1451/2639/179 1456/2663/180 1453/2640/180
f 1455/2642/183 1460/2664/184 1457/2643/184
f 1459/2645/177 1464/2665/178 1461/2646/178
f 1439/2648/173 1444/2660/174 1441/2649/174
s 479
f 1444/2653/65 1439/2684/65 1440/2685/65
f 1440/2685/65 1435/2686/65 1436/2687/65
f 1436/2687/65 1463/2688/65 1464/2689/65
f 1464/2689/65 1459/2690/65 1460/2651/65
f 1460/2651/65 1455/2691/65 1456/2692/65
f 1456/2692/65 1451/2693/65 1452/2652/65
f 1452/2652/65 1447/2694/65 1448/2695/65
f 1448/2695/65 1443/2696/65 1444/2653/65
f 1444/2653/65 1440/2685/65 1436/2687/65
f 1436/2687/65 1464/2689/65 1460/2651/65
f 1460/2651/65 1456/2692/65 1452/2652/65
f 1452/2652/65 1448/2695/65 1444/2653/65
f 1444/2653/65 1436/2687/65 1460/2651/65
s 478
f 1435/2654/185 1440/2659/186 1437/2655/186
f 1436/2657/182 1435/2654/185 1434/2656/185
f 1438/2650/173 1437/2655/186 1440/2659/186
f 1442/2635/175 1441/2649/174 1444/2660/174
f 1446/2638/171 1445/2634/176 1448/2661/176
f 1450/2641/179 1449/2637/172 1452/2662/172
f 1454/2644/183 1453/2640/180 1456/2663/180
f 1458/2647/177 1457/2643/184 1460/2664/184
f 1462/2632/181 1461/2646/178 1464/2665/178
s 482
g Cuerpo_SpacialRoverExploreralumGrayDeep
usemtl SpacialRoverExploreralumGrayDeep
f 649/2697/65 673/2698/65 662/2699/65
s 483
f 674/2700/68 663/2701/68 662/2702/68
s 484
f 654/2703/34 644/2704/34 639/2705/34
s 485
f 650/2706/137 645/2707/137 649/2708/137
s 486
f 650/2706/81 642/2709/81 638/2710/81
s 487
f 660/2711/68 656/2712/68 639/2713/68
s 488
f 666/2714/81 640/2715/81 641/2716/81
s 489
f 665/2717/65 653/2718/65 658/2719/65
s 490
f 670/2720/137 666/2714/137 644/2721/137
s 491
f 658/2719/653 667/2722/653 665/2717/653
s 492
f 667/2722/85 659/2723/85 668/2724/85
s 493
f 668/2724/654 657/2725/654 666/2714/654
s 494
f 646/2726/655 675/2727/655 673/2698/655
s 495
f 648/2728/78 676/2729/78 675/2727/78
s 496
f 647/2730/656 674/2731/656 676/2729/656
s 497
f 662/2699/653 651/2732/653 649/2697/653
s 498
f 664/2733/85 652/2734/85 651/2732/85
s 499
f 663/2735/654 650/2706/654 652/2734/654
s 500
f 670/2736/655 655/2737/655 653/2718/655
s 501
f 672/2738/78 656/2739/78 655/2737/78
s 502
f 671/2740/656 654/2703/656 656/2739/656
s 503
f 674/2731/34 637/2741/34 643/2742/34
s 504
f 678/2743/68 685/2744/68 677/2745/68
s 505
f 680/2746/34 686/2747/34 678/2743/34
s 506
f 679/2748/137 687/2749/137 680/2746/137
s 507
f 677/2745/81 688/2750/81 679/2748/81
s 508
f 677/2745/65 680/2746/65 678/2743/65
s 509
f 691/2751/34 682/2752/34 683/2753/34
s 510
f 685/2754/70 682/2755/70 681/2756/70
f 682/2755/70 687/2757/70 683/2758/70
f 687/2757/70 684/2759/70 683/2758/70
f 688/2760/70 681/2756/70 684/2759/70
s 511
f 690/2761/70 692/2762/70 689/2763/70
s 512
f 692/2764/137 683/2765/137 684/2766/137
s 513
f 690/2761/68 681/2767/68 682/2752/68
s 514
f 689/2763/81 684/2766/81 681/2767/81
s 485
f 638/2710/137 637/2768/137 645/2707/137
f 645/2707/137 647/2769/137 648/2770/137
f 648/2770/137 646/2771/137 645/2707/137
f 646/2771/137 649/2708/137 645/2707/137
f 649/2708/137 651/2772/137 652/2773/137
f 652/2773/137 650/2706/137 649/2708/137
f 650/2706/137 638/2710/137 645/2707/137
s 495
f 648/2728/78 647/2730/78 676/2729/78
s 496
f 647/2730/656 645/2774/656 674/2731/656
s 503
f 674/2731/34 645/2774/34 637/2741/34
s 505
f 680/2746/34 687/2757/34 686/2747/34
s 506
f 679/2748/137 688/2775/137 687/2749/137
s 508
f 677/2745/65 679/2748/65 680/2746/65
s 515
f 723/2776/181 693/2777/182 708/2778/181
f 713/2779/175 699/2780/176 698/2781/175
f 715/2782/171 701/2783/172 700/2784/171
f 717/2785/179 703/2786/180 702/2787/179
f 719/2788/183 705/2789/184 704/2790/183
f 721/2791/177 707/2792/178 706/2793/177
f 709/2794/173 697/2795/174 696/2796/173
f 711/2797/185 695/2798/186 694/2799/185
s 516
f 724/2800/65 721/2801/65 770/2802/65
f 757/2803/65 723/2804/65 772/2805/65
f 758/2806/65 759/2807/65 710/2808/65
s 515
f 712/2809/182 694/2799/185 693/2777/182
f 696/2810/173 710/2811/186 709/2812/173
f 698/2781/175 714/2813/174 713/2779/175
f 700/2784/171 716/2814/176 715/2782/171
f 702/2787/179 718/2815/172 717/2785/179
f 704/2790/183 720/2816/180 719/2788/183
f 706/2793/177 722/2817/184 721/2791/177
f 708/2778/181 724/2818/178 723/2776/181
s 516
f 709/2819/65 760/2820/65 761/2821/65
f 710/2808/65 711/2822/65 758/2806/65
f 759/2807/65 760/2820/65 710/2808/65
f 720/2823/65 766/2824/65 767/2825/65
f 765/2826/65 766/2824/65 718/2827/65
f 723/2804/65 757/2803/65 712/2828/65
f 716/2829/65 713/2830/65 762/2831/65
f 719/2832/65 768/2833/65 769/2834/65
f 771/2835/65 772/2805/65 723/2804/65
f 714/2836/65 709/2819/65 761/2821/65
f 771/2835/65 724/2800/65 770/2802/65
f 722/2837/65 770/2802/65 721/2801/65
f 761/2821/65 713/2830/65 714/2836/65
f 762/2831/65 713/2830/65 761/2821/65
f 722/2837/65 769/2834/65 770/2802/65
f 763/2838/65 716/2829/65 762/2831/65
f 722/2837/65 719/2832/65 769/2834/65
f 720/2823/65 767/2825/65 768/2833/65
f 758/2806/65 711/2822/65 712/2828/65
f 764/2839/65 715/2840/65 763/2838/65
f 719/2832/65 720/2823/65 768/2833/65
f 760/2820/65 709/2819/65 710/2808/65
f 765/2826/65 715/2840/65 764/2839/65
f 724/2800/65 771/2835/65 723/2804/65
f 720/2823/65 717/2841/65 766/2824/65
f 766/2824/65 717/2841/65 718/2827/65
f 715/2840/65 716/2829/65 763/2838/65
f 715/2840/65 765/2826/65 718/2827/65
f 757/2803/65 758/2806/65 712/2828/65
s 517
f 1267/2842/81 1104/2843/81 1102/2844/81
s 518
f 1101/2845/137 1106/2846/137 1108/2847/137
s 519
f 1266/2848/34 1101/2849/34 1103/2850/34
s 520
f 1268/2851/657 1115/2852/657 1105/2853/657
s 521
f 1106/2854/74 1117/2855/65 1108/2856/65
f 1108/2856/65 1112/2857/76 1109/2858/76
f 1109/2858/76 1113/2859/78 1111/2860/78
f 1111/2860/78 1114/2861/658 1110/2862/658
f 1107/2863/85 1115/2852/659 1116/2864/85
f 1107/2863/85 1118/2865/74 1106/2854/74
s 522
f 1174/2321/68 1172/2328/68 1175/2331/68
s 523
f 1104/2866/68 1112/2867/68 1117/2868/68
s 524
f 1265/2869/660 1110/2862/660 1114/2861/660
s 184
f 1608/2870/308 1617/2871/661 1607/2872/309
s 525
f 1571/2873/303 1614/2874/303 1600/2875/303
s 526
f 1607/2872/304 1625/2876/304 1585/2877/304
s 184
f 1603/2878/307 1616/2879/320 1615/2880/320
s 527
f 1620/2881/60 1611/2882/60 1612/2883/60
s 528
f 1621/2884/60 1614/2885/60 1622/2886/60
s 529
f 1623/2887/60 1616/2879/60 1624/2888/60
s 530
f 1625/2889/60 1618/2890/60 1626/2891/60
s 531
f 1587/2892/288 1618/2893/288 1608/2894/288
s 532
f 1561/2895/320 1620/2896/320 1563/2897/320
s 533
f 1579/2898/323 1623/2899/323 1624/2900/323
s 534
f 1596/2901/294 1620/2896/294 1612/2902/294
s 535
f 1603/2878/291 1623/2899/291 1577/2903/291
s 536
f 1561/2895/305 1611/2882/305 1619/2904/305
s 537
f 1579/2898/306 1616/2905/306 1604/2906/306
s 538
f 1571/2873/661 1621/2907/661 1622/2908/661
s 184
f 1595/2909/312 1612/2883/323 1611/2882/323
s 539
f 1587/2892/319 1625/2876/319 1626/2910/319
s 184
f 1600/2911/313 1613/2912/319 1599/2913/292
s 540
f 1569/2914/287 1613/2912/287 1621/2907/287
s 541
f 1667/2915/323 1658/2916/323 1645/2917/323
s 542
f 1627/2918/58 1635/2919/58 1658/2920/58
s 543
f 1650/2921/60 1644/2922/60 1657/2923/60
s 544
f 1662/2924/662 1660/2925/662 1661/2926/662
s 184
f 1652/2927/302 1659/2928/661 1636/2929/302
s 545
f 1658/2916/663 1661/2926/663 1657/2930/663
s 546
f 1657/2923/58 1660/2931/58 1652/2932/58
s 547
f 1658/2920/60 1659/2933/60 1662/2934/60
s 482
f 649/2697/65 646/2726/65 673/2698/65
s 483
f 662/2702/68 673/2935/68 675/2936/68
f 675/2936/68 676/2937/68 674/2700/68
s 548
f 674/2700/68 643/2938/68 642/2709/68
s 483
f 642/2709/68 661/2939/68 663/2701/68
f 663/2701/68 664/2940/68 662/2702/68
f 662/2702/68 675/2936/68 674/2700/68
f 674/2700/68 642/2709/68 663/2701/68
s 484
f 654/2703/34 669/2941/34 644/2704/34
s 486
f 650/2706/81 661/2939/81 642/2709/81
s 487
f 639/2713/68 640/2715/68 657/2725/68
f 657/2725/68 659/2942/68 660/2711/68
f 660/2711/68 658/2943/68 653/2944/68
f 653/2944/68 655/2945/68 656/2712/68
f 656/2712/68 654/2946/68 639/2713/68
f 639/2713/68 657/2725/68 660/2711/68
f 660/2711/68 653/2944/68 656/2712/68
s 488
f 666/2714/81 657/2725/81 640/2715/81
s 489
f 665/2717/65 670/2736/65 653/2718/65
s 490
f 644/2721/137 669/2947/137 671/2948/137
f 671/2948/137 672/2949/137 670/2720/137
f 670/2720/137 665/2950/137 667/2951/137
f 667/2951/137 668/2952/137 666/2714/137
s 549
f 666/2714/137 641/2716/137 644/2721/137
s 490
f 644/2721/137 671/2948/137 670/2720/137
f 670/2720/137 667/2951/137 666/2714/137
s 491
f 658/2719/653 660/2953/653 667/2722/653
s 492
f 667/2722/85 660/2953/85 659/2723/85
s 493
f 668/2724/654 659/2723/654 657/2725/654
s 494
f 646/2726/655 648/2728/655 675/2727/655
s 497
f 662/2699/653 664/2733/653 651/2732/653
s 498
f 664/2733/85 663/2735/85 652/2734/85
s 499
f 663/2735/654 661/2939/654 650/2706/654
s 500
f 670/2736/655 672/2738/655 655/2737/655
s 501
f 672/2738/78 671/2740/78 656/2739/78
s 502
f 671/2740/656 669/2941/656 654/2703/656
s 504
f 678/2743/68 686/2954/68 685/2744/68
s 507
f 677/2745/81 685/2955/81 688/2750/81
s 509
f 691/2751/34 690/2761/34 682/2752/34
s 510
f 685/2754/70 686/2747/70 682/2755/70
f 682/2755/70 686/2747/70 687/2757/70
f 687/2757/70 688/2760/70 684/2759/70
f 688/2760/70 685/2754/70 681/2756/70
s 511
f 690/2761/70 691/2956/70 692/2762/70
s 512
f 692/2764/137 691/2957/137 683/2765/137
s 513
f 690/2761/68 689/2763/68 681/2767/68
s 514
f 689/2763/81 692/2764/81 684/2766/81
s 515
f 723/2776/181 712/2809/182 693/2777/182
f 713/2779/175 716/2814/176 699/2780/176
f 715/2782/171 718/2815/172 701/2783/172
f 717/2785/179 720/2816/180 703/2786/180
f 719/2788/183 722/2817/184 705/2789/184
f 721/2791/177 724/2818/178 707/2792/178
f 709/2794/173 714/2813/174 697/2795/174
f 711/2797/185 710/2811/186 695/2798/186
f 712/2809/182 711/2797/185 694/2799/185
f 696/2810/173 695/2798/186 710/2811/186
f 698/2781/175 697/2795/174 714/2813/174
f 700/2784/171 699/2780/176 716/2814/176
f 702/2787/179 701/2783/172 718/2815/172
f 704/2790/183 703/2786/180 720/2816/180
f 706/2793/177 705/2789/184 722/2817/184
f 708/2778/181 707/2792/178 724/2818/178
s 517
f 1267/2842/81 1265/2869/81 1104/2843/81
s 518
f 1111/2958/137 1110/2959/137 1267/2960/137
s 550
f 1267/2960/137 1102/2961/137 1101/2845/137
s 518
f 1101/2845/137 1268/2962/137 1105/2963/137
f 1101/2845/137 1105/2963/137 1107/2964/137
f 1109/2965/137 1111/2958/137 1267/2960/137
f 1109/2965/137 1267/2960/137 1101/2845/137
f 1101/2845/137 1107/2964/137 1106/2846/137
f 1108/2847/137 1109/2965/137 1101/2845/137
s 519
f 1266/2848/34 1268/2851/34 1101/2849/34
s 520
f 1268/2851/657 1266/2848/657 1115/2852/657
s 521
f 1106/2854/74 1118/2865/74 1117/2855/65
f 1108/2856/65 1117/2855/65 1112/2857/76
f 1109/2858/76 1112/2857/76 1113/2859/78
f 1111/2860/78 1113/2859/78 1114/2861/658
f 1107/2863/85 1105/2853/659 1115/2852/659
f 1107/2863/85 1116/2864/85 1118/2865/74
s 522
f 1174/2321/68 1173/2334/68 1172/2328/68
s 523
f 1116/2966/68 1115/2967/68 1266/2968/68
s 551
f 1266/2968/68 1103/2969/68 1104/2866/68
s 523
f 1104/2866/68 1265/2970/68 1114/2971/68
f 1104/2866/68 1114/2971/68 1113/2972/68
f 1118/2973/68 1116/2966/68 1266/2968/68
f 1118/2973/68 1266/2968/68 1104/2866/68
f 1104/2866/68 1113/2972/68 1112/2867/68
f 1117/2868/68 1118/2973/68 1104/2866/68
s 524
f 1265/2869/660 1267/2842/660 1110/2862/660
s 184
f 1608/2870/308 1618/2890/661 1617/2871/661
s 525
f 1571/2873/303 1622/2908/303 1614/2874/303
s 526
f 1607/2872/304 1617/2871/304 1625/2876/304
s 184
f 1603/2878/307 1604/2974/310 1616/2879/320
s 527
f 1620/2881/60 1619/2975/60 1611/2882/60
s 528
f 1621/2884/60 1613/2912/60 1614/2885/60
s 529
f 1623/2887/60 1615/2880/60 1616/2879/60
s 530
f 1625/2889/60 1617/2871/60 1618/2890/60
s 531
f 1587/2892/288 1626/2910/288 1618/2893/288
s 532
f 1561/2895/320 1619/2904/320 1620/2896/320
s 533
f 1579/2898/323 1577/2903/323 1623/2899/323
s 534
f 1596/2901/294 1563/2897/294 1620/2896/294
s 535
f 1603/2878/291 1615/2880/291 1623/2899/291
s 536
f 1561/2895/305 1595/2909/305 1611/2882/305
s 537
f 1579/2898/306 1624/2900/306 1616/2905/306
s 538
f 1571/2873/661 1569/2914/661 1621/2907/661
s 184
f 1595/2909/312 1596/2976/311 1612/2883/323
s 539
f 1587/2892/319 1585/2877/319 1625/2876/319
s 184
f 1600/2911/313 1614/2885/319 1613/2912/319
s 540
f 1569/2914/287 1599/2913/287 1613/2912/287
s 541
f 1667/2915/323 1629/2977/323 1658/2916/323
f 1658/2916/323 1657/2930/323 1645/2917/323
s 0
f 1645/2917/664 1669/2978/665 1667/2915/58
s 542
f 1629/2979/58 1628/2980/58 1627/2918/58
f 1627/2918/58 1593/2981/58 1594/2982/58
f 1594/2982/58 1634/2983/58 1635/2919/58
f 1635/2919/58 1636/2984/58 1658/2920/58
f 1658/2920/58 1629/2979/58 1627/2918/58
f 1627/2918/58 1594/2982/58 1635/2919/58
s 543
f 1652/2932/60 1651/2985/60 1650/2921/60
f 1650/2921/60 1641/2986/60 1642/2987/60
f 1642/2987/60 1643/2988/60 1644/2922/60
f 1644/2922/60 1645/2989/60 1657/2923/60
f 1657/2923/60 1652/2932/60 1650/2921/60
f 1650/2921/60 1642/2987/60 1644/2922/60
s 544
f 1662/2924/662 1659/2928/662 1660/2925/662
s 184
f 1652/2927/302 1660/2925/661 1659/2928/661
s 545
f 1658/2916/663 1662/2924/663 1661/2926/663
s 546
f 1657/2923/58 1661/2990/58 1660/2931/58
s 547
f 1658/2920/60 1636/2984/60 1659/2933/60
l 1707 1705
l 1706 1708
l 1714 1717
l 1718 1721
l 1722 1723
l 1715 1716
l 1709 1725
l 1710 1726
l 1713 1720
l 1711 1724
l 1712 1719
l 1751 1753
l 1754 1752
l 1755 1757
l 1758 1756
l 1759 1761
l 1762 1760
