# Blender 5.2.2 LTS
# www.blender.org
mtllib LlantaDelanteraDerecha.mtl
g LlantaDelanteraDerecha_RoverModificado.008
v 6.610666 1.705651 8.589999
v 6.593382 1.530164 8.589999
v 6.542194 1.361421 8.589999
v 6.459070 1.205907 8.589999
v 6.347204 1.069597 8.589999
v 6.210894 0.957731 8.589999
v 6.055380 0.874607 8.589999
v 5.886636 0.823419 8.589999
v 5.711150 0.806135 8.590000
v 5.535663 0.823419 8.590000
v 5.366920 0.874606 8.590000
v 5.211405 0.957731 8.590000
v 5.075096 1.069597 8.590000
v 4.963229 1.205907 8.590002
v 4.880106 1.361421 8.590002
v 4.828918 1.530164 8.590002
v 4.811634 1.705651 8.590002
v 4.828918 1.881138 8.590002
v 4.880105 2.049881 8.590002
v 4.963230 2.205395 8.590000
v 5.075096 2.341705 8.590000
v 5.211405 2.453571 8.590000
v 5.366920 2.536695 8.590000
v 5.535663 2.587883 8.590000
v 5.711150 2.605167 8.590000
v 5.886636 2.587883 8.589999
v 6.055380 2.536695 8.589999
v 6.210894 2.453571 8.589999
v 6.347204 2.341705 8.589999
v 6.459070 2.205395 8.589999
v 6.542194 2.049881 8.589999
v 6.593382 1.881138 8.589999
v 6.610665 1.705651 7.549999
v 6.593380 1.530164 7.549999
v 6.542193 1.361421 7.550000
v 6.459069 1.205907 7.550000
v 6.347202 1.069597 7.550000
v 6.210893 0.957731 7.550000
v 6.055379 0.874607 7.550000
v 5.886635 0.823419 7.550001
v 5.711148 0.806135 7.550001
v 5.535662 0.823419 7.550001
v 5.366919 0.874607 7.550001
v 5.211404 0.957731 7.550001
v 5.075095 1.069597 7.550001
v 4.963228 1.205907 7.550002
v 4.880104 1.361421 7.550002
v 4.828917 1.530164 7.550001
v 4.811633 1.705651 7.550001
v 4.828917 1.881138 7.550001
v 4.880104 2.049881 7.550001
v 4.963228 2.205395 7.550001
v 5.075095 2.341705 7.550001
v 5.211404 2.453571 7.550000
v 5.366919 2.536695 7.550000
v 5.535661 2.587883 7.550000
v 5.711148 2.605167 7.550000
v 5.886635 2.587883 7.550000
v 6.055379 2.536695 7.549999
v 6.210892 2.453571 7.549999
v 6.347202 2.341705 7.549999
v 6.459069 2.205395 7.549999
v 6.542193 2.049881 7.549999
v 6.593380 1.881138 7.549999
v 6.715394 1.504508 7.550000
v 6.734988 1.703443 7.549999
v 6.657367 1.313217 7.550000
v 6.563137 1.136923 7.550000
v 6.436322 0.982400 7.550000
v 6.281799 0.855586 7.550000
v 6.105505 0.761354 7.550000
v 5.914214 0.703327 7.550000
v 5.715279 0.683734 7.550001
v 5.516343 0.703327 7.550001
v 5.325053 0.761354 7.550001
v 5.148759 0.855586 7.550001
v 4.994235 0.982400 7.550002
v 4.867421 1.136923 7.550002
v 4.773190 1.313217 7.550002
v 4.715163 1.504508 7.550002
v 4.695569 1.703443 7.550001
v 4.715163 1.902379 7.550001
v 4.773190 2.093669 7.550001
v 4.867422 2.269963 7.550001
v 4.994235 2.424487 7.550001
v 5.148759 2.551301 7.550000
v 5.325053 2.645532 7.550000
v 5.516343 2.703560 7.550000
v 5.715279 2.723153 7.550000
v 5.914214 2.703560 7.549999
v 6.105505 2.645532 7.549999
v 6.281799 2.551301 7.549999
v 6.436322 2.424487 7.549999
v 6.563137 2.269963 7.549999
v 6.657367 2.093669 7.549999
v 6.715394 1.902379 7.549999
v 6.739701 1.705651 8.589998
v 6.719938 1.504990 8.589999
v 6.661408 1.312041 8.589999
v 6.566359 1.134218 8.589999
v 6.438446 0.978355 8.589999
v 6.282583 0.850442 8.589999
v 6.104760 0.755393 8.589999
v 5.911811 0.696863 8.589999
v 5.711150 0.677099 8.590000
v 5.510489 0.696863 8.590000
v 5.317540 0.755393 8.590000
v 5.139717 0.850441 8.590000
v 4.983854 0.978355 8.590000
v 4.855940 1.134218 8.590002
v 4.760892 1.312041 8.590002
v 4.702362 1.504990 8.590002
v 4.682598 1.705651 8.590002
v 4.702362 1.906311 8.590002
v 4.760892 2.099260 8.590001
v 4.855940 2.277084 8.590001
v 4.983854 2.432947 8.590001
v 5.139717 2.560860 8.590000
v 5.317540 2.655908 8.590000
v 5.510489 2.714439 8.590000
v 5.711150 2.734203 8.590000
v 5.911811 2.714439 8.589999
v 6.104760 2.655908 8.589999
v 6.282582 2.560860 8.589999
v 6.438446 2.432947 8.589999
v 6.566359 2.277084 8.589999
v 6.661408 2.099260 8.589999
v 6.719938 1.906311 8.589998
v 5.711149 1.802123 8.529999
v 5.662913 1.789198 8.529999
v 5.627602 1.753887 8.529999
v 5.614677 1.705651 8.529999
v 5.627602 1.657415 8.529999
v 5.662913 1.622103 8.529999
v 5.711149 1.609178 8.529999
v 5.759386 1.622103 8.529999
v 5.794697 1.657415 8.529999
v 5.807622 1.705651 8.529999
v 5.794697 1.753887 8.529999
v 5.759386 1.789198 8.529999
v 5.711149 1.905651 8.406664
v 5.711149 1.905651 8.253331
v 5.611149 1.878856 8.253331
v 5.611149 1.878856 8.406664
v 5.537944 1.805651 8.253331
v 5.537944 1.805651 8.406666
v 5.511149 1.705651 8.253331
v 5.511149 1.705651 8.406666
v 5.537944 1.605651 8.253331
v 5.537944 1.605651 8.406666
v 5.611149 1.532446 8.253331
v 5.611149 1.532446 8.406666
v 5.711149 1.505651 8.253331
v 5.711149 1.505651 8.406665
v 5.811149 1.532446 8.253331
v 5.811149 1.532446 8.406664
v 5.884354 1.605651 8.253331
v 5.884354 1.605651 8.406664
v 5.911149 1.705651 8.253331
v 5.911149 1.705651 8.406664
v 5.884354 1.805651 8.253331
v 5.884354 1.805651 8.406664
v 5.811149 1.878856 8.253331
v 5.811149 1.878856 8.406664
v 5.529976 2.581799 7.906664
v 5.529975 2.581799 7.653331
v 5.429975 2.555004 7.653331
v 5.429976 2.555004 7.906665
v 4.861796 1.986824 7.653332
v 4.861796 1.986824 7.906665
v 4.835001 1.886824 7.653333
v 4.835001 1.886824 7.906665
v 5.042969 1.110676 7.653333
v 5.042969 1.110676 7.906666
v 5.116174 1.037471 7.653333
v 5.116174 1.037471 7.906666
v 5.892322 0.829503 7.653332
v 5.892322 0.829503 7.906664
v 5.992322 0.856298 7.653332
v 5.992323 0.856298 7.906664
v 6.560502 1.424477 7.653331
v 6.560502 1.424477 7.906663
v 6.587296 1.524477 7.653331
v 6.587297 1.524477 7.906663
v 6.379328 2.300625 7.653330
v 6.379328 2.300625 7.906664
v 6.306123 2.373830 7.653331
v 6.306123 2.373830 7.906664
v 5.711149 1.905651 8.529999
v 5.611149 1.878856 8.529999
v 5.537944 1.805651 8.529999
v 5.511150 1.705651 8.529999
v 5.537944 1.605651 8.529999
v 5.611149 1.532446 8.529999
v 5.711149 1.505651 8.529999
v 5.811149 1.532446 8.529999
v 5.884354 1.605651 8.529999
v 5.911149 1.705651 8.529999
v 5.884354 1.805651 8.529999
v 5.811149 1.878856 8.529999
v 5.711149 1.802123 8.429998
v 5.662913 1.789198 8.429998
v 5.627602 1.753887 8.429998
v 5.614677 1.705651 8.429998
v 5.627602 1.657415 8.429998
v 5.662913 1.622103 8.429998
v 5.711149 1.609178 8.429998
v 5.759385 1.622103 8.429998
v 5.794697 1.657415 8.429998
v 5.807622 1.705651 8.429998
v 5.794697 1.753887 8.429998
v 5.759385 1.789198 8.429998
v 5.933433 2.807450 7.879333
v 5.932551 2.811439 8.260666
v 6.144460 2.743435 7.879333
v 6.144187 2.747240 8.260666
v 6.649310 2.329116 7.879333
v 6.650492 2.331726 8.260665
v 6.753264 2.134632 7.879333
v 6.754745 2.136682 8.260665
v 6.509411 2.499583 7.879333
v 6.510190 2.502685 8.260666
v 6.338945 2.639481 7.879333
v 6.339232 2.642987 8.260666
v 5.713971 2.829065 7.879333
v 5.712457 2.833116 8.260666
v 5.283482 2.743435 7.879333
v 5.280727 2.747240 8.260668
v 5.494510 2.807450 7.879333
v 5.492363 2.811439 8.260668
v 4.918531 2.499583 7.879334
v 4.914724 2.502685 8.260668
v 5.088997 2.639481 7.879334
v 5.085683 2.642986 8.260668
v 4.674678 2.134632 7.879334
v 4.670169 2.136682 8.260669
v 4.778633 2.329116 7.879334
v 4.774423 2.331726 8.260668
v 4.589048 1.704142 7.879334
v 4.584293 1.704952 8.260669
v 4.610664 1.923604 7.879334
v 4.605970 1.925046 8.260669
v 4.674678 1.273653 7.879334
v 4.670169 1.273222 8.260669
v 4.610664 1.484681 7.879334
v 4.605970 1.484858 8.260669
v 4.918531 0.908702 7.879334
v 4.914724 0.907219 8.260668
v 4.778632 1.079169 7.879334
v 4.774423 1.078177 8.260669
v 5.283482 0.664849 7.879333
v 5.280727 0.662663 8.260668
v 5.088998 0.768803 7.879334
v 5.085683 0.766917 8.260668
v 5.713971 0.579220 7.879333
v 5.712457 0.576787 8.260667
v 5.494510 0.600835 7.879333
v 5.492363 0.598464 8.260668
v 6.144460 0.664849 7.879333
v 6.144187 0.662664 8.260667
v 5.933433 0.600835 7.879333
v 5.932551 0.598464 8.260667
v 6.509411 0.908702 7.879333
v 6.510190 0.907219 8.260666
v 6.338945 0.768803 7.879333
v 6.339232 0.766917 8.260667
v 6.753264 1.273653 7.879333
v 6.754745 1.273222 8.260666
v 6.649310 1.079169 7.879333
v 6.650492 1.078177 8.260666
v 6.817277 1.923604 7.879333
v 6.818944 1.925046 8.260665
v 6.838893 1.704142 7.879333
v 6.840621 1.704952 8.260666
v 6.817277 1.484681 7.879333
v 6.818944 1.484858 8.260666
v 5.711148 1.905651 7.815553
v 5.711148 1.905651 7.717776
v 5.611148 1.878856 7.717776
v 5.611148 1.878856 7.815553
v 5.537943 1.805651 7.717776
v 5.537943 1.805651 7.815554
v 5.511149 1.705651 7.717776
v 5.511149 1.705651 7.815555
v 5.537943 1.605651 7.717776
v 5.537943 1.605651 7.815555
v 5.611148 1.532446 7.717776
v 5.611148 1.532446 7.815555
v 5.711148 1.505651 7.717777
v 5.711149 1.505651 7.815554
v 5.811148 1.532446 7.717776
v 5.811149 1.532446 7.815554
v 5.884354 1.605651 7.717775
v 5.884354 1.605651 7.815554
v 5.911149 1.705651 7.717775
v 5.911149 1.705651 7.815554
v 5.884354 1.805651 7.717775
v 5.884354 1.805651 7.815553
v 5.811148 1.878856 7.717775
v 5.811149 1.878856 7.815553
v 5.116173 2.373830 7.717776
v 5.116173 2.373830 7.815554
v 5.042968 2.300625 7.717776
v 5.042968 2.300625 7.815554
v 5.429975 0.856298 7.717777
v 5.429975 0.856298 7.815555
v 5.529975 0.829503 7.717777
v 5.529975 0.829503 7.815555
v 6.587296 1.886824 7.717775
v 6.587296 1.886824 7.815552
v 6.560502 1.986824 7.717775
v 6.560502 1.986824 7.815552
v 6.699853 2.111179 7.555199
v 6.760493 1.911281 7.555199
v 6.468861 2.456884 7.555199
v 6.601382 2.295407 7.555199
v 6.123158 2.687876 7.555201
v 6.307385 2.589404 7.555201
v 5.715372 2.768990 7.555201
v 5.923259 2.748515 7.555201
v 5.307585 2.687876 7.555202
v 5.507484 2.748515 7.555201
v 4.961881 2.456884 7.555202
v 5.123358 2.589404 7.555202
v 4.730889 2.111179 7.555202
v 4.829361 2.295407 7.555202
v 4.649776 1.703394 7.555202
v 4.670251 1.911281 7.555202
v 4.730889 1.295607 7.555202
v 4.670251 1.495506 7.555202
v 4.961881 0.949903 7.555202
v 4.829361 1.111380 7.555202
v 5.307586 0.718911 7.555202
v 5.123358 0.817383 7.555202
v 5.715372 0.637798 7.555201
v 5.507484 0.658273 7.555201
v 6.123157 0.718911 7.555201
v 5.923259 0.658273 7.555201
v 6.468861 0.949903 7.555200
v 6.307385 0.817383 7.555200
v 6.699853 1.295608 7.555200
v 6.601382 1.111380 7.555200
v 6.780967 1.703394 7.555200
v 6.760493 1.495506 7.555200
v 6.765240 1.496010 8.584800
v 6.785893 1.705701 8.584800
v 6.604750 1.108554 8.584800
v 6.704075 1.294379 8.584800
v 6.308203 0.812007 8.584800
v 6.471080 0.945677 8.584800
v 5.920747 0.651517 8.584801
v 6.122379 0.712681 8.584801
v 5.501367 0.651517 8.584801
v 5.711057 0.630865 8.584801
v 5.113910 0.812007 8.584802
v 5.299735 0.712681 8.584801
v 4.817363 1.108554 8.584802
v 4.951033 0.945676 8.584802
v 4.656873 1.496010 8.584802
v 4.718038 1.294378 8.584802
v 4.656873 1.915391 8.584802
v 4.636221 1.705701 8.584802
v 4.817363 2.302848 8.584802
v 4.718038 2.117022 8.584802
v 5.113909 2.599394 8.584802
v 4.951033 2.465724 8.584802
v 5.501367 2.759884 8.584801
v 5.299735 2.698719 8.584801
v 5.920747 2.759884 8.584801
v 5.711057 2.780537 8.584801
v 6.308203 2.599394 8.584800
v 6.122379 2.698719 8.584801
v 6.604750 2.302848 8.584800
v 6.471080 2.465725 8.584800
v 6.765240 1.915391 8.584800
v 6.704075 2.117022 8.584800
v 5.954485 2.922128 8.258760
v 6.187284 2.851509 8.258760
v 6.744219 2.394444 8.258759
v 6.858898 2.179895 8.258759
v 6.589887 2.582498 8.258759
v 6.401833 2.736830 8.258759
v 5.712381 2.945973 8.258760
v 5.237478 2.851509 8.258761
v 5.470278 2.922128 8.258760
v 4.834875 2.582498 8.258761
v 5.022929 2.736830 8.258761
v 4.565864 2.179895 8.258761
v 4.680544 2.394444 8.258761
v 4.471400 1.704992 8.258761
v 4.495246 1.947096 8.258761
v 4.565865 1.230089 8.258761
v 4.495246 1.462889 8.258761
v 4.834876 0.827486 8.258761
v 4.680544 1.015540 8.258761
v 5.237479 0.558476 8.258760
v 5.022929 0.673154 8.258761
v 5.712381 0.464011 8.258760
v 5.470278 0.487856 8.258760
v 6.187284 0.558476 8.258759
v 5.954485 0.487856 8.258760
v 6.589887 0.827486 8.258759
v 6.401833 0.673154 8.258759
v 6.858898 1.230089 8.258759
v 6.744219 1.015540 8.258759
v 6.929517 1.947096 8.258759
v 6.953362 1.704992 8.258759
v 6.929517 1.462889 8.258759
v 5.955454 2.917740 7.881240
v 6.187585 2.847324 7.881240
v 6.742919 2.391573 7.881239
v 6.857269 2.177640 7.881239
v 6.589031 2.579086 7.881239
v 6.401518 2.732975 7.881239
v 5.714047 2.941516 7.881240
v 5.240509 2.847324 7.881241
v 5.472639 2.917740 7.881240
v 4.839062 2.579086 7.881241
v 5.026576 2.732974 7.881241
v 4.570825 2.177640 7.881241
v 4.685175 2.391573 7.881241
v 4.476632 1.704102 7.881242
v 4.500409 1.945510 7.881241
v 4.570825 1.230564 7.881242
v 4.500409 1.462694 7.881242
v 4.839063 0.829118 7.881242
v 4.685174 1.016631 7.881242
v 5.240509 0.560880 7.881242
v 5.026576 0.675229 7.881242
v 5.714047 0.466687 7.881240
v 5.472639 0.490464 7.881240
v 6.187585 0.560880 7.881240
v 5.955454 0.490464 7.881240
v 6.589031 0.829118 7.881239
v 6.401518 0.675229 7.881239
v 6.857269 1.230564 7.881239
v 6.742919 1.016631 7.881239
v 6.927684 1.945509 7.881239
v 6.951461 1.704102 7.881239
v 6.927684 1.462694 7.881239
v 5.580626 2.392770 8.226016
v 5.607856 2.291146 8.364584
v 5.633269 2.196304 8.448746
v 5.671930 2.052018 8.471606
v 5.507856 2.264351 8.364584
v 5.480626 2.365975 8.226016
v 5.571930 2.025223 8.471606
v 5.533269 2.169509 8.448746
v 5.364782 1.744870 8.471606
v 5.220496 1.783531 8.448746
v 5.125654 1.808944 8.364584
v 5.024030 1.836174 8.226016
v 5.247291 1.883531 8.448746
v 5.391577 1.844870 8.471606
v 5.050825 1.936174 8.226016
v 5.152449 1.908944 8.364584
v 5.918298 1.986004 8.471606
v 6.023922 2.091628 8.448746
v 6.093351 2.161058 8.364583
v 6.167745 2.235452 8.226015
v 6.097126 2.018423 8.448746
v 5.991503 1.912799 8.471606
v 6.240950 2.162247 8.226015
v 6.166556 2.087853 8.364583
v 6.175007 1.527771 8.448746
v 6.030722 1.566432 8.471606
v 6.371473 1.475128 8.226016
v 6.269849 1.502358 8.364584
v 6.296645 1.602358 8.364584
v 6.398268 1.575127 8.226016
v 6.057517 1.666432 8.471606
v 6.201802 1.627771 8.448746
v 5.850369 1.386078 8.471606
v 5.889030 1.241793 8.448746
v 5.914443 1.146951 8.364585
v 5.941672 1.045327 8.226016
v 5.789030 1.214998 8.448746
v 5.750368 1.359283 8.471606
v 5.841673 1.018532 8.226017
v 5.814442 1.120156 8.364585
v 5.325172 1.392878 8.448746
v 5.430796 1.498502 8.471606
v 5.181348 1.249055 8.226017
v 5.255742 1.323449 8.364585
v 5.328947 1.250244 8.364585
v 5.254553 1.175850 8.226017
v 5.504001 1.425297 8.471606
v 5.398377 1.319673 8.448746
v 5.711148 1.905651 7.197331
v 5.611148 1.878856 7.197331
v 5.537943 1.805651 7.197331
v 5.511148 1.705651 7.197331
v 5.537943 1.605651 7.197331
v 5.611148 1.532446 7.197331
v 5.711148 1.505651 7.197331
v 5.811148 1.532446 7.197331
v 5.884353 1.605651 7.197331
v 5.911148 1.705651 7.197331
v 5.884353 1.805651 7.197331
v 5.811148 1.878856 7.197331
v 5.581148 1.930817 6.915752
v 5.711148 1.965651 6.915752
v 5.711148 1.965651 7.197286
v 5.485981 1.835651 6.915752
v 5.451148 1.705651 6.915752
v 5.485981 1.575651 6.915752
v 5.581148 1.480484 6.915752
v 5.711148 1.445651 6.915752
v 5.841148 1.480484 6.915752
v 5.936314 1.575651 6.915751
v 5.971148 1.705651 6.915751
v 5.936314 1.835651 6.915751
v 5.841148 1.930817 6.915751
v 5.581148 1.930817 7.197286
v 5.485982 1.835651 7.197286
v 5.451148 1.705651 7.197286
v 5.485982 1.575651 7.197286
v 5.581148 1.480484 7.197286
v 5.711148 1.445651 7.197286
v 5.841148 1.480484 7.197286
v 5.936315 1.575651 7.197286
v 5.971148 1.705651 7.197286
v 5.936315 1.835651 7.197286
v 5.841148 1.930817 7.197286
v 5.342230 2.596302 8.590000
v 5.523076 2.651161 8.590000
v 5.523076 0.760141 8.590000
v 5.342230 0.815000 8.590000
v 5.711150 2.669685 8.590000
v 5.175562 0.904086 8.590000
v 5.899223 2.651161 8.589999
v 5.029475 1.023976 8.590000
v 6.080069 2.596302 8.589999
v 4.909585 1.170062 8.590002
v 6.246738 2.507216 8.589999
v 4.820499 1.336731 8.590002
v 6.675184 1.705651 8.589999
v 6.656660 1.517577 8.589999
v 6.392825 2.387326 8.589999
v 4.765640 1.517577 8.590002
v 6.601800 1.336731 8.589999
v 6.512714 2.241239 8.589999
v 4.747116 1.705651 8.590002
v 6.512715 1.170062 8.589999
v 6.601800 2.074571 8.589999
v 4.765639 1.893725 8.590002
v 6.392825 1.023976 8.589999
v 6.656660 1.893725 8.589999
v 4.820499 2.074571 8.590002
v 6.246738 0.904086 8.589999
v 4.909585 2.241239 8.590000
v 6.080069 0.815000 8.589999
v 5.029475 2.387326 8.590000
v 5.899223 0.760141 8.589999
v 5.175561 2.507216 8.590000
v 5.711150 0.741617 8.590000
v 6.654388 1.517336 7.549999
v 6.599780 1.337319 7.550000
v 6.511102 1.171415 7.550000
v 6.391762 1.025998 7.550000
v 6.246346 0.906658 7.550000
v 6.080441 0.817980 7.550000
v 5.900425 0.763373 7.550001
v 5.713214 0.744934 7.550001
v 5.526003 0.763373 7.550001
v 5.345986 0.817980 7.550001
v 5.180081 0.906658 7.550001
v 5.034665 1.025998 7.550001
v 4.915325 1.171415 7.550002
v 4.826647 1.337319 7.550002
v 4.772040 1.517336 7.550001
v 4.753601 1.704547 7.550001
v 4.772040 1.891758 7.550001
v 4.826647 2.071775 7.550001
v 4.915325 2.237679 7.550001
v 5.034665 2.383096 7.550001
v 5.180081 2.502436 7.550000
v 5.345986 2.591114 7.550000
v 5.526003 2.645721 7.550000
v 5.713214 2.664160 7.550000
v 5.900425 2.645721 7.550000
v 6.080442 2.591114 7.549999
v 6.246346 2.502436 7.549999
v 6.391762 2.383096 7.549999
v 6.511102 2.237679 7.549999
v 6.599781 2.071775 7.549999
v 6.654388 1.891758 7.549999
v 6.672826 1.704547 7.549999
v 5.681148 2.017617 8.303010
v 5.625655 2.224721 8.270195
v 5.615470 2.262729 8.236467
v 5.576385 2.408597 8.037570
v 5.525654 2.197926 8.270195
v 5.581148 1.990822 8.303010
v 5.476385 2.381802 8.037570
v 5.515470 2.235934 8.236467
v 5.008202 1.840415 8.037570
v 5.154071 1.801330 8.236468
v 5.192079 1.791145 8.270195
v 5.399183 1.735652 8.303011
v 5.425978 1.835652 8.303011
v 5.218874 1.891145 8.270195
v 5.180866 1.901329 8.236468
v 5.034997 1.940415 8.037570
v 6.179331 2.247038 8.037569
v 6.072549 2.140255 8.236467
v 6.044725 2.112431 8.270195
v 5.893114 1.960821 8.303009
v 6.145752 2.067050 8.236467
v 6.252536 2.173833 8.037569
v 5.966319 1.887616 8.303009
v 6.117929 2.039226 8.270195
v 6.230219 1.620156 8.270195
v 6.023115 1.675649 8.303009
v 6.414096 1.570887 8.037570
v 6.268227 1.609972 8.236467
v 6.241433 1.509972 8.236467
v 6.387300 1.470887 8.037570
v 5.996320 1.575649 8.303009
v 6.203424 1.520156 8.270196
v 5.945913 1.029499 8.037571
v 5.906828 1.175367 8.236467
v 5.896644 1.213376 8.270196
v 5.841150 1.420479 8.303011
v 5.806828 1.148573 8.236467
v 5.845913 1.002704 8.037571
v 5.741150 1.393684 8.303011
v 5.796644 1.186581 8.270196
v 5.455979 1.523686 8.303011
v 5.304369 1.372075 8.270196
v 5.276545 1.344251 8.236468
v 5.169761 1.237468 8.037571
v 5.377574 1.298870 8.270196
v 5.529184 1.450481 8.303011
v 5.242966 1.164263 8.037571
v 5.349750 1.271046 8.236468
vn -0.0000 -1.0000 -0.0000
vn 0.1951 -0.9808 -0.0000
vn -0.1951 -0.9808 -0.0000
vn 0.3827 -0.9239 -0.0000
vn -0.3827 -0.9239 -0.0000
vn -0.5556 -0.8315 -0.0000
vn 0.5556 -0.8315 -0.0000
vn -0.7071 -0.7071 -0.0000
vn 0.7071 -0.7071 -0.0000
vn 0.8315 -0.5556 -0.0000
vn -0.8315 -0.5556 -0.0000
vn -0.9239 -0.3827 -0.0000
vn 0.9239 -0.3827 -0.0000
vn 0.9808 -0.1951 -0.0000
vn -0.9808 -0.1951 -0.0000
vn 1.0000 -0.0000 -0.0000
vn -1.0000 -0.0000 -0.0000
vn -0.9808 0.1951 -0.0000
vn 0.9808 0.1951 -0.0000
vn -0.9239 0.3827 -0.0000
vn 0.9239 0.3827 -0.0000
vn 0.8315 0.5556 -0.0000
vn -0.8315 0.5556 -0.0000
vn 0.7071 0.7071 -0.0000
vn -0.7071 0.7071 -0.0000
vn -0.5556 0.8315 -0.0000
vn 0.5556 0.8315 -0.0000
vn -0.3827 0.9239 -0.0000
vn 0.3827 0.9239 -0.0000
vn -0.1951 0.9808 -0.0000
vn 0.1951 0.9808 -0.0000
vn -0.0000 1.0000 -0.0000
vn -0.0007 -0.0004 1.0000
vn -0.0008 -0.0000 1.0000
vn 0.0007 0.0004 1.0000
vn 0.0004 0.0007 1.0000
vn -0.0004 0.0007 1.0000
vn -0.0000 0.0008 1.0000
vn 0.0004 -0.0007 1.0000
vn 0.0007 -0.0004 1.0000
vn -0.0004 -0.0007 1.0000
vn -0.0007 0.0004 1.0000
vn 0.0008 -0.0000 1.0000
vn -0.0000 -0.0008 1.0000
vn 0.4210 0.9071 -0.0000
vn 0.0890 0.9960 -0.0000
vn 0.9960 0.0890 -0.0000
vn 0.9071 0.4210 -0.0000
vn 0.5751 -0.8181 -0.0000
vn 0.8181 -0.5751 -0.0000
vn 0.3805 -0.1020 -0.9191
vn 0.1219 -0.0327 -0.9920
vn -0.4210 -0.9071 -0.0000
vn -0.0890 -0.9960 -0.0000
vn -0.9960 -0.0890 -0.0000
vn -0.9071 -0.4210 -0.0000
vn -0.5751 0.8181 -0.0000
vn -0.8181 0.5751 -0.0000
vn 0.6806 0.6806 0.2714
vn 0.9659 -0.2588 -0.0000
vn 0.9297 -0.2491 0.2714
vn 0.2588 -0.9659 -0.0000
vn 0.2491 -0.9297 0.2714
vn -0.6806 -0.6806 0.2714
vn -0.9659 0.2588 -0.0000
vn -0.9297 0.2491 0.2714
vn -0.2491 0.9297 0.2714
vn -0.2588 0.9659 -0.0000
vn -0.5838 -0.5838 0.5643
vn 0.7974 -0.2137 0.5643
vn 0.2785 0.2785 -0.9191
vn 0.0892 0.0892 -0.9920
vn 0.2588 0.9659 -0.0000
vn 0.1020 -0.3805 -0.9191
vn 0.0327 -0.1219 -0.9920
vn -0.3805 0.1020 -0.9191
vn -0.1219 0.0327 -0.9920
vn 0.2785 0.2785 0.9191
vn 0.0892 0.0892 0.9920
vn -0.3805 0.1020 0.9191
vn -0.1219 0.0327 0.9920
vn 0.9659 0.2588 -0.0000
vn 0.8270 -0.2216 -0.5167
vn 0.8753 -0.2345 -0.4229
vn 0.2216 -0.8270 -0.5167
vn 0.2345 -0.8753 -0.4229
vn 0.1020 -0.3805 0.9191
vn 0.0327 -0.1219 0.9920
vn -0.1080 0.4029 0.9089
vn -0.1884 0.7029 0.6859
vn -0.2588 -0.9659 -0.0000
vn -0.6054 -0.6054 -0.5167
vn -0.6408 -0.6408 -0.4229
vn 0.4029 -0.1080 -0.9089
vn 0.7029 -0.1884 -0.6859
vn -0.7974 0.2137 0.5643
vn 0.3805 -0.1020 0.9191
vn 0.1219 -0.0327 0.9920
vn -0.4029 0.1080 0.9089
vn -0.7029 0.1884 0.6859
vn -0.2949 -0.2949 -0.9089
vn -0.5146 -0.5146 -0.6859
vn 0.5838 0.5838 0.5643
vn -0.2785 -0.2785 0.9191
vn -0.0892 -0.0892 0.9920
vn 0.2949 0.2949 0.9089
vn 0.5146 0.5146 0.6859
vn -0.4029 0.1080 -0.9089
vn -0.7029 0.1883 -0.6859
vn 0.4029 -0.1080 0.9089
vn 0.7029 -0.1884 0.6859
vn -0.8270 0.2216 -0.5167
vn -0.8753 0.2345 -0.4229
vn -0.2216 0.8270 -0.5167
vn -0.2345 0.8753 -0.4229
vn -0.9659 -0.2588 -0.0000
vn -0.1079 0.4029 -0.9089
vn -0.1883 0.7029 -0.6859
vn -0.1080 0.4029 -0.9089
vn 0.2137 -0.7974 0.5643
vn -0.1020 0.3805 0.9191
vn -0.0327 0.1219 0.9920
vn 0.1080 -0.4029 0.9089
vn 0.1883 -0.7029 0.6859
vn 0.1884 -0.7029 0.6859
vn -0.2949 -0.2949 0.9089
vn -0.5146 -0.5146 0.6859
vn 0.6054 0.6054 -0.5167
vn 0.6408 0.6408 -0.4229
vn -0.2785 -0.2785 -0.9191
vn -0.0892 -0.0892 -0.9920
vn 0.2949 0.2949 -0.9089
vn 0.5146 0.5146 -0.6859
vn 0.5000 0.8660 -0.0000
vn 0.8181 0.5751 -0.0000
vn 0.9960 -0.0890 -0.0000
vn 0.8660 -0.5000 -0.0000
vn 0.5000 -0.8660 -0.0000
vn 0.0890 -0.9960 -0.0000
vn -0.5751 -0.8181 -0.0000
vn -0.0000 -0.0000 -1.0000
vn -0.8660 -0.5000 -0.0000
vn -0.9071 0.4210 -0.0000
vn -0.4210 0.9071 -0.0000
vn -0.0000 -0.0000 1.0000
vn -0.2137 0.7974 0.5643
vn 0.8660 0.5000 -0.0000
vn -0.5000 -0.8660 -0.0000
vn -0.8660 0.5000 -0.0000
vn -0.5000 0.8660 -0.0000
vn 0.1884 -0.7029 -0.6859
vn -0.1020 0.3805 -0.9191
vn -0.0327 0.1219 -0.9920
vn 0.1080 -0.4029 -0.9089
vn 0.0392 0.0119 -0.9992
vn 0.0407 -0.0040 -0.9992
vn 0.0391 0.0119 -0.9992
vn 0.0317 0.0260 -0.9992
vn 0.0316 0.0259 -0.9992
vn 0.0193 0.0362 -0.9992
vn 0.0193 0.0361 -0.9992
vn 0.0040 0.0408 -0.9992
vn -0.0119 0.0393 -0.9992
vn -0.0261 0.0318 -0.9992
vn -0.0260 0.0317 -0.9992
vn -0.0362 0.0194 -0.9992
vn -0.0409 0.0040 -0.9992
vn -0.0393 -0.0119 -0.9992
vn -0.0317 -0.0260 -0.9992
vn -0.0193 -0.0361 -0.9992
vn -0.0193 -0.0362 -0.9992
vn -0.0040 -0.0407 -0.9992
vn -0.0040 -0.0408 -0.9992
vn 0.0119 -0.0391 -0.9992
vn 0.0119 -0.0392 -0.9992
vn 0.0259 -0.0316 -0.9992
vn 0.0361 -0.0193 -0.9992
vn -0.0118 0.0388 0.9992
vn -0.0191 -0.0358 0.9992
vn -0.0040 -0.0405 0.9992
vn -0.0192 -0.0359 0.9992
vn 0.0040 0.0404 0.9992
vn -0.0313 -0.0257 0.9992
vn -0.0314 -0.0258 0.9992
vn 0.0192 0.0359 0.9992
vn -0.0388 -0.0118 0.9992
vn 0.0405 -0.0040 0.9992
vn 0.0191 0.0358 0.9992
vn 0.0315 0.0258 0.9992
vn 0.0359 -0.0192 0.9992
vn 0.0314 0.0258 0.9992
vn -0.0403 0.0040 0.9992
vn 0.0390 0.0118 0.9992
vn -0.0404 0.0040 0.9992
vn 0.0258 -0.0315 0.9992
vn 0.0389 0.0118 0.9992
vn -0.0357 0.0191 0.9992
vn 0.0118 -0.0389 0.9992
vn 0.0118 -0.0390 0.9992
vn -0.0257 0.0313 0.9992
vn -0.0040 -0.0404 0.9992
vn 0.2874 0.9476 0.1397
vn 0.2780 0.9165 0.2875
vn 0.2875 0.9477 0.1389
vn 0.8729 0.4666 0.1429
vn 0.8439 0.4511 0.2904
vn 0.8730 0.4666 0.1422
vn -0.3832 0.9236 -0.0039
vn -0.3822 0.9241 -0.0037
vn -0.3820 0.9241 -0.0037
vn 0.6280 0.7652 0.1414
vn 0.6073 0.7400 0.2890
vn 0.6281 0.7653 0.1406
vn 0.1945 -0.9809 0.0031
vn 0.1934 -0.9811 0.0034
vn 0.1947 -0.9809 0.0030
vn -0.3808 0.9246 -0.0042
vn -0.3806 0.9247 -0.0042
vn -0.0719 0.0876 -0.9936
vn -0.0719 0.0877 -0.9935
vn -0.5556 -0.8314 -0.0005
vn -0.5555 -0.8315 -0.0005
vn 0.1075 0.0326 0.9937
vn -0.7658 0.6285 0.1360
vn -0.7411 0.6082 0.2844
vn -0.7658 0.6285 0.1359
vn -0.4670 0.8736 0.1368
vn -0.4519 0.8454 0.2849
vn -0.4670 0.8737 0.1364
vn -0.0971 0.9856 0.1381
vn -0.0939 0.9536 0.2860
vn -0.0971 0.9857 0.1374
vn 0.5561 -0.8311 0.0044
vn 0.5551 -0.8318 0.0042
vn 0.5562 -0.8310 0.0044
vn -0.5554 -0.8316 -0.0005
vn -0.9539 -0.0940 0.2849
vn -0.9858 -0.0971 0.1368
vn -0.9859 -0.0971 0.1364
vn -0.9174 0.2783 0.2844
vn -0.9480 0.2876 0.1360
vn -0.9481 0.2876 0.1359
vn 0.5549 -0.8319 0.0043
vn 0.5537 -0.8327 0.0047
vn -0.0329 0.1085 -0.9936
vn -0.0329 0.1084 -0.9936
vn -0.6076 -0.7404 0.2875
vn -0.6282 -0.7654 0.1397
vn -0.6282 -0.7655 0.1389
vn -0.8451 -0.4517 0.2860
vn -0.8735 -0.4669 0.1381
vn -0.8736 -0.4669 0.1374
vn 0.3826 0.9239 -0.0005
vn 0.3827 0.9239 -0.0005
vn 0.3828 0.9238 -0.0005
vn 0.0868 0.0712 0.9937
vn -0.9242 0.3820 -0.0050
vn -0.9236 0.3833 -0.0048
vn -0.9235 0.3835 -0.0048
vn 0.3829 0.9238 -0.0005
vn 0.7393 -0.6067 0.2921
vn 0.7649 -0.6277 0.1444
vn 0.7649 -0.6278 0.1443
vn 0.4509 -0.8436 0.2915
vn 0.4665 -0.8727 0.1439
vn 0.4665 -0.8728 0.1435
vn 0.0938 -0.9523 0.2904
vn 0.0970 -0.9850 0.1429
vn 0.0970 -0.9851 0.1422
vn -0.2779 -0.9161 0.2890
vn -0.2874 -0.9473 0.1414
vn -0.2874 -0.9474 0.1406
vn 0.9848 0.0970 0.1439
vn 0.9520 0.0938 0.2915
vn 0.9849 0.0970 0.1435
vn -0.9229 0.3851 -0.0054
vn -0.9228 0.3854 -0.0054
vn 0.9469 -0.2872 0.1444
vn 0.9152 -0.2776 0.2921
vn 0.9469 -0.2872 0.1443
vn 0.0111 0.1127 -0.9936
vn -0.8317 -0.5553 -0.0024
vn -0.8313 -0.5558 -0.0023
vn -0.8317 -0.5552 -0.0024
vn 0.0529 0.0989 0.9937
vn 0.9131 -0.2770 -0.2992
vn 0.9458 -0.2869 -0.1519
vn 0.9459 -0.2869 -0.1518
vn 0.9809 -0.1944 0.0048
vn 0.9807 -0.1957 0.0046
vn 0.9809 -0.1943 0.0048
vn -0.8312 -0.5559 -0.0023
vn -0.8308 -0.5566 -0.0025
vn 0.9494 0.0935 -0.2997
vn 0.9835 0.0969 -0.1527
vn 0.9836 0.0969 -0.1523
vn -0.2867 -0.9453 -0.1556
vn -0.2767 -0.9122 -0.3022
vn -0.2868 -0.9454 -0.1548
vn 0.0968 -0.9833 -0.1540
vn 0.0935 -0.9491 -0.3008
vn 0.0969 -0.9834 -0.1533
vn 0.4659 -0.8716 -0.1527
vn 0.4497 -0.8414 -0.2997
vn 0.4659 -0.8716 -0.1523
vn 0.7640 -0.6270 -0.1519
vn 0.7376 -0.6053 -0.2992
vn 0.7641 -0.6270 -0.1518
vn 0.9806 -0.1959 0.0046
vn 0.9803 -0.1975 0.0051
vn 0.0533 0.0998 -0.9936
vn 0.7073 0.7069 0.0015
vn 0.7070 0.7072 0.0014
vn 0.7069 0.7073 0.0014
vn 0.0110 0.1115 0.9937
vn -0.1949 -0.9808 0.0014
vn -0.1944 -0.9809 0.0015
vn -0.1943 -0.9809 0.0016
vn 0.7066 0.7076 0.0016
vn 0.7065 0.7077 0.0016
vn -0.0004 1.0000 -0.0024
vn -0.0012 1.0000 -0.0025
vn 0.0874 0.0717 -0.9936
vn -0.8707 -0.4654 -0.1587
vn -0.8399 -0.4489 -0.3052
vn -0.8708 -0.4655 -0.1580
vn -0.6265 -0.7634 -0.1573
vn -0.6044 -0.7365 -0.3037
vn -0.6044 -0.7365 -0.3038
vn -0.6266 -0.7635 -0.1564
vn -0.9809 -0.1945 -0.0039
vn -0.9807 -0.1956 -0.0037
vn -0.0325 0.1072 0.9937
vn 0.1956 -0.9807 0.0032
vn 0.1967 -0.9805 0.0034
vn 0.1969 -0.9804 0.0034
vn -0.9806 -0.1958 -0.0037
vn -0.9804 -0.1971 -0.0041
vn -0.9446 0.2865 -0.1603
vn -0.9108 0.2763 -0.3068
vn -0.9446 0.2865 -0.1601
vn -0.9824 -0.0968 -0.1598
vn -0.9474 -0.0933 -0.3062
vn -0.9825 -0.0968 -0.1593
vn -0.5558 -0.8313 -0.0005
vn 0.1081 0.0328 -0.9936
vn 0.9241 0.3822 0.0032
vn 0.9237 0.3831 0.0030
vn 0.9237 0.3832 0.0031
vn -0.0710 0.0865 0.9937
vn -0.0933 0.9477 -0.3052
vn -0.0968 0.9826 -0.1587
vn -0.0968 0.9827 -0.1580
vn -0.4487 0.8396 -0.3062
vn -0.4653 0.8706 -0.1598
vn -0.4654 0.8707 -0.1593
vn -0.7357 0.6038 -0.3068
vn -0.7630 0.6262 -0.1603
vn -0.7630 0.6262 -0.1601
vn 0.3824 0.9240 -0.0005
vn 0.9232 0.3842 0.0034
vn 0.9232 0.3844 0.0034
vn -0.8322 -0.5545 -0.0025
vn -0.8322 -0.5544 -0.0025
vn -0.9806 0.1958 -0.0048
vn -0.9809 0.1945 -0.0046
vn -0.9806 0.1959 -0.0048
vn -0.0987 0.0528 0.9937
vn 0.7076 0.7066 0.0016
vn -0.9809 0.1942 -0.0046
vn -0.9813 0.1926 -0.0051
vn -0.9812 -0.1931 -0.0041
vn -0.9812 -0.1929 -0.0042
vn 1.0000 -0.0007 0.0044
vn 1.0000 0.0006 0.0042
vn 1.0000 0.0008 0.0043
vn -0.1114 0.0110 0.9937
vn 0.6047 0.7369 -0.3022
vn 0.6267 0.7636 -0.1556
vn 0.6267 0.7637 -0.1548
vn 0.9245 0.3811 0.0034
vn 1.0000 0.0023 0.0047
vn 1.0000 0.0026 0.0048
vn 0.8411 0.4496 -0.3008
vn 0.8714 0.4658 -0.1540
vn 0.8715 0.4658 -0.1533
vn 0.2766 0.9117 -0.3037
vn 0.2867 0.9450 -0.1573
vn 0.2867 0.9452 -0.1564
vn 0.7529 0.6179 0.2269
vn 0.6889 0.5654 0.4535
vn 0.7531 0.6180 0.2256
vn 0.4593 0.8592 0.2253
vn 0.4204 0.7866 0.4523
vn 0.4594 0.8595 0.2239
vn 0.0955 0.9700 0.2236
vn 0.0875 0.8882 0.4510
vn 0.0956 0.9703 0.2223
vn -0.2830 0.9330 0.2221
vn -0.2592 0.8546 0.4500
vn -0.2831 0.9333 0.2211
vn -0.6187 0.7539 0.2209
vn -0.5668 0.6906 0.4493
vn -0.6188 0.7540 0.2204
vn -0.8602 0.4598 0.2204
vn -0.7880 0.4212 0.4490
vn -0.8891 0.0876 0.4493
vn -0.9706 0.0956 0.2209
vn -0.9707 0.0956 0.2204
vn -0.8546 -0.2592 0.4500
vn -0.9330 -0.2830 0.2221
vn -0.9333 -0.2831 0.2211
vn -0.6899 -0.5662 0.4510
vn -0.7534 -0.6183 0.2236
vn -0.7537 -0.6185 0.2223
vn -0.4204 -0.7866 0.4523
vn -0.4593 -0.8592 0.2253
vn -0.4594 -0.8595 0.2239
vn -0.0874 -0.8869 0.4535
vn -0.0955 -0.9692 0.2269
vn -0.0955 -0.9695 0.2256
vn 0.2586 -0.8523 0.4546
vn 0.2826 -0.9317 0.2281
vn 0.2827 -0.9319 0.2271
vn 0.5648 -0.6882 0.4553
vn 0.6176 -0.7525 0.2288
vn 0.6176 -0.7526 0.2282
vn 0.7851 -0.4196 0.4556
vn 0.8585 -0.4589 0.2288
vn 0.9688 -0.0954 0.2288
vn 0.8860 -0.0873 0.4553
vn 0.9689 -0.0954 0.2282
vn 0.9317 0.2826 0.2281
vn 0.8523 0.2586 0.4546
vn 0.9319 0.2827 0.2271
vn 0.8486 0.2574 -0.4622
vn 0.9295 0.2820 -0.2377
vn 0.9297 0.2820 -0.2367
vn 0.8829 -0.0870 -0.4615
vn 0.9669 -0.0952 -0.2366
vn 0.9671 -0.0952 -0.2361
vn 0.8570 -0.4581 -0.2360
vn 0.7825 -0.4183 -0.4612
vn 0.6164 -0.7511 -0.2366
vn 0.5628 -0.6858 -0.4615
vn 0.6165 -0.7512 -0.2361
vn 0.2820 -0.9295 -0.2377
vn 0.2574 -0.8486 -0.4622
vn 0.2820 -0.9297 -0.2367
vn -0.0952 -0.9663 -0.2392
vn -0.0869 -0.8820 -0.4632
vn -0.0952 -0.9666 -0.2380
vn -0.4575 -0.8560 -0.2409
vn -0.4175 -0.7810 -0.4645
vn -0.4577 -0.8563 -0.2395
vn -0.7499 -0.6155 -0.2424
vn -0.6841 -0.5614 -0.4657
vn -0.7502 -0.6157 -0.2412
vn -0.9281 -0.2815 -0.2436
vn -0.8463 -0.2567 -0.4667
vn -0.9283 -0.2816 -0.2427
vn -0.9650 0.0950 -0.2443
vn -0.8798 0.0867 -0.4674
vn -0.9652 0.0951 -0.2438
vn -0.7795 0.4167 -0.4676
vn -0.8552 0.4571 -0.2444
vn -0.5608 0.6834 -0.4674
vn -0.6152 0.7496 -0.2443
vn -0.6152 0.7497 -0.2438
vn -0.2567 0.8463 -0.4667
vn -0.2815 0.9281 -0.2436
vn -0.2816 0.9283 -0.2427
vn 0.0867 0.8807 -0.4657
vn 0.0951 0.9655 -0.2424
vn 0.0951 0.9658 -0.2412
vn 0.4175 0.7810 -0.4645
vn 0.4575 0.8560 -0.2409
vn 0.4577 0.8563 -0.2395
vn 0.6851 0.5622 -0.4632
vn 0.7506 0.6160 -0.2392
vn 0.7508 0.6162 -0.2380
vn -0.1000 0.0535 -0.9935
vn -0.7065 0.7077 -0.0046
vn -0.7053 0.7089 -0.0051
vn -0.7051 0.7091 -0.0052
vn 0.0004 1.0000 -0.0023
vn 0.0012 1.0000 -0.0025
vn 0.0014 1.0000 -0.0025
vn -0.7076 0.7066 -0.0048
vn -0.7066 0.7076 -0.0046
vn 0.0003 1.0000 -0.0023
vn -0.1128 0.0111 -0.9936
vn 0.8310 -0.5563 0.0048
vn 0.8300 -0.5577 0.0054
vn 0.8311 -0.5561 0.0048
vn -0.1954 -0.9807 0.0014
vn -0.1958 -0.9806 0.0016
vn -0.1953 -0.9807 0.0014
vn 0.8319 -0.5549 0.0050
vn -0.1949 -0.9808 0.0015
vn -0.1084 -0.0329 -0.9936
vn -1.0000 0.0008 -0.0043
vn -1.0000 0.0023 -0.0048
vn -1.0000 0.0026 -0.0048
vn -1.0000 -0.0007 -0.0044
vn -1.0000 0.0006 -0.0042
vn -0.0875 -0.0718 -0.9936
vn -0.9241 -0.3821 -0.0031
vn -0.9245 -0.3812 -0.0034
vn -0.9246 -0.3810 -0.0034
vn -0.9237 -0.3831 -0.0032
vn -0.9240 -0.3823 -0.0030
vn -0.0533 -0.0998 -0.9936
vn 0.9809 0.1944 0.0037
vn 0.9812 0.1931 0.0042
vn 0.9809 0.1946 0.0037
vn 0.9807 0.1957 0.0039
vn -0.0111 -0.1125 -0.9936
vn -0.7073 -0.7069 -0.0014
vn -0.7076 -0.7066 -0.0016
vn -0.7077 -0.7065 -0.0016
vn -0.7069 -0.7073 -0.0014
vn -0.7072 -0.7070 -0.0014
vn 0.9813 -0.1926 0.0051
vn 0.9813 -0.1924 0.0051
vn 0.0328 -0.1081 -0.9936
vn 0.8317 0.5552 0.0023
vn 0.8321 0.5546 0.0025
vn 0.8316 0.5553 0.0023
vn -0.9249 0.3803 -0.0053
vn -0.9242 0.3819 -0.0050
vn 0.8313 0.5559 0.0024
vn 0.8312 0.5559 0.0024
vn 0.5575 -0.8302 0.0047
vn 0.5577 -0.8300 0.0047
vn 0.0716 -0.0873 -0.9936
vn -0.3826 -0.9239 0.0005
vn -0.3824 -0.9240 0.0005
vn -0.3845 0.9231 -0.0041
vn -0.3833 0.9236 -0.0039
vn -0.3827 -0.9239 0.0005
vn -0.7089 0.7053 -0.0051
vn -0.7077 0.7065 -0.0048
vn 0.0996 -0.0532 -0.9936
vn 0.5556 0.8314 0.0005
vn 0.5558 0.8313 0.0005
vn 0.8329 -0.5534 0.0053
vn 0.8330 -0.5532 0.0053
vn 0.5555 0.8315 0.0005
vn -1.0000 -0.0023 -0.0047
vn -1.0000 -0.0008 -0.0044
vn 0.1124 -0.0111 -0.9936
vn 0.0004 -1.0000 0.0023
vn 0.0012 -1.0000 0.0025
vn 0.0014 -1.0000 0.0026
vn -0.9232 -0.3842 -0.0034
vn -0.9237 -0.3832 -0.0032
vn 0.1119 -0.0110 0.9937
vn 0.1118 -0.0110 0.9937
vn -0.0004 -1.0000 0.0024
vn 0.0003 -1.0000 0.0023
vn 0.9804 0.1970 0.0041
vn 0.9803 0.1973 0.0041
vn 0.1948 0.9808 -0.0014
vn 0.1943 0.9809 -0.0016
vn 0.1949 0.9808 -0.0014
vn -0.7066 -0.7076 -0.0015
vn -0.7069 -0.7073 -0.0015
vn 0.0992 -0.0530 0.9937
vn 0.1953 0.9807 -0.0014
vn 0.1953 0.9807 -0.0015
vn 0.8308 0.5566 0.0025
vn 0.8307 0.5567 0.0025
vn 0.3833 -0.9236 0.0037
vn 0.3846 -0.9231 0.0042
vn 0.3848 -0.9230 0.0042
vn -0.3829 -0.9238 0.0005
vn -0.3828 -0.9238 0.0005
vn 0.0713 -0.0869 0.9937
vn 0.3821 -0.9241 0.0039
vn 0.3832 -0.9237 0.0037
vn 0.5554 0.8316 0.0005
vn 0.5553 0.8316 0.0005
vn -0.1957 0.9807 -0.0031
vn -0.1967 0.9805 -0.0034
vn -0.1955 0.9807 -0.0030
vn -0.0012 -1.0000 0.0025
vn 0.0326 -0.1075 0.9937
vn -0.1946 0.9809 -0.0032
vn 0.1958 0.9806 -0.0015
vn 0.1959 0.9806 -0.0016
vn 0.7077 -0.7065 0.0046
vn 0.7089 -0.7053 0.0052
vn 0.7091 -0.7051 0.0052
vn 0.3808 -0.9246 0.0041
vn -0.0110 -0.1117 0.9937
vn 0.7066 -0.7076 0.0048
vn 0.7075 -0.7067 0.0046
vn -0.1935 0.9811 -0.0034
vn -0.1933 0.9811 -0.0034
vn -0.5562 0.8310 -0.0043
vn -0.5575 0.8302 -0.0048
vn -0.5561 0.8311 -0.0042
vn 0.7054 -0.7088 0.0051
vn 0.7065 -0.7077 0.0048
vn -0.0529 -0.0989 0.9937
vn -0.5550 0.8318 -0.0044
vn -0.5549 0.8319 -0.0044
vn -0.5537 0.8327 -0.0047
vn -0.5534 0.8329 -0.0047
vn 0.9242 -0.3818 0.0048
vn 0.9249 -0.3803 0.0054
vn 0.9250 -0.3800 0.0054
vn 0.9236 -0.3834 0.0050
vn 0.9229 -0.3851 0.0053
vn 0.9235 -0.3835 0.0050
vn -0.0866 -0.0711 0.9937
vn 0.9241 -0.3821 0.0048
vn -0.8310 0.5562 -0.0050
vn -0.8300 0.5577 -0.0053
vn -0.8299 0.5579 -0.0053
vn -0.8320 0.5548 -0.0048
vn -0.8329 0.5534 -0.0053
vn -0.8318 0.5550 -0.0048
vn 1.0000 -0.0023 0.0047
vn 1.0000 -0.0008 0.0044
vn -0.1072 -0.0325 0.9937
vn -0.8310 0.5563 -0.0050
vn -0.9803 0.1975 -0.0051
vn -0.9802 0.1978 -0.0051
vn 0.1933 -0.9811 0.0034
vn -0.7411 0.6082 0.2843
vn 0.5535 -0.8329 0.0048
vn -0.8307 -0.5567 -0.0026
vn 0.9802 -0.1978 0.0052
vn -0.0014 1.0000 -0.0025
vn -0.9803 -0.1973 -0.0042
vn 0.7077 0.7065 0.0016
vn -0.9813 0.1924 -0.0052
vn 0.9246 0.3810 0.0034
vn 0.8298 -0.5580 0.0054
vn -0.1959 -0.9806 0.0016
vn 0.9812 0.1929 0.0042
vn 0.8322 0.5544 0.0026
vn -0.9250 0.3800 -0.0053
vn -0.3848 0.9230 -0.0042
vn -0.7091 0.7051 -0.0052
vn -1.0000 -0.0025 -0.0047
vn -0.9232 -0.3844 -0.0034
vn 0.1942 0.9810 -0.0016
vn -0.7065 -0.7077 -0.0016
vn -0.1969 0.9804 -0.0035
vn -0.0014 -1.0000 0.0025
vn 0.3806 -0.9247 0.0041
vn -0.5577 0.8300 -0.0048
vn 0.7052 -0.7090 0.0051
vn 0.9228 -0.3853 0.0053
vn -0.8331 0.5532 -0.0054
vn 1.0000 -0.0025 0.0047
vt 0.463198 0.188097
vt 0.370971 0.188097
vt 0.463198 0.172459
vt 0.463198 0.203734
vt 0.370971 0.172460
vt 0.370971 0.203734
vt 0.463198 0.156822
vt 0.463198 0.219372
vt 0.370971 0.156822
vt 0.370971 0.219372
vt 0.463198 0.235009
vt 0.370971 0.235009
vt 0.463198 0.141185
vt 0.370971 0.141185
vt 0.463198 0.250647
vt 0.370971 0.250647
vt 0.463198 0.125547
vt 0.370971 0.125547
vt 0.463198 0.109910
vt 0.463198 0.266284
vt 0.370971 0.109910
vt 0.370971 0.266284
vt 0.463198 0.281921
vt 0.463197 0.094272
vt 0.370971 0.094272
vt 0.370971 0.281921
vt 0.463198 0.078635
vt 0.370971 0.297559
vt 0.370971 0.078635
vt 0.463198 0.297559
vt 0.463197 0.062998
vt 0.370971 0.062998
vt 0.463198 0.313196
vt 0.370971 0.313196
vt 0.463198 0.328834
vt 0.463197 0.047360
vt 0.370971 0.047360
vt 0.370971 0.328834
vt 0.463198 0.344471
vt 0.370971 0.344471
vt 0.463197 0.031723
vt 0.370971 0.547757
vt 0.370971 0.532120
vt 0.463197 0.532120
vt 0.463197 0.516482
vt 0.463198 0.360108
vt 0.370971 0.516482
vt 0.370971 0.360108
vt 0.463197 0.500845
vt 0.463198 0.375746
vt 0.370971 0.375746
vt 0.370971 0.500845
vt 0.463198 0.391383
vt 0.463198 0.485208
vt 0.370971 0.391383
vt 0.370971 0.485208
vt 0.463198 0.407021
vt 0.463198 0.469570
vt 0.370971 0.407021
vt 0.370971 0.469570
vt 0.463198 0.422658
vt 0.463198 0.453933
vt 0.370971 0.453933
vt 0.370971 0.422658
vt 0.463198 0.438295
vt 0.370971 0.438295
vt 0.053261 0.802122
vt 0.035664 0.793556
vt 0.055556 0.793556
vt 0.037959 0.859227
vt 0.018438 0.857847
vt 0.024708 0.851577
vt 0.017057 0.823024
vt 0.008492 0.840620
vt 0.008492 0.820729
vt 0.074163 0.838325
vt 0.072783 0.857847
vt 0.066512 0.851576
vt 0.072783 0.803502
vt 0.066512 0.809773
vt 0.017057 0.838325
vt 0.759651 0.236742
vt 0.751085 0.219145
vt 0.759651 0.221440
vt 0.055556 0.867793
vt 0.053261 0.859227
vt 0.074163 0.823024
vt 0.082729 0.820729
vt 0.024708 0.809773
vt 0.037959 0.802122
vt 0.035664 0.867793
vt 0.082729 0.840620
vt 0.915727 0.083729
vt 0.938390 0.068427
vt 0.938390 0.083729
vt 0.915727 0.114331
vt 0.938390 0.099030
vt 0.938390 0.114331
vt 0.915727 0.144934
vt 0.938390 0.129633
vt 0.938390 0.144934
vt 0.385927 0.944544
vt 0.411633 0.913230
vt 0.411633 0.944544
vt 0.915727 0.175537
vt 0.938390 0.160235
vt 0.938390 0.175537
vt 0.915727 0.206139
vt 0.938390 0.190838
vt 0.938390 0.206139
vt 0.915727 0.236742
vt 0.938390 0.221440
vt 0.938390 0.236742
vt 0.392729 0.626002
vt 0.367023 0.587929
vt 0.392729 0.587929
vt 0.392739 0.626370
vt 0.367033 0.588297
vt 0.392739 0.588297
vt 0.392570 0.626370
vt 0.366864 0.588297
vt 0.392570 0.588297
vt 0.392065 0.586984
vt 0.366359 0.625057
vt 0.366358 0.586984
vt 0.392475 0.625222
vt 0.366769 0.587149
vt 0.392475 0.587149
vt 0.098480 0.984914
vt 0.128781 0.934861
vt 0.131181 0.983294
vt 0.324552 0.774464
vt 0.350258 0.659558
vt 0.350258 0.774464
vt 0.325226 0.775777
vt 0.350932 0.660871
vt 0.350932 0.775777
vt 0.411623 0.944176
vt 0.385917 0.912862
vt 0.411623 0.912862
vt 0.367033 0.731655
vt 0.367033 0.626370
vt 0.385758 0.944544
vt 0.411464 0.913230
vt 0.411464 0.944544
vt 0.385663 0.943396
vt 0.411369 0.912082
vt 0.411369 0.943396
vt 0.350258 0.928233
vt 0.324552 0.887298
vt 0.350258 0.887298
vt 0.325226 0.929546
vt 0.350932 0.888611
vt 0.350932 0.929546
vt 0.308861 0.730507
vt 0.324962 0.659723
vt 0.324962 0.774630
vt 0.203015 0.712239
vt 0.172547 0.742163
vt 0.169824 0.687207
vt 0.206741 0.688296
vt 0.167800 0.646359
vt 0.366769 0.730507
vt 0.392475 0.730507
vt 0.089444 0.802547
vt 0.096080 0.936481
vt 0.173330 0.559910
vt 0.134555 0.601420
vt 0.143669 0.554187
vt 0.137123 0.688827
vt 0.135099 0.647979
vt 0.350668 0.659723
vt 0.366769 0.625222
vt 0.375723 0.796911
vt 0.350668 0.774630
vt 0.375723 0.734902
vt 0.299907 0.796911
vt 0.324962 0.817830
vt 0.367023 0.731287
vt 0.392729 0.731287
vt 0.379575 0.815542
vt 0.405282 0.802674
vt 0.405282 0.815542
vt 0.352735 0.927365
vt 0.327029 0.886430
vt 0.352735 0.886430
vt 0.350668 0.849941
vt 0.350668 0.817830
vt 0.309115 0.731287
vt 0.325216 0.660503
vt 0.325216 0.775409
vt 0.282497 0.890651
vt 0.325216 0.850721
vt 0.325216 0.888243
vt 0.393641 0.890651
vt 0.350922 0.850721
vt 0.393641 0.836793
vt 0.375977 0.797691
vt 0.350922 0.775409
vt 0.375977 0.735682
vt 0.405536 0.816322
vt 0.379829 0.803453
vt 0.405536 0.803453
vt 0.350922 0.660503
vt 0.325216 0.929178
vt 0.350922 0.888243
vt 0.350922 0.929178
vt 0.350922 0.818610
vt 0.379839 0.816690
vt 0.405545 0.803821
vt 0.405545 0.816690
vt 0.325226 0.851088
vt 0.350932 0.818978
vt 0.350932 0.851088
vt 0.375987 0.798059
vt 0.375987 0.736050
vt 0.392739 0.731655
vt 0.366864 0.731655
vt 0.392570 0.731655
vt 0.300171 0.798059
vt 0.325226 0.818978
vt 0.308957 0.731655
vt 0.325057 0.660871
vt 0.325057 0.775777
vt 0.300003 0.798059
vt 0.325057 0.818978
vt 0.350764 0.660871
vt 0.366864 0.626370
vt 0.375818 0.798059
vt 0.350764 0.775777
vt 0.375818 0.736050
vt 0.379671 0.816690
vt 0.405377 0.803821
vt 0.405377 0.816690
vt 0.350764 0.929546
vt 0.325057 0.888611
vt 0.350764 0.888611
vt 0.350764 0.851089
vt 0.350764 0.818978
vt 0.308451 0.730342
vt 0.324552 0.659558
vt 0.299497 0.796746
vt 0.324552 0.817665
vt 0.324552 0.849775
vt 0.350258 0.817665
vt 0.350258 0.849775
vt 0.392065 0.730342
vt 0.392065 0.625057
vt 0.385253 0.943231
vt 0.410959 0.911917
vt 0.410959 0.943231
vt 0.404872 0.815377
vt 0.379166 0.802508
vt 0.404872 0.802508
vt 0.851024 0.083729
vt 0.915727 0.068427
vt 0.052560 0.968036
vt 0.067012 0.952734
vt 0.067012 0.968036
vt 0.851024 0.099030
vt 0.915727 0.099030
vt 0.052560 0.983337
vt 0.067012 0.983337
vt 0.851024 0.114331
vt 0.948007 0.533596
vt 0.557964 0.479113
vt 0.948007 0.479114
vt 0.851024 0.129633
vt 0.915727 0.129633
vt 0.021310 0.952709
vt 0.035762 0.937407
vt 0.035762 0.952709
vt 0.851024 0.144934
vt 0.021310 0.968010
vt 0.035762 0.968010
vt 0.851024 0.160235
vt 0.915727 0.160235
vt 0.021310 0.983311
vt 0.035762 0.983311
vt 0.851024 0.175537
vt 0.488059 0.282086
vt 0.520375 0.063579
vt 0.520375 0.282086
vt 0.915727 0.190838
vt 0.051522 0.897372
vt 0.066823 0.882920
vt 0.066823 0.897372
vt 0.851024 0.206139
vt 0.036221 0.897372
vt 0.051522 0.882920
vt 0.851024 0.221440
vt 0.915727 0.221440
vt 0.020919 0.882920
vt 0.020919 0.897372
vt 0.851024 0.236742
vt 0.589753 0.276734
vt 0.620275 0.058228
vt 0.620275 0.276734
vt 0.851024 0.068427
vt 0.915727 0.053126
vt 0.836572 0.068427
vt 0.851024 0.053126
vt 0.526915 0.058228
vt 0.494599 0.027706
vt 0.526916 0.027706
vt 0.557964 0.309259
vt 0.503482 0.366945
vt 0.503482 0.309259
vt 0.488059 0.033057
vt 0.520375 0.033058
vt 0.557437 0.058228
vt 0.589753 0.058228
vt 0.583213 0.282086
vt 0.613735 0.063579
vt 0.613735 0.282086
vt 0.526915 0.276734
vt 0.494599 0.058228
vt 0.948007 0.421428
vt 0.557964 0.421427
vt 0.557437 0.276734
vt 0.557964 0.366945
vt 0.948007 0.366945
vt 0.948007 0.309259
vt 0.550897 0.063579
vt 0.550897 0.282086
vt 0.583213 0.063579
vt 0.209319 0.591439
vt 0.163364 0.604294
vt 0.379575 0.802674
vt 0.393387 0.889871
vt 0.393387 0.836013
vt 0.296055 0.815542
vt 0.324962 0.849941
vt 0.282243 0.889871
vt 0.324962 0.887463
vt 0.379829 0.816322
vt 0.296309 0.816322
vt 0.325216 0.818610
vt 0.300161 0.797691
vt 0.296319 0.816690
vt 0.282507 0.891019
vt 0.325226 0.888611
vt 0.379839 0.803821
vt 0.393651 0.891019
vt 0.393651 0.837161
vt 0.379671 0.803821
vt 0.393483 0.891019
vt 0.393483 0.837161
vt 0.296150 0.816690
vt 0.325057 0.851089
vt 0.282338 0.891019
vt 0.295645 0.815377
vt 0.281833 0.889706
vt 0.139846 0.743783
vt 0.147088 0.889956
vt 0.759651 0.083729
vt 0.836572 0.083729
vt 0.759651 0.099030
vt 0.836572 0.099030
vt 0.759651 0.114331
vt 0.836572 0.114331
vt 0.759651 0.129633
vt 0.836572 0.129633
vt 0.759651 0.144934
vt 0.836572 0.144934
vt 0.759651 0.160235
vt 0.836572 0.160235
vt 0.759651 0.175536
vt 0.836572 0.175537
vt 0.836572 0.190838
vt 0.759651 0.206139
vt 0.836572 0.206139
vt 0.836572 0.221441
vt 0.836572 0.236742
vt 0.759651 0.068427
vt 0.836573 0.053126
vt 0.904258 0.728522
vt 0.918833 0.703896
vt 0.913384 0.731290
vt 0.674265 0.605589
vt 0.686645 0.579788
vt 0.692694 0.587160
vt 0.894285 0.752601
vt 0.902695 0.757096
vt 0.709869 0.564270
vt 0.714364 0.572680
vt 0.879805 0.774271
vt 0.887177 0.780320
vt 0.735674 0.553581
vt 0.738442 0.562707
vt 0.861377 0.792700
vt 0.867426 0.800071
vt 0.764004 0.557622
vt 0.763069 0.548132
vt 0.714364 0.807179
vt 0.735675 0.826278
vt 0.709869 0.815589
vt 0.839707 0.807179
vt 0.844202 0.815589
vt 0.791001 0.548132
vt 0.790067 0.557622
vt 0.692694 0.792700
vt 0.686645 0.800071
vt 0.815628 0.817153
vt 0.818396 0.826278
vt 0.818396 0.553581
vt 0.815628 0.562706
vt 0.666894 0.780321
vt 0.674265 0.774271
vt 0.790066 0.822237
vt 0.791001 0.831727
vt 0.844202 0.564270
vt 0.839706 0.572680
vt 0.651376 0.757096
vt 0.659786 0.752601
vt 0.764004 0.822237
vt 0.763070 0.831727
vt 0.867426 0.579788
vt 0.861377 0.587160
vt 0.640687 0.731291
vt 0.649812 0.728523
vt 0.738443 0.817153
vt 0.879805 0.605589
vt 0.887177 0.599539
vt 0.635238 0.703896
vt 0.644728 0.702961
vt 0.894285 0.627259
vt 0.902695 0.622764
vt 0.635238 0.675964
vt 0.644728 0.676899
vt 0.904258 0.651337
vt 0.913384 0.648569
vt 0.640687 0.648569
vt 0.649812 0.651337
vt 0.909343 0.676899
vt 0.918833 0.675964
vt 0.651376 0.622764
vt 0.659786 0.627259
vt 0.909343 0.702961
vt 0.666894 0.599539
vt 0.838989 0.809207
vt 0.866361 0.801933
vt 0.843243 0.817380
vt 0.814910 0.819181
vt 0.817556 0.828020
vt 0.790287 0.833444
vt 0.789349 0.824265
vt 0.762483 0.833444
vt 0.763286 0.824265
vt 0.735214 0.828020
vt 0.737725 0.819181
vt 0.709527 0.817380
vt 0.713646 0.809207
vt 0.686409 0.801933
vt 0.691976 0.794728
vt 0.666749 0.782273
vt 0.673547 0.776299
vt 0.651302 0.759155
vt 0.659068 0.754629
vt 0.640662 0.733468
vt 0.649094 0.730550
vt 0.635238 0.706199
vt 0.644010 0.704989
vt 0.635238 0.678395
vt 0.644010 0.678926
vt 0.640662 0.651126
vt 0.649094 0.653365
vt 0.651302 0.625439
vt 0.659068 0.629286
vt 0.666749 0.602321
vt 0.673547 0.607616
vt 0.686409 0.582661
vt 0.691976 0.589188
vt 0.709527 0.567214
vt 0.713646 0.574708
vt 0.735214 0.556574
vt 0.737725 0.564735
vt 0.762483 0.551150
vt 0.763286 0.559650
vt 0.789349 0.559650
vt 0.790287 0.551150
vt 0.814910 0.564735
vt 0.817556 0.556574
vt 0.838989 0.574708
vt 0.843243 0.567214
vt 0.860659 0.589188
vt 0.866361 0.582661
vt 0.879088 0.607616
vt 0.886021 0.602321
vt 0.893567 0.629287
vt 0.901468 0.625439
vt 0.903541 0.653365
vt 0.912108 0.651126
vt 0.908625 0.678927
vt 0.917532 0.678395
vt 0.908625 0.704989
vt 0.917532 0.706199
vt 0.903541 0.730551
vt 0.912108 0.733468
vt 0.893567 0.754629
vt 0.901468 0.759155
vt 0.879087 0.776299
vt 0.886021 0.782273
vt 0.860659 0.794728
vt 0.220160 0.554180
vt 0.099658 0.565221
vt 0.106630 0.529090
vt 0.350668 0.928398
vt 0.385663 0.912082
vt 0.324962 0.928398
vt 0.289967 0.912082
vt 0.195810 0.797276
vt 0.179790 0.888336
vt 0.385917 0.944176
vt 0.290221 0.912862
vt 0.385927 0.913230
vt 0.290231 0.913230
vt 0.385758 0.913230
vt 0.325057 0.929546
vt 0.290063 0.913230
vt 0.324552 0.928233
vt 0.289557 0.911916
vt 0.385253 0.911917
vt 0.077776 0.797520
vt 0.106569 0.717018
vt 0.110477 0.795900
vt 0.419094 0.836013
vt 0.401429 0.734902
vt 0.419347 0.836793
vt 0.401683 0.735682
vt 0.419357 0.891019
vt 0.401693 0.736050
vt 0.419189 0.837161
vt 0.401525 0.798059
vt 0.392977 0.835848
vt 0.418684 0.889706
vt 0.392977 0.889706
vt 0.375313 0.734737
vt 0.401019 0.796746
vt 0.375313 0.796746
vt 0.069997 0.559498
vt 0.076970 0.523366
vt 0.367023 0.626002
vt 0.081512 0.599051
vt 0.082293 0.665881
vt 0.100494 0.693560
vt 0.101305 0.709930
vt 0.122145 0.800926
vt 0.309125 0.731655
vt 0.325226 0.660871
vt 0.050395 0.666254
vt 0.049614 0.599424
vt 0.068604 0.711550
vt 0.379166 0.815377
vt 0.366359 0.730342
vt 0.751085 0.239037
vt 0.018437 0.803502
vt 0.308861 0.625222
vt 0.206923 0.791121
vt 0.207553 0.704666
vt 0.299907 0.734902
vt 0.327029 0.927365
vt 0.309116 0.626002
vt 0.282497 0.836793
vt 0.300171 0.736050
vt 0.308957 0.626370
vt 0.300002 0.736050
vt 0.308451 0.625057
vt 0.299497 0.734737
vt 0.052560 0.952734
vt 0.557964 0.533595
vt 0.021310 0.937407
vt 0.488059 0.063579
vt 0.851024 0.190838
vt 0.036221 0.882920
vt 0.494599 0.276734
vt 0.220160 0.653917
vt 0.350668 0.887463
vt 0.296055 0.802674
vt 0.282243 0.836013
vt 0.296309 0.803453
vt 0.300161 0.735682
vt 0.296319 0.803821
vt 0.282507 0.837160
vt 0.296150 0.803821
vt 0.282338 0.837161
vt 0.295645 0.802508
vt 0.281833 0.835848
vt 0.759651 0.190838
vt 0.759651 0.053126
vt 0.289967 0.943396
vt 0.202446 0.931211
vt 0.290221 0.944176
vt 0.290231 0.944544
vt 0.290063 0.944544
vt 0.289557 0.943231
vt 0.073868 0.718638
vt 0.419094 0.889871
vt 0.401429 0.796911
vt 0.419347 0.890651
vt 0.401683 0.797691
vt 0.419357 0.837161
vt 0.401693 0.798059
vt 0.419189 0.891019
vt 0.401525 0.736050
vt 0.418684 0.835848
vt 0.401019 0.734737
vt 0.309125 0.626370
vt 0.067793 0.695180
vt 0.228492 0.766132
vt 0.243272 0.773513
vt 0.228492 0.773513
vt 0.956618 0.068427
vt 0.956618 0.083729
vt 0.956618 0.099030
vt 0.956618 0.114331
vt 0.956618 0.129633
vt 0.956618 0.144934
vt 0.956618 0.160235
vt 0.956618 0.175537
vt 0.956618 0.190838
vt 0.956618 0.206139
vt 0.956618 0.221440
vt 0.956618 0.236742
vt 0.956618 0.053126
vt 0.256616 0.587695
vt 0.249486 0.570483
vt 0.260306 0.581303
vt 0.262738 0.562833
vt 0.266698 0.577613
vt 0.278039 0.562833
vt 0.274079 0.577613
vt 0.280471 0.581303
vt 0.291290 0.570483
vt 0.298941 0.583735
vt 0.284161 0.587695
vt 0.284161 0.595076
vt 0.298941 0.599036
vt 0.291290 0.612287
vt 0.280471 0.601468
vt 0.274079 0.605158
vt 0.278039 0.619938
vt 0.262738 0.619938
vt 0.266698 0.605158
vt 0.249486 0.612287
vt 0.260306 0.601468
vt 0.241836 0.599036
vt 0.256616 0.595076
vt 0.241836 0.583735
vt 0.150003 0.911632
vt 0.173858 0.918024
vt 0.156395 0.935487
vt 0.228492 0.788274
vt 0.243272 0.795655
vt 0.228492 0.795655
vt 0.228492 0.736609
vt 0.243272 0.743989
vt 0.228492 0.743989
vt 0.228492 0.721847
vt 0.243272 0.729228
vt 0.228492 0.729228
vt 0.228492 0.758751
vt 0.243272 0.766132
vt 0.243272 0.780893
vt 0.243272 0.788274
vt 0.243272 0.736609
vt 0.228492 0.803036
vt 0.243272 0.810416
vt 0.228492 0.810416
vt 0.228492 0.751370
vt 0.243272 0.758751
vt 0.228492 0.780893
vt 0.243272 0.803036
vt 0.243272 0.751370
vt 0.709475 0.020228
vt 0.751086 0.000337
vt 0.751086 0.020228
vt 0.709475 0.239037
vt 0.709475 0.219145
vt 0.751085 0.199254
vt 0.709475 0.199253
vt 0.751085 0.179362
vt 0.709475 0.159470
vt 0.751085 0.159470
vt 0.751085 0.139578
vt 0.709475 0.139578
vt 0.751085 0.119687
vt 0.709475 0.119687
vt 0.751085 0.099795
vt 0.709475 0.099795
vt 0.751085 0.079903
vt 0.709475 0.079903
vt 0.751085 0.060012
vt 0.662410 0.266209
vt 0.645184 0.201918
vt 0.709475 0.060012
vt 0.751085 0.040120
vt 0.709475 0.040120
vt 0.938390 0.053126
vt 0.150003 0.931796
vt 0.146312 0.925404
vt 0.146312 0.918024
vt 0.156395 0.907941
vt 0.163775 0.907941
vt 0.170167 0.911632
vt 0.173858 0.925404
vt 0.170167 0.931796
vt 0.163775 0.935487
vt 0.243272 0.721847
vt 0.709475 0.000336
vt 0.709475 0.179362
vt 0.699529 0.256264
vt 0.682302 0.266209
vt 0.645184 0.256264
vt 0.635238 0.239037
vt 0.635238 0.219145
vt 0.662410 0.191973
vt 0.682302 0.191973
vt 0.699529 0.201918
vt 0.049333 0.393103
vt 0.056719 0.367919
vt 0.057243 0.393467
vt 0.049014 0.367742
vt 0.058216 0.341468
vt 0.050214 0.341489
vt 0.056363 0.315434
vt 0.048549 0.315527
vt 0.056812 0.288256
vt 0.048704 0.288517
vt 0.053956 0.261559
vt 0.046032 0.261886
vt 0.053463 0.233539
vt 0.045241 0.234071
vt 0.049528 0.206077
vt 0.041484 0.206725
vt 0.047846 0.177070
vt 0.039481 0.178037
vt 0.042244 0.148682
vt 0.034042 0.149940
vt 0.038224 0.118329
vt 0.029619 0.120286
vt 0.028899 0.088586
vt 0.020130 0.091446
vt 0.018582 0.057989
vt 0.180339 0.484432
vt 0.200389 0.463003
vt 0.186607 0.488547
vt 0.199605 0.432092
vt 0.192339 0.459952
vt 0.206428 0.405494
vt 0.207244 0.434157
vt 0.209195 0.377809
vt 0.214289 0.406953
vt 0.213208 0.351192
vt 0.216807 0.378743
vt 0.214126 0.323709
vt 0.221057 0.351885
vt 0.216784 0.297118
vt 0.221776 0.324113
vt 0.216582 0.269747
vt 0.224696 0.297386
vt 0.218218 0.243158
vt 0.224315 0.269797
vt 0.216997 0.215890
vt 0.226228 0.243098
vt 0.217544 0.189326
vt 0.224825 0.215629
vt 0.215034 0.162241
vt 0.225652 0.188924
vt 0.213874 0.135800
vt 0.222937 0.161574
vt 0.208829 0.109207
vt 0.222050 0.134794
vt 0.203469 0.083531
vt 0.216702 0.107579
vt 0.191969 0.059762
vt 0.211380 0.080836
vt 0.038478 0.467473
vt 0.033685 0.493445
vt 0.026911 0.489005
vt 0.051199 0.444065
vt 0.046291 0.470494
vt 0.044019 0.442955
vt 0.053886 0.419402
vt 0.046359 0.418638
vt 0.167973 0.137966
vt 0.160215 0.105757
vt 0.169987 0.106548
vt 0.340828 0.188084
vt 0.330506 0.216454
vt 0.331876 0.187947
vt 0.169529 0.167784
vt 0.158204 0.137724
vt 0.339704 0.216743
vt 0.331817 0.245671
vt 0.168727 0.198273
vt 0.160191 0.167626
vt 0.340723 0.245998
vt 0.329767 0.274029
vt 0.170397 0.227292
vt 0.159283 0.198221
vt 0.338930 0.274543
vt 0.330324 0.303213
vt 0.169276 0.256968
vt 0.161321 0.227102
vt 0.339206 0.303762
vt 0.327577 0.331501
vt 0.165183 0.423701
vt 0.158650 0.395956
vt 0.167011 0.396460
vt 0.170358 0.285248
vt 0.160090 0.256773
vt 0.336719 0.332214
vt 0.327561 0.360707
vt 0.167260 0.449749
vt 0.156610 0.423578
vt 0.168619 0.314106
vt 0.161530 0.284878
vt 0.333693 0.389740
vt 0.336426 0.361379
vt 0.172467 0.476584
vt 0.158775 0.450670
vt 0.169061 0.341645
vt 0.159683 0.313716
vt 0.333784 0.418815
vt 0.324539 0.389054
vt 0.179868 0.501131
vt 0.164290 0.478478
vt 0.166835 0.369685
vt 0.160476 0.341108
vt 0.332774 0.447174
vt 0.324877 0.418477
vt 0.345704 0.039273
vt 0.332481 0.068820
vt 0.335382 0.037141
vt 0.158135 0.369184
vt 0.337202 0.475910
vt 0.323464 0.447492
vt 0.342453 0.069975
vt 0.329673 0.099297
vt 0.345704 0.502226
vt 0.328339 0.477886
vt 0.339303 0.099868
vt 0.331184 0.129587
vt 0.171549 0.075379
vt 0.169558 0.040345
vt 0.179868 0.044214
vt 0.340279 0.129776
vt 0.329987 0.158530
vt 0.160811 0.073588
vt 0.339275 0.158705
vt 0.122208 0.205692
vt 0.123136 0.223048
vt 0.124394 0.319278
vt 0.124473 0.335667
vt 0.094039 0.345321
vt 0.091575 0.336125
vt 0.124016 0.263348
vt 0.124518 0.280135
vt 0.090791 0.373249
vt 0.063041 0.365019
vt 0.093187 0.364097
vt 0.063050 0.344329
vt 0.025431 0.058675
vt 0.034882 0.082805
vt 0.124579 0.492912
vt 0.085944 0.477883
vt 0.120880 0.479912
vt 0.153167 0.366055
vt 0.153654 0.344209
vt 0.284971 0.491514
vt 0.338011 0.505703
vt 0.287163 0.521942
vt 0.116481 0.077424
vt 0.117514 0.099246
vt 0.119269 0.145264
vt 0.120497 0.163674
vt 0.093423 0.310040
vt 0.121824 0.309192
vt 0.080586 0.488869
vt 0.051830 0.469042
vt 0.288529 0.380899
vt 0.289873 0.363722
vt 0.284891 0.441480
vt 0.286154 0.422659
vt 0.091310 0.319398
vt 0.062713 0.312212
vt 0.044384 0.120545
vt 0.048767 0.144216
vt 0.293958 0.267009
vt 0.294468 0.250204
vt 0.291912 0.323620
vt 0.292899 0.306779
vt 0.122046 0.446629
vt 0.088026 0.455485
vt 0.086741 0.445265
vt 0.154532 0.310599
vt 0.154589 0.288215
vt 0.091636 0.235013
vt 0.088395 0.225482
vt 0.056788 0.448240
vt 0.127463 0.519765
vt 0.290543 0.092519
vt 0.289969 0.072326
vt 0.293109 0.153048
vt 0.292641 0.135540
vt 0.294368 0.210380
vt 0.294372 0.193449
vt 0.123454 0.374054
vt 0.123234 0.390341
vt 0.058784 0.236201
vt 0.121990 0.429225
vt 0.053480 0.179609
vt 0.056025 0.202191
vt 0.250092 0.064169
vt 0.286956 0.059755
vt 0.154724 0.253691
vt 0.154260 0.230697
vt 0.087978 0.427577
vt 0.088710 0.197639
vt 0.119002 0.195084
vt 0.249599 0.076052
vt 0.215524 0.076103
vt 0.090475 0.389861
vt 0.260283 0.193386
vt 0.260363 0.210602
vt 0.257423 0.136875
vt 0.258379 0.154564
vt 0.252556 0.095964
vt 0.073669 0.514976
vt 0.087042 0.207742
vt 0.060377 0.258030
vt 0.290913 0.015179
vt 0.242449 0.037870
vt 0.233582 0.024876
vt 0.153709 0.195132
vt 0.152942 0.171416
vt 0.151679 0.420572
vt 0.206209 0.055415
vt 0.198494 0.055508
vt 0.151994 0.398978
vt 0.120788 0.400249
vt 0.061882 0.291009
vt 0.259016 0.304525
vt 0.257893 0.321723
vt 0.260625 0.248994
vt 0.260078 0.266126
vt 0.259234 0.126821
vt 0.289845 0.124798
vt 0.152470 0.134410
vt 0.152454 0.109459
vt 0.226673 0.131285
vt 0.249583 0.418440
vt 0.246670 0.437584
vt 0.255515 0.360497
vt 0.253752 0.378056
vt 0.156992 0.476279
vt 0.256458 0.106076
vt 0.154813 0.069077
vt 0.160326 0.042484
vt 0.084004 0.167127
vt 0.081912 0.148324
vt 0.076492 0.104098
vt 0.072573 0.082226
vt 0.228403 0.513091
vt 0.237048 0.485294
vt 0.154006 0.454103
vt 0.119490 0.457566
vt 0.223724 0.109676
vt 0.325461 0.064592
vt 0.262623 0.183804
vt 0.291940 0.183036
vt 0.320481 0.475142
vt 0.318195 0.450976
vt 0.328964 0.039509
vt 0.286007 0.032051
vt 0.230527 0.185808
vt 0.324007 0.126238
vt 0.261221 0.164157
vt 0.319072 0.391933
vt 0.090849 0.281573
vt 0.090055 0.264429
vt 0.324113 0.102592
vt 0.288101 0.104167
vt 0.229639 0.164336
vt 0.122432 0.290433
vt 0.121263 0.233731
vt 0.121125 0.253054
vt 0.118734 0.174918
vt 0.115433 0.111831
vt 0.115812 0.133974
vt 0.114624 0.033729
vt 0.113107 0.063815
vt 0.281567 0.453098
vt 0.281768 0.477292
vt 0.284511 0.411384
vt 0.285166 0.391303
vt 0.322123 0.334359
vt 0.288321 0.353069
vt 0.288744 0.333824
vt 0.324378 0.277004
vt 0.291124 0.296305
vt 0.291055 0.277240
vt 0.325185 0.219577
vt 0.292381 0.239804
vt 0.291744 0.220726
vt 0.324675 0.161791
vt 0.290718 0.163688
vt 0.119608 0.418936
vt 0.122168 0.345666
vt 0.121138 0.364064
vt 0.061812 0.396549
vt 0.090939 0.418227
vt 0.060365 0.416966
vt 0.092547 0.399152
vt 0.262736 0.220137
vt 0.231244 0.240199
vt 0.231384 0.218722
vt 0.263338 0.239578
vt 0.262125 0.275717
vt 0.229832 0.294663
vt 0.230768 0.273137
vt 0.262067 0.295184
vt 0.259650 0.331438
vt 0.226341 0.349346
vt 0.228128 0.327705
vt 0.258942 0.351124
vt 0.255193 0.388103
vt 0.219866 0.404702
vt 0.223033 0.382717
vt 0.253669 0.408668
vt 0.213167 0.439072
vt 0.243700 0.473532
vt 0.206531 0.461756
vt 0.247497 0.448884
vt 0.072950 0.069125
vt 0.066559 0.039417
vt 0.083272 0.137458
vt 0.081278 0.114892
vt 0.087754 0.177017
vt 0.091945 0.254751
vt 0.093689 0.290894
vt 0.056664 0.025195
vt 0.119881 0.015179
vt 0.317968 0.414800
vt 0.320769 0.356954
vt 0.323472 0.299592
vt 0.324868 0.242232
vt 0.324821 0.184658
vt 0.009813 0.061933
vt 0.172648 0.504207
s 1
g off
g LlantaDelanteraDerecha_SpacialRoverExploreralumGray
usemtl SpacialRoverExploreralumGray
f 57/1/1 25/2/1 56/3/2
f 25/2/1 57/1/1 58/4/3
f 25/2/1 24/5/2 56/3/2
f 58/4/3 26/6/3 25/2/1
f 24/5/2 55/7/4 56/3/2
f 58/4/3 59/8/5 26/6/3
f 24/5/2 23/9/4 55/7/4
f 59/8/5 27/10/5 26/6/3
f 59/8/5 60/11/6 27/10/5
f 60/11/6 28/12/6 27/10/5
f 23/9/4 54/13/7 55/7/4
f 54/13/7 23/9/4 22/14/7
f 60/11/6 61/15/8 28/12/6
f 61/15/8 29/16/8 28/12/6
f 54/13/7 22/14/7 53/17/9
f 22/14/7 21/18/9 53/17/9
f 21/18/9 52/19/10 53/17/9
f 61/15/8 62/20/11 29/16/8
f 21/18/9 20/21/10 52/19/10
f 62/20/11 30/22/11 29/16/8
f 62/20/11 63/23/12 30/22/11
f 52/19/10 20/21/10 51/24/13
f 20/21/10 19/25/13 51/24/13
f 30/22/11 63/23/12 31/26/12
f 19/25/13 50/27/14 51/24/13
f 31/26/12 63/23/12 32/28/15
f 19/25/13 18/29/14 50/27/14
f 32/28/15 63/23/12 64/30/15
f 18/29/14 49/31/16 50/27/14
f 49/31/16 18/29/14 17/32/16
f 32/28/15 64/30/15 33/33/17
f 33/33/17 1/34/17 32/28/15
f 33/33/17 34/35/18 1/34/17
f 49/31/16 17/32/16 48/36/19
f 48/36/19 17/32/16 16/37/19
f 1/34/17 34/35/18 2/38/18
f 2/38/18 34/35/18 35/39/20
f 2/38/18 35/39/20 3/40/20
f 48/36/19 16/37/19 47/41/21
f 16/42/19 15/43/21 47/44/21
f 15/43/21 46/45/22 47/44/21
f 3/40/20 35/39/20 36/46/23
f 15/43/21 14/47/22 46/45/22
f 3/40/20 36/46/23 4/48/23
f 46/45/22 14/47/22 45/49/24
f 4/48/23 36/46/23 37/50/25
f 4/48/23 37/50/25 5/51/25
f 45/49/24 14/47/22 13/52/24
f 5/51/25 37/50/25 38/53/26
f 45/49/24 13/52/24 44/54/27
f 5/51/25 38/53/26 6/55/26
f 44/54/27 13/52/24 12/56/27
f 6/55/26 38/53/26 39/57/28
f 44/54/27 12/56/27 43/58/29
f 6/55/26 39/57/28 7/59/28
f 43/58/29 12/56/27 11/60/29
f 7/59/28 39/57/28 40/61/30
f 43/58/29 11/60/29 42/62/31
f 42/62/31 11/60/29 10/63/31
f 7/59/28 40/61/30 8/64/30
f 42/62/31 10/63/31 41/65/32
f 8/64/30 40/61/30 41/65/32
f 41/65/32 10/63/31 9/66/32
f 8/64/30 41/65/32 9/66/32
s 2
f 493/67/33 516/68/34 517/69/33
f 499/70/35 524/71/36 500/72/36
f 490/73/37 503/74/38 514/75/37
f 496/76/39 521/77/40 497/78/40
f 493/67/33 518/79/41 494/80/41
f 489/81/38 524/71/36 503/74/38
f 490/82/37 515/83/42 491/84/42
f 497/78/40 522/85/43 498/86/43
f 495/87/44 518/79/41 519/88/44
f 491/89/42 516/68/34 492/90/34
f 498/86/43 523/91/35 499/70/35
f 495/87/44 520/92/39 496/76/39
s 3
f 163/93/45 141/94/46 164/95/45
f 159/96/47 162/97/48 160/98/47
f 155/99/49 158/100/50 156/101/49
s 4
f 159/102/51 619/103/52 157/104/51
s 3
f 151/105/53 154/106/54 152/107/53
f 147/108/55 150/109/56 148/110/55
f 143/111/57 146/112/58 144/113/57
s 5
f 185/114/24 188/115/59 186/116/59
s 6
f 181/117/60 184/118/61 182/119/61
s 7
f 177/120/62 180/121/63 178/122/63
s 8
f 174/123/64 175/124/8 176/125/64
s 9
f 169/126/65 172/127/66 170/128/66
s 10
f 165/129/67 167/130/68 168/131/67
s 8
f 483/132/69 176/133/64 486/134/69
s 6
f 467/135/70 184/136/61 470/137/70
s 11
f 161/138/71 608/139/72 611/140/72
s 12
f 615/141/73 184/136/73 183/142/73
s 13
f 155/143/74 627/144/75 153/145/74
s 14
f 147/146/76 601/147/77 145/148/76
s 8
f 152/149/78 482/150/79 487/151/79
s 6
f 158/152/80 471/153/81 160/154/80
s 15
f 604/155/73 170/156/73 455/157/73
s 16
f 591/158/82 441/159/82 442/160/82
f 590/161/82 442/160/82 443/162/82
s 14
f 597/163/83 169/126/84 604/164/83
s 17
f 592/165/85 167/130/86 166/166/86
s 10
f 141/167/87 447/168/88 144/169/87
f 443/162/89 445/170/90 448/171/89
s 18
f 597/163/91 172/172/91 171/173/91
f 598/174/91 452/175/91 597/176/91
s 15
f 603/177/73 455/157/73 456/178/73
s 11
f 605/179/92 185/114/93 610/180/92
s 14
f 599/181/94 603/182/95 602/183/94
s 9
f 455/157/96 172/172/66 452/175/96
f 148/184/97 454/185/98 449/186/98
f 450/187/99 456/178/100 451/188/100
s 19
f 610/189/9 186/190/9 463/191/9
f 611/192/9 461/193/9 462/194/9
s 20
f 608/195/25 458/196/25 607/197/25
f 606/198/25 460/199/25 605/200/25
s 11
f 612/201/101 606/202/102 609/203/102
s 5
f 463/191/103 188/204/59 460/199/103
f 162/205/104 457/206/105 164/207/104
f 461/193/106 459/208/107 458/196/106
s 4
f 613/209/108 617/210/109 620/211/108
s 6
f 465/212/110 469/213/111 472/214/110
s 12
f 616/215/73 470/137/73 615/216/73
s 4
f 615/141/112 181/117/113 618/217/112
s 13
f 621/218/114 177/120/115 626/219/114
s 21
f 617/220/91 467/135/91 468/221/91
s 22
f 626/222/116 178/223/116 479/224/116
f 625/225/116 479/224/116 480/226/116
s 23
f 621/218/82 180/227/82 179/228/82
f 622/229/82 476/230/82 621/231/82
s 13
f 623/232/117 625/233/118 628/234/119
s 7
f 479/224/120 180/227/63 476/230/120
f 156/235/121 478/236/122 473/237/122
f 474/238/123 480/226/124 475/239/125
s 24
f 632/240/25 174/241/25 483/132/25
f 631/242/25 483/132/25 484/243/25
s 8
f 481/244/126 485/245/127 488/246/126
s 25
f 632/247/128 175/124/129 173/248/129
f 151/249/130 629/250/131 149/251/130
f 630/252/132 636/253/133 631/254/133
s 3
f 300/255/134 142/256/46 163/93/45
f 299/257/134 277/258/32 300/259/134
f 298/260/135 163/93/45 161/261/48
f 297/262/135 300/259/134 298/263/135
f 296/264/136 161/261/48 159/96/47
s 26
f 287/265/65 306/266/65 288/267/65
s 3
f 294/268/137 159/96/47 157/269/50
f 293/270/137 296/271/136 294/272/137
f 292/273/138 157/269/50 155/99/49
f 291/274/138 294/272/137 292/275/138
f 290/276/139 155/99/49 153/277/54
f 289/278/139 292/275/138 290/279/139
f 288/280/140 153/277/54 151/105/53
s 27
f 281/281/141 301/282/141 279/283/141
s 3
f 149/284/56 288/280/140 151/105/53
f 286/285/142 287/286/140 288/287/140
f 284/288/17 149/284/56 147/108/55
f 284/289/17 285/290/142 286/285/142
f 282/291/143 147/108/55 145/292/58
f 281/293/143 284/289/17 282/294/143
f 280/295/144 145/292/58 143/111/57
s 28
f 298/296/68 311/297/68 297/298/68
s 3
f 277/299/32 143/300/57 142/256/46
f 278/301/32 280/302/144 277/299/32
s 29
f 309/303/82 312/304/82 310/305/82
s 30
f 305/306/91 308/307/91 306/308/91
s 31
f 301/282/25 304/309/25 302/310/25
s 32
f 298/296/145 310/311/145 312/312/145
s 33
f 282/313/8 303/314/8 281/315/8
s 34
f 295/316/141 311/317/141 309/303/141
s 35
f 290/318/145 306/266/145 308/319/145
s 36
f 295/316/62 310/311/62 296/320/62
s 37
f 290/318/60 307/321/60 289/322/60
s 38
f 289/322/141 305/306/141 287/323/141
s 39
f 279/283/24 302/324/24 280/325/24
s 40
f 280/325/145 304/326/145 282/313/145
s 16
f 589/327/82 443/162/82 444/328/82
s 18
f 599/181/91 451/188/91 598/329/91
f 600/330/91 450/187/91 599/331/91
s 15
f 602/332/73 456/178/73 453/333/73
f 601/334/73 453/333/73 454/335/73
s 20
f 607/336/25 459/208/25 606/202/25
s 19
f 612/337/9 464/338/9 461/193/9
f 609/339/9 463/191/9 464/338/9
s 21
f 620/340/91 468/221/91 465/212/91
f 619/341/91 465/212/91 466/342/91
s 12
f 613/209/73 469/213/73 616/343/73
f 614/344/73 472/214/73 613/345/73
s 23
f 623/232/82 475/239/82 622/346/82
f 624/347/82 474/238/82 623/348/82
s 22
f 628/349/116 480/226/116 477/350/116
f 627/351/116 477/350/116 478/236/116
s 24
f 630/352/25 484/243/25 481/244/25
f 629/353/25 481/244/25 482/150/25
s 10
f 443/162/89 447/168/88 444/328/88
f 446/354/146 442/160/90 441/159/146
s 9
f 450/187/99 454/335/98 453/333/99
f 452/175/96 456/178/100 455/157/96
s 5
f 458/196/106 462/194/105 461/193/106
f 460/199/103 464/338/107 463/191/103
s 6
f 472/214/110 466/342/81 465/212/110
f 470/137/70 468/221/111 467/135/70
s 7
f 474/238/123 478/236/122 477/350/123
f 479/224/120 475/239/125 480/226/124
s 8
f 488/246/126 482/150/79 481/244/126
f 486/134/69 484/243/127 483/132/69
s 10
f 441/159/146 168/355/67 446/354/146
s 3
f 500/356/134 278/301/32 299/357/134
f 499/358/147 299/357/134 297/359/135
f 498/360/16 297/359/135 295/361/136
f 497/362/137 295/361/136 293/363/137
f 496/364/138 293/363/137 291/365/138
f 495/366/1 291/365/138 289/367/139
f 494/368/148 289/367/139 287/369/140
f 285/370/142 494/368/148 287/369/140
f 492/371/17 285/370/142 283/372/17
f 491/84/149 283/372/17 281/373/143
f 490/82/150 281/373/143 279/374/144
f 489/375/32 279/376/144 278/301/32
s 41
f 9/377/145 527/378/145 556/379/145
f 23/380/145 555/381/145 22/382/145
f 8/383/145 556/379/145 554/384/145
f 22/382/145 553/385/145 21/386/145
f 7/387/145 554/384/145 552/388/145
f 21/386/145 551/389/145 20/390/145
f 6/391/145 552/388/145 550/392/145
f 19/393/145 551/389/145 549/394/145
f 32/395/145 537/396/145 548/397/145
f 5/398/145 550/392/145 547/399/145
f 19/393/145 546/400/145 18/401/145
f 31/402/145 548/397/145 545/403/145
f 4/404/145 547/399/145 544/405/145
f 18/401/145 543/406/145 17/407/145
f 31/402/145 542/408/145 30/409/145
f 3/410/145 544/405/145 541/411/145
f 17/407/145 540/412/145 16/413/145
f 30/409/145 539/414/145 29/415/145
f 2/416/145 541/411/145 538/417/145
f 16/413/145 536/418/145 15/419/145
f 29/415/145 535/420/145 28/421/145
f 2/416/145 537/396/145 1/422/145
f 14/423/145 536/418/145 534/424/145
f 28/421/145 533/425/145 27/426/145
f 13/427/145 534/424/145 532/428/145
f 27/426/145 531/429/145 26/430/145
f 12/431/145 532/428/145 530/432/145
f 26/430/145 529/433/145 25/434/145
f 11/435/145 530/432/145 528/436/145
f 25/434/145 526/437/145 24/438/145
f 10/439/145 528/436/145 527/378/145
f 24/438/145 525/440/145 23/380/145
s 42
f 34/441/141 588/442/141 557/443/141
f 35/444/141 557/443/141 558/445/141
f 35/444/141 559/446/141 36/447/141
f 36/447/141 560/448/141 37/449/141
f 37/449/141 561/450/141 38/451/141
f 38/451/141 562/452/141 39/453/141
f 39/453/141 563/454/141 40/455/141
f 40/455/141 564/456/141 41/457/141
f 41/457/141 565/458/141 42/459/141
f 42/459/141 566/460/141 43/461/141
f 43/461/141 567/462/141 44/463/141
f 44/463/141 568/464/141 45/465/141
f 45/465/141 569/466/141 46/467/141
f 46/467/141 570/468/141 47/469/141
f 47/469/141 571/470/141 48/471/141
f 48/471/141 572/472/141 49/473/141
f 49/473/141 573/474/141 50/475/141
f 50/475/141 574/476/141 51/477/141
f 51/477/141 575/478/141 52/479/141
f 53/480/141 575/478/141 576/481/141
f 54/482/141 576/481/141 577/483/141
f 55/484/141 577/483/141 578/485/141
f 56/486/141 578/485/141 579/487/141
f 57/488/141 579/487/141 580/489/141
f 58/490/141 580/489/141 581/491/141
f 59/492/141 581/491/141 582/493/141
f 60/494/141 582/493/141 583/495/141
f 61/496/141 583/495/141 584/497/141
f 62/498/141 584/497/141 585/499/141
f 63/500/141 585/499/141 586/501/141
f 64/502/141 586/501/141 587/503/141
f 33/504/141 587/503/141 588/442/141
s 16
f 589/327/82 141/167/82 142/505/82
s 43
f 144/169/116 594/506/116 143/507/116
s 18
f 148/508/91 600/509/91 147/146/91
s 15
f 146/510/73 601/511/73 454/335/73
s 16
f 592/512/82 165/513/82 441/159/82
s 20
f 164/207/25 608/139/25 163/514/25
s 19
f 162/205/9 611/515/9 462/194/9
s 12
f 160/154/73 614/516/73 159/102/73
s 21
f 158/152/91 619/517/91 466/342/91
s 23
f 156/235/82 624/518/82 155/143/82
s 22
f 154/519/116 627/520/116 478/236/116
s 24
f 150/521/25 629/522/25 482/150/25
s 44
f 152/149/9 634/523/9 151/249/9
s 17
f 592/524/85 596/525/151 595/526/85
s 14
f 602/527/94 600/330/77 599/331/94
f 604/528/83 598/174/95 597/176/83
s 11
f 612/529/101 608/195/72 607/197/101
f 610/530/92 606/198/102 605/200/92
s 4
f 613/345/108 619/531/52 614/344/52
f 618/532/112 616/215/109 615/216/112
s 13
f 628/533/119 624/347/75 623/348/117
f 621/231/114 625/534/118 622/229/118
s 25
f 633/535/132 629/536/131 634/537/131
f 635/538/128 631/539/133 636/540/133
s 17
f 143/507/152 589/541/153 142/542/152
s 20
f 605/179/25 188/204/25 187/543/25
s 43
f 594/544/116 448/171/116 593/545/116
f 593/546/116 445/170/116 596/547/116
f 596/525/116 446/354/116 595/526/116
f 595/548/116 168/355/116 167/130/116
s 21
f 618/549/91 182/550/91 467/135/91
s 17
f 594/544/153 590/551/154 589/552/153
f 591/553/151 593/546/154 596/547/151
s 44
f 634/537/9 488/246/9 633/535/9
f 633/554/9 485/245/9 636/253/9
f 636/540/9 486/134/9 635/538/9
f 635/555/9 176/133/9 175/124/9
s 2
f 493/67/33 492/90/34 516/68/34
f 499/70/35 523/91/35 524/71/36
f 490/73/37 489/81/38 503/74/38
f 496/76/39 520/92/39 521/77/40
f 493/67/33 517/69/33 518/79/41
f 489/81/38 500/72/36 524/71/36
f 490/82/37 514/556/37 515/83/42
f 497/78/40 521/77/40 522/85/43
f 495/87/44 494/80/41 518/79/41
f 491/89/42 515/557/42 516/68/34
f 498/86/43 522/85/43 523/91/35
f 495/87/44 519/88/44 520/92/39
s 3
f 163/93/45 142/256/46 141/94/46
f 159/96/47 161/261/48 162/97/48
f 155/99/49 157/269/50 158/100/50
s 4
f 159/102/51 614/516/52 619/103/52
s 3
f 151/105/53 153/277/54 154/106/54
f 147/108/55 149/284/56 150/109/56
f 143/111/57 145/292/58 146/112/58
s 5
f 185/114/24 187/543/24 188/115/59
s 6
f 181/117/60 183/142/60 184/118/61
s 7
f 177/120/62 179/228/62 180/121/63
s 8
f 174/123/64 173/248/8 175/124/8
s 9
f 169/126/65 171/173/65 172/127/66
s 10
f 165/129/67 166/166/68 167/130/68
s 8
f 483/132/69 174/241/64 176/133/64
s 6
f 467/135/70 182/550/61 184/136/61
s 11
f 161/138/71 163/514/71 608/139/72
s 12
f 615/141/73 470/137/73 184/136/73
s 13
f 155/143/74 624/518/75 627/144/75
s 14
f 147/146/76 600/509/77 601/147/77
s 8
f 152/149/78 150/521/78 482/150/79
s 6
f 158/152/80 466/342/81 471/153/81
s 15
f 604/155/73 169/558/73 170/156/73
s 16
f 591/158/82 592/559/82 441/159/82
f 590/161/82 591/560/82 442/160/82
s 14
f 597/163/83 171/173/84 169/126/84
s 17
f 592/165/85 595/548/85 167/130/86
s 10
f 141/167/87 444/328/88 447/168/88
f 443/162/89 442/160/90 445/170/90
s 18
f 597/163/91 452/175/91 172/172/91
f 598/174/91 451/188/91 452/175/91
s 15
f 603/177/73 604/561/73 455/157/73
s 11
f 605/179/92 187/543/93 185/114/93
s 14
f 599/181/94 598/329/95 603/182/95
s 9
f 455/157/96 170/156/66 172/172/66
f 148/184/97 146/562/97 454/185/98
f 450/187/99 453/333/99 456/178/100
s 19
f 610/189/9 185/563/9 186/190/9
f 611/192/9 612/564/9 461/193/9
s 20
f 608/195/25 457/206/25 458/196/25
f 606/198/25 459/208/25 460/199/25
s 11
f 612/201/101 607/336/101 606/202/102
s 5
f 463/191/103 186/190/59 188/204/59
f 162/205/104 462/194/105 457/206/105
f 461/193/106 464/338/107 459/208/107
s 4
f 613/209/108 616/343/109 617/210/109
s 6
f 465/212/110 468/221/111 469/213/111
s 12
f 616/215/73 469/213/73 470/137/73
s 4
f 615/141/112 183/142/113 181/117/113
s 13
f 621/218/114 179/228/115 177/120/115
s 21
f 617/220/91 618/565/91 467/135/91
s 22
f 626/222/116 177/566/116 178/223/116
f 625/225/116 626/567/116 479/224/116
s 23
f 621/218/82 476/230/82 180/227/82
f 622/229/82 475/239/82 476/230/82
s 13
f 623/232/117 622/346/118 625/233/118
s 7
f 479/224/120 178/223/63 180/227/63
f 156/235/121 154/519/121 478/236/122
f 474/238/123 477/350/123 480/226/124
s 24
f 632/240/25 173/568/25 174/241/25
f 631/242/25 632/569/25 483/132/25
s 8
f 481/244/126 484/243/127 485/245/127
s 25
f 632/247/128 635/555/128 175/124/129
f 151/249/130 634/523/131 629/250/131
f 630/252/132 633/554/132 636/253/133
s 3
f 300/255/134 277/299/32 142/256/46
f 299/257/134 278/570/32 277/258/32
f 298/260/135 300/255/134 163/93/45
f 297/262/135 299/257/134 300/259/134
f 296/264/136 298/260/135 161/261/48
s 26
f 287/265/65 305/571/65 306/266/65
s 3
f 294/268/137 296/264/136 159/96/47
f 293/270/137 295/572/136 296/271/136
f 292/273/138 294/268/137 157/269/50
f 291/274/138 293/270/137 294/272/137
f 290/276/139 292/273/138 155/99/49
f 289/278/139 291/274/138 292/275/138
f 288/280/140 290/276/139 153/277/54
s 27
f 281/281/141 303/573/141 301/282/141
s 3
f 149/284/56 286/574/142 288/280/140
f 286/285/142 285/290/142 287/286/140
f 284/288/17 286/574/142 149/284/56
f 284/289/17 283/575/17 285/290/142
f 282/291/143 284/288/17 147/108/55
f 281/293/143 283/575/17 284/289/17
f 280/295/144 282/291/143 145/292/58
s 28
f 298/296/68 312/312/68 311/297/68
s 3
f 277/299/32 280/302/144 143/300/57
f 278/301/32 279/376/144 280/302/144
s 29
f 309/303/82 311/317/82 312/304/82
s 30
f 305/306/91 307/321/91 308/307/91
s 31
f 301/282/25 303/573/25 304/309/25
s 32
f 298/296/145 296/320/145 310/311/145
s 33
f 282/313/8 304/326/8 303/314/8
s 34
f 295/316/141 297/576/141 311/317/141
s 35
f 290/318/145 288/267/145 306/266/145
s 36
f 295/316/62 309/303/62 310/311/62
s 37
f 290/318/60 308/319/60 307/321/60
s 38
f 289/322/141 307/321/141 305/306/141
s 39
f 279/283/24 301/282/24 302/324/24
s 40
f 280/325/145 302/324/145 304/326/145
s 16
f 589/327/82 590/577/82 443/162/82
s 18
f 599/181/91 450/187/91 451/188/91
f 600/330/91 449/578/91 450/187/91
s 15
f 602/332/73 603/579/73 456/178/73
f 601/334/73 602/580/73 453/333/73
s 20
f 607/336/25 458/196/25 459/208/25
s 19
f 612/337/9 609/581/9 464/338/9
f 609/339/9 610/582/9 463/191/9
s 21
f 620/340/91 617/583/91 468/221/91
f 619/341/91 620/584/91 465/212/91
s 12
f 613/209/73 472/214/73 469/213/73
f 614/344/73 471/153/73 472/214/73
s 23
f 623/232/82 474/238/82 475/239/82
f 624/347/82 473/237/82 474/238/82
s 22
f 628/349/116 625/585/116 480/226/116
f 627/351/116 628/586/116 477/350/116
s 24
f 630/352/25 631/587/25 484/243/25
f 629/353/25 630/588/25 481/244/25
s 10
f 443/162/89 448/171/89 447/168/88
f 446/354/146 445/170/90 442/160/90
s 9
f 450/187/99 449/578/98 454/335/98
f 452/175/96 451/188/100 456/178/100
s 5
f 458/196/106 457/206/105 462/194/105
f 460/199/103 459/208/107 464/338/107
s 6
f 472/214/110 471/153/81 466/342/81
f 470/137/70 469/213/111 468/221/111
s 7
f 474/238/123 473/237/122 478/236/122
f 479/224/120 476/230/120 475/239/125
s 8
f 488/246/126 487/151/79 482/150/79
f 486/134/69 485/245/127 484/243/127
s 10
f 441/159/146 165/513/67 168/355/67
s 3
f 500/356/134 489/375/32 278/301/32
f 499/358/147 500/356/134 299/357/134
f 498/360/16 499/358/147 297/359/135
f 497/362/137 498/360/16 295/361/136
f 496/364/138 497/362/137 293/363/137
f 495/366/1 496/364/138 291/365/138
f 494/368/148 495/366/1 289/367/139
f 285/370/142 493/589/142 494/368/148
f 492/371/17 493/589/142 285/370/142
f 491/84/149 492/371/17 283/372/17
f 490/82/150 491/84/149 281/373/143
f 489/375/32 490/590/150 279/376/144
s 41
f 9/377/145 10/439/145 527/378/145
f 23/380/145 525/440/145 555/381/145
f 8/383/145 9/377/145 556/379/145
f 22/382/145 555/381/145 553/385/145
f 7/387/145 8/383/145 554/384/145
f 21/386/145 553/385/145 551/389/145
f 6/391/145 7/387/145 552/388/145
f 19/393/145 20/390/145 551/389/145
f 32/395/145 1/422/145 537/396/145
f 5/398/145 6/391/145 550/392/145
f 19/393/145 549/394/145 546/400/145
f 31/402/145 32/395/145 548/397/145
f 4/404/145 5/398/145 547/399/145
f 18/401/145 546/400/145 543/406/145
f 31/402/145 545/403/145 542/408/145
f 3/410/145 4/404/145 544/405/145
f 17/407/145 543/406/145 540/412/145
f 30/409/145 542/408/145 539/414/145
f 2/416/145 3/410/145 541/411/145
f 16/413/145 540/412/145 536/418/145
f 29/415/145 539/414/145 535/420/145
f 2/416/145 538/417/145 537/396/145
f 14/423/145 15/419/145 536/418/145
f 28/421/145 535/420/145 533/425/145
f 13/427/145 14/423/145 534/424/145
f 27/426/145 533/425/145 531/429/145
f 12/431/145 13/427/145 532/428/145
f 26/430/145 531/429/145 529/433/145
f 11/435/145 12/431/145 530/432/145
f 25/434/145 529/433/145 526/437/145
f 10/439/145 11/435/145 528/436/145
f 24/438/145 526/437/145 525/440/145
s 42
f 34/441/141 33/504/141 588/442/141
f 35/444/141 34/441/141 557/443/141
f 35/444/141 558/445/141 559/446/141
f 36/447/141 559/446/141 560/448/141
f 37/449/141 560/448/141 561/450/141
f 38/451/141 561/450/141 562/452/141
f 39/453/141 562/452/141 563/454/141
f 40/455/141 563/454/141 564/456/141
f 41/457/141 564/456/141 565/458/141
f 42/459/141 565/458/141 566/460/141
f 43/461/141 566/460/141 567/462/141
f 44/463/141 567/462/141 568/464/141
f 45/465/141 568/464/141 569/466/141
f 46/467/141 569/466/141 570/468/141
f 47/469/141 570/468/141 571/470/141
f 48/471/141 571/470/141 572/472/141
f 49/473/141 572/472/141 573/474/141
f 50/475/141 573/474/141 574/476/141
f 51/477/141 574/476/141 575/478/141
f 53/480/141 52/479/141 575/478/141
f 54/482/141 53/480/141 576/481/141
f 55/484/141 54/482/141 577/483/141
f 56/486/141 55/484/141 578/485/141
f 57/488/141 56/486/141 579/487/141
f 58/490/141 57/488/141 580/489/141
f 59/492/141 58/490/141 581/491/141
f 60/494/141 59/492/141 582/493/141
f 61/496/141 60/494/141 583/495/141
f 62/498/141 61/496/141 584/497/141
f 63/500/141 62/498/141 585/499/141
f 64/502/141 63/500/141 586/501/141
f 33/504/141 64/502/141 587/503/141
s 16
f 589/327/82 444/328/82 141/167/82
s 43
f 144/169/116 447/168/116 594/506/116
s 18
f 148/508/91 449/578/91 600/509/91
s 15
f 146/510/73 145/591/73 601/511/73
s 16
f 592/512/82 166/592/82 165/513/82
s 20
f 164/207/25 457/206/25 608/139/25
s 19
f 162/205/9 161/593/9 611/515/9
s 12
f 160/154/73 471/153/73 614/516/73
s 21
f 158/152/91 157/594/91 619/517/91
s 23
f 156/235/82 473/237/82 624/518/82
s 22
f 154/519/116 153/595/116 627/520/116
s 24
f 150/521/25 149/596/25 629/522/25
s 44
f 152/149/9 487/151/9 634/523/9
s 17
f 592/524/85 591/597/151 596/525/151
s 14
f 602/527/94 601/598/77 600/330/77
f 604/528/83 603/599/95 598/174/95
s 11
f 612/529/101 611/600/72 608/195/72
f 610/530/92 609/601/102 606/198/102
s 4
f 613/345/108 620/602/108 619/531/52
f 618/532/112 617/603/109 616/215/109
s 13
f 628/533/119 627/604/75 624/347/75
f 621/231/114 626/605/114 625/534/118
s 25
f 633/535/132 630/606/132 629/536/131
f 635/538/128 632/607/128 631/539/133
s 17
f 143/507/152 594/506/153 589/541/153
s 20
f 605/179/25 460/199/25 188/204/25
s 43
f 594/544/116 447/168/116 448/171/116
f 593/546/116 448/171/116 445/170/116
f 596/525/116 445/170/116 446/354/116
f 595/548/116 446/354/116 168/355/116
s 21
f 618/549/91 181/608/91 182/550/91
s 17
f 594/544/153 593/545/154 590/551/154
f 591/553/151 590/609/154 593/546/154
s 44
f 634/537/9 487/151/9 488/246/9
f 633/554/9 488/246/9 485/245/9
f 636/540/9 485/245/9 486/134/9
f 635/555/9 486/134/9 176/133/9
s 45
g LlantaDelanteraDerecha_SpacialRoverExploreralumGrayDeep
usemtl SpacialRoverExploreralumGrayDeep
f 136/610/150 207/611/32 135/612/32
s 3
f 164/95/45 189/613/32 200/614/134
f 199/615/147 164/95/45 200/614/134
f 160/98/47 199/615/147 198/616/16
f 158/100/50 198/616/16 197/617/137
f 156/101/49 197/617/137 196/618/138
f 154/106/54 196/618/138 195/619/1
f 152/107/53 195/619/1 194/620/148
f 193/621/142 152/107/53 194/620/148
f 192/622/17 150/109/56 193/621/142
f 146/112/58 192/622/17 191/623/149
f 144/113/57 191/623/149 190/624/150
f 141/94/46 190/625/150 189/613/32
s 46
f 129/626/145 190/627/145 130/628/145
f 130/628/145 191/629/145 131/630/145
f 131/630/145 192/631/145 132/632/145
f 133/633/145 192/631/145 193/634/145
f 133/633/145 194/635/145 134/636/145
f 135/637/145 194/635/145 195/638/145
f 135/637/145 196/639/145 136/640/145
f 137/641/145 196/639/145 197/642/145
f 137/641/145 198/643/145 138/644/145
f 138/644/145 199/645/145 139/646/145
f 139/646/145 200/647/145 140/648/145
f 129/626/145 200/647/145 189/649/145
s 47
f 204/650/145 208/651/145 212/652/145
s 45
f 133/653/147 204/654/16 132/655/16
f 140/656/148 211/657/142 139/658/142
f 130/659/138 201/660/1 129/661/1
f 137/662/149 208/663/150 136/610/150
f 133/653/147 206/664/134 205/665/147
f 129/661/1 212/666/148 140/656/148
f 131/667/137 202/668/138 130/669/138
f 138/670/17 209/671/149 137/662/149
f 135/612/32 206/664/134 134/672/134
f 132/655/16 203/673/137 131/667/137
f 139/658/142 210/674/17 138/670/17
s 48
f 502/675/32 514/676/150 503/677/32
f 501/678/150 515/83/149 514/556/150
f 504/679/149 516/680/17 515/83/149
f 505/681/17 517/682/142 516/680/17
f 517/682/142 507/683/148 518/684/148
f 507/683/148 519/685/1 518/684/148
f 508/686/1 520/687/138 519/685/1
f 509/688/138 521/689/137 520/687/138
f 510/690/137 522/691/16 521/689/137
f 511/692/16 523/693/147 522/691/16
s 49
f 512/694/141 508/695/141 504/679/141
s 48
f 512/696/147 524/697/134 523/693/147
f 513/698/134 503/677/32 524/697/134
s 45
f 136/610/150 208/663/150 207/611/32
s 3
f 164/95/45 141/94/46 189/613/32
f 199/615/147 162/97/48 164/95/45
f 160/98/47 162/97/48 199/615/147
f 158/100/50 160/98/47 198/616/16
f 156/101/49 158/100/50 197/617/137
f 154/106/54 156/101/49 196/618/138
f 152/107/53 154/106/54 195/619/1
f 193/621/142 150/109/56 152/107/53
f 192/622/17 148/110/55 150/109/56
f 146/112/58 148/110/55 192/622/17
f 144/113/57 146/112/58 191/623/149
f 141/94/46 144/699/57 190/625/150
s 46
f 129/626/145 189/649/145 190/627/145
f 130/628/145 190/627/145 191/629/145
f 131/630/145 191/629/145 192/631/145
f 133/633/145 132/632/145 192/631/145
f 133/633/145 193/634/145 194/635/145
f 135/637/145 134/636/145 194/635/145
f 135/637/145 195/638/145 196/639/145
f 137/641/145 136/640/145 196/639/145
f 137/641/145 197/642/145 198/643/145
f 138/644/145 198/643/145 199/645/145
f 139/646/145 199/645/145 200/647/145
f 129/626/145 140/648/145 200/647/145
s 47
f 212/652/145 201/700/145 202/701/145
f 202/701/145 203/702/145 204/650/145
f 204/650/145 205/703/145 206/704/145
f 206/704/145 207/705/145 208/651/145
f 208/651/145 209/706/145 210/707/145
f 210/707/145 211/708/145 212/652/145
f 212/652/145 202/701/145 204/650/145
f 204/650/145 206/704/145 208/651/145
f 208/651/145 210/707/145 212/652/145
s 45
f 133/653/147 205/665/147 204/654/16
f 140/656/148 212/666/148 211/657/142
f 130/659/138 202/709/138 201/660/1
f 137/662/149 209/671/149 208/663/150
f 133/653/147 134/672/134 206/664/134
f 129/661/1 201/660/1 212/666/148
f 131/667/137 203/673/137 202/668/138
f 138/670/17 210/674/17 209/671/149
f 135/612/32 207/611/32 206/664/134
f 132/655/16 204/654/16 203/673/137
f 139/658/142 211/657/142 210/674/17
s 48
f 502/675/32 501/710/150 514/676/150
f 501/678/150 504/679/149 515/83/149
f 504/679/149 505/681/17 516/680/17
f 505/681/17 506/711/142 517/682/142
f 517/682/142 506/711/142 507/683/148
f 507/683/148 508/686/1 519/685/1
f 508/686/1 509/688/138 520/687/138
f 509/688/138 510/690/137 521/689/137
f 510/690/137 511/692/16 522/691/16
f 511/692/16 512/696/147 523/693/147
s 49
f 504/679/141 501/678/141 502/712/141
f 502/712/141 513/713/141 512/694/141
f 512/694/141 511/714/141 510/715/141
f 510/715/141 509/716/141 508/695/141
f 508/695/141 507/717/141 506/718/141
f 506/718/141 505/719/141 504/679/141
f 504/679/141 502/712/141 512/694/141
f 512/694/141 510/715/141 508/695/141
f 508/695/141 506/718/141 504/679/141
s 48
f 512/696/147 513/698/134 524/697/134
f 513/698/134 502/675/32 503/677/32
s 42
g LlantaDelanteraDerecha_SpacialRoverExplorerwheels
usemtl SpacialRoverExplorerwheels
f 588/720/141 96/721/155 66/722/156
f 587/723/141 95/724/157 96/721/155
f 586/725/141 94/726/158 95/724/157
f 585/727/141 93/728/159 94/726/158
f 584/729/141 92/730/160 93/728/159
f 583/731/141 91/732/161 92/730/160
f 582/733/141 90/734/162 91/732/161
f 581/735/141 89/736/162 90/734/162
f 580/737/141 88/738/163 89/736/162
f 579/739/141 87/740/163 88/738/163
f 578/741/141 86/742/164 87/740/163
f 577/743/141 85/744/165 86/742/164
f 576/745/141 84/746/166 85/747/165
f 574/748/141 84/746/166 575/749/141
f 573/750/141 83/751/166 574/748/141
f 572/752/141 82/753/167 573/750/141
f 571/754/141 81/755/167 572/752/141
f 570/756/141 80/757/168 571/754/141
f 569/758/141 79/759/168 570/756/141
f 568/760/141 78/761/169 569/758/141
f 567/762/141 77/763/169 568/760/141
f 566/764/141 76/765/170 567/762/141
f 565/766/141 75/767/171 566/764/141
f 564/768/141 74/769/172 565/766/141
f 563/770/141 73/771/173 564/768/141
f 562/772/141 72/773/174 563/770/141
f 561/774/141 71/775/175 562/772/141
f 560/776/141 70/777/176 561/774/141
f 559/778/141 69/779/176 560/780/141
f 559/778/141 67/781/177 68/782/177
f 558/783/141 65/784/156 67/781/177
f 557/785/141 66/722/156 65/784/156
s 41
f 526/786/145 119/787/178 525/788/145
f 527/789/145 107/790/179 106/791/180
f 529/792/145 120/793/178 526/786/145
f 528/794/145 108/795/181 107/790/179
f 531/796/145 121/797/182 529/792/145
f 530/798/145 109/799/183 108/795/181
f 533/800/145 122/801/182 531/796/145
f 532/802/145 110/803/184 109/799/183
f 535/804/145 123/805/185 533/800/145
f 534/806/145 111/807/186 110/803/184
f 538/808/145 97/809/187 537/810/145
f 539/811/145 124/812/188 535/804/145
f 536/813/145 112/814/186 111/807/186
f 541/815/145 98/816/187 538/808/145
f 542/817/145 125/818/189 539/811/145
f 543/819/145 112/814/186 540/820/145
f 544/821/145 99/822/190 541/815/145
f 545/823/145 126/824/191 542/817/145
f 546/825/145 113/826/192 543/819/145
f 547/827/145 100/828/190 544/821/145
f 548/829/145 127/830/193 545/823/145
f 549/831/145 114/832/194 546/825/145
f 547/833/145 102/834/195 101/835/195
f 537/810/145 128/836/196 548/829/145
f 551/837/145 115/838/197 549/831/145
f 550/839/145 103/840/198 102/834/195
f 553/841/145 116/842/197 551/837/145
f 552/843/145 104/844/199 103/840/198
f 555/845/145 117/846/200 553/847/145
f 554/848/145 105/849/201 104/844/199
f 525/788/145 118/850/200 555/845/145
f 556/851/145 106/791/180 105/849/201
s 50
f 214/852/202 123/805/203 216/853/204
s 51
f 218/854/205 127/830/206 220/855/207
s 52
f 220/855/208 412/856/209 219/857/210
s 53
f 224/858/211 125/818/212 222/859/213
s 54
f 271/860/214 314/861/215 438/862/216
s 52
f 219/857/210 313/863/217 95/724/218
s 42
f 86/742/164 323/864/219 324/865/220
s 55
f 270/866/221 437/867/222 405/868/221
s 41
f 127/830/193 375/869/223 376/870/223
s 56
f 238/871/224 117/872/225 232/873/226
s 57
f 234/874/227 119/787/228 228/875/229
s 58
f 230/876/230 121/797/231 226/877/232
s 59
f 218/854/233 411/878/234 379/879/235
s 55
f 269/880/222 342/881/236 437/867/222
s 60
f 112/814/237 240/882/238 246/883/239
s 61
f 114/832/240 236/884/241 242/885/242
s 59
f 217/886/243 316/887/244 411/878/234
s 42
f 88/738/163 321/888/245 322/889/246
s 62
f 108/795/247 248/890/248 254/891/249
s 63
f 110/803/250 244/892/251 250/893/252
s 64
f 268/894/253 436/895/254 267/896/255
s 41
f 125/818/189 373/897/256 374/898/256
s 65
f 216/853/257 410/899/258 215/900/259
s 64
f 267/896/255 341/901/260 67/781/260
s 66
f 100/828/261 264/902/262 270/866/263
s 67
f 102/834/264 260/903/265 266/904/266
s 68
f 104/844/267 256/905/268 262/906/269
s 69
f 106/791/270 252/907/271 258/908/272
s 70
f 272/909/273 97/809/274 274/910/275
s 65
f 215/900/259 317/911/276 91/732/277
s 71
f 276/912/278 99/822/279 268/894/280
s 42
f 90/734/162 319/913/281 320/914/281
s 72
f 266/904/282 435/915/283 403/916/284
s 41
f 123/805/185 371/917/285 372/918/285
s 71
f 65/784/286 267/896/287 67/781/286
f 275/919/288 268/894/280 267/896/287
s 73
f 214/852/289 409/920/290 377/921/291
s 72
f 265/922/292 340/923/293 435/915/283
s 70
f 96/721/294 273/924/295 66/722/294
f 271/860/296 274/910/275 273/924/295
s 69
f 257/925/297 75/767/298 74/769/298
f 258/908/272 251/926/299 257/925/297
s 68
f 261/927/300 73/771/301 72/773/301
f 262/906/269 255/928/302 261/927/300
s 67
f 265/922/303 71/775/304 70/777/304
f 266/904/266 259/929/305 265/922/303
s 66
f 269/880/306 69/779/307 68/782/307
f 270/866/263 263/930/308 269/880/306
s 73
f 213/931/309 320/914/310 409/920/290
s 42
f 92/730/160 317/911/311 318/932/311
s 74
f 264/933/312 434/934/313 263/935/314
s 41
f 121/797/182 369/936/315 370/937/315
s 75
f 276/912/316 345/938/317 98/816/318
s 74
f 263/935/314 339/939/319 69/940/320
s 76
f 274/910/321 346/941/322 407/942/321
s 42
f 94/726/158 315/943/323 316/887/323
s 63
f 249/944/324 79/759/325 78/761/325
f 250/893/252 243/945/326 249/944/324
s 62
f 253/946/327 77/763/328 76/765/329
f 254/891/249 247/947/330 253/946/327
s 77
f 262/906/331 433/948/332 401/949/331
s 41
f 119/787/178 367/950/333 368/951/333
s 54
f 272/909/334 375/869/335 128/836/336
s 77
f 261/927/337 338/952/338 433/948/332
s 61
f 241/953/339 83/751/340 82/753/340
f 242/885/242 235/954/341 241/953/339
s 60
f 245/955/342 81/755/343 80/757/343
f 246/883/239 239/956/344 245/955/342
s 55
f 270/866/221 347/957/345 100/828/345
s 42
f 96/721/155 313/863/346 314/861/346
s 78
f 260/903/347 432/958/348 259/929/349
s 41
f 117/846/200 365/959/350 366/960/350
s 58
f 88/738/351 225/961/352 89/736/351
f 229/962/353 226/877/232 225/961/352
s 57
f 86/742/354 227/963/355 87/740/354
f 233/964/356 228/875/229 227/963/355
s 56
f 84/746/357 231/965/358 85/747/357
f 237/966/359 232/873/226 231/965/358
s 64
f 268/894/253 348/967/360 404/968/253
s 78
f 259/929/349 337/969/361 71/775/362
s 72
f 266/904/282 349/970/363 102/834/364
s 79
f 258/908/365 431/971/366 399/972/367
s 41
f 115/838/197 363/973/368 364/974/368
s 74
f 264/933/312 350/975/369 402/976/312
s 79
f 257/925/370 336/977/371 431/971/366
s 77
f 262/906/331 351/978/372 104/844/373
s 80
f 256/905/374 430/979/375 255/928/376
s 41
f 114/832/194 362/980/377 113/826/192
s 53
f 92/730/378 221/981/379 93/728/378
f 223/982/380 222/859/213 221/981/379
s 78
f 260/903/347 352/983/381 400/984/347
s 80
f 255/928/376 335/985/382 73/771/383
s 51
f 94/726/384 219/857/385 95/724/384
f 217/886/386 220/855/207 219/857/385
s 50
f 90/734/387 215/900/388 91/732/387
f 213/931/389 216/853/204 215/900/388
s 81
f 381/986/390 373/897/391 379/879/392
s 82
f 378/987/393 371/917/394 382/988/395
s 83
f 383/989/396 369/936/397 377/921/398
s 84
f 384/990/399 367/950/400 385/991/401
s 85
f 386/992/402 365/959/403 387/993/404
s 86
f 388/994/405 363/973/406 389/995/405
s 87
f 362/980/407 391/996/408 390/997/409
s 88
f 360/998/410 393/999/411 392/1000/412
s 89
f 358/1001/413 395/1002/414 394/1003/415
s 90
f 356/1004/416 397/1005/417 396/1006/418
s 91
f 354/1007/419 399/972/420 398/1008/421
s 92
f 352/983/422 401/949/423 400/984/424
s 93
f 350/975/425 403/916/426 402/976/427
s 94
f 348/967/428 405/868/429 404/968/429
s 95
f 407/942/430 345/938/431 408/1009/432
s 96
f 380/1010/433 375/869/434 406/1011/435
f 313/863/436 438/862/437 314/861/436
f 412/856/438 406/1011/435 438/862/437
s 95
f 343/1012/439 440/1013/440 344/1014/439
f 439/1015/441 408/1009/432 440/1013/440
s 94
f 436/895/442 342/881/443 341/901/443
f 404/968/429 437/867/442 436/895/442
s 93
f 434/934/444 340/923/445 339/939/445
f 402/976/427 435/915/446 434/934/444
s 92
f 432/958/447 338/952/448 337/969/448
f 400/984/424 433/948/449 432/958/447
s 91
f 430/979/450 336/977/451 335/985/451
f 398/1008/421 431/971/452 430/979/450
s 90
f 428/1016/453 334/1017/454 333/1018/454
f 396/1006/418 429/1019/455 428/1016/453
s 89
f 426/1020/456 332/1021/457 331/1022/457
f 394/1003/415 427/1023/458 426/1020/456
s 88
f 424/1024/459 330/1025/460 329/1026/460
f 392/1000/412 425/1027/461 424/1024/459
s 87
f 422/1028/462 328/1029/463 327/1030/463
f 390/997/409 423/1031/464 422/1028/462
s 86
f 325/1032/465 421/1033/466 326/1034/465
f 388/994/405 421/1033/466 420/1035/466
s 85
f 323/864/467 419/1036/468 324/865/467
f 418/1037/469 387/993/404 419/1036/468
s 84
f 321/888/470 417/1038/471 322/889/470
f 416/1039/472 385/991/401 417/1038/471
s 83
f 319/913/473 409/920/474 320/914/473
f 415/1040/475 377/921/398 409/920/474
s 82
f 317/911/476 414/1041/477 318/932/476
f 410/899/478 382/988/395 414/1041/477
s 81
f 315/943/479 411/878/480 316/887/479
f 413/1042/481 379/879/392 411/878/480
s 54
f 272/909/334 438/862/216 406/1011/334
s 42
f 83/751/166 326/1034/482 84/746/166
s 97
f 221/981/483 315/943/484 93/728/485
s 76
f 273/924/486 343/1012/487 66/722/488
s 97
f 222/859/489 413/1042/490 221/981/483
s 76
f 274/910/321 439/1015/491 273/924/486
s 42
f 81/755/167 328/1029/492 82/753/167
s 98
f 223/982/493 318/932/494 414/1041/495
s 75
f 275/919/496 344/1014/497 440/1013/498
s 98
f 224/858/499 414/1041/495 382/988/499
s 75
f 276/912/316 440/1013/498 408/1009/500
s 42
f 79/759/168 330/1025/501 80/757/168
s 99
f 225/961/502 319/913/503 89/736/504
f 226/877/505 415/1040/506 225/961/502
s 42
f 77/763/169 332/1021/507 78/761/169
s 100
f 227/963/508 321/888/509 87/740/510
f 228/875/511 416/1039/512 227/963/508
s 42
f 75/767/171 334/1017/513 76/765/170
s 101
f 229/962/514 322/889/515 417/1038/516
f 230/876/517 417/1038/516 385/991/517
s 42
f 73/771/173 336/977/518 74/769/172
s 102
f 231/1043/519 323/864/520 85/744/521
f 232/1044/522 418/1037/523 231/1043/519
s 73
f 214/852/289 369/936/524 122/801/525
s 42
f 71/775/175 338/952/526 72/773/174
s 103
f 233/964/527 324/865/528 419/1036/529
s 65
f 216/853/257 372/918/530 378/987/531
s 103
f 234/874/532 419/1036/529 387/993/533
s 59
f 218/854/233 373/897/534 126/824/535
s 42
f 69/940/176 340/923/536 70/777/176
s 104
f 235/954/537 325/1032/538 83/751/538
s 52
f 220/855/208 376/870/539 380/1010/540
s 104
f 236/884/541 420/1035/537 235/954/537
s 97
f 222/859/489 374/898/542 381/986/543
s 42
f 68/782/177 341/901/544 342/881/544
s 105
f 237/966/545 326/1034/546 421/1033/545
s 98
f 224/858/499 371/917/547 124/812/548
s 105
f 238/871/549 421/1033/545 389/995/549
s 99
f 226/877/505 370/937/550 383/989/551
s 42
f 65/784/156 343/1012/552 344/1014/552
s 106
f 239/956/553 327/1030/554 81/755/555
s 100
f 228/875/511 368/951/556 384/990/557
s 41
f 97/809/187 345/938/558 346/941/559
s 106
f 240/882/560 422/1028/561 239/956/553
s 101
f 230/876/517 367/950/562 120/793/563
s 107
f 241/953/564 328/1029/565 423/1031/566
s 102
f 232/1044/522 366/960/567 386/992/568
s 41
f 100/828/190 348/967/569 99/822/190
s 107
f 242/885/570 423/1031/566 391/996/571
s 103
f 234/874/532 365/959/572 118/850/573
s 108
f 243/945/574 329/1026/575 79/759/576
s 104
f 236/884/541 364/974/577 388/994/578
s 41
f 102/834/195 350/975/579 101/835/195
s 108
f 244/892/580 424/1024/581 243/945/574
s 105
f 238/871/549 363/973/582 116/842/583
s 109
f 245/955/584 330/1025/585 425/1027/586
s 106
f 240/882/560 362/980/587 390/997/560
s 41
f 104/844/199 352/983/588 103/840/198
s 109
f 246/883/589 425/1027/586 393/999/589
s 107
f 242/885/570 361/1045/590 114/832/591
s 110
f 247/947/592 331/1022/593 77/763/594
s 108
f 244/892/580 360/998/595 392/1000/580
s 41
f 106/791/180 354/1007/596 105/849/201
s 110
f 248/890/597 426/1020/598 247/947/592
s 109
f 246/883/589 359/1046/599 112/814/600
s 111
f 249/944/601 332/1021/602 427/1023/603
s 110
f 248/890/597 358/1001/604 394/1003/605
s 41
f 108/795/181 356/1004/606 107/790/179
s 111
f 250/893/607 427/1023/603 395/1002/608
f 250/893/607 357/1047/609 110/803/610
s 112
f 251/926/611 333/1018/612 75/767/613
f 252/907/614 356/1004/615 396/1006/616
s 41
f 110/803/184 358/1001/617 109/799/183
s 112
f 252/907/614 428/1016/618 251/926/611
s 113
f 254/891/619 355/1048/620 108/795/621
f 253/946/622 334/1017/623 429/1019/624
s 80
f 256/905/374 354/1007/625 398/1008/626
s 41
f 112/814/186 360/998/627 111/807/186
s 113
f 254/891/619 429/1019/624 397/1005/628
s 79
f 258/908/365 353/1049/629 106/791/630
s 42
f 588/720/141 587/723/141 96/721/155
f 587/723/141 586/725/141 95/724/157
f 586/725/141 585/727/141 94/726/158
f 585/727/141 584/729/141 93/728/159
f 584/729/141 583/731/141 92/730/160
f 583/731/141 582/733/141 91/732/161
f 582/733/141 581/735/141 90/734/162
f 581/735/141 580/737/141 89/736/162
f 580/737/141 579/739/141 88/738/163
f 579/739/141 578/741/141 87/740/163
f 578/741/141 577/743/141 86/742/164
f 577/743/141 576/1050/141 85/744/165
f 576/745/141 575/749/141 84/746/166
f 574/748/141 83/751/166 84/746/166
f 573/750/141 82/753/167 83/751/166
f 572/752/141 81/755/167 82/753/167
f 571/754/141 80/757/168 81/755/167
f 570/756/141 79/759/168 80/757/168
f 569/758/141 78/761/169 79/759/168
f 568/760/141 77/763/169 78/761/169
f 567/762/141 76/765/170 77/763/169
f 566/764/141 75/767/171 76/765/170
f 565/766/141 74/769/172 75/767/171
f 564/768/141 73/771/173 74/769/172
f 563/770/141 72/773/174 73/771/173
f 562/772/141 71/775/175 72/773/174
f 561/774/141 70/777/176 71/775/175
f 560/776/141 69/940/176 70/777/176
f 559/778/141 68/782/177 69/779/176
f 559/778/141 558/783/141 67/781/177
f 558/783/141 557/785/141 65/784/156
f 557/785/141 588/720/141 66/722/156
s 41
f 526/786/145 120/793/178 119/787/178
f 527/789/145 528/794/145 107/790/179
f 529/792/145 121/797/182 120/793/178
f 528/794/145 530/798/145 108/795/181
f 531/796/145 122/801/182 121/797/182
f 530/798/145 532/802/145 109/799/183
f 533/800/145 123/805/185 122/801/182
f 532/802/145 534/806/145 110/803/184
f 535/804/145 124/812/188 123/805/185
f 534/806/145 536/813/145 111/807/186
f 538/808/145 98/816/187 97/809/187
f 539/811/145 125/818/189 124/812/188
f 536/813/145 540/820/145 112/814/186
f 541/815/145 99/822/190 98/816/187
f 542/817/145 126/824/191 125/818/189
f 543/819/145 113/826/192 112/814/186
f 544/821/145 100/828/190 99/822/190
f 545/823/145 127/830/193 126/824/191
f 546/825/145 114/832/194 113/826/192
f 547/827/145 101/1051/195 100/828/190
f 548/829/145 128/836/196 127/830/193
f 549/831/145 115/838/197 114/832/194
f 547/833/145 550/839/145 102/834/195
f 537/810/145 97/809/187 128/836/196
f 551/837/145 116/842/197 115/838/197
f 550/839/145 552/843/145 103/840/198
f 553/841/145 117/872/200 116/842/197
f 552/843/145 554/848/145 104/844/199
f 555/845/145 118/850/200 117/846/200
f 554/848/145 556/851/145 105/849/201
f 525/788/145 119/787/178 118/850/200
f 556/851/145 527/789/145 106/791/180
s 50
f 214/852/202 122/801/203 123/805/203
s 51
f 218/854/205 126/824/206 127/830/206
s 52
f 220/855/208 380/1010/540 412/856/209
s 53
f 224/858/211 124/812/212 125/818/212
s 54
f 271/860/214 96/721/631 314/861/215
s 52
f 219/857/210 412/856/209 313/863/217
s 42
f 86/742/164 85/744/165 323/864/219
s 55
f 270/866/221 269/880/222 437/867/222
s 41
f 127/830/193 128/836/196 375/869/223
s 56
f 238/871/224 116/842/632 117/872/225
s 57
f 234/874/227 118/850/228 119/787/228
s 58
f 230/876/230 120/793/231 121/797/231
s 59
f 218/854/233 217/886/243 411/878/234
s 55
f 269/880/222 68/782/236 342/881/236
s 60
f 112/814/237 113/826/237 240/882/238
s 61
f 114/832/240 115/838/240 236/884/241
s 59
f 217/886/243 94/726/633 316/887/244
s 42
f 88/738/163 87/740/163 321/888/245
s 62
f 108/795/247 109/799/247 248/890/248
s 63
f 110/803/250 111/807/250 244/892/251
s 64
f 268/894/253 404/968/253 436/895/254
s 41
f 125/818/189 126/824/191 373/897/256
s 65
f 216/853/257 378/987/531 410/899/258
s 64
f 267/896/255 436/895/254 341/901/260
s 66
f 100/828/261 101/1051/261 264/902/262
s 67
f 102/834/264 103/840/264 260/903/265
s 68
f 104/844/267 105/849/267 256/905/268
s 69
f 106/791/270 107/790/270 252/907/271
s 70
f 272/909/273 128/836/274 97/809/274
s 65
f 215/900/259 410/899/258 317/911/276
s 71
f 276/912/278 98/816/279 99/822/279
s 42
f 90/734/162 89/736/162 319/913/281
s 72
f 266/904/282 265/922/292 435/915/283
s 41
f 123/805/185 124/812/188 371/917/285
s 71
f 65/784/286 275/919/288 267/896/287
f 275/919/288 276/912/278 268/894/280
s 73
f 214/852/289 213/931/309 409/920/290
s 72
f 265/922/292 70/777/634 340/923/293
s 70
f 96/721/294 271/860/296 273/924/295
f 271/860/296 272/909/273 274/910/275
s 69
f 257/925/297 251/926/299 75/767/298
f 258/908/272 252/907/271 251/926/299
s 68
f 261/927/300 255/928/302 73/771/301
f 262/906/269 256/905/268 255/928/302
s 67
f 265/922/303 259/929/305 71/775/304
f 266/904/266 260/903/265 259/929/305
s 66
f 269/880/306 263/930/308 69/779/307
f 270/866/263 264/902/262 263/930/308
s 73
f 213/931/309 90/734/635 320/914/310
s 42
f 92/730/160 91/732/161 317/911/311
s 74
f 264/933/312 402/976/312 434/934/313
s 41
f 121/797/182 122/801/182 369/936/315
s 75
f 276/912/316 408/1009/500 345/938/317
s 74
f 263/935/314 434/934/313 339/939/319
s 76
f 274/910/321 97/809/636 346/941/322
s 42
f 94/726/158 93/728/159 315/943/323
s 63
f 249/944/324 243/945/326 79/759/325
f 250/893/252 244/892/251 243/945/326
s 62
f 253/946/327 247/947/330 77/763/328
f 254/891/249 248/890/248 247/947/330
s 77
f 262/906/331 261/927/337 433/948/332
s 41
f 119/787/178 120/793/178 367/950/333
s 54
f 272/909/334 406/1011/334 375/869/335
s 77
f 261/927/337 72/773/637 338/952/338
s 61
f 241/953/339 235/954/341 83/751/340
f 242/885/242 236/884/241 235/954/341
s 60
f 245/955/342 239/956/344 81/755/343
f 246/883/239 240/882/238 239/956/344
s 55
f 270/866/221 405/868/221 347/957/345
s 42
f 96/721/155 95/724/157 313/863/346
s 78
f 260/903/347 400/984/347 432/958/348
s 41
f 117/846/200 118/850/200 365/959/350
s 58
f 88/738/351 229/962/353 225/961/352
f 229/962/353 230/876/230 226/877/232
s 57
f 86/742/354 233/964/356 227/963/355
f 233/964/356 234/874/227 228/875/229
s 56
f 84/746/357 237/966/359 231/965/358
f 237/966/359 238/871/224 232/873/226
s 64
f 268/894/253 99/822/360 348/967/360
s 78
f 259/929/349 432/958/348 337/969/361
s 72
f 266/904/282 403/916/284 349/970/363
s 79
f 258/908/365 257/925/370 431/971/366
s 41
f 115/838/197 116/842/197 363/973/368
s 74
f 264/933/312 101/835/638 350/975/369
s 79
f 257/925/370 74/769/639 336/977/371
s 77
f 262/906/331 401/949/331 351/978/372
s 80
f 256/905/374 398/1008/626 430/979/375
s 41
f 114/832/194 361/1045/377 362/980/377
s 53
f 92/730/378 223/982/380 221/981/379
f 223/982/380 224/858/211 222/859/213
s 78
f 260/903/347 103/840/640 352/983/381
s 80
f 255/928/376 430/979/375 335/985/382
s 51
f 94/726/384 217/886/386 219/857/385
f 217/886/386 218/854/205 220/855/207
s 50
f 90/734/387 213/931/389 215/900/388
f 213/931/389 214/852/202 216/853/204
s 81
f 381/986/390 374/898/391 373/897/391
s 82
f 378/987/393 372/918/394 371/917/394
s 83
f 383/989/396 370/937/397 369/936/397
s 84
f 384/990/399 368/951/400 367/950/400
s 85
f 386/992/402 366/960/403 365/959/403
s 86
f 388/994/405 364/974/406 363/973/406
s 87
f 362/980/407 361/1045/407 391/996/408
s 88
f 360/998/410 359/1046/410 393/999/411
s 89
f 358/1001/413 357/1047/413 395/1002/414
s 90
f 356/1004/416 355/1048/416 397/1005/417
s 91
f 354/1007/419 353/1049/419 399/972/420
s 92
f 352/983/422 351/978/422 401/949/423
s 93
f 350/975/425 349/970/425 403/916/426
s 94
f 348/967/428 347/957/428 405/868/429
s 95
f 407/942/430 346/941/431 345/938/431
s 96
f 380/1010/433 376/870/434 375/869/434
f 313/863/436 412/856/438 438/862/437
f 412/856/438 380/1010/433 406/1011/435
s 95
f 343/1012/439 439/1015/441 440/1013/440
f 439/1015/441 407/942/430 408/1009/432
s 94
f 436/895/442 437/867/442 342/881/443
f 404/968/429 405/868/429 437/867/442
s 93
f 434/934/444 435/915/446 340/923/445
f 402/976/427 403/916/426 435/915/446
s 92
f 432/958/447 433/948/449 338/952/448
f 400/984/424 401/949/423 433/948/449
s 91
f 430/979/450 431/971/452 336/977/451
f 398/1008/421 399/972/420 431/971/452
s 90
f 428/1016/453 429/1019/455 334/1017/454
f 396/1006/418 397/1005/417 429/1019/455
s 89
f 426/1020/456 427/1023/458 332/1021/457
f 394/1003/415 395/1002/414 427/1023/458
s 88
f 424/1024/459 425/1027/461 330/1025/460
f 392/1000/412 393/999/411 425/1027/461
s 87
f 422/1028/462 423/1031/464 328/1029/463
f 390/997/409 391/996/408 423/1031/464
s 86
f 325/1032/465 420/1035/466 421/1033/466
f 388/994/405 389/995/405 421/1033/466
s 85
f 323/864/467 418/1037/469 419/1036/468
f 418/1037/469 386/992/402 387/993/404
s 84
f 321/888/470 416/1039/472 417/1038/471
f 416/1039/472 384/990/399 385/991/401
s 83
f 319/913/473 415/1040/475 409/920/474
f 415/1040/475 383/989/396 377/921/398
s 82
f 317/911/476 410/899/478 414/1041/477
f 410/899/478 378/987/393 382/988/395
s 81
f 315/943/479 413/1042/481 411/878/480
f 413/1042/481 381/986/390 379/879/392
s 54
f 272/909/334 271/860/214 438/862/216
s 42
f 83/751/166 325/1032/482 326/1034/482
s 97
f 221/981/483 413/1042/490 315/943/484
s 76
f 273/924/486 439/1015/491 343/1012/487
s 97
f 222/859/489 381/986/543 413/1042/490
s 76
f 274/910/321 407/942/321 439/1015/491
s 42
f 81/755/167 327/1030/492 328/1029/492
s 98
f 223/982/493 92/730/641 318/932/494
s 75
f 275/919/496 65/784/642 344/1014/497
s 98
f 224/858/499 223/982/493 414/1041/495
s 75
f 276/912/316 275/919/496 440/1013/498
s 42
f 79/759/168 329/1026/501 330/1025/501
s 99
f 225/961/502 415/1040/506 319/913/503
f 226/877/505 383/989/551 415/1040/506
s 42
f 77/763/169 331/1022/507 332/1021/507
s 100
f 227/963/508 416/1039/512 321/888/509
f 228/875/511 384/990/557 416/1039/512
s 42
f 75/767/171 333/1018/513 334/1017/513
s 101
f 229/962/514 88/738/643 322/889/515
f 230/876/517 229/962/514 417/1038/516
s 42
f 73/771/173 335/985/518 336/977/518
s 102
f 231/1043/519 418/1037/523 323/864/520
f 232/1044/522 386/992/568 418/1037/523
s 73
f 214/852/289 377/921/291 369/936/524
s 42
f 71/775/175 337/969/526 338/952/526
s 103
f 233/964/527 86/742/644 324/865/528
s 65
f 216/853/257 123/805/645 372/918/530
s 103
f 234/874/532 233/964/527 419/1036/529
s 59
f 218/854/233 379/879/235 373/897/534
s 42
f 69/940/176 339/939/536 340/923/536
s 104
f 235/954/537 420/1035/537 325/1032/538
s 52
f 220/855/208 127/830/646 376/870/539
s 104
f 236/884/541 388/994/578 420/1035/537
s 97
f 222/859/489 125/818/647 374/898/542
s 42
f 68/782/177 67/781/177 341/901/544
s 105
f 237/966/545 84/746/546 326/1034/546
s 98
f 224/858/499 382/988/499 371/917/547
s 105
f 238/871/549 237/966/545 421/1033/545
s 99
f 226/877/505 121/797/648 370/937/550
s 42
f 65/784/156 66/722/156 343/1012/552
s 106
f 239/956/553 422/1028/561 327/1030/554
s 100
f 228/875/511 119/787/649 368/951/556
s 41
f 97/809/187 98/816/187 345/938/558
s 106
f 240/882/560 390/997/560 422/1028/561
s 101
f 230/876/517 385/991/517 367/950/562
s 107
f 241/953/564 82/753/650 328/1029/565
s 102
f 232/1044/522 117/846/651 366/960/567
s 41
f 100/828/190 347/957/569 348/967/569
s 107
f 242/885/570 241/953/564 423/1031/566
s 103
f 234/874/532 387/993/533 365/959/572
s 108
f 243/945/574 424/1024/581 329/1026/575
s 104
f 236/884/541 115/838/577 364/974/577
s 41
f 102/834/195 349/970/579 350/975/579
s 108
f 244/892/580 392/1000/580 424/1024/581
s 105
f 238/871/549 389/995/549 363/973/582
s 109
f 245/955/584 80/757/652 330/1025/585
s 106
f 240/882/560 113/826/653 362/980/587
s 41
f 104/844/199 351/978/588 352/983/588
s 109
f 246/883/589 245/955/584 425/1027/586
s 107
f 242/885/570 391/996/571 361/1045/590
s 110
f 247/947/592 426/1020/598 331/1022/593
s 108
f 244/892/580 111/807/654 360/998/595
s 41
f 106/791/180 353/1049/596 354/1007/596
s 110
f 248/890/597 394/1003/605 426/1020/598
s 109
f 246/883/589 393/999/589 359/1046/599
s 111
f 249/944/601 78/761/655 332/1021/602
s 110
f 248/890/597 109/799/656 358/1001/604
s 41
f 108/795/181 355/1048/606 356/1004/606
s 111
f 250/893/607 249/944/601 427/1023/603
f 250/893/607 395/1002/608 357/1047/609
s 112
f 251/926/611 428/1016/618 333/1018/612
f 252/907/614 107/790/657 356/1004/615
s 41
f 110/803/184 357/1047/617 358/1001/617
s 112
f 252/907/614 396/1006/616 428/1016/618
s 113
f 254/891/619 397/1005/628 355/1048/620
f 253/946/622 76/765/658 334/1017/623
s 80
f 256/905/374 105/849/659 354/1007/625
s 41
f 112/814/186 359/1046/627 360/998/627
s 113
f 254/891/619 253/946/622 429/1019/624
s 79
f 258/908/365 399/972/367 353/1049/629
