# Blender 5.2.2 LTS
# www.blender.org
mtllib LlantasTraserasDerechas_01.mtl
g LlantasTraserasDerechas_01_RoverModificado.009
v -1.241107 1.354047 7.308001
v -1.196173 1.245566 7.308000
v -1.113144 1.162537 7.308001
v -1.004663 1.117603 7.308000
v -0.830789 1.134728 7.308000
v -0.733158 1.199963 7.308000
v -0.667923 1.297593 7.308000
v -0.645016 1.412757 7.308000
v -0.667923 1.527921 7.308000
v -0.733158 1.625552 7.308000
v -0.830789 1.690786 7.308000
v -0.945953 1.713694 7.308000
v -1.113144 1.662977 7.308000
v -1.196173 1.579949 7.308001
v -1.241107 1.471467 7.308000
v -1.241107 1.354048 8.564000
v -1.196173 1.245566 8.564000
v -1.061116 1.134728 8.564000
v -0.945953 1.111820 8.564000
v -0.830789 1.134728 8.564000
v -0.733158 1.199963 8.564000
v -0.650798 1.354047 8.564000
v -0.667923 1.527921 8.564000
v -0.733158 1.625552 8.564000
v -0.830789 1.690786 8.564000
v -1.004663 1.707911 8.564000
v -1.158747 1.625552 8.564000
v -1.241107 1.471467 8.564000
v -0.046436 1.412758 9.678948
v -0.063720 1.237271 9.678948
v -0.114907 1.068528 9.678948
v -0.198031 0.913014 9.678948
v -0.309898 0.776704 9.678948
v -0.446207 0.664838 9.678949
v -0.601722 0.581714 9.678949
v -0.770465 0.530526 9.678949
v -0.945952 0.513242 9.678949
v -1.121438 0.530526 9.678949
v -1.290181 0.581713 9.678949
v -1.445696 0.664838 9.678949
v -1.582005 0.776704 9.678949
v -1.693872 0.913014 9.678949
v -1.776996 1.068528 9.678949
v -1.828184 1.237271 9.678949
v -1.845468 1.412758 9.678949
v -1.828184 1.588245 9.678949
v -1.776996 1.756988 9.678949
v -1.693872 1.912502 9.678949
v -1.582006 2.048812 9.678949
v -1.445696 2.160678 9.678949
v -1.290182 2.243803 9.678949
v -1.121438 2.294991 9.678949
v -0.945952 2.312274 9.678949
v -0.770465 2.294991 9.678949
v -0.601722 2.243803 9.678949
v -0.446207 2.160678 9.678949
v -0.309898 2.048812 9.678949
v -0.198031 1.912502 9.678948
v -0.114907 1.756988 9.678948
v -0.063719 1.588245 9.678948
v -0.046436 1.412758 8.638949
v -0.063720 1.237271 8.638949
v -0.114908 1.068528 8.638949
v -0.198032 0.913014 8.638949
v -0.309898 0.776704 8.638949
v -0.446208 0.664838 8.638949
v -0.601722 0.581714 8.638949
v -0.770465 0.530526 8.638949
v -0.945952 0.513242 8.638949
v -1.121439 0.530526 8.638949
v -1.290182 0.581714 8.638949
v -1.445696 0.664838 8.638949
v -1.582006 0.776704 8.638949
v -1.693872 0.913014 8.638949
v -1.776996 1.068528 8.638949
v -1.828184 1.237271 8.638949
v -1.845468 1.412758 8.638949
v -1.828184 1.588245 8.638949
v -1.776996 1.756988 8.638949
v -1.693872 1.912502 8.638949
v -1.582006 2.048812 8.638949
v -1.445696 2.160678 8.638949
v -1.290182 2.243802 8.638949
v -1.121439 2.294990 8.638949
v -0.945952 2.312274 8.638949
v -0.770465 2.294990 8.638949
v -0.601722 2.243802 8.638949
v -0.446208 2.160678 8.638949
v -0.309898 2.048812 8.638949
v -0.198032 1.912502 8.638949
v -0.114907 1.756988 8.638949
v -0.063720 1.588245 8.638949
v -2.044281 1.866459 9.738949
v -1.933389 2.073925 9.738949
v -2.044281 1.866459 9.738949
v -1.933389 2.073925 9.738949
v 0.058294 1.211615 8.638949
v 0.077888 1.410550 8.638948
v 0.000267 1.020324 8.638949
v -0.093964 0.844030 8.638949
v -0.220778 0.689507 8.638949
v -0.375301 0.562693 8.638949
v -0.551596 0.468462 8.638949
v -0.742886 0.410434 8.638949
v -0.941822 0.390841 8.638949
v -1.140757 0.410434 8.638949
v -1.332048 0.468461 8.638949
v -1.508342 0.562693 8.638949
v -1.662865 0.689507 8.638949
v -1.789679 0.844030 8.638949
v -1.883910 1.020324 8.638949
v -1.941938 1.211615 8.638949
v -1.961531 1.410550 8.638949
v -1.941938 1.609486 8.638949
v -1.883910 1.800776 8.638949
v -1.789679 1.977070 8.638949
v -1.662865 2.131594 8.638949
v -1.508342 2.258408 8.638949
v -1.332048 2.352639 8.638949
v -1.140757 2.410667 8.638949
v -0.941822 2.430260 8.638949
v -0.742886 2.410667 8.638949
v -0.551596 2.352639 8.638949
v -0.375301 2.258408 8.638949
v -0.220778 2.131594 8.638949
v -0.093964 1.977070 8.638948
v 0.000267 1.800776 8.638949
v 0.058294 1.609486 8.638949
v 0.082600 1.412758 9.678948
v 0.062837 1.212097 9.678948
v 0.004306 1.019148 9.678948
v -0.090742 0.841325 9.678948
v -0.218656 0.685462 9.678948
v -0.374519 0.557549 9.678949
v -0.552342 0.462500 9.678949
v -0.745291 0.403970 9.678949
v -0.945951 0.384206 9.678949
v -1.146612 0.403970 9.678949
v -1.339561 0.462500 9.678949
v -1.517384 0.557548 9.678949
v -1.673247 0.685462 9.678949
v -1.801161 0.841325 9.678949
v -1.896209 1.019148 9.678949
v -1.954740 1.212097 9.678949
v -1.974503 1.412758 9.678949
v -1.954740 1.613418 9.678949
v -1.896209 1.806368 9.678949
v -1.801161 1.984191 9.678949
v -1.673247 2.140054 9.678949
v -1.517384 2.267967 9.678949
v -1.339561 2.363016 9.678949
v -1.146612 2.421546 9.678949
v -0.945951 2.441310 9.678949
v -0.745291 2.421546 9.678949
v -0.552342 2.363016 9.678949
v -0.374519 2.267967 9.678949
v -0.218656 2.140054 9.678949
v -0.090742 1.984191 9.678948
v 0.004306 1.806368 9.678948
v 0.062837 1.613418 9.678948
v -0.945952 1.509230 9.618947
v -0.994188 1.496305 9.618947
v -1.029499 1.460994 9.618947
v -1.042424 1.412758 9.618947
v -1.029499 1.364522 9.618947
v -0.994188 1.329210 9.618947
v -0.945952 1.316285 9.618947
v -0.897716 1.329210 9.618947
v -0.862404 1.364522 9.618947
v -0.849479 1.412758 9.618947
v -0.862404 1.460994 9.618947
v -0.897716 1.496305 9.618947
v -0.945952 1.612758 9.495614
v -0.945952 1.612758 9.342280
v -1.045952 1.585963 9.342280
v -1.045952 1.585963 9.495614
v -1.119157 1.512758 9.342280
v -1.119157 1.512758 9.495614
v -1.145952 1.412758 9.342280
v -1.145952 1.412758 9.495614
v -1.119157 1.312758 9.342280
v -1.119157 1.312758 9.495614
v -1.045952 1.239553 9.342280
v -1.045952 1.239553 9.495614
v -0.945952 1.212758 9.342280
v -0.945952 1.212758 9.495614
v -0.845952 1.239553 9.342280
v -0.845952 1.239553 9.495614
v -0.772747 1.312758 9.342280
v -0.772747 1.312758 9.495614
v -0.745952 1.412758 9.342280
v -0.745952 1.412758 9.495614
v -0.772747 1.512758 9.342280
v -0.772747 1.512758 9.495614
v -0.845952 1.585963 9.342280
v -0.845952 1.585963 9.495614
v -1.127125 2.288906 8.995614
v -1.127125 2.288906 8.742280
v -1.227125 2.262111 8.742280
v -1.227125 2.262111 8.995614
v -1.795305 1.693931 8.742280
v -1.795305 1.693931 8.995614
v -1.822100 1.593931 8.742280
v -1.822100 1.593931 8.995614
v -1.614132 0.817783 8.742281
v -1.614132 0.817783 8.995614
v -1.540927 0.744578 8.742280
v -1.540927 0.744578 8.995614
v -0.764779 0.536610 8.742280
v -0.764778 0.536610 8.995614
v -0.664778 0.563405 8.742280
v -0.664778 0.563405 8.995614
v -0.096599 1.131585 8.742280
v -0.096599 1.131585 8.995613
v -0.069804 1.231584 8.742280
v -0.069804 1.231584 8.995613
v -0.277772 2.007733 8.742280
v -0.277772 2.007733 8.995613
v -0.350977 2.080938 8.742280
v -0.350977 2.080938 8.995613
v -0.945952 1.612758 9.618947
v -1.045952 1.585963 9.618947
v -1.119157 1.512758 9.618947
v -1.145952 1.412758 9.618947
v -1.119157 1.312758 9.618947
v -1.045952 1.239553 9.618947
v -0.945952 1.212758 9.618947
v -0.845952 1.239553 9.618947
v -0.772747 1.312758 9.618947
v -0.745952 1.412758 9.618947
v -0.772747 1.512758 9.618947
v -0.845952 1.585963 9.618947
v -0.945952 1.509230 9.518948
v -0.994188 1.496305 9.518948
v -1.029499 1.460994 9.518948
v -1.042424 1.412758 9.518948
v -1.029499 1.364522 9.518948
v -0.994188 1.329210 9.518948
v -0.945952 1.316285 9.518948
v -0.897716 1.329210 9.518948
v -0.862404 1.364522 9.518948
v -0.849480 1.412758 9.518948
v -0.862404 1.460994 9.518948
v -0.897716 1.496305 9.518948
v -0.723668 2.514557 8.968283
v -0.724550 2.518547 9.349616
v -0.512640 2.450542 8.968283
v -0.512914 2.454347 9.349616
v -0.007790 2.036223 8.968283
v -0.006609 2.038835 9.349615
v 0.096163 1.841739 8.968283
v 0.097644 1.843789 9.349615
v -0.147689 2.206690 8.968283
v -0.146911 2.209792 9.349616
v -0.318156 2.346589 8.968283
v -0.317869 2.350094 9.349616
v -0.943129 2.536172 8.968283
v -0.944644 2.540223 9.349616
v -1.373619 2.450542 8.968283
v -1.376374 2.454347 9.349616
v -1.162591 2.514557 8.968283
v -1.164738 2.518547 9.349616
v -1.738570 2.206690 8.968284
v -1.742377 2.209792 9.349616
v -1.568103 2.346588 8.968283
v -1.571419 2.350094 9.349616
v -1.982422 1.841739 8.968284
v -1.986932 1.843789 9.349616
v -1.878468 2.036223 8.968284
v -1.882678 2.038835 9.349616
v -2.068052 1.411250 8.968284
v -2.072808 1.412059 9.349616
v -2.046437 1.630711 8.968284
v -2.051131 1.632153 9.349616
v -1.982422 0.980760 8.968284
v -1.986932 0.980329 9.349616
v -2.046437 1.191788 8.968284
v -2.051131 1.191965 9.349616
v -1.738570 0.615809 8.968284
v -1.742377 0.614326 9.349616
v -1.878468 0.786276 8.968284
v -1.882678 0.785284 9.349616
v -1.373619 0.371956 8.968283
v -1.376374 0.369771 9.349616
v -1.568103 0.475910 8.968283
v -1.571418 0.474024 9.349616
v -0.943129 0.286327 8.968283
v -0.944644 0.283894 9.349616
v -1.162591 0.307942 8.968283
v -1.164738 0.305571 9.349616
v -0.512640 0.371956 8.968283
v -0.512914 0.369771 9.349616
v -0.723668 0.307942 8.968283
v -0.724550 0.305571 9.349616
v -0.147689 0.615809 8.968283
v -0.146911 0.614326 9.349615
v -0.318156 0.475910 8.968283
v -0.317869 0.474024 9.349616
v 0.096163 0.980760 8.968283
v 0.097644 0.980329 9.349615
v -0.007790 0.786276 8.968283
v -0.006609 0.785284 9.349615
v 0.160178 1.630711 8.968283
v 0.161844 1.632153 9.349615
v 0.181793 1.411250 8.968283
v 0.183521 1.412059 9.349615
v 0.160178 1.191788 8.968283
v 0.161844 1.191965 9.349615
v -0.945952 1.612758 8.904504
v -0.945952 1.612758 8.806726
v -1.045952 1.585963 8.806726
v -1.045952 1.585963 8.904504
v -1.119157 1.512758 8.806726
v -1.119157 1.512758 8.904504
v -1.145952 1.412758 8.806726
v -1.145952 1.412758 8.904504
v -1.119157 1.312758 8.806726
v -1.119157 1.312758 8.904504
v -1.045952 1.239553 8.806726
v -1.045952 1.239553 8.904504
v -0.945952 1.212758 8.806726
v -0.945952 1.212758 8.904504
v -0.845952 1.239553 8.806726
v -0.845952 1.239553 8.904504
v -0.772747 1.312758 8.806726
v -0.772747 1.312758 8.904503
v -0.745952 1.412758 8.806726
v -0.745952 1.412758 8.904503
v -0.772747 1.512758 8.806726
v -0.772747 1.512758 8.904503
v -0.845952 1.585963 8.806726
v -0.845952 1.585963 8.904503
v -1.540927 2.080937 8.806726
v -1.540927 2.080937 8.904504
v -1.614132 2.007732 8.806726
v -1.614132 2.007732 8.904504
v -1.227126 0.563405 8.806726
v -1.227126 0.563405 8.904504
v -1.127126 0.536610 8.806726
v -1.127126 0.536610 8.904504
v -0.069804 1.593931 8.806726
v -0.069804 1.593931 8.904503
v -0.096599 1.693931 8.806726
v -0.096599 1.693931 8.904503
v 0.042754 1.818287 8.644150
v 0.103392 1.618388 8.644150
v -0.188239 2.163991 8.644150
v -0.055718 2.002514 8.644150
v -0.533943 2.394983 8.644150
v -0.349716 2.296512 8.644150
v -0.941729 2.476098 8.644150
v -0.733841 2.455622 8.644150
v -1.349515 2.394983 8.644150
v -1.149617 2.455622 8.644150
v -1.695219 2.163991 8.644151
v -1.533742 2.296511 8.644150
v -1.926211 1.818287 8.644151
v -1.827740 2.002514 8.644150
v -2.007325 1.410501 8.644151
v -1.986850 1.618388 8.644151
v -1.926211 1.002715 8.644151
v -1.986850 1.202613 8.644151
v -1.695219 0.657010 8.644150
v -1.827740 0.818487 8.644150
v -1.349515 0.426018 8.644150
v -1.533742 0.524490 8.644150
v -0.941729 0.344905 8.644150
v -1.149616 0.365380 8.644150
v -0.533943 0.426018 8.644150
v -0.733841 0.365380 8.644150
v -0.188239 0.657010 8.644150
v -0.349715 0.524490 8.644150
v 0.042754 1.002715 8.644150
v -0.055718 0.818487 8.644150
v 0.123867 1.410501 8.644150
v 0.103392 1.202613 8.644150
v 0.108139 1.203118 9.673749
v 0.128791 1.412808 9.673749
v -0.052351 0.815661 9.673749
v 0.046975 1.001486 9.673749
v -0.348898 0.519114 9.673749
v -0.186021 0.652784 9.673749
v -0.736354 0.358624 9.673749
v -0.534722 0.419788 9.673749
v -1.155735 0.358624 9.673749
v -0.946045 0.337972 9.673749
v -1.543191 0.519114 9.673749
v -1.357366 0.419788 9.673749
v -1.839738 0.815661 9.673749
v -1.706068 0.652784 9.673749
v -2.000228 1.203118 9.673749
v -1.939064 1.001485 9.673750
v -2.000228 1.622498 9.673749
v -2.020880 1.412808 9.673750
v -1.839738 2.009955 9.673749
v -1.939064 1.824129 9.673750
v -1.543192 2.306501 9.673749
v -1.706069 2.172832 9.673749
v -1.155735 2.466991 9.673749
v -1.357367 2.405827 9.673749
v -0.736354 2.466991 9.673749
v -0.946045 2.487644 9.673749
v -0.348898 2.306501 9.673749
v -0.534722 2.405827 9.673749
v -0.052351 2.009955 9.673749
v -0.186021 2.172832 9.673749
v 0.108139 1.622498 9.673749
v 0.046975 1.824129 9.673749
v -0.702616 2.629235 9.347710
v -0.469817 2.558616 9.347710
v 0.087118 2.101552 9.347710
v 0.201797 1.887002 9.347710
v -0.067214 2.289607 9.347710
v -0.255268 2.443937 9.347710
v -0.944720 2.653080 9.347710
v -1.419623 2.558616 9.347711
v -1.186823 2.629235 9.347710
v -1.822226 2.289605 9.347711
v -1.634172 2.443937 9.347711
v -2.091236 1.887002 9.347711
v -1.976557 2.101552 9.347711
v -2.185700 1.412099 9.347711
v -2.161855 1.654203 9.347711
v -2.091236 0.937196 9.347711
v -2.161855 1.169996 9.347711
v -1.822226 0.534593 9.347711
v -1.976557 0.722647 9.347711
v -1.419622 0.265583 9.347710
v -1.634171 0.380261 9.347711
v -0.944720 0.171118 9.347710
v -1.186823 0.194963 9.347710
v -0.469817 0.265583 9.347710
v -0.702616 0.194963 9.347710
v -0.067214 0.534593 9.347710
v -0.255268 0.380262 9.347710
v 0.201797 0.937197 9.347710
v 0.087118 0.722647 9.347710
v 0.272416 1.654203 9.347710
v 0.296261 1.412099 9.347710
v 0.272416 1.169996 9.347710
v -0.701646 2.624847 8.970189
v -0.469516 2.554431 8.970189
v 0.085819 2.098680 8.970189
v 0.200168 1.884747 8.970189
v -0.068070 2.286194 8.970189
v -0.255583 2.440083 8.970189
v -0.943054 2.648623 8.970189
v -1.416592 2.554431 8.970190
v -1.184462 2.624847 8.970189
v -1.818038 2.286193 8.970190
v -1.630525 2.440081 8.970190
v -2.086276 1.884747 8.970190
v -1.971926 2.098680 8.970190
v -2.180468 1.411209 8.970190
v -2.156692 1.652617 8.970190
v -2.086276 0.937671 8.970190
v -2.156692 1.169801 8.970190
v -1.818038 0.536225 8.970190
v -1.971926 0.723738 8.970190
v -1.416592 0.267987 8.970189
v -1.630524 0.382336 8.970190
v -0.943054 0.173794 8.970189
v -1.184462 0.197571 8.970189
v -0.469516 0.267987 8.970189
v -0.701646 0.197571 8.970189
v -0.068070 0.536225 8.970189
v -0.255583 0.382337 8.970189
v 0.200168 0.937671 8.970189
v 0.085819 0.723738 8.970189
v 0.270584 1.652616 8.970189
v 0.294361 1.411209 8.970189
v 0.270584 1.169801 8.970189
v -1.076475 2.099877 9.314965
v -1.049245 1.998253 9.453533
v -1.023832 1.903411 9.537694
v -0.985171 1.759125 9.560555
v -1.149245 1.971458 9.453533
v -1.176475 2.073082 9.314965
v -1.085171 1.732330 9.560555
v -1.123832 1.876616 9.537694
v -1.292319 1.451977 9.560555
v -1.436605 1.490638 9.537694
v -1.531447 1.516051 9.453533
v -1.633071 1.543281 9.314965
v -1.409810 1.590638 9.537694
v -1.265524 1.551977 9.560555
v -1.606276 1.643281 9.314965
v -1.504652 1.616051 9.453533
v -0.738803 1.693111 9.560555
v -0.633179 1.798736 9.537694
v -0.563750 1.868165 9.453533
v -0.489356 1.942559 9.314965
v -0.559974 1.725530 9.537694
v -0.665598 1.619906 9.560555
v -0.416151 1.869354 9.314964
v -0.490545 1.794960 9.453533
v -0.482094 1.234878 9.537694
v -0.626379 1.273539 9.560555
v -0.285628 1.182235 9.314964
v -0.387252 1.209465 9.453533
v -0.360457 1.309465 9.453533
v -0.258833 1.282235 9.314964
v -0.599584 1.373539 9.560555
v -0.455299 1.334878 9.537694
v -0.806733 1.093185 9.560555
v -0.768072 0.948900 9.537694
v -0.742659 0.854058 9.453533
v -0.715428 0.752434 9.314965
v -0.868071 0.922105 9.537694
v -0.906733 1.066390 9.560555
v -0.815429 0.725639 9.314965
v -0.842659 0.827263 9.453533
v -1.331930 1.099985 9.537694
v -1.226305 1.205609 9.560555
v -1.475753 0.956162 9.314965
v -1.401359 1.030556 9.453533
v -1.328154 0.957351 9.453533
v -1.402548 0.882957 9.314965
v -1.153100 1.132404 9.560555
v -1.258724 1.026780 9.537694
v -0.945952 1.612758 8.286281
v -1.045952 1.585963 8.286281
v -1.119157 1.512758 8.286281
v -1.145952 1.412758 8.286281
v -1.119157 1.312758 8.286281
v -1.045952 1.239553 8.286281
v -0.945952 1.212758 8.286281
v -0.845952 1.239553 8.286281
v -0.772747 1.312758 8.286281
v -0.745952 1.412758 8.286281
v -0.772747 1.512758 8.286281
v -0.845952 1.585963 8.286281
v -1.075952 1.637924 8.004702
v -0.945952 1.672758 8.004702
v -0.945952 1.672758 8.286235
v -1.171119 1.542758 8.004702
v -1.205952 1.412758 8.004702
v -1.171119 1.282758 8.004702
v -1.075952 1.187591 8.004702
v -0.945952 1.152758 8.004702
v -0.815952 1.187591 8.004702
v -0.720786 1.282758 8.004702
v -0.685952 1.412758 8.004702
v -0.720786 1.542758 8.004702
v -0.815952 1.637924 8.004702
v -1.075952 1.637924 8.286235
v -1.171119 1.542758 8.286235
v -1.205952 1.412758 8.286235
v -1.171119 1.282758 8.286235
v -1.075952 1.187591 8.286235
v -0.945952 1.152758 8.286235
v -0.815952 1.187591 8.286235
v -0.720786 1.282758 8.286235
v -0.685952 1.412758 8.286235
v -0.720786 1.542758 8.286235
v -0.815952 1.637924 8.286235
v -1.314871 2.303410 9.678949
v -1.134025 2.358268 9.678949
v -1.134025 0.467248 9.678949
v -1.314871 0.522107 9.678949
v -0.945951 2.376792 9.678949
v -1.481540 0.611193 9.678949
v -0.757878 2.358268 9.678949
v -1.627626 0.731083 9.678949
v -0.577032 2.303410 9.678949
v -1.747516 0.877170 9.678949
v -0.410363 2.214324 9.678949
v -1.836603 1.043838 9.678949
v 0.018082 1.412758 9.678948
v -0.000441 1.224684 9.678948
v -0.264277 2.094433 9.678949
v -1.891462 1.224684 9.678949
v -0.055300 1.043838 9.678948
v -0.144387 1.948346 9.678948
v -1.909985 1.412758 9.678949
v -0.144387 0.877170 9.678948
v -0.055300 1.781678 9.678948
v -1.891462 1.600832 9.678949
v -0.264277 0.731083 9.678948
v -0.000441 1.600832 9.678948
v -1.836603 1.781678 9.678949
v -0.410363 0.611193 9.678949
v -1.747516 1.948346 9.678949
v -0.577032 0.522107 9.678949
v -1.627626 2.094433 9.678949
v -0.757878 0.467248 9.678949
v -1.481540 2.214324 9.678949
v -0.945951 0.448724 9.678949
v -0.002713 1.224443 8.638949
v -0.057320 1.044426 8.638949
v -0.145998 0.878522 8.638949
v -0.265338 0.733106 8.638949
v -0.410755 0.613765 8.638949
v -0.576659 0.525087 8.638949
v -0.756676 0.470480 8.638949
v -0.943887 0.452041 8.638949
v -1.131098 0.470480 8.638949
v -1.311115 0.525087 8.638949
v -1.477019 0.613765 8.638949
v -1.622435 0.733106 8.638949
v -1.741776 0.878522 8.638949
v -1.830453 1.044426 8.638949
v -1.885061 1.224443 8.638949
v -1.903500 1.411654 8.638949
v -1.885061 1.598865 8.638949
v -1.830453 1.778882 8.638949
v -1.741775 1.944786 8.638949
v -1.622436 2.090203 8.638949
v -1.477019 2.209543 8.638949
v -1.311115 2.298221 8.638949
v -1.131098 2.352828 8.638949
v -0.943887 2.371267 8.638949
v -0.756676 2.352828 8.638949
v -0.576659 2.298221 8.638949
v -0.410755 2.209543 8.638949
v -0.265338 2.090203 8.638949
v -0.145998 1.944786 8.638949
v -0.057320 1.778882 8.638949
v -0.002713 1.598865 8.638949
v 0.015726 1.411654 8.638949
v -0.975953 1.724724 9.391959
v -1.031446 1.931828 9.359144
v -1.041631 1.969836 9.325417
v -1.080716 2.115704 9.126519
v -1.131446 1.905033 9.359144
v -1.075953 1.697929 9.391959
v -1.180716 2.088909 9.126519
v -1.141631 1.943041 9.325418
v -1.648899 1.547522 9.126519
v -1.503030 1.508437 9.325418
v -1.465022 1.498252 9.359144
v -1.257918 1.442759 9.391959
v -1.231123 1.542759 9.391959
v -1.438227 1.598252 9.359144
v -1.476235 1.608436 9.325418
v -1.622104 1.647522 9.126519
v -0.477770 1.954145 9.126519
v -0.584553 1.847362 9.325417
v -0.612377 1.819538 9.359144
v -0.763987 1.667928 9.391959
v -0.511347 1.774157 9.325417
v -0.404565 1.880940 9.126519
v -0.690782 1.594723 9.391959
v -0.539172 1.746333 9.359144
v -0.426882 1.327263 9.359144
v -0.633986 1.382756 9.391959
v -0.243005 1.277994 9.126519
v -0.388874 1.317079 9.325417
v -0.415669 1.217079 9.325417
v -0.269800 1.177994 9.126519
v -0.660780 1.282756 9.391959
v -0.453677 1.227263 9.359144
v -0.711188 0.736606 9.126519
v -0.750273 0.882475 9.325418
v -0.760457 0.920483 9.359144
v -0.815951 1.127586 9.391959
v -0.850273 0.855680 9.325418
v -0.811188 0.709811 9.126519
v -0.915951 1.100791 9.391959
v -0.860457 0.893688 9.359144
v -1.201122 1.230793 9.391959
v -1.352732 1.079182 9.359144
v -1.380556 1.051358 9.325418
v -1.487339 0.944575 9.126519
v -1.279527 1.005977 9.359144
v -1.127917 1.157588 9.391959
v -1.414134 0.871370 9.126519
v -1.307351 0.978153 9.325418
vn 0.3827 0.9239 -0.0000
vn 0.7071 0.7071 -0.0000
vn -0.1482 -0.9889 -0.0067
vn 0.0015 -1.0000 0.0019
vn -0.4262 -0.9046 0.0067
vn 0.3396 -0.9406 -0.0044
vn -0.0461 0.9989 -0.0042
vn 0.3396 0.9406 0.0044
vn 0.3827 -0.9239 -0.0000
vn -0.1951 0.9807 0.0087
vn 0.7390 -0.6737 0.0044
vn -0.5153 0.8570 -0.0063
vn -0.7071 0.7071 0.0091
vn 0.9233 -0.3840 -0.0019
vn 0.7071 -0.7071 -0.0000
vn -0.8323 0.5543 -0.0019
vn -0.9808 -0.1951 -0.0000
vn -0.8049 -0.5934 0.0044
vn 1.0000 0.0015 -0.0019
vn 0.9807 -0.1951 0.0091
vn -0.8315 -0.5556 -0.0000
vn -0.9707 0.2402 0.0044
vn 0.9406 0.3396 0.0044
vn 0.9239 0.3827 -0.0000
vn -0.5568 -0.8307 -0.0019
vn -0.9808 0.1951 -0.0000
vn -0.0000 -0.0000 1.0000
vn -0.0000 -0.0000 -1.0000
vn -0.0000 -1.0000 -0.0000
vn 0.1951 -0.9808 -0.0000
vn -0.1951 -0.9808 -0.0000
vn -0.3827 -0.9239 -0.0000
vn -0.5556 -0.8315 -0.0000
vn 0.5556 -0.8315 -0.0000
vn -0.7071 -0.7071 -0.0000
vn 0.8315 -0.5556 -0.0000
vn -0.9239 -0.3827 -0.0000
vn 0.9239 -0.3827 -0.0000
vn 0.9808 -0.1951 -0.0000
vn 1.0000 -0.0000 -0.0000
vn -1.0000 -0.0000 -0.0000
vn 0.9808 0.1951 -0.0000
vn -0.9239 0.3827 -0.0000
vn 0.8315 0.5556 -0.0000
vn -0.8315 0.5556 -0.0000
vn -0.7071 0.7071 -0.0000
vn -0.5556 0.8315 -0.0000
vn 0.5556 0.8315 -0.0000
vn -0.3827 0.9239 -0.0000
vn -0.1951 0.9808 -0.0000
vn 0.1951 0.9808 -0.0000
vn -0.0000 1.0000 -0.0000
vn -0.0007 -0.0004 1.0000
vn -0.0008 -0.0000 1.0000
vn 0.0007 0.0004 1.0000
vn 0.0004 0.0007 1.0000
vn -0.0004 0.0007 1.0000
vn -0.0000 0.0008 1.0000
vn 0.0004 -0.0007 1.0000
vn 0.0007 -0.0004 1.0000
vn -0.0004 -0.0007 1.0000
vn -0.0007 0.0004 1.0000
vn 0.0008 -0.0000 1.0000
vn -0.0000 -0.0008 1.0000
vn 0.4210 0.9071 -0.0000
vn 0.0890 0.9960 -0.0000
vn 0.9960 0.0890 -0.0000
vn 0.9071 0.4210 -0.0000
vn 0.5751 -0.8181 -0.0000
vn 0.8181 -0.5751 -0.0000
vn 0.3805 -0.1020 -0.9191
vn 0.1219 -0.0327 -0.9920
vn -0.4210 -0.9071 -0.0000
vn -0.0890 -0.9960 -0.0000
vn -0.9960 -0.0890 -0.0000
vn -0.9071 -0.4210 -0.0000
vn -0.5751 0.8181 -0.0000
vn -0.8181 0.5751 -0.0000
vn 0.6806 0.6806 0.2714
vn 0.9659 -0.2588 -0.0000
vn 0.9297 -0.2491 0.2714
vn 0.2588 -0.9659 -0.0000
vn 0.2491 -0.9297 0.2714
vn -0.6806 -0.6806 0.2714
vn -0.9659 0.2588 -0.0000
vn -0.9297 0.2491 0.2714
vn -0.2491 0.9297 0.2714
vn -0.2588 0.9659 -0.0000
vn -0.5838 -0.5838 0.5643
vn 0.7974 -0.2137 0.5643
vn 0.2785 0.2785 -0.9191
vn 0.0892 0.0892 -0.9920
vn 0.2588 0.9659 -0.0000
vn 0.1020 -0.3805 -0.9191
vn 0.0327 -0.1219 -0.9920
vn -0.3805 0.1020 -0.9191
vn -0.1219 0.0327 -0.9920
vn 0.2785 0.2785 0.9191
vn 0.0892 0.0892 0.9920
vn -0.3805 0.1020 0.9191
vn -0.1219 0.0327 0.9920
vn 0.9659 0.2588 -0.0000
vn 0.8270 -0.2216 -0.5167
vn 0.8753 -0.2345 -0.4229
vn 0.2216 -0.8270 -0.5167
vn 0.2345 -0.8753 -0.4229
vn 0.1020 -0.3805 0.9191
vn 0.0327 -0.1219 0.9920
vn -0.1080 0.4029 0.9089
vn -0.1884 0.7029 0.6859
vn -0.2588 -0.9659 -0.0000
vn -0.6054 -0.6054 -0.5167
vn -0.6408 -0.6408 -0.4229
vn 0.4029 -0.1080 -0.9089
vn 0.7029 -0.1884 -0.6859
vn -0.7974 0.2137 0.5643
vn 0.3805 -0.1020 0.9191
vn 0.1219 -0.0327 0.9920
vn -0.4029 0.1080 0.9089
vn -0.7029 0.1884 0.6859
vn -0.2949 -0.2949 -0.9089
vn -0.5146 -0.5146 -0.6859
vn 0.5838 0.5838 0.5643
vn -0.2785 -0.2785 0.9191
vn -0.0892 -0.0892 0.9920
vn 0.2949 0.2949 0.9089
vn 0.5146 0.5146 0.6859
vn -0.4029 0.1080 -0.9089
vn -0.7029 0.1884 -0.6859
vn 0.4029 -0.1080 0.9089
vn 0.7029 -0.1884 0.6859
vn -0.8270 0.2216 -0.5167
vn -0.8753 0.2345 -0.4229
vn -0.2216 0.8270 -0.5167
vn -0.2345 0.8753 -0.4229
vn -0.9659 -0.2588 -0.0000
vn -0.1080 0.4029 -0.9089
vn -0.1884 0.7029 -0.6859
vn 0.2137 -0.7974 0.5643
vn -0.1020 0.3805 0.9191
vn -0.0327 0.1219 0.9920
vn 0.1080 -0.4029 0.9089
vn 0.1884 -0.7029 0.6859
vn -0.2949 -0.2949 0.9089
vn -0.5146 -0.5146 0.6859
vn 0.6054 0.6054 -0.5167
vn 0.6408 0.6408 -0.4229
vn -0.2785 -0.2785 -0.9191
vn -0.0892 -0.0892 -0.9920
vn 0.2949 0.2949 -0.9089
vn 0.5146 0.5146 -0.6859
vn 0.5000 0.8660 -0.0000
vn 0.8181 0.5751 -0.0000
vn 0.9960 -0.0890 -0.0000
vn 0.8660 -0.5000 -0.0000
vn 0.5000 -0.8660 -0.0000
vn 0.0890 -0.9960 -0.0000
vn -0.5751 -0.8181 -0.0000
vn -0.8660 -0.5000 -0.0000
vn -0.9071 0.4210 -0.0000
vn -0.4210 0.9071 -0.0000
vn -0.2137 0.7974 0.5643
vn 0.8660 0.5000 -0.0000
vn -0.5000 -0.8660 -0.0000
vn -0.8660 0.5000 -0.0000
vn -0.5000 0.8660 -0.0000
vn 0.1883 -0.7029 -0.6859
vn -0.1020 0.3805 -0.9191
vn -0.0327 0.1219 -0.9920
vn 0.1080 -0.4029 -0.9089
vn 0.1079 -0.4029 -0.9089
vn 0.0392 0.0119 -0.9992
vn 0.0407 -0.0040 -0.9992
vn 0.0391 0.0119 -0.9992
vn 0.0317 0.0260 -0.9992
vn 0.0316 0.0260 -0.9992
vn 0.0193 0.0362 -0.9992
vn 0.0193 0.0361 -0.9992
vn 0.0040 0.0408 -0.9992
vn -0.0119 0.0393 -0.9992
vn -0.0261 0.0318 -0.9992
vn -0.0260 0.0317 -0.9992
vn -0.0362 0.0194 -0.9992
vn -0.0409 0.0040 -0.9992
vn -0.0393 -0.0119 -0.9992
vn -0.0317 -0.0260 -0.9992
vn -0.0193 -0.0361 -0.9992
vn -0.0193 -0.0362 -0.9992
vn -0.0040 -0.0407 -0.9992
vn -0.0040 -0.0408 -0.9992
vn 0.0119 -0.0391 -0.9992
vn 0.0119 -0.0392 -0.9992
vn 0.0259 -0.0316 -0.9992
vn 0.0360 -0.0193 -0.9992
vn -0.0118 0.0388 0.9992
vn -0.0191 -0.0358 0.9992
vn -0.0040 -0.0405 0.9992
vn -0.0192 -0.0359 0.9992
vn 0.0040 0.0404 0.9992
vn -0.0313 -0.0257 0.9992
vn -0.0314 -0.0258 0.9992
vn 0.0192 0.0359 0.9992
vn -0.0388 -0.0118 0.9992
vn 0.0405 -0.0040 0.9992
vn 0.0191 0.0358 0.9992
vn 0.0315 0.0258 0.9992
vn 0.0359 -0.0192 0.9992
vn 0.0314 0.0258 0.9992
vn -0.0403 0.0040 0.9992
vn 0.0390 0.0118 0.9992
vn -0.0404 0.0040 0.9992
vn 0.0258 -0.0315 0.9992
vn 0.0389 0.0118 0.9992
vn -0.0357 0.0191 0.9992
vn 0.0118 -0.0389 0.9992
vn 0.0118 -0.0390 0.9992
vn -0.0257 0.0313 0.9992
vn -0.0040 -0.0404 0.9992
vn 0.2874 0.9476 0.1397
vn 0.2780 0.9165 0.2875
vn 0.2875 0.9477 0.1389
vn 0.8729 0.4666 0.1429
vn 0.8439 0.4511 0.2904
vn 0.8730 0.4666 0.1422
vn -0.3832 0.9236 -0.0039
vn -0.3822 0.9241 -0.0037
vn -0.3820 0.9241 -0.0037
vn 0.6280 0.7652 0.1414
vn 0.6073 0.7400 0.2890
vn 0.6281 0.7653 0.1406
vn 0.1945 -0.9809 0.0031
vn 0.1935 -0.9811 0.0034
vn 0.1947 -0.9809 0.0030
vn -0.3808 0.9246 -0.0042
vn -0.3806 0.9247 -0.0042
vn -0.0719 0.0877 -0.9936
vn -0.0719 0.0876 -0.9936
vn -0.5556 -0.8314 -0.0005
vn -0.5555 -0.8315 -0.0005
vn 0.1075 0.0326 0.9937
vn -0.7658 0.6285 0.1360
vn -0.7411 0.6082 0.2844
vn -0.7658 0.6285 0.1359
vn -0.4670 0.8736 0.1368
vn -0.4519 0.8454 0.2849
vn -0.4670 0.8737 0.1364
vn -0.0971 0.9856 0.1381
vn -0.0939 0.9536 0.2860
vn -0.0971 0.9857 0.1374
vn 0.5561 -0.8311 0.0044
vn 0.5551 -0.8318 0.0042
vn 0.5562 -0.8310 0.0044
vn -0.5554 -0.8316 -0.0005
vn -0.9539 -0.0940 0.2849
vn -0.9858 -0.0971 0.1368
vn -0.9859 -0.0971 0.1364
vn -0.9174 0.2783 0.2844
vn -0.9480 0.2876 0.1360
vn -0.9481 0.2876 0.1359
vn 0.5549 -0.8319 0.0043
vn 0.5536 -0.8327 0.0047
vn -0.0329 0.1084 -0.9936
vn -0.6076 -0.7404 0.2875
vn -0.6282 -0.7654 0.1397
vn -0.6282 -0.7655 0.1389
vn -0.8451 -0.4517 0.2860
vn -0.8735 -0.4669 0.1381
vn -0.8736 -0.4669 0.1374
vn 0.3826 0.9239 -0.0005
vn 0.3827 0.9239 -0.0005
vn 0.3828 0.9238 -0.0005
vn 0.0868 0.0712 0.9937
vn -0.9242 0.3820 -0.0050
vn -0.9236 0.3833 -0.0048
vn -0.9235 0.3835 -0.0048
vn 0.3829 0.9238 -0.0005
vn 0.7393 -0.6067 0.2921
vn 0.7649 -0.6277 0.1444
vn 0.7649 -0.6278 0.1443
vn 0.4509 -0.8436 0.2915
vn 0.4665 -0.8727 0.1439
vn 0.4665 -0.8728 0.1435
vn 0.0938 -0.9523 0.2904
vn 0.0970 -0.9850 0.1429
vn 0.0970 -0.9851 0.1422
vn -0.2779 -0.9161 0.2890
vn -0.2874 -0.9473 0.1414
vn -0.2874 -0.9474 0.1406
vn 0.9848 0.0970 0.1439
vn 0.9520 0.0938 0.2915
vn 0.9849 0.0970 0.1435
vn -0.9229 0.3851 -0.0054
vn -0.9228 0.3854 -0.0054
vn 0.9469 -0.2872 0.1444
vn 0.9152 -0.2776 0.2921
vn 0.9469 -0.2873 0.1443
vn 0.0111 0.1127 -0.9936
vn -0.8317 -0.5553 -0.0024
vn -0.8313 -0.5558 -0.0023
vn -0.8317 -0.5552 -0.0024
vn 0.0529 0.0989 0.9937
vn 0.9131 -0.2770 -0.2992
vn 0.9458 -0.2869 -0.1519
vn 0.9459 -0.2869 -0.1518
vn 0.9809 -0.1944 0.0048
vn 0.9807 -0.1957 0.0046
vn 0.9809 -0.1943 0.0048
vn -0.8312 -0.5559 -0.0023
vn -0.8308 -0.5566 -0.0025
vn 0.9494 0.0935 -0.2997
vn 0.9835 0.0969 -0.1527
vn 0.9836 0.0969 -0.1523
vn -0.2867 -0.9453 -0.1556
vn -0.2767 -0.9122 -0.3022
vn -0.2868 -0.9454 -0.1548
vn 0.0968 -0.9833 -0.1540
vn 0.0935 -0.9491 -0.3008
vn 0.0969 -0.9834 -0.1533
vn 0.4659 -0.8716 -0.1527
vn 0.4497 -0.8414 -0.2997
vn 0.4659 -0.8716 -0.1523
vn 0.7640 -0.6270 -0.1519
vn 0.7376 -0.6053 -0.2992
vn 0.7641 -0.6270 -0.1518
vn 0.9806 -0.1960 0.0046
vn 0.9803 -0.1976 0.0052
vn 0.0533 0.0998 -0.9936
vn 0.7073 0.7069 0.0015
vn 0.7070 0.7072 0.0014
vn 0.7069 0.7073 0.0014
vn 0.0110 0.1115 0.9937
vn -0.1949 -0.9808 0.0015
vn -0.1943 -0.9809 0.0016
vn -0.1942 -0.9810 0.0016
vn 0.7066 0.7076 0.0016
vn 0.7065 0.7077 0.0016
vn -0.0004 1.0000 -0.0024
vn -0.0012 1.0000 -0.0025
vn 0.0874 0.0717 -0.9936
vn -0.8707 -0.4654 -0.1587
vn -0.8399 -0.4489 -0.3052
vn -0.8708 -0.4655 -0.1580
vn -0.6265 -0.7634 -0.1573
vn -0.6044 -0.7365 -0.3038
vn -0.6266 -0.7635 -0.1564
vn -0.9809 -0.1945 -0.0039
vn -0.9807 -0.1956 -0.0037
vn -0.0325 0.1072 0.9937
vn 0.1956 -0.9807 0.0032
vn 0.1967 -0.9805 0.0034
vn 0.1969 -0.9804 0.0034
vn -0.9806 -0.1958 -0.0037
vn -0.9804 -0.1971 -0.0042
vn -0.9446 0.2865 -0.1603
vn -0.9108 0.2763 -0.3068
vn -0.9446 0.2865 -0.1601
vn -0.9824 -0.0968 -0.1598
vn -0.9474 -0.0933 -0.3062
vn -0.9825 -0.0968 -0.1593
vn -0.5558 -0.8313 -0.0005
vn 0.1081 0.0328 -0.9936
vn 0.9241 0.3822 0.0032
vn 0.9237 0.3831 0.0030
vn 0.9237 0.3832 0.0031
vn -0.0710 0.0865 0.9937
vn -0.0933 0.9477 -0.3052
vn -0.0968 0.9826 -0.1587
vn -0.0968 0.9827 -0.1580
vn -0.4488 0.8396 -0.3062
vn -0.4653 0.8706 -0.1598
vn -0.4487 0.8396 -0.3062
vn -0.4654 0.8707 -0.1593
vn -0.7357 0.6038 -0.3068
vn -0.7630 0.6262 -0.1603
vn -0.7630 0.6262 -0.1601
vn 0.3824 0.9240 -0.0005
vn 0.9232 0.3842 0.0034
vn 0.9232 0.3844 0.0034
vn -0.8322 -0.5545 -0.0025
vn -0.8322 -0.5544 -0.0025
vn -0.9806 0.1958 -0.0048
vn -0.9809 0.1945 -0.0046
vn -0.9806 0.1959 -0.0048
vn -0.0987 0.0528 0.9937
vn 0.7076 0.7066 0.0015
vn -0.9809 0.1942 -0.0046
vn -0.9813 0.1926 -0.0051
vn -0.9812 -0.1931 -0.0041
vn -0.9812 -0.1929 -0.0042
vn 1.0000 -0.0007 0.0044
vn 1.0000 0.0006 0.0042
vn 1.0000 0.0008 0.0043
vn -0.1114 0.0110 0.9937
vn 0.6047 0.7369 -0.3022
vn 0.6267 0.7636 -0.1556
vn 0.6267 0.7637 -0.1548
vn 0.9245 0.3812 0.0034
vn 1.0000 0.0023 0.0047
vn 1.0000 0.0026 0.0048
vn 0.8411 0.4496 -0.3008
vn 0.8714 0.4658 -0.1540
vn 0.8715 0.4658 -0.1533
vn 0.2766 0.9117 -0.3037
vn 0.2867 0.9450 -0.1573
vn 0.2766 0.9117 -0.3038
vn 0.2867 0.9452 -0.1564
vn 0.7529 0.6179 0.2269
vn 0.6889 0.5654 0.4535
vn 0.7531 0.6180 0.2256
vn 0.4593 0.8592 0.2253
vn 0.4204 0.7866 0.4523
vn 0.4594 0.8595 0.2239
vn 0.0955 0.9700 0.2236
vn 0.0875 0.8882 0.4510
vn 0.0956 0.9703 0.2223
vn -0.2830 0.9330 0.2221
vn -0.2592 0.8546 0.4500
vn -0.2831 0.9333 0.2211
vn -0.6187 0.7539 0.2209
vn -0.5668 0.6906 0.4493
vn -0.6188 0.7540 0.2204
vn -0.8602 0.4598 0.2204
vn -0.7880 0.4212 0.4490
vn -0.8891 0.0876 0.4493
vn -0.9706 0.0956 0.2209
vn -0.9707 0.0956 0.2204
vn -0.8546 -0.2592 0.4500
vn -0.9330 -0.2830 0.2221
vn -0.9333 -0.2831 0.2211
vn -0.6899 -0.5662 0.4510
vn -0.7534 -0.6183 0.2236
vn -0.7537 -0.6185 0.2223
vn -0.4204 -0.7866 0.4523
vn -0.4593 -0.8592 0.2253
vn -0.4594 -0.8595 0.2239
vn -0.0874 -0.8869 0.4535
vn -0.0955 -0.9692 0.2269
vn -0.0955 -0.9695 0.2256
vn 0.2586 -0.8523 0.4546
vn 0.2826 -0.9317 0.2281
vn 0.2827 -0.9319 0.2271
vn 0.5648 -0.6882 0.4553
vn 0.6176 -0.7525 0.2288
vn 0.6176 -0.7526 0.2282
vn 0.7851 -0.4196 0.4556
vn 0.8585 -0.4589 0.2288
vn 0.9688 -0.0954 0.2288
vn 0.8860 -0.0873 0.4553
vn 0.9689 -0.0954 0.2282
vn 0.9317 0.2826 0.2281
vn 0.8523 0.2586 0.4546
vn 0.9319 0.2827 0.2271
vn 0.8486 0.2574 -0.4622
vn 0.9295 0.2820 -0.2377
vn 0.9297 0.2820 -0.2367
vn 0.8829 -0.0870 -0.4615
vn 0.9669 -0.0952 -0.2366
vn 0.9671 -0.0952 -0.2361
vn 0.8570 -0.4581 -0.2360
vn 0.7825 -0.4183 -0.4612
vn 0.6164 -0.7511 -0.2366
vn 0.5628 -0.6858 -0.4615
vn 0.6165 -0.7512 -0.2361
vn 0.2820 -0.9295 -0.2377
vn 0.2574 -0.8486 -0.4622
vn 0.2820 -0.9297 -0.2367
vn -0.0952 -0.9663 -0.2392
vn -0.0869 -0.8820 -0.4632
vn -0.0952 -0.9666 -0.2380
vn -0.4575 -0.8560 -0.2409
vn -0.4175 -0.7810 -0.4645
vn -0.4175 -0.7810 -0.4644
vn -0.4577 -0.8563 -0.2395
vn -0.7499 -0.6155 -0.2424
vn -0.6841 -0.5614 -0.4657
vn -0.7502 -0.6157 -0.2412
vn -0.9281 -0.2815 -0.2436
vn -0.8463 -0.2567 -0.4667
vn -0.9283 -0.2816 -0.2427
vn -0.9650 0.0950 -0.2443
vn -0.8798 0.0867 -0.4674
vn -0.9652 0.0951 -0.2438
vn -0.7795 0.4167 -0.4676
vn -0.8552 0.4571 -0.2444
vn -0.5608 0.6834 -0.4674
vn -0.6152 0.7496 -0.2443
vn -0.6152 0.7497 -0.2438
vn -0.2567 0.8463 -0.4667
vn -0.2815 0.9281 -0.2436
vn -0.2816 0.9283 -0.2427
vn 0.0867 0.8807 -0.4657
vn 0.0951 0.9655 -0.2424
vn 0.0951 0.9658 -0.2412
vn 0.4175 0.7810 -0.4645
vn 0.4575 0.8560 -0.2409
vn 0.4577 0.8563 -0.2395
vn 0.6851 0.5622 -0.4632
vn 0.7506 0.6160 -0.2392
vn 0.7508 0.6162 -0.2380
vn -0.1000 0.0535 -0.9935
vn -0.7065 0.7077 -0.0046
vn -0.7053 0.7089 -0.0051
vn -0.7051 0.7091 -0.0052
vn 0.0004 1.0000 -0.0023
vn 0.0012 1.0000 -0.0025
vn 0.0014 1.0000 -0.0026
vn -0.7076 0.7066 -0.0048
vn -0.7067 0.7075 -0.0046
vn 0.0003 1.0000 -0.0023
vn -0.1129 0.0111 -0.9935
vn 0.8310 -0.5563 0.0048
vn 0.8300 -0.5577 0.0053
vn 0.8311 -0.5561 0.0048
vn -0.1954 -0.9807 0.0014
vn -0.1958 -0.9806 0.0016
vn -0.1953 -0.9807 0.0014
vn 0.8319 -0.5549 0.0050
vn -0.1085 -0.0329 -0.9936
vn -1.0000 0.0008 -0.0043
vn -1.0000 0.0023 -0.0047
vn -1.0000 0.0026 -0.0048
vn -1.0000 -0.0007 -0.0044
vn -1.0000 0.0006 -0.0042
vn -0.0875 -0.0718 -0.9936
vn -0.9241 -0.3821 -0.0031
vn -0.9245 -0.3811 -0.0034
vn -0.9246 -0.3810 -0.0035
vn -0.9237 -0.3831 -0.0032
vn -0.9240 -0.3823 -0.0030
vn -0.0533 -0.0998 -0.9936
vn 0.9809 0.1944 0.0037
vn 0.9812 0.1931 0.0042
vn 0.9809 0.1946 0.0037
vn 0.9807 0.1957 0.0039
vn -0.0111 -0.1125 -0.9936
vn -0.7073 -0.7069 -0.0014
vn -0.7076 -0.7066 -0.0016
vn -0.7077 -0.7065 -0.0016
vn -0.7069 -0.7073 -0.0014
vn -0.7072 -0.7070 -0.0014
vn 0.9813 -0.1927 0.0051
vn 0.9813 -0.1924 0.0051
vn 0.0328 -0.1081 -0.9936
vn 0.8317 0.5552 0.0023
vn 0.8322 0.5545 0.0025
vn 0.8316 0.5553 0.0023
vn -0.9248 0.3803 -0.0053
vn -0.9242 0.3819 -0.0050
vn 0.8313 0.5559 0.0024
vn 0.8312 0.5559 0.0024
vn 0.5575 -0.8302 0.0047
vn 0.5577 -0.8300 0.0047
vn 0.0716 -0.0873 -0.9936
vn -0.3826 -0.9239 0.0005
vn -0.3825 -0.9240 0.0005
vn -0.3824 -0.9240 0.0005
vn -0.3845 0.9231 -0.0041
vn -0.3833 0.9236 -0.0039
vn -0.3828 -0.9239 0.0005
vn -0.7089 0.7053 -0.0051
vn -0.7077 0.7065 -0.0048
vn 0.0996 -0.0532 -0.9936
vn 0.5556 0.8314 0.0005
vn 0.5558 0.8313 0.0005
vn 0.8329 -0.5534 0.0053
vn 0.8330 -0.5532 0.0053
vn 0.5555 0.8315 0.0005
vn -1.0000 -0.0023 -0.0047
vn 0.1124 -0.0111 -0.9936
vn 0.0004 -1.0000 0.0023
vn 0.0012 -1.0000 0.0025
vn 0.0014 -1.0000 0.0026
vn -0.9232 -0.3842 -0.0034
vn -0.9237 -0.3832 -0.0032
vn 0.1119 -0.0110 0.9937
vn -0.0004 -1.0000 0.0024
vn 0.0003 -1.0000 0.0023
vn 0.9804 0.1971 0.0041
vn 0.9803 0.1973 0.0041
vn 0.1948 0.9808 -0.0014
vn 0.1943 0.9809 -0.0016
vn 0.1949 0.9808 -0.0014
vn -0.7066 -0.7077 -0.0015
vn -0.7069 -0.7073 -0.0015
vn 0.0991 -0.0530 0.9937
vn 0.1953 0.9807 -0.0014
vn 0.1953 0.9807 -0.0015
vn 0.8308 0.5566 0.0025
vn 0.8307 0.5567 0.0025
vn 0.3833 -0.9236 0.0037
vn 0.3845 -0.9231 0.0042
vn 0.3847 -0.9230 0.0042
vn -0.3829 -0.9238 0.0005
vn -0.3828 -0.9238 0.0005
vn 0.0713 -0.0869 0.9937
vn 0.3821 -0.9241 0.0039
vn 0.3831 -0.9237 0.0037
vn 0.5554 0.8316 0.0005
vn 0.5553 0.8316 0.0005
vn -0.1957 0.9807 -0.0031
vn -0.1967 0.9805 -0.0034
vn -0.1955 0.9807 -0.0030
vn -0.0012 -1.0000 0.0025
vn 0.0326 -0.1075 0.9937
vn -0.1946 0.9809 -0.0032
vn 0.1958 0.9806 -0.0015
vn 0.1959 0.9806 -0.0016
vn 0.7077 -0.7065 0.0046
vn 0.7089 -0.7053 0.0052
vn 0.7091 -0.7051 0.0052
vn 0.3808 -0.9246 0.0041
vn -0.0110 -0.1117 0.9937
vn 0.7066 -0.7076 0.0048
vn 0.7075 -0.7067 0.0046
vn -0.1935 0.9811 -0.0034
vn -0.1933 0.9811 -0.0034
vn -0.5562 0.8310 -0.0043
vn -0.5575 0.8302 -0.0048
vn -0.5561 0.8311 -0.0042
vn 0.7053 -0.7089 0.0051
vn 0.7065 -0.7077 0.0048
vn -0.0529 -0.0989 0.9937
vn -0.5550 0.8318 -0.0044
vn -0.5549 0.8319 -0.0044
vn -0.5537 0.8327 -0.0047
vn -0.5534 0.8329 -0.0047
vn 0.9242 -0.3818 0.0048
vn 0.9249 -0.3803 0.0054
vn 0.9250 -0.3800 0.0054
vn 0.9236 -0.3834 0.0050
vn 0.9229 -0.3851 0.0053
vn 0.9235 -0.3835 0.0050
vn -0.0866 -0.0711 0.9937
vn 0.9241 -0.3821 0.0048
vn -0.8310 0.5562 -0.0050
vn -0.8300 0.5577 -0.0053
vn -0.8299 0.5579 -0.0053
vn -0.8320 0.5548 -0.0048
vn -0.8329 0.5534 -0.0054
vn -0.8318 0.5550 -0.0048
vn 1.0000 -0.0023 0.0047
vn -0.1072 -0.0325 0.9937
vn -0.8310 0.5563 -0.0050
vn -0.9803 0.1975 -0.0051
vn -0.9802 0.1978 -0.0051
vn 0.1933 -0.9811 0.0034
vn -0.5553 -0.8316 -0.0005
vn 0.5534 -0.8329 0.0048
vn -0.8307 -0.5567 -0.0026
vn 0.9802 -0.1978 0.0052
vn -0.0014 1.0000 -0.0025
vn -0.9803 -0.1973 -0.0042
vn 0.7077 0.7065 0.0016
vn -0.9813 0.1924 -0.0052
vn 0.9246 0.3810 0.0034
vn 0.8299 -0.5579 0.0054
vn -0.1959 -0.9806 0.0016
vn 0.9812 0.1929 0.0042
vn 0.8322 0.5544 0.0026
vn -0.9250 0.3800 -0.0053
vn -0.3847 0.9230 -0.0042
vn -0.7090 0.7051 -0.0051
vn -1.0000 -0.0026 -0.0047
vn -0.9232 -0.3844 -0.0034
vn 0.1943 0.9810 -0.0016
vn -0.7065 -0.7077 -0.0016
vn -0.1969 0.9804 -0.0035
vn -0.0014 -1.0000 0.0025
vn 0.3806 -0.9247 0.0041
vn -0.5577 0.8300 -0.0048
vn 0.7051 -0.7090 0.0051
vn 0.9228 -0.3853 0.0053
vn -0.8331 0.5531 -0.0054
vn 1.0000 -0.0026 0.0048
vt 0.041319 0.640085
vt 0.048123 0.567897
vt 0.048068 0.640090
vt 0.091856 0.640067
vt 0.088455 0.567875
vt 0.095205 0.567872
vt 0.081814 0.640078
vt 0.034570 0.640080
vt 0.041374 0.567892
vt 0.081706 0.567885
vt 0.031332 0.567879
vt 0.074957 0.567895
vt 0.024528 0.640068
vt 0.021290 0.567867
vt 0.068316 0.640098
vt 0.075065 0.640088
vt 0.017778 0.640055
vt 0.112104 0.640045
vt 0.105247 0.567862
vt 0.111996 0.567852
vt 0.061567 0.640100
vt 0.064915 0.567905
vt 0.105355 0.640055
vt 0.011247 0.567842
vt 0.054872 0.567902
vt 0.054817 0.640095
vt 0.098605 0.640065
vt 0.118745 0.567842
vt 0.118853 0.640035
vt 0.203386 0.653880
vt 0.252675 0.674297
vt 0.216271 0.718655
vt 0.247843 0.705742
vt 0.199276 0.710525
vt 0.199276 0.657175
vt 0.011029 0.640034
vt 0.186631 0.674296
vt 0.192978 0.662422
vt 0.223036 0.649972
vt 0.235920 0.653880
vt 0.246328 0.662422
vt 0.252675 0.694331
vt 0.241545 0.710989
vt 0.229670 0.717336
vt 0.197762 0.710989
vt 0.186631 0.694331
vt 0.211151 0.650828
vt 0.224551 0.649509
vt 0.237435 0.653417
vt 0.247843 0.661959
vt 0.254190 0.673833
vt 0.254190 0.693868
vt 0.237435 0.714284
vt 0.224550 0.718192
vt 0.211151 0.716872
vt 0.190735 0.700117
vt 0.186826 0.687233
vt 0.190735 0.667583
vt 0.463198 0.188097
vt 0.370971 0.188097
vt 0.463198 0.172459
vt 0.463198 0.203734
vt 0.370971 0.172460
vt 0.370971 0.203734
vt 0.463198 0.156822
vt 0.463198 0.219372
vt 0.370971 0.156822
vt 0.370971 0.219372
vt 0.463198 0.235009
vt 0.370971 0.235009
vt 0.463198 0.141185
vt 0.370971 0.141185
vt 0.463198 0.250647
vt 0.370971 0.250647
vt 0.463198 0.125547
vt 0.370971 0.125547
vt 0.463198 0.109910
vt 0.463198 0.266284
vt 0.370971 0.109910
vt 0.370971 0.266284
vt 0.463198 0.281921
vt 0.463197 0.094272
vt 0.370971 0.094272
vt 0.370971 0.281921
vt 0.463198 0.078635
vt 0.370971 0.297559
vt 0.370971 0.078635
vt 0.463198 0.297559
vt 0.463197 0.062998
vt 0.370971 0.062998
vt 0.463198 0.313196
vt 0.370971 0.313196
vt 0.463198 0.328834
vt 0.463197 0.047360
vt 0.370971 0.047360
vt 0.370971 0.328834
vt 0.463198 0.344471
vt 0.370971 0.344471
vt 0.463197 0.031723
vt 0.370971 0.547757
vt 0.370971 0.532120
vt 0.463197 0.532120
vt 0.463197 0.516482
vt 0.463198 0.360108
vt 0.370971 0.516482
vt 0.370971 0.360108
vt 0.463197 0.500845
vt 0.463198 0.375746
vt 0.370971 0.375746
vt 0.370971 0.500845
vt 0.463198 0.391383
vt 0.463198 0.485208
vt 0.370971 0.391383
vt 0.370971 0.485208
vt 0.463198 0.407021
vt 0.463198 0.469570
vt 0.370971 0.407021
vt 0.370971 0.469570
vt 0.463198 0.422658
vt 0.463198 0.453933
vt 0.370971 0.453933
vt 0.370971 0.422658
vt 0.463198 0.438295
vt 0.370971 0.438295
vt 0.053261 0.802122
vt 0.035664 0.793556
vt 0.055556 0.793556
vt 0.037959 0.859227
vt 0.018438 0.857847
vt 0.024708 0.851577
vt 0.017057 0.823024
vt 0.008492 0.840620
vt 0.008492 0.820729
vt 0.074163 0.838325
vt 0.072783 0.857847
vt 0.066512 0.851576
vt 0.072783 0.803502
vt 0.066512 0.809773
vt 0.017057 0.838325
vt 0.759651 0.236742
vt 0.751085 0.219145
vt 0.759651 0.221440
vt 0.055556 0.867793
vt 0.053261 0.859227
vt 0.074163 0.823024
vt 0.082729 0.820729
vt 0.024708 0.809773
vt 0.037959 0.802122
vt 0.035664 0.867793
vt 0.082729 0.840620
vt 0.915727 0.083729
vt 0.938390 0.068427
vt 0.938390 0.083729
vt 0.915727 0.114331
vt 0.938390 0.099030
vt 0.938390 0.114331
vt 0.915727 0.144934
vt 0.938390 0.129633
vt 0.938390 0.144934
vt 0.385927 0.944544
vt 0.411633 0.913230
vt 0.411633 0.944544
vt 0.915727 0.175537
vt 0.938390 0.160235
vt 0.938390 0.175537
vt 0.915727 0.206139
vt 0.938390 0.190838
vt 0.938390 0.206139
vt 0.915727 0.236742
vt 0.938390 0.221440
vt 0.938390 0.236742
vt 0.392729 0.626002
vt 0.367023 0.587929
vt 0.392729 0.587929
vt 0.392739 0.626370
vt 0.367033 0.588297
vt 0.392739 0.588297
vt 0.392570 0.626370
vt 0.366864 0.588297
vt 0.392570 0.588297
vt 0.392065 0.586984
vt 0.366359 0.625057
vt 0.366358 0.586984
vt 0.392475 0.625222
vt 0.366769 0.587149
vt 0.392475 0.587149
vt 0.098480 0.984914
vt 0.128781 0.934861
vt 0.131181 0.983294
vt 0.324552 0.774464
vt 0.350258 0.659558
vt 0.350258 0.774464
vt 0.325226 0.775777
vt 0.350932 0.660871
vt 0.350932 0.775777
vt 0.411623 0.944176
vt 0.385917 0.912862
vt 0.411623 0.912862
vt 0.367033 0.731655
vt 0.367033 0.626370
vt 0.385758 0.944544
vt 0.411464 0.913230
vt 0.411464 0.944544
vt 0.385663 0.943396
vt 0.411369 0.912082
vt 0.411369 0.943396
vt 0.350258 0.928233
vt 0.324552 0.887298
vt 0.350258 0.887298
vt 0.325226 0.929546
vt 0.350932 0.888611
vt 0.350932 0.929546
vt 0.308861 0.730507
vt 0.324962 0.659723
vt 0.324962 0.774630
vt 0.203015 0.712239
vt 0.172547 0.742163
vt 0.169824 0.687207
vt 0.206741 0.688296
vt 0.167800 0.646359
vt 0.366769 0.730507
vt 0.392475 0.730507
vt 0.089444 0.802547
vt 0.096080 0.936481
vt 0.173330 0.559910
vt 0.134555 0.601420
vt 0.143669 0.554187
vt 0.137123 0.688827
vt 0.135099 0.647979
vt 0.350668 0.659723
vt 0.366769 0.625222
vt 0.375723 0.796911
vt 0.350668 0.774630
vt 0.375723 0.734902
vt 0.299907 0.796911
vt 0.324962 0.817830
vt 0.367023 0.731287
vt 0.392729 0.731287
vt 0.379575 0.815542
vt 0.405282 0.802674
vt 0.405282 0.815542
vt 0.352735 0.927365
vt 0.327029 0.886430
vt 0.352735 0.886430
vt 0.350668 0.849941
vt 0.350668 0.817830
vt 0.309115 0.731287
vt 0.325216 0.660503
vt 0.325216 0.775409
vt 0.282497 0.890651
vt 0.325216 0.850721
vt 0.325216 0.888243
vt 0.393641 0.890651
vt 0.350922 0.850721
vt 0.393641 0.836793
vt 0.375977 0.797691
vt 0.350922 0.775409
vt 0.375977 0.735682
vt 0.405536 0.816322
vt 0.379829 0.803453
vt 0.405536 0.803453
vt 0.350922 0.660503
vt 0.325216 0.929178
vt 0.350922 0.888243
vt 0.350922 0.929178
vt 0.350922 0.818610
vt 0.379839 0.816690
vt 0.405545 0.803821
vt 0.405545 0.816690
vt 0.325226 0.851088
vt 0.350932 0.818978
vt 0.350932 0.851088
vt 0.375987 0.798059
vt 0.375987 0.736050
vt 0.392739 0.731655
vt 0.366864 0.731655
vt 0.392570 0.731655
vt 0.300171 0.798059
vt 0.325226 0.818978
vt 0.308957 0.731655
vt 0.325057 0.660871
vt 0.325057 0.775777
vt 0.300003 0.798059
vt 0.325057 0.818978
vt 0.350764 0.660871
vt 0.366864 0.626370
vt 0.375818 0.798059
vt 0.350764 0.775777
vt 0.375818 0.736050
vt 0.379671 0.816690
vt 0.405377 0.803821
vt 0.405377 0.816690
vt 0.350764 0.929546
vt 0.325057 0.888611
vt 0.350764 0.888611
vt 0.350764 0.851089
vt 0.350764 0.818978
vt 0.308451 0.730342
vt 0.324552 0.659558
vt 0.299497 0.796746
vt 0.324552 0.817665
vt 0.324552 0.849775
vt 0.350258 0.817665
vt 0.350258 0.849775
vt 0.392065 0.730342
vt 0.392065 0.625057
vt 0.385253 0.943231
vt 0.410959 0.911917
vt 0.410959 0.943231
vt 0.404872 0.815377
vt 0.379166 0.802508
vt 0.404872 0.802508
vt 0.851024 0.083729
vt 0.915727 0.068427
vt 0.052560 0.968036
vt 0.067012 0.952734
vt 0.067012 0.968036
vt 0.851024 0.099030
vt 0.915727 0.099030
vt 0.052560 0.983337
vt 0.067012 0.983337
vt 0.851024 0.114331
vt 0.948007 0.533596
vt 0.557964 0.479113
vt 0.948007 0.479114
vt 0.851024 0.129633
vt 0.915727 0.129633
vt 0.021310 0.952709
vt 0.035762 0.937407
vt 0.035762 0.952709
vt 0.851024 0.144934
vt 0.021310 0.968010
vt 0.035762 0.968010
vt 0.851024 0.160235
vt 0.915727 0.160235
vt 0.021310 0.983311
vt 0.035762 0.983311
vt 0.851024 0.175537
vt 0.488059 0.282086
vt 0.520375 0.063579
vt 0.520375 0.282086
vt 0.915727 0.190838
vt 0.051522 0.897372
vt 0.066823 0.882920
vt 0.066823 0.897372
vt 0.851024 0.206139
vt 0.036221 0.897372
vt 0.051522 0.882920
vt 0.851024 0.221440
vt 0.915727 0.221440
vt 0.020919 0.882920
vt 0.020919 0.897372
vt 0.851024 0.236742
vt 0.589753 0.276734
vt 0.620275 0.058228
vt 0.620275 0.276734
vt 0.851024 0.068427
vt 0.915727 0.053126
vt 0.836572 0.068427
vt 0.851024 0.053126
vt 0.526915 0.058228
vt 0.494599 0.027706
vt 0.526916 0.027706
vt 0.557964 0.309259
vt 0.503482 0.366945
vt 0.503482 0.309259
vt 0.488059 0.033057
vt 0.520375 0.033058
vt 0.557437 0.058228
vt 0.589753 0.058228
vt 0.583213 0.282086
vt 0.613735 0.063579
vt 0.613735 0.282086
vt 0.526915 0.276734
vt 0.494599 0.058228
vt 0.948007 0.421428
vt 0.557964 0.421427
vt 0.557437 0.276734
vt 0.557964 0.366945
vt 0.948007 0.366945
vt 0.948007 0.309259
vt 0.550897 0.063579
vt 0.550897 0.282086
vt 0.583213 0.063579
vt 0.209319 0.591439
vt 0.163364 0.604294
vt 0.379575 0.802674
vt 0.393387 0.889871
vt 0.393387 0.836013
vt 0.296055 0.815542
vt 0.324962 0.849941
vt 0.282243 0.889871
vt 0.324962 0.887463
vt 0.379829 0.816322
vt 0.296309 0.816322
vt 0.325216 0.818610
vt 0.300161 0.797691
vt 0.296319 0.816690
vt 0.282507 0.891019
vt 0.325226 0.888611
vt 0.379839 0.803821
vt 0.393651 0.891019
vt 0.393651 0.837161
vt 0.379671 0.803821
vt 0.393483 0.891019
vt 0.393483 0.837161
vt 0.296150 0.816690
vt 0.325057 0.851089
vt 0.282338 0.891019
vt 0.295645 0.815377
vt 0.281833 0.889706
vt 0.139846 0.743783
vt 0.147088 0.889956
vt 0.759651 0.083729
vt 0.836572 0.083729
vt 0.759651 0.099030
vt 0.836572 0.099030
vt 0.759651 0.114331
vt 0.836572 0.114331
vt 0.759651 0.129633
vt 0.836572 0.129633
vt 0.759651 0.144934
vt 0.836572 0.144934
vt 0.759651 0.160235
vt 0.836572 0.160235
vt 0.759651 0.175536
vt 0.836572 0.175537
vt 0.836572 0.190838
vt 0.759651 0.206139
vt 0.836572 0.206139
vt 0.836572 0.221441
vt 0.836572 0.236742
vt 0.759651 0.068427
vt 0.836573 0.053126
vt 0.904258 0.728522
vt 0.918833 0.703896
vt 0.913384 0.731290
vt 0.674265 0.605589
vt 0.686645 0.579788
vt 0.692694 0.587160
vt 0.894285 0.752601
vt 0.902695 0.757096
vt 0.709869 0.564270
vt 0.714364 0.572680
vt 0.879805 0.774271
vt 0.887177 0.780320
vt 0.735674 0.553581
vt 0.738442 0.562707
vt 0.861377 0.792700
vt 0.867426 0.800071
vt 0.764004 0.557622
vt 0.763069 0.548132
vt 0.714364 0.807179
vt 0.735675 0.826278
vt 0.709869 0.815589
vt 0.839707 0.807179
vt 0.844202 0.815589
vt 0.791001 0.548132
vt 0.790067 0.557622
vt 0.692694 0.792700
vt 0.686645 0.800071
vt 0.815628 0.817153
vt 0.818396 0.826278
vt 0.818396 0.553581
vt 0.815628 0.562706
vt 0.666894 0.780321
vt 0.674265 0.774271
vt 0.790066 0.822237
vt 0.791001 0.831727
vt 0.844202 0.564270
vt 0.839706 0.572680
vt 0.651376 0.757096
vt 0.659786 0.752601
vt 0.764004 0.822237
vt 0.763070 0.831727
vt 0.867426 0.579788
vt 0.861377 0.587160
vt 0.640687 0.731291
vt 0.649812 0.728523
vt 0.738443 0.817153
vt 0.879805 0.605589
vt 0.887177 0.599539
vt 0.635238 0.703896
vt 0.644728 0.702961
vt 0.894285 0.627259
vt 0.902695 0.622764
vt 0.635238 0.675964
vt 0.644728 0.676899
vt 0.904258 0.651337
vt 0.913384 0.648569
vt 0.640687 0.648569
vt 0.649812 0.651337
vt 0.909343 0.676899
vt 0.918833 0.675964
vt 0.651376 0.622764
vt 0.659786 0.627259
vt 0.909343 0.702961
vt 0.666894 0.599539
vt 0.838989 0.809207
vt 0.866361 0.801933
vt 0.843243 0.817380
vt 0.814910 0.819181
vt 0.817556 0.828020
vt 0.790287 0.833444
vt 0.789349 0.824265
vt 0.762483 0.833444
vt 0.763286 0.824265
vt 0.735214 0.828020
vt 0.737725 0.819181
vt 0.709527 0.817380
vt 0.713646 0.809207
vt 0.686409 0.801933
vt 0.691976 0.794728
vt 0.666749 0.782273
vt 0.673547 0.776299
vt 0.651302 0.759155
vt 0.659068 0.754629
vt 0.640662 0.733468
vt 0.649094 0.730550
vt 0.635238 0.706199
vt 0.644010 0.704989
vt 0.635238 0.678395
vt 0.644010 0.678926
vt 0.640662 0.651126
vt 0.649094 0.653365
vt 0.651302 0.625439
vt 0.659068 0.629286
vt 0.666749 0.602321
vt 0.673547 0.607616
vt 0.686409 0.582661
vt 0.691976 0.589188
vt 0.709527 0.567214
vt 0.713646 0.574708
vt 0.735214 0.556574
vt 0.737725 0.564735
vt 0.762483 0.551150
vt 0.763286 0.559650
vt 0.789349 0.559650
vt 0.790287 0.551150
vt 0.814910 0.564735
vt 0.817556 0.556574
vt 0.838989 0.574708
vt 0.843243 0.567214
vt 0.860659 0.589188
vt 0.866361 0.582661
vt 0.879088 0.607616
vt 0.886021 0.602321
vt 0.893567 0.629287
vt 0.901468 0.625439
vt 0.903541 0.653365
vt 0.912108 0.651126
vt 0.908625 0.678927
vt 0.917532 0.678395
vt 0.908625 0.704989
vt 0.917532 0.706199
vt 0.903541 0.730551
vt 0.912108 0.733468
vt 0.893567 0.754629
vt 0.901468 0.759155
vt 0.879087 0.776299
vt 0.886021 0.782273
vt 0.860659 0.794728
vt 0.220160 0.554180
vt 0.099658 0.565221
vt 0.106630 0.529090
vt 0.350668 0.928398
vt 0.385663 0.912082
vt 0.324962 0.928398
vt 0.289967 0.912082
vt 0.195810 0.797276
vt 0.179790 0.888336
vt 0.385917 0.944176
vt 0.290221 0.912862
vt 0.385927 0.913230
vt 0.290231 0.913230
vt 0.385758 0.913230
vt 0.325057 0.929546
vt 0.290063 0.913230
vt 0.324552 0.928233
vt 0.289557 0.911916
vt 0.385253 0.911917
vt 0.077776 0.797520
vt 0.106569 0.717018
vt 0.110477 0.795900
vt 0.419094 0.836013
vt 0.401429 0.734902
vt 0.419347 0.836793
vt 0.401683 0.735682
vt 0.419357 0.891019
vt 0.401693 0.736050
vt 0.419189 0.837161
vt 0.401525 0.798059
vt 0.392977 0.835848
vt 0.418684 0.889706
vt 0.392977 0.889706
vt 0.375313 0.734737
vt 0.401019 0.796746
vt 0.375313 0.796746
vt 0.069997 0.559498
vt 0.076970 0.523366
vt 0.367023 0.626002
vt 0.081512 0.599051
vt 0.082293 0.665881
vt 0.100494 0.693560
vt 0.101305 0.709930
vt 0.122145 0.800926
vt 0.309125 0.731655
vt 0.325226 0.660871
vt 0.050395 0.666254
vt 0.049614 0.599424
vt 0.068604 0.711550
vt 0.379166 0.815377
vt 0.366359 0.730342
vt 0.751085 0.239037
vt 0.018437 0.803502
vt 0.308861 0.625222
vt 0.206923 0.791121
vt 0.207553 0.704666
vt 0.299907 0.734902
vt 0.327029 0.927365
vt 0.309116 0.626002
vt 0.282497 0.836793
vt 0.300171 0.736050
vt 0.308957 0.626370
vt 0.300002 0.736050
vt 0.308451 0.625057
vt 0.299497 0.734737
vt 0.052560 0.952734
vt 0.557964 0.533595
vt 0.021310 0.937407
vt 0.488059 0.063579
vt 0.851024 0.190838
vt 0.036221 0.882920
vt 0.494599 0.276734
vt 0.220160 0.653917
vt 0.350668 0.887463
vt 0.296055 0.802674
vt 0.282243 0.836013
vt 0.296309 0.803453
vt 0.300161 0.735682
vt 0.296319 0.803821
vt 0.282507 0.837160
vt 0.296150 0.803821
vt 0.282338 0.837161
vt 0.295645 0.802508
vt 0.281833 0.835848
vt 0.759651 0.190838
vt 0.759651 0.053126
vt 0.289967 0.943396
vt 0.202446 0.931211
vt 0.290221 0.944176
vt 0.290231 0.944544
vt 0.290063 0.944544
vt 0.289557 0.943231
vt 0.073868 0.718638
vt 0.419094 0.889871
vt 0.401429 0.796911
vt 0.419347 0.890651
vt 0.401683 0.797691
vt 0.419357 0.837161
vt 0.401693 0.798059
vt 0.419189 0.891019
vt 0.401525 0.736050
vt 0.418684 0.835848
vt 0.401019 0.734737
vt 0.309125 0.626370
vt 0.067793 0.695180
vt 0.228492 0.766132
vt 0.243272 0.773513
vt 0.228492 0.773513
vt 0.956618 0.068427
vt 0.956618 0.083729
vt 0.956618 0.099030
vt 0.956618 0.114331
vt 0.956618 0.129633
vt 0.956618 0.144934
vt 0.956618 0.160235
vt 0.956618 0.175537
vt 0.956618 0.190838
vt 0.956618 0.206139
vt 0.956618 0.221440
vt 0.956618 0.236742
vt 0.956618 0.053126
vt 0.256616 0.587695
vt 0.249486 0.570483
vt 0.260306 0.581303
vt 0.262738 0.562833
vt 0.266698 0.577613
vt 0.278039 0.562833
vt 0.274079 0.577613
vt 0.280471 0.581303
vt 0.291290 0.570483
vt 0.298941 0.583735
vt 0.284161 0.587695
vt 0.284161 0.595076
vt 0.298941 0.599036
vt 0.291290 0.612287
vt 0.280471 0.601468
vt 0.274079 0.605158
vt 0.278039 0.619938
vt 0.262738 0.619938
vt 0.266698 0.605158
vt 0.249486 0.612287
vt 0.260306 0.601468
vt 0.241836 0.599036
vt 0.256616 0.595076
vt 0.241836 0.583735
vt 0.150003 0.911632
vt 0.173858 0.918024
vt 0.156395 0.935487
vt 0.228492 0.788274
vt 0.243272 0.795655
vt 0.228492 0.795655
vt 0.228492 0.736609
vt 0.243272 0.743989
vt 0.228492 0.743989
vt 0.228492 0.721847
vt 0.243272 0.729228
vt 0.228492 0.729228
vt 0.228492 0.758751
vt 0.243272 0.766132
vt 0.243272 0.780893
vt 0.243272 0.788274
vt 0.243272 0.736609
vt 0.228492 0.803036
vt 0.243272 0.810416
vt 0.228492 0.810416
vt 0.228492 0.751370
vt 0.243272 0.758751
vt 0.228492 0.780893
vt 0.243272 0.803036
vt 0.243272 0.751370
vt 0.709475 0.020228
vt 0.751086 0.000337
vt 0.751086 0.020228
vt 0.709475 0.239037
vt 0.709475 0.219145
vt 0.751085 0.199254
vt 0.709475 0.199253
vt 0.751085 0.179362
vt 0.709475 0.159470
vt 0.751085 0.159470
vt 0.751085 0.139578
vt 0.709475 0.139578
vt 0.751085 0.119687
vt 0.709475 0.119687
vt 0.751085 0.099795
vt 0.709475 0.099795
vt 0.751085 0.079903
vt 0.709475 0.079903
vt 0.751085 0.060012
vt 0.662410 0.266209
vt 0.645184 0.201918
vt 0.709475 0.060012
vt 0.751085 0.040120
vt 0.709475 0.040120
vt 0.938390 0.053126
vt 0.150003 0.931796
vt 0.146312 0.925404
vt 0.146312 0.918024
vt 0.156395 0.907941
vt 0.163775 0.907941
vt 0.170167 0.911632
vt 0.173858 0.925404
vt 0.170167 0.931796
vt 0.163775 0.935487
vt 0.243272 0.721847
vt 0.709475 0.000336
vt 0.709475 0.179362
vt 0.699529 0.256264
vt 0.682302 0.266209
vt 0.645184 0.256264
vt 0.635238 0.239037
vt 0.635238 0.219145
vt 0.662410 0.191973
vt 0.682302 0.191973
vt 0.699529 0.201918
vt 0.049333 0.393103
vt 0.056719 0.367919
vt 0.057243 0.393467
vt 0.049014 0.367742
vt 0.058216 0.341468
vt 0.050214 0.341489
vt 0.056363 0.315434
vt 0.048549 0.315527
vt 0.056812 0.288256
vt 0.048704 0.288517
vt 0.053956 0.261559
vt 0.046032 0.261886
vt 0.053463 0.233539
vt 0.045241 0.234071
vt 0.049528 0.206077
vt 0.041484 0.206725
vt 0.047846 0.177070
vt 0.039481 0.178037
vt 0.042244 0.148682
vt 0.034042 0.149940
vt 0.038224 0.118329
vt 0.029619 0.120286
vt 0.028899 0.088586
vt 0.020130 0.091446
vt 0.018582 0.057989
vt 0.180339 0.484432
vt 0.200389 0.463003
vt 0.186607 0.488547
vt 0.199605 0.432092
vt 0.192339 0.459952
vt 0.206428 0.405494
vt 0.207244 0.434157
vt 0.209195 0.377809
vt 0.214289 0.406953
vt 0.213208 0.351192
vt 0.216807 0.378743
vt 0.214126 0.323709
vt 0.221057 0.351885
vt 0.216784 0.297118
vt 0.221776 0.324113
vt 0.216582 0.269747
vt 0.224696 0.297386
vt 0.218218 0.243158
vt 0.224315 0.269797
vt 0.216997 0.215890
vt 0.226228 0.243098
vt 0.217544 0.189326
vt 0.224825 0.215629
vt 0.215034 0.162241
vt 0.225652 0.188924
vt 0.213874 0.135800
vt 0.222937 0.161574
vt 0.208829 0.109207
vt 0.222050 0.134794
vt 0.203469 0.083531
vt 0.216702 0.107579
vt 0.191969 0.059762
vt 0.211380 0.080836
vt 0.038478 0.467473
vt 0.033685 0.493445
vt 0.026911 0.489005
vt 0.051199 0.444065
vt 0.046291 0.470494
vt 0.044019 0.442955
vt 0.053886 0.419402
vt 0.046359 0.418638
vt 0.167973 0.137966
vt 0.160215 0.105757
vt 0.169987 0.106548
vt 0.340828 0.188084
vt 0.330506 0.216454
vt 0.331876 0.187947
vt 0.169529 0.167784
vt 0.158204 0.137724
vt 0.339704 0.216743
vt 0.331817 0.245671
vt 0.168727 0.198273
vt 0.160191 0.167626
vt 0.340723 0.245998
vt 0.329767 0.274029
vt 0.170397 0.227292
vt 0.159283 0.198221
vt 0.338930 0.274543
vt 0.330324 0.303213
vt 0.169276 0.256968
vt 0.161321 0.227102
vt 0.339206 0.303762
vt 0.327577 0.331501
vt 0.165183 0.423701
vt 0.158650 0.395956
vt 0.167011 0.396460
vt 0.170358 0.285248
vt 0.160090 0.256773
vt 0.336719 0.332214
vt 0.327561 0.360707
vt 0.167260 0.449749
vt 0.156610 0.423578
vt 0.168619 0.314106
vt 0.161530 0.284878
vt 0.333693 0.389740
vt 0.336426 0.361379
vt 0.172467 0.476584
vt 0.158775 0.450670
vt 0.169061 0.341645
vt 0.159683 0.313716
vt 0.333784 0.418815
vt 0.324539 0.389054
vt 0.179868 0.501131
vt 0.164290 0.478478
vt 0.166835 0.369685
vt 0.160476 0.341108
vt 0.332774 0.447174
vt 0.324877 0.418477
vt 0.345704 0.039273
vt 0.332481 0.068820
vt 0.335382 0.037141
vt 0.158135 0.369184
vt 0.337202 0.475910
vt 0.323464 0.447492
vt 0.342453 0.069975
vt 0.329673 0.099297
vt 0.345704 0.502226
vt 0.328339 0.477886
vt 0.339303 0.099868
vt 0.331184 0.129587
vt 0.171549 0.075379
vt 0.169558 0.040345
vt 0.179868 0.044214
vt 0.340279 0.129776
vt 0.329987 0.158530
vt 0.160811 0.073588
vt 0.339275 0.158705
vt 0.122208 0.205692
vt 0.123136 0.223048
vt 0.124394 0.319278
vt 0.124473 0.335667
vt 0.094039 0.345321
vt 0.091575 0.336125
vt 0.124016 0.263348
vt 0.124518 0.280135
vt 0.090791 0.373249
vt 0.063041 0.365019
vt 0.093187 0.364097
vt 0.063050 0.344329
vt 0.025431 0.058675
vt 0.034882 0.082805
vt 0.124579 0.492912
vt 0.085944 0.477883
vt 0.120880 0.479912
vt 0.153167 0.366055
vt 0.153654 0.344209
vt 0.284971 0.491514
vt 0.338011 0.505703
vt 0.287163 0.521942
vt 0.116481 0.077424
vt 0.117514 0.099246
vt 0.119269 0.145264
vt 0.120497 0.163674
vt 0.093423 0.310040
vt 0.121824 0.309192
vt 0.080586 0.488869
vt 0.051830 0.469042
vt 0.288529 0.380899
vt 0.289873 0.363722
vt 0.284891 0.441480
vt 0.286154 0.422659
vt 0.091310 0.319398
vt 0.062713 0.312212
vt 0.044384 0.120545
vt 0.048767 0.144216
vt 0.293958 0.267009
vt 0.294468 0.250204
vt 0.291912 0.323620
vt 0.292899 0.306779
vt 0.122046 0.446629
vt 0.088026 0.455485
vt 0.086741 0.445265
vt 0.154532 0.310599
vt 0.154589 0.288215
vt 0.091636 0.235013
vt 0.088395 0.225482
vt 0.056788 0.448240
vt 0.127463 0.519765
vt 0.290543 0.092519
vt 0.289969 0.072326
vt 0.293109 0.153048
vt 0.292641 0.135540
vt 0.294368 0.210380
vt 0.294372 0.193449
vt 0.123454 0.374054
vt 0.123234 0.390341
vt 0.058784 0.236201
vt 0.121990 0.429225
vt 0.053480 0.179609
vt 0.056025 0.202191
vt 0.250092 0.064169
vt 0.286956 0.059755
vt 0.154724 0.253691
vt 0.154260 0.230697
vt 0.087978 0.427577
vt 0.088710 0.197639
vt 0.119002 0.195084
vt 0.249599 0.076052
vt 0.215524 0.076103
vt 0.090475 0.389861
vt 0.260283 0.193386
vt 0.260363 0.210602
vt 0.257423 0.136875
vt 0.258379 0.154564
vt 0.252556 0.095964
vt 0.073669 0.514976
vt 0.087042 0.207742
vt 0.060377 0.258030
vt 0.290913 0.015179
vt 0.242449 0.037870
vt 0.233582 0.024876
vt 0.153709 0.195132
vt 0.152942 0.171416
vt 0.151679 0.420572
vt 0.206209 0.055415
vt 0.198494 0.055508
vt 0.151994 0.398978
vt 0.120788 0.400249
vt 0.061882 0.291009
vt 0.259016 0.304525
vt 0.257893 0.321723
vt 0.260625 0.248994
vt 0.260078 0.266126
vt 0.259234 0.126821
vt 0.289845 0.124798
vt 0.152470 0.134410
vt 0.152454 0.109459
vt 0.226673 0.131285
vt 0.249583 0.418440
vt 0.246670 0.437584
vt 0.255515 0.360497
vt 0.253752 0.378056
vt 0.156992 0.476279
vt 0.256458 0.106076
vt 0.154813 0.069077
vt 0.160326 0.042484
vt 0.084004 0.167127
vt 0.081912 0.148324
vt 0.076492 0.104098
vt 0.072573 0.082226
vt 0.228403 0.513091
vt 0.237048 0.485294
vt 0.154006 0.454103
vt 0.119490 0.457566
vt 0.223724 0.109676
vt 0.325461 0.064592
vt 0.262623 0.183804
vt 0.291940 0.183036
vt 0.320481 0.475142
vt 0.318195 0.450976
vt 0.328964 0.039509
vt 0.286007 0.032051
vt 0.230527 0.185808
vt 0.324007 0.126238
vt 0.261221 0.164157
vt 0.319072 0.391933
vt 0.090849 0.281573
vt 0.090055 0.264429
vt 0.324113 0.102592
vt 0.288101 0.104167
vt 0.229639 0.164336
vt 0.122432 0.290433
vt 0.121263 0.233731
vt 0.121125 0.253054
vt 0.118734 0.174918
vt 0.115433 0.111831
vt 0.115812 0.133974
vt 0.114624 0.033729
vt 0.113107 0.063815
vt 0.281567 0.453098
vt 0.281768 0.477292
vt 0.284511 0.411384
vt 0.285166 0.391303
vt 0.322123 0.334359
vt 0.288321 0.353069
vt 0.288744 0.333824
vt 0.324378 0.277004
vt 0.291124 0.296305
vt 0.291055 0.277240
vt 0.325185 0.219577
vt 0.292381 0.239804
vt 0.291744 0.220726
vt 0.324675 0.161791
vt 0.290718 0.163688
vt 0.119608 0.418936
vt 0.122168 0.345666
vt 0.121138 0.364064
vt 0.061812 0.396549
vt 0.090939 0.418227
vt 0.060365 0.416966
vt 0.092547 0.399152
vt 0.262736 0.220137
vt 0.231244 0.240199
vt 0.231384 0.218722
vt 0.263338 0.239578
vt 0.262125 0.275717
vt 0.229832 0.294663
vt 0.230768 0.273137
vt 0.262067 0.295184
vt 0.259650 0.331438
vt 0.226341 0.349346
vt 0.228128 0.327705
vt 0.258942 0.351124
vt 0.255193 0.388103
vt 0.219866 0.404702
vt 0.223033 0.382717
vt 0.253669 0.408668
vt 0.213167 0.439072
vt 0.243700 0.473532
vt 0.206531 0.461756
vt 0.247497 0.448884
vt 0.072950 0.069125
vt 0.066559 0.039417
vt 0.083272 0.137458
vt 0.081278 0.114892
vt 0.087754 0.177017
vt 0.091945 0.254751
vt 0.093689 0.290894
vt 0.056664 0.025195
vt 0.119881 0.015179
vt 0.317968 0.414800
vt 0.320769 0.356954
vt 0.323472 0.299592
vt 0.324868 0.242232
vt 0.324821 0.184658
vt 0.009813 0.061933
vt 0.172648 0.504207
s 1
g off
g LlantasTraserasDerechas_01_SpacialRoverExploreralumWhite
usemtl SpacialRoverExploreralumWhite
f 11/1/1 24/2/2 10/3/2
f 4/4/3 19/5/4 18/6/5
f 4/4/3 5/7/6 19/5/4
f 11/1/1 12/8/7 25/9/8
f 5/7/6 20/10/9 19/5/4
f 12/8/7 26/11/10 25/9/8
f 5/7/6 21/12/11 20/10/9
f 12/8/7 13/13/12 26/11/10
f 13/13/12 27/14/13 26/11/10
f 7/15/14 21/12/11 6/16/15
f 13/13/12 14/17/16 27/14/13
f 1/18/17 17/19/18 16/20/17
f 7/15/14 8/21/19 22/22/20
f 1/18/17 2/23/21 17/19/18
f 14/17/16 28/24/22 27/14/13
f 8/21/19 23/25/23 22/22/20
f 8/21/19 9/26/24 23/25/23
f 3/27/25 17/19/18 2/23/21
f 1/18/17 28/28/22 15/29/26
f 10/3/2 23/25/23 9/26/24
f 3/27/25 4/4/3 18/6/5
s 2
f 17/30/27 21/31/27 25/32/27
s 3
f 11/33/28 7/34/28 3/35/28
s 1
f 11/1/1 25/9/8 24/2/2
f 5/7/6 6/16/15 21/12/11
f 7/15/14 22/22/20 21/12/11
f 14/17/16 15/36/26 28/24/22
f 3/27/25 18/6/5 17/19/18
f 1/18/17 16/20/17 28/28/22
f 10/3/2 24/2/2 23/25/23
s 2
f 28/37/27 16/38/27 17/30/27
f 17/30/27 18/39/27 19/40/27
f 19/40/27 20/41/27 21/31/27
f 21/31/27 22/42/27 23/43/27
f 23/43/27 24/44/27 25/32/27
f 25/32/27 26/45/27 27/46/27
f 27/46/27 28/37/27 17/30/27
f 17/30/27 19/40/27 21/31/27
f 21/31/27 23/43/27 25/32/27
f 25/32/27 27/46/27 17/30/27
s 3
f 2/47/28 1/48/28 15/49/28
f 15/49/28 14/50/28 13/51/28
f 13/51/28 12/52/28 11/33/28
f 11/33/28 10/53/28 9/54/28
f 9/54/28 8/55/28 7/34/28
f 7/34/28 6/56/28 5/57/28
f 5/57/28 4/58/28 3/35/28
f 3/35/28 2/47/28 15/49/28
f 15/49/28 13/51/28 11/33/28
f 11/33/28 9/54/28 7/34/28
f 7/34/28 5/57/28 3/35/28
f 3/35/28 15/49/28 11/33/28
s 4
g LlantasTraserasDerechas_01_SpacialRoverExploreralumGray
usemtl SpacialRoverExploreralumGray
f 85/59/29 53/60/29 84/61/30
f 53/60/29 85/59/29 86/62/31
f 53/60/29 52/63/30 84/61/30
f 86/62/31 54/64/31 53/60/29
f 52/63/30 83/65/9 84/61/30
f 86/62/31 87/66/32 54/64/31
f 52/63/30 51/67/9 83/65/9
f 87/66/32 55/68/32 54/64/31
f 87/66/32 88/69/33 55/68/32
f 88/69/33 56/70/33 55/68/32
f 51/67/9 82/71/34 83/65/9
f 82/71/34 51/67/9 50/72/34
f 88/69/33 89/73/35 56/70/33
f 89/73/35 57/74/35 56/70/33
f 82/71/34 50/72/34 81/75/15
f 50/72/34 49/76/15 81/75/15
f 49/76/15 80/77/36 81/75/15
f 89/73/35 90/78/21 57/74/35
f 49/76/15 48/79/36 80/77/36
f 90/78/21 58/80/21 57/74/35
f 90/78/21 91/81/37 58/80/21
f 80/77/36 48/79/36 79/82/38
f 48/79/36 47/83/38 79/82/38
f 58/80/21 91/81/37 59/84/37
f 47/83/38 78/85/39 79/82/38
f 59/84/37 91/81/37 60/86/17
f 47/83/38 46/87/39 78/85/39
f 60/86/17 91/81/37 92/88/17
f 46/87/39 77/89/40 78/85/39
f 77/89/40 46/87/39 45/90/40
f 60/86/17 92/88/17 61/91/41
f 61/91/41 29/92/41 60/86/17
f 61/91/41 62/93/26 29/92/41
f 77/89/40 45/90/40 76/94/42
f 76/94/42 45/90/40 44/95/42
f 29/92/41 62/93/26 30/96/26
f 30/96/26 62/93/26 63/97/43
f 30/96/26 63/97/43 31/98/43
f 76/94/42 44/95/42 75/99/24
f 44/100/42 43/101/24 75/102/24
f 43/101/24 74/103/44 75/102/24
f 31/98/43 63/97/43 64/104/45
f 43/101/24 42/105/44 74/103/44
f 31/98/43 64/104/45 32/106/45
f 74/103/44 42/105/44 73/107/2
f 32/106/45 64/104/45 65/108/46
f 32/106/45 65/108/46 33/109/46
f 73/107/2 42/105/44 41/110/2
f 33/109/46 65/108/46 66/111/47
f 73/107/2 41/110/2 72/112/48
f 33/109/46 66/111/47 34/113/47
f 72/112/48 41/110/2 40/114/48
f 34/113/47 66/111/47 67/115/49
f 72/112/48 40/114/48 71/116/1
f 34/113/47 67/115/49 35/117/49
f 71/116/1 40/114/48 39/118/1
f 35/117/49 67/115/49 68/119/50
f 71/116/1 39/118/1 70/120/51
f 70/120/51 39/118/1 38/121/51
f 35/117/49 68/119/50 36/122/50
f 70/120/51 38/121/51 69/123/52
f 36/122/50 68/119/50 69/123/52
f 69/123/52 38/121/51 37/124/52
f 36/122/50 69/123/52 37/124/52
s 5
f 525/125/53 548/126/54 549/127/53
f 531/128/55 556/129/56 532/130/56
f 522/131/57 535/132/58 546/133/57
f 528/134/59 553/135/60 529/136/60
f 525/125/53 550/137/61 526/138/61
f 521/139/58 556/129/56 535/132/58
f 522/140/57 547/141/62 523/142/62
f 529/136/60 554/143/63 530/144/63
f 527/145/64 550/137/61 551/146/64
f 523/147/62 548/126/54 524/148/54
f 530/144/63 555/149/55 531/128/55
f 527/145/64 552/150/59 528/134/59
s 6
f 195/151/65 173/152/66 196/153/65
f 191/154/67 194/155/68 192/156/67
f 187/157/69 190/158/70 188/159/69
s 7
f 191/160/71 651/161/72 189/162/71
s 6
f 183/163/73 186/164/74 184/165/73
f 179/166/75 182/167/76 180/168/75
f 175/169/77 178/170/78 176/171/77
s 8
f 217/172/2 220/173/79 218/174/79
s 9
f 213/175/80 216/176/81 214/177/81
s 10
f 209/178/82 212/179/83 210/180/83
s 11
f 206/181/84 207/182/35 208/183/84
s 12
f 201/184/85 204/185/86 202/186/86
s 13
f 197/187/87 199/188/88 200/189/87
s 11
f 515/190/89 208/191/84 518/192/89
s 9
f 499/193/90 216/194/81 502/195/90
s 14
f 193/196/91 640/197/92 643/198/92
s 15
f 647/199/93 216/194/93 215/200/93
s 16
f 187/201/94 659/202/95 185/203/94
s 17
f 179/204/96 633/205/97 177/206/96
s 11
f 184/207/98 514/208/99 519/209/99
s 9
f 190/210/100 503/211/101 192/212/100
s 18
f 636/213/93 202/214/93 487/215/93
s 19
f 623/216/102 473/217/102 474/218/102
f 622/219/102 474/218/102 475/220/102
s 17
f 629/221/103 201/184/104 636/222/103
s 20
f 624/223/105 199/188/106 198/224/106
s 13
f 173/225/107 479/226/108 176/227/107
f 475/220/109 477/228/110 480/229/109
s 21
f 629/221/111 204/230/111 203/231/111
f 630/232/111 484/233/111 629/234/111
s 18
f 635/235/93 487/215/93 488/236/93
s 14
f 637/237/112 217/172/113 642/238/112
s 17
f 631/239/114 635/240/115 634/241/114
s 12
f 487/215/116 204/230/86 484/233/116
f 180/242/117 486/243/118 481/244/118
f 482/245/119 488/236/120 483/246/120
s 22
f 642/247/15 218/248/15 495/249/15
f 643/250/15 493/251/15 494/252/15
s 23
f 640/253/46 490/254/46 639/255/46
f 638/256/46 492/257/46 637/258/46
s 14
f 644/259/121 638/260/122 641/261/122
s 8
f 495/249/123 220/262/79 492/257/123
f 194/263/124 489/264/125 196/265/124
f 493/251/126 491/266/127 490/254/126
s 7
f 645/267/128 649/268/129 652/269/128
s 9
f 497/270/130 501/271/131 504/272/130
s 15
f 648/273/93 502/195/93 647/274/93
s 7
f 647/199/132 213/175/133 650/275/132
s 16
f 653/276/134 209/178/135 658/277/134
s 24
f 649/278/111 499/193/111 500/279/111
s 25
f 658/280/136 210/281/136 511/282/136
f 657/283/136 511/282/136 512/284/136
s 26
f 653/276/102 212/285/102 211/286/102
f 654/287/102 508/288/102 653/289/102
s 16
f 655/290/137 657/291/138 660/292/137
s 10
f 511/282/139 212/285/83 508/288/139
f 188/293/140 510/294/141 505/295/141
f 506/296/142 512/284/143 507/297/143
s 27
f 664/298/46 206/299/46 515/190/46
f 663/300/46 515/190/46 516/301/46
s 11
f 513/302/144 517/303/145 520/304/144
s 28
f 664/305/146 207/182/147 205/306/147
f 183/307/148 661/308/149 181/309/148
f 662/310/150 668/311/151 663/312/151
s 6
f 332/313/152 174/314/66 195/151/65
f 331/315/152 309/316/52 332/317/152
f 330/318/153 195/151/65 193/319/68
f 329/320/153 332/317/152 330/321/153
f 328/322/154 193/319/68 191/154/67
s 29
f 319/323/85 338/324/85 320/325/85
s 6
f 326/326/155 191/154/67 189/327/70
f 325/328/155 328/329/154 326/330/155
f 324/331/156 189/327/70 187/157/69
f 323/332/156 326/330/155 324/333/156
f 322/334/157 187/157/69 185/335/74
f 321/336/157 324/333/156 322/337/157
f 320/338/158 185/335/74 183/163/73
s 30
f 313/339/28 333/340/28 311/341/28
s 6
f 181/342/76 320/338/158 183/163/73
f 318/343/159 319/344/158 320/345/158
f 316/346/41 181/342/76 179/166/75
f 316/347/41 317/348/159 318/343/159
f 314/349/160 179/166/75 177/350/78
f 313/351/160 316/347/41 314/352/160
f 312/353/161 177/350/78 175/169/77
s 31
f 330/354/88 343/355/88 329/356/88
s 6
f 309/357/52 175/358/77 174/314/66
f 310/359/52 312/360/161 309/357/52
s 32
f 341/361/102 344/362/102 342/363/102
s 33
f 337/364/111 340/365/111 338/366/111
s 34
f 333/340/46 336/367/46 334/368/46
s 35
f 330/354/27 342/369/27 344/370/27
s 36
f 314/371/35 335/372/35 313/373/35
s 37
f 327/374/28 343/375/28 341/361/28
s 38
f 322/376/27 338/324/27 340/377/27
s 39
f 327/374/82 342/369/82 328/378/82
s 40
f 322/376/80 339/379/80 321/380/80
s 41
f 321/380/28 337/364/28 319/381/28
s 42
f 311/341/2 334/382/2 312/383/2
s 43
f 312/383/27 336/384/27 314/371/27
s 19
f 621/385/102 475/220/102 476/386/102
s 21
f 631/239/111 483/246/111 630/387/111
f 632/388/111 482/245/111 631/389/111
s 18
f 634/390/93 488/236/93 485/391/93
f 633/392/93 485/391/93 486/393/93
s 23
f 639/394/46 491/266/46 638/260/46
s 22
f 644/395/15 496/396/15 493/251/15
f 641/397/15 495/249/15 496/396/15
s 24
f 652/398/111 500/279/111 497/270/111
f 651/399/111 497/270/111 498/400/111
s 15
f 645/267/93 501/271/93 648/401/93
f 646/402/93 504/272/93 645/403/93
s 26
f 655/290/102 507/297/102 654/404/102
f 656/405/102 506/296/102 655/406/102
s 25
f 660/407/136 512/284/136 509/408/136
f 659/409/136 509/408/136 510/294/136
s 27
f 662/410/46 516/301/46 513/302/46
f 661/411/46 513/302/46 514/208/46
s 13
f 475/220/109 479/226/108 476/386/108
f 478/412/162 474/218/110 473/217/162
s 12
f 482/245/119 486/393/118 485/391/119
f 484/233/116 488/236/120 487/215/116
s 8
f 490/254/126 494/252/125 493/251/126
f 492/257/123 496/396/127 495/249/123
s 9
f 504/272/130 498/400/101 497/270/130
f 502/195/90 500/279/131 499/193/90
s 10
f 506/296/142 510/294/141 509/408/142
f 511/282/139 507/297/143 512/284/143
s 11
f 520/304/144 514/208/99 513/302/144
f 518/192/89 516/301/145 515/190/89
s 13
f 473/217/162 200/413/87 478/412/162
s 6
f 532/414/152 310/359/52 331/415/152
f 531/416/163 331/415/152 329/417/153
f 530/418/40 329/417/153 327/419/154
f 529/420/155 327/419/154 325/421/155
f 528/422/156 325/421/155 323/423/156
f 527/424/29 323/423/156 321/425/157
f 526/426/164 321/425/157 319/427/158
f 317/428/159 526/426/164 319/427/158
f 524/429/41 317/428/159 315/430/41
f 523/142/165 315/430/41 313/431/160
f 522/140/166 313/431/160 311/432/161
f 521/433/52 311/434/161 310/359/52
s 44
f 37/435/27 559/436/27 588/437/27
f 51/438/27 587/439/27 50/440/27
f 36/441/27 588/437/27 586/442/27
f 50/440/27 585/443/27 49/444/27
f 35/445/27 586/442/27 584/446/27
f 49/444/27 583/447/27 48/448/27
f 34/449/27 584/446/27 582/450/27
f 47/451/27 583/447/27 581/452/27
f 60/453/27 569/454/27 580/455/27
f 33/456/27 582/450/27 579/457/27
f 47/451/27 578/458/27 46/459/27
f 59/460/27 580/455/27 577/461/27
f 32/462/27 579/457/27 576/463/27
f 46/459/27 575/464/27 45/465/27
f 59/460/27 574/466/27 58/467/27
f 31/468/27 576/463/27 573/469/27
f 45/465/27 572/470/27 44/471/27
f 58/467/27 571/472/27 57/473/27
f 30/474/27 573/469/27 570/475/27
f 44/471/27 568/476/27 43/477/27
f 57/473/27 567/478/27 56/479/27
f 30/474/27 569/454/27 29/480/27
f 42/481/27 568/476/27 566/482/27
f 56/479/27 565/483/27 55/484/27
f 41/485/27 566/482/27 564/486/27
f 55/484/27 563/487/27 54/488/27
f 40/489/27 564/486/27 562/490/27
f 54/488/27 561/491/27 53/492/27
f 39/493/27 562/490/27 560/494/27
f 53/492/27 558/495/27 52/496/27
f 38/497/27 560/494/27 559/436/27
f 52/496/27 557/498/27 51/438/27
s 45
f 62/499/28 620/500/28 589/501/28
f 63/502/28 589/501/28 590/503/28
f 63/502/28 591/504/28 64/505/28
f 64/505/28 592/506/28 65/507/28
f 65/507/28 593/508/28 66/509/28
f 66/509/28 594/510/28 67/511/28
f 67/511/28 595/512/28 68/513/28
f 68/513/28 596/514/28 69/515/28
f 69/515/28 597/516/28 70/517/28
f 70/517/28 598/518/28 71/519/28
f 71/519/28 599/520/28 72/521/28
f 72/521/28 600/522/28 73/523/28
f 73/523/28 601/524/28 74/525/28
f 74/525/28 602/526/28 75/527/28
f 75/527/28 603/528/28 76/529/28
f 76/529/28 604/530/28 77/531/28
f 77/531/28 605/532/28 78/533/28
f 78/533/28 606/534/28 79/535/28
f 79/535/28 607/536/28 80/537/28
f 81/538/28 607/536/28 608/539/28
f 82/540/28 608/539/28 609/541/28
f 83/542/28 609/541/28 610/543/28
f 84/544/28 610/543/28 611/545/28
f 85/546/28 611/545/28 612/547/28
f 86/548/28 612/547/28 613/549/28
f 87/550/28 613/549/28 614/551/28
f 88/552/28 614/551/28 615/553/28
f 89/554/28 615/553/28 616/555/28
f 90/556/28 616/555/28 617/557/28
f 91/558/28 617/557/28 618/559/28
f 92/560/28 618/559/28 619/561/28
f 61/562/28 619/561/28 620/500/28
s 19
f 621/385/102 173/225/102 174/563/102
s 46
f 176/227/136 626/564/136 175/565/136
s 21
f 180/566/111 632/567/111 179/204/111
s 18
f 178/568/93 633/569/93 486/393/93
s 19
f 624/570/102 197/571/102 473/217/102
s 23
f 196/265/46 640/197/46 195/572/46
s 22
f 194/263/15 643/573/15 494/252/15
s 15
f 192/212/93 646/574/93 191/160/93
s 24
f 190/210/111 651/575/111 498/400/111
s 26
f 188/293/102 656/576/102 187/201/102
s 25
f 186/577/136 659/578/136 510/294/136
s 27
f 182/579/46 661/580/46 514/208/46
s 47
f 184/207/15 666/581/15 183/307/15
s 20
f 624/582/105 628/583/167 627/584/105
s 17
f 634/585/114 632/388/97 631/389/114
f 636/586/103 630/232/115 629/234/103
s 14
f 644/587/121 640/253/92 639/255/121
f 642/588/112 638/256/122 637/258/112
s 7
f 645/403/128 651/589/72 646/402/72
f 650/590/132 648/273/129 647/274/132
s 16
f 660/591/137 656/405/95 655/406/137
f 653/289/134 657/592/138 654/287/138
s 28
f 665/593/150 661/594/149 666/595/149
f 667/596/146 663/597/151 668/598/151
s 20
f 175/565/168 621/599/169 174/600/168
s 23
f 637/237/46 220/262/46 219/601/46
s 46
f 626/602/136 480/229/136 625/603/136
f 625/604/136 477/228/136 628/605/136
f 628/583/136 478/412/136 627/584/136
f 627/606/136 200/413/136 199/188/136
s 24
f 650/607/111 214/608/111 499/193/111
s 20
f 626/602/169 622/609/170 621/610/169
f 623/611/167 625/604/171 628/605/167
s 47
f 666/595/15 520/304/15 665/593/15
f 665/612/15 517/303/15 668/311/15
f 668/598/15 518/192/15 667/596/15
f 667/613/15 208/191/15 207/182/15
s 5
f 525/125/53 524/148/54 548/126/54
f 531/128/55 555/149/55 556/129/56
f 522/131/57 521/139/58 535/132/58
f 528/134/59 552/150/59 553/135/60
f 525/125/53 549/127/53 550/137/61
f 521/139/58 532/130/56 556/129/56
f 522/140/57 546/614/57 547/141/62
f 529/136/60 553/135/60 554/143/63
f 527/145/64 526/138/61 550/137/61
f 523/147/62 547/615/62 548/126/54
f 530/144/63 554/143/63 555/149/55
f 527/145/64 551/146/64 552/150/59
s 6
f 195/151/65 174/314/66 173/152/66
f 191/154/67 193/319/68 194/155/68
f 187/157/69 189/327/70 190/158/70
s 7
f 191/160/71 646/574/72 651/161/72
s 6
f 183/163/73 185/335/74 186/164/74
f 179/166/75 181/342/76 182/167/76
f 175/169/77 177/350/78 178/170/78
s 8
f 217/172/2 219/601/2 220/173/79
s 9
f 213/175/80 215/200/80 216/176/81
s 10
f 209/178/82 211/286/82 212/179/83
s 11
f 206/181/84 205/306/35 207/182/35
s 12
f 201/184/85 203/231/85 204/185/86
s 13
f 197/187/87 198/224/88 199/188/88
s 11
f 515/190/89 206/299/84 208/191/84
s 9
f 499/193/90 214/608/81 216/194/81
s 14
f 193/196/91 195/572/91 640/197/92
s 15
f 647/199/93 502/195/93 216/194/93
s 16
f 187/201/94 656/576/95 659/202/95
s 17
f 179/204/96 632/567/97 633/205/97
s 11
f 184/207/98 182/579/98 514/208/99
s 9
f 190/210/100 498/400/101 503/211/101
s 18
f 636/213/93 201/616/93 202/214/93
s 19
f 623/216/102 624/617/102 473/217/102
f 622/219/102 623/618/102 474/218/102
s 17
f 629/221/103 203/231/104 201/184/104
s 20
f 624/223/105 627/606/105 199/188/106
s 13
f 173/225/107 476/386/108 479/226/108
f 475/220/109 474/218/110 477/228/110
s 21
f 629/221/111 484/233/111 204/230/111
f 630/232/111 483/246/111 484/233/111
s 18
f 635/235/93 636/619/93 487/215/93
s 14
f 637/237/112 219/601/113 217/172/113
s 17
f 631/239/114 630/387/115 635/240/115
s 12
f 487/215/116 202/214/86 204/230/86
f 180/242/117 178/620/117 486/243/118
f 482/245/119 485/391/119 488/236/120
s 22
f 642/247/15 217/621/15 218/248/15
f 643/250/15 644/622/15 493/251/15
s 23
f 640/253/46 489/264/46 490/254/46
f 638/256/46 491/266/46 492/257/46
s 14
f 644/259/121 639/394/121 638/260/122
s 8
f 495/249/123 218/248/79 220/262/79
f 194/263/124 494/252/125 489/264/125
f 493/251/126 496/396/127 491/266/127
s 7
f 645/267/128 648/401/129 649/268/129
s 9
f 497/270/130 500/279/131 501/271/131
s 15
f 648/273/93 501/271/93 502/195/93
s 7
f 647/199/132 215/200/133 213/175/133
s 16
f 653/276/134 211/286/135 209/178/135
s 24
f 649/278/111 650/623/111 499/193/111
s 25
f 658/280/136 209/624/136 210/281/136
f 657/283/136 658/625/136 511/282/136
s 26
f 653/276/102 508/288/102 212/285/102
f 654/287/102 507/297/102 508/288/102
s 16
f 655/290/137 654/404/138 657/291/138
s 10
f 511/282/139 210/281/83 212/285/83
f 188/293/140 186/577/140 510/294/141
f 506/296/142 509/408/142 512/284/143
s 27
f 664/298/46 205/626/46 206/299/46
f 663/300/46 664/627/46 515/190/46
s 11
f 513/302/144 516/301/145 517/303/145
s 28
f 664/305/146 667/613/146 207/182/147
f 183/307/148 666/581/149 661/308/149
f 662/310/150 665/612/150 668/311/151
s 6
f 332/313/152 309/357/52 174/314/66
f 331/315/152 310/628/52 309/316/52
f 330/318/153 332/313/152 195/151/65
f 329/320/153 331/315/152 332/317/152
f 328/322/154 330/318/153 193/319/68
s 29
f 319/323/85 337/629/85 338/324/85
s 6
f 326/326/155 328/322/154 191/154/67
f 325/328/155 327/630/154 328/329/154
f 324/331/156 326/326/155 189/327/70
f 323/332/156 325/328/155 326/330/155
f 322/334/157 324/331/156 187/157/69
f 321/336/157 323/332/156 324/333/156
f 320/338/158 322/334/157 185/335/74
s 30
f 313/339/28 335/631/28 333/340/28
s 6
f 181/342/76 318/632/159 320/338/158
f 318/343/159 317/348/159 319/344/158
f 316/346/41 318/632/159 181/342/76
f 316/347/41 315/633/41 317/348/159
f 314/349/160 316/346/41 179/166/75
f 313/351/160 315/633/41 316/347/41
f 312/353/161 314/349/160 177/350/78
s 31
f 330/354/88 344/370/88 343/355/88
s 6
f 309/357/52 312/360/161 175/358/77
f 310/359/52 311/434/161 312/360/161
s 32
f 341/361/102 343/375/102 344/362/102
s 33
f 337/364/111 339/379/111 340/365/111
s 34
f 333/340/46 335/631/46 336/367/46
s 35
f 330/354/27 328/378/27 342/369/27
s 36
f 314/371/35 336/384/35 335/372/35
s 37
f 327/374/28 329/634/28 343/375/28
s 38
f 322/376/27 320/325/27 338/324/27
s 39
f 327/374/82 341/361/82 342/369/82
s 40
f 322/376/80 340/377/80 339/379/80
s 41
f 321/380/28 339/379/28 337/364/28
s 42
f 311/341/2 333/340/2 334/382/2
s 43
f 312/383/27 334/382/27 336/384/27
s 19
f 621/385/102 622/635/102 475/220/102
s 21
f 631/239/111 482/245/111 483/246/111
f 632/388/111 481/636/111 482/245/111
s 18
f 634/390/93 635/637/93 488/236/93
f 633/392/93 634/638/93 485/391/93
s 23
f 639/394/46 490/254/46 491/266/46
s 22
f 644/395/15 641/639/15 496/396/15
f 641/397/15 642/640/15 495/249/15
s 24
f 652/398/111 649/641/111 500/279/111
f 651/399/111 652/642/111 497/270/111
s 15
f 645/267/93 504/272/93 501/271/93
f 646/402/93 503/211/93 504/272/93
s 26
f 655/290/102 506/296/102 507/297/102
f 656/405/102 505/295/102 506/296/102
s 25
f 660/407/136 657/643/136 512/284/136
f 659/409/136 660/644/136 509/408/136
s 27
f 662/410/46 663/645/46 516/301/46
f 661/411/46 662/646/46 513/302/46
s 13
f 475/220/109 480/229/109 479/226/108
f 478/412/162 477/228/110 474/218/110
s 12
f 482/245/119 481/636/118 486/393/118
f 484/233/116 483/246/120 488/236/120
s 8
f 490/254/126 489/264/125 494/252/125
f 492/257/123 491/266/127 496/396/127
s 9
f 504/272/130 503/211/101 498/400/101
f 502/195/90 501/271/131 500/279/131
s 10
f 506/296/142 505/295/141 510/294/141
f 511/282/139 508/288/139 507/297/143
s 11
f 520/304/144 519/209/99 514/208/99
f 518/192/89 517/303/145 516/301/145
s 13
f 473/217/162 197/571/87 200/413/87
s 6
f 532/414/152 521/433/52 310/359/52
f 531/416/163 532/414/152 331/415/152
f 530/418/40 531/416/163 329/417/153
f 529/420/155 530/418/40 327/419/154
f 528/422/156 529/420/155 325/421/155
f 527/424/29 528/422/156 323/423/156
f 526/426/164 527/424/29 321/425/157
f 317/428/159 525/647/159 526/426/164
f 524/429/41 525/647/159 317/428/159
f 523/142/165 524/429/41 315/430/41
f 522/140/166 523/142/165 313/431/160
f 521/433/52 522/648/166 311/434/161
s 44
f 37/435/27 38/497/27 559/436/27
f 51/438/27 557/498/27 587/439/27
f 36/441/27 37/435/27 588/437/27
f 50/440/27 587/439/27 585/443/27
f 35/445/27 36/441/27 586/442/27
f 49/444/27 585/443/27 583/447/27
f 34/449/27 35/445/27 584/446/27
f 47/451/27 48/448/27 583/447/27
f 60/453/27 29/480/27 569/454/27
f 33/456/27 34/449/27 582/450/27
f 47/451/27 581/452/27 578/458/27
f 59/460/27 60/453/27 580/455/27
f 32/462/27 33/456/27 579/457/27
f 46/459/27 578/458/27 575/464/27
f 59/460/27 577/461/27 574/466/27
f 31/468/27 32/462/27 576/463/27
f 45/465/27 575/464/27 572/470/27
f 58/467/27 574/466/27 571/472/27
f 30/474/27 31/468/27 573/469/27
f 44/471/27 572/470/27 568/476/27
f 57/473/27 571/472/27 567/478/27
f 30/474/27 570/475/27 569/454/27
f 42/481/27 43/477/27 568/476/27
f 56/479/27 567/478/27 565/483/27
f 41/485/27 42/481/27 566/482/27
f 55/484/27 565/483/27 563/487/27
f 40/489/27 41/485/27 564/486/27
f 54/488/27 563/487/27 561/491/27
f 39/493/27 40/489/27 562/490/27
f 53/492/27 561/491/27 558/495/27
f 38/497/27 39/493/27 560/494/27
f 52/496/27 558/495/27 557/498/27
s 45
f 62/499/28 61/562/28 620/500/28
f 63/502/28 62/499/28 589/501/28
f 63/502/28 590/503/28 591/504/28
f 64/505/28 591/504/28 592/506/28
f 65/507/28 592/506/28 593/508/28
f 66/509/28 593/508/28 594/510/28
f 67/511/28 594/510/28 595/512/28
f 68/513/28 595/512/28 596/514/28
f 69/515/28 596/514/28 597/516/28
f 70/517/28 597/516/28 598/518/28
f 71/519/28 598/518/28 599/520/28
f 72/521/28 599/520/28 600/522/28
f 73/523/28 600/522/28 601/524/28
f 74/525/28 601/524/28 602/526/28
f 75/527/28 602/526/28 603/528/28
f 76/529/28 603/528/28 604/530/28
f 77/531/28 604/530/28 605/532/28
f 78/533/28 605/532/28 606/534/28
f 79/535/28 606/534/28 607/536/28
f 81/538/28 80/537/28 607/536/28
f 82/540/28 81/538/28 608/539/28
f 83/542/28 82/540/28 609/541/28
f 84/544/28 83/542/28 610/543/28
f 85/546/28 84/544/28 611/545/28
f 86/548/28 85/546/28 612/547/28
f 87/550/28 86/548/28 613/549/28
f 88/552/28 87/550/28 614/551/28
f 89/554/28 88/552/28 615/553/28
f 90/556/28 89/554/28 616/555/28
f 91/558/28 90/556/28 617/557/28
f 92/560/28 91/558/28 618/559/28
f 61/562/28 92/560/28 619/561/28
s 19
f 621/385/102 476/386/102 173/225/102
s 46
f 176/227/136 479/226/136 626/564/136
s 21
f 180/566/111 481/636/111 632/567/111
s 18
f 178/568/93 177/649/93 633/569/93
s 19
f 624/570/102 198/650/102 197/571/102
s 23
f 196/265/46 489/264/46 640/197/46
s 22
f 194/263/15 193/651/15 643/573/15
s 15
f 192/212/93 503/211/93 646/574/93
s 24
f 190/210/111 189/652/111 651/575/111
s 26
f 188/293/102 505/295/102 656/576/102
s 25
f 186/577/136 185/653/136 659/578/136
s 27
f 182/579/46 181/654/46 661/580/46
s 47
f 184/207/15 519/209/15 666/581/15
s 20
f 624/582/105 623/655/167 628/583/167
s 17
f 634/585/114 633/656/97 632/388/97
f 636/586/103 635/657/115 630/232/115
s 14
f 644/587/121 643/658/92 640/253/92
f 642/588/112 641/659/122 638/256/122
s 7
f 645/403/128 652/660/128 651/589/72
f 650/590/132 649/661/129 648/273/129
s 16
f 660/591/137 659/662/95 656/405/95
f 653/289/134 658/663/134 657/592/138
s 28
f 665/593/150 662/664/150 661/594/149
f 667/596/146 664/665/146 663/597/151
s 20
f 175/565/168 626/564/169 621/599/169
s 23
f 637/237/46 492/257/46 220/262/46
s 46
f 626/602/136 479/226/136 480/229/136
f 625/604/136 480/229/136 477/228/136
f 628/583/136 477/228/136 478/412/136
f 627/606/136 478/412/136 200/413/136
s 24
f 650/607/111 213/666/111 214/608/111
s 20
f 626/602/169 625/603/171 622/609/170
f 623/611/167 622/667/170 625/604/171
s 47
f 666/595/15 519/209/15 520/304/15
f 665/612/15 520/304/15 517/303/15
f 668/598/15 517/303/15 518/192/15
f 667/613/15 518/192/15 208/191/15
s 48
g LlantasTraserasDerechas_01_SpacialRoverExploreralumGrayDeep
usemtl SpacialRoverExploreralumGrayDeep
f 168/668/166 239/669/52 167/670/52
s 6
f 196/153/65 221/671/52 232/672/152
f 231/673/163 196/153/65 232/672/152
f 192/156/67 231/673/163 230/674/40
f 190/158/70 230/674/40 229/675/155
f 188/159/69 229/675/155 228/676/156
f 186/164/74 228/676/156 227/677/29
f 184/165/73 227/677/29 226/678/164
f 225/679/159 184/165/73 226/678/164
f 224/680/41 182/167/76 225/679/159
f 178/170/78 224/680/41 223/681/165
f 176/171/77 223/681/165 222/682/166
f 173/152/66 222/683/166 221/671/52
s 49
f 161/684/27 222/685/27 162/686/27
f 162/686/27 223/687/27 163/688/27
f 163/688/27 224/689/27 164/690/27
f 165/691/27 224/689/27 225/692/27
f 165/691/27 226/693/27 166/694/27
f 167/695/27 226/693/27 227/696/27
f 167/695/27 228/697/27 168/698/27
f 169/699/27 228/697/27 229/700/27
f 169/699/27 230/701/27 170/702/27
f 170/702/27 231/703/27 171/704/27
f 171/704/27 232/705/27 172/706/27
f 161/684/27 232/705/27 221/707/27
s 50
f 236/708/27 240/709/27 244/710/27
s 48
f 165/711/163 236/712/40 164/713/40
f 172/714/164 243/715/159 171/716/159
f 162/717/156 233/718/29 161/719/29
f 169/720/165 240/721/166 168/668/166
f 165/711/163 238/722/152 237/723/163
f 161/719/29 244/724/164 172/714/164
f 163/725/155 234/726/156 162/727/156
f 170/728/41 241/729/165 169/720/165
f 167/670/52 238/722/152 166/730/152
f 164/713/40 235/731/155 163/725/155
f 171/716/159 242/732/41 170/728/41
s 51
f 534/733/52 546/734/166 535/735/52
f 533/736/166 547/141/165 546/614/166
f 536/737/165 548/738/41 547/141/165
f 537/739/41 549/740/159 548/738/41
f 549/740/159 539/741/164 550/742/164
f 539/741/164 551/743/29 550/742/164
f 540/744/29 552/745/156 551/743/29
f 541/746/156 553/747/155 552/745/156
f 542/748/155 554/749/40 553/747/155
f 543/750/40 555/751/163 554/749/40
s 52
f 544/752/28 540/753/28 536/737/28
s 51
f 544/754/163 556/755/152 555/751/163
f 545/756/152 535/735/52 556/755/152
s 48
f 168/668/166 240/721/166 239/669/52
s 6
f 196/153/65 173/152/66 221/671/52
f 231/673/163 194/155/68 196/153/65
f 192/156/67 194/155/68 231/673/163
f 190/158/70 192/156/67 230/674/40
f 188/159/69 190/158/70 229/675/155
f 186/164/74 188/159/69 228/676/156
f 184/165/73 186/164/74 227/677/29
f 225/679/159 182/167/76 184/165/73
f 224/680/41 180/168/75 182/167/76
f 178/170/78 180/168/75 224/680/41
f 176/171/77 178/170/78 223/681/165
f 173/152/66 176/757/77 222/683/166
s 49
f 161/684/27 221/707/27 222/685/27
f 162/686/27 222/685/27 223/687/27
f 163/688/27 223/687/27 224/689/27
f 165/691/27 164/690/27 224/689/27
f 165/691/27 225/692/27 226/693/27
f 167/695/27 166/694/27 226/693/27
f 167/695/27 227/696/27 228/697/27
f 169/699/27 168/698/27 228/697/27
f 169/699/27 229/700/27 230/701/27
f 170/702/27 230/701/27 231/703/27
f 171/704/27 231/703/27 232/705/27
f 161/684/27 172/706/27 232/705/27
s 50
f 244/710/27 233/758/27 234/759/27
f 234/759/27 235/760/27 236/708/27
f 236/708/27 237/761/27 238/762/27
f 238/762/27 239/763/27 240/709/27
f 240/709/27 241/764/27 242/765/27
f 242/765/27 243/766/27 244/710/27
f 244/710/27 234/759/27 236/708/27
f 236/708/27 238/762/27 240/709/27
f 240/709/27 242/765/27 244/710/27
s 48
f 165/711/163 237/723/163 236/712/40
f 172/714/164 244/724/164 243/715/159
f 162/717/156 234/767/156 233/718/29
f 169/720/165 241/729/165 240/721/166
f 165/711/163 166/730/152 238/722/152
f 161/719/29 233/718/29 244/724/164
f 163/725/155 235/731/155 234/726/156
f 170/728/41 242/732/41 241/729/165
f 167/670/52 239/669/52 238/722/152
f 164/713/40 236/712/40 235/731/155
f 171/716/159 243/715/159 242/732/41
s 51
f 534/733/52 533/768/166 546/734/166
f 533/736/166 536/737/165 547/141/165
f 536/737/165 537/739/41 548/738/41
f 537/739/41 538/769/159 549/740/159
f 549/740/159 538/769/159 539/741/164
f 539/741/164 540/744/29 551/743/29
f 540/744/29 541/746/156 552/745/156
f 541/746/156 542/748/155 553/747/155
f 542/748/155 543/750/40 554/749/40
f 543/750/40 544/754/163 555/751/163
s 52
f 536/737/28 533/736/28 534/770/28
f 534/770/28 545/771/28 544/752/28
f 544/752/28 543/772/28 542/773/28
f 542/773/28 541/774/28 540/753/28
f 540/753/28 539/775/28 538/776/28
f 538/776/28 537/777/28 536/737/28
f 536/737/28 534/770/28 544/752/28
f 544/752/28 542/773/28 540/753/28
f 540/753/28 538/776/28 536/737/28
s 51
f 544/754/163 545/756/152 556/755/152
f 545/756/152 534/733/52 535/735/52
s 45
g LlantasTraserasDerechas_01_SpacialRoverExplorerwheels
usemtl SpacialRoverExplorerwheels
f 620/778/28 128/779/172 98/780/173
f 619/781/28 127/782/174 128/779/172
f 618/783/28 126/784/175 127/782/174
f 617/785/28 125/786/176 126/784/175
f 616/787/28 124/788/177 125/786/176
f 615/789/28 123/790/178 124/788/177
f 614/791/28 122/792/179 123/790/178
f 613/793/28 121/794/179 122/792/179
f 612/795/28 120/796/180 121/794/179
f 611/797/28 119/798/180 120/796/180
f 610/799/28 118/800/181 119/798/180
f 609/801/28 117/802/182 118/800/181
f 608/803/28 116/804/183 117/805/182
f 606/806/28 116/804/183 607/807/28
f 605/808/28 115/809/183 606/806/28
f 604/810/28 114/811/184 605/808/28
f 603/812/28 113/813/184 604/810/28
f 602/814/28 112/815/185 603/812/28
f 601/816/28 111/817/185 602/814/28
f 600/818/28 110/819/186 601/816/28
f 599/820/28 109/821/186 600/818/28
f 598/822/28 108/823/187 599/820/28
f 597/824/28 107/825/188 598/822/28
f 596/826/28 106/827/189 597/824/28
f 595/828/28 105/829/190 596/826/28
f 594/830/28 104/831/191 595/828/28
f 593/832/28 103/833/192 594/830/28
f 592/834/28 102/835/193 593/832/28
f 591/836/28 101/837/193 592/838/28
f 591/836/28 99/839/194 100/840/194
f 590/841/28 97/842/173 99/839/194
f 589/843/28 98/780/173 97/842/173
s 44
f 558/844/27 151/845/195 557/846/27
f 559/847/27 139/848/196 138/849/197
f 561/850/27 152/851/195 558/844/27
f 560/852/27 140/853/198 139/848/196
f 563/854/27 153/855/199 561/850/27
f 562/856/27 141/857/200 140/853/198
f 565/858/27 154/859/199 563/854/27
f 564/860/27 142/861/201 141/857/200
f 567/862/27 155/863/202 565/858/27
f 566/864/27 143/865/203 142/861/201
f 570/866/27 129/867/204 569/868/27
f 571/869/27 156/870/205 567/862/27
f 568/871/27 144/872/203 143/865/203
f 573/873/27 130/874/204 570/866/27
f 574/875/27 157/876/206 571/869/27
f 575/877/27 144/872/203 572/878/27
f 576/879/27 131/880/207 573/873/27
f 577/881/27 158/882/208 574/875/27
f 578/883/27 145/884/209 575/877/27
f 579/885/27 132/886/207 576/879/27
f 580/887/27 159/888/210 577/881/27
f 581/889/27 146/890/211 578/883/27
f 579/891/27 134/892/212 133/893/212
f 569/868/27 160/894/213 580/887/27
f 583/895/27 147/896/214 581/889/27
f 582/897/27 135/898/215 134/892/212
f 585/899/27 148/900/214 583/895/27
f 584/901/27 136/902/216 135/898/215
f 587/903/27 149/904/217 585/905/27
f 586/906/27 137/907/218 136/902/216
f 557/846/27 150/908/217 587/903/27
f 588/909/27 138/849/197 137/907/218
s 53
f 246/910/219 155/863/220 248/911/221
s 54
f 250/912/222 159/888/223 252/913/224
s 55
f 252/913/225 444/914/226 251/915/227
s 56
f 256/916/228 157/876/229 254/917/230
s 57
f 303/918/231 346/919/232 470/920/233
s 55
f 251/915/227 345/921/234 127/782/235
s 45
f 118/800/181 355/922/236 356/923/237
s 58
f 302/924/238 469/925/239 437/926/238
s 44
f 159/888/210 407/927/240 408/928/240
s 59
f 270/929/241 149/930/242 264/931/243
s 60
f 266/932/244 151/845/245 260/933/246
s 61
f 262/934/247 153/855/248 258/935/249
s 62
f 250/912/250 443/936/251 411/937/252
s 58
f 301/938/239 374/939/253 469/925/239
s 63
f 144/872/254 272/940/255 278/941/256
s 64
f 146/890/257 268/942/258 274/943/259
s 62
f 249/944/260 348/945/261 443/936/251
s 45
f 120/796/180 353/946/262 354/947/262
s 65
f 140/853/263 280/948/264 286/949/265
s 66
f 142/861/266 276/950/267 282/951/268
s 67
f 300/952/269 468/953/270 299/954/271
s 44
f 157/876/206 405/955/272 406/956/272
s 68
f 248/911/273 442/957/274 247/958/275
s 67
f 299/954/271 373/959/276 99/839/276
s 69
f 132/886/277 296/960/278 302/924/279
s 70
f 134/892/280 292/961/281 298/962/282
s 71
f 136/902/283 288/963/284 294/964/285
s 72
f 138/849/286 284/965/287 290/966/288
s 73
f 304/967/289 129/867/290 306/968/291
s 68
f 247/958/275 349/969/292 123/790/293
s 74
f 308/970/294 131/880/295 300/952/296
s 45
f 122/792/179 351/971/297 352/972/297
s 75
f 298/962/298 467/973/299 435/974/300
s 44
f 155/863/202 403/975/301 404/976/301
s 74
f 97/842/302 299/954/303 99/839/302
f 307/977/304 300/952/296 299/954/303
s 76
f 246/910/305 441/978/306 409/979/307
s 75
f 297/980/308 372/981/309 467/973/299
s 73
f 128/779/310 305/982/311 98/780/310
f 303/918/312 306/968/291 305/982/311
s 72
f 289/983/313 107/825/314 106/827/314
f 290/966/288 283/984/315 289/983/313
s 71
f 293/985/316 105/829/317 104/831/317
f 294/964/285 287/986/318 293/985/316
s 70
f 297/980/319 103/833/320 102/835/320
f 298/962/282 291/987/321 297/980/319
s 69
f 301/938/322 101/837/323 100/840/323
f 302/924/279 295/988/324 301/938/322
s 76
f 245/989/325 352/972/326 441/978/306
s 45
f 124/788/177 349/969/327 350/990/327
s 77
f 296/991/328 466/992/329 295/993/330
s 44
f 153/855/199 401/994/331 402/995/331
s 78
f 308/970/332 377/996/333 130/874/334
s 77
f 295/993/330 371/997/335 101/998/336
s 79
f 306/968/337 378/999/338 439/1000/337
s 45
f 126/784/175 347/1001/339 348/945/339
s 66
f 281/1002/340 111/817/341 110/819/341
f 282/951/268 275/1003/342 281/1002/340
s 65
f 285/1004/343 109/821/344 108/823/344
f 286/949/265 279/1005/345 285/1004/343
s 80
f 294/964/346 465/1006/347 433/1007/346
s 44
f 151/845/195 399/1008/348 400/1009/348
s 57
f 304/967/349 407/927/350 160/894/351
s 80
f 293/985/352 370/1010/353 465/1006/347
s 64
f 273/1011/354 115/809/355 114/811/355
f 274/943/259 267/1012/356 273/1011/354
s 63
f 277/1013/357 113/813/358 112/815/358
f 278/941/256 271/1014/359 277/1013/357
s 58
f 302/924/238 379/1015/360 132/886/360
s 45
f 128/779/172 345/921/361 346/919/361
s 81
f 292/961/362 464/1016/363 291/987/364
s 44
f 149/904/217 397/1017/365 398/1018/365
s 61
f 120/796/366 257/1019/367 121/794/366
f 261/1020/368 258/935/249 257/1019/367
s 60
f 118/800/369 259/1021/370 119/798/371
f 265/1022/372 260/933/246 259/1021/370
s 59
f 116/804/373 263/1023/374 117/805/373
f 269/1024/375 264/931/243 263/1023/374
s 67
f 300/952/269 380/1025/376 436/1026/269
s 81
f 291/987/364 369/1027/377 103/833/378
s 75
f 298/962/298 381/1028/379 134/892/380
s 82
f 290/966/381 463/1029/382 431/1030/383
s 44
f 147/896/214 395/1031/384 396/1032/384
s 77
f 296/991/328 382/1033/385 434/1034/328
s 82
f 289/983/386 368/1035/387 463/1029/382
s 80
f 294/964/346 383/1036/388 136/902/389
s 83
f 288/963/390 462/1037/391 287/986/392
s 44
f 146/890/211 394/1038/393 145/884/209
s 56
f 124/788/394 253/1039/395 125/786/394
f 255/1040/396 254/917/230 253/1039/395
s 81
f 292/961/362 384/1041/397 432/1042/362
s 83
f 287/986/392 367/1043/398 105/829/399
s 54
f 126/784/400 251/915/401 127/782/400
f 249/944/402 252/913/224 251/915/401
s 53
f 122/792/403 247/958/404 123/790/405
f 245/989/406 248/911/221 247/958/404
s 84
f 413/1044/407 405/955/408 411/937/409
s 85
f 410/1045/410 403/975/411 414/1046/412
s 86
f 415/1047/413 401/994/414 409/979/415
s 87
f 416/1048/416 399/1008/417 417/1049/418
s 88
f 418/1050/419 397/1017/420 419/1051/421
s 89
f 420/1052/422 395/1031/423 421/1053/422
s 90
f 394/1038/424 423/1054/425 422/1055/426
s 91
f 392/1056/427 425/1057/428 424/1058/429
s 92
f 390/1059/430 427/1060/431 426/1061/432
s 93
f 388/1062/433 429/1063/434 428/1064/435
s 94
f 386/1065/436 431/1030/437 430/1066/438
s 95
f 384/1041/439 433/1007/440 432/1042/441
s 96
f 382/1033/442 435/974/443 434/1034/444
s 97
f 380/1025/445 437/926/446 436/1026/446
s 98
f 439/1000/447 377/996/448 440/1067/449
s 99
f 412/1068/450 407/927/451 438/1069/452
f 345/921/453 470/920/454 346/919/453
f 444/914/455 438/1069/452 470/920/454
s 98
f 375/1070/456 472/1071/457 376/1072/456
f 471/1073/458 440/1067/449 472/1071/457
s 97
f 468/953/459 374/939/460 373/959/460
f 436/1026/446 469/925/459 468/953/459
s 96
f 466/992/461 372/981/462 371/997/462
f 434/1034/444 467/973/463 466/992/461
s 95
f 464/1016/464 370/1010/465 369/1027/465
f 432/1042/441 465/1006/466 464/1016/464
s 94
f 462/1037/467 368/1035/468 367/1043/468
f 430/1066/438 463/1029/469 462/1037/467
s 93
f 460/1074/470 366/1075/471 365/1076/472
f 428/1064/435 461/1077/473 460/1074/470
s 92
f 458/1078/474 364/1079/475 363/1080/475
f 426/1061/432 459/1081/476 458/1078/474
s 91
f 456/1082/477 362/1083/478 361/1084/478
f 424/1058/429 457/1085/479 456/1082/477
s 90
f 454/1086/480 360/1087/481 359/1088/481
f 422/1055/426 455/1089/482 454/1086/480
s 89
f 357/1090/483 453/1091/484 358/1092/483
f 420/1052/422 453/1091/484 452/1093/484
s 88
f 355/922/485 451/1094/486 356/923/485
f 450/1095/487 419/1051/421 451/1094/486
s 87
f 353/946/488 449/1096/489 354/947/488
f 448/1097/490 417/1049/418 449/1096/489
s 86
f 351/971/491 441/978/492 352/972/491
f 447/1098/493 409/979/415 441/978/492
s 85
f 349/969/494 446/1099/495 350/990/494
f 442/957/496 414/1046/412 446/1099/495
s 84
f 347/1001/497 443/936/498 348/945/497
f 445/1100/499 411/937/409 443/936/498
s 57
f 304/967/349 470/920/233 438/1069/349
s 45
f 115/809/183 358/1092/500 116/804/183
s 100
f 253/1039/501 347/1001/502 125/786/503
s 79
f 305/982/504 375/1070/505 98/780/506
s 100
f 254/917/507 445/1100/508 253/1039/501
s 79
f 306/968/337 471/1073/509 305/982/504
s 45
f 113/813/184 360/1087/510 114/811/184
s 101
f 255/1040/511 350/990/512 446/1099/513
s 78
f 307/977/514 376/1072/515 472/1071/516
s 101
f 256/916/517 446/1099/513 414/1046/517
s 78
f 308/970/332 472/1071/516 440/1067/332
s 45
f 111/817/185 362/1083/518 112/815/185
s 102
f 257/1019/519 351/971/520 121/794/521
f 258/935/522 447/1098/523 257/1019/519
s 45
f 109/821/186 364/1079/524 110/819/186
s 103
f 259/1021/525 353/946/526 119/798/527
f 260/933/528 448/1097/529 259/1021/525
s 45
f 107/825/188 366/1075/530 108/823/187
s 104
f 261/1020/531 354/947/532 449/1096/533
f 262/934/534 449/1096/533 417/1049/534
s 45
f 105/829/190 368/1035/535 106/827/189
s 105
f 263/1101/536 355/922/537 117/802/538
f 264/1102/539 450/1095/540 263/1101/536
s 76
f 246/910/305 401/994/541 154/859/542
s 45
f 103/833/192 370/1010/543 104/831/191
s 106
f 265/1022/544 356/923/545 451/1094/546
s 68
f 248/911/273 404/976/547 410/1045/548
s 106
f 266/932/549 451/1094/546 419/1051/550
s 62
f 250/912/250 405/955/551 158/882/552
s 45
f 101/998/193 372/981/553 102/835/193
s 107
f 267/1012/554 357/1090/555 115/809/556
s 55
f 252/913/225 408/928/557 412/1068/558
s 107
f 268/942/559 452/1093/554 267/1012/554
s 100
f 254/917/507 406/956/560 413/1044/561
s 45
f 100/840/194 373/959/562 374/939/562
s 108
f 269/1024/563 358/1092/564 453/1091/563
s 101
f 256/916/517 403/975/565 156/870/566
s 108
f 270/929/567 453/1091/563 421/1053/567
s 102
f 258/935/522 402/995/568 415/1047/522
s 45
f 97/842/173 375/1070/569 376/1072/569
s 109
f 271/1014/570 359/1088/571 113/813/572
s 103
f 260/933/528 400/1009/573 416/1048/574
s 44
f 129/867/204 377/996/575 378/999/575
s 109
f 272/940/576 454/1086/577 271/1014/570
s 104
f 262/934/534 399/1008/578 152/851/579
s 110
f 273/1011/580 360/1087/581 455/1089/582
s 105
f 264/1102/539 398/1018/583 418/1050/584
s 44
f 132/886/207 380/1025/585 131/880/207
s 110
f 274/943/586 455/1089/582 423/1054/587
s 106
f 266/932/549 397/1017/588 150/908/589
s 111
f 275/1003/590 361/1084/591 111/817/592
s 107
f 268/942/559 396/1032/593 420/1052/594
s 44
f 134/892/212 382/1033/595 133/893/212
s 111
f 276/950/596 456/1082/597 275/1003/590
s 108
f 270/929/567 395/1031/598 148/900/599
s 112
f 277/1013/600 362/1083/601 457/1085/602
s 109
f 272/940/576 394/1038/603 422/1055/576
s 44
f 136/902/216 384/1041/604 135/898/215
s 112
f 278/941/605 457/1085/602 425/1057/605
s 110
f 274/943/586 393/1103/606 146/890/607
s 113
f 279/1005/608 363/1080/609 109/821/610
s 111
f 276/950/596 392/1056/611 424/1058/596
s 44
f 138/849/197 386/1065/612 137/907/218
s 113
f 280/948/613 458/1078/614 279/1005/608
s 112
f 278/941/605 391/1104/615 144/872/616
s 114
f 281/1002/617 364/1079/618 459/1081/619
s 113
f 280/948/613 390/1059/620 426/1061/621
s 44
f 140/853/198 388/1062/622 139/848/196
s 114
f 282/951/623 459/1081/619 427/1060/624
f 282/951/623 389/1105/625 142/861/626
s 115
f 283/984/627 365/1076/628 107/825/629
f 284/965/630 388/1062/631 428/1064/632
s 44
f 142/861/201 390/1059/633 141/857/200
s 115
f 284/965/630 460/1074/634 283/984/627
s 116
f 286/949/635 387/1106/636 140/853/637
f 285/1004/638 366/1075/639 461/1077/640
s 83
f 288/963/390 386/1065/641 430/1066/390
s 44
f 144/872/203 392/1056/642 143/865/203
s 116
f 286/949/635 461/1077/640 429/1063/643
s 82
f 290/966/381 385/1107/644 138/849/645
s 45
f 620/778/28 619/781/28 128/779/172
f 619/781/28 618/783/28 127/782/174
f 618/783/28 617/785/28 126/784/175
f 617/785/28 616/787/28 125/786/176
f 616/787/28 615/789/28 124/788/177
f 615/789/28 614/791/28 123/790/178
f 614/791/28 613/793/28 122/792/179
f 613/793/28 612/795/28 121/794/179
f 612/795/28 611/797/28 120/796/180
f 611/797/28 610/799/28 119/798/180
f 610/799/28 609/801/28 118/800/181
f 609/801/28 608/1108/28 117/802/182
f 608/803/28 607/807/28 116/804/183
f 606/806/28 115/809/183 116/804/183
f 605/808/28 114/811/184 115/809/183
f 604/810/28 113/813/184 114/811/184
f 603/812/28 112/815/185 113/813/184
f 602/814/28 111/817/185 112/815/185
f 601/816/28 110/819/186 111/817/185
f 600/818/28 109/821/186 110/819/186
f 599/820/28 108/823/187 109/821/186
f 598/822/28 107/825/188 108/823/187
f 597/824/28 106/827/189 107/825/188
f 596/826/28 105/829/190 106/827/189
f 595/828/28 104/831/191 105/829/190
f 594/830/28 103/833/192 104/831/191
f 593/832/28 102/835/193 103/833/192
f 592/834/28 101/998/193 102/835/193
f 591/836/28 100/840/194 101/837/193
f 591/836/28 590/841/28 99/839/194
f 590/841/28 589/843/28 97/842/173
f 589/843/28 620/778/28 98/780/173
s 44
f 558/844/27 152/851/195 151/845/195
f 559/847/27 560/852/27 139/848/196
f 561/850/27 153/855/199 152/851/195
f 560/852/27 562/856/27 140/853/198
f 563/854/27 154/859/199 153/855/199
f 562/856/27 564/860/27 141/857/200
f 565/858/27 155/863/202 154/859/199
f 564/860/27 566/864/27 142/861/201
f 567/862/27 156/870/205 155/863/202
f 566/864/27 568/871/27 143/865/203
f 570/866/27 130/874/204 129/867/204
f 571/869/27 157/876/206 156/870/205
f 568/871/27 572/878/27 144/872/203
f 573/873/27 131/880/207 130/874/204
f 574/875/27 158/882/208 157/876/206
f 575/877/27 145/884/209 144/872/203
f 576/879/27 132/886/207 131/880/207
f 577/881/27 159/888/210 158/882/208
f 578/883/27 146/890/211 145/884/209
f 579/885/27 133/1109/212 132/886/207
f 580/887/27 160/894/213 159/888/210
f 581/889/27 147/896/214 146/890/211
f 579/891/27 582/897/27 134/892/212
f 569/868/27 129/867/204 160/894/213
f 583/895/27 148/900/214 147/896/214
f 582/897/27 584/901/27 135/898/215
f 585/899/27 149/930/217 148/900/214
f 584/901/27 586/906/27 136/902/216
f 587/903/27 150/908/217 149/904/217
f 586/906/27 588/909/27 137/907/218
f 557/846/27 151/845/195 150/908/217
f 588/909/27 559/847/27 138/849/197
s 53
f 246/910/219 154/859/220 155/863/220
s 54
f 250/912/222 158/882/223 159/888/223
s 55
f 252/913/225 412/1068/558 444/914/226
s 56
f 256/916/228 156/870/229 157/876/229
s 57
f 303/918/231 128/779/646 346/919/232
s 55
f 251/915/227 444/914/226 345/921/234
s 45
f 118/800/181 117/802/182 355/922/236
s 58
f 302/924/238 301/938/239 469/925/239
s 44
f 159/888/210 160/894/213 407/927/240
s 59
f 270/929/241 148/900/242 149/930/242
s 60
f 266/932/244 150/908/245 151/845/245
s 61
f 262/934/247 152/851/248 153/855/248
s 62
f 250/912/250 249/944/260 443/936/251
s 58
f 301/938/239 100/840/647 374/939/253
s 63
f 144/872/254 145/884/254 272/940/255
s 64
f 146/890/257 147/896/257 268/942/258
s 62
f 249/944/260 126/784/648 348/945/261
s 45
f 120/796/180 119/798/180 353/946/262
s 65
f 140/853/263 141/857/263 280/948/264
s 66
f 142/861/266 143/865/266 276/950/267
s 67
f 300/952/269 436/1026/269 468/953/270
s 44
f 157/876/206 158/882/208 405/955/272
s 68
f 248/911/273 410/1045/548 442/957/274
s 67
f 299/954/271 468/953/270 373/959/276
s 69
f 132/886/277 133/1109/277 296/960/278
s 70
f 134/892/280 135/898/280 292/961/281
s 71
f 136/902/283 137/907/283 288/963/284
s 72
f 138/849/286 139/848/286 284/965/287
s 73
f 304/967/289 160/894/290 129/867/290
s 68
f 247/958/275 442/957/274 349/969/292
s 74
f 308/970/294 130/874/295 131/880/295
s 45
f 122/792/179 121/794/179 351/971/297
s 75
f 298/962/298 297/980/308 467/973/299
s 44
f 155/863/202 156/870/205 403/975/301
s 74
f 97/842/302 307/977/304 299/954/303
f 307/977/304 308/970/294 300/952/296
s 76
f 246/910/305 245/989/325 441/978/306
s 75
f 297/980/308 102/835/649 372/981/309
s 73
f 128/779/310 303/918/312 305/982/311
f 303/918/312 304/967/289 306/968/291
s 72
f 289/983/313 283/984/315 107/825/314
f 290/966/288 284/965/287 283/984/315
s 71
f 293/985/316 287/986/318 105/829/317
f 294/964/285 288/963/284 287/986/318
s 70
f 297/980/319 291/987/321 103/833/320
f 298/962/282 292/961/281 291/987/321
s 69
f 301/938/322 295/988/324 101/837/323
f 302/924/279 296/960/278 295/988/324
s 76
f 245/989/325 122/792/650 352/972/326
s 45
f 124/788/177 123/790/178 349/969/327
s 77
f 296/991/328 434/1034/328 466/992/329
s 44
f 153/855/199 154/859/199 401/994/331
s 78
f 308/970/332 440/1067/332 377/996/333
s 77
f 295/993/330 466/992/329 371/997/335
s 79
f 306/968/337 129/867/651 378/999/338
s 45
f 126/784/175 125/786/176 347/1001/339
s 66
f 281/1002/340 275/1003/342 111/817/341
f 282/951/268 276/950/267 275/1003/342
s 65
f 285/1004/343 279/1005/345 109/821/344
f 286/949/265 280/948/264 279/1005/345
s 80
f 294/964/346 293/985/352 465/1006/347
s 44
f 151/845/195 152/851/195 399/1008/348
s 57
f 304/967/349 438/1069/349 407/927/350
s 80
f 293/985/352 104/831/652 370/1010/353
s 64
f 273/1011/354 267/1012/356 115/809/355
f 274/943/259 268/942/258 267/1012/356
s 63
f 277/1013/357 271/1014/359 113/813/358
f 278/941/256 272/940/255 271/1014/359
s 58
f 302/924/238 437/926/238 379/1015/360
s 45
f 128/779/172 127/782/174 345/921/361
s 81
f 292/961/362 432/1042/362 464/1016/363
s 44
f 149/904/217 150/908/217 397/1017/365
s 61
f 120/796/366 261/1020/368 257/1019/367
f 261/1020/368 262/934/247 258/935/249
s 60
f 118/800/369 265/1022/372 259/1021/370
f 265/1022/372 266/932/244 260/933/246
s 59
f 116/804/373 269/1024/375 263/1023/374
f 269/1024/375 270/929/241 264/931/243
s 67
f 300/952/269 131/880/376 380/1025/376
s 81
f 291/987/364 464/1016/363 369/1027/377
s 75
f 298/962/298 435/974/300 381/1028/379
s 82
f 290/966/381 289/983/386 463/1029/382
s 44
f 147/896/214 148/900/214 395/1031/384
s 77
f 296/991/328 133/893/653 382/1033/385
s 82
f 289/983/386 106/827/654 368/1035/387
s 80
f 294/964/346 433/1007/346 383/1036/388
s 83
f 288/963/390 430/1066/390 462/1037/391
s 44
f 146/890/211 393/1103/393 394/1038/393
s 56
f 124/788/394 255/1040/396 253/1039/395
f 255/1040/396 256/916/228 254/917/230
s 81
f 292/961/362 135/898/655 384/1041/397
s 83
f 287/986/392 462/1037/391 367/1043/398
s 54
f 126/784/400 249/944/402 251/915/401
f 249/944/402 250/912/222 252/913/224
s 53
f 122/792/403 245/989/406 247/958/404
f 245/989/406 246/910/219 248/911/221
s 84
f 413/1044/407 406/956/408 405/955/408
s 85
f 410/1045/410 404/976/411 403/975/411
s 86
f 415/1047/413 402/995/414 401/994/414
s 87
f 416/1048/416 400/1009/417 399/1008/417
s 88
f 418/1050/419 398/1018/420 397/1017/420
s 89
f 420/1052/422 396/1032/423 395/1031/423
s 90
f 394/1038/424 393/1103/424 423/1054/425
s 91
f 392/1056/427 391/1104/427 425/1057/428
s 92
f 390/1059/430 389/1105/430 427/1060/431
s 93
f 388/1062/433 387/1106/433 429/1063/434
s 94
f 386/1065/436 385/1107/436 431/1030/437
s 95
f 384/1041/439 383/1036/439 433/1007/440
s 96
f 382/1033/442 381/1028/442 435/974/443
s 97
f 380/1025/445 379/1015/445 437/926/446
s 98
f 439/1000/447 378/999/448 377/996/448
s 99
f 412/1068/450 408/928/451 407/927/451
f 345/921/453 444/914/455 470/920/454
f 444/914/455 412/1068/450 438/1069/452
s 98
f 375/1070/456 471/1073/458 472/1071/457
f 471/1073/458 439/1000/447 440/1067/449
s 97
f 468/953/459 469/925/459 374/939/460
f 436/1026/446 437/926/446 469/925/459
s 96
f 466/992/461 467/973/463 372/981/462
f 434/1034/444 435/974/443 467/973/463
s 95
f 464/1016/464 465/1006/466 370/1010/465
f 432/1042/441 433/1007/440 465/1006/466
s 94
f 462/1037/467 463/1029/469 368/1035/468
f 430/1066/438 431/1030/437 463/1029/469
s 93
f 460/1074/470 461/1077/473 366/1075/471
f 428/1064/435 429/1063/434 461/1077/473
s 92
f 458/1078/474 459/1081/476 364/1079/475
f 426/1061/432 427/1060/431 459/1081/476
s 91
f 456/1082/477 457/1085/479 362/1083/478
f 424/1058/429 425/1057/428 457/1085/479
s 90
f 454/1086/480 455/1089/482 360/1087/481
f 422/1055/426 423/1054/425 455/1089/482
s 89
f 357/1090/483 452/1093/484 453/1091/484
f 420/1052/422 421/1053/422 453/1091/484
s 88
f 355/922/485 450/1095/487 451/1094/486
f 450/1095/487 418/1050/419 419/1051/421
s 87
f 353/946/488 448/1097/490 449/1096/489
f 448/1097/490 416/1048/416 417/1049/418
s 86
f 351/971/491 447/1098/493 441/978/492
f 447/1098/493 415/1047/413 409/979/415
s 85
f 349/969/494 442/957/496 446/1099/495
f 442/957/496 410/1045/410 414/1046/412
s 84
f 347/1001/497 445/1100/499 443/936/498
f 445/1100/499 413/1044/407 411/937/409
s 57
f 304/967/349 303/918/231 470/920/233
s 45
f 115/809/183 357/1090/500 358/1092/500
s 100
f 253/1039/501 445/1100/508 347/1001/502
s 79
f 305/982/504 471/1073/509 375/1070/505
s 100
f 254/917/507 413/1044/561 445/1100/508
s 79
f 306/968/337 439/1000/337 471/1073/509
s 45
f 113/813/184 359/1088/510 360/1087/510
s 101
f 255/1040/511 124/788/656 350/990/512
s 78
f 307/977/514 97/842/657 376/1072/515
s 101
f 256/916/517 255/1040/511 446/1099/513
s 78
f 308/970/332 307/977/514 472/1071/516
s 45
f 111/817/185 361/1084/518 362/1083/518
s 102
f 257/1019/519 447/1098/523 351/971/520
f 258/935/522 415/1047/522 447/1098/523
s 45
f 109/821/186 363/1080/524 364/1079/524
s 103
f 259/1021/525 448/1097/529 353/946/526
f 260/933/528 416/1048/574 448/1097/529
s 45
f 107/825/188 365/1076/530 366/1075/530
s 104
f 261/1020/531 120/796/658 354/947/532
f 262/934/534 261/1020/531 449/1096/533
s 45
f 105/829/190 367/1043/535 368/1035/535
s 105
f 263/1101/536 450/1095/540 355/922/537
f 264/1102/539 418/1050/584 450/1095/540
s 76
f 246/910/305 409/979/307 401/994/541
s 45
f 103/833/192 369/1027/543 370/1010/543
s 106
f 265/1022/544 118/800/659 356/923/545
s 68
f 248/911/273 155/863/660 404/976/547
s 106
f 266/932/549 265/1022/544 451/1094/546
s 62
f 250/912/250 411/937/252 405/955/551
s 45
f 101/998/193 371/997/553 372/981/553
s 107
f 267/1012/554 452/1093/554 357/1090/555
s 55
f 252/913/225 159/888/661 408/928/557
s 107
f 268/942/559 420/1052/594 452/1093/554
s 100
f 254/917/507 157/876/662 406/956/560
s 45
f 100/840/194 99/839/194 373/959/562
s 108
f 269/1024/563 116/804/564 358/1092/564
s 101
f 256/916/517 414/1046/517 403/975/565
s 108
f 270/929/567 269/1024/563 453/1091/563
s 102
f 258/935/522 153/855/663 402/995/568
s 45
f 97/842/173 98/780/173 375/1070/569
s 109
f 271/1014/570 454/1086/577 359/1088/571
s 103
f 260/933/528 151/845/664 400/1009/573
s 44
f 129/867/204 130/874/204 377/996/575
s 109
f 272/940/576 422/1055/576 454/1086/577
s 104
f 262/934/534 417/1049/534 399/1008/578
s 110
f 273/1011/580 114/811/665 360/1087/581
s 105
f 264/1102/539 149/904/666 398/1018/583
s 44
f 132/886/207 379/1015/585 380/1025/585
s 110
f 274/943/586 273/1011/580 455/1089/582
s 106
f 266/932/549 419/1051/550 397/1017/588
s 111
f 275/1003/590 456/1082/597 361/1084/591
s 107
f 268/942/559 147/896/593 396/1032/593
s 44
f 134/892/212 381/1028/595 382/1033/595
s 111
f 276/950/596 424/1058/596 456/1082/597
s 108
f 270/929/567 421/1053/567 395/1031/598
s 112
f 277/1013/600 112/815/667 362/1083/601
s 109
f 272/940/576 145/884/668 394/1038/603
s 44
f 136/902/216 383/1036/604 384/1041/604
s 112
f 278/941/605 277/1013/600 457/1085/602
s 110
f 274/943/586 423/1054/587 393/1103/606
s 113
f 279/1005/608 458/1078/614 363/1080/609
s 111
f 276/950/596 143/865/669 392/1056/611
s 44
f 138/849/197 385/1107/612 386/1065/612
s 113
f 280/948/613 426/1061/621 458/1078/614
s 112
f 278/941/605 425/1057/605 391/1104/615
s 114
f 281/1002/617 110/819/670 364/1079/618
s 113
f 280/948/613 141/857/671 390/1059/620
s 44
f 140/853/198 387/1106/622 388/1062/622
s 114
f 282/951/623 281/1002/617 459/1081/619
f 282/951/623 427/1060/624 389/1105/625
s 115
f 283/984/627 460/1074/634 365/1076/628
f 284/965/630 139/848/672 388/1062/631
s 44
f 142/861/201 389/1105/633 390/1059/633
s 115
f 284/965/630 428/1064/632 460/1074/634
s 116
f 286/949/635 429/1063/643 387/1106/636
f 285/1004/638 108/823/673 366/1075/639
s 83
f 288/963/390 137/907/674 386/1065/641
s 44
f 144/872/203 391/1104/642 392/1056/642
s 116
f 286/949/635 285/1004/638 461/1077/640
s 82
f 290/966/381 431/1030/383 385/1107/644
l 93 95
l 96 94
