# Blender 5.2.2 LTS
# www.blender.org
mtllib LlantasTraserasIzquierdas_01.mtl
g LlantasTraserasIzquierdas_01_RoverModificado.006
v -1.241107 1.354047 -8.699999
v -1.196173 1.245564 -8.700000
v -1.113144 1.162537 -8.699999
v -1.004663 1.117602 -8.700000
v -0.830789 1.134727 -8.700000
v -0.733158 1.199963 -8.700000
v -0.667923 1.297593 -8.700000
v -0.645016 1.412757 -8.700000
v -0.667923 1.527920 -8.700000
v -0.733158 1.625551 -8.700000
v -0.830789 1.690786 -8.700000
v -0.945953 1.713694 -8.700000
v -1.113144 1.662976 -8.700000
v -1.196173 1.579948 -8.699999
v -1.241107 1.471467 -8.700000
v -1.241107 1.354047 -7.443999
v -1.196173 1.245564 -7.443999
v -1.061116 1.134727 -7.443999
v -0.945953 1.111820 -7.443999
v -0.830789 1.134727 -7.443999
v -0.733158 1.199962 -7.443999
v -0.650798 1.354047 -7.443999
v -0.667923 1.527920 -7.443999
v -0.733158 1.625551 -7.443999
v -0.830789 1.690786 -7.443999
v -1.004663 1.707911 -7.443999
v -1.158747 1.625551 -7.443999
v -1.241107 1.471466 -7.443999
v -1.845467 1.412758 -9.678949
v -1.828183 1.237270 -9.678949
v -1.776995 1.068528 -9.678949
v -1.693871 0.913012 -9.678949
v -1.582005 0.776703 -9.678949
v -1.445695 0.664837 -9.678949
v -1.290181 0.581713 -9.678949
v -1.121438 0.530525 -9.678949
v -0.945951 0.513240 -9.678949
v -0.770464 0.530525 -9.678949
v -0.601721 0.581713 -9.678949
v -0.446207 0.664837 -9.678949
v -0.309897 0.776703 -9.678949
v -0.198031 0.913012 -9.678949
v -0.114906 1.068527 -9.678949
v -0.063719 1.237270 -9.678949
v -0.046435 1.412758 -9.678949
v -0.063719 1.588244 -9.678949
v -0.114906 1.756986 -9.678949
v -0.198031 1.912501 -9.678950
v -0.309897 2.048810 -9.678950
v -0.446206 2.160678 -9.678950
v -0.601721 2.243802 -9.678950
v -0.770464 2.294989 -9.678950
v -0.945951 2.312274 -9.678950
v -1.121438 2.294989 -9.678950
v -1.290181 2.243802 -9.678950
v -1.445695 2.160678 -9.678950
v -1.582005 2.048810 -9.678950
v -1.693871 1.912501 -9.678950
v -1.776995 1.756986 -9.678949
v -1.828183 1.588244 -9.678949
v -1.845467 1.412758 -8.638950
v -1.828183 1.237271 -8.638950
v -1.776995 1.068528 -8.638949
v -1.693871 0.913012 -8.638949
v -1.582005 0.776704 -8.638949
v -1.445695 0.664837 -8.638949
v -1.290181 0.581713 -8.638949
v -1.121438 0.530526 -8.638949
v -0.945951 0.513241 -8.638949
v -0.770464 0.530525 -8.638949
v -0.601721 0.581713 -8.638949
v -0.446207 0.664837 -8.638949
v -0.309897 0.776704 -8.638949
v -0.198030 0.913012 -8.638949
v -0.114906 1.068528 -8.638949
v -0.063719 1.237271 -8.638950
v -0.046435 1.412758 -8.638950
v -0.063719 1.588244 -8.638950
v -0.114906 1.756987 -8.638950
v -0.198031 1.912502 -8.638950
v -0.309897 2.048811 -8.638950
v -0.446206 2.160678 -8.638950
v -0.601721 2.243802 -8.638950
v -0.770464 2.294989 -8.638950
v -0.945951 2.312273 -8.638950
v -1.121438 2.294989 -8.638950
v -1.290181 2.243802 -8.638950
v -1.445695 2.160678 -8.638950
v -1.582005 2.048812 -8.638950
v -1.693871 1.912502 -8.638950
v -1.776995 1.756987 -8.638950
v -1.828183 1.588244 -8.638950
v -1.950197 1.211615 -8.638949
v -1.969791 1.410550 -8.638950
v -1.892170 1.020324 -8.638949
v -1.797939 0.844030 -8.638949
v -1.671125 0.689506 -8.638949
v -1.516601 0.562692 -8.638949
v -1.340307 0.468461 -8.638949
v -1.149017 0.410434 -8.638949
v -0.950081 0.390840 -8.638949
v -0.751145 0.410434 -8.638949
v -0.559855 0.468461 -8.638949
v -0.383561 0.562692 -8.638949
v -0.229038 0.689506 -8.638949
v -0.102224 0.844030 -8.638949
v -0.007992 1.020324 -8.638949
v 0.050035 1.211614 -8.638949
v 0.069628 1.410550 -8.638950
v 0.050035 1.609485 -8.638950
v -0.007992 1.800776 -8.638950
v -0.102224 1.977070 -8.638950
v -0.229037 2.131593 -8.638950
v -0.383561 2.258407 -8.638950
v -0.559855 2.352639 -8.638950
v -0.751145 2.410666 -8.638950
v -0.950081 2.430259 -8.638950
v -1.149017 2.410666 -8.638950
v -1.340307 2.352639 -8.638950
v -1.516601 2.258407 -8.638950
v -1.671124 2.131594 -8.638950
v -1.797939 1.977070 -8.638950
v -1.892170 1.800776 -8.638950
v -1.950197 1.609485 -8.638950
v -1.974502 1.412758 -9.678949
v -1.954739 1.212097 -9.678949
v -1.896209 1.019148 -9.678949
v -1.801160 0.841324 -9.678949
v -1.673247 0.685461 -9.678949
v -1.517384 0.557547 -9.678949
v -1.339561 0.462499 -9.678949
v -1.146611 0.403968 -9.678949
v -0.945951 0.384205 -9.678949
v -0.745291 0.403968 -9.678949
v -0.552341 0.462499 -9.678949
v -0.374518 0.557547 -9.678949
v -0.218655 0.685461 -9.678949
v -0.090742 0.841324 -9.678949
v 0.004307 1.019148 -9.678949
v 0.062837 1.212097 -9.678949
v 0.082601 1.412758 -9.678949
v 0.062837 1.613418 -9.678949
v 0.004307 1.806367 -9.678950
v -0.090742 1.984189 -9.678950
v -0.218655 2.140053 -9.678950
v -0.374518 2.267967 -9.678950
v -0.552341 2.363015 -9.678950
v -0.745290 2.421546 -9.678950
v -0.945951 2.441309 -9.678950
v -1.146612 2.421546 -9.678950
v -1.339561 2.363015 -9.678950
v -1.517384 2.267967 -9.678950
v -1.673247 2.140053 -9.678950
v -1.801160 1.984189 -9.678950
v -1.896209 1.806367 -9.678950
v -1.954739 1.613418 -9.678949
v -0.945951 1.509230 -9.618948
v -0.897714 1.496304 -9.618948
v -0.862403 1.460992 -9.618948
v -0.849478 1.412757 -9.618948
v -0.862403 1.364521 -9.618948
v -0.897714 1.329209 -9.618948
v -0.945951 1.316285 -9.618948
v -0.994187 1.329209 -9.618948
v -1.029498 1.364521 -9.618948
v -1.042423 1.412757 -9.618948
v -1.029498 1.460992 -9.618948
v -0.994187 1.496304 -9.618948
v -0.945951 1.612757 -9.495615
v -0.945951 1.612757 -9.342281
v -0.845951 1.585961 -9.342281
v -0.845951 1.585961 -9.495615
v -0.772745 1.512756 -9.342281
v -0.772745 1.512756 -9.495615
v -0.745951 1.412757 -9.342281
v -0.745951 1.412757 -9.495615
v -0.772745 1.312757 -9.342281
v -0.772745 1.312757 -9.495615
v -0.845951 1.239551 -9.342281
v -0.845951 1.239551 -9.495615
v -0.945951 1.212757 -9.342280
v -0.945951 1.212757 -9.495615
v -1.045951 1.239551 -9.342281
v -1.045951 1.239551 -9.495615
v -1.119156 1.312757 -9.342281
v -1.119156 1.312757 -9.495615
v -1.145951 1.412757 -9.342281
v -1.145951 1.412757 -9.495615
v -1.119156 1.512756 -9.342281
v -1.119156 1.512756 -9.495615
v -1.045951 1.585961 -9.342281
v -1.045951 1.585961 -9.495615
v -0.764777 2.288905 -8.995615
v -0.764777 2.288905 -8.742281
v -0.664777 2.262110 -8.742281
v -0.664777 2.262110 -8.995615
v -0.096598 1.693931 -8.742281
v -0.096598 1.693931 -8.995615
v -0.069803 1.593931 -8.742281
v -0.069803 1.593931 -8.995615
v -0.277771 0.817783 -8.742281
v -0.277771 0.817783 -8.995615
v -0.350976 0.744578 -8.742281
v -0.350976 0.744578 -8.995615
v -1.127124 0.536609 -8.742281
v -1.127124 0.536609 -8.995615
v -1.227124 0.563404 -8.742281
v -1.227124 0.563404 -8.995615
v -1.795304 1.131584 -8.742281
v -1.795304 1.131584 -8.995615
v -1.822099 1.231584 -8.742281
v -1.822099 1.231583 -8.995615
v -1.614130 2.007732 -8.742281
v -1.614130 2.007731 -8.995615
v -1.540925 2.080937 -8.742281
v -1.540925 2.080937 -8.995615
v -0.945951 1.612757 -9.618948
v -0.845951 1.585961 -9.618948
v -0.772745 1.512756 -9.618948
v -0.745951 1.412757 -9.618948
v -0.772745 1.312757 -9.618948
v -0.845951 1.239551 -9.618948
v -0.945951 1.212757 -9.618948
v -1.045951 1.239551 -9.618948
v -1.119156 1.312757 -9.618948
v -1.145951 1.412757 -9.618948
v -1.119156 1.512756 -9.618948
v -1.045951 1.585961 -9.618948
v -0.945951 1.509230 -9.518948
v -0.897714 1.496304 -9.518948
v -0.862403 1.460992 -9.518948
v -0.849478 1.412757 -9.518948
v -0.862403 1.364521 -9.518948
v -0.897714 1.329209 -9.518948
v -0.945951 1.316285 -9.518948
v -0.994187 1.329209 -9.518948
v -1.029498 1.364521 -9.518948
v -1.042423 1.412757 -9.518948
v -1.029498 1.460992 -9.518948
v -0.994187 1.496304 -9.518948
v -1.168235 2.514557 -8.968283
v -1.167353 2.518546 -9.349617
v -1.379263 2.450542 -8.968283
v -1.378989 2.454347 -9.349617
v -1.884112 2.036223 -8.968283
v -1.885293 2.038833 -9.349617
v -1.988066 1.841738 -8.968283
v -1.989547 1.843788 -9.349617
v -1.744213 2.206689 -8.968283
v -1.744992 2.209791 -9.349617
v -1.573747 2.346588 -8.968283
v -1.574033 2.350093 -9.349617
v -0.948773 2.536172 -8.968283
v -0.947259 2.540223 -9.349617
v -0.518284 2.450542 -8.968283
v -0.515529 2.454347 -9.349617
v -0.729312 2.514557 -8.968283
v -0.727165 2.518546 -9.349617
v -0.153333 2.206689 -8.968283
v -0.149526 2.209791 -9.349617
v -0.323799 2.346588 -8.968283
v -0.320484 2.350093 -9.349617
v 0.090520 1.841738 -8.968283
v 0.095029 1.843788 -9.349617
v -0.013434 2.036223 -8.968283
v -0.009224 2.038833 -9.349617
v 0.176149 1.411249 -8.968283
v 0.180906 1.412058 -9.349617
v 0.154534 1.630710 -8.968283
v 0.159228 1.632151 -9.349617
v 0.090520 0.980760 -8.968283
v 0.095029 0.980328 -9.349617
v 0.154534 1.191787 -8.968283
v 0.159228 1.191964 -9.349617
v -0.153333 0.615808 -8.968283
v -0.149526 0.614325 -9.349617
v -0.013434 0.786276 -8.968283
v -0.009224 0.785284 -9.349617
v -0.518284 0.371956 -8.968283
v -0.515529 0.369769 -9.349617
v -0.323800 0.475910 -8.968283
v -0.320484 0.474023 -9.349617
v -0.948773 0.286326 -8.968283
v -0.947259 0.283893 -9.349617
v -0.729312 0.307940 -8.968283
v -0.727165 0.305571 -9.349617
v -1.379262 0.371956 -8.968283
v -1.378989 0.369769 -9.349617
v -1.168235 0.307940 -8.968283
v -1.167353 0.305571 -9.349617
v -1.744214 0.615808 -8.968283
v -1.744992 0.614325 -9.349617
v -1.573747 0.475910 -8.968283
v -1.574034 0.474023 -9.349617
v -1.988066 0.980760 -8.968283
v -1.989547 0.980328 -9.349617
v -1.884112 0.786275 -8.968283
v -1.885293 0.785284 -9.349617
v -2.052081 1.630710 -8.968283
v -2.053746 1.632151 -9.349617
v -2.073696 1.411249 -8.968283
v -2.075423 1.412058 -9.349617
v -2.052081 1.191787 -8.968283
v -2.053746 1.191964 -9.349617
v -0.945951 1.612757 -8.904504
v -0.945951 1.612757 -8.806726
v -0.845951 1.585962 -8.806726
v -0.845951 1.585962 -8.904504
v -0.772745 1.512757 -8.806726
v -0.772745 1.512757 -8.904504
v -0.745951 1.412757 -8.806726
v -0.745951 1.412757 -8.904504
v -0.772745 1.312757 -8.806726
v -0.772745 1.312757 -8.904504
v -0.845951 1.239552 -8.806726
v -0.845951 1.239552 -8.904504
v -0.945951 1.212757 -8.806726
v -0.945951 1.212757 -8.904504
v -1.045951 1.239552 -8.806726
v -1.045951 1.239552 -8.904504
v -1.119156 1.312757 -8.806726
v -1.119156 1.312757 -8.904504
v -1.145951 1.412757 -8.806726
v -1.145951 1.412757 -8.904504
v -1.119156 1.512757 -8.806726
v -1.119156 1.512757 -8.904504
v -1.045951 1.585962 -8.806726
v -1.045951 1.585962 -8.904504
v -0.350976 2.080937 -8.806726
v -0.350976 2.080937 -8.904503
v -0.277771 2.007732 -8.806726
v -0.277771 2.007732 -8.904503
v -0.664777 0.563404 -8.806726
v -0.664777 0.563404 -8.904504
v -0.764777 0.536609 -8.806726
v -0.764777 0.536609 -8.904504
v -1.822099 1.593931 -8.806726
v -1.822099 1.593931 -8.904504
v -1.795304 1.693931 -8.806726
v -1.795304 1.693931 -8.904504
v -1.934656 1.818286 -8.644150
v -1.995295 1.618388 -8.644150
v -1.703664 2.163991 -8.644150
v -1.836185 2.002514 -8.644150
v -1.357960 2.394983 -8.644150
v -1.542187 2.296511 -8.644150
v -0.950174 2.476096 -8.644150
v -1.158061 2.455621 -8.644150
v -0.542388 2.394983 -8.644150
v -0.742286 2.455621 -8.644150
v -0.196684 2.163990 -8.644150
v -0.358160 2.296511 -8.644150
v 0.034309 1.818286 -8.644150
v -0.064163 2.002514 -8.644150
v 0.115422 1.410500 -8.644150
v 0.094947 1.618388 -8.644150
v 0.034309 1.002714 -8.644150
v 0.094947 1.202613 -8.644150
v -0.196684 0.657010 -8.644150
v -0.064163 0.818487 -8.644150
v -0.542388 0.426018 -8.644150
v -0.358160 0.524488 -8.644150
v -0.950174 0.344904 -8.644150
v -0.742286 0.365379 -8.644150
v -1.357960 0.426018 -8.644150
v -1.158061 0.365379 -8.644150
v -1.703664 0.657010 -8.644150
v -1.542187 0.524488 -8.644150
v -1.934656 1.002714 -8.644150
v -1.836185 0.818487 -8.644150
v -2.015770 1.410500 -8.644150
v -1.995295 1.202613 -8.644150
v -2.000041 1.203117 -9.673750
v -2.020694 1.412806 -9.673750
v -1.839551 0.815659 -9.673750
v -1.938877 1.001485 -9.673750
v -1.543005 0.519113 -9.673750
v -1.705882 0.652783 -9.673750
v -1.155548 0.358623 -9.673750
v -1.357180 0.419788 -9.673750
v -0.736168 0.358623 -9.673750
v -0.945858 0.337971 -9.673750
v -0.348711 0.519112 -9.673750
v -0.534536 0.419788 -9.673750
v -0.052164 0.815659 -9.673750
v -0.185834 0.652783 -9.673750
v 0.108325 1.203117 -9.673750
v 0.047161 1.001485 -9.673750
v 0.108326 1.622496 -9.673750
v 0.128978 1.412806 -9.673750
v -0.052164 2.009953 -9.673750
v 0.047161 1.824129 -9.673750
v -0.348711 2.306501 -9.673750
v -0.185834 2.172831 -9.673750
v -0.736168 2.466990 -9.673750
v -0.534536 2.405826 -9.673750
v -1.155548 2.466990 -9.673750
v -0.945858 2.487643 -9.673750
v -1.543005 2.306501 -9.673750
v -1.357180 2.405826 -9.673750
v -1.839551 2.009953 -9.673750
v -1.705882 2.172831 -9.673750
v -2.000041 1.622496 -9.673750
v -1.938877 1.824129 -9.673750
v -1.189286 2.629234 -9.347711
v -1.422086 2.558616 -9.347711
v -1.979021 2.101551 -9.347711
v -2.093700 1.887001 -9.347711
v -1.824689 2.289605 -9.347711
v -1.636635 2.443937 -9.347711
v -0.947183 2.653080 -9.347711
v -0.472280 2.558616 -9.347711
v -0.705079 2.629234 -9.347711
v -0.069677 2.289605 -9.347711
v -0.257731 2.443936 -9.347711
v 0.199334 1.887001 -9.347711
v 0.084655 2.101551 -9.347711
v 0.293798 1.412099 -9.347710
v 0.269953 1.654201 -9.347711
v 0.199334 0.937196 -9.347710
v 0.269953 1.169996 -9.347710
v -0.069677 0.534593 -9.347710
v 0.084655 0.722647 -9.347710
v -0.472280 0.265582 -9.347710
v -0.257731 0.380261 -9.347710
v -0.947183 0.171117 -9.347710
v -0.705080 0.194962 -9.347710
v -1.422086 0.265582 -9.347710
v -1.189286 0.194962 -9.347710
v -1.824689 0.534593 -9.347710
v -1.636635 0.380261 -9.347710
v -2.093700 0.937196 -9.347710
v -1.979021 0.722647 -9.347710
v -2.164319 1.654201 -9.347711
v -2.188164 1.412099 -9.347710
v -2.164319 1.169996 -9.347710
v -1.190256 2.624847 -8.970190
v -1.422387 2.554430 -8.970190
v -1.977721 2.098679 -8.970190
v -2.092071 1.884745 -8.970190
v -1.823833 2.286193 -8.970190
v -1.636319 2.440081 -8.970190
v -0.948849 2.648623 -8.970190
v -0.475310 2.554430 -8.970190
v -0.707441 2.624847 -8.970190
v -0.073864 2.286193 -8.970190
v -0.261378 2.440081 -8.970190
v 0.194373 1.884745 -8.970190
v 0.080024 2.098679 -8.970190
v 0.288566 1.411209 -8.970190
v 0.264789 1.652615 -8.970190
v 0.194373 0.937670 -8.970190
v 0.264789 1.169801 -8.970190
v -0.073865 0.536224 -8.970190
v 0.080024 0.723738 -8.970190
v -0.475311 0.267986 -8.970190
v -0.261378 0.382336 -8.970190
v -0.948849 0.173793 -8.970190
v -0.707441 0.197571 -8.970190
v -1.422387 0.267986 -8.970190
v -1.190256 0.197571 -8.970190
v -1.823833 0.536224 -8.970190
v -1.636319 0.382336 -8.970190
v -2.092071 0.937670 -8.970190
v -1.977721 0.723738 -8.970190
v -2.162487 1.652615 -8.970190
v -2.186263 1.411209 -8.970190
v -2.162487 1.169801 -8.970190
v -0.815427 2.099876 -9.314966
v -0.842657 1.998253 -9.453534
v -0.868070 1.903410 -9.537695
v -0.906731 1.759124 -9.560556
v -0.742658 1.971458 -9.453534
v -0.715427 2.073081 -9.314966
v -0.806731 1.732329 -9.560556
v -0.768070 1.876614 -9.537695
v -0.599583 1.451975 -9.560556
v -0.455298 1.490636 -9.537695
v -0.360455 1.516050 -9.453534
v -0.258832 1.543280 -9.314966
v -0.482093 1.590637 -9.537695
v -0.626378 1.551976 -9.560556
v -0.285627 1.643279 -9.314966
v -0.387250 1.616049 -9.453534
v -1.153099 1.693111 -9.560556
v -1.258723 1.798735 -9.537695
v -1.328153 1.868163 -9.453534
v -1.402547 1.942557 -9.314966
v -1.331928 1.725530 -9.537695
v -1.226304 1.619906 -9.560556
v -1.475752 1.869352 -9.314966
v -1.401358 1.794958 -9.453534
v -1.409809 1.234877 -9.537695
v -1.265523 1.273538 -9.560556
v -1.606275 1.182233 -9.314966
v -1.504651 1.209463 -9.453534
v -1.531446 1.309464 -9.453534
v -1.633070 1.282234 -9.314966
v -1.292318 1.373538 -9.560556
v -1.436603 1.334877 -9.537695
v -1.085170 1.093184 -9.560556
v -1.123831 0.948899 -9.537695
v -1.149244 0.854056 -9.453534
v -1.176474 0.752433 -9.314966
v -1.023831 0.922104 -9.537695
v -0.985170 1.066389 -9.560556
v -1.076474 0.725638 -9.314966
v -1.049244 0.827261 -9.453534
v -0.559973 1.099985 -9.537695
v -0.665597 1.205608 -9.560556
v -0.416150 0.956160 -9.314966
v -0.490543 1.030555 -9.453534
v -0.563748 0.957350 -9.453534
v -0.489355 0.882955 -9.314966
v -0.738802 1.132403 -9.560556
v -0.633178 1.026780 -9.537695
v -0.945951 1.612757 -8.286281
v -0.845951 1.585962 -8.286281
v -0.772745 1.512757 -8.286281
v -0.745951 1.412757 -8.286281
v -0.772745 1.312757 -8.286281
v -0.845951 1.239552 -8.286281
v -0.945951 1.212757 -8.286281
v -1.045951 1.239552 -8.286281
v -1.119156 1.312757 -8.286281
v -1.145951 1.412757 -8.286281
v -1.119156 1.512757 -8.286281
v -1.045951 1.585962 -8.286281
v -0.815951 1.637924 -8.004702
v -0.945951 1.672757 -8.004702
v -0.945951 1.672757 -8.286235
v -0.720784 1.542757 -8.004702
v -0.685951 1.412757 -8.004702
v -0.720784 1.282757 -8.004702
v -0.815951 1.187591 -8.004702
v -0.945951 1.152757 -8.004702
v -1.075951 1.187591 -8.004702
v -1.171117 1.282757 -8.004702
v -1.205951 1.412757 -8.004702
v -1.171117 1.542757 -8.004702
v -1.075951 1.637924 -8.004702
v -0.815951 1.637924 -8.286235
v -0.720784 1.542757 -8.286235
v -0.685951 1.412757 -8.286235
v -0.720784 1.282757 -8.286235
v -0.815951 1.187591 -8.286235
v -0.945951 1.152757 -8.286235
v -1.075951 1.187591 -8.286235
v -1.171117 1.282757 -8.286235
v -1.205951 1.412757 -8.286235
v -1.171117 1.542757 -8.286235
v -1.075951 1.637924 -8.286235
v -0.577031 2.303409 -9.678950
v -0.757877 2.358268 -9.678950
v -0.757877 0.467246 -9.678949
v -0.577031 0.522106 -9.678949
v -0.945951 2.376791 -9.678950
v -0.410362 0.611193 -9.678949
v -1.134025 2.358268 -9.678950
v -0.264276 0.731083 -9.678949
v -1.314871 2.303409 -9.678950
v -0.144386 0.877169 -9.678949
v -1.481539 2.214322 -9.678950
v -0.055300 1.043837 -9.678949
v -1.909985 1.412758 -9.678949
v -1.891461 1.224684 -9.678949
v -1.627626 2.094432 -9.678950
v -0.000441 1.224684 -9.678949
v -1.836602 1.043837 -9.678949
v -1.747516 1.948346 -9.678950
v 0.018083 1.412758 -9.678949
v -1.747516 0.877169 -9.678949
v -1.836602 1.781676 -9.678949
v -0.000441 1.600830 -9.678949
v -1.627626 0.731083 -9.678949
v -1.891461 1.600830 -9.678949
v -0.055300 1.781676 -9.678949
v -1.481539 0.611193 -9.678949
v -0.144386 1.948346 -9.678950
v -1.314871 0.522106 -9.678949
v -0.264276 2.094432 -9.678950
v -1.134025 0.467246 -9.678949
v -0.410362 2.214322 -9.678950
v -0.945951 0.448724 -9.678949
v -1.889190 1.224442 -8.638950
v -1.834583 1.044425 -8.638949
v -1.745905 0.878520 -8.638949
v -1.626565 0.733105 -8.638949
v -1.481148 0.613765 -8.638949
v -1.315244 0.525087 -8.638949
v -1.135227 0.470479 -8.638949
v -0.948016 0.452041 -8.638949
v -0.760805 0.470479 -8.638949
v -0.580788 0.525087 -8.638949
v -0.414884 0.613765 -8.638949
v -0.269467 0.733105 -8.638949
v -0.150127 0.878522 -8.638949
v -0.061449 1.044425 -8.638949
v -0.006842 1.224442 -8.638950
v 0.011597 1.411654 -8.638950
v -0.006842 1.598865 -8.638950
v -0.061449 1.778881 -8.638950
v -0.150127 1.944786 -8.638950
v -0.269467 2.090202 -8.638950
v -0.414884 2.209542 -8.638950
v -0.580788 2.298220 -8.638950
v -0.760805 2.352828 -8.638950
v -0.948016 2.371267 -8.638950
v -1.135227 2.352828 -8.638950
v -1.315244 2.298220 -8.638950
v -1.481148 2.209543 -8.638950
v -1.626564 2.090202 -8.638950
v -1.745905 1.944786 -8.638950
v -1.834583 1.778882 -8.638950
v -1.889190 1.598865 -8.638950
v -1.907629 1.411654 -8.638950
v -0.915949 1.724723 -9.391960
v -0.860456 1.931826 -9.359145
v -0.850272 1.969834 -9.325418
v -0.811186 2.115704 -9.126520
v -0.760456 1.905032 -9.359145
v -0.815949 1.697929 -9.391960
v -0.711187 2.088909 -9.126520
v -0.750272 1.943040 -9.325418
v -0.243004 1.547521 -9.126520
v -0.388873 1.508436 -9.325418
v -0.426881 1.498252 -9.359145
v -0.633984 1.442758 -9.391960
v -0.660779 1.542759 -9.391960
v -0.453676 1.598251 -9.359145
v -0.415667 1.608436 -9.325418
v -0.269799 1.647520 -9.126520
v -1.414133 1.954145 -9.126520
v -1.307350 1.847361 -9.325418
v -1.279526 1.819538 -9.359145
v -1.127916 1.667926 -9.391960
v -1.380555 1.774156 -9.325418
v -1.487338 1.880940 -9.126520
v -1.201121 1.594721 -9.391960
v -1.352731 1.746333 -9.359145
v -1.465020 1.327263 -9.359145
v -1.257917 1.382756 -9.391960
v -1.648897 1.277993 -9.126520
v -1.503029 1.317078 -9.325418
v -1.476234 1.217078 -9.325418
v -1.622102 1.177992 -9.126520
v -1.231122 1.282755 -9.391960
v -1.438225 1.227262 -9.359145
v -1.180715 0.736606 -9.126520
v -1.141630 0.882473 -9.325418
v -1.131445 0.920482 -9.359145
v -1.075952 1.127586 -9.391960
v -1.041630 0.855678 -9.325418
v -1.080715 0.709811 -9.126520
v -0.975952 1.100790 -9.391960
v -1.031445 0.893688 -9.359145
v -0.690780 1.230791 -9.391960
v -0.539170 1.079182 -9.359145
v -0.511346 1.051358 -9.325418
v -0.404563 0.944575 -9.126520
v -0.612375 1.005977 -9.359145
v -0.763986 1.157586 -9.391960
v -0.477768 0.871370 -9.126520
v -0.584551 0.978153 -9.325418
vn 0.3827 0.9239 -0.0000
vn 0.7071 0.7071 -0.0000
vn -0.1482 -0.9889 -0.0067
vn 0.0015 -1.0000 0.0019
vn -0.4262 -0.9046 0.0067
vn 0.3396 -0.9405 -0.0044
vn -0.0461 0.9989 -0.0042
vn 0.3396 0.9406 0.0044
vn 0.3827 -0.9239 -0.0000
vn -0.1951 0.9807 0.0087
vn 0.7390 -0.6737 0.0044
vn -0.5153 0.8570 -0.0063
vn -0.7071 0.7071 0.0091
vn 0.9233 -0.3840 -0.0019
vn 0.7071 -0.7071 -0.0000
vn -0.8323 0.5543 -0.0019
vn -0.9808 -0.1951 -0.0000
vn -0.8049 -0.5934 0.0044
vn 1.0000 0.0015 -0.0019
vn 0.9807 -0.1951 0.0091
vn -0.8315 -0.5556 -0.0000
vn -0.9707 0.2402 0.0044
vn 0.9406 0.3396 0.0044
vn 0.9239 0.3827 -0.0000
vn -0.5568 -0.8307 -0.0019
vn -0.9808 0.1951 -0.0000
vn -0.0000 -0.0000 1.0000
vn -0.0000 -0.0000 -1.0000
vn -0.0000 -1.0000 -0.0000
vn -0.1951 -0.9808 -0.0000
vn 0.1951 -0.9808 -0.0000
vn -0.3827 -0.9239 -0.0000
vn 0.5556 -0.8315 -0.0000
vn -0.5556 -0.8315 -0.0000
vn -0.7071 -0.7071 -0.0000
vn 0.8315 -0.5556 -0.0000
vn 0.9239 -0.3827 -0.0000
vn -0.9239 -0.3827 -0.0000
vn 0.9808 -0.1951 -0.0000
vn -1.0000 -0.0000 -0.0000
vn 1.0000 -0.0000 -0.0000
vn 0.9808 0.1951 -0.0000
vn -0.9239 0.3827 -0.0000
vn -0.8315 0.5556 -0.0000
vn 0.8315 0.5556 -0.0000
vn -0.7071 0.7071 -0.0000
vn 0.5556 0.8315 -0.0000
vn -0.5556 0.8315 -0.0000
vn -0.3827 0.9239 -0.0000
vn 0.1951 0.9808 -0.0000
vn -0.1951 0.9808 -0.0000
vn -0.0000 1.0000 -0.0000
vn 0.0007 -0.0004 -1.0000
vn 0.0008 -0.0000 -1.0000
vn -0.0007 0.0004 -1.0000
vn -0.0004 0.0007 -1.0000
vn 0.0004 0.0007 -1.0000
vn -0.0000 0.0008 -1.0000
vn -0.0004 -0.0007 -1.0000
vn -0.0007 -0.0004 -1.0000
vn 0.0004 -0.0007 -1.0000
vn 0.0007 0.0004 -1.0000
vn -0.0008 -0.0000 -1.0000
vn -0.0000 -0.0008 -1.0000
vn -0.4210 0.9071 -0.0000
vn -0.0890 0.9960 -0.0000
vn -0.9960 0.0890 -0.0000
vn -0.9071 0.4210 -0.0000
vn -0.5751 -0.8181 -0.0000
vn -0.8181 -0.5751 -0.0000
vn -0.3805 -0.1020 0.9191
vn -0.1219 -0.0327 0.9920
vn 0.4210 -0.9071 -0.0000
vn 0.0890 -0.9960 -0.0000
vn 0.9960 -0.0890 -0.0000
vn 0.9071 -0.4210 -0.0000
vn 0.5751 0.8181 -0.0000
vn 0.8181 0.5751 -0.0000
vn -0.6806 0.6806 -0.2714
vn -0.9659 -0.2588 -0.0000
vn -0.9297 -0.2491 -0.2714
vn -0.2588 -0.9659 -0.0000
vn -0.2491 -0.9297 -0.2714
vn 0.6806 -0.6806 -0.2714
vn 0.9659 0.2588 -0.0000
vn 0.9297 0.2491 -0.2714
vn 0.2491 0.9297 -0.2714
vn 0.2588 0.9659 -0.0000
vn 0.5838 -0.5838 -0.5643
vn -0.7974 -0.2137 -0.5643
vn -0.2785 0.2785 0.9191
vn -0.0892 0.0892 0.9920
vn -0.2588 0.9659 -0.0000
vn -0.1020 -0.3805 0.9191
vn -0.0327 -0.1219 0.9920
vn 0.3805 0.1020 0.9191
vn 0.1219 0.0327 0.9920
vn -0.2785 0.2785 -0.9191
vn -0.0892 0.0892 -0.9920
vn 0.3805 0.1020 -0.9191
vn 0.1219 0.0327 -0.9920
vn -0.9659 0.2588 -0.0000
vn -0.8270 -0.2216 0.5167
vn -0.8753 -0.2345 0.4229
vn -0.2216 -0.8270 0.5167
vn -0.2345 -0.8753 0.4229
vn -0.1020 -0.3805 -0.9191
vn -0.0327 -0.1219 -0.9920
vn 0.1080 0.4029 -0.9089
vn 0.1884 0.7029 -0.6859
vn 0.2588 -0.9659 -0.0000
vn 0.6054 -0.6054 0.5167
vn 0.6408 -0.6408 0.4229
vn -0.4029 -0.1079 0.9089
vn -0.7029 -0.1883 0.6859
vn -0.4029 -0.1080 0.9089
vn 0.7974 0.2137 -0.5643
vn -0.3805 -0.1020 -0.9191
vn -0.1219 -0.0327 -0.9920
vn 0.4029 0.1080 -0.9089
vn 0.7029 0.1884 -0.6859
vn 0.2949 -0.2949 0.9089
vn 0.5146 -0.5146 0.6859
vn -0.5838 0.5838 -0.5643
vn 0.2785 -0.2785 -0.9191
vn 0.0892 -0.0892 -0.9920
vn -0.2949 0.2949 -0.9089
vn -0.5146 0.5146 -0.6859
vn 0.4029 0.1080 0.9089
vn 0.7029 0.1884 0.6859
vn 0.4029 0.1079 0.9089
vn -0.4029 -0.1080 -0.9089
vn -0.7029 -0.1883 -0.6859
vn -0.4029 -0.1079 -0.9089
vn 0.8270 0.2216 0.5167
vn 0.8753 0.2345 0.4229
vn 0.2216 0.8270 0.5167
vn 0.2345 0.8753 0.4229
vn 0.9659 -0.2588 -0.0000
vn 0.1079 0.4029 0.9089
vn 0.1883 0.7029 0.6859
vn -0.2137 -0.7974 -0.5643
vn 0.1020 0.3805 -0.9191
vn 0.0327 0.1219 -0.9920
vn -0.1080 -0.4029 -0.9089
vn -0.1884 -0.7029 -0.6859
vn 0.2949 -0.2949 -0.9089
vn 0.5146 -0.5146 -0.6859
vn -0.6054 0.6054 0.5167
vn -0.6408 0.6408 0.4229
vn 0.2785 -0.2785 0.9191
vn 0.0892 -0.0892 0.9920
vn -0.2949 0.2949 0.9089
vn -0.5146 0.5146 0.6859
vn -0.5000 0.8660 -0.0000
vn -0.8181 0.5751 -0.0000
vn -0.9960 -0.0890 -0.0000
vn -0.8660 -0.5000 -0.0000
vn -0.5000 -0.8660 -0.0000
vn -0.0890 -0.9960 -0.0000
vn 0.5751 -0.8181 -0.0000
vn 0.8660 -0.5000 -0.0000
vn 0.9071 0.4210 -0.0000
vn 0.4210 0.9071 -0.0000
vn 0.2137 0.7974 -0.5643
vn -0.7029 -0.1884 -0.6859
vn -0.8660 0.5000 -0.0000
vn 0.5000 -0.8660 -0.0000
vn 0.8660 0.5000 -0.0000
vn 0.5000 0.8660 -0.0000
vn -0.1883 -0.7029 0.6859
vn 0.7029 0.1883 0.6859
vn 0.1884 0.7029 0.6859
vn 0.1020 0.3805 0.9191
vn 0.0327 0.1219 0.9920
vn -0.1080 -0.4029 0.9089
vn -0.1079 -0.4029 0.9089
vn 0.1019 0.3805 -0.9191
vn -0.0392 0.0119 0.9992
vn -0.0407 -0.0040 0.9992
vn -0.0391 0.0119 0.9992
vn -0.0317 0.0260 0.9992
vn -0.0316 0.0259 0.9992
vn -0.0193 0.0362 0.9992
vn -0.0193 0.0361 0.9992
vn -0.0040 0.0408 0.9992
vn 0.0119 0.0393 0.9992
vn 0.0261 0.0318 0.9992
vn 0.0260 0.0317 0.9992
vn 0.0362 0.0194 0.9992
vn 0.0409 0.0040 0.9992
vn 0.0393 -0.0119 0.9992
vn 0.0317 -0.0260 0.9992
vn 0.0193 -0.0361 0.9992
vn 0.0193 -0.0362 0.9992
vn 0.0040 -0.0407 0.9992
vn 0.0040 -0.0408 0.9992
vn -0.0119 -0.0391 0.9992
vn -0.0119 -0.0392 0.9992
vn -0.0259 -0.0316 0.9992
vn -0.0360 -0.0193 0.9992
vn 0.0118 0.0388 -0.9992
vn 0.0191 -0.0358 -0.9992
vn 0.0040 -0.0405 -0.9992
vn 0.0192 -0.0359 -0.9992
vn -0.0040 0.0404 -0.9992
vn 0.0313 -0.0257 -0.9992
vn 0.0314 -0.0258 -0.9992
vn -0.0192 0.0359 -0.9992
vn 0.0388 -0.0118 -0.9992
vn -0.0405 -0.0040 -0.9992
vn -0.0191 0.0358 -0.9992
vn -0.0315 0.0258 -0.9992
vn -0.0359 -0.0192 -0.9992
vn -0.0314 0.0258 -0.9992
vn 0.0403 0.0040 -0.9992
vn -0.0390 0.0118 -0.9992
vn 0.0404 0.0040 -0.9992
vn -0.0258 -0.0315 -0.9992
vn -0.0389 0.0118 -0.9992
vn 0.0357 0.0191 -0.9992
vn -0.0118 -0.0389 -0.9992
vn -0.0118 -0.0390 -0.9992
vn 0.0257 0.0313 -0.9992
vn 0.0040 -0.0404 -0.9992
vn -0.2874 0.9476 -0.1397
vn -0.2780 0.9165 -0.2875
vn -0.2875 0.9477 -0.1389
vn -0.8729 0.4666 -0.1429
vn -0.8439 0.4511 -0.2904
vn -0.8730 0.4666 -0.1422
vn 0.3832 0.9236 0.0039
vn 0.3822 0.9241 0.0037
vn 0.3820 0.9241 0.0037
vn -0.6280 0.7652 -0.1414
vn -0.6073 0.7400 -0.2890
vn -0.6281 0.7653 -0.1406
vn -0.1945 -0.9809 -0.0031
vn -0.1935 -0.9811 -0.0034
vn -0.1947 -0.9809 -0.0030
vn 0.3808 0.9246 0.0042
vn 0.3806 0.9247 0.0042
vn 0.0719 0.0876 0.9936
vn 0.5556 -0.8314 0.0005
vn 0.5555 -0.8315 0.0005
vn -0.1075 0.0326 -0.9937
vn 0.7658 0.6285 -0.1360
vn 0.7411 0.6082 -0.2844
vn 0.7658 0.6285 -0.1359
vn 0.4670 0.8736 -0.1368
vn 0.4519 0.8454 -0.2849
vn 0.4670 0.8737 -0.1364
vn 0.0971 0.9856 -0.1381
vn 0.0939 0.9536 -0.2860
vn 0.0971 0.9857 -0.1374
vn -0.5561 -0.8311 -0.0044
vn -0.5551 -0.8318 -0.0042
vn -0.5562 -0.8310 -0.0044
vn 0.5554 -0.8316 0.0005
vn 0.9539 -0.0940 -0.2849
vn 0.9858 -0.0971 -0.1368
vn 0.9859 -0.0971 -0.1364
vn 0.9174 0.2783 -0.2844
vn 0.9480 0.2876 -0.1360
vn 0.9481 0.2876 -0.1359
vn -0.5549 -0.8319 -0.0043
vn -0.5536 -0.8327 -0.0047
vn 0.0329 0.1084 0.9936
vn 0.6076 -0.7404 -0.2875
vn 0.6282 -0.7654 -0.1397
vn 0.6282 -0.7655 -0.1389
vn 0.8451 -0.4517 -0.2860
vn 0.8735 -0.4669 -0.1381
vn 0.8736 -0.4669 -0.1374
vn -0.3826 0.9239 0.0005
vn -0.3827 0.9239 0.0005
vn -0.3828 0.9238 0.0005
vn -0.0868 0.0712 -0.9937
vn 0.9242 0.3820 0.0050
vn 0.9236 0.3833 0.0048
vn 0.9235 0.3835 0.0048
vn -0.3829 0.9238 0.0005
vn -0.3830 0.9238 0.0005
vn -0.7393 -0.6067 -0.2921
vn -0.7649 -0.6277 -0.1444
vn -0.7649 -0.6278 -0.1443
vn -0.4509 -0.8436 -0.2915
vn -0.4665 -0.8727 -0.1439
vn -0.4665 -0.8728 -0.1435
vn -0.0938 -0.9523 -0.2904
vn -0.0970 -0.9850 -0.1429
vn -0.0970 -0.9851 -0.1422
vn 0.2779 -0.9161 -0.2890
vn 0.2874 -0.9473 -0.1414
vn 0.2874 -0.9474 -0.1406
vn -0.9848 0.0970 -0.1439
vn -0.9520 0.0938 -0.2915
vn -0.9849 0.0970 -0.1435
vn 0.9229 0.3851 0.0054
vn 0.9228 0.3854 0.0054
vn -0.9469 -0.2872 -0.1444
vn -0.9152 -0.2776 -0.2921
vn -0.9469 -0.2872 -0.1443
vn -0.0111 0.1127 0.9936
vn 0.8317 -0.5553 0.0024
vn 0.8313 -0.5558 0.0023
vn 0.8317 -0.5552 0.0024
vn -0.0529 0.0989 -0.9937
vn -0.9131 -0.2770 0.2992
vn -0.9458 -0.2869 0.1519
vn -0.9459 -0.2869 0.1518
vn -0.9809 -0.1943 -0.0048
vn -0.9807 -0.1957 -0.0046
vn 0.8312 -0.5559 0.0023
vn 0.8308 -0.5566 0.0025
vn -0.9494 0.0935 0.2997
vn -0.9835 0.0969 0.1527
vn -0.9836 0.0969 0.1523
vn 0.2868 -0.9453 0.1556
vn 0.2767 -0.9122 0.3022
vn 0.2868 -0.9454 0.1548
vn -0.0968 -0.9833 0.1540
vn -0.0935 -0.9491 0.3008
vn -0.0969 -0.9834 0.1533
vn -0.4659 -0.8716 0.1527
vn -0.4497 -0.8414 0.2997
vn -0.4659 -0.8716 0.1523
vn -0.7640 -0.6270 0.1519
vn -0.7376 -0.6053 0.2992
vn -0.7641 -0.6270 0.1518
vn -0.9806 -0.1959 -0.0046
vn -0.9803 -0.1975 -0.0051
vn -0.0533 0.0998 0.9936
vn -0.7073 0.7069 -0.0015
vn -0.7070 0.7072 -0.0014
vn -0.7069 0.7073 -0.0014
vn -0.0110 0.1115 -0.9937
vn 0.1949 -0.9808 -0.0015
vn 0.1943 -0.9809 -0.0016
vn -0.7066 0.7076 -0.0016
vn -0.7065 0.7077 -0.0016
vn 0.0004 1.0000 0.0024
vn 0.0012 1.0000 0.0025
vn -0.0874 0.0717 0.9936
vn 0.8707 -0.4654 0.1587
vn 0.8399 -0.4489 0.3052
vn 0.8708 -0.4655 0.1580
vn 0.6265 -0.7634 0.1573
vn 0.6044 -0.7365 0.3037
vn 0.6266 -0.7635 0.1564
vn 0.9809 -0.1945 0.0039
vn 0.9807 -0.1956 0.0037
vn 0.9809 -0.1944 0.0039
vn 0.0325 0.1072 -0.9937
vn -0.1956 -0.9807 -0.0032
vn -0.1967 -0.9805 -0.0034
vn -0.1969 -0.9804 -0.0034
vn 0.9806 -0.1958 0.0037
vn 0.9804 -0.1971 0.0041
vn 0.9446 0.2865 0.1603
vn 0.9108 0.2763 0.3068
vn 0.9446 0.2865 0.1601
vn 0.9824 -0.0968 0.1598
vn 0.9474 -0.0933 0.3062
vn 0.9825 -0.0968 0.1593
vn 0.5558 -0.8313 0.0005
vn -0.1081 0.0328 0.9936
vn -0.9241 0.3822 -0.0032
vn -0.9237 0.3831 -0.0030
vn -0.9237 0.3832 -0.0031
vn 0.0710 0.0865 -0.9937
vn 0.0933 0.9477 0.3052
vn 0.0968 0.9826 0.1587
vn 0.0968 0.9827 0.1580
vn 0.4488 0.8396 0.3062
vn 0.4653 0.8706 0.1598
vn 0.4654 0.8707 0.1593
vn 0.7357 0.6038 0.3068
vn 0.7630 0.6262 0.1603
vn 0.7630 0.6262 0.1601
vn -0.3825 0.9240 0.0005
vn -0.9232 0.3842 -0.0034
vn -0.9232 0.3844 -0.0034
vn 0.8321 -0.5546 0.0025
vn 0.8322 -0.5544 0.0025
vn 0.9806 0.1958 0.0048
vn 0.9809 0.1945 0.0046
vn 0.9806 0.1959 0.0048
vn 0.0987 0.0528 -0.9937
vn -0.7076 0.7066 -0.0016
vn 0.9809 0.1942 0.0046
vn 0.9813 0.1926 0.0051
vn 0.9812 -0.1931 0.0041
vn 0.9812 -0.1929 0.0042
vn -1.0000 -0.0007 -0.0044
vn -1.0000 0.0006 -0.0042
vn -1.0000 0.0008 -0.0043
vn 0.1114 0.0110 -0.9937
vn -0.6047 0.7369 0.3022
vn -0.6267 0.7636 0.1556
vn -0.6268 0.7637 0.1548
vn -0.9245 0.3812 -0.0034
vn -1.0000 0.0023 -0.0047
vn -1.0000 0.0026 -0.0048
vn -0.8411 0.4496 0.3008
vn -0.8714 0.4658 0.1540
vn -0.8715 0.4658 0.1533
vn -0.2766 0.9117 0.3038
vn -0.2867 0.9450 0.1573
vn -0.2867 0.9452 0.1564
vn -0.7529 0.6179 -0.2269
vn -0.6889 0.5654 -0.4535
vn -0.7531 0.6180 -0.2256
vn -0.4593 0.8592 -0.2253
vn -0.4204 0.7866 -0.4523
vn -0.4594 0.8595 -0.2239
vn -0.0955 0.9700 -0.2236
vn -0.0875 0.8882 -0.4510
vn -0.0956 0.9703 -0.2223
vn 0.2830 0.9330 -0.2221
vn 0.2592 0.8546 -0.4500
vn 0.2831 0.9333 -0.2211
vn 0.6187 0.7539 -0.2209
vn 0.5668 0.6906 -0.4493
vn 0.6188 0.7540 -0.2204
vn 0.8602 0.4598 -0.2204
vn 0.7880 0.4212 -0.4490
vn 0.8891 0.0876 -0.4493
vn 0.9706 0.0956 -0.2209
vn 0.9707 0.0956 -0.2204
vn 0.8546 -0.2592 -0.4500
vn 0.9330 -0.2830 -0.2221
vn 0.9333 -0.2831 -0.2211
vn 0.6899 -0.5662 -0.4510
vn 0.7534 -0.6183 -0.2236
vn 0.7537 -0.6185 -0.2223
vn 0.4204 -0.7866 -0.4523
vn 0.4593 -0.8592 -0.2253
vn 0.4594 -0.8595 -0.2239
vn 0.0874 -0.8869 -0.4535
vn 0.0955 -0.9692 -0.2269
vn 0.0955 -0.9695 -0.2256
vn -0.2586 -0.8523 -0.4546
vn -0.2826 -0.9317 -0.2281
vn -0.2827 -0.9319 -0.2271
vn -0.5648 -0.6882 -0.4553
vn -0.6176 -0.7525 -0.2288
vn -0.6176 -0.7526 -0.2282
vn -0.7851 -0.4196 -0.4556
vn -0.8585 -0.4589 -0.2288
vn -0.9688 -0.0954 -0.2288
vn -0.8860 -0.0873 -0.4553
vn -0.9689 -0.0954 -0.2282
vn -0.9317 0.2826 -0.2281
vn -0.8523 0.2586 -0.4546
vn -0.9319 0.2827 -0.2271
vn -0.8486 0.2574 0.4622
vn -0.9295 0.2820 0.2377
vn -0.9297 0.2820 0.2367
vn -0.8829 -0.0870 0.4615
vn -0.9669 -0.0952 0.2366
vn -0.9671 -0.0952 0.2361
vn -0.8570 -0.4581 0.2360
vn -0.7825 -0.4183 0.4612
vn -0.6164 -0.7511 0.2366
vn -0.5628 -0.6858 0.4615
vn -0.6165 -0.7512 0.2361
vn -0.2820 -0.9295 0.2377
vn -0.2574 -0.8486 0.4622
vn -0.2820 -0.9297 0.2367
vn 0.0952 -0.9663 0.2392
vn 0.0869 -0.8820 0.4632
vn 0.0952 -0.9666 0.2380
vn 0.4575 -0.8560 0.2409
vn 0.4175 -0.7810 0.4645
vn 0.4577 -0.8563 0.2395
vn 0.7499 -0.6155 0.2424
vn 0.6841 -0.5614 0.4657
vn 0.7502 -0.6157 0.2412
vn 0.9281 -0.2815 0.2436
vn 0.8463 -0.2567 0.4667
vn 0.9283 -0.2816 0.2427
vn 0.9650 0.0950 0.2443
vn 0.8798 0.0867 0.4674
vn 0.8798 0.0866 0.4674
vn 0.9652 0.0951 0.2438
vn 0.7795 0.4167 0.4676
vn 0.8552 0.4571 0.2444
vn 0.5608 0.6834 0.4674
vn 0.6152 0.7496 0.2443
vn 0.6152 0.7497 0.2438
vn 0.2567 0.8463 0.4667
vn 0.2815 0.9281 0.2436
vn 0.2816 0.9283 0.2427
vn -0.0867 0.8807 0.4657
vn -0.0951 0.9655 0.2424
vn -0.0951 0.9658 0.2412
vn -0.4175 0.7810 0.4644
vn -0.4575 0.8560 0.2409
vn -0.4175 0.7810 0.4645
vn -0.4577 0.8563 0.2395
vn -0.6851 0.5622 0.4632
vn -0.7506 0.6160 0.2392
vn -0.7508 0.6162 0.2380
vn 0.1000 0.0535 0.9936
vn 0.7065 0.7077 0.0046
vn 0.7053 0.7089 0.0051
vn 0.7051 0.7091 0.0052
vn -0.0004 1.0000 0.0023
vn -0.0012 1.0000 0.0025
vn -0.0014 1.0000 0.0026
vn 0.7076 0.7066 0.0048
vn 0.7067 0.7075 0.0046
vn -0.0003 1.0000 0.0023
vn 0.1128 0.0111 0.9936
vn -0.8310 -0.5563 -0.0048
vn -0.8300 -0.5577 -0.0053
vn -0.8311 -0.5561 -0.0048
vn 0.1953 -0.9807 -0.0014
vn 0.1958 -0.9806 -0.0016
vn -0.8319 -0.5549 -0.0050
vn 0.1948 -0.9808 -0.0015
vn 0.1084 -0.0329 0.9936
vn 1.0000 0.0008 0.0043
vn 1.0000 0.0023 0.0048
vn 1.0000 0.0026 0.0048
vn 1.0000 -0.0007 0.0044
vn 1.0000 0.0006 0.0042
vn 0.0875 -0.0718 0.9936
vn 0.9241 -0.3821 0.0031
vn 0.9245 -0.3811 0.0034
vn 0.9246 -0.3810 0.0035
vn 0.9237 -0.3831 0.0032
vn 0.9240 -0.3823 0.0030
vn 0.0533 -0.0998 0.9936
vn -0.9809 0.1944 -0.0037
vn -0.9812 0.1931 -0.0042
vn -0.9809 0.1946 -0.0037
vn -0.9807 0.1957 -0.0039
vn -0.9806 0.1957 -0.0039
vn 0.0111 -0.1125 0.9936
vn 0.7073 -0.7069 0.0014
vn 0.7077 -0.7066 0.0016
vn 0.7077 -0.7065 0.0016
vn 0.7069 -0.7073 0.0014
vn 0.7072 -0.7070 0.0014
vn -0.9813 -0.1926 -0.0051
vn -0.9813 -0.1924 -0.0051
vn -0.0328 -0.1081 0.9936
vn -0.8317 0.5552 -0.0023
vn -0.8322 0.5545 -0.0025
vn -0.8316 0.5553 -0.0023
vn 0.9249 0.3803 0.0053
vn 0.9242 0.3819 0.0050
vn -0.8313 0.5559 -0.0024
vn -0.8312 0.5559 -0.0024
vn -0.5575 -0.8302 -0.0047
vn -0.5577 -0.8300 -0.0047
vn -0.0716 -0.0873 0.9936
vn 0.3826 -0.9239 -0.0005
vn 0.3824 -0.9240 -0.0005
vn 0.3845 0.9231 0.0041
vn 0.3833 0.9236 0.0039
vn 0.3827 -0.9239 -0.0005
vn 0.7089 0.7053 0.0051
vn 0.7077 0.7065 0.0048
vn -0.0996 -0.0532 0.9936
vn -0.5556 0.8314 -0.0005
vn -0.5558 0.8313 -0.0005
vn -0.8329 -0.5534 -0.0053
vn -0.8331 -0.5532 -0.0054
vn -0.5555 0.8315 -0.0005
vn 1.0000 -0.0023 0.0047
vn -0.1124 -0.0111 0.9936
vn -0.0004 -1.0000 -0.0023
vn -0.0012 -1.0000 -0.0025
vn -0.0014 -1.0000 -0.0026
vn 0.9232 -0.3842 0.0034
vn 0.9237 -0.3832 0.0032
vn -0.1119 -0.0110 -0.9937
vn 0.0004 -1.0000 -0.0023
vn -0.0003 -1.0000 -0.0023
vn -0.9804 0.1970 -0.0041
vn -0.9803 0.1973 -0.0041
vn -0.1948 0.9808 0.0014
vn -0.1944 0.9809 0.0016
vn -0.1949 0.9808 0.0014
vn 0.7066 -0.7076 0.0015
vn 0.7069 -0.7073 0.0015
vn -0.0992 -0.0530 -0.9937
vn -0.1953 0.9807 0.0014
vn -0.1953 0.9807 0.0015
vn -0.8308 0.5566 -0.0025
vn -0.8307 0.5567 -0.0025
vn -0.3833 -0.9236 -0.0037
vn -0.3846 -0.9231 -0.0042
vn -0.3848 -0.9230 -0.0042
vn 0.3829 -0.9238 -0.0005
vn 0.3828 -0.9238 -0.0005
vn -0.0713 -0.0869 -0.9937
vn -0.3821 -0.9241 -0.0039
vn -0.3832 -0.9237 -0.0037
vn -0.5554 0.8316 -0.0005
vn -0.5553 0.8316 -0.0005
vn 0.1957 0.9807 0.0031
vn 0.1967 0.9805 0.0034
vn 0.1955 0.9807 0.0030
vn 0.0012 -1.0000 -0.0025
vn 0.0004 -1.0000 -0.0024
vn -0.0326 -0.1075 -0.9937
vn 0.1946 0.9809 0.0032
vn -0.1958 0.9806 0.0015
vn -0.1959 0.9806 0.0016
vn -0.7077 -0.7065 -0.0046
vn -0.7089 -0.7053 -0.0051
vn -0.7091 -0.7051 -0.0052
vn -0.3808 -0.9246 -0.0041
vn 0.0110 -0.1117 -0.9937
vn -0.7066 -0.7076 -0.0048
vn -0.7075 -0.7067 -0.0046
vn 0.1935 0.9811 0.0034
vn 0.1933 0.9811 0.0034
vn 0.5562 0.8310 0.0043
vn 0.5575 0.8302 0.0048
vn 0.5561 0.8311 0.0042
vn -0.7053 -0.7088 -0.0051
vn -0.7065 -0.7077 -0.0048
vn 0.0529 -0.0989 -0.9937
vn 0.5550 0.8318 0.0044
vn 0.5549 0.8319 0.0044
vn 0.5537 0.8327 0.0047
vn 0.5535 0.8329 0.0047
vn -0.9242 -0.3818 -0.0048
vn -0.9249 -0.3803 -0.0054
vn -0.9250 -0.3800 -0.0054
vn -0.9236 -0.3834 -0.0050
vn -0.9229 -0.3851 -0.0053
vn -0.9235 -0.3835 -0.0050
vn 0.0866 -0.0711 -0.9937
vn -0.9241 -0.3821 -0.0048
vn 0.8310 0.5562 0.0050
vn 0.8300 0.5577 0.0053
vn 0.8299 0.5579 0.0053
vn 0.8320 0.5548 0.0048
vn 0.8329 0.5534 0.0054
vn 0.8318 0.5550 0.0048
vn -1.0000 -0.0023 -0.0047
vn 0.1072 -0.0325 -0.9937
vn 0.8310 0.5563 0.0050
vn 0.9803 0.1975 0.0051
vn 0.9802 0.1978 0.0051
vn -0.1933 -0.9811 -0.0034
vn 0.5553 -0.8316 0.0005
vn -0.5534 -0.8329 -0.0048
vn 0.8307 -0.5567 0.0025
vn -0.9802 -0.1978 -0.0052
vn 0.0013 1.0000 0.0025
vn 0.9803 -0.1973 0.0042
vn -0.3824 0.9240 0.0005
vn -0.7077 0.7065 -0.0016
vn 0.9813 0.1924 0.0052
vn -0.9246 0.3810 -0.0034
vn 0.1000 0.0535 0.9935
vn -0.8298 -0.5580 -0.0054
vn 0.1959 -0.9806 -0.0016
vn -0.9812 0.1929 -0.0042
vn -0.8322 0.5544 -0.0026
vn 0.9250 0.3800 0.0053
vn 0.3847 0.9230 0.0042
vn 0.7090 0.7051 0.0051
vn 1.0000 -0.0025 0.0047
vn 0.9232 -0.3844 0.0034
vn -0.1943 0.9809 0.0016
vn 0.7065 -0.7077 0.0016
vn 0.1969 0.9804 0.0034
vn 0.0013 -1.0000 -0.0025
vn -0.3806 -0.9247 -0.0041
vn 0.5577 0.8300 0.0048
vn -0.7051 -0.7090 -0.0051
vn -0.9228 -0.3853 -0.0054
vn 0.8331 0.5531 0.0054
vn -1.0000 -0.0025 -0.0047
vt 0.041319 0.640085
vt 0.048123 0.567897
vt 0.048068 0.640090
vt 0.091856 0.640067
vt 0.088455 0.567875
vt 0.095205 0.567872
vt 0.081814 0.640078
vt 0.034570 0.640080
vt 0.041374 0.567892
vt 0.081706 0.567885
vt 0.031332 0.567879
vt 0.074957 0.567895
vt 0.024528 0.640068
vt 0.021290 0.567867
vt 0.068316 0.640098
vt 0.075065 0.640088
vt 0.017778 0.640055
vt 0.112104 0.640045
vt 0.105247 0.567862
vt 0.111996 0.567852
vt 0.061567 0.640100
vt 0.064915 0.567905
vt 0.105355 0.640055
vt 0.011247 0.567842
vt 0.054872 0.567902
vt 0.054817 0.640095
vt 0.098605 0.640065
vt 0.118745 0.567842
vt 0.118853 0.640035
vt 0.203386 0.653880
vt 0.252675 0.674297
vt 0.216271 0.718655
vt 0.247843 0.705742
vt 0.199276 0.710525
vt 0.199276 0.657175
vt 0.011029 0.640034
vt 0.186631 0.674296
vt 0.192978 0.662422
vt 0.223036 0.649972
vt 0.235920 0.653880
vt 0.246328 0.662422
vt 0.252675 0.694331
vt 0.241545 0.710989
vt 0.229670 0.717336
vt 0.197762 0.710989
vt 0.186631 0.694331
vt 0.211151 0.650828
vt 0.224551 0.649509
vt 0.237435 0.653417
vt 0.247843 0.661959
vt 0.254190 0.673833
vt 0.254190 0.693868
vt 0.237435 0.714284
vt 0.224550 0.718192
vt 0.211151 0.716872
vt 0.190735 0.700117
vt 0.186826 0.687233
vt 0.190735 0.667583
vt 0.463198 0.188097
vt 0.370971 0.188097
vt 0.463198 0.172459
vt 0.463198 0.203734
vt 0.370971 0.172460
vt 0.370971 0.203734
vt 0.463198 0.156822
vt 0.463198 0.219372
vt 0.370971 0.156822
vt 0.370971 0.219372
vt 0.463198 0.235009
vt 0.370971 0.235009
vt 0.463198 0.141185
vt 0.370971 0.141185
vt 0.463198 0.250647
vt 0.370971 0.250647
vt 0.463198 0.125547
vt 0.370971 0.125547
vt 0.463198 0.109910
vt 0.463198 0.266284
vt 0.370971 0.109910
vt 0.370971 0.266284
vt 0.463198 0.281921
vt 0.463197 0.094272
vt 0.370971 0.094272
vt 0.370971 0.281921
vt 0.463198 0.078635
vt 0.370971 0.297559
vt 0.370971 0.078635
vt 0.463198 0.297559
vt 0.463197 0.062998
vt 0.370971 0.062998
vt 0.463198 0.313196
vt 0.370971 0.313196
vt 0.463198 0.328834
vt 0.463197 0.047360
vt 0.370971 0.047360
vt 0.370971 0.328834
vt 0.463198 0.344471
vt 0.370971 0.344471
vt 0.463197 0.031723
vt 0.370971 0.547757
vt 0.370971 0.532120
vt 0.463197 0.532120
vt 0.463197 0.516482
vt 0.463198 0.360108
vt 0.370971 0.516482
vt 0.370971 0.360108
vt 0.463197 0.500845
vt 0.463198 0.375746
vt 0.370971 0.375746
vt 0.370971 0.500845
vt 0.463198 0.391383
vt 0.463198 0.485208
vt 0.370971 0.391383
vt 0.370971 0.485208
vt 0.463198 0.407021
vt 0.463198 0.469570
vt 0.370971 0.407021
vt 0.370971 0.469570
vt 0.463198 0.422658
vt 0.463198 0.453933
vt 0.370971 0.453933
vt 0.370971 0.422658
vt 0.463198 0.438295
vt 0.370971 0.438295
vt 0.053261 0.802122
vt 0.035664 0.793556
vt 0.055556 0.793556
vt 0.037959 0.859227
vt 0.018438 0.857847
vt 0.024708 0.851577
vt 0.017057 0.823024
vt 0.008492 0.840620
vt 0.008492 0.820729
vt 0.074163 0.838325
vt 0.072783 0.857847
vt 0.066512 0.851576
vt 0.072783 0.803502
vt 0.066512 0.809773
vt 0.017057 0.838325
vt 0.759651 0.236742
vt 0.751085 0.219145
vt 0.759651 0.221440
vt 0.055556 0.867793
vt 0.053261 0.859227
vt 0.074163 0.823024
vt 0.082729 0.820729
vt 0.024708 0.809773
vt 0.037959 0.802122
vt 0.035664 0.867793
vt 0.082729 0.840620
vt 0.915727 0.083729
vt 0.938390 0.068427
vt 0.938390 0.083729
vt 0.915727 0.114331
vt 0.938390 0.099030
vt 0.938390 0.114331
vt 0.915727 0.144934
vt 0.938390 0.129633
vt 0.938390 0.144934
vt 0.385927 0.944544
vt 0.411633 0.913230
vt 0.411633 0.944544
vt 0.915727 0.175537
vt 0.938390 0.160235
vt 0.938390 0.175537
vt 0.915727 0.206139
vt 0.938390 0.190838
vt 0.938390 0.206139
vt 0.915727 0.236742
vt 0.938390 0.221440
vt 0.938390 0.236742
vt 0.392729 0.626002
vt 0.367023 0.587929
vt 0.392729 0.587929
vt 0.392739 0.626370
vt 0.367033 0.588297
vt 0.392739 0.588297
vt 0.392570 0.626370
vt 0.366864 0.588297
vt 0.392570 0.588297
vt 0.392065 0.586984
vt 0.366359 0.625057
vt 0.366358 0.586984
vt 0.392475 0.625222
vt 0.366769 0.587149
vt 0.392475 0.587149
vt 0.098480 0.984914
vt 0.128781 0.934861
vt 0.131181 0.983294
vt 0.324552 0.774464
vt 0.350258 0.659558
vt 0.350258 0.774464
vt 0.325226 0.775777
vt 0.350932 0.660871
vt 0.350932 0.775777
vt 0.411623 0.944176
vt 0.385917 0.912862
vt 0.411623 0.912862
vt 0.367033 0.731655
vt 0.367033 0.626370
vt 0.385758 0.944544
vt 0.411464 0.913230
vt 0.411464 0.944544
vt 0.385663 0.943396
vt 0.411369 0.912082
vt 0.411369 0.943396
vt 0.350258 0.928233
vt 0.324552 0.887298
vt 0.350258 0.887298
vt 0.325226 0.929546
vt 0.350932 0.888611
vt 0.350932 0.929546
vt 0.308861 0.730507
vt 0.324962 0.659723
vt 0.324962 0.774630
vt 0.203015 0.712239
vt 0.172547 0.742163
vt 0.169824 0.687207
vt 0.206741 0.688296
vt 0.167800 0.646359
vt 0.366769 0.730507
vt 0.392475 0.730507
vt 0.089444 0.802547
vt 0.096080 0.936481
vt 0.173330 0.559910
vt 0.134555 0.601420
vt 0.143669 0.554187
vt 0.137123 0.688827
vt 0.135099 0.647979
vt 0.350668 0.659723
vt 0.366769 0.625222
vt 0.375723 0.796911
vt 0.350668 0.774630
vt 0.375723 0.734902
vt 0.299907 0.796911
vt 0.324962 0.817830
vt 0.367023 0.731287
vt 0.392729 0.731287
vt 0.379575 0.815542
vt 0.405282 0.802674
vt 0.405282 0.815542
vt 0.352735 0.927365
vt 0.327029 0.886430
vt 0.352735 0.886430
vt 0.350668 0.849941
vt 0.350668 0.817830
vt 0.309115 0.731287
vt 0.325216 0.660503
vt 0.325216 0.775409
vt 0.282497 0.890651
vt 0.325216 0.850721
vt 0.325216 0.888243
vt 0.393641 0.890651
vt 0.350922 0.850721
vt 0.393641 0.836793
vt 0.375977 0.797691
vt 0.350922 0.775409
vt 0.375977 0.735682
vt 0.405536 0.816322
vt 0.379829 0.803453
vt 0.405536 0.803453
vt 0.350922 0.660503
vt 0.325216 0.929178
vt 0.350922 0.888243
vt 0.350922 0.929178
vt 0.350922 0.818610
vt 0.379839 0.816690
vt 0.405545 0.803821
vt 0.405545 0.816690
vt 0.325226 0.851088
vt 0.350932 0.818978
vt 0.350932 0.851088
vt 0.375987 0.798059
vt 0.375987 0.736050
vt 0.392739 0.731655
vt 0.366864 0.731655
vt 0.392570 0.731655
vt 0.300171 0.798059
vt 0.325226 0.818978
vt 0.308957 0.731655
vt 0.325057 0.660871
vt 0.325057 0.775777
vt 0.300003 0.798059
vt 0.325057 0.818978
vt 0.350764 0.660871
vt 0.366864 0.626370
vt 0.375818 0.798059
vt 0.350764 0.775777
vt 0.375818 0.736050
vt 0.379671 0.816690
vt 0.405377 0.803821
vt 0.405377 0.816690
vt 0.350764 0.929546
vt 0.325057 0.888611
vt 0.350764 0.888611
vt 0.350764 0.851089
vt 0.350764 0.818978
vt 0.308451 0.730342
vt 0.324552 0.659558
vt 0.299497 0.796746
vt 0.324552 0.817665
vt 0.324552 0.849775
vt 0.350258 0.817665
vt 0.350258 0.849775
vt 0.392065 0.730342
vt 0.392065 0.625057
vt 0.385253 0.943231
vt 0.410959 0.911917
vt 0.410959 0.943231
vt 0.404872 0.815377
vt 0.379166 0.802508
vt 0.404872 0.802508
vt 0.851024 0.083729
vt 0.915727 0.068427
vt 0.052560 0.968036
vt 0.067012 0.952734
vt 0.067012 0.968036
vt 0.851024 0.099030
vt 0.915727 0.099030
vt 0.052560 0.983337
vt 0.067012 0.983337
vt 0.851024 0.114331
vt 0.948007 0.533596
vt 0.557964 0.479113
vt 0.948007 0.479114
vt 0.851024 0.129633
vt 0.915727 0.129633
vt 0.021310 0.952709
vt 0.035762 0.937407
vt 0.035762 0.952709
vt 0.851024 0.144934
vt 0.021310 0.968010
vt 0.035762 0.968010
vt 0.851024 0.160235
vt 0.915727 0.160235
vt 0.021310 0.983311
vt 0.035762 0.983311
vt 0.851024 0.175537
vt 0.488059 0.282086
vt 0.520375 0.063579
vt 0.520375 0.282086
vt 0.915727 0.190838
vt 0.051522 0.897372
vt 0.066823 0.882920
vt 0.066823 0.897372
vt 0.851024 0.206139
vt 0.036221 0.897372
vt 0.051522 0.882920
vt 0.851024 0.221440
vt 0.915727 0.221440
vt 0.020919 0.882920
vt 0.020919 0.897372
vt 0.851024 0.236742
vt 0.589753 0.276734
vt 0.620275 0.058228
vt 0.620275 0.276734
vt 0.851024 0.068427
vt 0.915727 0.053126
vt 0.836572 0.068427
vt 0.851024 0.053126
vt 0.526915 0.058228
vt 0.494599 0.027706
vt 0.526916 0.027706
vt 0.557964 0.309259
vt 0.503482 0.366945
vt 0.503482 0.309259
vt 0.488059 0.033057
vt 0.520375 0.033058
vt 0.557437 0.058228
vt 0.589753 0.058228
vt 0.583213 0.282086
vt 0.613735 0.063579
vt 0.613735 0.282086
vt 0.526915 0.276734
vt 0.494599 0.058228
vt 0.948007 0.421428
vt 0.557964 0.421427
vt 0.557437 0.276734
vt 0.557964 0.366945
vt 0.948007 0.366945
vt 0.948007 0.309259
vt 0.550897 0.063579
vt 0.550897 0.282086
vt 0.583213 0.063579
vt 0.209319 0.591439
vt 0.163364 0.604294
vt 0.379575 0.802674
vt 0.393387 0.889871
vt 0.393387 0.836013
vt 0.296055 0.815542
vt 0.324962 0.849941
vt 0.282243 0.889871
vt 0.324962 0.887463
vt 0.379829 0.816322
vt 0.296309 0.816322
vt 0.325216 0.818610
vt 0.300161 0.797691
vt 0.296319 0.816690
vt 0.282507 0.891019
vt 0.325226 0.888611
vt 0.379839 0.803821
vt 0.393651 0.891019
vt 0.393651 0.837161
vt 0.379671 0.803821
vt 0.393483 0.891019
vt 0.393483 0.837161
vt 0.296150 0.816690
vt 0.325057 0.851089
vt 0.282338 0.891019
vt 0.295645 0.815377
vt 0.281833 0.889706
vt 0.139846 0.743783
vt 0.147088 0.889956
vt 0.759651 0.083729
vt 0.836572 0.083729
vt 0.759651 0.099030
vt 0.836572 0.099030
vt 0.759651 0.114331
vt 0.836572 0.114331
vt 0.759651 0.129633
vt 0.836572 0.129633
vt 0.759651 0.144934
vt 0.836572 0.144934
vt 0.759651 0.160235
vt 0.836572 0.160235
vt 0.759651 0.175536
vt 0.836572 0.175537
vt 0.836572 0.190838
vt 0.759651 0.206139
vt 0.836572 0.206139
vt 0.836572 0.221441
vt 0.836572 0.236742
vt 0.759651 0.068427
vt 0.836573 0.053126
vt 0.904258 0.728522
vt 0.918833 0.703896
vt 0.913384 0.731290
vt 0.674265 0.605589
vt 0.686645 0.579788
vt 0.692694 0.587160
vt 0.894285 0.752601
vt 0.902695 0.757096
vt 0.709869 0.564270
vt 0.714364 0.572680
vt 0.879805 0.774271
vt 0.887177 0.780320
vt 0.735674 0.553581
vt 0.738442 0.562707
vt 0.861377 0.792700
vt 0.867426 0.800071
vt 0.764004 0.557622
vt 0.763069 0.548132
vt 0.714364 0.807179
vt 0.735675 0.826278
vt 0.709869 0.815589
vt 0.839707 0.807179
vt 0.844202 0.815589
vt 0.791001 0.548132
vt 0.790067 0.557622
vt 0.692694 0.792700
vt 0.686645 0.800071
vt 0.815628 0.817153
vt 0.818396 0.826278
vt 0.818396 0.553581
vt 0.815628 0.562706
vt 0.666894 0.780321
vt 0.674265 0.774271
vt 0.790066 0.822237
vt 0.791001 0.831727
vt 0.844202 0.564270
vt 0.839706 0.572680
vt 0.651376 0.757096
vt 0.659786 0.752601
vt 0.764004 0.822237
vt 0.763070 0.831727
vt 0.867426 0.579788
vt 0.861377 0.587160
vt 0.640687 0.731291
vt 0.649812 0.728523
vt 0.738443 0.817153
vt 0.879805 0.605589
vt 0.887177 0.599539
vt 0.635238 0.703896
vt 0.644728 0.702961
vt 0.894285 0.627259
vt 0.902695 0.622764
vt 0.635238 0.675964
vt 0.644728 0.676899
vt 0.904258 0.651337
vt 0.913384 0.648569
vt 0.640687 0.648569
vt 0.649812 0.651337
vt 0.909343 0.676899
vt 0.918833 0.675964
vt 0.651376 0.622764
vt 0.659786 0.627259
vt 0.909343 0.702961
vt 0.666894 0.599539
vt 0.838989 0.809207
vt 0.866361 0.801933
vt 0.843243 0.817380
vt 0.814910 0.819181
vt 0.817556 0.828020
vt 0.790287 0.833444
vt 0.789349 0.824265
vt 0.762483 0.833444
vt 0.763286 0.824265
vt 0.735214 0.828020
vt 0.737725 0.819181
vt 0.709527 0.817380
vt 0.713646 0.809207
vt 0.686409 0.801933
vt 0.691976 0.794728
vt 0.666749 0.782273
vt 0.673547 0.776299
vt 0.651302 0.759155
vt 0.659068 0.754629
vt 0.640662 0.733468
vt 0.649094 0.730550
vt 0.635238 0.706199
vt 0.644010 0.704989
vt 0.635238 0.678395
vt 0.644010 0.678926
vt 0.640662 0.651126
vt 0.649094 0.653365
vt 0.651302 0.625439
vt 0.659068 0.629286
vt 0.666749 0.602321
vt 0.673547 0.607616
vt 0.686409 0.582661
vt 0.691976 0.589188
vt 0.709527 0.567214
vt 0.713646 0.574708
vt 0.735214 0.556574
vt 0.737725 0.564735
vt 0.762483 0.551150
vt 0.763286 0.559650
vt 0.789349 0.559650
vt 0.790287 0.551150
vt 0.814910 0.564735
vt 0.817556 0.556574
vt 0.838989 0.574708
vt 0.843243 0.567214
vt 0.860659 0.589188
vt 0.866361 0.582661
vt 0.879088 0.607616
vt 0.886021 0.602321
vt 0.893567 0.629287
vt 0.901468 0.625439
vt 0.903541 0.653365
vt 0.912108 0.651126
vt 0.908625 0.678927
vt 0.917532 0.678395
vt 0.908625 0.704989
vt 0.917532 0.706199
vt 0.903541 0.730551
vt 0.912108 0.733468
vt 0.893567 0.754629
vt 0.901468 0.759155
vt 0.879087 0.776299
vt 0.886021 0.782273
vt 0.860659 0.794728
vt 0.220160 0.554180
vt 0.099658 0.565221
vt 0.106630 0.529090
vt 0.350668 0.928398
vt 0.385663 0.912082
vt 0.324962 0.928398
vt 0.289967 0.912082
vt 0.195810 0.797276
vt 0.179790 0.888336
vt 0.385917 0.944176
vt 0.290221 0.912862
vt 0.385927 0.913230
vt 0.290231 0.913230
vt 0.385758 0.913230
vt 0.325057 0.929546
vt 0.290063 0.913230
vt 0.324552 0.928233
vt 0.289557 0.911916
vt 0.385253 0.911917
vt 0.077776 0.797520
vt 0.106569 0.717018
vt 0.110477 0.795900
vt 0.419094 0.836013
vt 0.401429 0.734902
vt 0.419347 0.836793
vt 0.401683 0.735682
vt 0.419357 0.891019
vt 0.401693 0.736050
vt 0.419189 0.837161
vt 0.401525 0.798059
vt 0.392977 0.835848
vt 0.418684 0.889706
vt 0.392977 0.889706
vt 0.375313 0.734737
vt 0.401019 0.796746
vt 0.375313 0.796746
vt 0.069997 0.559498
vt 0.076970 0.523366
vt 0.367023 0.626002
vt 0.081512 0.599051
vt 0.082293 0.665881
vt 0.100494 0.693560
vt 0.101305 0.709930
vt 0.122145 0.800926
vt 0.309125 0.731655
vt 0.325226 0.660871
vt 0.050395 0.666254
vt 0.049614 0.599424
vt 0.068604 0.711550
vt 0.379166 0.815377
vt 0.366359 0.730342
vt 0.751085 0.239037
vt 0.018437 0.803502
vt 0.308861 0.625222
vt 0.206923 0.791121
vt 0.207553 0.704666
vt 0.299907 0.734902
vt 0.327029 0.927365
vt 0.309116 0.626002
vt 0.282497 0.836793
vt 0.300171 0.736050
vt 0.308957 0.626370
vt 0.300002 0.736050
vt 0.308451 0.625057
vt 0.299497 0.734737
vt 0.052560 0.952734
vt 0.557964 0.533595
vt 0.021310 0.937407
vt 0.488059 0.063579
vt 0.851024 0.190838
vt 0.036221 0.882920
vt 0.494599 0.276734
vt 0.220160 0.653917
vt 0.350668 0.887463
vt 0.296055 0.802674
vt 0.282243 0.836013
vt 0.296309 0.803453
vt 0.300161 0.735682
vt 0.296319 0.803821
vt 0.282507 0.837160
vt 0.296150 0.803821
vt 0.282338 0.837161
vt 0.295645 0.802508
vt 0.281833 0.835848
vt 0.759651 0.190838
vt 0.759651 0.053126
vt 0.289967 0.943396
vt 0.202446 0.931211
vt 0.290221 0.944176
vt 0.290231 0.944544
vt 0.290063 0.944544
vt 0.289557 0.943231
vt 0.073868 0.718638
vt 0.419094 0.889871
vt 0.401429 0.796911
vt 0.419347 0.890651
vt 0.401683 0.797691
vt 0.419357 0.837161
vt 0.401693 0.798059
vt 0.419189 0.891019
vt 0.401525 0.736050
vt 0.418684 0.835848
vt 0.401019 0.734737
vt 0.309125 0.626370
vt 0.067793 0.695180
vt 0.228492 0.766132
vt 0.243272 0.773513
vt 0.228492 0.773513
vt 0.956618 0.068427
vt 0.956618 0.083729
vt 0.956618 0.099030
vt 0.956618 0.114331
vt 0.956618 0.129633
vt 0.956618 0.144934
vt 0.956618 0.160235
vt 0.956618 0.175537
vt 0.956618 0.190838
vt 0.956618 0.206139
vt 0.956618 0.221440
vt 0.956618 0.236742
vt 0.956618 0.053126
vt 0.256616 0.587695
vt 0.249486 0.570483
vt 0.260306 0.581303
vt 0.262738 0.562833
vt 0.266698 0.577613
vt 0.278039 0.562833
vt 0.274079 0.577613
vt 0.280471 0.581303
vt 0.291290 0.570483
vt 0.298941 0.583735
vt 0.284161 0.587695
vt 0.284161 0.595076
vt 0.298941 0.599036
vt 0.291290 0.612287
vt 0.280471 0.601468
vt 0.274079 0.605158
vt 0.278039 0.619938
vt 0.262738 0.619938
vt 0.266698 0.605158
vt 0.249486 0.612287
vt 0.260306 0.601468
vt 0.241836 0.599036
vt 0.256616 0.595076
vt 0.241836 0.583735
vt 0.150003 0.911632
vt 0.173858 0.918024
vt 0.156395 0.935487
vt 0.228492 0.788274
vt 0.243272 0.795655
vt 0.228492 0.795655
vt 0.228492 0.736609
vt 0.243272 0.743989
vt 0.228492 0.743989
vt 0.228492 0.721847
vt 0.243272 0.729228
vt 0.228492 0.729228
vt 0.228492 0.758751
vt 0.243272 0.766132
vt 0.243272 0.780893
vt 0.243272 0.788274
vt 0.243272 0.736609
vt 0.228492 0.803036
vt 0.243272 0.810416
vt 0.228492 0.810416
vt 0.228492 0.751370
vt 0.243272 0.758751
vt 0.228492 0.780893
vt 0.243272 0.803036
vt 0.243272 0.751370
vt 0.709475 0.020228
vt 0.751086 0.000337
vt 0.751086 0.020228
vt 0.709475 0.239037
vt 0.709475 0.219145
vt 0.751085 0.199254
vt 0.709475 0.199253
vt 0.751085 0.179362
vt 0.709475 0.159470
vt 0.751085 0.159470
vt 0.751085 0.139578
vt 0.709475 0.139578
vt 0.751085 0.119687
vt 0.709475 0.119687
vt 0.751085 0.099795
vt 0.709475 0.099795
vt 0.751085 0.079903
vt 0.709475 0.079903
vt 0.751085 0.060012
vt 0.662410 0.266209
vt 0.645184 0.201918
vt 0.709475 0.060012
vt 0.751085 0.040120
vt 0.709475 0.040120
vt 0.938390 0.053126
vt 0.150003 0.931796
vt 0.146312 0.925404
vt 0.146312 0.918024
vt 0.156395 0.907941
vt 0.163775 0.907941
vt 0.170167 0.911632
vt 0.173858 0.925404
vt 0.170167 0.931796
vt 0.163775 0.935487
vt 0.243272 0.721847
vt 0.709475 0.000336
vt 0.709475 0.179362
vt 0.699529 0.256264
vt 0.682302 0.266209
vt 0.645184 0.256264
vt 0.635238 0.239037
vt 0.635238 0.219145
vt 0.662410 0.191973
vt 0.682302 0.191973
vt 0.699529 0.201918
vt 0.049333 0.393103
vt 0.056719 0.367919
vt 0.057243 0.393467
vt 0.049014 0.367742
vt 0.058216 0.341468
vt 0.050214 0.341489
vt 0.056363 0.315434
vt 0.048549 0.315527
vt 0.056812 0.288256
vt 0.048704 0.288517
vt 0.053956 0.261559
vt 0.046032 0.261886
vt 0.053463 0.233539
vt 0.045241 0.234071
vt 0.049528 0.206077
vt 0.041484 0.206725
vt 0.047846 0.177070
vt 0.039481 0.178037
vt 0.042244 0.148682
vt 0.034042 0.149940
vt 0.038224 0.118329
vt 0.029619 0.120286
vt 0.028899 0.088586
vt 0.020130 0.091446
vt 0.018582 0.057989
vt 0.180339 0.484432
vt 0.200389 0.463003
vt 0.186607 0.488547
vt 0.199605 0.432092
vt 0.192339 0.459952
vt 0.206428 0.405494
vt 0.207244 0.434157
vt 0.209195 0.377809
vt 0.214289 0.406953
vt 0.213208 0.351192
vt 0.216807 0.378743
vt 0.214126 0.323709
vt 0.221057 0.351885
vt 0.216784 0.297118
vt 0.221776 0.324113
vt 0.216582 0.269747
vt 0.224696 0.297386
vt 0.218218 0.243158
vt 0.224315 0.269797
vt 0.216997 0.215890
vt 0.226228 0.243098
vt 0.217544 0.189326
vt 0.224825 0.215629
vt 0.215034 0.162241
vt 0.225652 0.188924
vt 0.213874 0.135800
vt 0.222937 0.161574
vt 0.208829 0.109207
vt 0.222050 0.134794
vt 0.203469 0.083531
vt 0.216702 0.107579
vt 0.191969 0.059762
vt 0.211380 0.080836
vt 0.038478 0.467473
vt 0.033685 0.493445
vt 0.026911 0.489005
vt 0.051199 0.444065
vt 0.046291 0.470494
vt 0.044019 0.442955
vt 0.053886 0.419402
vt 0.046359 0.418638
vt 0.167973 0.137966
vt 0.160215 0.105757
vt 0.169987 0.106548
vt 0.340828 0.188084
vt 0.330506 0.216454
vt 0.331876 0.187947
vt 0.169529 0.167784
vt 0.158204 0.137724
vt 0.339704 0.216743
vt 0.331817 0.245671
vt 0.168727 0.198273
vt 0.160191 0.167626
vt 0.340723 0.245998
vt 0.329767 0.274029
vt 0.170397 0.227292
vt 0.159283 0.198221
vt 0.338930 0.274543
vt 0.330324 0.303213
vt 0.169276 0.256968
vt 0.161321 0.227102
vt 0.339206 0.303762
vt 0.327577 0.331501
vt 0.165183 0.423701
vt 0.158650 0.395956
vt 0.167011 0.396460
vt 0.170358 0.285248
vt 0.160090 0.256773
vt 0.336719 0.332214
vt 0.327561 0.360707
vt 0.167260 0.449749
vt 0.156610 0.423578
vt 0.168619 0.314106
vt 0.161530 0.284878
vt 0.333693 0.389740
vt 0.336426 0.361379
vt 0.172467 0.476584
vt 0.158775 0.450670
vt 0.169061 0.341645
vt 0.159683 0.313716
vt 0.333784 0.418815
vt 0.324539 0.389054
vt 0.179868 0.501131
vt 0.164290 0.478478
vt 0.166835 0.369685
vt 0.160476 0.341108
vt 0.332774 0.447174
vt 0.324877 0.418477
vt 0.345704 0.039273
vt 0.332481 0.068820
vt 0.335382 0.037141
vt 0.158135 0.369184
vt 0.337202 0.475910
vt 0.323464 0.447492
vt 0.342453 0.069975
vt 0.329673 0.099297
vt 0.345704 0.502226
vt 0.328339 0.477886
vt 0.339303 0.099868
vt 0.331184 0.129587
vt 0.171549 0.075379
vt 0.169558 0.040345
vt 0.179868 0.044214
vt 0.340279 0.129776
vt 0.329987 0.158530
vt 0.160811 0.073588
vt 0.339275 0.158705
vt 0.122208 0.205692
vt 0.123136 0.223048
vt 0.124394 0.319278
vt 0.124473 0.335667
vt 0.094039 0.345321
vt 0.091575 0.336125
vt 0.124016 0.263348
vt 0.124518 0.280135
vt 0.090791 0.373249
vt 0.063041 0.365019
vt 0.093187 0.364097
vt 0.063050 0.344329
vt 0.025431 0.058675
vt 0.034882 0.082805
vt 0.124579 0.492912
vt 0.085944 0.477883
vt 0.120880 0.479912
vt 0.153167 0.366055
vt 0.153654 0.344209
vt 0.284971 0.491514
vt 0.338011 0.505703
vt 0.287163 0.521942
vt 0.116481 0.077424
vt 0.117514 0.099246
vt 0.119269 0.145264
vt 0.120497 0.163674
vt 0.093423 0.310040
vt 0.121824 0.309192
vt 0.080586 0.488869
vt 0.051830 0.469042
vt 0.288529 0.380899
vt 0.289873 0.363722
vt 0.284891 0.441480
vt 0.286154 0.422659
vt 0.091310 0.319398
vt 0.062713 0.312212
vt 0.044384 0.120545
vt 0.048767 0.144216
vt 0.293958 0.267009
vt 0.294468 0.250204
vt 0.291912 0.323620
vt 0.292899 0.306779
vt 0.122046 0.446629
vt 0.088026 0.455485
vt 0.086741 0.445265
vt 0.154532 0.310599
vt 0.154589 0.288215
vt 0.091636 0.235013
vt 0.088395 0.225482
vt 0.056788 0.448240
vt 0.127463 0.519765
vt 0.290543 0.092519
vt 0.289969 0.072326
vt 0.293109 0.153048
vt 0.292641 0.135540
vt 0.294368 0.210380
vt 0.294372 0.193449
vt 0.123454 0.374054
vt 0.123234 0.390341
vt 0.058784 0.236201
vt 0.121990 0.429225
vt 0.053480 0.179609
vt 0.056025 0.202191
vt 0.250092 0.064169
vt 0.286956 0.059755
vt 0.154724 0.253691
vt 0.154260 0.230697
vt 0.087978 0.427577
vt 0.088710 0.197639
vt 0.119002 0.195084
vt 0.249599 0.076052
vt 0.215524 0.076103
vt 0.090475 0.389861
vt 0.260283 0.193386
vt 0.260363 0.210602
vt 0.257423 0.136875
vt 0.258379 0.154564
vt 0.252556 0.095964
vt 0.073669 0.514976
vt 0.087042 0.207742
vt 0.060377 0.258030
vt 0.290913 0.015179
vt 0.242449 0.037870
vt 0.233582 0.024876
vt 0.153709 0.195132
vt 0.152942 0.171416
vt 0.151679 0.420572
vt 0.206209 0.055415
vt 0.198494 0.055508
vt 0.151994 0.398978
vt 0.120788 0.400249
vt 0.061882 0.291009
vt 0.259016 0.304525
vt 0.257893 0.321723
vt 0.260625 0.248994
vt 0.260078 0.266126
vt 0.259234 0.126821
vt 0.289845 0.124798
vt 0.152470 0.134410
vt 0.152454 0.109459
vt 0.226673 0.131285
vt 0.249583 0.418440
vt 0.246670 0.437584
vt 0.255515 0.360497
vt 0.253752 0.378056
vt 0.156992 0.476279
vt 0.256458 0.106076
vt 0.154813 0.069077
vt 0.160326 0.042484
vt 0.084004 0.167127
vt 0.081912 0.148324
vt 0.076492 0.104098
vt 0.072573 0.082226
vt 0.228403 0.513091
vt 0.237048 0.485294
vt 0.154006 0.454103
vt 0.119490 0.457566
vt 0.223724 0.109676
vt 0.325461 0.064592
vt 0.262623 0.183804
vt 0.291940 0.183036
vt 0.320481 0.475142
vt 0.318195 0.450976
vt 0.328964 0.039509
vt 0.286007 0.032051
vt 0.230527 0.185808
vt 0.324007 0.126238
vt 0.261221 0.164157
vt 0.319072 0.391933
vt 0.090849 0.281573
vt 0.090055 0.264429
vt 0.324113 0.102592
vt 0.288101 0.104167
vt 0.229639 0.164336
vt 0.122432 0.290433
vt 0.121263 0.233731
vt 0.121125 0.253054
vt 0.118734 0.174918
vt 0.115433 0.111831
vt 0.115812 0.133974
vt 0.114624 0.033729
vt 0.113107 0.063815
vt 0.281567 0.453098
vt 0.281768 0.477292
vt 0.284511 0.411384
vt 0.285166 0.391303
vt 0.322123 0.334359
vt 0.288321 0.353069
vt 0.288744 0.333824
vt 0.324378 0.277004
vt 0.291124 0.296305
vt 0.291055 0.277240
vt 0.325185 0.219577
vt 0.292381 0.239804
vt 0.291744 0.220726
vt 0.324675 0.161791
vt 0.290718 0.163688
vt 0.119608 0.418936
vt 0.122168 0.345666
vt 0.121138 0.364064
vt 0.061812 0.396549
vt 0.090939 0.418227
vt 0.060365 0.416966
vt 0.092547 0.399152
vt 0.262736 0.220137
vt 0.231244 0.240199
vt 0.231384 0.218722
vt 0.263338 0.239578
vt 0.262125 0.275717
vt 0.229832 0.294663
vt 0.230768 0.273137
vt 0.262067 0.295184
vt 0.259650 0.331438
vt 0.226341 0.349346
vt 0.228128 0.327705
vt 0.258942 0.351124
vt 0.255193 0.388103
vt 0.219866 0.404702
vt 0.223033 0.382717
vt 0.253669 0.408668
vt 0.213167 0.439072
vt 0.243700 0.473532
vt 0.206531 0.461756
vt 0.247497 0.448884
vt 0.072950 0.069125
vt 0.066559 0.039417
vt 0.083272 0.137458
vt 0.081278 0.114892
vt 0.087754 0.177017
vt 0.091945 0.254751
vt 0.093689 0.290894
vt 0.056664 0.025195
vt 0.119881 0.015179
vt 0.317968 0.414800
vt 0.320769 0.356954
vt 0.323472 0.299592
vt 0.324868 0.242232
vt 0.324821 0.184658
vt 0.009813 0.061933
vt 0.172648 0.504207
s 1
g off
g LlantasTraserasIzquierdas_01_SpacialRoverExploreralumWhite
usemtl SpacialRoverExploreralumWhite
f 11/1/1 24/2/2 10/3/2
f 4/4/3 19/5/4 18/6/5
f 4/4/3 5/7/6 19/5/4
f 11/1/1 12/8/7 25/9/8
f 5/7/6 20/10/9 19/5/4
f 12/8/7 26/11/10 25/9/8
f 5/7/6 21/12/11 20/10/9
f 12/8/7 13/13/12 26/11/10
f 13/13/12 27/14/13 26/11/10
f 7/15/14 21/12/11 6/16/15
f 13/13/12 14/17/16 27/14/13
f 1/18/17 17/19/18 16/20/17
f 7/15/14 8/21/19 22/22/20
f 1/18/17 2/23/21 17/19/18
f 14/17/16 28/24/22 27/14/13
f 8/21/19 23/25/23 22/22/20
f 8/21/19 9/26/24 23/25/23
f 3/27/25 17/19/18 2/23/21
f 1/18/17 28/28/22 15/29/26
f 10/3/2 23/25/23 9/26/24
f 3/27/25 4/4/3 18/6/5
s 2
f 17/30/27 21/31/27 25/32/27
s 3
f 11/33/28 7/34/28 3/35/28
s 1
f 11/1/1 25/9/8 24/2/2
f 5/7/6 6/16/15 21/12/11
f 7/15/14 22/22/20 21/12/11
f 14/17/16 15/36/26 28/24/22
f 3/27/25 18/6/5 17/19/18
f 1/18/17 16/20/17 28/28/22
f 10/3/2 24/2/2 23/25/23
s 2
f 28/37/27 16/38/27 17/30/27
f 17/30/27 18/39/27 19/40/27
f 19/40/27 20/41/27 21/31/27
f 21/31/27 22/42/27 23/43/27
f 23/43/27 24/44/27 25/32/27
f 25/32/27 26/45/27 27/46/27
f 27/46/27 28/37/27 17/30/27
f 17/30/27 19/40/27 21/31/27
f 21/31/27 23/43/27 25/32/27
f 25/32/27 27/46/27 17/30/27
s 3
f 2/47/28 1/48/28 15/49/28
f 15/49/28 14/50/28 13/51/28
f 13/51/28 12/52/28 11/33/28
f 11/33/28 10/53/28 9/54/28
f 9/54/28 8/55/28 7/34/28
f 7/34/28 6/56/28 5/57/28
f 5/57/28 4/58/28 3/35/28
f 3/35/28 2/47/28 15/49/28
f 15/49/28 13/51/28 11/33/28
f 11/33/28 9/54/28 7/34/28
f 7/34/28 5/57/28 3/35/28
f 3/35/28 15/49/28 11/33/28
s 4
g LlantasTraserasIzquierdas_01_SpacialRoverExploreralumGray
usemtl SpacialRoverExploreralumGray
f 85/59/29 53/60/29 84/61/30
f 53/60/29 85/59/29 86/62/31
f 53/60/29 52/63/30 84/61/30
f 86/62/31 54/64/31 53/60/29
f 52/63/30 83/65/32 84/61/30
f 86/62/31 87/66/9 54/64/31
f 52/63/30 51/67/32 83/65/32
f 87/66/9 55/68/9 54/64/31
f 87/66/9 88/69/33 55/68/9
f 88/69/33 56/70/33 55/68/9
f 51/67/32 82/71/34 83/65/32
f 82/71/34 51/67/32 50/72/34
f 88/69/33 89/73/15 56/70/33
f 89/73/15 57/74/15 56/70/33
f 82/71/34 50/72/34 81/75/35
f 50/72/34 49/76/35 81/75/35
f 49/76/35 80/77/21 81/75/35
f 89/73/15 90/78/36 57/74/15
f 49/76/35 48/79/21 80/77/21
f 90/78/36 58/80/36 57/74/15
f 90/78/36 91/81/37 58/80/36
f 80/77/21 48/79/21 79/82/38
f 48/79/21 47/83/38 79/82/38
f 58/80/36 91/81/37 59/84/37
f 47/83/38 78/85/17 79/82/38
f 59/84/37 91/81/37 60/86/39
f 47/83/38 46/87/17 78/85/17
f 60/86/39 91/81/37 92/88/39
f 46/87/17 77/89/40 78/85/17
f 77/89/40 46/87/17 45/90/40
f 60/86/39 92/88/39 61/91/41
f 61/91/41 29/92/41 60/86/39
f 61/91/41 62/93/42 29/92/41
f 77/89/40 45/90/40 76/94/26
f 76/94/26 45/90/40 44/95/26
f 29/92/41 62/93/42 30/96/42
f 30/96/42 62/93/42 63/97/24
f 30/96/42 63/97/24 31/98/24
f 76/94/26 44/95/26 75/99/43
f 44/100/26 43/101/43 75/102/43
f 43/101/43 74/103/44 75/102/43
f 31/98/24 63/97/24 64/104/45
f 43/101/43 42/105/44 74/103/44
f 31/98/24 64/104/45 32/106/45
f 74/103/44 42/105/44 73/107/46
f 32/106/45 64/104/45 65/108/2
f 32/106/45 65/108/2 33/109/2
f 73/107/46 42/105/44 41/110/46
f 33/109/2 65/108/2 66/111/47
f 73/107/46 41/110/46 72/112/48
f 33/109/2 66/111/47 34/113/47
f 72/112/48 41/110/46 40/114/48
f 34/113/47 66/111/47 67/115/1
f 72/112/48 40/114/48 71/116/49
f 34/113/47 67/115/1 35/117/1
f 71/116/49 40/114/48 39/118/49
f 35/117/1 67/115/1 68/119/50
f 71/116/49 39/118/49 70/120/51
f 70/120/51 39/118/49 38/121/51
f 35/117/1 68/119/50 36/122/50
f 70/120/51 38/121/51 69/123/52
f 36/122/50 68/119/50 69/123/52
f 69/123/52 38/121/51 37/124/52
f 36/122/50 69/123/52 37/124/52
s 5
f 521/125/53 544/126/54 545/127/53
f 527/128/55 552/129/56 528/130/56
f 518/131/57 531/132/58 542/133/57
f 524/134/59 549/135/60 525/136/60
f 521/125/53 546/137/61 522/138/61
f 517/139/58 552/129/56 531/132/58
f 518/140/57 543/141/62 519/142/62
f 525/136/60 550/143/63 526/144/63
f 523/145/64 546/137/61 547/146/64
f 519/147/62 544/126/54 520/148/54
f 526/144/63 551/149/55 527/128/55
f 523/145/64 548/150/59 524/134/59
s 6
f 191/151/65 169/152/66 192/153/65
f 187/154/67 190/155/68 188/156/67
f 183/157/69 186/158/70 184/159/69
s 7
f 187/160/71 647/161/72 185/162/71
s 6
f 179/163/73 182/164/74 180/165/73
f 175/166/75 178/167/76 176/168/75
f 171/169/77 174/170/78 172/171/77
s 8
f 213/172/46 216/173/79 214/174/79
s 9
f 209/175/80 212/176/81 210/177/81
s 10
f 205/178/82 208/179/83 206/180/83
s 11
f 202/181/84 203/182/15 204/183/84
s 12
f 197/184/85 200/185/86 198/186/86
s 13
f 193/187/87 195/188/88 196/189/87
s 11
f 511/190/89 204/191/84 514/192/89
s 9
f 495/193/90 212/194/81 498/195/90
s 14
f 189/196/91 636/197/92 639/198/92
s 15
f 643/199/93 212/194/93 211/200/93
s 16
f 183/201/94 655/202/95 181/203/94
s 17
f 175/204/96 629/205/97 173/206/96
s 11
f 180/207/98 510/208/99 515/209/99
s 9
f 186/210/100 499/211/101 188/212/100
s 18
f 632/213/93 198/214/93 483/215/93
s 19
f 619/216/102 469/217/102 470/218/102
f 618/219/102 470/218/102 471/220/102
s 17
f 625/221/103 197/184/104 632/222/103
s 20
f 620/223/105 195/188/106 194/224/106
s 13
f 169/225/107 475/226/108 172/227/107
f 471/220/109 473/228/110 476/229/109
s 21
f 625/221/111 200/230/111 199/231/111
f 626/232/111 480/233/111 625/234/111
s 18
f 631/235/93 483/215/93 484/236/93
s 14
f 633/237/112 213/172/113 638/238/112
s 17
f 627/239/114 631/240/115 630/241/116
s 12
f 483/215/117 200/230/86 480/233/117
f 176/242/118 482/243/119 477/244/119
f 478/245/120 484/236/121 479/246/121
s 22
f 638/247/35 214/248/35 491/249/35
f 639/250/35 489/251/35 490/252/35
s 23
f 636/253/2 486/254/2 635/255/2
f 634/256/2 488/257/2 633/258/2
s 14
f 640/259/122 634/260/123 637/261/123
s 8
f 491/249/124 216/262/79 488/257/124
f 190/263/125 485/264/126 192/265/125
f 489/251/127 487/266/128 486/254/127
s 7
f 641/267/129 645/268/130 648/269/131
s 9
f 493/270/132 497/271/133 500/272/134
s 15
f 644/273/93 498/195/93 643/274/93
s 7
f 643/199/135 209/175/136 646/275/135
s 16
f 649/276/137 205/178/138 654/277/137
s 24
f 645/278/111 495/193/111 496/279/111
s 25
f 654/280/139 206/281/139 507/282/139
f 653/283/139 507/282/139 508/284/139
s 26
f 649/276/102 208/285/102 207/286/102
f 650/287/102 504/288/102 649/289/102
s 16
f 651/290/140 653/291/141 656/292/140
s 10
f 507/282/142 208/285/83 504/288/142
f 184/293/143 506/294/144 501/295/144
f 502/296/145 508/284/146 503/297/146
s 27
f 660/298/2 202/299/2 511/190/2
f 659/300/2 511/190/2 512/301/2
s 11
f 509/302/147 513/303/148 516/304/147
s 28
f 660/305/149 203/182/150 201/306/150
f 179/307/151 657/308/152 177/309/151
f 658/310/153 664/311/154 659/312/154
s 6
f 328/313/155 170/314/66 191/151/65
f 327/315/155 305/316/52 328/317/155
f 326/318/156 191/151/65 189/319/68
f 325/320/156 328/317/155 326/321/156
f 324/322/157 189/319/68 187/154/67
s 29
f 315/323/85 334/324/85 316/325/85
s 6
f 322/326/158 187/154/67 185/327/70
f 321/328/158 324/329/157 322/330/158
f 320/331/159 185/327/70 183/157/69
f 319/332/159 322/330/158 320/333/159
f 318/334/160 183/157/69 181/335/74
f 317/336/160 320/333/159 318/337/160
f 316/338/161 181/335/74 179/163/73
s 30
f 309/339/27 329/340/27 307/341/27
s 6
f 177/342/76 316/338/161 179/163/73
f 314/343/162 315/344/161 316/345/161
f 312/346/41 177/342/76 175/166/75
f 312/347/41 313/348/162 314/343/162
f 310/349/163 175/166/75 173/350/78
f 309/351/163 312/347/41 310/352/163
f 308/353/164 173/350/78 171/169/77
s 31
f 326/354/88 339/355/88 325/356/88
s 6
f 305/357/52 171/358/77 170/314/66
f 306/359/52 308/360/164 305/357/52
s 32
f 337/361/102 340/362/102 338/363/102
s 33
f 333/364/111 336/365/111 334/366/111
s 34
f 329/340/2 332/367/2 330/368/2
s 35
f 326/354/28 338/369/28 340/370/28
s 36
f 310/371/15 331/372/15 309/373/15
s 37
f 323/374/27 339/375/27 337/361/27
s 38
f 318/376/28 334/324/28 336/377/28
s 39
f 323/374/82 338/369/82 324/378/82
s 40
f 318/376/80 335/379/80 317/380/80
s 41
f 317/380/27 333/364/27 315/381/27
s 42
f 307/341/46 330/382/46 308/383/46
s 43
f 308/383/28 332/384/28 310/371/28
s 19
f 617/385/102 471/220/102 472/386/102
s 21
f 627/239/111 479/246/111 626/387/111
f 628/388/111 478/245/111 627/389/111
s 18
f 630/390/93 484/236/93 481/391/93
f 629/392/93 481/391/93 482/393/93
s 23
f 635/394/2 487/266/2 634/260/2
s 22
f 640/395/35 492/396/35 489/251/35
f 637/397/35 491/249/35 492/396/35
s 24
f 648/398/111 496/279/111 493/270/111
f 647/399/111 493/270/111 494/400/111
s 15
f 641/267/93 497/271/93 644/401/93
f 642/402/93 500/272/93 641/403/93
s 26
f 651/290/102 503/297/102 650/404/102
f 652/405/102 502/296/102 651/406/102
s 25
f 656/407/139 508/284/139 505/408/139
f 655/409/139 505/408/139 506/294/139
s 27
f 658/410/2 512/301/2 509/302/2
f 657/411/2 509/302/2 510/208/2
s 13
f 471/220/109 475/226/108 472/386/108
f 474/412/165 470/218/110 469/217/165
s 12
f 478/245/120 482/393/119 481/391/120
f 480/233/117 484/236/121 483/215/117
s 8
f 486/254/127 490/252/126 489/251/127
f 488/257/124 492/396/128 491/249/124
s 9
f 500/272/134 494/400/101 493/270/132
f 498/195/90 496/279/166 495/193/90
s 10
f 502/296/145 506/294/144 505/408/145
f 507/282/142 503/297/146 508/284/146
s 11
f 516/304/147 510/208/99 509/302/147
f 514/192/89 512/301/148 511/190/89
s 13
f 469/217/165 196/413/87 474/412/165
s 6
f 528/414/155 306/359/52 327/415/155
f 527/416/167 327/415/155 325/417/156
f 526/418/40 325/417/156 323/419/157
f 525/420/158 323/419/157 321/421/158
f 524/422/159 321/421/158 319/423/159
f 523/424/29 319/423/159 317/425/160
f 522/426/168 317/425/160 315/427/161
f 313/428/162 522/426/168 315/427/161
f 520/429/41 313/428/162 311/430/41
f 519/142/169 311/430/41 309/431/163
f 518/140/170 309/431/163 307/432/164
f 517/433/52 307/434/164 306/359/52
s 44
f 37/435/28 555/436/28 584/437/28
f 51/438/28 583/439/28 50/440/28
f 36/441/28 584/437/28 582/442/28
f 50/440/28 581/443/28 49/444/28
f 35/445/28 582/442/28 580/446/28
f 49/444/28 579/447/28 48/448/28
f 34/449/28 580/446/28 578/450/28
f 47/451/28 579/447/28 577/452/28
f 60/453/28 565/454/28 576/455/28
f 33/456/28 578/450/28 575/457/28
f 47/451/28 574/458/28 46/459/28
f 59/460/28 576/455/28 573/461/28
f 32/462/28 575/457/28 572/463/28
f 46/459/28 571/464/28 45/465/28
f 59/460/28 570/466/28 58/467/28
f 31/468/28 572/463/28 569/469/28
f 45/465/28 568/470/28 44/471/28
f 58/467/28 567/472/28 57/473/28
f 30/474/28 569/469/28 566/475/28
f 44/471/28 564/476/28 43/477/28
f 57/473/28 563/478/28 56/479/28
f 30/474/28 565/454/28 29/480/28
f 42/481/28 564/476/28 562/482/28
f 56/479/28 561/483/28 55/484/28
f 41/485/28 562/482/28 560/486/28
f 55/484/28 559/487/28 54/488/28
f 40/489/28 560/486/28 558/490/28
f 54/488/28 557/491/28 53/492/28
f 39/493/28 558/490/28 556/494/28
f 53/492/28 554/495/28 52/496/28
f 38/497/28 556/494/28 555/436/28
f 52/496/28 553/498/28 51/438/28
s 45
f 62/499/27 616/500/27 585/501/27
f 63/502/27 585/501/27 586/503/27
f 63/502/27 587/504/27 64/505/27
f 64/505/27 588/506/27 65/507/27
f 65/507/27 589/508/27 66/509/27
f 66/509/27 590/510/27 67/511/27
f 67/511/27 591/512/27 68/513/27
f 68/513/27 592/514/27 69/515/27
f 69/515/27 593/516/27 70/517/27
f 70/517/27 594/518/27 71/519/27
f 71/519/27 595/520/27 72/521/27
f 72/521/27 596/522/27 73/523/27
f 73/523/27 597/524/27 74/525/27
f 74/525/27 598/526/27 75/527/27
f 75/527/27 599/528/27 76/529/27
f 76/529/27 600/530/27 77/531/27
f 77/531/27 601/532/27 78/533/27
f 78/533/27 602/534/27 79/535/27
f 79/535/27 603/536/27 80/537/27
f 81/538/27 603/536/27 604/539/27
f 82/540/27 604/539/27 605/541/27
f 83/542/27 605/541/27 606/543/27
f 84/544/27 606/543/27 607/545/27
f 85/546/27 607/545/27 608/547/27
f 86/548/27 608/547/27 609/549/27
f 87/550/27 609/549/27 610/551/27
f 88/552/27 610/551/27 611/553/27
f 89/554/27 611/553/27 612/555/27
f 90/556/27 612/555/27 613/557/27
f 91/558/27 613/557/27 614/559/27
f 92/560/27 614/559/27 615/561/27
f 61/562/27 615/561/27 616/500/27
s 19
f 617/385/102 169/225/102 170/563/102
s 46
f 172/227/139 622/564/139 171/565/139
s 21
f 176/566/111 628/567/111 175/204/111
s 18
f 174/568/93 629/569/93 482/393/93
s 19
f 620/570/102 193/571/102 469/217/102
s 23
f 192/265/2 636/197/2 191/572/2
s 22
f 190/263/35 639/573/35 490/252/35
s 15
f 188/212/93 642/574/93 187/160/93
s 24
f 186/210/111 647/575/111 494/400/111
s 26
f 184/293/102 652/576/102 183/201/102
s 25
f 182/577/139 655/578/139 506/294/139
s 27
f 178/579/2 657/580/2 510/208/2
s 47
f 180/207/35 662/581/35 179/307/35
s 20
f 620/582/105 624/583/171 623/584/105
s 17
f 630/585/116 628/388/97 627/389/114
f 632/586/103 626/232/115 625/234/103
s 14
f 640/587/122 636/253/92 635/255/122
f 638/588/112 634/256/123 633/258/112
s 7
f 641/403/129 647/589/72 642/402/72
f 646/590/135 644/273/172 643/274/135
s 16
f 656/591/140 652/405/95 651/406/140
f 649/289/137 653/592/141 650/287/173
s 28
f 661/593/153 657/594/152 662/595/152
f 663/596/149 659/597/154 664/598/154
s 20
f 171/565/174 617/599/175 170/600/174
s 23
f 633/237/2 216/262/2 215/601/2
s 46
f 622/602/139 476/229/139 621/603/139
f 621/604/139 473/228/139 624/605/139
f 624/583/139 474/412/139 623/584/139
f 623/606/139 196/413/139 195/188/139
s 24
f 646/607/111 210/608/111 495/193/111
s 20
f 622/602/175 618/609/176 617/610/175
f 619/611/171 621/604/177 624/605/171
s 47
f 662/595/35 516/304/35 661/593/35
f 661/612/35 513/303/35 664/311/35
f 664/598/35 514/192/35 663/596/35
f 663/613/35 204/191/35 203/182/35
s 5
f 521/125/53 520/148/54 544/126/54
f 527/128/55 551/149/55 552/129/56
f 518/131/57 517/139/58 531/132/58
f 524/134/59 548/150/59 549/135/60
f 521/125/53 545/127/53 546/137/61
f 517/139/58 528/130/56 552/129/56
f 518/140/57 542/614/57 543/141/62
f 525/136/60 549/135/60 550/143/63
f 523/145/64 522/138/61 546/137/61
f 519/147/62 543/615/62 544/126/54
f 526/144/63 550/143/63 551/149/55
f 523/145/64 547/146/64 548/150/59
s 6
f 191/151/65 170/314/66 169/152/66
f 187/154/67 189/319/68 190/155/68
f 183/157/69 185/327/70 186/158/70
s 7
f 187/160/71 642/574/72 647/161/72
s 6
f 179/163/73 181/335/74 182/164/74
f 175/166/75 177/342/76 178/167/76
f 171/169/77 173/350/78 174/170/78
s 8
f 213/172/46 215/601/46 216/173/79
s 9
f 209/175/80 211/200/80 212/176/81
s 10
f 205/178/82 207/286/82 208/179/83
s 11
f 202/181/84 201/306/15 203/182/15
s 12
f 197/184/85 199/231/85 200/185/86
s 13
f 193/187/87 194/224/88 195/188/88
s 11
f 511/190/89 202/299/84 204/191/84
s 9
f 495/193/90 210/608/81 212/194/81
s 14
f 189/196/91 191/572/91 636/197/92
s 15
f 643/199/93 498/195/93 212/194/93
s 16
f 183/201/94 652/576/95 655/202/95
s 17
f 175/204/96 628/567/97 629/205/97
s 11
f 180/207/98 178/579/98 510/208/99
s 9
f 186/210/100 494/400/101 499/211/101
s 18
f 632/213/93 197/616/93 198/214/93
s 19
f 619/216/102 620/617/102 469/217/102
f 618/219/102 619/618/102 470/218/102
s 17
f 625/221/103 199/231/104 197/184/104
s 20
f 620/223/105 623/606/105 195/188/106
s 13
f 169/225/107 472/386/108 475/226/108
f 471/220/109 470/218/110 473/228/110
s 21
f 625/221/111 480/233/111 200/230/111
f 626/232/111 479/246/111 480/233/111
s 18
f 631/235/93 632/619/93 483/215/93
s 14
f 633/237/112 215/601/113 213/172/113
s 17
f 627/239/114 626/387/115 631/240/115
s 12
f 483/215/117 198/214/86 200/230/86
f 176/242/118 174/620/118 482/243/119
f 478/245/120 481/391/120 484/236/121
s 22
f 638/247/35 213/621/35 214/248/35
f 639/250/35 640/622/35 489/251/35
s 23
f 636/253/2 485/264/2 486/254/2
f 634/256/2 487/266/2 488/257/2
s 14
f 640/259/122 635/394/122 634/260/123
s 8
f 491/249/124 214/248/79 216/262/79
f 190/263/125 490/252/126 485/264/126
f 489/251/127 492/396/128 487/266/128
s 7
f 641/267/129 644/401/172 645/268/130
s 9
f 493/270/132 496/279/166 497/271/133
s 15
f 644/273/93 497/271/93 498/195/93
s 7
f 643/199/135 211/200/136 209/175/136
s 16
f 649/276/137 207/286/138 205/178/138
s 24
f 645/278/111 646/623/111 495/193/111
s 25
f 654/280/139 205/624/139 206/281/139
f 653/283/139 654/625/139 507/282/139
s 26
f 649/276/102 504/288/102 208/285/102
f 650/287/102 503/297/102 504/288/102
s 16
f 651/290/140 650/404/173 653/291/141
s 10
f 507/282/142 206/281/83 208/285/83
f 184/293/143 182/577/178 506/294/144
f 502/296/145 505/408/145 508/284/146
s 27
f 660/298/2 201/626/2 202/299/2
f 659/300/2 660/627/2 511/190/2
s 11
f 509/302/147 512/301/148 513/303/148
s 28
f 660/305/149 663/613/149 203/182/150
f 179/307/151 662/581/152 657/308/152
f 658/310/153 661/612/153 664/311/154
s 6
f 328/313/155 305/357/52 170/314/66
f 327/315/155 306/628/52 305/316/52
f 326/318/156 328/313/155 191/151/65
f 325/320/156 327/315/155 328/317/155
f 324/322/157 326/318/156 189/319/68
s 29
f 315/323/85 333/629/85 334/324/85
s 6
f 322/326/158 324/322/157 187/154/67
f 321/328/158 323/630/157 324/329/157
f 320/331/159 322/326/158 185/327/70
f 319/332/159 321/328/158 322/330/158
f 318/334/160 320/331/159 183/157/69
f 317/336/160 319/332/159 320/333/159
f 316/338/161 318/334/160 181/335/74
s 30
f 309/339/27 331/631/27 329/340/27
s 6
f 177/342/76 314/632/162 316/338/161
f 314/343/162 313/348/162 315/344/161
f 312/346/41 314/632/162 177/342/76
f 312/347/41 311/633/41 313/348/162
f 310/349/163 312/346/41 175/166/75
f 309/351/163 311/633/41 312/347/41
f 308/353/164 310/349/163 173/350/78
s 31
f 326/354/88 340/370/88 339/355/88
s 6
f 305/357/52 308/360/164 171/358/77
f 306/359/52 307/434/164 308/360/164
s 32
f 337/361/102 339/375/102 340/362/102
s 33
f 333/364/111 335/379/111 336/365/111
s 34
f 329/340/2 331/631/2 332/367/2
s 35
f 326/354/28 324/378/28 338/369/28
s 36
f 310/371/15 332/384/15 331/372/15
s 37
f 323/374/27 325/634/27 339/375/27
s 38
f 318/376/28 316/325/28 334/324/28
s 39
f 323/374/82 337/361/82 338/369/82
s 40
f 318/376/80 336/377/80 335/379/80
s 41
f 317/380/27 335/379/27 333/364/27
s 42
f 307/341/46 329/340/46 330/382/46
s 43
f 308/383/28 330/382/28 332/384/28
s 19
f 617/385/102 618/635/102 471/220/102
s 21
f 627/239/111 478/245/111 479/246/111
f 628/388/111 477/636/111 478/245/111
s 18
f 630/390/93 631/637/93 484/236/93
f 629/392/93 630/638/93 481/391/93
s 23
f 635/394/2 486/254/2 487/266/2
s 22
f 640/395/35 637/639/35 492/396/35
f 637/397/35 638/640/35 491/249/35
s 24
f 648/398/111 645/641/111 496/279/111
f 647/399/111 648/642/111 493/270/111
s 15
f 641/267/93 500/272/93 497/271/93
f 642/402/93 499/211/93 500/272/93
s 26
f 651/290/102 502/296/102 503/297/102
f 652/405/102 501/295/102 502/296/102
s 25
f 656/407/139 653/643/139 508/284/139
f 655/409/139 656/644/139 505/408/139
s 27
f 658/410/2 659/645/2 512/301/2
f 657/411/2 658/646/2 509/302/2
s 13
f 471/220/109 476/229/109 475/226/108
f 474/412/165 473/228/110 470/218/110
s 12
f 478/245/120 477/636/119 482/393/119
f 480/233/117 479/246/121 484/236/121
s 8
f 486/254/127 485/264/126 490/252/126
f 488/257/124 487/266/128 492/396/128
s 9
f 500/272/134 499/211/101 494/400/101
f 498/195/90 497/271/133 496/279/166
s 10
f 502/296/145 501/295/144 506/294/144
f 507/282/142 504/288/142 503/297/146
s 11
f 516/304/147 515/209/99 510/208/99
f 514/192/89 513/303/148 512/301/148
s 13
f 469/217/165 193/571/87 196/413/87
s 6
f 528/414/155 517/433/52 306/359/52
f 527/416/167 528/414/155 327/415/155
f 526/418/40 527/416/167 325/417/156
f 525/420/158 526/418/40 323/419/157
f 524/422/159 525/420/158 321/421/158
f 523/424/29 524/422/159 319/423/159
f 522/426/168 523/424/29 317/425/160
f 313/428/162 521/647/162 522/426/168
f 520/429/41 521/647/162 313/428/162
f 519/142/169 520/429/41 311/430/41
f 518/140/170 519/142/169 309/431/163
f 517/433/52 518/648/170 307/434/164
s 44
f 37/435/28 38/497/28 555/436/28
f 51/438/28 553/498/28 583/439/28
f 36/441/28 37/435/28 584/437/28
f 50/440/28 583/439/28 581/443/28
f 35/445/28 36/441/28 582/442/28
f 49/444/28 581/443/28 579/447/28
f 34/449/28 35/445/28 580/446/28
f 47/451/28 48/448/28 579/447/28
f 60/453/28 29/480/28 565/454/28
f 33/456/28 34/449/28 578/450/28
f 47/451/28 577/452/28 574/458/28
f 59/460/28 60/453/28 576/455/28
f 32/462/28 33/456/28 575/457/28
f 46/459/28 574/458/28 571/464/28
f 59/460/28 573/461/28 570/466/28
f 31/468/28 32/462/28 572/463/28
f 45/465/28 571/464/28 568/470/28
f 58/467/28 570/466/28 567/472/28
f 30/474/28 31/468/28 569/469/28
f 44/471/28 568/470/28 564/476/28
f 57/473/28 567/472/28 563/478/28
f 30/474/28 566/475/28 565/454/28
f 42/481/28 43/477/28 564/476/28
f 56/479/28 563/478/28 561/483/28
f 41/485/28 42/481/28 562/482/28
f 55/484/28 561/483/28 559/487/28
f 40/489/28 41/485/28 560/486/28
f 54/488/28 559/487/28 557/491/28
f 39/493/28 40/489/28 558/490/28
f 53/492/28 557/491/28 554/495/28
f 38/497/28 39/493/28 556/494/28
f 52/496/28 554/495/28 553/498/28
s 45
f 62/499/27 61/562/27 616/500/27
f 63/502/27 62/499/27 585/501/27
f 63/502/27 586/503/27 587/504/27
f 64/505/27 587/504/27 588/506/27
f 65/507/27 588/506/27 589/508/27
f 66/509/27 589/508/27 590/510/27
f 67/511/27 590/510/27 591/512/27
f 68/513/27 591/512/27 592/514/27
f 69/515/27 592/514/27 593/516/27
f 70/517/27 593/516/27 594/518/27
f 71/519/27 594/518/27 595/520/27
f 72/521/27 595/520/27 596/522/27
f 73/523/27 596/522/27 597/524/27
f 74/525/27 597/524/27 598/526/27
f 75/527/27 598/526/27 599/528/27
f 76/529/27 599/528/27 600/530/27
f 77/531/27 600/530/27 601/532/27
f 78/533/27 601/532/27 602/534/27
f 79/535/27 602/534/27 603/536/27
f 81/538/27 80/537/27 603/536/27
f 82/540/27 81/538/27 604/539/27
f 83/542/27 82/540/27 605/541/27
f 84/544/27 83/542/27 606/543/27
f 85/546/27 84/544/27 607/545/27
f 86/548/27 85/546/27 608/547/27
f 87/550/27 86/548/27 609/549/27
f 88/552/27 87/550/27 610/551/27
f 89/554/27 88/552/27 611/553/27
f 90/556/27 89/554/27 612/555/27
f 91/558/27 90/556/27 613/557/27
f 92/560/27 91/558/27 614/559/27
f 61/562/27 92/560/27 615/561/27
s 19
f 617/385/102 472/386/102 169/225/102
s 46
f 172/227/139 475/226/139 622/564/139
s 21
f 176/566/111 477/636/111 628/567/111
s 18
f 174/568/93 173/649/93 629/569/93
s 19
f 620/570/102 194/650/102 193/571/102
s 23
f 192/265/2 485/264/2 636/197/2
s 22
f 190/263/35 189/651/35 639/573/35
s 15
f 188/212/93 499/211/93 642/574/93
s 24
f 186/210/111 185/652/111 647/575/111
s 26
f 184/293/102 501/295/102 652/576/102
s 25
f 182/577/139 181/653/139 655/578/139
s 27
f 178/579/2 177/654/2 657/580/2
s 47
f 180/207/35 515/209/35 662/581/35
s 20
f 620/582/105 619/655/171 624/583/171
s 17
f 630/585/116 629/656/97 628/388/97
f 632/586/103 631/657/115 626/232/115
s 14
f 640/587/122 639/658/92 636/253/92
f 638/588/112 637/659/123 634/256/123
s 7
f 641/403/129 648/660/131 647/589/72
f 646/590/135 645/661/130 644/273/172
s 16
f 656/591/140 655/662/95 652/405/95
f 649/289/137 654/663/137 653/592/141
s 28
f 661/593/153 658/664/153 657/594/152
f 663/596/149 660/665/149 659/597/154
s 20
f 171/565/174 622/564/175 617/599/175
s 23
f 633/237/2 488/257/2 216/262/2
s 46
f 622/602/139 475/226/139 476/229/139
f 621/604/139 476/229/139 473/228/139
f 624/583/139 473/228/139 474/412/139
f 623/606/139 474/412/139 196/413/139
s 24
f 646/607/111 209/666/111 210/608/111
s 20
f 622/602/175 621/603/177 618/609/176
f 619/611/171 618/667/176 621/604/177
s 47
f 662/595/35 515/209/35 516/304/35
f 661/612/35 516/304/35 513/303/35
f 664/598/35 513/303/35 514/192/35
f 663/613/35 514/192/35 204/191/35
s 48
g LlantasTraserasIzquierdas_01_SpacialRoverExploreralumGrayDeep
usemtl SpacialRoverExploreralumGrayDeep
f 164/668/170 235/669/52 163/670/52
s 6
f 192/153/65 217/671/52 228/672/155
f 227/673/167 192/153/65 228/672/155
f 188/156/67 227/673/167 226/674/40
f 186/158/70 226/674/40 225/675/158
f 184/159/69 225/675/158 224/676/159
f 182/164/74 224/676/159 223/677/29
f 180/165/73 223/677/29 222/678/168
f 221/679/162 180/165/73 222/678/168
f 220/680/41 178/167/76 221/679/162
f 174/170/78 220/680/41 219/681/169
f 172/171/77 219/681/169 218/682/170
f 169/152/66 218/683/170 217/671/52
s 49
f 157/684/28 218/685/28 158/686/28
f 158/686/28 219/687/28 159/688/28
f 159/688/28 220/689/28 160/690/28
f 161/691/28 220/689/28 221/692/28
f 161/691/28 222/693/28 162/694/28
f 163/695/28 222/693/28 223/696/28
f 163/695/28 224/697/28 164/698/28
f 165/699/28 224/697/28 225/700/28
f 165/699/28 226/701/28 166/702/28
f 166/702/28 227/703/28 167/704/28
f 167/704/28 228/705/28 168/706/28
f 157/684/28 228/705/28 217/707/28
s 50
f 232/708/28 236/709/28 240/710/28
s 48
f 161/711/167 232/712/40 160/713/40
f 168/714/168 239/715/162 167/716/162
f 158/717/159 229/718/29 157/719/29
f 165/720/169 236/721/170 164/668/170
f 161/711/167 234/722/155 233/723/167
f 157/719/29 240/724/168 168/714/168
f 159/725/158 230/726/159 158/727/159
f 166/728/41 237/729/169 165/720/169
f 163/670/52 234/722/155 162/730/155
f 160/713/40 231/731/158 159/725/158
f 167/716/162 238/732/41 166/728/41
s 51
f 530/733/52 542/734/170 531/735/52
f 529/736/170 543/141/169 542/614/170
f 532/737/169 544/738/41 543/141/169
f 533/739/41 545/740/162 544/738/41
f 545/740/162 535/741/168 546/742/168
f 535/741/168 547/743/29 546/742/168
f 536/744/29 548/745/159 547/743/29
f 537/746/159 549/747/158 548/745/159
f 538/748/158 550/749/40 549/747/158
f 539/750/40 551/751/167 550/749/40
s 52
f 540/752/27 536/753/27 532/737/27
s 51
f 540/754/167 552/755/155 551/751/167
f 541/756/155 531/735/52 552/755/155
s 48
f 164/668/170 236/721/170 235/669/52
s 6
f 192/153/65 169/152/66 217/671/52
f 227/673/167 190/155/68 192/153/65
f 188/156/67 190/155/68 227/673/167
f 186/158/70 188/156/67 226/674/40
f 184/159/69 186/158/70 225/675/158
f 182/164/74 184/159/69 224/676/159
f 180/165/73 182/164/74 223/677/29
f 221/679/162 178/167/76 180/165/73
f 220/680/41 176/168/75 178/167/76
f 174/170/78 176/168/75 220/680/41
f 172/171/77 174/170/78 219/681/169
f 169/152/66 172/757/77 218/683/170
s 49
f 157/684/28 217/707/28 218/685/28
f 158/686/28 218/685/28 219/687/28
f 159/688/28 219/687/28 220/689/28
f 161/691/28 160/690/28 220/689/28
f 161/691/28 221/692/28 222/693/28
f 163/695/28 162/694/28 222/693/28
f 163/695/28 223/696/28 224/697/28
f 165/699/28 164/698/28 224/697/28
f 165/699/28 225/700/28 226/701/28
f 166/702/28 226/701/28 227/703/28
f 167/704/28 227/703/28 228/705/28
f 157/684/28 168/706/28 228/705/28
s 50
f 240/710/28 229/758/28 230/759/28
f 230/759/28 231/760/28 232/708/28
f 232/708/28 233/761/28 234/762/28
f 234/762/28 235/763/28 236/709/28
f 236/709/28 237/764/28 238/765/28
f 238/765/28 239/766/28 240/710/28
f 240/710/28 230/759/28 232/708/28
f 232/708/28 234/762/28 236/709/28
f 236/709/28 238/765/28 240/710/28
s 48
f 161/711/167 233/723/167 232/712/40
f 168/714/168 240/724/168 239/715/162
f 158/717/159 230/767/159 229/718/29
f 165/720/169 237/729/169 236/721/170
f 161/711/167 162/730/155 234/722/155
f 157/719/29 229/718/29 240/724/168
f 159/725/158 231/731/158 230/726/159
f 166/728/41 238/732/41 237/729/169
f 163/670/52 235/669/52 234/722/155
f 160/713/40 232/712/40 231/731/158
f 167/716/162 239/715/162 238/732/41
s 51
f 530/733/52 529/768/170 542/734/170
f 529/736/170 532/737/169 543/141/169
f 532/737/169 533/739/41 544/738/41
f 533/739/41 534/769/162 545/740/162
f 545/740/162 534/769/162 535/741/168
f 535/741/168 536/744/29 547/743/29
f 536/744/29 537/746/159 548/745/159
f 537/746/159 538/748/158 549/747/158
f 538/748/158 539/750/40 550/749/40
f 539/750/40 540/754/167 551/751/167
s 52
f 532/737/27 529/736/27 530/770/27
f 530/770/27 541/771/27 540/752/27
f 540/752/27 539/772/27 538/773/27
f 538/773/27 537/774/27 536/753/27
f 536/753/27 535/775/27 534/776/27
f 534/776/27 533/777/27 532/737/27
f 532/737/27 530/770/27 540/752/27
f 540/752/27 538/773/27 536/753/27
f 536/753/27 534/776/27 532/737/27
s 51
f 540/754/167 541/756/155 552/755/155
f 541/756/155 530/733/52 531/735/52
s 45
g LlantasTraserasIzquierdas_01_SpacialRoverExplorerwheels
usemtl SpacialRoverExplorerwheels
f 616/778/27 124/779/179 94/780/180
f 615/781/27 123/782/181 124/779/179
f 614/783/27 122/784/182 123/782/181
f 613/785/27 121/786/183 122/784/182
f 612/787/27 120/788/184 121/786/183
f 611/789/27 119/790/185 120/788/184
f 610/791/27 118/792/186 119/790/185
f 609/793/27 117/794/186 118/792/186
f 608/795/27 116/796/187 117/794/186
f 607/797/27 115/798/187 116/796/187
f 606/799/27 114/800/188 115/798/187
f 605/801/27 113/802/189 114/800/188
f 604/803/27 112/804/190 113/805/189
f 602/806/27 112/804/190 603/807/27
f 601/808/27 111/809/190 602/806/27
f 600/810/27 110/811/191 601/808/27
f 599/812/27 109/813/191 600/810/27
f 598/814/27 108/815/192 599/812/27
f 597/816/27 107/817/192 598/814/27
f 596/818/27 106/819/193 597/816/27
f 595/820/27 105/821/193 596/818/27
f 594/822/27 104/823/194 595/820/27
f 593/824/27 103/825/195 594/822/27
f 592/826/27 102/827/196 593/824/27
f 591/828/27 101/829/197 592/826/27
f 590/830/27 100/831/198 591/828/27
f 589/832/27 99/833/199 590/830/27
f 588/834/27 98/835/200 589/832/27
f 587/836/27 97/837/200 588/838/27
f 587/836/27 95/839/201 96/840/201
f 586/841/27 93/842/180 95/839/201
f 585/843/27 94/780/180 93/842/180
s 44
f 554/844/28 147/845/202 553/846/28
f 555/847/28 135/848/203 134/849/204
f 557/850/28 148/851/202 554/844/28
f 556/852/28 136/853/205 135/848/203
f 559/854/28 149/855/206 557/850/28
f 558/856/28 137/857/207 136/853/205
f 561/858/28 150/859/206 559/854/28
f 560/860/28 138/861/208 137/857/207
f 563/862/28 151/863/209 561/858/28
f 562/864/28 139/865/210 138/861/208
f 566/866/28 125/867/211 565/868/28
f 567/869/28 152/870/212 563/862/28
f 564/871/28 140/872/210 139/865/210
f 569/873/28 126/874/211 566/866/28
f 570/875/28 153/876/213 567/869/28
f 571/877/28 140/872/210 568/878/28
f 572/879/28 127/880/214 569/873/28
f 573/881/28 154/882/215 570/875/28
f 574/883/28 141/884/216 571/877/28
f 575/885/28 128/886/214 572/879/28
f 576/887/28 155/888/217 573/881/28
f 577/889/28 142/890/218 574/883/28
f 575/891/28 130/892/219 129/893/219
f 565/868/28 156/894/220 576/887/28
f 579/895/28 143/896/221 577/889/28
f 578/897/28 131/898/222 130/892/219
f 581/899/28 144/900/221 579/895/28
f 580/901/28 132/902/223 131/898/222
f 583/903/28 145/904/224 581/905/28
f 582/906/28 133/907/225 132/902/223
f 553/846/28 146/908/224 583/903/28
f 584/909/28 134/849/204 133/907/225
s 53
f 242/910/226 151/863/227 244/911/228
s 54
f 246/912/229 155/888/230 248/913/231
s 55
f 248/913/232 440/914/233 247/915/234
s 56
f 252/916/235 153/876/236 250/917/237
s 57
f 299/918/238 342/919/239 466/920/240
s 55
f 247/915/234 341/921/241 123/782/242
s 45
f 114/800/188 351/922/243 352/923/243
s 58
f 298/924/244 465/925/245 433/926/244
s 44
f 155/888/217 403/927/246 404/928/246
s 59
f 266/929/247 145/930/248 260/931/249
s 60
f 262/932/250 147/845/251 256/933/252
s 61
f 258/934/253 149/855/254 254/935/255
s 62
f 246/912/256 439/936/257 407/937/258
s 58
f 297/938/245 370/939/259 465/925/245
s 63
f 140/872/260 268/940/261 274/941/262
s 64
f 142/890/263 264/942/264 270/943/265
s 62
f 245/944/266 344/945/267 439/936/257
s 45
f 116/796/187 349/946/268 350/947/268
s 65
f 136/853/269 276/948/270 282/949/271
s 66
f 138/861/272 272/950/273 278/951/274
s 67
f 296/952/275 464/953/276 295/954/277
s 44
f 153/876/213 401/955/278 402/956/278
s 68
f 244/911/279 438/957/280 243/958/281
s 67
f 295/954/277 369/959/282 95/839/283
s 69
f 128/886/284 292/960/285 298/924/286
s 70
f 130/892/287 288/961/288 294/962/289
s 71
f 132/902/290 284/963/291 290/964/292
s 72
f 134/849/293 280/965/294 286/966/295
s 73
f 300/967/296 125/867/297 302/968/298
s 68
f 243/958/281 345/969/299 119/790/300
s 74
f 304/970/301 127/880/302 296/952/303
s 45
f 118/792/186 347/971/304 348/972/304
s 75
f 294/962/305 463/973/306 431/974/307
s 44
f 151/863/209 399/975/308 400/976/308
s 74
f 93/842/309 295/954/310 95/839/309
f 303/977/311 296/952/303 295/954/310
s 76
f 242/910/312 437/978/313 405/979/312
s 75
f 293/980/314 368/981/315 463/973/306
s 73
f 124/779/316 301/982/317 94/780/316
f 299/918/318 302/968/298 301/982/317
s 72
f 285/983/319 103/825/320 102/827/320
f 286/966/295 279/984/321 285/983/319
s 71
f 289/985/322 101/829/323 100/831/323
f 290/964/292 283/986/324 289/985/322
s 70
f 293/980/325 99/833/326 98/835/326
f 294/962/289 287/987/327 293/980/325
s 69
f 297/938/328 97/837/329 96/840/329
f 298/924/286 291/988/330 297/938/328
s 76
f 241/989/331 348/972/332 437/978/313
s 45
f 120/788/184 345/969/333 346/990/333
s 77
f 292/991/334 462/992/335 291/993/336
s 44
f 149/855/206 397/994/337 398/995/337
s 78
f 304/970/338 373/996/339 126/874/339
s 77
f 291/993/336 367/997/340 97/998/341
s 79
f 302/968/342 374/999/343 435/1000/342
s 45
f 122/784/182 343/1001/344 344/945/344
s 66
f 277/1002/345 107/817/346 106/819/346
f 278/951/274 271/1003/347 277/1002/345
s 65
f 281/1004/348 105/821/349 104/823/349
f 282/949/271 275/1005/350 281/1004/348
s 80
f 290/964/351 461/1006/352 429/1007/353
s 44
f 147/845/202 395/1008/354 396/1009/354
s 57
f 300/967/355 403/927/356 156/894/357
s 80
f 289/985/358 366/1010/359 461/1006/352
s 64
f 269/1011/360 111/809/361 110/811/361
f 270/943/265 263/1012/362 269/1011/360
s 63
f 273/1013/363 109/813/364 108/815/364
f 274/941/262 267/1014/365 273/1013/363
s 58
f 298/924/244 375/1015/366 128/886/366
s 45
f 124/779/179 341/921/367 342/919/367
s 81
f 288/961/368 460/1016/369 287/987/370
s 44
f 145/904/224 393/1017/371 394/1018/371
s 61
f 116/796/372 253/1019/373 117/794/372
f 257/1020/374 254/935/255 253/1019/373
s 60
f 114/800/375 255/1021/376 115/798/375
f 261/1022/377 256/933/252 255/1021/376
s 59
f 112/804/378 259/1023/379 113/805/378
f 265/1024/380 260/931/249 259/1023/379
s 67
f 296/952/275 376/1025/381 432/1026/275
s 81
f 287/987/370 365/1027/382 99/833/383
s 75
f 294/962/305 377/1028/384 130/892/385
s 82
f 286/966/386 459/1029/387 427/1030/388
s 44
f 143/896/221 391/1031/389 392/1032/389
s 77
f 292/991/334 378/1033/390 430/1034/334
s 82
f 285/983/391 364/1035/392 459/1029/387
s 80
f 290/964/351 379/1036/393 132/902/394
s 83
f 284/963/395 458/1037/396 283/986/397
s 44
f 142/890/218 390/1038/398 141/884/216
s 56
f 120/788/399 249/1039/400 121/786/399
f 251/1040/401 250/917/237 249/1039/400
s 81
f 288/961/368 380/1041/402 428/1042/368
s 83
f 283/986/397 363/1043/403 101/829/404
s 54
f 122/784/405 247/915/406 123/782/405
f 245/944/407 248/913/231 247/915/406
s 53
f 118/792/408 243/958/409 119/790/408
f 241/989/410 244/911/228 243/958/409
s 84
f 409/1044/411 401/955/412 407/937/413
s 85
f 406/1045/414 399/975/415 410/1046/416
s 86
f 411/1047/417 397/994/418 405/979/419
s 87
f 412/1048/420 395/1008/421 413/1049/422
s 88
f 414/1050/423 393/1017/424 415/1051/425
s 89
f 416/1052/426 391/1031/427 417/1053/426
s 90
f 390/1038/428 419/1054/429 418/1055/430
s 91
f 388/1056/431 421/1057/432 420/1058/433
s 92
f 386/1059/434 423/1060/435 422/1061/436
s 93
f 384/1062/437 425/1063/438 424/1064/439
s 94
f 382/1065/440 427/1030/441 426/1066/442
s 95
f 380/1041/443 429/1007/444 428/1042/445
s 96
f 378/1033/446 431/974/447 430/1034/448
s 97
f 376/1025/449 433/926/450 432/1026/450
s 98
f 435/1000/451 373/996/452 436/1067/453
s 99
f 408/1068/454 403/927/455 434/1069/456
f 341/921/457 466/920/458 342/919/457
f 440/914/459 434/1069/456 466/920/458
s 98
f 371/1070/460 468/1071/461 372/1072/460
f 467/1073/462 436/1067/453 468/1071/461
s 97
f 464/953/463 370/939/464 369/959/464
f 432/1026/450 465/925/463 464/953/463
s 96
f 462/992/465 368/981/466 367/997/466
f 430/1034/448 463/973/467 462/992/465
s 95
f 460/1016/468 366/1010/469 365/1027/469
f 428/1042/445 461/1006/470 460/1016/468
s 94
f 458/1037/471 364/1035/472 363/1043/472
f 426/1066/442 459/1029/473 458/1037/471
s 93
f 456/1074/474 362/1075/475 361/1076/475
f 424/1064/439 457/1077/476 456/1074/474
s 92
f 454/1078/477 360/1079/478 359/1080/478
f 422/1061/436 455/1081/479 454/1078/477
s 91
f 452/1082/480 358/1083/481 357/1084/481
f 420/1058/433 453/1085/482 452/1082/480
s 90
f 450/1086/483 356/1087/484 355/1088/485
f 418/1055/430 451/1089/486 450/1086/483
s 89
f 353/1090/487 449/1091/488 354/1092/487
f 416/1052/426 449/1091/488 448/1093/488
s 88
f 351/922/489 447/1094/490 352/923/489
f 446/1095/491 415/1051/425 447/1094/490
s 87
f 349/946/492 445/1096/493 350/947/492
f 444/1097/494 413/1049/422 445/1096/493
s 86
f 347/971/495 437/978/496 348/972/495
f 443/1098/497 405/979/419 437/978/496
s 85
f 345/969/498 442/1099/499 346/990/500
f 438/957/501 410/1046/416 442/1099/499
s 84
f 343/1001/502 439/936/503 344/945/502
f 441/1100/504 407/937/413 439/936/503
s 57
f 300/967/355 466/920/240 434/1069/355
s 45
f 111/809/190 354/1092/505 112/804/190
s 100
f 249/1039/506 343/1001/507 121/786/508
s 79
f 301/982/509 371/1070/510 94/780/511
s 100
f 250/917/512 441/1100/513 249/1039/506
s 79
f 302/968/342 467/1073/514 301/982/509
s 45
f 109/813/191 356/1087/515 110/811/191
s 101
f 251/1040/516 346/990/517 442/1099/518
s 78
f 303/977/519 372/1072/520 468/1071/519
s 101
f 252/916/521 442/1099/518 410/1046/521
s 78
f 304/970/338 468/1071/519 436/1067/522
s 45
f 107/817/192 358/1083/523 108/815/192
s 102
f 253/1019/524 347/971/525 117/794/526
f 254/935/527 443/1098/528 253/1019/524
s 45
f 105/821/193 360/1079/529 106/819/193
s 103
f 255/1021/530 349/946/531 115/798/532
f 256/933/533 444/1097/534 255/1021/530
s 45
f 103/825/195 362/1075/535 104/823/194
s 104
f 257/1020/536 350/947/537 445/1096/538
f 258/934/539 445/1096/538 413/1049/540
s 45
f 101/829/197 364/1035/541 102/827/196
s 105
f 259/1101/542 351/922/543 113/802/544
f 260/1102/545 446/1095/546 259/1101/542
s 76
f 242/910/312 397/994/547 150/859/548
s 45
f 99/833/199 366/1010/549 100/831/198
s 106
f 261/1022/550 352/923/551 447/1094/552
s 68
f 244/911/279 400/976/553 406/1045/554
s 106
f 262/932/555 447/1094/552 415/1051/556
s 62
f 246/912/256 401/955/557 154/882/558
s 45
f 97/998/200 368/981/559 98/835/200
s 107
f 263/1012/560 353/1090/561 111/809/561
s 55
f 248/913/232 404/928/562 408/1068/563
s 107
f 264/942/564 448/1093/560 263/1012/560
s 100
f 250/917/512 402/956/565 409/1044/566
s 45
f 96/840/201 369/959/567 370/939/567
s 108
f 265/1024/568 354/1092/569 449/1091/568
s 101
f 252/916/521 399/975/570 152/870/571
s 108
f 266/929/572 449/1091/568 417/1053/572
s 102
f 254/935/527 398/995/573 411/1047/527
s 45
f 93/842/180 371/1070/574 372/1072/574
s 109
f 267/1014/575 355/1088/576 109/813/577
s 103
f 256/933/533 396/1009/578 412/1048/579
s 44
f 125/867/211 373/996/580 374/999/580
s 109
f 268/940/581 450/1086/582 267/1014/575
s 104
f 258/934/539 395/1008/583 148/851/584
s 110
f 269/1011/585 356/1087/586 451/1089/587
s 105
f 260/1102/545 394/1018/588 414/1050/589
s 44
f 128/886/214 376/1025/590 127/880/214
s 110
f 270/943/591 451/1089/587 419/1054/592
s 106
f 262/932/555 393/1017/593 146/908/594
s 111
f 271/1003/595 357/1084/596 107/817/597
s 107
f 264/942/564 392/1032/598 416/1052/599
s 44
f 130/892/219 378/1033/600 129/893/219
s 111
f 272/950/601 452/1082/602 271/1003/595
s 108
f 266/929/572 391/1031/603 144/900/604
s 112
f 273/1013/605 358/1083/606 453/1085/607
s 109
f 268/940/581 390/1038/608 418/1055/609
s 44
f 132/902/223 380/1041/610 131/898/222
s 112
f 274/941/611 453/1085/607 421/1057/611
s 110
f 270/943/591 389/1103/612 142/890/613
s 113
f 275/1005/614 359/1080/615 105/821/616
s 111
f 272/950/601 388/1056/617 420/1058/601
s 44
f 134/849/204 382/1065/618 133/907/225
s 113
f 276/948/619 454/1078/620 275/1005/614
s 112
f 274/941/611 387/1104/621 140/872/622
s 114
f 277/1002/623 360/1079/624 455/1081/625
s 113
f 276/948/619 386/1059/626 422/1061/627
s 44
f 136/853/205 384/1062/628 135/848/203
s 114
f 278/951/629 455/1081/625 423/1060/630
f 278/951/629 385/1105/631 138/861/632
s 115
f 279/984/633 361/1076/634 103/825/635
f 280/965/636 384/1062/637 424/1064/638
s 44
f 138/861/208 386/1059/639 137/857/207
s 115
f 280/965/636 456/1074/640 279/984/633
s 116
f 282/949/641 383/1106/642 136/853/643
f 281/1004/644 362/1075/645 457/1077/646
s 83
f 284/963/395 382/1065/647 426/1066/395
s 44
f 140/872/210 388/1056/648 139/865/210
s 116
f 282/949/641 457/1077/646 425/1063/649
s 82
f 286/966/386 381/1107/650 134/849/651
s 45
f 616/778/27 615/781/27 124/779/179
f 615/781/27 614/783/27 123/782/181
f 614/783/27 613/785/27 122/784/182
f 613/785/27 612/787/27 121/786/183
f 612/787/27 611/789/27 120/788/184
f 611/789/27 610/791/27 119/790/185
f 610/791/27 609/793/27 118/792/186
f 609/793/27 608/795/27 117/794/186
f 608/795/27 607/797/27 116/796/187
f 607/797/27 606/799/27 115/798/187
f 606/799/27 605/801/27 114/800/188
f 605/801/27 604/1108/27 113/802/189
f 604/803/27 603/807/27 112/804/190
f 602/806/27 111/809/190 112/804/190
f 601/808/27 110/811/191 111/809/190
f 600/810/27 109/813/191 110/811/191
f 599/812/27 108/815/192 109/813/191
f 598/814/27 107/817/192 108/815/192
f 597/816/27 106/819/193 107/817/192
f 596/818/27 105/821/193 106/819/193
f 595/820/27 104/823/194 105/821/193
f 594/822/27 103/825/195 104/823/194
f 593/824/27 102/827/196 103/825/195
f 592/826/27 101/829/197 102/827/196
f 591/828/27 100/831/198 101/829/197
f 590/830/27 99/833/199 100/831/198
f 589/832/27 98/835/200 99/833/199
f 588/834/27 97/998/200 98/835/200
f 587/836/27 96/840/201 97/837/200
f 587/836/27 586/841/27 95/839/201
f 586/841/27 585/843/27 93/842/180
f 585/843/27 616/778/27 94/780/180
s 44
f 554/844/28 148/851/202 147/845/202
f 555/847/28 556/852/28 135/848/203
f 557/850/28 149/855/206 148/851/202
f 556/852/28 558/856/28 136/853/205
f 559/854/28 150/859/206 149/855/206
f 558/856/28 560/860/28 137/857/207
f 561/858/28 151/863/209 150/859/206
f 560/860/28 562/864/28 138/861/208
f 563/862/28 152/870/212 151/863/209
f 562/864/28 564/871/28 139/865/210
f 566/866/28 126/874/211 125/867/211
f 567/869/28 153/876/213 152/870/212
f 564/871/28 568/878/28 140/872/210
f 569/873/28 127/880/214 126/874/211
f 570/875/28 154/882/215 153/876/213
f 571/877/28 141/884/216 140/872/210
f 572/879/28 128/886/214 127/880/214
f 573/881/28 155/888/217 154/882/215
f 574/883/28 142/890/218 141/884/216
f 575/885/28 129/1109/219 128/886/214
f 576/887/28 156/894/220 155/888/217
f 577/889/28 143/896/221 142/890/218
f 575/891/28 578/897/28 130/892/219
f 565/868/28 125/867/211 156/894/220
f 579/895/28 144/900/221 143/896/221
f 578/897/28 580/901/28 131/898/222
f 581/899/28 145/930/224 144/900/221
f 580/901/28 582/906/28 132/902/223
f 583/903/28 146/908/224 145/904/224
f 582/906/28 584/909/28 133/907/225
f 553/846/28 147/845/202 146/908/224
f 584/909/28 555/847/28 134/849/204
s 53
f 242/910/226 150/859/227 151/863/227
s 54
f 246/912/229 154/882/230 155/888/230
s 55
f 248/913/232 408/1068/563 440/914/233
s 56
f 252/916/235 152/870/236 153/876/236
s 57
f 299/918/238 124/779/652 342/919/239
s 55
f 247/915/234 440/914/233 341/921/241
s 45
f 114/800/188 113/802/189 351/922/243
s 58
f 298/924/244 297/938/245 465/925/245
s 44
f 155/888/217 156/894/220 403/927/246
s 59
f 266/929/247 144/900/248 145/930/248
s 60
f 262/932/250 146/908/251 147/845/251
s 61
f 258/934/253 148/851/254 149/855/254
s 62
f 246/912/256 245/944/266 439/936/257
s 58
f 297/938/245 96/840/653 370/939/259
s 63
f 140/872/260 141/884/260 268/940/261
s 64
f 142/890/263 143/896/263 264/942/264
s 62
f 245/944/266 122/784/654 344/945/267
s 45
f 116/796/187 115/798/187 349/946/268
s 65
f 136/853/269 137/857/269 276/948/270
s 66
f 138/861/272 139/865/272 272/950/273
s 67
f 296/952/275 432/1026/275 464/953/276
s 44
f 153/876/213 154/882/215 401/955/278
s 68
f 244/911/279 406/1045/554 438/957/280
s 67
f 295/954/277 464/953/276 369/959/282
s 69
f 128/886/284 129/1109/284 292/960/285
s 70
f 130/892/287 131/898/287 288/961/288
s 71
f 132/902/290 133/907/290 284/963/291
s 72
f 134/849/293 135/848/293 280/965/294
s 73
f 300/967/296 156/894/297 125/867/297
s 68
f 243/958/281 438/957/280 345/969/299
s 74
f 304/970/301 126/874/302 127/880/302
s 45
f 118/792/186 117/794/186 347/971/304
s 75
f 294/962/305 293/980/314 463/973/306
s 44
f 151/863/209 152/870/212 399/975/308
s 74
f 93/842/309 303/977/311 295/954/310
f 303/977/311 304/970/301 296/952/303
s 76
f 242/910/312 241/989/331 437/978/313
s 75
f 293/980/314 98/835/655 368/981/315
s 73
f 124/779/316 299/918/318 301/982/317
f 299/918/318 300/967/296 302/968/298
s 72
f 285/983/319 279/984/321 103/825/320
f 286/966/295 280/965/294 279/984/321
s 71
f 289/985/322 283/986/324 101/829/323
f 290/964/292 284/963/291 283/986/324
s 70
f 293/980/325 287/987/327 99/833/326
f 294/962/289 288/961/288 287/987/327
s 69
f 297/938/328 291/988/330 97/837/329
f 298/924/286 292/960/285 291/988/330
s 76
f 241/989/331 118/792/656 348/972/332
s 45
f 120/788/184 119/790/185 345/969/333
s 77
f 292/991/334 430/1034/334 462/992/335
s 44
f 149/855/206 150/859/206 397/994/337
s 78
f 304/970/338 436/1067/522 373/996/339
s 77
f 291/993/336 462/992/335 367/997/340
s 79
f 302/968/342 125/867/657 374/999/343
s 45
f 122/784/182 121/786/183 343/1001/344
s 66
f 277/1002/345 271/1003/347 107/817/346
f 278/951/274 272/950/273 271/1003/347
s 65
f 281/1004/348 275/1005/350 105/821/349
f 282/949/271 276/948/270 275/1005/350
s 80
f 290/964/351 289/985/358 461/1006/352
s 44
f 147/845/202 148/851/202 395/1008/354
s 57
f 300/967/355 434/1069/355 403/927/356
s 80
f 289/985/358 100/831/658 366/1010/359
s 64
f 269/1011/360 263/1012/362 111/809/361
f 270/943/265 264/942/264 263/1012/362
s 63
f 273/1013/363 267/1014/365 109/813/364
f 274/941/262 268/940/261 267/1014/365
s 58
f 298/924/244 433/926/244 375/1015/366
s 45
f 124/779/179 123/782/181 341/921/367
s 81
f 288/961/368 428/1042/368 460/1016/369
s 44
f 145/904/224 146/908/224 393/1017/371
s 61
f 116/796/372 257/1020/374 253/1019/373
f 257/1020/374 258/934/253 254/935/255
s 60
f 114/800/375 261/1022/377 255/1021/376
f 261/1022/377 262/932/250 256/933/252
s 59
f 112/804/378 265/1024/380 259/1023/379
f 265/1024/380 266/929/247 260/931/249
s 67
f 296/952/275 127/880/659 376/1025/381
s 81
f 287/987/370 460/1016/369 365/1027/382
s 75
f 294/962/305 431/974/307 377/1028/384
s 82
f 286/966/386 285/983/391 459/1029/387
s 44
f 143/896/221 144/900/221 391/1031/389
s 77
f 292/991/334 129/893/660 378/1033/390
s 82
f 285/983/391 102/827/661 364/1035/392
s 80
f 290/964/351 429/1007/353 379/1036/393
s 83
f 284/963/395 426/1066/395 458/1037/396
s 44
f 142/890/218 389/1103/398 390/1038/398
s 56
f 120/788/399 251/1040/401 249/1039/400
f 251/1040/401 252/916/235 250/917/237
s 81
f 288/961/368 131/898/662 380/1041/402
s 83
f 283/986/397 458/1037/396 363/1043/403
s 54
f 122/784/405 245/944/407 247/915/406
f 245/944/407 246/912/229 248/913/231
s 53
f 118/792/408 241/989/410 243/958/409
f 241/989/410 242/910/226 244/911/228
s 84
f 409/1044/411 402/956/412 401/955/412
s 85
f 406/1045/414 400/976/415 399/975/415
s 86
f 411/1047/417 398/995/418 397/994/418
s 87
f 412/1048/420 396/1009/421 395/1008/421
s 88
f 414/1050/423 394/1018/424 393/1017/424
s 89
f 416/1052/426 392/1032/427 391/1031/427
s 90
f 390/1038/428 389/1103/428 419/1054/429
s 91
f 388/1056/431 387/1104/431 421/1057/432
s 92
f 386/1059/434 385/1105/434 423/1060/435
s 93
f 384/1062/437 383/1106/437 425/1063/438
s 94
f 382/1065/440 381/1107/440 427/1030/441
s 95
f 380/1041/443 379/1036/443 429/1007/444
s 96
f 378/1033/446 377/1028/446 431/974/447
s 97
f 376/1025/449 375/1015/449 433/926/450
s 98
f 435/1000/451 374/999/452 373/996/452
s 99
f 408/1068/454 404/928/455 403/927/455
f 341/921/457 440/914/459 466/920/458
f 440/914/459 408/1068/454 434/1069/456
s 98
f 371/1070/460 467/1073/462 468/1071/461
f 467/1073/462 435/1000/451 436/1067/453
s 97
f 464/953/463 465/925/463 370/939/464
f 432/1026/450 433/926/450 465/925/463
s 96
f 462/992/465 463/973/467 368/981/466
f 430/1034/448 431/974/447 463/973/467
s 95
f 460/1016/468 461/1006/470 366/1010/469
f 428/1042/445 429/1007/444 461/1006/470
s 94
f 458/1037/471 459/1029/473 364/1035/472
f 426/1066/442 427/1030/441 459/1029/473
s 93
f 456/1074/474 457/1077/476 362/1075/475
f 424/1064/439 425/1063/438 457/1077/476
s 92
f 454/1078/477 455/1081/479 360/1079/478
f 422/1061/436 423/1060/435 455/1081/479
s 91
f 452/1082/480 453/1085/482 358/1083/481
f 420/1058/433 421/1057/432 453/1085/482
s 90
f 450/1086/483 451/1089/486 356/1087/484
f 418/1055/430 419/1054/429 451/1089/486
s 89
f 353/1090/487 448/1093/488 449/1091/488
f 416/1052/426 417/1053/426 449/1091/488
s 88
f 351/922/489 446/1095/491 447/1094/490
f 446/1095/491 414/1050/423 415/1051/425
s 87
f 349/946/492 444/1097/494 445/1096/493
f 444/1097/494 412/1048/420 413/1049/422
s 86
f 347/971/495 443/1098/497 437/978/496
f 443/1098/497 411/1047/417 405/979/419
s 85
f 345/969/498 438/957/501 442/1099/499
f 438/957/501 406/1045/414 410/1046/416
s 84
f 343/1001/502 441/1100/504 439/936/503
f 441/1100/504 409/1044/411 407/937/413
s 57
f 300/967/355 299/918/238 466/920/240
s 45
f 111/809/190 353/1090/663 354/1092/505
s 100
f 249/1039/506 441/1100/513 343/1001/507
s 79
f 301/982/509 467/1073/514 371/1070/510
s 100
f 250/917/512 409/1044/566 441/1100/513
s 79
f 302/968/342 435/1000/342 467/1073/514
s 45
f 109/813/191 355/1088/515 356/1087/515
s 101
f 251/1040/516 120/788/664 346/990/517
s 78
f 303/977/519 93/842/665 372/1072/520
s 101
f 252/916/521 251/1040/516 442/1099/518
s 78
f 304/970/338 303/977/519 468/1071/519
s 45
f 107/817/192 357/1084/523 358/1083/523
s 102
f 253/1019/524 443/1098/528 347/971/525
f 254/935/527 411/1047/527 443/1098/528
s 45
f 105/821/193 359/1080/529 360/1079/529
s 103
f 255/1021/530 444/1097/534 349/946/531
f 256/933/533 412/1048/579 444/1097/534
s 45
f 103/825/195 361/1076/535 362/1075/535
s 104
f 257/1020/536 116/796/666 350/947/537
f 258/934/539 257/1020/536 445/1096/538
s 45
f 101/829/197 363/1043/541 364/1035/541
s 105
f 259/1101/542 446/1095/546 351/922/543
f 260/1102/545 414/1050/589 446/1095/546
s 76
f 242/910/312 405/979/312 397/994/547
s 45
f 99/833/199 365/1027/549 366/1010/549
s 106
f 261/1022/550 114/800/667 352/923/551
s 68
f 244/911/279 151/863/668 400/976/553
s 106
f 262/932/555 261/1022/550 447/1094/552
s 62
f 246/912/256 407/937/258 401/955/557
s 45
f 97/998/200 367/997/559 368/981/559
s 107
f 263/1012/560 448/1093/560 353/1090/561
s 55
f 248/913/232 155/888/669 404/928/562
s 107
f 264/942/564 416/1052/599 448/1093/560
s 100
f 250/917/512 153/876/670 402/956/565
s 45
f 96/840/201 95/839/201 369/959/567
s 108
f 265/1024/568 112/804/569 354/1092/569
s 101
f 252/916/521 410/1046/521 399/975/570
s 108
f 266/929/572 265/1024/568 449/1091/568
s 102
f 254/935/527 149/855/671 398/995/573
s 45
f 93/842/180 94/780/180 371/1070/574
s 109
f 267/1014/575 450/1086/582 355/1088/576
s 103
f 256/933/533 147/845/672 396/1009/578
s 44
f 125/867/211 126/874/211 373/996/580
s 109
f 268/940/581 418/1055/609 450/1086/582
s 104
f 258/934/539 413/1049/540 395/1008/583
s 110
f 269/1011/585 110/811/673 356/1087/586
s 105
f 260/1102/545 145/904/674 394/1018/588
s 44
f 128/886/214 375/1015/590 376/1025/590
s 110
f 270/943/591 269/1011/585 451/1089/587
s 106
f 262/932/555 415/1051/556 393/1017/593
s 111
f 271/1003/595 452/1082/602 357/1084/596
s 107
f 264/942/564 143/896/598 392/1032/598
s 44
f 130/892/219 377/1028/600 378/1033/600
s 111
f 272/950/601 420/1058/601 452/1082/602
s 108
f 266/929/572 417/1053/572 391/1031/603
s 112
f 273/1013/605 108/815/675 358/1083/606
s 109
f 268/940/581 141/884/676 390/1038/608
s 44
f 132/902/223 379/1036/610 380/1041/610
s 112
f 274/941/611 273/1013/605 453/1085/607
s 110
f 270/943/591 419/1054/592 389/1103/612
s 113
f 275/1005/614 454/1078/620 359/1080/615
s 111
f 272/950/601 139/865/677 388/1056/617
s 44
f 134/849/204 381/1107/618 382/1065/618
s 113
f 276/948/619 422/1061/627 454/1078/620
s 112
f 274/941/611 421/1057/611 387/1104/621
s 114
f 277/1002/623 106/819/678 360/1079/624
s 113
f 276/948/619 137/857/679 386/1059/626
s 44
f 136/853/205 383/1106/628 384/1062/628
s 114
f 278/951/629 277/1002/623 455/1081/625
f 278/951/629 423/1060/630 385/1105/631
s 115
f 279/984/633 456/1074/640 361/1076/634
f 280/965/636 135/848/680 384/1062/637
s 44
f 138/861/208 385/1105/639 386/1059/639
s 115
f 280/965/636 424/1064/638 456/1074/640
s 116
f 282/949/641 425/1063/649 383/1106/642
f 281/1004/644 104/823/681 362/1075/645
s 83
f 284/963/395 133/907/682 382/1065/647
s 44
f 140/872/210 387/1104/648 388/1056/648
s 116
f 282/949/641 281/1004/644 457/1077/646
s 82
f 286/966/386 427/1030/388 381/1107/650
