# Blender 5.2.2 LTS
# www.blender.org
mtllib LlantasTraserasDerechas_02.mtl
g LlantasTraserasDerechas_02_RoverModificado.010
v -4.831204 1.354047 8.699999
v -4.876140 1.245566 8.699999
v -4.959167 1.162537 8.699999
v -5.067649 1.117603 8.699999
v -5.241522 1.134728 8.699999
v -5.339153 1.199963 8.699999
v -5.404388 1.297593 8.699999
v -5.427297 1.412757 8.699999
v -5.404388 1.527921 8.699999
v -5.339153 1.625552 8.699999
v -5.241522 1.690786 8.699999
v -5.126359 1.713694 8.699999
v -4.959167 1.662977 8.699999
v -4.876140 1.579949 8.699999
v -4.831204 1.471467 8.699999
v -4.831204 1.354048 7.443999
v -4.876139 1.245566 7.443999
v -5.011196 1.134728 7.443999
v -5.126359 1.111820 7.443999
v -5.241521 1.134728 7.443999
v -5.339153 1.199963 7.443999
v -5.421514 1.354047 7.443999
v -5.404388 1.527921 7.443999
v -5.339152 1.625552 7.443999
v -5.241522 1.690786 7.443999
v -5.067648 1.707911 7.443999
v -4.913565 1.625552 7.443999
v -4.831204 1.471467 7.443999
v -4.232225 1.412758 9.678948
v -4.249509 1.237271 9.678948
v -4.300696 1.068528 9.678948
v -4.383821 0.913014 9.678948
v -4.495687 0.776704 9.678948
v -4.631998 0.664838 9.678949
v -4.787511 0.581714 9.678949
v -4.956254 0.530526 9.678949
v -5.131742 0.513242 9.678949
v -5.307229 0.530526 9.678949
v -5.475972 0.581713 9.678949
v -5.631485 0.664838 9.678949
v -5.767795 0.776704 9.678949
v -5.879662 0.913014 9.678949
v -5.962785 1.068528 9.678949
v -6.013974 1.237271 9.678949
v -6.031258 1.412758 9.678949
v -6.013974 1.588245 9.678949
v -5.962785 1.756988 9.678949
v -5.879662 1.912502 9.678949
v -5.767796 2.048812 9.678949
v -5.631485 2.160678 9.678949
v -5.475972 2.243803 9.678949
v -5.307229 2.294991 9.678949
v -5.131742 2.312274 9.678949
v -4.956254 2.294991 9.678949
v -4.787511 2.243803 9.678949
v -4.631998 2.160678 9.678949
v -4.495687 2.048812 9.678949
v -4.383821 1.912502 9.678948
v -4.300696 1.756988 9.678948
v -4.249509 1.588245 9.678948
v -4.232225 1.412758 8.638950
v -4.249509 1.237271 8.638950
v -4.300697 1.068528 8.638950
v -4.383821 0.913014 8.638950
v -4.495687 0.776704 8.638950
v -4.631998 0.664838 8.638950
v -4.787511 0.581714 8.638950
v -4.956254 0.530526 8.638950
v -5.131742 0.513242 8.638950
v -5.307229 0.530526 8.638950
v -5.475972 0.581714 8.638950
v -5.631485 0.664838 8.638950
v -5.767796 0.776704 8.638950
v -5.879662 0.913014 8.638950
v -5.962787 1.068528 8.638950
v -6.013974 1.237271 8.638950
v -6.031258 1.412758 8.638950
v -6.013974 1.588245 8.638950
v -5.962787 1.756988 8.638950
v -5.879662 1.912502 8.638950
v -5.767796 2.048812 8.638950
v -5.631486 2.160678 8.638950
v -5.475972 2.243802 8.638950
v -5.307229 2.294990 8.638950
v -5.131742 2.312274 8.638950
v -4.956254 2.294990 8.638950
v -4.787511 2.243802 8.638950
v -4.631998 2.160678 8.638950
v -4.495687 2.048812 8.638950
v -4.383821 1.912502 8.638950
v -4.300697 1.756988 8.638950
v -4.249509 1.588245 8.638950
v -4.127495 1.211615 8.638950
v -4.107902 1.410550 8.638948
v -4.185523 1.020324 8.638950
v -4.279754 0.844030 8.638950
v -4.406568 0.689507 8.638950
v -4.561091 0.562693 8.638950
v -4.737385 0.468462 8.638950
v -4.928677 0.410434 8.638950
v -5.127612 0.390841 8.638950
v -5.326547 0.410434 8.638950
v -5.517838 0.468461 8.638950
v -5.694131 0.562693 8.638950
v -5.848654 0.689507 8.638950
v -5.975470 0.844030 8.638950
v -6.069700 1.020324 8.638950
v -6.127728 1.211615 8.638950
v -6.147320 1.410550 8.638950
v -6.127728 1.609486 8.638950
v -6.069700 1.800776 8.638950
v -5.975469 1.977070 8.638950
v -5.848654 2.131594 8.638950
v -5.694131 2.258408 8.638950
v -5.517838 2.352639 8.638950
v -5.326548 2.410667 8.638950
v -5.127612 2.430260 8.638950
v -4.928676 2.410667 8.638950
v -4.737385 2.352639 8.638950
v -4.561091 2.258408 8.638950
v -4.406568 2.131594 8.638950
v -4.279754 1.977070 8.638948
v -4.185523 1.800776 8.638950
v -4.127495 1.609486 8.638950
v -4.103189 1.412758 9.678948
v -4.122952 1.212097 9.678948
v -4.181483 1.019148 9.678948
v -4.276532 0.841325 9.678948
v -4.404446 0.685462 9.678948
v -4.560308 0.557549 9.678949
v -4.738132 0.462500 9.678949
v -4.931080 0.403970 9.678949
v -5.131742 0.384206 9.678949
v -5.332401 0.403970 9.678949
v -5.525351 0.462500 9.678949
v -5.703174 0.557548 9.678949
v -5.859036 0.685462 9.678949
v -5.986950 0.841325 9.678949
v -6.081998 1.019148 9.678949
v -6.140530 1.212097 9.678949
v -6.160293 1.412758 9.678949
v -6.140530 1.613418 9.678949
v -6.081999 1.806368 9.678949
v -5.986950 1.984191 9.678949
v -5.859037 2.140054 9.678949
v -5.703175 2.267967 9.678949
v -5.525351 2.363016 9.678949
v -5.332401 2.421546 9.678949
v -5.131742 2.441310 9.678949
v -4.931080 2.421546 9.678949
v -4.738132 2.363016 9.678949
v -4.560308 2.267967 9.678949
v -4.404446 2.140054 9.678949
v -4.276532 1.984191 9.678948
v -4.181483 1.806368 9.678948
v -4.122952 1.613418 9.678948
v -5.131742 1.509230 9.618948
v -5.179977 1.496305 9.618948
v -5.215290 1.460994 9.618948
v -5.228213 1.412758 9.618948
v -5.215290 1.364522 9.618948
v -5.179977 1.329210 9.618948
v -5.131742 1.316285 9.618948
v -5.083506 1.329210 9.618948
v -5.048194 1.364522 9.618948
v -5.035269 1.412758 9.618948
v -5.048194 1.460994 9.618948
v -5.083506 1.496305 9.618948
v -5.131742 1.612758 9.495615
v -5.131742 1.612758 9.342280
v -5.231741 1.585963 9.342280
v -5.231741 1.585963 9.495615
v -5.304946 1.512758 9.342280
v -5.304946 1.512758 9.495615
v -5.331741 1.412758 9.342280
v -5.331741 1.412758 9.495615
v -5.304946 1.312758 9.342280
v -5.304946 1.312758 9.495615
v -5.231741 1.239553 9.342280
v -5.231741 1.239553 9.495615
v -5.131742 1.212758 9.342280
v -5.131742 1.212758 9.495615
v -5.031742 1.239553 9.342280
v -5.031742 1.239553 9.495615
v -4.958537 1.312758 9.342280
v -4.958537 1.312758 9.495615
v -4.931742 1.412758 9.342280
v -4.931742 1.412758 9.495615
v -4.958537 1.512758 9.342280
v -4.958537 1.512758 9.495615
v -5.031742 1.585963 9.342280
v -5.031742 1.585963 9.495615
v -5.312914 2.288906 8.995615
v -5.312914 2.288906 8.742281
v -5.412916 2.262111 8.742281
v -5.412916 2.262111 8.995615
v -5.981094 1.693931 8.742281
v -5.981094 1.693931 8.995615
v -6.007889 1.593931 8.742281
v -6.007889 1.593931 8.995615
v -5.799922 0.817783 8.742282
v -5.799922 0.817783 8.995615
v -5.726717 0.744578 8.742281
v -5.726717 0.744578 8.995615
v -4.950569 0.536610 8.742281
v -4.950569 0.536610 8.995615
v -4.850568 0.563405 8.742281
v -4.850568 0.563405 8.995615
v -4.282389 1.131585 8.742281
v -4.282389 1.131585 8.995614
v -4.255593 1.231584 8.742281
v -4.255593 1.231584 8.995614
v -4.463562 2.007733 8.742281
v -4.463562 2.007733 8.995614
v -4.536767 2.080938 8.742281
v -4.536767 2.080938 8.995614
v -5.131742 1.612758 9.618948
v -5.231741 1.585963 9.618948
v -5.304946 1.512758 9.618948
v -5.331741 1.412758 9.618948
v -5.304946 1.312758 9.618948
v -5.231741 1.239553 9.618948
v -5.131742 1.212758 9.618948
v -5.031742 1.239553 9.618948
v -4.958537 1.312758 9.618948
v -4.931742 1.412758 9.618948
v -4.958537 1.512758 9.618948
v -5.031742 1.585963 9.618948
v -5.131742 1.509230 9.518948
v -5.179977 1.496305 9.518948
v -5.215290 1.460994 9.518948
v -5.228213 1.412758 9.518948
v -5.215290 1.364522 9.518948
v -5.179977 1.329210 9.518948
v -5.131742 1.316285 9.518948
v -5.083506 1.329210 9.518948
v -5.048194 1.364522 9.518948
v -5.035269 1.412758 9.518948
v -5.048194 1.460994 9.518948
v -5.083506 1.496305 9.518948
v -4.909458 2.514557 8.968283
v -4.910339 2.518547 9.349617
v -4.698430 2.450542 8.968283
v -4.698703 2.454347 9.349617
v -4.193581 2.036223 8.968283
v -4.192399 2.038834 9.349616
v -4.089626 1.841739 8.968283
v -4.088145 1.843789 9.349616
v -4.333478 2.206690 8.968283
v -4.332700 2.209792 9.349617
v -4.503945 2.346589 8.968283
v -4.503658 2.350094 9.349617
v -5.128920 2.536172 8.968283
v -5.130434 2.540223 9.349617
v -5.559409 2.450542 8.968283
v -5.562163 2.454347 9.349617
v -5.348381 2.514557 8.968283
v -5.350527 2.518547 9.349617
v -5.924359 2.206690 8.968284
v -5.928166 2.209792 9.349617
v -5.753892 2.346588 8.968283
v -5.757208 2.350094 9.349617
v -6.168212 1.841739 8.968284
v -6.172721 1.843789 9.349617
v -6.064259 2.036223 8.968284
v -6.068469 2.038834 9.349617
v -6.253841 1.411250 8.968284
v -6.258598 1.412059 9.349617
v -6.232226 1.630711 8.968284
v -6.236920 1.632153 9.349617
v -6.168211 0.980760 8.968284
v -6.172721 0.980329 9.349617
v -6.232226 1.191788 8.968284
v -6.236920 1.191965 9.349617
v -5.924359 0.615809 8.968284
v -5.928166 0.614326 9.349617
v -6.064259 0.786276 8.968284
v -6.068469 0.785284 9.349617
v -5.559409 0.371956 8.968283
v -5.562163 0.369771 9.349617
v -5.753892 0.475910 8.968283
v -5.757208 0.474024 9.349617
v -5.128920 0.286327 8.968283
v -5.130434 0.283894 9.349617
v -5.348381 0.307942 8.968283
v -5.350527 0.305571 9.349617
v -4.698430 0.371956 8.968283
v -4.698703 0.369771 9.349617
v -4.909458 0.307942 8.968283
v -4.910339 0.305571 9.349617
v -4.333478 0.615809 8.968283
v -4.332700 0.614326 9.349616
v -4.503945 0.475910 8.968283
v -4.503658 0.474024 9.349617
v -4.089626 0.980760 8.968283
v -4.088145 0.980329 9.349616
v -4.193581 0.786276 8.968283
v -4.192399 0.785284 9.349616
v -4.025611 1.630711 8.968283
v -4.023946 1.632153 9.349616
v -4.003996 1.411250 8.968283
v -4.002268 1.412059 9.349616
v -4.025611 1.191788 8.968283
v -4.023946 1.191965 9.349616
v -5.131742 1.612758 8.904504
v -5.131742 1.612758 8.806726
v -5.231741 1.585963 8.806726
v -5.231741 1.585963 8.904504
v -5.304946 1.512758 8.806726
v -5.304946 1.512758 8.904504
v -5.331741 1.412758 8.806726
v -5.331741 1.412758 8.904504
v -5.304946 1.312758 8.806726
v -5.304946 1.312758 8.904504
v -5.231741 1.239553 8.806726
v -5.231741 1.239553 8.904504
v -5.131742 1.212758 8.806726
v -5.131742 1.212758 8.904504
v -5.031742 1.239553 8.806726
v -5.031742 1.239553 8.904504
v -4.958537 1.312758 8.806726
v -4.958537 1.312758 8.904503
v -4.931742 1.412758 8.806726
v -4.931742 1.412758 8.904503
v -4.958537 1.512758 8.806726
v -4.958537 1.512758 8.904503
v -5.031742 1.585963 8.806726
v -5.031742 1.585963 8.904503
v -5.726717 2.080937 8.806726
v -5.726717 2.080937 8.904504
v -5.799922 2.007732 8.806726
v -5.799922 2.007732 8.904504
v -5.412916 0.563405 8.806726
v -5.412916 0.563405 8.904504
v -5.312915 0.536610 8.806726
v -5.312915 0.536610 8.904504
v -4.255593 1.593931 8.806726
v -4.255593 1.593931 8.904503
v -4.282389 1.693931 8.806726
v -4.282389 1.693931 8.904503
v -4.143036 1.818287 8.644150
v -4.082397 1.618388 8.644150
v -4.374029 2.163991 8.644150
v -4.241508 2.002514 8.644150
v -4.719732 2.394983 8.644150
v -4.535505 2.296512 8.644150
v -5.127519 2.476098 8.644150
v -4.919631 2.455622 8.644150
v -5.535305 2.394983 8.644150
v -5.335406 2.455622 8.644150
v -5.881010 2.163991 8.644151
v -5.719532 2.296511 8.644150
v -6.112000 1.818287 8.644151
v -6.013529 2.002514 8.644150
v -6.193114 1.410501 8.644151
v -6.172639 1.618388 8.644151
v -6.112000 1.002715 8.644151
v -6.172639 1.202613 8.644151
v -5.881010 0.657010 8.644150
v -6.013529 0.818487 8.644150
v -5.535305 0.426018 8.644150
v -5.719532 0.524490 8.644150
v -5.127519 0.344905 8.644150
v -5.335406 0.365380 8.644150
v -4.719732 0.426018 8.644150
v -4.919631 0.365380 8.644150
v -4.374029 0.657010 8.644150
v -4.535505 0.524490 8.644150
v -4.143036 1.002715 8.644150
v -4.241508 0.818487 8.644150
v -4.061923 1.410501 8.644150
v -4.082397 1.202613 8.644150
v -4.077651 1.203118 9.673750
v -4.056998 1.412808 9.673750
v -4.238141 0.815661 9.673750
v -4.138815 1.001486 9.673750
v -4.534688 0.519114 9.673750
v -4.371810 0.652784 9.673750
v -4.922144 0.358624 9.673750
v -4.720512 0.419788 9.673750
v -5.341525 0.358624 9.673750
v -5.131835 0.337972 9.673750
v -5.728981 0.519114 9.673750
v -5.543157 0.419788 9.673750
v -6.025527 0.815661 9.673750
v -5.891859 0.652784 9.673750
v -6.186018 1.203118 9.673750
v -6.124854 1.001485 9.673751
v -6.186018 1.622498 9.673750
v -6.206670 1.412808 9.673751
v -6.025527 2.009955 9.673750
v -6.124854 1.824129 9.673751
v -5.728981 2.306501 9.673750
v -5.891859 2.172832 9.673750
v -5.341525 2.466991 9.673750
v -5.543157 2.405827 9.673750
v -4.922144 2.466991 9.673750
v -5.131835 2.487644 9.673750
v -4.534688 2.306501 9.673750
v -4.720512 2.405827 9.673750
v -4.238141 2.009955 9.673750
v -4.371810 2.172832 9.673750
v -4.077651 1.622498 9.673750
v -4.138815 1.824129 9.673750
v -4.888405 2.629235 9.347710
v -4.655606 2.558616 9.347710
v -4.098671 2.101551 9.347710
v -3.983992 1.887002 9.347710
v -4.253004 2.289606 9.347710
v -4.441058 2.443937 9.347710
v -5.130509 2.653080 9.347710
v -5.605412 2.558616 9.347711
v -5.372612 2.629235 9.347710
v -6.008016 2.289605 9.347711
v -5.819962 2.443937 9.347711
v -6.277027 1.887002 9.347711
v -6.162346 2.101551 9.347711
v -6.371490 1.412099 9.347711
v -6.347645 1.654203 9.347711
v -6.277027 0.937196 9.347711
v -6.347645 1.169996 9.347711
v -6.008016 0.534593 9.347711
v -6.162347 0.722647 9.347711
v -5.605412 0.265583 9.347710
v -5.819962 0.380261 9.347711
v -5.130509 0.171118 9.347710
v -5.372612 0.194963 9.347710
v -4.655606 0.265583 9.347710
v -4.888405 0.194963 9.347710
v -4.253004 0.534593 9.347710
v -4.441058 0.380262 9.347710
v -3.983992 0.937197 9.347710
v -4.098671 0.722647 9.347710
v -3.913373 1.654203 9.347710
v -3.889528 1.412099 9.347710
v -3.913373 1.169996 9.347710
v -4.887435 2.624847 8.970190
v -4.655305 2.554431 8.970190
v -4.099971 2.098680 8.970190
v -3.985621 1.884747 8.970190
v -4.253860 2.286194 8.970190
v -4.441373 2.440083 8.970190
v -5.128843 2.648623 8.970190
v -5.602382 2.554431 8.970191
v -5.370252 2.624847 8.970190
v -6.003828 2.286193 8.970191
v -5.816315 2.440081 8.970191
v -6.272066 1.884747 8.970191
v -6.157715 2.098680 8.970191
v -6.366259 1.411209 8.970191
v -6.342482 1.652617 8.970191
v -6.272066 0.937671 8.970191
v -6.342482 1.169801 8.970191
v -6.003828 0.536225 8.970191
v -6.157716 0.723738 8.970191
v -5.602382 0.267987 8.970190
v -5.816315 0.382336 8.970191
v -5.128843 0.173794 8.970190
v -5.370252 0.197571 8.970190
v -4.655305 0.267987 8.970190
v -4.887436 0.197571 8.970190
v -4.253860 0.536225 8.970190
v -4.441372 0.382337 8.970190
v -3.985621 0.937671 8.970190
v -4.099971 0.723738 8.970190
v -3.915205 1.652616 8.970190
v -3.891429 1.411209 8.970190
v -3.915205 1.169801 8.970190
v -5.262264 2.099877 9.314966
v -5.235034 1.998253 9.453534
v -5.209621 1.903411 9.537695
v -5.170960 1.759125 9.560555
v -5.335034 1.971458 9.453534
v -5.362265 2.073082 9.314966
v -5.270960 1.732330 9.560555
v -5.309621 1.876616 9.537695
v -5.478109 1.451977 9.560555
v -5.622395 1.490638 9.537695
v -5.717237 1.516051 9.453534
v -5.818861 1.543281 9.314966
v -5.595600 1.590638 9.537695
v -5.451314 1.551977 9.560555
v -5.792066 1.643281 9.314966
v -5.690442 1.616051 9.453534
v -4.924593 1.693111 9.560555
v -4.818968 1.798736 9.537695
v -4.749539 1.868165 9.453534
v -4.675146 1.942559 9.314966
v -4.745763 1.725530 9.537695
v -4.851388 1.619906 9.560555
v -4.601941 1.869354 9.314964
v -4.676334 1.794960 9.453534
v -4.667883 1.234878 9.537695
v -4.812169 1.273539 9.560555
v -4.471417 1.182235 9.314964
v -4.573041 1.209465 9.453534
v -4.546247 1.309465 9.453534
v -4.444623 1.282235 9.314964
v -4.785375 1.373539 9.560555
v -4.641088 1.334878 9.537695
v -4.992522 1.093185 9.560555
v -4.953862 0.948900 9.537695
v -4.928449 0.854058 9.453534
v -4.901218 0.752434 9.314966
v -5.053862 0.922105 9.537695
v -5.092523 1.066390 9.560555
v -5.001218 0.725639 9.314966
v -5.028449 0.827263 9.453534
v -5.517719 1.099985 9.537695
v -5.412095 1.205609 9.560555
v -5.661542 0.956162 9.314966
v -5.587149 1.030556 9.453534
v -5.513944 0.957351 9.453534
v -5.588337 0.882957 9.314966
v -5.338890 1.132404 9.560555
v -5.444514 1.026780 9.537695
v -5.131742 1.612758 8.286282
v -5.231742 1.585963 8.286282
v -5.304947 1.512758 8.286282
v -5.331741 1.412758 8.286282
v -5.304947 1.312758 8.286282
v -5.231742 1.239553 8.286282
v -5.131742 1.212758 8.286282
v -5.031743 1.239553 8.286282
v -4.958538 1.312758 8.286282
v -4.931743 1.412758 8.286282
v -4.958538 1.512758 8.286282
v -5.031743 1.585963 8.286282
v -5.261743 1.637924 8.004702
v -5.131742 1.672758 8.004702
v -5.131742 1.672758 8.286235
v -5.356908 1.542758 8.004702
v -5.391741 1.412758 8.004702
v -5.356908 1.282758 8.004702
v -5.261743 1.187591 8.004702
v -5.131742 1.152758 8.004702
v -5.001742 1.187591 8.004702
v -4.906576 1.282758 8.004702
v -4.871742 1.412758 8.004702
v -4.906576 1.542758 8.004702
v -5.001742 1.637924 8.004702
v -5.261743 1.637924 8.286235
v -5.356908 1.542758 8.286235
v -5.391741 1.412758 8.286235
v -5.356908 1.282758 8.286235
v -5.261743 1.187591 8.286235
v -5.131742 1.152758 8.286235
v -5.001742 1.187591 8.286235
v -4.906576 1.282758 8.286235
v -4.871742 1.412758 8.286235
v -4.906576 1.542758 8.286235
v -5.001742 1.637924 8.286235
v -5.500661 2.303410 9.678949
v -5.319815 2.358268 9.678949
v -5.319815 0.467248 9.678949
v -5.500660 0.522107 9.678949
v -5.131742 2.376792 9.678949
v -5.667329 0.611193 9.678949
v -4.943667 2.358268 9.678949
v -5.813416 0.731083 9.678949
v -4.762822 2.303410 9.678949
v -5.933307 0.877170 9.678949
v -4.596152 2.214324 9.678949
v -6.022392 1.043838 9.678949
v -4.167707 1.412758 9.678948
v -4.186232 1.224684 9.678948
v -4.450067 2.094433 9.678949
v -6.077251 1.224684 9.678949
v -4.241090 1.043838 9.678948
v -4.330176 1.948346 9.678948
v -6.095776 1.412758 9.678949
v -4.330176 0.877170 9.678948
v -4.241090 1.781678 9.678948
v -6.077251 1.600832 9.678949
v -4.450067 0.731083 9.678948
v -4.186232 1.600832 9.678948
v -6.022392 1.781678 9.678949
v -4.596152 0.611193 9.678949
v -5.933307 1.948346 9.678949
v -4.762822 0.522107 9.678949
v -5.813416 2.094433 9.678949
v -4.943667 0.467248 9.678949
v -5.667329 2.214324 9.678949
v -5.131742 0.448724 9.678949
v -4.188502 1.224443 8.638950
v -4.243110 1.044426 8.638950
v -4.331788 0.878522 8.638950
v -4.451128 0.733106 8.638950
v -4.596544 0.613765 8.638950
v -4.762448 0.525087 8.638950
v -4.942465 0.470480 8.638950
v -5.129676 0.452041 8.638950
v -5.316887 0.470480 8.638950
v -5.496904 0.525087 8.638950
v -5.662808 0.613765 8.638950
v -5.808226 0.733106 8.638950
v -5.927566 0.878522 8.638950
v -6.016243 1.044426 8.638950
v -6.070850 1.224443 8.638950
v -6.089290 1.411654 8.638950
v -6.070850 1.598865 8.638950
v -6.016243 1.778882 8.638950
v -5.927566 1.944786 8.638950
v -5.808226 2.090203 8.638950
v -5.662808 2.209543 8.638950
v -5.496904 2.298221 8.638950
v -5.316887 2.352828 8.638950
v -5.129676 2.371267 8.638950
v -4.942465 2.352828 8.638950
v -4.762448 2.298221 8.638950
v -4.596544 2.209543 8.638950
v -4.451128 2.090203 8.638950
v -4.331788 1.944786 8.638950
v -4.243110 1.778882 8.638950
v -4.188502 1.598865 8.638950
v -4.170063 1.411654 8.638950
v -5.161743 1.724724 9.391960
v -5.217237 1.931828 9.359145
v -5.227420 1.969836 9.325417
v -5.266505 2.115704 9.126520
v -5.317236 1.905033 9.359145
v -5.261743 1.697929 9.391960
v -5.366506 2.088909 9.126520
v -5.327421 1.943041 9.325418
v -5.834689 1.547522 9.126520
v -5.688819 1.508437 9.325418
v -5.650812 1.498252 9.359145
v -5.443707 1.442759 9.391960
v -5.416913 1.542759 9.391960
v -5.624016 1.598252 9.359145
v -5.662024 1.608436 9.325418
v -5.807893 1.647522 9.126520
v -4.663559 1.954145 9.126520
v -4.770342 1.847362 9.325417
v -4.798166 1.819538 9.359145
v -4.949777 1.667928 9.391960
v -4.697137 1.774157 9.325417
v -4.590354 1.880940 9.126520
v -4.876572 1.594723 9.391960
v -4.724961 1.746333 9.359145
v -4.612671 1.327263 9.359145
v -4.819776 1.382756 9.391960
v -4.428795 1.277994 9.126520
v -4.574664 1.317079 9.325417
v -4.601459 1.217079 9.325417
v -4.455590 1.177994 9.126520
v -4.846570 1.282756 9.391960
v -4.639466 1.227263 9.359145
v -4.896977 0.736606 9.126520
v -4.936062 0.882475 9.325418
v -4.946248 0.920483 9.359145
v -5.001740 1.127586 9.391960
v -5.036062 0.855680 9.325418
v -4.996977 0.709811 9.126520
v -5.101740 1.100791 9.391960
v -5.046247 0.893688 9.359145
v -5.386911 1.230793 9.391960
v -5.538521 1.079182 9.359145
v -5.566347 1.051358 9.325418
v -5.673130 0.944575 9.126520
v -5.465316 1.005977 9.359145
v -5.313706 1.157588 9.391960
v -5.599925 0.871370 9.126520
v -5.493142 0.978153 9.325418
vn -0.3827 0.9239 -0.0000
vn -0.7071 0.7071 -0.0000
vn 0.1482 -0.9889 0.0067
vn -0.0015 -1.0000 -0.0019
vn 0.4262 -0.9046 -0.0067
vn -0.3396 -0.9406 0.0044
vn 0.0461 0.9989 0.0042
vn -0.3396 0.9406 -0.0044
vn -0.3827 -0.9239 -0.0000
vn 0.1951 0.9807 -0.0087
vn -0.7390 -0.6737 -0.0044
vn 0.5153 0.8570 0.0063
vn 0.7071 0.7071 -0.0091
vn -0.9233 -0.3840 0.0019
vn -0.7071 -0.7071 -0.0000
vn 0.8323 0.5543 0.0019
vn 0.9808 -0.1951 -0.0000
vn 0.8049 -0.5934 -0.0044
vn -1.0000 0.0015 0.0019
vn -0.9807 -0.1951 -0.0091
vn 0.8315 -0.5556 -0.0000
vn 0.9707 0.2402 -0.0044
vn -0.9405 0.3396 -0.0044
vn -0.9239 0.3827 -0.0000
vn 0.5568 -0.8307 0.0019
vn 0.9808 0.1951 -0.0000
vn -0.0000 -0.0000 -1.0000
vn -0.0000 -0.0000 1.0000
vn -0.0000 -1.0000 -0.0000
vn 0.1951 -0.9808 -0.0000
vn -0.1951 -0.9808 -0.0000
vn 0.3827 -0.9239 -0.0000
vn -0.5556 -0.8315 -0.0000
vn 0.5556 -0.8315 -0.0000
vn 0.7071 -0.7071 -0.0000
vn -0.8315 -0.5556 -0.0000
vn -0.9239 -0.3827 -0.0000
vn 0.9239 -0.3827 -0.0000
vn -0.9808 -0.1951 -0.0000
vn 1.0000 -0.0000 -0.0000
vn -1.0000 -0.0000 -0.0000
vn -0.9808 0.1951 -0.0000
vn 0.9239 0.3827 -0.0000
vn 0.8315 0.5556 -0.0000
vn -0.8315 0.5556 -0.0000
vn 0.7071 0.7071 -0.0000
vn -0.5556 0.8315 -0.0000
vn 0.5556 0.8315 -0.0000
vn 0.3827 0.9239 -0.0000
vn -0.1951 0.9808 -0.0000
vn 0.1951 0.9808 -0.0000
vn -0.0000 1.0000 -0.0000
vn -0.0007 -0.0004 1.0000
vn -0.0008 -0.0000 1.0000
vn 0.0007 0.0004 1.0000
vn 0.0004 0.0007 1.0000
vn -0.0004 0.0007 1.0000
vn -0.0000 0.0008 1.0000
vn 0.0004 -0.0007 1.0000
vn 0.0007 -0.0004 1.0000
vn -0.0004 -0.0007 1.0000
vn -0.0007 0.0004 1.0000
vn 0.0008 -0.0000 1.0000
vn -0.0000 -0.0008 1.0000
vn 0.4210 0.9071 -0.0000
vn 0.0890 0.9960 -0.0000
vn 0.9960 0.0890 -0.0000
vn 0.9071 0.4210 -0.0000
vn 0.5751 -0.8181 -0.0000
vn 0.8181 -0.5751 -0.0000
vn 0.3805 -0.1020 -0.9191
vn 0.1219 -0.0327 -0.9920
vn -0.4210 -0.9071 -0.0000
vn -0.0890 -0.9960 -0.0000
vn -0.9960 -0.0890 -0.0000
vn -0.9071 -0.4210 -0.0000
vn -0.5751 0.8181 -0.0000
vn -0.8181 0.5751 -0.0000
vn 0.6806 0.6806 0.2714
vn 0.9659 -0.2588 -0.0000
vn 0.9297 -0.2491 0.2714
vn 0.2588 -0.9659 -0.0000
vn 0.2491 -0.9297 0.2714
vn -0.6806 -0.6806 0.2714
vn -0.9659 0.2588 -0.0000
vn -0.9297 0.2491 0.2714
vn -0.2491 0.9297 0.2714
vn -0.2588 0.9659 -0.0000
vn -0.5838 -0.5838 0.5643
vn 0.7974 -0.2137 0.5643
vn 0.2785 0.2785 -0.9191
vn 0.0892 0.0892 -0.9920
vn 0.2588 0.9659 -0.0000
vn 0.1020 -0.3805 -0.9191
vn 0.0327 -0.1219 -0.9920
vn -0.3805 0.1020 -0.9191
vn -0.1219 0.0327 -0.9920
vn 0.2785 0.2785 0.9191
vn 0.0892 0.0892 0.9920
vn -0.3805 0.1020 0.9191
vn -0.1219 0.0327 0.9920
vn 0.9659 0.2588 -0.0000
vn 0.8270 -0.2216 -0.5167
vn 0.8753 -0.2345 -0.4229
vn 0.2216 -0.8270 -0.5167
vn 0.2345 -0.8753 -0.4229
vn 0.1020 -0.3805 0.9191
vn 0.0327 -0.1219 0.9920
vn -0.1080 0.4029 0.9089
vn -0.1884 0.7029 0.6859
vn -0.2588 -0.9659 -0.0000
vn -0.6054 -0.6054 -0.5167
vn -0.6408 -0.6408 -0.4229
vn 0.4029 -0.1080 -0.9089
vn 0.7029 -0.1884 -0.6859
vn -0.7974 0.2137 0.5643
vn 0.3805 -0.1020 0.9191
vn 0.1219 -0.0327 0.9920
vn -0.4029 0.1080 0.9089
vn -0.7029 0.1884 0.6859
vn -0.2949 -0.2949 -0.9089
vn -0.5146 -0.5146 -0.6859
vn 0.5838 0.5838 0.5643
vn -0.2785 -0.2785 0.9191
vn -0.0892 -0.0892 0.9920
vn 0.2949 0.2949 0.9089
vn 0.5146 0.5146 0.6859
vn -0.4029 0.1080 -0.9089
vn -0.7029 0.1884 -0.6859
vn 0.4029 -0.1080 0.9089
vn 0.7029 -0.1884 0.6859
vn -0.8270 0.2216 -0.5167
vn -0.8753 0.2345 -0.4229
vn -0.2216 0.8270 -0.5167
vn -0.2345 0.8753 -0.4229
vn -0.9659 -0.2588 -0.0000
vn -0.1080 0.4029 -0.9089
vn -0.1884 0.7029 -0.6859
vn 0.2137 -0.7974 0.5643
vn -0.1020 0.3805 0.9191
vn -0.0327 0.1219 0.9920
vn 0.1080 -0.4029 0.9089
vn 0.1884 -0.7029 0.6859
vn -0.2949 -0.2949 0.9089
vn -0.5146 -0.5146 0.6859
vn 0.6054 0.6054 -0.5167
vn 0.6408 0.6408 -0.4229
vn -0.2785 -0.2785 -0.9191
vn -0.0892 -0.0892 -0.9920
vn 0.2949 0.2949 -0.9089
vn 0.5146 0.5146 -0.6859
vn 0.5000 0.8660 -0.0000
vn 0.8181 0.5751 -0.0000
vn 0.9960 -0.0890 -0.0000
vn 0.8660 -0.5000 -0.0000
vn 0.5000 -0.8660 -0.0000
vn 0.0890 -0.9960 -0.0000
vn -0.5751 -0.8181 -0.0000
vn -0.8660 -0.5000 -0.0000
vn -0.9071 0.4210 -0.0000
vn -0.4210 0.9071 -0.0000
vn -0.2137 0.7974 0.5643
vn 0.8660 0.5000 -0.0000
vn -0.5000 -0.8660 -0.0000
vn -0.8660 0.5000 -0.0000
vn -0.5000 0.8660 -0.0000
vn 0.1883 -0.7029 -0.6859
vn -0.1020 0.3805 -0.9191
vn -0.0327 0.1219 -0.9920
vn 0.1080 -0.4029 -0.9089
vn 0.1079 -0.4029 -0.9089
vn 0.0392 0.0119 -0.9992
vn 0.0407 -0.0040 -0.9992
vn 0.0391 0.0119 -0.9992
vn 0.0317 0.0260 -0.9992
vn 0.0316 0.0259 -0.9992
vn 0.0193 0.0362 -0.9992
vn 0.0193 0.0361 -0.9992
vn 0.0040 0.0408 -0.9992
vn -0.0119 0.0393 -0.9992
vn -0.0119 0.0392 -0.9992
vn -0.0261 0.0318 -0.9992
vn -0.0260 0.0317 -0.9992
vn -0.0362 0.0194 -0.9992
vn -0.0409 0.0040 -0.9992
vn -0.0393 -0.0119 -0.9992
vn -0.0317 -0.0260 -0.9992
vn -0.0193 -0.0361 -0.9992
vn -0.0193 -0.0362 -0.9992
vn -0.0040 -0.0407 -0.9992
vn -0.0040 -0.0408 -0.9992
vn 0.0119 -0.0391 -0.9992
vn 0.0119 -0.0392 -0.9992
vn 0.0259 -0.0316 -0.9992
vn 0.0361 -0.0193 -0.9992
vn 0.0360 -0.0193 -0.9992
vn -0.0118 0.0388 0.9992
vn -0.0191 -0.0358 0.9992
vn -0.0040 -0.0405 0.9992
vn -0.0192 -0.0359 0.9992
vn 0.0040 0.0404 0.9992
vn -0.0313 -0.0257 0.9992
vn -0.0314 -0.0258 0.9992
vn 0.0192 0.0359 0.9992
vn -0.0388 -0.0118 0.9992
vn 0.0405 -0.0040 0.9992
vn 0.0191 0.0358 0.9992
vn 0.0315 0.0258 0.9992
vn 0.0359 -0.0192 0.9992
vn 0.0314 0.0258 0.9992
vn -0.0403 0.0040 0.9992
vn 0.0390 0.0118 0.9992
vn -0.0404 0.0040 0.9992
vn 0.0258 -0.0315 0.9992
vn 0.0389 0.0118 0.9992
vn -0.0357 0.0191 0.9992
vn 0.0118 -0.0389 0.9992
vn 0.0118 -0.0390 0.9992
vn -0.0257 0.0313 0.9992
vn -0.0040 -0.0404 0.9992
vn 0.2874 0.9476 0.1397
vn 0.2780 0.9165 0.2875
vn 0.2875 0.9477 0.1389
vn 0.8729 0.4666 0.1429
vn 0.8439 0.4511 0.2904
vn 0.8730 0.4666 0.1422
vn -0.3832 0.9236 -0.0039
vn -0.3822 0.9241 -0.0037
vn -0.3820 0.9241 -0.0037
vn 0.6280 0.7652 0.1414
vn 0.6073 0.7400 0.2890
vn 0.6281 0.7653 0.1406
vn 0.1945 -0.9809 0.0031
vn 0.1935 -0.9811 0.0034
vn 0.1947 -0.9809 0.0030
vn -0.3808 0.9246 -0.0041
vn -0.3806 0.9247 -0.0042
vn -0.0719 0.0877 -0.9936
vn -0.0719 0.0876 -0.9936
vn -0.5556 -0.8314 -0.0005
vn -0.5555 -0.8315 -0.0005
vn 0.1075 0.0326 0.9937
vn -0.7658 0.6285 0.1360
vn -0.7411 0.6082 0.2844
vn -0.7658 0.6285 0.1359
vn -0.4670 0.8736 0.1368
vn -0.4519 0.8454 0.2849
vn -0.4670 0.8737 0.1364
vn -0.0971 0.9856 0.1381
vn -0.0939 0.9536 0.2860
vn -0.0971 0.9857 0.1374
vn 0.5561 -0.8311 0.0044
vn 0.5551 -0.8318 0.0042
vn 0.5562 -0.8310 0.0044
vn -0.5554 -0.8316 -0.0005
vn -0.9539 -0.0940 0.2849
vn -0.9858 -0.0971 0.1368
vn -0.9859 -0.0971 0.1364
vn -0.9174 0.2783 0.2844
vn -0.9480 0.2876 0.1360
vn -0.9481 0.2876 0.1359
vn 0.5549 -0.8319 0.0043
vn 0.5536 -0.8327 0.0047
vn -0.0329 0.1084 -0.9936
vn -0.6076 -0.7404 0.2875
vn -0.6282 -0.7654 0.1397
vn -0.6282 -0.7655 0.1389
vn -0.8451 -0.4517 0.2860
vn -0.8735 -0.4669 0.1381
vn -0.8736 -0.4669 0.1374
vn 0.3826 0.9239 -0.0005
vn 0.3827 0.9239 -0.0005
vn 0.3828 0.9238 -0.0005
vn 0.0868 0.0712 0.9937
vn -0.9242 0.3820 -0.0050
vn -0.9236 0.3833 -0.0048
vn -0.9235 0.3835 -0.0048
vn 0.3829 0.9238 -0.0005
vn 0.7393 -0.6067 0.2921
vn 0.7649 -0.6277 0.1444
vn 0.7649 -0.6278 0.1443
vn 0.4509 -0.8436 0.2915
vn 0.4665 -0.8727 0.1439
vn 0.4665 -0.8728 0.1435
vn 0.0938 -0.9523 0.2904
vn 0.0970 -0.9850 0.1429
vn 0.0970 -0.9851 0.1422
vn -0.2779 -0.9161 0.2890
vn -0.2874 -0.9473 0.1414
vn -0.2874 -0.9474 0.1406
vn 0.9848 0.0970 0.1439
vn 0.9520 0.0938 0.2915
vn 0.9849 0.0970 0.1435
vn -0.9229 0.3851 -0.0054
vn -0.9228 0.3854 -0.0054
vn 0.9469 -0.2872 0.1444
vn 0.9152 -0.2776 0.2921
vn 0.9469 -0.2872 0.1443
vn 0.0111 0.1127 -0.9936
vn -0.8317 -0.5553 -0.0024
vn -0.8313 -0.5558 -0.0023
vn -0.8317 -0.5552 -0.0024
vn 0.0529 0.0989 0.9937
vn 0.9131 -0.2770 -0.2992
vn 0.9458 -0.2869 -0.1519
vn 0.9459 -0.2869 -0.1518
vn 0.9809 -0.1944 0.0048
vn 0.9807 -0.1957 0.0046
vn 0.9809 -0.1943 0.0048
vn -0.8312 -0.5559 -0.0023
vn -0.8308 -0.5566 -0.0025
vn 0.9494 0.0935 -0.2997
vn 0.9835 0.0969 -0.1527
vn 0.9836 0.0969 -0.1523
vn -0.2867 -0.9453 -0.1556
vn -0.2767 -0.9122 -0.3022
vn -0.2868 -0.9454 -0.1548
vn 0.0968 -0.9833 -0.1540
vn 0.0935 -0.9491 -0.3008
vn 0.0969 -0.9834 -0.1533
vn 0.4659 -0.8716 -0.1527
vn 0.4497 -0.8414 -0.2997
vn 0.4659 -0.8716 -0.1523
vn 0.7640 -0.6270 -0.1519
vn 0.7376 -0.6053 -0.2992
vn 0.7641 -0.6270 -0.1518
vn 0.9806 -0.1960 0.0046
vn 0.9803 -0.1975 0.0051
vn 0.0533 0.0998 -0.9936
vn 0.7073 0.7069 0.0015
vn 0.7070 0.7072 0.0014
vn 0.7069 0.7073 0.0014
vn 0.0110 0.1115 0.9937
vn -0.1949 -0.9808 0.0015
vn -0.1943 -0.9809 0.0016
vn -0.1942 -0.9810 0.0016
vn 0.7066 0.7076 0.0016
vn 0.7065 0.7077 0.0016
vn -0.0004 1.0000 -0.0024
vn -0.0012 1.0000 -0.0025
vn 0.0874 0.0717 -0.9936
vn -0.8707 -0.4654 -0.1587
vn -0.8399 -0.4489 -0.3052
vn -0.8708 -0.4655 -0.1580
vn -0.6265 -0.7634 -0.1573
vn -0.6044 -0.7365 -0.3038
vn -0.6266 -0.7635 -0.1564
vn -0.9809 -0.1945 -0.0039
vn -0.9807 -0.1956 -0.0037
vn -0.0325 0.1072 0.9937
vn 0.1956 -0.9807 0.0032
vn 0.1967 -0.9805 0.0034
vn 0.1969 -0.9804 0.0034
vn -0.9806 -0.1958 -0.0037
vn -0.9804 -0.1971 -0.0042
vn -0.9446 0.2865 -0.1603
vn -0.9108 0.2763 -0.3068
vn -0.9446 0.2865 -0.1601
vn -0.9824 -0.0968 -0.1598
vn -0.9474 -0.0933 -0.3062
vn -0.9825 -0.0968 -0.1593
vn -0.5558 -0.8313 -0.0005
vn 0.1081 0.0328 -0.9936
vn 0.9241 0.3822 0.0032
vn 0.9237 0.3831 0.0030
vn 0.9237 0.3832 0.0031
vn -0.0710 0.0865 0.9937
vn -0.0933 0.9477 -0.3052
vn -0.0968 0.9826 -0.1587
vn -0.0968 0.9827 -0.1580
vn -0.4488 0.8396 -0.3062
vn -0.4653 0.8706 -0.1598
vn -0.4487 0.8396 -0.3062
vn -0.4654 0.8707 -0.1593
vn -0.7357 0.6038 -0.3068
vn -0.7630 0.6262 -0.1603
vn -0.7630 0.6262 -0.1601
vn 0.3824 0.9240 -0.0005
vn 0.9232 0.3842 0.0034
vn 0.9232 0.3844 0.0034
vn -0.8322 -0.5545 -0.0025
vn -0.8322 -0.5544 -0.0025
vn -0.9806 0.1958 -0.0048
vn -0.9809 0.1945 -0.0046
vn -0.9806 0.1959 -0.0048
vn -0.0987 0.0528 0.9937
vn 0.7076 0.7066 0.0015
vn -0.9809 0.1942 -0.0046
vn -0.9813 0.1926 -0.0051
vn -0.9812 -0.1931 -0.0041
vn -0.9812 -0.1929 -0.0042
vn 1.0000 -0.0007 0.0044
vn 1.0000 0.0006 0.0042
vn 1.0000 0.0008 0.0043
vn -0.1114 0.0110 0.9937
vn 0.6047 0.7369 -0.3022
vn 0.6267 0.7636 -0.1556
vn 0.6267 0.7637 -0.1548
vn 0.9245 0.3812 0.0034
vn 1.0000 0.0023 0.0047
vn 1.0000 0.0026 0.0048
vn 0.8411 0.4496 -0.3008
vn 0.8714 0.4658 -0.1540
vn 0.8715 0.4658 -0.1533
vn 0.2766 0.9117 -0.3037
vn 0.2867 0.9450 -0.1573
vn 0.2867 0.9452 -0.1564
vn 0.7529 0.6179 0.2269
vn 0.6889 0.5654 0.4535
vn 0.7531 0.6180 0.2256
vn 0.4593 0.8592 0.2253
vn 0.4204 0.7866 0.4523
vn 0.4594 0.8595 0.2239
vn 0.0955 0.9700 0.2236
vn 0.0875 0.8882 0.4510
vn 0.0956 0.9703 0.2223
vn -0.2830 0.9330 0.2221
vn -0.2592 0.8546 0.4500
vn -0.2831 0.9333 0.2211
vn -0.6187 0.7539 0.2209
vn -0.5668 0.6906 0.4493
vn -0.6188 0.7540 0.2204
vn -0.8602 0.4598 0.2204
vn -0.7880 0.4212 0.4490
vn -0.8891 0.0876 0.4493
vn -0.9706 0.0956 0.2209
vn -0.9707 0.0956 0.2204
vn -0.8546 -0.2592 0.4500
vn -0.9330 -0.2830 0.2221
vn -0.9333 -0.2831 0.2211
vn -0.6899 -0.5662 0.4510
vn -0.7534 -0.6183 0.2236
vn -0.7537 -0.6185 0.2223
vn -0.4204 -0.7866 0.4523
vn -0.4593 -0.8592 0.2253
vn -0.4594 -0.8595 0.2239
vn -0.0874 -0.8869 0.4535
vn -0.0955 -0.9692 0.2269
vn -0.0955 -0.9695 0.2256
vn 0.2586 -0.8523 0.4546
vn 0.2826 -0.9317 0.2281
vn 0.2827 -0.9319 0.2271
vn 0.5648 -0.6882 0.4553
vn 0.6176 -0.7525 0.2288
vn 0.6176 -0.7526 0.2282
vn 0.7851 -0.4196 0.4556
vn 0.8585 -0.4589 0.2288
vn 0.9688 -0.0954 0.2288
vn 0.8860 -0.0873 0.4553
vn 0.9689 -0.0954 0.2282
vn 0.9317 0.2826 0.2281
vn 0.8523 0.2586 0.4546
vn 0.9319 0.2827 0.2271
vn 0.8486 0.2574 -0.4622
vn 0.9295 0.2820 -0.2377
vn 0.9297 0.2820 -0.2367
vn 0.8829 -0.0870 -0.4615
vn 0.9669 -0.0952 -0.2366
vn 0.9671 -0.0952 -0.2361
vn 0.8570 -0.4581 -0.2360
vn 0.7825 -0.4183 -0.4612
vn 0.6164 -0.7511 -0.2366
vn 0.5628 -0.6858 -0.4615
vn 0.6165 -0.7512 -0.2361
vn 0.2820 -0.9295 -0.2377
vn 0.2574 -0.8486 -0.4622
vn 0.2820 -0.9297 -0.2367
vn -0.0952 -0.9663 -0.2392
vn -0.0869 -0.8820 -0.4632
vn -0.0952 -0.9666 -0.2380
vn -0.4575 -0.8560 -0.2409
vn -0.4175 -0.7810 -0.4645
vn -0.4175 -0.7810 -0.4644
vn -0.4577 -0.8563 -0.2395
vn -0.7499 -0.6155 -0.2424
vn -0.6841 -0.5614 -0.4657
vn -0.7502 -0.6157 -0.2412
vn -0.9281 -0.2815 -0.2437
vn -0.8463 -0.2567 -0.4667
vn -0.9283 -0.2816 -0.2427
vn -0.9650 0.0950 -0.2443
vn -0.8798 0.0867 -0.4674
vn -0.9652 0.0951 -0.2438
vn -0.7795 0.4167 -0.4676
vn -0.8552 0.4571 -0.2444
vn -0.5608 0.6834 -0.4674
vn -0.6152 0.7496 -0.2443
vn -0.6152 0.7497 -0.2438
vn -0.2567 0.8463 -0.4667
vn -0.2815 0.9281 -0.2436
vn -0.2816 0.9283 -0.2427
vn 0.0867 0.8807 -0.4657
vn 0.0951 0.9655 -0.2424
vn 0.0951 0.9658 -0.2412
vn 0.4175 0.7810 -0.4645
vn 0.4575 0.8560 -0.2409
vn 0.4577 0.8563 -0.2395
vn 0.6851 0.5622 -0.4632
vn 0.7506 0.6160 -0.2392
vn 0.7508 0.6162 -0.2380
vn -0.1000 0.0535 -0.9935
vn -0.7065 0.7077 -0.0046
vn -0.7053 0.7089 -0.0051
vn -0.7051 0.7091 -0.0052
vn 0.0004 1.0000 -0.0023
vn 0.0012 1.0000 -0.0025
vn 0.0014 1.0000 -0.0026
vn -0.7076 0.7066 -0.0048
vn -0.7067 0.7075 -0.0046
vn 0.0003 1.0000 -0.0023
vn -0.1129 0.0111 -0.9935
vn 0.8310 -0.5563 0.0048
vn 0.8300 -0.5577 0.0054
vn 0.8311 -0.5561 0.0048
vn -0.1954 -0.9807 0.0014
vn -0.1958 -0.9806 0.0016
vn -0.1953 -0.9807 0.0014
vn 0.8319 -0.5549 0.0050
vn -0.1948 -0.9808 0.0015
vn -0.1085 -0.0329 -0.9936
vn -1.0000 0.0008 -0.0043
vn -1.0000 0.0023 -0.0048
vn -1.0000 0.0026 -0.0048
vn -1.0000 -0.0007 -0.0044
vn -1.0000 0.0006 -0.0042
vn -0.0875 -0.0718 -0.9936
vn -0.9241 -0.3821 -0.0031
vn -0.9245 -0.3811 -0.0034
vn -0.9246 -0.3810 -0.0035
vn -0.9237 -0.3831 -0.0032
vn -0.9240 -0.3823 -0.0030
vn -0.0533 -0.0998 -0.9936
vn 0.9809 0.1944 0.0037
vn 0.9812 0.1931 0.0042
vn 0.9809 0.1946 0.0037
vn 0.9807 0.1957 0.0039
vn 0.9806 0.1957 0.0039
vn -0.0111 -0.1125 -0.9936
vn -0.7073 -0.7069 -0.0014
vn -0.7076 -0.7066 -0.0016
vn -0.7077 -0.7065 -0.0016
vn -0.7069 -0.7073 -0.0014
vn -0.7072 -0.7070 -0.0014
vn 0.9813 -0.1926 0.0051
vn 0.9813 -0.1924 0.0051
vn 0.0328 -0.1081 -0.9936
vn 0.8317 0.5552 0.0023
vn 0.8321 0.5546 0.0025
vn 0.8316 0.5553 0.0023
vn -0.9248 0.3803 -0.0053
vn -0.9242 0.3819 -0.0050
vn 0.8313 0.5559 0.0024
vn 0.8312 0.5559 0.0024
vn 0.5575 -0.8302 0.0047
vn 0.5577 -0.8300 0.0047
vn 0.0716 -0.0873 -0.9936
vn -0.3826 -0.9239 0.0005
vn -0.3825 -0.9240 0.0005
vn -0.3824 -0.9240 0.0005
vn -0.3845 0.9231 -0.0041
vn -0.3833 0.9236 -0.0039
vn -0.3827 -0.9239 0.0005
vn -0.7089 0.7053 -0.0051
vn -0.7077 0.7065 -0.0048
vn 0.0996 -0.0532 -0.9936
vn 0.5557 0.8314 0.0005
vn 0.5558 0.8313 0.0005
vn 0.5556 0.8314 0.0005
vn 0.8329 -0.5534 0.0053
vn 0.8331 -0.5532 0.0054
vn 0.5555 0.8315 0.0005
vn -1.0000 -0.0023 -0.0047
vn 0.1124 -0.0111 -0.9936
vn 0.0004 -1.0000 0.0023
vn 0.0012 -1.0000 0.0025
vn 0.0014 -1.0000 0.0026
vn -0.9232 -0.3842 -0.0034
vn -0.9237 -0.3832 -0.0032
vn 0.1119 -0.0110 0.9937
vn -0.0004 -1.0000 0.0024
vn 0.0003 -1.0000 0.0023
vn 0.9804 0.1971 0.0041
vn 0.9803 0.1973 0.0042
vn 0.1948 0.9808 -0.0014
vn 0.1943 0.9809 -0.0016
vn 0.1949 0.9808 -0.0014
vn -0.7066 -0.7076 -0.0015
vn -0.7069 -0.7073 -0.0015
vn 0.0991 -0.0530 0.9937
vn 0.1953 0.9807 -0.0014
vn 0.1953 0.9807 -0.0015
vn 0.8308 0.5566 0.0025
vn 0.8307 0.5567 0.0025
vn 0.3833 -0.9236 0.0037
vn 0.3845 -0.9231 0.0042
vn 0.3848 -0.9230 0.0042
vn -0.3829 -0.9238 0.0005
vn -0.3828 -0.9239 0.0005
vn 0.0713 -0.0869 0.9937
vn 0.3821 -0.9241 0.0039
vn 0.3831 -0.9237 0.0037
vn 0.5554 0.8316 0.0005
vn 0.5553 0.8316 0.0005
vn -0.1957 0.9807 -0.0031
vn -0.1967 0.9805 -0.0034
vn -0.1955 0.9807 -0.0030
vn -0.0012 -1.0000 0.0025
vn 0.0326 -0.1075 0.9937
vn -0.1946 0.9809 -0.0032
vn 0.1958 0.9806 -0.0015
vn 0.1959 0.9806 -0.0016
vn 0.7077 -0.7065 0.0046
vn 0.7089 -0.7053 0.0051
vn 0.7091 -0.7051 0.0052
vn 0.3808 -0.9246 0.0041
vn -0.0110 -0.1117 0.9937
vn 0.7066 -0.7076 0.0048
vn 0.7075 -0.7067 0.0046
vn -0.1935 0.9811 -0.0034
vn -0.1933 0.9811 -0.0034
vn -0.5562 0.8310 -0.0043
vn -0.5575 0.8302 -0.0048
vn -0.5561 0.8311 -0.0042
vn 0.7053 -0.7089 0.0051
vn 0.7065 -0.7077 0.0048
vn -0.0529 -0.0989 0.9937
vn -0.5550 0.8318 -0.0044
vn -0.5549 0.8319 -0.0044
vn -0.5537 0.8327 -0.0047
vn -0.5534 0.8329 -0.0047
vn 0.9242 -0.3818 0.0048
vn 0.9249 -0.3803 0.0054
vn 0.9250 -0.3800 0.0054
vn 0.9236 -0.3834 0.0050
vn 0.9229 -0.3851 0.0053
vn 0.9235 -0.3835 0.0050
vn -0.0866 -0.0711 0.9937
vn 0.9241 -0.3821 0.0048
vn -0.8310 0.5562 -0.0050
vn -0.8300 0.5577 -0.0053
vn -0.8299 0.5580 -0.0054
vn -0.8320 0.5548 -0.0048
vn -0.8329 0.5534 -0.0054
vn -0.8318 0.5550 -0.0048
vn 1.0000 -0.0023 0.0047
vn -0.1072 -0.0325 0.9937
vn -0.8310 0.5563 -0.0050
vn -0.9803 0.1975 -0.0051
vn -0.9802 0.1978 -0.0052
vn 0.1933 -0.9811 0.0034
vn -0.5553 -0.8316 -0.0005
vn 0.5534 -0.8329 0.0048
vn -0.8307 -0.5567 -0.0026
vn 0.9802 -0.1978 0.0052
vn -0.0014 1.0000 -0.0025
vn -0.9803 -0.1973 -0.0042
vn 0.7077 0.7065 0.0016
vn -0.9813 0.1924 -0.0052
vn 0.9246 0.3810 0.0034
vn -0.1128 0.0111 -0.9935
vn 0.8298 -0.5580 0.0054
vn -0.1959 -0.9806 0.0016
vn 0.9812 0.1929 0.0042
vn 0.8322 0.5544 0.0026
vn -0.9250 0.3800 -0.0053
vn -0.3847 0.9230 -0.0042
vn -0.7090 0.7051 -0.0051
vn -1.0000 -0.0025 -0.0047
vn -0.9232 -0.3844 -0.0034
vn 0.1943 0.9810 -0.0016
vn -0.7065 -0.7077 -0.0016
vn -0.1969 0.9804 -0.0035
vn -0.0014 -1.0000 0.0025
vn 0.3806 -0.9247 0.0041
vn -0.5577 0.8300 -0.0048
vn 0.7051 -0.7091 0.0051
vn 0.9228 -0.3853 0.0054
vn -0.8331 0.5532 -0.0054
vn 1.0000 -0.0025 0.0047
vt 0.041319 0.640085
vt 0.048123 0.567897
vt 0.048068 0.640090
vt 0.091856 0.640067
vt 0.088455 0.567875
vt 0.095205 0.567872
vt 0.081814 0.640078
vt 0.034570 0.640080
vt 0.041374 0.567892
vt 0.081706 0.567885
vt 0.031332 0.567879
vt 0.074957 0.567895
vt 0.024528 0.640068
vt 0.021290 0.567867
vt 0.068316 0.640098
vt 0.075065 0.640088
vt 0.017778 0.640055
vt 0.112104 0.640045
vt 0.105247 0.567862
vt 0.111996 0.567852
vt 0.061567 0.640100
vt 0.064915 0.567905
vt 0.105355 0.640055
vt 0.011247 0.567842
vt 0.054872 0.567902
vt 0.054817 0.640095
vt 0.098605 0.640065
vt 0.118745 0.567842
vt 0.118853 0.640035
vt 0.203386 0.653880
vt 0.252675 0.674297
vt 0.216271 0.718655
vt 0.247843 0.705742
vt 0.199276 0.710525
vt 0.199276 0.657175
vt 0.011029 0.640034
vt 0.186631 0.674296
vt 0.192978 0.662422
vt 0.223036 0.649972
vt 0.235920 0.653880
vt 0.246328 0.662422
vt 0.252675 0.694331
vt 0.241545 0.710989
vt 0.229670 0.717336
vt 0.197762 0.710989
vt 0.186631 0.694331
vt 0.211151 0.650828
vt 0.224551 0.649509
vt 0.237435 0.653417
vt 0.247843 0.661959
vt 0.254190 0.673833
vt 0.254190 0.693868
vt 0.237435 0.714284
vt 0.224550 0.718192
vt 0.211151 0.716872
vt 0.190735 0.700117
vt 0.186826 0.687233
vt 0.190735 0.667583
vt 0.463198 0.188097
vt 0.370971 0.188097
vt 0.463198 0.172459
vt 0.463198 0.203734
vt 0.370971 0.172460
vt 0.370971 0.203734
vt 0.463198 0.156822
vt 0.463198 0.219372
vt 0.370971 0.156822
vt 0.370971 0.219372
vt 0.463198 0.235009
vt 0.370971 0.235009
vt 0.463198 0.141185
vt 0.370971 0.141185
vt 0.463198 0.250647
vt 0.370971 0.250647
vt 0.463198 0.125547
vt 0.370971 0.125547
vt 0.463198 0.109910
vt 0.463198 0.266284
vt 0.370971 0.109910
vt 0.370971 0.266284
vt 0.463198 0.281921
vt 0.463197 0.094272
vt 0.370971 0.094272
vt 0.370971 0.281921
vt 0.463198 0.078635
vt 0.370971 0.297559
vt 0.370971 0.078635
vt 0.463198 0.297559
vt 0.463197 0.062998
vt 0.370971 0.062998
vt 0.463198 0.313196
vt 0.370971 0.313196
vt 0.463198 0.328834
vt 0.463197 0.047360
vt 0.370971 0.047360
vt 0.370971 0.328834
vt 0.463198 0.344471
vt 0.370971 0.344471
vt 0.463197 0.031723
vt 0.370971 0.547757
vt 0.370971 0.532120
vt 0.463197 0.532120
vt 0.463197 0.516482
vt 0.463198 0.360108
vt 0.370971 0.516482
vt 0.370971 0.360108
vt 0.463197 0.500845
vt 0.463198 0.375746
vt 0.370971 0.375746
vt 0.370971 0.500845
vt 0.463198 0.391383
vt 0.463198 0.485208
vt 0.370971 0.391383
vt 0.370971 0.485208
vt 0.463198 0.407021
vt 0.463198 0.469570
vt 0.370971 0.407021
vt 0.370971 0.469570
vt 0.463198 0.422658
vt 0.463198 0.453933
vt 0.370971 0.453933
vt 0.370971 0.422658
vt 0.463198 0.438295
vt 0.370971 0.438295
vt 0.053261 0.802122
vt 0.035664 0.793556
vt 0.055556 0.793556
vt 0.037959 0.859227
vt 0.018438 0.857847
vt 0.024708 0.851577
vt 0.017057 0.823024
vt 0.008492 0.840620
vt 0.008492 0.820729
vt 0.074163 0.838325
vt 0.072783 0.857847
vt 0.066512 0.851576
vt 0.072783 0.803502
vt 0.066512 0.809773
vt 0.017057 0.838325
vt 0.759651 0.236742
vt 0.751085 0.219145
vt 0.759651 0.221440
vt 0.055556 0.867793
vt 0.053261 0.859227
vt 0.074163 0.823024
vt 0.082729 0.820729
vt 0.024708 0.809773
vt 0.037959 0.802122
vt 0.035664 0.867793
vt 0.082729 0.840620
vt 0.915727 0.083729
vt 0.938390 0.068427
vt 0.938390 0.083729
vt 0.915727 0.114331
vt 0.938390 0.099030
vt 0.938390 0.114331
vt 0.915727 0.144934
vt 0.938390 0.129633
vt 0.938390 0.144934
vt 0.385927 0.944544
vt 0.411633 0.913230
vt 0.411633 0.944544
vt 0.915727 0.175537
vt 0.938390 0.160235
vt 0.938390 0.175537
vt 0.915727 0.206139
vt 0.938390 0.190838
vt 0.938390 0.206139
vt 0.915727 0.236742
vt 0.938390 0.221440
vt 0.938390 0.236742
vt 0.392729 0.626002
vt 0.367023 0.587929
vt 0.392729 0.587929
vt 0.392739 0.626370
vt 0.367033 0.588297
vt 0.392739 0.588297
vt 0.392570 0.626370
vt 0.366864 0.588297
vt 0.392570 0.588297
vt 0.392065 0.586984
vt 0.366359 0.625057
vt 0.366358 0.586984
vt 0.392475 0.625222
vt 0.366769 0.587149
vt 0.392475 0.587149
vt 0.098480 0.984914
vt 0.128781 0.934861
vt 0.131181 0.983294
vt 0.324552 0.774464
vt 0.350258 0.659558
vt 0.350258 0.774464
vt 0.325226 0.775777
vt 0.350932 0.660871
vt 0.350932 0.775777
vt 0.411623 0.944176
vt 0.385917 0.912862
vt 0.411623 0.912862
vt 0.367033 0.731655
vt 0.367033 0.626370
vt 0.385758 0.944544
vt 0.411464 0.913230
vt 0.411464 0.944544
vt 0.385663 0.943396
vt 0.411369 0.912082
vt 0.411369 0.943396
vt 0.350258 0.928233
vt 0.324552 0.887298
vt 0.350258 0.887298
vt 0.325226 0.929546
vt 0.350932 0.888611
vt 0.350932 0.929546
vt 0.308861 0.730507
vt 0.324962 0.659723
vt 0.324962 0.774630
vt 0.203015 0.712239
vt 0.172547 0.742163
vt 0.169824 0.687207
vt 0.206741 0.688296
vt 0.167800 0.646359
vt 0.366769 0.730507
vt 0.392475 0.730507
vt 0.089444 0.802547
vt 0.096080 0.936481
vt 0.173330 0.559910
vt 0.134555 0.601420
vt 0.143669 0.554187
vt 0.137123 0.688827
vt 0.135099 0.647979
vt 0.350668 0.659723
vt 0.366769 0.625222
vt 0.375723 0.796911
vt 0.350668 0.774630
vt 0.375723 0.734902
vt 0.299907 0.796911
vt 0.324962 0.817830
vt 0.367023 0.731287
vt 0.392729 0.731287
vt 0.379575 0.815542
vt 0.405282 0.802674
vt 0.405282 0.815542
vt 0.352735 0.927365
vt 0.327029 0.886430
vt 0.352735 0.886430
vt 0.350668 0.849941
vt 0.350668 0.817830
vt 0.309115 0.731287
vt 0.325216 0.660503
vt 0.325216 0.775409
vt 0.282497 0.890651
vt 0.325216 0.850721
vt 0.325216 0.888243
vt 0.393641 0.890651
vt 0.350922 0.850721
vt 0.393641 0.836793
vt 0.375977 0.797691
vt 0.350922 0.775409
vt 0.375977 0.735682
vt 0.405536 0.816322
vt 0.379829 0.803453
vt 0.405536 0.803453
vt 0.350922 0.660503
vt 0.325216 0.929178
vt 0.350922 0.888243
vt 0.350922 0.929178
vt 0.350922 0.818610
vt 0.379839 0.816690
vt 0.405545 0.803821
vt 0.405545 0.816690
vt 0.325226 0.851088
vt 0.350932 0.818978
vt 0.350932 0.851088
vt 0.375987 0.798059
vt 0.375987 0.736050
vt 0.392739 0.731655
vt 0.366864 0.731655
vt 0.392570 0.731655
vt 0.300171 0.798059
vt 0.325226 0.818978
vt 0.308957 0.731655
vt 0.325057 0.660871
vt 0.325057 0.775777
vt 0.300003 0.798059
vt 0.325057 0.818978
vt 0.350764 0.660871
vt 0.366864 0.626370
vt 0.375818 0.798059
vt 0.350764 0.775777
vt 0.375818 0.736050
vt 0.379671 0.816690
vt 0.405377 0.803821
vt 0.405377 0.816690
vt 0.350764 0.929546
vt 0.325057 0.888611
vt 0.350764 0.888611
vt 0.350764 0.851089
vt 0.350764 0.818978
vt 0.308451 0.730342
vt 0.324552 0.659558
vt 0.299497 0.796746
vt 0.324552 0.817665
vt 0.324552 0.849775
vt 0.350258 0.817665
vt 0.350258 0.849775
vt 0.392065 0.730342
vt 0.392065 0.625057
vt 0.385253 0.943231
vt 0.410959 0.911917
vt 0.410959 0.943231
vt 0.404872 0.815377
vt 0.379166 0.802508
vt 0.404872 0.802508
vt 0.851024 0.083729
vt 0.915727 0.068427
vt 0.052560 0.968036
vt 0.067012 0.952734
vt 0.067012 0.968036
vt 0.851024 0.099030
vt 0.915727 0.099030
vt 0.052560 0.983337
vt 0.067012 0.983337
vt 0.851024 0.114331
vt 0.948007 0.533596
vt 0.557964 0.479113
vt 0.948007 0.479114
vt 0.851024 0.129633
vt 0.915727 0.129633
vt 0.021310 0.952709
vt 0.035762 0.937407
vt 0.035762 0.952709
vt 0.851024 0.144934
vt 0.021310 0.968010
vt 0.035762 0.968010
vt 0.851024 0.160235
vt 0.915727 0.160235
vt 0.021310 0.983311
vt 0.035762 0.983311
vt 0.851024 0.175537
vt 0.488059 0.282086
vt 0.520375 0.063579
vt 0.520375 0.282086
vt 0.915727 0.190838
vt 0.051522 0.897372
vt 0.066823 0.882920
vt 0.066823 0.897372
vt 0.851024 0.206139
vt 0.036221 0.897372
vt 0.051522 0.882920
vt 0.851024 0.221440
vt 0.915727 0.221440
vt 0.020919 0.882920
vt 0.020919 0.897372
vt 0.851024 0.236742
vt 0.589753 0.276734
vt 0.620275 0.058228
vt 0.620275 0.276734
vt 0.851024 0.068427
vt 0.915727 0.053126
vt 0.836572 0.068427
vt 0.851024 0.053126
vt 0.526915 0.058228
vt 0.494599 0.027706
vt 0.526916 0.027706
vt 0.557964 0.309259
vt 0.503482 0.366945
vt 0.503482 0.309259
vt 0.488059 0.033057
vt 0.520375 0.033058
vt 0.557437 0.058228
vt 0.589753 0.058228
vt 0.583213 0.282086
vt 0.613735 0.063579
vt 0.613735 0.282086
vt 0.526915 0.276734
vt 0.494599 0.058228
vt 0.948007 0.421428
vt 0.557964 0.421427
vt 0.557437 0.276734
vt 0.557964 0.366945
vt 0.948007 0.366945
vt 0.948007 0.309259
vt 0.550897 0.063579
vt 0.550897 0.282086
vt 0.583213 0.063579
vt 0.209319 0.591439
vt 0.163364 0.604294
vt 0.379575 0.802674
vt 0.393387 0.889871
vt 0.393387 0.836013
vt 0.296055 0.815542
vt 0.324962 0.849941
vt 0.282243 0.889871
vt 0.324962 0.887463
vt 0.379829 0.816322
vt 0.296309 0.816322
vt 0.325216 0.818610
vt 0.300161 0.797691
vt 0.296319 0.816690
vt 0.282507 0.891019
vt 0.325226 0.888611
vt 0.379839 0.803821
vt 0.393651 0.891019
vt 0.393651 0.837161
vt 0.379671 0.803821
vt 0.393483 0.891019
vt 0.393483 0.837161
vt 0.296150 0.816690
vt 0.325057 0.851089
vt 0.282338 0.891019
vt 0.295645 0.815377
vt 0.281833 0.889706
vt 0.139846 0.743783
vt 0.147088 0.889956
vt 0.759651 0.083729
vt 0.836572 0.083729
vt 0.759651 0.099030
vt 0.836572 0.099030
vt 0.759651 0.114331
vt 0.836572 0.114331
vt 0.759651 0.129633
vt 0.836572 0.129633
vt 0.759651 0.144934
vt 0.836572 0.144934
vt 0.759651 0.160235
vt 0.836572 0.160235
vt 0.759651 0.175536
vt 0.836572 0.175537
vt 0.836572 0.190838
vt 0.759651 0.206139
vt 0.836572 0.206139
vt 0.836572 0.221441
vt 0.836572 0.236742
vt 0.759651 0.068427
vt 0.836573 0.053126
vt 0.904258 0.728522
vt 0.918833 0.703896
vt 0.913384 0.731290
vt 0.674265 0.605589
vt 0.686645 0.579788
vt 0.692694 0.587160
vt 0.894285 0.752601
vt 0.902695 0.757096
vt 0.709869 0.564270
vt 0.714364 0.572680
vt 0.879805 0.774271
vt 0.887177 0.780320
vt 0.735674 0.553581
vt 0.738442 0.562707
vt 0.861377 0.792700
vt 0.867426 0.800071
vt 0.764004 0.557622
vt 0.763069 0.548132
vt 0.714364 0.807179
vt 0.735675 0.826278
vt 0.709869 0.815589
vt 0.839707 0.807179
vt 0.844202 0.815589
vt 0.791001 0.548132
vt 0.790067 0.557622
vt 0.692694 0.792700
vt 0.686645 0.800071
vt 0.815628 0.817153
vt 0.818396 0.826278
vt 0.818396 0.553581
vt 0.815628 0.562706
vt 0.666894 0.780321
vt 0.674265 0.774271
vt 0.790066 0.822237
vt 0.791001 0.831727
vt 0.844202 0.564270
vt 0.839706 0.572680
vt 0.651376 0.757096
vt 0.659786 0.752601
vt 0.764004 0.822237
vt 0.763070 0.831727
vt 0.867426 0.579788
vt 0.861377 0.587160
vt 0.640687 0.731291
vt 0.649812 0.728523
vt 0.738443 0.817153
vt 0.879805 0.605589
vt 0.887177 0.599539
vt 0.635238 0.703896
vt 0.644728 0.702961
vt 0.894285 0.627259
vt 0.902695 0.622764
vt 0.635238 0.675964
vt 0.644728 0.676899
vt 0.904258 0.651337
vt 0.913384 0.648569
vt 0.640687 0.648569
vt 0.649812 0.651337
vt 0.909343 0.676899
vt 0.918833 0.675964
vt 0.651376 0.622764
vt 0.659786 0.627259
vt 0.909343 0.702961
vt 0.666894 0.599539
vt 0.838989 0.809207
vt 0.866361 0.801933
vt 0.843243 0.817380
vt 0.814910 0.819181
vt 0.817556 0.828020
vt 0.790287 0.833444
vt 0.789349 0.824265
vt 0.762483 0.833444
vt 0.763286 0.824265
vt 0.735214 0.828020
vt 0.737725 0.819181
vt 0.709527 0.817380
vt 0.713646 0.809207
vt 0.686409 0.801933
vt 0.691976 0.794728
vt 0.666749 0.782273
vt 0.673547 0.776299
vt 0.651302 0.759155
vt 0.659068 0.754629
vt 0.640662 0.733468
vt 0.649094 0.730550
vt 0.635238 0.706199
vt 0.644010 0.704989
vt 0.635238 0.678395
vt 0.644010 0.678926
vt 0.640662 0.651126
vt 0.649094 0.653365
vt 0.651302 0.625439
vt 0.659068 0.629286
vt 0.666749 0.602321
vt 0.673547 0.607616
vt 0.686409 0.582661
vt 0.691976 0.589188
vt 0.709527 0.567214
vt 0.713646 0.574708
vt 0.735214 0.556574
vt 0.737725 0.564735
vt 0.762483 0.551150
vt 0.763286 0.559650
vt 0.789349 0.559650
vt 0.790287 0.551150
vt 0.814910 0.564735
vt 0.817556 0.556574
vt 0.838989 0.574708
vt 0.843243 0.567214
vt 0.860659 0.589188
vt 0.866361 0.582661
vt 0.879088 0.607616
vt 0.886021 0.602321
vt 0.893567 0.629287
vt 0.901468 0.625439
vt 0.903541 0.653365
vt 0.912108 0.651126
vt 0.908625 0.678927
vt 0.917532 0.678395
vt 0.908625 0.704989
vt 0.917532 0.706199
vt 0.903541 0.730551
vt 0.912108 0.733468
vt 0.893567 0.754629
vt 0.901468 0.759155
vt 0.879087 0.776299
vt 0.886021 0.782273
vt 0.860659 0.794728
vt 0.220160 0.554180
vt 0.099658 0.565221
vt 0.106630 0.529090
vt 0.350668 0.928398
vt 0.385663 0.912082
vt 0.324962 0.928398
vt 0.289967 0.912082
vt 0.195810 0.797276
vt 0.179790 0.888336
vt 0.385917 0.944176
vt 0.290221 0.912862
vt 0.385927 0.913230
vt 0.290231 0.913230
vt 0.385758 0.913230
vt 0.325057 0.929546
vt 0.290063 0.913230
vt 0.324552 0.928233
vt 0.289557 0.911916
vt 0.385253 0.911917
vt 0.077776 0.797520
vt 0.106569 0.717018
vt 0.110477 0.795900
vt 0.419094 0.836013
vt 0.401429 0.734902
vt 0.419347 0.836793
vt 0.401683 0.735682
vt 0.419357 0.891019
vt 0.401693 0.736050
vt 0.419189 0.837161
vt 0.401525 0.798059
vt 0.392977 0.835848
vt 0.418684 0.889706
vt 0.392977 0.889706
vt 0.375313 0.734737
vt 0.401019 0.796746
vt 0.375313 0.796746
vt 0.069997 0.559498
vt 0.076970 0.523366
vt 0.367023 0.626002
vt 0.081512 0.599051
vt 0.082293 0.665881
vt 0.100494 0.693560
vt 0.101305 0.709930
vt 0.122145 0.800926
vt 0.309125 0.731655
vt 0.325226 0.660871
vt 0.050395 0.666254
vt 0.049614 0.599424
vt 0.068604 0.711550
vt 0.379166 0.815377
vt 0.366359 0.730342
vt 0.751085 0.239037
vt 0.018437 0.803502
vt 0.308861 0.625222
vt 0.206923 0.791121
vt 0.207553 0.704666
vt 0.299907 0.734902
vt 0.327029 0.927365
vt 0.309116 0.626002
vt 0.282497 0.836793
vt 0.300171 0.736050
vt 0.308957 0.626370
vt 0.300002 0.736050
vt 0.308451 0.625057
vt 0.299497 0.734737
vt 0.052560 0.952734
vt 0.557964 0.533595
vt 0.021310 0.937407
vt 0.488059 0.063579
vt 0.851024 0.190838
vt 0.036221 0.882920
vt 0.494599 0.276734
vt 0.220160 0.653917
vt 0.350668 0.887463
vt 0.296055 0.802674
vt 0.282243 0.836013
vt 0.296309 0.803453
vt 0.300161 0.735682
vt 0.296319 0.803821
vt 0.282507 0.837160
vt 0.296150 0.803821
vt 0.282338 0.837161
vt 0.295645 0.802508
vt 0.281833 0.835848
vt 0.759651 0.190838
vt 0.759651 0.053126
vt 0.289967 0.943396
vt 0.202446 0.931211
vt 0.290221 0.944176
vt 0.290231 0.944544
vt 0.290063 0.944544
vt 0.289557 0.943231
vt 0.073868 0.718638
vt 0.419094 0.889871
vt 0.401429 0.796911
vt 0.419347 0.890651
vt 0.401683 0.797691
vt 0.419357 0.837161
vt 0.401693 0.798059
vt 0.419189 0.891019
vt 0.401525 0.736050
vt 0.418684 0.835848
vt 0.401019 0.734737
vt 0.309125 0.626370
vt 0.067793 0.695180
vt 0.228492 0.766132
vt 0.243272 0.773513
vt 0.228492 0.773513
vt 0.956618 0.068427
vt 0.956618 0.083729
vt 0.956618 0.099030
vt 0.956618 0.114331
vt 0.956618 0.129633
vt 0.956618 0.144934
vt 0.956618 0.160235
vt 0.956618 0.175537
vt 0.956618 0.190838
vt 0.956618 0.206139
vt 0.956618 0.221440
vt 0.956618 0.236742
vt 0.956618 0.053126
vt 0.256616 0.587695
vt 0.249486 0.570483
vt 0.260306 0.581303
vt 0.262738 0.562833
vt 0.266698 0.577613
vt 0.278039 0.562833
vt 0.274079 0.577613
vt 0.280471 0.581303
vt 0.291290 0.570483
vt 0.298941 0.583735
vt 0.284161 0.587695
vt 0.284161 0.595076
vt 0.298941 0.599036
vt 0.291290 0.612287
vt 0.280471 0.601468
vt 0.274079 0.605158
vt 0.278039 0.619938
vt 0.262738 0.619938
vt 0.266698 0.605158
vt 0.249486 0.612287
vt 0.260306 0.601468
vt 0.241836 0.599036
vt 0.256616 0.595076
vt 0.241836 0.583735
vt 0.150003 0.911632
vt 0.173858 0.918024
vt 0.156395 0.935487
vt 0.228492 0.788274
vt 0.243272 0.795655
vt 0.228492 0.795655
vt 0.228492 0.736609
vt 0.243272 0.743989
vt 0.228492 0.743989
vt 0.228492 0.721847
vt 0.243272 0.729228
vt 0.228492 0.729228
vt 0.228492 0.758751
vt 0.243272 0.766132
vt 0.243272 0.780893
vt 0.243272 0.788274
vt 0.243272 0.736609
vt 0.228492 0.803036
vt 0.243272 0.810416
vt 0.228492 0.810416
vt 0.228492 0.751370
vt 0.243272 0.758751
vt 0.228492 0.780893
vt 0.243272 0.803036
vt 0.243272 0.751370
vt 0.709475 0.020228
vt 0.751086 0.000337
vt 0.751086 0.020228
vt 0.709475 0.239037
vt 0.709475 0.219145
vt 0.751085 0.199254
vt 0.709475 0.199253
vt 0.751085 0.179362
vt 0.709475 0.159470
vt 0.751085 0.159470
vt 0.751085 0.139578
vt 0.709475 0.139578
vt 0.751085 0.119687
vt 0.709475 0.119687
vt 0.751085 0.099795
vt 0.709475 0.099795
vt 0.751085 0.079903
vt 0.709475 0.079903
vt 0.751085 0.060012
vt 0.662410 0.266209
vt 0.645184 0.201918
vt 0.709475 0.060012
vt 0.751085 0.040120
vt 0.709475 0.040120
vt 0.938390 0.053126
vt 0.150003 0.931796
vt 0.146312 0.925404
vt 0.146312 0.918024
vt 0.156395 0.907941
vt 0.163775 0.907941
vt 0.170167 0.911632
vt 0.173858 0.925404
vt 0.170167 0.931796
vt 0.163775 0.935487
vt 0.243272 0.721847
vt 0.709475 0.000336
vt 0.709475 0.179362
vt 0.699529 0.256264
vt 0.682302 0.266209
vt 0.645184 0.256264
vt 0.635238 0.239037
vt 0.635238 0.219145
vt 0.662410 0.191973
vt 0.682302 0.191973
vt 0.699529 0.201918
vt 0.049333 0.393103
vt 0.056719 0.367919
vt 0.057243 0.393467
vt 0.049014 0.367742
vt 0.058216 0.341468
vt 0.050214 0.341489
vt 0.056363 0.315434
vt 0.048549 0.315527
vt 0.056812 0.288256
vt 0.048704 0.288517
vt 0.053956 0.261559
vt 0.046032 0.261886
vt 0.053463 0.233539
vt 0.045241 0.234071
vt 0.049528 0.206077
vt 0.041484 0.206725
vt 0.047846 0.177070
vt 0.039481 0.178037
vt 0.042244 0.148682
vt 0.034042 0.149940
vt 0.038224 0.118329
vt 0.029619 0.120286
vt 0.028899 0.088586
vt 0.020130 0.091446
vt 0.018582 0.057989
vt 0.180339 0.484432
vt 0.200389 0.463003
vt 0.186607 0.488547
vt 0.199605 0.432092
vt 0.192339 0.459952
vt 0.206428 0.405494
vt 0.207244 0.434157
vt 0.209195 0.377809
vt 0.214289 0.406953
vt 0.213208 0.351192
vt 0.216807 0.378743
vt 0.214126 0.323709
vt 0.221057 0.351885
vt 0.216784 0.297118
vt 0.221776 0.324113
vt 0.216582 0.269747
vt 0.224696 0.297386
vt 0.218218 0.243158
vt 0.224315 0.269797
vt 0.216997 0.215890
vt 0.226228 0.243098
vt 0.217544 0.189326
vt 0.224825 0.215629
vt 0.215034 0.162241
vt 0.225652 0.188924
vt 0.213874 0.135800
vt 0.222937 0.161574
vt 0.208829 0.109207
vt 0.222050 0.134794
vt 0.203469 0.083531
vt 0.216702 0.107579
vt 0.191969 0.059762
vt 0.211380 0.080836
vt 0.038478 0.467473
vt 0.033685 0.493445
vt 0.026911 0.489005
vt 0.051199 0.444065
vt 0.046291 0.470494
vt 0.044019 0.442955
vt 0.053886 0.419402
vt 0.046359 0.418638
vt 0.167973 0.137966
vt 0.160215 0.105757
vt 0.169987 0.106548
vt 0.340828 0.188084
vt 0.330506 0.216454
vt 0.331876 0.187947
vt 0.169529 0.167784
vt 0.158204 0.137724
vt 0.339704 0.216743
vt 0.331817 0.245671
vt 0.168727 0.198273
vt 0.160191 0.167626
vt 0.340723 0.245998
vt 0.329767 0.274029
vt 0.170397 0.227292
vt 0.159283 0.198221
vt 0.338930 0.274543
vt 0.330324 0.303213
vt 0.169276 0.256968
vt 0.161321 0.227102
vt 0.339206 0.303762
vt 0.327577 0.331501
vt 0.165183 0.423701
vt 0.158650 0.395956
vt 0.167011 0.396460
vt 0.170358 0.285248
vt 0.160090 0.256773
vt 0.336719 0.332214
vt 0.327561 0.360707
vt 0.167260 0.449749
vt 0.156610 0.423578
vt 0.168619 0.314106
vt 0.161530 0.284878
vt 0.333693 0.389740
vt 0.336426 0.361379
vt 0.172467 0.476584
vt 0.158775 0.450670
vt 0.169061 0.341645
vt 0.159683 0.313716
vt 0.333784 0.418815
vt 0.324539 0.389054
vt 0.179868 0.501131
vt 0.164290 0.478478
vt 0.166835 0.369685
vt 0.160476 0.341108
vt 0.332774 0.447174
vt 0.324877 0.418477
vt 0.345704 0.039273
vt 0.332481 0.068820
vt 0.335382 0.037141
vt 0.158135 0.369184
vt 0.337202 0.475910
vt 0.323464 0.447492
vt 0.342453 0.069975
vt 0.329673 0.099297
vt 0.345704 0.502226
vt 0.328339 0.477886
vt 0.339303 0.099868
vt 0.331184 0.129587
vt 0.171549 0.075379
vt 0.169558 0.040345
vt 0.179868 0.044214
vt 0.340279 0.129776
vt 0.329987 0.158530
vt 0.160811 0.073588
vt 0.339275 0.158705
vt 0.122208 0.205692
vt 0.123136 0.223048
vt 0.124394 0.319278
vt 0.124473 0.335667
vt 0.094039 0.345321
vt 0.091575 0.336125
vt 0.124016 0.263348
vt 0.124518 0.280135
vt 0.090791 0.373249
vt 0.063041 0.365019
vt 0.093187 0.364097
vt 0.063050 0.344329
vt 0.025431 0.058675
vt 0.034882 0.082805
vt 0.124579 0.492912
vt 0.085944 0.477883
vt 0.120880 0.479912
vt 0.153167 0.366055
vt 0.153654 0.344209
vt 0.284971 0.491514
vt 0.338011 0.505703
vt 0.287163 0.521942
vt 0.116481 0.077424
vt 0.117514 0.099246
vt 0.119269 0.145264
vt 0.120497 0.163674
vt 0.093423 0.310040
vt 0.121824 0.309192
vt 0.080586 0.488869
vt 0.051830 0.469042
vt 0.288529 0.380899
vt 0.289873 0.363722
vt 0.284891 0.441480
vt 0.286154 0.422659
vt 0.091310 0.319398
vt 0.062713 0.312212
vt 0.044384 0.120545
vt 0.048767 0.144216
vt 0.293958 0.267009
vt 0.294468 0.250204
vt 0.291912 0.323620
vt 0.292899 0.306779
vt 0.122046 0.446629
vt 0.088026 0.455485
vt 0.086741 0.445265
vt 0.154532 0.310599
vt 0.154589 0.288215
vt 0.091636 0.235013
vt 0.088395 0.225482
vt 0.056788 0.448240
vt 0.127463 0.519765
vt 0.290543 0.092519
vt 0.289969 0.072326
vt 0.293109 0.153048
vt 0.292641 0.135540
vt 0.294368 0.210380
vt 0.294372 0.193449
vt 0.123454 0.374054
vt 0.123234 0.390341
vt 0.058784 0.236201
vt 0.121990 0.429225
vt 0.053480 0.179609
vt 0.056025 0.202191
vt 0.250092 0.064169
vt 0.286956 0.059755
vt 0.154724 0.253691
vt 0.154260 0.230697
vt 0.087978 0.427577
vt 0.088710 0.197639
vt 0.119002 0.195084
vt 0.249599 0.076052
vt 0.215524 0.076103
vt 0.090475 0.389861
vt 0.260283 0.193386
vt 0.260363 0.210602
vt 0.257423 0.136875
vt 0.258379 0.154564
vt 0.252556 0.095964
vt 0.073669 0.514976
vt 0.087042 0.207742
vt 0.060377 0.258030
vt 0.290913 0.015179
vt 0.242449 0.037870
vt 0.233582 0.024876
vt 0.153709 0.195132
vt 0.152942 0.171416
vt 0.151679 0.420572
vt 0.206209 0.055415
vt 0.198494 0.055508
vt 0.151994 0.398978
vt 0.120788 0.400249
vt 0.061882 0.291009
vt 0.259016 0.304525
vt 0.257893 0.321723
vt 0.260625 0.248994
vt 0.260078 0.266126
vt 0.259234 0.126821
vt 0.289845 0.124798
vt 0.152470 0.134410
vt 0.152454 0.109459
vt 0.226673 0.131285
vt 0.249583 0.418440
vt 0.246670 0.437584
vt 0.255515 0.360497
vt 0.253752 0.378056
vt 0.156992 0.476279
vt 0.256458 0.106076
vt 0.154813 0.069077
vt 0.160326 0.042484
vt 0.084004 0.167127
vt 0.081912 0.148324
vt 0.076492 0.104098
vt 0.072573 0.082226
vt 0.228403 0.513091
vt 0.237048 0.485294
vt 0.154006 0.454103
vt 0.119490 0.457566
vt 0.223724 0.109676
vt 0.325461 0.064592
vt 0.262623 0.183804
vt 0.291940 0.183036
vt 0.320481 0.475142
vt 0.318195 0.450976
vt 0.328964 0.039509
vt 0.286007 0.032051
vt 0.230527 0.185808
vt 0.324007 0.126238
vt 0.261221 0.164157
vt 0.319072 0.391933
vt 0.090849 0.281573
vt 0.090055 0.264429
vt 0.324113 0.102592
vt 0.288101 0.104167
vt 0.229639 0.164336
vt 0.122432 0.290433
vt 0.121263 0.233731
vt 0.121125 0.253054
vt 0.118734 0.174918
vt 0.115433 0.111831
vt 0.115812 0.133974
vt 0.114624 0.033729
vt 0.113107 0.063815
vt 0.281567 0.453098
vt 0.281768 0.477292
vt 0.284511 0.411384
vt 0.285166 0.391303
vt 0.322123 0.334359
vt 0.288321 0.353069
vt 0.288744 0.333824
vt 0.324378 0.277004
vt 0.291124 0.296305
vt 0.291055 0.277240
vt 0.325185 0.219577
vt 0.292381 0.239804
vt 0.291744 0.220726
vt 0.324675 0.161791
vt 0.290718 0.163688
vt 0.119608 0.418936
vt 0.122168 0.345666
vt 0.121138 0.364064
vt 0.061812 0.396549
vt 0.090939 0.418227
vt 0.060365 0.416966
vt 0.092547 0.399152
vt 0.262736 0.220137
vt 0.231244 0.240199
vt 0.231384 0.218722
vt 0.263338 0.239578
vt 0.262125 0.275717
vt 0.229832 0.294663
vt 0.230768 0.273137
vt 0.262067 0.295184
vt 0.259650 0.331438
vt 0.226341 0.349346
vt 0.228128 0.327705
vt 0.258942 0.351124
vt 0.255193 0.388103
vt 0.219866 0.404702
vt 0.223033 0.382717
vt 0.253669 0.408668
vt 0.213167 0.439072
vt 0.243700 0.473532
vt 0.206531 0.461756
vt 0.247497 0.448884
vt 0.072950 0.069125
vt 0.066559 0.039417
vt 0.083272 0.137458
vt 0.081278 0.114892
vt 0.087754 0.177017
vt 0.091945 0.254751
vt 0.093689 0.290894
vt 0.056664 0.025195
vt 0.119881 0.015179
vt 0.317968 0.414800
vt 0.320769 0.356954
vt 0.323472 0.299592
vt 0.324868 0.242232
vt 0.324821 0.184658
vt 0.009813 0.061933
vt 0.172648 0.504207
s 1
g off
g LlantasTraserasDerechas_02_SpacialRoverExploreralumWhite
usemtl SpacialRoverExploreralumWhite
f 11/1/1 24/2/2 10/3/2
f 4/4/3 19/5/4 18/6/5
f 4/4/3 5/7/6 19/5/4
f 11/1/1 12/8/7 25/9/8
f 5/7/6 20/10/9 19/5/4
f 12/8/7 26/11/10 25/9/8
f 5/7/6 21/12/11 20/10/9
f 12/8/7 13/13/12 26/11/10
f 13/13/12 27/14/13 26/11/10
f 7/15/14 21/12/11 6/16/15
f 13/13/12 14/17/16 27/14/13
f 1/18/17 17/19/18 16/20/17
f 7/15/14 8/21/19 22/22/20
f 1/18/17 2/23/21 17/19/18
f 14/17/16 28/24/22 27/14/13
f 8/21/19 23/25/23 22/22/20
f 8/21/19 9/26/24 23/25/23
f 3/27/25 17/19/18 2/23/21
f 1/18/17 28/28/22 15/29/26
f 10/3/2 23/25/23 9/26/24
f 3/27/25 4/4/3 18/6/5
s 2
f 17/30/27 21/31/27 25/32/27
s 3
f 11/33/28 7/34/28 3/35/28
s 1
f 11/1/1 25/9/8 24/2/2
f 5/7/6 6/16/15 21/12/11
f 7/15/14 22/22/20 21/12/11
f 14/17/16 15/36/26 28/24/22
f 3/27/25 18/6/5 17/19/18
f 1/18/17 16/20/17 28/28/22
f 10/3/2 24/2/2 23/25/23
s 2
f 28/37/27 16/38/27 17/30/27
f 17/30/27 18/39/27 19/40/27
f 19/40/27 20/41/27 21/31/27
f 21/31/27 22/42/27 23/43/27
f 23/43/27 24/44/27 25/32/27
f 25/32/27 26/45/27 27/46/27
f 27/46/27 28/37/27 17/30/27
f 17/30/27 19/40/27 21/31/27
f 21/31/27 23/43/27 25/32/27
f 25/32/27 27/46/27 17/30/27
s 3
f 2/47/28 1/48/28 15/49/28
f 15/49/28 14/50/28 13/51/28
f 13/51/28 12/52/28 11/33/28
f 11/33/28 10/53/28 9/54/28
f 9/54/28 8/55/28 7/34/28
f 7/34/28 6/56/28 5/57/28
f 5/57/28 4/58/28 3/35/28
f 3/35/28 2/47/28 15/49/28
f 15/49/28 13/51/28 11/33/28
f 11/33/28 9/54/28 7/34/28
f 7/34/28 5/57/28 3/35/28
f 3/35/28 15/49/28 11/33/28
s 4
g LlantasTraserasDerechas_02_SpacialRoverExploreralumGray
usemtl SpacialRoverExploreralumGray
f 85/59/29 53/60/29 84/61/30
f 53/60/29 85/59/29 86/62/31
f 53/60/29 52/63/30 84/61/30
f 86/62/31 54/64/31 53/60/29
f 52/63/30 83/65/32 84/61/30
f 86/62/31 87/66/9 54/64/31
f 52/63/30 51/67/32 83/65/32
f 87/66/9 55/68/9 54/64/31
f 87/66/9 88/69/33 55/68/9
f 88/69/33 56/70/33 55/68/9
f 51/67/32 82/71/34 83/65/32
f 82/71/34 51/67/32 50/72/34
f 88/69/33 89/73/15 56/70/33
f 89/73/15 57/74/15 56/70/33
f 82/71/34 50/72/34 81/75/35
f 50/72/34 49/76/35 81/75/35
f 49/76/35 80/77/21 81/75/35
f 89/73/15 90/78/36 57/74/15
f 49/76/35 48/79/21 80/77/21
f 90/78/36 58/80/36 57/74/15
f 90/78/36 91/81/37 58/80/36
f 80/77/21 48/79/21 79/82/38
f 48/79/21 47/83/38 79/82/38
f 58/80/36 91/81/37 59/84/37
f 47/83/38 78/85/17 79/82/38
f 59/84/37 91/81/37 60/86/39
f 47/83/38 46/87/17 78/85/17
f 60/86/39 91/81/37 92/88/39
f 46/87/17 77/89/40 78/85/17
f 77/89/40 46/87/17 45/90/40
f 60/86/39 92/88/39 61/91/41
f 61/91/41 29/92/41 60/86/39
f 61/91/41 62/93/42 29/92/41
f 77/89/40 45/90/40 76/94/26
f 76/94/26 45/90/40 44/95/26
f 29/92/41 62/93/42 30/96/42
f 30/96/42 62/93/42 63/97/24
f 30/96/42 63/97/24 31/98/24
f 76/94/26 44/95/26 75/99/43
f 44/100/26 43/101/43 75/102/43
f 43/101/43 74/103/44 75/102/43
f 31/98/24 63/97/24 64/104/45
f 43/101/43 42/105/44 74/103/44
f 31/98/24 64/104/45 32/106/45
f 74/103/44 42/105/44 73/107/46
f 32/106/45 64/104/45 65/108/2
f 32/106/45 65/108/2 33/109/2
f 73/107/46 42/105/44 41/110/46
f 33/109/2 65/108/2 66/111/47
f 73/107/46 41/110/46 72/112/48
f 33/109/2 66/111/47 34/113/47
f 72/112/48 41/110/46 40/114/48
f 34/113/47 66/111/47 67/115/1
f 72/112/48 40/114/48 71/116/49
f 34/113/47 67/115/1 35/117/1
f 71/116/49 40/114/48 39/118/49
f 35/117/1 67/115/1 68/119/50
f 71/116/49 39/118/49 70/120/51
f 70/120/51 39/118/49 38/121/51
f 35/117/1 68/119/50 36/122/50
f 70/120/51 38/121/51 69/123/52
f 36/122/50 68/119/50 69/123/52
f 69/123/52 38/121/51 37/124/52
f 36/122/50 69/123/52 37/124/52
s 5
f 521/125/53 544/126/54 545/127/53
f 527/128/55 552/129/56 528/130/56
f 518/131/57 531/132/58 542/133/57
f 524/134/59 549/135/60 525/136/60
f 521/125/53 546/137/61 522/138/61
f 517/139/58 552/129/56 531/132/58
f 518/140/57 543/141/62 519/142/62
f 525/136/60 550/143/63 526/144/63
f 523/145/64 546/137/61 547/146/64
f 519/147/62 544/126/54 520/148/54
f 526/144/63 551/149/55 527/128/55
f 523/145/64 548/150/59 524/134/59
s 6
f 191/151/65 169/152/66 192/153/65
f 187/154/67 190/155/68 188/156/67
f 183/157/69 186/158/70 184/159/69
s 7
f 187/160/71 647/161/72 185/162/71
s 6
f 179/163/73 182/164/74 180/165/73
f 175/166/75 178/167/76 176/168/75
f 171/169/77 174/170/78 172/171/77
s 8
f 213/172/46 216/173/79 214/174/79
s 9
f 209/175/80 212/176/81 210/177/81
s 10
f 205/178/82 208/179/83 206/180/83
s 11
f 202/181/84 203/182/15 204/183/84
s 12
f 197/184/85 200/185/86 198/186/86
s 13
f 193/187/87 195/188/88 196/189/87
s 11
f 511/190/89 204/191/84 514/192/89
s 9
f 495/193/90 212/194/81 498/195/90
s 14
f 189/196/91 636/197/92 639/198/92
s 15
f 643/199/93 212/194/93 211/200/93
s 16
f 183/201/94 655/202/95 181/203/94
s 17
f 175/204/96 629/205/97 173/206/96
s 11
f 180/207/98 510/208/99 515/209/99
s 9
f 186/210/100 499/211/101 188/212/100
s 18
f 632/213/93 198/214/93 483/215/93
s 19
f 619/216/102 469/217/102 470/218/102
f 618/219/102 470/218/102 471/220/102
s 17
f 625/221/103 197/184/104 632/222/103
s 20
f 620/223/105 195/188/106 194/224/106
s 13
f 169/225/107 475/226/108 172/227/107
f 471/220/109 473/228/110 476/229/109
s 21
f 625/221/111 200/230/111 199/231/111
f 626/232/111 480/233/111 625/234/111
s 18
f 631/235/93 483/215/93 484/236/93
s 14
f 633/237/112 213/172/113 638/238/112
s 17
f 627/239/114 631/240/115 630/241/114
s 12
f 483/215/116 200/230/86 480/233/116
f 176/242/117 482/243/118 477/244/118
f 478/245/119 484/236/120 479/246/120
s 22
f 638/247/35 214/248/35 491/249/35
f 639/250/35 489/251/35 490/252/35
s 23
f 636/253/2 486/254/2 635/255/2
f 634/256/2 488/257/2 633/258/2
s 14
f 640/259/121 634/260/122 637/261/122
s 8
f 491/249/123 216/262/79 488/257/123
f 190/263/124 485/264/125 192/265/124
f 489/251/126 487/266/127 486/254/126
s 7
f 641/267/128 645/268/129 648/269/128
s 9
f 493/270/130 497/271/131 500/272/130
s 15
f 644/273/93 498/195/93 643/274/93
s 7
f 643/199/132 209/175/133 646/275/132
s 16
f 649/276/134 205/178/135 654/277/134
s 24
f 645/278/111 495/193/111 496/279/111
s 25
f 654/280/136 206/281/136 507/282/136
f 653/283/136 507/282/136 508/284/136
s 26
f 649/276/102 208/285/102 207/286/102
f 650/287/102 504/288/102 649/289/102
s 16
f 651/290/137 653/291/138 656/292/137
s 10
f 507/282/139 208/285/83 504/288/139
f 184/293/140 506/294/141 501/295/141
f 502/296/142 508/284/143 503/297/143
s 27
f 660/298/2 202/299/2 511/190/2
f 659/300/2 511/190/2 512/301/2
s 11
f 509/302/144 513/303/145 516/304/144
s 28
f 660/305/146 203/182/147 201/306/147
f 179/307/148 657/308/149 177/309/148
f 658/310/150 664/311/151 659/312/151
s 6
f 328/313/152 170/314/66 191/151/65
f 327/315/152 305/316/52 328/317/152
f 326/318/153 191/151/65 189/319/68
f 325/320/153 328/317/152 326/321/153
f 324/322/154 189/319/68 187/154/67
s 29
f 315/323/85 334/324/85 316/325/85
s 6
f 322/326/155 187/154/67 185/327/70
f 321/328/155 324/329/154 322/330/155
f 320/331/156 185/327/70 183/157/69
f 319/332/156 322/330/155 320/333/156
f 318/334/157 183/157/69 181/335/74
f 317/336/157 320/333/156 318/337/157
f 316/338/158 181/335/74 179/163/73
s 30
f 309/339/27 329/340/27 307/341/27
s 6
f 177/342/76 316/338/158 179/163/73
f 314/343/159 315/344/158 316/345/158
f 312/346/41 177/342/76 175/166/75
f 312/347/41 313/348/159 314/343/159
f 310/349/160 175/166/75 173/350/78
f 309/351/160 312/347/41 310/352/160
f 308/353/161 173/350/78 171/169/77
s 31
f 326/354/88 339/355/88 325/356/88
s 6
f 305/357/52 171/358/77 170/314/66
f 306/359/52 308/360/161 305/357/52
s 32
f 337/361/102 340/362/102 338/363/102
s 33
f 333/364/111 336/365/111 334/366/111
s 34
f 329/340/2 332/367/2 330/368/2
s 35
f 326/354/28 338/369/28 340/370/28
s 36
f 310/371/15 331/372/15 309/373/15
s 37
f 323/374/27 339/375/27 337/361/27
s 38
f 318/376/28 334/324/28 336/377/28
s 39
f 323/374/82 338/369/82 324/378/82
s 40
f 318/376/80 335/379/80 317/380/80
s 41
f 317/380/27 333/364/27 315/381/27
s 42
f 307/341/46 330/382/46 308/383/46
s 43
f 308/383/28 332/384/28 310/371/28
s 19
f 617/385/102 471/220/102 472/386/102
s 21
f 627/239/111 479/246/111 626/387/111
f 628/388/111 478/245/111 627/389/111
s 18
f 630/390/93 484/236/93 481/391/93
f 629/392/93 481/391/93 482/393/93
s 23
f 635/394/2 487/266/2 634/260/2
s 22
f 640/395/35 492/396/35 489/251/35
f 637/397/35 491/249/35 492/396/35
s 24
f 648/398/111 496/279/111 493/270/111
f 647/399/111 493/270/111 494/400/111
s 15
f 641/267/93 497/271/93 644/401/93
f 642/402/93 500/272/93 641/403/93
s 26
f 651/290/102 503/297/102 650/404/102
f 652/405/102 502/296/102 651/406/102
s 25
f 656/407/136 508/284/136 505/408/136
f 655/409/136 505/408/136 506/294/136
s 27
f 658/410/2 512/301/2 509/302/2
f 657/411/2 509/302/2 510/208/2
s 13
f 471/220/109 475/226/108 472/386/108
f 474/412/162 470/218/110 469/217/162
s 12
f 478/245/119 482/393/118 481/391/119
f 480/233/116 484/236/120 483/215/116
s 8
f 486/254/126 490/252/125 489/251/126
f 488/257/123 492/396/127 491/249/123
s 9
f 500/272/130 494/400/101 493/270/130
f 498/195/90 496/279/131 495/193/90
s 10
f 502/296/142 506/294/141 505/408/142
f 507/282/139 503/297/143 508/284/143
s 11
f 516/304/144 510/208/99 509/302/144
f 514/192/89 512/301/145 511/190/89
s 13
f 469/217/162 196/413/87 474/412/162
s 6
f 528/414/152 306/359/52 327/415/152
f 527/416/163 327/415/152 325/417/153
f 526/418/40 325/417/153 323/419/154
f 525/420/155 323/419/154 321/421/155
f 524/422/156 321/421/155 319/423/156
f 523/424/29 319/423/156 317/425/157
f 522/426/164 317/425/157 315/427/158
f 313/428/159 522/426/164 315/427/158
f 520/429/41 313/428/159 311/430/41
f 519/142/165 311/430/41 309/431/160
f 518/140/166 309/431/160 307/432/161
f 517/433/52 307/434/161 306/359/52
s 44
f 37/435/28 555/436/28 584/437/28
f 51/438/28 583/439/28 50/440/28
f 36/441/28 584/437/28 582/442/28
f 50/440/28 581/443/28 49/444/28
f 35/445/28 582/442/28 580/446/28
f 49/444/28 579/447/28 48/448/28
f 34/449/28 580/446/28 578/450/28
f 47/451/28 579/447/28 577/452/28
f 60/453/28 565/454/28 576/455/28
f 33/456/28 578/450/28 575/457/28
f 47/451/28 574/458/28 46/459/28
f 59/460/28 576/455/28 573/461/28
f 32/462/28 575/457/28 572/463/28
f 46/459/28 571/464/28 45/465/28
f 59/460/28 570/466/28 58/467/28
f 31/468/28 572/463/28 569/469/28
f 45/465/28 568/470/28 44/471/28
f 58/467/28 567/472/28 57/473/28
f 30/474/28 569/469/28 566/475/28
f 44/471/28 564/476/28 43/477/28
f 57/473/28 563/478/28 56/479/28
f 30/474/28 565/454/28 29/480/28
f 42/481/28 564/476/28 562/482/28
f 56/479/28 561/483/28 55/484/28
f 41/485/28 562/482/28 560/486/28
f 55/484/28 559/487/28 54/488/28
f 40/489/28 560/486/28 558/490/28
f 54/488/28 557/491/28 53/492/28
f 39/493/28 558/490/28 556/494/28
f 53/492/28 554/495/28 52/496/28
f 38/497/28 556/494/28 555/436/28
f 52/496/28 553/498/28 51/438/28
s 45
f 62/499/27 616/500/27 585/501/27
f 63/502/27 585/501/27 586/503/27
f 63/502/27 587/504/27 64/505/27
f 64/505/27 588/506/27 65/507/27
f 65/507/27 589/508/27 66/509/27
f 66/509/27 590/510/27 67/511/27
f 67/511/27 591/512/27 68/513/27
f 68/513/27 592/514/27 69/515/27
f 69/515/27 593/516/27 70/517/27
f 70/517/27 594/518/27 71/519/27
f 71/519/27 595/520/27 72/521/27
f 72/521/27 596/522/27 73/523/27
f 73/523/27 597/524/27 74/525/27
f 74/525/27 598/526/27 75/527/27
f 75/527/27 599/528/27 76/529/27
f 76/529/27 600/530/27 77/531/27
f 77/531/27 601/532/27 78/533/27
f 78/533/27 602/534/27 79/535/27
f 79/535/27 603/536/27 80/537/27
f 81/538/27 603/536/27 604/539/27
f 82/540/27 604/539/27 605/541/27
f 83/542/27 605/541/27 606/543/27
f 84/544/27 606/543/27 607/545/27
f 85/546/27 607/545/27 608/547/27
f 86/548/27 608/547/27 609/549/27
f 87/550/27 609/549/27 610/551/27
f 88/552/27 610/551/27 611/553/27
f 89/554/27 611/553/27 612/555/27
f 90/556/27 612/555/27 613/557/27
f 91/558/27 613/557/27 614/559/27
f 92/560/27 614/559/27 615/561/27
f 61/562/27 615/561/27 616/500/27
s 19
f 617/385/102 169/225/102 170/563/102
s 46
f 172/227/136 622/564/136 171/565/136
s 21
f 176/566/111 628/567/111 175/204/111
s 18
f 174/568/93 629/569/93 482/393/93
s 19
f 620/570/102 193/571/102 469/217/102
s 23
f 192/265/2 636/197/2 191/572/2
s 22
f 190/263/35 639/573/35 490/252/35
s 15
f 188/212/93 642/574/93 187/160/93
s 24
f 186/210/111 647/575/111 494/400/111
s 26
f 184/293/102 652/576/102 183/201/102
s 25
f 182/577/136 655/578/136 506/294/136
s 27
f 178/579/2 657/580/2 510/208/2
s 47
f 180/207/35 662/581/35 179/307/35
s 20
f 620/582/105 624/583/167 623/584/105
s 17
f 630/585/114 628/388/97 627/389/114
f 632/586/103 626/232/115 625/234/103
s 14
f 640/587/121 636/253/92 635/255/121
f 638/588/112 634/256/122 633/258/112
s 7
f 641/403/128 647/589/72 642/402/72
f 646/590/132 644/273/129 643/274/132
s 16
f 656/591/137 652/405/95 651/406/137
f 649/289/134 653/592/138 650/287/138
s 28
f 661/593/150 657/594/149 662/595/149
f 663/596/146 659/597/151 664/598/151
s 20
f 171/565/168 617/599/169 170/600/168
s 23
f 633/237/2 216/262/2 215/601/2
s 46
f 622/602/136 476/229/136 621/603/136
f 621/604/136 473/228/136 624/605/136
f 624/583/136 474/412/136 623/584/136
f 623/606/136 196/413/136 195/188/136
s 24
f 646/607/111 210/608/111 495/193/111
s 20
f 622/602/169 618/609/170 617/610/169
f 619/611/167 621/604/171 624/605/167
s 47
f 662/595/35 516/304/35 661/593/35
f 661/612/35 513/303/35 664/311/35
f 664/598/35 514/192/35 663/596/35
f 663/613/35 204/191/35 203/182/35
s 5
f 521/125/53 520/148/54 544/126/54
f 527/128/55 551/149/55 552/129/56
f 518/131/57 517/139/58 531/132/58
f 524/134/59 548/150/59 549/135/60
f 521/125/53 545/127/53 546/137/61
f 517/139/58 528/130/56 552/129/56
f 518/140/57 542/614/57 543/141/62
f 525/136/60 549/135/60 550/143/63
f 523/145/64 522/138/61 546/137/61
f 519/147/62 543/615/62 544/126/54
f 526/144/63 550/143/63 551/149/55
f 523/145/64 547/146/64 548/150/59
s 6
f 191/151/65 170/314/66 169/152/66
f 187/154/67 189/319/68 190/155/68
f 183/157/69 185/327/70 186/158/70
s 7
f 187/160/71 642/574/72 647/161/72
s 6
f 179/163/73 181/335/74 182/164/74
f 175/166/75 177/342/76 178/167/76
f 171/169/77 173/350/78 174/170/78
s 8
f 213/172/46 215/601/46 216/173/79
s 9
f 209/175/80 211/200/80 212/176/81
s 10
f 205/178/82 207/286/82 208/179/83
s 11
f 202/181/84 201/306/15 203/182/15
s 12
f 197/184/85 199/231/85 200/185/86
s 13
f 193/187/87 194/224/88 195/188/88
s 11
f 511/190/89 202/299/84 204/191/84
s 9
f 495/193/90 210/608/81 212/194/81
s 14
f 189/196/91 191/572/91 636/197/92
s 15
f 643/199/93 498/195/93 212/194/93
s 16
f 183/201/94 652/576/95 655/202/95
s 17
f 175/204/96 628/567/97 629/205/97
s 11
f 180/207/98 178/579/98 510/208/99
s 9
f 186/210/100 494/400/101 499/211/101
s 18
f 632/213/93 197/616/93 198/214/93
s 19
f 619/216/102 620/617/102 469/217/102
f 618/219/102 619/618/102 470/218/102
s 17
f 625/221/103 199/231/104 197/184/104
s 20
f 620/223/105 623/606/105 195/188/106
s 13
f 169/225/107 472/386/108 475/226/108
f 471/220/109 470/218/110 473/228/110
s 21
f 625/221/111 480/233/111 200/230/111
f 626/232/111 479/246/111 480/233/111
s 18
f 631/235/93 632/619/93 483/215/93
s 14
f 633/237/112 215/601/113 213/172/113
s 17
f 627/239/114 626/387/115 631/240/115
s 12
f 483/215/116 198/214/86 200/230/86
f 176/242/117 174/620/117 482/243/118
f 478/245/119 481/391/119 484/236/120
s 22
f 638/247/35 213/621/35 214/248/35
f 639/250/35 640/622/35 489/251/35
s 23
f 636/253/2 485/264/2 486/254/2
f 634/256/2 487/266/2 488/257/2
s 14
f 640/259/121 635/394/121 634/260/122
s 8
f 491/249/123 214/248/79 216/262/79
f 190/263/124 490/252/125 485/264/125
f 489/251/126 492/396/127 487/266/127
s 7
f 641/267/128 644/401/129 645/268/129
s 9
f 493/270/130 496/279/131 497/271/131
s 15
f 644/273/93 497/271/93 498/195/93
s 7
f 643/199/132 211/200/133 209/175/133
s 16
f 649/276/134 207/286/135 205/178/135
s 24
f 645/278/111 646/623/111 495/193/111
s 25
f 654/280/136 205/624/136 206/281/136
f 653/283/136 654/625/136 507/282/136
s 26
f 649/276/102 504/288/102 208/285/102
f 650/287/102 503/297/102 504/288/102
s 16
f 651/290/137 650/404/138 653/291/138
s 10
f 507/282/139 206/281/83 208/285/83
f 184/293/140 182/577/140 506/294/141
f 502/296/142 505/408/142 508/284/143
s 27
f 660/298/2 201/626/2 202/299/2
f 659/300/2 660/627/2 511/190/2
s 11
f 509/302/144 512/301/145 513/303/145
s 28
f 660/305/146 663/613/146 203/182/147
f 179/307/148 662/581/149 657/308/149
f 658/310/150 661/612/150 664/311/151
s 6
f 328/313/152 305/357/52 170/314/66
f 327/315/152 306/628/52 305/316/52
f 326/318/153 328/313/152 191/151/65
f 325/320/153 327/315/152 328/317/152
f 324/322/154 326/318/153 189/319/68
s 29
f 315/323/85 333/629/85 334/324/85
s 6
f 322/326/155 324/322/154 187/154/67
f 321/328/155 323/630/154 324/329/154
f 320/331/156 322/326/155 185/327/70
f 319/332/156 321/328/155 322/330/155
f 318/334/157 320/331/156 183/157/69
f 317/336/157 319/332/156 320/333/156
f 316/338/158 318/334/157 181/335/74
s 30
f 309/339/27 331/631/27 329/340/27
s 6
f 177/342/76 314/632/159 316/338/158
f 314/343/159 313/348/159 315/344/158
f 312/346/41 314/632/159 177/342/76
f 312/347/41 311/633/41 313/348/159
f 310/349/160 312/346/41 175/166/75
f 309/351/160 311/633/41 312/347/41
f 308/353/161 310/349/160 173/350/78
s 31
f 326/354/88 340/370/88 339/355/88
s 6
f 305/357/52 308/360/161 171/358/77
f 306/359/52 307/434/161 308/360/161
s 32
f 337/361/102 339/375/102 340/362/102
s 33
f 333/364/111 335/379/111 336/365/111
s 34
f 329/340/2 331/631/2 332/367/2
s 35
f 326/354/28 324/378/28 338/369/28
s 36
f 310/371/15 332/384/15 331/372/15
s 37
f 323/374/27 325/634/27 339/375/27
s 38
f 318/376/28 316/325/28 334/324/28
s 39
f 323/374/82 337/361/82 338/369/82
s 40
f 318/376/80 336/377/80 335/379/80
s 41
f 317/380/27 335/379/27 333/364/27
s 42
f 307/341/46 329/340/46 330/382/46
s 43
f 308/383/28 330/382/28 332/384/28
s 19
f 617/385/102 618/635/102 471/220/102
s 21
f 627/239/111 478/245/111 479/246/111
f 628/388/111 477/636/111 478/245/111
s 18
f 630/390/93 631/637/93 484/236/93
f 629/392/93 630/638/93 481/391/93
s 23
f 635/394/2 486/254/2 487/266/2
s 22
f 640/395/35 637/639/35 492/396/35
f 637/397/35 638/640/35 491/249/35
s 24
f 648/398/111 645/641/111 496/279/111
f 647/399/111 648/642/111 493/270/111
s 15
f 641/267/93 500/272/93 497/271/93
f 642/402/93 499/211/93 500/272/93
s 26
f 651/290/102 502/296/102 503/297/102
f 652/405/102 501/295/102 502/296/102
s 25
f 656/407/136 653/643/136 508/284/136
f 655/409/136 656/644/136 505/408/136
s 27
f 658/410/2 659/645/2 512/301/2
f 657/411/2 658/646/2 509/302/2
s 13
f 471/220/109 476/229/109 475/226/108
f 474/412/162 473/228/110 470/218/110
s 12
f 478/245/119 477/636/118 482/393/118
f 480/233/116 479/246/120 484/236/120
s 8
f 486/254/126 485/264/125 490/252/125
f 488/257/123 487/266/127 492/396/127
s 9
f 500/272/130 499/211/101 494/400/101
f 498/195/90 497/271/131 496/279/131
s 10
f 502/296/142 501/295/141 506/294/141
f 507/282/139 504/288/139 503/297/143
s 11
f 516/304/144 515/209/99 510/208/99
f 514/192/89 513/303/145 512/301/145
s 13
f 469/217/162 193/571/87 196/413/87
s 6
f 528/414/152 517/433/52 306/359/52
f 527/416/163 528/414/152 327/415/152
f 526/418/40 527/416/163 325/417/153
f 525/420/155 526/418/40 323/419/154
f 524/422/156 525/420/155 321/421/155
f 523/424/29 524/422/156 319/423/156
f 522/426/164 523/424/29 317/425/157
f 313/428/159 521/647/159 522/426/164
f 520/429/41 521/647/159 313/428/159
f 519/142/165 520/429/41 311/430/41
f 518/140/166 519/142/165 309/431/160
f 517/433/52 518/648/166 307/434/161
s 44
f 37/435/28 38/497/28 555/436/28
f 51/438/28 553/498/28 583/439/28
f 36/441/28 37/435/28 584/437/28
f 50/440/28 583/439/28 581/443/28
f 35/445/28 36/441/28 582/442/28
f 49/444/28 581/443/28 579/447/28
f 34/449/28 35/445/28 580/446/28
f 47/451/28 48/448/28 579/447/28
f 60/453/28 29/480/28 565/454/28
f 33/456/28 34/449/28 578/450/28
f 47/451/28 577/452/28 574/458/28
f 59/460/28 60/453/28 576/455/28
f 32/462/28 33/456/28 575/457/28
f 46/459/28 574/458/28 571/464/28
f 59/460/28 573/461/28 570/466/28
f 31/468/28 32/462/28 572/463/28
f 45/465/28 571/464/28 568/470/28
f 58/467/28 570/466/28 567/472/28
f 30/474/28 31/468/28 569/469/28
f 44/471/28 568/470/28 564/476/28
f 57/473/28 567/472/28 563/478/28
f 30/474/28 566/475/28 565/454/28
f 42/481/28 43/477/28 564/476/28
f 56/479/28 563/478/28 561/483/28
f 41/485/28 42/481/28 562/482/28
f 55/484/28 561/483/28 559/487/28
f 40/489/28 41/485/28 560/486/28
f 54/488/28 559/487/28 557/491/28
f 39/493/28 40/489/28 558/490/28
f 53/492/28 557/491/28 554/495/28
f 38/497/28 39/493/28 556/494/28
f 52/496/28 554/495/28 553/498/28
s 45
f 62/499/27 61/562/27 616/500/27
f 63/502/27 62/499/27 585/501/27
f 63/502/27 586/503/27 587/504/27
f 64/505/27 587/504/27 588/506/27
f 65/507/27 588/506/27 589/508/27
f 66/509/27 589/508/27 590/510/27
f 67/511/27 590/510/27 591/512/27
f 68/513/27 591/512/27 592/514/27
f 69/515/27 592/514/27 593/516/27
f 70/517/27 593/516/27 594/518/27
f 71/519/27 594/518/27 595/520/27
f 72/521/27 595/520/27 596/522/27
f 73/523/27 596/522/27 597/524/27
f 74/525/27 597/524/27 598/526/27
f 75/527/27 598/526/27 599/528/27
f 76/529/27 599/528/27 600/530/27
f 77/531/27 600/530/27 601/532/27
f 78/533/27 601/532/27 602/534/27
f 79/535/27 602/534/27 603/536/27
f 81/538/27 80/537/27 603/536/27
f 82/540/27 81/538/27 604/539/27
f 83/542/27 82/540/27 605/541/27
f 84/544/27 83/542/27 606/543/27
f 85/546/27 84/544/27 607/545/27
f 86/548/27 85/546/27 608/547/27
f 87/550/27 86/548/27 609/549/27
f 88/552/27 87/550/27 610/551/27
f 89/554/27 88/552/27 611/553/27
f 90/556/27 89/554/27 612/555/27
f 91/558/27 90/556/27 613/557/27
f 92/560/27 91/558/27 614/559/27
f 61/562/27 92/560/27 615/561/27
s 19
f 617/385/102 472/386/102 169/225/102
s 46
f 172/227/136 475/226/136 622/564/136
s 21
f 176/566/111 477/636/111 628/567/111
s 18
f 174/568/93 173/649/93 629/569/93
s 19
f 620/570/102 194/650/102 193/571/102
s 23
f 192/265/2 485/264/2 636/197/2
s 22
f 190/263/35 189/651/35 639/573/35
s 15
f 188/212/93 499/211/93 642/574/93
s 24
f 186/210/111 185/652/111 647/575/111
s 26
f 184/293/102 501/295/102 652/576/102
s 25
f 182/577/136 181/653/136 655/578/136
s 27
f 178/579/2 177/654/2 657/580/2
s 47
f 180/207/35 515/209/35 662/581/35
s 20
f 620/582/105 619/655/167 624/583/167
s 17
f 630/585/114 629/656/97 628/388/97
f 632/586/103 631/657/115 626/232/115
s 14
f 640/587/121 639/658/92 636/253/92
f 638/588/112 637/659/122 634/256/122
s 7
f 641/403/128 648/660/128 647/589/72
f 646/590/132 645/661/129 644/273/129
s 16
f 656/591/137 655/662/95 652/405/95
f 649/289/134 654/663/134 653/592/138
s 28
f 661/593/150 658/664/150 657/594/149
f 663/596/146 660/665/146 659/597/151
s 20
f 171/565/168 622/564/169 617/599/169
s 23
f 633/237/2 488/257/2 216/262/2
s 46
f 622/602/136 475/226/136 476/229/136
f 621/604/136 476/229/136 473/228/136
f 624/583/136 473/228/136 474/412/136
f 623/606/136 474/412/136 196/413/136
s 24
f 646/607/111 209/666/111 210/608/111
s 20
f 622/602/169 621/603/171 618/609/170
f 619/611/167 618/667/170 621/604/171
s 47
f 662/595/35 515/209/35 516/304/35
f 661/612/35 516/304/35 513/303/35
f 664/598/35 513/303/35 514/192/35
f 663/613/35 514/192/35 204/191/35
s 48
g LlantasTraserasDerechas_02_SpacialRoverExploreralumGrayDeep
usemtl SpacialRoverExploreralumGrayDeep
f 164/668/166 235/669/52 163/670/52
s 6
f 192/153/65 217/671/52 228/672/152
f 227/673/163 192/153/65 228/672/152
f 188/156/67 227/673/163 226/674/40
f 186/158/70 226/674/40 225/675/155
f 184/159/69 225/675/155 224/676/156
f 182/164/74 224/676/156 223/677/29
f 180/165/73 223/677/29 222/678/164
f 221/679/159 180/165/73 222/678/164
f 220/680/41 178/167/76 221/679/159
f 174/170/78 220/680/41 219/681/165
f 172/171/77 219/681/165 218/682/166
f 169/152/66 218/683/166 217/671/52
s 49
f 157/684/28 218/685/28 158/686/28
f 158/686/28 219/687/28 159/688/28
f 159/688/28 220/689/28 160/690/28
f 161/691/28 220/689/28 221/692/28
f 161/691/28 222/693/28 162/694/28
f 163/695/28 222/693/28 223/696/28
f 163/695/28 224/697/28 164/698/28
f 165/699/28 224/697/28 225/700/28
f 165/699/28 226/701/28 166/702/28
f 166/702/28 227/703/28 167/704/28
f 167/704/28 228/705/28 168/706/28
f 157/684/28 228/705/28 217/707/28
s 50
f 232/708/28 236/709/28 240/710/28
s 48
f 161/711/163 232/712/40 160/713/40
f 168/714/164 239/715/159 167/716/159
f 158/717/156 229/718/29 157/719/29
f 165/720/165 236/721/166 164/668/166
f 161/711/163 234/722/152 233/723/163
f 157/719/29 240/724/164 168/714/164
f 159/725/155 230/726/156 158/727/156
f 166/728/41 237/729/165 165/720/165
f 163/670/52 234/722/152 162/730/152
f 160/713/40 231/731/155 159/725/155
f 167/716/159 238/732/41 166/728/41
s 51
f 530/733/52 542/734/166 531/735/52
f 529/736/166 543/141/165 542/614/166
f 532/737/165 544/738/41 543/141/165
f 533/739/41 545/740/159 544/738/41
f 545/740/159 535/741/164 546/742/164
f 535/741/164 547/743/29 546/742/164
f 536/744/29 548/745/156 547/743/29
f 537/746/156 549/747/155 548/745/156
f 538/748/155 550/749/40 549/747/155
f 539/750/40 551/751/163 550/749/40
s 52
f 540/752/27 536/753/27 532/737/27
s 51
f 540/754/163 552/755/152 551/751/163
f 541/756/152 531/735/52 552/755/152
s 48
f 164/668/166 236/721/166 235/669/52
s 6
f 192/153/65 169/152/66 217/671/52
f 227/673/163 190/155/68 192/153/65
f 188/156/67 190/155/68 227/673/163
f 186/158/70 188/156/67 226/674/40
f 184/159/69 186/158/70 225/675/155
f 182/164/74 184/159/69 224/676/156
f 180/165/73 182/164/74 223/677/29
f 221/679/159 178/167/76 180/165/73
f 220/680/41 176/168/75 178/167/76
f 174/170/78 176/168/75 220/680/41
f 172/171/77 174/170/78 219/681/165
f 169/152/66 172/757/77 218/683/166
s 49
f 157/684/28 217/707/28 218/685/28
f 158/686/28 218/685/28 219/687/28
f 159/688/28 219/687/28 220/689/28
f 161/691/28 160/690/28 220/689/28
f 161/691/28 221/692/28 222/693/28
f 163/695/28 162/694/28 222/693/28
f 163/695/28 223/696/28 224/697/28
f 165/699/28 164/698/28 224/697/28
f 165/699/28 225/700/28 226/701/28
f 166/702/28 226/701/28 227/703/28
f 167/704/28 227/703/28 228/705/28
f 157/684/28 168/706/28 228/705/28
s 50
f 240/710/28 229/758/28 230/759/28
f 230/759/28 231/760/28 232/708/28
f 232/708/28 233/761/28 234/762/28
f 234/762/28 235/763/28 236/709/28
f 236/709/28 237/764/28 238/765/28
f 238/765/28 239/766/28 240/710/28
f 240/710/28 230/759/28 232/708/28
f 232/708/28 234/762/28 236/709/28
f 236/709/28 238/765/28 240/710/28
s 48
f 161/711/163 233/723/163 232/712/40
f 168/714/164 240/724/164 239/715/159
f 158/717/156 230/767/156 229/718/29
f 165/720/165 237/729/165 236/721/166
f 161/711/163 162/730/152 234/722/152
f 157/719/29 229/718/29 240/724/164
f 159/725/155 231/731/155 230/726/156
f 166/728/41 238/732/41 237/729/165
f 163/670/52 235/669/52 234/722/152
f 160/713/40 232/712/40 231/731/155
f 167/716/159 239/715/159 238/732/41
s 51
f 530/733/52 529/768/166 542/734/166
f 529/736/166 532/737/165 543/141/165
f 532/737/165 533/739/41 544/738/41
f 533/739/41 534/769/159 545/740/159
f 545/740/159 534/769/159 535/741/164
f 535/741/164 536/744/29 547/743/29
f 536/744/29 537/746/156 548/745/156
f 537/746/156 538/748/155 549/747/155
f 538/748/155 539/750/40 550/749/40
f 539/750/40 540/754/163 551/751/163
s 52
f 532/737/27 529/736/27 530/770/27
f 530/770/27 541/771/27 540/752/27
f 540/752/27 539/772/27 538/773/27
f 538/773/27 537/774/27 536/753/27
f 536/753/27 535/775/27 534/776/27
f 534/776/27 533/777/27 532/737/27
f 532/737/27 530/770/27 540/752/27
f 540/752/27 538/773/27 536/753/27
f 536/753/27 534/776/27 532/737/27
s 51
f 540/754/163 541/756/152 552/755/152
f 541/756/152 530/733/52 531/735/52
s 45
g LlantasTraserasDerechas_02_SpacialRoverExplorerwheels
usemtl SpacialRoverExplorerwheels
f 616/778/27 124/779/172 94/780/173
f 615/781/27 123/782/174 124/779/172
f 614/783/27 122/784/175 123/782/174
f 613/785/27 121/786/176 122/784/175
f 612/787/27 120/788/177 121/786/176
f 611/789/27 119/790/178 120/788/177
f 610/791/27 118/792/179 119/790/178
f 609/793/27 117/794/179 118/792/179
f 608/795/27 116/796/180 117/794/179
f 607/797/27 115/798/181 116/796/180
f 606/799/27 114/800/182 115/798/181
f 605/801/27 113/802/183 114/800/182
f 604/803/27 112/804/184 113/805/183
f 602/806/27 112/804/184 603/807/27
f 601/808/27 111/809/184 602/806/27
f 600/810/27 110/811/185 601/808/27
f 599/812/27 109/813/185 600/810/27
f 598/814/27 108/815/186 599/812/27
f 597/816/27 107/817/186 598/814/27
f 596/818/27 106/819/187 597/816/27
f 595/820/27 105/821/187 596/818/27
f 594/822/27 104/823/188 595/820/27
f 593/824/27 103/825/189 594/822/27
f 592/826/27 102/827/190 593/824/27
f 591/828/27 101/829/191 592/826/27
f 590/830/27 100/831/192 591/828/27
f 589/832/27 99/833/193 590/830/27
f 588/834/27 98/835/194 589/832/27
f 587/836/27 97/837/194 588/838/27
f 587/836/27 95/839/195 96/840/196
f 586/841/27 93/842/173 95/839/195
f 585/843/27 94/780/173 93/842/173
s 44
f 554/844/28 147/845/197 553/846/28
f 555/847/28 135/848/198 134/849/199
f 557/850/28 148/851/197 554/844/28
f 556/852/28 136/853/200 135/848/198
f 559/854/28 149/855/201 557/850/28
f 558/856/28 137/857/202 136/853/200
f 561/858/28 150/859/201 559/854/28
f 560/860/28 138/861/203 137/857/202
f 563/862/28 151/863/204 561/858/28
f 562/864/28 139/865/205 138/861/203
f 566/866/28 125/867/206 565/868/28
f 567/869/28 152/870/207 563/862/28
f 564/871/28 140/872/205 139/865/205
f 569/873/28 126/874/206 566/866/28
f 570/875/28 153/876/208 567/869/28
f 571/877/28 140/872/205 568/878/28
f 572/879/28 127/880/209 569/873/28
f 573/881/28 154/882/210 570/875/28
f 574/883/28 141/884/211 571/877/28
f 575/885/28 128/886/209 572/879/28
f 576/887/28 155/888/212 573/881/28
f 577/889/28 142/890/213 574/883/28
f 575/891/28 130/892/214 129/893/214
f 565/868/28 156/894/215 576/887/28
f 579/895/28 143/896/216 577/889/28
f 578/897/28 131/898/217 130/892/214
f 581/899/28 144/900/216 579/895/28
f 580/901/28 132/902/218 131/898/217
f 583/903/28 145/904/219 581/905/28
f 582/906/28 133/907/220 132/902/218
f 553/846/28 146/908/219 583/903/28
f 584/909/28 134/849/199 133/907/220
s 53
f 242/910/221 151/863/222 244/911/223
s 54
f 246/912/224 155/888/225 248/913/226
s 55
f 248/913/227 440/914/228 247/915/229
s 56
f 252/916/230 153/876/231 250/917/232
s 57
f 299/918/233 342/919/234 466/920/235
s 55
f 247/915/229 341/921/236 123/782/237
s 45
f 114/800/182 351/922/238 352/923/239
s 58
f 298/924/240 465/925/241 433/926/240
s 44
f 155/888/212 403/927/242 404/928/242
s 59
f 266/929/243 145/930/244 260/931/245
s 60
f 262/932/246 147/845/247 256/933/248
s 61
f 258/934/249 149/855/250 254/935/251
s 62
f 246/912/252 439/936/253 407/937/254
s 58
f 297/938/241 370/939/255 465/925/241
s 63
f 140/872/256 268/940/257 274/941/258
s 64
f 142/890/259 264/942/260 270/943/261
s 62
f 245/944/262 344/945/263 439/936/253
s 45
f 116/796/180 349/946/264 350/947/264
s 65
f 136/853/265 276/948/266 282/949/267
s 66
f 138/861/268 272/950/269 278/951/270
s 67
f 296/952/271 464/953/272 295/954/273
s 44
f 153/876/208 401/955/274 402/956/274
s 68
f 244/911/275 438/957/276 243/958/277
s 67
f 295/954/273 369/959/278 95/839/278
s 69
f 128/886/279 292/960/280 298/924/281
s 70
f 130/892/282 288/961/283 294/962/284
s 71
f 132/902/285 284/963/286 290/964/287
s 72
f 134/849/288 280/965/289 286/966/290
s 73
f 300/967/291 125/867/292 302/968/293
s 68
f 243/958/277 345/969/294 119/790/295
s 74
f 304/970/296 127/880/297 296/952/298
s 45
f 118/792/179 347/971/299 348/972/299
s 75
f 294/962/300 463/973/301 431/974/302
s 44
f 151/863/204 399/975/303 400/976/303
s 74
f 93/842/304 295/954/305 95/839/304
f 303/977/306 296/952/298 295/954/305
s 76
f 242/910/307 437/978/308 405/979/309
s 75
f 293/980/310 368/981/311 463/973/301
s 73
f 124/779/312 301/982/313 94/780/312
f 299/918/314 302/968/293 301/982/313
s 72
f 285/983/315 103/825/316 102/827/316
f 286/966/290 279/984/317 285/983/315
s 71
f 289/985/318 101/829/319 100/831/319
f 290/964/287 283/986/320 289/985/318
s 70
f 293/980/321 99/833/322 98/835/322
f 294/962/284 287/987/323 293/980/321
s 69
f 297/938/324 97/837/325 96/840/325
f 298/924/281 291/988/326 297/938/324
s 76
f 241/989/327 348/972/328 437/978/308
s 45
f 120/788/177 345/969/329 346/990/329
s 77
f 292/991/330 462/992/331 291/993/332
s 44
f 149/855/201 397/994/333 398/995/333
s 78
f 304/970/334 373/996/335 126/874/336
s 77
f 291/993/332 367/997/337 97/998/338
s 79
f 302/968/339 374/999/340 435/1000/339
s 45
f 122/784/175 343/1001/341 344/945/341
s 66
f 277/1002/342 107/817/343 106/819/343
f 278/951/270 271/1003/344 277/1002/342
s 65
f 281/1004/345 105/821/346 104/823/346
f 282/949/267 275/1005/347 281/1004/345
s 80
f 290/964/348 461/1006/349 429/1007/348
s 44
f 147/845/197 395/1008/350 396/1009/350
s 57
f 300/967/351 403/927/352 156/894/353
s 80
f 289/985/354 366/1010/355 461/1006/349
s 64
f 269/1011/356 111/809/357 110/811/357
f 270/943/261 263/1012/358 269/1011/356
s 63
f 273/1013/359 109/813/360 108/815/360
f 274/941/258 267/1014/361 273/1013/359
s 58
f 298/924/240 375/1015/362 128/886/362
s 45
f 124/779/172 341/921/363 342/919/363
s 81
f 288/961/364 460/1016/365 287/987/366
s 44
f 145/904/219 393/1017/367 394/1018/367
s 61
f 116/796/368 253/1019/369 117/794/368
f 257/1020/370 254/935/251 253/1019/369
s 60
f 114/800/371 255/1021/372 115/798/373
f 261/1022/374 256/933/248 255/1021/372
s 59
f 112/804/375 259/1023/376 113/805/375
f 265/1024/377 260/931/245 259/1023/376
s 67
f 296/952/271 376/1025/378 432/1026/271
s 81
f 287/987/366 365/1027/379 99/833/380
s 75
f 294/962/300 377/1028/381 130/892/382
s 82
f 286/966/383 459/1029/384 427/1030/385
s 44
f 143/896/216 391/1031/386 392/1032/386
s 77
f 292/991/330 378/1033/387 430/1034/330
s 82
f 285/983/388 364/1035/389 459/1029/384
s 80
f 290/964/348 379/1036/390 132/902/391
s 83
f 284/963/392 458/1037/393 283/986/394
s 44
f 142/890/213 390/1038/395 141/884/211
s 56
f 120/788/396 249/1039/397 121/786/396
f 251/1040/398 250/917/232 249/1039/397
s 81
f 288/961/364 380/1041/399 428/1042/364
s 83
f 283/986/394 363/1043/400 101/829/401
s 54
f 122/784/402 247/915/403 123/782/402
f 245/944/404 248/913/226 247/915/403
s 53
f 118/792/405 243/958/406 119/790/405
f 241/989/407 244/911/223 243/958/406
s 84
f 409/1044/408 401/955/409 407/937/410
s 85
f 406/1045/411 399/975/412 410/1046/413
s 86
f 411/1047/414 397/994/415 405/979/416
s 87
f 412/1048/417 395/1008/418 413/1049/419
s 88
f 414/1050/420 393/1017/421 415/1051/422
s 89
f 416/1052/423 391/1031/424 417/1053/423
s 90
f 390/1038/425 419/1054/426 418/1055/427
s 91
f 388/1056/428 421/1057/429 420/1058/430
s 92
f 386/1059/431 423/1060/432 422/1061/433
s 93
f 384/1062/434 425/1063/435 424/1064/436
s 94
f 382/1065/437 427/1030/438 426/1066/439
s 95
f 380/1041/440 429/1007/441 428/1042/442
s 96
f 378/1033/443 431/974/444 430/1034/445
s 97
f 376/1025/446 433/926/447 432/1026/447
s 98
f 435/1000/448 373/996/449 436/1067/450
s 99
f 408/1068/451 403/927/452 434/1069/453
f 341/921/454 466/920/455 342/919/454
f 440/914/456 434/1069/453 466/920/455
s 98
f 371/1070/457 468/1071/458 372/1072/457
f 467/1073/459 436/1067/450 468/1071/458
s 97
f 464/953/460 370/939/461 369/959/461
f 432/1026/447 465/925/460 464/953/460
s 96
f 462/992/462 368/981/463 367/997/463
f 430/1034/445 463/973/464 462/992/462
s 95
f 460/1016/465 366/1010/466 365/1027/466
f 428/1042/442 461/1006/467 460/1016/465
s 94
f 458/1037/468 364/1035/469 363/1043/469
f 426/1066/439 459/1029/470 458/1037/468
s 93
f 456/1074/471 362/1075/472 361/1076/473
f 424/1064/436 457/1077/474 456/1074/471
s 92
f 454/1078/475 360/1079/476 359/1080/476
f 422/1061/433 455/1081/477 454/1078/475
s 91
f 452/1082/478 358/1083/479 357/1084/479
f 420/1058/430 453/1085/480 452/1082/478
s 90
f 450/1086/481 356/1087/482 355/1088/482
f 418/1055/427 451/1089/483 450/1086/481
s 89
f 353/1090/484 449/1091/485 354/1092/484
f 416/1052/423 449/1091/485 448/1093/485
s 88
f 351/922/486 447/1094/487 352/923/486
f 446/1095/488 415/1051/422 447/1094/487
s 87
f 349/946/489 445/1096/490 350/947/489
f 444/1097/491 413/1049/419 445/1096/490
s 86
f 347/971/492 437/978/493 348/972/492
f 443/1098/494 405/979/416 437/978/493
s 85
f 345/969/495 442/1099/496 346/990/495
f 438/957/497 410/1046/413 442/1099/496
s 84
f 343/1001/498 439/936/499 344/945/498
f 441/1100/500 407/937/410 439/936/499
s 57
f 300/967/351 466/920/235 434/1069/351
s 45
f 111/809/184 354/1092/501 112/804/184
s 100
f 249/1039/502 343/1001/503 121/786/504
s 79
f 301/982/505 371/1070/506 94/780/507
s 100
f 250/917/508 441/1100/509 249/1039/502
s 79
f 302/968/339 467/1073/510 301/982/505
s 45
f 109/813/185 356/1087/511 110/811/185
s 101
f 251/1040/512 346/990/513 442/1099/514
s 78
f 303/977/515 372/1072/516 468/1071/517
s 101
f 252/916/518 442/1099/514 410/1046/518
s 78
f 304/970/334 468/1071/517 436/1067/519
s 45
f 107/817/186 358/1083/520 108/815/186
s 102
f 253/1019/521 347/971/522 117/794/523
f 254/935/524 443/1098/525 253/1019/521
s 45
f 105/821/187 360/1079/526 106/819/187
s 103
f 255/1021/527 349/946/528 115/798/529
f 256/933/530 444/1097/531 255/1021/527
s 45
f 103/825/189 362/1075/532 104/823/188
s 104
f 257/1020/533 350/947/534 445/1096/535
f 258/934/536 445/1096/535 413/1049/537
s 45
f 101/829/191 364/1035/538 102/827/190
s 105
f 259/1101/539 351/922/540 113/802/541
f 260/1102/542 446/1095/543 259/1101/539
s 76
f 242/910/307 397/994/544 150/859/545
s 45
f 99/833/193 366/1010/546 100/831/192
s 106
f 261/1022/547 352/923/548 447/1094/549
s 68
f 244/911/275 400/976/550 406/1045/551
s 106
f 262/932/552 447/1094/549 415/1051/553
s 62
f 246/912/252 401/955/554 154/882/555
s 45
f 97/998/194 368/981/556 98/835/194
s 107
f 263/1012/557 353/1090/558 111/809/559
s 55
f 248/913/227 404/928/560 408/1068/561
s 107
f 264/942/562 448/1093/557 263/1012/557
s 100
f 250/917/508 402/956/563 409/1044/564
s 45
f 96/840/196 369/959/565 370/939/565
s 108
f 265/1024/566 354/1092/567 449/1091/568
s 101
f 252/916/518 399/975/569 152/870/570
s 108
f 266/929/571 449/1091/568 417/1053/571
s 102
f 254/935/524 398/995/572 411/1047/524
s 45
f 93/842/173 371/1070/573 372/1072/573
s 109
f 267/1014/574 355/1088/575 109/813/576
s 103
f 256/933/530 396/1009/577 412/1048/578
s 44
f 125/867/206 373/996/579 374/999/579
s 109
f 268/940/580 450/1086/581 267/1014/574
s 104
f 258/934/536 395/1008/582 148/851/583
s 110
f 269/1011/584 356/1087/585 451/1089/586
s 105
f 260/1102/542 394/1018/587 414/1050/588
s 44
f 128/886/209 376/1025/589 127/880/209
s 110
f 270/943/590 451/1089/586 419/1054/591
s 106
f 262/932/552 393/1017/592 146/908/593
s 111
f 271/1003/594 357/1084/595 107/817/596
s 107
f 264/942/562 392/1032/597 416/1052/598
s 44
f 130/892/214 378/1033/599 129/893/214
s 111
f 272/950/600 452/1082/601 271/1003/594
s 108
f 266/929/571 391/1031/602 144/900/603
s 112
f 273/1013/604 358/1083/605 453/1085/606
s 109
f 268/940/580 390/1038/607 418/1055/580
s 44
f 132/902/218 380/1041/608 131/898/217
s 112
f 274/941/609 453/1085/606 421/1057/609
s 110
f 270/943/590 389/1103/610 142/890/611
s 113
f 275/1005/612 359/1080/613 105/821/614
s 111
f 272/950/600 388/1056/615 420/1058/600
s 44
f 134/849/199 382/1065/616 133/907/220
s 113
f 276/948/617 454/1078/618 275/1005/612
s 112
f 274/941/609 387/1104/619 140/872/620
s 114
f 277/1002/621 360/1079/622 455/1081/623
s 113
f 276/948/617 386/1059/624 422/1061/625
s 44
f 136/853/200 384/1062/626 135/848/198
s 114
f 278/951/627 455/1081/623 423/1060/628
f 278/951/627 385/1105/629 138/861/630
s 115
f 279/984/631 361/1076/632 103/825/633
f 280/965/634 384/1062/635 424/1064/636
s 44
f 138/861/203 386/1059/637 137/857/202
s 115
f 280/965/634 456/1074/638 279/984/631
s 116
f 282/949/639 383/1106/640 136/853/641
f 281/1004/642 362/1075/643 457/1077/644
s 83
f 284/963/392 382/1065/645 426/1066/392
s 44
f 140/872/205 388/1056/646 139/865/205
s 116
f 282/949/639 457/1077/644 425/1063/647
s 82
f 286/966/383 381/1107/648 134/849/649
s 45
f 616/778/27 615/781/27 124/779/172
f 615/781/27 614/783/27 123/782/174
f 614/783/27 613/785/27 122/784/175
f 613/785/27 612/787/27 121/786/176
f 612/787/27 611/789/27 120/788/177
f 611/789/27 610/791/27 119/790/178
f 610/791/27 609/793/27 118/792/179
f 609/793/27 608/795/27 117/794/179
f 608/795/27 607/797/27 116/796/180
f 607/797/27 606/799/27 115/798/181
f 606/799/27 605/801/27 114/800/182
f 605/801/27 604/1108/27 113/802/183
f 604/803/27 603/807/27 112/804/184
f 602/806/27 111/809/184 112/804/184
f 601/808/27 110/811/185 111/809/184
f 600/810/27 109/813/185 110/811/185
f 599/812/27 108/815/186 109/813/185
f 598/814/27 107/817/186 108/815/186
f 597/816/27 106/819/187 107/817/186
f 596/818/27 105/821/187 106/819/187
f 595/820/27 104/823/188 105/821/187
f 594/822/27 103/825/189 104/823/188
f 593/824/27 102/827/190 103/825/189
f 592/826/27 101/829/191 102/827/190
f 591/828/27 100/831/192 101/829/191
f 590/830/27 99/833/193 100/831/192
f 589/832/27 98/835/194 99/833/193
f 588/834/27 97/998/194 98/835/194
f 587/836/27 96/840/196 97/837/194
f 587/836/27 586/841/27 95/839/195
f 586/841/27 585/843/27 93/842/173
f 585/843/27 616/778/27 94/780/173
s 44
f 554/844/28 148/851/197 147/845/197
f 555/847/28 556/852/28 135/848/198
f 557/850/28 149/855/201 148/851/197
f 556/852/28 558/856/28 136/853/200
f 559/854/28 150/859/201 149/855/201
f 558/856/28 560/860/28 137/857/202
f 561/858/28 151/863/204 150/859/201
f 560/860/28 562/864/28 138/861/203
f 563/862/28 152/870/207 151/863/204
f 562/864/28 564/871/28 139/865/205
f 566/866/28 126/874/206 125/867/206
f 567/869/28 153/876/208 152/870/207
f 564/871/28 568/878/28 140/872/205
f 569/873/28 127/880/209 126/874/206
f 570/875/28 154/882/210 153/876/208
f 571/877/28 141/884/211 140/872/205
f 572/879/28 128/886/209 127/880/209
f 573/881/28 155/888/212 154/882/210
f 574/883/28 142/890/213 141/884/211
f 575/885/28 129/1109/214 128/886/209
f 576/887/28 156/894/215 155/888/212
f 577/889/28 143/896/216 142/890/213
f 575/891/28 578/897/28 130/892/214
f 565/868/28 125/867/206 156/894/215
f 579/895/28 144/900/216 143/896/216
f 578/897/28 580/901/28 131/898/217
f 581/899/28 145/930/219 144/900/216
f 580/901/28 582/906/28 132/902/218
f 583/903/28 146/908/219 145/904/219
f 582/906/28 584/909/28 133/907/220
f 553/846/28 147/845/197 146/908/219
f 584/909/28 555/847/28 134/849/199
s 53
f 242/910/221 150/859/222 151/863/222
s 54
f 246/912/224 154/882/225 155/888/225
s 55
f 248/913/227 408/1068/561 440/914/228
s 56
f 252/916/230 152/870/231 153/876/231
s 57
f 299/918/233 124/779/650 342/919/234
s 55
f 247/915/229 440/914/228 341/921/236
s 45
f 114/800/182 113/802/183 351/922/238
s 58
f 298/924/240 297/938/241 465/925/241
s 44
f 155/888/212 156/894/215 403/927/242
s 59
f 266/929/243 144/900/244 145/930/244
s 60
f 262/932/246 146/908/247 147/845/247
s 61
f 258/934/249 148/851/250 149/855/250
s 62
f 246/912/252 245/944/262 439/936/253
s 58
f 297/938/241 96/840/651 370/939/255
s 63
f 140/872/256 141/884/256 268/940/257
s 64
f 142/890/259 143/896/259 264/942/260
s 62
f 245/944/262 122/784/652 344/945/263
s 45
f 116/796/180 115/798/181 349/946/264
s 65
f 136/853/265 137/857/265 276/948/266
s 66
f 138/861/268 139/865/268 272/950/269
s 67
f 296/952/271 432/1026/271 464/953/272
s 44
f 153/876/208 154/882/210 401/955/274
s 68
f 244/911/275 406/1045/551 438/957/276
s 67
f 295/954/273 464/953/272 369/959/278
s 69
f 128/886/279 129/1109/279 292/960/280
s 70
f 130/892/282 131/898/282 288/961/283
s 71
f 132/902/285 133/907/285 284/963/286
s 72
f 134/849/288 135/848/288 280/965/289
s 73
f 300/967/291 156/894/292 125/867/292
s 68
f 243/958/277 438/957/276 345/969/294
s 74
f 304/970/296 126/874/297 127/880/297
s 45
f 118/792/179 117/794/179 347/971/299
s 75
f 294/962/300 293/980/310 463/973/301
s 44
f 151/863/204 152/870/207 399/975/303
s 74
f 93/842/304 303/977/306 295/954/305
f 303/977/306 304/970/296 296/952/298
s 76
f 242/910/307 241/989/327 437/978/308
s 75
f 293/980/310 98/835/653 368/981/311
s 73
f 124/779/312 299/918/314 301/982/313
f 299/918/314 300/967/291 302/968/293
s 72
f 285/983/315 279/984/317 103/825/316
f 286/966/290 280/965/289 279/984/317
s 71
f 289/985/318 283/986/320 101/829/319
f 290/964/287 284/963/286 283/986/320
s 70
f 293/980/321 287/987/323 99/833/322
f 294/962/284 288/961/283 287/987/323
s 69
f 297/938/324 291/988/326 97/837/325
f 298/924/281 292/960/280 291/988/326
s 76
f 241/989/327 118/792/654 348/972/328
s 45
f 120/788/177 119/790/178 345/969/329
s 77
f 292/991/330 430/1034/330 462/992/331
s 44
f 149/855/201 150/859/201 397/994/333
s 78
f 304/970/334 436/1067/519 373/996/335
s 77
f 291/993/332 462/992/331 367/997/337
s 79
f 302/968/339 125/867/655 374/999/340
s 45
f 122/784/175 121/786/176 343/1001/341
s 66
f 277/1002/342 271/1003/344 107/817/343
f 278/951/270 272/950/269 271/1003/344
s 65
f 281/1004/345 275/1005/347 105/821/346
f 282/949/267 276/948/266 275/1005/347
s 80
f 290/964/348 289/985/354 461/1006/349
s 44
f 147/845/197 148/851/197 395/1008/350
s 57
f 300/967/351 434/1069/351 403/927/352
s 80
f 289/985/354 100/831/656 366/1010/355
s 64
f 269/1011/356 263/1012/358 111/809/357
f 270/943/261 264/942/260 263/1012/358
s 63
f 273/1013/359 267/1014/361 109/813/360
f 274/941/258 268/940/257 267/1014/361
s 58
f 298/924/240 433/926/240 375/1015/362
s 45
f 124/779/172 123/782/174 341/921/363
s 81
f 288/961/364 428/1042/364 460/1016/365
s 44
f 145/904/219 146/908/219 393/1017/367
s 61
f 116/796/368 257/1020/370 253/1019/369
f 257/1020/370 258/934/249 254/935/251
s 60
f 114/800/371 261/1022/374 255/1021/372
f 261/1022/374 262/932/246 256/933/248
s 59
f 112/804/375 265/1024/377 259/1023/376
f 265/1024/377 266/929/243 260/931/245
s 67
f 296/952/271 127/880/378 376/1025/378
s 81
f 287/987/366 460/1016/365 365/1027/379
s 75
f 294/962/300 431/974/302 377/1028/381
s 82
f 286/966/383 285/983/388 459/1029/384
s 44
f 143/896/216 144/900/216 391/1031/386
s 77
f 292/991/330 129/893/657 378/1033/387
s 82
f 285/983/388 102/827/658 364/1035/389
s 80
f 290/964/348 429/1007/348 379/1036/390
s 83
f 284/963/392 426/1066/392 458/1037/393
s 44
f 142/890/213 389/1103/395 390/1038/395
s 56
f 120/788/396 251/1040/398 249/1039/397
f 251/1040/398 252/916/230 250/917/232
s 81
f 288/961/364 131/898/659 380/1041/399
s 83
f 283/986/394 458/1037/393 363/1043/400
s 54
f 122/784/402 245/944/404 247/915/403
f 245/944/404 246/912/224 248/913/226
s 53
f 118/792/405 241/989/407 243/958/406
f 241/989/407 242/910/221 244/911/223
s 84
f 409/1044/408 402/956/409 401/955/409
s 85
f 406/1045/411 400/976/412 399/975/412
s 86
f 411/1047/414 398/995/415 397/994/415
s 87
f 412/1048/417 396/1009/418 395/1008/418
s 88
f 414/1050/420 394/1018/421 393/1017/421
s 89
f 416/1052/423 392/1032/424 391/1031/424
s 90
f 390/1038/425 389/1103/425 419/1054/426
s 91
f 388/1056/428 387/1104/428 421/1057/429
s 92
f 386/1059/431 385/1105/431 423/1060/432
s 93
f 384/1062/434 383/1106/434 425/1063/435
s 94
f 382/1065/437 381/1107/437 427/1030/438
s 95
f 380/1041/440 379/1036/440 429/1007/441
s 96
f 378/1033/443 377/1028/443 431/974/444
s 97
f 376/1025/446 375/1015/446 433/926/447
s 98
f 435/1000/448 374/999/449 373/996/449
s 99
f 408/1068/451 404/928/452 403/927/452
f 341/921/454 440/914/456 466/920/455
f 440/914/456 408/1068/451 434/1069/453
s 98
f 371/1070/457 467/1073/459 468/1071/458
f 467/1073/459 435/1000/448 436/1067/450
s 97
f 464/953/460 465/925/460 370/939/461
f 432/1026/447 433/926/447 465/925/460
s 96
f 462/992/462 463/973/464 368/981/463
f 430/1034/445 431/974/444 463/973/464
s 95
f 460/1016/465 461/1006/467 366/1010/466
f 428/1042/442 429/1007/441 461/1006/467
s 94
f 458/1037/468 459/1029/470 364/1035/469
f 426/1066/439 427/1030/438 459/1029/470
s 93
f 456/1074/471 457/1077/474 362/1075/472
f 424/1064/436 425/1063/435 457/1077/474
s 92
f 454/1078/475 455/1081/477 360/1079/476
f 422/1061/433 423/1060/432 455/1081/477
s 91
f 452/1082/478 453/1085/480 358/1083/479
f 420/1058/430 421/1057/429 453/1085/480
s 90
f 450/1086/481 451/1089/483 356/1087/482
f 418/1055/427 419/1054/426 451/1089/483
s 89
f 353/1090/484 448/1093/485 449/1091/485
f 416/1052/423 417/1053/423 449/1091/485
s 88
f 351/922/486 446/1095/488 447/1094/487
f 446/1095/488 414/1050/420 415/1051/422
s 87
f 349/946/489 444/1097/491 445/1096/490
f 444/1097/491 412/1048/417 413/1049/419
s 86
f 347/971/492 443/1098/494 437/978/493
f 443/1098/494 411/1047/414 405/979/416
s 85
f 345/969/495 438/957/497 442/1099/496
f 438/957/497 406/1045/411 410/1046/413
s 84
f 343/1001/498 441/1100/500 439/936/499
f 441/1100/500 409/1044/408 407/937/410
s 57
f 300/967/351 299/918/233 466/920/235
s 45
f 111/809/184 353/1090/501 354/1092/501
s 100
f 249/1039/502 441/1100/509 343/1001/503
s 79
f 301/982/505 467/1073/510 371/1070/506
s 100
f 250/917/508 409/1044/564 441/1100/509
s 79
f 302/968/339 435/1000/339 467/1073/510
s 45
f 109/813/185 355/1088/660 356/1087/511
s 101
f 251/1040/512 120/788/661 346/990/513
s 78
f 303/977/515 93/842/662 372/1072/516
s 101
f 252/916/518 251/1040/512 442/1099/514
s 78
f 304/970/334 303/977/515 468/1071/517
s 45
f 107/817/186 357/1084/520 358/1083/520
s 102
f 253/1019/521 443/1098/525 347/971/522
f 254/935/524 411/1047/524 443/1098/525
s 45
f 105/821/187 359/1080/526 360/1079/526
s 103
f 255/1021/527 444/1097/531 349/946/528
f 256/933/530 412/1048/578 444/1097/531
s 45
f 103/825/189 361/1076/532 362/1075/532
s 104
f 257/1020/533 116/796/663 350/947/534
f 258/934/536 257/1020/533 445/1096/535
s 45
f 101/829/191 363/1043/538 364/1035/538
s 105
f 259/1101/539 446/1095/543 351/922/540
f 260/1102/542 414/1050/588 446/1095/543
s 76
f 242/910/307 405/979/309 397/994/544
s 45
f 99/833/193 365/1027/546 366/1010/546
s 106
f 261/1022/547 114/800/664 352/923/548
s 68
f 244/911/275 151/863/665 400/976/550
s 106
f 262/932/552 261/1022/547 447/1094/549
s 62
f 246/912/252 407/937/254 401/955/554
s 45
f 97/998/194 367/997/556 368/981/556
s 107
f 263/1012/557 448/1093/557 353/1090/558
s 55
f 248/913/227 155/888/666 404/928/560
s 107
f 264/942/562 416/1052/598 448/1093/557
s 100
f 250/917/508 153/876/667 402/956/563
s 45
f 96/840/196 95/839/195 369/959/565
s 108
f 265/1024/566 112/804/567 354/1092/567
s 101
f 252/916/518 410/1046/518 399/975/569
s 108
f 266/929/571 265/1024/566 449/1091/568
s 102
f 254/935/524 149/855/668 398/995/572
s 45
f 93/842/173 94/780/173 371/1070/573
s 109
f 267/1014/574 450/1086/581 355/1088/575
s 103
f 256/933/530 147/845/669 396/1009/577
s 44
f 125/867/206 126/874/206 373/996/579
s 109
f 268/940/580 418/1055/580 450/1086/581
s 104
f 258/934/536 413/1049/537 395/1008/582
s 110
f 269/1011/584 110/811/670 356/1087/585
s 105
f 260/1102/542 145/904/671 394/1018/587
s 44
f 128/886/209 375/1015/589 376/1025/589
s 110
f 270/943/590 269/1011/584 451/1089/586
s 106
f 262/932/552 415/1051/553 393/1017/592
s 111
f 271/1003/594 452/1082/601 357/1084/595
s 107
f 264/942/562 143/896/597 392/1032/597
s 44
f 130/892/214 377/1028/599 378/1033/599
s 111
f 272/950/600 420/1058/600 452/1082/601
s 108
f 266/929/571 417/1053/571 391/1031/602
s 112
f 273/1013/604 108/815/672 358/1083/605
s 109
f 268/940/580 141/884/673 390/1038/607
s 44
f 132/902/218 379/1036/608 380/1041/608
s 112
f 274/941/609 273/1013/604 453/1085/606
s 110
f 270/943/590 419/1054/591 389/1103/610
s 113
f 275/1005/612 454/1078/618 359/1080/613
s 111
f 272/950/600 139/865/674 388/1056/615
s 44
f 134/849/199 381/1107/616 382/1065/616
s 113
f 276/948/617 422/1061/625 454/1078/618
s 112
f 274/941/609 421/1057/609 387/1104/619
s 114
f 277/1002/621 106/819/675 360/1079/622
s 113
f 276/948/617 137/857/676 386/1059/624
s 44
f 136/853/200 383/1106/626 384/1062/626
s 114
f 278/951/627 277/1002/621 455/1081/623
f 278/951/627 423/1060/628 385/1105/629
s 115
f 279/984/631 456/1074/638 361/1076/632
f 280/965/634 135/848/677 384/1062/635
s 44
f 138/861/203 385/1105/637 386/1059/637
s 115
f 280/965/634 424/1064/636 456/1074/638
s 116
f 282/949/639 425/1063/647 383/1106/640
f 281/1004/642 104/823/678 362/1075/643
s 83
f 284/963/392 133/907/679 382/1065/645
s 44
f 140/872/205 387/1104/646 388/1056/646
s 116
f 282/949/639 281/1004/642 457/1077/644
s 82
f 286/966/383 427/1030/385 381/1107/648
