# Blender 5.2.2 LTS
# www.blender.org
mtllib LlantaDelanteraIzquierda.mtl
g LlantaDelanteraIzquierda_RoverModificado.007
v 4.811640 1.705651 -9.590004
v 4.828924 1.530164 -9.590004
v 4.880111 1.361421 -9.590004
v 4.963235 1.205907 -9.590004
v 5.075102 1.069597 -9.590004
v 5.211412 0.957731 -9.590004
v 5.366926 0.874607 -9.590004
v 5.535669 0.823419 -9.590004
v 5.711156 0.806135 -9.590004
v 5.886643 0.823419 -9.590004
v 6.055386 0.874607 -9.590004
v 6.210900 0.957731 -9.590004
v 6.347209 1.069597 -9.590004
v 6.459077 1.205907 -9.590004
v 6.542201 1.361421 -9.590004
v 6.593388 1.530164 -9.590004
v 6.610672 1.705651 -9.590004
v 6.593388 1.881138 -9.590004
v 6.542201 2.049881 -9.590004
v 6.459077 2.205396 -9.590004
v 6.347209 2.341705 -9.590004
v 6.210900 2.453571 -9.590004
v 6.055386 2.536696 -9.590004
v 5.886643 2.587883 -9.590004
v 5.711156 2.605168 -9.590004
v 5.535669 2.587883 -9.590004
v 5.366926 2.536696 -9.590004
v 5.211412 2.453572 -9.590004
v 5.075102 2.341705 -9.590004
v 4.963236 2.205396 -9.590004
v 4.880111 2.049881 -9.590004
v 4.828924 1.881138 -9.590004
v 4.811640 1.705651 -8.550004
v 4.828924 1.530165 -8.550004
v 4.880111 1.361421 -8.550004
v 4.963235 1.205907 -8.550004
v 5.075102 1.069598 -8.550004
v 5.211412 0.957731 -8.550004
v 5.366926 0.874607 -8.550004
v 5.535669 0.823419 -8.550004
v 5.711156 0.806135 -8.550004
v 5.886643 0.823419 -8.550004
v 6.055386 0.874607 -8.550004
v 6.210900 0.957731 -8.550004
v 6.347209 1.069598 -8.550004
v 6.459077 1.205907 -8.550004
v 6.542201 1.361421 -8.550004
v 6.593388 1.530165 -8.550004
v 6.610672 1.705652 -8.550004
v 6.593388 1.881138 -8.550004
v 6.542201 2.049881 -8.550004
v 6.459077 2.205396 -8.550004
v 6.347209 2.341705 -8.550004
v 6.210900 2.453571 -8.550004
v 6.055386 2.536696 -8.550004
v 5.886643 2.587883 -8.550004
v 5.711156 2.605167 -8.550004
v 5.535669 2.587883 -8.550004
v 5.366926 2.536696 -8.550004
v 5.211412 2.453572 -8.550004
v 5.075102 2.341705 -8.550004
v 4.963235 2.205396 -8.550004
v 4.880111 2.049881 -8.550004
v 4.828924 1.881138 -8.550004
v 6.809486 2.159352 -9.650003
v 6.698594 2.366816 -9.650003
v 6.809486 2.159352 -9.650003
v 6.698594 2.366816 -9.650003
v 4.706910 1.504508 -8.550004
v 4.687316 1.703444 -8.550004
v 4.764937 1.313218 -8.550004
v 4.859168 1.136923 -8.550004
v 4.985982 0.982400 -8.550004
v 5.140505 0.855586 -8.550004
v 5.316800 0.761355 -8.550004
v 5.508090 0.703328 -8.550004
v 5.707026 0.683734 -8.550004
v 5.905961 0.703328 -8.550004
v 6.097251 0.761355 -8.550004
v 6.273546 0.855586 -8.550004
v 6.428069 0.982400 -8.550004
v 6.554883 1.136924 -8.550004
v 6.649114 1.313218 -8.550004
v 6.707142 1.504508 -8.550004
v 6.726735 1.703444 -8.550004
v 6.707142 1.902379 -8.550004
v 6.649114 2.093670 -8.550004
v 6.554883 2.269964 -8.550004
v 6.428070 2.424487 -8.550004
v 6.273546 2.551301 -8.550004
v 6.097251 2.645533 -8.550004
v 5.905961 2.703560 -8.550004
v 5.707026 2.723153 -8.550004
v 5.508090 2.703560 -8.550004
v 5.316800 2.645533 -8.550004
v 5.140505 2.551301 -8.550004
v 4.985983 2.424487 -8.550004
v 4.859168 2.269964 -8.550004
v 4.764937 2.093670 -8.550004
v 4.706910 1.902379 -8.550004
v 4.682604 1.705651 -9.590004
v 4.702367 1.504991 -9.590004
v 4.760898 1.312042 -9.590004
v 4.855946 1.134219 -9.590004
v 4.983860 0.978356 -9.590004
v 5.139723 0.850441 -9.590004
v 5.317546 0.755393 -9.590004
v 5.510495 0.696863 -9.590004
v 5.711156 0.677100 -9.590004
v 5.911816 0.696863 -9.590004
v 6.104765 0.755392 -9.590004
v 6.282588 0.850441 -9.590004
v 6.438451 0.978354 -9.590004
v 6.566365 1.134219 -9.590004
v 6.661414 1.312042 -9.590004
v 6.719944 1.504991 -9.590004
v 6.739707 1.705651 -9.590004
v 6.719944 1.906312 -9.590004
v 6.661414 2.099261 -9.590004
v 6.566365 2.277084 -9.590004
v 6.438451 2.432947 -9.590004
v 6.282588 2.560861 -9.590004
v 6.104765 2.655909 -9.590004
v 5.911816 2.714440 -9.590004
v 5.711156 2.734203 -9.590004
v 5.510495 2.714440 -9.590004
v 5.317546 2.655909 -9.590004
v 5.139723 2.560861 -9.590004
v 4.983860 2.432947 -9.590004
v 4.855947 2.277084 -9.590004
v 4.760898 2.099261 -9.590004
v 4.702367 1.906312 -9.590004
v 5.711156 1.802124 -9.530002
v 5.759392 1.789199 -9.530002
v 5.794704 1.753887 -9.530002
v 5.807629 1.705651 -9.530002
v 5.794704 1.657415 -9.530002
v 5.759392 1.622104 -9.530002
v 5.711156 1.609179 -9.530002
v 5.662920 1.622104 -9.530002
v 5.627609 1.657415 -9.530002
v 5.614684 1.705651 -9.530002
v 5.627609 1.753887 -9.530002
v 5.662920 1.789199 -9.530002
v 5.711156 1.905651 -9.406669
v 5.711156 1.905651 -9.253335
v 5.811156 1.878856 -9.253336
v 5.811156 1.878856 -9.406669
v 5.884361 1.805651 -9.253336
v 5.884361 1.805651 -9.406669
v 5.911156 1.705651 -9.253336
v 5.911156 1.705651 -9.406669
v 5.884361 1.605651 -9.253336
v 5.884361 1.605651 -9.406669
v 5.811156 1.532446 -9.253336
v 5.811156 1.532446 -9.406669
v 5.711156 1.505651 -9.253336
v 5.711156 1.505651 -9.406669
v 5.611156 1.532446 -9.253336
v 5.611156 1.532446 -9.406669
v 5.537951 1.605651 -9.253336
v 5.537951 1.605651 -9.406669
v 5.511156 1.705651 -9.253336
v 5.511156 1.705651 -9.406669
v 5.537951 1.805651 -9.253336
v 5.537951 1.805651 -9.406669
v 5.611156 1.878856 -9.253336
v 5.611156 1.878856 -9.406669
v 5.892329 2.581799 -8.906669
v 5.892329 2.581799 -8.653335
v 5.992329 2.555004 -8.653335
v 5.992329 2.555004 -8.906669
v 6.560509 1.986824 -8.653335
v 6.560509 1.986824 -8.906669
v 6.587304 1.886825 -8.653335
v 6.587304 1.886825 -8.906669
v 6.379336 1.110676 -8.653336
v 6.379336 1.110676 -8.906669
v 6.306131 1.037471 -8.653336
v 6.306131 1.037471 -8.906669
v 5.529983 0.829503 -8.653336
v 5.529983 0.829503 -8.906669
v 5.429983 0.856298 -8.653336
v 5.429983 0.856297 -8.906669
v 4.861803 1.424478 -8.653335
v 4.861803 1.424478 -8.906669
v 4.835008 1.524478 -8.653335
v 4.835008 1.524478 -8.906669
v 5.042976 2.300626 -8.653335
v 5.042976 2.300626 -8.906669
v 5.116181 2.373831 -8.653335
v 5.116181 2.373831 -8.906669
v 5.711156 1.905651 -9.530002
v 5.811156 1.878856 -9.530002
v 5.884361 1.805651 -9.530002
v 5.911156 1.705651 -9.530002
v 5.884361 1.605651 -9.530002
v 5.811156 1.532446 -9.530002
v 5.711156 1.505651 -9.530002
v 5.611156 1.532446 -9.530002
v 5.537951 1.605651 -9.530002
v 5.511156 1.705651 -9.530002
v 5.537951 1.805651 -9.530002
v 5.611156 1.878856 -9.530002
v 5.711156 1.802124 -9.430002
v 5.759392 1.789199 -9.430002
v 5.794704 1.753887 -9.430002
v 5.807629 1.705651 -9.430002
v 5.794704 1.657415 -9.430002
v 5.759392 1.622104 -9.430002
v 5.711156 1.609179 -9.430002
v 5.662920 1.622104 -9.430002
v 5.627609 1.657415 -9.430002
v 5.614684 1.705651 -9.430002
v 5.627609 1.753887 -9.430002
v 5.662920 1.789199 -9.430002
v 5.488872 2.807450 -8.879337
v 5.489754 2.811440 -9.260671
v 5.277844 2.743436 -8.879337
v 5.278118 2.747240 -9.260671
v 4.772995 2.329116 -8.879337
v 4.771814 2.331727 -9.260671
v 4.669041 2.134632 -8.879337
v 4.667560 2.136682 -9.260671
v 4.912893 2.499583 -8.879337
v 4.912115 2.502685 -9.260671
v 5.083360 2.639482 -8.879337
v 5.083073 2.642987 -9.260671
v 5.708334 2.829065 -8.879337
v 5.709848 2.833117 -9.260671
v 6.138823 2.743436 -8.879337
v 6.141578 2.747240 -9.260671
v 5.927795 2.807450 -8.879337
v 5.929942 2.811440 -9.260671
v 6.503774 2.499583 -8.879338
v 6.507581 2.502685 -9.260671
v 6.333307 2.639482 -8.879337
v 6.336623 2.642987 -9.260671
v 6.747627 2.134632 -8.879338
v 6.752137 2.136682 -9.260671
v 6.643672 2.329116 -8.879337
v 6.647882 2.331727 -9.260671
v 6.833256 1.704143 -8.879337
v 6.838012 1.704952 -9.260671
v 6.811641 1.923604 -8.879337
v 6.816335 1.925046 -9.260671
v 6.747627 1.273653 -8.879337
v 6.752136 1.273221 -9.260671
v 6.811641 1.484681 -8.879336
v 6.816335 1.484858 -9.260671
v 6.503774 0.908703 -8.879336
v 6.507580 0.907218 -9.260671
v 6.643672 1.079169 -8.879336
v 6.647883 1.078177 -9.260671
v 6.138823 0.664850 -8.879336
v 6.141578 0.662663 -9.260671
v 6.333307 0.768804 -8.879336
v 6.336623 0.766917 -9.260671
v 5.708334 0.579220 -8.879336
v 5.709848 0.576787 -9.260671
v 5.927795 0.600835 -8.879336
v 5.929942 0.598464 -9.260671
v 5.277844 0.664850 -8.879336
v 5.278118 0.662663 -9.260671
v 5.488872 0.600835 -8.879336
v 5.489754 0.598464 -9.260671
v 4.912893 0.908703 -8.879336
v 4.912115 0.907218 -9.260671
v 5.083360 0.768804 -8.879336
v 5.083073 0.766918 -9.260671
v 4.669041 1.273654 -8.879336
v 4.667560 1.273221 -9.260671
v 4.772995 1.079169 -8.879336
v 4.771813 1.078176 -9.260671
v 4.605026 1.923604 -8.879337
v 4.603361 1.925046 -9.260671
v 4.583411 1.704143 -8.879337
v 4.581683 1.704952 -9.260671
v 4.605026 1.484681 -8.879336
v 4.603361 1.484858 -9.260671
v 5.711156 1.905651 -8.815557
v 5.711156 1.905651 -8.717780
v 5.811156 1.878856 -8.717779
v 5.811156 1.878856 -8.815557
v 5.884361 1.805651 -8.717779
v 5.884361 1.805651 -8.815557
v 5.911156 1.705651 -8.717779
v 5.911156 1.705651 -8.815557
v 5.884361 1.605651 -8.717779
v 5.884361 1.605651 -8.815557
v 5.811156 1.532446 -8.717779
v 5.811156 1.532446 -8.815557
v 5.711156 1.505651 -8.717779
v 5.711156 1.505651 -8.815557
v 5.611156 1.532446 -8.717779
v 5.611156 1.532446 -8.815557
v 5.537951 1.605651 -8.717779
v 5.537951 1.605651 -8.815557
v 5.511156 1.705651 -8.717779
v 5.511156 1.705651 -8.815557
v 5.537951 1.805651 -8.717779
v 5.537951 1.805651 -8.815557
v 5.611156 1.878856 -8.717779
v 5.611156 1.878856 -8.815557
v 6.306131 2.373831 -8.717780
v 6.306131 2.373831 -8.815557
v 6.379336 2.300626 -8.717780
v 6.379336 2.300626 -8.815557
v 5.992330 0.856298 -8.717779
v 5.992330 0.856297 -8.815557
v 5.892330 0.829503 -8.717779
v 5.892330 0.829503 -8.815557
v 4.835008 1.886825 -8.717779
v 4.835008 1.886825 -8.815557
v 4.861803 1.986824 -8.717780
v 4.861803 1.986824 -8.815557
v 4.722450 2.111180 -8.555203
v 4.661812 1.911281 -8.555203
v 4.953443 2.456885 -8.555203
v 4.820922 2.295407 -8.555203
v 5.299147 2.687877 -8.555203
v 5.114920 2.589405 -8.555203
v 5.706933 2.768990 -8.555203
v 5.499045 2.748515 -8.555203
v 6.114719 2.687877 -8.555203
v 5.914821 2.748515 -8.555203
v 6.460423 2.456884 -8.555203
v 6.298947 2.589405 -8.555203
v 6.691415 2.111180 -8.555203
v 6.592944 2.295407 -8.555203
v 6.772529 1.703394 -8.555203
v 6.752054 1.911281 -8.555203
v 6.691415 1.295608 -8.555203
v 6.752054 1.495507 -8.555203
v 6.460423 0.949904 -8.555203
v 6.592944 1.111381 -8.555203
v 6.114719 0.718912 -8.555203
v 6.298946 0.817383 -8.555203
v 5.706933 0.637798 -8.555203
v 5.914820 0.658273 -8.555203
v 5.299147 0.718912 -8.555203
v 5.499045 0.658273 -8.555203
v 4.953443 0.949904 -8.555203
v 5.114919 0.817383 -8.555203
v 4.722450 1.295608 -8.555203
v 4.820922 1.111381 -8.555203
v 4.641337 1.703394 -8.555203
v 4.661812 1.495507 -8.555203
v 4.657066 1.496011 -9.584804
v 4.636413 1.705701 -9.584804
v 4.817556 1.108554 -9.584804
v 4.718230 1.294379 -9.584804
v 5.114102 0.812008 -9.584804
v 4.951225 0.945677 -9.584804
v 5.501559 0.651518 -9.584804
v 5.299927 0.712682 -9.584804
v 5.920939 0.651518 -9.584804
v 5.711249 0.630865 -9.584804
v 6.308396 0.812006 -9.584804
v 6.122571 0.712682 -9.584804
v 6.604943 1.108554 -9.584805
v 6.471273 0.945677 -9.584804
v 6.765432 1.496011 -9.584804
v 6.704268 1.294379 -9.584805
v 6.765432 1.915391 -9.584804
v 6.786085 1.705701 -9.584805
v 6.604942 2.302848 -9.584804
v 6.704268 2.117023 -9.584805
v 6.308396 2.599394 -9.584804
v 6.471273 2.465725 -9.584805
v 5.920939 2.759884 -9.584804
v 6.122571 2.698720 -9.584804
v 5.501559 2.759884 -9.584804
v 5.711249 2.780537 -9.584804
v 5.114102 2.599395 -9.584804
v 5.299927 2.698720 -9.584805
v 4.817556 2.302848 -9.584804
v 4.951225 2.465725 -9.584804
v 4.657066 1.915391 -9.584804
v 4.718230 2.117023 -9.584804
v 5.467820 2.922128 -9.258765
v 5.235021 2.851509 -9.258765
v 4.678086 2.394445 -9.258764
v 4.563407 2.179896 -9.258764
v 4.832418 2.582499 -9.258765
v 5.020472 2.736831 -9.258764
v 5.709924 2.945974 -9.258764
v 6.184825 2.851509 -9.258765
v 5.952027 2.922128 -9.258765
v 6.587430 2.582499 -9.258765
v 6.399377 2.736830 -9.258764
v 6.856441 2.179896 -9.258765
v 6.741762 2.394445 -9.258764
v 6.950903 1.704993 -9.258764
v 6.927060 1.947096 -9.258765
v 6.856440 1.230090 -9.258764
v 6.927060 1.462889 -9.258764
v 6.587430 0.827487 -9.258764
v 6.741762 1.015541 -9.258764
v 6.184825 0.558475 -9.258763
v 6.399375 0.673155 -9.258763
v 5.709924 0.464012 -9.258763
v 5.952027 0.487857 -9.258763
v 5.235021 0.558475 -9.258763
v 5.467820 0.487857 -9.258763
v 4.832418 0.827487 -9.258763
v 5.020472 0.673155 -9.258763
v 4.563407 1.230090 -9.258763
v 4.678086 1.015541 -9.258763
v 4.492788 1.947096 -9.258764
v 4.468943 1.704993 -9.258764
v 4.492788 1.462889 -9.258763
v 5.466850 2.917740 -8.881244
v 5.234720 2.847324 -8.881244
v 4.679386 2.391573 -8.881244
v 4.565036 2.177640 -8.881244
v 4.833274 2.579087 -8.881244
v 5.020787 2.732975 -8.881244
v 5.708258 2.941517 -8.881244
v 6.181797 2.847324 -8.881244
v 5.949666 2.917740 -8.881244
v 6.583242 2.579087 -8.881244
v 6.395729 2.732975 -8.881244
v 6.851480 2.177640 -8.881244
v 6.737131 2.391573 -8.881244
v 6.945673 1.704102 -8.881244
v 6.921896 1.945510 -8.881244
v 6.851480 1.230564 -8.881244
v 6.921896 1.462695 -8.881244
v 6.583242 0.829118 -8.881244
v 6.737131 1.016632 -8.881244
v 6.181796 0.560880 -8.881244
v 6.395729 0.675230 -8.881244
v 5.708258 0.466688 -8.881244
v 5.949666 0.490464 -8.881244
v 5.234720 0.560880 -8.881244
v 5.466850 0.490464 -8.881244
v 4.833274 0.829118 -8.881244
v 5.020787 0.675230 -8.881244
v 4.565036 1.230564 -8.881244
v 4.679386 1.016632 -8.881244
v 4.494620 1.945510 -8.881244
v 4.470843 1.704102 -8.881244
v 4.494620 1.462695 -8.881244
v 5.841679 2.392770 -9.226020
v 5.814449 2.291146 -9.364588
v 5.789036 2.196304 -9.448749
v 5.750375 2.052019 -9.471610
v 5.914449 2.264352 -9.364588
v 5.941679 2.365975 -9.226020
v 5.850375 2.025224 -9.471611
v 5.889036 2.169509 -9.448749
v 6.057524 1.744870 -9.471611
v 6.201808 1.783531 -9.448749
v 6.296651 1.808944 -9.364588
v 6.398275 1.836174 -9.226020
v 6.175014 1.883531 -9.448749
v 6.030729 1.844870 -9.471611
v 6.371480 1.936174 -9.226020
v 6.269856 1.908944 -9.364588
v 5.504007 1.986005 -9.471611
v 5.398384 2.091629 -9.448749
v 5.328954 2.161058 -9.364588
v 5.254560 2.235452 -9.226020
v 5.325178 2.018424 -9.448749
v 5.430802 1.912800 -9.471611
v 5.181355 2.162247 -9.226020
v 5.255749 2.087853 -9.364588
v 5.247298 1.527771 -9.448749
v 5.391584 1.566432 -9.471611
v 5.050832 1.475128 -9.226020
v 5.152456 1.502358 -9.364588
v 5.125661 1.602358 -9.364588
v 5.024037 1.575128 -9.226020
v 5.364789 1.666432 -9.471611
v 5.220503 1.627771 -9.448749
v 5.571937 1.386079 -9.471611
v 5.533276 1.241793 -9.448749
v 5.507863 1.146951 -9.364588
v 5.480633 1.045327 -9.226020
v 5.633276 1.214998 -9.448749
v 5.671937 1.359284 -9.471611
v 5.580633 1.018532 -9.226020
v 5.607863 1.120156 -9.364588
v 6.097134 1.392879 -9.448749
v 5.991510 1.498503 -9.471611
v 6.240957 1.249055 -9.226020
v 6.166564 1.323449 -9.364588
v 6.093359 1.250244 -9.364588
v 6.167752 1.175850 -9.226020
v 5.918305 1.425298 -9.471611
v 6.023929 1.319673 -9.448749
v 5.711156 1.905651 -8.197334
v 5.811156 1.878856 -8.197334
v 5.884361 1.805651 -8.197334
v 5.911156 1.705651 -8.197334
v 5.884361 1.605651 -8.197334
v 5.811156 1.532446 -8.197336
v 5.711156 1.505651 -8.197336
v 5.611156 1.532446 -8.197336
v 5.537951 1.605651 -8.197334
v 5.511156 1.705651 -8.197334
v 5.537951 1.805651 -8.197334
v 5.611156 1.878856 -8.197334
v 5.841156 1.930818 -7.915756
v 5.711156 1.965651 -7.915756
v 5.711156 1.965651 -8.197289
v 5.936323 1.835651 -7.915756
v 5.971156 1.705651 -7.915756
v 5.936323 1.575651 -7.915756
v 5.841156 1.480485 -7.915756
v 5.711156 1.445651 -7.915756
v 5.581156 1.480485 -7.915756
v 5.485990 1.575651 -7.915756
v 5.451156 1.705651 -7.915756
v 5.485990 1.835651 -7.915756
v 5.581156 1.930818 -7.915756
v 5.841156 1.930818 -8.197289
v 5.936323 1.835651 -8.197289
v 5.971156 1.705651 -8.197289
v 5.936323 1.575651 -8.197289
v 5.841156 1.480485 -8.197289
v 5.711156 1.445651 -8.197289
v 5.581156 1.480485 -8.197289
v 5.485990 1.575651 -8.197289
v 5.451156 1.705651 -8.197289
v 5.485990 1.835651 -8.197289
v 5.581156 1.930818 -8.197289
v 6.080076 2.596302 -9.590004
v 5.899230 2.651162 -9.590004
v 5.899230 0.760141 -9.590004
v 6.080076 0.815000 -9.590004
v 5.711156 2.669685 -9.590004
v 6.246745 0.904086 -9.590004
v 5.523082 2.651162 -9.590004
v 6.392829 1.023976 -9.590004
v 5.342236 2.596302 -9.590004
v 6.512721 1.170063 -9.590004
v 5.175567 2.507216 -9.590004
v 6.601807 1.336731 -9.590004
v 4.747122 1.705651 -9.590004
v 4.765646 1.517578 -9.590004
v 5.029481 2.387326 -9.590004
v 6.656666 1.517578 -9.590004
v 4.820505 1.336732 -9.590004
v 4.909591 2.241240 -9.590004
v 6.675189 1.705651 -9.590004
v 4.909591 1.170063 -9.590004
v 4.820505 2.074571 -9.590004
v 6.656666 1.893725 -9.590004
v 5.029481 1.023976 -9.590004
v 4.765646 1.893725 -9.590004
v 6.601807 2.074571 -9.590004
v 5.175567 0.904086 -9.590004
v 6.512721 2.241240 -9.590004
v 5.342236 0.815000 -9.590004
v 6.392829 2.387326 -9.590004
v 5.523082 0.760141 -9.590004
v 6.246745 2.507216 -9.590004
v 5.711156 0.741617 -9.590004
v 4.767917 1.517337 -8.550004
v 4.822524 1.337320 -8.550004
v 4.911202 1.171415 -8.550004
v 5.030542 1.025999 -8.550004
v 5.175959 0.906659 -8.550004
v 5.341863 0.817981 -8.550004
v 5.521880 0.763374 -8.550004
v 5.709091 0.744935 -8.550004
v 5.896302 0.763374 -8.550004
v 6.076318 0.817981 -8.550004
v 6.242223 0.906659 -8.550004
v 6.387640 1.025999 -8.550004
v 6.506979 1.171415 -8.550004
v 6.595658 1.337320 -8.550004
v 6.650265 1.517337 -8.550004
v 6.668704 1.704548 -8.550004
v 6.650265 1.891759 -8.550004
v 6.595658 2.071775 -8.550004
v 6.506979 2.237680 -8.550004
v 6.387640 2.383096 -8.550004
v 6.242223 2.502436 -8.550004
v 6.076319 2.591114 -8.550004
v 5.896302 2.645722 -8.550004
v 5.709091 2.664160 -8.550004
v 5.521880 2.645722 -8.550004
v 5.341863 2.591114 -8.550004
v 5.175959 2.502437 -8.550004
v 5.030542 2.383096 -8.550004
v 4.911202 2.237680 -8.550004
v 4.822524 2.071776 -8.550004
v 4.767917 1.891759 -8.550004
v 4.749478 1.704548 -8.550004
v 5.741158 2.017618 -9.303014
v 5.796651 2.224721 -9.270199
v 5.806835 2.262729 -9.236471
v 5.845920 2.408598 -9.037574
v 5.896651 2.197926 -9.270199
v 5.841158 1.990823 -9.303014
v 5.945920 2.381803 -9.037574
v 5.906835 2.235934 -9.236471
v 6.414103 1.840415 -9.037574
v 6.268234 1.801330 -9.236471
v 6.230226 1.791146 -9.270199
v 6.023122 1.735653 -9.303014
v 5.996328 1.835652 -9.303014
v 6.203431 1.891146 -9.270199
v 6.241439 1.901330 -9.236471
v 6.387308 1.940415 -9.037574
v 5.242974 2.247039 -9.037574
v 5.349757 2.140256 -9.236471
v 5.377581 2.112432 -9.270199
v 5.529191 1.960821 -9.303014
v 5.276552 2.067051 -9.236471
v 5.169769 2.173834 -9.037574
v 5.455986 1.887616 -9.303014
v 5.304376 2.039226 -9.270199
v 5.192086 1.620157 -9.270199
v 5.399190 1.675650 -9.303014
v 5.008210 1.570887 -9.037574
v 5.154078 1.609972 -9.236471
v 5.180873 1.509972 -9.236470
v 5.035005 1.470887 -9.037574
v 5.425985 1.575650 -9.303014
v 5.218881 1.520157 -9.270199
v 5.476392 1.029500 -9.037574
v 5.515477 1.175368 -9.236471
v 5.525662 1.213376 -9.270200
v 5.581155 1.420480 -9.303014
v 5.615477 1.148573 -9.236471
v 5.576392 1.002705 -9.037574
v 5.681155 1.393685 -9.303014
v 5.625661 1.186581 -9.270200
v 5.966326 1.523686 -9.303014
v 6.117937 1.372076 -9.270199
v 6.145760 1.344252 -9.236470
v 6.252544 1.237469 -9.037574
v 6.044732 1.298871 -9.270200
v 5.893121 1.450481 -9.303014
v 6.179339 1.164264 -9.037574
v 6.072555 1.271047 -9.236471
vn -0.0000 -1.0000 -0.0000
vn -0.1951 -0.9808 -0.0000
vn 0.1951 -0.9808 -0.0000
vn -0.3827 -0.9239 -0.0000
vn 0.3827 -0.9239 -0.0000
vn 0.5556 -0.8315 -0.0000
vn -0.5556 -0.8315 -0.0000
vn 0.7071 -0.7071 -0.0000
vn -0.7071 -0.7071 -0.0000
vn -0.8315 -0.5556 -0.0000
vn 0.8315 -0.5556 -0.0000
vn 0.9239 -0.3827 -0.0000
vn -0.9239 -0.3827 -0.0000
vn -0.9808 -0.1951 -0.0000
vn 0.9808 -0.1951 -0.0000
vn -1.0000 -0.0000 -0.0000
vn 1.0000 -0.0000 -0.0000
vn 0.9808 0.1951 -0.0000
vn -0.9808 0.1951 -0.0000
vn 0.9239 0.3827 -0.0000
vn -0.9239 0.3827 -0.0000
vn -0.8315 0.5556 -0.0000
vn 0.8315 0.5556 -0.0000
vn -0.7071 0.7071 -0.0000
vn 0.7071 0.7071 -0.0000
vn 0.5556 0.8315 -0.0000
vn -0.5556 0.8315 -0.0000
vn 0.3827 0.9239 -0.0000
vn -0.3827 0.9239 -0.0000
vn 0.1951 0.9808 -0.0000
vn -0.1951 0.9808 -0.0000
vn -0.0000 1.0000 -0.0000
vn 0.0007 -0.0004 -1.0000
vn 0.0008 -0.0000 -1.0000
vn -0.0007 0.0004 -1.0000
vn -0.0004 0.0007 -1.0000
vn 0.0004 0.0007 -1.0000
vn -0.0000 0.0008 -1.0000
vn -0.0004 -0.0007 -1.0000
vn -0.0007 -0.0004 -1.0000
vn 0.0004 -0.0007 -1.0000
vn 0.0007 0.0004 -1.0000
vn -0.0008 -0.0000 -1.0000
vn -0.0000 -0.0008 -1.0000
vn -0.4210 0.9071 -0.0000
vn -0.0890 0.9960 -0.0000
vn -0.9960 0.0890 -0.0000
vn -0.9071 0.4210 -0.0000
vn -0.5751 -0.8181 -0.0000
vn -0.8181 -0.5751 -0.0000
vn -0.3805 -0.1020 0.9191
vn -0.1219 -0.0327 0.9920
vn 0.4210 -0.9071 -0.0000
vn 0.0890 -0.9960 -0.0000
vn 0.9960 -0.0890 -0.0000
vn 0.9071 -0.4210 -0.0000
vn 0.5751 0.8181 -0.0000
vn 0.8181 0.5751 -0.0000
vn -0.6806 0.6806 -0.2714
vn -0.9659 -0.2588 -0.0000
vn -0.9297 -0.2491 -0.2714
vn -0.2588 -0.9659 -0.0000
vn -0.2491 -0.9297 -0.2714
vn 0.6806 -0.6806 -0.2714
vn 0.9659 0.2588 -0.0000
vn 0.9297 0.2491 -0.2714
vn 0.2491 0.9297 -0.2714
vn 0.2588 0.9659 -0.0000
vn 0.5838 -0.5838 -0.5643
vn -0.7974 -0.2137 -0.5643
vn -0.2785 0.2785 0.9191
vn -0.0892 0.0892 0.9920
vn -0.2588 0.9659 -0.0000
vn -0.1020 -0.3805 0.9191
vn -0.0327 -0.1219 0.9920
vn 0.3805 0.1020 0.9191
vn 0.1219 0.0327 0.9920
vn -0.2785 0.2785 -0.9191
vn -0.0892 0.0892 -0.9920
vn 0.3805 0.1020 -0.9191
vn 0.1219 0.0327 -0.9920
vn -0.9659 0.2588 -0.0000
vn -0.8270 -0.2216 0.5167
vn -0.8753 -0.2345 0.4229
vn -0.2216 -0.8270 0.5167
vn -0.2345 -0.8753 0.4229
vn -0.1020 -0.3805 -0.9191
vn -0.0327 -0.1219 -0.9920
vn 0.1080 0.4029 -0.9089
vn 0.1883 0.7029 -0.6859
vn 0.2588 -0.9659 -0.0000
vn 0.6054 -0.6054 0.5167
vn 0.6408 -0.6408 0.4229
vn -0.4029 -0.1080 0.9089
vn -0.7029 -0.1884 0.6859
vn 0.7974 0.2137 -0.5643
vn -0.3805 -0.1020 -0.9191
vn -0.1219 -0.0327 -0.9920
vn 0.4029 0.1080 -0.9089
vn 0.7029 0.1883 -0.6859
vn 0.7029 0.1884 -0.6859
vn 0.2949 -0.2949 0.9089
vn 0.5146 -0.5146 0.6859
vn -0.5838 0.5838 -0.5643
vn 0.2785 -0.2785 -0.9191
vn 0.0892 -0.0892 -0.9920
vn -0.2949 0.2949 -0.9089
vn -0.5146 0.5146 -0.6859
vn 0.4029 0.1080 0.9089
vn 0.7029 0.1884 0.6859
vn -0.4029 -0.1080 -0.9089
vn -0.7029 -0.1884 -0.6859
vn 0.8270 0.2216 0.5167
vn 0.8753 0.2345 0.4229
vn 0.2216 0.8270 0.5167
vn 0.2345 0.8753 0.4229
vn 0.9659 -0.2588 -0.0000
vn 0.1080 0.4029 0.9089
vn 0.1884 0.7029 0.6859
vn -0.2137 -0.7974 -0.5643
vn 0.1020 0.3805 -0.9191
vn 0.0327 0.1219 -0.9920
vn -0.1080 -0.4029 -0.9089
vn -0.1884 -0.7029 -0.6859
vn 0.2949 -0.2949 -0.9089
vn 0.5146 -0.5146 -0.6859
vn -0.6054 0.6054 0.5167
vn -0.6408 0.6408 0.4229
vn 0.2785 -0.2785 0.9191
vn 0.0892 -0.0892 0.9920
vn -0.2949 0.2949 0.9089
vn -0.5146 0.5146 0.6859
vn -0.5000 0.8660 -0.0000
vn -0.8181 0.5751 -0.0000
vn -0.9960 -0.0890 -0.0000
vn -0.8660 -0.5000 -0.0000
vn -0.5000 -0.8660 -0.0000
vn -0.0890 -0.9960 -0.0000
vn 0.5751 -0.8181 -0.0000
vn -0.0000 -0.0000 1.0000
vn 0.8660 -0.5000 -0.0000
vn 0.9071 0.4210 -0.0000
vn 0.4210 0.9071 -0.0000
vn -0.0000 -0.0000 -1.0000
vn 0.2137 0.7974 -0.5643
vn 0.4029 0.1079 -0.9089
vn -0.8660 0.5000 -0.0000
vn 0.5000 -0.8660 -0.0000
vn 0.8660 0.5000 -0.0000
vn 0.5000 0.8660 -0.0000
vn -0.1884 -0.7029 0.6859
vn 0.1020 0.3805 0.9191
vn 0.0327 0.1219 0.9920
vn -0.1080 -0.4029 0.9089
vn -0.0392 0.0119 0.9992
vn -0.0407 -0.0040 0.9992
vn -0.0391 0.0119 0.9992
vn -0.0317 0.0260 0.9992
vn -0.0316 0.0259 0.9992
vn -0.0193 0.0362 0.9992
vn -0.0193 0.0361 0.9992
vn -0.0040 0.0408 0.9992
vn 0.0119 0.0393 0.9992
vn 0.0119 0.0392 0.9992
vn 0.0261 0.0317 0.9992
vn 0.0260 0.0317 0.9992
vn 0.0362 0.0194 0.9992
vn 0.0408 0.0040 0.9992
vn 0.0409 0.0040 0.9992
vn 0.0392 -0.0119 0.9992
vn 0.0393 -0.0119 0.9992
vn 0.0317 -0.0260 0.9992
vn 0.0193 -0.0361 0.9992
vn 0.0193 -0.0362 0.9992
vn 0.0040 -0.0407 0.9992
vn 0.0040 -0.0408 0.9992
vn -0.0119 -0.0391 0.9992
vn -0.0119 -0.0392 0.9992
vn -0.0259 -0.0316 0.9992
vn -0.0360 -0.0193 0.9992
vn 0.0118 0.0388 -0.9992
vn 0.0191 -0.0358 -0.9992
vn 0.0040 -0.0405 -0.9992
vn 0.0192 -0.0359 -0.9992
vn -0.0040 0.0404 -0.9992
vn 0.0314 -0.0257 -0.9992
vn 0.0314 -0.0258 -0.9992
vn -0.0192 0.0359 -0.9992
vn 0.0388 -0.0118 -0.9992
vn -0.0405 -0.0040 -0.9992
vn -0.0191 0.0358 -0.9992
vn -0.0315 0.0258 -0.9992
vn -0.0359 -0.0192 -0.9992
vn -0.0314 0.0258 -0.9992
vn 0.0403 0.0040 -0.9992
vn -0.0390 0.0118 -0.9992
vn 0.0404 0.0040 -0.9992
vn -0.0258 -0.0315 -0.9992
vn -0.0389 0.0118 -0.9992
vn 0.0357 0.0191 -0.9992
vn -0.0118 -0.0389 -0.9992
vn -0.0118 -0.0390 -0.9992
vn 0.0257 0.0313 -0.9992
vn 0.0040 -0.0404 -0.9992
vn -0.2874 0.9476 -0.1397
vn -0.2780 0.9165 -0.2875
vn -0.2875 0.9477 -0.1389
vn -0.8729 0.4666 -0.1429
vn -0.8439 0.4511 -0.2904
vn -0.8730 0.4666 -0.1422
vn 0.3832 0.9236 0.0039
vn 0.3822 0.9241 0.0037
vn 0.3820 0.9241 0.0037
vn -0.6280 0.7652 -0.1414
vn -0.6073 0.7400 -0.2890
vn -0.6281 0.7653 -0.1406
vn -0.1945 -0.9809 -0.0031
vn -0.1935 -0.9811 -0.0034
vn -0.1947 -0.9809 -0.0030
vn 0.3808 0.9246 0.0042
vn 0.3806 0.9247 0.0042
vn 0.0719 0.0876 0.9936
vn 0.5556 -0.8314 0.0005
vn 0.5555 -0.8315 0.0005
vn -0.1075 0.0326 -0.9937
vn 0.7658 0.6285 -0.1360
vn 0.7411 0.6082 -0.2844
vn 0.7658 0.6285 -0.1359
vn 0.4670 0.8736 -0.1368
vn 0.4519 0.8454 -0.2849
vn 0.4670 0.8737 -0.1364
vn 0.0971 0.9856 -0.1381
vn 0.0939 0.9536 -0.2860
vn 0.0971 0.9857 -0.1374
vn -0.5561 -0.8311 -0.0044
vn -0.5551 -0.8318 -0.0042
vn -0.5562 -0.8310 -0.0044
vn 0.5553 -0.8316 0.0005
vn 0.9539 -0.0940 -0.2849
vn 0.9858 -0.0971 -0.1368
vn 0.9859 -0.0971 -0.1364
vn 0.9174 0.2783 -0.2844
vn 0.9480 0.2876 -0.1360
vn 0.9481 0.2876 -0.1359
vn -0.5549 -0.8319 -0.0043
vn -0.5536 -0.8327 -0.0047
vn 0.0329 0.1084 0.9936
vn 0.6076 -0.7404 -0.2875
vn 0.6282 -0.7654 -0.1397
vn 0.6282 -0.7655 -0.1389
vn 0.8451 -0.4517 -0.2860
vn 0.8735 -0.4669 -0.1381
vn 0.8736 -0.4669 -0.1374
vn -0.3826 0.9239 0.0005
vn -0.3827 0.9239 0.0005
vn -0.3828 0.9238 0.0005
vn -0.0868 0.0712 -0.9937
vn 0.9242 0.3820 0.0050
vn 0.9236 0.3833 0.0048
vn 0.9235 0.3835 0.0048
vn -0.3829 0.9238 0.0005
vn -0.7393 -0.6067 -0.2921
vn -0.7649 -0.6277 -0.1444
vn -0.7649 -0.6278 -0.1443
vn -0.4509 -0.8436 -0.2915
vn -0.4665 -0.8727 -0.1439
vn -0.4665 -0.8728 -0.1435
vn -0.0938 -0.9523 -0.2904
vn -0.0970 -0.9850 -0.1429
vn -0.0970 -0.9851 -0.1422
vn 0.2779 -0.9161 -0.2890
vn 0.2874 -0.9473 -0.1414
vn 0.2874 -0.9474 -0.1406
vn -0.9848 0.0970 -0.1439
vn -0.9520 0.0938 -0.2915
vn -0.9849 0.0970 -0.1435
vn 0.9229 0.3851 0.0054
vn 0.9228 0.3854 0.0054
vn -0.9469 -0.2872 -0.1444
vn -0.9152 -0.2776 -0.2921
vn -0.9469 -0.2872 -0.1443
vn -0.0111 0.1127 0.9936
vn 0.8317 -0.5553 0.0024
vn 0.8313 -0.5558 0.0023
vn 0.8317 -0.5552 0.0024
vn -0.0529 0.0989 -0.9937
vn -0.9131 -0.2770 0.2992
vn -0.9458 -0.2869 0.1519
vn -0.9459 -0.2869 0.1518
vn -0.9809 -0.1944 -0.0048
vn -0.9807 -0.1957 -0.0046
vn -0.9809 -0.1943 -0.0048
vn 0.8312 -0.5559 0.0023
vn 0.8308 -0.5566 0.0025
vn -0.9494 0.0935 0.2997
vn -0.9835 0.0969 0.1527
vn -0.9836 0.0969 0.1523
vn 0.2867 -0.9453 0.1556
vn 0.2767 -0.9122 0.3022
vn 0.2868 -0.9454 0.1548
vn -0.0968 -0.9833 0.1540
vn -0.0935 -0.9491 0.3008
vn -0.0969 -0.9834 0.1533
vn -0.4659 -0.8716 0.1527
vn -0.4497 -0.8414 0.2997
vn -0.4659 -0.8716 0.1523
vn -0.7640 -0.6270 0.1519
vn -0.7376 -0.6053 0.2992
vn -0.7641 -0.6270 0.1518
vn -0.9806 -0.1960 -0.0046
vn -0.9803 -0.1976 -0.0052
vn -0.0533 0.0998 0.9936
vn -0.7073 0.7069 -0.0014
vn -0.7070 0.7072 -0.0014
vn -0.7069 0.7073 -0.0014
vn -0.0110 0.1116 -0.9937
vn 0.1949 -0.9808 -0.0014
vn 0.1944 -0.9809 -0.0016
vn 0.1943 -0.9809 -0.0016
vn -0.7066 0.7076 -0.0016
vn -0.7065 0.7077 -0.0016
vn 0.0004 1.0000 0.0024
vn 0.0012 1.0000 0.0025
vn -0.0874 0.0717 0.9936
vn 0.8707 -0.4654 0.1587
vn 0.8399 -0.4489 0.3052
vn 0.8708 -0.4655 0.1580
vn 0.6265 -0.7634 0.1573
vn 0.6044 -0.7365 0.3037
vn 0.6266 -0.7635 0.1564
vn 0.9809 -0.1945 0.0039
vn 0.9807 -0.1956 0.0037
vn 0.0325 0.1072 -0.9937
vn -0.1956 -0.9807 -0.0032
vn -0.1967 -0.9805 -0.0034
vn -0.1969 -0.9804 -0.0034
vn 0.9806 -0.1958 0.0037
vn 0.9804 -0.1971 0.0042
vn 0.9446 0.2865 0.1603
vn 0.9108 0.2763 0.3068
vn 0.9446 0.2865 0.1601
vn 0.9824 -0.0968 0.1598
vn 0.9474 -0.0933 0.3062
vn 0.9825 -0.0968 0.1593
vn 0.5558 -0.8313 0.0005
vn -0.1081 0.0328 0.9936
vn -0.9241 0.3822 -0.0032
vn -0.9237 0.3831 -0.0030
vn -0.9237 0.3832 -0.0031
vn 0.0710 0.0865 -0.9937
vn 0.0933 0.9477 0.3052
vn 0.0968 0.9826 0.1587
vn 0.0968 0.9827 0.1580
vn 0.4488 0.8396 0.3062
vn 0.4653 0.8706 0.1598
vn 0.4654 0.8707 0.1593
vn 0.7357 0.6038 0.3068
vn 0.7630 0.6262 0.1603
vn 0.7630 0.6262 0.1601
vn -0.3824 0.9240 0.0005
vn -0.9232 0.3842 -0.0034
vn -0.9232 0.3844 -0.0034
vn 0.8321 -0.5546 0.0025
vn 0.8322 -0.5544 0.0025
vn 0.9806 0.1958 0.0048
vn 0.9809 0.1945 0.0046
vn 0.9806 0.1959 0.0048
vn 0.0987 0.0528 -0.9937
vn -0.7076 0.7066 -0.0015
vn -0.7073 0.7069 -0.0015
vn 0.9809 0.1942 0.0046
vn 0.9813 0.1926 0.0051
vn 0.9812 -0.1931 0.0041
vn 0.9812 -0.1929 0.0042
vn -1.0000 -0.0007 -0.0044
vn -1.0000 0.0006 -0.0042
vn -1.0000 0.0008 -0.0043
vn 0.1114 0.0110 -0.9937
vn -0.6047 0.7369 0.3022
vn -0.6267 0.7636 0.1556
vn -0.6267 0.7637 0.1548
vn -0.9245 0.3812 -0.0034
vn -1.0000 0.0023 -0.0047
vn -1.0000 0.0026 -0.0048
vn -0.8411 0.4496 0.3008
vn -0.8714 0.4658 0.1540
vn -0.8715 0.4658 0.1533
vn -0.2766 0.9117 0.3037
vn -0.2867 0.9450 0.1573
vn -0.2766 0.9117 0.3038
vn -0.2867 0.9452 0.1564
vn -0.7529 0.6179 -0.2269
vn -0.6889 0.5654 -0.4535
vn -0.7531 0.6180 -0.2256
vn -0.4593 0.8592 -0.2253
vn -0.4204 0.7866 -0.4523
vn -0.4594 0.8595 -0.2239
vn -0.0955 0.9700 -0.2236
vn -0.0875 0.8882 -0.4510
vn -0.0956 0.9703 -0.2223
vn 0.2830 0.9330 -0.2221
vn 0.2592 0.8546 -0.4500
vn 0.2831 0.9333 -0.2211
vn 0.6187 0.7539 -0.2209
vn 0.5668 0.6906 -0.4493
vn 0.6188 0.7540 -0.2204
vn 0.8602 0.4598 -0.2204
vn 0.7880 0.4212 -0.4490
vn 0.8891 0.0876 -0.4493
vn 0.9706 0.0956 -0.2209
vn 0.9707 0.0956 -0.2204
vn 0.8546 -0.2592 -0.4500
vn 0.9330 -0.2830 -0.2221
vn 0.9333 -0.2831 -0.2211
vn 0.6899 -0.5662 -0.4510
vn 0.7534 -0.6183 -0.2236
vn 0.7537 -0.6185 -0.2223
vn 0.4204 -0.7866 -0.4523
vn 0.4593 -0.8592 -0.2253
vn 0.4594 -0.8595 -0.2239
vn 0.0874 -0.8869 -0.4535
vn 0.0955 -0.9692 -0.2269
vn 0.0955 -0.9695 -0.2256
vn -0.2586 -0.8523 -0.4546
vn -0.2826 -0.9317 -0.2281
vn -0.2827 -0.9319 -0.2271
vn -0.5648 -0.6882 -0.4553
vn -0.6176 -0.7525 -0.2288
vn -0.6176 -0.7526 -0.2282
vn -0.7851 -0.4196 -0.4556
vn -0.8585 -0.4589 -0.2288
vn -0.9688 -0.0954 -0.2288
vn -0.8860 -0.0873 -0.4553
vn -0.9689 -0.0954 -0.2282
vn -0.9317 0.2826 -0.2281
vn -0.8523 0.2586 -0.4546
vn -0.9319 0.2827 -0.2271
vn -0.8486 0.2574 0.4622
vn -0.9295 0.2820 0.2377
vn -0.9297 0.2820 0.2367
vn -0.8829 -0.0870 0.4615
vn -0.9669 -0.0952 0.2366
vn -0.9671 -0.0952 0.2361
vn -0.8570 -0.4581 0.2360
vn -0.7825 -0.4183 0.4612
vn -0.6164 -0.7511 0.2366
vn -0.5628 -0.6858 0.4615
vn -0.6165 -0.7512 0.2361
vn -0.2820 -0.9295 0.2377
vn -0.2574 -0.8486 0.4622
vn -0.2820 -0.9297 0.2367
vn 0.0952 -0.9663 0.2392
vn 0.0869 -0.8820 0.4632
vn 0.0952 -0.9666 0.2380
vn 0.4575 -0.8560 0.2409
vn 0.4175 -0.7810 0.4645
vn 0.4577 -0.8562 0.2395
vn 0.7499 -0.6155 0.2424
vn 0.6841 -0.5614 0.4657
vn 0.7502 -0.6157 0.2412
vn 0.9281 -0.2815 0.2436
vn 0.8463 -0.2567 0.4667
vn 0.9283 -0.2816 0.2427
vn 0.9650 0.0950 0.2443
vn 0.8798 0.0867 0.4674
vn 0.9652 0.0951 0.2438
vn 0.7795 0.4167 0.4676
vn 0.8552 0.4571 0.2444
vn 0.5608 0.6834 0.4674
vn 0.6152 0.7496 0.2443
vn 0.6152 0.7497 0.2438
vn 0.2567 0.8463 0.4667
vn 0.2815 0.9281 0.2436
vn 0.2816 0.9283 0.2427
vn -0.0867 0.8807 0.4657
vn -0.0951 0.9655 0.2424
vn -0.0951 0.9658 0.2412
vn -0.4175 0.7810 0.4645
vn -0.4575 0.8560 0.2409
vn -0.4577 0.8563 0.2395
vn -0.6851 0.5622 0.4632
vn -0.7506 0.6160 0.2392
vn -0.7508 0.6162 0.2380
vn 0.1000 0.0534 0.9936
vn 0.7065 0.7077 0.0046
vn 0.7053 0.7089 0.0051
vn 0.7051 0.7091 0.0052
vn -0.0004 1.0000 0.0023
vn -0.0012 1.0000 0.0025
vn -0.0014 1.0000 0.0026
vn 0.7076 0.7066 0.0048
vn 0.7067 0.7075 0.0046
vn -0.0003 1.0000 0.0023
vn 0.1128 0.0111 0.9936
vn -0.8309 -0.5563 -0.0048
vn -0.8300 -0.5577 -0.0053
vn -0.8311 -0.5561 -0.0048
vn 0.1953 -0.9807 -0.0014
vn 0.1958 -0.9806 -0.0016
vn -0.8319 -0.5549 -0.0050
vn 0.1948 -0.9808 -0.0015
vn 0.1084 -0.0329 0.9936
vn 1.0000 0.0008 0.0043
vn 1.0000 0.0023 0.0048
vn 1.0000 0.0026 0.0048
vn 1.0000 -0.0007 0.0044
vn 1.0000 0.0006 0.0042
vn 0.0875 -0.0718 0.9936
vn 0.9241 -0.3822 0.0031
vn 0.9245 -0.3812 0.0034
vn 0.9246 -0.3810 0.0035
vn 0.9237 -0.3831 0.0032
vn 0.9240 -0.3823 0.0030
vn 0.0533 -0.0998 0.9936
vn -0.9809 0.1944 -0.0037
vn -0.9812 0.1931 -0.0042
vn -0.9809 0.1946 -0.0037
vn -0.9807 0.1957 -0.0039
vn 0.0111 -0.1125 0.9936
vn 0.7073 -0.7069 0.0014
vn 0.7077 -0.7066 0.0016
vn 0.7077 -0.7065 0.0016
vn 0.7069 -0.7073 0.0014
vn 0.7072 -0.7070 0.0014
vn -0.9813 -0.1927 -0.0051
vn -0.9813 -0.1924 -0.0051
vn -0.0328 -0.1081 0.9936
vn -0.8317 0.5552 -0.0023
vn -0.8322 0.5545 -0.0025
vn -0.8316 0.5553 -0.0023
vn 0.9249 0.3803 0.0053
vn 0.9242 0.3819 0.0050
vn -0.8313 0.5559 -0.0024
vn -0.8312 0.5559 -0.0024
vn -0.5575 -0.8302 -0.0047
vn -0.5577 -0.8300 -0.0047
vn -0.0716 -0.0873 0.9936
vn 0.3826 -0.9239 -0.0005
vn 0.3824 -0.9240 -0.0005
vn 0.3845 0.9231 0.0041
vn 0.3833 0.9236 0.0039
vn 0.3828 -0.9238 -0.0005
vn 0.7089 0.7053 0.0051
vn 0.7077 0.7065 0.0048
vn -0.0995 -0.0532 0.9936
vn -0.5556 0.8314 -0.0005
vn -0.5558 0.8313 -0.0005
vn -0.8329 -0.5534 -0.0053
vn -0.8331 -0.5532 -0.0054
vn -0.5555 0.8315 -0.0005
vn 1.0000 -0.0023 0.0047
vn 1.0000 -0.0008 0.0044
vn -0.1123 -0.0111 0.9936
vn -0.0004 -1.0000 -0.0023
vn -0.0012 -1.0000 -0.0025
vn -0.0014 -1.0000 -0.0026
vn 0.9232 -0.3842 0.0034
vn 0.9237 -0.3832 0.0032
vn -0.1119 -0.0110 -0.9937
vn 0.0004 -1.0000 -0.0024
vn -0.0003 -1.0000 -0.0023
vn -0.9804 0.1971 -0.0041
vn -0.9803 0.1973 -0.0041
vn -0.1948 0.9808 0.0014
vn -0.1943 0.9809 0.0016
vn -0.1949 0.9808 0.0014
vn 0.7066 -0.7076 0.0015
vn 0.7069 -0.7073 0.0015
vn -0.0992 -0.0530 -0.9937
vn -0.1953 0.9807 0.0014
vn -0.1953 0.9807 0.0015
vn -0.8308 0.5566 -0.0025
vn -0.8307 0.5567 -0.0025
vn -0.3833 -0.9236 -0.0037
vn -0.3846 -0.9231 -0.0042
vn -0.3848 -0.9230 -0.0042
vn 0.3829 -0.9238 -0.0005
vn -0.0713 -0.0869 -0.9937
vn -0.3821 -0.9241 -0.0039
vn -0.3832 -0.9237 -0.0037
vn -0.5554 0.8316 -0.0005
vn -0.5553 0.8316 -0.0005
vn 0.1957 0.9807 0.0031
vn 0.1967 0.9805 0.0034
vn 0.1955 0.9807 0.0030
vn 0.0012 -1.0000 -0.0025
vn -0.0326 -0.1075 -0.9937
vn 0.1946 0.9809 0.0032
vn -0.1958 0.9806 0.0015
vn -0.1959 0.9806 0.0016
vn -0.7077 -0.7065 -0.0046
vn -0.7089 -0.7053 -0.0052
vn -0.7091 -0.7051 -0.0052
vn -0.3808 -0.9246 -0.0041
vn 0.0110 -0.1117 -0.9937
vn -0.7066 -0.7076 -0.0048
vn -0.7075 -0.7066 -0.0046
vn 0.1935 0.9811 0.0034
vn 0.1933 0.9811 0.0034
vn 0.5562 0.8310 0.0043
vn 0.5575 0.8302 0.0047
vn 0.5560 0.8311 0.0042
vn -0.7053 -0.7089 -0.0051
vn -0.7065 -0.7077 -0.0048
vn 0.0529 -0.0989 -0.9937
vn 0.5550 0.8318 0.0044
vn 0.5549 0.8319 0.0044
vn 0.5537 0.8327 0.0047
vn 0.5534 0.8329 0.0047
vn -0.9242 -0.3818 -0.0048
vn -0.9249 -0.3803 -0.0054
vn -0.9250 -0.3800 -0.0054
vn -0.9236 -0.3834 -0.0050
vn -0.9229 -0.3851 -0.0053
vn 0.0866 -0.0711 -0.9937
vn -0.9241 -0.3821 -0.0048
vn 0.8310 0.5562 0.0050
vn 0.8300 0.5577 0.0053
vn 0.8299 0.5579 0.0053
vn 0.8320 0.5548 0.0048
vn 0.8329 0.5534 0.0054
vn 0.8318 0.5550 0.0048
vn -1.0000 -0.0023 -0.0047
vn -1.0000 -0.0008 -0.0044
vn 0.1072 -0.0325 -0.9937
vn 0.8310 0.5563 0.0050
vn 0.9803 0.1975 0.0051
vn 0.9802 0.1978 0.0051
vn -0.1933 -0.9811 -0.0034
vn -0.5534 -0.8329 -0.0048
vn 0.8307 -0.5567 0.0026
vn -0.9802 -0.1978 -0.0052
vn 0.0014 1.0000 0.0025
vn 0.9803 -0.1973 0.0042
vn -0.7077 0.7065 -0.0016
vn 0.9813 0.1924 0.0052
vn -0.9246 0.3810 -0.0034
vn -0.8299 -0.5579 -0.0054
vn 0.1959 -0.9806 -0.0016
vn -0.9812 0.1929 -0.0042
vn -0.8322 0.5544 -0.0026
vn 0.9250 0.3800 0.0054
vn 0.3847 0.9230 0.0042
vn 0.7090 0.7051 0.0051
vn 1.0000 -0.0025 0.0047
vn 0.9232 -0.3844 0.0034
vn -0.1942 0.9810 0.0016
vn 0.7065 -0.7077 0.0016
vn 0.1969 0.9804 0.0034
vn 0.0014 -1.0000 -0.0025
vn -0.3806 -0.9247 -0.0041
vn 0.5577 0.8300 0.0048
vn -0.7051 -0.7091 -0.0052
vn -0.9228 -0.3854 -0.0054
vn 0.8331 0.5531 0.0054
vn -1.0000 -0.0025 -0.0047
vt 0.463198 0.188097
vt 0.370971 0.188097
vt 0.463198 0.172459
vt 0.463198 0.203734
vt 0.370971 0.172460
vt 0.370971 0.203734
vt 0.463198 0.156822
vt 0.463198 0.219372
vt 0.370971 0.156822
vt 0.370971 0.219372
vt 0.463198 0.235009
vt 0.370971 0.235009
vt 0.463198 0.141185
vt 0.370971 0.141185
vt 0.463198 0.250647
vt 0.370971 0.250647
vt 0.463198 0.125547
vt 0.370971 0.125547
vt 0.463198 0.109910
vt 0.463198 0.266284
vt 0.370971 0.109910
vt 0.370971 0.266284
vt 0.463198 0.281921
vt 0.463197 0.094272
vt 0.370971 0.094272
vt 0.370971 0.281921
vt 0.463198 0.078635
vt 0.370971 0.297559
vt 0.370971 0.078635
vt 0.463198 0.297559
vt 0.463197 0.062998
vt 0.370971 0.062998
vt 0.463198 0.313196
vt 0.370971 0.313196
vt 0.463198 0.328834
vt 0.463197 0.047360
vt 0.370971 0.047360
vt 0.370971 0.328834
vt 0.463198 0.344471
vt 0.370971 0.344471
vt 0.463197 0.031723
vt 0.370971 0.547757
vt 0.370971 0.532120
vt 0.463197 0.532120
vt 0.463197 0.516482
vt 0.463198 0.360108
vt 0.370971 0.516482
vt 0.370971 0.360108
vt 0.463197 0.500845
vt 0.463198 0.375746
vt 0.370971 0.375746
vt 0.370971 0.500845
vt 0.463198 0.391383
vt 0.463198 0.485208
vt 0.370971 0.391383
vt 0.370971 0.485208
vt 0.463198 0.407021
vt 0.463198 0.469570
vt 0.370971 0.407021
vt 0.370971 0.469570
vt 0.463198 0.422658
vt 0.463198 0.453933
vt 0.370971 0.453933
vt 0.370971 0.422658
vt 0.463198 0.438295
vt 0.370971 0.438295
vt 0.053261 0.802122
vt 0.035664 0.793556
vt 0.055556 0.793556
vt 0.037959 0.859227
vt 0.018438 0.857847
vt 0.024708 0.851577
vt 0.017057 0.823024
vt 0.008492 0.840620
vt 0.008492 0.820729
vt 0.074163 0.838325
vt 0.072783 0.857847
vt 0.066512 0.851576
vt 0.072783 0.803502
vt 0.066512 0.809773
vt 0.017057 0.838325
vt 0.759651 0.236742
vt 0.751085 0.219145
vt 0.759651 0.221440
vt 0.055556 0.867793
vt 0.053261 0.859227
vt 0.074163 0.823024
vt 0.082729 0.820729
vt 0.024708 0.809773
vt 0.037959 0.802122
vt 0.035664 0.867793
vt 0.082729 0.840620
vt 0.915727 0.083729
vt 0.938390 0.068427
vt 0.938390 0.083729
vt 0.915727 0.114331
vt 0.938390 0.099030
vt 0.938390 0.114331
vt 0.915727 0.144934
vt 0.938390 0.129633
vt 0.938390 0.144934
vt 0.385927 0.944544
vt 0.411633 0.913230
vt 0.411633 0.944544
vt 0.915727 0.175537
vt 0.938390 0.160235
vt 0.938390 0.175537
vt 0.915727 0.206139
vt 0.938390 0.190838
vt 0.938390 0.206139
vt 0.915727 0.236742
vt 0.938390 0.221440
vt 0.938390 0.236742
vt 0.392729 0.626002
vt 0.367023 0.587929
vt 0.392729 0.587929
vt 0.392739 0.626370
vt 0.367033 0.588297
vt 0.392739 0.588297
vt 0.392570 0.626370
vt 0.366864 0.588297
vt 0.392570 0.588297
vt 0.392065 0.586984
vt 0.366359 0.625057
vt 0.366358 0.586984
vt 0.392475 0.625222
vt 0.366769 0.587149
vt 0.392475 0.587149
vt 0.098480 0.984914
vt 0.128781 0.934861
vt 0.131181 0.983294
vt 0.324552 0.774464
vt 0.350258 0.659558
vt 0.350258 0.774464
vt 0.325226 0.775777
vt 0.350932 0.660871
vt 0.350932 0.775777
vt 0.411623 0.944176
vt 0.385917 0.912862
vt 0.411623 0.912862
vt 0.367033 0.731655
vt 0.367033 0.626370
vt 0.385758 0.944544
vt 0.411464 0.913230
vt 0.411464 0.944544
vt 0.385663 0.943396
vt 0.411369 0.912082
vt 0.411369 0.943396
vt 0.350258 0.928233
vt 0.324552 0.887298
vt 0.350258 0.887298
vt 0.325226 0.929546
vt 0.350932 0.888611
vt 0.350932 0.929546
vt 0.308861 0.730507
vt 0.324962 0.659723
vt 0.324962 0.774630
vt 0.203015 0.712239
vt 0.172547 0.742163
vt 0.169824 0.687207
vt 0.206741 0.688296
vt 0.167800 0.646359
vt 0.366769 0.730507
vt 0.392475 0.730507
vt 0.089444 0.802547
vt 0.096080 0.936481
vt 0.173330 0.559910
vt 0.134555 0.601420
vt 0.143669 0.554187
vt 0.137123 0.688827
vt 0.135099 0.647979
vt 0.350668 0.659723
vt 0.366769 0.625222
vt 0.375723 0.796911
vt 0.350668 0.774630
vt 0.375723 0.734902
vt 0.299907 0.796911
vt 0.324962 0.817830
vt 0.367023 0.731287
vt 0.392729 0.731287
vt 0.379575 0.815542
vt 0.405282 0.802674
vt 0.405282 0.815542
vt 0.352735 0.927365
vt 0.327029 0.886430
vt 0.352735 0.886430
vt 0.350668 0.849941
vt 0.350668 0.817830
vt 0.309115 0.731287
vt 0.325216 0.660503
vt 0.325216 0.775409
vt 0.282497 0.890651
vt 0.325216 0.850721
vt 0.325216 0.888243
vt 0.393641 0.890651
vt 0.350922 0.850721
vt 0.393641 0.836793
vt 0.375977 0.797691
vt 0.350922 0.775409
vt 0.375977 0.735682
vt 0.405536 0.816322
vt 0.379829 0.803453
vt 0.405536 0.803453
vt 0.350922 0.660503
vt 0.325216 0.929178
vt 0.350922 0.888243
vt 0.350922 0.929178
vt 0.350922 0.818610
vt 0.379839 0.816690
vt 0.405545 0.803821
vt 0.405545 0.816690
vt 0.325226 0.851088
vt 0.350932 0.818978
vt 0.350932 0.851088
vt 0.375987 0.798059
vt 0.375987 0.736050
vt 0.392739 0.731655
vt 0.366864 0.731655
vt 0.392570 0.731655
vt 0.300171 0.798059
vt 0.325226 0.818978
vt 0.308957 0.731655
vt 0.325057 0.660871
vt 0.325057 0.775777
vt 0.300003 0.798059
vt 0.325057 0.818978
vt 0.350764 0.660871
vt 0.366864 0.626370
vt 0.375818 0.798059
vt 0.350764 0.775777
vt 0.375818 0.736050
vt 0.379671 0.816690
vt 0.405377 0.803821
vt 0.405377 0.816690
vt 0.350764 0.929546
vt 0.325057 0.888611
vt 0.350764 0.888611
vt 0.350764 0.851089
vt 0.350764 0.818978
vt 0.308451 0.730342
vt 0.324552 0.659558
vt 0.299497 0.796746
vt 0.324552 0.817665
vt 0.324552 0.849775
vt 0.350258 0.817665
vt 0.350258 0.849775
vt 0.392065 0.730342
vt 0.392065 0.625057
vt 0.385253 0.943231
vt 0.410959 0.911917
vt 0.410959 0.943231
vt 0.404872 0.815377
vt 0.379166 0.802508
vt 0.404872 0.802508
vt 0.851024 0.083729
vt 0.915727 0.068427
vt 0.052560 0.968036
vt 0.067012 0.952734
vt 0.067012 0.968036
vt 0.851024 0.099030
vt 0.915727 0.099030
vt 0.052560 0.983337
vt 0.067012 0.983337
vt 0.851024 0.114331
vt 0.948007 0.533596
vt 0.557964 0.479113
vt 0.948007 0.479114
vt 0.851024 0.129633
vt 0.915727 0.129633
vt 0.021310 0.952709
vt 0.035762 0.937407
vt 0.035762 0.952709
vt 0.851024 0.144934
vt 0.021310 0.968010
vt 0.035762 0.968010
vt 0.851024 0.160235
vt 0.915727 0.160235
vt 0.021310 0.983311
vt 0.035762 0.983311
vt 0.851024 0.175537
vt 0.488059 0.282086
vt 0.520375 0.063579
vt 0.520375 0.282086
vt 0.915727 0.190838
vt 0.051522 0.897372
vt 0.066823 0.882920
vt 0.066823 0.897372
vt 0.851024 0.206139
vt 0.036221 0.897372
vt 0.051522 0.882920
vt 0.851024 0.221440
vt 0.915727 0.221440
vt 0.020919 0.882920
vt 0.020919 0.897372
vt 0.851024 0.236742
vt 0.589753 0.276734
vt 0.620275 0.058228
vt 0.620275 0.276734
vt 0.851024 0.068427
vt 0.915727 0.053126
vt 0.836572 0.068427
vt 0.851024 0.053126
vt 0.526915 0.058228
vt 0.494599 0.027706
vt 0.526916 0.027706
vt 0.557964 0.309259
vt 0.503482 0.366945
vt 0.503482 0.309259
vt 0.488059 0.033057
vt 0.520375 0.033058
vt 0.557437 0.058228
vt 0.589753 0.058228
vt 0.583213 0.282086
vt 0.613735 0.063579
vt 0.613735 0.282086
vt 0.526915 0.276734
vt 0.494599 0.058228
vt 0.948007 0.421428
vt 0.557964 0.421427
vt 0.557437 0.276734
vt 0.557964 0.366945
vt 0.948007 0.366945
vt 0.948007 0.309259
vt 0.550897 0.063579
vt 0.550897 0.282086
vt 0.583213 0.063579
vt 0.209319 0.591439
vt 0.163364 0.604294
vt 0.379575 0.802674
vt 0.393387 0.889871
vt 0.393387 0.836013
vt 0.296055 0.815542
vt 0.324962 0.849941
vt 0.282243 0.889871
vt 0.324962 0.887463
vt 0.379829 0.816322
vt 0.296309 0.816322
vt 0.325216 0.818610
vt 0.300161 0.797691
vt 0.296319 0.816690
vt 0.282507 0.891019
vt 0.325226 0.888611
vt 0.379839 0.803821
vt 0.393651 0.891019
vt 0.393651 0.837161
vt 0.379671 0.803821
vt 0.393483 0.891019
vt 0.393483 0.837161
vt 0.296150 0.816690
vt 0.325057 0.851089
vt 0.282338 0.891019
vt 0.295645 0.815377
vt 0.281833 0.889706
vt 0.139846 0.743783
vt 0.147088 0.889956
vt 0.759651 0.083729
vt 0.836572 0.083729
vt 0.759651 0.099030
vt 0.836572 0.099030
vt 0.759651 0.114331
vt 0.836572 0.114331
vt 0.759651 0.129633
vt 0.836572 0.129633
vt 0.759651 0.144934
vt 0.836572 0.144934
vt 0.759651 0.160235
vt 0.836572 0.160235
vt 0.759651 0.175536
vt 0.836572 0.175537
vt 0.836572 0.190838
vt 0.759651 0.206139
vt 0.836572 0.206139
vt 0.836572 0.221441
vt 0.836572 0.236742
vt 0.759651 0.068427
vt 0.836573 0.053126
vt 0.904258 0.728522
vt 0.918833 0.703896
vt 0.913384 0.731290
vt 0.674265 0.605589
vt 0.686645 0.579788
vt 0.692694 0.587160
vt 0.894285 0.752601
vt 0.902695 0.757096
vt 0.709869 0.564270
vt 0.714364 0.572680
vt 0.879805 0.774271
vt 0.887177 0.780320
vt 0.735674 0.553581
vt 0.738442 0.562707
vt 0.861377 0.792700
vt 0.867426 0.800071
vt 0.764004 0.557622
vt 0.763069 0.548132
vt 0.714364 0.807179
vt 0.735675 0.826278
vt 0.709869 0.815589
vt 0.839707 0.807179
vt 0.844202 0.815589
vt 0.791001 0.548132
vt 0.790067 0.557622
vt 0.692694 0.792700
vt 0.686645 0.800071
vt 0.815628 0.817153
vt 0.818396 0.826278
vt 0.818396 0.553581
vt 0.815628 0.562706
vt 0.666894 0.780321
vt 0.674265 0.774271
vt 0.790066 0.822237
vt 0.791001 0.831727
vt 0.844202 0.564270
vt 0.839706 0.572680
vt 0.651376 0.757096
vt 0.659786 0.752601
vt 0.764004 0.822237
vt 0.763070 0.831727
vt 0.867426 0.579788
vt 0.861377 0.587160
vt 0.640687 0.731291
vt 0.649812 0.728523
vt 0.738443 0.817153
vt 0.879805 0.605589
vt 0.887177 0.599539
vt 0.635238 0.703896
vt 0.644728 0.702961
vt 0.894285 0.627259
vt 0.902695 0.622764
vt 0.635238 0.675964
vt 0.644728 0.676899
vt 0.904258 0.651337
vt 0.913384 0.648569
vt 0.640687 0.648569
vt 0.649812 0.651337
vt 0.909343 0.676899
vt 0.918833 0.675964
vt 0.651376 0.622764
vt 0.659786 0.627259
vt 0.909343 0.702961
vt 0.666894 0.599539
vt 0.838989 0.809207
vt 0.866361 0.801933
vt 0.843243 0.817380
vt 0.814910 0.819181
vt 0.817556 0.828020
vt 0.790287 0.833444
vt 0.789349 0.824265
vt 0.762483 0.833444
vt 0.763286 0.824265
vt 0.735214 0.828020
vt 0.737725 0.819181
vt 0.709527 0.817380
vt 0.713646 0.809207
vt 0.686409 0.801933
vt 0.691976 0.794728
vt 0.666749 0.782273
vt 0.673547 0.776299
vt 0.651302 0.759155
vt 0.659068 0.754629
vt 0.640662 0.733468
vt 0.649094 0.730550
vt 0.635238 0.706199
vt 0.644010 0.704989
vt 0.635238 0.678395
vt 0.644010 0.678926
vt 0.640662 0.651126
vt 0.649094 0.653365
vt 0.651302 0.625439
vt 0.659068 0.629286
vt 0.666749 0.602321
vt 0.673547 0.607616
vt 0.686409 0.582661
vt 0.691976 0.589188
vt 0.709527 0.567214
vt 0.713646 0.574708
vt 0.735214 0.556574
vt 0.737725 0.564735
vt 0.762483 0.551150
vt 0.763286 0.559650
vt 0.789349 0.559650
vt 0.790287 0.551150
vt 0.814910 0.564735
vt 0.817556 0.556574
vt 0.838989 0.574708
vt 0.843243 0.567214
vt 0.860659 0.589188
vt 0.866361 0.582661
vt 0.879088 0.607616
vt 0.886021 0.602321
vt 0.893567 0.629287
vt 0.901468 0.625439
vt 0.903541 0.653365
vt 0.912108 0.651126
vt 0.908625 0.678927
vt 0.917532 0.678395
vt 0.908625 0.704989
vt 0.917532 0.706199
vt 0.903541 0.730551
vt 0.912108 0.733468
vt 0.893567 0.754629
vt 0.901468 0.759155
vt 0.879087 0.776299
vt 0.886021 0.782273
vt 0.860659 0.794728
vt 0.220160 0.554180
vt 0.099658 0.565221
vt 0.106630 0.529090
vt 0.350668 0.928398
vt 0.385663 0.912082
vt 0.324962 0.928398
vt 0.289967 0.912082
vt 0.195810 0.797276
vt 0.179790 0.888336
vt 0.385917 0.944176
vt 0.290221 0.912862
vt 0.385927 0.913230
vt 0.290231 0.913230
vt 0.385758 0.913230
vt 0.325057 0.929546
vt 0.290063 0.913230
vt 0.324552 0.928233
vt 0.289557 0.911916
vt 0.385253 0.911917
vt 0.077776 0.797520
vt 0.106569 0.717018
vt 0.110477 0.795900
vt 0.419094 0.836013
vt 0.401429 0.734902
vt 0.419347 0.836793
vt 0.401683 0.735682
vt 0.419357 0.891019
vt 0.401693 0.736050
vt 0.419189 0.837161
vt 0.401525 0.798059
vt 0.392977 0.835848
vt 0.418684 0.889706
vt 0.392977 0.889706
vt 0.375313 0.734737
vt 0.401019 0.796746
vt 0.375313 0.796746
vt 0.069997 0.559498
vt 0.076970 0.523366
vt 0.367023 0.626002
vt 0.081512 0.599051
vt 0.082293 0.665881
vt 0.100494 0.693560
vt 0.101305 0.709930
vt 0.122145 0.800926
vt 0.309125 0.731655
vt 0.325226 0.660871
vt 0.050395 0.666254
vt 0.049614 0.599424
vt 0.068604 0.711550
vt 0.379166 0.815377
vt 0.366359 0.730342
vt 0.751085 0.239037
vt 0.018437 0.803502
vt 0.308861 0.625222
vt 0.206923 0.791121
vt 0.207553 0.704666
vt 0.299907 0.734902
vt 0.327029 0.927365
vt 0.309116 0.626002
vt 0.282497 0.836793
vt 0.300171 0.736050
vt 0.308957 0.626370
vt 0.300002 0.736050
vt 0.308451 0.625057
vt 0.299497 0.734737
vt 0.052560 0.952734
vt 0.557964 0.533595
vt 0.021310 0.937407
vt 0.488059 0.063579
vt 0.851024 0.190838
vt 0.036221 0.882920
vt 0.494599 0.276734
vt 0.220160 0.653917
vt 0.350668 0.887463
vt 0.296055 0.802674
vt 0.282243 0.836013
vt 0.296309 0.803453
vt 0.300161 0.735682
vt 0.296319 0.803821
vt 0.282507 0.837160
vt 0.296150 0.803821
vt 0.282338 0.837161
vt 0.295645 0.802508
vt 0.281833 0.835848
vt 0.759651 0.190838
vt 0.759651 0.053126
vt 0.289967 0.943396
vt 0.202446 0.931211
vt 0.290221 0.944176
vt 0.290231 0.944544
vt 0.290063 0.944544
vt 0.289557 0.943231
vt 0.073868 0.718638
vt 0.419094 0.889871
vt 0.401429 0.796911
vt 0.419347 0.890651
vt 0.401683 0.797691
vt 0.419357 0.837161
vt 0.401693 0.798059
vt 0.419189 0.891019
vt 0.401525 0.736050
vt 0.418684 0.835848
vt 0.401019 0.734737
vt 0.309125 0.626370
vt 0.067793 0.695180
vt 0.228492 0.766132
vt 0.243272 0.773513
vt 0.228492 0.773513
vt 0.956618 0.068427
vt 0.956618 0.083729
vt 0.956618 0.099030
vt 0.956618 0.114331
vt 0.956618 0.129633
vt 0.956618 0.144934
vt 0.956618 0.160235
vt 0.956618 0.175537
vt 0.956618 0.190838
vt 0.956618 0.206139
vt 0.956618 0.221440
vt 0.956618 0.236742
vt 0.956618 0.053126
vt 0.256616 0.587695
vt 0.249486 0.570483
vt 0.260306 0.581303
vt 0.262738 0.562833
vt 0.266698 0.577613
vt 0.278039 0.562833
vt 0.274079 0.577613
vt 0.280471 0.581303
vt 0.291290 0.570483
vt 0.298941 0.583735
vt 0.284161 0.587695
vt 0.284161 0.595076
vt 0.298941 0.599036
vt 0.291290 0.612287
vt 0.280471 0.601468
vt 0.274079 0.605158
vt 0.278039 0.619938
vt 0.262738 0.619938
vt 0.266698 0.605158
vt 0.249486 0.612287
vt 0.260306 0.601468
vt 0.241836 0.599036
vt 0.256616 0.595076
vt 0.241836 0.583735
vt 0.150003 0.911632
vt 0.173858 0.918024
vt 0.156395 0.935487
vt 0.228492 0.788274
vt 0.243272 0.795655
vt 0.228492 0.795655
vt 0.228492 0.736609
vt 0.243272 0.743989
vt 0.228492 0.743989
vt 0.228492 0.721847
vt 0.243272 0.729228
vt 0.228492 0.729228
vt 0.228492 0.758751
vt 0.243272 0.766132
vt 0.243272 0.780893
vt 0.243272 0.788274
vt 0.243272 0.736609
vt 0.228492 0.803036
vt 0.243272 0.810416
vt 0.228492 0.810416
vt 0.228492 0.751370
vt 0.243272 0.758751
vt 0.228492 0.780893
vt 0.243272 0.803036
vt 0.243272 0.751370
vt 0.709475 0.020228
vt 0.751086 0.000337
vt 0.751086 0.020228
vt 0.709475 0.239037
vt 0.709475 0.219145
vt 0.751085 0.199254
vt 0.709475 0.199253
vt 0.751085 0.179362
vt 0.709475 0.159470
vt 0.751085 0.159470
vt 0.751085 0.139578
vt 0.709475 0.139578
vt 0.751085 0.119687
vt 0.709475 0.119687
vt 0.751085 0.099795
vt 0.709475 0.099795
vt 0.751085 0.079903
vt 0.709475 0.079903
vt 0.751085 0.060012
vt 0.662410 0.266209
vt 0.645184 0.201918
vt 0.709475 0.060012
vt 0.751085 0.040120
vt 0.709475 0.040120
vt 0.938390 0.053126
vt 0.150003 0.931796
vt 0.146312 0.925404
vt 0.146312 0.918024
vt 0.156395 0.907941
vt 0.163775 0.907941
vt 0.170167 0.911632
vt 0.173858 0.925404
vt 0.170167 0.931796
vt 0.163775 0.935487
vt 0.243272 0.721847
vt 0.709475 0.000336
vt 0.709475 0.179362
vt 0.699529 0.256264
vt 0.682302 0.266209
vt 0.645184 0.256264
vt 0.635238 0.239037
vt 0.635238 0.219145
vt 0.662410 0.191973
vt 0.682302 0.191973
vt 0.699529 0.201918
vt 0.049333 0.393103
vt 0.056719 0.367919
vt 0.057243 0.393467
vt 0.049014 0.367742
vt 0.058216 0.341468
vt 0.050214 0.341489
vt 0.056363 0.315434
vt 0.048549 0.315527
vt 0.056812 0.288256
vt 0.048704 0.288517
vt 0.053956 0.261559
vt 0.046032 0.261886
vt 0.053463 0.233539
vt 0.045241 0.234071
vt 0.049528 0.206077
vt 0.041484 0.206725
vt 0.047846 0.177070
vt 0.039481 0.178037
vt 0.042244 0.148682
vt 0.034042 0.149940
vt 0.038224 0.118329
vt 0.029619 0.120286
vt 0.028899 0.088586
vt 0.020130 0.091446
vt 0.018582 0.057989
vt 0.180339 0.484432
vt 0.200389 0.463003
vt 0.186607 0.488547
vt 0.199605 0.432092
vt 0.192339 0.459952
vt 0.206428 0.405494
vt 0.207244 0.434157
vt 0.209195 0.377809
vt 0.214289 0.406953
vt 0.213208 0.351192
vt 0.216807 0.378743
vt 0.214126 0.323709
vt 0.221057 0.351885
vt 0.216784 0.297118
vt 0.221776 0.324113
vt 0.216582 0.269747
vt 0.224696 0.297386
vt 0.218218 0.243158
vt 0.224315 0.269797
vt 0.216997 0.215890
vt 0.226228 0.243098
vt 0.217544 0.189326
vt 0.224825 0.215629
vt 0.215034 0.162241
vt 0.225652 0.188924
vt 0.213874 0.135800
vt 0.222937 0.161574
vt 0.208829 0.109207
vt 0.222050 0.134794
vt 0.203469 0.083531
vt 0.216702 0.107579
vt 0.191969 0.059762
vt 0.211380 0.080836
vt 0.038478 0.467473
vt 0.033685 0.493445
vt 0.026911 0.489005
vt 0.051199 0.444065
vt 0.046291 0.470494
vt 0.044019 0.442955
vt 0.053886 0.419402
vt 0.046359 0.418638
vt 0.167973 0.137966
vt 0.160215 0.105757
vt 0.169987 0.106548
vt 0.340828 0.188084
vt 0.330506 0.216454
vt 0.331876 0.187947
vt 0.169529 0.167784
vt 0.158204 0.137724
vt 0.339704 0.216743
vt 0.331817 0.245671
vt 0.168727 0.198273
vt 0.160191 0.167626
vt 0.340723 0.245998
vt 0.329767 0.274029
vt 0.170397 0.227292
vt 0.159283 0.198221
vt 0.338930 0.274543
vt 0.330324 0.303213
vt 0.169276 0.256968
vt 0.161321 0.227102
vt 0.339206 0.303762
vt 0.327577 0.331501
vt 0.165183 0.423701
vt 0.158650 0.395956
vt 0.167011 0.396460
vt 0.170358 0.285248
vt 0.160090 0.256773
vt 0.336719 0.332214
vt 0.327561 0.360707
vt 0.167260 0.449749
vt 0.156610 0.423578
vt 0.168619 0.314106
vt 0.161530 0.284878
vt 0.333693 0.389740
vt 0.336426 0.361379
vt 0.172467 0.476584
vt 0.158775 0.450670
vt 0.169061 0.341645
vt 0.159683 0.313716
vt 0.333784 0.418815
vt 0.324539 0.389054
vt 0.179868 0.501131
vt 0.164290 0.478478
vt 0.166835 0.369685
vt 0.160476 0.341108
vt 0.332774 0.447174
vt 0.324877 0.418477
vt 0.345704 0.039273
vt 0.332481 0.068820
vt 0.335382 0.037141
vt 0.158135 0.369184
vt 0.337202 0.475910
vt 0.323464 0.447492
vt 0.342453 0.069975
vt 0.329673 0.099297
vt 0.345704 0.502226
vt 0.328339 0.477886
vt 0.339303 0.099868
vt 0.331184 0.129587
vt 0.171549 0.075379
vt 0.169558 0.040345
vt 0.179868 0.044214
vt 0.340279 0.129776
vt 0.329987 0.158530
vt 0.160811 0.073588
vt 0.339275 0.158705
vt 0.122208 0.205692
vt 0.123136 0.223048
vt 0.124394 0.319278
vt 0.124473 0.335667
vt 0.094039 0.345321
vt 0.091575 0.336125
vt 0.124016 0.263348
vt 0.124518 0.280135
vt 0.090791 0.373249
vt 0.063041 0.365019
vt 0.093187 0.364097
vt 0.063050 0.344329
vt 0.025431 0.058675
vt 0.034882 0.082805
vt 0.124579 0.492912
vt 0.085944 0.477883
vt 0.120880 0.479912
vt 0.153167 0.366055
vt 0.153654 0.344209
vt 0.284971 0.491514
vt 0.338011 0.505703
vt 0.287163 0.521942
vt 0.116481 0.077424
vt 0.117514 0.099246
vt 0.119269 0.145264
vt 0.120497 0.163674
vt 0.093423 0.310040
vt 0.121824 0.309192
vt 0.080586 0.488869
vt 0.051830 0.469042
vt 0.288529 0.380899
vt 0.289873 0.363722
vt 0.284891 0.441480
vt 0.286154 0.422659
vt 0.091310 0.319398
vt 0.062713 0.312212
vt 0.044384 0.120545
vt 0.048767 0.144216
vt 0.293958 0.267009
vt 0.294468 0.250204
vt 0.291912 0.323620
vt 0.292899 0.306779
vt 0.122046 0.446629
vt 0.088026 0.455485
vt 0.086741 0.445265
vt 0.154532 0.310599
vt 0.154589 0.288215
vt 0.091636 0.235013
vt 0.088395 0.225482
vt 0.056788 0.448240
vt 0.127463 0.519765
vt 0.290543 0.092519
vt 0.289969 0.072326
vt 0.293109 0.153048
vt 0.292641 0.135540
vt 0.294368 0.210380
vt 0.294372 0.193449
vt 0.123454 0.374054
vt 0.123234 0.390341
vt 0.058784 0.236201
vt 0.121990 0.429225
vt 0.053480 0.179609
vt 0.056025 0.202191
vt 0.250092 0.064169
vt 0.286956 0.059755
vt 0.154724 0.253691
vt 0.154260 0.230697
vt 0.087978 0.427577
vt 0.088710 0.197639
vt 0.119002 0.195084
vt 0.249599 0.076052
vt 0.215524 0.076103
vt 0.090475 0.389861
vt 0.260283 0.193386
vt 0.260363 0.210602
vt 0.257423 0.136875
vt 0.258379 0.154564
vt 0.252556 0.095964
vt 0.073669 0.514976
vt 0.087042 0.207742
vt 0.060377 0.258030
vt 0.290913 0.015179
vt 0.242449 0.037870
vt 0.233582 0.024876
vt 0.153709 0.195132
vt 0.152942 0.171416
vt 0.151679 0.420572
vt 0.206209 0.055415
vt 0.198494 0.055508
vt 0.151994 0.398978
vt 0.120788 0.400249
vt 0.061882 0.291009
vt 0.259016 0.304525
vt 0.257893 0.321723
vt 0.260625 0.248994
vt 0.260078 0.266126
vt 0.259234 0.126821
vt 0.289845 0.124798
vt 0.152470 0.134410
vt 0.152454 0.109459
vt 0.226673 0.131285
vt 0.249583 0.418440
vt 0.246670 0.437584
vt 0.255515 0.360497
vt 0.253752 0.378056
vt 0.156992 0.476279
vt 0.256458 0.106076
vt 0.154813 0.069077
vt 0.160326 0.042484
vt 0.084004 0.167127
vt 0.081912 0.148324
vt 0.076492 0.104098
vt 0.072573 0.082226
vt 0.228403 0.513091
vt 0.237048 0.485294
vt 0.154006 0.454103
vt 0.119490 0.457566
vt 0.223724 0.109676
vt 0.325461 0.064592
vt 0.262623 0.183804
vt 0.291940 0.183036
vt 0.320481 0.475142
vt 0.318195 0.450976
vt 0.328964 0.039509
vt 0.286007 0.032051
vt 0.230527 0.185808
vt 0.324007 0.126238
vt 0.261221 0.164157
vt 0.319072 0.391933
vt 0.090849 0.281573
vt 0.090055 0.264429
vt 0.324113 0.102592
vt 0.288101 0.104167
vt 0.229639 0.164336
vt 0.122432 0.290433
vt 0.121263 0.233731
vt 0.121125 0.253054
vt 0.118734 0.174918
vt 0.115433 0.111831
vt 0.115812 0.133974
vt 0.114624 0.033729
vt 0.113107 0.063815
vt 0.281567 0.453098
vt 0.281768 0.477292
vt 0.284511 0.411384
vt 0.285166 0.391303
vt 0.322123 0.334359
vt 0.288321 0.353069
vt 0.288744 0.333824
vt 0.324378 0.277004
vt 0.291124 0.296305
vt 0.291055 0.277240
vt 0.325185 0.219577
vt 0.292381 0.239804
vt 0.291744 0.220726
vt 0.324675 0.161791
vt 0.290718 0.163688
vt 0.119608 0.418936
vt 0.122168 0.345666
vt 0.121138 0.364064
vt 0.061812 0.396549
vt 0.090939 0.418227
vt 0.060365 0.416966
vt 0.092547 0.399152
vt 0.262736 0.220137
vt 0.231244 0.240199
vt 0.231384 0.218722
vt 0.263338 0.239578
vt 0.262125 0.275717
vt 0.229832 0.294663
vt 0.230768 0.273137
vt 0.262067 0.295184
vt 0.259650 0.331438
vt 0.226341 0.349346
vt 0.228128 0.327705
vt 0.258942 0.351124
vt 0.255193 0.388103
vt 0.219866 0.404702
vt 0.223033 0.382717
vt 0.253669 0.408668
vt 0.213167 0.439072
vt 0.243700 0.473532
vt 0.206531 0.461756
vt 0.247497 0.448884
vt 0.072950 0.069125
vt 0.066559 0.039417
vt 0.083272 0.137458
vt 0.081278 0.114892
vt 0.087754 0.177017
vt 0.091945 0.254751
vt 0.093689 0.290894
vt 0.056664 0.025195
vt 0.119881 0.015179
vt 0.317968 0.414800
vt 0.320769 0.356954
vt 0.323472 0.299592
vt 0.324868 0.242232
vt 0.324821 0.184658
vt 0.009813 0.061933
vt 0.172648 0.504207
s 1
g off
g LlantaDelanteraIzquierda_SpacialRoverExploreralumGray
usemtl SpacialRoverExploreralumGray
f 57/1/1 25/2/1 56/3/2
f 25/2/1 57/1/1 58/4/3
f 25/2/1 24/5/2 56/3/2
f 58/4/3 26/6/3 25/2/1
f 24/5/2 55/7/4 56/3/2
f 58/4/3 59/8/5 26/6/3
f 24/5/2 23/9/4 55/7/4
f 59/8/5 27/10/5 26/6/3
f 59/8/5 60/11/6 27/10/5
f 60/11/6 28/12/6 27/10/5
f 23/9/4 54/13/7 55/7/4
f 54/13/7 23/9/4 22/14/7
f 60/11/6 61/15/8 28/12/6
f 61/15/8 29/16/8 28/12/6
f 54/13/7 22/14/7 53/17/9
f 22/14/7 21/18/9 53/17/9
f 21/18/9 52/19/10 53/17/9
f 61/15/8 62/20/11 29/16/8
f 21/18/9 20/21/10 52/19/10
f 62/20/11 30/22/11 29/16/8
f 62/20/11 63/23/12 30/22/11
f 52/19/10 20/21/10 51/24/13
f 20/21/10 19/25/13 51/24/13
f 30/22/11 63/23/12 31/26/12
f 19/25/13 50/27/14 51/24/13
f 31/26/12 63/23/12 32/28/15
f 19/25/13 18/29/14 50/27/14
f 32/28/15 63/23/12 64/30/15
f 18/29/14 49/31/16 50/27/14
f 49/31/16 18/29/14 17/32/16
f 32/28/15 64/30/15 33/33/17
f 33/33/17 1/34/17 32/28/15
f 33/33/17 34/35/18 1/34/17
f 49/31/16 17/32/16 48/36/19
f 48/36/19 17/32/16 16/37/19
f 1/34/17 34/35/18 2/38/18
f 2/38/18 34/35/18 35/39/20
f 2/38/18 35/39/20 3/40/20
f 48/36/19 16/37/19 47/41/21
f 16/42/19 15/43/21 47/44/21
f 15/43/21 46/45/22 47/44/21
f 3/40/20 35/39/20 36/46/23
f 15/43/21 14/47/22 46/45/22
f 3/40/20 36/46/23 4/48/23
f 46/45/22 14/47/22 45/49/24
f 4/48/23 36/46/23 37/50/25
f 4/48/23 37/50/25 5/51/25
f 45/49/24 14/47/22 13/52/24
f 5/51/25 37/50/25 38/53/26
f 45/49/24 13/52/24 44/54/27
f 5/51/25 38/53/26 6/55/26
f 44/54/27 13/52/24 12/56/27
f 6/55/26 38/53/26 39/57/28
f 44/54/27 12/56/27 43/58/29
f 6/55/26 39/57/28 7/59/28
f 43/58/29 12/56/27 11/60/29
f 7/59/28 39/57/28 40/61/30
f 43/58/29 11/60/29 42/62/31
f 42/62/31 11/60/29 10/63/31
f 7/59/28 40/61/30 8/64/30
f 42/62/31 10/63/31 41/65/32
f 8/64/30 40/61/30 41/65/32
f 41/65/32 10/63/31 9/66/32
f 8/64/30 41/65/32 9/66/32
s 2
f 497/67/33 520/68/34 521/69/33
f 503/70/35 528/71/36 504/72/36
f 494/73/37 507/74/38 518/75/37
f 500/76/39 525/77/40 501/78/40
f 497/67/33 522/79/41 498/80/41
f 493/81/38 528/71/36 507/74/38
f 494/82/37 519/83/42 495/84/42
f 501/78/40 526/85/43 502/86/43
f 499/87/44 522/79/41 523/88/44
f 495/89/42 520/68/34 496/90/34
f 502/86/43 527/91/35 503/70/35
f 499/87/44 524/92/39 500/76/39
s 3
f 167/93/45 145/94/46 168/95/45
f 163/96/47 166/97/48 164/98/47
f 159/99/49 162/100/50 160/101/49
s 4
f 163/102/51 623/103/52 161/104/51
s 3
f 155/105/53 158/106/54 156/107/53
f 151/108/55 154/109/56 152/110/55
f 147/111/57 150/112/58 148/113/57
s 5
f 189/114/24 192/115/59 190/116/59
s 6
f 185/117/60 188/118/61 186/119/61
s 7
f 181/120/62 184/121/63 182/122/63
s 8
f 178/123/64 179/124/8 180/125/64
s 9
f 173/126/65 176/127/66 174/128/66
s 10
f 169/129/67 171/130/68 172/131/67
s 8
f 487/132/69 180/133/64 490/134/69
s 6
f 471/135/70 188/136/61 474/137/70
s 11
f 165/138/71 612/139/72 615/140/72
s 12
f 619/141/73 188/136/73 187/142/73
s 13
f 159/143/74 631/144/75 157/145/74
s 14
f 151/146/76 605/147/77 149/148/76
s 8
f 156/149/78 486/150/79 491/151/79
s 6
f 162/152/80 475/153/81 164/154/80
s 15
f 608/155/73 174/156/73 459/157/73
s 16
f 595/158/82 445/159/82 446/160/82
f 594/161/82 446/160/82 447/162/82
s 14
f 601/163/83 173/126/84 608/164/83
s 17
f 596/165/85 171/130/86 170/166/86
s 10
f 145/167/87 451/168/88 148/169/87
f 447/162/89 449/170/90 452/171/89
s 18
f 601/163/91 176/172/91 175/173/91
f 602/174/91 456/175/91 601/176/91
s 15
f 607/177/73 459/157/73 460/178/73
s 11
f 609/179/92 189/114/93 614/180/92
s 14
f 603/181/94 607/182/95 606/183/94
s 9
f 459/157/96 176/172/66 456/175/96
f 152/184/97 458/185/98 453/186/98
f 454/187/99 460/178/100 455/188/101
s 19
f 614/189/9 190/190/9 467/191/9
f 615/192/9 465/193/9 466/194/9
s 20
f 612/195/25 462/196/25 611/197/25
f 610/198/25 464/199/25 609/200/25
s 11
f 616/201/102 610/202/103 613/203/103
s 5
f 467/191/104 192/204/59 464/199/104
f 166/205/105 461/206/106 168/207/105
f 465/193/107 463/208/108 462/196/107
s 4
f 617/209/109 621/210/110 624/211/109
s 6
f 469/212/111 473/213/112 476/214/111
s 12
f 620/215/73 474/137/73 619/216/73
s 4
f 619/141/113 185/117/114 622/217/113
s 13
f 625/218/115 181/120/116 630/219/115
s 21
f 621/220/91 471/135/91 472/221/91
s 22
f 630/222/117 182/223/117 483/224/117
f 629/225/117 483/224/117 484/226/117
s 23
f 625/218/82 184/227/82 183/228/82
f 626/229/82 480/230/82 625/231/82
s 13
f 627/232/118 629/233/119 632/234/118
s 7
f 483/224/120 184/227/63 480/230/120
f 160/235/121 482/236/122 477/237/122
f 478/238/123 484/226/124 479/239/124
s 24
f 636/240/25 178/241/25 487/132/25
f 635/242/25 487/132/25 488/243/25
s 8
f 485/244/125 489/245/126 492/246/125
s 25
f 636/247/127 179/124/128 177/248/128
f 155/249/129 633/250/130 153/251/129
f 634/252/131 640/253/132 635/254/132
s 3
f 304/255/133 146/256/46 167/93/45
f 303/257/133 281/258/32 304/259/133
f 302/260/134 167/93/45 165/261/48
f 301/262/134 304/259/133 302/263/134
f 300/264/135 165/261/48 163/96/47
s 26
f 291/265/65 310/266/65 292/267/65
s 3
f 298/268/136 163/96/47 161/269/50
f 297/270/136 300/271/135 298/272/136
f 296/273/137 161/269/50 159/99/49
f 295/274/137 298/272/136 296/275/137
f 294/276/138 159/99/49 157/277/54
f 293/278/138 296/275/137 294/279/138
f 292/280/139 157/277/54 155/105/53
s 27
f 285/281/140 305/282/140 283/283/140
s 3
f 153/284/56 292/280/139 155/105/53
f 290/285/141 291/286/139 292/287/139
f 288/288/17 153/284/56 151/108/55
f 288/289/17 289/290/141 290/285/141
f 286/291/142 151/108/55 149/292/58
f 285/293/142 288/289/17 286/294/142
f 284/295/143 149/292/58 147/111/57
s 28
f 302/296/68 315/297/68 301/298/68
s 3
f 281/299/32 147/300/57 146/256/46
f 282/301/32 284/302/143 281/299/32
s 29
f 313/303/82 316/304/82 314/305/82
s 30
f 309/306/91 312/307/91 310/308/91
s 31
f 305/282/25 308/309/25 306/310/25
s 32
f 302/296/144 314/311/144 316/312/144
s 33
f 286/313/8 307/314/8 285/315/8
s 34
f 299/316/140 315/317/140 313/303/140
s 35
f 294/318/144 310/266/144 312/319/144
s 36
f 299/316/62 314/311/62 300/320/62
s 37
f 294/318/60 311/321/60 293/322/60
s 38
f 293/322/140 309/306/140 291/323/140
s 39
f 283/283/24 306/324/24 284/325/24
s 40
f 284/325/144 308/326/144 286/313/144
s 16
f 593/327/82 447/162/82 448/328/82
s 18
f 603/181/91 455/188/91 602/329/91
f 604/330/91 454/187/91 603/331/91
s 15
f 606/332/73 460/178/73 457/333/73
f 605/334/73 457/333/73 458/335/73
s 20
f 611/336/25 463/208/25 610/202/25
s 19
f 616/337/9 468/338/9 465/193/9
f 613/339/9 467/191/9 468/338/9
s 21
f 624/340/91 472/221/91 469/212/91
f 623/341/91 469/212/91 470/342/91
s 12
f 617/209/73 473/213/73 620/343/73
f 618/344/73 476/214/73 617/345/73
s 23
f 627/232/82 479/239/82 626/346/82
f 628/347/82 478/238/82 627/348/82
s 22
f 632/349/117 484/226/117 481/350/117
f 631/351/117 481/350/117 482/236/117
s 24
f 634/352/25 488/243/25 485/244/25
f 633/353/25 485/244/25 486/150/25
s 10
f 447/162/89 451/168/88 448/328/88
f 450/354/145 446/160/90 445/159/145
s 9
f 454/187/99 458/335/98 457/333/146
f 456/175/96 460/178/100 459/157/96
s 5
f 462/196/107 466/194/106 465/193/107
f 464/199/104 468/338/108 467/191/104
s 6
f 476/214/111 470/342/81 469/212/111
f 474/137/70 472/221/112 471/135/70
s 7
f 478/238/123 482/236/122 481/350/123
f 483/224/120 479/239/124 484/226/124
s 8
f 492/246/125 486/150/79 485/244/125
f 490/134/69 488/243/126 487/132/69
s 10
f 445/159/145 172/355/67 450/354/145
s 3
f 504/356/133 282/301/32 303/357/133
f 503/358/147 303/357/133 301/359/134
f 502/360/16 301/359/134 299/361/135
f 501/362/136 299/361/135 297/363/136
f 500/364/137 297/363/136 295/365/137
f 499/366/1 295/365/137 293/367/138
f 498/368/148 293/367/138 291/369/139
f 289/370/141 498/368/148 291/369/139
f 496/371/17 289/370/141 287/372/17
f 495/84/149 287/372/17 285/373/142
f 494/82/150 285/373/142 283/374/143
f 493/375/32 283/376/143 282/301/32
s 41
f 9/377/144 531/378/144 560/379/144
f 23/380/144 559/381/144 22/382/144
f 8/383/144 560/379/144 558/384/144
f 22/382/144 557/385/144 21/386/144
f 7/387/144 558/384/144 556/388/144
f 21/386/144 555/389/144 20/390/144
f 6/391/144 556/388/144 554/392/144
f 19/393/144 555/389/144 553/394/144
f 32/395/144 541/396/144 552/397/144
f 5/398/144 554/392/144 551/399/144
f 19/393/144 550/400/144 18/401/144
f 31/402/144 552/397/144 549/403/144
f 4/404/144 551/399/144 548/405/144
f 18/401/144 547/406/144 17/407/144
f 31/402/144 546/408/144 30/409/144
f 3/410/144 548/405/144 545/411/144
f 17/407/144 544/412/144 16/413/144
f 30/409/144 543/414/144 29/415/144
f 2/416/144 545/411/144 542/417/144
f 16/413/144 540/418/144 15/419/144
f 29/415/144 539/420/144 28/421/144
f 2/416/144 541/396/144 1/422/144
f 14/423/144 540/418/144 538/424/144
f 28/421/144 537/425/144 27/426/144
f 13/427/144 538/424/144 536/428/144
f 27/426/144 535/429/144 26/430/144
f 12/431/144 536/428/144 534/432/144
f 26/430/144 533/433/144 25/434/144
f 11/435/144 534/432/144 532/436/144
f 25/434/144 530/437/144 24/438/144
f 10/439/144 532/436/144 531/378/144
f 24/438/144 529/440/144 23/380/144
s 42
f 34/441/140 592/442/140 561/443/140
f 35/444/140 561/443/140 562/445/140
f 35/444/140 563/446/140 36/447/140
f 36/447/140 564/448/140 37/449/140
f 37/449/140 565/450/140 38/451/140
f 38/451/140 566/452/140 39/453/140
f 39/453/140 567/454/140 40/455/140
f 40/455/140 568/456/140 41/457/140
f 41/457/140 569/458/140 42/459/140
f 42/459/140 570/460/140 43/461/140
f 43/461/140 571/462/140 44/463/140
f 44/463/140 572/464/140 45/465/140
f 45/465/140 573/466/140 46/467/140
f 46/467/140 574/468/140 47/469/140
f 47/469/140 575/470/140 48/471/140
f 48/471/140 576/472/140 49/473/140
f 49/473/140 577/474/140 50/475/140
f 50/475/140 578/476/140 51/477/140
f 51/477/140 579/478/140 52/479/140
f 53/480/140 579/478/140 580/481/140
f 54/482/140 580/481/140 581/483/140
f 55/484/140 581/483/140 582/485/140
f 56/486/140 582/485/140 583/487/140
f 57/488/140 583/487/140 584/489/140
f 58/490/140 584/489/140 585/491/140
f 59/492/140 585/491/140 586/493/140
f 60/494/140 586/493/140 587/495/140
f 61/496/140 587/495/140 588/497/140
f 62/498/140 588/497/140 589/499/140
f 63/500/140 589/499/140 590/501/140
f 64/502/140 590/501/140 591/503/140
f 33/504/140 591/503/140 592/442/140
s 16
f 593/327/82 145/167/82 146/505/82
s 43
f 148/169/117 598/506/117 147/507/117
s 18
f 152/508/91 604/509/91 151/146/91
s 15
f 150/510/73 605/511/73 458/335/73
s 16
f 596/512/82 169/513/82 445/159/82
s 20
f 168/207/25 612/139/25 167/514/25
s 19
f 166/205/9 615/515/9 466/194/9
s 12
f 164/154/73 618/516/73 163/102/73
s 21
f 162/152/91 623/517/91 470/342/91
s 23
f 160/235/82 628/518/82 159/143/82
s 22
f 158/519/117 631/520/117 482/236/117
s 24
f 154/521/25 633/522/25 486/150/25
s 44
f 156/149/9 638/523/9 155/249/9
s 17
f 596/524/85 600/525/151 599/526/85
s 14
f 606/527/94 604/330/77 603/331/94
f 608/528/83 602/174/95 601/176/83
s 11
f 616/529/102 612/195/72 611/197/102
f 614/530/92 610/198/103 609/200/92
s 4
f 617/345/109 623/531/52 618/344/52
f 622/532/113 620/215/110 619/216/113
s 13
f 632/533/118 628/347/75 627/348/118
f 625/231/115 629/534/119 626/229/119
s 25
f 637/535/131 633/536/130 638/537/130
f 639/538/127 635/539/132 640/540/132
s 17
f 147/507/152 593/541/153 146/542/152
s 20
f 609/179/25 192/204/25 191/543/25
s 43
f 598/544/117 452/171/117 597/545/117
f 597/546/117 449/170/117 600/547/117
f 600/525/117 450/354/117 599/526/117
f 599/548/117 172/355/117 171/130/117
s 21
f 622/549/91 186/550/91 471/135/91
s 17
f 598/544/153 594/551/154 593/552/153
f 595/553/151 597/546/154 600/547/151
s 44
f 638/537/9 492/246/9 637/535/9
f 637/554/9 489/245/9 640/253/9
f 640/540/9 490/134/9 639/538/9
f 639/555/9 180/133/9 179/124/9
s 2
f 497/67/33 496/90/34 520/68/34
f 503/70/35 527/91/35 528/71/36
f 494/73/37 493/81/38 507/74/38
f 500/76/39 524/92/39 525/77/40
f 497/67/33 521/69/33 522/79/41
f 493/81/38 504/72/36 528/71/36
f 494/82/37 518/556/37 519/83/42
f 501/78/40 525/77/40 526/85/43
f 499/87/44 498/80/41 522/79/41
f 495/89/42 519/557/42 520/68/34
f 502/86/43 526/85/43 527/91/35
f 499/87/44 523/88/44 524/92/39
s 3
f 167/93/45 146/256/46 145/94/46
f 163/96/47 165/261/48 166/97/48
f 159/99/49 161/269/50 162/100/50
s 4
f 163/102/51 618/516/52 623/103/52
s 3
f 155/105/53 157/277/54 158/106/54
f 151/108/55 153/284/56 154/109/56
f 147/111/57 149/292/58 150/112/58
s 5
f 189/114/24 191/543/24 192/115/59
s 6
f 185/117/60 187/142/60 188/118/61
s 7
f 181/120/62 183/228/62 184/121/63
s 8
f 178/123/64 177/248/8 179/124/8
s 9
f 173/126/65 175/173/65 176/127/66
s 10
f 169/129/67 170/166/68 171/130/68
s 8
f 487/132/69 178/241/64 180/133/64
s 6
f 471/135/70 186/550/61 188/136/61
s 11
f 165/138/71 167/514/71 612/139/72
s 12
f 619/141/73 474/137/73 188/136/73
s 13
f 159/143/74 628/518/75 631/144/75
s 14
f 151/146/76 604/509/77 605/147/77
s 8
f 156/149/78 154/521/78 486/150/79
s 6
f 162/152/80 470/342/81 475/153/81
s 15
f 608/155/73 173/558/73 174/156/73
s 16
f 595/158/82 596/559/82 445/159/82
f 594/161/82 595/560/82 446/160/82
s 14
f 601/163/83 175/173/84 173/126/84
s 17
f 596/165/85 599/548/85 171/130/86
s 10
f 145/167/87 448/328/88 451/168/88
f 447/162/89 446/160/90 449/170/90
s 18
f 601/163/91 456/175/91 176/172/91
f 602/174/91 455/188/91 456/175/91
s 15
f 607/177/73 608/561/73 459/157/73
s 11
f 609/179/92 191/543/93 189/114/93
s 14
f 603/181/94 602/329/95 607/182/95
s 9
f 459/157/96 174/156/66 176/172/66
f 152/184/97 150/562/97 458/185/98
f 454/187/99 457/333/146 460/178/100
s 19
f 614/189/9 189/563/9 190/190/9
f 615/192/9 616/564/9 465/193/9
s 20
f 612/195/25 461/206/25 462/196/25
f 610/198/25 463/208/25 464/199/25
s 11
f 616/201/102 611/336/102 610/202/103
s 5
f 467/191/104 190/190/59 192/204/59
f 166/205/105 466/194/106 461/206/106
f 465/193/107 468/338/108 463/208/108
s 4
f 617/209/109 620/343/110 621/210/110
s 6
f 469/212/111 472/221/112 473/213/112
s 12
f 620/215/73 473/213/73 474/137/73
s 4
f 619/141/113 187/142/114 185/117/114
s 13
f 625/218/115 183/228/116 181/120/116
s 21
f 621/220/91 622/565/91 471/135/91
s 22
f 630/222/117 181/566/117 182/223/117
f 629/225/117 630/567/117 483/224/117
s 23
f 625/218/82 480/230/82 184/227/82
f 626/229/82 479/239/82 480/230/82
s 13
f 627/232/118 626/346/119 629/233/119
s 7
f 483/224/120 182/223/63 184/227/63
f 160/235/121 158/519/121 482/236/122
f 478/238/123 481/350/123 484/226/124
s 24
f 636/240/25 177/568/25 178/241/25
f 635/242/25 636/569/25 487/132/25
s 8
f 485/244/125 488/243/126 489/245/126
s 25
f 636/247/127 639/555/127 179/124/128
f 155/249/129 638/523/130 633/250/130
f 634/252/131 637/554/131 640/253/132
s 3
f 304/255/133 281/299/32 146/256/46
f 303/257/133 282/570/32 281/258/32
f 302/260/134 304/255/133 167/93/45
f 301/262/134 303/257/133 304/259/133
f 300/264/135 302/260/134 165/261/48
s 26
f 291/265/65 309/571/65 310/266/65
s 3
f 298/268/136 300/264/135 163/96/47
f 297/270/136 299/572/135 300/271/135
f 296/273/137 298/268/136 161/269/50
f 295/274/137 297/270/136 298/272/136
f 294/276/138 296/273/137 159/99/49
f 293/278/138 295/274/137 296/275/137
f 292/280/139 294/276/138 157/277/54
s 27
f 285/281/140 307/573/140 305/282/140
s 3
f 153/284/56 290/574/141 292/280/139
f 290/285/141 289/290/141 291/286/139
f 288/288/17 290/574/141 153/284/56
f 288/289/17 287/575/17 289/290/141
f 286/291/142 288/288/17 151/108/55
f 285/293/142 287/575/17 288/289/17
f 284/295/143 286/291/142 149/292/58
s 28
f 302/296/68 316/312/68 315/297/68
s 3
f 281/299/32 284/302/143 147/300/57
f 282/301/32 283/376/143 284/302/143
s 29
f 313/303/82 315/317/82 316/304/82
s 30
f 309/306/91 311/321/91 312/307/91
s 31
f 305/282/25 307/573/25 308/309/25
s 32
f 302/296/144 300/320/144 314/311/144
s 33
f 286/313/8 308/326/8 307/314/8
s 34
f 299/316/140 301/576/140 315/317/140
s 35
f 294/318/144 292/267/144 310/266/144
s 36
f 299/316/62 313/303/62 314/311/62
s 37
f 294/318/60 312/319/60 311/321/60
s 38
f 293/322/140 311/321/140 309/306/140
s 39
f 283/283/24 305/282/24 306/324/24
s 40
f 284/325/144 306/324/144 308/326/144
s 16
f 593/327/82 594/577/82 447/162/82
s 18
f 603/181/91 454/187/91 455/188/91
f 604/330/91 453/578/91 454/187/91
s 15
f 606/332/73 607/579/73 460/178/73
f 605/334/73 606/580/73 457/333/73
s 20
f 611/336/25 462/196/25 463/208/25
s 19
f 616/337/9 613/581/9 468/338/9
f 613/339/9 614/582/9 467/191/9
s 21
f 624/340/91 621/583/91 472/221/91
f 623/341/91 624/584/91 469/212/91
s 12
f 617/209/73 476/214/73 473/213/73
f 618/344/73 475/153/73 476/214/73
s 23
f 627/232/82 478/238/82 479/239/82
f 628/347/82 477/237/82 478/238/82
s 22
f 632/349/117 629/585/117 484/226/117
f 631/351/117 632/586/117 481/350/117
s 24
f 634/352/25 635/587/25 488/243/25
f 633/353/25 634/588/25 485/244/25
s 10
f 447/162/89 452/171/89 451/168/88
f 450/354/145 449/170/90 446/160/90
s 9
f 454/187/99 453/578/98 458/335/98
f 456/175/96 455/188/101 460/178/100
s 5
f 462/196/107 461/206/106 466/194/106
f 464/199/104 463/208/108 468/338/108
s 6
f 476/214/111 475/153/81 470/342/81
f 474/137/70 473/213/112 472/221/112
s 7
f 478/238/123 477/237/122 482/236/122
f 483/224/120 480/230/120 479/239/124
s 8
f 492/246/125 491/151/79 486/150/79
f 490/134/69 489/245/126 488/243/126
s 10
f 445/159/145 169/513/67 172/355/67
s 3
f 504/356/133 493/375/32 282/301/32
f 503/358/147 504/356/133 303/357/133
f 502/360/16 503/358/147 301/359/134
f 501/362/136 502/360/16 299/361/135
f 500/364/137 501/362/136 297/363/136
f 499/366/1 500/364/137 295/365/137
f 498/368/148 499/366/1 293/367/138
f 289/370/141 497/589/141 498/368/148
f 496/371/17 497/589/141 289/370/141
f 495/84/149 496/371/17 287/372/17
f 494/82/150 495/84/149 285/373/142
f 493/375/32 494/590/150 283/376/143
s 41
f 9/377/144 10/439/144 531/378/144
f 23/380/144 529/440/144 559/381/144
f 8/383/144 9/377/144 560/379/144
f 22/382/144 559/381/144 557/385/144
f 7/387/144 8/383/144 558/384/144
f 21/386/144 557/385/144 555/389/144
f 6/391/144 7/387/144 556/388/144
f 19/393/144 20/390/144 555/389/144
f 32/395/144 1/422/144 541/396/144
f 5/398/144 6/391/144 554/392/144
f 19/393/144 553/394/144 550/400/144
f 31/402/144 32/395/144 552/397/144
f 4/404/144 5/398/144 551/399/144
f 18/401/144 550/400/144 547/406/144
f 31/402/144 549/403/144 546/408/144
f 3/410/144 4/404/144 548/405/144
f 17/407/144 547/406/144 544/412/144
f 30/409/144 546/408/144 543/414/144
f 2/416/144 3/410/144 545/411/144
f 16/413/144 544/412/144 540/418/144
f 29/415/144 543/414/144 539/420/144
f 2/416/144 542/417/144 541/396/144
f 14/423/144 15/419/144 540/418/144
f 28/421/144 539/420/144 537/425/144
f 13/427/144 14/423/144 538/424/144
f 27/426/144 537/425/144 535/429/144
f 12/431/144 13/427/144 536/428/144
f 26/430/144 535/429/144 533/433/144
f 11/435/144 12/431/144 534/432/144
f 25/434/144 533/433/144 530/437/144
f 10/439/144 11/435/144 532/436/144
f 24/438/144 530/437/144 529/440/144
s 42
f 34/441/140 33/504/140 592/442/140
f 35/444/140 34/441/140 561/443/140
f 35/444/140 562/445/140 563/446/140
f 36/447/140 563/446/140 564/448/140
f 37/449/140 564/448/140 565/450/140
f 38/451/140 565/450/140 566/452/140
f 39/453/140 566/452/140 567/454/140
f 40/455/140 567/454/140 568/456/140
f 41/457/140 568/456/140 569/458/140
f 42/459/140 569/458/140 570/460/140
f 43/461/140 570/460/140 571/462/140
f 44/463/140 571/462/140 572/464/140
f 45/465/140 572/464/140 573/466/140
f 46/467/140 573/466/140 574/468/140
f 47/469/140 574/468/140 575/470/140
f 48/471/140 575/470/140 576/472/140
f 49/473/140 576/472/140 577/474/140
f 50/475/140 577/474/140 578/476/140
f 51/477/140 578/476/140 579/478/140
f 53/480/140 52/479/140 579/478/140
f 54/482/140 53/480/140 580/481/140
f 55/484/140 54/482/140 581/483/140
f 56/486/140 55/484/140 582/485/140
f 57/488/140 56/486/140 583/487/140
f 58/490/140 57/488/140 584/489/140
f 59/492/140 58/490/140 585/491/140
f 60/494/140 59/492/140 586/493/140
f 61/496/140 60/494/140 587/495/140
f 62/498/140 61/496/140 588/497/140
f 63/500/140 62/498/140 589/499/140
f 64/502/140 63/500/140 590/501/140
f 33/504/140 64/502/140 591/503/140
s 16
f 593/327/82 448/328/82 145/167/82
s 43
f 148/169/117 451/168/117 598/506/117
s 18
f 152/508/91 453/578/91 604/509/91
s 15
f 150/510/73 149/591/73 605/511/73
s 16
f 596/512/82 170/592/82 169/513/82
s 20
f 168/207/25 461/206/25 612/139/25
s 19
f 166/205/9 165/593/9 615/515/9
s 12
f 164/154/73 475/153/73 618/516/73
s 21
f 162/152/91 161/594/91 623/517/91
s 23
f 160/235/82 477/237/82 628/518/82
s 22
f 158/519/117 157/595/117 631/520/117
s 24
f 154/521/25 153/596/25 633/522/25
s 44
f 156/149/9 491/151/9 638/523/9
s 17
f 596/524/85 595/597/151 600/525/151
s 14
f 606/527/94 605/598/77 604/330/77
f 608/528/83 607/599/95 602/174/95
s 11
f 616/529/102 615/600/72 612/195/72
f 614/530/92 613/601/103 610/198/103
s 4
f 617/345/109 624/602/109 623/531/52
f 622/532/113 621/603/110 620/215/110
s 13
f 632/533/118 631/604/75 628/347/75
f 625/231/115 630/605/115 629/534/119
s 25
f 637/535/131 634/606/131 633/536/130
f 639/538/127 636/607/127 635/539/132
s 17
f 147/507/152 598/506/153 593/541/153
s 20
f 609/179/25 464/199/25 192/204/25
s 43
f 598/544/117 451/168/117 452/171/117
f 597/546/117 452/171/117 449/170/117
f 600/525/117 449/170/117 450/354/117
f 599/548/117 450/354/117 172/355/117
s 21
f 622/549/91 185/608/91 186/550/91
s 17
f 598/544/153 597/545/154 594/551/154
f 595/553/151 594/609/154 597/546/154
s 44
f 638/537/9 491/151/9 492/246/9
f 637/554/9 492/246/9 489/245/9
f 640/540/9 489/245/9 490/134/9
f 639/555/9 490/134/9 180/133/9
s 45
g LlantaDelanteraIzquierda_SpacialRoverExploreralumGrayDeep
usemtl SpacialRoverExploreralumGrayDeep
f 140/610/150 211/611/32 139/612/32
s 3
f 168/95/45 193/613/32 204/614/133
f 203/615/147 168/95/45 204/614/133
f 164/98/47 203/615/147 202/616/16
f 162/100/50 202/616/16 201/617/136
f 160/101/49 201/617/136 200/618/137
f 158/106/54 200/618/137 199/619/1
f 156/107/53 199/619/1 198/620/148
f 197/621/141 156/107/53 198/620/148
f 196/622/17 154/109/56 197/621/141
f 150/112/58 196/622/17 195/623/149
f 148/113/57 195/623/149 194/624/150
f 145/94/46 194/625/150 193/613/32
s 46
f 133/626/144 194/627/144 134/628/144
f 134/628/144 195/629/144 135/630/144
f 135/630/144 196/631/144 136/632/144
f 137/633/144 196/631/144 197/634/144
f 137/633/144 198/635/144 138/636/144
f 139/637/144 198/635/144 199/638/144
f 139/637/144 200/639/144 140/640/144
f 141/641/144 200/639/144 201/642/144
f 141/641/144 202/643/144 142/644/144
f 142/644/144 203/645/144 143/646/144
f 143/646/144 204/647/144 144/648/144
f 133/626/144 204/647/144 193/649/144
s 47
f 208/650/144 212/651/144 216/652/144
s 45
f 137/653/147 208/654/16 136/655/16
f 144/656/148 215/657/141 143/658/141
f 134/659/137 205/660/1 133/661/1
f 141/662/149 212/663/150 140/610/150
f 137/653/147 210/664/133 209/665/147
f 133/661/1 216/666/148 144/656/148
f 135/667/136 206/668/137 134/669/137
f 142/670/17 213/671/149 141/662/149
f 139/612/32 210/664/133 138/672/133
f 136/655/16 207/673/136 135/667/136
f 143/658/141 214/674/17 142/670/17
s 48
f 506/675/32 518/676/150 507/677/32
f 505/678/150 519/83/149 518/556/150
f 508/679/149 520/680/17 519/83/149
f 509/681/17 521/682/141 520/680/17
f 521/682/141 511/683/148 522/684/148
f 511/683/148 523/685/1 522/684/148
f 512/686/1 524/687/137 523/685/1
f 513/688/137 525/689/136 524/687/137
f 514/690/136 526/691/16 525/689/136
f 515/692/16 527/693/147 526/691/16
s 49
f 516/694/140 512/695/140 508/679/140
s 48
f 516/696/147 528/697/133 527/693/147
f 517/698/133 507/677/32 528/697/133
s 45
f 140/610/150 212/663/150 211/611/32
s 3
f 168/95/45 145/94/46 193/613/32
f 203/615/147 166/97/48 168/95/45
f 164/98/47 166/97/48 203/615/147
f 162/100/50 164/98/47 202/616/16
f 160/101/49 162/100/50 201/617/136
f 158/106/54 160/101/49 200/618/137
f 156/107/53 158/106/54 199/619/1
f 197/621/141 154/109/56 156/107/53
f 196/622/17 152/110/55 154/109/56
f 150/112/58 152/110/55 196/622/17
f 148/113/57 150/112/58 195/623/149
f 145/94/46 148/699/57 194/625/150
s 46
f 133/626/144 193/649/144 194/627/144
f 134/628/144 194/627/144 195/629/144
f 135/630/144 195/629/144 196/631/144
f 137/633/144 136/632/144 196/631/144
f 137/633/144 197/634/144 198/635/144
f 139/637/144 138/636/144 198/635/144
f 139/637/144 199/638/144 200/639/144
f 141/641/144 140/640/144 200/639/144
f 141/641/144 201/642/144 202/643/144
f 142/644/144 202/643/144 203/645/144
f 143/646/144 203/645/144 204/647/144
f 133/626/144 144/648/144 204/647/144
s 47
f 216/652/144 205/700/144 206/701/144
f 206/701/144 207/702/144 208/650/144
f 208/650/144 209/703/144 210/704/144
f 210/704/144 211/705/144 212/651/144
f 212/651/144 213/706/144 214/707/144
f 214/707/144 215/708/144 216/652/144
f 216/652/144 206/701/144 208/650/144
f 208/650/144 210/704/144 212/651/144
f 212/651/144 214/707/144 216/652/144
s 45
f 137/653/147 209/665/147 208/654/16
f 144/656/148 216/666/148 215/657/141
f 134/659/137 206/709/137 205/660/1
f 141/662/149 213/671/149 212/663/150
f 137/653/147 138/672/133 210/664/133
f 133/661/1 205/660/1 216/666/148
f 135/667/136 207/673/136 206/668/137
f 142/670/17 214/674/17 213/671/149
f 139/612/32 211/611/32 210/664/133
f 136/655/16 208/654/16 207/673/136
f 143/658/141 215/657/141 214/674/17
s 48
f 506/675/32 505/710/150 518/676/150
f 505/678/150 508/679/149 519/83/149
f 508/679/149 509/681/17 520/680/17
f 509/681/17 510/711/141 521/682/141
f 521/682/141 510/711/141 511/683/148
f 511/683/148 512/686/1 523/685/1
f 512/686/1 513/688/137 524/687/137
f 513/688/137 514/690/136 525/689/136
f 514/690/136 515/692/16 526/691/16
f 515/692/16 516/696/147 527/693/147
s 49
f 508/679/140 505/678/140 506/712/140
f 506/712/140 517/713/140 516/694/140
f 516/694/140 515/714/140 514/715/140
f 514/715/140 513/716/140 512/695/140
f 512/695/140 511/717/140 510/718/140
f 510/718/140 509/719/140 508/679/140
f 508/679/140 506/712/140 516/694/140
f 516/694/140 514/715/140 512/695/140
f 512/695/140 510/718/140 508/679/140
s 48
f 516/696/147 517/698/133 528/697/133
f 517/698/133 506/675/32 507/677/32
s 42
g LlantaDelanteraIzquierda_SpacialRoverExplorerwheels
usemtl SpacialRoverExplorerwheels
f 592/720/140 100/721/155 70/722/156
f 591/723/140 99/724/157 100/721/155
f 590/725/140 98/726/158 99/724/157
f 589/727/140 97/728/159 98/726/158
f 588/729/140 96/730/160 97/728/159
f 587/731/140 95/732/161 96/730/160
f 586/733/140 94/734/162 95/732/161
f 585/735/140 93/736/162 94/734/162
f 584/737/140 92/738/163 93/736/162
f 583/739/140 91/740/164 92/738/163
f 582/741/140 90/742/165 91/740/164
f 581/743/140 89/744/166 90/742/165
f 580/745/140 88/746/167 89/747/166
f 578/748/140 88/746/167 579/749/140
f 577/750/140 87/751/167 578/748/140
f 576/752/140 86/753/168 577/750/140
f 575/754/140 85/755/169 576/752/140
f 574/756/140 84/757/170 575/754/140
f 573/758/140 83/759/171 574/756/140
f 572/760/140 82/761/172 573/758/140
f 571/762/140 81/763/172 572/760/140
f 570/764/140 80/765/173 571/762/140
f 569/766/140 79/767/174 570/764/140
f 568/768/140 78/769/175 569/766/140
f 567/770/140 77/771/176 568/768/140
f 566/772/140 76/773/177 567/770/140
f 565/774/140 75/775/178 566/772/140
f 564/776/140 74/777/179 565/774/140
f 563/778/140 73/779/179 564/780/140
f 563/778/140 71/781/180 72/782/180
f 562/783/140 69/784/156 71/781/180
f 561/785/140 70/722/156 69/784/156
s 41
f 530/786/144 123/787/181 529/788/144
f 531/789/144 111/790/182 110/791/183
f 533/792/144 124/793/181 530/786/144
f 532/794/144 112/795/184 111/790/182
f 535/796/144 125/797/185 533/792/144
f 534/798/144 113/799/186 112/795/184
f 537/800/144 126/801/185 535/796/144
f 536/802/144 114/803/187 113/799/186
f 539/804/144 127/805/188 537/800/144
f 538/806/144 115/807/189 114/803/187
f 542/808/144 101/809/190 541/810/144
f 543/811/144 128/812/191 539/804/144
f 540/813/144 116/814/189 115/807/189
f 545/815/144 102/816/190 542/808/144
f 546/817/144 129/818/192 543/811/144
f 547/819/144 116/814/189 544/820/144
f 548/821/144 103/822/193 545/815/144
f 549/823/144 130/824/194 546/817/144
f 550/825/144 117/826/195 547/819/144
f 551/827/144 104/828/193 548/821/144
f 552/829/144 131/830/196 549/823/144
f 553/831/144 118/832/197 550/825/144
f 551/833/144 106/834/198 105/835/198
f 541/810/144 132/836/199 552/829/144
f 555/837/144 119/838/200 553/831/144
f 554/839/144 107/840/201 106/834/198
f 557/841/144 120/842/200 555/837/144
f 556/843/144 108/844/202 107/840/201
f 559/845/144 121/846/203 557/847/144
f 558/848/144 109/849/204 108/844/202
f 529/788/144 122/850/203 559/845/144
f 560/851/144 110/791/183 109/849/204
s 50
f 218/852/205 127/805/206 220/853/207
s 51
f 222/854/208 131/830/209 224/855/210
s 52
f 224/855/211 416/856/212 223/857/213
s 53
f 228/858/214 129/818/215 226/859/216
s 54
f 275/860/217 318/861/218 442/862/219
s 52
f 223/857/213 317/863/220 99/724/221
s 42
f 90/742/165 327/864/222 328/865/222
s 55
f 274/866/223 441/867/224 409/868/223
s 41
f 131/830/196 379/869/225 380/870/225
s 56
f 242/871/226 121/872/227 236/873/228
s 57
f 238/874/229 123/787/230 232/875/231
s 58
f 234/876/232 125/797/233 230/877/234
s 59
f 222/854/235 415/878/236 383/879/237
s 55
f 273/880/224 346/881/238 441/867/224
s 60
f 116/814/239 244/882/240 250/883/241
s 61
f 118/832/242 240/884/243 246/885/244
s 59
f 221/886/245 320/887/246 415/878/236
s 42
f 92/738/163 325/888/247 326/889/247
s 62
f 112/795/248 252/890/249 258/891/250
s 63
f 114/803/251 248/892/252 254/893/253
s 64
f 272/894/254 440/895/255 271/896/256
s 41
f 129/818/192 377/897/257 378/898/257
s 65
f 220/853/258 414/899/259 219/900/260
s 64
f 271/896/256 345/901/261 71/781/261
s 66
f 104/828/262 268/902/263 274/866/264
s 67
f 106/834/265 264/903/266 270/904/267
s 68
f 108/844/268 260/905/269 266/906/270
s 69
f 110/791/271 256/907/272 262/908/273
s 70
f 276/909/274 101/809/275 278/910/276
s 65
f 219/900/260 321/911/277 95/732/278
s 71
f 280/912/279 103/822/280 272/894/281
s 42
f 94/734/162 323/913/282 324/914/282
s 72
f 270/904/283 439/915/284 407/916/285
s 41
f 127/805/188 375/917/286 376/918/286
s 71
f 69/784/287 271/896/288 71/781/287
f 279/919/289 272/894/281 271/896/288
s 73
f 218/852/290 413/920/291 381/921/292
s 72
f 269/922/293 344/923/294 439/915/284
s 70
f 100/721/295 277/924/296 70/722/295
f 275/860/297 278/910/276 277/924/296
s 69
f 261/925/298 79/767/299 78/769/299
f 262/908/273 255/926/300 261/925/298
s 68
f 265/927/301 77/771/302 76/773/302
f 266/906/270 259/928/303 265/927/301
s 67
f 269/922/304 75/775/305 74/777/305
f 270/904/267 263/929/306 269/922/304
s 66
f 273/880/307 73/779/308 72/782/308
f 274/866/264 267/930/309 273/880/307
s 73
f 217/931/310 324/914/311 413/920/291
s 42
f 96/730/160 321/911/312 322/932/312
s 74
f 268/933/313 438/934/314 267/935/315
s 41
f 125/797/185 373/936/316 374/937/316
s 75
f 280/912/317 349/938/318 102/816/319
s 74
f 267/935/315 343/939/320 73/940/321
s 76
f 278/910/322 350/941/323 411/942/322
s 42
f 98/726/158 319/943/324 320/887/324
s 63
f 253/944/325 83/759/326 82/761/326
f 254/893/253 247/945/327 253/944/325
s 62
f 257/946/328 81/763/329 80/765/329
f 258/891/250 251/947/330 257/946/328
s 77
f 266/906/331 437/948/332 405/949/331
s 41
f 123/787/181 371/950/333 372/951/333
s 54
f 276/909/334 379/869/335 132/836/336
s 77
f 265/927/337 342/952/338 437/948/332
s 61
f 245/953/339 87/751/340 86/753/340
f 246/885/244 239/954/341 245/953/339
s 60
f 249/955/342 85/755/343 84/757/343
f 250/883/241 243/956/344 249/955/342
s 55
f 274/866/223 351/957/345 104/828/345
s 42
f 100/721/155 317/863/346 318/861/346
s 78
f 264/903/347 436/958/348 263/929/349
s 41
f 121/846/203 369/959/350 370/960/350
s 58
f 92/738/351 229/961/352 93/736/351
f 233/962/353 230/877/234 229/961/352
s 57
f 90/742/354 231/963/355 91/740/354
f 237/964/356 232/875/231 231/963/355
s 56
f 88/746/357 235/965/358 89/747/357
f 241/966/359 236/873/228 235/965/358
s 64
f 272/894/254 352/967/360 408/968/254
s 78
f 263/929/349 341/969/361 75/775/362
s 72
f 270/904/283 353/970/363 106/834/364
s 79
f 262/908/365 435/971/366 403/972/367
s 41
f 119/838/200 367/973/368 368/974/368
s 74
f 268/933/313 354/975/369 406/976/370
s 79
f 261/925/371 340/977/372 435/971/366
s 77
f 266/906/331 355/978/373 108/844/374
s 80
f 260/905/375 434/979/376 259/928/377
s 41
f 118/832/197 366/980/378 117/826/195
s 53
f 96/730/379 225/981/380 97/728/379
f 227/982/381 226/859/216 225/981/380
s 78
f 264/903/347 356/983/382 404/984/347
s 80
f 259/928/377 339/985/383 77/771/384
s 51
f 98/726/385 223/857/386 99/724/385
f 221/886/387 224/855/210 223/857/386
s 50
f 94/734/388 219/900/389 95/732/390
f 217/931/391 220/853/207 219/900/389
s 81
f 385/986/392 377/897/393 383/879/394
s 82
f 382/987/395 375/917/396 386/988/397
s 83
f 387/989/398 373/936/399 381/921/400
s 84
f 388/990/401 371/950/402 389/991/403
s 85
f 390/992/404 369/959/405 391/993/406
s 86
f 392/994/407 367/973/408 393/995/407
s 87
f 366/980/409 395/996/410 394/997/411
s 88
f 364/998/412 397/999/413 396/1000/414
s 89
f 362/1001/415 399/1002/416 398/1003/417
s 90
f 360/1004/418 401/1005/419 400/1006/420
s 91
f 358/1007/421 403/972/422 402/1008/423
s 92
f 356/983/424 405/949/425 404/984/426
s 93
f 354/975/427 407/916/428 406/976/429
s 94
f 352/967/430 409/868/431 408/968/431
s 95
f 411/942/432 349/938/433 412/1009/434
s 96
f 384/1010/435 379/869/436 410/1011/437
f 317/863/438 442/862/439 318/861/438
f 416/856/440 410/1011/437 442/862/439
s 95
f 347/1012/441 444/1013/442 348/1014/441
f 443/1015/443 412/1009/434 444/1013/442
s 94
f 440/895/444 346/881/445 345/901/445
f 408/968/431 441/867/444 440/895/444
s 93
f 438/934/446 344/923/447 343/939/447
f 406/976/429 439/915/448 438/934/446
s 92
f 436/958/449 342/952/450 341/969/450
f 404/984/426 437/948/451 436/958/449
s 91
f 434/979/452 340/977/453 339/985/453
f 402/1008/423 435/971/454 434/979/452
s 90
f 432/1016/455 338/1017/456 337/1018/456
f 400/1006/420 433/1019/457 432/1016/455
s 89
f 430/1020/458 336/1021/459 335/1022/459
f 398/1003/417 431/1023/460 430/1020/458
s 88
f 428/1024/461 334/1025/462 333/1026/462
f 396/1000/414 429/1027/463 428/1024/461
s 87
f 426/1028/464 332/1029/465 331/1030/465
f 394/997/411 427/1031/466 426/1028/464
s 86
f 329/1032/467 425/1033/468 330/1034/467
f 392/994/407 425/1033/468 424/1035/468
s 85
f 327/864/469 423/1036/470 328/865/469
f 422/1037/471 391/993/406 423/1036/470
s 84
f 325/888/472 421/1038/473 326/889/472
f 420/1039/474 389/991/403 421/1038/473
s 83
f 323/913/475 413/920/476 324/914/475
f 419/1040/477 381/921/400 413/920/476
s 82
f 321/911/478 418/1041/479 322/932/478
f 414/899/480 386/988/397 418/1041/479
s 81
f 319/943/481 415/878/482 320/887/481
f 417/1042/483 383/879/394 415/878/482
s 54
f 276/909/334 442/862/219 410/1011/334
s 42
f 87/751/167 330/1034/484 88/746/167
s 97
f 225/981/485 319/943/486 97/728/487
s 76
f 277/924/488 347/1012/489 70/722/490
s 97
f 226/859/491 417/1042/492 225/981/485
s 76
f 278/910/322 443/1015/493 277/924/488
s 42
f 85/755/169 332/1029/494 86/753/168
s 98
f 227/982/495 322/932/496 418/1041/497
s 75
f 279/919/498 348/1014/499 444/1013/498
s 98
f 228/858/500 418/1041/497 386/988/500
s 75
f 280/912/317 444/1013/498 412/1009/501
s 42
f 83/759/171 334/1025/502 84/757/170
s 99
f 229/961/503 323/913/504 93/736/505
f 230/877/506 419/1040/507 229/961/503
s 42
f 81/763/172 336/1021/508 82/761/172
s 100
f 231/963/509 325/888/510 91/740/511
f 232/875/512 420/1039/513 231/963/509
s 42
f 79/767/174 338/1017/514 80/765/173
s 101
f 233/962/515 326/889/516 421/1038/517
f 234/876/518 421/1038/517 389/991/518
s 42
f 77/771/176 340/977/519 78/769/175
s 102
f 235/1043/520 327/864/521 89/744/522
f 236/1044/523 422/1037/524 235/1043/520
s 73
f 218/852/290 373/936/525 126/801/526
s 42
f 75/775/178 342/952/527 76/773/177
s 103
f 237/964/528 328/865/529 423/1036/530
s 65
f 220/853/258 376/918/531 382/987/532
s 103
f 238/874/533 423/1036/530 391/993/534
s 59
f 222/854/235 377/897/535 130/824/536
s 42
f 73/940/179 344/923/537 74/777/179
s 104
f 239/954/538 329/1032/539 87/751/539
s 52
f 224/855/211 380/870/540 384/1010/541
s 104
f 240/884/542 424/1035/538 239/954/538
s 97
f 226/859/491 378/898/543 385/986/544
s 42
f 72/782/180 345/901/545 346/881/545
s 105
f 241/966/546 330/1034/547 425/1033/546
s 98
f 228/858/500 375/917/548 128/812/549
s 105
f 242/871/550 425/1033/546 393/995/550
s 99
f 230/877/506 374/937/551 387/989/552
s 42
f 69/784/156 347/1012/553 348/1014/553
s 106
f 243/956/554 331/1030/555 85/755/556
s 100
f 232/875/512 372/951/557 388/990/558
s 41
f 101/809/190 349/938/559 350/941/559
s 106
f 244/882/560 426/1028/561 243/956/554
s 101
f 234/876/518 371/950/562 124/793/563
s 107
f 245/953/564 332/1029/565 427/1031/566
s 102
f 236/1044/523 370/960/567 390/992/568
s 41
f 104/828/193 352/967/569 103/822/193
s 107
f 246/885/570 427/1031/566 395/996/571
s 103
f 238/874/533 369/959/572 122/850/573
s 108
f 247/945/574 333/1026/575 83/759/576
s 104
f 240/884/542 368/974/577 392/994/542
s 41
f 106/834/198 354/975/578 105/835/198
s 108
f 248/892/579 428/1024/580 247/945/574
s 105
f 242/871/550 367/973/581 120/842/582
s 109
f 249/955/583 334/1025/584 429/1027/585
s 106
f 244/882/560 366/980/586 394/997/560
s 41
f 108/844/202 356/983/587 107/840/201
s 109
f 250/883/588 429/1027/585 397/999/588
s 107
f 246/885/570 365/1045/589 118/832/590
s 110
f 251/947/591 335/1022/592 81/763/593
s 108
f 248/892/579 364/998/594 396/1000/579
s 41
f 110/791/183 358/1007/595 109/849/204
s 110
f 252/890/596 430/1020/597 251/947/591
s 109
f 250/883/588 363/1046/598 116/814/599
s 111
f 253/944/600 336/1021/601 431/1023/602
s 110
f 252/890/596 362/1001/603 398/1003/604
s 41
f 112/795/184 360/1004/605 111/790/182
s 111
f 254/893/606 431/1023/602 399/1002/607
f 254/893/606 361/1047/608 114/803/609
s 112
f 255/926/610 337/1018/611 79/767/612
f 256/907/613 360/1004/614 400/1006/613
s 41
f 114/803/187 362/1001/615 113/799/186
s 112
f 256/907/613 432/1016/616 255/926/610
s 113
f 258/891/617 359/1048/618 112/795/619
f 257/946/620 338/1017/621 433/1019/622
s 80
f 260/905/375 358/1007/623 402/1008/624
s 41
f 116/814/189 364/998/625 115/807/189
s 113
f 258/891/617 433/1019/622 401/1005/626
s 79
f 262/908/365 357/1049/627 110/791/628
s 42
f 592/720/140 591/723/140 100/721/155
f 591/723/140 590/725/140 99/724/157
f 590/725/140 589/727/140 98/726/158
f 589/727/140 588/729/140 97/728/159
f 588/729/140 587/731/140 96/730/160
f 587/731/140 586/733/140 95/732/161
f 586/733/140 585/735/140 94/734/162
f 585/735/140 584/737/140 93/736/162
f 584/737/140 583/739/140 92/738/163
f 583/739/140 582/741/140 91/740/164
f 582/741/140 581/743/140 90/742/165
f 581/743/140 580/1050/140 89/744/166
f 580/745/140 579/749/140 88/746/167
f 578/748/140 87/751/167 88/746/167
f 577/750/140 86/753/168 87/751/167
f 576/752/140 85/755/169 86/753/168
f 575/754/140 84/757/170 85/755/169
f 574/756/140 83/759/171 84/757/170
f 573/758/140 82/761/172 83/759/171
f 572/760/140 81/763/172 82/761/172
f 571/762/140 80/765/173 81/763/172
f 570/764/140 79/767/174 80/765/173
f 569/766/140 78/769/175 79/767/174
f 568/768/140 77/771/176 78/769/175
f 567/770/140 76/773/177 77/771/176
f 566/772/140 75/775/178 76/773/177
f 565/774/140 74/777/179 75/775/178
f 564/776/140 73/940/179 74/777/179
f 563/778/140 72/782/180 73/779/179
f 563/778/140 562/783/140 71/781/180
f 562/783/140 561/785/140 69/784/156
f 561/785/140 592/720/140 70/722/156
s 41
f 530/786/144 124/793/181 123/787/181
f 531/789/144 532/794/144 111/790/182
f 533/792/144 125/797/185 124/793/181
f 532/794/144 534/798/144 112/795/184
f 535/796/144 126/801/185 125/797/185
f 534/798/144 536/802/144 113/799/186
f 537/800/144 127/805/188 126/801/185
f 536/802/144 538/806/144 114/803/187
f 539/804/144 128/812/191 127/805/188
f 538/806/144 540/813/144 115/807/189
f 542/808/144 102/816/190 101/809/190
f 543/811/144 129/818/192 128/812/191
f 540/813/144 544/820/144 116/814/189
f 545/815/144 103/822/193 102/816/190
f 546/817/144 130/824/194 129/818/192
f 547/819/144 117/826/195 116/814/189
f 548/821/144 104/828/193 103/822/193
f 549/823/144 131/830/196 130/824/194
f 550/825/144 118/832/197 117/826/195
f 551/827/144 105/1051/198 104/828/193
f 552/829/144 132/836/199 131/830/196
f 553/831/144 119/838/200 118/832/197
f 551/833/144 554/839/144 106/834/198
f 541/810/144 101/809/190 132/836/199
f 555/837/144 120/842/200 119/838/200
f 554/839/144 556/843/144 107/840/201
f 557/841/144 121/872/203 120/842/200
f 556/843/144 558/848/144 108/844/202
f 559/845/144 122/850/203 121/846/203
f 558/848/144 560/851/144 109/849/204
f 529/788/144 123/787/181 122/850/203
f 560/851/144 531/789/144 110/791/183
s 50
f 218/852/205 126/801/206 127/805/206
s 51
f 222/854/208 130/824/209 131/830/209
s 52
f 224/855/211 384/1010/541 416/856/212
s 53
f 228/858/214 128/812/215 129/818/215
s 54
f 275/860/217 100/721/629 318/861/218
s 52
f 223/857/213 416/856/212 317/863/220
s 42
f 90/742/165 89/744/166 327/864/222
s 55
f 274/866/223 273/880/224 441/867/224
s 41
f 131/830/196 132/836/199 379/869/225
s 56
f 242/871/226 120/842/227 121/872/227
s 57
f 238/874/229 122/850/230 123/787/230
s 58
f 234/876/232 124/793/233 125/797/233
s 59
f 222/854/235 221/886/245 415/878/236
s 55
f 273/880/224 72/782/238 346/881/238
s 60
f 116/814/239 117/826/239 244/882/240
s 61
f 118/832/242 119/838/242 240/884/243
s 59
f 221/886/245 98/726/630 320/887/246
s 42
f 92/738/163 91/740/164 325/888/247
s 62
f 112/795/248 113/799/248 252/890/249
s 63
f 114/803/251 115/807/251 248/892/252
s 64
f 272/894/254 408/968/254 440/895/255
s 41
f 129/818/192 130/824/194 377/897/257
s 65
f 220/853/258 382/987/532 414/899/259
s 64
f 271/896/256 440/895/255 345/901/261
s 66
f 104/828/262 105/1051/262 268/902/263
s 67
f 106/834/265 107/840/265 264/903/266
s 68
f 108/844/268 109/849/268 260/905/269
s 69
f 110/791/271 111/790/271 256/907/272
s 70
f 276/909/274 132/836/275 101/809/275
s 65
f 219/900/260 414/899/259 321/911/277
s 71
f 280/912/279 102/816/280 103/822/280
s 42
f 94/734/162 93/736/162 323/913/282
s 72
f 270/904/283 269/922/293 439/915/284
s 41
f 127/805/188 128/812/191 375/917/286
s 71
f 69/784/287 279/919/289 271/896/288
f 279/919/289 280/912/279 272/894/281
s 73
f 218/852/290 217/931/310 413/920/291
s 72
f 269/922/293 74/777/631 344/923/294
s 70
f 100/721/295 275/860/297 277/924/296
f 275/860/297 276/909/274 278/910/276
s 69
f 261/925/298 255/926/300 79/767/299
f 262/908/273 256/907/272 255/926/300
s 68
f 265/927/301 259/928/303 77/771/302
f 266/906/270 260/905/269 259/928/303
s 67
f 269/922/304 263/929/306 75/775/305
f 270/904/267 264/903/266 263/929/306
s 66
f 273/880/307 267/930/309 73/779/308
f 274/866/264 268/902/263 267/930/309
s 73
f 217/931/310 94/734/632 324/914/311
s 42
f 96/730/160 95/732/161 321/911/312
s 74
f 268/933/313 406/976/370 438/934/314
s 41
f 125/797/185 126/801/185 373/936/316
s 75
f 280/912/317 412/1009/501 349/938/318
s 74
f 267/935/315 438/934/314 343/939/320
s 76
f 278/910/322 101/809/633 350/941/323
s 42
f 98/726/158 97/728/159 319/943/324
s 63
f 253/944/325 247/945/327 83/759/326
f 254/893/253 248/892/252 247/945/327
s 62
f 257/946/328 251/947/330 81/763/329
f 258/891/250 252/890/249 251/947/330
s 77
f 266/906/331 265/927/337 437/948/332
s 41
f 123/787/181 124/793/181 371/950/333
s 54
f 276/909/334 410/1011/334 379/869/335
s 77
f 265/927/337 76/773/634 342/952/338
s 61
f 245/953/339 239/954/341 87/751/340
f 246/885/244 240/884/243 239/954/341
s 60
f 249/955/342 243/956/344 85/755/343
f 250/883/241 244/882/240 243/956/344
s 55
f 274/866/223 409/868/223 351/957/345
s 42
f 100/721/155 99/724/157 317/863/346
s 78
f 264/903/347 404/984/347 436/958/348
s 41
f 121/846/203 122/850/203 369/959/350
s 58
f 92/738/351 233/962/353 229/961/352
f 233/962/353 234/876/232 230/877/234
s 57
f 90/742/354 237/964/356 231/963/355
f 237/964/356 238/874/229 232/875/231
s 56
f 88/746/357 241/966/359 235/965/358
f 241/966/359 242/871/226 236/873/228
s 64
f 272/894/254 103/822/360 352/967/360
s 78
f 263/929/349 436/958/348 341/969/361
s 72
f 270/904/283 407/916/285 353/970/363
s 79
f 262/908/365 261/925/371 435/971/366
s 41
f 119/838/200 120/842/200 367/973/368
s 74
f 268/933/313 105/835/635 354/975/369
s 79
f 261/925/371 78/769/636 340/977/372
s 77
f 266/906/331 405/949/331 355/978/373
s 80
f 260/905/375 402/1008/624 434/979/376
s 41
f 118/832/197 365/1045/378 366/980/378
s 53
f 96/730/379 227/982/381 225/981/380
f 227/982/381 228/858/214 226/859/216
s 78
f 264/903/347 107/840/637 356/983/382
s 80
f 259/928/377 434/979/376 339/985/383
s 51
f 98/726/385 221/886/387 223/857/386
f 221/886/387 222/854/208 224/855/210
s 50
f 94/734/388 217/931/391 219/900/389
f 217/931/391 218/852/205 220/853/207
s 81
f 385/986/392 378/898/393 377/897/393
s 82
f 382/987/395 376/918/396 375/917/396
s 83
f 387/989/398 374/937/399 373/936/399
s 84
f 388/990/401 372/951/402 371/950/402
s 85
f 390/992/404 370/960/405 369/959/405
s 86
f 392/994/407 368/974/408 367/973/408
s 87
f 366/980/409 365/1045/409 395/996/410
s 88
f 364/998/412 363/1046/412 397/999/413
s 89
f 362/1001/415 361/1047/415 399/1002/416
s 90
f 360/1004/418 359/1048/418 401/1005/419
s 91
f 358/1007/421 357/1049/421 403/972/422
s 92
f 356/983/424 355/978/424 405/949/425
s 93
f 354/975/427 353/970/427 407/916/428
s 94
f 352/967/430 351/957/430 409/868/431
s 95
f 411/942/432 350/941/433 349/938/433
s 96
f 384/1010/435 380/870/436 379/869/436
f 317/863/438 416/856/440 442/862/439
f 416/856/440 384/1010/435 410/1011/437
s 95
f 347/1012/441 443/1015/443 444/1013/442
f 443/1015/443 411/942/432 412/1009/434
s 94
f 440/895/444 441/867/444 346/881/445
f 408/968/431 409/868/431 441/867/444
s 93
f 438/934/446 439/915/448 344/923/447
f 406/976/429 407/916/428 439/915/448
s 92
f 436/958/449 437/948/451 342/952/450
f 404/984/426 405/949/425 437/948/451
s 91
f 434/979/452 435/971/454 340/977/453
f 402/1008/423 403/972/422 435/971/454
s 90
f 432/1016/455 433/1019/457 338/1017/456
f 400/1006/420 401/1005/419 433/1019/457
s 89
f 430/1020/458 431/1023/460 336/1021/459
f 398/1003/417 399/1002/416 431/1023/460
s 88
f 428/1024/461 429/1027/463 334/1025/462
f 396/1000/414 397/999/413 429/1027/463
s 87
f 426/1028/464 427/1031/466 332/1029/465
f 394/997/411 395/996/410 427/1031/466
s 86
f 329/1032/467 424/1035/468 425/1033/468
f 392/994/407 393/995/407 425/1033/468
s 85
f 327/864/469 422/1037/471 423/1036/470
f 422/1037/471 390/992/404 391/993/406
s 84
f 325/888/472 420/1039/474 421/1038/473
f 420/1039/474 388/990/401 389/991/403
s 83
f 323/913/475 419/1040/477 413/920/476
f 419/1040/477 387/989/398 381/921/400
s 82
f 321/911/478 414/899/480 418/1041/479
f 414/899/480 382/987/395 386/988/397
s 81
f 319/943/481 417/1042/483 415/878/482
f 417/1042/483 385/986/392 383/879/394
s 54
f 276/909/334 275/860/217 442/862/219
s 42
f 87/751/167 329/1032/484 330/1034/484
s 97
f 225/981/485 417/1042/492 319/943/486
s 76
f 277/924/488 443/1015/493 347/1012/489
s 97
f 226/859/491 385/986/544 417/1042/492
s 76
f 278/910/322 411/942/322 443/1015/493
s 42
f 85/755/169 331/1030/494 332/1029/494
s 98
f 227/982/495 96/730/638 322/932/496
s 75
f 279/919/498 69/784/639 348/1014/499
s 98
f 228/858/500 227/982/495 418/1041/497
s 75
f 280/912/317 279/919/498 444/1013/498
s 42
f 83/759/171 333/1026/502 334/1025/502
s 99
f 229/961/503 419/1040/507 323/913/504
f 230/877/506 387/989/552 419/1040/507
s 42
f 81/763/172 335/1022/508 336/1021/508
s 100
f 231/963/509 420/1039/513 325/888/510
f 232/875/512 388/990/558 420/1039/513
s 42
f 79/767/174 337/1018/514 338/1017/514
s 101
f 233/962/515 92/738/640 326/889/516
f 234/876/518 233/962/515 421/1038/517
s 42
f 77/771/176 339/985/519 340/977/519
s 102
f 235/1043/520 422/1037/524 327/864/521
f 236/1044/523 390/992/568 422/1037/524
s 73
f 218/852/290 381/921/292 373/936/525
s 42
f 75/775/178 341/969/527 342/952/527
s 103
f 237/964/528 90/742/641 328/865/529
s 65
f 220/853/258 127/805/642 376/918/531
s 103
f 238/874/533 237/964/528 423/1036/530
s 59
f 222/854/235 383/879/237 377/897/535
s 42
f 73/940/179 343/939/537 344/923/537
s 104
f 239/954/538 424/1035/538 329/1032/539
s 52
f 224/855/211 131/830/643 380/870/540
s 104
f 240/884/542 392/994/542 424/1035/538
s 97
f 226/859/491 129/818/644 378/898/543
s 42
f 72/782/180 71/781/180 345/901/545
s 105
f 241/966/546 88/746/547 330/1034/547
s 98
f 228/858/500 386/988/500 375/917/548
s 105
f 242/871/550 241/966/546 425/1033/546
s 99
f 230/877/506 125/797/645 374/937/551
s 42
f 69/784/156 70/722/156 347/1012/553
s 106
f 243/956/554 426/1028/561 331/1030/555
s 100
f 232/875/512 123/787/646 372/951/557
s 41
f 101/809/190 102/816/190 349/938/559
s 106
f 244/882/560 394/997/560 426/1028/561
s 101
f 234/876/518 389/991/518 371/950/562
s 107
f 245/953/564 86/753/647 332/1029/565
s 102
f 236/1044/523 121/846/648 370/960/567
s 41
f 104/828/193 351/957/569 352/967/569
s 107
f 246/885/570 245/953/564 427/1031/566
s 103
f 238/874/533 391/993/534 369/959/572
s 108
f 247/945/574 428/1024/580 333/1026/575
s 104
f 240/884/542 119/838/577 368/974/577
s 41
f 106/834/198 353/970/578 354/975/578
s 108
f 248/892/579 396/1000/579 428/1024/580
s 105
f 242/871/550 393/995/550 367/973/581
s 109
f 249/955/583 84/757/649 334/1025/584
s 106
f 244/882/560 117/826/650 366/980/586
s 41
f 108/844/202 355/978/587 356/983/587
s 109
f 250/883/588 249/955/583 429/1027/585
s 107
f 246/885/570 395/996/571 365/1045/589
s 110
f 251/947/591 430/1020/597 335/1022/592
s 108
f 248/892/579 115/807/651 364/998/594
s 41
f 110/791/183 357/1049/595 358/1007/595
s 110
f 252/890/596 398/1003/604 430/1020/597
s 109
f 250/883/588 397/999/588 363/1046/598
s 111
f 253/944/600 82/761/652 336/1021/601
s 110
f 252/890/596 113/799/653 362/1001/603
s 41
f 112/795/184 359/1048/605 360/1004/605
s 111
f 254/893/606 253/944/600 431/1023/602
f 254/893/606 399/1002/607 361/1047/608
s 112
f 255/926/610 432/1016/616 337/1018/611
f 256/907/613 111/790/654 360/1004/614
s 41
f 114/803/187 361/1047/615 362/1001/615
s 112
f 256/907/613 400/1006/613 432/1016/616
s 113
f 258/891/617 401/1005/626 359/1048/618
f 257/946/620 80/765/655 338/1017/621
s 80
f 260/905/375 109/849/656 358/1007/623
s 41
f 116/814/189 363/1046/625 364/998/625
s 113
f 258/891/617 257/946/620 433/1019/622
s 79
f 262/908/365 403/972/367 357/1049/627
l 65 67
l 68 66
