# Blender 5.2.2 LTS
# www.blender.org
mtllib LlantasTraserasIzquierdas_02.mtl
g LlantasTraserasIzquierdas_02_RoverModificado.011
v -4.810725 1.332720 -7.308002
v -4.853853 1.223507 -7.308002
v -4.935491 1.139112 -7.308002
v -5.043212 1.092383 -7.308002
v -5.217346 1.106619 -7.308002
v -5.316046 1.170225 -7.308002
v -5.382892 1.266760 -7.308002
v -5.407709 1.381527 -7.308002
v -5.386716 1.497055 -7.308002
v -5.323110 1.595755 -7.308002
v -5.226576 1.662602 -7.308002
v -5.111808 1.687418 -7.308002
v -4.943798 1.639483 -7.308002
v -4.859403 1.557844 -7.308002
v -4.812674 1.450123 -7.308002
v -4.810724 1.332720 -8.564001
v -4.853852 1.223506 -8.564001
v -4.987050 1.110443 -8.564001
v -5.101817 1.085627 -8.564001
v -5.217345 1.106620 -8.564001
v -5.316046 1.170225 -8.564001
v -5.400952 1.322921 -8.564001
v -5.386715 1.497055 -8.564001
v -5.323110 1.595755 -8.564002
v -5.226575 1.662602 -8.564002
v -5.053010 1.682610 -8.564002
v -4.897580 1.602820 -8.564002
v -4.812673 1.450123 -8.564001
v -6.011583 1.371503 -9.678949
v -5.991389 1.196327 -9.678949
v -5.937407 1.028457 -9.678949
v -5.851713 0.874344 -9.678949
v -5.737599 0.739910 -9.678949
v -5.599452 0.630320 -9.678949
v -5.442579 0.549790 -9.678949
v -5.273010 0.501409 -9.678949
v -5.097260 0.487041 -9.678949
v -4.922084 0.507235 -9.678949
v -4.754214 0.561216 -9.678949
v -4.600101 0.646912 -9.678949
v -4.465667 0.761024 -9.678949
v -4.356079 0.899173 -9.678949
v -4.275547 1.056045 -9.678949
v -4.227167 1.225614 -9.678949
v -4.212799 1.401364 -9.678949
v -4.232993 1.576539 -9.678949
v -4.286975 1.744410 -9.678949
v -4.372669 1.898523 -9.678949
v -4.486782 2.032958 -9.678949
v -4.624930 2.142546 -9.678949
v -4.781803 2.223077 -9.678949
v -4.951372 2.271457 -9.678949
v -5.127122 2.285826 -9.678949
v -5.302298 2.265632 -9.678949
v -5.470168 2.211650 -9.678949
v -5.624281 2.125956 -9.678949
v -5.758715 2.011841 -9.678949
v -5.868303 1.873695 -9.678949
v -5.948835 1.716822 -9.678949
v -5.997215 1.547253 -9.678949
v -6.011583 1.371503 -8.638949
v -5.991389 1.196327 -8.638949
v -5.937407 1.028457 -8.638949
v -5.851713 0.874344 -8.638949
v -5.737599 0.739910 -8.638949
v -5.599452 0.630320 -8.638949
v -5.442579 0.549790 -8.638949
v -5.273010 0.501410 -8.638949
v -5.097260 0.487041 -8.638949
v -4.922084 0.507236 -8.638949
v -4.754214 0.561218 -8.638949
v -4.600101 0.646912 -8.638949
v -4.465667 0.761024 -8.638949
v -4.356079 0.899173 -8.638949
v -4.275547 1.056046 -8.638950
v -4.227167 1.225615 -8.638949
v -4.212799 1.401365 -8.638949
v -4.232993 1.576541 -8.638949
v -4.286975 1.744411 -8.638950
v -4.372669 1.898524 -8.638949
v -4.486782 2.032958 -8.638950
v -4.624930 2.142546 -8.638949
v -4.781803 2.223078 -8.638949
v -4.951372 2.271457 -8.638949
v -5.127122 2.285826 -8.638949
v -5.302298 2.265632 -8.638949
v -5.470168 2.211650 -8.638949
v -5.624281 2.125956 -8.638949
v -5.758715 2.011843 -8.638949
v -5.868303 1.873695 -8.638949
v -5.948835 1.716822 -8.638949
v -5.997214 1.547253 -8.638949
v -6.112960 1.168649 -8.638949
v -6.135853 1.367232 -8.638949
v -6.051766 0.978348 -8.638949
v -5.954621 0.803642 -8.638949
v -5.825260 0.651245 -8.638949
v -5.668653 0.527014 -8.638949
v -5.490819 0.435722 -8.638949
v -5.298591 0.380877 -8.638949
v -5.099358 0.364589 -8.638949
v -4.900775 0.387482 -8.638949
v -4.710474 0.448676 -8.638949
v -4.535768 0.545821 -8.638949
v -4.383371 0.675182 -8.638949
v -4.259139 0.831788 -8.638949
v -4.167848 1.009623 -8.638950
v -4.113003 1.201851 -8.638949
v -4.096715 1.401084 -8.638949
v -4.119608 1.599667 -8.638949
v -4.180802 1.789968 -8.638950
v -4.277947 1.964674 -8.638949
v -4.407308 2.117071 -8.638950
v -4.563915 2.241302 -8.638949
v -4.741749 2.332594 -8.638949
v -4.933977 2.387438 -8.638949
v -5.133210 2.403727 -8.638949
v -5.331793 2.380834 -8.638949
v -5.522094 2.319640 -8.638949
v -5.696799 2.222495 -8.638949
v -5.849197 2.093134 -8.638949
v -5.973428 1.936527 -8.638949
v -6.064721 1.758693 -8.638949
v -6.119564 1.566465 -8.638949
v -6.140601 1.369360 -9.678949
v -6.117510 1.169055 -9.678949
v -6.055785 0.977105 -9.678949
v -5.957797 0.800884 -9.678949
v -5.827315 0.647166 -9.678949
v -5.669350 0.521857 -9.678949
v -5.489973 0.429772 -9.678949
v -5.296079 0.374453 -9.678949
v -5.095118 0.358024 -9.678949
v -4.894813 0.381114 -9.678949
v -4.702862 0.442840 -9.678949
v -4.526642 0.540827 -9.678949
v -4.372923 0.671309 -9.678949
v -4.247614 0.829275 -9.678949
v -4.155531 1.008651 -9.678949
v -4.100211 1.202546 -9.678949
v -4.083781 1.403506 -9.678949
v -4.106872 1.603810 -9.678949
v -4.168598 1.795761 -9.678949
v -4.266585 1.971983 -9.678949
v -4.397067 2.125702 -9.678949
v -4.555032 2.251011 -9.678949
v -4.734409 2.343094 -9.678949
v -4.928303 2.398414 -9.678949
v -5.129264 2.414844 -9.678949
v -5.329569 2.391752 -9.678949
v -5.521520 2.330027 -9.678949
v -5.697740 2.232041 -9.678949
v -5.851459 2.101557 -9.678949
v -5.976768 1.943591 -9.678949
v -6.068851 1.764216 -9.678949
v -6.124171 1.570321 -9.678949
v -5.113792 1.482892 -9.618949
v -5.065348 1.470770 -9.618949
v -5.029455 1.436050 -9.618949
v -5.015732 1.388034 -9.618949
v -5.027854 1.339591 -9.618949
v -5.062574 1.303697 -9.618949
v -5.110589 1.289975 -9.618949
v -5.159033 1.302096 -9.618949
v -5.194926 1.336817 -9.618949
v -5.208650 1.384832 -9.618949
v -5.196527 1.433276 -9.618949
v -5.161807 1.469169 -9.618949
v -5.115510 1.586405 -9.495615
v -5.115510 1.586405 -9.342281
v -5.015079 1.561274 -9.342281
v -5.015079 1.561274 -9.495615
v -4.940669 1.489294 -9.342281
v -4.940669 1.489294 -9.495615
v -4.912218 1.389753 -9.342281
v -4.912218 1.389753 -9.495615
v -4.937350 1.289322 -9.342281
v -4.937350 1.289322 -9.495615
v -5.009329 1.214911 -9.342281
v -5.009329 1.214911 -9.495615
v -5.108871 1.186460 -9.342281
v -5.108871 1.186460 -9.495615
v -5.209302 1.211593 -9.342281
v -5.209302 1.211593 -9.495615
v -5.283712 1.283572 -9.342281
v -5.283712 1.283572 -9.495615
v -5.312163 1.383114 -9.342281
v -5.312163 1.383114 -9.495615
v -5.287032 1.483544 -9.342281
v -5.287032 1.483544 -9.495615
v -5.215052 1.557954 -9.342281
v -5.215052 1.557954 -9.495615
v -4.945585 2.265468 -8.995615
v -4.945585 2.265468 -8.742282
v -4.845154 2.240337 -8.742282
v -4.845154 2.240337 -8.995615
v -4.267622 1.681667 -8.742282
v -4.267622 1.681666 -8.995615
v -4.239170 1.582125 -8.742282
v -4.239170 1.582125 -8.995615
v -4.434227 0.802632 -8.742281
v -4.434227 0.802632 -8.995614
v -4.506207 0.728222 -8.742281
v -4.506207 0.728222 -8.995614
v -5.278796 0.507399 -8.742281
v -5.278796 0.507399 -8.995614
v -5.379227 0.532530 -8.742281
v -5.379227 0.532530 -8.995614
v -5.956760 1.091201 -8.742281
v -5.956760 1.091200 -8.995614
v -5.985211 1.190742 -8.742281
v -5.985211 1.190741 -8.995614
v -5.790154 1.970235 -8.742282
v -5.790154 1.970235 -8.995615
v -5.718175 2.044645 -8.742282
v -5.718175 2.044644 -8.995615
v -5.115510 1.586405 -9.618949
v -5.015079 1.561274 -9.618949
v -4.940669 1.489294 -9.618949
v -4.912218 1.389753 -9.618949
v -4.937350 1.289322 -9.618949
v -5.009329 1.214911 -9.618949
v -5.108871 1.186460 -9.618949
v -5.209302 1.211593 -9.618949
v -5.283712 1.283572 -9.618949
v -5.312163 1.383114 -9.618949
v -5.287032 1.483544 -9.618949
v -5.215052 1.557954 -9.618949
v -5.113792 1.482892 -9.518949
v -5.065348 1.470770 -9.518949
v -5.029455 1.436050 -9.518949
v -5.015732 1.388034 -9.518949
v -5.027854 1.339591 -9.518949
v -5.062574 1.303697 -9.518949
v -5.110589 1.289975 -9.518949
v -5.159033 1.302096 -9.518949
v -5.194926 1.336817 -9.518949
v -5.208650 1.384832 -9.518949
v -5.196527 1.433276 -9.518949
v -5.161807 1.469169 -9.518949
v -5.352733 2.484392 -8.968284
v -5.351917 2.488395 -9.349617
v -5.562669 2.416883 -8.968284
v -5.562459 2.420692 -9.349617
v -6.060572 1.994241 -8.968284
v -6.061797 1.996831 -9.349617
v -6.161283 1.798057 -8.968284
v -6.162798 1.800083 -9.349617
v -5.923522 2.167006 -8.968284
v -5.924352 2.170095 -9.349617
v -5.755401 2.309715 -8.968284
v -5.755746 2.313215 -9.349617
v -5.133660 2.509646 -8.968284
v -5.132213 2.513723 -9.349617
v -4.701809 2.431174 -8.968284
v -4.699117 2.435024 -9.349617
v -4.913870 2.491677 -8.968284
v -4.911790 2.495701 -9.349617
v -4.332860 2.193413 -8.968284
v -4.329105 2.196577 -9.349617
v -4.505626 2.330463 -8.968284
v -4.502369 2.334022 -9.349617
v -4.082983 1.832559 -8.968284
v -4.078508 1.834684 -9.349617
v -4.190152 2.025292 -8.968284
v -4.185985 2.027971 -9.349617
v -3.990220 1.403551 -8.968284
v -3.985478 1.404439 -9.349617
v -4.015475 1.622624 -8.968284
v -4.010805 1.624143 -9.349617
v -4.068692 0.971700 -8.968284
v -4.064176 0.971343 -9.349617
v -4.008190 1.183761 -8.968284
v -4.003499 1.184016 -9.349617
v -4.306454 0.602751 -8.968284
v -4.302623 0.601331 -9.349617
v -4.169404 0.775516 -8.968284
v -4.165178 0.774595 -9.349617
v -4.667307 0.352874 -8.968284
v -4.664516 0.350734 -9.349617
v -4.474575 0.460041 -8.968284
v -4.471228 0.458210 -9.349617
v -5.096316 0.260111 -8.968284
v -5.094761 0.257703 -9.349617
v -4.877243 0.285366 -8.968284
v -4.875057 0.283030 -9.349617
v -5.528167 0.338582 -8.968284
v -5.527857 0.336402 -9.349617
v -5.316105 0.278079 -8.968284
v -5.315184 0.275725 -9.349617
v -5.897115 0.576343 -8.968284
v -5.897869 0.574849 -9.349617
v -5.724350 0.439295 -8.968284
v -5.724605 0.437404 -9.349617
v -6.146992 0.937198 -8.968284
v -6.148466 0.936742 -9.349617
v -6.039824 0.744466 -8.968284
v -6.040989 0.743453 -9.349617
v -6.221786 1.585996 -8.968284
v -6.223475 1.587410 -9.349617
v -6.239756 1.366206 -8.968284
v -6.241496 1.366987 -9.349617
v -6.214501 1.147134 -8.968284
v -6.216169 1.147282 -9.349617
v -5.115510 1.586406 -8.904504
v -5.115510 1.586406 -8.806726
v -5.015079 1.561275 -8.806726
v -5.015079 1.561275 -8.904504
v -4.940669 1.489295 -8.806726
v -4.940669 1.489295 -8.904504
v -4.912218 1.389753 -8.806726
v -4.912218 1.389753 -8.904504
v -4.937350 1.289322 -8.806726
v -4.937350 1.289322 -8.904504
v -5.009329 1.214911 -8.806726
v -5.009329 1.214911 -8.904504
v -5.108871 1.186460 -8.806726
v -5.108871 1.186460 -8.904504
v -5.209302 1.211593 -8.806726
v -5.209302 1.211593 -8.904504
v -5.283712 1.283572 -8.806726
v -5.283712 1.283572 -8.904504
v -5.312163 1.383114 -8.806726
v -5.312163 1.383114 -8.904504
v -5.287032 1.483545 -8.806726
v -5.287032 1.483545 -8.904504
v -5.215052 1.557955 -8.806726
v -5.215052 1.557955 -8.904504
v -4.528389 2.064397 -8.806726
v -4.528389 2.064397 -8.904504
v -4.453978 1.992417 -8.806726
v -4.453978 1.992417 -8.904504
v -4.816958 0.541865 -8.806726
v -4.816958 0.541865 -8.904504
v -4.916499 0.513414 -8.806726
v -4.916499 0.513414 -8.904504
v -5.991225 1.553039 -8.806726
v -5.991225 1.553039 -8.904504
v -5.966094 1.653470 -8.806726
v -5.966094 1.653470 -8.904504
v -6.107491 1.775495 -8.644151
v -6.164803 1.574618 -8.644151
v -5.882269 2.124987 -8.644151
v -6.012092 1.961332 -8.644151
v -5.540447 2.361685 -8.644151
v -5.723014 2.260169 -8.644151
v -5.134063 2.449556 -8.644151
v -5.341583 2.425633 -8.644151
v -4.724987 2.375222 -8.644151
v -4.925865 2.432535 -8.644151
v -4.375496 2.150000 -8.644151
v -4.539151 2.279822 -8.644151
v -4.138798 1.808178 -8.644151
v -4.240314 1.990745 -8.644151
v -4.050927 1.401795 -8.644151
v -4.074849 1.609313 -8.644151
v -4.125260 0.992718 -8.644151
v -4.067948 1.193596 -8.644151
v -4.350482 0.643227 -8.644151
v -4.220660 0.806882 -8.644151
v -4.692305 0.406527 -8.644151
v -4.509737 0.508045 -8.644151
v -5.098688 0.318657 -8.644151
v -4.891169 0.342580 -8.644151
v -5.507764 0.392991 -8.644151
v -5.306887 0.335679 -8.644151
v -5.857255 0.618213 -8.644151
v -5.693601 0.488391 -8.644151
v -6.093954 0.960036 -8.644151
v -5.992438 0.777468 -8.644151
v -6.181825 1.366419 -8.644151
v -6.157902 1.158900 -8.644151
v -6.162656 1.159325 -9.673751
v -6.186787 1.368644 -9.673751
v -5.995757 0.774586 -9.673751
v -6.098153 0.958737 -9.673751
v -5.694329 0.483003 -9.673751
v -5.859403 0.613950 -9.673750
v -5.304262 0.328966 -9.673751
v -5.506881 0.386774 -9.673751
v -4.884939 0.335926 -9.673751
v -5.094258 0.311797 -9.673751
v -4.500200 0.502826 -9.673750
v -4.684351 0.400430 -9.673750
v -4.208616 0.804254 -9.673751
v -4.339564 0.639181 -9.673751
v -4.054580 1.194322 -9.673751
v -4.112389 0.991701 -9.673751
v -4.061541 1.613644 -9.673751
v -4.037411 1.404326 -9.673751
v -4.228440 1.998383 -9.673751
v -4.126044 1.814232 -9.673751
v -4.529868 2.289967 -9.673750
v -4.364795 2.159020 -9.673751
v -4.919936 2.444004 -9.673751
v -4.717316 2.386195 -9.673751
v -5.339258 2.437043 -9.673751
v -5.129940 2.461173 -9.673751
v -5.723998 2.270144 -9.673751
v -5.539847 2.372540 -9.673751
v -6.015581 1.968716 -9.673750
v -5.884633 2.133789 -9.673751
v -6.169618 1.578647 -9.673750
v -6.111809 1.781267 -9.673751
v -5.375685 2.598704 -9.347711
v -5.607280 2.524231 -9.347711
v -6.156552 2.057985 -9.347711
v -6.267654 1.841560 -9.347711
v -6.005362 2.248575 -9.347711
v -5.819896 2.406007 -9.347711
v -5.134011 2.626565 -9.347711
v -4.657605 2.539997 -9.347711
v -4.891545 2.606742 -9.347711
v -4.250592 2.277706 -9.347711
v -4.441182 2.428895 -9.347711
v -3.974935 1.879623 -9.347711
v -4.093161 2.092239 -9.347711
v -3.872602 1.406354 -9.347711
v -3.900462 1.648028 -9.347711
v -3.959170 0.929948 -9.347711
v -3.892425 1.163887 -9.347711
v -4.221461 0.522935 -9.347711
v -4.070272 0.713525 -9.347711
v -4.619544 0.247279 -9.347711
v -4.406927 0.365503 -9.347711
v -5.092813 0.144945 -9.347711
v -4.851139 0.172805 -9.347711
v -5.569219 0.231512 -9.347711
v -5.335279 0.164768 -9.347711
v -5.976231 0.493803 -9.347711
v -5.785642 0.342615 -9.347711
v -6.251888 0.891887 -9.347711
v -6.133664 0.679270 -9.347711
v -6.334399 1.607622 -9.347711
v -6.354222 1.365155 -9.347711
v -6.326362 1.123482 -9.347711
v -5.376582 2.594301 -8.970191
v -5.607512 2.520041 -8.970191
v -6.155205 2.055135 -8.970191
v -6.265987 1.839333 -8.970191
v -6.004450 2.245177 -8.970191
v -5.819517 2.402157 -8.970191
v -5.135602 2.622081 -8.970191
v -4.660566 2.535762 -8.970191
v -4.893833 2.602315 -8.970191
v -4.254722 2.274224 -8.970191
v -4.444765 2.424979 -8.970191
v -3.979858 1.877286 -8.970191
v -4.097743 2.089291 -8.970191
v -3.877818 1.405377 -8.970190
v -3.905599 1.646356 -8.970191
v -3.964138 0.930340 -8.970190
v -3.897585 1.163607 -8.970190
v -4.225675 0.524496 -8.970190
v -4.074921 0.714539 -8.970190
v -4.622614 0.249632 -8.970190
v -4.410609 0.367516 -8.970190
v -5.094523 0.147592 -8.970190
v -4.853543 0.175373 -8.970190
v -5.569559 0.233911 -8.970190
v -5.336292 0.167359 -8.970190
v -5.975403 0.495449 -8.970190
v -5.785361 0.344695 -8.970190
v -6.250267 0.892388 -8.970190
v -6.132382 0.680383 -8.970190
v -6.332541 1.606065 -8.970191
v -6.352307 1.364297 -8.970190
v -6.324526 1.123318 -8.970190
v -4.993091 2.075625 -9.314965
v -5.018630 1.973563 -9.453534
v -5.042466 1.878312 -9.537695
v -5.078726 1.733405 -9.560556
v -4.918199 1.948430 -9.453535
v -4.892660 2.050493 -9.314965
v -4.978295 1.708273 -9.560556
v -4.942034 1.853180 -9.537695
v -4.766522 1.431397 -9.560556
v -4.622898 1.472447 -9.537695
v -4.528491 1.499431 -9.453535
v -4.427333 1.528344 -9.314965
v -4.651349 1.571988 -9.537695
v -4.794973 1.530938 -9.560556
v -4.455784 1.627885 -9.314965
v -4.556942 1.598971 -9.453535
v -5.323964 1.663309 -9.560556
v -5.431327 1.767166 -9.537695
v -5.501899 1.835434 -9.453535
v -5.577518 1.908583 -9.314965
v -5.503307 1.692757 -9.537695
v -5.395944 1.588899 -9.560556
v -5.649498 1.834173 -9.314965
v -5.573879 1.761023 -9.453535
v -5.573032 1.200879 -9.537695
v -5.429408 1.241928 -9.560556
v -5.768597 1.144982 -9.314965
v -5.667440 1.173895 -9.453535
v -5.695891 1.273435 -9.453535
v -5.797049 1.244522 -9.314965
v -5.457859 1.341470 -9.560556
v -5.601483 1.300419 -9.537695
v -5.246086 1.064594 -9.560556
v -5.282347 0.919687 -9.537696
v -5.306182 0.824436 -9.453535
v -5.331722 0.722373 -9.314965
v -5.181916 0.894555 -9.537695
v -5.145655 1.039462 -9.560556
v -5.231291 0.697243 -9.314965
v -5.205751 0.799304 -9.453535
v -4.721074 1.080110 -9.537695
v -4.828437 1.183967 -9.560556
v -4.574884 0.938694 -9.314965
v -4.650502 1.011843 -9.453535
v -4.722482 0.937433 -9.453535
v -4.646864 0.864284 -9.314965
v -4.900417 1.109557 -9.560556
v -4.793054 1.005700 -9.537696
v -5.115510 1.586406 -8.286282
v -5.015079 1.561275 -8.286282
v -4.940669 1.489295 -8.286282
v -4.912218 1.389753 -8.286282
v -4.937350 1.289322 -8.286282
v -5.009329 1.214911 -8.286282
v -5.108871 1.186460 -8.286282
v -5.209302 1.211593 -8.286282
v -5.283712 1.283572 -8.286282
v -5.312163 1.383114 -8.286282
v -5.287032 1.483545 -8.286282
v -5.215052 1.557955 -8.286282
v -4.985946 1.613727 -8.004702
v -5.116506 1.646398 -8.004702
v -5.116506 1.646398 -8.286236
v -4.889213 1.520153 -8.004702
v -4.852227 1.390749 -8.004702
v -4.884897 1.260189 -8.004702
v -4.978471 1.163455 -8.004702
v -5.107875 1.126470 -8.004702
v -5.238435 1.159140 -8.004702
v -5.335168 1.252714 -8.004702
v -5.372155 1.382118 -8.004702
v -5.339484 1.512678 -8.004702
v -5.245910 1.609411 -8.004702
v -4.985946 1.613727 -8.286236
v -4.889213 1.520153 -8.286236
v -4.852227 1.390749 -8.286236
v -4.884897 1.260189 -8.286236
v -4.978471 1.163455 -8.286236
v -5.107875 1.126470 -8.286236
v -5.238435 1.159140 -8.286236
v -5.335168 1.252714 -8.286236
v -5.372155 1.382118 -8.286236
v -5.339484 1.512678 -8.286236
v -5.245910 1.609411 -8.286236
v -4.758106 2.283086 -9.678949
v -4.939838 2.334936 -9.678949
v -4.908449 0.444176 -9.678949
v -4.728538 0.502028 -9.678949
v -5.128193 2.350335 -9.678949
v -4.563371 0.593869 -9.678949
v -5.315933 2.328692 -9.678949
v -4.419295 0.716167 -9.678949
v -5.495844 2.270839 -9.678949
v -4.301846 0.864223 -9.678949
v -5.661011 2.178998 -9.678949
v -4.215539 1.032348 -9.678949
v -6.076092 1.370432 -9.678949
v -6.054449 1.182691 -9.678949
v -5.805087 2.056700 -9.678949
v -4.163689 1.214079 -9.678949
v -5.996596 1.002781 -9.678949
v -5.922536 1.908644 -9.678949
v -4.148290 1.402435 -9.678949
v -5.904755 0.837613 -9.678949
v -6.008843 1.740518 -9.678949
v -4.169933 1.590176 -9.678949
v -5.782457 0.693538 -9.678949
v -6.060693 1.558787 -9.678949
v -4.227786 1.770085 -9.678949
v -5.634401 0.576089 -9.678949
v -4.319627 1.935254 -9.678949
v -5.466276 0.489781 -9.678949
v -4.441925 2.079330 -9.678949
v -5.284544 0.437931 -9.678949
v -4.589981 2.196778 -9.678949
v -5.096189 0.422532 -9.678949
v -6.052174 1.182487 -8.638949
v -5.994586 1.003403 -8.638949
v -5.903167 0.838993 -8.638949
v -5.781430 0.695578 -8.638949
v -5.634052 0.578668 -8.638949
v -5.466699 0.492756 -8.638949
v -5.285800 0.441143 -8.638949
v -5.098309 0.425815 -8.638949
v -4.911430 0.447359 -8.638949
v -4.732344 0.504947 -8.638949
v -4.567935 0.596365 -8.638949
v -4.424519 0.718104 -8.638949
v -4.307609 0.865481 -8.638949
v -4.221697 1.032834 -8.638950
v -4.170085 1.213733 -8.638949
v -4.154757 1.401225 -8.638949
v -4.176300 1.588104 -8.638949
v -4.233889 1.767189 -8.638950
v -4.325308 1.931599 -8.638949
v -4.447045 2.075014 -8.638950
v -4.594422 2.191924 -8.638949
v -4.761776 2.277836 -8.638949
v -4.942674 2.329448 -8.638949
v -5.130166 2.344777 -8.638949
v -5.317045 2.323233 -8.638949
v -5.496131 2.265645 -8.638949
v -5.660540 2.174226 -8.638949
v -5.803956 2.052488 -8.638949
v -5.920866 1.905111 -8.638949
v -6.006778 1.737757 -8.638949
v -6.058390 1.556859 -8.638949
v -6.073718 1.369367 -8.638949
v -5.087372 1.698855 -9.391960
v -5.035324 1.906850 -9.359146
v -5.025772 1.945022 -9.325418
v -4.989113 2.091520 -9.126520
v -4.934893 1.881719 -9.359146
v -4.986941 1.673724 -9.391960
v -4.888682 2.066389 -9.126520
v -4.925341 1.919891 -9.325418
v -4.411578 1.532847 -9.126520
v -4.556777 1.491346 -9.325418
v -4.594612 1.480532 -9.359146
v -4.800765 1.421609 -9.391960
v -4.829216 1.521150 -9.391960
v -4.623062 1.580073 -9.359146
v -4.585228 1.590886 -9.325418
v -4.440029 1.632388 -9.126520
v -5.589295 1.919974 -9.126520
v -5.480754 1.814978 -9.325418
v -5.452472 1.787620 -9.359146
v -5.298366 1.638548 -9.391960
v -5.552734 1.740569 -9.325418
v -5.661275 1.845564 -9.126520
v -5.370346 1.564138 -9.391960
v -5.524452 1.713210 -9.359146
v -5.629770 1.292334 -9.359146
v -5.423616 1.351258 -9.391960
v -5.812804 1.240020 -9.126520
v -5.667604 1.281520 -9.325418
v -5.639153 1.181980 -9.325418
v -5.784352 1.140478 -9.126520
v -5.395165 1.251716 -9.391960
v -5.601319 1.192793 -9.359146
v -5.335699 0.706478 -9.126521
v -5.299041 0.852975 -9.325418
v -5.289489 0.891148 -9.359146
v -5.237441 1.099143 -9.391960
v -5.198610 0.827844 -9.325418
v -5.235268 0.681347 -9.126521
v -5.137010 1.074012 -9.391960
v -5.189058 0.866016 -9.359146
v -4.854035 1.208729 -9.391960
v -4.699929 1.059656 -9.359146
v -4.671647 1.032298 -9.325418
v -4.563106 0.927302 -9.126521
v -4.771909 0.985246 -9.359146
v -4.926015 1.134318 -9.391960
v -4.635086 0.852892 -9.126521
v -4.743627 0.957888 -9.325418
vn -0.3980 0.9174 -0.0000
vn -0.7187 0.6953 -0.0000
vn 0.1646 -0.9863 0.0067
vn 0.0151 -0.9999 -0.0019
vn 0.4412 -0.8974 -0.0067
vn -0.3240 -0.9461 0.0044
vn 0.0296 0.9996 0.0042
vn -0.3552 0.9348 -0.0044
vn -0.3673 -0.9301 -0.0000
vn 0.1788 0.9838 -0.0087
vn -0.7277 -0.6859 -0.0044
vn 0.5010 0.8654 0.0063
vn 0.6952 0.7187 -0.0091
vn -0.9168 -0.3993 0.0019
vn -0.6953 -0.7187 -0.0000
vn 0.8230 0.5681 0.0019
vn 0.9839 -0.1788 -0.0000
vn 0.8147 -0.5799 -0.0044
vn -0.9999 -0.0151 0.0019
vn -0.9774 -0.2113 -0.0091
vn 0.8406 -0.5417 -0.0000
vn 0.9666 0.2562 -0.0044
vn -0.9461 0.3240 -0.0044
vn -0.9301 0.3673 -0.0000
vn 0.5705 -0.8213 0.0019
vn 0.9774 0.2113 -0.0000
vn -0.0000 -0.0000 -1.0000
vn -0.0000 -0.0000 1.0000
vn 0.0166 -0.9999 -0.0000
vn -0.1788 -0.9839 -0.0000
vn 0.2113 -0.9774 -0.0000
vn 0.3980 -0.9174 -0.0000
vn 0.5693 -0.8221 -0.0000
vn -0.5417 -0.8406 -0.0000
vn 0.7187 -0.6953 -0.0000
vn -0.8221 -0.5693 -0.0000
vn 0.9301 -0.3673 -0.0000
vn -0.9174 -0.3980 -0.0000
vn -0.9774 -0.2113 -0.0000
vn -0.9999 -0.0166 -0.0000
vn 0.9999 0.0166 -0.0000
vn -0.9839 0.1788 -0.0000
vn 0.9174 0.3980 -0.0000
vn -0.8406 0.5417 -0.0000
vn 0.8221 0.5693 -0.0000
vn 0.6953 0.7187 -0.0000
vn 0.5417 0.8406 -0.0000
vn -0.5693 0.8221 -0.0000
vn 0.3673 0.9301 -0.0000
vn 0.1788 0.9839 -0.0000
vn -0.2113 0.9774 -0.0000
vn -0.0166 0.9999 -0.0000
vn 0.0007 -0.0004 -1.0000
vn 0.0008 -0.0000 -1.0000
vn -0.0007 0.0004 -1.0000
vn -0.0004 0.0007 -1.0000
vn 0.0004 0.0007 -1.0000
vn -0.0000 0.0008 -1.0000
vn -0.0004 -0.0007 -1.0000
vn -0.0007 -0.0004 -1.0000
vn 0.0004 -0.0007 -1.0000
vn 0.0007 0.0004 -1.0000
vn -0.0008 -0.0000 -1.0000
vn -0.0000 -0.0008 -1.0000
vn -0.4360 0.9000 -0.0000
vn -0.1055 0.9944 -0.0000
vn -0.9974 0.0724 -0.0000
vn -0.9139 0.4059 -0.0000
vn -0.5614 -0.8275 -0.0000
vn -0.8085 -0.5886 -0.0000
vn -0.3788 -0.1083 0.9191
vn -0.1213 -0.0347 0.9920
vn 0.4360 -0.9000 -0.0000
vn 0.1055 -0.9944 -0.0000
vn 0.9974 -0.0724 -0.0000
vn 0.9139 -0.4059 -0.0000
vn 0.5614 0.8275 -0.0000
vn 0.8085 0.5886 -0.0000
vn -0.6918 0.6692 -0.2714
vn -0.9615 -0.2748 -0.0000
vn -0.9254 -0.2645 -0.2714
vn -0.2427 -0.9701 -0.0000
vn -0.2336 -0.9337 -0.2714
vn 0.6918 -0.6692 -0.2714
vn 0.9615 0.2748 -0.0000
vn 0.9254 0.2645 -0.2714
vn 0.2336 0.9337 -0.2714
vn 0.2427 0.9701 -0.0000
vn 0.5934 -0.5740 -0.5643
vn -0.7938 -0.2269 -0.5643
vn -0.2831 0.2739 0.9191
vn -0.0907 0.0877 0.9920
vn -0.2748 0.9615 -0.0000
vn -0.0956 -0.3821 0.9191
vn -0.0306 -0.1224 0.9920
vn 0.3788 0.1083 0.9191
vn 0.1213 0.0347 0.9920
vn -0.2831 0.2739 -0.9191
vn -0.0907 0.0877 -0.9920
vn 0.3788 0.1083 -0.9191
vn 0.1213 0.0347 -0.9920
vn -0.9701 0.2427 -0.0000
vn -0.9701 0.2428 -0.0000
vn -0.8232 -0.2353 0.5167
vn -0.8713 -0.2490 0.4229
vn -0.2078 -0.8305 0.5167
vn -0.2200 -0.8791 0.4229
vn -0.0956 -0.3821 -0.9191
vn -0.0306 -0.1224 -0.9920
vn 0.1013 0.4046 -0.9089
vn 0.1767 0.7060 -0.6859
vn 0.2748 -0.9615 -0.0000
vn 0.6154 -0.5953 0.5167
vn 0.6513 -0.6300 0.4229
vn -0.4010 -0.1146 0.9089
vn -0.6997 -0.2000 0.6859
vn 0.7938 0.2269 -0.5643
vn -0.3788 -0.1083 -0.9191
vn -0.1213 -0.0347 -0.9920
vn 0.4010 0.1146 -0.9089
vn 0.6997 0.2000 -0.6859
vn 0.2998 -0.2900 0.9089
vn 0.5231 -0.5060 0.6859
vn -0.5934 0.5740 -0.5643
vn 0.2831 -0.2739 -0.9191
vn 0.0907 -0.0877 -0.9920
vn -0.2998 0.2900 -0.9089
vn -0.5231 0.5060 -0.6859
vn 0.4010 0.1146 0.9089
vn 0.6997 0.2000 0.6859
vn -0.4010 -0.1146 -0.9089
vn -0.6997 -0.2000 -0.6859
vn 0.8232 0.2353 0.5167
vn 0.8713 0.2490 0.4229
vn 0.2078 0.8305 0.5167
vn 0.2200 0.8791 0.4229
vn 0.9701 -0.2428 -0.0000
vn 0.9701 -0.2427 -0.0000
vn 0.1012 0.4046 0.9089
vn 0.1767 0.7060 0.6859
vn 0.1013 0.4046 0.9089
vn -0.2004 -0.8009 -0.5643
vn 0.0956 0.3821 -0.9191
vn 0.0306 0.1224 -0.9920
vn -0.1012 -0.4046 -0.9089
vn -0.1767 -0.7060 -0.6859
vn 0.2998 -0.2900 -0.9089
vn 0.5231 -0.5060 -0.6859
vn -0.6154 0.5953 0.5167
vn -0.6513 0.6300 0.4229
vn 0.2831 -0.2739 0.9191
vn 0.0907 -0.0877 0.9920
vn -0.2998 0.2900 0.9089
vn -0.5231 0.5060 0.6859
vn -0.5143 0.8576 -0.0000
vn -0.8275 0.5614 -0.0000
vn -0.9944 -0.1055 -0.0000
vn -0.8576 -0.5143 -0.0000
vn -0.4856 -0.8742 -0.0000
vn -0.0724 -0.9974 -0.0000
vn 0.5886 -0.8084 -0.0000
vn 0.8742 -0.4856 -0.0000
vn 0.8742 -0.4855 -0.0000
vn 0.9000 0.4360 -0.0000
vn 0.4059 0.9139 -0.0000
vn 0.2428 0.9701 -0.0000
vn -0.2428 -0.9701 -0.0000
vn 0.2004 0.8009 -0.5643
vn -0.8742 0.4856 -0.0000
vn 0.5143 -0.8576 -0.0000
vn 0.8576 0.5143 -0.0000
vn 0.4856 0.8742 -0.0000
vn -0.1767 -0.7060 0.6859
vn 0.0956 0.3821 0.9191
vn 0.0306 0.1224 0.9920
vn -0.1012 -0.4046 0.9089
vn -0.7188 0.6953 -0.0000
vn 0.4855 0.8742 -0.0000
vn -0.8742 0.4855 -0.0000
vn -0.4855 -0.8742 -0.0000
vn -0.0394 0.0112 0.9992
vn -0.0406 -0.0047 0.9992
vn -0.0393 0.0112 0.9992
vn -0.0321 0.0255 0.9992
vn -0.0321 0.0254 0.9992
vn -0.0199 0.0358 0.9992
vn -0.0047 0.0408 0.9992
vn -0.0047 0.0407 0.9992
vn 0.0113 0.0395 0.9992
vn 0.0255 0.0322 0.9992
vn 0.0359 0.0200 0.9992
vn 0.0408 0.0047 0.9992
vn 0.0395 -0.0113 0.9992
vn 0.0321 -0.0255 0.9992
vn 0.0322 -0.0255 0.9992
vn 0.0199 -0.0358 0.9992
vn 0.0047 -0.0406 0.9992
vn 0.0047 -0.0407 0.9992
vn -0.0112 -0.0393 0.9992
vn -0.0112 -0.0394 0.9992
vn -0.0254 -0.0320 0.9992
vn -0.0357 -0.0199 0.9992
vn 0.0111 0.0390 -0.9992
vn 0.0197 -0.0355 -0.9992
vn 0.0047 -0.0404 -0.9992
vn 0.0198 -0.0355 -0.9992
vn -0.0047 0.0403 -0.9992
vn 0.0318 -0.0252 -0.9992
vn -0.0046 0.0403 -0.9992
vn -0.0198 0.0355 -0.9992
vn 0.0390 -0.0111 -0.9992
vn -0.0405 -0.0047 -0.9992
vn -0.0197 0.0355 -0.9992
vn -0.0404 -0.0047 -0.9992
vn -0.0319 0.0253 -0.9992
vn -0.0356 -0.0198 -0.9992
vn -0.0318 0.0252 -0.9992
vn 0.0402 0.0046 -0.9992
vn -0.0391 0.0112 -0.9992
vn 0.0403 0.0046 -0.9992
vn -0.0253 -0.0319 -0.9992
vn 0.0354 0.0197 -0.9992
vn -0.0112 -0.0391 -0.9992
vn 0.0252 0.0318 -0.9992
vn 0.0252 0.0317 -0.9992
vn -0.3031 0.9426 -0.1397
vn -0.2932 0.9118 -0.2875
vn -0.3032 0.9428 -0.1389
vn -0.8805 0.4520 -0.1429
vn -0.8513 0.4370 -0.2904
vn -0.8806 0.4521 -0.1422
vn 0.3678 0.9299 0.0039
vn 0.3668 0.9303 0.0037
vn 0.3666 0.9304 0.0037
vn -0.6406 0.7547 -0.1414
vn -0.6195 0.7298 -0.2890
vn -0.6407 0.7548 -0.1406
vn -0.1782 -0.9840 -0.0031
vn -0.1772 -0.9842 -0.0034
vn -0.1784 -0.9840 -0.0030
vn 0.3654 0.9308 0.0042
vn 0.3652 0.9309 0.0042
vn 0.0705 0.0888 0.9936
vn 0.0705 0.0888 0.9935
vn 0.5694 -0.8221 0.0005
vn 0.5692 -0.8222 0.0005
vn -0.1080 0.0308 -0.9937
vn 0.7553 0.6411 -0.1360
vn 0.7309 0.6204 -0.2844
vn 0.7553 0.6411 -0.1359
vn 0.4524 0.8813 -0.1368
vn 0.4378 0.8527 -0.2849
vn 0.4524 0.8813 -0.1364
vn 0.0807 0.9871 -0.1381
vn 0.0781 0.9550 -0.2860
vn 0.0807 0.9872 -0.1374
vn -0.5423 -0.8402 -0.0044
vn -0.5412 -0.8409 -0.0042
vn 0.5691 -0.8223 0.0005
vn 0.9554 -0.0781 -0.2849
vn 0.9873 -0.0807 -0.1368
vn 0.9874 -0.0807 -0.1364
vn 0.9127 0.2935 -0.2844
vn 0.9431 0.3033 -0.1360
vn 0.9432 0.3033 -0.1359
vn -0.5410 -0.8410 -0.0043
vn -0.5397 -0.8418 -0.0047
vn 0.0311 0.1090 0.9936
vn 0.6198 -0.7302 -0.2875
vn 0.6408 -0.7549 -0.1397
vn 0.6409 -0.7550 -0.1389
vn 0.8525 -0.4376 -0.2860
vn 0.8811 -0.4523 -0.1381
vn 0.8812 -0.4524 -0.1374
vn -0.3979 0.9174 0.0005
vn -0.3980 0.9174 0.0005
vn -0.3981 0.9174 0.0005
vn -0.0880 0.0698 -0.9937
vn -0.0879 0.0698 -0.9937
vn 0.9177 0.3972 0.0050
vn 0.9171 0.3986 0.0048
vn 0.9170 0.3988 0.0048
vn -0.3982 0.9173 0.0005
vn -0.7291 -0.6189 -0.2921
vn -0.7544 -0.6404 -0.1444
vn -0.7544 -0.6404 -0.1443
vn -0.4369 -0.8510 -0.2915
vn -0.4519 -0.8804 -0.1439
vn -0.4520 -0.8804 -0.1435
vn -0.0780 -0.9537 -0.2904
vn -0.0807 -0.9864 -0.1429
vn -0.0807 -0.9865 -0.1422
vn 0.2931 -0.9114 -0.2890
vn 0.3031 -0.9424 -0.1414
vn 0.3031 -0.9425 -0.1406
vn -0.9863 0.0806 -0.1439
vn -0.9534 0.0779 -0.2915
vn -0.9864 0.0806 -0.1435
vn 0.9163 0.4004 0.0054
vn 0.9162 0.4006 0.0054
vn -0.9420 -0.3029 -0.1444
vn -0.9105 -0.2928 -0.2921
vn -0.9420 -0.3029 -0.1443
vn -0.0130 0.1125 0.9936
vn 0.8408 -0.5414 0.0024
vn 0.8404 -0.5420 0.0023
vn -0.0545 0.0980 -0.9937
vn -0.9084 -0.2921 0.2992
vn -0.9409 -0.3026 0.1519
vn -0.9410 -0.3026 0.1518
vn -0.9776 -0.2106 -0.0048
vn -0.9773 -0.2120 -0.0046
vn 0.8403 -0.5421 0.0023
vn 0.8399 -0.5427 0.0025
vn -0.9508 0.0777 0.2997
vn -0.9850 0.0805 0.1527
vn -0.9851 0.0805 0.1523
vn 0.3024 -0.9404 0.1556
vn 0.2918 -0.9075 0.3022
vn 0.3024 -0.9405 0.1548
vn -0.0805 -0.9848 0.1540
vn -0.0777 -0.9505 0.3008
vn -0.0805 -0.9849 0.1533
vn -0.4513 -0.8792 0.1527
vn -0.4357 -0.8487 0.2997
vn -0.4514 -0.8793 0.1523
vn -0.7535 -0.6396 0.1519
vn -0.7275 -0.6175 0.2992
vn -0.7535 -0.6396 0.1518
vn -0.9772 -0.2122 -0.0046
vn -0.9769 -0.2138 -0.0052
vn -0.0550 0.0989 0.9936
vn -0.7189 0.6951 -0.0015
vn -0.7186 0.6954 -0.0014
vn -0.7186 0.6955 -0.0014
vn -0.0128 0.1113 -0.9937
vn 0.2111 -0.9775 -0.0015
vn 0.2106 -0.9776 -0.0016
vn 0.2105 -0.9776 -0.0016
vn -0.7182 0.6958 -0.0016
vn -0.7182 0.6959 -0.0016
vn -0.0162 0.9999 0.0024
vn -0.0154 0.9999 0.0025
vn -0.0886 0.0703 0.9936
vn 0.8783 -0.4509 0.1587
vn 0.8472 -0.4349 0.3052
vn 0.8472 -0.4349 0.3051
vn 0.8784 -0.4510 0.1580
vn 0.6391 -0.7529 0.1573
vn 0.6166 -0.7264 0.3038
vn 0.6392 -0.7530 0.1564
vn 0.9840 -0.1782 0.0039
vn 0.9838 -0.1793 0.0037
vn 0.9840 -0.1781 0.0039
vn 0.0307 0.1077 -0.9937
vn -0.1793 -0.9838 -0.0032
vn -0.1804 -0.9836 -0.0034
vn -0.1806 -0.9836 -0.0034
vn 0.9838 -0.1795 0.0037
vn 0.9835 -0.1808 0.0042
vn 0.9397 0.3022 0.1603
vn 0.9061 0.2914 0.3068
vn 0.9397 0.3022 0.1601
vn 0.9839 -0.0804 0.1598
vn 0.9488 -0.0776 0.3062
vn 0.9839 -0.0804 0.1593
vn 0.5695 -0.8220 0.0005
vn -0.1086 0.0310 0.9936
vn -0.9303 0.3668 -0.0032
vn -0.9299 0.3677 -0.0030
vn -0.9299 0.3678 -0.0031
vn 0.0696 0.0877 -0.9937
vn 0.0776 0.9491 0.3052
vn 0.0805 0.9840 0.1587
vn 0.0805 0.9842 0.1580
vn 0.4348 0.8469 0.3062
vn 0.4508 0.8782 0.1598
vn 0.4509 0.8783 0.1593
vn 0.7256 0.6159 0.3068
vn 0.7525 0.6388 0.1603
vn 0.7525 0.6388 0.1601
vn -0.3977 0.9175 0.0005
vn -0.9295 0.3688 -0.0034
vn -0.9294 0.3690 -0.0034
vn 0.8412 -0.5406 0.0025
vn 0.8413 -0.5405 0.0025
vn 0.9772 0.2121 0.0048
vn 0.9775 0.2107 0.0046
vn 0.0978 0.0544 -0.9937
vn -0.7193 0.6947 -0.0016
vn 0.9776 0.2105 0.0046
vn 0.9779 0.2089 0.0051
vn 0.9842 -0.1768 0.0041
vn 0.9843 -0.1766 0.0042
vn -0.9998 -0.0173 -0.0044
vn -0.9999 -0.0160 -0.0042
vn -0.9999 -0.0158 -0.0043
vn 0.1112 0.0128 -0.9937
vn -0.6169 0.7267 0.3022
vn -0.6393 0.7531 0.1556
vn -0.6393 0.7532 0.1548
vn -0.9307 0.3658 -0.0034
vn -0.9999 -0.0143 -0.0047
vn -0.9999 -0.0140 -0.0048
vn -0.8484 0.4355 0.3008
vn -0.8790 0.4512 0.1540
vn -0.8791 0.4513 0.1533
vn -0.2917 0.9070 0.3037
vn -0.3023 0.9401 0.1573
vn -0.3024 0.9403 0.1564
vn -0.7630 0.6053 -0.2269
vn -0.6982 0.5539 -0.4535
vn -0.7632 0.6055 -0.2256
vn -0.4735 0.8515 -0.2253
vn -0.4334 0.7795 -0.4523
vn -0.4736 0.8518 -0.2239
vn -0.1116 0.9683 -0.2236
vn -0.1022 0.8866 -0.4510
vn -0.1117 0.9686 -0.2223
vn 0.2675 0.9376 -0.2221
vn 0.2450 0.8588 -0.4500
vn 0.2676 0.9378 -0.2211
vn 0.6061 0.7641 -0.2209
vn 0.5552 0.6999 -0.4493
vn 0.6062 0.7642 -0.2204
vn 0.8525 0.4740 -0.2204
vn 0.7809 0.4342 -0.4490
vn 0.8875 0.1023 -0.4493
vn 0.9689 0.1117 -0.2209
vn 0.9690 0.1117 -0.2204
vn 0.8588 -0.2450 -0.4500
vn 0.9376 -0.2675 -0.2221
vn 0.9378 -0.2676 -0.2211
vn 0.6992 -0.5547 -0.4510
vn 0.7636 -0.6057 -0.2236
vn 0.7638 -0.6059 -0.2223
vn 0.4334 -0.7795 -0.4523
vn 0.4735 -0.8515 -0.2253
vn 0.4736 -0.8518 -0.2239
vn 0.1021 -0.8854 -0.4535
vn 0.1115 -0.9675 -0.2269
vn 0.1116 -0.9678 -0.2256
vn -0.2444 -0.8565 -0.4546
vn -0.2671 -0.9363 -0.2281
vn -0.2672 -0.9365 -0.2271
vn -0.5533 -0.6975 -0.4553
vn -0.6050 -0.7627 -0.2288
vn -0.6051 -0.7628 -0.2282
vn -0.7780 -0.4326 -0.4556
vn -0.8508 -0.4731 -0.2288
vn -0.9671 -0.1115 -0.2288
vn -0.8845 -0.1020 -0.4553
vn -0.9672 -0.1115 -0.2282
vn -0.9363 0.2671 -0.2281
vn -0.8565 0.2444 -0.4546
vn -0.9365 0.2672 -0.2271
vn -0.8528 0.2433 0.4622
vn -0.9341 0.2665 0.2377
vn -0.9343 0.2666 0.2367
vn -0.8813 -0.1016 0.4615
vn -0.9652 -0.1113 0.2366
vn -0.9653 -0.1113 0.2361
vn -0.8493 -0.4722 0.2360
vn -0.7755 -0.4312 0.4612
vn -0.6038 -0.7612 0.2366
vn -0.5513 -0.6950 0.4615
vn -0.6039 -0.7613 0.2361
vn -0.2665 -0.9341 0.2377
vn -0.2433 -0.8528 0.4622
vn -0.2666 -0.9343 0.2367
vn 0.1112 -0.9646 0.2392
vn 0.1015 -0.8804 0.4632
vn 0.1112 -0.9649 0.2380
vn 0.4717 -0.8482 0.2409
vn 0.4304 -0.7740 0.4645
vn 0.4304 -0.7740 0.4644
vn 0.4718 -0.8485 0.2395
vn 0.7601 -0.6029 0.2424
vn 0.6933 -0.5500 0.4657
vn 0.7603 -0.6031 0.2412
vn 0.9326 -0.2661 0.2436
vn 0.8505 -0.2426 0.4667
vn 0.9329 -0.2662 0.2427
vn 0.9633 0.1111 0.2443
vn 0.8782 0.1012 0.4674
vn 0.9634 0.1111 0.2438
vn 0.7725 0.4296 0.4676
vn 0.8475 0.4712 0.2444
vn 0.5494 0.6926 0.4674
vn 0.6026 0.7597 0.2443
vn 0.6027 0.7598 0.2438
vn 0.2426 0.8505 0.4667
vn 0.2661 0.9326 0.2437
vn 0.2427 0.8505 0.4667
vn 0.2662 0.9329 0.2427
vn -0.1013 0.8791 0.4657
vn -0.1111 0.9638 0.2424
vn -0.1111 0.9641 0.2412
vn -0.4304 0.7740 0.4645
vn -0.4717 0.8482 0.2409
vn -0.4718 0.8485 0.2395
vn -0.6943 0.5508 0.4632
vn -0.7607 0.6034 0.2392
vn -0.7609 0.6036 0.2380
vn 0.0991 0.0551 0.9935
vn 0.6946 0.7193 0.0046
vn 0.6935 0.7205 0.0051
vn 0.6933 0.7207 0.0052
vn -0.0170 0.9999 0.0023
vn -0.0178 0.9998 0.0025
vn -0.0180 0.9998 0.0026
vn 0.6958 0.7182 0.0048
vn 0.6948 0.7192 0.0046
vn -0.0169 0.9999 0.0023
vn 0.1127 0.0130 0.9935
vn -0.8216 -0.5700 -0.0048
vn -0.8206 -0.5714 -0.0053
vn -0.8218 -0.5698 -0.0048
vn 0.2116 -0.9774 -0.0014
vn 0.2121 -0.9773 -0.0016
vn 0.2115 -0.9774 -0.0014
vn -0.8226 -0.5686 -0.0050
vn 0.1090 -0.0311 0.9936
vn 0.9998 0.0174 0.0043
vn 0.9998 0.0189 0.0047
vn 0.9998 0.0191 0.0048
vn 0.9999 0.0159 0.0044
vn 0.9998 0.0172 0.0042
vn 0.0887 -0.0704 0.9936
vn 0.9303 -0.3668 0.0031
vn 0.9307 -0.3657 0.0034
vn 0.9308 -0.3656 0.0035
vn 0.9299 -0.3678 0.0032
vn 0.9303 -0.3669 0.0030
vn 0.0550 -0.0989 0.9936
vn -0.9840 0.1781 -0.0037
vn -0.9842 0.1768 -0.0042
vn -0.9840 0.1783 -0.0037
vn -0.9838 0.1794 -0.0039
vn 0.0129 -0.1123 0.9936
vn 0.7189 -0.6951 0.0014
vn 0.7193 -0.6947 0.0016
vn 0.7186 -0.6954 0.0014
vn -0.9779 -0.2089 -0.0051
vn -0.9780 -0.2086 -0.0051
vn -0.0310 -0.1086 0.9936
vn -0.8408 0.5413 -0.0023
vn -0.8413 0.5406 -0.0025
vn -0.8407 0.5414 -0.0023
vn 0.9184 0.3956 0.0053
vn -0.8404 0.5420 -0.0024
vn -0.5436 -0.8393 -0.0047
vn -0.5439 -0.8392 -0.0048
vn -0.0702 -0.0885 0.9936
vn 0.3979 -0.9174 -0.0005
vn 0.3977 -0.9175 -0.0005
vn 0.3691 0.9294 0.0041
vn 0.3679 0.9299 0.0039
vn 0.3980 -0.9174 -0.0005
vn 0.6971 0.7170 0.0051
vn 0.6959 0.7182 0.0048
vn -0.0987 -0.0549 0.9936
vn -0.5694 0.8221 -0.0005
vn -0.5695 0.8220 -0.0005
vn -0.5693 0.8221 -0.0005
vn -0.8236 -0.5672 -0.0053
vn -0.8237 -0.5669 -0.0053
vn -0.5692 0.8222 -0.0005
vn 0.9999 0.0143 0.0047
vn -0.1122 -0.0129 0.9936
vn 0.0162 -0.9999 -0.0023
vn 0.0154 -0.9999 -0.0025
vn 0.0152 -0.9999 -0.0026
vn 0.9295 -0.3688 0.0034
vn -0.1117 -0.0129 -0.9937
vn 0.0170 -0.9999 -0.0024
vn 0.0163 -0.9999 -0.0023
vn -0.9835 0.1807 -0.0041
vn -0.9835 0.1810 -0.0041
vn -0.2111 0.9775 0.0014
vn -0.2106 0.9776 0.0016
vn -0.2112 0.9775 0.0014
vn 0.7182 -0.6958 0.0015
vn 0.7186 -0.6954 0.0015
vn -0.0982 -0.0546 -0.9937
vn -0.2116 0.9774 0.0014
vn -0.2116 0.9774 0.0015
vn -0.8399 0.5427 -0.0025
vn -0.8398 0.5428 -0.0025
vn -0.3680 -0.9298 -0.0037
vn -0.3692 -0.9294 -0.0042
vn -0.3694 -0.9293 -0.0042
vn 0.3982 -0.9173 -0.0005
vn -0.0699 -0.0881 -0.9937
vn -0.3667 -0.9303 -0.0039
vn -0.3678 -0.9299 -0.0037
vn -0.5691 0.8223 -0.0005
vn -0.5690 0.8223 -0.0005
vn 0.1794 0.9838 0.0031
vn 0.1804 0.9836 0.0034
vn 0.1792 0.9838 0.0030
vn 0.0178 -0.9998 -0.0025
vn -0.0308 -0.1080 -0.9937
vn 0.1783 0.9840 0.0032
vn -0.2121 0.9772 0.0015
vn -0.2122 0.9772 0.0016
vn -0.6959 -0.7181 -0.0046
vn -0.6971 -0.7170 -0.0052
vn -0.6973 -0.7168 -0.0052
vn -0.3655 -0.9308 -0.0041
vn 0.0129 -0.1115 -0.9937
vn -0.6947 -0.7193 -0.0048
vn -0.6957 -0.7183 -0.0046
vn 0.1772 0.9842 0.0034
vn 0.1770 0.9842 0.0034
vn 0.5424 0.8401 0.0043
vn 0.5436 0.8393 0.0047
vn 0.5422 0.8403 0.0042
vn -0.6935 -0.7205 -0.0051
vn 0.0545 -0.0980 -0.9937
vn 0.5411 0.8409 0.0044
vn 0.5411 0.8410 0.0044
vn 0.5398 0.8418 0.0047
vn 0.5395 0.8419 0.0047
vn -0.9178 -0.3971 -0.0048
vn -0.9184 -0.3956 -0.0054
vn -0.9185 -0.3953 -0.0054
vn -0.9171 -0.3987 -0.0050
vn -0.9164 -0.4003 -0.0053
vn 0.0878 -0.0696 -0.9937
vn -0.9177 -0.3974 -0.0048
vn 0.8217 0.5699 0.0050
vn 0.8206 0.5714 0.0053
vn 0.8205 0.5716 0.0053
vn 0.8226 0.5685 0.0048
vn 0.8236 0.5671 0.0054
vn 0.8225 0.5688 0.0048
vn -0.9998 -0.0189 -0.0047
vn 0.1077 -0.0307 -0.9937
vn 0.8216 0.5700 0.0050
vn 0.9769 0.2138 0.0051
vn 0.9768 0.2140 0.0051
vn -0.1770 -0.9842 -0.0034
vn -0.5395 -0.8420 -0.0048
vn 0.8398 -0.5428 0.0025
vn -0.9768 -0.2141 -0.0052
vn -0.0152 0.9999 0.0025
vn 0.9835 -0.1810 0.0042
vn 0.9780 0.2086 0.0052
vn -0.9308 0.3656 -0.0034
vn -0.8205 -0.5717 -0.0054
vn 0.2122 -0.9772 -0.0016
vn -0.9843 0.1766 -0.0042
vn -0.8413 0.5405 -0.0026
vn 0.9185 0.3953 0.0054
vn 0.3694 0.9293 0.0042
vn 0.6973 0.7168 0.0052
vn 0.9999 0.0141 0.0047
vn 0.9294 -0.3690 0.0034
vn -0.2105 0.9776 0.0016
vn 0.7182 -0.6959 0.0016
vn 0.1806 0.9835 0.0035
vn 0.0180 -0.9998 -0.0025
vn -0.3652 -0.9309 -0.0041
vn 0.5438 0.8392 0.0048
vn -0.6933 -0.7207 -0.0051
vn -0.9162 -0.4006 -0.0053
vn 0.8238 0.5669 0.0054
vn -0.9998 -0.0191 -0.0047
vt 0.041319 0.640085
vt 0.048123 0.567897
vt 0.048068 0.640090
vt 0.091856 0.640067
vt 0.088455 0.567875
vt 0.095205 0.567872
vt 0.081814 0.640078
vt 0.034570 0.640080
vt 0.041374 0.567892
vt 0.081706 0.567885
vt 0.031332 0.567879
vt 0.074957 0.567895
vt 0.024528 0.640068
vt 0.021290 0.567867
vt 0.068316 0.640098
vt 0.075065 0.640088
vt 0.017778 0.640055
vt 0.112104 0.640045
vt 0.105247 0.567862
vt 0.111996 0.567852
vt 0.061567 0.640100
vt 0.064915 0.567905
vt 0.105355 0.640055
vt 0.011247 0.567842
vt 0.054872 0.567902
vt 0.054817 0.640095
vt 0.098605 0.640065
vt 0.118745 0.567842
vt 0.118853 0.640035
vt 0.203386 0.653880
vt 0.252675 0.674297
vt 0.216271 0.718655
vt 0.247843 0.705742
vt 0.199276 0.710525
vt 0.199276 0.657175
vt 0.011029 0.640034
vt 0.186631 0.674296
vt 0.192978 0.662422
vt 0.223036 0.649972
vt 0.235920 0.653880
vt 0.246328 0.662422
vt 0.252675 0.694331
vt 0.241545 0.710989
vt 0.229670 0.717336
vt 0.197762 0.710989
vt 0.186631 0.694331
vt 0.211151 0.650828
vt 0.224551 0.649509
vt 0.237435 0.653417
vt 0.247843 0.661959
vt 0.254190 0.673833
vt 0.254190 0.693868
vt 0.237435 0.714284
vt 0.224550 0.718192
vt 0.211151 0.716872
vt 0.190735 0.700117
vt 0.186826 0.687233
vt 0.190735 0.667583
vt 0.463198 0.188097
vt 0.370971 0.188097
vt 0.463198 0.172459
vt 0.463198 0.203734
vt 0.370971 0.172460
vt 0.370971 0.203734
vt 0.463198 0.156822
vt 0.463198 0.219372
vt 0.370971 0.156822
vt 0.370971 0.219372
vt 0.463198 0.235009
vt 0.370971 0.235009
vt 0.463198 0.141185
vt 0.370971 0.141185
vt 0.463198 0.250647
vt 0.370971 0.250647
vt 0.463198 0.125547
vt 0.370971 0.125547
vt 0.463198 0.109910
vt 0.463198 0.266284
vt 0.370971 0.109910
vt 0.370971 0.266284
vt 0.463198 0.281921
vt 0.463197 0.094272
vt 0.370971 0.094272
vt 0.370971 0.281921
vt 0.463198 0.078635
vt 0.370971 0.297559
vt 0.370971 0.078635
vt 0.463198 0.297559
vt 0.463197 0.062998
vt 0.370971 0.062998
vt 0.463198 0.313196
vt 0.370971 0.313196
vt 0.463198 0.328834
vt 0.463197 0.047360
vt 0.370971 0.047360
vt 0.370971 0.328834
vt 0.463198 0.344471
vt 0.370971 0.344471
vt 0.463197 0.031723
vt 0.370971 0.547757
vt 0.370971 0.532120
vt 0.463197 0.532120
vt 0.463197 0.516482
vt 0.463198 0.360108
vt 0.370971 0.516482
vt 0.370971 0.360108
vt 0.463197 0.500845
vt 0.463198 0.375746
vt 0.370971 0.375746
vt 0.370971 0.500845
vt 0.463198 0.391383
vt 0.463198 0.485208
vt 0.370971 0.391383
vt 0.370971 0.485208
vt 0.463198 0.407021
vt 0.463198 0.469570
vt 0.370971 0.407021
vt 0.370971 0.469570
vt 0.463198 0.422658
vt 0.463198 0.453933
vt 0.370971 0.453933
vt 0.370971 0.422658
vt 0.463198 0.438295
vt 0.370971 0.438295
vt 0.053261 0.802122
vt 0.035664 0.793556
vt 0.055556 0.793556
vt 0.037959 0.859227
vt 0.018438 0.857847
vt 0.024708 0.851577
vt 0.017057 0.823024
vt 0.008492 0.840620
vt 0.008492 0.820729
vt 0.074163 0.838325
vt 0.072783 0.857847
vt 0.066512 0.851576
vt 0.072783 0.803502
vt 0.066512 0.809773
vt 0.017057 0.838325
vt 0.759651 0.236742
vt 0.751085 0.219145
vt 0.759651 0.221440
vt 0.055556 0.867793
vt 0.053261 0.859227
vt 0.074163 0.823024
vt 0.082729 0.820729
vt 0.024708 0.809773
vt 0.037959 0.802122
vt 0.035664 0.867793
vt 0.082729 0.840620
vt 0.915727 0.083729
vt 0.938390 0.068427
vt 0.938390 0.083729
vt 0.915727 0.114331
vt 0.938390 0.099030
vt 0.938390 0.114331
vt 0.915727 0.144934
vt 0.938390 0.129633
vt 0.938390 0.144934
vt 0.385927 0.944544
vt 0.411633 0.913230
vt 0.411633 0.944544
vt 0.915727 0.175537
vt 0.938390 0.160235
vt 0.938390 0.175537
vt 0.915727 0.206139
vt 0.938390 0.190838
vt 0.938390 0.206139
vt 0.915727 0.236742
vt 0.938390 0.221440
vt 0.938390 0.236742
vt 0.392729 0.626002
vt 0.367023 0.587929
vt 0.392729 0.587929
vt 0.392739 0.626370
vt 0.367033 0.588297
vt 0.392739 0.588297
vt 0.392570 0.626370
vt 0.366864 0.588297
vt 0.392570 0.588297
vt 0.392065 0.586984
vt 0.366359 0.625057
vt 0.366358 0.586984
vt 0.392475 0.625222
vt 0.366769 0.587149
vt 0.392475 0.587149
vt 0.098480 0.984914
vt 0.128781 0.934861
vt 0.131181 0.983294
vt 0.324552 0.774464
vt 0.350258 0.659558
vt 0.350258 0.774464
vt 0.325226 0.775777
vt 0.350932 0.660871
vt 0.350932 0.775777
vt 0.411623 0.944176
vt 0.385917 0.912862
vt 0.411623 0.912862
vt 0.367033 0.731655
vt 0.367033 0.626370
vt 0.385758 0.944544
vt 0.411464 0.913230
vt 0.411464 0.944544
vt 0.385663 0.943396
vt 0.411369 0.912082
vt 0.411369 0.943396
vt 0.350258 0.928233
vt 0.324552 0.887298
vt 0.350258 0.887298
vt 0.325226 0.929546
vt 0.350932 0.888611
vt 0.350932 0.929546
vt 0.308861 0.730507
vt 0.324962 0.659723
vt 0.324962 0.774630
vt 0.203015 0.712239
vt 0.172547 0.742163
vt 0.169824 0.687207
vt 0.206741 0.688296
vt 0.167800 0.646359
vt 0.366769 0.730507
vt 0.392475 0.730507
vt 0.089444 0.802547
vt 0.096080 0.936481
vt 0.173330 0.559910
vt 0.134555 0.601420
vt 0.143669 0.554187
vt 0.137123 0.688827
vt 0.135099 0.647979
vt 0.350668 0.659723
vt 0.366769 0.625222
vt 0.375723 0.796911
vt 0.350668 0.774630
vt 0.375723 0.734902
vt 0.299907 0.796911
vt 0.324962 0.817830
vt 0.367023 0.731287
vt 0.392729 0.731287
vt 0.379575 0.815542
vt 0.405282 0.802674
vt 0.405282 0.815542
vt 0.352735 0.927365
vt 0.327029 0.886430
vt 0.352735 0.886430
vt 0.350668 0.849941
vt 0.350668 0.817830
vt 0.309115 0.731287
vt 0.325216 0.660503
vt 0.325216 0.775409
vt 0.282497 0.890651
vt 0.325216 0.850721
vt 0.325216 0.888243
vt 0.393641 0.890651
vt 0.350922 0.850721
vt 0.393641 0.836793
vt 0.375977 0.797691
vt 0.350922 0.775409
vt 0.375977 0.735682
vt 0.405536 0.816322
vt 0.379829 0.803453
vt 0.405536 0.803453
vt 0.350922 0.660503
vt 0.325216 0.929178
vt 0.350922 0.888243
vt 0.350922 0.929178
vt 0.350922 0.818610
vt 0.379839 0.816690
vt 0.405545 0.803821
vt 0.405545 0.816690
vt 0.325226 0.851088
vt 0.350932 0.818978
vt 0.350932 0.851088
vt 0.375987 0.798059
vt 0.375987 0.736050
vt 0.392739 0.731655
vt 0.366864 0.731655
vt 0.392570 0.731655
vt 0.300171 0.798059
vt 0.325226 0.818978
vt 0.308957 0.731655
vt 0.325057 0.660871
vt 0.325057 0.775777
vt 0.300003 0.798059
vt 0.325057 0.818978
vt 0.350764 0.660871
vt 0.366864 0.626370
vt 0.375818 0.798059
vt 0.350764 0.775777
vt 0.375818 0.736050
vt 0.379671 0.816690
vt 0.405377 0.803821
vt 0.405377 0.816690
vt 0.350764 0.929546
vt 0.325057 0.888611
vt 0.350764 0.888611
vt 0.350764 0.851089
vt 0.350764 0.818978
vt 0.308451 0.730342
vt 0.324552 0.659558
vt 0.299497 0.796746
vt 0.324552 0.817665
vt 0.324552 0.849775
vt 0.350258 0.817665
vt 0.350258 0.849775
vt 0.392065 0.730342
vt 0.392065 0.625057
vt 0.385253 0.943231
vt 0.410959 0.911917
vt 0.410959 0.943231
vt 0.404872 0.815377
vt 0.379166 0.802508
vt 0.404872 0.802508
vt 0.851024 0.083729
vt 0.915727 0.068427
vt 0.052560 0.968036
vt 0.067012 0.952734
vt 0.067012 0.968036
vt 0.851024 0.099030
vt 0.915727 0.099030
vt 0.052560 0.983337
vt 0.067012 0.983337
vt 0.851024 0.114331
vt 0.948007 0.533596
vt 0.557964 0.479113
vt 0.948007 0.479114
vt 0.851024 0.129633
vt 0.915727 0.129633
vt 0.021310 0.952709
vt 0.035762 0.937407
vt 0.035762 0.952709
vt 0.851024 0.144934
vt 0.021310 0.968010
vt 0.035762 0.968010
vt 0.851024 0.160235
vt 0.915727 0.160235
vt 0.021310 0.983311
vt 0.035762 0.983311
vt 0.851024 0.175537
vt 0.488059 0.282086
vt 0.520375 0.063579
vt 0.520375 0.282086
vt 0.915727 0.190838
vt 0.051522 0.897372
vt 0.066823 0.882920
vt 0.066823 0.897372
vt 0.851024 0.206139
vt 0.036221 0.897372
vt 0.051522 0.882920
vt 0.851024 0.221440
vt 0.915727 0.221440
vt 0.020919 0.882920
vt 0.020919 0.897372
vt 0.851024 0.236742
vt 0.589753 0.276734
vt 0.620275 0.058228
vt 0.620275 0.276734
vt 0.851024 0.068427
vt 0.915727 0.053126
vt 0.836572 0.068427
vt 0.851024 0.053126
vt 0.526915 0.058228
vt 0.494599 0.027706
vt 0.526916 0.027706
vt 0.557964 0.309259
vt 0.503482 0.366945
vt 0.503482 0.309259
vt 0.488059 0.033057
vt 0.520375 0.033058
vt 0.557437 0.058228
vt 0.589753 0.058228
vt 0.583213 0.282086
vt 0.613735 0.063579
vt 0.613735 0.282086
vt 0.526915 0.276734
vt 0.494599 0.058228
vt 0.948007 0.421428
vt 0.557964 0.421427
vt 0.557437 0.276734
vt 0.557964 0.366945
vt 0.948007 0.366945
vt 0.948007 0.309259
vt 0.550897 0.063579
vt 0.550897 0.282086
vt 0.583213 0.063579
vt 0.209319 0.591439
vt 0.163364 0.604294
vt 0.379575 0.802674
vt 0.393387 0.889871
vt 0.393387 0.836013
vt 0.296055 0.815542
vt 0.324962 0.849941
vt 0.282243 0.889871
vt 0.324962 0.887463
vt 0.379829 0.816322
vt 0.296309 0.816322
vt 0.325216 0.818610
vt 0.300161 0.797691
vt 0.296319 0.816690
vt 0.282507 0.891019
vt 0.325226 0.888611
vt 0.379839 0.803821
vt 0.393651 0.891019
vt 0.393651 0.837161
vt 0.379671 0.803821
vt 0.393483 0.891019
vt 0.393483 0.837161
vt 0.296150 0.816690
vt 0.325057 0.851089
vt 0.282338 0.891019
vt 0.295645 0.815377
vt 0.281833 0.889706
vt 0.139846 0.743783
vt 0.147088 0.889956
vt 0.759651 0.083729
vt 0.836572 0.083729
vt 0.759651 0.099030
vt 0.836572 0.099030
vt 0.759651 0.114331
vt 0.836572 0.114331
vt 0.759651 0.129633
vt 0.836572 0.129633
vt 0.759651 0.144934
vt 0.836572 0.144934
vt 0.759651 0.160235
vt 0.836572 0.160235
vt 0.759651 0.175536
vt 0.836572 0.175537
vt 0.836572 0.190838
vt 0.759651 0.206139
vt 0.836572 0.206139
vt 0.836572 0.221441
vt 0.836572 0.236742
vt 0.759651 0.068427
vt 0.836573 0.053126
vt 0.904258 0.728522
vt 0.918833 0.703896
vt 0.913384 0.731290
vt 0.674265 0.605589
vt 0.686645 0.579788
vt 0.692694 0.587160
vt 0.894285 0.752601
vt 0.902695 0.757096
vt 0.709869 0.564270
vt 0.714364 0.572680
vt 0.879805 0.774271
vt 0.887177 0.780320
vt 0.735674 0.553581
vt 0.738442 0.562707
vt 0.861377 0.792700
vt 0.867426 0.800071
vt 0.764004 0.557622
vt 0.763069 0.548132
vt 0.714364 0.807179
vt 0.735675 0.826278
vt 0.709869 0.815589
vt 0.839707 0.807179
vt 0.844202 0.815589
vt 0.791001 0.548132
vt 0.790067 0.557622
vt 0.692694 0.792700
vt 0.686645 0.800071
vt 0.815628 0.817153
vt 0.818396 0.826278
vt 0.818396 0.553581
vt 0.815628 0.562706
vt 0.666894 0.780321
vt 0.674265 0.774271
vt 0.790066 0.822237
vt 0.791001 0.831727
vt 0.844202 0.564270
vt 0.839706 0.572680
vt 0.651376 0.757096
vt 0.659786 0.752601
vt 0.764004 0.822237
vt 0.763070 0.831727
vt 0.867426 0.579788
vt 0.861377 0.587160
vt 0.640687 0.731291
vt 0.649812 0.728523
vt 0.738443 0.817153
vt 0.879805 0.605589
vt 0.887177 0.599539
vt 0.635238 0.703896
vt 0.644728 0.702961
vt 0.894285 0.627259
vt 0.902695 0.622764
vt 0.635238 0.675964
vt 0.644728 0.676899
vt 0.904258 0.651337
vt 0.913384 0.648569
vt 0.640687 0.648569
vt 0.649812 0.651337
vt 0.909343 0.676899
vt 0.918833 0.675964
vt 0.651376 0.622764
vt 0.659786 0.627259
vt 0.909343 0.702961
vt 0.666894 0.599539
vt 0.838989 0.809207
vt 0.866361 0.801933
vt 0.843243 0.817380
vt 0.814910 0.819181
vt 0.817556 0.828020
vt 0.790287 0.833444
vt 0.789349 0.824265
vt 0.762483 0.833444
vt 0.763286 0.824265
vt 0.735214 0.828020
vt 0.737725 0.819181
vt 0.709527 0.817380
vt 0.713646 0.809207
vt 0.686409 0.801933
vt 0.691976 0.794728
vt 0.666749 0.782273
vt 0.673547 0.776299
vt 0.651302 0.759155
vt 0.659068 0.754629
vt 0.640662 0.733468
vt 0.649094 0.730550
vt 0.635238 0.706199
vt 0.644010 0.704989
vt 0.635238 0.678395
vt 0.644010 0.678926
vt 0.640662 0.651126
vt 0.649094 0.653365
vt 0.651302 0.625439
vt 0.659068 0.629286
vt 0.666749 0.602321
vt 0.673547 0.607616
vt 0.686409 0.582661
vt 0.691976 0.589188
vt 0.709527 0.567214
vt 0.713646 0.574708
vt 0.735214 0.556574
vt 0.737725 0.564735
vt 0.762483 0.551150
vt 0.763286 0.559650
vt 0.789349 0.559650
vt 0.790287 0.551150
vt 0.814910 0.564735
vt 0.817556 0.556574
vt 0.838989 0.574708
vt 0.843243 0.567214
vt 0.860659 0.589188
vt 0.866361 0.582661
vt 0.879088 0.607616
vt 0.886021 0.602321
vt 0.893567 0.629287
vt 0.901468 0.625439
vt 0.903541 0.653365
vt 0.912108 0.651126
vt 0.908625 0.678927
vt 0.917532 0.678395
vt 0.908625 0.704989
vt 0.917532 0.706199
vt 0.903541 0.730551
vt 0.912108 0.733468
vt 0.893567 0.754629
vt 0.901468 0.759155
vt 0.879087 0.776299
vt 0.886021 0.782273
vt 0.860659 0.794728
vt 0.220160 0.554180
vt 0.099658 0.565221
vt 0.106630 0.529090
vt 0.350668 0.928398
vt 0.385663 0.912082
vt 0.324962 0.928398
vt 0.289967 0.912082
vt 0.195810 0.797276
vt 0.179790 0.888336
vt 0.385917 0.944176
vt 0.290221 0.912862
vt 0.385927 0.913230
vt 0.290231 0.913230
vt 0.385758 0.913230
vt 0.325057 0.929546
vt 0.290063 0.913230
vt 0.324552 0.928233
vt 0.289557 0.911916
vt 0.385253 0.911917
vt 0.077776 0.797520
vt 0.106569 0.717018
vt 0.110477 0.795900
vt 0.419094 0.836013
vt 0.401429 0.734902
vt 0.419347 0.836793
vt 0.401683 0.735682
vt 0.419357 0.891019
vt 0.401693 0.736050
vt 0.419189 0.837161
vt 0.401525 0.798059
vt 0.392977 0.835848
vt 0.418684 0.889706
vt 0.392977 0.889706
vt 0.375313 0.734737
vt 0.401019 0.796746
vt 0.375313 0.796746
vt 0.069997 0.559498
vt 0.076970 0.523366
vt 0.367023 0.626002
vt 0.081512 0.599051
vt 0.082293 0.665881
vt 0.100494 0.693560
vt 0.101305 0.709930
vt 0.122145 0.800926
vt 0.309125 0.731655
vt 0.325226 0.660871
vt 0.050395 0.666254
vt 0.049614 0.599424
vt 0.068604 0.711550
vt 0.379166 0.815377
vt 0.366359 0.730342
vt 0.751085 0.239037
vt 0.018437 0.803502
vt 0.308861 0.625222
vt 0.206923 0.791121
vt 0.207553 0.704666
vt 0.299907 0.734902
vt 0.327029 0.927365
vt 0.309116 0.626002
vt 0.282497 0.836793
vt 0.300171 0.736050
vt 0.308957 0.626370
vt 0.300002 0.736050
vt 0.308451 0.625057
vt 0.299497 0.734737
vt 0.052560 0.952734
vt 0.557964 0.533595
vt 0.021310 0.937407
vt 0.488059 0.063579
vt 0.851024 0.190838
vt 0.036221 0.882920
vt 0.494599 0.276734
vt 0.220160 0.653917
vt 0.350668 0.887463
vt 0.296055 0.802674
vt 0.282243 0.836013
vt 0.296309 0.803453
vt 0.300161 0.735682
vt 0.296319 0.803821
vt 0.282507 0.837160
vt 0.296150 0.803821
vt 0.282338 0.837161
vt 0.295645 0.802508
vt 0.281833 0.835848
vt 0.759651 0.190838
vt 0.759651 0.053126
vt 0.289967 0.943396
vt 0.202446 0.931211
vt 0.290221 0.944176
vt 0.290231 0.944544
vt 0.290063 0.944544
vt 0.289557 0.943231
vt 0.073868 0.718638
vt 0.419094 0.889871
vt 0.401429 0.796911
vt 0.419347 0.890651
vt 0.401683 0.797691
vt 0.419357 0.837161
vt 0.401693 0.798059
vt 0.419189 0.891019
vt 0.401525 0.736050
vt 0.418684 0.835848
vt 0.401019 0.734737
vt 0.309125 0.626370
vt 0.067793 0.695180
vt 0.228492 0.766132
vt 0.243272 0.773513
vt 0.228492 0.773513
vt 0.956618 0.068427
vt 0.956618 0.083729
vt 0.956618 0.099030
vt 0.956618 0.114331
vt 0.956618 0.129633
vt 0.956618 0.144934
vt 0.956618 0.160235
vt 0.956618 0.175537
vt 0.956618 0.190838
vt 0.956618 0.206139
vt 0.956618 0.221440
vt 0.956618 0.236742
vt 0.956618 0.053126
vt 0.256616 0.587695
vt 0.249486 0.570483
vt 0.260306 0.581303
vt 0.262738 0.562833
vt 0.266698 0.577613
vt 0.278039 0.562833
vt 0.274079 0.577613
vt 0.280471 0.581303
vt 0.291290 0.570483
vt 0.298941 0.583735
vt 0.284161 0.587695
vt 0.284161 0.595076
vt 0.298941 0.599036
vt 0.291290 0.612287
vt 0.280471 0.601468
vt 0.274079 0.605158
vt 0.278039 0.619938
vt 0.262738 0.619938
vt 0.266698 0.605158
vt 0.249486 0.612287
vt 0.260306 0.601468
vt 0.241836 0.599036
vt 0.256616 0.595076
vt 0.241836 0.583735
vt 0.150003 0.911632
vt 0.173858 0.918024
vt 0.156395 0.935487
vt 0.228492 0.788274
vt 0.243272 0.795655
vt 0.228492 0.795655
vt 0.228492 0.736609
vt 0.243272 0.743989
vt 0.228492 0.743989
vt 0.228492 0.721847
vt 0.243272 0.729228
vt 0.228492 0.729228
vt 0.228492 0.758751
vt 0.243272 0.766132
vt 0.243272 0.780893
vt 0.243272 0.788274
vt 0.243272 0.736609
vt 0.228492 0.803036
vt 0.243272 0.810416
vt 0.228492 0.810416
vt 0.228492 0.751370
vt 0.243272 0.758751
vt 0.228492 0.780893
vt 0.243272 0.803036
vt 0.243272 0.751370
vt 0.709475 0.020228
vt 0.751086 0.000337
vt 0.751086 0.020228
vt 0.709475 0.239037
vt 0.709475 0.219145
vt 0.751085 0.199254
vt 0.709475 0.199253
vt 0.751085 0.179362
vt 0.709475 0.159470
vt 0.751085 0.159470
vt 0.751085 0.139578
vt 0.709475 0.139578
vt 0.751085 0.119687
vt 0.709475 0.119687
vt 0.751085 0.099795
vt 0.709475 0.099795
vt 0.751085 0.079903
vt 0.709475 0.079903
vt 0.751085 0.060012
vt 0.662410 0.266209
vt 0.645184 0.201918
vt 0.709475 0.060012
vt 0.751085 0.040120
vt 0.709475 0.040120
vt 0.938390 0.053126
vt 0.150003 0.931796
vt 0.146312 0.925404
vt 0.146312 0.918024
vt 0.156395 0.907941
vt 0.163775 0.907941
vt 0.170167 0.911632
vt 0.173858 0.925404
vt 0.170167 0.931796
vt 0.163775 0.935487
vt 0.243272 0.721847
vt 0.709475 0.000336
vt 0.709475 0.179362
vt 0.699529 0.256264
vt 0.682302 0.266209
vt 0.645184 0.256264
vt 0.635238 0.239037
vt 0.635238 0.219145
vt 0.662410 0.191973
vt 0.682302 0.191973
vt 0.699529 0.201918
vt 0.049333 0.393103
vt 0.056719 0.367919
vt 0.057243 0.393467
vt 0.049014 0.367742
vt 0.058216 0.341468
vt 0.050214 0.341489
vt 0.056363 0.315434
vt 0.048549 0.315527
vt 0.056812 0.288256
vt 0.048704 0.288517
vt 0.053956 0.261559
vt 0.046032 0.261886
vt 0.053463 0.233539
vt 0.045241 0.234071
vt 0.049528 0.206077
vt 0.041484 0.206725
vt 0.047846 0.177070
vt 0.039481 0.178037
vt 0.042244 0.148682
vt 0.034042 0.149940
vt 0.038224 0.118329
vt 0.029619 0.120286
vt 0.028899 0.088586
vt 0.020130 0.091446
vt 0.018582 0.057989
vt 0.180339 0.484432
vt 0.200389 0.463003
vt 0.186607 0.488547
vt 0.199605 0.432092
vt 0.192339 0.459952
vt 0.206428 0.405494
vt 0.207244 0.434157
vt 0.209195 0.377809
vt 0.214289 0.406953
vt 0.213208 0.351192
vt 0.216807 0.378743
vt 0.214126 0.323709
vt 0.221057 0.351885
vt 0.216784 0.297118
vt 0.221776 0.324113
vt 0.216582 0.269747
vt 0.224696 0.297386
vt 0.218218 0.243158
vt 0.224315 0.269797
vt 0.216997 0.215890
vt 0.226228 0.243098
vt 0.217544 0.189326
vt 0.224825 0.215629
vt 0.215034 0.162241
vt 0.225652 0.188924
vt 0.213874 0.135800
vt 0.222937 0.161574
vt 0.208829 0.109207
vt 0.222050 0.134794
vt 0.203469 0.083531
vt 0.216702 0.107579
vt 0.191969 0.059762
vt 0.211380 0.080836
vt 0.038478 0.467473
vt 0.033685 0.493445
vt 0.026911 0.489005
vt 0.051199 0.444065
vt 0.046291 0.470494
vt 0.044019 0.442955
vt 0.053886 0.419402
vt 0.046359 0.418638
vt 0.167973 0.137966
vt 0.160215 0.105757
vt 0.169987 0.106548
vt 0.340828 0.188084
vt 0.330506 0.216454
vt 0.331876 0.187947
vt 0.169529 0.167784
vt 0.158204 0.137724
vt 0.339704 0.216743
vt 0.331817 0.245671
vt 0.168727 0.198273
vt 0.160191 0.167626
vt 0.340723 0.245998
vt 0.329767 0.274029
vt 0.170397 0.227292
vt 0.159283 0.198221
vt 0.338930 0.274543
vt 0.330324 0.303213
vt 0.169276 0.256968
vt 0.161321 0.227102
vt 0.339206 0.303762
vt 0.327577 0.331501
vt 0.165183 0.423701
vt 0.158650 0.395956
vt 0.167011 0.396460
vt 0.170358 0.285248
vt 0.160090 0.256773
vt 0.336719 0.332214
vt 0.327561 0.360707
vt 0.167260 0.449749
vt 0.156610 0.423578
vt 0.168619 0.314106
vt 0.161530 0.284878
vt 0.333693 0.389740
vt 0.336426 0.361379
vt 0.172467 0.476584
vt 0.158775 0.450670
vt 0.169061 0.341645
vt 0.159683 0.313716
vt 0.333784 0.418815
vt 0.324539 0.389054
vt 0.179868 0.501131
vt 0.164290 0.478478
vt 0.166835 0.369685
vt 0.160476 0.341108
vt 0.332774 0.447174
vt 0.324877 0.418477
vt 0.345704 0.039273
vt 0.332481 0.068820
vt 0.335382 0.037141
vt 0.158135 0.369184
vt 0.337202 0.475910
vt 0.323464 0.447492
vt 0.342453 0.069975
vt 0.329673 0.099297
vt 0.345704 0.502226
vt 0.328339 0.477886
vt 0.339303 0.099868
vt 0.331184 0.129587
vt 0.171549 0.075379
vt 0.169558 0.040345
vt 0.179868 0.044214
vt 0.340279 0.129776
vt 0.329987 0.158530
vt 0.160811 0.073588
vt 0.339275 0.158705
vt 0.122208 0.205692
vt 0.123136 0.223048
vt 0.124394 0.319278
vt 0.124473 0.335667
vt 0.094039 0.345321
vt 0.091575 0.336125
vt 0.124016 0.263348
vt 0.124518 0.280135
vt 0.090791 0.373249
vt 0.063041 0.365019
vt 0.093187 0.364097
vt 0.063050 0.344329
vt 0.025431 0.058675
vt 0.034882 0.082805
vt 0.124579 0.492912
vt 0.085944 0.477883
vt 0.120880 0.479912
vt 0.153167 0.366055
vt 0.153654 0.344209
vt 0.284971 0.491514
vt 0.338011 0.505703
vt 0.287163 0.521942
vt 0.116481 0.077424
vt 0.117514 0.099246
vt 0.119269 0.145264
vt 0.120497 0.163674
vt 0.093423 0.310040
vt 0.121824 0.309192
vt 0.080586 0.488869
vt 0.051830 0.469042
vt 0.288529 0.380899
vt 0.289873 0.363722
vt 0.284891 0.441480
vt 0.286154 0.422659
vt 0.091310 0.319398
vt 0.062713 0.312212
vt 0.044384 0.120545
vt 0.048767 0.144216
vt 0.293958 0.267009
vt 0.294468 0.250204
vt 0.291912 0.323620
vt 0.292899 0.306779
vt 0.122046 0.446629
vt 0.088026 0.455485
vt 0.086741 0.445265
vt 0.154532 0.310599
vt 0.154589 0.288215
vt 0.091636 0.235013
vt 0.088395 0.225482
vt 0.056788 0.448240
vt 0.127463 0.519765
vt 0.290543 0.092519
vt 0.289969 0.072326
vt 0.293109 0.153048
vt 0.292641 0.135540
vt 0.294368 0.210380
vt 0.294372 0.193449
vt 0.123454 0.374054
vt 0.123234 0.390341
vt 0.058784 0.236201
vt 0.121990 0.429225
vt 0.053480 0.179609
vt 0.056025 0.202191
vt 0.250092 0.064169
vt 0.286956 0.059755
vt 0.154724 0.253691
vt 0.154260 0.230697
vt 0.087978 0.427577
vt 0.088710 0.197639
vt 0.119002 0.195084
vt 0.249599 0.076052
vt 0.215524 0.076103
vt 0.090475 0.389861
vt 0.260283 0.193386
vt 0.260363 0.210602
vt 0.257423 0.136875
vt 0.258379 0.154564
vt 0.252556 0.095964
vt 0.073669 0.514976
vt 0.087042 0.207742
vt 0.060377 0.258030
vt 0.290913 0.015179
vt 0.242449 0.037870
vt 0.233582 0.024876
vt 0.153709 0.195132
vt 0.152942 0.171416
vt 0.151679 0.420572
vt 0.206209 0.055415
vt 0.198494 0.055508
vt 0.151994 0.398978
vt 0.120788 0.400249
vt 0.061882 0.291009
vt 0.259016 0.304525
vt 0.257893 0.321723
vt 0.260625 0.248994
vt 0.260078 0.266126
vt 0.259234 0.126821
vt 0.289845 0.124798
vt 0.152470 0.134410
vt 0.152454 0.109459
vt 0.226673 0.131285
vt 0.249583 0.418440
vt 0.246670 0.437584
vt 0.255515 0.360497
vt 0.253752 0.378056
vt 0.156992 0.476279
vt 0.256458 0.106076
vt 0.154813 0.069077
vt 0.160326 0.042484
vt 0.084004 0.167127
vt 0.081912 0.148324
vt 0.076492 0.104098
vt 0.072573 0.082226
vt 0.228403 0.513091
vt 0.237048 0.485294
vt 0.154006 0.454103
vt 0.119490 0.457566
vt 0.223724 0.109676
vt 0.325461 0.064592
vt 0.262623 0.183804
vt 0.291940 0.183036
vt 0.320481 0.475142
vt 0.318195 0.450976
vt 0.328964 0.039509
vt 0.286007 0.032051
vt 0.230527 0.185808
vt 0.324007 0.126238
vt 0.261221 0.164157
vt 0.319072 0.391933
vt 0.090849 0.281573
vt 0.090055 0.264429
vt 0.324113 0.102592
vt 0.288101 0.104167
vt 0.229639 0.164336
vt 0.122432 0.290433
vt 0.121263 0.233731
vt 0.121125 0.253054
vt 0.118734 0.174918
vt 0.115433 0.111831
vt 0.115812 0.133974
vt 0.114624 0.033729
vt 0.113107 0.063815
vt 0.281567 0.453098
vt 0.281768 0.477292
vt 0.284511 0.411384
vt 0.285166 0.391303
vt 0.322123 0.334359
vt 0.288321 0.353069
vt 0.288744 0.333824
vt 0.324378 0.277004
vt 0.291124 0.296305
vt 0.291055 0.277240
vt 0.325185 0.219577
vt 0.292381 0.239804
vt 0.291744 0.220726
vt 0.324675 0.161791
vt 0.290718 0.163688
vt 0.119608 0.418936
vt 0.122168 0.345666
vt 0.121138 0.364064
vt 0.061812 0.396549
vt 0.090939 0.418227
vt 0.060365 0.416966
vt 0.092547 0.399152
vt 0.262736 0.220137
vt 0.231244 0.240199
vt 0.231384 0.218722
vt 0.263338 0.239578
vt 0.262125 0.275717
vt 0.229832 0.294663
vt 0.230768 0.273137
vt 0.262067 0.295184
vt 0.259650 0.331438
vt 0.226341 0.349346
vt 0.228128 0.327705
vt 0.258942 0.351124
vt 0.255193 0.388103
vt 0.219866 0.404702
vt 0.223033 0.382717
vt 0.253669 0.408668
vt 0.213167 0.439072
vt 0.243700 0.473532
vt 0.206531 0.461756
vt 0.247497 0.448884
vt 0.072950 0.069125
vt 0.066559 0.039417
vt 0.083272 0.137458
vt 0.081278 0.114892
vt 0.087754 0.177017
vt 0.091945 0.254751
vt 0.093689 0.290894
vt 0.056664 0.025195
vt 0.119881 0.015179
vt 0.317968 0.414800
vt 0.320769 0.356954
vt 0.323472 0.299592
vt 0.324868 0.242232
vt 0.324821 0.184658
vt 0.009813 0.061933
vt 0.172648 0.504207
s 1
g off
g LlantasTraserasIzquierdas_02_SpacialRoverExploreralumWhite
usemtl SpacialRoverExploreralumWhite
f 11/1/1 24/2/2 10/3/2
f 4/4/3 19/5/4 18/6/5
f 4/4/3 5/7/6 19/5/4
f 11/1/1 12/8/7 25/9/8
f 5/7/6 20/10/9 19/5/4
f 12/8/7 26/11/10 25/9/8
f 5/7/6 21/12/11 20/10/9
f 12/8/7 13/13/12 26/11/10
f 13/13/12 27/14/13 26/11/10
f 7/15/14 21/12/11 6/16/15
f 13/13/12 14/17/16 27/14/13
f 1/18/17 17/19/18 16/20/17
f 7/15/14 8/21/19 22/22/20
f 1/18/17 2/23/21 17/19/18
f 14/17/16 28/24/22 27/14/13
f 8/21/19 23/25/23 22/22/20
f 8/21/19 9/26/24 23/25/23
f 3/27/25 17/19/18 2/23/21
f 1/18/17 28/28/22 15/29/26
f 10/3/2 23/25/23 9/26/24
f 3/27/25 4/4/3 18/6/5
s 2
f 17/30/27 21/31/27 25/32/27
s 3
f 11/33/28 7/34/28 3/35/28
s 1
f 11/1/1 25/9/8 24/2/2
f 5/7/6 6/16/15 21/12/11
f 7/15/14 22/22/20 21/12/11
f 14/17/16 15/36/26 28/24/22
f 3/27/25 18/6/5 17/19/18
f 1/18/17 16/20/17 28/28/22
f 10/3/2 24/2/2 23/25/23
s 2
f 28/37/27 16/38/27 17/30/27
f 17/30/27 18/39/27 19/40/27
f 19/40/27 20/41/27 21/31/27
f 21/31/27 22/42/27 23/43/27
f 23/43/27 24/44/27 25/32/27
f 25/32/27 26/45/27 27/46/27
f 27/46/27 28/37/27 17/30/27
f 17/30/27 19/40/27 21/31/27
f 21/31/27 23/43/27 25/32/27
f 25/32/27 27/46/27 17/30/27
s 3
f 2/47/28 1/48/28 15/49/28
f 15/49/28 14/50/28 13/51/28
f 13/51/28 12/52/28 11/33/28
f 11/33/28 10/53/28 9/54/28
f 9/54/28 8/55/28 7/34/28
f 7/34/28 6/56/28 5/57/28
f 5/57/28 4/58/28 3/35/28
f 3/35/28 2/47/28 15/49/28
f 15/49/28 13/51/28 11/33/28
f 11/33/28 9/54/28 7/34/28
f 7/34/28 5/57/28 3/35/28
f 3/35/28 15/49/28 11/33/28
s 4
g LlantasTraserasIzquierdas_02_SpacialRoverExploreralumGray
usemtl SpacialRoverExploreralumGray
f 85/59/29 53/60/29 84/61/30
f 53/60/29 85/59/29 86/62/31
f 53/60/29 52/63/30 84/61/30
f 86/62/31 54/64/31 53/60/29
f 52/63/30 83/65/9 84/61/30
f 86/62/31 87/66/32 54/64/31
f 52/63/30 51/67/9 83/65/9
f 87/66/32 55/68/32 54/64/31
f 87/66/32 88/69/33 55/68/32
f 88/69/33 56/70/33 55/68/32
f 51/67/9 82/71/34 83/65/9
f 82/71/34 51/67/9 50/72/34
f 88/69/33 89/73/35 56/70/33
f 89/73/35 57/74/35 56/70/33
f 82/71/34 50/72/34 81/75/15
f 50/72/34 49/76/15 81/75/15
f 49/76/15 80/77/36 81/75/15
f 89/73/35 90/78/21 57/74/35
f 49/76/15 48/79/36 80/77/36
f 90/78/21 58/80/21 57/74/35
f 90/78/21 91/81/37 58/80/21
f 80/77/36 48/79/36 79/82/38
f 48/79/36 47/83/38 79/82/38
f 58/80/21 91/81/37 59/84/37
f 47/83/38 78/85/39 79/82/38
f 59/84/37 91/81/37 60/86/17
f 47/83/38 46/87/39 78/85/39
f 60/86/17 91/81/37 92/88/17
f 46/87/39 77/89/40 78/85/39
f 77/89/40 46/87/39 45/90/40
f 60/86/17 92/88/17 61/91/41
f 61/91/41 29/92/41 60/86/17
f 61/91/41 62/93/26 29/92/41
f 77/89/40 45/90/40 76/94/42
f 76/94/42 45/90/40 44/95/42
f 29/92/41 62/93/26 30/96/26
f 30/96/26 62/93/26 63/97/43
f 30/96/26 63/97/43 31/98/43
f 76/94/42 44/95/42 75/99/24
f 44/100/42 43/101/24 75/102/24
f 43/101/24 74/103/44 75/102/24
f 31/98/43 63/97/43 64/104/45
f 43/101/24 42/105/44 74/103/44
f 31/98/43 64/104/45 32/106/45
f 74/103/44 42/105/44 73/107/2
f 32/106/45 64/104/45 65/108/46
f 32/106/45 65/108/46 33/109/46
f 73/107/2 42/105/44 41/110/2
f 33/109/46 65/108/46 66/111/47
f 73/107/2 41/110/2 72/112/48
f 33/109/46 66/111/47 34/113/47
f 72/112/48 41/110/2 40/114/48
f 34/113/47 66/111/47 67/115/49
f 72/112/48 40/114/48 71/116/1
f 34/113/47 67/115/49 35/117/49
f 71/116/1 40/114/48 39/118/1
f 35/117/49 67/115/49 68/119/50
f 71/116/1 39/118/1 70/120/51
f 70/120/51 39/118/1 38/121/51
f 35/117/49 68/119/50 36/122/50
f 70/120/51 38/121/51 69/123/52
f 36/122/50 68/119/50 69/123/52
f 69/123/52 38/121/51 37/124/52
f 36/122/50 69/123/52 37/124/52
s 5
f 521/125/53 544/126/54 545/127/53
f 527/128/55 552/129/56 528/130/56
f 518/131/57 531/132/58 542/133/57
f 524/134/59 549/135/60 525/136/60
f 521/125/53 546/137/61 522/138/61
f 517/139/58 552/129/56 531/132/58
f 518/140/57 543/141/62 519/142/62
f 525/136/60 550/143/63 526/144/63
f 523/145/64 546/137/61 547/146/64
f 519/147/62 544/126/54 520/148/54
f 526/144/63 551/149/55 527/128/55
f 523/145/64 548/150/59 524/134/59
s 6
f 191/151/65 169/152/66 192/153/65
f 187/154/67 190/155/68 188/156/67
f 183/157/69 186/158/70 184/159/69
s 7
f 187/160/71 647/161/72 185/162/71
s 6
f 179/163/73 182/164/74 180/165/73
f 175/166/75 178/167/76 176/168/75
f 171/169/77 174/170/78 172/171/77
s 8
f 213/172/2 216/173/79 214/174/79
s 9
f 209/175/80 212/176/81 210/177/81
s 10
f 205/178/82 208/179/83 206/180/83
s 11
f 202/181/84 203/182/35 204/183/84
s 12
f 197/184/85 200/185/86 198/186/86
s 13
f 193/187/87 195/188/88 196/189/87
s 11
f 511/190/89 204/191/84 514/192/89
s 9
f 495/193/90 212/194/81 498/195/90
s 14
f 189/196/91 636/197/92 639/198/92
s 15
f 643/199/93 212/194/93 211/200/93
s 16
f 183/201/94 655/202/95 181/203/94
s 17
f 175/204/96 629/205/97 173/206/96
s 11
f 180/207/98 510/208/99 515/209/99
s 9
f 186/210/100 499/211/101 188/212/100
s 18
f 632/213/93 198/214/93 483/215/93
s 19
f 619/216/102 469/217/102 470/218/103
f 618/219/103 470/218/103 471/220/102
s 17
f 625/221/104 197/184/105 632/222/104
s 20
f 620/223/106 195/188/107 194/224/107
s 13
f 169/225/108 475/226/109 172/227/108
f 471/220/110 473/228/111 476/229/110
s 21
f 625/221/112 200/230/112 199/231/112
f 626/232/112 480/233/112 625/234/112
s 18
f 631/235/93 483/215/93 484/236/93
s 14
f 633/237/113 213/172/114 638/238/113
s 17
f 627/239/115 631/240/116 630/241/115
s 12
f 483/215/117 200/230/86 480/233/117
f 176/242/118 482/243/119 477/244/119
f 478/245/120 484/236/121 479/246/121
s 22
f 638/247/15 214/248/15 491/249/15
f 639/250/15 489/251/15 490/252/15
s 23
f 636/253/46 486/254/46 635/255/46
f 634/256/46 488/257/46 633/258/46
s 14
f 640/259/122 634/260/123 637/261/123
s 8
f 491/249/124 216/262/79 488/257/124
f 190/263/125 485/264/126 192/265/125
f 489/251/127 487/266/128 486/254/127
s 7
f 641/267/129 645/268/130 648/269/129
s 9
f 493/270/131 497/271/132 500/272/131
s 15
f 644/273/93 498/195/93 643/274/93
s 7
f 643/199/133 209/175/134 646/275/133
s 16
f 649/276/135 205/178/136 654/277/135
s 24
f 645/278/112 495/193/112 496/279/112
s 25
f 654/280/137 206/281/137 507/282/137
f 653/283/138 507/282/137 508/284/138
s 26
f 649/276/103 208/285/103 207/286/103
f 650/287/102 504/288/102 649/289/103
s 16
f 651/290/139 653/291/140 656/292/141
s 10
f 507/282/142 208/285/83 504/288/142
f 184/293/143 506/294/144 501/295/144
f 502/296/145 508/284/146 503/297/146
s 27
f 660/298/46 202/299/46 511/190/46
f 659/300/46 511/190/46 512/301/46
s 11
f 509/302/147 513/303/148 516/304/147
s 28
f 660/305/149 203/182/150 201/306/150
f 179/307/151 657/308/152 177/309/151
f 658/310/153 664/311/154 659/312/154
s 6
f 328/313/155 170/314/66 191/151/65
f 327/315/155 305/316/52 328/317/155
f 326/318/156 191/151/65 189/319/68
f 325/320/156 328/317/155 326/321/156
f 324/322/157 189/319/68 187/154/67
s 29
f 315/323/85 334/324/85 316/325/85
s 6
f 322/326/158 187/154/67 185/327/70
f 321/328/158 324/329/157 322/330/158
f 320/331/159 185/327/70 183/157/69
f 319/332/159 322/330/158 320/333/159
f 318/334/160 183/157/69 181/335/74
f 317/336/160 320/333/159 318/337/160
f 316/338/161 181/335/74 179/163/73
s 30
f 309/339/28 329/340/28 307/341/28
s 6
f 177/342/76 316/338/161 179/163/73
f 314/343/162 315/344/161 316/345/161
f 312/346/41 177/342/76 175/166/75
f 312/347/41 313/348/163 314/343/162
f 310/349/164 175/166/75 173/350/78
f 309/351/164 312/347/41 310/352/164
f 308/353/165 173/350/78 171/169/77
s 31
f 326/354/166 339/355/166 325/356/166
s 6
f 305/357/52 171/358/77 170/314/66
f 306/359/52 308/360/165 305/357/52
s 32
f 337/361/102 340/362/102 338/363/102
s 33
f 333/364/112 336/365/112 334/366/112
s 34
f 329/340/46 332/367/46 330/368/46
s 35
f 326/354/27 338/369/27 340/370/27
s 36
f 310/371/35 331/372/35 309/373/35
s 37
f 323/374/28 339/375/28 337/361/28
s 38
f 318/376/27 334/324/27 336/377/27
s 39
f 323/374/167 338/369/167 324/378/167
s 40
f 318/376/80 335/379/80 317/380/80
s 41
f 317/380/28 333/364/28 315/381/28
s 42
f 307/341/2 330/382/2 308/383/2
s 43
f 308/383/27 332/384/27 310/371/27
s 19
f 617/385/102 471/220/102 472/386/102
s 21
f 627/239/112 479/246/112 626/387/112
f 628/388/112 478/245/112 627/389/112
s 18
f 630/390/93 484/236/93 481/391/93
f 629/392/93 481/391/93 482/393/93
s 23
f 635/394/46 487/266/46 634/260/46
s 22
f 640/395/15 492/396/15 489/251/15
f 637/397/15 491/249/15 492/396/15
s 24
f 648/398/112 496/279/112 493/270/112
f 647/399/112 493/270/112 494/400/112
s 15
f 641/267/93 497/271/93 644/401/93
f 642/402/93 500/272/93 641/403/93
s 26
f 651/290/102 503/297/102 650/404/102
f 652/405/103 502/296/102 651/406/102
s 25
f 656/407/138 508/284/138 505/408/138
f 655/409/137 505/408/138 506/294/137
s 27
f 658/410/46 512/301/46 509/302/46
f 657/411/46 509/302/46 510/208/46
s 13
f 471/220/110 475/226/109 472/386/109
f 474/412/168 470/218/111 469/217/168
s 12
f 478/245/120 482/393/119 481/391/120
f 480/233/117 484/236/121 483/215/117
s 8
f 486/254/127 490/252/126 489/251/127
f 488/257/124 492/396/128 491/249/124
s 9
f 500/272/131 494/400/101 493/270/131
f 498/195/90 496/279/132 495/193/90
s 10
f 502/296/145 506/294/144 505/408/145
f 507/282/142 503/297/146 508/284/146
s 11
f 516/304/147 510/208/99 509/302/147
f 514/192/89 512/301/148 511/190/89
s 13
f 469/217/168 196/413/87 474/412/168
s 6
f 528/414/155 306/359/52 327/415/155
f 527/416/169 327/415/155 325/417/156
f 526/418/40 325/417/156 323/419/157
f 525/420/158 323/419/157 321/421/158
f 524/422/159 321/421/158 319/423/159
f 523/424/29 319/423/159 317/425/160
f 522/426/170 317/425/160 315/427/161
f 313/428/163 522/426/170 315/427/161
f 520/429/41 313/428/163 311/430/41
f 519/142/171 311/430/41 309/431/164
f 518/140/172 309/431/164 307/432/165
f 517/433/52 307/434/165 306/359/52
s 44
f 37/435/27 555/436/27 584/437/27
f 51/438/27 583/439/27 50/440/27
f 36/441/27 584/437/27 582/442/27
f 50/440/27 581/443/27 49/444/27
f 35/445/27 582/442/27 580/446/27
f 49/444/27 579/447/27 48/448/27
f 34/449/27 580/446/27 578/450/27
f 47/451/27 579/447/27 577/452/27
f 60/453/27 565/454/27 576/455/27
f 33/456/27 578/450/27 575/457/27
f 47/451/27 574/458/27 46/459/27
f 59/460/27 576/455/27 573/461/27
f 32/462/27 575/457/27 572/463/27
f 46/459/27 571/464/27 45/465/27
f 59/460/27 570/466/27 58/467/27
f 31/468/27 572/463/27 569/469/27
f 45/465/27 568/470/27 44/471/27
f 58/467/27 567/472/27 57/473/27
f 30/474/27 569/469/27 566/475/27
f 44/471/27 564/476/27 43/477/27
f 57/473/27 563/478/27 56/479/27
f 30/474/27 565/454/27 29/480/27
f 42/481/27 564/476/27 562/482/27
f 56/479/27 561/483/27 55/484/27
f 41/485/27 562/482/27 560/486/27
f 55/484/27 559/487/27 54/488/27
f 40/489/27 560/486/27 558/490/27
f 54/488/27 557/491/27 53/492/27
f 39/493/27 558/490/27 556/494/27
f 53/492/27 554/495/27 52/496/27
f 38/497/27 556/494/27 555/436/27
f 52/496/27 553/498/27 51/438/27
s 45
f 62/499/28 616/500/28 585/501/28
f 63/502/28 585/501/28 586/503/28
f 63/502/28 587/504/28 64/505/28
f 64/505/28 588/506/28 65/507/28
f 65/507/28 589/508/28 66/509/28
f 66/509/28 590/510/28 67/511/28
f 67/511/28 591/512/28 68/513/28
f 68/513/28 592/514/28 69/515/28
f 69/515/28 593/516/28 70/517/28
f 70/517/28 594/518/28 71/519/28
f 71/519/28 595/520/28 72/521/28
f 72/521/28 596/522/28 73/523/28
f 73/523/28 597/524/28 74/525/28
f 74/525/28 598/526/28 75/527/28
f 75/527/28 599/528/28 76/529/28
f 76/529/28 600/530/28 77/531/28
f 77/531/28 601/532/28 78/533/28
f 78/533/28 602/534/28 79/535/28
f 79/535/28 603/536/28 80/537/28
f 81/538/28 603/536/28 604/539/28
f 82/540/28 604/539/28 605/541/28
f 83/542/28 605/541/28 606/543/28
f 84/544/28 606/543/28 607/545/28
f 85/546/28 607/545/28 608/547/28
f 86/548/28 608/547/28 609/549/28
f 87/550/28 609/549/28 610/551/28
f 88/552/28 610/551/28 611/553/28
f 89/554/28 611/553/28 612/555/28
f 90/556/28 612/555/28 613/557/28
f 91/558/28 613/557/28 614/559/28
f 92/560/28 614/559/28 615/561/28
f 61/562/28 615/561/28 616/500/28
s 19
f 617/385/102 169/225/102 170/563/102
s 46
f 172/227/138 622/564/138 171/565/138
s 21
f 176/566/112 628/567/112 175/204/112
s 18
f 174/568/93 629/569/93 482/393/93
s 19
f 620/570/102 193/571/103 469/217/102
s 23
f 192/265/46 636/197/46 191/572/46
s 22
f 190/263/15 639/573/15 490/252/15
s 15
f 188/212/93 642/574/93 187/160/93
s 24
f 186/210/112 647/575/112 494/400/112
s 26
f 184/293/103 652/576/103 183/201/103
s 25
f 182/577/137 655/578/137 506/294/137
s 27
f 178/579/46 657/580/46 510/208/46
s 47
f 180/207/15 662/581/15 179/307/15
s 20
f 620/582/106 624/583/173 623/584/106
s 17
f 630/585/115 628/388/97 627/389/115
f 632/586/104 626/232/116 625/234/104
s 14
f 640/587/122 636/253/92 635/255/122
f 638/588/113 634/256/123 633/258/113
s 7
f 641/403/129 647/589/72 642/402/72
f 646/590/133 644/273/130 643/274/133
s 16
f 656/591/141 652/405/95 651/406/139
f 649/289/135 653/592/140 650/287/140
s 28
f 661/593/153 657/594/152 662/595/152
f 663/596/149 659/597/154 664/598/154
s 20
f 171/565/174 617/599/175 170/600/174
s 23
f 633/237/46 216/262/46 215/601/46
s 46
f 622/602/138 476/229/137 621/603/137
f 621/604/137 473/228/137 624/605/137
f 624/583/137 474/412/138 623/584/138
f 623/606/138 196/413/137 195/188/137
s 24
f 646/607/112 210/608/112 495/193/112
s 20
f 622/602/175 618/609/176 617/610/175
f 619/611/173 621/604/176 624/605/173
s 47
f 662/595/15 516/304/15 661/593/15
f 661/612/15 513/303/15 664/311/15
f 664/598/15 514/192/15 663/596/15
f 663/613/15 204/191/15 203/182/15
s 5
f 521/125/53 520/148/54 544/126/54
f 527/128/55 551/149/55 552/129/56
f 518/131/57 517/139/58 531/132/58
f 524/134/59 548/150/59 549/135/60
f 521/125/53 545/127/53 546/137/61
f 517/139/58 528/130/56 552/129/56
f 518/140/57 542/614/57 543/141/62
f 525/136/60 549/135/60 550/143/63
f 523/145/64 522/138/61 546/137/61
f 519/147/62 543/615/62 544/126/54
f 526/144/63 550/143/63 551/149/55
f 523/145/64 547/146/64 548/150/59
s 6
f 191/151/65 170/314/66 169/152/66
f 187/154/67 189/319/68 190/155/68
f 183/157/69 185/327/70 186/158/70
s 7
f 187/160/71 642/574/72 647/161/72
s 6
f 179/163/73 181/335/74 182/164/74
f 175/166/75 177/342/76 178/167/76
f 171/169/77 173/350/78 174/170/78
s 8
f 213/172/2 215/601/177 216/173/79
s 9
f 209/175/80 211/200/80 212/176/81
s 10
f 205/178/82 207/286/82 208/179/83
s 11
f 202/181/84 201/306/35 203/182/35
s 12
f 197/184/85 199/231/85 200/185/86
s 13
f 193/187/87 194/224/88 195/188/88
s 11
f 511/190/89 202/299/84 204/191/84
s 9
f 495/193/90 210/608/81 212/194/81
s 14
f 189/196/91 191/572/91 636/197/92
s 15
f 643/199/93 498/195/93 212/194/93
s 16
f 183/201/94 652/576/95 655/202/95
s 17
f 175/204/96 628/567/97 629/205/97
s 11
f 180/207/98 178/579/98 510/208/99
s 9
f 186/210/100 494/400/101 499/211/101
s 18
f 632/213/93 197/616/93 198/214/93
s 19
f 619/216/102 620/617/102 469/217/102
f 618/219/103 619/618/102 470/218/103
s 17
f 625/221/104 199/231/105 197/184/105
s 20
f 620/223/106 623/606/106 195/188/107
s 13
f 169/225/108 472/386/109 475/226/109
f 471/220/110 470/218/111 473/228/111
s 21
f 625/221/112 480/233/112 200/230/112
f 626/232/112 479/246/112 480/233/112
s 18
f 631/235/93 632/619/93 483/215/93
s 14
f 633/237/113 215/601/114 213/172/114
s 17
f 627/239/115 626/387/116 631/240/116
s 12
f 483/215/117 198/214/86 200/230/86
f 176/242/118 174/620/118 482/243/119
f 478/245/120 481/391/120 484/236/121
s 22
f 638/247/15 213/621/15 214/248/15
f 639/250/15 640/622/15 489/251/15
s 23
f 636/253/46 485/264/46 486/254/46
f 634/256/46 487/266/46 488/257/46
s 14
f 640/259/122 635/394/122 634/260/123
s 8
f 491/249/124 214/248/79 216/262/79
f 190/263/125 490/252/126 485/264/126
f 489/251/127 492/396/128 487/266/128
s 7
f 641/267/129 644/401/130 645/268/130
s 9
f 493/270/131 496/279/132 497/271/132
s 15
f 644/273/93 497/271/93 498/195/93
s 7
f 643/199/133 211/200/134 209/175/134
s 16
f 649/276/135 207/286/136 205/178/136
s 24
f 645/278/112 646/623/112 495/193/112
s 25
f 654/280/137 205/624/137 206/281/137
f 653/283/138 654/625/137 507/282/137
s 26
f 649/276/103 504/288/102 208/285/103
f 650/287/102 503/297/102 504/288/102
s 16
f 651/290/139 650/404/140 653/291/140
s 10
f 507/282/142 206/281/83 208/285/83
f 184/293/143 182/577/143 506/294/144
f 502/296/145 505/408/145 508/284/146
s 27
f 660/298/46 201/626/46 202/299/46
f 659/300/46 660/627/46 511/190/46
s 11
f 509/302/147 512/301/148 513/303/148
s 28
f 660/305/149 663/613/149 203/182/150
f 179/307/151 662/581/152 657/308/152
f 658/310/153 661/612/153 664/311/154
s 6
f 328/313/155 305/357/52 170/314/66
f 327/315/155 306/628/52 305/316/52
f 326/318/156 328/313/155 191/151/65
f 325/320/156 327/315/155 328/317/155
f 324/322/157 326/318/156 189/319/68
s 29
f 315/323/85 333/629/85 334/324/85
s 6
f 322/326/158 324/322/157 187/154/67
f 321/328/158 323/630/157 324/329/157
f 320/331/159 322/326/158 185/327/70
f 319/332/159 321/328/158 322/330/158
f 318/334/160 320/331/159 183/157/69
f 317/336/160 319/332/159 320/333/159
f 316/338/161 318/334/160 181/335/74
s 30
f 309/339/28 331/631/28 329/340/28
s 6
f 177/342/76 314/632/162 316/338/161
f 314/343/162 313/348/163 315/344/161
f 312/346/41 314/632/162 177/342/76
f 312/347/41 311/633/41 313/348/163
f 310/349/164 312/346/41 175/166/75
f 309/351/164 311/633/41 312/347/41
f 308/353/165 310/349/164 173/350/78
s 31
f 326/354/166 340/370/166 339/355/166
s 6
f 305/357/52 308/360/165 171/358/77
f 306/359/52 307/434/165 308/360/165
s 32
f 337/361/102 339/375/102 340/362/102
s 33
f 333/364/112 335/379/112 336/365/112
s 34
f 329/340/46 331/631/46 332/367/46
s 35
f 326/354/27 324/378/27 338/369/27
s 36
f 310/371/35 332/384/35 331/372/35
s 37
f 323/374/28 325/634/28 339/375/28
s 38
f 318/376/27 316/325/27 334/324/27
s 39
f 323/374/167 337/361/167 338/369/167
s 40
f 318/376/80 336/377/80 335/379/80
s 41
f 317/380/28 335/379/28 333/364/28
s 42
f 307/341/2 329/340/2 330/382/2
s 43
f 308/383/27 330/382/27 332/384/27
s 19
f 617/385/102 618/635/103 471/220/102
s 21
f 627/239/112 478/245/112 479/246/112
f 628/388/112 477/636/112 478/245/112
s 18
f 630/390/93 631/637/93 484/236/93
f 629/392/93 630/638/93 481/391/93
s 23
f 635/394/46 486/254/46 487/266/46
s 22
f 640/395/15 637/639/15 492/396/15
f 637/397/15 638/640/15 491/249/15
s 24
f 648/398/112 645/641/112 496/279/112
f 647/399/112 648/642/112 493/270/112
s 15
f 641/267/93 500/272/93 497/271/93
f 642/402/93 499/211/93 500/272/93
s 26
f 651/290/102 502/296/102 503/297/102
f 652/405/103 501/295/103 502/296/102
s 25
f 656/407/138 653/643/138 508/284/138
f 655/409/137 656/644/138 505/408/138
s 27
f 658/410/46 659/645/46 512/301/46
f 657/411/46 658/646/46 509/302/46
s 13
f 471/220/110 476/229/110 475/226/109
f 474/412/168 473/228/111 470/218/111
s 12
f 478/245/120 477/636/119 482/393/119
f 480/233/117 479/246/121 484/236/121
s 8
f 486/254/127 485/264/126 490/252/126
f 488/257/124 487/266/128 492/396/128
s 9
f 500/272/131 499/211/101 494/400/101
f 498/195/90 497/271/132 496/279/132
s 10
f 502/296/145 501/295/144 506/294/144
f 507/282/142 504/288/142 503/297/146
s 11
f 516/304/147 515/209/99 510/208/99
f 514/192/89 513/303/148 512/301/148
s 13
f 469/217/168 193/571/87 196/413/87
s 6
f 528/414/155 517/433/52 306/359/52
f 527/416/169 528/414/155 327/415/155
f 526/418/40 527/416/169 325/417/156
f 525/420/158 526/418/40 323/419/157
f 524/422/159 525/420/158 321/421/158
f 523/424/29 524/422/159 319/423/159
f 522/426/170 523/424/29 317/425/160
f 313/428/163 521/647/162 522/426/170
f 520/429/41 521/647/162 313/428/163
f 519/142/171 520/429/41 311/430/41
f 518/140/172 519/142/171 309/431/164
f 517/433/52 518/648/172 307/434/165
s 44
f 37/435/27 38/497/27 555/436/27
f 51/438/27 553/498/27 583/439/27
f 36/441/27 37/435/27 584/437/27
f 50/440/27 583/439/27 581/443/27
f 35/445/27 36/441/27 582/442/27
f 49/444/27 581/443/27 579/447/27
f 34/449/27 35/445/27 580/446/27
f 47/451/27 48/448/27 579/447/27
f 60/453/27 29/480/27 565/454/27
f 33/456/27 34/449/27 578/450/27
f 47/451/27 577/452/27 574/458/27
f 59/460/27 60/453/27 576/455/27
f 32/462/27 33/456/27 575/457/27
f 46/459/27 574/458/27 571/464/27
f 59/460/27 573/461/27 570/466/27
f 31/468/27 32/462/27 572/463/27
f 45/465/27 571/464/27 568/470/27
f 58/467/27 570/466/27 567/472/27
f 30/474/27 31/468/27 569/469/27
f 44/471/27 568/470/27 564/476/27
f 57/473/27 567/472/27 563/478/27
f 30/474/27 566/475/27 565/454/27
f 42/481/27 43/477/27 564/476/27
f 56/479/27 563/478/27 561/483/27
f 41/485/27 42/481/27 562/482/27
f 55/484/27 561/483/27 559/487/27
f 40/489/27 41/485/27 560/486/27
f 54/488/27 559/487/27 557/491/27
f 39/493/27 40/489/27 558/490/27
f 53/492/27 557/491/27 554/495/27
f 38/497/27 39/493/27 556/494/27
f 52/496/27 554/495/27 553/498/27
s 45
f 62/499/28 61/562/28 616/500/28
f 63/502/28 62/499/28 585/501/28
f 63/502/28 586/503/28 587/504/28
f 64/505/28 587/504/28 588/506/28
f 65/507/28 588/506/28 589/508/28
f 66/509/28 589/508/28 590/510/28
f 67/511/28 590/510/28 591/512/28
f 68/513/28 591/512/28 592/514/28
f 69/515/28 592/514/28 593/516/28
f 70/517/28 593/516/28 594/518/28
f 71/519/28 594/518/28 595/520/28
f 72/521/28 595/520/28 596/522/28
f 73/523/28 596/522/28 597/524/28
f 74/525/28 597/524/28 598/526/28
f 75/527/28 598/526/28 599/528/28
f 76/529/28 599/528/28 600/530/28
f 77/531/28 600/530/28 601/532/28
f 78/533/28 601/532/28 602/534/28
f 79/535/28 602/534/28 603/536/28
f 81/538/28 80/537/28 603/536/28
f 82/540/28 81/538/28 604/539/28
f 83/542/28 82/540/28 605/541/28
f 84/544/28 83/542/28 606/543/28
f 85/546/28 84/544/28 607/545/28
f 86/548/28 85/546/28 608/547/28
f 87/550/28 86/548/28 609/549/28
f 88/552/28 87/550/28 610/551/28
f 89/554/28 88/552/28 611/553/28
f 90/556/28 89/554/28 612/555/28
f 91/558/28 90/556/28 613/557/28
f 92/560/28 91/558/28 614/559/28
f 61/562/28 92/560/28 615/561/28
s 19
f 617/385/102 472/386/102 169/225/102
s 46
f 172/227/138 475/226/137 622/564/138
s 21
f 176/566/112 477/636/112 628/567/112
s 18
f 174/568/93 173/649/93 629/569/93
s 19
f 620/570/102 194/650/103 193/571/103
s 23
f 192/265/46 485/264/46 636/197/46
s 22
f 190/263/15 189/651/15 639/573/15
s 15
f 188/212/93 499/211/93 642/574/93
s 24
f 186/210/112 185/652/112 647/575/112
s 26
f 184/293/103 501/295/103 652/576/103
s 25
f 182/577/137 181/653/137 655/578/137
s 27
f 178/579/46 177/654/46 657/580/46
s 47
f 180/207/15 515/209/15 662/581/15
s 20
f 620/582/106 619/655/173 624/583/173
s 17
f 630/585/115 629/656/97 628/388/97
f 632/586/104 631/657/116 626/232/116
s 14
f 640/587/122 639/658/92 636/253/92
f 638/588/113 637/659/123 634/256/123
s 7
f 641/403/129 648/660/129 647/589/72
f 646/590/133 645/661/130 644/273/130
s 16
f 656/591/141 655/662/95 652/405/95
f 649/289/135 654/663/135 653/592/140
s 28
f 661/593/153 658/664/153 657/594/152
f 663/596/149 660/665/149 659/597/154
s 20
f 171/565/174 622/564/175 617/599/175
s 23
f 633/237/46 488/257/46 216/262/46
s 46
f 622/602/138 475/226/137 476/229/137
f 621/604/137 476/229/137 473/228/137
f 624/583/137 473/228/137 474/412/138
f 623/606/138 474/412/138 196/413/137
s 24
f 646/607/112 209/666/112 210/608/112
s 20
f 622/602/175 621/603/176 618/609/176
f 619/611/173 618/667/176 621/604/176
s 47
f 662/595/15 515/209/15 516/304/15
f 661/612/15 516/304/15 513/303/15
f 664/598/15 513/303/15 514/192/15
f 663/613/15 514/192/15 204/191/15
s 48
g LlantasTraserasIzquierdas_02_SpacialRoverExploreralumGrayDeep
usemtl SpacialRoverExploreralumGrayDeep
f 164/668/172 235/669/52 163/670/52
s 6
f 192/153/65 217/671/52 228/672/155
f 227/673/169 192/153/65 228/672/155
f 188/156/67 227/673/169 226/674/40
f 186/158/70 226/674/40 225/675/158
f 184/159/69 225/675/158 224/676/159
f 182/164/74 224/676/159 223/677/29
f 180/165/73 223/677/29 222/678/170
f 221/679/162 180/165/73 222/678/170
f 220/680/41 178/167/76 221/679/162
f 174/170/78 220/680/41 219/681/171
f 172/171/77 219/681/171 218/682/178
f 169/152/66 218/683/178 217/671/52
s 49
f 157/684/27 218/685/27 158/686/27
f 158/686/27 219/687/27 159/688/27
f 159/688/27 220/689/27 160/690/27
f 161/691/27 220/689/27 221/692/27
f 161/691/27 222/693/27 162/694/27
f 163/695/27 222/693/27 223/696/27
f 163/695/27 224/697/27 164/698/27
f 165/699/27 224/697/27 225/700/27
f 165/699/27 226/701/27 166/702/27
f 166/702/27 227/703/27 167/704/27
f 167/704/27 228/705/27 168/706/27
f 157/684/27 228/705/27 217/707/27
s 50
f 232/708/27 236/709/27 240/710/27
s 48
f 161/711/179 232/712/40 160/713/40
f 168/714/170 239/715/162 167/716/162
f 158/717/159 229/718/29 157/719/29
f 165/720/171 236/721/178 164/668/172
f 161/711/179 234/722/155 233/723/179
f 157/719/29 240/724/170 168/714/170
f 159/725/158 230/726/180 158/727/159
f 166/728/41 237/729/171 165/720/171
f 163/670/52 234/722/155 162/730/155
f 160/713/40 231/731/158 159/725/158
f 167/716/162 238/732/41 166/728/41
s 51
f 530/733/52 542/734/172 531/735/52
f 529/736/172 543/141/171 542/614/172
f 532/737/171 544/738/41 543/141/171
f 533/739/41 545/740/162 544/738/41
f 545/740/162 535/741/170 546/742/170
f 535/741/170 547/743/29 546/742/170
f 536/744/29 548/745/159 547/743/29
f 537/746/159 549/747/158 548/745/159
f 538/748/158 550/749/40 549/747/158
f 539/750/40 551/751/169 550/749/40
s 52
f 540/752/28 536/753/28 532/737/28
s 51
f 540/754/169 552/755/155 551/751/169
f 541/756/155 531/735/52 552/755/155
s 48
f 164/668/172 236/721/178 235/669/52
s 6
f 192/153/65 169/152/66 217/671/52
f 227/673/169 190/155/68 192/153/65
f 188/156/67 190/155/68 227/673/169
f 186/158/70 188/156/67 226/674/40
f 184/159/69 186/158/70 225/675/158
f 182/164/74 184/159/69 224/676/159
f 180/165/73 182/164/74 223/677/29
f 221/679/162 178/167/76 180/165/73
f 220/680/41 176/168/75 178/167/76
f 174/170/78 176/168/75 220/680/41
f 172/171/77 174/170/78 219/681/171
f 169/152/66 172/757/77 218/683/178
s 49
f 157/684/27 217/707/27 218/685/27
f 158/686/27 218/685/27 219/687/27
f 159/688/27 219/687/27 220/689/27
f 161/691/27 160/690/27 220/689/27
f 161/691/27 221/692/27 222/693/27
f 163/695/27 162/694/27 222/693/27
f 163/695/27 223/696/27 224/697/27
f 165/699/27 164/698/27 224/697/27
f 165/699/27 225/700/27 226/701/27
f 166/702/27 226/701/27 227/703/27
f 167/704/27 227/703/27 228/705/27
f 157/684/27 168/706/27 228/705/27
s 50
f 240/710/27 229/758/27 230/759/27
f 230/759/27 231/760/27 232/708/27
f 232/708/27 233/761/27 234/762/27
f 234/762/27 235/763/27 236/709/27
f 236/709/27 237/764/27 238/765/27
f 238/765/27 239/766/27 240/710/27
f 240/710/27 230/759/27 232/708/27
f 232/708/27 234/762/27 236/709/27
f 236/709/27 238/765/27 240/710/27
s 48
f 161/711/179 233/723/179 232/712/40
f 168/714/170 240/724/170 239/715/162
f 158/717/159 230/767/180 229/718/29
f 165/720/171 237/729/171 236/721/178
f 161/711/179 162/730/155 234/722/155
f 157/719/29 229/718/29 240/724/170
f 159/725/158 231/731/158 230/726/180
f 166/728/41 238/732/41 237/729/171
f 163/670/52 235/669/52 234/722/155
f 160/713/40 232/712/40 231/731/158
f 167/716/162 239/715/162 238/732/41
s 51
f 530/733/52 529/768/172 542/734/172
f 529/736/172 532/737/171 543/141/171
f 532/737/171 533/739/41 544/738/41
f 533/739/41 534/769/162 545/740/162
f 545/740/162 534/769/162 535/741/170
f 535/741/170 536/744/29 547/743/29
f 536/744/29 537/746/159 548/745/159
f 537/746/159 538/748/158 549/747/158
f 538/748/158 539/750/40 550/749/40
f 539/750/40 540/754/169 551/751/169
s 52
f 532/737/28 529/736/28 530/770/28
f 530/770/28 541/771/28 540/752/28
f 540/752/28 539/772/28 538/773/28
f 538/773/28 537/774/28 536/753/28
f 536/753/28 535/775/28 534/776/28
f 534/776/28 533/777/28 532/737/28
f 532/737/28 530/770/28 540/752/28
f 540/752/28 538/773/28 536/753/28
f 536/753/28 534/776/28 532/737/28
s 51
f 540/754/169 541/756/155 552/755/155
f 541/756/155 530/733/52 531/735/52
s 45
g LlantasTraserasIzquierdas_02_SpacialRoverExplorerwheels
usemtl SpacialRoverExplorerwheels
f 616/778/28 124/779/181 94/780/182
f 615/781/28 123/782/183 124/779/181
f 614/783/28 122/784/184 123/782/183
f 613/785/28 121/786/185 122/784/184
f 612/787/28 120/788/186 121/786/185
f 611/789/28 119/790/186 120/788/186
f 610/791/28 118/792/187 119/790/186
f 609/793/28 117/794/188 118/792/187
f 608/795/28 116/796/189 117/794/188
f 607/797/28 115/798/189 116/796/189
f 606/799/28 114/800/190 115/798/189
f 605/801/28 113/802/190 114/800/190
f 604/803/28 112/804/191 113/805/190
f 602/806/28 112/804/191 603/807/28
f 601/808/28 111/809/191 602/806/28
f 600/810/28 110/811/192 601/808/28
f 599/812/28 109/813/192 600/810/28
f 598/814/28 108/815/193 599/812/28
f 597/816/28 107/817/193 598/814/28
f 596/818/28 106/819/194 597/816/28
f 595/820/28 105/821/195 596/818/28
f 594/822/28 104/823/196 595/820/28
f 593/824/28 103/825/196 594/822/28
f 592/826/28 102/827/197 593/824/28
f 591/828/28 101/829/198 592/826/28
f 590/830/28 100/831/199 591/828/28
f 589/832/28 99/833/200 590/830/28
f 588/834/28 98/835/201 589/832/28
f 587/836/28 97/837/201 588/838/28
f 587/836/28 95/839/202 96/840/202
f 586/841/28 93/842/182 95/839/202
f 585/843/28 94/780/182 93/842/182
s 44
f 554/844/27 147/845/203 553/846/27
f 555/847/27 135/848/204 134/849/205
f 557/850/27 148/851/203 554/844/27
f 556/852/27 136/853/206 135/848/204
f 559/854/27 149/855/207 557/850/27
f 558/856/27 137/857/208 136/853/206
f 561/858/27 150/859/209 559/854/27
f 560/860/27 138/861/208 137/857/208
f 563/862/27 151/863/210 561/858/27
f 562/864/27 139/865/211 138/861/208
f 566/866/27 125/867/212 565/868/27
f 567/869/27 152/870/213 563/862/27
f 564/871/27 140/872/211 139/865/211
f 569/873/27 126/874/214 566/866/27
f 570/875/27 153/876/215 567/869/27
f 571/877/27 140/872/211 568/878/27
f 572/879/27 127/880/216 569/873/27
f 573/881/27 154/882/217 570/875/27
f 574/883/27 141/884/218 571/877/27
f 575/885/27 128/886/216 572/879/27
f 576/887/27 155/888/219 573/881/27
f 577/889/27 142/890/220 574/883/27
f 575/891/27 130/892/221 129/893/221
f 565/868/27 156/894/219 576/887/27
f 579/895/27 143/896/222 577/889/27
f 578/897/27 131/898/223 130/892/221
f 581/899/27 144/900/222 579/895/27
f 580/901/27 132/902/223 131/898/223
f 583/903/27 145/904/224 581/905/27
f 582/906/27 133/907/205 132/902/223
f 553/846/27 146/908/225 583/903/27
f 584/909/27 134/849/205 133/907/205
s 53
f 242/910/226 151/863/227 244/911/228
s 54
f 246/912/229 155/888/230 248/913/231
s 55
f 248/913/232 440/914/233 247/915/234
s 56
f 252/916/235 153/876/236 250/917/237
s 57
f 299/918/238 342/919/239 466/920/240
s 55
f 247/915/234 341/921/241 123/782/242
s 45
f 114/800/190 351/922/243 352/923/244
s 58
f 298/924/245 465/925/246 433/926/245
s 44
f 155/888/219 403/927/247 404/928/247
s 59
f 266/929/248 145/930/249 260/931/250
s 60
f 262/932/251 147/845/252 256/933/253
s 61
f 258/934/254 149/855/255 254/935/256
s 62
f 246/912/257 439/936/258 407/937/257
s 58
f 297/938/246 370/939/259 465/925/246
s 63
f 140/872/260 268/940/261 274/941/262
s 64
f 142/890/263 264/942/264 270/943/265
s 62
f 245/944/266 344/945/267 439/936/258
s 45
f 116/796/189 349/946/268 350/947/268
s 65
f 136/853/269 276/948/270 282/949/271
s 66
f 138/861/272 272/950/273 278/951/274
s 67
f 296/952/275 464/953/276 295/954/277
s 44
f 153/876/215 401/955/278 402/956/279
s 68
f 244/911/280 438/957/281 243/958/282
s 67
f 295/954/277 369/959/283 95/839/283
s 69
f 128/886/284 292/960/285 298/924/286
s 70
f 130/892/287 288/961/288 294/962/289
s 71
f 132/902/290 284/963/291 290/964/292
s 72
f 134/849/293 280/965/294 286/966/295
s 73
f 300/967/296 125/867/297 302/968/298
s 68
f 243/958/282 345/969/299 119/790/300
s 74
f 304/970/301 127/880/302 296/952/303
s 45
f 118/792/187 347/971/304 348/972/304
s 75
f 294/962/305 463/973/306 431/974/305
s 44
f 151/863/210 399/975/307 400/976/307
s 74
f 93/842/308 295/954/309 95/839/308
f 303/977/310 296/952/303 295/954/309
s 76
f 242/910/311 437/978/312 405/979/311
s 75
f 293/980/313 368/981/314 463/973/306
s 73
f 124/779/315 301/982/316 94/780/315
f 299/918/317 302/968/298 301/982/316
s 72
f 285/983/318 103/825/319 102/827/319
f 286/966/295 279/984/320 285/983/318
s 71
f 289/985/321 101/829/322 100/831/322
f 290/964/292 283/986/323 289/985/321
s 70
f 293/980/324 99/833/325 98/835/325
f 294/962/289 287/987/326 293/980/324
s 69
f 297/938/327 97/837/328 96/840/328
f 298/924/286 291/988/329 297/938/327
s 76
f 241/989/330 348/972/331 437/978/312
s 45
f 120/788/186 345/969/332 346/990/332
s 77
f 292/991/333 462/992/334 291/993/335
s 44
f 149/855/207 397/994/336 398/995/336
s 78
f 304/970/337 373/996/338 126/874/339
s 77
f 291/993/335 367/997/340 97/998/341
s 79
f 302/968/342 374/999/343 435/1000/342
s 45
f 122/784/184 343/1001/344 344/945/344
s 66
f 277/1002/345 107/817/346 106/819/347
f 278/951/274 271/1003/348 277/1002/345
s 65
f 281/1004/349 105/821/350 104/823/350
f 282/949/271 275/1005/351 281/1004/349
s 80
f 290/964/352 461/1006/353 429/1007/354
s 44
f 147/845/203 395/1008/355 396/1009/355
s 57
f 300/967/356 403/927/357 156/894/358
s 80
f 289/985/359 366/1010/360 461/1006/353
s 64
f 269/1011/361 111/809/362 110/811/362
f 270/943/265 263/1012/363 269/1011/361
s 63
f 273/1013/364 109/813/365 108/815/365
f 274/941/262 267/1014/366 273/1013/364
s 58
f 298/924/245 375/1015/367 128/886/367
s 45
f 124/779/181 341/921/368 342/919/368
s 81
f 288/961/369 460/1016/370 287/987/371
s 44
f 145/904/224 393/1017/372 394/1018/372
s 61
f 116/796/373 253/1019/374 117/794/373
f 257/1020/375 254/935/256 253/1019/374
s 60
f 114/800/376 255/1021/377 115/798/376
f 261/1022/378 256/933/253 255/1021/377
s 59
f 112/804/379 259/1023/380 113/805/379
f 265/1024/381 260/931/250 259/1023/380
s 67
f 296/952/275 376/1025/382 432/1026/275
s 81
f 287/987/371 365/1027/383 99/833/384
s 75
f 294/962/305 377/1028/385 130/892/386
s 82
f 286/966/387 459/1029/388 427/1030/387
s 44
f 143/896/222 391/1031/389 392/1032/389
s 77
f 292/991/333 378/1033/390 430/1034/333
s 82
f 285/983/391 364/1035/392 459/1029/388
s 80
f 290/964/352 379/1036/393 132/902/394
s 83
f 284/963/395 458/1037/396 283/986/397
s 44
f 142/890/220 390/1038/398 141/884/218
s 56
f 120/788/399 249/1039/400 121/786/399
f 251/1040/401 250/917/237 249/1039/400
s 81
f 288/961/369 380/1041/402 428/1042/369
s 83
f 283/986/397 363/1043/403 101/829/404
s 54
f 122/784/405 247/915/406 123/782/405
f 245/944/407 248/913/231 247/915/406
s 53
f 118/792/408 243/958/409 119/790/408
f 241/989/410 244/911/228 243/958/409
s 84
f 409/1044/411 401/955/412 407/937/413
s 85
f 406/1045/414 399/975/415 410/1046/416
s 86
f 411/1047/417 397/994/418 405/979/419
s 87
f 412/1048/420 395/1008/421 413/1049/422
s 88
f 414/1050/423 393/1017/424 415/1051/425
s 89
f 416/1052/426 391/1031/427 417/1053/426
s 90
f 390/1038/428 419/1054/429 418/1055/430
s 91
f 388/1056/431 421/1057/432 420/1058/433
s 92
f 386/1059/434 423/1060/435 422/1061/436
s 93
f 384/1062/437 425/1063/438 424/1064/439
s 94
f 382/1065/440 427/1030/441 426/1066/442
s 95
f 380/1041/443 429/1007/444 428/1042/445
s 96
f 378/1033/446 431/974/447 430/1034/448
s 97
f 376/1025/449 433/926/450 432/1026/450
s 98
f 435/1000/451 373/996/452 436/1067/453
s 99
f 408/1068/454 403/927/455 434/1069/456
f 341/921/457 466/920/458 342/919/457
f 440/914/459 434/1069/456 466/920/458
s 98
f 371/1070/460 468/1071/461 372/1072/460
f 467/1073/462 436/1067/453 468/1071/461
s 97
f 464/953/463 370/939/464 369/959/464
f 432/1026/450 465/925/463 464/953/463
s 96
f 462/992/465 368/981/466 367/997/466
f 430/1034/448 463/973/467 462/992/465
s 95
f 460/1016/468 366/1010/469 365/1027/469
f 428/1042/445 461/1006/470 460/1016/468
s 94
f 458/1037/471 364/1035/472 363/1043/472
f 426/1066/442 459/1029/473 458/1037/471
s 93
f 456/1074/474 362/1075/475 361/1076/476
f 424/1064/439 457/1077/477 456/1074/474
s 92
f 454/1078/478 360/1079/479 359/1080/479
f 422/1061/436 455/1081/480 454/1078/478
s 91
f 452/1082/481 358/1083/482 357/1084/482
f 420/1058/433 453/1085/483 452/1082/481
s 90
f 450/1086/484 356/1087/485 355/1088/485
f 418/1055/430 451/1089/486 450/1086/484
s 89
f 353/1090/487 449/1091/488 354/1092/487
f 416/1052/426 449/1091/488 448/1093/488
s 88
f 351/922/489 447/1094/490 352/923/489
f 446/1095/491 415/1051/425 447/1094/490
s 87
f 349/946/492 445/1096/493 350/947/494
f 444/1097/495 413/1049/422 445/1096/493
s 86
f 347/971/496 437/978/497 348/972/496
f 443/1098/498 405/979/419 437/978/497
s 85
f 345/969/499 442/1099/500 346/990/499
f 438/957/501 410/1046/416 442/1099/500
s 84
f 343/1001/502 439/936/503 344/945/502
f 441/1100/504 407/937/413 439/936/503
s 57
f 300/967/356 466/920/240 434/1069/356
s 45
f 111/809/191 354/1092/505 112/804/191
s 100
f 249/1039/506 343/1001/507 121/786/508
s 79
f 301/982/509 371/1070/510 94/780/511
s 100
f 250/917/512 441/1100/513 249/1039/506
s 79
f 302/968/342 467/1073/514 301/982/509
s 45
f 109/813/192 356/1087/515 110/811/192
s 101
f 251/1040/516 346/990/517 442/1099/518
s 78
f 303/977/519 372/1072/520 468/1071/521
s 101
f 252/916/522 442/1099/518 410/1046/522
s 78
f 304/970/337 468/1071/521 436/1067/337
s 45
f 107/817/193 358/1083/523 108/815/193
s 102
f 253/1019/524 347/971/525 117/794/526
f 254/935/527 443/1098/528 253/1019/524
s 45
f 105/821/195 360/1079/529 106/819/194
s 103
f 255/1021/530 349/946/531 115/798/532
f 256/933/533 444/1097/534 255/1021/530
s 45
f 103/825/196 362/1075/535 104/823/196
s 104
f 257/1020/536 350/947/537 445/1096/538
f 258/934/539 445/1096/538 413/1049/539
s 45
f 101/829/198 364/1035/540 102/827/197
s 105
f 259/1101/541 351/922/542 113/802/542
f 260/1102/543 446/1095/541 259/1101/541
s 76
f 242/910/311 397/994/544 150/859/545
s 45
f 99/833/200 366/1010/546 100/831/199
s 106
f 261/1022/547 352/923/548 447/1094/549
s 68
f 244/911/280 400/976/550 406/1045/280
s 106
f 262/932/551 447/1094/549 415/1051/551
s 62
f 246/912/257 401/955/552 154/882/553
s 45
f 97/998/201 368/981/554 98/835/201
s 107
f 263/1012/555 353/1090/556 111/809/556
s 55
f 248/913/232 404/928/557 408/1068/558
s 107
f 264/942/559 448/1093/555 263/1012/555
s 100
f 250/917/512 402/956/560 409/1044/561
s 45
f 96/840/202 369/959/562 370/939/562
s 108
f 265/1024/563 354/1092/564 449/1091/565
s 101
f 252/916/522 399/975/566 152/870/567
s 108
f 266/929/568 449/1091/565 417/1053/568
s 102
f 254/935/527 398/995/569 411/1047/527
s 45
f 93/842/182 371/1070/570 372/1072/570
s 109
f 267/1014/571 355/1088/572 109/813/573
s 103
f 256/933/533 396/1009/574 412/1048/533
s 44
f 125/867/212 373/996/575 374/999/575
s 109
f 268/940/576 450/1086/577 267/1014/571
s 104
f 258/934/539 395/1008/578 148/851/579
s 110
f 269/1011/580 356/1087/581 451/1089/582
s 105
f 260/1102/543 394/1018/583 414/1050/584
s 44
f 128/886/216 376/1025/585 127/880/216
s 110
f 270/943/586 451/1089/582 419/1054/587
s 106
f 262/932/551 393/1017/588 146/908/589
s 111
f 271/1003/590 357/1084/591 107/817/592
s 107
f 264/942/559 392/1032/593 416/1052/559
s 44
f 130/892/221 378/1033/594 129/893/221
s 111
f 272/950/595 452/1082/596 271/1003/590
s 108
f 266/929/568 391/1031/597 144/900/598
s 112
f 273/1013/599 358/1083/600 453/1085/601
s 109
f 268/940/576 390/1038/602 418/1055/576
s 44
f 132/902/223 380/1041/603 131/898/223
s 112
f 274/941/604 453/1085/601 421/1057/604
s 110
f 270/943/586 389/1103/605 142/890/606
s 113
f 275/1005/607 359/1080/608 105/821/609
s 111
f 272/950/595 388/1056/610 420/1058/595
s 44
f 134/849/205 382/1065/611 133/907/205
s 113
f 276/948/612 454/1078/613 275/1005/607
s 112
f 274/941/604 387/1104/614 140/872/615
s 114
f 277/1002/616 360/1079/617 455/1081/618
s 113
f 276/948/612 386/1059/619 422/1061/612
s 44
f 136/853/206 384/1062/620 135/848/204
s 114
f 278/951/621 455/1081/618 423/1060/622
f 278/951/621 385/1105/623 138/861/624
s 115
f 279/984/625 361/1076/626 103/825/627
f 280/965/628 384/1062/629 424/1064/628
s 44
f 138/861/208 386/1059/630 137/857/208
s 115
f 280/965/628 456/1074/631 279/984/625
s 116
f 282/949/632 383/1106/633 136/853/634
f 281/1004/635 362/1075/636 457/1077/637
s 83
f 284/963/395 382/1065/638 426/1066/395
s 44
f 140/872/211 388/1056/639 139/865/211
s 116
f 282/949/632 457/1077/637 425/1063/640
s 82
f 286/966/387 381/1107/641 134/849/642
s 45
f 616/778/28 615/781/28 124/779/181
f 615/781/28 614/783/28 123/782/183
f 614/783/28 613/785/28 122/784/184
f 613/785/28 612/787/28 121/786/185
f 612/787/28 611/789/28 120/788/186
f 611/789/28 610/791/28 119/790/186
f 610/791/28 609/793/28 118/792/187
f 609/793/28 608/795/28 117/794/188
f 608/795/28 607/797/28 116/796/189
f 607/797/28 606/799/28 115/798/189
f 606/799/28 605/801/28 114/800/190
f 605/801/28 604/1108/28 113/802/190
f 604/803/28 603/807/28 112/804/191
f 602/806/28 111/809/191 112/804/191
f 601/808/28 110/811/192 111/809/191
f 600/810/28 109/813/192 110/811/192
f 599/812/28 108/815/193 109/813/192
f 598/814/28 107/817/193 108/815/193
f 597/816/28 106/819/194 107/817/193
f 596/818/28 105/821/195 106/819/194
f 595/820/28 104/823/196 105/821/195
f 594/822/28 103/825/196 104/823/196
f 593/824/28 102/827/197 103/825/196
f 592/826/28 101/829/198 102/827/197
f 591/828/28 100/831/199 101/829/198
f 590/830/28 99/833/200 100/831/199
f 589/832/28 98/835/201 99/833/200
f 588/834/28 97/998/201 98/835/201
f 587/836/28 96/840/202 97/837/201
f 587/836/28 586/841/28 95/839/202
f 586/841/28 585/843/28 93/842/182
f 585/843/28 616/778/28 94/780/182
s 44
f 554/844/27 148/851/203 147/845/203
f 555/847/27 556/852/27 135/848/204
f 557/850/27 149/855/207 148/851/203
f 556/852/27 558/856/27 136/853/206
f 559/854/27 150/859/209 149/855/207
f 558/856/27 560/860/27 137/857/208
f 561/858/27 151/863/210 150/859/209
f 560/860/27 562/864/27 138/861/208
f 563/862/27 152/870/213 151/863/210
f 562/864/27 564/871/27 139/865/211
f 566/866/27 126/874/214 125/867/212
f 567/869/27 153/876/215 152/870/213
f 564/871/27 568/878/27 140/872/211
f 569/873/27 127/880/216 126/874/214
f 570/875/27 154/882/217 153/876/215
f 571/877/27 141/884/218 140/872/211
f 572/879/27 128/886/216 127/880/216
f 573/881/27 155/888/219 154/882/217
f 574/883/27 142/890/220 141/884/218
f 575/885/27 129/1109/221 128/886/216
f 576/887/27 156/894/219 155/888/219
f 577/889/27 143/896/222 142/890/220
f 575/891/27 578/897/27 130/892/221
f 565/868/27 125/867/212 156/894/219
f 579/895/27 144/900/222 143/896/222
f 578/897/27 580/901/27 131/898/223
f 581/899/27 145/930/224 144/900/222
f 580/901/27 582/906/27 132/902/223
f 583/903/27 146/908/225 145/904/224
f 582/906/27 584/909/27 133/907/205
f 553/846/27 147/845/203 146/908/225
f 584/909/27 555/847/27 134/849/205
s 53
f 242/910/226 150/859/227 151/863/227
s 54
f 246/912/229 154/882/230 155/888/230
s 55
f 248/913/232 408/1068/558 440/914/233
s 56
f 252/916/235 152/870/236 153/876/236
s 57
f 299/918/238 124/779/643 342/919/239
s 55
f 247/915/234 440/914/233 341/921/241
s 45
f 114/800/190 113/802/190 351/922/243
s 58
f 298/924/245 297/938/246 465/925/246
s 44
f 155/888/219 156/894/219 403/927/247
s 59
f 266/929/248 144/900/249 145/930/249
s 60
f 262/932/251 146/908/252 147/845/252
s 61
f 258/934/254 148/851/255 149/855/255
s 62
f 246/912/257 245/944/266 439/936/258
s 58
f 297/938/246 96/840/259 370/939/259
s 63
f 140/872/260 141/884/260 268/940/261
s 64
f 142/890/263 143/896/263 264/942/264
s 62
f 245/944/266 122/784/644 344/945/267
s 45
f 116/796/189 115/798/189 349/946/268
s 65
f 136/853/269 137/857/269 276/948/270
s 66
f 138/861/272 139/865/272 272/950/273
s 67
f 296/952/275 432/1026/275 464/953/276
s 44
f 153/876/215 154/882/217 401/955/278
s 68
f 244/911/280 406/1045/280 438/957/281
s 67
f 295/954/277 464/953/276 369/959/283
s 69
f 128/886/284 129/1109/284 292/960/285
s 70
f 130/892/287 131/898/287 288/961/288
s 71
f 132/902/290 133/907/290 284/963/291
s 72
f 134/849/293 135/848/293 280/965/294
s 73
f 300/967/296 156/894/297 125/867/297
s 68
f 243/958/282 438/957/281 345/969/299
s 74
f 304/970/301 126/874/302 127/880/302
s 45
f 118/792/187 117/794/188 347/971/304
s 75
f 294/962/305 293/980/313 463/973/306
s 44
f 151/863/210 152/870/213 399/975/307
s 74
f 93/842/308 303/977/310 295/954/309
f 303/977/310 304/970/301 296/952/303
s 76
f 242/910/311 241/989/330 437/978/312
s 75
f 293/980/313 98/835/645 368/981/314
s 73
f 124/779/315 299/918/317 301/982/316
f 299/918/317 300/967/296 302/968/298
s 72
f 285/983/318 279/984/320 103/825/319
f 286/966/295 280/965/294 279/984/320
s 71
f 289/985/321 283/986/323 101/829/322
f 290/964/292 284/963/291 283/986/323
s 70
f 293/980/324 287/987/326 99/833/325
f 294/962/289 288/961/288 287/987/326
s 69
f 297/938/327 291/988/329 97/837/328
f 298/924/286 292/960/285 291/988/329
s 76
f 241/989/330 118/792/646 348/972/331
s 45
f 120/788/186 119/790/186 345/969/332
s 77
f 292/991/333 430/1034/333 462/992/334
s 44
f 149/855/207 150/859/209 397/994/336
s 78
f 304/970/337 436/1067/337 373/996/338
s 77
f 291/993/335 462/992/334 367/997/340
s 79
f 302/968/342 125/867/647 374/999/343
s 45
f 122/784/184 121/786/185 343/1001/344
s 66
f 277/1002/345 271/1003/348 107/817/346
f 278/951/274 272/950/273 271/1003/348
s 65
f 281/1004/349 275/1005/351 105/821/350
f 282/949/271 276/948/270 275/1005/351
s 80
f 290/964/352 289/985/359 461/1006/353
s 44
f 147/845/203 148/851/203 395/1008/355
s 57
f 300/967/356 434/1069/356 403/927/357
s 80
f 289/985/359 100/831/648 366/1010/360
s 64
f 269/1011/361 263/1012/363 111/809/362
f 270/943/265 264/942/264 263/1012/363
s 63
f 273/1013/364 267/1014/366 109/813/365
f 274/941/262 268/940/261 267/1014/366
s 58
f 298/924/245 433/926/245 375/1015/367
s 45
f 124/779/181 123/782/183 341/921/368
s 81
f 288/961/369 428/1042/369 460/1016/370
s 44
f 145/904/224 146/908/225 393/1017/372
s 61
f 116/796/373 257/1020/375 253/1019/374
f 257/1020/375 258/934/254 254/935/256
s 60
f 114/800/376 261/1022/378 255/1021/377
f 261/1022/378 262/932/251 256/933/253
s 59
f 112/804/379 265/1024/381 259/1023/380
f 265/1024/381 266/929/248 260/931/250
s 67
f 296/952/275 127/880/382 376/1025/382
s 81
f 287/987/371 460/1016/370 365/1027/383
s 75
f 294/962/305 431/974/305 377/1028/385
s 82
f 286/966/387 285/983/391 459/1029/388
s 44
f 143/896/222 144/900/222 391/1031/389
s 77
f 292/991/333 129/893/390 378/1033/390
s 82
f 285/983/391 102/827/649 364/1035/392
s 80
f 290/964/352 429/1007/354 379/1036/393
s 83
f 284/963/395 426/1066/395 458/1037/396
s 44
f 142/890/220 389/1103/398 390/1038/398
s 56
f 120/788/399 251/1040/401 249/1039/400
f 251/1040/401 252/916/235 250/917/237
s 81
f 288/961/369 131/898/650 380/1041/402
s 83
f 283/986/397 458/1037/396 363/1043/403
s 54
f 122/784/405 245/944/407 247/915/406
f 245/944/407 246/912/229 248/913/231
s 53
f 118/792/408 241/989/410 243/958/409
f 241/989/410 242/910/226 244/911/228
s 84
f 409/1044/411 402/956/412 401/955/412
s 85
f 406/1045/414 400/976/415 399/975/415
s 86
f 411/1047/417 398/995/418 397/994/418
s 87
f 412/1048/420 396/1009/421 395/1008/421
s 88
f 414/1050/423 394/1018/424 393/1017/424
s 89
f 416/1052/426 392/1032/427 391/1031/427
s 90
f 390/1038/428 389/1103/428 419/1054/429
s 91
f 388/1056/431 387/1104/431 421/1057/432
s 92
f 386/1059/434 385/1105/434 423/1060/435
s 93
f 384/1062/437 383/1106/437 425/1063/438
s 94
f 382/1065/440 381/1107/440 427/1030/441
s 95
f 380/1041/443 379/1036/443 429/1007/444
s 96
f 378/1033/446 377/1028/446 431/974/447
s 97
f 376/1025/449 375/1015/449 433/926/450
s 98
f 435/1000/451 374/999/452 373/996/452
s 99
f 408/1068/454 404/928/455 403/927/455
f 341/921/457 440/914/459 466/920/458
f 440/914/459 408/1068/454 434/1069/456
s 98
f 371/1070/460 467/1073/462 468/1071/461
f 467/1073/462 435/1000/451 436/1067/453
s 97
f 464/953/463 465/925/463 370/939/464
f 432/1026/450 433/926/450 465/925/463
s 96
f 462/992/465 463/973/467 368/981/466
f 430/1034/448 431/974/447 463/973/467
s 95
f 460/1016/468 461/1006/470 366/1010/469
f 428/1042/445 429/1007/444 461/1006/470
s 94
f 458/1037/471 459/1029/473 364/1035/472
f 426/1066/442 427/1030/441 459/1029/473
s 93
f 456/1074/474 457/1077/477 362/1075/475
f 424/1064/439 425/1063/438 457/1077/477
s 92
f 454/1078/478 455/1081/480 360/1079/479
f 422/1061/436 423/1060/435 455/1081/480
s 91
f 452/1082/481 453/1085/483 358/1083/482
f 420/1058/433 421/1057/432 453/1085/483
s 90
f 450/1086/484 451/1089/486 356/1087/485
f 418/1055/430 419/1054/429 451/1089/486
s 89
f 353/1090/487 448/1093/488 449/1091/488
f 416/1052/426 417/1053/426 449/1091/488
s 88
f 351/922/489 446/1095/491 447/1094/490
f 446/1095/491 414/1050/423 415/1051/425
s 87
f 349/946/492 444/1097/495 445/1096/493
f 444/1097/495 412/1048/420 413/1049/422
s 86
f 347/971/496 443/1098/498 437/978/497
f 443/1098/498 411/1047/417 405/979/419
s 85
f 345/969/499 438/957/501 442/1099/500
f 438/957/501 406/1045/414 410/1046/416
s 84
f 343/1001/502 441/1100/504 439/936/503
f 441/1100/504 409/1044/411 407/937/413
s 57
f 300/967/356 299/918/238 466/920/240
s 45
f 111/809/191 353/1090/505 354/1092/505
s 100
f 249/1039/506 441/1100/513 343/1001/507
s 79
f 301/982/509 467/1073/514 371/1070/510
s 100
f 250/917/512 409/1044/561 441/1100/513
s 79
f 302/968/342 435/1000/342 467/1073/514
s 45
f 109/813/192 355/1088/515 356/1087/515
s 101
f 251/1040/516 120/788/651 346/990/517
s 78
f 303/977/519 93/842/652 372/1072/520
s 101
f 252/916/522 251/1040/516 442/1099/518
s 78
f 304/970/337 303/977/519 468/1071/521
s 45
f 107/817/193 357/1084/523 358/1083/523
s 102
f 253/1019/524 443/1098/528 347/971/525
f 254/935/527 411/1047/527 443/1098/528
s 45
f 105/821/195 359/1080/529 360/1079/529
s 103
f 255/1021/530 444/1097/534 349/946/531
f 256/933/533 412/1048/533 444/1097/534
s 45
f 103/825/196 361/1076/535 362/1075/535
s 104
f 257/1020/536 116/796/653 350/947/537
f 258/934/539 257/1020/536 445/1096/538
s 45
f 101/829/198 363/1043/540 364/1035/540
s 105
f 259/1101/541 446/1095/541 351/922/542
f 260/1102/543 414/1050/584 446/1095/541
s 76
f 242/910/311 405/979/311 397/994/544
s 45
f 99/833/200 365/1027/546 366/1010/546
s 106
f 261/1022/547 114/800/654 352/923/548
s 68
f 244/911/280 151/863/655 400/976/550
s 106
f 262/932/551 261/1022/547 447/1094/549
s 62
f 246/912/257 407/937/257 401/955/552
s 45
f 97/998/201 367/997/554 368/981/554
s 107
f 263/1012/555 448/1093/555 353/1090/556
s 55
f 248/913/232 155/888/656 404/928/557
s 107
f 264/942/559 416/1052/559 448/1093/555
s 100
f 250/917/512 153/876/657 402/956/560
s 45
f 96/840/202 95/839/202 369/959/562
s 108
f 265/1024/563 112/804/564 354/1092/564
s 101
f 252/916/522 410/1046/522 399/975/566
s 108
f 266/929/568 265/1024/563 449/1091/565
s 102
f 254/935/527 149/855/658 398/995/569
s 45
f 93/842/182 94/780/182 371/1070/570
s 109
f 267/1014/571 450/1086/577 355/1088/572
s 103
f 256/933/533 147/845/659 396/1009/574
s 44
f 125/867/212 126/874/214 373/996/575
s 109
f 268/940/576 418/1055/576 450/1086/577
s 104
f 258/934/539 413/1049/539 395/1008/578
s 110
f 269/1011/580 110/811/660 356/1087/581
s 105
f 260/1102/543 145/904/661 394/1018/583
s 44
f 128/886/216 375/1015/585 376/1025/585
s 110
f 270/943/586 269/1011/580 451/1089/582
s 106
f 262/932/551 415/1051/551 393/1017/588
s 111
f 271/1003/590 452/1082/596 357/1084/591
s 107
f 264/942/559 143/896/593 392/1032/593
s 44
f 130/892/221 377/1028/594 378/1033/594
s 111
f 272/950/595 420/1058/595 452/1082/596
s 108
f 266/929/568 417/1053/568 391/1031/597
s 112
f 273/1013/599 108/815/662 358/1083/600
s 109
f 268/940/576 141/884/663 390/1038/602
s 44
f 132/902/223 379/1036/603 380/1041/603
s 112
f 274/941/604 273/1013/599 453/1085/601
s 110
f 270/943/586 419/1054/587 389/1103/605
s 113
f 275/1005/607 454/1078/613 359/1080/608
s 111
f 272/950/595 139/865/664 388/1056/610
s 44
f 134/849/205 381/1107/611 382/1065/611
s 113
f 276/948/612 422/1061/612 454/1078/613
s 112
f 274/941/604 421/1057/604 387/1104/614
s 114
f 277/1002/616 106/819/665 360/1079/617
s 113
f 276/948/612 137/857/666 386/1059/619
s 44
f 136/853/206 383/1106/620 384/1062/620
s 114
f 278/951/621 277/1002/616 455/1081/618
f 278/951/621 423/1060/622 385/1105/623
s 115
f 279/984/625 456/1074/631 361/1076/626
f 280/965/628 135/848/667 384/1062/629
s 44
f 138/861/208 385/1105/630 386/1059/630
s 115
f 280/965/628 424/1064/628 456/1074/631
s 116
f 282/949/632 425/1063/640 383/1106/633
f 281/1004/635 104/823/668 362/1075/636
s 83
f 284/963/395 133/907/669 382/1065/638
s 44
f 140/872/211 387/1104/639 388/1056/639
s 116
f 282/949/632 281/1004/635 457/1077/637
s 82
f 286/966/387 427/1030/387 381/1107/641
